日期,代码,名称,条件,释放,PSQ,TSQ,RSQ,BSA,RPT,MZS,现价,涨幅(%),成交量,换手(%),止损,挤压,判断,FVG,AVWAP,BIAS,STO,分数,红色,动能,趋势,放量,RSI,EMA,参数,行业,总市值(亿),流通市值(亿),FC1,FC2,FC3,FC4,FC5,FC6,FC7,FC8,FC9,FC10,FC11,FC12,FC13,FC14,FC15,FC16,FC17,FC18,FC19,FC20,FC21,FC22,FC23,FC24,FC25,FC26,FC27,FC28,FC29,FC30
2024-09-26,000009,中国宝安,fit,压力释放,11.01-10.95-8.52-8.02,低-低-低,0.54%-22.19%-5.87%,13,13.44,1.85,8.2,4.06,275491.0,1.0,7.56,10,📉ema📈res📉adx🗒️rsi,bull | 0.64% | 回补,,,100.0 | 82.38 | 1.21 | no,n 62｜s 00｜d 1.42%,5,红亮[-0.03]-红暗[-0.02]-红亮[-0.03]-红亮[-0.05]-红暗[-0.01]-绿亮[+0.06],低-低-低-低-低-高,否,63.35,9.91,"{""sqz"": {""bb_length"": 20, ""bb_mult"": 1.8, ""kc_length"": 20, ""kc_mult"": 1.5, ""use_true_range"": true, ""min_sqz_bars"": 5}, ""ema"": {""ema_length"": 200}, ""rsi"": {""rsi_length"": 14, ""rsi_ma_length"": 14, ""rsi_smooth"": ""SMA""}, ""sto"": {""stoch_length"": 14, ""smooth_k"": 3, ""smooth_d"": 3}, ""adx"": {""adx_length"": 14, ""adx_threshold"": 25}, ""r&s"": {""srb_left"": 10, ""srb_right"": 10}, ""atr"": {""atr_length"": 14, ""atr_mult"": 1.0, ""atr_smooth"": ""RMA""}, ""mcd"": {""fast_length"": 12, ""slow_length"": 26, ""signal_length"": 9}}",综合Ⅱ,234.71,234.42,6.22,16.83,25.85,16.95,14.63,7.68,9.15,6.59,5.12,2.8,7.2,6.59,7.8,9.88,7.56,18.41,23.05,16.59,21.95,32.07,24.39,23.29,25.61,28.78,28.66,27.44,31.71,28.41,27.2,23.05
2024-09-26,000026,飞亚达,fit,压力释放,10.28-8.92-8.71-8.97,低-低-高,13.23%-2.35%-2.99%,17,9.66,1.92,9.0,2.39,45494.0,1.0,8.56,32,📉ema📈res📉adx📈rsi,bull | 0.23% | 未补,,,100.0 | 88.42 | 1.13 | no,n 90｜s 00｜d 0.83%,5,红亮[-0.04]-红暗[-0.03]-红亮[-0.04]-红亮[-0.04]-红暗[-0.01]-绿亮[+0.02],低-低-低-低-低-低,否,70.56,9.16,"{""sqz"": {""bb_length"": 20, ""bb_mult"": 1.8, ""kc_length"": 20, ""kc_mult"": 1.5, ""use_true_range"": true, ""min_sqz_bars"": 5}, ""ema"": {""ema_length"": 200}, ""rsi"": {""rsi_length"": 14, ""rsi_ma_length"": 14, ""rsi_smooth"": ""SMA""}, ""sto"": {""stoch_length"": 14, ""smooth_k"": 3, ""smooth_d"": 3}, ""adx"": {""adx_length"": 14, ""adx_threshold"": 25}, ""r&s"": {""srb_left"": 10, ""srb_right"": 10}, ""atr"": {""atr_length"": 14, ""atr_mult"": 1.0, ""atr_smooth"": ""RMA""}, ""mcd"": {""fast_length"": 12, ""slow_length"": 26, ""signal_length"": 9}}",饰品,58.19,52.28,3.67,11.44,17.22,6.22,7.33,3.44,4.89,2.56,2.78,1.44,4.56,4.22,8.44,6.56,8.78,11.67,13.0,10.44,10.33,15.89,11.22,13.11,15.44,15.0,16.44,15.22,15.33,13.44,14.44,11.44
2024-09-26,000088,盐 田 港,fit,压力释放,4.73-4.42-4.47-4.31,低-高-低,6.55%-1.13%-3.58%,12,7.48,3.31,4.42,2.79,116306.0,1.0,4.18,6,📈ema📈res📉adx📈rsi,no | no | 未补,,,100.0 | 98.94 | 1.01 | no,n 68｜s 20｜d 0.40%,4,红暗[-0.08]-红暗[-0.07]-红暗[-0.05]-红暗[-0.03]-绿亮[+0.01]-绿亮[+0.05],低-低-低-低-低-高,否,71.1,4.39,"{""sqz"": {""bb_length"": 20, ""bb_mult"": 1.8, ""kc_length"": 20, ""kc_mult"": 1.5, ""use_true_range"": true, ""min_sqz_bars"": 5}, ""ema"": {""ema_length"": 200}, ""rsi"": {""rsi_length"": 14, ""rsi_ma_length"": 14, ""rsi_smooth"": ""SMA""}, ""sto"": {""stoch_length"": 14, ""smooth_k"": 3, ""smooth_d"": 3}, ""adx"": {""adx_length"": 14, ""adx_threshold"": 25}, ""r&s"": {""srb_left"": 10, ""srb_right"": 10}, ""atr"": {""atr_length"": 14, ""atr_mult"": 1.0, ""atr_smooth"": ""RMA""}, ""mcd"": {""fast_length"": 12, ""slow_length"": 26, ""signal_length"": 9}}",航运港口,238.14,144.86,1.81,10.63,14.48,5.43,7.47,6.33,6.56,4.07,5.2,2.71,4.75,2.94,4.3,5.2,4.75,7.01,8.82,6.33,6.56,7.01,5.66,7.24,9.5,8.37,10.63,10.18,10.18,9.95,9.73,7.47
2024-09-26,000157,中联重科,fit,一直释放,5.93-7.77-8.91-6.48,高-高-低,31.03%-14.67%-27.27%,25,19.56,2.72,6.53,5.15,726261.0,1.0,5.96,14,📉ema📈res📈adx🗒️rsi,bull | 1.15% | 回补,,,100.0 | 98.68 | 1.01 | no,n 23｜s 00｜d 5.20%,6,红暗[-0.46]-红暗[-0.40]-红暗[-0.37]-红暗[-0.31]-红暗[-0.19]-红暗[-0.07],低-低-低-低-低-低,否,67.43,6.83,"{""sqz"": {""bb_length"": 20, ""bb_mult"": 1.8, ""kc_length"": 20, ""kc_mult"": 1.5, ""use_true_range"": true, ""min_sqz_bars"": 5}, ""ema"": {""ema_length"": 200}, ""rsi"": {""rsi_length"": 14, ""rsi_ma_length"": 14, ""rsi_smooth"": ""SMA""}, ""sto"": {""stoch_length"": 14, ""smooth_k"": 3, ""smooth_d"": 3}, ""adx"": {""adx_length"": 14, ""adx_threshold"": 25}, ""r&s"": {""srb_left"": 10, ""srb_right"": 10}, ""atr"": {""atr_length"": 14, ""atr_mult"": 1.0, ""atr_smooth"": ""RMA""}, ""mcd"": {""fast_length"": 12, ""slow_length"": 26, ""signal_length"": 9}}",工程机械,735.13,600.99,4.59,11.49,12.71,0.92,4.59,1.53,4.13,0.92,-0.15,-1.68,1.53,0.15,0.31,1.53,0.92,0.46,1.53,-1.38,-0.31,1.84,4.59,5.82,8.58,8.42,11.03,9.19,8.58,6.89,7.2,5.21
2024-09-26,000507,珠海港,fit,压力释放,5.06-4.51-4.61-4.51,低-高-低,10.87%-2.22%-2.17%,16,6.87,1.88,4.61,1.99,76715.0,1.0,4.41,10,📉ema📈res📉adx📈rsi,bull | 0.45% | 未补,,,100.0 | 97.7 | 1.02 | no,n 85｜s 00｜d 0.70%,1,红暗[-0.00]-绿亮[+0.01]-绿亮[+0.01]-绿亮[+0.02]-绿亮[+0.04]-绿亮[+0.06],低-低-低-低-低-高,否,70.52,4.76,"{""sqz"": {""bb_length"": 20, ""bb_mult"": 1.8, ""kc_length"": 20, ""kc_mult"": 1.5, ""use_true_range"": true, ""min_sqz_bars"": 5}, ""ema"": {""ema_length"": 200}, ""rsi"": {""rsi_length"": 14, ""rsi_ma_length"": 14, ""rsi_smooth"": ""SMA""}, ""sto"": {""stoch_length"": 14, ""smooth_k"": 3, ""smooth_d"": 3}, ""adx"": {""adx_length"": 14, ""adx_threshold"": 25}, ""r&s"": {""srb_left"": 10, ""srb_right"": 10}, ""atr"": {""atr_length"": 14, ""atr_mult"": 1.0, ""atr_smooth"": ""RMA""}, ""mcd"": {""fast_length"": 12, ""slow_length"": 26, ""signal_length"": 9}}",电力,53.25,52.25,2.6,9.76,12.36,5.42,6.72,4.99,5.64,4.34,4.77,3.25,4.56,4.12,4.99,5.21,5.21,5.86,8.24,6.51,6.72,7.16,6.29,6.72,8.03,8.24,10.85,10.63,11.06,10.63,10.41,8.68
2024-09-26,000709,河钢股份,fit,一直释放,2.15-2.21-2.17-1.94,高-低-低,2.79%-1.81%-10.60%,37,20.5,4.17,1.94,5.43,1405093.0,1.0,1.77,43,📉ema📉res📈adx🗒️rsi,bull | 1.68% | 未补,,,100.0 | 98.1 | 1.02 | no,n 41｜s 00｜d 7.95%,6,红亮[-0.12]-红暗[-0.11]-红暗[-0.10]-红暗[-0.09]-红暗[-0.07]-红暗[-0.03],低-低-低-低-低-低,是,69.42,1.99,"{""sqz"": {""bb_length"": 20, ""bb_mult"": 1.8, ""kc_length"": 20, ""kc_mult"": 1.5, ""use_true_range"": true, ""min_sqz_bars"": 5}, ""ema"": {""ema_length"": 200}, ""rsi"": {""rsi_length"": 14, ""rsi_ma_length"": 14, ""rsi_smooth"": ""SMA""}, ""sto"": {""stoch_length"": 14, ""smooth_k"": 3, ""smooth_d"": 3}, ""adx"": {""adx_length"": 14, ""adx_threshold"": 25}, ""r&s"": {""srb_left"": 10, ""srb_right"": 10}, ""atr"": {""atr_length"": 14, ""atr_mult"": 1.0, ""atr_smooth"": ""RMA""}, ""mcd"": {""fast_length"": 12, ""slow_length"": 26, ""signal_length"": 9}}",普钢,242.92,242.88,2.58,12.89,17.53,10.31,11.86,8.76,10.82,7.22,8.76,7.73,8.76,7.73,7.73,8.76,7.22,8.25,14.43,9.79,10.82,12.37,14.95,13.4,16.49,18.04,23.2,19.59,17.53,15.46,14.95,12.37
2024-09-26,000930,中粮科技,fit,一直释放,6.21-6.64-5.2-4.93,高-低-低,6.92%-21.69%-5.19%,14,11.54,1.81,5.22,4.19,213698.0,1.0,4.87,36,📉ema📈res📈adx📈rsi,bull | 1.63% | 回补,,,100.0 | 99.3 | 1.01 | no,n 42｜s 00｜d 6.01%,6,红亮[-0.23]-红暗[-0.19]-红暗[-0.16]-红暗[-0.14]-红暗[-0.08]-红暗[-0.00],低-低-低-低-低-高,否,70.03,5.77,"{""sqz"": {""bb_length"": 20, ""bb_mult"": 1.8, ""kc_length"": 20, ""kc_mult"": 1.5, ""use_true_range"": true, ""min_sqz_bars"": 5}, ""ema"": {""ema_length"": 200}, ""rsi"": {""rsi_length"": 14, ""rsi_ma_length"": 14, ""rsi_smooth"": ""SMA""}, ""sto"": {""stoch_length"": 14, ""smooth_k"": 3, ""smooth_d"": 3}, ""adx"": {""adx_length"": 14, ""adx_threshold"": 25}, ""r&s"": {""srb_left"": 10, ""srb_right"": 10}, ""atr"": {""atr_length"": 14, ""atr_mult"": 1.0, ""atr_smooth"": ""RMA""}, ""mcd"": {""fast_length"": 12, ""slow_length"": 26, ""signal_length"": 9}}",农产品加工,128.09,128.09,2.49,10.92,17.24,6.13,16.67,13.98,20.88,13.03,9.58,11.3,12.26,12.26,13.03,12.26,13.03,13.98,14.94,11.69,11.11,11.69,9.96,9.77,11.88,16.09,18.01,15.71,15.71,14.94,14.94,11.88
2024-09-26,000950,重药控股,fit,压力释放,4.97-5.22-5.98-4.95,高-高-低,5.03%-14.56%-17.22%,32,10.49,1.59,5.21,2.76,277533.0,2.0,4.86,6,📈ema📈res📉adx📈rsi,bull | 1.83% | 回补,,,100.0 | 67.71 | 1.48 | no,n 69｜s 00｜d 1.02%,0,绿亮[+0.08]-绿亮[+0.08]-绿暗[+0.07]-绿暗[+0.04]-绿亮[+0.06]-绿亮[+0.09],低-低-低-低-低-高,否,73.13,4.96,"{""sqz"": {""bb_length"": 20, ""bb_mult"": 1.8, ""kc_length"": 20, ""kc_mult"": 1.5, ""use_true_range"": true, ""min_sqz_bars"": 5}, ""ema"": {""ema_length"": 200}, ""rsi"": {""rsi_length"": 14, ""rsi_ma_length"": 14, ""rsi_smooth"": ""SMA""}, ""sto"": {""stoch_length"": 14, ""smooth_k"": 3, ""smooth_d"": 3}, ""adx"": {""adx_length"": 14, ""adx_threshold"": 25}, ""r&s"": {""srb_left"": 10, ""srb_right"": 10}, ""atr"": {""atr_length"": 14, ""atr_mult"": 1.0, ""atr_smooth"": ""RMA""}, ""mcd"": {""fast_length"": 12, ""slow_length"": 26, ""signal_length"": 9}}",医药商业,96.61,96.61,1.34,9.4,10.94,0.96,1.34,-0.96,0.38,-2.69,-0.58,-2.5,-0.77,-1.54,0.77,0.96,0.58,4.03,6.72,3.45,2.88,4.22,5.18,5.95,7.49,7.29,10.17,8.83,8.45,12.28,10.17,6.91
2024-09-26,000962,东方钽业,fit,压力释放,12.2-10.18-10.0-10.37,低-低-高,16.56%-1.77%-3.70%,15,10.67,1.08,10.54,3.13,109004.0,2.0,9.9,12,📉ema📈res📉adx🗒️rsi,no | no | 回补,,,98.11 | 90.57 | 1.08 | no,n 79｜s 00｜d 1.05%,5,红亮[-0.06]-红暗[-0.04]-红暗[-0.02]-红亮[-0.02]-红暗[-0.01]-绿亮[+0.02],低-低-低-低-低-高,否,65.82,10.56,"{""sqz"": {""bb_length"": 20, ""bb_mult"": 1.8, ""kc_length"": 20, ""kc_mult"": 1.5, ""use_true_range"": true, ""min_sqz_bars"": 5}, ""ema"": {""ema_length"": 200}, ""rsi"": {""rsi_length"": 14, ""rsi_ma_length"": 14, ""rsi_smooth"": ""SMA""}, ""sto"": {""stoch_length"": 14, ""smooth_k"": 3, ""smooth_d"": 3}, ""adx"": {""adx_length"": 14, ""adx_threshold"": 25}, ""r&s"": {""srb_left"": 10, ""srb_right"": 10}, ""atr"": {""atr_length"": 14, ""atr_mult"": 1.0, ""atr_smooth"": ""RMA""}, ""mcd"": {""fast_length"": 12, ""slow_length"": 26, ""signal_length"": 9}}",小金属,243.63,231.72,3.32,11.39,17.36,9.39,12.81,9.3,11.57,8.06,7.4,6.55,10.15,12.52,12.9,13.95,13.0,14.71,16.41,17.36,18.41,27.13,29.98,25.81,33.21,30.36,30.36,28.84,33.87,42.31,34.91,27.99
2024-09-26,000970,中科三环,fit,压力释放,10.08-8.17-8.37-8.32,低-高-低,18.95%-2.45%-0.60%,17,6.8,1.2,8.48,2.54,138808.0,1.0,8.05,28,📉ema📈res📉adx🗒️rsi,no | no | 回补,,,100.0 | 92.34 | 1.08 | no,n 94｜s 00｜d 0.92%,5,红亮[-0.08]-红暗[-0.06]-红暗[-0.04]-红亮[-0.05]-红暗[-0.02]-绿亮[+0.02],低-低-低-低-低-高,是,66.52,8.75,"{""sqz"": {""bb_length"": 20, ""bb_mult"": 1.8, ""kc_length"": 20, ""kc_mult"": 1.5, ""use_true_range"": true, ""min_sqz_bars"": 5}, ""ema"": {""ema_length"": 200}, ""rsi"": {""rsi_length"": 14, ""rsi_ma_length"": 14, ""rsi_smooth"": ""SMA""}, ""sto"": {""stoch_length"": 14, ""smooth_k"": 3, ""smooth_d"": 3}, ""adx"": {""adx_length"": 14, ""adx_threshold"": 25}, ""r&s"": {""srb_left"": 10, ""srb_right"": 10}, ""atr"": {""atr_length"": 14, ""atr_mult"": 1.0, ""atr_smooth"": ""RMA""}, ""mcd"": {""fast_length"": 12, ""slow_length"": 26, ""signal_length"": 9}}",金属新材料,142.6,142.6,4.13,13.44,19.34,10.97,11.67,7.67,8.73,5.78,5.78,4.01,8.25,10.14,11.79,13.56,12.38,15.92,16.51,16.75,17.45,19.93,31.96,23.47,35.85,36.32,36.79,37.74,42.81,36.32,36.67,28.89
2024-09-26,000969,安泰科技,fit,压力释放,8.86-8.91-8.5-8.32,高-低-低,0.56%-4.60%-2.12%,17,10.2,1.77,8.42,3.06,135629.0,1.0,7.95,10,📈ema📈res📉adx🗒️rsi,no | no | 回补,,,100.0 | 85.46 | 1.17 | no,n 78｜s 00｜d 0.85%,5,红亮[-0.06]-红暗[-0.05]-红暗[-0.04]-红亮[-0.05]-红暗[-0.01]-绿亮[+0.03],低-低-低-低-低-高,否,65.66,8.15,"{""sqz"": {""bb_length"": 20, ""bb_mult"": 1.8, ""kc_length"": 20, ""kc_mult"": 1.5, ""use_true_range"": true, ""min_sqz_bars"": 5}, ""ema"": {""ema_length"": 200}, ""rsi"": {""rsi_length"": 14, ""rsi_ma_length"": 14, ""rsi_smooth"": ""SMA""}, ""sto"": {""stoch_length"": 14, ""smooth_k"": 3, ""smooth_d"": 3}, ""adx"": {""adx_length"": 14, ""adx_threshold"": 25}, ""r&s"": {""srb_left"": 10, ""srb_right"": 10}, ""atr"": {""atr_length"": 14, ""atr_mult"": 1.0, ""atr_smooth"": ""RMA""}, ""mcd"": {""fast_length"": 12, ""slow_length"": 26, ""signal_length"": 9}}",金属新材料,217.35,213.88,3.8,13.78,22.45,13.66,12.0,7.13,10.93,8.79,7.84,7.6,11.28,14.73,19.24,19.0,19.48,19.0,19.83,19.0,19.71,26.48,31.59,30.29,31.47,34.2,32.42,32.78,39.79,35.75,34.68,28.5
2024-09-26,001207,联科科技,fit,压力释放,15.94-16.6-14.8-13.01,高-低-低,4.14%-10.84%-12.09%,17,11.2,1.53,13.43,1.97,25172.0,1.0,12.72,18,📉ema📈res📈adx🗒️rsi,bull | 2.26% | 回补,,,100.0 | 81.35 | 1.23 | no,n 82｜s 00｜d 1.30%,5,绿暗[+0.03]-红亮[-0.02]-红亮[-0.09]-红亮[-0.16]-红暗[-0.11]-红暗[-0.00],低-低-低-低-低-高,否,63.75,13.82,"{""sqz"": {""bb_length"": 20, ""bb_mult"": 1.8, ""kc_length"": 20, ""kc_mult"": 1.5, ""use_true_range"": true, ""min_sqz_bars"": 5}, ""ema"": {""ema_length"": 200}, ""rsi"": {""rsi_length"": 14, ""rsi_ma_length"": 14, ""rsi_smooth"": ""SMA""}, ""sto"": {""stoch_length"": 14, ""smooth_k"": 3, ""smooth_d"": 3}, ""adx"": {""adx_length"": 14, ""adx_threshold"": 25}, ""r&s"": {""srb_left"": 10, ""srb_right"": 10}, ""atr"": {""atr_length"": 14, ""atr_mult"": 1.0, ""atr_smooth"": ""RMA""}, ""mcd"": {""fast_length"": 12, ""slow_length"": 26, ""signal_length"": 9}}",橡胶,66.82,64.5,4.02,11.09,19.96,14.07,15.41,11.62,15.19,16.6,14.15,13.85,16.46,21.74,23.23,28.82,32.09,40.06,44.01,37.53,34.18,43.78,39.76,54.28,57.86,51.53,67.16,58.23,61.65,53.83,53.09,47.06
2024-09-26,001339,智微智能,fit,压力释放,34.8-31.34-30.9-31.03,低-低-高,9.94%-1.40%-0.42%,20,15.27,1.34,31.37,2.22,135547.0,19.0,29.18,50,📈ema📈res📉adx🗒️rsi,no | no | 未补,,,93.97 | 95.98 | 0.98 | no,n 87｜s 00｜d 5.68%,3,红亮[-0.48]-红暗[-0.42]-红暗[-0.07]-绿亮[+0.24]-绿亮[+0.67]-绿亮[+0.97],低-低-高-高-高-高,否,63.0,29.24,"{""sqz"": {""bb_length"": 20, ""bb_mult"": 1.8, ""kc_length"": 20, ""kc_mult"": 1.5, ""use_true_range"": true, ""min_sqz_bars"": 5}, ""ema"": {""ema_length"": 200}, ""rsi"": {""rsi_length"": 14, ""rsi_ma_length"": 14, ""rsi_smooth"": ""SMA""}, ""sto"": {""stoch_length"": 14, ""smooth_k"": 3, ""smooth_d"": 3}, ""adx"": {""adx_length"": 14, ""adx_threshold"": 25}, ""r&s"": {""srb_left"": 10, ""srb_right"": 10}, ""atr"": {""atr_length"": 14, ""atr_mult"": 1.0, ""atr_smooth"": ""RMA""}, ""mcd"": {""fast_length"": 12, ""slow_length"": 26, ""signal_length"": 9}}",计算机设备,154.38,73.07,4.11,14.54,26.01,27.26,18.52,8.89,13.8,10.11,10.46,17.47,20.88,19.92,17.85,14.5,15.14,14.44,18.52,15.81,19.22,19.13,10.68,14.5,16.67,15.72,18.36,20.56,22.28,19.67,19.89,15.4
2024-09-26,001979,招商蛇口,fit,压力释放,9.51-11.05-9.38-9.54,高-低-高,16.19%-15.11%-1.71%,17,16.2,1.53,10.37,10.2,1821223.0,2.0,8.79,34,📈ema📈res📈adx📈rsi,no | no | 回补,,,96.46 | 97.64 | 0.99 | no,n 80｜s 00｜d 4.21%,3,红暗[-0.31]-红暗[-0.21]-红暗[-0.10]-绿亮[+0.04]-绿亮[+0.17]-绿亮[+0.29],低-低-低-高-高-高,是,72.83,8.7,"{""sqz"": {""bb_length"": 20, ""bb_mult"": 1.8, ""kc_length"": 20, ""kc_mult"": 1.5, ""use_true_range"": true, ""min_sqz_bars"": 5}, ""ema"": {""ema_length"": 200}, ""rsi"": {""rsi_length"": 14, ""rsi_ma_length"": 14, ""rsi_smooth"": ""SMA""}, ""sto"": {""stoch_length"": 14, ""smooth_k"": 3, ""smooth_d"": 3}, ""adx"": {""adx_length"": 14, ""adx_threshold"": 25}, ""r&s"": {""srb_left"": 10, ""srb_right"": 10}, ""atr"": {""atr_length"": 14, ""atr_mult"": 1.0, ""atr_smooth"": ""RMA""}, ""mcd"": {""fast_length"": 12, ""slow_length"": 26, ""signal_length"": 9}}",房地产开发,778.99,726.93,6.36,16.3,13.4,1.93,-0.96,0.68,5.79,4.53,8.49,0.58,1.83,5.21,4.92,5.01,3.09,3.66,5.79,3.47,4.15,7.04,9.74,9.84,12.54,17.74,20.44,13.98,12.05,11.38,10.7,6.36
2024-09-26,002004,华邦健康,fit,压力释放,4.15-4.44-3.78-4.09,高-低-高,6.99%-14.86%-8.20%,26,9.95,1.21,4.13,2.23,195967.0,1.0,3.9,7,📈ema📈res📉adx🗒️rsi,bull | 0.50% | 回补,,,100.0 | 67.98 | 1.47 | no,n 68｜s 00｜d 1.06%,6,红暗[-0.15]-红暗[-0.14]-红暗[-0.14]-红亮[-0.14]-红暗[-0.10]-红暗[-0.05],低-低-低-低-低-高,否,69.74,4.0,"{""sqz"": {""bb_length"": 20, ""bb_mult"": 1.8, ""kc_length"": 20, ""kc_mult"": 1.5, ""use_true_range"": true, ""min_sqz_bars"": 5}, ""ema"": {""ema_length"": 200}, ""rsi"": {""rsi_length"": 14, ""rsi_ma_length"": 14, ""rsi_smooth"": ""SMA""}, ""sto"": {""stoch_length"": 14, ""smooth_k"": 3, ""smooth_d"": 3}, ""adx"": {""adx_length"": 14, ""adx_threshold"": 25}, ""r&s"": {""srb_left"": 10, ""srb_right"": 10}, ""atr"": {""atr_length"": 14, ""atr_mult"": 1.0, ""atr_smooth"": ""RMA""}, ""mcd"": {""fast_length"": 12, ""slow_length"": 26, ""signal_length"": 9}}",化学制药,103.35,98.22,2.42,10.17,15.01,5.57,6.05,3.87,4.6,2.18,2.91,0.48,2.91,1.94,3.87,5.08,5.33,7.99,9.44,7.02,7.02,6.78,6.05,8.47,9.44,9.2,11.86,11.86,11.62,12.11,10.65,7.99
2024-09-26,002034,旺能环境,fit,压力释放,14.29-14.25-13.31-13.12,低-低-低,0.28%-6.60%-1.43%,16,6.32,1.19,13.61,2.72,28398.0,1.0,12.88,16,📈ema📈res📉adx📈rsi,bull | 1.15% | 未补,,,100.0 | 69.64 | 1.44 | no,n 76｜s 00｜d 1.05%,5,红亮[-0.09]-红暗[-0.06]-红亮[-0.09]-红亮[-0.13]-红暗[-0.07]-绿亮[+0.02],低-低-低-低-低-高,否,71.14,13.15,"{""sqz"": {""bb_length"": 20, ""bb_mult"": 1.8, ""kc_length"": 20, ""kc_mult"": 1.5, ""use_true_range"": true, ""min_sqz_bars"": 5}, ""ema"": {""ema_length"": 200}, ""rsi"": {""rsi_length"": 14, ""rsi_ma_length"": 14, ""rsi_smooth"": ""SMA""}, ""sto"": {""stoch_length"": 14, ""smooth_k"": 3, ""smooth_d"": 3}, ""adx"": {""adx_length"": 14, ""adx_threshold"": 25}, ""r&s"": {""srb_left"": 10, ""srb_right"": 10}, ""atr"": {""atr_length"": 14, ""atr_mult"": 1.0, ""atr_smooth"": ""RMA""}, ""mcd"": {""fast_length"": 12, ""slow_length"": 26, ""signal_length"": 9}}",环境治理,78.38,77.99,2.87,11.02,14.18,5.29,5.51,4.11,8.67,4.85,5.88,4.19,6.17,5.95,6.54,7.13,7.49,9.92,11.76,8.89,7.05,6.54,5.58,6.98,7.71,6.54,9.7,8.82,9.85,10.14,9.92,8.3
2024-09-26,002044,美年健康,fit,压力释放,5.69-5.59-4.86-3.76,低-低-低,1.76%-13.06%-22.63%,36,17.13,1.95,3.78,6.18,703753.0,2.0,3.41,8,📉ema📈res📉adx🗒️rsi,bull | 0.28% | 未补,,,100.0 | 90.09 | 1.11 | no,n 81｜s 00｜d 1.21%,4,红暗[-0.05]-红暗[-0.03]-红暗[-0.02]-红暗[-0.01]-绿亮[+0.02]-绿亮[+0.05],低-低-低-低-低-低,是,68.59,4.54,"{""sqz"": {""bb_length"": 20, ""bb_mult"": 1.8, ""kc_length"": 20, ""kc_mult"": 1.5, ""use_true_range"": true, ""min_sqz_bars"": 5}, ""ema"": {""ema_length"": 200}, ""rsi"": {""rsi_length"": 14, ""rsi_ma_length"": 14, ""rsi_smooth"": ""SMA""}, ""sto"": {""stoch_length"": 14, ""smooth_k"": 3, ""smooth_d"": 3}, ""adx"": {""adx_length"": 14, ""adx_threshold"": 25}, ""r&s"": {""srb_left"": 10, ""srb_right"": 10}, ""atr"": {""atr_length"": 14, ""atr_mult"": 1.0, ""atr_smooth"": ""RMA""}, ""mcd"": {""fast_length"": 12, ""slow_length"": 26, ""signal_length"": 9}}",医疗服务,221.55,219.28,3.97,14.29,19.58,9.79,8.99,3.7,5.56,3.17,4.23,1.59,3.97,3.17,5.03,4.76,5.03,8.47,13.23,16.67,14.02,25.4,23.81,24.34,30.69,33.33,34.66,33.33,32.54,33.07,34.92,29.1
2024-09-26,002061,浙江交科,fit,一直释放,3.57-3.58-4.23-3.63,高-高-低,0.28%-18.16%-14.18%,37,17.48,3.08,3.65,4.29,370110.0,1.0,3.4,16,📈ema📈res📈adx📈rsi,bull | 2.35% | 回补,,,100.0 | 99.57 | 1.0 | no,n 26｜s 00｜d 5.83%,6,红暗[-0.22]-红暗[-0.19]-红暗[-0.17]-红暗[-0.15]-红暗[-0.10]-红暗[-0.04],低-低-低-低-低-低,是,71.76,3.5,"{""sqz"": {""bb_length"": 20, ""bb_mult"": 1.8, ""kc_length"": 20, ""kc_mult"": 1.5, ""use_true_range"": true, ""min_sqz_bars"": 5}, ""ema"": {""ema_length"": 200}, ""rsi"": {""rsi_length"": 14, ""rsi_ma_length"": 14, ""rsi_smooth"": ""SMA""}, ""sto"": {""stoch_length"": 14, ""smooth_k"": 3, ""smooth_d"": 3}, ""adx"": {""adx_length"": 14, ""adx_threshold"": 25}, ""r&s"": {""srb_left"": 10, ""srb_right"": 10}, ""atr"": {""atr_length"": 14, ""atr_mult"": 1.0, ""atr_smooth"": ""RMA""}, ""mcd"": {""fast_length"": 12, ""slow_length"": 26, ""signal_length"": 9}}",基础建设,104.3,101.37,1.1,10.14,13.97,4.38,7.67,6.85,9.32,8.22,9.86,6.85,8.22,7.12,7.12,8.22,7.12,7.4,10.68,7.4,8.49,14.25,12.33,15.89,17.81,21.37,26.3,21.92,20.27,17.53,17.26,15.62
2024-09-26,002081,金 螳 螂,fit,一直释放,3.6-3.41-3.66-3.16,低-高-低,5.28%-7.33%-13.66%,29,16.61,2.07,3.19,6.69,345522.0,1.0,2.9,16,📉ema📈res📉adx📈rsi,bull | 2.05% | 回补,,,100.0 | 95.69 | 1.05 | no,n 44｜s 00｜d 5.21%,6,红暗[-0.17]-红暗[-0.14]-红暗[-0.13]-红暗[-0.11]-红暗[-0.08]-红暗[-0.03],低-低-低-低-低-低,是,72.21,3.19,"{""sqz"": {""bb_length"": 20, ""bb_mult"": 1.8, ""kc_length"": 20, ""kc_mult"": 1.5, ""use_true_range"": true, ""min_sqz_bars"": 5}, ""ema"": {""ema_length"": 200}, ""rsi"": {""rsi_length"": 14, ""rsi_ma_length"": 14, ""rsi_smooth"": ""SMA""}, ""sto"": {""stoch_length"": 14, ""smooth_k"": 3, ""smooth_d"": 3}, ""adx"": {""adx_length"": 14, ""adx_threshold"": 25}, ""r&s"": {""srb_left"": 10, ""srb_right"": 10}, ""atr"": {""atr_length"": 14, ""atr_mult"": 1.0, ""atr_smooth"": ""RMA""}, ""mcd"": {""fast_length"": 12, ""slow_length"": 26, ""signal_length"": 9}}",装修装饰Ⅱ,88.42,88.07,3.13,13.79,17.24,6.9,6.9,3.76,6.58,5.96,8.15,5.64,6.9,5.96,6.58,7.52,6.9,9.4,12.23,8.78,9.4,10.66,9.09,8.15,12.54,12.85,17.24,14.73,14.11,12.85,12.54,10.03
2024-09-26,002083,孚日股份,fit,压力释放,4.68-4.63-4.31-4.41,低-低-高,1.07%-6.91%-2.32%,34,10.8,1.52,4.41,3.52,109277.0,1.0,4.13,6,📈ema📉res📈adx🗒️rsi,bull | 0.48% | 未补,,,100.0 | 86.59 | 1.15 | no,n 75｜s 00｜d 0.52%,6,红暗[-0.14]-红暗[-0.12]-红暗[-0.12]-红暗[-0.10]-红暗[-0.07]-红暗[-0.03],低-低-低-低-低-低,是,67.49,4.21,"{""sqz"": {""bb_length"": 20, ""bb_mult"": 1.8, ""kc_length"": 20, ""kc_mult"": 1.5, ""use_true_range"": true, ""min_sqz_bars"": 5}, ""ema"": {""ema_length"": 200}, ""rsi"": {""rsi_length"": 14, ""rsi_ma_length"": 14, ""rsi_smooth"": ""SMA""}, ""sto"": {""stoch_length"": 14, ""smooth_k"": 3, ""smooth_d"": 3}, ""adx"": {""adx_length"": 14, ""adx_threshold"": 25}, ""r&s"": {""srb_left"": 10, ""srb_right"": 10}, ""atr"": {""atr_length"": 14, ""atr_mult"": 1.0, ""atr_smooth"": ""RMA""}, ""mcd"": {""fast_length"": 12, ""slow_length"": 26, ""signal_length"": 9}}",纺织制造,113.22,113.22,2.49,11.11,20.63,9.07,9.52,8.39,9.75,8.16,6.12,5.9,9.75,8.62,9.07,9.75,8.16,19.27,16.78,15.42,13.15,14.51,11.34,11.79,13.83,14.06,15.19,15.19,14.06,14.51,13.38,8.39
2024-09-26,002108,沧州明珠,fit,压力释放,3.59-3.6-3.15-3.03,高-低-低,0.28%-12.50%-3.81%,14,9.39,1.57,3.07,2.68,210854.0,1.0,2.91,50,📉ema📈res📉adx🗒️rsi,no | no | 未补,,,100.0 | 90.23 | 1.11 | no,n 82｜s 00｜d 2.46%,6,红亮[-0.05]-红暗[-0.04]-红暗[-0.04]-红暗[-0.03]-红暗[-0.02]-红暗[-0.00],低-低-低-低-低-高,否,66.27,3.3,"{""sqz"": {""bb_length"": 20, ""bb_mult"": 1.8, ""kc_length"": 20, ""kc_mult"": 1.5, ""use_true_range"": true, ""min_sqz_bars"": 5}, ""ema"": {""ema_length"": 200}, ""rsi"": {""rsi_length"": 14, ""rsi_ma_length"": 14, ""rsi_smooth"": ""SMA""}, ""sto"": {""stoch_length"": 14, ""smooth_k"": 3, ""smooth_d"": 3}, ""adx"": {""adx_length"": 14, ""adx_threshold"": 25}, ""r&s"": {""srb_left"": 10, ""srb_right"": 10}, ""atr"": {""atr_length"": 14, ""atr_mult"": 1.0, ""atr_smooth"": ""RMA""}, ""mcd"": {""fast_length"": 12, ""slow_length"": 26, ""signal_length"": 9}}",塑料,81.11,81.06,3.91,14.01,18.89,9.77,10.42,6.19,6.84,4.56,6.51,3.58,7.17,5.86,7.49,8.47,7.49,10.75,13.36,10.1,10.1,13.03,10.42,12.05,14.01,15.31,18.24,17.26,17.92,16.61,15.96,13.36
2024-09-26,002109,兴化股份,fit,压力释放,4.2-4.73-3.4-2.58,高-低-低,12.62%-28.12%-24.12%,16,11.21,1.64,2.77,4.14,95349.0,1.0,2.56,17,📉ema📈res📈adx🗒️rsi,bull | 2.71% | 回补,,,100.0 | 95.61 | 1.05 | no,n 58｜s 00｜d 3.72%,5,红亮[-0.05]-红暗[-0.04]-红暗[-0.03]-红暗[-0.02]-红暗[-0.00]-绿亮[+0.04],低-低-低-低-低-高,否,68.91,3.6,"{""sqz"": {""bb_length"": 20, ""bb_mult"": 1.8, ""kc_length"": 20, ""kc_mult"": 1.5, ""use_true_range"": true, ""min_sqz_bars"": 5}, ""ema"": {""ema_length"": 200}, ""rsi"": {""rsi_length"": 14, ""rsi_ma_length"": 14, ""rsi_smooth"": ""SMA""}, ""sto"": {""stoch_length"": 14, ""smooth_k"": 3, ""smooth_d"": 3}, ""adx"": {""adx_length"": 14, ""adx_threshold"": 25}, ""r&s"": {""srb_left"": 10, ""srb_right"": 10}, ""atr"": {""atr_length"": 14, ""atr_mult"": 1.0, ""atr_smooth"": ""RMA""}, ""mcd"": {""fast_length"": 12, ""slow_length"": 26, ""signal_length"": 9}}",化学原料,62.92,62.92,3.97,12.27,13.36,3.25,5.05,0.72,3.61,1.44,2.89,0.72,2.17,0.72,4.69,5.05,5.78,10.11,14.44,11.55,12.64,16.61,13.36,13.0,15.88,15.88,21.66,23.83,22.02,22.02,20.22,19.49
2024-09-26,002145,钛能化学,fit,压力释放,4.69-3.5-3.55-3.47,低-高-低,25.37%-1.43%-2.25%,13,8.44,0.94,3.59,3.76,522288.0,1.0,3.34,24,📉ema📈res📉adx🗒️rsi,no | no | 回补,,,100.0 | 85.87 | 1.16 | no,n 87｜s 00｜d 1.02%,4,红亮[-0.06]-红暗[-0.03]-红暗[-0.02]-红暗[-0.02]-绿亮[+0.00]-绿亮[+0.02],低-低-低-低-低-高,否,68.45,3.87,"{""sqz"": {""bb_length"": 20, ""bb_mult"": 1.8, ""kc_length"": 20, ""kc_mult"": 1.5, ""use_true_range"": true, ""min_sqz_bars"": 5}, ""ema"": {""ema_length"": 200}, ""rsi"": {""rsi_length"": 14, ""rsi_ma_length"": 14, ""rsi_smooth"": ""SMA""}, ""sto"": {""stoch_length"": 14, ""smooth_k"": 3, ""smooth_d"": 3}, ""adx"": {""adx_length"": 14, ""adx_threshold"": 25}, ""r&s"": {""srb_left"": 10, ""srb_right"": 10}, ""atr"": {""atr_length"": 14, ""atr_mult"": 1.0, ""atr_smooth"": ""RMA""}, ""mcd"": {""fast_length"": 12, ""slow_length"": 26, ""signal_length"": 9}}",化学原料,185.77,181.97,8.91,19.78,28.97,16.71,16.43,10.31,12.53,9.19,9.47,6.69,9.19,8.64,12.53,14.76,13.37,18.66,20.06,16.71,20.61,19.5,20.89,20.61,24.79,24.51,28.13,28.41,33.15,32.03,28.97,28.69
2024-09-26,002166,莱茵生物,fit,压力释放,7.9-10.0-7.04-7.17,高-低-高,26.58%-29.60%-1.85%,28,11.51,0.63,7.17,1.85,226851.0,4.0,6.79,13,📈ema📉res📉adx🗒️rsi,no | no | 未补,,,100.0 | 97.72 | 1.02 | no,n 96｜s 00｜d 1.22%,0,绿亮[+0.04]-绿亮[+0.06]-绿亮[+0.10]-绿亮[+0.12]-绿亮[+0.15]-绿亮[+0.19],低-低-低-低-低-低,否,67.26,7.02,"{""sqz"": {""bb_length"": 20, ""bb_mult"": 1.8, ""kc_length"": 20, ""kc_mult"": 1.5, ""use_true_range"": true, ""min_sqz_bars"": 5}, ""ema"": {""ema_length"": 200}, ""rsi"": {""rsi_length"": 14, ""rsi_ma_length"": 14, ""rsi_smooth"": ""SMA""}, ""sto"": {""stoch_length"": 14, ""smooth_k"": 3, ""smooth_d"": 3}, ""adx"": {""adx_length"": 14, ""adx_threshold"": 25}, ""r&s"": {""srb_left"": 10, ""srb_right"": 10}, ""atr"": {""atr_length"": 14, ""atr_mult"": 1.0, ""atr_smooth"": ""RMA""}, ""mcd"": {""fast_length"": 12, ""slow_length"": 26, ""signal_length"": 9}}",化学制品,65.19,65.03,5.3,14.5,19.53,11.85,11.02,5.44,7.81,8.09,7.11,8.23,11.02,10.18,11.44,10.04,11.02,11.99,14.78,11.16,11.85,12.27,10.04,11.16,15.9,16.04,20.08,17.57,18.97,19.94,16.88,12.55
2024-09-26,002174,游族网络,fit,压力释放,12.71-11.91-10.05-7.78,低-低-低,6.29%-15.62%-22.59%,36,13.58,1.02,7.99,3.5,180980.0,2.0,7.41,17,📉ema📈res📉adx🗒️rsi,bull | 0.39% | 未补,,,100.0 | 90.59 | 1.1 | no,n 90｜s 00｜d 1.15%,0,绿暗[+0.08]-绿亮[+0.13]-绿亮[+0.16]-绿亮[+0.16]-绿亮[+0.19]-绿亮[+0.22],低-低-低-低-低-高,否,66.38,9.38,"{""sqz"": {""bb_length"": 20, ""bb_mult"": 1.8, ""kc_length"": 20, ""kc_mult"": 1.5, ""use_true_range"": true, ""min_sqz_bars"": 5}, ""ema"": {""ema_length"": 200}, ""rsi"": {""rsi_length"": 14, ""rsi_ma_length"": 14, ""rsi_smooth"": ""SMA""}, ""sto"": {""stoch_length"": 14, ""smooth_k"": 3, ""smooth_d"": 3}, ""adx"": {""adx_length"": 14, ""adx_threshold"": 25}, ""r&s"": {""srb_left"": 10, ""srb_right"": 10}, ""atr"": {""atr_length"": 14, ""atr_mult"": 1.0, ""atr_smooth"": ""RMA""}, ""mcd"": {""fast_length"": 12, ""slow_length"": 26, ""signal_length"": 9}}",游戏Ⅱ,92.59,92.54,5.63,16.02,24.41,12.02,8.89,3.13,6.88,11.26,12.02,12.64,17.4,23.65,21.78,20.65,18.52,23.03,24.53,25.53,23.9,24.16,17.15,18.9,23.15,35.42,31.66,31.66,34.54,30.41,30.66,26.41
2024-09-26,002180,纳思达,fit,压力释放,30.0-28.6-29.5-25.49,低-高-低,4.67%-3.15%-13.59%,16,14.92,1.87,26.5,5.12,106376.0,1.0,23.85,15,📈ema📈res📉adx🗒️rsi,no | no | 回补,,,96.66 | 95.74 | 1.01 | no,n 89｜s 00｜d 1.43%,4,红亮[-0.10]-红亮[-0.29]-红暗[-0.27]-红暗[-0.19]-绿亮[+0.10]-绿亮[+0.29],低-低-低-低-高-高,否,65.07,24.29,"{""sqz"": {""bb_length"": 20, ""bb_mult"": 1.8, ""kc_length"": 20, ""kc_mult"": 1.5, ""use_true_range"": true, ""min_sqz_bars"": 5}, ""ema"": {""ema_length"": 200}, ""rsi"": {""rsi_length"": 14, ""rsi_ma_length"": 14, ""rsi_smooth"": ""SMA""}, ""sto"": {""stoch_length"": 14, ""smooth_k"": 3, ""smooth_d"": 3}, ""adx"": {""adx_length"": 14, ""adx_threshold"": 25}, ""r&s"": {""srb_left"": 10, ""srb_right"": 10}, ""atr"": {""atr_length"": 14, ""atr_mult"": 1.0, ""atr_smooth"": ""RMA""}, ""mcd"": {""fast_length"": 12, ""slow_length"": 26, ""signal_length"": 9}}",计算机设备,241.44,231.79,6.79,14.45,25.74,17.74,15.43,8.34,14.68,9.89,4.91,4.11,9.02,7.92,7.58,6.68,2.04,2.64,4.45,3.58,2.38,6.42,6.3,7.17,11.55,11.32,16.49,15.66,16.94,15.09,13.28,8.6
2024-09-26,002225,濮耐股份,fit,压力释放,3.75-5.25-4.27-3.52,高-低-低,40.00%-18.67%-17.56%,33,16.56,1.01,3.56,6.27,262105.0,3.0,3.17,9,📈ema📈res📈adx🗒️rsi,no | no | 回补,,,100.0 | 89.22 | 1.12 | no,n 55｜s 00｜d 0.96%,1,红暗[-0.02]-绿亮[+0.00]-绿亮[+0.02]-绿亮[+0.02]-绿亮[+0.05]-绿亮[+0.08],低-低-低-低-低-低,否,67.51,3.52,"{""sqz"": {""bb_length"": 20, ""bb_mult"": 1.8, ""kc_length"": 20, ""kc_mult"": 1.5, ""use_true_range"": true, ""min_sqz_bars"": 5}, ""ema"": {""ema_length"": 200}, ""rsi"": {""rsi_length"": 14, ""rsi_ma_length"": 14, ""rsi_smooth"": ""SMA""}, ""sto"": {""stoch_length"": 14, ""smooth_k"": 3, ""smooth_d"": 3}, ""adx"": {""adx_length"": 14, ""adx_threshold"": 25}, ""r&s"": {""srb_left"": 10, ""srb_right"": 10}, ""atr"": {""atr_length"": 14, ""atr_mult"": 1.0, ""atr_smooth"": ""RMA""}, ""mcd"": {""fast_length"": 12, ""slow_length"": 26, ""signal_length"": 9}}",装修建材,60.86,51.14,3.37,11.8,18.82,7.87,10.11,6.46,8.15,3.65,3.09,-0.84,0.0,0.0,4.49,5.9,4.21,7.3,9.83,12.92,8.71,9.27,9.27,5.9,10.67,21.91,21.91,19.1,22.19,20.22,16.29,12.92
2024-09-26,002264,新 华 都,fit,压力释放,5.75-4.59-7.96-4.74,低-高-低,20.17%-73.42%-40.45%,16,15.05,1.14,5.14,10.3,318277.0,5.0,4.47,11,📈ema📈res📈adx📈rsi,bull | 1.09% | 回补,,,100.0 | 91.68 | 1.09 | no,n 81｜s 00｜d 2.89%,5,红亮[-0.16]-红暗[-0.13]-红暗[-0.11]-红暗[-0.10]-红暗[-0.05]-绿亮[+0.01],低-低-低-低-低-高,是,70.5,5.06,"{""sqz"": {""bb_length"": 20, ""bb_mult"": 1.8, ""kc_length"": 20, ""kc_mult"": 1.5, ""use_true_range"": true, ""min_sqz_bars"": 5}, ""ema"": {""ema_length"": 200}, ""rsi"": {""rsi_length"": 14, ""rsi_ma_length"": 14, ""rsi_smooth"": ""SMA""}, ""sto"": {""stoch_length"": 14, ""smooth_k"": 3, ""smooth_d"": 3}, ""adx"": {""adx_length"": 14, ""adx_threshold"": 25}, ""r&s"": {""srb_left"": 10, ""srb_right"": 10}, ""atr"": {""atr_length"": 14, ""atr_mult"": 1.0, ""atr_smooth"": ""RMA""}, ""mcd"": {""fast_length"": 12, ""slow_length"": 26, ""signal_length"": 9}}",广告营销,59.31,53.95,3.11,11.67,13.62,2.14,-1.17,-4.09,-1.95,-2.53,-2.14,-4.09,-2.14,-1.95,1.56,0.39,2.72,1.36,5.06,6.42,7.78,7.2,5.25,6.23,8.17,14.98,16.93,14.01,14.2,20.62,19.46,13.23
2024-09-26,002266,浙富控股,fit,压力释放,3.52-3.32-2.94-2.89,低-低-低,5.68%-11.45%-1.70%,16,10.31,2.06,2.94,2.8,312089.0,1.0,2.76,23,📉ema📈res📉adx🗒️rsi,no | no | 回补,,,100.0 | 79.18 | 1.26 | no,n 56｜s 00｜d 3.18%,6,红亮[-0.09]-红暗[-0.07]-红暗[-0.07]-红亮[-0.07]-红暗[-0.04]-红暗[-0.02],低-低-低-低-低-高,否,64.61,3.06,"{""sqz"": {""bb_length"": 20, ""bb_mult"": 1.8, ""kc_length"": 20, ""kc_mult"": 1.5, ""use_true_range"": true, ""min_sqz_bars"": 5}, ""ema"": {""ema_length"": 200}, ""rsi"": {""rsi_length"": 14, ""rsi_ma_length"": 14, ""rsi_smooth"": ""SMA""}, ""sto"": {""stoch_length"": 14, ""smooth_k"": 3, ""smooth_d"": 3}, ""adx"": {""adx_length"": 14, ""adx_threshold"": 25}, ""r&s"": {""srb_left"": 10, ""srb_right"": 10}, ""atr"": {""atr_length"": 14, ""atr_mult"": 1.0, ""atr_smooth"": ""RMA""}, ""mcd"": {""fast_length"": 12, ""slow_length"": 26, ""signal_length"": 9}}",环境治理,219.73,206.16,3.06,12.24,15.99,9.18,9.86,6.12,9.52,6.12,6.12,4.76,7.48,5.78,8.5,9.52,7.82,10.2,15.99,11.56,11.9,15.31,12.93,14.29,17.01,16.33,20.07,18.71,17.01,15.99,17.01,14.29
2024-09-26,002277,友阿股份,fit,压力释放,2.72-2.49-2.34-2.35,低-低-高,8.46%-6.02%-0.43%,17,11.37,1.39,2.52,3.28,962619.0,7.0,2.33,19,📉ema📈res📉adx📈rsi,bull | 5.24% | 回补,,,100.0 | 90.18 | 1.11 | no,n 72｜s 00｜d 1.47%,1,红暗[-0.00]-绿亮[+0.01]-绿亮[+0.02]-绿暗[+0.01]-绿亮[+0.02]-绿亮[+0.05],低-低-低-低-低-高,是,72.56,2.76,"{""sqz"": {""bb_length"": 20, ""bb_mult"": 1.8, ""kc_length"": 20, ""kc_mult"": 1.5, ""use_true_range"": true, ""min_sqz_bars"": 5}, ""ema"": {""ema_length"": 200}, ""rsi"": {""rsi_length"": 14, ""rsi_ma_length"": 14, ""rsi_smooth"": ""SMA""}, ""sto"": {""stoch_length"": 14, ""smooth_k"": 3, ""smooth_d"": 3}, ""adx"": {""adx_length"": 14, ""adx_threshold"": 25}, ""r&s"": {""srb_left"": 10, ""srb_right"": 10}, ""atr"": {""atr_length"": 14, ""atr_mult"": 1.0, ""atr_smooth"": ""RMA""}, ""mcd"": {""fast_length"": 12, ""slow_length"": 26, ""signal_length"": 9}}",一般零售,86.3,86.3,2.78,12.7,21.43,9.13,12.7,5.95,7.14,3.57,4.37,2.38,4.76,4.37,8.33,7.94,9.13,9.92,15.48,12.3,13.1,15.08,13.1,15.48,26.98,33.33,39.29,43.25,38.1,39.68,37.3,28.57
2024-09-26,002283,天润工业,fit,压力释放,5.32-5.14-4.24-3.95,低-低-低,3.38%-17.51%-6.84%,17,8.22,2.29,4.15,4.01,179135.0,2.0,3.85,17,📉ema📈res📉adx📈rsi,bull | 0.25% | 回补,,,100.0 | 84.31 | 1.19 | no,n 94｜s 00｜d 0.84%,0,绿暗[+0.03]-绿亮[+0.04]-绿暗[+0.02]-绿暗[+0.01]-绿亮[+0.02]-绿亮[+0.04],低-低-低-低-低-高,否,70.19,4.56,"{""sqz"": {""bb_length"": 20, ""bb_mult"": 1.8, ""kc_length"": 20, ""kc_mult"": 1.5, ""use_true_range"": true, ""min_sqz_bars"": 5}, ""ema"": {""ema_length"": 200}, ""rsi"": {""rsi_length"": 14, ""rsi_ma_length"": 14, ""rsi_smooth"": ""SMA""}, ""sto"": {""stoch_length"": 14, ""smooth_k"": 3, ""smooth_d"": 3}, ""adx"": {""adx_length"": 14, ""adx_threshold"": 25}, ""r&s"": {""srb_left"": 10, ""srb_right"": 10}, ""atr"": {""atr_length"": 14, ""atr_mult"": 1.0, ""atr_smooth"": ""RMA""}, ""mcd"": {""fast_length"": 12, ""slow_length"": 26, ""signal_length"": 9}}",汽车零部件,103.12,90.82,3.37,12.05,16.63,7.95,8.92,4.1,4.82,2.65,4.34,1.93,5.06,3.86,5.54,6.99,6.02,7.71,10.12,9.16,8.92,9.88,5.78,8.92,12.05,12.77,14.7,14.22,16.39,15.66,15.18,12.05
2024-09-26,002315,焦点科技,fit,压力释放,34.3-35.64-33.66-24.47,高-低-低,3.91%-5.56%-27.30%,26,16.75,1.61,24.78,2.35,111744.0,6.0,22.88,40,📉ema📈res📉adx🗒️rsi,no | no | 未补,,,100.0 | 81.82 | 1.22 | no,n 96｜s 00｜d 5.55%,5,红暗[-0.46]-红亮[-0.52]-红亮[-0.57]-红亮[-0.58]-红暗[-0.27]-绿亮[+0.04],低-低-低-低-低-高,否,64.69,27.37,"{""sqz"": {""bb_length"": 20, ""bb_mult"": 1.8, ""kc_length"": 20, ""kc_mult"": 1.5, ""use_true_range"": true, ""min_sqz_bars"": 5}, ""ema"": {""ema_length"": 200}, ""rsi"": {""rsi_length"": 14, ""rsi_ma_length"": 14, ""rsi_smooth"": ""SMA""}, ""sto"": {""stoch_length"": 14, ""smooth_k"": 3, ""smooth_d"": 3}, ""adx"": {""adx_length"": 14, ""adx_threshold"": 25}, ""r&s"": {""srb_left"": 10, ""srb_right"": 10}, ""atr"": {""atr_length"": 14, ""atr_mult"": 1.0, ""atr_smooth"": ""RMA""}, ""mcd"": {""fast_length"": 12, ""slow_length"": 26, ""signal_length"": 9}}",互联网电商,124.1,79.12,5.53,16.42,25.3,12.31,9.44,5.85,10.82,12.39,10.13,10.82,14.81,18.85,16.06,13.96,12.79,14.53,18.6,14.0,12.27,15.94,16.06,23.53,23.08,25.02,24.74,20.7,33.25,30.23,43.7,46.41
2024-09-26,002340,格林美,fit,压力释放,6.7-6.44-6.21-5.97,低-低-低,3.88%-3.57%-3.86%,17,11.17,1.86,6.06,2.71,932056.0,2.0,5.68,18,📈ema📈res📉adx🗒️rsi,no | no | 回补,,,100.0 | 80.71 | 1.24 | no,n 75｜s 00｜d 1.28%,6,红亮[-0.07]-红亮[-0.07]-红亮[-0.07]-红亮[-0.09]-红暗[-0.06]-红暗[-0.01],低-低-低-低-低-高,否,64.68,5.75,"{""sqz"": {""bb_length"": 20, ""bb_mult"": 1.8, ""kc_length"": 20, ""kc_mult"": 1.5, ""use_true_range"": true, ""min_sqz_bars"": 5}, ""ema"": {""ema_length"": 200}, ""rsi"": {""rsi_length"": 14, ""rsi_ma_length"": 14, ""rsi_smooth"": ""SMA""}, ""sto"": {""stoch_length"": 14, ""smooth_k"": 3, ""smooth_d"": 3}, ""adx"": {""adx_length"": 14, ""adx_threshold"": 25}, ""r&s"": {""srb_left"": 10, ""srb_right"": 10}, ""atr"": {""atr_length"": 14, ""atr_mult"": 1.0, ""atr_smooth"": ""RMA""}, ""mcd"": {""fast_length"": 12, ""slow_length"": 26, ""signal_length"": 9}}",电池,414.39,412.14,6.77,16.5,24.26,15.02,13.86,9.08,10.73,7.43,6.11,4.95,13.86,14.36,15.35,16.01,13.7,16.83,16.67,14.52,13.7,13.86,16.67,16.83,19.97,22.11,22.61,20.79,24.09,22.44,22.11,18.32
2024-09-26,002375,亚厦股份,fit,压力释放,3.98-4.16-3.34-3.29,高-低-低,4.52%-19.71%-1.50%,32,11.9,1.4,3.43,4.57,153023.0,1.0,3.15,10,📉ema📈res📉adx📈rsi,bull | 1.87% | 回补,,,100.0 | 80.53 | 1.24 | no,n 87｜s 00｜d 1.12%,0,绿暗[+0.02]-绿亮[+0.03]-绿暗[+0.03]-绿暗[+0.02]-绿亮[+0.03]-绿亮[+0.06],低-低-低-低-低-高,否,70.54,3.67,"{""sqz"": {""bb_length"": 20, ""bb_mult"": 1.8, ""kc_length"": 20, ""kc_mult"": 1.5, ""use_true_range"": true, ""min_sqz_bars"": 5}, ""ema"": {""ema_length"": 200}, ""rsi"": {""rsi_length"": 14, ""rsi_ma_length"": 14, ""rsi_smooth"": ""SMA""}, ""sto"": {""stoch_length"": 14, ""smooth_k"": 3, ""smooth_d"": 3}, ""adx"": {""adx_length"": 14, ""adx_threshold"": 25}, ""r&s"": {""srb_left"": 10, ""srb_right"": 10}, ""atr"": {""atr_length"": 14, ""atr_mult"": 1.0, ""atr_smooth"": ""RMA""}, ""mcd"": {""fast_length"": 12, ""slow_length"": 26, ""signal_length"": 9}}",装修装饰Ⅱ,51.99,51.48,3.21,13.7,19.53,9.33,10.5,7.29,9.33,7.58,8.45,5.83,5.83,6.41,9.04,8.75,9.91,12.83,15.16,11.37,12.24,13.41,10.5,12.54,15.74,16.91,19.83,17.49,17.49,18.66,17.49,15.16
2024-09-26,002382,蓝帆医疗,fit,压力释放,6.0-5.87-4.48-4.66,低-低-高,2.17%-23.68%-4.02%,31,11.75,0.71,4.75,2.37,115440.0,1.0,4.51,9,📉ema📈res📉adx🗒️rsi,bull | 1.98% | 未补,,,95.67 | 78.38 | 1.22 | no,n 60｜s 00｜d 0.73%,0,绿暗[+0.04]-绿亮[+0.04]-绿暗[+0.02]-绿暗[+0.02]-绿亮[+0.02]-绿亮[+0.04],低-低-低-低-低-高,否,64.78,5.26,"{""sqz"": {""bb_length"": 20, ""bb_mult"": 1.8, ""kc_length"": 20, ""kc_mult"": 1.5, ""use_true_range"": true, ""min_sqz_bars"": 5}, ""ema"": {""ema_length"": 200}, ""rsi"": {""rsi_length"": 14, ""rsi_ma_length"": 14, ""rsi_smooth"": ""SMA""}, ""sto"": {""stoch_length"": 14, ""smooth_k"": 3, ""smooth_d"": 3}, ""adx"": {""adx_length"": 14, ""adx_threshold"": 25}, ""r&s"": {""srb_left"": 10, ""srb_right"": 10}, ""atr"": {""atr_length"": 14, ""atr_mult"": 1.0, ""atr_smooth"": ""RMA""}, ""mcd"": {""fast_length"": 12, ""slow_length"": 26, ""signal_length"": 9}}",医疗器械,77.85,77.28,2.95,12.0,19.58,11.37,12.63,7.79,8.42,6.95,6.32,5.05,6.74,6.74,10.11,10.74,11.37,15.16,18.32,13.89,14.32,14.95,12.84,12.42,13.47,13.89,18.32,17.89,18.32,20.0,17.47,14.11
2024-09-26,002402,和而泰,fit,压力释放,12.04-11.39-10.71-9.66,低-低-低,5.40%-5.97%-9.80%,17,12.33,1.31,9.72,3.85,166636.0,2.0,9.04,14,📉ema📈res📉adx🗒️rsi,no | no | 回补,,,100.0 | 87.77 | 1.14 | no,n 80｜s 00｜d 2.08%,5,红亮[-0.01]-红亮[-0.03]-红亮[-0.05]-红亮[-0.08]-红暗[-0.03]-绿亮[+0.02],低-低-低-低-低-低,否,61.53,11.2,"{""sqz"": {""bb_length"": 20, ""bb_mult"": 1.8, ""kc_length"": 20, ""kc_mult"": 1.5, ""use_true_range"": true, ""min_sqz_bars"": 5}, ""ema"": {""ema_length"": 200}, ""rsi"": {""rsi_length"": 14, ""rsi_ma_length"": 14, ""rsi_smooth"": ""SMA""}, ""sto"": {""stoch_length"": 14, ""smooth_k"": 3, ""smooth_d"": 3}, ""adx"": {""adx_length"": 14, ""adx_threshold"": 25}, ""r&s"": {""srb_left"": 10, ""srb_right"": 10}, ""atr"": {""atr_length"": 14, ""atr_mult"": 1.0, ""atr_smooth"": ""RMA""}, ""mcd"": {""fast_length"": 12, ""slow_length"": 26, ""signal_length"": 9}}",家电零部件Ⅱ,277.21,243.92,6.58,16.36,25.93,15.74,14.61,8.54,12.04,8.74,7.1,6.69,12.65,14.61,14.92,15.74,15.12,17.49,16.77,20.27,22.33,23.97,21.19,27.88,31.17,29.42,28.6,31.07,44.24,58.74,74.69,92.28
2024-09-26,002410,广联达,fit,压力释放,14.14-13.82-10.94-10.27,低-低-低,2.26%-20.84%-6.12%,16,18.59,1.31,11.02,10.2,650745.0,4.0,9.47,12,📉ema📈res📉adx🗒️rsi,no | no | 回补,,,100.0 | 93.04 | 1.07 | no,n 84｜s 00｜d 2.97%,5,红亮[-0.28]-红暗[-0.23]-红暗[-0.20]-红暗[-0.15]-红暗[-0.01]-绿亮[+0.12],低-低-低-低-低-高,是,67.64,11.95,"{""sqz"": {""bb_length"": 20, ""bb_mult"": 1.8, ""kc_length"": 20, ""kc_mult"": 1.5, ""use_true_range"": true, ""min_sqz_bars"": 5}, ""ema"": {""ema_length"": 200}, ""rsi"": {""rsi_length"": 14, ""rsi_ma_length"": 14, ""rsi_smooth"": ""SMA""}, ""sto"": {""stoch_length"": 14, ""smooth_k"": 3, ""smooth_d"": 3}, ""adx"": {""adx_length"": 14, ""adx_threshold"": 25}, ""r&s"": {""srb_left"": 10, ""srb_right"": 10}, ""atr"": {""atr_length"": 14, ""atr_mult"": 1.0, ""atr_smooth"": ""RMA""}, ""mcd"": {""fast_length"": 12, ""slow_length"": 26, ""signal_length"": 9}}",软件开发,185.84,176.64,10.16,21.32,33.58,34.75,22.41,15.06,26.68,30.58,34.94,24.59,30.04,34.03,36.48,33.39,30.67,29.58,35.57,32.12,33.76,27.5,18.51,17.97,23.96,23.68,28.13,27.95,32.67,33.21,33.94,30.58
2024-09-26,002430,杭氧股份,fit,压力释放,28.24-30.64-19.75-18.08,高-低-低,8.50%-35.54%-8.46%,17,12.23,1.67,19.13,8.69,140333.0,1.0,16.69,10,📉ema📈res📉adx🗒️rsi,no | no | 回补,,,100.0 | 79.29 | 1.26 | no,n 84｜s 00｜d 1.37%,6,红亮[-0.23]-红暗[-0.17]-红亮[-0.25]-红亮[-0.35]-红暗[-0.23]-红暗[-0.15],低-低-低-低-低-高,否,65.29,23.76,"{""sqz"": {""bb_length"": 20, ""bb_mult"": 1.8, ""kc_length"": 20, ""kc_mult"": 1.5, ""use_true_range"": true, ""min_sqz_bars"": 5}, ""ema"": {""ema_length"": 200}, ""rsi"": {""rsi_length"": 14, ""rsi_ma_length"": 14, ""rsi_smooth"": ""SMA""}, ""sto"": {""stoch_length"": 14, ""smooth_k"": 3, ""smooth_d"": 3}, ""adx"": {""adx_length"": 14, ""adx_threshold"": 25}, ""r&s"": {""srb_left"": 10, ""srb_right"": 10}, ""atr"": {""atr_length"": 14, ""atr_mult"": 1.0, ""atr_smooth"": ""RMA""}, ""mcd"": {""fast_length"": 12, ""slow_length"": 26, ""signal_length"": 9}}",化学制品,281.18,281.07,10.19,21.43,21.33,10.45,15.0,7.84,11.55,7.16,8.21,11.19,17.35,21.54,21.38,22.74,18.45,19.08,26.82,30.53,31.26,29.43,35.6,35.49,36.43,35.49,36.54,39.73,36.17,35.81,35.39,31.94
2024-09-26,002467,二六三,fit,压力释放,3.98-3.59-3.41-3.4,低-低-低,9.80%-5.01%-0.29%,26,10.39,1.33,3.56,2.59,353053.0,3.0,3.34,24,📉ema📈res📉adx🗒️rsi,no | no | 回补,,,100.0 | 98.23 | 1.02 | no,n 86｜s 00｜d 1.09%,1,红亮[-0.01]-绿亮[+0.01]-绿亮[+0.03]-绿亮[+0.05]-绿亮[+0.08]-绿亮[+0.10],低-低-高-高-高-高,否,64.3,3.79,"{""sqz"": {""bb_length"": 20, ""bb_mult"": 1.8, ""kc_length"": 20, ""kc_mult"": 1.5, ""use_true_range"": true, ""min_sqz_bars"": 5}, ""ema"": {""ema_length"": 200}, ""rsi"": {""rsi_length"": 14, ""rsi_ma_length"": 14, ""rsi_smooth"": ""SMA""}, ""sto"": {""stoch_length"": 14, ""smooth_k"": 3, ""smooth_d"": 3}, ""adx"": {""adx_length"": 14, ""adx_threshold"": 25}, ""r&s"": {""srb_left"": 10, ""srb_right"": 10}, ""atr"": {""atr_length"": 14, ""atr_mult"": 1.0, ""atr_smooth"": ""RMA""}, ""mcd"": {""fast_length"": 12, ""slow_length"": 26, ""signal_length"": 9}}",通信服务,100.81,100.19,4.21,14.04,21.91,10.96,10.11,5.9,9.55,7.58,8.15,7.58,10.39,12.08,12.08,12.92,12.36,14.33,20.79,17.42,18.26,19.94,12.36,13.2,17.13,21.07,25.28,27.53,32.02,26.69,26.69,21.91
2024-09-26,002479,富春环保,fit,压力释放,4.03-4.04-3.52-3.7,高-低-高,0.25%-12.87%-5.11%,23,7.56,0.87,3.83,1.59,93694.0,1.0,3.65,6,📈ema📈res📈adx🗒️rsi,no | no | 回补,,,100.0 | 91.14 | 1.1 | no,n 71｜s 00｜d 1.43%,0,绿暗[+0.07]-绿亮[+0.07]-绿暗[+0.05]-绿亮[+0.07]-绿亮[+0.08]-绿亮[+0.09],低-低-低-低-高-高,否,68.84,3.83,"{""sqz"": {""bb_length"": 20, ""bb_mult"": 1.8, ""kc_length"": 20, ""kc_mult"": 1.5, ""use_true_range"": true, ""min_sqz_bars"": 5}, ""ema"": {""ema_length"": 200}, ""rsi"": {""rsi_length"": 14, ""rsi_ma_length"": 14, ""rsi_smooth"": ""SMA""}, ""sto"": {""stoch_length"": 14, ""smooth_k"": 3, ""smooth_d"": 3}, ""adx"": {""adx_length"": 14, ""adx_threshold"": 25}, ""r&s"": {""srb_left"": 10, ""srb_right"": 10}, ""atr"": {""atr_length"": 14, ""atr_mult"": 1.0, ""atr_smooth"": ""RMA""}, ""mcd"": {""fast_length"": 12, ""slow_length"": 26, ""signal_length"": 9}}",电力,50.69,50.58,2.61,11.23,17.49,8.36,10.44,7.57,15.4,15.14,19.32,15.14,16.19,16.71,20.37,24.8,20.63,20.1,21.93,19.06,18.8,19.32,18.28,18.8,20.1,19.32,23.24,22.45,23.76,21.41,21.15,17.75
2024-09-26,002484,江海股份,fit,一直释放,18.77-16.0-14.8-13.35,低-低-低,14.76%-7.50%-9.80%,47,24.53,1.0,13.42,3.71,130474.0,2.0,12.42,26,📉ema📈res📉adx🗒️rsi,no | no | 未补,,,100.0 | 69.94 | 1.43 | no,n 35｜s 00｜d 4.14%,0,绿暗[+0.96]-绿暗[+0.89]-绿暗[+0.80]-绿暗[+0.68]-绿暗[+0.66]-绿暗[+0.63],低-低-低-低-低-低,否,68.39,14.1,"{""sqz"": {""bb_length"": 20, ""bb_mult"": 1.8, ""kc_length"": 20, ""kc_mult"": 1.5, ""use_true_range"": true, ""min_sqz_bars"": 5}, ""ema"": {""ema_length"": 200}, ""rsi"": {""rsi_length"": 14, ""rsi_ma_length"": 14, ""rsi_smooth"": ""SMA""}, ""sto"": {""stoch_length"": 14, ""smooth_k"": 3, ""smooth_d"": 3}, ""adx"": {""adx_length"": 14, ""adx_threshold"": 25}, ""r&s"": {""srb_left"": 10, ""srb_right"": 10}, ""atr"": {""atr_length"": 14, ""atr_mult"": 1.0, ""atr_smooth"": ""RMA""}, ""mcd"": {""fast_length"": 12, ""slow_length"": 26, ""signal_length"": 9}}",元件,236.7,228.34,2.98,10.95,16.32,9.69,8.72,5.22,6.41,3.06,2.53,2.68,7.6,10.21,10.58,11.33,8.27,11.55,11.85,13.11,9.99,8.87,8.64,10.66,12.67,14.68,15.35,13.49,16.39,19.37,16.17,12.82
2024-09-26,002522,浙江众成,fit,压力释放,4.28-4.19-3.3-3.2,低-低-低,2.10%-21.24%-3.03%,38,12.68,1.25,3.31,2.8,111840.0,1.0,3.12,12,📉ema📈res📉adx🗒️rsi,bull | 1.26% | 回补,,,100.0 | 94.01 | 1.06 | no,n 55｜s 00｜d 1.35%,0,绿亮[+0.04]-绿亮[+0.06]-绿亮[+0.07]-绿亮[+0.07]-绿亮[+0.08]-绿亮[+0.10],低-低-低-低-低-高,否,68.95,3.73,"{""sqz"": {""bb_length"": 20, ""bb_mult"": 1.8, ""kc_length"": 20, ""kc_mult"": 1.5, ""use_true_range"": true, ""min_sqz_bars"": 5}, ""ema"": {""ema_length"": 200}, ""rsi"": {""rsi_length"": 14, ""rsi_ma_length"": 14, ""rsi_smooth"": ""SMA""}, ""sto"": {""stoch_length"": 14, ""smooth_k"": 3, ""smooth_d"": 3}, ""adx"": {""adx_length"": 14, ""adx_threshold"": 25}, ""r&s"": {""srb_left"": 10, ""srb_right"": 10}, ""atr"": {""atr_length"": 14, ""atr_mult"": 1.0, ""atr_smooth"": ""RMA""}, ""mcd"": {""fast_length"": 12, ""slow_length"": 26, ""signal_length"": 9}}",塑料,51.72,51.68,3.63,13.6,21.75,10.27,11.18,6.95,8.16,6.65,6.95,5.74,7.85,7.85,9.37,20.24,19.64,19.34,23.87,22.36,21.75,26.28,21.15,22.36,27.79,28.1,34.74,31.42,33.23,30.82,29.31,25.38
2024-09-26,002523,天桥起重,fit,压力释放,3.39-3.28-2.36-2.3,低-低-低,3.24%-28.05%-2.54%,16,8.49,1.68,2.46,5.13,430888.0,3.0,2.26,17,📉ema📈res📉adx📈rsi,bull | 0.43% | 回补,,,100.0 | 100.0 | 1.0 | no,n 80｜s 00｜d 1.56%,1,红暗[-0.00]-绿亮[+0.01]-绿亮[+0.02]-绿亮[+0.03]-绿亮[+0.05]-绿亮[+0.06],低-低-低-低-高-高,否,76.03,2.65,"{""sqz"": {""bb_length"": 20, ""bb_mult"": 1.8, ""kc_length"": 20, ""kc_mult"": 1.5, ""use_true_range"": true, ""min_sqz_bars"": 5}, ""ema"": {""ema_length"": 200}, ""rsi"": {""rsi_length"": 14, ""rsi_ma_length"": 14, ""rsi_smooth"": ""SMA""}, ""sto"": {""stoch_length"": 14, ""smooth_k"": 3, ""smooth_d"": 3}, ""adx"": {""adx_length"": 14, ""adx_threshold"": 25}, ""r&s"": {""srb_left"": 10, ""srb_right"": 10}, ""atr"": {""atr_length"": 14, ""atr_mult"": 1.0, ""atr_smooth"": ""RMA""}, ""mcd"": {""fast_length"": 12, ""slow_length"": 26, ""signal_length"": 9}}",专用设备,57.37,57.17,2.44,10.57,15.04,5.28,7.32,2.03,5.69,3.66,4.88,2.44,4.88,4.47,6.91,8.54,9.35,13.41,20.73,17.89,18.7,23.98,21.14,23.58,25.61,27.64,30.89,27.24,27.64,23.98,21.95,17.48
2024-09-26,002539,云图控股,fit,一直释放,7.74-7.77-8.93-7.23,高-高-低,0.39%-14.93%-19.04%,14,9.21,0.67,7.37,3.95,129192.0,1.0,6.85,18,📈ema📈res📉adx📈rsi,no | no | 回补,,,87.97 | 60.72 | 1.45 | no,n 27｜s 00｜d 5.64%,0,绿暗[+0.27]-绿暗[+0.23]-绿暗[+0.18]-绿暗[+0.12]-绿暗[+0.10]-绿暗[+0.09],低-低-低-低-低-高,否,70.37,7.33,"{""sqz"": {""bb_length"": 20, ""bb_mult"": 1.8, ""kc_length"": 20, ""kc_mult"": 1.5, ""use_true_range"": true, ""min_sqz_bars"": 5}, ""ema"": {""ema_length"": 200}, ""rsi"": {""rsi_length"": 14, ""rsi_ma_length"": 14, ""rsi_smooth"": ""SMA""}, ""sto"": {""stoch_length"": 14, ""smooth_k"": 3, ""smooth_d"": 3}, ""adx"": {""adx_length"": 14, ""adx_threshold"": 25}, ""r&s"": {""srb_left"": 10, ""srb_right"": 10}, ""atr"": {""atr_length"": 14, ""atr_mult"": 1.0, ""atr_smooth"": ""RMA""}, ""mcd"": {""fast_length"": 12, ""slow_length"": 26, ""signal_length"": 9}}",农化制品,175.6,128.13,3.26,11.13,16.96,9.23,10.31,4.21,6.78,4.07,6.92,4.21,6.51,5.7,6.78,8.82,7.46,10.31,8.41,5.29,5.7,4.88,4.34,5.56,7.19,7.06,9.63,8.55,9.23,10.04,9.09,7.6
2024-09-26,002707,众信旅游,fit,压力释放,7.19-7.2-7.33-6.49,高-高-低,0.14%-1.81%-11.46%,12,10.75,0.99,6.6,4.6,320216.0,4.0,6.14,13,📈ema📈res📉adx🗒️rsi,bull | 0.64% | 回补,,,97.6 | 77.85 | 1.25 | no,n 92｜s 00｜d 0.61%,0,绿暗[+0.06]-绿亮[+0.07]-绿暗[+0.07]-绿暗[+0.04]-绿亮[+0.05]-绿亮[+0.06],低-低-低-低-低-低,是,62.88,6.56,"{""sqz"": {""bb_length"": 20, ""bb_mult"": 1.8, ""kc_length"": 20, ""kc_mult"": 1.5, ""use_true_range"": true, ""min_sqz_bars"": 5}, ""ema"": {""ema_length"": 200}, ""rsi"": {""rsi_length"": 14, ""rsi_ma_length"": 14, ""rsi_smooth"": ""SMA""}, ""sto"": {""stoch_length"": 14, ""smooth_k"": 3, ""smooth_d"": 3}, ""adx"": {""adx_length"": 14, ""adx_threshold"": 25}, ""r&s"": {""srb_left"": 10, ""srb_right"": 10}, ""atr"": {""atr_length"": 14, ""atr_mult"": 1.0, ""atr_smooth"": ""RMA""}, ""mcd"": {""fast_length"": 12, ""slow_length"": 26, ""signal_length"": 9}}",旅游及景区,64.37,54.05,4.09,14.55,14.85,5.61,6.06,1.67,2.58,2.42,5.45,9.24,16.67,21.82,22.88,19.7,17.12,16.21,18.64,16.97,18.64,17.88,19.55,16.06,16.52,16.21,21.21,19.7,19.55,22.73,15.91,11.52
2024-09-26,002867,周大生,fit,压力释放,18.51-17.87-15.77-9.93,低-低-低,3.46%-11.75%-37.03%,17,11.82,1.39,10.54,7.11,167439.0,2.0,9.42,9,📉ema📈res📉adx🗒️rsi,bull | 0.20% | 回补,,,100.0 | 89.42 | 1.12 | no,n 81｜s 00｜d 1.66%,0,绿亮[+0.18]-绿亮[+0.22]-绿亮[+0.23]-绿暗[+0.20]-绿亮[+0.25]-绿亮[+0.27],低-低-低-低-低-高,是,67.45,13.51,"{""sqz"": {""bb_length"": 20, ""bb_mult"": 1.8, ""kc_length"": 20, ""kc_mult"": 1.5, ""use_true_range"": true, ""min_sqz_bars"": 5}, ""ema"": {""ema_length"": 200}, ""rsi"": {""rsi_length"": 14, ""rsi_ma_length"": 14, ""rsi_smooth"": ""SMA""}, ""sto"": {""stoch_length"": 14, ""smooth_k"": 3, ""smooth_d"": 3}, ""adx"": {""adx_length"": 14, ""adx_threshold"": 25}, ""r&s"": {""srb_left"": 10, ""srb_right"": 10}, ""atr"": {""atr_length"": 14, ""atr_mult"": 1.0, ""atr_smooth"": ""RMA""}, ""mcd"": {""fast_length"": 12, ""slow_length"": 26, ""signal_length"": 9}}",饰品,128.52,127.77,4.36,13.85,13.66,3.32,3.8,-0.28,2.37,-0.57,1.8,0.19,2.56,1.8,4.08,5.12,3.61,3.32,1.8,-0.19,-3.61,-1.42,-2.66,-0.95,0.57,0.0,6.55,5.98,4.65,6.83,9.2,9.49
2024-09-26,002906,华阳集团,fit,压力释放,31.05-28.53-29.99-25.38,低-高-低,8.12%-5.12%-15.37%,12,9.59,1.04,25.87,5.08,125843.0,2.0,23.58,14,📉ema📈res📉adx🗒️rsi,no | no | 回补,,,95.3 | 92.82 | 1.03 | no,n 89｜s 00｜d 1.80%,0,绿亮[+0.88]-绿亮[+0.92]-绿亮[+0.98]-绿暗[+0.96]-绿亮[+1.05]-绿亮[+1.08],低-低-低-低-低-高,否,67.15,26.48,"{""sqz"": {""bb_length"": 20, ""bb_mult"": 1.8, ""kc_length"": 20, ""kc_mult"": 1.5, ""use_true_range"": true, ""min_sqz_bars"": 5}, ""ema"": {""ema_length"": 200}, ""rsi"": {""rsi_length"": 14, ""rsi_ma_length"": 14, ""rsi_smooth"": ""SMA""}, ""sto"": {""stoch_length"": 14, ""smooth_k"": 3, ""smooth_d"": 3}, ""adx"": {""adx_length"": 14, ""adx_threshold"": 25}, ""r&s"": {""srb_left"": 10, ""srb_right"": 10}, ""atr"": {""atr_length"": 14, ""atr_mult"": 1.0, ""atr_smooth"": ""RMA""}, ""mcd"": {""fast_length"": 12, ""slow_length"": 26, ""signal_length"": 9}}",汽车零部件,143.83,143.78,5.22,15.27,24.78,14.84,15.08,9.47,11.25,14.07,13.76,15.81,19.91,20.53,21.07,20.37,18.71,18.21,17.32,16.54,14.69,13.3,10.4,17.16,19.79,20.68,21.18,25.36,32.93,29.45,28.02,24.04
2024-09-26,002987,京北方,fit,压力释放,8.89-8.0-7.04-8.31,低-低-高,10.01%-12.00%-18.04%,17,17.87,1.69,8.57,1.3,454144.0,8.0,7.79,9,📈ema📈res📉adx📈rsi,bull | 2.26% | 未补,,,99.7 | 86.23 | 1.16 | no,n 75｜s 00｜d 3.15%,5,红亮[-0.01]-红亮[-0.03]-红亮[-0.04]-红亮[-0.09]-红暗[-0.03]-绿亮[+0.08],低-低-低-低-低-高,否,71.0,7.75,"{""sqz"": {""bb_length"": 20, ""bb_mult"": 1.8, ""kc_length"": 20, ""kc_mult"": 1.5, ""use_true_range"": true, ""min_sqz_bars"": 5}, ""ema"": {""ema_length"": 200}, ""rsi"": {""rsi_length"": 14, ""rsi_ma_length"": 14, ""rsi_smooth"": ""SMA""}, ""sto"": {""stoch_length"": 14, ""smooth_k"": 3, ""smooth_d"": 3}, ""adx"": {""adx_length"": 14, ""adx_threshold"": 25}, ""r&s"": {""srb_left"": 10, ""srb_right"": 10}, ""atr"": {""atr_length"": 14, ""atr_mult"": 1.0, ""atr_smooth"": ""RMA""}, ""mcd"": {""fast_length"": 12, ""slow_length"": 26, ""signal_length"": 9}}",软件开发,141.14,137.25,5.37,16.1,27.89,28.82,20.65,32.91,36.64,36.99,24.97,29.99,32.91,46.32,36.29,31.04,25.32,25.79,28.24,29.75,26.37,27.3,17.5,21.82,25.55,27.65,31.16,29.64,34.54,32.44,32.32,28.94
2024-09-26,003040,楚天龙,fit,压力释放,13.35-13.0-11.19-10.47,低-低-低,2.62%-13.92%-6.43%,13,14.8,1.56,10.65,2.11,78881.0,2.0,9.92,8,📉ema📈res📉adx🗒️rsi,bull | 1.38% | 未补,,,100.0 | 100.0 | 1.0 | no,n 76｜s 00｜d 1.62%,4,红暗[-0.26]-红暗[-0.18]-红暗[-0.10]-红暗[-0.03]-绿亮[+0.09]-绿亮[+0.23],低-低-低-低-低-高,否,62.77,13.05,"{""sqz"": {""bb_length"": 20, ""bb_mult"": 1.8, ""kc_length"": 20, ""kc_mult"": 1.5, ""use_true_range"": true, ""min_sqz_bars"": 5}, ""ema"": {""ema_length"": 200}, ""rsi"": {""rsi_length"": 14, ""rsi_ma_length"": 14, ""rsi_smooth"": ""SMA""}, ""sto"": {""stoch_length"": 14, ""smooth_k"": 3, ""smooth_d"": 3}, ""adx"": {""adx_length"": 14, ""adx_threshold"": 25}, ""r&s"": {""srb_left"": 10, ""srb_right"": 10}, ""atr"": {""atr_length"": 14, ""atr_mult"": 1.0, ""atr_smooth"": ""RMA""}, ""mcd"": {""fast_length"": 12, ""slow_length"": 26, ""signal_length"": 9}}",通信设备,74.84,74.15,4.88,15.4,26.38,15.21,12.39,9.39,13.24,11.55,12.02,12.39,15.77,19.25,16.43,15.96,15.49,16.34,17.0,14.74,15.02,15.87,6.76,11.92,15.68,16.43,21.03,21.31,25.35,24.51,22.44,19.72
2024-09-26,300055,万邦达,fit,压力释放,5.25-5.27-5.12-4.3,高-低-低,0.38%-2.84%-15.94%,26,16.17,1.28,4.31,4.1,164174.0,3.0,3.96,7,📉ema📈res📉adx🗒️rsi,bull | 1.23% | 未补,,,100.0 | 87.97 | 1.14 | no,n 84｜s 00｜d 1.00%,4,红暗[-0.10]-红暗[-0.06]-红暗[-0.03]-红暗[-0.02]-绿亮[+0.01]-绿亮[+0.06],低-低-低-低-低-低,是,66.22,4.78,"{""sqz"": {""bb_length"": 20, ""bb_mult"": 1.8, ""kc_length"": 20, ""kc_mult"": 1.5, ""use_true_range"": true, ""min_sqz_bars"": 5}, ""ema"": {""ema_length"": 200}, ""rsi"": {""rsi_length"": 14, ""rsi_ma_length"": 14, ""rsi_smooth"": ""SMA""}, ""sto"": {""stoch_length"": 14, ""smooth_k"": 3, ""smooth_d"": 3}, ""adx"": {""adx_length"": 14, ""adx_threshold"": 25}, ""r&s"": {""srb_left"": 10, ""srb_right"": 10}, ""atr"": {""atr_length"": 14, ""atr_mult"": 1.0, ""atr_smooth"": ""RMA""}, ""mcd"": {""fast_length"": 12, ""slow_length"": 26, ""signal_length"": 9}}",炼化及贸易,94.05,71.13,4.4,18.98,35.65,17.36,19.44,12.73,15.97,13.89,13.66,12.27,16.44,16.9,19.91,21.53,19.44,21.99,28.7,21.99,25.0,24.31,18.98,19.91,23.84,25.69,34.72,32.18,33.56,30.56,29.63,26.16
2024-09-26,300130,新国都,fit,压力释放,21.67-19.02-15.68-16.67,低-低-高,12.23%-17.55%-6.29%,13,18.36,1.87,17.61,1.69,467168.0,11.0,16.16,10,📉ema📈res📈adx🗒️rsi,bull | 5.03% | 未补,,,96.61 | 85.15 | 1.13 | no,n 87｜s 00｜d 1.67%,5,红亮[-0.20]-红亮[-0.23]-红暗[-0.22]-红亮[-0.26]-红暗[-0.16]-绿亮[+0.11],低-低-低-低-低-高,否,67.75,18.75,"{""sqz"": {""bb_length"": 20, ""bb_mult"": 1.8, ""kc_length"": 20, ""kc_mult"": 1.5, ""use_true_range"": true, ""min_sqz_bars"": 5}, ""ema"": {""ema_length"": 200}, ""rsi"": {""rsi_length"": 14, ""rsi_ma_length"": 14, ""rsi_smooth"": ""SMA""}, ""sto"": {""stoch_length"": 14, ""smooth_k"": 3, ""smooth_d"": 3}, ""adx"": {""adx_length"": 14, ""adx_threshold"": 25}, ""r&s"": {""srb_left"": 10, ""srb_right"": 10}, ""atr"": {""atr_length"": 14, ""atr_mult"": 1.0, ""atr_smooth"": ""RMA""}, ""mcd"": {""fast_length"": 12, ""slow_length"": 26, ""signal_length"": 9}}",计算机设备,131.61,100.72,5.93,26.15,51.36,45.87,37.78,37.23,37.95,42.11,46.48,52.63,56.84,88.2,69.92,61.5,55.62,57.12,60.06,50.8,49.36,52.35,35.62,38.12,44.32,49.7,50.64,50.08,55.79,54.96,51.02,49.75
2024-09-26,300146,汤臣倍健,fit,压力释放,16.34-15.64-13.27-11.12,低-低-低,4.27%-15.17%-16.20%,17,7.79,2.25,11.63,5.72,331621.0,3.0,10.61,11,📉ema📈res📉adx🗒️rsi,bull | 0.18% | 回补,,,100.0 | 89.01 | 1.12 | no,n 86｜s 00｜d 1.19%,0,绿亮[+0.04]-绿亮[+0.09]-绿亮[+0.13]-绿暗[+0.10]-绿亮[+0.14]-绿亮[+0.19],低-低-低-低-低-高,是,64.78,13.97,"{""sqz"": {""bb_length"": 20, ""bb_mult"": 1.8, ""kc_length"": 20, ""kc_mult"": 1.5, ""use_true_range"": true, ""min_sqz_bars"": 5}, ""ema"": {""ema_length"": 200}, ""rsi"": {""rsi_length"": 14, ""rsi_ma_length"": 14, ""rsi_smooth"": ""SMA""}, ""sto"": {""stoch_length"": 14, ""smooth_k"": 3, ""smooth_d"": 3}, ""adx"": {""adx_length"": 14, ""adx_threshold"": 25}, ""r&s"": {""srb_left"": 10, ""srb_right"": 10}, ""atr"": {""atr_length"": 14, ""atr_mult"": 1.0, ""atr_smooth"": ""RMA""}, ""mcd"": {""fast_length"": 12, ""slow_length"": 26, ""signal_length"": 9}}",食品加工,185.58,122.94,7.83,24.06,33.22,16.57,16.07,11.16,10.82,6.66,4.83,4.08,7.99,7.58,9.74,9.08,12.74,12.16,8.74,6.08,5.75,6.08,5.08,6.58,10.41,9.91,15.65,13.57,13.41,12.99,12.57,8.24
2024-09-26,300185,通裕重工,fit,压力释放,2.43-2.39-1.94-1.91,低-低-低,1.63%-18.57%-1.54%,27,9.71,1.87,1.93,2.65,517543.0,1.0,1.83,8,📉ema📈res📉adx🗒️rsi,bull | 1.08% | 回补,,,100.0 | 87.5 | 1.14 | no,n 77｜s 00｜d 0.67%,5,红暗[-0.03]-红暗[-0.02]-红暗[-0.01]-红亮[-0.01]-红暗[-0.00]-绿亮[+0.01],低-低-低-低-低-高,否,67.57,2.09,"{""sqz"": {""bb_length"": 20, ""bb_mult"": 1.8, ""kc_length"": 20, ""kc_mult"": 1.5, ""use_true_range"": true, ""min_sqz_bars"": 5}, ""ema"": {""ema_length"": 200}, ""rsi"": {""rsi_length"": 14, ""rsi_ma_length"": 14, ""rsi_smooth"": ""SMA""}, ""sto"": {""stoch_length"": 14, ""smooth_k"": 3, ""smooth_d"": 3}, ""adx"": {""adx_length"": 14, ""adx_threshold"": 25}, ""r&s"": {""srb_left"": 10, ""srb_right"": 10}, ""atr"": {""atr_length"": 14, ""atr_mult"": 1.0, ""atr_smooth"": ""RMA""}, ""mcd"": {""fast_length"": 12, ""slow_length"": 26, ""signal_length"": 9}}",风电设备,144.97,137.9,5.67,22.68,43.3,24.23,29.9,20.1,25.26,21.13,20.62,20.1,24.74,49.48,44.33,60.31,50.52,50.52,48.97,44.33,44.33,52.58,53.09,49.48,57.22,54.64,66.49,63.92,63.92,59.28,56.7,50.52
2024-09-26,300224,正海磁材,fit,压力释放,11.09-9.98-8.82-8.34,低-低-低,10.03%-11.64%-5.47%,17,6.68,1.76,8.71,4.36,74928.0,1.0,8.1,15,📉ema📈res📉adx🗒️rsi,no | no | 回补,,,99.2 | 95.85 | 1.03 | no,n 91｜s 00｜d 1.01%,0,绿暗[+0.07]-绿亮[+0.08]-绿亮[+0.09]-绿暗[+0.09]-绿亮[+0.11]-绿亮[+0.13],低-低-低-低-高-高,否,66.82,9.7,"{""sqz"": {""bb_length"": 20, ""bb_mult"": 1.8, ""kc_length"": 20, ""kc_mult"": 1.5, ""use_true_range"": true, ""min_sqz_bars"": 5}, ""ema"": {""ema_length"": 200}, ""rsi"": {""rsi_length"": 14, ""rsi_ma_length"": 14, ""rsi_smooth"": ""SMA""}, ""sto"": {""stoch_length"": 14, ""smooth_k"": 3, ""smooth_d"": 3}, ""adx"": {""adx_length"": 14, ""adx_threshold"": 25}, ""r&s"": {""srb_left"": 10, ""srb_right"": 10}, ""atr"": {""atr_length"": 14, ""atr_mult"": 1.0, ""atr_smooth"": ""RMA""}, ""mcd"": {""fast_length"": 12, ""slow_length"": 26, ""signal_length"": 9}}",金属新材料,135.51,134.74,6.78,21.81,33.33,21.58,23.73,15.82,15.93,10.85,11.53,9.72,14.69,16.5,21.92,21.02,19.44,23.62,26.1,33.67,51.75,54.69,85.65,65.88,78.53,76.95,66.33,63.16,67.8,60.11,61.58,51.3
2024-09-26,300232,洲明科技,fit,压力释放,5.55-5.83-5.67-5.27,高-低-低,5.18%-2.77%-7.16%,17,10.1,0.96,5.42,3.12,193899.0,2.0,5.06,10,📉ema📈res📉adx🗒️rsi,no | no | 回补,,,96.84 | 84.29 | 1.15 | no,n 84｜s 00｜d 1.23%,5,绿暗[+0.01]-红亮[-0.01]-红亮[-0.02]-红亮[-0.04]-红暗[-0.03]-红暗[-0.00],低-低-低-低-低-高,否,67.63,5.58,"{""sqz"": {""bb_length"": 20, ""bb_mult"": 1.8, ""kc_length"": 20, ""kc_mult"": 1.5, ""use_true_range"": true, ""min_sqz_bars"": 5}, ""ema"": {""ema_length"": 200}, ""rsi"": {""rsi_length"": 14, ""rsi_ma_length"": 14, ""rsi_smooth"": ""SMA""}, ""sto"": {""stoch_length"": 14, ""smooth_k"": 3, ""smooth_d"": 3}, ""adx"": {""adx_length"": 14, ""adx_threshold"": 25}, ""r&s"": {""srb_left"": 10, ""srb_right"": 10}, ""atr"": {""atr_length"": 14, ""atr_mult"": 1.0, ""atr_smooth"": ""RMA""}, ""mcd"": {""fast_length"": 12, ""slow_length"": 26, ""signal_length"": 9}}",光学光电子,76.67,62.28,4.28,18.72,36.9,21.57,21.03,13.73,19.07,17.11,16.93,20.5,24.6,29.95,24.96,22.82,23.35,24.78,26.92,23.89,27.09,27.27,20.32,22.28,25.85,25.85,27.45,26.38,30.84,28.16,27.99,23.53
2024-09-26,300324,旋极信息,fit,压力释放,2.79-2.67-2.36-2.33,低-低-低,4.30%-11.61%-1.27%,26,15.92,0.9,2.47,1.65,1007313.0,6.0,2.29,24,📉ema📈res📈adx🗒️rsi,no | no | 未补,,,100.0 | 97.41 | 1.03 | no,n 62｜s 00｜d 2.83%,0,绿亮[+0.02]-绿亮[+0.04]-绿亮[+0.06]-绿亮[+0.08]-绿亮[+0.11]-绿亮[+0.13],低-低-低-高-高-高,否,64.79,2.59,"{""sqz"": {""bb_length"": 20, ""bb_mult"": 1.8, ""kc_length"": 20, ""kc_mult"": 1.5, ""use_true_range"": true, ""min_sqz_bars"": 5}, ""ema"": {""ema_length"": 200}, ""rsi"": {""rsi_length"": 14, ""rsi_ma_length"": 14, ""rsi_smooth"": ""SMA""}, ""sto"": {""stoch_length"": 14, ""smooth_k"": 3, ""smooth_d"": 3}, ""adx"": {""adx_length"": 14, ""adx_threshold"": 25}, ""r&s"": {""srb_left"": 10, ""srb_right"": 10}, ""atr"": {""atr_length"": 14, ""atr_mult"": 1.0, ""atr_smooth"": ""RMA""}, ""mcd"": {""fast_length"": 12, ""slow_length"": 26, ""signal_length"": 9}}",计算机设备,84.82,83.96,7.69,26.72,51.01,28.74,28.74,19.03,24.7,24.7,22.67,37.65,40.89,64.78,56.68,62.35,48.18,53.04,68.02,59.92,60.32,66.8,49.39,51.82,61.13,77.33,79.76,75.71,80.57,70.85,71.66,62.75
2024-09-26,300383,光环新网,fit,压力释放,9.44-8.91-8.34-8.1,低-低-低,5.57%-6.37%-2.98%,17,6.83,1.67,8.49,3.39,235470.0,1.0,7.98,19,📉ema📈res📉adx🗒️rsi,no | no | 回补,,,96.58 | 96.89 | 1.0 | no,n 97｜s 00｜d 1.10%,0,绿亮[+0.05]-绿亮[+0.08]-绿亮[+0.12]-绿亮[+0.14]-绿亮[+0.20]-绿亮[+0.23],低-低-高-高-高-高,否,68.06,8.7,"{""sqz"": {""bb_length"": 20, ""bb_mult"": 1.8, ""kc_length"": 20, ""kc_mult"": 1.5, ""use_true_range"": true, ""min_sqz_bars"": 5}, ""ema"": {""ema_length"": 200}, ""rsi"": {""rsi_length"": 14, ""rsi_ma_length"": 14, ""rsi_smooth"": ""SMA""}, ""sto"": {""stoch_length"": 14, ""smooth_k"": 3, ""smooth_d"": 3}, ""adx"": {""adx_length"": 14, ""adx_threshold"": 25}, ""r&s"": {""srb_left"": 10, ""srb_right"": 10}, ""atr"": {""atr_length"": 14, ""atr_mult"": 1.0, ""atr_smooth"": ""RMA""}, ""mcd"": {""fast_length"": 12, ""slow_length"": 26, ""signal_length"": 9}}",通信服务,311.52,310.82,6.57,23.33,42.91,24.27,23.56,16.65,19.93,18.17,17.23,17.35,22.98,25.91,24.62,25.32,23.8,26.03,30.48,26.14,26.73,27.08,20.05,23.09,27.55,28.96,31.77,34.0,41.97,50.29,44.78,37.4
2024-09-26,300465,高伟达,fit,压力释放,8.37-7.34-8.24-8.17,低-高-低,12.31%-12.26%-0.85%,15,16.88,1.65,8.66,0.7,396726.0,9.0,7.88,10,📈ema📈res📈adx🗒️rsi,bull | 1.59% | 未补,,,100.0 | 91.31 | 1.1 | no,n 80｜s 00｜d 1.79%,5,红亮[-0.15]-红暗[-0.15]-红暗[-0.11]-红亮[-0.11]-红暗[-0.02]-绿亮[+0.10],低-低-低-低-低-高,否,67.79,7.9,"{""sqz"": {""bb_length"": 20, ""bb_mult"": 1.8, ""kc_length"": 20, ""kc_mult"": 1.5, ""use_true_range"": true, ""min_sqz_bars"": 5}, ""ema"": {""ema_length"": 200}, ""rsi"": {""rsi_length"": 14, ""rsi_ma_length"": 14, ""rsi_smooth"": ""SMA""}, ""sto"": {""stoch_length"": 14, ""smooth_k"": 3, ""smooth_d"": 3}, ""adx"": {""adx_length"": 14, ""adx_threshold"": 25}, ""r&s"": {""srb_left"": 10, ""srb_right"": 10}, ""atr"": {""atr_length"": 14, ""atr_mult"": 1.0, ""atr_smooth"": ""RMA""}, ""mcd"": {""fast_length"": 12, ""slow_length"": 26, ""signal_length"": 9}}",软件开发,66.96,66.96,7.27,28.75,54.5,49.08,37.76,44.23,53.12,48.04,54.62,56.35,66.28,82.33,56.93,49.08,47.23,48.04,51.5,49.19,44.11,51.15,41.11,44.57,59.35,58.78,90.53,109.47,104.73,91.92,88.8,83.49
2024-09-26,300696,爱乐达,fit,压力释放,16.5-20.3-15.21-12.88,高-低-低,23.06%-25.07%-15.32%,12,13.68,1.19,13.92,12.53,168343.0,9.0,11.64,9,📉ema📈res📉adx🗒️rsi,no | no | 回补,,,98.71 | 77.25 | 1.28 | no,n 85｜s 00｜d 2.15%,4,红暗[-0.06]-红暗[-0.03]-红亮[-0.03]-红暗[-0.02]-绿亮[+0.02]-绿亮[+0.09],低-低-低-低-低-低,是,67.83,14.38,"{""sqz"": {""bb_length"": 20, ""bb_mult"": 1.8, ""kc_length"": 20, ""kc_mult"": 1.5, ""use_true_range"": true, ""min_sqz_bars"": 5}, ""ema"": {""ema_length"": 200}, ""rsi"": {""rsi_length"": 14, ""rsi_ma_length"": 14, ""rsi_smooth"": ""SMA""}, ""sto"": {""stoch_length"": 14, ""smooth_k"": 3, ""smooth_d"": 3}, ""adx"": {""adx_length"": 14, ""adx_threshold"": 25}, ""r&s"": {""srb_left"": 10, ""srb_right"": 10}, ""atr"": {""atr_length"": 14, ""atr_mult"": 1.0, ""atr_smooth"": ""RMA""}, ""mcd"": {""fast_length"": 12, ""slow_length"": 26, ""signal_length"": 9}}",航空装备Ⅱ,81.5,73.92,4.6,23.13,46.62,29.45,29.45,16.09,24.28,22.84,27.8,22.27,25.22,29.74,28.52,32.18,26.58,26.65,31.03,25.5,26.65,30.53,21.62,26.22,45.11,42.39,37.72,38.79,41.16,35.2,34.27,29.31
2024-09-26,300755,华致酒行,fit,压力释放,16.3-17.34-14.28-13.32,高-低-低,6.42%-17.67%-6.74%,32,26.91,2.93,14.1,20.0,143627.0,3.0,11.04,5,📉ema📈res📉adx📈rsi,no | no | 回补,,,98.76 | 96.03 | 1.03 | no,n 83｜s 00｜d 0.56%,4,红暗[-0.61]-红暗[-0.46]-红暗[-0.33]-红暗[-0.22]-绿亮[+0.01]-绿亮[+0.15],低-低-低-低-低-低,是,75.91,14.52,"{""sqz"": {""bb_length"": 20, ""bb_mult"": 1.8, ""kc_length"": 20, ""kc_mult"": 1.5, ""use_true_range"": true, ""min_sqz_bars"": 5}, ""ema"": {""ema_length"": 200}, ""rsi"": {""rsi_length"": 14, ""rsi_ma_length"": 14, ""rsi_smooth"": ""SMA""}, ""sto"": {""stoch_length"": 14, ""smooth_k"": 3, ""smooth_d"": 3}, ""adx"": {""adx_length"": 14, ""adx_threshold"": 25}, ""r&s"": {""srb_left"": 10, ""srb_right"": 10}, ""atr"": {""atr_length"": 14, ""atr_mult"": 1.0, ""atr_smooth"": ""RMA""}, ""mcd"": {""fast_length"": 12, ""slow_length"": 26, ""signal_length"": 9}}",专业连锁Ⅱ,54.43,54.39,16.67,39.91,49.39,19.51,22.7,13.69,15.31,14.77,14.23,12.8,18.7,20.53,24.59,23.44,18.36,20.66,24.59,15.85,12.33,14.43,17.34,23.78,29.2,29.95,47.43,37.53,34.62,32.52,32.11,28.79
2024-09-26,300999,金龙鱼,fit,压力释放,31.09-32.64-27.66-27.45,高-低-低,4.99%-15.26%-0.76%,33,12.08,1.94,27.79,6.57,161374.0,3.0,25.17,11,📉ema📈res📉adx🗒️rsi,no | no | 未补,,,100.0 | 80.91 | 1.24 | no,n 89｜s 00｜d 0.90%,1,红暗[-0.08]-绿亮[+0.07]-绿亮[+0.13]-绿暗[+0.04]-绿亮[+0.20]-绿亮[+0.32],低-低-低-低-低-低,否,66.91,29.44,"{""sqz"": {""bb_length"": 20, ""bb_mult"": 1.8, ""kc_length"": 20, ""kc_mult"": 1.5, ""use_true_range"": true, ""min_sqz_bars"": 5}, ""ema"": {""ema_length"": 200}, ""rsi"": {""rsi_length"": 14, ""rsi_ma_length"": 14, ""rsi_smooth"": ""SMA""}, ""sto"": {""stoch_length"": 14, ""smooth_k"": 3, ""smooth_d"": 3}, ""adx"": {""adx_length"": 14, ""adx_threshold"": 25}, ""r&s"": {""srb_left"": 10, ""srb_right"": 10}, ""atr"": {""atr_length"": 14, ""atr_mult"": 1.0, ""atr_smooth"": ""RMA""}, ""mcd"": {""fast_length"": 12, ""slow_length"": 26, ""signal_length"": 9}}",农产品加工,1555.45,155.69,7.57,27.25,48.69,30.37,27.32,21.51,21.69,17.6,15.74,15.24,20.26,19.43,20.15,20.54,18.68,20.51,23.13,20.47,19.15,16.57,15.38,18.64,22.7,23.05,35.46,33.7,32.45,31.09,30.62,26.89
2024-09-26,600008,首创环保,fit,压力释放,2.58-2.74-2.81-2.75,高-高-低,6.20%-2.55%-2.14%,15,7.84,2.65,2.83,1.07,923238.0,1.0,2.71,8,📈ema📈res📉adx🗒️rsi,bull | 0.73% | 未补,,,100.0 | 91.7 | 1.09 | no,n 55｜s 00｜d 0.62%,4,红暗[-0.04]-红暗[-0.02]-红暗[-0.02]-红暗[-0.01]-绿亮[+0.01]-绿亮[+0.04],低-低-低-低-低-高,否,64.67,2.58,"{""sqz"": {""bb_length"": 20, ""bb_mult"": 1.8, ""kc_length"": 20, ""kc_mult"": 1.5, ""use_true_range"": true, ""min_sqz_bars"": 5}, ""ema"": {""ema_length"": 200}, ""rsi"": {""rsi_length"": 14, ""rsi_ma_length"": 14, ""rsi_smooth"": ""SMA""}, ""sto"": {""stoch_length"": 14, ""smooth_k"": 3, ""smooth_d"": 3}, ""adx"": {""adx_length"": 14, ""adx_threshold"": 25}, ""r&s"": {""srb_left"": 10, ""srb_right"": 10}, ""atr"": {""atr_length"": 14, ""atr_mult"": 1.0, ""atr_smooth"": ""RMA""}, ""mcd"": {""fast_length"": 12, ""slow_length"": 26, ""signal_length"": 9}}",环境治理,235.63,235.63,2.12,9.54,12.37,4.59,7.07,4.95,8.48,4.95,7.07,4.59,6.01,6.01,7.42,8.13,8.13,8.48,10.95,9.54,13.07,15.19,15.19,16.25,17.67,16.61,21.2,17.67,20.14,17.67,16.61,13.78
2024-09-26,600048,保利发展,fit,压力释放,11.32-8.95-8.69-8.31,低-低-低,20.94%-2.91%-4.37%,17,16.55,1.66,8.95,10.22,3499781.0,3.0,7.68,6,📈ema📈res📉adx📈rsi,no | no | 回补,,,100.0 | 100.0 | 1.0 | no,n 70｜s 00｜d 0.55%,4,红暗[-0.33]-红暗[-0.24]-红暗[-0.15]-红暗[-0.05]-绿亮[+0.05]-绿亮[+0.16],低-低-低-低-低-高,否,74.59,8.65,"{""sqz"": {""bb_length"": 20, ""bb_mult"": 1.8, ""kc_length"": 20, ""kc_mult"": 1.5, ""use_true_range"": true, ""min_sqz_bars"": 5}, ""ema"": {""ema_length"": 200}, ""rsi"": {""rsi_length"": 14, ""rsi_ma_length"": 14, ""rsi_smooth"": ""SMA""}, ""sto"": {""stoch_length"": 14, ""smooth_k"": 3, ""smooth_d"": 3}, ""adx"": {""adx_length"": 14, ""adx_threshold"": 25}, ""r&s"": {""srb_left"": 10, ""srb_right"": 10}, ""atr"": {""atr_length"": 14, ""atr_mult"": 1.0, ""atr_smooth"": ""RMA""}, ""mcd"": {""fast_length"": 12, ""slow_length"": 26, ""signal_length"": 9}}",房地产开发,705.06,705.06,10.17,21.34,20.89,8.6,10.17,12.63,18.66,20.22,25.36,13.41,15.08,18.32,20.56,20.34,17.88,17.77,20.0,16.76,17.32,18.77,20.34,19.66,22.57,24.8,28.27,23.02,20.0,18.99,16.87,14.08
2024-09-26,600055,万东医疗,fit,压力释放,16.26-15.53-12.79-12.62,低-低-低,4.49%-17.64%-1.33%,17,8.05,1.4,13.09,4.64,77470.0,1.0,12.11,13,📉ema📈res📉adx🗒️rsi,bull | 0.57% | 回补,,,100.0 | 81.67 | 1.22 | no,n 87｜s 00｜d 1.10%,5,红亮[-0.04]-红暗[-0.02]-红亮[-0.02]-红亮[-0.04]-红暗[-0.01]-绿亮[+0.05],低-低-低-低-低-高,是,68.29,13.97,"{""sqz"": {""bb_length"": 20, ""bb_mult"": 1.8, ""kc_length"": 20, ""kc_mult"": 1.5, ""use_true_range"": true, ""min_sqz_bars"": 5}, ""ema"": {""ema_length"": 200}, ""rsi"": {""rsi_length"": 14, ""rsi_ma_length"": 14, ""rsi_smooth"": ""SMA""}, ""sto"": {""stoch_length"": 14, ""smooth_k"": 3, ""smooth_d"": 3}, ""adx"": {""adx_length"": 14, ""adx_threshold"": 25}, ""r&s"": {""srb_left"": 10, ""srb_right"": 10}, ""atr"": {""atr_length"": 14, ""atr_mult"": 1.0, ""atr_smooth"": ""RMA""}, ""mcd"": {""fast_length"": 12, ""slow_length"": 26, ""signal_length"": 9}}",医疗器械,102.51,102.51,4.28,14.29,21.08,10.54,9.17,4.28,5.35,2.29,1.45,-0.15,4.66,3.59,5.81,6.04,5.35,8.17,13.37,9.93,7.72,7.64,4.97,8.94,12.83,12.45,17.04,20.63,24.75,33.69,31.25,29.56
2024-09-26,600059,古越龙山,fit,压力释放,9.14-9.11-8.63-8.31,低-低-低,0.33%-5.27%-3.71%,32,13.06,2.79,8.31,5.32,173907.0,2.0,7.69,6,📉ema📉res📈adx📈rsi,no | no | 回补,,,100.0 | 100.0 | 1.0 | no,n 90｜s 31｜d 0.35%,5,红暗[-0.23]-红暗[-0.17]-红暗[-0.12]-红暗[-0.07]-红暗[-0.01]-绿亮[+0.06],低-低-低-低-低-低,是,73.08,8.36,"{""sqz"": {""bb_length"": 20, ""bb_mult"": 1.8, ""kc_length"": 20, ""kc_mult"": 1.5, ""use_true_range"": true, ""min_sqz_bars"": 5}, ""ema"": {""ema_length"": 200}, ""rsi"": {""rsi_length"": 14, ""rsi_ma_length"": 14, ""rsi_smooth"": ""SMA""}, ""sto"": {""stoch_length"": 14, ""smooth_k"": 3, ""smooth_d"": 3}, ""adx"": {""adx_length"": 14, ""adx_threshold"": 25}, ""r&s"": {""srb_left"": 10, ""srb_right"": 10}, ""atr"": {""atr_length"": 14, ""atr_mult"": 1.0, ""atr_smooth"": ""RMA""}, ""mcd"": {""fast_length"": 12, ""slow_length"": 26, ""signal_length"": 9}}",非白酒,80.67,80.67,3.01,10.95,12.15,4.09,4.81,3.13,3.49,1.2,1.2,-0.48,2.17,1.56,2.89,3.61,2.77,3.85,6.74,3.73,2.77,2.89,3.01,5.54,9.15,7.7,12.64,10.71,10.35,9.39,9.87,7.1
2024-09-26,600108,亚盛集团,fit,压力释放,2.84-2.53-2.5-2.46,低-低-低,10.92%-1.19%-1.60%,14,9.33,1.56,2.54,3.67,290253.0,1.0,2.38,24,📉ema📈res📉adx🗒️rsi,bull | 0.83% | 未补,,,100.0 | 85.49 | 1.17 | no,n 76｜s 00｜d 1.75%,6,红亮[-0.03]-红暗[-0.02]-红暗[-0.02]-红亮[-0.03]-红暗[-0.02]-红暗[-0.00],低-低-低-低-低-高,否,65.86,2.58,"{""sqz"": {""bb_length"": 20, ""bb_mult"": 1.8, ""kc_length"": 20, ""kc_mult"": 1.5, ""use_true_range"": true, ""min_sqz_bars"": 5}, ""ema"": {""ema_length"": 200}, ""rsi"": {""rsi_length"": 14, ""rsi_ma_length"": 14, ""rsi_smooth"": ""SMA""}, ""sto"": {""stoch_length"": 14, ""smooth_k"": 3, ""smooth_d"": 3}, ""adx"": {""adx_length"": 14, ""adx_threshold"": 25}, ""r&s"": {""srb_left"": 10, ""srb_right"": 10}, ""atr"": {""atr_length"": 14, ""atr_mult"": 1.0, ""atr_smooth"": ""RMA""}, ""mcd"": {""fast_length"": 12, ""slow_length"": 26, ""signal_length"": 9}}",种植业,94.43,94.43,2.36,10.24,14.17,4.33,5.91,3.54,4.72,3.94,5.12,2.76,4.72,5.12,6.69,6.69,6.3,7.09,12.6,10.24,11.02,12.2,11.02,10.63,12.6,16.54,19.69,17.32,16.54,14.96,13.39,15.35
2024-09-26,600169,ST太重,fit,压力释放,2.43-2.37-2.41-1.98,低-高-低,2.47%-1.69%-17.84%,38,12.5,2.5,2.0,4.17,285207.0,1.0,1.85,18,📉ema📈res📉adx📈rsi,no | no | 回补,,,100.0 | 88.85 | 1.13 | no,n 72｜s 00｜d 2.48%,4,红暗[-0.02]-红暗[-0.01]-红暗[-0.00]-红暗[-0.00]-绿亮[+0.01]-绿亮[+0.03],低-低-低-低-低-低,否,72.52,2.09,"{""sqz"": {""bb_length"": 20, ""bb_mult"": 1.8, ""kc_length"": 20, ""kc_mult"": 1.5, ""use_true_range"": true, ""min_sqz_bars"": 5}, ""ema"": {""ema_length"": 200}, ""rsi"": {""rsi_length"": 14, ""rsi_ma_length"": 14, ""rsi_smooth"": ""SMA""}, ""sto"": {""stoch_length"": 14, ""smooth_k"": 3, ""smooth_d"": 3}, ""adx"": {""adx_length"": 14, ""adx_threshold"": 25}, ""r&s"": {""srb_left"": 10, ""srb_right"": 10}, ""atr"": {""atr_length"": 14, ""atr_mult"": 1.0, ""atr_smooth"": ""RMA""}, ""mcd"": {""fast_length"": 12, ""slow_length"": 26, ""signal_length"": 9}}",专用设备,80.33,80.0,3.0,12.5,18.5,10.0,11.5,7.0,8.5,6.0,7.5,5.5,8.5,7.5,9.0,11.5,11.5,14.0,18.0,13.5,17.0,20.0,18.5,19.0,23.5,25.0,29.5,32.0,29.5,27.0,25.5,21.5
2024-09-26,600246,万通发展,fit,压力释放,8.49-8.06-10.5-7.14,低-高-低,5.06%-30.27%-32.00%,38,25.48,1.07,7.15,8.17,901956.0,5.0,6.19,27,📈ema📈res📉adx📈rsi,bull | 6.36% | 回补,,,87.54 | 74.41 | 1.18 | no,n 87｜s 00｜d 6.74%,5,红暗[-0.14]-红亮[-0.14]-红暗[-0.13]-红暗[-0.11]-红亮[-0.11]-绿亮[+0.02],低-低-低-低-低-低,是,70.88,6.88,"{""sqz"": {""bb_length"": 20, ""bb_mult"": 1.8, ""kc_length"": 20, ""kc_mult"": 1.5, ""use_true_range"": true, ""min_sqz_bars"": 5}, ""ema"": {""ema_length"": 200}, ""rsi"": {""rsi_length"": 14, ""rsi_ma_length"": 14, ""rsi_smooth"": ""SMA""}, ""sto"": {""stoch_length"": 14, ""smooth_k"": 3, ""smooth_d"": 3}, ""adx"": {""adx_length"": 14, ""adx_threshold"": 25}, ""r&s"": {""srb_left"": 10, ""srb_right"": 10}, ""atr"": {""atr_length"": 14, ""atr_mult"": 1.0, ""atr_smooth"": ""RMA""}, ""mcd"": {""fast_length"": 12, ""slow_length"": 26, ""signal_length"": 9}}",房地产开发,192.74,187.53,2.1,11.89,13.99,6.85,10.07,10.35,13.99,10.77,12.17,9.23,17.06,22.66,25.59,22.1,30.07,43.08,57.34,73.15,90.49,101.96,81.82,92.73,86.01,75.38,75.38,80.56,84.34,93.01,79.16,67.55
2024-09-26,600258,首旅酒店,fit,压力释放,15.18-12.47-12.52-11.65,低-高-低,17.85%-0.40%-6.95%,12,10.53,3.05,12.79,9.04,354808.0,3.0,11.35,5,📉ema📈res📉adx📈rsi,bull | 1.65% | 回补,,,100.0 | 85.77 | 1.17 | no,n 77｜s 17｜d 0.42%,4,红暗[-0.16]-红暗[-0.08]-红暗[-0.02]-红暗[-0.02]-绿亮[+0.08]-绿亮[+0.18],低-低-低-低-低-高,是,70.93,13.53,"{""sqz"": {""bb_length"": 20, ""bb_mult"": 1.8, ""kc_length"": 20, ""kc_mult"": 1.5, ""use_true_range"": true, ""min_sqz_bars"": 5}, ""ema"": {""ema_length"": 200}, ""rsi"": {""rsi_length"": 14, ""rsi_ma_length"": 14, ""rsi_smooth"": ""SMA""}, ""sto"": {""stoch_length"": 14, ""smooth_k"": 3, ""smooth_d"": 3}, ""adx"": {""adx_length"": 14, ""adx_threshold"": 25}, ""r&s"": {""srb_left"": 10, ""srb_right"": 10}, ""atr"": {""atr_length"": 14, ""atr_mult"": 1.0, ""atr_smooth"": ""RMA""}, ""mcd"": {""fast_length"": 12, ""slow_length"": 26, ""signal_length"": 9}}",酒店餐饮,180.22,180.22,4.3,12.9,10.79,0.7,1.64,-0.86,0.7,-2.66,-2.27,-3.52,-1.02,5.55,3.83,4.85,5.94,5.79,8.91,7.82,8.6,5.79,6.41,9.07,12.28,12.67,17.51,16.58,14.39,14.46,11.65,10.95
2024-09-26,600340,华夏幸福,fit,压力释放,1.47-1.19-1.11-1.13,低-低-高,19.05%-6.72%-1.80%,16,10.78,1.5,1.24,9.73,2405449.0,6.0,1.06,55,📉ema📈res📈adx📈rsi,bull | 0.91% | 未补,,,100.0 | 87.95 | 1.14 | no,n 79｜s 00｜d 5.16%,4,红亮[-0.01]-红暗[-0.01]-红暗[-0.00]-红暗[-0.00]-绿亮[+0.01]-绿亮[+0.02],低-低-低-低-低-高,是,77.68,1.31,"{""sqz"": {""bb_length"": 20, ""bb_mult"": 1.8, ""kc_length"": 20, ""kc_mult"": 1.5, ""use_true_range"": true, ""min_sqz_bars"": 5}, ""ema"": {""ema_length"": 200}, ""rsi"": {""rsi_length"": 14, ""rsi_ma_length"": 14, ""rsi_smooth"": ""SMA""}, ""sto"": {""stoch_length"": 14, ""smooth_k"": 3, ""smooth_d"": 3}, ""adx"": {""adx_length"": 14, ""adx_threshold"": 25}, ""r&s"": {""srb_left"": 10, ""srb_right"": 10}, ""atr"": {""atr_length"": 14, ""atr_mult"": 1.0, ""atr_smooth"": ""RMA""}, ""mcd"": {""fast_length"": 12, ""slow_length"": 26, ""signal_length"": 9}}",房地产开发,56.36,56.06,9.68,20.97,33.06,20.16,12.9,12.9,20.97,14.52,25.81,18.55,18.55,16.13,20.97,21.77,23.39,25.0,37.9,51.61,66.94,83.87,102.42,122.58,145.16,169.35,195.97,224.19,191.94,162.9,137.1,118.55
2024-09-26,600348,华阳股份,fit,一直释放,9.54-10.33-7.15-7.04,高-低-低,8.28%-30.78%-1.54%,15,15.6,1.46,7.24,3.87,402457.0,1.0,6.68,10,📉ema📈res📈adx🗒️rsi,no | no | 未补,,,99.62 | 96.47 | 1.03 | no,n 52｜s 00｜d 2.09%,6,红暗[-0.31]-红暗[-0.29]-红暗[-0.29]-红暗[-0.27]-红暗[-0.17]-红暗[-0.08],低-低-低-低-低-高,否,65.06,8.36,"{""sqz"": {""bb_length"": 20, ""bb_mult"": 1.8, ""kc_length"": 20, ""kc_mult"": 1.5, ""use_true_range"": true, ""min_sqz_bars"": 5}, ""ema"": {""ema_length"": 200}, ""rsi"": {""rsi_length"": 14, ""rsi_ma_length"": 14, ""rsi_smooth"": ""SMA""}, ""sto"": {""stoch_length"": 14, ""smooth_k"": 3, ""smooth_d"": 3}, ""adx"": {""adx_length"": 14, ""adx_threshold"": 25}, ""r&s"": {""srb_left"": 10, ""srb_right"": 10}, ""atr"": {""atr_length"": 14, ""atr_mult"": 1.0, ""atr_smooth"": ""RMA""}, ""mcd"": {""fast_length"": 12, ""slow_length"": 26, ""signal_length"": 9}}",煤炭开采,331.53,331.53,4.56,12.71,13.54,2.9,6.35,4.14,6.49,1.8,2.62,1.52,2.9,2.21,2.76,3.45,1.38,4.56,4.7,1.38,0.69,-0.97,-0.14,0.69,1.66,0.55,6.22,4.7,4.7,3.31,4.14,1.93
2024-09-26,600458,时代新材,fit,压力释放,11.52-12.15-9.68-9.11,高-低-低,5.47%-20.33%-5.89%,17,10.69,2.14,9.28,3.34,81713.0,1.0,8.64,15,📉ema📈res📉adx🗒️rsi,no | no | 未补,,,100.0 | 93.5 | 1.07 | no,n 84｜s 00｜d 3.31%,5,红亮[-0.23]-红暗[-0.20]-红暗[-0.17]-红暗[-0.15]-红暗[-0.06]-绿亮[+0.01],低-低-低-低-低-高,否,66.02,9.39,"{""sqz"": {""bb_length"": 20, ""bb_mult"": 1.8, ""kc_length"": 20, ""kc_mult"": 1.5, ""use_true_range"": true, ""min_sqz_bars"": 5}, ""ema"": {""ema_length"": 200}, ""rsi"": {""rsi_length"": 14, ""rsi_ma_length"": 14, ""rsi_smooth"": ""SMA""}, ""sto"": {""stoch_length"": 14, ""smooth_k"": 3, ""smooth_d"": 3}, ""adx"": {""adx_length"": 14, ""adx_threshold"": 25}, ""r&s"": {""srb_left"": 10, ""srb_right"": 10}, ""atr"": {""atr_length"": 14, ""atr_mult"": 1.0, ""atr_smooth"": ""RMA""}, ""mcd"": {""fast_length"": 12, ""slow_length"": 26, ""signal_length"": 9}}",轨交设备Ⅱ,120.16,111.31,2.91,13.36,18.1,6.03,8.51,2.37,4.63,2.8,3.56,1.19,3.34,10.67,22.09,26.83,29.96,33.73,34.48,32.87,31.9,29.74,32.87,40.41,38.36,44.61,42.67,43.0,41.81,41.59,38.36,37.61
2024-09-26,600496,精工钢构,fit,压力释放,2.88-2.81-2.81-2.44,低-高-低,2.43%-0.00%-13.17%,32,9.42,2.37,2.57,5.33,304175.0,2.0,2.37,11,📉ema📈res📉adx📈rsi,bull | 1.24% | 回补,,,100.0 | 82.69 | 1.21 | no,n 78｜s 00｜d 0.95%,0,绿亮[+0.00]-绿亮[+0.01]-绿暗[+0.01]-绿暗[+0.00]-绿亮[+0.01]-绿亮[+0.02],低-低-低-低-低-高,是,73.13,2.61,"{""sqz"": {""bb_length"": 20, ""bb_mult"": 1.8, ""kc_length"": 20, ""kc_mult"": 1.5, ""use_true_range"": true, ""min_sqz_bars"": 5}, ""ema"": {""ema_length"": 200}, ""rsi"": {""rsi_length"": 14, ""rsi_ma_length"": 14, ""rsi_smooth"": ""SMA""}, ""sto"": {""stoch_length"": 14, ""smooth_k"": 3, ""smooth_d"": 3}, ""adx"": {""adx_length"": 14, ""adx_threshold"": 25}, ""r&s"": {""srb_left"": 10, ""srb_right"": 10}, ""atr"": {""atr_length"": 14, ""atr_mult"": 1.0, ""atr_smooth"": ""RMA""}, ""mcd"": {""fast_length"": 12, ""slow_length"": 26, ""signal_length"": 9}}",专业工程,79.41,79.41,3.11,12.45,16.73,7.39,8.95,4.67,6.61,3.5,5.45,2.72,4.67,3.11,3.89,5.45,5.84,8.17,11.67,12.84,14.79,20.23,20.62,21.01,23.74,23.35,25.29,21.79,20.23,18.68,18.29,15.56
2024-09-26,600500,中化国际,fit,压力释放,4.38-3.8-3.89-3.92,低-高-高,13.24%-2.37%-0.77%,15,9.5,1.84,4.09,3.81,293192.0,1.0,3.83,11,📈ema📈res📉adx📈rsi,bull | 1.03% | 回补,,,100.0 | 77.81 | 1.29 | no,n 67｜s 00｜d 1.20%,2,红亮[-0.00]-绿亮[+0.01]-绿亮[+0.01]-红亮[-0.00]-绿亮[+0.02]-绿亮[+0.04],低-低-低-低-低-高,否,70.64,4.0,"{""sqz"": {""bb_length"": 20, ""bb_mult"": 1.8, ""kc_length"": 20, ""kc_mult"": 1.5, ""use_true_range"": true, ""min_sqz_bars"": 5}, ""ema"": {""ema_length"": 200}, ""rsi"": {""rsi_length"": 14, ""rsi_ma_length"": 14, ""rsi_smooth"": ""SMA""}, ""sto"": {""stoch_length"": 14, ""smooth_k"": 3, ""smooth_d"": 3}, ""adx"": {""adx_length"": 14, ""adx_threshold"": 25}, ""r&s"": {""srb_left"": 10, ""srb_right"": 10}, ""atr"": {""atr_length"": 14, ""atr_mult"": 1.0, ""atr_smooth"": ""RMA""}, ""mcd"": {""fast_length"": 12, ""slow_length"": 26, ""signal_length"": 9}}",化学制品,160.4,160.4,2.93,12.22,17.85,9.54,11.49,6.85,7.58,3.67,4.16,1.22,3.18,1.96,4.16,5.38,5.62,9.05,11.49,8.07,8.07,3.67,3.42,3.42,6.85,7.33,10.76,9.78,9.54,9.05,11.49,8.56
2024-09-26,600513,联环药业,fit,压力释放,9.71-8.29-8.69-8.26,低-高-低,14.62%-4.83%-4.95%,12,7.55,0.95,8.52,2.16,44736.0,2.0,8.11,10,📉ema📈res📉adx🗒️rsi,bull | 0.73% | 未补,,,100.0 | 86.98 | 1.15 | no,n 83｜s 00｜d 0.90%,0,绿亮[+0.02]-绿亮[+0.04]-绿亮[+0.05]-绿亮[+0.06]-绿亮[+0.09]-绿亮[+0.12],低-低-低-低-低-高,否,65.86,8.9,"{""sqz"": {""bb_length"": 20, ""bb_mult"": 1.8, ""kc_length"": 20, ""kc_mult"": 1.5, ""use_true_range"": true, ""min_sqz_bars"": 5}, ""ema"": {""ema_length"": 200}, ""rsi"": {""rsi_length"": 14, ""rsi_ma_length"": 14, ""rsi_smooth"": ""SMA""}, ""sto"": {""stoch_length"": 14, ""smooth_k"": 3, ""smooth_d"": 3}, ""adx"": {""adx_length"": 14, ""adx_threshold"": 25}, ""r&s"": {""srb_left"": 10, ""srb_right"": 10}, ""atr"": {""atr_length"": 14, ""atr_mult"": 1.0, ""atr_smooth"": ""RMA""}, ""mcd"": {""fast_length"": 12, ""slow_length"": 26, ""signal_length"": 9}}",化学制药,73.11,73.11,3.05,11.15,15.02,5.75,7.86,3.64,4.81,3.17,4.34,3.52,5.16,5.16,7.28,7.16,8.69,9.39,12.21,9.15,9.27,10.45,10.33,13.26,13.62,25.12,37.79,32.75,31.1,29.23,25.82,21.13
2024-09-26,600629,华建集团,fit,压力释放,5.24-4.41-4.36-4.63,低-低-高,15.84%-1.13%-6.19%,20,14.6,2.04,4.63,4.28,256917.0,3.0,4.27,18,📉ema📉res📈adx🗒️rsi,bull | 0.46% | 回补,,,100.0 | 97.28 | 1.03 | no,n 64｜s 00｜d 1.65%,6,红亮[-0.05]-红暗[-0.04]-红暗[-0.03]-红亮[-0.03]-红暗[-0.03]-红暗[-0.00],低-低-低-低-低-低,是,69.22,4.68,"{""sqz"": {""bb_length"": 20, ""bb_mult"": 1.8, ""kc_length"": 20, ""kc_mult"": 1.5, ""use_true_range"": true, ""min_sqz_bars"": 5}, ""ema"": {""ema_length"": 200}, ""rsi"": {""rsi_length"": 14, ""rsi_ma_length"": 14, ""rsi_smooth"": ""SMA""}, ""sto"": {""stoch_length"": 14, ""smooth_k"": 3, ""smooth_d"": 3}, ""adx"": {""adx_length"": 14, ""adx_threshold"": 25}, ""r&s"": {""srb_left"": 10, ""srb_right"": 10}, ""atr"": {""atr_length"": 14, ""atr_mult"": 1.0, ""atr_smooth"": ""RMA""}, ""mcd"": {""fast_length"": 12, ""slow_length"": 26, ""signal_length"": 9}}",工程咨询服务Ⅱ,199.7,196.15,3.67,11.45,15.98,5.62,9.5,6.7,9.94,5.62,7.56,3.46,4.54,4.1,5.62,5.18,4.75,7.56,11.66,17.06,28.94,42.12,34.34,47.95,63.07,79.7,95.03,95.03,92.01,82.51,101.08,121.38
2024-09-26,600633,浙数文化,fit,压力释放,12.02-10.07-8.54-8.36,低-低-低,16.22%-15.19%-2.11%,24,11.02,1.85,8.65,3.97,154316.0,1.0,8.05,41,📉ema📈res📉adx🗒️rsi,bull | 0.36% | 回补,,,100.0 | 98.2 | 1.02 | no,n 94｜s 00｜d 3.96%,3,红亮[-0.11]-红暗[-0.07]-红暗[-0.03]-绿亮[+0.01]-绿亮[+0.09]-绿亮[+0.16],低-低-低-低-低-高,否,68.9,9.48,"{""sqz"": {""bb_length"": 20, ""bb_mult"": 1.8, ""kc_length"": 20, ""kc_mult"": 1.5, ""use_true_range"": true, ""min_sqz_bars"": 5}, ""ema"": {""ema_length"": 200}, ""rsi"": {""rsi_length"": 14, ""rsi_ma_length"": 14, ""rsi_smooth"": ""SMA""}, ""sto"": {""stoch_length"": 14, ""smooth_k"": 3, ""smooth_d"": 3}, ""adx"": {""adx_length"": 14, ""adx_threshold"": 25}, ""r&s"": {""srb_left"": 10, ""srb_right"": 10}, ""atr"": {""atr_length"": 14, ""atr_mult"": 1.0, ""atr_smooth"": ""RMA""}, ""mcd"": {""fast_length"": 12, ""slow_length"": 26, ""signal_length"": 9}}",游戏Ⅱ,155.47,155.47,8.67,17.69,25.9,17.92,16.65,10.87,15.26,12.72,14.91,13.99,15.49,19.19,19.65,25.43,21.04,22.66,27.4,24.05,23.35,23.7,18.61,22.54,24.39,26.01,28.32,25.09,32.25,27.63,30.29,26.59
2024-09-26,600704,物产中大,fit,一直释放,4.18-4.62-4.06-4.34,高-低-高,10.53%-12.12%-6.90%,27,15.12,2.74,4.43,4.73,815278.0,2.0,4.11,15,📈ema📈res📈adx📈rsi,bull | 2.68% | 未补,,,100.0 | 94.74 | 1.06 | no,n 39｜s 00｜d 4.14%,6,红暗[-0.24]-红暗[-0.22]-红暗[-0.19]-红暗[-0.16]-红暗[-0.12]-红暗[-0.05],低-低-低-低-低-高,否,73.66,4.1,"{""sqz"": {""bb_length"": 20, ""bb_mult"": 1.8, ""kc_length"": 20, ""kc_mult"": 1.5, ""use_true_range"": true, ""min_sqz_bars"": 5}, ""ema"": {""ema_length"": 200}, ""rsi"": {""rsi_length"": 14, ""rsi_ma_length"": 14, ""rsi_smooth"": ""SMA""}, ""sto"": {""stoch_length"": 14, ""smooth_k"": 3, ""smooth_d"": 3}, ""adx"": {""adx_length"": 14, ""adx_threshold"": 25}, ""r&s"": {""srb_left"": 10, ""srb_right"": 10}, ""atr"": {""atr_length"": 14, ""atr_mult"": 1.0, ""atr_smooth"": ""RMA""}, ""mcd"": {""fast_length"": 12, ""slow_length"": 26, ""signal_length"": 9}}",物流,266.32,266.32,1.35,10.38,16.03,4.97,7.22,4.74,8.35,4.29,5.87,2.26,4.29,4.06,5.19,5.87,4.97,6.09,8.58,5.64,6.32,8.35,9.93,14.67,14.9,13.09,17.38,14.67,19.41,20.09,19.86,15.58
2024-09-26,600722,金牛化工,fit,压力释放,4.73-5.39-3.87-3.79,高-低-低,13.95%-28.20%-2.07%,16,6.46,0.7,3.95,2.6,79465.0,1.0,3.74,33,📉ema📈res📉adx🗒️rsi,no | no | 回补,,,100.0 | 98.36 | 1.02 | no,n 81｜s 00｜d 1.54%,2,红亮[-0.01]-红暗[-0.00]-绿亮[+0.01]-绿亮[+0.01]-绿亮[+0.03]-绿亮[+0.04],低-低-低-低-高-高,否,68.89,4.16,"{""sqz"": {""bb_length"": 20, ""bb_mult"": 1.8, ""kc_length"": 20, ""kc_mult"": 1.5, ""use_true_range"": true, ""min_sqz_bars"": 5}, ""ema"": {""ema_length"": 200}, ""rsi"": {""rsi_length"": 14, ""rsi_ma_length"": 14, ""rsi_smooth"": ""SMA""}, ""sto"": {""stoch_length"": 14, ""smooth_k"": 3, ""smooth_d"": 3}, ""adx"": {""adx_length"": 14, ""adx_threshold"": 25}, ""r&s"": {""srb_left"": 10, ""srb_right"": 10}, ""atr"": {""atr_length"": 14, ""atr_mult"": 1.0, ""atr_smooth"": ""RMA""}, ""mcd"": {""fast_length"": 12, ""slow_length"": 26, ""signal_length"": 9}}",化学原料,119.4,119.4,4.56,13.92,18.48,6.84,8.1,5.06,6.84,5.06,6.08,4.3,8.86,7.34,8.86,12.91,10.63,13.16,15.95,14.94,15.95,17.97,17.47,16.46,17.72,17.97,20.25,18.73,19.75,18.73,20.25,16.46
2024-09-26,600736,苏州高新,fit,压力释放,5.01-5.05-5.13-4.48,高-高-低,0.80%-1.58%-12.67%,37,14.87,2.06,4.51,5.62,300284.0,3.0,4.11,8,📈ema📈res📉adx📈rsi,bull | 0.95% | 未补,,,100.0 | 100.0 | 1.0 | no,n 79｜s 00｜d 0.81%,5,红暗[-0.16]-红暗[-0.13]-红暗[-0.10]-红暗[-0.05]-红暗[-0.00]-绿亮[+0.05],低-低-低-低-低-低,是,74.8,4.42,"{""sqz"": {""bb_length"": 20, ""bb_mult"": 1.8, ""kc_length"": 20, ""kc_mult"": 1.5, ""use_true_range"": true, ""min_sqz_bars"": 5}, ""ema"": {""ema_length"": 200}, ""rsi"": {""rsi_length"": 14, ""rsi_ma_length"": 14, ""rsi_smooth"": ""SMA""}, ""sto"": {""stoch_length"": 14, ""smooth_k"": 3, ""smooth_d"": 3}, ""adx"": {""adx_length"": 14, ""adx_threshold"": 25}, ""r&s"": {""srb_left"": 10, ""srb_right"": 10}, ""atr"": {""atr_length"": 14, ""atr_mult"": 1.0, ""atr_smooth"": ""RMA""}, ""mcd"": {""fast_length"": 12, ""slow_length"": 26, ""signal_length"": 9}}",房地产开发,70.11,70.11,2.22,10.42,13.3,2.0,2.22,2.22,4.88,1.77,5.76,2.22,3.33,6.87,6.43,5.76,6.21,12.42,23.73,16.19,20.18,32.15,24.83,25.28,27.27,28.16,30.16,26.39,24.39,21.51,22.62,25.94
2024-09-26,600754,锦江酒店,fit,压力释放,30.46-23.79-24.47-24.11,低-高-低,21.90%-2.86%-1.47%,17,12.82,1.91,26.41,8.55,264910.0,3.0,23.59,34,📈ema📈res📉adx📈rsi,bull | 2.26% | 回补,,,100.0 | 88.75 | 1.13 | no,n 83｜s 00｜d 1.26%,5,红亮[-0.50]-红暗[-0.49]-红暗[-0.45]-红亮[-0.46]-红暗[-0.20]-绿亮[+0.12],低-低-低-低-低-高,是,73.63,25.95,"{""sqz"": {""bb_length"": 20, ""bb_mult"": 1.8, ""kc_length"": 20, ""kc_mult"": 1.5, ""use_true_range"": true, ""min_sqz_bars"": 5}, ""ema"": {""ema_length"": 200}, ""rsi"": {""rsi_length"": 14, ""rsi_ma_length"": 14, ""rsi_smooth"": ""SMA""}, ""sto"": {""stoch_length"": 14, ""smooth_k"": 3, ""smooth_d"": 3}, ""adx"": {""adx_length"": 14, ""adx_threshold"": 25}, ""r&s"": {""srb_left"": 10, ""srb_right"": 10}, ""atr"": {""atr_length"": 14, ""atr_mult"": 1.0, ""atr_smooth"": ""RMA""}, ""mcd"": {""fast_length"": 12, ""slow_length"": 26, ""signal_length"": 9}}",酒店餐饮,291.74,247.89,6.4,17.19,12.5,2.61,3.33,4.58,7.76,3.37,3.37,0.57,5.11,11.21,9.35,9.54,8.33,7.5,7.88,8.97,9.43,0.61,-0.76,1.17,1.89,2.5,7.65,5.79,5.38,6.1,4.47,2.61
2024-09-26,600763,通策医疗,fit,压力释放,55.56-48.43-48.42-46.55,低-低-低,12.83%-0.02%-3.86%,37,18.78,1.41,48.73,9.31,154397.0,3.0,42.39,15,📈ema📈res📉adx📈rsi,no | no | 回补,,,96.34 | 87.28 | 1.1 | no,n 92｜s 00｜d 2.14%,0,绿亮[+0.06]-绿亮[+0.48]-绿亮[+0.78]-绿亮[+0.80]-绿亮[+1.33]-绿亮[+1.53],低-低-低-低-低-低,是,71.36,44.25,"{""sqz"": {""bb_length"": 20, ""bb_mult"": 1.8, ""kc_length"": 20, ""kc_mult"": 1.5, ""use_true_range"": true, ""min_sqz_bars"": 5}, ""ema"": {""ema_length"": 200}, ""rsi"": {""rsi_length"": 14, ""rsi_ma_length"": 14, ""rsi_smooth"": ""SMA""}, ""sto"": {""stoch_length"": 14, ""smooth_k"": 3, ""smooth_d"": 3}, ""adx"": {""adx_length"": 14, ""adx_threshold"": 25}, ""r&s"": {""srb_left"": 10, ""srb_right"": 10}, ""atr"": {""atr_length"": 14, ""atr_mult"": 1.0, ""atr_smooth"": ""RMA""}, ""mcd"": {""fast_length"": 12, ""slow_length"": 26, ""signal_length"": 9}}",医疗服务,187.55,187.55,8.41,19.35,26.31,13.59,7.16,2.22,4.31,0.7,1.64,0.35,4.76,4.74,5.79,7.18,3.73,6.61,9.21,5.91,2.71,2.15,2.42,4.12,6.63,5.95,11.74,10.16,11.9,13.71,10.84,7.82
2024-09-26,600771,广誉远,fit,压力释放,27.15-26.41-19.0-18.0,低-低-低,2.73%-28.06%-5.26%,17,13.49,1.91,19.19,8.11,144190.0,3.0,17.03,10,📉ema📈res📉adx📈rsi,bull | 1.03% | 回补,,,100.0 | 94.79 | 1.05 | no,n 75｜s 00｜d 1.61%,5,红亮[-0.20]-红暗[-0.18]-红暗[-0.17]-红亮[-0.20]-红暗[-0.10]-绿亮[+0.05],低-低-低-低-低-高,是,70.66,22.66,"{""sqz"": {""bb_length"": 20, ""bb_mult"": 1.8, ""kc_length"": 20, ""kc_mult"": 1.5, ""use_true_range"": true, ""min_sqz_bars"": 5}, ""ema"": {""ema_length"": 200}, ""rsi"": {""rsi_length"": 14, ""rsi_ma_length"": 14, ""rsi_smooth"": ""SMA""}, ""sto"": {""stoch_length"": 14, ""smooth_k"": 3, ""smooth_d"": 3}, ""adx"": {""adx_length"": 14, ""adx_threshold"": 25}, ""r&s"": {""srb_left"": 10, ""srb_right"": 10}, ""atr"": {""atr_length"": 14, ""atr_mult"": 1.0, ""atr_smooth"": ""RMA""}, ""mcd"": {""fast_length"": 12, ""slow_length"": 26, ""signal_length"": 9}}",中药Ⅱ,82.68,82.68,5.78,16.36,21.89,12.09,11.1,4.69,6.67,3.54,2.5,-0.21,3.07,4.01,6.83,5.89,6.2,7.71,6.15,2.81,2.19,1.67,-0.78,2.24,5.37,3.96,9.28,9.8,9.48,10.63,8.49,5.37
2024-09-26,600819,耀皮玻璃,fit,压力释放,5.43-5.19-4.92-4.51,低-低-低,4.42%-5.20%-8.33%,13,10.0,1.05,4.62,2.44,88908.0,1.0,4.36,12,📈ema📈res📉adx🗒️rsi,no | no | 未补,,,100.0 | 98.69 | 1.01 | no,n 91｜s 00｜d 1.30%,0,绿亮[+0.02]-绿亮[+0.04]-绿亮[+0.06]-绿亮[+0.07]-绿亮[+0.10]-绿亮[+0.12],低-低-低-低-高-高,否,66.8,4.6,"{""sqz"": {""bb_length"": 20, ""bb_mult"": 1.8, ""kc_length"": 20, ""kc_mult"": 1.5, ""use_true_range"": true, ""min_sqz_bars"": 5}, ""ema"": {""ema_length"": 200}, ""rsi"": {""rsi_length"": 14, ""rsi_ma_length"": 14, ""rsi_smooth"": ""SMA""}, ""sto"": {""stoch_length"": 14, ""smooth_k"": 3, ""smooth_d"": 3}, ""adx"": {""adx_length"": 14, ""adx_threshold"": 25}, ""r&s"": {""srb_left"": 10, ""srb_right"": 10}, ""atr"": {""atr_length"": 14, ""atr_mult"": 1.0, ""atr_smooth"": ""RMA""}, ""mcd"": {""fast_length"": 12, ""slow_length"": 26, ""signal_length"": 9}}",玻璃玻纤,71.99,55.08,2.6,11.04,14.94,3.68,6.93,4.55,8.44,6.93,7.58,5.63,6.49,7.58,11.04,11.04,12.34,14.72,20.56,15.58,14.29,18.18,13.64,14.5,16.67,17.32,21.0,19.26,18.61,16.02,27.71,19.7
2024-09-26,600884,杉杉股份,fit,压力释放,12.41-12.06-10.64-7.47,低-低-低,2.82%-11.77%-29.79%,13,9.69,1.23,7.87,4.65,201961.0,1.0,7.2,8,📉ema📈res📉adx🗒️rsi,bull | 0.67% | 回补,,,100.0 | 73.04 | 1.37 | no,n 62｜s 00｜d 1.30%,0,绿亮[+0.23]-绿亮[+0.24]-绿暗[+0.23]-绿暗[+0.20]-绿亮[+0.22]-绿亮[+0.27],低-低-低-低-低-高,否,66.13,10.13,"{""sqz"": {""bb_length"": 20, ""bb_mult"": 1.8, ""kc_length"": 20, ""kc_mult"": 1.5, ""use_true_range"": true, ""min_sqz_bars"": 5}, ""ema"": {""ema_length"": 200}, ""rsi"": {""rsi_length"": 14, ""rsi_ma_length"": 14, ""rsi_smooth"": ""SMA""}, ""sto"": {""stoch_length"": 14, ""smooth_k"": 3, ""smooth_d"": 3}, ""adx"": {""adx_length"": 14, ""adx_threshold"": 25}, ""r&s"": {""srb_left"": 10, ""srb_right"": 10}, ""atr"": {""atr_length"": 14, ""atr_mult"": 1.0, ""atr_smooth"": ""RMA""}, ""mcd"": {""fast_length"": 12, ""slow_length"": 26, ""signal_length"": 9}}",电池,306.82,250.31,8.64,18.42,25.92,13.34,6.48,2.29,3.94,1.27,0.38,-1.27,2.92,3.68,6.99,10.17,7.5,15.5,15.5,13.34,13.47,15.88,14.61,17.92,20.71,13.98,16.39,14.74,18.93,17.92,17.41,12.96
2024-09-26,600888,新疆众和,fit,一直释放,7.0-8.27-7.99-6.52,高-低-低,18.14%-3.39%-18.40%,17,10.7,2.63,6.7,3.24,174775.0,1.0,6.33,10,📉ema📈res📉adx🗒️rsi,no | no | 回补,,,100.0 | 97.38 | 1.03 | no,n 51｜s 00｜d 1.14%,6,红亮[-0.17]-红暗[-0.15]-红暗[-0.14]-红暗[-0.13]-红暗[-0.07]-红暗[-0.01],低-低-低-低-低-高,否,68.74,6.89,"{""sqz"": {""bb_length"": 20, ""bb_mult"": 1.8, ""kc_length"": 20, ""kc_mult"": 1.5, ""use_true_range"": true, ""min_sqz_bars"": 5}, ""ema"": {""ema_length"": 200}, ""rsi"": {""rsi_length"": 14, ""rsi_ma_length"": 14, ""rsi_smooth"": ""SMA""}, ""sto"": {""stoch_length"": 14, ""smooth_k"": 3, ""smooth_d"": 3}, ""adx"": {""adx_length"": 14, ""adx_threshold"": 25}, ""r&s"": {""srb_left"": 10, ""srb_right"": 10}, ""atr"": {""atr_length"": 14, ""atr_mult"": 1.0, ""atr_smooth"": ""RMA""}, ""mcd"": {""fast_length"": 12, ""slow_length"": 26, ""signal_length"": 9}}",工业金属,127.66,127.66,3.58,11.79,16.72,6.42,8.21,5.82,8.66,5.07,6.42,4.48,6.27,6.72,7.16,7.46,7.31,8.51,11.34,7.91,5.37,5.82,6.72,7.61,9.7,8.81,11.04,9.85,11.34,10.9,10.3,7.76
2024-09-26,600894,广日股份,fit,压力释放,11.89-11.99-10.86-10.4,高-低-低,0.84%-9.42%-4.24%,31,29.03,1.83,10.4,5.37,147678.0,2.0,9.04,12,📈ema📉res📉adx📈rsi,no | no | 未补,,,100.0 | 87.58 | 1.14 | no,n 53｜s 00｜d 2.56%,3,红暗[-0.04]-红暗[-0.01]-绿亮[+0.00]-红亮[-0.01]-绿亮[+0.10]-绿亮[+0.22],低-低-低-低-低-高,是,70.32,8.0,"{""sqz"": {""bb_length"": 20, ""bb_mult"": 1.8, ""kc_length"": 20, ""kc_mult"": 1.5, ""use_true_range"": true, ""min_sqz_bars"": 5}, ""ema"": {""ema_length"": 200}, ""rsi"": {""rsi_length"": 14, ""rsi_ma_length"": 14, ""rsi_smooth"": ""SMA""}, ""sto"": {""stoch_length"": 14, ""smooth_k"": 3, ""smooth_d"": 3}, ""adx"": {""adx_length"": 14, ""adx_threshold"": 25}, ""r&s"": {""srb_left"": 10, ""srb_right"": 10}, ""atr"": {""atr_length"": 14, ""atr_mult"": 1.0, ""atr_smooth"": ""RMA""}, ""mcd"": {""fast_length"": 12, ""slow_length"": 26, ""signal_length"": 9}}",专用设备,74.1,73.35,1.25,10.87,14.42,1.63,-3.08,-1.83,-2.5,-1.06,4.52,8.65,8.65,7.88,9.9,7.12,8.65,9.33,16.35,11.06,13.94,18.27,15.58,14.42,14.13,13.85,15.38,12.21,11.63,9.52,10.38,9.42
2024-09-26,600959,江苏有线,fit,压力释放,3.18-3.26-3.08-2.87,高-低-低,2.52%-5.52%-6.82%,25,9.13,2.31,2.98,3.11,395149.0,1.0,2.82,21,📈ema📈res📈adx📈rsi,bull | 1.05% | 回补,,,100.0 | 91.64 | 1.09 | no,n 89｜s 00｜d 1.68%,5,红暗[-0.08]-红暗[-0.07]-红暗[-0.05]-红暗[-0.04]-红暗[-0.01]-绿亮[+0.02],低-低-低-低-低-高,否,73.33,2.91,"{""sqz"": {""bb_length"": 20, ""bb_mult"": 1.8, ""kc_length"": 20, ""kc_mult"": 1.5, ""use_true_range"": true, ""min_sqz_bars"": 5}, ""ema"": {""ema_length"": 200}, ""rsi"": {""rsi_length"": 14, ""rsi_ma_length"": 14, ""rsi_smooth"": ""SMA""}, ""sto"": {""stoch_length"": 14, ""smooth_k"": 3, ""smooth_d"": 3}, ""adx"": {""adx_length"": 14, ""adx_threshold"": 25}, ""r&s"": {""srb_left"": 10, ""srb_right"": 10}, ""atr"": {""atr_length"": 14, ""atr_mult"": 1.0, ""atr_smooth"": ""RMA""}, ""mcd"": {""fast_length"": 12, ""slow_length"": 26, ""signal_length"": 9}}",电视广播Ⅱ,194.03,194.03,2.35,10.74,15.77,5.37,6.04,3.36,4.36,2.35,4.03,2.68,4.36,4.7,6.04,6.38,6.71,10.07,14.09,10.74,11.41,14.09,11.07,11.74,14.43,18.12,22.15,20.47,21.14,18.12,19.46,16.11
2024-09-26,600983,惠而浦,fit,压力释放,8.53-10.1-8.22-6.76,高-低-低,18.41%-18.61%-17.76%,17,5.96,1.41,7.19,3.16,28493.0,0.0,6.72,18,📉ema📈res📉adx📈rsi,no | no | 回补,,,100.0 | 98.38 | 1.02 | no,n 89｜s 00｜d 1.12%,0,绿暗[+0.07]-绿暗[+0.07]-绿暗[+0.07]-绿暗[+0.06]-绿亮[+0.08]-绿亮[+0.12],低-低-低-低-高-高,否,72.89,7.64,"{""sqz"": {""bb_length"": 20, ""bb_mult"": 1.8, ""kc_length"": 20, ""kc_mult"": 1.5, ""use_true_range"": true, ""min_sqz_bars"": 5}, ""ema"": {""ema_length"": 200}, ""rsi"": {""rsi_length"": 14, ""rsi_ma_length"": 14, ""rsi_smooth"": ""SMA""}, ""sto"": {""stoch_length"": 14, ""smooth_k"": 3, ""smooth_d"": 3}, ""adx"": {""adx_length"": 14, ""adx_threshold"": 25}, ""r&s"": {""srb_left"": 10, ""srb_right"": 10}, ""atr"": {""atr_length"": 14, ""atr_mult"": 1.0, ""atr_smooth"": ""RMA""}, ""mcd"": {""fast_length"": 12, ""slow_length"": 26, ""signal_length"": 9}}",白色家电,79.1,79.1,2.23,9.6,13.35,1.67,3.06,2.09,3.89,1.67,0.56,0.14,2.36,2.5,5.29,6.54,8.76,11.13,13.21,19.47,16.97,19.89,16.13,16.83,17.66,17.39,20.03,18.22,19.47,20.45,20.72,18.08
2024-09-26,601011,宝泰隆,fit,压力释放,2.73-2.74-2.51-1.77,高-低-低,0.37%-8.39%-29.48%,26,14.94,1.03,1.85,3.93,393536.0,2.0,1.68,23,📉ema📈res📈adx📈rsi,no | no | 回补,,,100.0 | 92.8 | 1.08 | no,n 66｜s 00｜d 2.81%,5,红亮[-0.03]-红暗[-0.03]-红暗[-0.02]-红暗[-0.02]-红暗[-0.00]-绿亮[+0.01],低-低-低-低-低-高,否,70.96,2.31,"{""sqz"": {""bb_length"": 20, ""bb_mult"": 1.8, ""kc_length"": 20, ""kc_mult"": 1.5, ""use_true_range"": true, ""min_sqz_bars"": 5}, ""ema"": {""ema_length"": 200}, ""rsi"": {""rsi_length"": 14, ""rsi_ma_length"": 14, ""rsi_smooth"": ""SMA""}, ""sto"": {""stoch_length"": 14, ""smooth_k"": 3, ""smooth_d"": 3}, ""adx"": {""adx_length"": 14, ""adx_threshold"": 25}, ""r&s"": {""srb_left"": 10, ""srb_right"": 10}, ""atr"": {""atr_length"": 14, ""atr_mult"": 1.0, ""atr_smooth"": ""RMA""}, ""mcd"": {""fast_length"": 12, ""slow_length"": 26, ""signal_length"": 9}}",焦炭Ⅱ,71.65,71.65,5.95,16.76,28.65,25.95,25.95,17.84,18.92,15.68,15.68,11.35,12.97,10.27,13.51,15.14,15.14,18.38,24.32,17.3,18.92,25.41,24.86,27.03,35.14,32.43,45.95,49.19,46.49,39.46,36.76,31.89
2024-09-26,601021,春秋航空,fit,压力释放,57.26-53.83-54.94-50.5,低-高-低,5.99%-2.06%-8.08%,14,8.67,2.48,53.2,6.72,70707.0,1.0,48.21,12,📈ema📈res📉adx🗒️rsi,no | no | 回补,,,100.0 | 83.99 | 1.19 | no,n 85｜s 00｜d 1.05%,0,绿暗[+0.00]-绿亮[+0.05]-绿亮[+0.15]-绿亮[+0.24]-绿亮[+0.56]-绿亮[+0.79],低-低-低-低-低-高,否,68.59,52.22,"{""sqz"": {""bb_length"": 20, ""bb_mult"": 1.8, ""kc_length"": 20, ""kc_mult"": 1.5, ""use_true_range"": true, ""min_sqz_bars"": 5}, ""ema"": {""ema_length"": 200}, ""rsi"": {""rsi_length"": 14, ""rsi_ma_length"": 14, ""rsi_smooth"": ""SMA""}, ""sto"": {""stoch_length"": 14, ""smooth_k"": 3, ""smooth_d"": 3}, ""adx"": {""adx_length"": 14, ""adx_threshold"": 25}, ""r&s"": {""srb_left"": 10, ""srb_right"": 10}, ""atr"": {""atr_length"": 14, ""atr_mult"": 1.0, ""atr_smooth"": ""RMA""}, ""mcd"": {""fast_length"": 12, ""slow_length"": 26, ""signal_length"": 9}}",航空机场,453.75,453.75,8.18,13.83,14.53,6.48,6.48,5.13,-1.22,-3.5,-2.8,-4.04,-2.52,-1.64,-0.55,0.56,0.83,0.77,3.1,3.1,3.42,0.9,1.6,4.49,4.36,4.85,8.38,6.3,4.23,3.48,2.59,1.48
2024-09-26,601208,东材科技,fit,一直释放,8.65-8.35-6.69-7.3,低-低-高,3.47%-19.88%-9.12%,15,11.11,0.11,7.34,4.86,212328.0,2.0,6.69,15,📉ema📈res📈adx🗒️rsi,no | no | 未补,,,70.41 | 39.81 | 1.77 | no,n 32｜s 00｜d 6.19%,0,绿暗[+0.45]-绿暗[+0.43]-绿暗[+0.38]-绿暗[+0.34]-绿暗[+0.32]-绿暗[+0.30],低-低-低-低-低-低,否,66.93,8.48,"{""sqz"": {""bb_length"": 20, ""bb_mult"": 1.8, ""kc_length"": 20, ""kc_mult"": 1.5, ""use_true_range"": true, ""min_sqz_bars"": 5}, ""ema"": {""ema_length"": 200}, ""rsi"": {""rsi_length"": 14, ""rsi_ma_length"": 14, ""rsi_smooth"": ""SMA""}, ""sto"": {""stoch_length"": 14, ""smooth_k"": 3, ""smooth_d"": 3}, ""adx"": {""adx_length"": 14, ""adx_threshold"": 25}, ""r&s"": {""srb_left"": 10, ""srb_right"": 10}, ""atr"": {""atr_length"": 14, ""atr_mult"": 1.0, ""atr_smooth"": ""RMA""}, ""mcd"": {""fast_length"": 12, ""slow_length"": 26, ""signal_length"": 9}}",塑料,303.56,303.56,5.86,13.62,22.89,13.35,10.22,3.81,6.54,2.18,5.86,3.68,8.04,9.4,9.81,12.53,17.98,17.44,16.08,12.81,12.94,15.53,11.99,13.49,15.94,13.9,17.85,16.62,21.66,20.3,22.48,17.03
2024-09-26,601200,上海环境,fit,压力释放,7.62-7.41-7.7-7.51,低-高-低,2.76%-3.91%-2.47%,29,6.68,2.34,7.7,1.58,99017.0,1.0,7.42,10,📈ema📈res📉adx🗒️rsi,bull | 0.13% | 回补,,,100.0 | 92.39 | 1.08 | no,n 80｜s 00｜d 0.85%,1,红暗[-0.02]-绿亮[+0.00]-绿亮[+0.02]-绿亮[+0.03]-绿亮[+0.08]-绿亮[+0.12],低-低-低-低-高-高,否,68.96,7.27,"{""sqz"": {""bb_length"": 20, ""bb_mult"": 1.8, ""kc_length"": 20, ""kc_mult"": 1.5, ""use_true_range"": true, ""min_sqz_bars"": 5}, ""ema"": {""ema_length"": 200}, ""rsi"": {""rsi_length"": 14, ""rsi_ma_length"": 14, ""rsi_smooth"": ""SMA""}, ""sto"": {""stoch_length"": 14, ""smooth_k"": 3, ""smooth_d"": 3}, ""adx"": {""adx_length"": 14, ""adx_threshold"": 25}, ""r&s"": {""srb_left"": 10, ""srb_right"": 10}, ""atr"": {""atr_length"": 14, ""atr_mult"": 1.0, ""atr_smooth"": ""RMA""}, ""mcd"": {""fast_length"": 12, ""slow_length"": 26, ""signal_length"": 9}}",环境治理,118.47,118.47,2.21,8.31,12.47,4.55,6.1,2.86,5.45,2.47,3.51,1.69,4.68,4.16,6.88,6.23,6.23,7.66,8.57,6.49,7.4,7.66,6.49,6.62,8.57,8.18,11.56,9.87,10.52,9.22,11.17,7.4
2024-09-26,601226,华电科工,fit,压力释放,7.02-6.07-4.91-4.9,低-低-低,13.53%-19.11%-0.20%,25,10.11,1.39,4.98,2.47,71466.0,1.0,4.71,25,📉ema📈res📉adx🗒️rsi,bull | 0.62% | 未补,,,100.0 | 92.89 | 1.08 | no,n 91｜s 00｜d 2.77%,5,红亮[-0.12]-红暗[-0.10]-红暗[-0.09]-红暗[-0.06]-红暗[-0.02]-绿亮[+0.02],低-低-低-低-低-高,否,66.88,5.59,"{""sqz"": {""bb_length"": 20, ""bb_mult"": 1.8, ""kc_length"": 20, ""kc_mult"": 1.5, ""use_true_range"": true, ""min_sqz_bars"": 5}, ""ema"": {""ema_length"": 200}, ""rsi"": {""rsi_length"": 14, ""rsi_ma_length"": 14, ""rsi_smooth"": ""SMA""}, ""sto"": {""stoch_length"": 14, ""smooth_k"": 3, ""smooth_d"": 3}, ""adx"": {""adx_length"": 14, ""adx_threshold"": 25}, ""r&s"": {""srb_left"": 10, ""srb_right"": 10}, ""atr"": {""atr_length"": 14, ""atr_mult"": 1.0, ""atr_smooth"": ""RMA""}, ""mcd"": {""fast_length"": 12, ""slow_length"": 26, ""signal_length"": 9}}",专业工程,109.13,109.13,3.61,11.85,15.86,5.22,7.83,5.02,6.43,5.02,3.82,2.01,3.41,2.81,6.83,10.24,11.45,12.05,15.86,16.47,17.27,19.48,15.26,17.87,18.27,17.87,22.09,19.88,22.49,19.68,22.69,23.09
2024-09-26,601456,国联民生,fit,压力释放,12.9-12.68-10.5-10.15,低-低-低,1.71%-17.19%-3.33%,14,8.67,1.47,10.67,4.61,1020045.0,4.0,9.78,32,📈ema📈res📈adx📈rsi,no | no | 回补,,,100.0 | 89.35 | 1.12 | no,n 86｜s 00｜d 2.65%,3,红暗[-0.12]-红暗[-0.05]-红暗[-0.00]-绿亮[+0.01]-绿亮[+0.11]-绿亮[+0.21],低-低-低-低-低-高,是,73.59,10.39,"{""sqz"": {""bb_length"": 20, ""bb_mult"": 1.8, ""kc_length"": 20, ""kc_mult"": 1.5, ""use_true_range"": true, ""min_sqz_bars"": 5}, ""ema"": {""ema_length"": 200}, ""rsi"": {""rsi_length"": 14, ""rsi_ma_length"": 14, ""rsi_smooth"": ""SMA""}, ""sto"": {""stoch_length"": 14, ""smooth_k"": 3, ""smooth_d"": 3}, ""adx"": {""adx_length"": 14, ""adx_threshold"": 25}, ""r&s"": {""srb_left"": 10, ""srb_right"": 10}, ""atr"": {""atr_length"": 14, ""atr_mult"": 1.0, ""atr_smooth"": ""RMA""}, ""mcd"": {""fast_length"": 12, ""slow_length"": 26, ""signal_length"": 9}}",证券Ⅱ,517.5,397.96,6.65,17.34,29.15,16.21,21.74,15.0,13.68,13.59,14.81,12.0,17.43,14.43,14.43,12.93,13.21,13.5,13.96,11.72,12.09,15.0,11.81,14.81,22.21,20.99,27.09,23.9,25.02,21.84,21.37,19.21
2024-09-26,601678,滨化股份,fit,一直释放,4.15-3.59-3.54-3.41,低-低-低,13.49%-1.39%-3.67%,16,14.05,2.88,3.59,3.76,375663.0,2.0,3.34,9,📉ema📈res📈adx🗒️rsi,bull | 3.00% | 未补,,,100.0 | 88.5 | 1.13 | no,n 29｜s 00｜d 2.12%,6,红亮[-0.13]-红暗[-0.12]-红暗[-0.12]-红暗[-0.12]-红暗[-0.09]-红暗[-0.03],低-低-低-低-低-高,是,69.71,3.71,"{""sqz"": {""bb_length"": 20, ""bb_mult"": 1.8, ""kc_length"": 20, ""kc_mult"": 1.5, ""use_true_range"": true, ""min_sqz_bars"": 5}, ""ema"": {""ema_length"": 200}, ""rsi"": {""rsi_length"": 14, ""rsi_ma_length"": 14, ""rsi_smooth"": ""SMA""}, ""sto"": {""stoch_length"": 14, ""smooth_k"": 3, ""smooth_d"": 3}, ""adx"": {""adx_length"": 14, ""adx_threshold"": 25}, ""r&s"": {""srb_left"": 10, ""srb_right"": 10}, ""atr"": {""atr_length"": 14, ""atr_mult"": 1.0, ""atr_smooth"": ""RMA""}, ""mcd"": {""fast_length"": 12, ""slow_length"": 26, ""signal_length"": 9}}",化学原料,106.75,106.05,3.34,13.65,17.83,7.52,8.36,4.18,5.01,1.67,2.51,0.28,4.18,2.79,3.9,5.29,5.01,8.64,10.03,6.96,6.96,9.19,8.91,9.75,11.42,10.31,13.65,11.98,12.26,11.7,11.14,8.64
2024-09-26,601717,中创智领,fit,一直释放,12.09-13.67-16.14-11.18,高-高-低,13.07%-18.07%-30.73%,18,17.68,2.45,11.56,3.68,305825.0,2.0,10.69,10,📉ema📈res📉adx🗒️rsi,bull | 0.36% | 回补,,,100.0 | 100.0 | 1.0 | no,n 52｜s 00｜d 2.50%,6,红暗[-0.56]-红暗[-0.51]-红暗[-0.45]-红暗[-0.38]-红暗[-0.19]-红暗[-0.02],低-低-低-低-低-高,否,69.03,12.18,"{""sqz"": {""bb_length"": 20, ""bb_mult"": 1.8, ""kc_length"": 20, ""kc_mult"": 1.5, ""use_true_range"": true, ""min_sqz_bars"": 5}, ""ema"": {""ema_length"": 200}, ""rsi"": {""rsi_length"": 14, ""rsi_ma_length"": 14, ""rsi_smooth"": ""SMA""}, ""sto"": {""stoch_length"": 14, ""smooth_k"": 3, ""smooth_d"": 3}, ""adx"": {""adx_length"": 14, ""adx_threshold"": 25}, ""r&s"": {""srb_left"": 10, ""srb_right"": 10}, ""atr"": {""atr_length"": 14, ""atr_mult"": 1.0, ""atr_smooth"": ""RMA""}, ""mcd"": {""fast_length"": 12, ""slow_length"": 26, ""signal_length"": 9}}",专用设备,392.97,339.43,3.46,12.2,12.11,0.95,3.81,0.78,1.73,-2.34,-1.56,-2.68,0.17,-0.95,1.12,2.25,2.94,4.15,6.57,5.28,3.03,6.06,4.41,4.5,5.62,3.63,6.06,4.5,6.31,6.06,7.01,5.28
2024-09-26,601949,中国出版,fit,压力释放,8.34-8.26-9.41-6.02,低-高-低,0.96%-13.92%-36.03%,25,10.66,1.65,6.28,3.97,171453.0,1.0,5.81,24,📉ema📈res📉adx📈rsi,bull | 1.01% | 回补,,,100.0 | 95.53 | 1.05 | no,n 94｜s 00｜d 2.17%,3,红暗[-0.13]-红暗[-0.07]-红暗[-0.02]-绿亮[+0.00]-绿亮[+0.06]-绿亮[+0.11],低-低-低-低-低-高,否,72.31,6.81,"{""sqz"": {""bb_length"": 20, ""bb_mult"": 1.8, ""kc_length"": 20, ""kc_mult"": 1.5, ""use_true_range"": true, ""min_sqz_bars"": 5}, ""ema"": {""ema_length"": 200}, ""rsi"": {""rsi_length"": 14, ""rsi_ma_length"": 14, ""rsi_smooth"": ""SMA""}, ""sto"": {""stoch_length"": 14, ""smooth_k"": 3, ""smooth_d"": 3}, ""adx"": {""adx_length"": 14, ""adx_threshold"": 25}, ""r&s"": {""srb_left"": 10, ""srb_right"": 10}, ""atr"": {""atr_length"": 14, ""atr_mult"": 1.0, ""atr_smooth"": ""RMA""}, ""mcd"": {""fast_length"": 12, ""slow_length"": 26, ""signal_length"": 9}}",出版,120.52,120.52,4.3,12.1,16.08,4.3,9.55,2.07,4.14,1.91,2.87,1.27,3.34,6.85,9.08,6.53,7.01,8.92,10.83,9.71,7.48,7.64,5.41,6.37,8.92,9.87,12.42,13.54,19.11,15.45,27.23,23.57
2024-09-26,601968,宝钢包装,fit,压力释放,5.25-5.59-4.78-4.71,高-低-低,6.48%-14.49%-1.46%,17,15.44,2.82,4.93,9.8,166291.0,1.0,4.29,6,📈ema📈res📉adx📈rsi,no | no | 回补,,,100.0 | 94.76 | 1.06 | no,n 69｜s 11｜d 0.44%,6,红暗[-0.20]-红暗[-0.18]-红暗[-0.17]-红暗[-0.14]-红暗[-0.09]-红暗[-0.04],低-低-低-低-低-低,是,72.13,4.77,"{""sqz"": {""bb_length"": 20, ""bb_mult"": 1.8, ""kc_length"": 20, ""kc_mult"": 1.5, ""use_true_range"": true, ""min_sqz_bars"": 5}, ""ema"": {""ema_length"": 200}, ""rsi"": {""rsi_length"": 14, ""rsi_ma_length"": 14, ""rsi_smooth"": ""SMA""}, ""sto"": {""stoch_length"": 14, ""smooth_k"": 3, ""smooth_d"": 3}, ""adx"": {""adx_length"": 14, ""adx_threshold"": 25}, ""r&s"": {""srb_left"": 10, ""srb_right"": 10}, ""atr"": {""atr_length"": 14, ""atr_mult"": 1.0, ""atr_smooth"": ""RMA""}, ""mcd"": {""fast_length"": 12, ""slow_length"": 26, ""signal_length"": 9}}",包装印刷,66.72,66.72,0.0,9.94,9.94,1.01,5.68,2.43,3.65,1.22,1.22,2.84,3.25,2.64,3.25,2.64,2.23,3.25,6.09,3.04,2.64,3.45,1.83,2.43,3.65,5.88,7.51,7.1,7.51,10.34,14.4,8.92
2024-09-26,603008,喜临门,fit,压力释放,20.8-17.9-14.98-14.28,低-低-低,13.94%-16.31%-4.67%,13,14.51,1.89,15.36,8.86,73688.0,2.0,13.36,8,📉ema📈res📉adx🗒️rsi,no | no | 回补,,,95.5 | 95.0 | 1.01 | no,n 71｜s 00｜d 1.74%,4,红暗[-0.70]-红暗[-0.60]-红暗[-0.45]-红暗[-0.26]-绿亮[+0.06]-绿亮[+0.26],低-低-低-低-高-高,否,67.07,15.61,"{""sqz"": {""bb_length"": 20, ""bb_mult"": 1.8, ""kc_length"": 20, ""kc_mult"": 1.5, ""use_true_range"": true, ""min_sqz_bars"": 5}, ""ema"": {""ema_length"": 200}, ""rsi"": {""rsi_length"": 14, ""rsi_ma_length"": 14, ""rsi_smooth"": ""SMA""}, ""sto"": {""stoch_length"": 14, ""smooth_k"": 3, ""smooth_d"": 3}, ""adx"": {""adx_length"": 14, ""adx_threshold"": 25}, ""r&s"": {""srb_left"": 10, ""srb_right"": 10}, ""atr"": {""atr_length"": 14, ""atr_mult"": 1.0, ""atr_smooth"": ""RMA""}, ""mcd"": {""fast_length"": 12, ""slow_length"": 26, ""signal_length"": 9}}",家居用品,60.03,60.03,6.12,16.99,20.83,10.03,9.7,10.48,11.52,9.18,13.8,8.07,9.7,15.3,21.61,20.7,18.82,26.56,30.08,26.89,23.96,26.3,23.83,22.72,21.61,24.02,30.73,26.43,21.48,22.98,19.01,15.76
2024-09-26,603026,石大胜华,fit,压力释放,39.33-50.46-47.34-29.36,高-低-低,28.30%-6.18%-37.98%,13,13.4,1.02,30.22,4.79,37116.0,2.0,27.38,12,📉ema📈res📉adx🗒️rsi,bull | 1.14% | 回补,,,100.0 | 78.86 | 1.27 | no,n 81｜s 00｜d 2.95%,6,红亮[-0.48]-红亮[-0.54]-红亮[-0.65]-红亮[-0.78]-红暗[-0.61]-红暗[-0.29],低-低-低-低-低-高,否,61.9,36.89,"{""sqz"": {""bb_length"": 20, ""bb_mult"": 1.8, ""kc_length"": 20, ""kc_mult"": 1.5, ""use_true_range"": true, ""min_sqz_bars"": 5}, ""ema"": {""ema_length"": 200}, ""rsi"": {""rsi_length"": 14, ""rsi_ma_length"": 14, ""rsi_smooth"": ""SMA""}, ""sto"": {""stoch_length"": 14, ""smooth_k"": 3, ""smooth_d"": 3}, ""adx"": {""adx_length"": 14, ""adx_threshold"": 25}, ""r&s"": {""srb_left"": 10, ""srb_right"": 10}, ""atr"": {""atr_length"": 14, ""atr_mult"": 1.0, ""atr_smooth"": ""RMA""}, ""mcd"": {""fast_length"": 12, ""slow_length"": 26, ""signal_length"": 9}}",电池,218.39,218.39,8.7,19.59,31.37,18.23,13.93,7.15,8.04,4.6,3.77,2.61,6.92,7.88,9.53,11.61,8.54,17.11,16.28,10.29,8.54,12.18,8.57,11.75,16.51,15.92,18.76,18.86,24.26,23.43,22.57,18.2
2024-09-26,603035,常熟汽饰,fit,一直释放,15.43-12.64-13.04-12.74,低-高-低,18.08%-3.16%-2.30%,12,7.78,0.63,12.96,3.51,57141.0,2.0,12.14,24,📉ema📈res📈adx🗒️rsi,bull | 0.24% | 未补,,,75.39 | 47.23 | 1.6 | no,n 58｜s 00｜d 3.93%,0,绿暗[+0.73]-绿暗[+0.68]-绿暗[+0.59]-绿暗[+0.44]-绿暗[+0.36]-绿暗[+0.31],低-低-低-低-低-高,否,64.98,13.99,"{""sqz"": {""bb_length"": 20, ""bb_mult"": 1.8, ""kc_length"": 20, ""kc_mult"": 1.5, ""use_true_range"": true, ""min_sqz_bars"": 5}, ""ema"": {""ema_length"": 200}, ""rsi"": {""rsi_length"": 14, ""rsi_ma_length"": 14, ""rsi_smooth"": ""SMA""}, ""sto"": {""stoch_length"": 14, ""smooth_k"": 3, ""smooth_d"": 3}, ""adx"": {""adx_length"": 14, ""adx_threshold"": 25}, ""r&s"": {""srb_left"": 10, ""srb_right"": 10}, ""atr"": {""atr_length"": 14, ""atr_mult"": 1.0, ""atr_smooth"": ""RMA""}, ""mcd"": {""fast_length"": 12, ""slow_length"": 26, ""signal_length"": 9}}",汽车零部件,50.12,50.12,3.78,13.43,20.68,9.57,10.65,5.09,5.71,2.39,1.62,1.7,4.63,5.17,6.48,8.64,9.03,12.58,6.79,4.94,3.94,3.78,2.31,12.81,15.2,14.81,16.05,15.12,17.44,14.97,15.43,11.81
2024-09-26,603077,和邦生物,fit,压力释放,2.41-1.71-1.73-1.75,低-高-高,29.05%-1.17%-1.16%,13,8.02,1.28,1.83,3.98,1031567.0,1.0,1.7,18,📉ema📈res📉adx📈rsi,bull | 1.74% | 回补,,,92.9 | 69.02 | 1.35 | no,n 70｜s 00｜d 0.81%,3,绿暗[+0.00]-绿暗[+0.00]-红亮[-0.00]-红亮[-0.01]-红暗[-0.00]-绿亮[+0.01],低-低-低-低-低-高,否,72.47,2.04,"{""sqz"": {""bb_length"": 20, ""bb_mult"": 1.8, ""kc_length"": 20, ""kc_mult"": 1.5, ""use_true_range"": true, ""min_sqz_bars"": 5}, ""ema"": {""ema_length"": 200}, ""rsi"": {""rsi_length"": 14, ""rsi_ma_length"": 14, ""rsi_smooth"": ""SMA""}, ""sto"": {""stoch_length"": 14, ""smooth_k"": 3, ""smooth_d"": 3}, ""adx"": {""adx_length"": 14, ""adx_threshold"": 25}, ""r&s"": {""srb_left"": 10, ""srb_right"": 10}, ""atr"": {""atr_length"": 14, ""atr_mult"": 1.0, ""atr_smooth"": ""RMA""}, ""mcd"": {""fast_length"": 12, ""slow_length"": 26, ""signal_length"": 9}}",农化制品,252.58,252.58,2.73,13.11,19.67,10.93,12.02,8.2,9.29,7.1,8.2,4.92,7.65,6.01,6.56,10.38,8.74,14.21,15.3,12.57,12.57,13.66,12.57,12.02,15.3,16.39,20.22,19.67,20.22,16.94,16.39,12.57
2024-09-26,603099,长白山,fit,压力释放,27.73-24.08-24.95-25.69,低-高-高,13.16%-3.61%-2.97%,16,14.74,1.25,26.62,1.56,142563.0,5.0,24.6,10,📈ema📈res📉adx📈rsi,bull | 2.03% | 未补,,,98.11 | 79.68 | 1.23 | no,n 85｜s 00｜d 2.15%,4,绿暗[+0.02]-红亮[-0.04]-红亮[-0.05]-红亮[-0.14]-红暗[-0.01]-绿亮[+0.27],低-低-低-低-低-高,否,70.58,22.75,"{""sqz"": {""bb_length"": 20, ""bb_mult"": 1.8, ""kc_length"": 20, ""kc_mult"": 1.5, ""use_true_range"": true, ""min_sqz_bars"": 5}, ""ema"": {""ema_length"": 200}, ""rsi"": {""rsi_length"": 14, ""rsi_ma_length"": 14, ""rsi_smooth"": ""SMA""}, ""sto"": {""stoch_length"": 14, ""smooth_k"": 3, ""smooth_d"": 3}, ""adx"": {""adx_length"": 14, ""adx_threshold"": 25}, ""r&s"": {""srb_left"": 10, ""srb_right"": 10}, ""atr"": {""atr_length"": 14, ""atr_mult"": 1.0, ""atr_smooth"": ""RMA""}, ""mcd"": {""fast_length"": 12, ""slow_length"": 26, ""signal_length"": 9}}",旅游及景区,98.48,96.43,3.76,14.16,10.52,-0.56,4.77,5.3,3.68,3.04,2.52,3.61,10.82,21.94,22.73,25.32,21.19,26.22,21.49,17.99,17.51,20.89,25.69,38.28,40.2,52.74,68.03,63.34,59.02,62.36,53.16,49.59
2024-09-26,603166,福达股份,fit,压力释放,5.99-5.89-6.88-4.72,低-高-低,1.67%-16.81%-31.40%,33,11.58,0.98,4.86,2.53,59445.0,1.0,4.58,11,📉ema📈res📉adx🗒️rsi,no | no | 回补,,,100.0 | 92.27 | 1.08 | no,n 78｜s 00｜d 1.43%,0,绿亮[+0.08]-绿亮[+0.12]-绿亮[+0.13]-绿亮[+0.14]-绿亮[+0.16]-绿亮[+0.18],低-低-低-低-高-高,否,64.93,5.3,"{""sqz"": {""bb_length"": 20, ""bb_mult"": 1.8, ""kc_length"": 20, ""kc_mult"": 1.5, ""use_true_range"": true, ""min_sqz_bars"": 5}, ""ema"": {""ema_length"": 200}, ""rsi"": {""rsi_length"": 14, ""rsi_ma_length"": 14, ""rsi_smooth"": ""SMA""}, ""sto"": {""stoch_length"": 14, ""smooth_k"": 3, ""smooth_d"": 3}, ""adx"": {""adx_length"": 14, ""adx_threshold"": 25}, ""r&s"": {""srb_left"": 10, ""srb_right"": 10}, ""atr"": {""atr_length"": 14, ""atr_mult"": 1.0, ""atr_smooth"": ""RMA""}, ""mcd"": {""fast_length"": 12, ""slow_length"": 26, ""signal_length"": 9}}",汽车零部件,87.74,87.07,3.5,10.91,16.46,7.2,7.61,3.91,5.14,3.09,3.7,3.7,5.35,7.2,18.11,20.16,17.9,19.34,24.28,22.02,23.87,24.49,21.6,29.01,42.18,50.21,42.39,43.0,43.21,40.12,38.07,35.19
2024-09-26,603227,雪峰科技,fit,压力释放,7.26-7.05-7.4-7.21,低-高-低,2.89%-4.96%-2.57%,16,9.08,0.94,7.25,1.4,78580.0,1.0,6.95,17,📈ema📈res📉adx🗒️rsi,no | no | 未补,,,100.0 | 94.15 | 1.06 | no,n 94｜s 00｜d 1.64%,5,红暗[-0.21]-红暗[-0.16]-红暗[-0.13]-红暗[-0.10]-红暗[-0.03]-绿亮[+0.04],低-低-低-低-低-高,否,67.26,6.5,"{""sqz"": {""bb_length"": 20, ""bb_mult"": 1.8, ""kc_length"": 20, ""kc_mult"": 1.5, ""use_true_range"": true, ""min_sqz_bars"": 5}, ""ema"": {""ema_length"": 200}, ""rsi"": {""rsi_length"": 14, ""rsi_ma_length"": 14, ""rsi_smooth"": ""SMA""}, ""sto"": {""stoch_length"": 14, ""smooth_k"": 3, ""smooth_d"": 3}, ""adx"": {""adx_length"": 14, ""adx_threshold"": 25}, ""r&s"": {""srb_left"": 10, ""srb_right"": 10}, ""atr"": {""atr_length"": 14, ""atr_mult"": 1.0, ""atr_smooth"": ""RMA""}, ""mcd"": {""fast_length"": 12, ""slow_length"": 26, ""signal_length"": 9}}",化学制品,100.63,100.63,5.1,12.69,16.69,6.21,6.9,4.0,11.45,7.31,11.17,8.69,11.03,11.31,11.86,12.55,10.62,11.17,15.17,15.45,17.24,17.93,17.1,16.0,18.34,22.21,22.9,21.66,20.14,18.48,25.38,22.21
2024-09-26,603260,合盛硅业,fit,一直释放,52.86-56.41-47.68-50.85,高-低-高,6.72%-15.48%-6.65%,16,5.7,0.48,52.52,2.1,21894.0,0.0,49.87,17,📈ema📈res📈adx📈rsi,no | no | 回补,,,90.56 | 59.43 | 1.52 | no,n 47｜s 00｜d 7.63%,0,绿暗[+2.87]-绿暗[+2.75]-绿暗[+2.53]-绿暗[+2.17]-绿暗[+2.10]-绿暗[+2.00],低-低-低-低-高-高,否,70.76,47.99,"{""sqz"": {""bb_length"": 20, ""bb_mult"": 1.8, ""kc_length"": 20, ""kc_mult"": 1.5, ""use_true_range"": true, ""min_sqz_bars"": 5}, ""ema"": {""ema_length"": 200}, ""rsi"": {""rsi_length"": 14, ""rsi_ma_length"": 14, ""rsi_smooth"": ""SMA""}, ""sto"": {""stoch_length"": 14, ""smooth_k"": 3, ""smooth_d"": 3}, ""adx"": {""adx_length"": 14, ""adx_threshold"": 25}, ""r&s"": {""srb_left"": 10, ""srb_right"": 10}, ""atr"": {""atr_length"": 14, ""atr_mult"": 1.0, ""atr_smooth"": ""RMA""}, ""mcd"": {""fast_length"": 12, ""slow_length"": 26, ""signal_length"": 9}}",化学制品,498.18,498.18,4.78,13.44,19.04,7.43,7.25,2.48,3.16,0.48,-2.02,-4.89,-1.45,0.23,1.2,11.41,12.03,22.89,17.75,13.25,12.24,11.5,8.04,8.8,11.44,12.53,12.45,15.71,17.67,17.67,16.7,12.6
2024-09-26,603345,安井食品,fit,压力释放,96.48-76.74-79.55-73.7,低-高-低,20.46%-3.66%-7.35%,17,16.15,1.63,78.72,10.47,93087.0,3.0,68.27,9,📉ema📈res📉adx🗒️rsi,no | no | 回补,,,98.17 | 85.41 | 1.15 | no,n 77｜s 00｜d 1.58%,5,红暗[-2.03]-红暗[-1.55]-红暗[-1.41]-红亮[-1.59]-红暗[-0.69]-绿亮[+0.00],低-低-低-低-低-高,是,69.44,78.96,"{""sqz"": {""bb_length"": 20, ""bb_mult"": 1.8, ""kc_length"": 20, ""kc_mult"": 1.5, ""use_true_range"": true, ""min_sqz_bars"": 5}, ""ema"": {""ema_length"": 200}, ""rsi"": {""rsi_length"": 14, ""rsi_ma_length"": 14, ""rsi_smooth"": ""SMA""}, ""sto"": {""stoch_length"": 14, ""smooth_k"": 3, ""smooth_d"": 3}, ""adx"": {""adx_length"": 14, ""adx_threshold"": 25}, ""r&s"": {""srb_left"": 10, ""srb_right"": 10}, ""atr"": {""atr_length"": 14, ""atr_mult"": 1.0, ""atr_smooth"": ""RMA""}, ""mcd"": {""fast_length"": 12, ""slow_length"": 26, ""signal_length"": 9}}",食品加工,291.43,256.46,10.43,21.9,26.51,18.23,20.92,16.32,19.45,13.05,12.18,9.44,12.12,5.53,6.2,8.08,6.1,7.36,12.31,8.61,5.04,4.47,5.61,9.02,9.03,10.11,18.31,16.21,14.72,13.57,12.44,9.46
2024-09-26,603358,华达科技,fit,压力释放,29.55-28.85-31.11-30.1,低-高-低,2.37%-7.83%-3.25%,37,15.37,1.22,30.35,1.13,35489.0,1.0,28.31,25,📈ema📈res📉adx🗒️rsi,bull | 0.79% | 未补,,,95.98 | 92.66 | 1.04 | no,n 74｜s 00｜d 2.35%,0,绿亮[+0.31]-绿亮[+0.45]-绿亮[+0.50]-绿亮[+0.65]-绿亮[+0.76]-绿亮[+1.04],低-低-低-低-低-低,否,65.91,25.09,"{""sqz"": {""bb_length"": 20, ""bb_mult"": 1.8, ""kc_length"": 20, ""kc_mult"": 1.5, ""use_true_range"": true, ""min_sqz_bars"": 5}, ""ema"": {""ema_length"": 200}, ""rsi"": {""rsi_length"": 14, ""rsi_ma_length"": 14, ""rsi_smooth"": ""SMA""}, ""sto"": {""stoch_length"": 14, ""smooth_k"": 3, ""smooth_d"": 3}, ""adx"": {""adx_length"": 14, ""adx_threshold"": 25}, ""r&s"": {""srb_left"": 10, ""srb_right"": 10}, ""atr"": {""atr_length"": 14, ""atr_mult"": 1.0, ""atr_smooth"": ""RMA""}, ""mcd"": {""fast_length"": 12, ""slow_length"": 26, ""signal_length"": 9}}",汽车零部件,142.33,137.92,1.15,8.04,6.29,8.7,6.56,6.56,6.99,3.1,3.2,2.47,4.42,0.23,1.45,6.69,7.81,7.08,6.59,6.72,5.96,3.59,-0.89,-0.4,0.43,0.43,-0.43,-0.66,-1.88,-2.54,-0.99,-2.27
2024-09-26,603529,爱玛科技,fit,一直释放,27.51-32.11-36.3-27.42,高-高-低,16.72%-13.05%-24.46%,38,14.92,0.56,33.94,5.01,75035.0,1.0,30.4,41,📈ema📈res📈adx📈rsi,no | no | 回补,,,81.41 | 61.39 | 1.33 | no,n 39｜s 00｜d 18.46%,0,绿暗[+3.44]-绿暗[+3.20]-绿暗[+2.90]-绿暗[+2.59]-绿暗[+2.49]-绿暗[+2.40],高-高-高-高-高-高,否,75.27,27.88,"{""sqz"": {""bb_length"": 20, ""bb_mult"": 1.8, ""kc_length"": 20, ""kc_mult"": 1.5, ""use_true_range"": true, ""min_sqz_bars"": 5}, ""ema"": {""ema_length"": 200}, ""rsi"": {""rsi_length"": 14, ""rsi_ma_length"": 14, ""rsi_smooth"": ""SMA""}, ""sto"": {""stoch_length"": 14, ""smooth_k"": 3, ""smooth_d"": 3}, ""adx"": {""adx_length"": 14, ""adx_threshold"": 25}, ""r&s"": {""srb_left"": 10, ""srb_right"": 10}, ""atr"": {""atr_length"": 14, ""atr_mult"": 1.0, ""atr_smooth"": ""RMA""}, ""mcd"": {""fast_length"": 12, ""slow_length"": 26, ""signal_length"": 9}}",摩托车及其他,280.5,273.93,0.32,5.92,4.1,-6.04,-3.06,-10.08,-5.13,-7.45,-7.37,-6.69,-2.65,-2.36,0.21,0.62,-1.09,1.77,5.83,3.06,0.68,-1.38,-1.09,-1.3,-0.68,-3.3,0.03,-3.39,-5.24,-5.89,0.5,6.33
2024-09-26,603587,地素时尚,fit,压力释放,12.35-11.54-10.4-10.33,低-低-低,6.56%-9.88%-0.67%,13,8.17,1.41,10.59,3.52,21235.0,0.0,9.98,24,📉ema📈res📉adx🗒️rsi,bull | 0.10% | 回补,,,98.54 | 75.42 | 1.31 | no,n 89｜s 00｜d 1.39%,6,红亮[-0.12]-红暗[-0.10]-红亮[-0.11]-红亮[-0.13]-红暗[-0.08]-红暗[-0.05],低-低-低-低-低-高,否,66.17,11.17,"{""sqz"": {""bb_length"": 20, ""bb_mult"": 1.8, ""kc_length"": 20, ""kc_mult"": 1.5, ""use_true_range"": true, ""min_sqz_bars"": 5}, ""ema"": {""ema_length"": 200}, ""rsi"": {""rsi_length"": 14, ""rsi_ma_length"": 14, ""rsi_smooth"": ""SMA""}, ""sto"": {""stoch_length"": 14, ""smooth_k"": 3, ""smooth_d"": 3}, ""adx"": {""adx_length"": 14, ""adx_threshold"": 25}, ""r&s"": {""srb_left"": 10, ""srb_right"": 10}, ""atr"": {""atr_length"": 14, ""atr_mult"": 1.0, ""atr_smooth"": ""RMA""}, ""mcd"": {""fast_length"": 12, ""slow_length"": 26, ""signal_length"": 9}}",服装家纺,57.27,57.27,3.02,10.39,15.01,6.04,7.08,4.44,4.82,2.27,2.55,1.61,3.49,3.49,4.72,5.1,5.19,6.14,7.84,5.19,2.74,3.31,1.89,3.4,4.72,4.82,7.08,6.89,7.27,7.55,7.74,5.85
2024-09-26,603611,诺力股份,fit,压力释放,21.98-21.41-15.59-15.16,低-低-低,2.59%-27.18%-2.76%,17,8.99,1.15,15.81,3.54,40418.0,2.0,14.69,18,📉ema📈res📉adx🗒️rsi,no | no | 未补,,,97.96 | 89.35 | 1.1 | no,n 90｜s 00｜d 1.72%,0,绿暗[+0.27]-绿暗[+0.27]-绿暗[+0.23]-绿暗[+0.21]-绿亮[+0.31]-绿亮[+0.35],低-低-低-低-高-高,否,67.02,16.51,"{""sqz"": {""bb_length"": 20, ""bb_mult"": 1.8, ""kc_length"": 20, ""kc_mult"": 1.5, ""use_true_range"": true, ""min_sqz_bars"": 5}, ""ema"": {""ema_length"": 200}, ""rsi"": {""rsi_length"": 14, ""rsi_ma_length"": 14, ""rsi_smooth"": ""SMA""}, ""sto"": {""stoch_length"": 14, ""smooth_k"": 3, ""smooth_d"": 3}, ""adx"": {""adx_length"": 14, ""adx_threshold"": 25}, ""r&s"": {""srb_left"": 10, ""srb_right"": 10}, ""atr"": {""atr_length"": 14, ""atr_mult"": 1.0, ""atr_smooth"": ""RMA""}, ""mcd"": {""fast_length"": 12, ""slow_length"": 26, ""signal_length"": 9}}",工程机械,53.5,53.5,3.73,12.4,18.6,7.59,7.97,3.04,4.93,1.01,0.44,-0.95,2.34,2.34,4.05,3.54,2.47,4.11,5.12,2.21,2.28,6.14,2.34,5.69,7.59,6.89,8.79,7.53,8.6,8.1,7.46,4.24
2024-09-26,603659,璞泰来,fit,压力释放,22.26-20.05-17.84-11.89,低-低-低,9.93%-11.02%-33.35%,13,16.23,1.42,12.33,6.29,358664.0,2.0,10.96,11,📉ema📈res📉adx🗒️rsi,bull | 0.44% | 未补,,,100.0 | 72.77 | 1.37 | no,n 79｜s 00｜d 2.25%,4,绿暗[+0.02]-红亮[-0.01]-红亮[-0.10]-红亮[-0.17]-红暗[-0.09]-绿亮[+0.03],低-低-低-低-低-高,否,62.27,16.28,"{""sqz"": {""bb_length"": 20, ""bb_mult"": 1.8, ""kc_length"": 20, ""kc_mult"": 1.5, ""use_true_range"": true, ""min_sqz_bars"": 5}, ""ema"": {""ema_length"": 200}, ""rsi"": {""rsi_length"": 14, ""rsi_ma_length"": 14, ""rsi_smooth"": ""SMA""}, ""sto"": {""stoch_length"": 14, ""smooth_k"": 3, ""smooth_d"": 3}, ""adx"": {""adx_length"": 14, ""adx_threshold"": 25}, ""r&s"": {""srb_left"": 10, ""srb_right"": 10}, ""atr"": {""atr_length"": 14, ""atr_mult"": 1.0, ""atr_smooth"": ""RMA""}, ""mcd"": {""fast_length"": 12, ""slow_length"": 26, ""signal_length"": 9}}",电池,732.78,732.78,8.84,19.87,31.87,18.57,15.33,8.92,11.92,8.35,5.68,4.87,13.54,14.03,19.38,20.6,16.3,28.06,37.06,32.2,31.06,34.96,29.6,36.66,50.45,53.93,52.07,52.39,67.8,65.13,61.56,60.42
2024-09-26,603687,大胜达,fit,压力释放,12.23-11.04-6.92-6.05,低-低-低,9.73%-37.32%-12.57%,14,8.04,0.93,6.26,2.45,48556.0,1.0,5.92,10,📉ema📈res📈adx🗒️rsi,bull | 1.00% | 未补,,,100.0 | 97.24 | 1.03 | no,n 92｜s 00｜d 0.95%,0,绿暗[+0.08]-绿亮[+0.09]-绿亮[+0.12]-绿亮[+0.13]-绿亮[+0.16]-绿亮[+0.19],低-低-低-低-低-高,否,61.41,8.87,"{""sqz"": {""bb_length"": 20, ""bb_mult"": 1.8, ""kc_length"": 20, ""kc_mult"": 1.5, ""use_true_range"": true, ""min_sqz_bars"": 5}, ""ema"": {""ema_length"": 200}, ""rsi"": {""rsi_length"": 14, ""rsi_ma_length"": 14, ""rsi_smooth"": ""SMA""}, ""sto"": {""stoch_length"": 14, ""smooth_k"": 3, ""smooth_d"": 3}, ""adx"": {""adx_length"": 14, ""adx_threshold"": 25}, ""r&s"": {""srb_left"": 10, ""srb_right"": 10}, ""atr"": {""atr_length"": 14, ""atr_mult"": 1.0, ""atr_smooth"": ""RMA""}, ""mcd"": {""fast_length"": 12, ""slow_length"": 26, ""signal_length"": 9}}",包装印刷,85.97,85.97,3.19,12.62,20.29,9.9,9.58,4.95,5.59,3.04,1.92,1.28,2.08,4.15,6.07,5.91,7.19,10.7,15.81,13.74,16.13,19.01,16.77,18.05,18.53,17.41,19.17,18.53,22.04,21.41,22.52,18.85
2024-09-26,603733,仙鹤股份,fit,压力释放,17.53-19.73-18.59-15.6,高-低-低,12.55%-5.78%-16.08%,17,10.17,2.26,16.21,6.09,55677.0,1.0,14.77,10,📈ema📈res📈adx🗒️rsi,no | no | 回补,,,100.0 | 95.78 | 1.04 | no,n 96｜s 00｜d 1.57%,6,红亮[-0.35]-红暗[-0.32]-红暗[-0.29]-红暗[-0.28]-红暗[-0.16]-红暗[-0.03],低-低-低-低-低-高,否,67.16,16.07,"{""sqz"": {""bb_length"": 20, ""bb_mult"": 1.8, ""kc_length"": 20, ""kc_mult"": 1.5, ""use_true_range"": true, ""min_sqz_bars"": 5}, ""ema"": {""ema_length"": 200}, ""rsi"": {""rsi_length"": 14, ""rsi_ma_length"": 14, ""rsi_smooth"": ""SMA""}, ""sto"": {""stoch_length"": 14, ""smooth_k"": 3, ""smooth_d"": 3}, ""adx"": {""adx_length"": 14, ""adx_threshold"": 25}, ""r&s"": {""srb_left"": 10, ""srb_right"": 10}, ""atr"": {""atr_length"": 14, ""atr_mult"": 1.0, ""atr_smooth"": ""RMA""}, ""mcd"": {""fast_length"": 12, ""slow_length"": 26, ""signal_length"": 9}}",造纸,165.61,165.61,6.35,17.27,28.13,16.1,17.15,10.98,11.17,9.38,6.91,5.43,8.33,8.33,9.07,11.35,10.43,11.54,17.27,15.18,12.4,12.03,9.81,11.54,14.62,19.25,21.28,25.23,24.86,25.23,25.05,21.47
2024-09-26,603758,秦安股份,fit,压力释放,10.82-10.5-7.14-6.51,低-低-低,2.96%-32.00%-8.82%,14,7.43,1.53,6.82,4.44,54780.0,1.0,6.37,7,📉ema📈res📉adx🗒️rsi,no | no | 回补,,,94.7 | 95.22 | 0.99 | no,n 98｜s 00｜d 0.55%,1,红暗[-0.00]-绿亮[+0.04]-绿亮[+0.06]-绿亮[+0.09]-绿亮[+0.13]-绿亮[+0.16],低-低-低-低-高-高,否,63.92,8.24,"{""sqz"": {""bb_length"": 20, ""bb_mult"": 1.8, ""kc_length"": 20, ""kc_mult"": 1.5, ""use_true_range"": true, ""min_sqz_bars"": 5}, ""ema"": {""ema_length"": 200}, ""rsi"": {""rsi_length"": 14, ""rsi_ma_length"": 14, ""rsi_smooth"": ""SMA""}, ""sto"": {""stoch_length"": 14, ""smooth_k"": 3, ""smooth_d"": 3}, ""adx"": {""adx_length"": 14, ""adx_threshold"": 25}, ""r&s"": {""srb_left"": 10, ""srb_right"": 10}, ""atr"": {""atr_length"": 14, ""atr_mult"": 1.0, ""atr_smooth"": ""RMA""}, ""mcd"": {""fast_length"": 12, ""slow_length"": 26, ""signal_length"": 9}}",汽车零部件,57.39,57.39,4.99,13.49,14.37,2.64,4.25,0.73,2.49,0.0,2.79,0.44,2.05,1.47,2.93,4.25,4.99,6.45,8.8,8.21,10.12,8.8,6.16,17.16,29.33,37.24,43.99,40.91,31.67,32.4,29.62,20.09
2024-09-26,603885,吉祥航空,fit,压力释放,13.09-11.7-12.26-10.82,低-高-低,10.62%-4.79%-11.75%,13,11.2,1.63,11.26,9.96,347169.0,2.0,9.83,6,📉ema📈res📉adx🗒️rsi,no | no | 回补,,,87.44 | 65.51 | 1.33 | no,n 88｜s 00｜d 0.96%,5,红暗[-0.22]-红暗[-0.15]-红暗[-0.09]-红暗[-0.09]-红暗[-0.02]-绿亮[+0.03],低-低-低-低-低-低,是,64.12,11.74,"{""sqz"": {""bb_length"": 20, ""bb_mult"": 1.8, ""kc_length"": 20, ""kc_mult"": 1.5, ""use_true_range"": true, ""min_sqz_bars"": 5}, ""ema"": {""ema_length"": 200}, ""rsi"": {""rsi_length"": 14, ""rsi_ma_length"": 14, ""rsi_smooth"": ""SMA""}, ""sto"": {""stoch_length"": 14, ""smooth_k"": 3, ""smooth_d"": 3}, ""adx"": {""adx_length"": 14, ""adx_threshold"": 25}, ""r&s"": {""srb_left"": 10, ""srb_right"": 10}, ""atr"": {""atr_length"": 14, ""atr_mult"": 1.0, ""atr_smooth"": ""RMA""}, ""mcd"": {""fast_length"": 12, ""slow_length"": 26, ""signal_length"": 9}}",航空机场,262.08,262.08,9.24,20.07,17.67,13.68,13.77,5.77,3.02,2.58,3.11,2.66,6.31,9.68,11.28,12.26,12.26,13.77,16.25,14.83,15.54,12.34,12.08,16.52,15.63,15.63,20.69,19.18,19.01,17.05,16.07,16.25
2024-09-26,605098,行动教育,fit,压力释放,43.23-51.25-38.13-31.39,高-低-低,18.55%-25.60%-17.68%,16,14.52,1.27,33.03,6.55,34622.0,3.0,29.5,15,📉ema📈res📉adx🗒️rsi,bull | 1.65% | 回补,,,100.0 | 92.47 | 1.08 | no,n 84｜s 00｜d 2.18%,2,红暗[-0.36]-红暗[-0.18]-绿亮[+0.03]-绿亮[+0.10]-绿亮[+0.34]-绿亮[+0.61],低-低-低-低-低-高,是,68.37,36.7,"{""sqz"": {""bb_length"": 20, ""bb_mult"": 1.8, ""kc_length"": 20, ""kc_mult"": 1.5, ""use_true_range"": true, ""min_sqz_bars"": 5}, ""ema"": {""ema_length"": 200}, ""rsi"": {""rsi_length"": 14, ""rsi_ma_length"": 14, ""rsi_smooth"": ""SMA""}, ""sto"": {""stoch_length"": 14, ""smooth_k"": 3, ""smooth_d"": 3}, ""adx"": {""adx_length"": 14, ""adx_threshold"": 25}, ""r&s"": {""srb_left"": 10, ""srb_right"": 10}, ""atr"": {""atr_length"": 14, ""atr_mult"": 1.0, ""atr_smooth"": ""RMA""}, ""mcd"": {""fast_length"": 12, ""slow_length"": 26, ""signal_length"": 9}}",教育,62.12,62.12,6.12,17.29,20.92,7.99,9.39,7.18,12.96,9.45,7.24,7.36,7.48,10.08,12.32,3.69,2.03,2.03,2.27,-0.85,-1.63,-0.18,-3.66,-3.33,-1.39,-1.3,1.15,0.24,0.82,-0.61,0.06,-1.12
2024-09-26,605598,上海港湾,fit,压力释放,19.87-23.87-23.46-18.01,高-低-低,20.13%-1.72%-23.23%,12,15.52,1.54,18.74,3.82,22463.0,1.0,16.97,5,📉ema📈res📉adx🗒️rsi,bull | 0.62% | 未补,,,100.0 | 81.53 | 1.23 | no,n 91｜s 00｜d 0.71%,4,红亮[-0.34]-红暗[-0.21]-红暗[-0.08]-红亮[-0.09]-绿亮[+0.13]-绿亮[+0.35],低-低-低-低-低-高,否,62.09,19.97,"{""sqz"": {""bb_length"": 20, ""bb_mult"": 1.8, ""kc_length"": 20, ""kc_mult"": 1.5, ""use_true_range"": true, ""min_sqz_bars"": 5}, ""ema"": {""ema_length"": 200}, ""rsi"": {""rsi_length"": 14, ""rsi_ma_length"": 14, ""rsi_smooth"": ""SMA""}, ""sto"": {""stoch_length"": 14, ""smooth_k"": 3, ""smooth_d"": 3}, ""adx"": {""adx_length"": 14, ""adx_threshold"": 25}, ""r&s"": {""srb_left"": 10, ""srb_right"": 10}, ""atr"": {""atr_length"": 14, ""atr_mult"": 1.0, ""atr_smooth"": ""RMA""}, ""mcd"": {""fast_length"": 12, ""slow_length"": 26, ""signal_length"": 9}}",专业工程,111.76,111.76,2.13,9.5,11.1,-0.05,3.79,-1.71,3.47,0.27,1.07,-1.87,0.48,2.29,3.15,3.42,4.64,6.72,6.78,3.36,1.87,1.23,2.51,4.0,7.52,6.46,10.09,6.88,6.56,5.55,7.58,13.61
