日期,代码,名称,条件,释放,PSQ,TSQ,RSQ,BSA,RPT,MZS,现价,涨幅(%),成交量,换手(%),止损,挤压,判断,FVG,AVWAP,BIAS,STO,分数,红色,动能,趋势,放量,RSI,EMA,参数,行业,总市值(亿),流通市值(亿),FC1,FC2,FC3,FC4,FC5,FC6,FC7,FC8,FC9,FC10,FC11,FC12,FC13,FC14,FC15,FC16,FC17,FC18,FC19,FC20,FC21,FC22,FC23,FC24,FC25,FC26,FC27,FC28,FC29,FC30
2024-09-27,000025,特  力Ａ,fit,压力释放,16.06-17.44-15.7-14.28,高-低-低,8.59%-9.98%-9.04%,38,8.84,1.65,15.46,6.4,166992.0,4.0,14.18,23,📈ema📈res📉adx📈rsi,bull | 0.83% | 回补,,,100.0 | 99.66 | 1.0 | no,n 86｜s 00｜d 1.79%,0,绿亮[+0.22]-绿亮[+0.24]-绿暗[+0.22]-绿亮[+0.27]-绿亮[+0.30]-绿亮[+0.36],低-低-低-低-高-高,是,78.74,14.74,"{""sqz"": {""bb_length"": 20, ""bb_mult"": 1.8, ""kc_length"": 20, ""kc_mult"": 1.5, ""use_true_range"": true, ""min_sqz_bars"": 5}, ""ema"": {""ema_length"": 200}, ""rsi"": {""rsi_length"": 14, ""rsi_ma_length"": 14, ""rsi_smooth"": ""SMA""}, ""sto"": {""stoch_length"": 14, ""smooth_k"": 3, ""smooth_d"": 3}, ""adx"": {""adx_length"": 14, ""adx_threshold"": 25}, ""r&s"": {""srb_left"": 10, ""srb_right"": 10}, ""atr"": {""atr_length"": 14, ""atr_mult"": 1.0, ""atr_smooth"": ""RMA""}, ""mcd"": {""fast_length"": 12, ""slow_length"": 26, ""signal_length"": 9}}",综合Ⅱ,68.88,62.77,8.41,13.07,1.68,2.2,-0.58,2.01,-0.19,0.0,0.45,2.01,6.21,6.08,7.12,5.24,15.85,27.49,27.55,23.09,29.11,16.88,16.69,17.72,18.43,18.69,17.66,19.53,23.42,21.22,17.72,13.39
2024-09-27,000034,神州数码,fit,压力释放,31.11-25.07-23.74-26.22,低-低-高,19.41%-5.31%-10.45%,16,14.35,0.95,27.72,7.82,451931.0,8.0,24.86,9,📈ema📈res📉adx📈rsi,bull | 0.86% | 回补,,,91.8 | 74.56 | 1.23 | no,n 93｜s 00｜d 1.93%,1,绿暗[+0.19]-绿暗[+0.06]-红亮[-0.07]-绿亮[+0.02]-绿亮[+0.07]-绿亮[+0.19],低-低-低-低-低-低,否,70.56,26.53,"{""sqz"": {""bb_length"": 20, ""bb_mult"": 1.8, ""kc_length"": 20, ""kc_mult"": 1.5, ""use_true_range"": true, ""min_sqz_bars"": 5}, ""ema"": {""ema_length"": 200}, ""rsi"": {""rsi_length"": 14, ""rsi_ma_length"": 14, ""rsi_smooth"": ""SMA""}, ""sto"": {""stoch_length"": 14, ""smooth_k"": 3, ""smooth_d"": 3}, ""adx"": {""adx_length"": 14, ""adx_threshold"": 25}, ""r&s"": {""srb_left"": 10, ""srb_right"": 10}, ""atr"": {""atr_length"": 14, ""atr_mult"": 1.0, ""atr_smooth"": ""RMA""}, ""mcd"": {""fast_length"": 12, ""slow_length"": 26, ""signal_length"": 9}}",IT服务Ⅱ,251.9,210.58,10.1,21.21,18.11,11.08,5.7,10.64,11.29,10.03,11.22,16.81,20.56,18.0,15.95,16.02,15.95,14.83,15.37,19.37,26.7,24.46,28.93,33.04,29.55,29.18,34.09,42.71,36.87,35.86,30.01,27.02
2024-09-27,000070,特发信息,fit,压力释放,10.39-8.75-4.65-4.23,低-低-低,15.78%-46.86%-9.03%,16,7.09,0.48,4.43,3.26,368169.0,4.0,4.17,13,📉ema📈res📉adx🗒️rsi,no | no | 回补,,,98.52 | 96.75 | 1.02 | no,n 99｜s 00｜d 1.18%,0,绿亮[+0.04]-绿亮[+0.05]-绿暗[+0.04]-绿亮[+0.06]-绿亮[+0.06]-绿亮[+0.08],低-低-低-低-高-高,是,65.93,6.49,"{""sqz"": {""bb_length"": 20, ""bb_mult"": 1.8, ""kc_length"": 20, ""kc_mult"": 1.5, ""use_true_range"": true, ""min_sqz_bars"": 5}, ""ema"": {""ema_length"": 200}, ""rsi"": {""rsi_length"": 14, ""rsi_ma_length"": 14, ""rsi_smooth"": ""SMA""}, ""sto"": {""stoch_length"": 14, ""smooth_k"": 3, ""smooth_d"": 3}, ""adx"": {""adx_length"": 14, ""adx_threshold"": 25}, ""r&s"": {""srb_left"": 10, ""srb_right"": 10}, ""atr"": {""atr_length"": 14, ""atr_mult"": 1.0, ""atr_smooth"": ""RMA""}, ""mcd"": {""fast_length"": 12, ""slow_length"": 26, ""signal_length"": 9}}",通信设备,141.17,139.34,4.97,7.0,1.58,-1.58,-1.58,1.13,1.13,2.48,2.03,3.39,4.74,9.93,15.35,11.96,17.61,23.48,29.57,28.44,28.67,22.35,25.73,27.99,26.19,30.25,29.35,35.89,38.37,41.08,35.44,28.67
2024-09-27,000155,川能动力,fit,压力释放,10.99-12.22-11.65-9.26,高-低-低,11.19%-4.66%-20.52%,18,5.59,1.8,10.37,7.68,301412.0,2.0,9.49,12,📉ema📈res📉adx📈rsi,bull | 1.98% | 回补,,,100.0 | 94.13 | 1.06 | no,n 91｜s 00｜d 1.59%,0,绿亮[+0.22]-绿亮[+0.23]-绿暗[+0.19]-绿亮[+0.21]-绿亮[+0.24]-绿亮[+0.28],低-低-低-高-高-高,是,75.39,10.69,"{""sqz"": {""bb_length"": 20, ""bb_mult"": 1.8, ""kc_length"": 20, ""kc_mult"": 1.5, ""use_true_range"": true, ""min_sqz_bars"": 5}, ""ema"": {""ema_length"": 200}, ""rsi"": {""rsi_length"": 14, ""rsi_ma_length"": 14, ""rsi_smooth"": ""SMA""}, ""sto"": {""stoch_length"": 14, ""smooth_k"": 3, ""smooth_d"": 3}, ""adx"": {""adx_length"": 14, ""adx_threshold"": 25}, ""r&s"": {""srb_left"": 10, ""srb_right"": 10}, ""atr"": {""atr_length"": 14, ""atr_mult"": 1.0, ""atr_smooth"": ""RMA""}, ""mcd"": {""fast_length"": 12, ""slow_length"": 26, ""signal_length"": 9}}",电力,298.34,298.34,10.13,18.32,6.85,6.94,2.41,4.82,3.66,13.89,8.29,8.58,8.0,8.2,9.26,6.65,11.48,11.86,9.64,8.87,11.67,10.61,10.9,12.44,12.83,14.66,12.15,14.27,16.88,16.39,10.99,6.65
2024-09-27,000156,华数传媒,fit,压力释放,8.94-7.34-6.04-6.3,低-低-高,17.90%-17.71%-4.30%,27,9.38,1.4,6.61,2.48,207785.0,1.0,6.31,23,📈ema📈res📉adx📈rsi,bull | 1.56% | 未补,,,100.0 | 92.83 | 1.08 | no,n 89｜s 00｜d 2.16%,3,红暗[-0.02]-红亮[-0.02]-红亮[-0.02]-绿亮[+0.01]-绿亮[+0.04]-绿亮[+0.10],低-低-低-低-高-高,是,70.42,6.56,"{""sqz"": {""bb_length"": 20, ""bb_mult"": 1.8, ""kc_length"": 20, ""kc_mult"": 1.5, ""use_true_range"": true, ""min_sqz_bars"": 5}, ""ema"": {""ema_length"": 200}, ""rsi"": {""rsi_length"": 14, ""rsi_ma_length"": 14, ""rsi_smooth"": ""SMA""}, ""sto"": {""stoch_length"": 14, ""smooth_k"": 3, ""smooth_d"": 3}, ""adx"": {""adx_length"": 14, ""adx_threshold"": 25}, ""r&s"": {""srb_left"": 10, ""srb_right"": 10}, ""atr"": {""atr_length"": 14, ""atr_mult"": 1.0, ""atr_smooth"": ""RMA""}, ""mcd"": {""fast_length"": 12, ""slow_length"": 26, ""signal_length"": 9}}",电视广播Ⅱ,136.56,125.28,10.29,16.19,4.99,4.84,1.66,3.18,1.51,2.72,1.06,3.93,4.24,6.05,4.69,4.39,6.81,10.44,7.11,8.32,9.98,5.9,7.26,9.53,10.89,13.46,11.95,16.64,14.07,15.58,9.98,9.83
2024-09-27,000510,新金路,fit,压力释放,4.02-3.12-3.03-3.15,低-低-高,22.39%-2.88%-3.96%,24,12.5,1.01,3.31,4.09,176009.0,3.0,3.08,25,📉ema📈res📉adx📈rsi,bull | 0.95% | 未补,,,100.0 | 96.46 | 1.04 | no,n 92｜s 00｜d 2.29%,4,红暗[-0.05]-红暗[-0.05]-红暗[-0.03]-红暗[-0.02]-绿亮[+0.01]-绿亮[+0.05],低-低-低-低-低-高,否,73.38,3.79,"{""sqz"": {""bb_length"": 20, ""bb_mult"": 1.8, ""kc_length"": 20, ""kc_mult"": 1.5, ""use_true_range"": true, ""min_sqz_bars"": 5}, ""ema"": {""ema_length"": 200}, ""rsi"": {""rsi_length"": 14, ""rsi_ma_length"": 14, ""rsi_smooth"": ""SMA""}, ""sto"": {""stoch_length"": 14, ""smooth_k"": 3, ""smooth_d"": 3}, ""adx"": {""adx_length"": 14, ""adx_threshold"": 25}, ""r&s"": {""srb_left"": 10, ""srb_right"": 10}, ""atr"": {""atr_length"": 14, ""atr_mult"": 1.0, ""atr_smooth"": ""RMA""}, ""mcd"": {""fast_length"": 12, ""slow_length"": 26, ""signal_length"": 9}}",化学原料,96.37,90.15,8.16,12.08,0.91,1.81,-0.6,4.53,7.55,15.71,6.95,17.52,20.24,13.9,17.82,29.61,26.59,32.93,29.0,24.77,29.61,23.26,24.17,24.47,24.77,28.7,27.79,30.51,28.4,26.28,21.75,18.43
2024-09-27,000533,顺钠股份,fit,压力释放,4.26-4.16-3.28-3.33,低-低-高,2.35%-21.15%-1.52%,26,9.9,1.07,3.47,3.27,193561.0,3.0,3.29,41,📉ema📈res📉adx📈rsi,no | no | 回补,,,100.0 | 95.62 | 1.05 | no,n 87｜s 00｜d 2.11%,0,绿亮[+0.01]-绿亮[+0.03]-绿亮[+0.03]-绿亮[+0.05]-绿亮[+0.06]-绿亮[+0.08],低-低-低-低-高-高,是,70.52,3.66,"{""sqz"": {""bb_length"": 20, ""bb_mult"": 1.8, ""kc_length"": 20, ""kc_mult"": 1.5, ""use_true_range"": true, ""min_sqz_bars"": 5}, ""ema"": {""ema_length"": 200}, ""rsi"": {""rsi_length"": 14, ""rsi_ma_length"": 14, ""rsi_smooth"": ""SMA""}, ""sto"": {""stoch_length"": 14, ""smooth_k"": 3, ""smooth_d"": 3}, ""adx"": {""adx_length"": 14, ""adx_threshold"": 25}, ""r&s"": {""srb_left"": 10, ""srb_right"": 10}, ""atr"": {""atr_length"": 14, ""atr_mult"": 1.0, ""atr_smooth"": ""RMA""}, ""mcd"": {""fast_length"": 12, ""slow_length"": 26, ""signal_length"": 9}}",电网设备,105.56,104.65,9.8,14.7,3.75,5.48,0.86,5.48,2.59,3.75,1.73,5.48,5.48,6.63,6.34,6.63,8.65,15.56,12.97,14.41,16.71,11.82,15.85,16.71,17.58,21.61,22.48,24.78,23.05,21.9,19.31,16.14
2024-09-27,000550,江铃汽车,fit,压力释放,30.38-26.26-33.77-22.93,低-高-低,13.56%-28.60%-32.10%,13,16.34,1.77,24.76,9.03,334791.0,6.0,22.06,6,📈ema📈res📉adx🗒️rsi,bull | 3.82% | 回补,,,100.0 | 94.66 | 1.06 | no,n 85｜s 00｜d 0.65%,2,红暗[-0.22]-红暗[-0.03]-绿亮[+0.06]-绿亮[+0.27]-绿亮[+0.46]-绿亮[+0.73],低-低-低-低-低-低,是,69.37,22.66,"{""sqz"": {""bb_length"": 20, ""bb_mult"": 1.8, ""kc_length"": 20, ""kc_mult"": 1.5, ""use_true_range"": true, ""min_sqz_bars"": 5}, ""ema"": {""ema_length"": 200}, ""rsi"": {""rsi_length"": 14, ""rsi_ma_length"": 14, ""rsi_smooth"": ""SMA""}, ""sto"": {""stoch_length"": 14, ""smooth_k"": 3, ""smooth_d"": 3}, ""adx"": {""adx_length"": 14, ""adx_threshold"": 25}, ""r&s"": {""srb_left"": 10, ""srb_right"": 10}, ""atr"": {""atr_length"": 14, ""atr_mult"": 1.0, ""atr_smooth"": ""RMA""}, ""mcd"": {""fast_length"": 12, ""slow_length"": 26, ""signal_length"": 9}}",商用车,150.63,90.47,10.3,18.3,6.22,9.69,12.52,11.55,6.95,9.05,6.95,10.99,6.7,8.68,11.43,3.27,3.03,2.46,-0.16,0.73,0.93,-3.63,0.48,1.66,2.18,3.23,1.66,5.78,16.64,11.27,4.85,4.08
2024-09-27,000572,海马汽车,fit,压力释放,4.08-3.5-4.16-3.25,低-高-低,14.22%-18.86%-21.88%,13,9.8,1.13,3.44,3.93,555099.0,3.0,3.22,15,📉ema📈res📉adx🗒️rsi,bull | 1.83% | 未补,,,100.0 | 96.28 | 1.04 | no,n 86｜s 00｜d 2.78%,1,红暗[-0.01]-绿亮[+0.01]-绿亮[+0.02]-绿亮[+0.05]-绿亮[+0.07]-绿亮[+0.10],低-低-低-低-高-高,是,67.39,3.77,"{""sqz"": {""bb_length"": 20, ""bb_mult"": 1.8, ""kc_length"": 20, ""kc_mult"": 1.5, ""use_true_range"": true, ""min_sqz_bars"": 5}, ""ema"": {""ema_length"": 200}, ""rsi"": {""rsi_length"": 14, ""rsi_ma_length"": 14, ""rsi_smooth"": ""SMA""}, ""sto"": {""stoch_length"": 14, ""smooth_k"": 3, ""smooth_d"": 3}, ""adx"": {""adx_length"": 14, ""adx_threshold"": 25}, ""r&s"": {""srb_left"": 10, ""srb_right"": 10}, ""atr"": {""atr_length"": 14, ""atr_mult"": 1.0, ""atr_smooth"": ""RMA""}, ""mcd"": {""fast_length"": 12, ""slow_length"": 26, ""signal_length"": 9}}",乘用车,101.8,101.66,7.85,9.59,-1.45,0.58,-2.33,-1.45,-3.49,-3.49,-4.07,-1.45,-1.74,0.87,4.65,7.27,12.21,15.99,27.62,40.41,54.36,39.83,50.58,60.17,76.16,59.3,53.2,56.4,48.55,43.6,41.86,36.05
2024-09-27,000593,德龙汇能,fit,压力释放,5.97-5.82-4.95-4.86,低-低-低,2.51%-14.95%-1.82%,23,13.02,1.16,4.97,3.11,111645.0,3.0,4.65,23,📉ema📈res📉adx🗒️rsi,no | no | 回补,,,100.0 | 98.04 | 1.02 | no,n 84｜s 00｜d 2.01%,3,红暗[-0.03]-红亮[-0.03]-红亮[-0.03]-绿亮[+0.01]-绿亮[+0.06]-绿亮[+0.09],低-低-低-低-低-低,是,66.84,5.47,"{""sqz"": {""bb_length"": 20, ""bb_mult"": 1.8, ""kc_length"": 20, ""kc_mult"": 1.5, ""use_true_range"": true, ""min_sqz_bars"": 5}, ""ema"": {""ema_length"": 200}, ""rsi"": {""rsi_length"": 14, ""rsi_ma_length"": 14, ""rsi_smooth"": ""SMA""}, ""sto"": {""stoch_length"": 14, ""smooth_k"": 3, ""smooth_d"": 3}, ""adx"": {""adx_length"": 14, ""adx_threshold"": 25}, ""r&s"": {""srb_left"": 10, ""srb_right"": 10}, ""atr"": {""atr_length"": 14, ""atr_mult"": 1.0, ""atr_smooth"": ""RMA""}, ""mcd"": {""fast_length"": 12, ""slow_length"": 26, ""signal_length"": 9}}",燃气Ⅱ,54.98,54.96,9.26,14.69,4.63,8.65,5.63,7.85,5.23,10.87,6.44,8.25,7.65,8.45,9.66,10.46,11.67,14.89,19.11,15.9,14.08,11.27,12.88,14.29,13.88,18.51,16.7,20.72,21.33,18.51,16.5,13.68
2024-09-27,000727,冠捷科技,fit,压力释放,2.5-2.21-2.11-2.04,低-低-低,11.60%-4.52%-3.32%,28,10.87,2.82,2.17,4.33,1010630.0,2.0,2.04,31,📉ema📈res📉adx📈rsi,bull | 1.94% | 回补,,,100.0 | 98.08 | 1.02 | no,n 82｜s 00｜d 1.13%,4,红暗[-0.03]-红暗[-0.03]-红暗[-0.02]-红暗[-0.01]-绿亮[+0.00]-绿亮[+0.02],低-低-低-低-高-高,否,70.8,2.25,"{""sqz"": {""bb_length"": 20, ""bb_mult"": 1.8, ""kc_length"": 20, ""kc_mult"": 1.5, ""use_true_range"": true, ""min_sqz_bars"": 5}, ""ema"": {""ema_length"": 200}, ""rsi"": {""rsi_length"": 14, ""rsi_ma_length"": 14, ""rsi_smooth"": ""SMA""}, ""sto"": {""stoch_length"": 14, ""smooth_k"": 3, ""smooth_d"": 3}, ""adx"": {""adx_length"": 14, ""adx_threshold"": 25}, ""r&s"": {""srb_left"": 10, ""srb_right"": 10}, ""atr"": {""atr_length"": 14, ""atr_mult"": 1.0, ""atr_smooth"": ""RMA""}, ""mcd"": {""fast_length"": 12, ""slow_length"": 26, ""signal_length"": 9}}",光学光电子,121.39,121.39,9.22,15.21,4.15,5.07,0.92,3.69,1.38,0.92,-0.46,4.61,5.99,7.83,7.83,8.29,10.6,15.21,12.9,24.42,31.34,35.94,30.41,35.48,32.26,45.62,47.0,46.54,40.09,36.87,31.34,29.95
2024-09-27,000735,罗 牛 山,fit,压力释放,5.66-5.23-5.1-5.14,低-低-高,7.60%-2.49%-0.78%,32,14.99,1.37,5.26,3.34,358759.0,3.0,4.98,22,📈ema📈res📉adx🗒️rsi,bull | 2.59% | 未补,,,100.0 | 95.75 | 1.04 | no,n 84｜s 00｜d 3.07%,4,红暗[-0.09]-红暗[-0.08]-红亮[-0.08]-红暗[-0.04]-绿亮[+0.01]-绿亮[+0.08],低-低-低-低-低-低,是,68.32,5.01,"{""sqz"": {""bb_length"": 20, ""bb_mult"": 1.8, ""kc_length"": 20, ""kc_mult"": 1.5, ""use_true_range"": true, ""min_sqz_bars"": 5}, ""ema"": {""ema_length"": 200}, ""rsi"": {""rsi_length"": 14, ""rsi_ma_length"": 14, ""rsi_smooth"": ""SMA""}, ""sto"": {""stoch_length"": 14, ""smooth_k"": 3, ""smooth_d"": 3}, ""adx"": {""adx_length"": 14, ""adx_threshold"": 25}, ""r&s"": {""srb_left"": 10, ""srb_right"": 10}, ""atr"": {""atr_length"": 14, ""atr_mult"": 1.0, ""atr_smooth"": ""RMA""}, ""mcd"": {""fast_length"": 12, ""slow_length"": 26, ""signal_length"": 9}}",养殖业,78.65,78.61,9.13,12.93,3.42,5.13,2.28,6.46,4.37,4.56,2.47,3.99,4.75,7.98,8.56,7.79,10.65,12.55,9.32,14.26,16.35,12.17,12.36,19.01,23.95,26.24,24.33,23.57,21.48,18.82,15.78,13.88
2024-09-27,000833,粤桂股份,fit,压力释放,5.71-5.73-4.88-5.18,高-低-高,0.35%-14.83%-6.15%,21,11.88,1.32,5.23,1.95,114043.0,3.0,4.99,21,📈ema📈res📉adx🗒️rsi,no | no | 未补,,,100.0 | 100.0 | 1.0 | no,n 72｜s 00｜d 1.81%,6,红暗[-0.21]-红暗[-0.19]-红暗[-0.17]-红暗[-0.13]-红暗[-0.08]-红暗[-0.00],低-低-低-低-低-低,否,69.79,4.74,"{""sqz"": {""bb_length"": 20, ""bb_mult"": 1.8, ""kc_length"": 20, ""kc_mult"": 1.5, ""use_true_range"": true, ""min_sqz_bars"": 5}, ""ema"": {""ema_length"": 200}, ""rsi"": {""rsi_length"": 14, ""rsi_ma_length"": 14, ""rsi_smooth"": ""SMA""}, ""sto"": {""stoch_length"": 14, ""smooth_k"": 3, ""smooth_d"": 3}, ""adx"": {""adx_length"": 14, ""adx_threshold"": 25}, ""r&s"": {""srb_left"": 10, ""srb_right"": 10}, ""atr"": {""atr_length"": 14, ""atr_mult"": 1.0, ""atr_smooth"": ""RMA""}, ""mcd"": {""fast_length"": 12, ""slow_length"": 26, ""signal_length"": 9}}",综合Ⅱ,205.33,116.15,7.84,11.47,7.07,7.46,11.66,11.09,7.65,8.03,7.27,8.03,7.65,8.6,8.8,9.56,12.05,18.93,13.0,11.66,10.52,8.41,8.99,10.71,16.06,27.92,34.42,48.18,63.29,79.92,98.09,118.16
2024-09-27,000888,峨眉山Ａ,fit,压力释放,13.06-11.26-12.86-12.07,低-高-低,13.78%-14.21%-6.14%,13,14.41,1.02,12.52,3.73,464718.0,9.0,11.37,22,📈ema📈res📉adx🗒️rsi,no | no | 未补,,,96.77 | 81.17 | 1.19 | no,n 65｜s 00｜d 2.70%,4,红暗[-0.13]-红暗[-0.10]-红暗[-0.10]-红暗[-0.01]-绿亮[+0.11]-绿亮[+0.26],低-低-低-低-低-高,是,67.03,10.36,"{""sqz"": {""bb_length"": 20, ""bb_mult"": 1.8, ""kc_length"": 20, ""kc_mult"": 1.5, ""use_true_range"": true, ""min_sqz_bars"": 5}, ""ema"": {""ema_length"": 200}, ""rsi"": {""rsi_length"": 14, ""rsi_ma_length"": 14, ""rsi_smooth"": ""SMA""}, ""sto"": {""stoch_length"": 14, ""smooth_k"": 3, ""smooth_d"": 3}, ""adx"": {""adx_length"": 14, ""adx_threshold"": 25}, ""r&s"": {""srb_left"": 10, ""srb_right"": 10}, ""atr"": {""atr_length"": 14, ""atr_mult"": 1.0, ""atr_smooth"": ""RMA""}, ""mcd"": {""fast_length"": 12, ""slow_length"": 26, ""signal_length"": 9}}",旅游及景区,68.5,68.5,10.3,6.07,-4.79,-2.16,-3.51,-2.8,-4.55,0.4,-3.59,-2.48,3.12,3.43,1.92,0.72,4.87,4.87,3.12,2.56,3.12,1.68,2.16,3.51,4.79,9.03,8.47,8.15,9.74,4.71,3.12,0.24
2024-09-27,000887,中鼎股份,fit,一直释放,12.02-13.6-12.85-11.82,高-低-低,13.14%-5.51%-8.02%,14,4.88,1.26,12.67,3.6,253785.0,2.0,11.99,17,📈ema📈res📉adx📈rsi,bull | 1.40% | 回补,,,100.0 | 90.12 | 1.11 | no,n 41｜s 00｜d 6.65%,0,绿暗[+0.83]-绿暗[+0.80]-绿暗[+0.75]-绿暗[+0.71]-绿暗[+0.68]-绿暗[+0.67],低-低-低-低-高-高,是,76.88,11.54,"{""sqz"": {""bb_length"": 20, ""bb_mult"": 1.8, ""kc_length"": 20, ""kc_mult"": 1.5, ""use_true_range"": true, ""min_sqz_bars"": 5}, ""ema"": {""ema_length"": 200}, ""rsi"": {""rsi_length"": 14, ""rsi_ma_length"": 14, ""rsi_smooth"": ""SMA""}, ""sto"": {""stoch_length"": 14, ""smooth_k"": 3, ""smooth_d"": 3}, ""adx"": {""adx_length"": 14, ""adx_threshold"": 25}, ""r&s"": {""srb_left"": 10, ""srb_right"": 10}, ""atr"": {""atr_length"": 14, ""atr_mult"": 1.0, ""atr_smooth"": ""RMA""}, ""mcd"": {""fast_length"": 12, ""slow_length"": 26, ""signal_length"": 9}}",汽车零部件,239.47,239.08,8.68,14.68,9.94,8.21,3.24,5.13,1.34,1.26,0.16,4.18,2.6,3.39,7.1,6.63,8.29,7.18,7.34,8.05,3.55,1.58,3.0,3.95,3.95,5.92,6.63,10.02,9.79,7.89,4.81,2.37
2024-09-27,000900,现代投资,fit,一直释放,3.66-3.77-3.66-3.75,高-低-高,3.01%-2.92%-2.46%,26,17.92,4.24,3.83,2.68,395313.0,3.0,3.61,19,📈ema📈res📈adx📈rsi,bull | 1.37% | 回补,,,100.0 | 98.18 | 1.02 | no,n 12｜s 00｜d 8.64%,6,红暗[-0.26]-红暗[-0.24]-红暗[-0.22]-红暗[-0.18]-红暗[-0.10]-红暗[-0.00],低-低-低-低-低-低,否,75.87,3.55,"{""sqz"": {""bb_length"": 20, ""bb_mult"": 1.8, ""kc_length"": 20, ""kc_mult"": 1.5, ""use_true_range"": true, ""min_sqz_bars"": 5}, ""ema"": {""ema_length"": 200}, ""rsi"": {""rsi_length"": 14, ""rsi_ma_length"": 14, ""rsi_smooth"": ""SMA""}, ""sto"": {""stoch_length"": 14, ""smooth_k"": 3, ""smooth_d"": 3}, ""adx"": {""adx_length"": 14, ""adx_threshold"": 25}, ""r&s"": {""srb_left"": 10, ""srb_right"": 10}, ""atr"": {""atr_length"": 14, ""atr_mult"": 1.0, ""atr_smooth"": ""RMA""}, ""mcd"": {""fast_length"": 12, ""slow_length"": 26, ""signal_length"": 9}}",铁路公路,62.84,62.84,8.09,10.97,3.92,4.96,1.57,3.39,1.83,2.61,1.04,1.57,0.78,1.31,1.31,0.52,1.31,4.7,1.57,2.09,4.18,3.66,4.18,6.53,6.79,9.66,8.09,7.83,6.53,6.79,4.18,4.18
2024-09-27,000963,华东医药,fit,一直释放,32.52-32.82-28.69-29.59,高-低-高,0.92%-12.58%-3.14%,26,14.29,2.32,31.48,5.53,230503.0,1.0,29.24,17,📈ema📈res📈adx📈rsi,bull | 3.18% | 回补,,,100.0 | 98.61 | 1.01 | no,n 68｜s 00｜d 2.73%,6,红亮[-1.68]-红暗[-1.62]-红暗[-1.46]-红暗[-1.15]-红暗[-0.72]-红暗[-0.14],低-低-低-低-低-高,是,75.83,30.33,"{""sqz"": {""bb_length"": 20, ""bb_mult"": 1.8, ""kc_length"": 20, ""kc_mult"": 1.5, ""use_true_range"": true, ""min_sqz_bars"": 5}, ""ema"": {""ema_length"": 200}, ""rsi"": {""rsi_length"": 14, ""rsi_ma_length"": 14, ""rsi_smooth"": ""SMA""}, ""sto"": {""stoch_length"": 14, ""smooth_k"": 3, ""smooth_d"": 3}, ""adx"": {""adx_length"": 14, ""adx_threshold"": 25}, ""r&s"": {""srb_left"": 10, ""srb_right"": 10}, ""atr"": {""atr_length"": 14, ""atr_mult"": 1.0, ""atr_smooth"": ""RMA""}, ""mcd"": {""fast_length"": 12, ""slow_length"": 26, ""signal_length"": 9}}",化学制药,622.23,621.97,8.2,13.09,4.16,6.19,2.57,4.45,2.54,1.11,-0.92,1.84,1.68,4.7,4.73,4.35,5.75,6.8,3.78,2.83,1.91,1.46,2.83,3.97,7.43,11.53,11.53,10.01,12.52,12.61,9.21,7.69
2024-09-27,000980,众泰汽车,fit,压力释放,2.84-2.29-2.22-1.69,低-低-低,19.37%-3.06%-23.87%,13,19.01,1.32,1.8,9.76,2627313.0,5.0,1.57,15,📉ema📈res📉adx🗒️rsi,no | no | 回补,,,100.0 | 91.66 | 1.09 | no,n 85｜s 00｜d 3.56%,3,红暗[-0.01]-红暗[-0.01]-红暗[-0.01]-绿亮[+0.02]-绿亮[+0.03]-绿亮[+0.05],低-低-低-低-低-低,否,69.66,2.09,"{""sqz"": {""bb_length"": 20, ""bb_mult"": 1.8, ""kc_length"": 20, ""kc_mult"": 1.5, ""use_true_range"": true, ""min_sqz_bars"": 5}, ""ema"": {""ema_length"": 200}, ""rsi"": {""rsi_length"": 14, ""rsi_ma_length"": 14, ""rsi_smooth"": ""SMA""}, ""sto"": {""stoch_length"": 14, ""smooth_k"": 3, ""smooth_d"": 3}, ""adx"": {""adx_length"": 14, ""adx_threshold"": 25}, ""r&s"": {""srb_left"": 10, ""srb_right"": 10}, ""atr"": {""atr_length"": 14, ""atr_mult"": 1.0, ""atr_smooth"": ""RMA""}, ""mcd"": {""fast_length"": 12, ""slow_length"": 26, ""signal_length"": 9}}",汽车零部件,123.54,123.27,10.0,21.11,8.89,6.11,-0.56,1.67,1.67,0.0,-0.56,2.22,1.11,11.11,22.22,20.0,21.11,29.44,23.33,22.78,35.0,25.0,37.78,51.67,66.11,63.33,60.56,58.33,62.78,56.11,45.0,41.67
2024-09-27,000998,隆平高科,fit,压力释放,12.56-10.07-10.29-9.75,低-高-低,19.82%-2.18%-5.25%,15,9.06,2.16,10.34,3.92,382850.0,3.0,9.77,9,📉ema📈res📉adx🗒️rsi,bull | 2.97% | 回补,,,100.0 | 94.4 | 1.06 | no,n 78｜s 00｜d 0.88%,2,绿亮[+0.03]-绿暗[+0.03]-红亮[-0.01]-红暗[-0.00]-绿亮[+0.05]-绿亮[+0.14],低-低-低-低-低-高,是,69.8,11.74,"{""sqz"": {""bb_length"": 20, ""bb_mult"": 1.8, ""kc_length"": 20, ""kc_mult"": 1.5, ""use_true_range"": true, ""min_sqz_bars"": 5}, ""ema"": {""ema_length"": 200}, ""rsi"": {""rsi_length"": 14, ""rsi_ma_length"": 14, ""rsi_smooth"": ""SMA""}, ""sto"": {""stoch_length"": 14, ""smooth_k"": 3, ""smooth_d"": 3}, ""adx"": {""adx_length"": 14, ""adx_threshold"": 25}, ""r&s"": {""srb_left"": 10, ""srb_right"": 10}, ""atr"": {""atr_length"": 14, ""atr_mult"": 1.0, ""atr_smooth"": ""RMA""}, ""mcd"": {""fast_length"": 12, ""slow_length"": 26, ""signal_length"": 9}}",种植业,145.92,130.58,9.96,12.67,2.8,3.58,-0.48,1.16,-0.58,-0.58,-2.13,-0.29,0.39,3.87,5.13,3.0,5.03,10.35,9.19,8.41,5.51,5.13,5.03,6.48,14.7,13.93,11.8,15.09,14.12,12.77,9.86,9.48
2024-09-27,001323,慕思股份,fit,压力释放,27.35-30.84-25.08-24.86,高-低-低,12.76%-18.68%-0.88%,18,6.7,1.18,26.22,3.8,27904.0,4.0,24.64,52,📈ema📈res📉adx📈rsi,bull | 1.81% | 未补,,,89.6 | 79.84 | 1.12 | no,n 93｜s 00｜d 1.89%,0,绿亮[+0.23]-绿暗[+0.16]-绿暗[+0.11]-绿亮[+0.14]-绿亮[+0.14]-绿亮[+0.32],低-低-低-低-高-高,是,71.1,25.26,"{""sqz"": {""bb_length"": 20, ""bb_mult"": 1.8, ""kc_length"": 20, ""kc_mult"": 1.5, ""use_true_range"": true, ""min_sqz_bars"": 5}, ""ema"": {""ema_length"": 200}, ""rsi"": {""rsi_length"": 14, ""rsi_ma_length"": 14, ""rsi_smooth"": ""SMA""}, ""sto"": {""stoch_length"": 14, ""smooth_k"": 3, ""smooth_d"": 3}, ""adx"": {""adx_length"": 14, ""adx_threshold"": 25}, ""r&s"": {""srb_left"": 10, ""srb_right"": 10}, ""atr"": {""atr_length"": 14, ""atr_mult"": 1.0, ""atr_smooth"": ""RMA""}, ""mcd"": {""fast_length"": 12, ""slow_length"": 26, ""signal_length"": 9}}",家居用品,105.38,75.38,8.77,9.99,1.26,2.14,0.31,3.89,1.41,3.97,2.94,5.87,6.06,11.63,19.26,19.37,23.23,26.35,27.12,20.82,24.26,25.44,24.94,24.98,30.36,29.18,24.79,23.57,22.5,22.54,17.96,15.64
2024-09-27,002041,登海种业,fit,压力释放,11.42-10.57-8.76-8.23,低-低-低,7.44%-17.12%-6.05%,15,9.44,1.93,8.81,4.63,155393.0,2.0,8.25,11,📉ema📈res📉adx📈rsi,bull | 2.16% | 回补,,,100.0 | 96.57 | 1.04 | no,n 80｜s 00｜d 1.15%,0,绿亮[+0.00]-绿亮[+0.03]-绿暗[+0.01]-绿亮[+0.03]-绿亮[+0.07]-绿亮[+0.14],低-低-低-低-高-高,是,70.03,9.86,"{""sqz"": {""bb_length"": 20, ""bb_mult"": 1.8, ""kc_length"": 20, ""kc_mult"": 1.5, ""use_true_range"": true, ""min_sqz_bars"": 5}, ""ema"": {""ema_length"": 200}, ""rsi"": {""rsi_length"": 14, ""rsi_ma_length"": 14, ""rsi_smooth"": ""SMA""}, ""sto"": {""stoch_length"": 14, ""smooth_k"": 3, ""smooth_d"": 3}, ""adx"": {""adx_length"": 14, ""adx_threshold"": 25}, ""r&s"": {""srb_left"": 10, ""srb_right"": 10}, ""atr"": {""atr_length"": 14, ""atr_mult"": 1.0, ""atr_smooth"": ""RMA""}, ""mcd"": {""fast_length"": 12, ""slow_length"": 26, ""signal_length"": 9}}",种植业,94.25,94.25,9.31,12.83,2.61,3.86,-0.34,2.16,0.57,0.68,-0.23,1.93,3.63,6.7,6.92,4.77,6.92,14.98,16.0,16.57,14.76,18.27,14.07,15.66,27.24,28.94,24.97,26.22,24.4,23.04,19.64,15.32
2024-09-27,002048,宁波华翔,fit,压力释放,12.15-13.65-13.21-12.85,高-低-低,12.35%-3.22%-2.73%,39,17.03,2.53,13.02,4.49,106193.0,2.0,12.28,18,📈ema📈res📈adx📈rsi,bull | 1.78% | 回补,,,100.0 | 90.95 | 1.1 | no,n 87｜s 00｜d 1.10%,0,绿亮[+0.26]-绿暗[+0.25]-绿暗[+0.21]-绿亮[+0.26]-绿亮[+0.31]-绿亮[+0.39],低-低-低-低-低-低,是,73.85,12.02,"{""sqz"": {""bb_length"": 20, ""bb_mult"": 1.8, ""kc_length"": 20, ""kc_mult"": 1.5, ""use_true_range"": true, ""min_sqz_bars"": 5}, ""ema"": {""ema_length"": 200}, ""rsi"": {""rsi_length"": 14, ""rsi_ma_length"": 14, ""rsi_smooth"": ""SMA""}, ""sto"": {""stoch_length"": 14, ""smooth_k"": 3, ""smooth_d"": 3}, ""adx"": {""adx_length"": 14, ""adx_threshold"": 25}, ""r&s"": {""srb_left"": 10, ""srb_right"": 10}, ""atr"": {""atr_length"": 14, ""atr_mult"": 1.0, ""atr_smooth"": ""RMA""}, ""mcd"": {""fast_length"": 12, ""slow_length"": 26, ""signal_length"": 9}}",汽车零部件,205.49,179.22,8.53,11.21,0.84,0.31,-2.76,-1.61,-4.3,-4.15,-4.69,-2.53,-3.38,-0.69,0.77,-0.92,2.61,3.69,1.08,-3.84,-5.38,-6.37,-4.53,-3.46,-3.0,0.61,-1.0,0.23,0.61,0.38,-3.0,-3.84
2024-09-27,002074,国轩高科,fit,压力释放,21.7-22.3-20.9-19.57,高-低-低,2.76%-6.28%-6.36%,39,11.83,1.69,20.9,7.79,365021.0,3.0,18.95,19,📈ema📈res📉adx📈rsi,no | no | 回补,,,100.0 | 88.89 | 1.12 | no,n 93｜s 00｜d 0.91%,0,绿暗[+0.19]-绿暗[+0.10]-绿暗[+0.04]-绿亮[+0.07]-绿亮[+0.15]-绿亮[+0.26],低-低-低-低-低-低,是,73.15,19.38,"{""sqz"": {""bb_length"": 20, ""bb_mult"": 1.8, ""kc_length"": 20, ""kc_mult"": 1.5, ""use_true_range"": true, ""min_sqz_bars"": 5}, ""ema"": {""ema_length"": 200}, ""rsi"": {""rsi_length"": 14, ""rsi_ma_length"": 14, ""rsi_smooth"": ""SMA""}, ""sto"": {""stoch_length"": 14, ""smooth_k"": 3, ""smooth_d"": 3}, ""adx"": {""adx_length"": 14, ""adx_threshold"": 25}, ""r&s"": {""srb_left"": 10, ""srb_right"": 10}, ""atr"": {""atr_length"": 14, ""atr_mult"": 1.0, ""atr_smooth"": ""RMA""}, ""mcd"": {""fast_length"": 12, ""slow_length"": 26, ""signal_length"": 9}}",电池,682.11,652.81,10.05,21.1,10.0,8.66,2.97,4.35,1.72,-0.38,-1.48,3.11,5.55,7.22,8.28,5.6,9.47,10.33,7.85,7.89,8.47,6.56,11.34,12.78,13.59,15.02,14.83,20.48,19.38,18.76,15.45,11.15
2024-09-27,002125,湘潭电化,fit,压力释放,10.67-15.0-9.01-8.86,高-低-低,40.58%-39.93%-1.66%,14,9.79,0.76,9.49,5.33,217433.0,3.0,8.81,6,📈ema📈res📉adx📈rsi,no | no | 回补,,,98.82 | 91.19 | 1.08 | no,n 84｜s 00｜d 1.56%,0,绿暗[+0.19]-绿暗[+0.16]-绿暗[+0.09]-绿亮[+0.11]-绿亮[+0.13]-绿亮[+0.16],低-低-低-低-高-高,是,70.03,9.44,"{""sqz"": {""bb_length"": 20, ""bb_mult"": 1.8, ""kc_length"": 20, ""kc_mult"": 1.5, ""use_true_range"": true, ""min_sqz_bars"": 5}, ""ema"": {""ema_length"": 200}, ""rsi"": {""rsi_length"": 14, ""rsi_ma_length"": 14, ""rsi_smooth"": ""SMA""}, ""sto"": {""stoch_length"": 14, ""smooth_k"": 3, ""smooth_d"": 3}, ""adx"": {""adx_length"": 14, ""adx_threshold"": 25}, ""r&s"": {""srb_left"": 10, ""srb_right"": 10}, ""atr"": {""atr_length"": 14, ""atr_mult"": 1.0, ""atr_smooth"": ""RMA""}, ""mcd"": {""fast_length"": 12, ""slow_length"": 26, ""signal_length"": 9}}",电池,86.24,86.24,10.22,16.97,5.06,3.69,-1.37,1.16,-0.42,-0.11,-1.05,2.85,4.64,6.74,7.69,5.48,9.8,10.54,7.06,6.53,8.22,9.17,13.17,18.23,17.18,18.02,16.23,18.97,16.97,17.39,14.54,11.06
2024-09-27,002127,南极电商,fit,压力释放,3.03-3.08-2.67-2.73,高-低-高,1.65%-13.31%-2.25%,27,11.43,2.45,2.96,4.59,508386.0,3.0,2.76,14,📈ema📈res📉adx📈rsi,bull | 2.15% | 回补,,,100.0 | 93.38 | 1.07 | no,n 64｜s 00｜d 1.66%,0,绿亮[+0.00]-绿亮[+0.01]-绿亮[+0.01]-绿亮[+0.02]-绿亮[+0.04]-绿亮[+0.07],低-低-低-低-高-高,否,72.48,2.93,"{""sqz"": {""bb_length"": 20, ""bb_mult"": 1.8, ""kc_length"": 20, ""kc_mult"": 1.5, ""use_true_range"": true, ""min_sqz_bars"": 5}, ""ema"": {""ema_length"": 200}, ""rsi"": {""rsi_length"": 14, ""rsi_ma_length"": 14, ""rsi_smooth"": ""SMA""}, ""sto"": {""stoch_length"": 14, ""smooth_k"": 3, ""smooth_d"": 3}, ""adx"": {""adx_length"": 14, ""adx_threshold"": 25}, ""r&s"": {""srb_left"": 10, ""srb_right"": 10}, ""atr"": {""atr_length"": 14, ""atr_mult"": 1.0, ""atr_smooth"": ""RMA""}, ""mcd"": {""fast_length"": 12, ""slow_length"": 26, ""signal_length"": 9}}",互联网电商,68.74,55.85,9.8,16.89,5.07,3.72,-0.34,1.35,1.69,1.69,0.34,2.7,3.38,5.07,4.39,4.05,6.08,11.82,9.8,7.77,8.11,3.04,4.39,10.14,10.14,15.2,15.54,20.27,15.88,15.88,11.82,9.8
2024-09-27,002158,汉钟精机,fit,压力释放,20.06-20.38-17.79-17.07,高-低-低,1.60%-12.71%-4.05%,18,13.57,1.92,17.82,4.52,101785.0,2.0,16.74,13,📉ema📈res📉adx🗒️rsi,bull | 3.59% | 回补,,,100.0 | 88.6 | 1.13 | no,n 83｜s 00｜d 2.28%,6,红暗[-0.18]-红亮[-0.28]-红亮[-0.39]-红暗[-0.33]-红暗[-0.24]-红暗[-0.05],低-低-低-低-低-低,是,68.43,18.08,"{""sqz"": {""bb_length"": 20, ""bb_mult"": 1.8, ""kc_length"": 20, ""kc_mult"": 1.5, ""use_true_range"": true, ""min_sqz_bars"": 5}, ""ema"": {""ema_length"": 200}, ""rsi"": {""rsi_length"": 14, ""rsi_ma_length"": 14, ""rsi_smooth"": ""SMA""}, ""sto"": {""stoch_length"": 14, ""smooth_k"": 3, ""smooth_d"": 3}, ""adx"": {""adx_length"": 14, ""adx_threshold"": 25}, ""r&s"": {""srb_left"": 10, ""srb_right"": 10}, ""atr"": {""atr_length"": 14, ""atr_mult"": 1.0, ""atr_smooth"": ""RMA""}, ""mcd"": {""fast_length"": 12, ""slow_length"": 26, ""signal_length"": 9}}",通用设备,121.92,121.66,9.99,17.56,8.87,8.59,3.37,4.6,1.8,1.18,-0.62,3.42,3.42,5.5,7.24,5.44,9.03,3.76,2.08,0.67,0.06,-1.07,4.26,5.56,5.11,6.17,4.94,7.41,6.06,7.35,4.66,1.85
2024-09-27,002165,红 宝 丽,fit,压力释放,3.83-3.8-3.57-3.33,低-低-低,0.78%-6.05%-6.72%,15,8.82,1.67,3.52,3.23,326497.0,4.0,3.33,9,📈ema📈res📉adx🗒️rsi,bull | 1.48% | 未补,,,100.0 | 96.73 | 1.03 | no,n 95｜s 00｜d 0.94%,3,红暗[-0.04]-红暗[-0.02]-红暗[-0.01]-绿亮[+0.01]-绿亮[+0.03]-绿亮[+0.06],低-低-低-低-高-高,是,69.61,3.48,"{""sqz"": {""bb_length"": 20, ""bb_mult"": 1.8, ""kc_length"": 20, ""kc_mult"": 1.5, ""use_true_range"": true, ""min_sqz_bars"": 5}, ""ema"": {""ema_length"": 200}, ""rsi"": {""rsi_length"": 14, ""rsi_ma_length"": 14, ""rsi_smooth"": ""SMA""}, ""sto"": {""stoch_length"": 14, ""smooth_k"": 3, ""smooth_d"": 3}, ""adx"": {""adx_length"": 14, ""adx_threshold"": 25}, ""r&s"": {""srb_left"": 10, ""srb_right"": 10}, ""atr"": {""atr_length"": 14, ""atr_mult"": 1.0, ""atr_smooth"": ""RMA""}, ""mcd"": {""fast_length"": 12, ""slow_length"": 26, ""signal_length"": 9}}",化学制品,74.56,73.78,7.67,12.78,1.99,4.83,1.42,2.84,0.85,2.27,0.57,2.56,2.84,5.4,5.4,5.97,10.51,11.93,10.51,9.38,9.94,7.95,9.38,10.51,11.08,13.92,25.57,38.35,52.27,62.5,46.02,31.25
2024-09-27,002176,江特电机,fit,压力释放,12.18-10.63-7.6-7.04,低-低-低,12.73%-28.50%-7.37%,14,13.55,1.65,7.82,9.07,967811.0,6.0,6.97,13,📉ema📈res📉adx🗒️rsi,bull | 2.11% | 回补,,,100.0 | 94.16 | 1.06 | no,n 87｜s 00｜d 2.30%,3,红暗[-0.01]-红亮[-0.01]-红亮[-0.03]-绿亮[+0.00]-绿亮[+0.06]-绿亮[+0.14],低-低-低-低-高-高,是,69.33,9.36,"{""sqz"": {""bb_length"": 20, ""bb_mult"": 1.8, ""kc_length"": 20, ""kc_mult"": 1.5, ""use_true_range"": true, ""min_sqz_bars"": 5}, ""ema"": {""ema_length"": 200}, ""rsi"": {""rsi_length"": 14, ""rsi_ma_length"": 14, ""rsi_smooth"": ""SMA""}, ""sto"": {""stoch_length"": 14, ""smooth_k"": 3, ""smooth_d"": 3}, ""adx"": {""adx_length"": 14, ""adx_threshold"": 25}, ""r&s"": {""srb_left"": 10, ""srb_right"": 10}, ""atr"": {""atr_length"": 14, ""atr_mult"": 1.0, ""atr_smooth"": ""RMA""}, ""mcd"": {""fast_length"": 12, ""slow_length"": 26, ""signal_length"": 9}}",电机Ⅱ,175.58,175.55,9.97,19.57,7.67,3.2,-3.32,-0.26,-3.96,-4.6,-5.88,-2.81,-1.66,0.77,1.15,-1.02,4.35,5.12,1.79,0.9,4.73,1.92,4.48,7.29,8.06,9.72,9.59,14.32,14.83,15.35,9.97,5.88
2024-09-27,002191,劲嘉股份,fit,压力释放,4.44-4.5-3.72-3.69,高-低-低,1.35%-17.33%-0.81%,16,13.89,1.96,3.89,4.85,286904.0,2.0,3.63,12,📉ema📈res📉adx📈rsi,bull | 2.74% | 回补,,,100.0 | 94.84 | 1.05 | no,n 69｜s 00｜d 2.28%,5,红暗[-0.11]-红暗[-0.09]-红暗[-0.08]-红暗[-0.05]-红暗[-0.01]-绿亮[+0.04],低-低-低-低-低-高,否,73.93,4.11,"{""sqz"": {""bb_length"": 20, ""bb_mult"": 1.8, ""kc_length"": 20, ""kc_mult"": 1.5, ""use_true_range"": true, ""min_sqz_bars"": 5}, ""ema"": {""ema_length"": 200}, ""rsi"": {""rsi_length"": 14, ""rsi_ma_length"": 14, ""rsi_smooth"": ""SMA""}, ""sto"": {""stoch_length"": 14, ""smooth_k"": 3, ""smooth_d"": 3}, ""adx"": {""adx_length"": 14, ""adx_threshold"": 25}, ""r&s"": {""srb_left"": 10, ""srb_right"": 10}, ""atr"": {""atr_length"": 14, ""atr_mult"": 1.0, ""atr_smooth"": ""RMA""}, ""mcd"": {""fast_length"": 12, ""slow_length"": 26, ""signal_length"": 9}}",包装印刷,53.14,52.72,10.03,18.51,9.0,9.0,3.86,6.17,4.11,5.14,2.83,5.4,4.88,6.68,8.48,7.46,10.03,12.6,9.77,10.54,13.88,9.77,11.57,14.14,16.97,20.31,18.51,19.28,21.08,20.31,16.45,14.65
2024-09-27,002196,方正电机,fit,压力释放,7.2-5.54-5.86-4.58,低-高-低,23.06%-5.78%-21.84%,14,10.36,1.19,4.93,5.34,392944.0,8.0,4.48,17,📉ema📈res📈adx📈rsi,bull | 0.65% | 回补,,,100.0 | 95.16 | 1.05 | no,n 76｜s 00｜d 2.07%,0,绿亮[+0.19]-绿亮[+0.20]-绿暗[+0.20]-绿亮[+0.20]-绿亮[+0.21]-绿亮[+0.21],低-低-低-低-高-高,是,71.51,5.18,"{""sqz"": {""bb_length"": 20, ""bb_mult"": 1.8, ""kc_length"": 20, ""kc_mult"": 1.5, ""use_true_range"": true, ""min_sqz_bars"": 5}, ""ema"": {""ema_length"": 200}, ""rsi"": {""rsi_length"": 14, ""rsi_ma_length"": 14, ""rsi_smooth"": ""SMA""}, ""sto"": {""stoch_length"": 14, ""smooth_k"": 3, ""smooth_d"": 3}, ""adx"": {""adx_length"": 14, ""adx_threshold"": 25}, ""r&s"": {""srb_left"": 10, ""srb_right"": 10}, ""atr"": {""atr_length"": 14, ""atr_mult"": 1.0, ""atr_smooth"": ""RMA""}, ""mcd"": {""fast_length"": 12, ""slow_length"": 26, ""signal_length"": 9}}",电机Ⅱ,67.98,66.94,8.11,11.56,0.61,2.03,-2.43,-0.61,-1.83,-3.04,-3.65,-1.22,-1.22,5.07,3.45,5.68,6.49,8.32,7.3,6.09,6.9,4.46,10.55,14.6,15.42,16.02,27.59,24.54,22.92,21.1,17.04,12.98
2024-09-27,002203,海亮股份,fit,压力释放,9.7-9.02-7.99-8.08,低-低-高,7.01%-11.42%-1.13%,18,8.17,1.49,8.45,2.67,154712.0,1.0,8.05,15,📉ema📈res📉adx🗒️rsi,bull | 2.10% | 未补,,,99.16 | 90.12 | 1.1 | no,n 77｜s 00｜d 1.63%,3,红暗[-0.03]-红暗[-0.00]-红亮[-0.01]-绿亮[+0.01]-绿亮[+0.05]-绿亮[+0.11],低-低-低-低-高-高,否,68.43,8.61,"{""sqz"": {""bb_length"": 20, ""bb_mult"": 1.8, ""kc_length"": 20, ""kc_mult"": 1.5, ""use_true_range"": true, ""min_sqz_bars"": 5}, ""ema"": {""ema_length"": 200}, ""rsi"": {""rsi_length"": 14, ""rsi_ma_length"": 14, ""rsi_smooth"": ""SMA""}, ""sto"": {""stoch_length"": 14, ""smooth_k"": 3, ""smooth_d"": 3}, ""adx"": {""adx_length"": 14, ""adx_threshold"": 25}, ""r&s"": {""srb_left"": 10, ""srb_right"": 10}, ""atr"": {""atr_length"": 14, ""atr_mult"": 1.0, ""atr_smooth"": ""RMA""}, ""mcd"": {""fast_length"": 12, ""slow_length"": 26, ""signal_length"": 9}}",工业金属,339.64,327.84,8.88,8.52,0.83,1.18,-1.66,1.42,-2.01,0.0,-1.66,0.59,-0.36,0.36,2.84,1.89,3.43,4.26,2.72,2.37,0.95,1.78,3.55,7.34,6.39,7.1,4.85,9.35,7.93,12.31,12.66,12.78
2024-09-27,002215,诺 普 信,fit,一直释放,9.19-9.54-8.78-6.72,高-低-低,3.81%-7.97%-23.46%,39,13.13,0.59,7.99,4.58,458360.0,6.0,7.48,24,📈ema📈res📈adx📈rsi,no | no | 回补,,,68.33 | 69.91 | 0.98 | no,n 34｜s 00｜d 14.59%,0,绿亮[+0.75]-绿暗[+0.73]-绿暗[+0.69]-绿暗[+0.66]-绿暗[+0.58]-绿暗[+0.52],高-高-高-高-高-高,是,73.97,7.38,"{""sqz"": {""bb_length"": 20, ""bb_mult"": 1.8, ""kc_length"": 20, ""kc_mult"": 1.5, ""use_true_range"": true, ""min_sqz_bars"": 5}, ""ema"": {""ema_length"": 200}, ""rsi"": {""rsi_length"": 14, ""rsi_ma_length"": 14, ""rsi_smooth"": ""SMA""}, ""sto"": {""stoch_length"": 14, ""smooth_k"": 3, ""smooth_d"": 3}, ""adx"": {""adx_length"": 14, ""adx_threshold"": 25}, ""r&s"": {""srb_left"": 10, ""srb_right"": 10}, ""atr"": {""atr_length"": 14, ""atr_mult"": 1.0, ""atr_smooth"": ""RMA""}, ""mcd"": {""fast_length"": 12, ""slow_length"": 26, ""signal_length"": 9}}",农化制品,104.48,83.51,8.39,11.64,4.51,3.63,-0.75,3.25,1.5,1.25,2.0,4.76,4.01,10.76,9.64,9.89,14.14,15.89,11.01,10.76,11.64,9.01,9.51,11.64,12.27,17.52,13.77,12.52,12.52,16.02,20.4,16.52
2024-09-27,002216,三全食品,fit,一直释放,12.45-11.82-11.05-11.05,低-低-高,5.06%-6.51%-0.00%,33,28.34,4.34,11.12,5.3,181636.0,3.0,10.34,26,📉ema📈res📈adx🗒️rsi,bull | 8.49% | 未补,,,100.0 | 95.05 | 1.05 | no,n 25｜s 00｜d 10.84%,6,红暗[-0.74]-红暗[-0.71]-红暗[-0.71]-红暗[-0.58]-红暗[-0.46]-红暗[-0.17],低-低-低-低-低-低,是,69.95,11.32,"{""sqz"": {""bb_length"": 20, ""bb_mult"": 1.8, ""kc_length"": 20, ""kc_mult"": 1.5, ""use_true_range"": true, ""min_sqz_bars"": 5}, ""ema"": {""ema_length"": 200}, ""rsi"": {""rsi_length"": 14, ""rsi_ma_length"": 14, ""rsi_smooth"": ""SMA""}, ""sto"": {""stoch_length"": 14, ""smooth_k"": 3, ""smooth_d"": 3}, ""adx"": {""adx_length"": 14, ""adx_threshold"": 25}, ""r&s"": {""srb_left"": 10, ""srb_right"": 10}, ""atr"": {""atr_length"": 14, ""atr_mult"": 1.0, ""atr_smooth"": ""RMA""}, ""mcd"": {""fast_length"": 12, ""slow_length"": 26, ""signal_length"": 9}}",食品加工,108.93,78.12,7.46,9.26,-0.81,0.9,-2.79,-0.9,-3.51,-3.69,-5.67,-3.51,-4.32,-1.98,-1.98,-2.79,-1.44,0.18,-4.05,-4.68,-4.59,-5.04,-2.97,-1.8,-1.98,8.09,7.64,5.31,6.12,5.13,2.34,3.15
2024-09-27,002239,奥特佳,fit,压力释放,2.89-2.47-2.46-2.39,低-低-低,14.53%-0.40%-2.85%,17,5.75,1.56,2.6,4.42,904880.0,3.0,2.44,19,📉ema📈res📉adx📈rsi,bull | 1.21% | 回补,,,100.0 | 97.71 | 1.02 | no,n 92｜s 00｜d 1.55%,0,绿亮[+0.05]-绿亮[+0.05]-绿暗[+0.05]-绿亮[+0.05]-绿亮[+0.05]-绿亮[+0.06],低-低-低-高-高-高,是,77.91,2.63,"{""sqz"": {""bb_length"": 20, ""bb_mult"": 1.8, ""kc_length"": 20, ""kc_mult"": 1.5, ""use_true_range"": true, ""min_sqz_bars"": 5}, ""ema"": {""ema_length"": 200}, ""rsi"": {""rsi_length"": 14, ""rsi_ma_length"": 14, ""rsi_smooth"": ""SMA""}, ""sto"": {""stoch_length"": 14, ""smooth_k"": 3, ""smooth_d"": 3}, ""adx"": {""adx_length"": 14, ""adx_threshold"": 25}, ""r&s"": {""srb_left"": 10, ""srb_right"": 10}, ""atr"": {""atr_length"": 14, ""atr_mult"": 1.0, ""atr_smooth"": ""RMA""}, ""mcd"": {""fast_length"": 12, ""slow_length"": 26, ""signal_length"": 9}}",汽车零部件,100.88,99.29,8.85,14.62,3.46,2.69,-1.54,-0.38,-2.31,-1.92,-3.46,0.0,-0.77,2.31,5.0,5.0,7.69,11.15,8.46,9.23,11.54,6.92,9.62,11.54,15.38,26.92,23.85,30.0,26.15,22.69,18.08,13.85
2024-09-27,002300,太阳电缆,fit,压力释放,6.72-5.98-5.98-4.95,低-高-低,11.01%-0.00%-17.22%,38,15.38,1.91,5.0,4.6,130343.0,2.0,4.68,8,📉ema📈res📈adx📈rsi,bull | 1.26% | 回补,,,100.0 | 94.61 | 1.06 | no,n 96｜s 00｜d 0.91%,4,红暗[-0.07]-红暗[-0.05]-红暗[-0.05]-红暗[-0.02]-绿亮[+0.02]-绿亮[+0.07],低-低-低-低-低-低,是,70.55,5.96,"{""sqz"": {""bb_length"": 20, ""bb_mult"": 1.8, ""kc_length"": 20, ""kc_mult"": 1.5, ""use_true_range"": true, ""min_sqz_bars"": 5}, ""ema"": {""ema_length"": 200}, ""rsi"": {""rsi_length"": 14, ""rsi_ma_length"": 14, ""rsi_smooth"": ""SMA""}, ""sto"": {""stoch_length"": 14, ""smooth_k"": 3, ""smooth_d"": 3}, ""adx"": {""adx_length"": 14, ""adx_threshold"": 25}, ""r&s"": {""srb_left"": 10, ""srb_right"": 10}, ""atr"": {""atr_length"": 14, ""atr_mult"": 1.0, ""atr_smooth"": ""RMA""}, ""mcd"": {""fast_length"": 12, ""slow_length"": 26, ""signal_length"": 9}}",电网设备,67.68,67.68,9.0,12.8,1.8,2.8,-0.6,1.4,-1.0,-0.8,-2.4,-0.4,-0.2,2.6,3.8,3.6,5.2,7.4,5.4,5.2,6.2,2.6,4.4,8.4,9.8,11.2,10.2,11.0,10.4,11.0,7.4,5.8
2024-09-27,002317,众生药业,fit,压力释放,18.02-15.17-12.7-11.78,低-低-低,15.82%-16.28%-7.24%,14,12.51,1.25,12.22,6.26,312793.0,4.0,11.27,9,📉ema📈res📉adx🗒️rsi,bull | 2.72% | 回补,,,92.59 | 77.31 | 1.2 | no,n 92｜s 00｜d 1.29%,5,红暗[-0.08]-红亮[-0.09]-红亮[-0.12]-红暗[-0.09]-红暗[-0.07]-绿亮[+0.04],低-低-低-低-低-低,是,66.25,13.35,"{""sqz"": {""bb_length"": 20, ""bb_mult"": 1.8, ""kc_length"": 20, ""kc_mult"": 1.5, ""use_true_range"": true, ""min_sqz_bars"": 5}, ""ema"": {""ema_length"": 200}, ""rsi"": {""rsi_length"": 14, ""rsi_ma_length"": 14, ""rsi_smooth"": ""SMA""}, ""sto"": {""stoch_length"": 14, ""smooth_k"": 3, ""smooth_d"": 3}, ""adx"": {""adx_length"": 14, ""adx_threshold"": 25}, ""r&s"": {""srb_left"": 10, ""srb_right"": 10}, ""atr"": {""atr_length"": 14, ""atr_mult"": 1.0, ""atr_smooth"": ""RMA""}, ""mcd"": {""fast_length"": 12, ""slow_length"": 26, ""signal_length"": 9}}",中药Ⅱ,157.49,141.13,9.66,16.37,5.48,4.5,-0.98,0.49,-2.05,-1.88,-3.52,1.96,2.05,5.07,3.27,9.0,6.55,6.96,4.83,4.34,4.34,3.27,4.91,5.97,5.56,8.51,8.43,11.37,15.3,16.28,9.25,5.65
2024-09-27,002335,科华数据,fit,一直释放,27.72-32.78-20.08-20.01,高-低-低,18.25%-38.74%-0.35%,17,9.58,1.31,21.65,7.71,229043.0,6.0,19.54,30,📉ema📈res📉adx📈rsi,bull | 2.11% | 回补,,,87.7 | 64.63 | 1.36 | no,n 37｜s 00｜d 6.83%,0,绿暗[+1.55]-绿暗[+1.40]-绿暗[+1.14]-绿暗[+0.99]-绿暗[+0.88]-绿暗[+0.85],低-低-低-低-低-高,是,73.08,23.39,"{""sqz"": {""bb_length"": 20, ""bb_mult"": 1.8, ""kc_length"": 20, ""kc_mult"": 1.5, ""use_true_range"": true, ""min_sqz_bars"": 5}, ""ema"": {""ema_length"": 200}, ""rsi"": {""rsi_length"": 14, ""rsi_ma_length"": 14, ""rsi_smooth"": ""SMA""}, ""sto"": {""stoch_length"": 14, ""smooth_k"": 3, ""smooth_d"": 3}, ""adx"": {""adx_length"": 14, ""adx_threshold"": 25}, ""r&s"": {""srb_left"": 10, ""srb_right"": 10}, ""atr"": {""atr_length"": 14, ""atr_mult"": 1.0, ""atr_smooth"": ""RMA""}, ""mcd"": {""fast_length"": 12, ""slow_length"": 26, ""signal_length"": 9}}",其他电源设备Ⅱ,300.13,264.76,10.07,21.11,11.78,11.59,3.05,6.7,3.79,2.73,1.89,6.79,8.5,14.0,17.18,22.03,31.32,28.96,24.02,26.14,22.17,14.09,19.35,21.8,24.53,23.65,24.62,25.68,21.02,24.39,18.71,13.72
2024-09-27,002348,高乐股份,fit,压力释放,3.35-3.62-3.2-2.52,高-低-低,8.06%-11.60%-21.25%,38,17.21,0.96,2.59,6.58,221627.0,2.0,2.4,52,📉ema📈res📈adx🗒️rsi,no | no | 回补,,,98.43 | 87.04 | 1.13 | no,n 73｜s 00｜d 2.85%,0,绿亮[+0.08]-绿暗[+0.08]-绿暗[+0.07]-绿亮[+0.08]-绿亮[+0.09]-绿亮[+0.09],低-低-低-低-低-低,否,69.4,2.91,"{""sqz"": {""bb_length"": 20, ""bb_mult"": 1.8, ""kc_length"": 20, ""kc_mult"": 1.5, ""use_true_range"": true, ""min_sqz_bars"": 5}, ""ema"": {""ema_length"": 200}, ""rsi"": {""rsi_length"": 14, ""rsi_ma_length"": 14, ""rsi_smooth"": ""SMA""}, ""sto"": {""stoch_length"": 14, ""smooth_k"": 3, ""smooth_d"": 3}, ""adx"": {""adx_length"": 14, ""adx_threshold"": 25}, ""r&s"": {""srb_left"": 10, ""srb_right"": 10}, ""atr"": {""atr_length"": 14, ""atr_mult"": 1.0, ""atr_smooth"": ""RMA""}, ""mcd"": {""fast_length"": 12, ""slow_length"": 26, ""signal_length"": 9}}",文娱用品,70.28,67.04,8.88,18.92,6.95,4.25,11.97,8.88,4.63,2.32,1.54,3.09,3.47,5.41,6.56,10.42,12.36,23.55,30.5,26.25,21.62,14.67,15.06,18.53,30.5,43.63,57.92,42.08,41.7,35.52,30.89,30.5
2024-09-27,002349,精华制药,fit,压力释放,8.55-7.99-7.53-7.05,低-低-低,6.55%-5.76%-6.37%,15,10.68,1.78,7.3,2.67,224530.0,3.0,6.97,12,📉ema📈res📉adx🗒️rsi,bull | 0.99% | 未补,,,100.0 | 93.96 | 1.06 | no,n 77｜s 00｜d 1.20%,1,绿亮[+0.01]-绿暗[+0.00]-红亮[-0.00]-绿亮[+0.02]-绿亮[+0.06]-绿亮[+0.11],低-低-低-低-高-高,是,67.74,7.35,"{""sqz"": {""bb_length"": 20, ""bb_mult"": 1.8, ""kc_length"": 20, ""kc_mult"": 1.5, ""use_true_range"": true, ""min_sqz_bars"": 5}, ""ema"": {""ema_length"": 200}, ""rsi"": {""rsi_length"": 14, ""rsi_ma_length"": 14, ""rsi_smooth"": ""SMA""}, ""sto"": {""stoch_length"": 14, ""smooth_k"": 3, ""smooth_d"": 3}, ""adx"": {""adx_length"": 14, ""adx_threshold"": 25}, ""r&s"": {""srb_left"": 10, ""srb_right"": 10}, ""atr"": {""atr_length"": 14, ""atr_mult"": 1.0, ""atr_smooth"": ""RMA""}, ""mcd"": {""fast_length"": 12, ""slow_length"": 26, ""signal_length"": 9}}",中药Ⅱ,60.23,59.11,8.49,13.97,3.56,5.48,0.0,2.19,0.27,0.82,-1.1,1.51,1.92,4.25,4.66,7.4,6.58,9.04,6.3,4.79,5.07,3.29,5.48,6.99,6.58,9.32,9.32,10.0,11.64,9.59,6.44,4.38
2024-09-27,002350,北京科锐,fit,压力释放,5.64-5.65-6.44-5.12,高-高-低,0.18%-13.98%-20.50%,30,12.04,0.8,5.21,3.37,164478.0,3.0,4.94,19,📉ema📈res📉adx🗒️rsi,no | no | 回补,,,100.0 | 98.46 | 1.02 | no,n 86｜s 00｜d 1.48%,0,绿亮[+0.08]-绿亮[+0.09]-绿亮[+0.10]-绿亮[+0.12]-绿亮[+0.13]-绿亮[+0.16],低-低-低-低-低-低,是,69.05,5.29,"{""sqz"": {""bb_length"": 20, ""bb_mult"": 1.8, ""kc_length"": 20, ""kc_mult"": 1.5, ""use_true_range"": true, ""min_sqz_bars"": 5}, ""ema"": {""ema_length"": 200}, ""rsi"": {""rsi_length"": 14, ""rsi_ma_length"": 14, ""rsi_smooth"": ""SMA""}, ""sto"": {""stoch_length"": 14, ""smooth_k"": 3, ""smooth_d"": 3}, ""adx"": {""adx_length"": 14, ""adx_threshold"": 25}, ""r&s"": {""srb_left"": 10, ""srb_right"": 10}, ""atr"": {""atr_length"": 14, ""atr_mult"": 1.0, ""atr_smooth"": ""RMA""}, ""mcd"": {""fast_length"": 12, ""slow_length"": 26, ""signal_length"": 9}}",电网设备,80.21,78.47,8.06,12.86,5.95,5.76,1.34,4.41,2.5,2.11,0.77,2.88,2.69,10.56,9.98,14.01,12.86,14.2,10.75,12.28,14.2,9.6,13.82,15.16,19.77,21.88,20.15,21.88,21.5,24.18,20.92,16.51
2024-09-27,002354,天娱数科,fit,压力释放,4.43-3.28-2.89-2.97,低-低-高,25.96%-11.89%-2.77%,26,23.24,1.75,3.13,7.93,1162320.0,7.0,2.8,38,📉ema📈res📉adx🗒️rsi,no | no | 回补,,,100.0 | 100.0 | 1.0 | no,n 84｜s 00｜d 5.76%,4,红暗[-0.12]-红亮[-0.12]-红暗[-0.09]-红暗[-0.04]-绿亮[+0.01]-绿亮[+0.07],低-低-低-低-低-低,否,69.77,3.94,"{""sqz"": {""bb_length"": 20, ""bb_mult"": 1.8, ""kc_length"": 20, ""kc_mult"": 1.5, ""use_true_range"": true, ""min_sqz_bars"": 5}, ""ema"": {""ema_length"": 200}, ""rsi"": {""rsi_length"": 14, ""rsi_ma_length"": 14, ""rsi_smooth"": ""SMA""}, ""sto"": {""stoch_length"": 14, ""smooth_k"": 3, ""smooth_d"": 3}, ""adx"": {""adx_length"": 14, ""adx_threshold"": 25}, ""r&s"": {""srb_left"": 10, ""srb_right"": 10}, ""atr"": {""atr_length"": 14, ""atr_mult"": 1.0, ""atr_smooth"": ""RMA""}, ""mcd"": {""fast_length"": 12, ""slow_length"": 26, ""signal_length"": 9}}",广告营销,94.15,92.52,9.9,19.81,7.99,6.07,-0.64,4.47,2.56,2.88,5.11,9.58,12.14,13.42,10.54,11.18,11.82,17.89,14.06,15.02,20.45,11.5,18.53,19.17,23.32,25.88,23.96,29.07,24.28,26.2,29.39,42.49
2024-09-27,002385,大北农,fit,压力释放,4.89-4.11-4.1-3.94,低-低-低,15.95%-0.24%-3.90%,14,7.07,1.67,4.28,4.39,982589.0,3.0,4.03,12,📉ema📈res📉adx🗒️rsi,bull | 3.49% | 回补,,,100.0 | 93.17 | 1.07 | no,n 85｜s 00｜d 1.25%,3,红暗[-0.01]-绿亮[+0.00]-红亮[-0.02]-红暗[-0.00]-绿亮[+0.02]-绿亮[+0.06],低-低-低-低-高-高,是,68.67,4.64,"{""sqz"": {""bb_length"": 20, ""bb_mult"": 1.8, ""kc_length"": 20, ""kc_mult"": 1.5, ""use_true_range"": true, ""min_sqz_bars"": 5}, ""ema"": {""ema_length"": 200}, ""rsi"": {""rsi_length"": 14, ""rsi_ma_length"": 14, ""rsi_smooth"": ""SMA""}, ""sto"": {""stoch_length"": 14, ""smooth_k"": 3, ""smooth_d"": 3}, ""adx"": {""adx_length"": 14, ""adx_threshold"": 25}, ""r&s"": {""srb_left"": 10, ""srb_right"": 10}, ""atr"": {""atr_length"": 14, ""atr_mult"": 1.0, ""atr_smooth"": ""RMA""}, ""mcd"": {""fast_length"": 12, ""slow_length"": 26, ""signal_length"": 9}}",饲料,170.28,139.55,9.58,11.45,0.23,1.4,-2.57,-1.4,0.0,-0.93,-1.87,0.0,3.27,5.37,5.84,5.14,6.78,11.21,8.88,9.35,8.41,7.24,7.94,8.64,12.62,15.19,12.38,12.38,10.75,9.81,6.54,4.21
2024-09-27,002407,多氟多,fit,压力释放,15.89-14.41-14.03-10.11,低-低-低,9.31%-2.64%-27.94%,14,10.98,2.16,11.19,8.54,449766.0,4.0,10.07,11,📉ema📈res📉adx🗒️rsi,bull | 2.95% | 回补,,,100.0 | 92.19 | 1.08 | no,n 83｜s 00｜d 1.29%,3,绿亮[+0.02]-红亮[-0.00]-红亮[-0.05]-红暗[-0.00]-绿亮[+0.06]-绿亮[+0.14],低-低-低-低-高-高,是,69.94,12.4,"{""sqz"": {""bb_length"": 20, ""bb_mult"": 1.8, ""kc_length"": 20, ""kc_mult"": 1.5, ""use_true_range"": true, ""min_sqz_bars"": 5}, ""ema"": {""ema_length"": 200}, ""rsi"": {""rsi_length"": 14, ""rsi_ma_length"": 14, ""rsi_smooth"": ""SMA""}, ""sto"": {""stoch_length"": 14, ""smooth_k"": 3, ""smooth_d"": 3}, ""adx"": {""adx_length"": 14, ""adx_threshold"": 25}, ""r&s"": {""srb_left"": 10, ""srb_right"": 10}, ""atr"": {""atr_length"": 14, ""atr_mult"": 1.0, ""atr_smooth"": ""RMA""}, ""mcd"": {""fast_length"": 12, ""slow_length"": 26, ""signal_length"": 9}}",化学制品,339.04,307.74,10.19,21.0,9.47,7.86,1.88,3.13,0.36,0.18,-1.61,1.43,2.59,3.84,5.45,2.86,9.83,10.01,7.06,6.08,6.88,4.83,6.88,11.08,11.08,13.05,13.05,24.49,26.01,25.83,19.57,15.37
2024-09-27,002414,高德红外,fit,压力释放,7.14-6.23-7.42-6.22,低-高-低,12.75%-19.10%-16.17%,17,8.74,1.85,6.79,6.93,806815.0,2.0,6.18,10,📈ema📈res📉adx📈rsi,bull | 1.92% | 回补,,,100.0 | 95.0 | 1.05 | no,n 86｜s 00｜d 1.11%,0,绿亮[+0.11]-绿亮[+0.13]-绿亮[+0.13]-绿亮[+0.16]-绿亮[+0.18]-绿亮[+0.22],低-低-低-低-高-高,是,73.43,6.5,"{""sqz"": {""bb_length"": 20, ""bb_mult"": 1.8, ""kc_length"": 20, ""kc_mult"": 1.5, ""use_true_range"": true, ""min_sqz_bars"": 5}, ""ema"": {""ema_length"": 200}, ""rsi"": {""rsi_length"": 14, ""rsi_ma_length"": 14, ""rsi_smooth"": ""SMA""}, ""sto"": {""stoch_length"": 14, ""smooth_k"": 3, ""smooth_d"": 3}, ""adx"": {""adx_length"": 14, ""adx_threshold"": 25}, ""r&s"": {""srb_left"": 10, ""srb_right"": 10}, ""atr"": {""atr_length"": 14, ""atr_mult"": 1.0, ""atr_smooth"": ""RMA""}, ""mcd"": {""fast_length"": 12, ""slow_length"": 26, ""signal_length"": 9}}",军工电子Ⅱ,553.91,440.8,8.1,18.85,11.34,10.46,3.24,7.81,8.25,5.74,5.3,9.13,15.76,14.73,17.82,16.49,19.15,19.29,20.62,22.68,30.49,19.44,21.65,25.77,25.04,23.86,26.66,33.58,32.11,29.46,25.48,20.62
2024-09-27,002427,尤夫股份,fit,压力释放,4.23-4.71-3.09-3.0,高-低-低,11.35%-34.39%-2.91%,17,9.09,0.84,3.21,5.94,217733.0,2.0,2.95,18,📉ema📈res📉adx📈rsi,no | no | 回补,,,100.0 | 97.17 | 1.03 | no,n 89｜s 00｜d 1.76%,0,绿亮[+0.06]-绿亮[+0.06]-绿暗[+0.06]-绿亮[+0.07]-绿亮[+0.08]-绿亮[+0.09],低-低-低-低-高-高,是,73.72,3.71,"{""sqz"": {""bb_length"": 20, ""bb_mult"": 1.8, ""kc_length"": 20, ""kc_mult"": 1.5, ""use_true_range"": true, ""min_sqz_bars"": 5}, ""ema"": {""ema_length"": 200}, ""rsi"": {""rsi_length"": 14, ""rsi_ma_length"": 14, ""rsi_smooth"": ""SMA""}, ""sto"": {""stoch_length"": 14, ""smooth_k"": 3, ""smooth_d"": 3}, ""adx"": {""adx_length"": 14, ""adx_threshold"": 25}, ""r&s"": {""srb_left"": 10, ""srb_right"": 10}, ""atr"": {""atr_length"": 14, ""atr_mult"": 1.0, ""atr_smooth"": ""RMA""}, ""mcd"": {""fast_length"": 12, ""slow_length"": 26, ""signal_length"": 9}}",化学纤维,62.18,62.13,9.97,13.71,3.43,6.23,0.93,6.23,4.98,3.43,1.25,2.18,3.74,5.61,6.54,8.41,13.08,24.3,22.74,25.86,32.4,27.1,26.79,28.97,27.1,30.22,33.02,30.53,28.35,26.48,22.12,18.69
2024-09-27,002437,誉衡药业,fit,压力释放,2.21-2.01-2.05-1.93,低-高-低,9.05%-1.99%-5.85%,17,7.22,1.58,2.06,3.0,940246.0,4.0,1.94,22,📉ema📈res📉adx🗒️rsi,bull | 1.01% | 回补,,,100.0 | 93.54 | 1.07 | no,n 84｜s 00｜d 1.62%,3,绿亮[+0.00]-红亮[-0.00]-红亮[-0.01]-红暗[-0.00]-绿亮[+0.01]-绿亮[+0.03],低-低-低-低-高-高,是,69.91,2.07,"{""sqz"": {""bb_length"": 20, ""bb_mult"": 1.8, ""kc_length"": 20, ""kc_mult"": 1.5, ""use_true_range"": true, ""min_sqz_bars"": 5}, ""ema"": {""ema_length"": 200}, ""rsi"": {""rsi_length"": 14, ""rsi_ma_length"": 14, ""rsi_smooth"": ""SMA""}, ""sto"": {""stoch_length"": 14, ""smooth_k"": 3, ""smooth_d"": 3}, ""adx"": {""adx_length"": 14, ""adx_threshold"": 25}, ""r&s"": {""srb_left"": 10, ""srb_right"": 10}, ""atr"": {""atr_length"": 14, ""atr_mult"": 1.0, ""atr_smooth"": ""RMA""}, ""mcd"": {""fast_length"": 12, ""slow_length"": 26, ""signal_length"": 9}}",化学制药,75.15,70.3,9.71,15.05,3.88,5.83,2.91,3.88,1.94,2.43,1.46,5.34,5.34,10.68,10.19,10.68,12.62,18.93,11.65,13.59,16.02,15.05,16.02,18.45,18.93,31.07,33.98,33.01,33.01,28.16,24.27,19.9
2024-09-27,002454,松芝股份,fit,压力释放,6.38-5.51-5.79-5.4,低-高-低,13.64%-5.08%-6.74%,13,8.65,1.37,5.7,3.64,111126.0,2.0,5.37,35,📉ema📈res📉adx🗒️rsi,bull | 0.91% | 回补,,,100.0 | 93.83 | 1.07 | no,n 87｜s 00｜d 1.92%,0,绿亮[+0.08]-绿暗[+0.08]-绿暗[+0.07]-绿亮[+0.08]-绿亮[+0.10]-绿亮[+0.14],低-低-低-低-高-高,是,68.16,5.84,"{""sqz"": {""bb_length"": 20, ""bb_mult"": 1.8, ""kc_length"": 20, ""kc_mult"": 1.5, ""use_true_range"": true, ""min_sqz_bars"": 5}, ""ema"": {""ema_length"": 200}, ""rsi"": {""rsi_length"": 14, ""rsi_ma_length"": 14, ""rsi_smooth"": ""SMA""}, ""sto"": {""stoch_length"": 14, ""smooth_k"": 3, ""smooth_d"": 3}, ""adx"": {""adx_length"": 14, ""adx_threshold"": 25}, ""r&s"": {""srb_left"": 10, ""srb_right"": 10}, ""atr"": {""atr_length"": 14, ""atr_mult"": 1.0, ""atr_smooth"": ""RMA""}, ""mcd"": {""fast_length"": 12, ""slow_length"": 26, ""signal_length"": 9}}",汽车零部件,52.55,52.42,8.77,13.68,4.74,5.44,1.58,4.04,1.05,0.35,-0.35,2.11,1.4,4.74,5.79,5.44,6.67,9.82,7.72,10.53,14.56,11.4,17.19,20.0,19.12,21.93,26.14,28.07,25.09,23.33,18.07,15.09
2024-09-27,002497,雅化集团,fit,压力释放,11.5-11.41-9.3-9.03,低-低-低,0.78%-18.49%-2.90%,14,11.48,2.0,9.85,8.6,468914.0,4.0,8.89,18,📉ema📈res📉adx📈rsi,bull | 2.44% | 回补,,,100.0 | 88.8 | 1.13 | no,n 69｜s 00｜d 1.36%,1,绿暗[+0.14]-绿暗[+0.09]-红亮[-0.00]-绿亮[+0.01]-绿亮[+0.04]-绿亮[+0.11],低-低-低-低-低-高,是,71.59,10.23,"{""sqz"": {""bb_length"": 20, ""bb_mult"": 1.8, ""kc_length"": 20, ""kc_mult"": 1.5, ""use_true_range"": true, ""min_sqz_bars"": 5}, ""ema"": {""ema_length"": 200}, ""rsi"": {""rsi_length"": 14, ""rsi_ma_length"": 14, ""rsi_smooth"": ""SMA""}, ""sto"": {""stoch_length"": 14, ""smooth_k"": 3, ""smooth_d"": 3}, ""adx"": {""adx_length"": 14, ""adx_threshold"": 25}, ""r&s"": {""srb_left"": 10, ""srb_right"": 10}, ""atr"": {""atr_length"": 14, ""atr_mult"": 1.0, ""atr_smooth"": ""RMA""}, ""mcd"": {""fast_length"": 12, ""slow_length"": 26, ""signal_length"": 9}}",化学制品,278.92,256.17,9.95,17.06,6.09,3.86,-1.02,0.41,-2.74,2.74,-1.52,0.71,0.81,2.54,3.05,1.22,5.89,7.31,5.48,4.97,7.31,5.99,7.51,10.86,13.3,14.62,12.39,19.9,21.22,21.52,15.94,12.18
2024-09-27,002498,汉缆股份,fit,一直释放,3.78-3.91-3.22-3.15,高-低-低,3.44%-17.65%-2.17%,18,14.96,2.99,3.17,3.59,323617.0,1.0,3.0,23,📉ema📈res📉adx🗒️rsi,bull | 1.32% | 未补,,,100.0 | 98.3 | 1.02 | no,n 26｜s 00｜d 7.33%,6,红暗[-0.13]-红暗[-0.13]-红暗[-0.12]-红暗[-0.10]-红暗[-0.07]-红暗[-0.03],低-低-低-低-低-低,是,65.86,3.47,"{""sqz"": {""bb_length"": 20, ""bb_mult"": 1.8, ""kc_length"": 20, ""kc_mult"": 1.5, ""use_true_range"": true, ""min_sqz_bars"": 5}, ""ema"": {""ema_length"": 200}, ""rsi"": {""rsi_length"": 14, ""rsi_ma_length"": 14, ""rsi_smooth"": ""SMA""}, ""sto"": {""stoch_length"": 14, ""smooth_k"": 3, ""smooth_d"": 3}, ""adx"": {""adx_length"": 14, ""adx_threshold"": 25}, ""r&s"": {""srb_left"": 10, ""srb_right"": 10}, ""atr"": {""atr_length"": 14, ""atr_mult"": 1.0, ""atr_smooth"": ""RMA""}, ""mcd"": {""fast_length"": 12, ""slow_length"": 26, ""signal_length"": 9}}",电网设备,288.1,288.1,8.83,16.4,6.94,7.26,2.52,3.47,1.26,0.63,-1.26,1.58,0.32,2.84,5.68,5.05,8.2,9.15,7.57,6.94,7.57,4.73,6.62,8.83,8.52,11.36,10.41,10.73,8.83,8.83,5.36,3.79
2024-09-27,002558,巨人网络,fit,压力释放,13.74-11.7-9.28-9.3,低-低-高,14.85%-20.68%-0.22%,18,8.64,1.7,10.52,7.02,801649.0,4.0,9.56,25,📈ema📈res📈adx📈rsi,bull | 2.37% | 回补,,,100.0 | 90.45 | 1.11 | no,n 83｜s 00｜d 2.68%,0,绿亮[+0.30]-绿亮[+0.32]-绿暗[+0.28]-绿亮[+0.31]-绿亮[+0.33]-绿亮[+0.41],低-低-低-低-高-高,是,74.75,10.06,"{""sqz"": {""bb_length"": 20, ""bb_mult"": 1.8, ""kc_length"": 20, ""kc_mult"": 1.5, ""use_true_range"": true, ""min_sqz_bars"": 5}, ""ema"": {""ema_length"": 200}, ""rsi"": {""rsi_length"": 14, ""rsi_ma_length"": 14, ""rsi_smooth"": ""SMA""}, ""sto"": {""stoch_length"": 14, ""smooth_k"": 3, ""smooth_d"": 3}, ""adx"": {""adx_length"": 14, ""adx_threshold"": 25}, ""r&s"": {""srb_left"": 10, ""srb_right"": 10}, ""atr"": {""atr_length"": 14, ""atr_mult"": 1.0, ""atr_smooth"": ""RMA""}, ""mcd"": {""fast_length"": 12, ""slow_length"": 26, ""signal_length"": 9}}",游戏Ⅱ,611.03,611.03,9.6,18.82,7.6,7.22,1.81,4.09,2.38,3.8,3.61,6.46,9.89,11.5,8.46,8.08,15.68,20.44,17.68,18.06,15.78,12.17,14.45,15.68,21.01,25.29,21.58,27.76,24.71,30.51,25.67,23.57
2024-09-27,002605,姚记科技,fit,压力释放,26.9-25.81-24.95-19.83,低-低-低,4.05%-3.33%-20.52%,35,16.03,0.97,22.52,5.23,170461.0,5.0,20.26,5,📈ema📈res📈adx📈rsi,no | no | 回补,,,97.66 | 75.53 | 1.29 | no,n 91｜s 00｜d 1.73%,0,绿暗[+0.87]-绿暗[+0.57]-绿暗[+0.28]-绿暗[+0.09]-绿亮[+0.11]-绿亮[+0.26],低-低-低-高-高-高,否,71.44,21.0,"{""sqz"": {""bb_length"": 20, ""bb_mult"": 1.8, ""kc_length"": 20, ""kc_mult"": 1.5, ""use_true_range"": true, ""min_sqz_bars"": 5}, ""ema"": {""ema_length"": 200}, ""rsi"": {""rsi_length"": 14, ""rsi_ma_length"": 14, ""rsi_smooth"": ""SMA""}, ""sto"": {""stoch_length"": 14, ""smooth_k"": 3, ""smooth_d"": 3}, ""adx"": {""adx_length"": 14, ""adx_threshold"": 25}, ""r&s"": {""srb_left"": 10, ""srb_right"": 10}, ""atr"": {""atr_length"": 14, ""atr_mult"": 1.0, ""atr_smooth"": ""RMA""}, ""mcd"": {""fast_length"": 12, ""slow_length"": 26, ""signal_length"": 9}}",游戏Ⅱ,85.7,69.2,10.21,19.89,7.68,6.08,-0.84,3.33,6.62,11.68,12.34,13.41,24.96,18.38,13.23,14.39,19.45,22.74,15.23,12.52,16.25,9.9,11.72,14.48,16.92,19.36,18.56,23.89,23.45,36.01,49.82,46.54
2024-09-27,002654,万润科技,fit,压力释放,10.62-13.0-11.21-9.9,高-低-低,22.41%-13.77%-11.69%,18,11.49,1.19,10.54,6.04,772491.0,9.0,9.89,19,📉ema📈res📉adx📈rsi,bull | 6.53% | 回补,,,96.3 | 88.52 | 1.09 | no,n 96｜s 00｜d 0.85%,6,红亮[-0.02]-红亮[-0.08]-红亮[-0.16]-红亮[-0.17]-红亮[-0.19]-红暗[-0.10],低-低-低-低-低-高,是,70.21,10.64,"{""sqz"": {""bb_length"": 20, ""bb_mult"": 1.8, ""kc_length"": 20, ""kc_mult"": 1.5, ""use_true_range"": true, ""min_sqz_bars"": 5}, ""ema"": {""ema_length"": 200}, ""rsi"": {""rsi_length"": 14, ""rsi_ma_length"": 14, ""rsi_smooth"": ""SMA""}, ""sto"": {""stoch_length"": 14, ""smooth_k"": 3, ""smooth_d"": 3}, ""adx"": {""adx_length"": 14, ""adx_threshold"": 25}, ""r&s"": {""srb_left"": 10, ""srb_right"": 10}, ""atr"": {""atr_length"": 14, ""atr_mult"": 1.0, ""atr_smooth"": ""RMA""}, ""mcd"": {""fast_length"": 12, ""slow_length"": 26, ""signal_length"": 9}}",光学光电子,122.15,122.14,9.01,19.83,7.87,1.9,-0.38,3.61,0.66,-0.47,0.09,4.65,8.92,6.74,6.07,16.7,28.37,41.18,55.31,70.87,85.58,66.98,50.28,48.01,41.18,43.64,46.49,56.45,50.38,46.02,46.3,33.02
2024-09-27,002664,信质集团,fit,压力释放,17.43-16.81-12.38-11.8,低-低-低,3.56%-26.35%-4.68%,13,7.76,1.83,12.75,5.81,76601.0,2.0,11.86,15,📉ema📈res📉adx📈rsi,no | no | 回补,,,100.0 | 97.28 | 1.03 | no,n 88｜s 00｜d 1.33%,0,绿亮[+0.22]-绿暗[+0.21]-绿暗[+0.18]-绿亮[+0.20]-绿亮[+0.22]-绿亮[+0.26],低-低-低-低-高-高,是,72.81,13.64,"{""sqz"": {""bb_length"": 20, ""bb_mult"": 1.8, ""kc_length"": 20, ""kc_mult"": 1.5, ""use_true_range"": true, ""min_sqz_bars"": 5}, ""ema"": {""ema_length"": 200}, ""rsi"": {""rsi_length"": 14, ""rsi_ma_length"": 14, ""rsi_smooth"": ""SMA""}, ""sto"": {""stoch_length"": 14, ""smooth_k"": 3, ""smooth_d"": 3}, ""adx"": {""adx_length"": 14, ""adx_threshold"": 25}, ""r&s"": {""srb_left"": 10, ""srb_right"": 10}, ""atr"": {""atr_length"": 14, ""atr_mult"": 1.0, ""atr_smooth"": ""RMA""}, ""mcd"": {""fast_length"": 12, ""slow_length"": 26, ""signal_length"": 9}}",汽车零部件,82.5,81.36,8.24,13.8,4.63,3.53,-2.27,0.86,-0.63,-1.65,-1.25,0.47,1.02,7.14,3.45,5.57,7.76,9.8,7.45,9.25,7.69,6.59,17.25,29.02,25.1,21.18,18.27,20.24,20.47,18.2,13.57,9.18
2024-09-27,002675,东诚药业,fit,压力释放,16.26-14.06-14.91-12.74,低-高-低,13.53%-6.05%-14.55%,39,12.84,1.1,12.84,4.05,130220.0,2.0,12.08,12,📉ema📈res📉adx🗒️rsi,bull | 2.05% | 未补,,,84.91 | 67.71 | 1.25 | no,n 97｜s 00｜d 0.62%,0,绿亮[+0.16]-绿暗[+0.14]-绿暗[+0.12]-绿亮[+0.15]-绿亮[+0.17]-绿亮[+0.25],低-低-低-低-低-低,是,67.41,13.86,"{""sqz"": {""bb_length"": 20, ""bb_mult"": 1.8, ""kc_length"": 20, ""kc_mult"": 1.5, ""use_true_range"": true, ""min_sqz_bars"": 5}, ""ema"": {""ema_length"": 200}, ""rsi"": {""rsi_length"": 14, ""rsi_ma_length"": 14, ""rsi_smooth"": ""SMA""}, ""sto"": {""stoch_length"": 14, ""smooth_k"": 3, ""smooth_d"": 3}, ""adx"": {""adx_length"": 14, ""adx_threshold"": 25}, ""r&s"": {""srb_left"": 10, ""srb_right"": 10}, ""atr"": {""atr_length"": 14, ""atr_mult"": 1.0, ""atr_smooth"": ""RMA""}, ""mcd"": {""fast_length"": 12, ""slow_length"": 26, ""signal_length"": 9}}",化学制药,108.52,97.83,9.19,14.95,5.37,3.12,-1.17,-0.47,-2.57,-3.12,-3.89,0.47,2.41,3.04,1.71,1.4,2.34,3.35,1.56,0.62,1.25,0.23,2.18,3.27,2.96,5.45,6.7,7.79,8.41,6.85,5.92,4.52
2024-09-27,002703,浙江世宝,fit,压力释放,12.91-11.47-12.67-10.92,低-高-低,11.15%-10.46%-13.81%,13,9.09,1.67,11.6,3.76,336945.0,6.0,10.83,18,📉ema📈res📉adx📈rsi,bull | 1.73% | 未补,,,100.0 | 97.62 | 1.02 | no,n 95｜s 00｜d 2.21%,0,绿亮[+0.02]-绿暗[+0.02]-绿暗[+0.00]-绿亮[+0.04]-绿亮[+0.09]-绿亮[+0.19],低-低-低-低-高-高,是,70.97,12.05,"{""sqz"": {""bb_length"": 20, ""bb_mult"": 1.8, ""kc_length"": 20, ""kc_mult"": 1.5, ""use_true_range"": true, ""min_sqz_bars"": 5}, ""ema"": {""ema_length"": 200}, ""rsi"": {""rsi_length"": 14, ""rsi_ma_length"": 14, ""rsi_smooth"": ""SMA""}, ""sto"": {""stoch_length"": 14, ""smooth_k"": 3, ""smooth_d"": 3}, ""adx"": {""adx_length"": 14, ""adx_threshold"": 25}, ""r&s"": {""srb_left"": 10, ""srb_right"": 10}, ""atr"": {""atr_length"": 14, ""atr_mult"": 1.0, ""atr_smooth"": ""RMA""}, ""mcd"": {""fast_length"": 12, ""slow_length"": 26, ""signal_length"": 9}}",汽车零部件,158.36,112.81,7.16,17.93,6.12,2.16,10.26,9.57,3.88,2.41,1.29,5.17,6.03,8.28,7.67,6.64,7.33,7.5,5.86,8.1,10.34,4.91,15.43,20.86,17.33,18.19,18.53,19.83,20.0,20.17,15.0,12.76
2024-09-27,002738,中矿资源,fit,压力释放,40.01-41.41-28.28-30.64,高-低-高,3.50%-31.71%-8.35%,16,12.44,1.43,32.72,8.81,359694.0,5.0,29.46,12,📈ema📈res📈adx📈rsi,no | no | 回补,,,84.53 | 64.15 | 1.32 | no,n 80｜s 00｜d 3.54%,0,绿暗[+0.41]-绿暗[+0.32]-绿暗[+0.12]-绿亮[+0.14]-绿亮[+0.18]-绿亮[+0.33],低-低-低-低-低-低,是,71.76,31.56,"{""sqz"": {""bb_length"": 20, ""bb_mult"": 1.8, ""kc_length"": 20, ""kc_mult"": 1.5, ""use_true_range"": true, ""min_sqz_bars"": 5}, ""ema"": {""ema_length"": 200}, ""rsi"": {""rsi_length"": 14, ""rsi_ma_length"": 14, ""rsi_smooth"": ""SMA""}, ""sto"": {""stoch_length"": 14, ""smooth_k"": 3, ""smooth_d"": 3}, ""adx"": {""adx_length"": 14, ""adx_threshold"": 25}, ""r&s"": {""srb_left"": 10, ""srb_right"": 10}, ""atr"": {""atr_length"": 14, ""atr_mult"": 1.0, ""atr_smooth"": ""RMA""}, ""mcd"": {""fast_length"": 12, ""slow_length"": 26, ""signal_length"": 9}}",能源金属,526.83,519.2,10.15,15.04,3.39,1.99,-2.35,0.18,-2.63,-2.69,-4.34,-1.62,-0.73,1.44,5.01,2.63,6.23,6.88,2.57,-1.1,-0.12,4.95,3.39,7.64,9.23,8.71,6.6,15.5,20.6,23.11,18.86,11.28
2024-09-27,002741,光华科技,fit,一直释放,14.39-11.85-11.7-12.74,低-低-高,17.65%-1.27%-8.89%,56,31.88,0.93,13.04,6.62,125753.0,3.0,11.86,33,📈ema📈res📈adx📈rsi,no | no | 回补,,,100.0 | 78.04 | 1.28 | no,n 38｜s 00｜d 9.90%,0,绿暗[+1.08]-绿暗[+1.00]-绿暗[+0.86]-绿暗[+0.77]-绿暗[+0.76]-绿暗[+0.74],低-低-低-低-低-低,否,78.45,11.56,"{""sqz"": {""bb_length"": 20, ""bb_mult"": 1.8, ""kc_length"": 20, ""kc_mult"": 1.5, ""use_true_range"": true, ""min_sqz_bars"": 5}, ""ema"": {""ema_length"": 200}, ""rsi"": {""rsi_length"": 14, ""rsi_ma_length"": 14, ""rsi_smooth"": ""SMA""}, ""sto"": {""stoch_length"": 14, ""smooth_k"": 3, ""smooth_d"": 3}, ""adx"": {""adx_length"": 14, ""adx_threshold"": 25}, ""r&s"": {""srb_left"": 10, ""srb_right"": 10}, ""atr"": {""atr_length"": 14, ""atr_mult"": 1.0, ""atr_smooth"": ""RMA""}, ""mcd"": {""fast_length"": 12, ""slow_length"": 26, ""signal_length"": 9}}",电子化学品Ⅱ,87.38,80.11,9.66,18.56,6.67,9.59,13.04,13.73,9.59,6.13,4.29,4.83,3.22,4.75,4.6,3.45,5.67,3.68,0.23,0.08,1.92,-2.84,-1.07,1.23,0.61,1.76,2.53,6.44,3.68,3.37,4.6,15.03
2024-09-27,002757,南兴股份,fit,压力释放,15.5-13.62-11.13-11.33,低-低-高,12.13%-18.28%-1.80%,18,6.89,1.92,12.28,5.23,124181.0,4.0,11.38,41,📉ema📈res📉adx📈rsi,no | no | 回补,,,96.44 | 95.16 | 1.01 | no,n 94｜s 00｜d 3.67%,0,绿暗[+0.16]-绿亮[+0.19]-绿暗[+0.18]-绿亮[+0.24]-绿亮[+0.26]-绿亮[+0.31],低-低-低-高-高-高,是,74.23,12.45,"{""sqz"": {""bb_length"": 20, ""bb_mult"": 1.8, ""kc_length"": 20, ""kc_mult"": 1.5, ""use_true_range"": true, ""min_sqz_bars"": 5}, ""ema"": {""ema_length"": 200}, ""rsi"": {""rsi_length"": 14, ""rsi_ma_length"": 14, ""rsi_smooth"": ""SMA""}, ""sto"": {""stoch_length"": 14, ""smooth_k"": 3, ""smooth_d"": 3}, ""adx"": {""adx_length"": 14, ""adx_threshold"": 25}, ""r&s"": {""srb_left"": 10, ""srb_right"": 10}, ""atr"": {""atr_length"": 14, ""atr_mult"": 1.0, ""atr_smooth"": ""RMA""}, ""mcd"": {""fast_length"": 12, ""slow_length"": 26, ""signal_length"": 9}}",专用设备,59.33,56.64,8.39,14.9,4.07,4.48,0.24,2.61,0.41,0.57,0.33,3.09,4.23,3.99,6.84,5.7,7.17,11.97,8.96,9.93,6.27,1.38,3.91,6.11,4.8,6.11,5.29,8.79,7.49,8.06,19.14,31.35
2024-09-27,002765,蓝黛科技,fit,压力释放,5.63-4.94-4.88-5.02,低-低-高,12.26%-1.21%-2.87%,14,11.56,1.01,5.25,2.74,224981.0,4.0,4.94,33,📈ema📈res📉adx🗒️rsi,bull | 1.19% | 未补,,,99.66 | 87.5 | 1.14 | no,n 84｜s 00｜d 4.65%,2,绿暗[+0.02]-绿暗[+0.01]-红亮[-0.02]-红亮[-0.02]-绿亮[+0.00]-绿亮[+0.03],低-低-低-低-高-高,是,68.42,5.11,"{""sqz"": {""bb_length"": 20, ""bb_mult"": 1.8, ""kc_length"": 20, ""kc_mult"": 1.5, ""use_true_range"": true, ""min_sqz_bars"": 5}, ""ema"": {""ema_length"": 200}, ""rsi"": {""rsi_length"": 14, ""rsi_ma_length"": 14, ""rsi_smooth"": ""SMA""}, ""sto"": {""stoch_length"": 14, ""smooth_k"": 3, ""smooth_d"": 3}, ""adx"": {""adx_length"": 14, ""adx_threshold"": 25}, ""r&s"": {""srb_left"": 10, ""srb_right"": 10}, ""atr"": {""atr_length"": 14, ""atr_mult"": 1.0, ""atr_smooth"": ""RMA""}, ""mcd"": {""fast_length"": 12, ""slow_length"": 26, ""signal_length"": 9}}",汽车零部件,66.06,60.36,8.57,16.57,5.14,4.95,-0.19,2.86,0.57,2.67,2.1,4.38,6.29,6.86,9.14,7.81,10.1,17.9,20.95,20.0,32.19,45.52,60.19,76.38,94.1,113.52,135.05,111.43,90.29,77.71,66.1,56.95
2024-09-27,002850,科达利,fit,一直释放,91.83-104.12-99.0-81.87,高-低-低,13.38%-4.92%-17.30%,14,15.77,0.88,86.32,10.26,50413.0,3.0,75.85,15,📈ema📈res📈adx📈rsi,no | no | 回补,,,76.21 | 53.15 | 1.43 | no,n 40｜s 00｜d 6.42%,0,绿暗[+5.08]-绿暗[+3.92]-绿暗[+2.69]-绿暗[+1.89]-绿暗[+1.76]-绿暗[+1.52],低-低-低-低-低-低,否,71.13,77.86,"{""sqz"": {""bb_length"": 20, ""bb_mult"": 1.8, ""kc_length"": 20, ""kc_mult"": 1.5, ""use_true_range"": true, ""min_sqz_bars"": 5}, ""ema"": {""ema_length"": 200}, ""rsi"": {""rsi_length"": 14, ""rsi_ma_length"": 14, ""rsi_smooth"": ""SMA""}, ""sto"": {""stoch_length"": 14, ""smooth_k"": 3, ""smooth_d"": 3}, ""adx"": {""adx_length"": 14, ""adx_threshold"": 25}, ""r&s"": {""srb_left"": 10, ""srb_right"": 10}, ""atr"": {""atr_length"": 14, ""atr_mult"": 1.0, ""atr_smooth"": ""RMA""}, ""mcd"": {""fast_length"": 12, ""slow_length"": 26, ""signal_length"": 9}}",电池,443.21,319.61,10.23,18.55,13.55,12.72,4.15,6.58,3.82,2.0,0.19,8.72,9.26,11.45,10.4,6.15,10.95,9.5,12.36,10.24,12.14,13.88,17.86,24.5,29.68,25.95,22.74,27.85,31.61,31.45,26.44,22.29
2024-09-27,002865,钧达股份,fit,压力释放,58.7-58.15-45.6-41.85,低-低-低,0.94%-21.58%-8.22%,14,20.26,0.85,43.58,9.91,207331.0,9.0,38.14,9,📉ema📈res📉adx🗒️rsi,bull | 5.08% | 回补,,,84.14 | 63.96 | 1.32 | no,n 84｜s 00｜d 1.68%,5,绿暗[+0.04]-红亮[-0.15]-红亮[-0.58]-红亮[-0.62]-红亮[-0.72]-红暗[-0.41],低-低-低-低-低-低,是,65.92,54.78,"{""sqz"": {""bb_length"": 20, ""bb_mult"": 1.8, ""kc_length"": 20, ""kc_mult"": 1.5, ""use_true_range"": true, ""min_sqz_bars"": 5}, ""ema"": {""ema_length"": 200}, ""rsi"": {""rsi_length"": 14, ""rsi_ma_length"": 14, ""rsi_smooth"": ""SMA""}, ""sto"": {""stoch_length"": 14, ""smooth_k"": 3, ""smooth_d"": 3}, ""adx"": {""adx_length"": 14, ""adx_threshold"": 25}, ""r&s"": {""srb_left"": 10, ""srb_right"": 10}, ""atr"": {""atr_length"": 14, ""atr_mult"": 1.0, ""atr_smooth"": ""RMA""}, ""mcd"": {""fast_length"": 12, ""slow_length"": 26, ""signal_length"": 9}}",光伏设备,223.83,161.7,9.91,19.09,7.18,6.38,0.32,5.16,2.29,-0.62,-1.74,0.28,9.52,11.93,23.13,24.37,36.81,50.48,54.77,66.68,83.34,84.49,75.93,70.38,67.21,64.3,74.53,73.96,60.56,60.23,51.88,38.83
2024-09-27,002896,中大力德,fit,压力释放,30.89-26.72-22.42-21.58,低-低-低,13.50%-16.09%-3.75%,27,18.7,1.73,22.36,4.98,113613.0,8.0,20.34,19,📉ema📈res📉adx🗒️rsi,bull | 3.16% | 未补,,,100.0 | 90.53 | 1.1 | no,n 76｜s 00｜d 2.69%,4,红暗[-0.04]-绿亮[+0.04]-红亮[-0.07]-红亮[-0.08]-红亮[-0.12]-绿亮[+0.07],低-低-低-低-低-低,否,68.83,23.26,"{""sqz"": {""bb_length"": 20, ""bb_mult"": 1.8, ""kc_length"": 20, ""kc_mult"": 1.5, ""use_true_range"": true, ""min_sqz_bars"": 5}, ""ema"": {""ema_length"": 200}, ""rsi"": {""rsi_length"": 14, ""rsi_ma_length"": 14, ""rsi_smooth"": ""SMA""}, ""sto"": {""stoch_length"": 14, ""smooth_k"": 3, ""smooth_d"": 3}, ""adx"": {""adx_length"": 14, ""adx_threshold"": 25}, ""r&s"": {""srb_left"": 10, ""srb_right"": 10}, ""atr"": {""atr_length"": 14, ""atr_mult"": 1.0, ""atr_smooth"": ""RMA""}, ""mcd"": {""fast_length"": 12, ""slow_length"": 26, ""signal_length"": 9}}",通用设备,151.52,151.52,8.86,17.4,6.44,4.87,-1.83,0.27,-0.67,-0.63,-0.63,3.09,3.85,7.11,5.86,5.46,4.74,3.67,2.33,2.64,3.67,0.67,10.82,14.4,15.25,13.95,14.13,19.45,14.62,14.67,11.23,6.44
2024-09-27,002911,佛燃能源,fit,压力释放,9.65-10.22-10.04-10.01,高-低-低,5.91%-1.76%-0.30%,13,8.45,1.66,10.23,0.89,86892.0,1.0,9.78,13,📈ema📈res📉adx🗒️rsi,no | no | 未补,,,100.0 | 93.32 | 1.07 | no,n 78｜s 00｜d 0.95%,1,绿亮[+0.01]-绿暗[+0.00]-红亮[-0.01]-绿亮[+0.06]-绿亮[+0.18]-绿亮[+0.27],低-低-低-低-高-高,否,67.15,9.02,"{""sqz"": {""bb_length"": 20, ""bb_mult"": 1.8, ""kc_length"": 20, ""kc_mult"": 1.5, ""use_true_range"": true, ""min_sqz_bars"": 5}, ""ema"": {""ema_length"": 200}, ""rsi"": {""rsi_length"": 14, ""rsi_ma_length"": 14, ""rsi_smooth"": ""SMA""}, ""sto"": {""stoch_length"": 14, ""smooth_k"": 3, ""smooth_d"": 3}, ""adx"": {""adx_length"": 14, ""adx_threshold"": 25}, ""r&s"": {""srb_left"": 10, ""srb_right"": 10}, ""atr"": {""atr_length"": 14, ""atr_mult"": 1.0, ""atr_smooth"": ""RMA""}, ""mcd"": {""fast_length"": 12, ""slow_length"": 26, ""signal_length"": 9}}",燃气Ⅱ,188.53,183.97,7.53,7.82,-0.49,2.44,1.08,5.57,2.83,4.11,1.96,2.44,1.27,4.2,5.77,5.87,6.74,6.65,6.55,7.53,5.87,3.81,4.69,5.87,5.87,7.72,6.26,8.6,8.41,8.9,8.21,7.04
2024-09-27,003010,若羽臣,fit,压力释放,6.15-6.48-5.86-5.97,高-低-高,5.37%-9.57%-1.88%,13,15.92,1.21,6.18,3.52,66477.0,5.0,5.76,37,📈ema📈res📈adx🗒️rsi,bull | 1.01% | 回补,,,99.33 | 88.49 | 1.12 | no,n 86｜s 00｜d 2.45%,3,绿暗[+0.01]-红亮[-0.01]-红亮[-0.04]-红暗[-0.02]-绿亮[+0.01]-绿亮[+0.06],低-低-低-低-低-低,否,67.59,5.71,"{""sqz"": {""bb_length"": 20, ""bb_mult"": 1.8, ""kc_length"": 20, ""kc_mult"": 1.5, ""use_true_range"": true, ""min_sqz_bars"": 5}, ""ema"": {""ema_length"": 200}, ""rsi"": {""rsi_length"": 14, ""rsi_ma_length"": 14, ""rsi_smooth"": ""SMA""}, ""sto"": {""stoch_length"": 14, ""smooth_k"": 3, ""smooth_d"": 3}, ""adx"": {""adx_length"": 14, ""adx_threshold"": 25}, ""r&s"": {""srb_left"": 10, ""srb_right"": 10}, ""atr"": {""atr_length"": 14, ""atr_mult"": 1.0, ""atr_smooth"": ""RMA""}, ""mcd"": {""fast_length"": 12, ""slow_length"": 26, ""signal_length"": 9}}",互联网电商,98.36,71.51,9.55,17.15,4.69,11.81,4.21,11.0,13.27,10.19,8.9,10.19,13.59,14.56,13.11,10.84,11.49,16.67,14.56,14.08,16.83,12.94,25.08,30.74,30.42,40.45,36.57,36.73,48.54,47.57,51.13,60.84
2024-09-27,003035,南网能源,fit,压力释放,5.16-5.43-4.3-4.11,高-低-低,5.23%-20.81%-4.42%,17,5.38,2.01,4.4,4.02,308229.0,1.0,4.15,10,📉ema📈res📉adx📈rsi,bull | 0.71% | 回补,,,100.0 | 94.27 | 1.06 | no,n 92｜s 00｜d 0.94%,0,绿亮[+0.02]-绿亮[+0.03]-绿暗[+0.03]-绿亮[+0.04]-绿亮[+0.05]-绿亮[+0.08],低-低-低-低-高-高,是,74.67,4.68,"{""sqz"": {""bb_length"": 20, ""bb_mult"": 1.8, ""kc_length"": 20, ""kc_mult"": 1.5, ""use_true_range"": true, ""min_sqz_bars"": 5}, ""ema"": {""ema_length"": 200}, ""rsi"": {""rsi_length"": 14, ""rsi_ma_length"": 14, ""rsi_smooth"": ""SMA""}, ""sto"": {""stoch_length"": 14, ""smooth_k"": 3, ""smooth_d"": 3}, ""adx"": {""adx_length"": 14, ""adx_threshold"": 25}, ""r&s"": {""srb_left"": 10, ""srb_right"": 10}, ""atr"": {""atr_length"": 14, ""atr_mult"": 1.0, ""atr_smooth"": ""RMA""}, ""mcd"": {""fast_length"": 12, ""slow_length"": 26, ""signal_length"": 9}}",电力,320.08,320.08,10.0,16.14,7.73,8.18,3.18,4.77,2.5,3.18,1.14,2.95,2.73,4.55,6.14,5.0,7.27,6.82,4.55,4.32,6.59,5.0,5.23,6.59,7.73,10.0,10.45,10.91,10.0,10.0,7.05,4.77
2024-09-27,003039,顺控发展,fit,压力释放,14.6-16.1-12.5-11.58,高-低-低,10.27%-22.36%-7.36%,13,13.31,2.12,11.86,4.96,60674.0,1.0,11.1,10,📉ema📈res📉adx🗒️rsi,bull | 1.69% | 回补,,,100.0 | 95.87 | 1.04 | no,n 86｜s 00｜d 1.47%,4,红暗[-0.14]-红暗[-0.12]-红暗[-0.11]-红暗[-0.05]-绿亮[+0.03]-绿亮[+0.12],低-低-低-低-低-低,是,69.09,12.77,"{""sqz"": {""bb_length"": 20, ""bb_mult"": 1.8, ""kc_length"": 20, ""kc_mult"": 1.5, ""use_true_range"": true, ""min_sqz_bars"": 5}, ""ema"": {""ema_length"": 200}, ""rsi"": {""rsi_length"": 14, ""rsi_ma_length"": 14, ""rsi_smooth"": ""SMA""}, ""sto"": {""stoch_length"": 14, ""smooth_k"": 3, ""smooth_d"": 3}, ""adx"": {""adx_length"": 14, ""adx_threshold"": 25}, ""r&s"": {""srb_left"": 10, ""srb_right"": 10}, ""atr"": {""atr_length"": 14, ""atr_mult"": 1.0, ""atr_smooth"": ""RMA""}, ""mcd"": {""fast_length"": 12, ""slow_length"": 26, ""signal_length"": 9}}",环境治理,93.8,93.8,9.78,14.92,6.32,6.24,2.61,4.72,2.61,4.64,2.36,3.71,3.71,5.06,6.07,4.97,7.0,10.03,6.07,6.16,13.15,13.15,20.83,21.16,23.27,29.68,24.54,24.7,22.34,20.74,17.96,16.1
2024-09-27,300007,汉威科技,fit,压力释放,15.21-15.05-14.0-13.5,低-低-低,1.04%-7.02%-3.56%,27,13.89,2.19,14.17,5.03,212271.0,8.0,13.03,5,📉ema📈res📉adx🗒️rsi,bull | 1.65% | 回补,,,100.0 | 98.71 | 1.01 | no,n 75｜s 00｜d 0.77%,5,红暗[-0.29]-红暗[-0.21]-红暗[-0.20]-红暗[-0.15]-红暗[-0.08]-绿亮[+0.01],低-低-低-低-低-高,是,69.47,14.91,"{""sqz"": {""bb_length"": 20, ""bb_mult"": 1.8, ""kc_length"": 20, ""kc_mult"": 1.5, ""use_true_range"": true, ""min_sqz_bars"": 5}, ""ema"": {""ema_length"": 200}, ""rsi"": {""rsi_length"": 14, ""rsi_ma_length"": 14, ""rsi_smooth"": ""SMA""}, ""sto"": {""stoch_length"": 14, ""smooth_k"": 3, ""smooth_d"": 3}, ""adx"": {""adx_length"": 14, ""adx_threshold"": 25}, ""r&s"": {""srb_left"": 10, ""srb_right"": 10}, ""atr"": {""atr_length"": 14, ""atr_mult"": 1.0, ""atr_smooth"": ""RMA""}, ""mcd"": {""fast_length"": 12, ""slow_length"": 26, ""signal_length"": 9}}",通用设备,139.98,121.11,14.37,29.72,33.59,20.92,11.27,14.37,13.03,16.69,14.08,19.72,21.9,20.99,18.8,16.76,18.24,19.44,19.44,25.85,23.94,23.8,38.17,40.14,39.44,34.58,36.13,40.99,37.82,36.9,31.69,25.85
2024-09-27,300018,中元股份,fit,压力释放,5.51-5.33-4.91-4.95,低-低-高,3.20%-7.97%-0.81%,17,6.16,1.33,5.31,4.48,218892.0,6.0,4.86,23,📈ema📈res📉adx📈rsi,no | no | 未补,,,100.0 | 82.28 | 1.22 | no,n 75｜s 00｜d 5.01%,0,绿亮[+0.03]-绿亮[+0.03]-绿暗[+0.02]-绿暗[+0.02]-绿亮[+0.05]-绿亮[+0.07],低-低-低-低-高-高,是,72.11,4.95,"{""sqz"": {""bb_length"": 20, ""bb_mult"": 1.8, ""kc_length"": 20, ""kc_mult"": 1.5, ""use_true_range"": true, ""min_sqz_bars"": 5}, ""ema"": {""ema_length"": 200}, ""rsi"": {""rsi_length"": 14, ""rsi_ma_length"": 14, ""rsi_smooth"": ""SMA""}, ""sto"": {""stoch_length"": 14, ""smooth_k"": 3, ""smooth_d"": 3}, ""adx"": {""adx_length"": 14, ""adx_threshold"": 25}, ""r&s"": {""srb_left"": 10, ""srb_right"": 10}, ""atr"": {""atr_length"": 14, ""atr_mult"": 1.0, ""atr_smooth"": ""RMA""}, ""mcd"": {""fast_length"": 12, ""slow_length"": 26, ""signal_length"": 9}}",电网设备,62.71,58.05,13.06,26.31,14.37,15.67,11.01,13.62,11.57,11.75,12.31,13.99,16.79,21.27,23.69,21.08,23.69,27.8,23.51,23.69,23.32,17.54,22.95,25.37,24.07,26.87,32.09,33.4,30.04,31.53,38.99,30.04
2024-09-27,300024,机器人,fit,压力释放,12.81-11.6-10.82-10.31,低-低-低,9.45%-6.72%-4.71%,39,14.68,2.35,10.56,6.45,560659.0,4.0,9.72,15,📈ema📈res📉adx📈rsi,bull | 2.25% | 回补,,,100.0 | 95.96 | 1.04 | no,n 90｜s 00｜d 1.83%,1,红暗[-0.04]-绿亮[+0.00]-绿亮[+0.01]-绿亮[+0.07]-绿亮[+0.12]-绿亮[+0.21],低-低-低-低-低-低,是,75.3,10.45,"{""sqz"": {""bb_length"": 20, ""bb_mult"": 1.8, ""kc_length"": 20, ""kc_mult"": 1.5, ""use_true_range"": true, ""min_sqz_bars"": 5}, ""ema"": {""ema_length"": 200}, ""rsi"": {""rsi_length"": 14, ""rsi_ma_length"": 14, ""rsi_smooth"": ""SMA""}, ""sto"": {""stoch_length"": 14, ""smooth_k"": 3, ""smooth_d"": 3}, ""adx"": {""adx_length"": 14, ""adx_threshold"": 25}, ""r&s"": {""srb_left"": 10, ""srb_right"": 10}, ""atr"": {""atr_length"": 14, ""atr_mult"": 1.0, ""atr_smooth"": ""RMA""}, ""mcd"": {""fast_length"": 12, ""slow_length"": 26, ""signal_length"": 9}}",自动化设备,234.53,230.68,17.05,40.44,22.16,23.2,14.39,19.22,16.29,15.06,15.15,21.59,29.83,27.84,26.33,25.09,26.52,32.1,26.33,25.85,28.79,21.97,46.4,70.93,99.91,92.23,90.34,96.31,86.55,87.22,77.84,66.86
2024-09-27,300031,宝通科技,fit,压力释放,16.73-15.27-14.99-16.22,低-低-高,8.71%-1.86%-8.24%,40,15.7,1.4,16.58,6.39,336982.0,10.0,15.07,20,📈ema📈res📉adx🗒️rsi,bull | 1.03% | 回补,,,99.74 | 86.91 | 1.15 | no,n 95｜s 00｜d 1.11%,6,红亮[-0.04]-红亮[-0.07]-红亮[-0.18]-红暗[-0.17]-红暗[-0.15]-红暗[-0.04],低-低-低-低-低-低,是,69.67,15.25,"{""sqz"": {""bb_length"": 20, ""bb_mult"": 1.8, ""kc_length"": 20, ""kc_mult"": 1.5, ""use_true_range"": true, ""min_sqz_bars"": 5}, ""ema"": {""ema_length"": 200}, ""rsi"": {""rsi_length"": 14, ""rsi_ma_length"": 14, ""rsi_smooth"": ""SMA""}, ""sto"": {""stoch_length"": 14, ""smooth_k"": 3, ""smooth_d"": 3}, ""adx"": {""adx_length"": 14, ""adx_threshold"": 25}, ""r&s"": {""srb_left"": 10, ""srb_right"": 10}, ""atr"": {""atr_length"": 14, ""atr_mult"": 1.0, ""atr_smooth"": ""RMA""}, ""mcd"": {""fast_length"": 12, ""slow_length"": 26, ""signal_length"": 9}}",游戏Ⅱ,84.67,71.15,15.74,32.01,12.13,10.45,4.5,8.11,8.77,9.13,9.91,13.39,17.42,20.06,18.74,16.52,19.22,20.42,14.41,13.51,14.41,8.71,11.83,15.56,18.14,18.32,16.58,23.0,22.64,23.0,19.22,18.8
2024-09-27,300045,华力创通,fit,压力释放,19.08-18.91-18.97-16.99,低-高-低,0.89%-0.32%-10.44%,16,12.74,1.9,18.28,6.71,500274.0,10.0,16.62,15,📉ema📈res📉adx🗒️rsi,no | no | 未补,,,100.0 | 97.06 | 1.03 | no,n 93｜s 00｜d 2.71%,3,红暗[-0.21]-红暗[-0.17]-红暗[-0.12]-绿亮[+0.03]-绿亮[+0.18]-绿亮[+0.31],低-低-低-低-高-高,否,68.46,19.33,"{""sqz"": {""bb_length"": 20, ""bb_mult"": 1.8, ""kc_length"": 20, ""kc_mult"": 1.5, ""use_true_range"": true, ""min_sqz_bars"": 5}, ""ema"": {""ema_length"": 200}, ""rsi"": {""rsi_length"": 14, ""rsi_ma_length"": 14, ""rsi_smooth"": ""SMA""}, ""sto"": {""stoch_length"": 14, ""smooth_k"": 3, ""smooth_d"": 3}, ""adx"": {""adx_length"": 14, ""adx_threshold"": 25}, ""r&s"": {""srb_left"": 10, ""srb_right"": 10}, ""atr"": {""atr_length"": 14, ""atr_mult"": 1.0, ""atr_smooth"": ""RMA""}, ""mcd"": {""fast_length"": 12, ""slow_length"": 26, ""signal_length"": 9}}",军工电子Ⅱ,142.28,110.85,18.11,41.74,25.93,20.79,12.8,23.25,47.92,41.68,47.87,53.67,78.88,64.72,58.42,54.38,58.75,57.22,64.44,55.14,54.54,38.13,42.56,49.56,49.67,49.23,57.88,60.94,57.11,54.87,47.7,42.78
2024-09-27,300063,天龙集团,fit,压力释放,5.24-4.31-4.4-4.68,低-高-高,17.75%-2.09%-6.36%,15,18.78,1.16,4.84,4.09,1090259.0,17.0,4.37,28,📈ema📈res📈adx📈rsi,no | no | 未补,,,95.84 | 78.9 | 1.21 | no,n 55｜s 00｜d 7.22%,5,红亮[-0.04]-红亮[-0.07]-红亮[-0.08]-红亮[-0.08]-红暗[-0.04]-绿亮[+0.00],低-低-低-低-低-高,否,70.03,4.81,"{""sqz"": {""bb_length"": 20, ""bb_mult"": 1.8, ""kc_length"": 20, ""kc_mult"": 1.5, ""use_true_range"": true, ""min_sqz_bars"": 5}, ""ema"": {""ema_length"": 200}, ""rsi"": {""rsi_length"": 14, ""rsi_ma_length"": 14, ""rsi_smooth"": ""SMA""}, ""sto"": {""stoch_length"": 14, ""smooth_k"": 3, ""smooth_d"": 3}, ""adx"": {""adx_length"": 14, ""adx_threshold"": 25}, ""r&s"": {""srb_left"": 10, ""srb_right"": 10}, ""atr"": {""atr_length"": 14, ""atr_mult"": 1.0, ""atr_smooth"": ""RMA""}, ""mcd"": {""fast_length"": 12, ""slow_length"": 26, ""signal_length"": 9}}",广告营销,86.55,71.49,19.01,39.26,13.84,12.19,4.55,14.05,36.78,48.76,47.73,48.14,51.24,81.4,117.77,96.28,135.54,135.12,158.88,138.84,142.36,93.8,94.01,107.02,127.27,123.76,115.5,121.69,108.88,129.34,114.67,118.6
2024-09-27,300073,当升科技,fit,压力释放,35.19-36.57-52.96-34.16,高-高-低,3.94%-44.81%-35.51%,13,18.46,0.78,35.94,9.45,464697.0,9.0,31.84,7,📈ema📈res📉adx🗒️rsi,no | no | 回补,,,87.25 | 70.11 | 1.24 | no,n 39｜s 00｜d 1.70%,0,绿暗[+1.09]-绿暗[+0.68]-绿暗[+0.20]-绿暗[+0.09]-绿亮[+0.15]-绿亮[+0.25],低-低-低-低-低-低,是,67.81,35.34,"{""sqz"": {""bb_length"": 20, ""bb_mult"": 1.8, ""kc_length"": 20, ""kc_mult"": 1.5, ""use_true_range"": true, ""min_sqz_bars"": 5}, ""ema"": {""ema_length"": 200}, ""rsi"": {""rsi_length"": 14, ""rsi_ma_length"": 14, ""rsi_smooth"": ""SMA""}, ""sto"": {""stoch_length"": 14, ""smooth_k"": 3, ""smooth_d"": 3}, ""adx"": {""adx_length"": 14, ""adx_threshold"": 25}, ""r&s"": {""srb_left"": 10, ""srb_right"": 10}, ""atr"": {""atr_length"": 14, ""atr_mult"": 1.0, ""atr_smooth"": ""RMA""}, ""mcd"": {""fast_length"": 12, ""slow_length"": 26, ""signal_length"": 9}}",电池,297.51,276.56,19.93,43.91,22.31,20.54,11.74,15.06,13.43,9.58,8.47,16.36,18.58,21.1,27.08,18.58,23.26,20.24,16.5,13.23,15.01,17.91,19.1,23.15,30.12,36.71,44.3,49.78,40.64,42.44,34.61,30.51
2024-09-27,300093,*ST金刚,fit,压力释放,18.14-14.49-12.03-12.41,低-低-高,20.15%-16.96%-3.15%,14,32.92,1.09,13.12,19.97,490794.0,23.0,10.35,5,📉ema📈res📈adx📈rsi,bull | 2.69% | 回补,,,76.72 | 58.25 | 1.32 | no,n 54｜s 00｜d 2.47%,2,绿暗[+0.41]-绿暗[+0.27]-绿暗[+0.12]-绿暗[+0.02]-红亮[-0.07]-红暗[-0.02],低-低-低-低-低-低,是,72.2,14.72,"{""sqz"": {""bb_length"": 20, ""bb_mult"": 1.8, ""kc_length"": 20, ""kc_mult"": 1.5, ""use_true_range"": true, ""min_sqz_bars"": 5}, ""ema"": {""ema_length"": 200}, ""rsi"": {""rsi_length"": 14, ""rsi_ma_length"": 14, ""rsi_smooth"": ""SMA""}, ""sto"": {""stoch_length"": 14, ""smooth_k"": 3, ""smooth_d"": 3}, ""adx"": {""adx_length"": 14, ""adx_threshold"": 25}, ""r&s"": {""srb_left"": 10, ""srb_right"": 10}, ""atr"": {""atr_length"": 14, ""atr_mult"": 1.0, ""atr_smooth"": ""RMA""}, ""mcd"": {""fast_length"": 12, ""slow_length"": 26, ""signal_length"": 9}}",光伏设备,97.58,50.42,19.13,42.95,14.36,14.7,8.46,17.79,14.03,11.34,13.36,17.79,41.34,47.58,57.92,44.03,54.16,51.14,42.48,41.21,47.38,29.66,29.26,34.36,35.77,33.83,39.66,42.62,37.45,36.85,31.54,22.55
2024-09-27,300098,高新兴,fit,压力释放,5.77-5.19-4.93-4.26,低-低-低,10.05%-5.01%-13.59%,13,24.2,1.53,4.4,6.8,1974010.0,13.0,3.89,6,📈ema📈res📉adx🗒️rsi,no | no | 回补,,,100.0 | 97.7 | 1.02 | no,n 65｜s 00｜d 0.87%,5,红暗[-0.14]-红暗[-0.11]-红暗[-0.08]-红暗[-0.04]-红暗[-0.01]-绿亮[+0.05],低-低-低-低-低-低,是,66.84,3.8,"{""sqz"": {""bb_length"": 20, ""bb_mult"": 1.8, ""kc_length"": 20, ""kc_mult"": 1.5, ""use_true_range"": true, ""min_sqz_bars"": 5}, ""ema"": {""ema_length"": 200}, ""rsi"": {""rsi_length"": 14, ""rsi_ma_length"": 14, ""rsi_smooth"": ""SMA""}, ""sto"": {""stoch_length"": 14, ""smooth_k"": 3, ""smooth_d"": 3}, ""adx"": {""adx_length"": 14, ""adx_threshold"": 25}, ""r&s"": {""srb_left"": 10, ""srb_right"": 10}, ""atr"": {""atr_length"": 14, ""atr_mult"": 1.0, ""atr_smooth"": ""RMA""}, ""mcd"": {""fast_length"": 12, ""slow_length"": 26, ""signal_length"": 9}}",通信设备,90.71,80.48,15.23,38.18,21.59,20.0,9.55,15.68,15.91,12.95,13.86,19.09,27.05,22.05,21.59,18.64,19.09,23.64,20.91,20.0,27.5,15.0,19.77,43.64,59.77,51.59,48.64,50.68,45.45,58.86,48.86,45.0
2024-09-27,300111,向日葵,fit,压力释放,2.55-2.7-2.66-2.33,高-低-低,5.88%-1.48%-12.41%,12,13.66,1.3,2.43,4.29,388640.0,3.0,2.23,7,📈ema📈res📈adx🗒️rsi,bull | 0.43% | 未补,,,100.0 | 94.71 | 1.06 | no,n 84｜s 00｜d 1.13%,5,红暗[-0.13]-红暗[-0.11]-红暗[-0.09]-红暗[-0.06]-红暗[-0.03]-绿亮[+0.01],低-低-低-低-低-低,是,66.55,2.42,"{""sqz"": {""bb_length"": 20, ""bb_mult"": 1.8, ""kc_length"": 20, ""kc_mult"": 1.5, ""use_true_range"": true, ""min_sqz_bars"": 5}, ""ema"": {""ema_length"": 200}, ""rsi"": {""rsi_length"": 14, ""rsi_ma_length"": 14, ""rsi_smooth"": ""SMA""}, ""sto"": {""stoch_length"": 14, ""smooth_k"": 3, ""smooth_d"": 3}, ""adx"": {""adx_length"": 14, ""adx_threshold"": 25}, ""r&s"": {""srb_left"": 10, ""srb_right"": 10}, ""atr"": {""atr_length"": 14, ""atr_mult"": 1.0, ""atr_smooth"": ""RMA""}, ""mcd"": {""fast_length"": 12, ""slow_length"": 26, ""signal_length"": 9}}",化学制药,53.81,53.81,16.87,40.33,25.1,25.93,16.87,20.16,16.87,15.64,14.81,19.34,25.51,28.4,26.34,26.75,29.63,37.45,32.51,48.15,49.79,39.09,33.33,37.86,38.27,47.74,44.86,46.5,40.33,37.86,32.51,26.75
2024-09-27,300118,东方日升,fit,压力释放,17.68-16.66-16.2-11.39,低-低-低,5.80%-2.75%-29.69%,34,30.17,1.97,11.61,14.16,940900.0,10.0,9.91,8,📉ema📈res📉adx📈rsi,bull | 5.34% | 回补,,,100.0 | 88.89 | 1.13 | no,n 82｜s 00｜d 2.20%,5,红暗[-0.18]-红暗[-0.15]-红亮[-0.17]-红暗[-0.13]-红暗[-0.09]-绿亮[+0.06],低-低-低-低-低-低,是,71.61,13.35,"{""sqz"": {""bb_length"": 20, ""bb_mult"": 1.8, ""kc_length"": 20, ""kc_mult"": 1.5, ""use_true_range"": true, ""min_sqz_bars"": 5}, ""ema"": {""ema_length"": 200}, ""rsi"": {""rsi_length"": 14, ""rsi_ma_length"": 14, ""rsi_smooth"": ""SMA""}, ""sto"": {""stoch_length"": 14, ""smooth_k"": 3, ""smooth_d"": 3}, ""adx"": {""adx_length"": 14, ""adx_threshold"": 25}, ""r&s"": {""srb_left"": 10, ""srb_right"": 10}, ""atr"": {""atr_length"": 14, ""atr_mult"": 1.0, ""atr_smooth"": ""RMA""}, ""mcd"": {""fast_length"": 12, ""slow_length"": 26, ""signal_length"": 9}}",光伏设备,196.65,159.88,18.95,37.3,11.54,9.3,2.41,8.27,6.29,6.46,5.51,8.44,18.35,23.17,27.82,22.14,32.21,28.77,19.81,20.93,23.94,16.28,17.48,20.84,19.38,18.52,19.72,23.94,22.05,24.72,24.12,16.37
2024-09-27,300123,亚光科技,fit,压力释放,5.59-5.12-5.62-4.86,低-高-低,8.41%-9.77%-13.52%,16,14.89,1.33,5.06,6.53,530626.0,5.0,4.58,14,📉ema📈res📉adx🗒️rsi,bull | 1.06% | 回补,,,100.0 | 91.48 | 1.09 | no,n 79｜s 00｜d 2.08%,0,绿亮[+0.03]-绿亮[+0.04]-绿亮[+0.04]-绿亮[+0.07]-绿亮[+0.10]-绿亮[+0.12],低-低-低-低-低-低,是,67.71,5.42,"{""sqz"": {""bb_length"": 20, ""bb_mult"": 1.8, ""kc_length"": 20, ""kc_mult"": 1.5, ""use_true_range"": true, ""min_sqz_bars"": 5}, ""ema"": {""ema_length"": 200}, ""rsi"": {""rsi_length"": 14, ""rsi_ma_length"": 14, ""rsi_smooth"": ""SMA""}, ""sto"": {""stoch_length"": 14, ""smooth_k"": 3, ""smooth_d"": 3}, ""adx"": {""adx_length"": 14, ""adx_threshold"": 25}, ""r&s"": {""srb_left"": 10, ""srb_right"": 10}, ""atr"": {""atr_length"": 14, ""atr_mult"": 1.0, ""atr_smooth"": ""RMA""}, ""mcd"": {""fast_length"": 12, ""slow_length"": 26, ""signal_length"": 9}}",军工电子Ⅱ,64.78,63.43,14.62,37.55,25.49,26.48,16.21,22.92,23.72,20.55,22.73,28.26,53.95,50.2,46.05,44.27,48.22,50.4,45.06,39.92,43.28,30.43,33.6,42.49,46.64,46.25,51.19,58.1,49.41,48.42,41.5,37.75
2024-09-27,300129,泰胜风能,fit,压力释放,7.75-7.95-7.34-6.79,高-低-低,2.67%-7.68%-7.57%,18,8.23,1.29,7.17,5.7,252752.0,4.0,6.63,15,📉ema📈res📉adx🗒️rsi,no | no | 未补,,,100.0 | 88.79 | 1.13 | no,n 88｜s 00｜d 1.11%,0,绿亮[+0.14]-绿暗[+0.10]-绿暗[+0.03]-绿暗[+0.00]-绿亮[+0.01]-绿亮[+0.04],低-低-低-低-低-低,是,67.86,7.62,"{""sqz"": {""bb_length"": 20, ""bb_mult"": 1.8, ""kc_length"": 20, ""kc_mult"": 1.5, ""use_true_range"": true, ""min_sqz_bars"": 5}, ""ema"": {""ema_length"": 200}, ""rsi"": {""rsi_length"": 14, ""rsi_ma_length"": 14, ""rsi_smooth"": ""SMA""}, ""sto"": {""stoch_length"": 14, ""smooth_k"": 3, ""smooth_d"": 3}, ""adx"": {""adx_length"": 14, ""adx_threshold"": 25}, ""r&s"": {""srb_left"": 10, ""srb_right"": 10}, ""atr"": {""atr_length"": 14, ""atr_mult"": 1.0, ""atr_smooth"": ""RMA""}, ""mcd"": {""fast_length"": 12, ""slow_length"": 26, ""signal_length"": 9}}",风电设备,138.38,89.7,12.45,21.72,8.58,11.34,3.18,5.39,2.9,2.9,2.07,5.12,6.92,14.25,26.14,17.29,24.2,19.78,15.08,10.24,14.25,9.54,9.82,13.97,15.08,15.63,13.28,15.49,17.15,16.6,11.2,7.33
2024-09-27,300136,信维通信,fit,压力释放,22.15-19.91-21.55-18.94,低-高-低,10.08%-8.22%-12.13%,18,11.84,1.62,19.87,6.3,477374.0,6.0,18.18,20,📈ema📈res📉adx🗒️rsi,no | no | 回补,,,95.74 | 92.04 | 1.04 | no,n 88｜s 00｜d 1.00%,3,红暗[-0.15]-红暗[-0.04]-红暗[-0.03]-绿亮[+0.07]-绿亮[+0.16]-绿亮[+0.26],低-低-低-低-低-低,是,69.26,19.15,"{""sqz"": {""bb_length"": 20, ""bb_mult"": 1.8, ""kc_length"": 20, ""kc_mult"": 1.5, ""use_true_range"": true, ""min_sqz_bars"": 5}, ""ema"": {""ema_length"": 200}, ""rsi"": {""rsi_length"": 14, ""rsi_ma_length"": 14, ""rsi_smooth"": ""SMA""}, ""sto"": {""stoch_length"": 14, ""smooth_k"": 3, ""smooth_d"": 3}, ""adx"": {""adx_length"": 14, ""adx_threshold"": 25}, ""r&s"": {""srb_left"": 10, ""srb_right"": 10}, ""atr"": {""atr_length"": 14, ""atr_mult"": 1.0, ""atr_smooth"": ""RMA""}, ""mcd"": {""fast_length"": 12, ""slow_length"": 26, ""signal_length"": 9}}",消费电子,605.41,515.93,16.47,38.55,17.97,16.72,10.94,16.97,17.72,16.11,17.92,22.69,23.9,22.44,20.88,19.48,20.03,20.83,24.7,24.6,24.45,14.91,21.03,27.36,24.95,37.55,46.74,45.68,45.68,48.44,40.71,38.2
2024-09-27,300199,翰宇药业,fit,压力释放,13.98-12.5-10.25-9.63,低-低-低,10.59%-18.00%-6.05%,13,8.45,1.13,10.45,7.18,432592.0,6.0,9.47,12,📉ema📈res📉adx📈rsi,bull | 1.45% | 回补,,,100.0 | 90.22 | 1.11 | no,n 98｜s 00｜d 1.24%,2,红暗[-0.00]-绿亮[+0.01]-红亮[-0.00]-绿亮[+0.02]-绿亮[+0.08]-绿亮[+0.17],低-低-低-低-高-高,是,71.56,11.48,"{""sqz"": {""bb_length"": 20, ""bb_mult"": 1.8, ""kc_length"": 20, ""kc_mult"": 1.5, ""use_true_range"": true, ""min_sqz_bars"": 5}, ""ema"": {""ema_length"": 200}, ""rsi"": {""rsi_length"": 14, ""rsi_ma_length"": 14, ""rsi_smooth"": ""SMA""}, ""sto"": {""stoch_length"": 14, ""smooth_k"": 3, ""smooth_d"": 3}, ""adx"": {""adx_length"": 14, ""adx_threshold"": 25}, ""r&s"": {""srb_left"": 10, ""srb_right"": 10}, ""atr"": {""atr_length"": 14, ""atr_mult"": 1.0, ""atr_smooth"": ""RMA""}, ""mcd"": {""fast_length"": 12, ""slow_length"": 26, ""signal_length"": 9}}",化学制药,166.05,140.19,14.35,27.27,7.27,8.33,3.16,4.78,6.99,4.88,12.06,15.22,16.94,17.42,13.97,13.88,14.74,15.31,12.63,13.68,14.83,9.28,10.62,11.77,10.14,14.35,13.3,19.9,23.54,20.1,15.5,10.62
2024-09-27,300203,聚光科技,fit,压力释放,16.18-13.21-11.65-12.17,低-低-高,18.36%-11.81%-4.49%,39,18.56,1.69,13.05,10.63,217288.0,5.0,11.54,13,📈ema📈res📉adx📈rsi,bull | 4.81% | 回补,,,100.0 | 89.96 | 1.11 | no,n 91｜s 00｜d 2.72%,5,红亮[-0.08]-红亮[-0.12]-红亮[-0.16]-红暗[-0.10]-红暗[-0.03]-绿亮[+0.09],低-低-低-低-低-低,是,76.79,12.52,"{""sqz"": {""bb_length"": 20, ""bb_mult"": 1.8, ""kc_length"": 20, ""kc_mult"": 1.5, ""use_true_range"": true, ""min_sqz_bars"": 5}, ""ema"": {""ema_length"": 200}, ""rsi"": {""rsi_length"": 14, ""rsi_ma_length"": 14, ""rsi_smooth"": ""SMA""}, ""sto"": {""stoch_length"": 14, ""smooth_k"": 3, ""smooth_d"": 3}, ""adx"": {""adx_length"": 14, ""adx_threshold"": 25}, ""r&s"": {""srb_left"": 10, ""srb_right"": 10}, ""atr"": {""atr_length"": 14, ""atr_mult"": 1.0, ""atr_smooth"": ""RMA""}, ""mcd"": {""fast_length"": 12, ""slow_length"": 26, ""signal_length"": 9}}",通用设备,61.16,61.11,11.88,34.27,17.55,24.36,18.68,26.4,21.86,23.68,25.49,32.83,34.87,32.53,29.35,35.17,32.75,34.19,31.77,28.21,33.21,27.69,33.96,50.3,50.23,50.53,47.96,57.34,46.75,44.55,42.81,33.66
2024-09-27,300249,依米康,fit,压力释放,7.49-7.0-7.19-6.82,低-高-低,6.54%-2.71%-5.15%,39,11.44,1.07,7.57,8.3,379715.0,10.0,6.77,63,📈ema📈res📉adx📈rsi,no | no | 回补,,,99.77 | 95.43 | 1.05 | no,n 84｜s 00｜d 4.17%,0,绿暗[+0.07]-绿暗[+0.06]-绿暗[+0.05]-绿亮[+0.08]-绿亮[+0.11]-绿亮[+0.13],低-低-低-高-高-高,是,71.54,7.12,"{""sqz"": {""bb_length"": 20, ""bb_mult"": 1.8, ""kc_length"": 20, ""kc_mult"": 1.5, ""use_true_range"": true, ""min_sqz_bars"": 5}, ""ema"": {""ema_length"": 200}, ""rsi"": {""rsi_length"": 14, ""rsi_ma_length"": 14, ""rsi_smooth"": ""SMA""}, ""sto"": {""stoch_length"": 14, ""smooth_k"": 3, ""smooth_d"": 3}, ""adx"": {""adx_length"": 14, ""adx_threshold"": 25}, ""r&s"": {""srb_left"": 10, ""srb_right"": 10}, ""atr"": {""atr_length"": 14, ""atr_mult"": 1.0, ""atr_smooth"": ""RMA""}, ""mcd"": {""fast_length"": 12, ""slow_length"": 26, ""signal_length"": 9}}",计算机设备,72.15,61.17,16.12,36.33,12.42,13.87,6.87,12.29,11.23,24.04,23.38,25.23,27.48,27.34,22.06,24.83,24.17,28.8,23.38,21.8,23.25,12.55,14.8,18.89,18.63,21.8,21.14,25.23,24.83,26.68,21.4,21.8
2024-09-27,300307,慈星股份,fit,压力释放,7.11-6.08-5.51-5.45,低-低-低,14.46%-9.41%-1.06%,18,10.63,1.12,5.81,4.44,262768.0,3.0,5.38,33,📈ema📈res📉adx📈rsi,bull | 1.06% | 未补,,,100.0 | 97.08 | 1.03 | no,n 86｜s 00｜d 2.00%,3,红暗[-0.04]-红暗[-0.03]-红亮[-0.03]-绿亮[+0.00]-绿亮[+0.03]-绿亮[+0.07],低-低-低-低-高-高,是,70.25,5.52,"{""sqz"": {""bb_length"": 20, ""bb_mult"": 1.8, ""kc_length"": 20, ""kc_mult"": 1.5, ""use_true_range"": true, ""min_sqz_bars"": 5}, ""ema"": {""ema_length"": 200}, ""rsi"": {""rsi_length"": 14, ""rsi_ma_length"": 14, ""rsi_smooth"": ""SMA""}, ""sto"": {""stoch_length"": 14, ""smooth_k"": 3, ""smooth_d"": 3}, ""adx"": {""adx_length"": 14, ""adx_threshold"": 25}, ""r&s"": {""srb_left"": 10, ""srb_right"": 10}, ""atr"": {""atr_length"": 14, ""atr_mult"": 1.0, ""atr_smooth"": ""RMA""}, ""mcd"": {""fast_length"": 12, ""slow_length"": 26, ""signal_length"": 9}}",专用设备,52.12,51.33,15.65,36.05,17.18,17.52,10.54,14.63,20.24,18.2,22.28,23.98,30.1,28.4,25.85,31.8,45.41,51.53,40.82,38.44,37.76,29.25,33.16,35.71,34.01,35.37,36.22,41.84,36.56,39.12,32.65,30.27
2024-09-27,300315,掌趣科技,fit,压力释放,5.07-6.8-5.22-4.38,高-低-低,34.12%-23.24%-16.09%,18,9.23,1.65,4.78,6.94,1702165.0,7.0,4.38,50,📉ema📈res📉adx📈rsi,no | no | 回补,,,100.0 | 96.23 | 1.04 | no,n 93｜s 00｜d 3.28%,0,绿亮[+0.02]-绿亮[+0.03]-绿暗[+0.02]-绿亮[+0.03]-绿亮[+0.04]-绿亮[+0.07],低-低-低-低-高-高,是,75.75,4.8,"{""sqz"": {""bb_length"": 20, ""bb_mult"": 1.8, ""kc_length"": 20, ""kc_mult"": 1.5, ""use_true_range"": true, ""min_sqz_bars"": 5}, ""ema"": {""ema_length"": 200}, ""rsi"": {""rsi_length"": 14, ""rsi_ma_length"": 14, ""rsi_smooth"": ""SMA""}, ""sto"": {""stoch_length"": 14, ""smooth_k"": 3, ""smooth_d"": 3}, ""adx"": {""adx_length"": 14, ""adx_threshold"": 25}, ""r&s"": {""srb_left"": 10, ""srb_right"": 10}, ""atr"": {""atr_length"": 14, ""atr_mult"": 1.0, ""atr_smooth"": ""RMA""}, ""mcd"": {""fast_length"": 12, ""slow_length"": 26, ""signal_length"": 9}}",游戏Ⅱ,132.4,126.31,15.69,30.54,10.46,8.58,2.3,7.11,7.11,7.95,10.46,13.18,17.36,17.36,14.02,12.55,15.48,17.36,14.23,16.32,17.57,10.46,13.81,17.36,27.41,26.15,25.73,30.54,24.48,27.41,22.8,21.97
2024-09-27,300346,南大光电,fit,压力释放,21.5-27.65-26.23-23.08,高-低-低,28.61%-5.13%-11.99%,15,7.78,1.48,25.02,5.94,327959.0,6.0,22.91,9,📈ema📈res📉adx🗒️rsi,bull | 1.91% | 回补,,,100.0 | 91.69 | 1.09 | no,n 86｜s 00｜d 1.79%,0,绿亮[+0.89]-绿亮[+0.91]-绿暗[+0.80]-绿亮[+0.84]-绿暗[+0.84]-绿亮[+0.93],低-低-低-低-高-高,是,69.94,21.71,"{""sqz"": {""bb_length"": 20, ""bb_mult"": 1.8, ""kc_length"": 20, ""kc_mult"": 1.5, ""use_true_range"": true, ""min_sqz_bars"": 5}, ""ema"": {""ema_length"": 200}, ""rsi"": {""rsi_length"": 14, ""rsi_ma_length"": 14, ""rsi_smooth"": ""SMA""}, ""sto"": {""stoch_length"": 14, ""smooth_k"": 3, ""smooth_d"": 3}, ""adx"": {""adx_length"": 14, ""adx_threshold"": 25}, ""r&s"": {""srb_left"": 10, ""srb_right"": 10}, ""atr"": {""atr_length"": 14, ""atr_mult"": 1.0, ""atr_smooth"": ""RMA""}, ""mcd"": {""fast_length"": 12, ""slow_length"": 26, ""signal_length"": 9}}",电子化学品Ⅱ,320.49,304.44,16.78,40.14,39.94,30.0,20.98,28.25,27.59,32.41,30.26,42.15,39.97,40.11,35.98,34.99,34.19,32.94,30.43,31.81,38.02,29.83,34.29,38.45,40.93,48.66,48.89,52.92,48.4,47.67,40.04,33.96
2024-09-27,300347,泰格医药,fit,压力释放,54.42-62.25-57.83-57.96,高-低-高,14.39%-7.10%-0.22%,37,23.54,2.2,58.96,6.64,241075.0,4.0,52.76,8,📈ema📈res📉adx📈rsi,bull | 2.30% | 未补,,,100.0 | 95.48 | 1.05 | no,n 94｜s 00｜d 2.13%,0,绿亮[+0.54]-绿亮[+0.84]-绿亮[+0.93]-绿亮[+1.21]-绿亮[+1.74]-绿亮[+2.38],低-低-低-低-低-低,是,74.55,50.53,"{""sqz"": {""bb_length"": 20, ""bb_mult"": 1.8, ""kc_length"": 20, ""kc_mult"": 1.5, ""use_true_range"": true, ""min_sqz_bars"": 5}, ""ema"": {""ema_length"": 200}, ""rsi"": {""rsi_length"": 14, ""rsi_ma_length"": 14, ""rsi_smooth"": ""SMA""}, ""sto"": {""stoch_length"": 14, ""smooth_k"": 3, ""smooth_d"": 3}, ""adx"": {""adx_length"": 14, ""adx_threshold"": 25}, ""r&s"": {""srb_left"": 10, ""srb_right"": 10}, ""atr"": {""atr_length"": 14, ""atr_mult"": 1.0, ""atr_smooth"": ""RMA""}, ""mcd"": {""fast_length"": 12, ""slow_length"": 26, ""signal_length"": 9}}",医疗服务,460.22,302.64,16.34,33.59,14.38,13.05,6.27,7.62,3.51,1.2,0.71,7.93,11.15,14.52,13.39,12.53,19.83,20.94,16.22,7.88,5.99,5.45,7.72,14.65,12.73,13.71,11.43,15.53,14.57,14.0,9.31,5.21
2024-09-27,300357,我武生物,fit,压力释放,26.47-26.45-27.09-19.87,低-高-低,0.07%-2.40%-26.66%,34,23.47,2.23,20.24,10.08,160971.0,3.0,17.93,6,📉ema📈res📉adx📈rsi,bull | 6.04% | 回补,,,100.0 | 91.3 | 1.1 | no,n 85｜s 00｜d 0.99%,5,红暗[-0.67]-红暗[-0.55]-红暗[-0.49]-红暗[-0.32]-红暗[-0.17]-绿亮[+0.13],低-低-低-低-低-低,是,74.02,22.2,"{""sqz"": {""bb_length"": 20, ""bb_mult"": 1.8, ""kc_length"": 20, ""kc_mult"": 1.5, ""use_true_range"": true, ""min_sqz_bars"": 5}, ""ema"": {""ema_length"": 200}, ""rsi"": {""rsi_length"": 14, ""rsi_ma_length"": 14, ""rsi_smooth"": ""SMA""}, ""sto"": {""stoch_length"": 14, ""smooth_k"": 3, ""smooth_d"": 3}, ""adx"": {""adx_length"": 14, ""adx_threshold"": 25}, ""r&s"": {""srb_left"": 10, ""srb_right"": 10}, ""atr"": {""atr_length"": 14, ""atr_mult"": 1.0, ""atr_smooth"": ""RMA""}, ""mcd"": {""fast_length"": 12, ""slow_length"": 26, ""signal_length"": 9}}",生物制品,133.51,123.44,18.56,40.57,20.36,22.02,13.4,13.83,9.69,6.72,5.26,11.69,13.93,14.13,13.35,21.63,19.97,21.38,17.39,15.83,15.49,11.98,13.98,17.58,16.66,19.68,17.73,20.41,21.87,21.24,17.44,14.22
2024-09-27,300376,易事特,fit,压力释放,6.71-6.27-6.5-2.59,低-高-低,6.54%-3.73%-60.22%,17,12.07,0.95,2.77,9.88,711128.0,3.0,2.44,14,📉ema📈res📉adx🗒️rsi,no | no | 回补,,,100.0 | 92.98 | 1.08 | no,n 59｜s 00｜d 1.18%,0,绿亮[+0.04]-绿暗[+0.04]-绿暗[+0.02]-绿亮[+0.02]-绿亮[+0.02]-绿亮[+0.03],低-低-低-低-低-低,是,68.05,4.58,"{""sqz"": {""bb_length"": 20, ""bb_mult"": 1.8, ""kc_length"": 20, ""kc_mult"": 1.5, ""use_true_range"": true, ""min_sqz_bars"": 5}, ""ema"": {""ema_length"": 200}, ""rsi"": {""rsi_length"": 14, ""rsi_ma_length"": 14, ""rsi_smooth"": ""SMA""}, ""sto"": {""stoch_length"": 14, ""smooth_k"": 3, ""smooth_d"": 3}, ""adx"": {""adx_length"": 14, ""adx_threshold"": 25}, ""r&s"": {""srb_left"": 10, ""srb_right"": 10}, ""atr"": {""atr_length"": 14, ""atr_mult"": 1.0, ""atr_smooth"": ""RMA""}, ""mcd"": {""fast_length"": 12, ""slow_length"": 26, ""signal_length"": 9}}",其他电源设备Ⅱ,148.77,148.72,18.71,42.45,32.73,33.09,22.66,23.74,19.06,12.95,14.39,20.14,21.22,22.66,23.38,20.14,30.22,33.45,33.09,43.17,39.57,31.65,35.97,40.29,39.57,45.32,44.6,48.92,45.32,42.81,38.49,32.37
2024-09-27,300390,天华新能,fit,压力释放,23.82-21.99-20.44-17.2,低-低-低,7.65%-7.07%-15.86%,35,13.31,2.8,19.88,16.35,499751.0,7.0,16.71,18,📈ema📈res📉adx📈rsi,bull | 3.44% | 回补,,,95.86 | 81.33 | 1.18 | no,n 88｜s 00｜d 1.17%,1,绿暗[+0.13]-绿暗[+0.06]-红亮[-0.06]-绿亮[+0.01]-绿亮[+0.10]-绿亮[+0.24],低-低-低-低-低-低,是,77.83,18.77,"{""sqz"": {""bb_length"": 20, ""bb_mult"": 1.8, ""kc_length"": 20, ""kc_mult"": 1.5, ""use_true_range"": true, ""min_sqz_bars"": 5}, ""ema"": {""ema_length"": 200}, ""rsi"": {""rsi_length"": 14, ""rsi_ma_length"": 14, ""rsi_smooth"": ""SMA""}, ""sto"": {""stoch_length"": 14, ""smooth_k"": 3, ""smooth_d"": 3}, ""adx"": {""adx_length"": 14, ""adx_threshold"": 25}, ""r&s"": {""srb_left"": 10, ""srb_right"": 10}, ""atr"": {""atr_length"": 14, ""atr_mult"": 1.0, ""atr_smooth"": ""RMA""}, ""mcd"": {""fast_length"": 12, ""slow_length"": 26, ""signal_length"": 9}}",电池,531.76,430.32,19.98,44.0,24.6,21.54,10.74,14.54,9.77,8.12,6.47,13.9,15.75,17.94,18.42,13.32,21.63,20.18,15.65,12.01,14.49,13.71,14.24,18.77,22.31,23.14,24.36,31.21,49.34,46.18,35.93,27.22
2024-09-27,300432,富临精工,fit,压力释放,5.87-4.74-5.03-5.06,低-高-高,19.25%-6.15%-0.56%,13,12.48,1.68,5.63,7.03,494255.0,4.0,5.03,33,📈ema📈res📈adx📈rsi,bull | 2.78% | 回补,,,96.56 | 85.11 | 1.13 | no,n 75｜s 00｜d 7.87%,0,绿暗[+0.11]-绿暗[+0.07]-绿暗[+0.06]-绿亮[+0.08]-绿亮[+0.10]-绿亮[+0.15],低-低-低-低-高-高,是,75.66,5.44,"{""sqz"": {""bb_length"": 20, ""bb_mult"": 1.8, ""kc_length"": 20, ""kc_mult"": 1.5, ""use_true_range"": true, ""min_sqz_bars"": 5}, ""ema"": {""ema_length"": 200}, ""rsi"": {""rsi_length"": 14, ""rsi_ma_length"": 14, ""rsi_smooth"": ""SMA""}, ""sto"": {""stoch_length"": 14, ""smooth_k"": 3, ""smooth_d"": 3}, ""adx"": {""adx_length"": 14, ""adx_threshold"": 25}, ""r&s"": {""srb_left"": 10, ""srb_right"": 10}, ""atr"": {""atr_length"": 14, ""atr_mult"": 1.0, ""atr_smooth"": ""RMA""}, ""mcd"": {""fast_length"": 12, ""slow_length"": 26, ""signal_length"": 9}}",电池,428.47,423.65,18.06,41.67,28.03,23.74,31.31,29.67,27.4,34.09,29.55,45.96,53.66,47.35,53.28,59.47,68.81,67.3,67.8,62.63,61.99,62.25,94.7,96.21,97.35,92.8,90.66,101.89,95.45,95.71,83.96,78.91
2024-09-27,300444,双杰电气,fit,压力释放,7.78-7.5-6.07-6.01,低-低-低,3.60%-19.07%-0.99%,27,13.83,1.65,6.24,4.87,418387.0,7.0,5.74,11,📈ema📈res📉adx🗒️rsi,no | no | 回补,,,98.62 | 98.62 | 1.0 | no,n 80｜s 00｜d 1.42%,2,红亮[-0.08]-红暗[-0.06]-绿亮[+0.00]-绿亮[+0.06]-绿亮[+0.09]-绿亮[+0.12],低-低-低-低-高-低,否,66.86,6.2,"{""sqz"": {""bb_length"": 20, ""bb_mult"": 1.8, ""kc_length"": 20, ""kc_mult"": 1.5, ""use_true_range"": true, ""min_sqz_bars"": 5}, ""ema"": {""ema_length"": 200}, ""rsi"": {""rsi_length"": 14, ""rsi_ma_length"": 14, ""rsi_smooth"": ""SMA""}, ""sto"": {""stoch_length"": 14, ""smooth_k"": 3, ""smooth_d"": 3}, ""adx"": {""adx_length"": 14, ""adx_threshold"": 25}, ""r&s"": {""srb_left"": 10, ""srb_right"": 10}, ""atr"": {""atr_length"": 14, ""atr_mult"": 1.0, ""atr_smooth"": ""RMA""}, ""mcd"": {""fast_length"": 12, ""slow_length"": 26, ""signal_length"": 9}}",电网设备,110.05,85.64,14.42,29.17,10.42,12.18,6.73,8.97,5.93,5.29,5.77,8.65,11.54,14.74,14.58,11.06,15.38,23.08,17.63,16.35,17.47,10.42,12.82,16.19,16.83,20.35,19.55,22.28,19.87,24.36,25.0,18.59
2024-09-27,300454,深信服,fit,压力释放,57.67-56.36-51.9-48.26,低-低-低,2.27%-7.92%-7.01%,18,13.09,2.79,58.66,19.99,179776.0,7.0,48.19,20,📈ema📈res📉adx📈rsi,bull | 5.92% | 回补,,,100.0 | 92.16 | 1.09 | no,n 82｜s 00｜d 3.65%,6,红亮[-0.85]-红亮[-1.03]-红亮[-1.30]-红暗[-1.22]-红暗[-0.81]-红暗[-0.09],低-低-低-低-低-高,是,80.46,57.09,"{""sqz"": {""bb_length"": 20, ""bb_mult"": 1.8, ""kc_length"": 20, ""kc_mult"": 1.5, ""use_true_range"": true, ""min_sqz_bars"": 5}, ""ema"": {""ema_length"": 200}, ""rsi"": {""rsi_length"": 14, ""rsi_ma_length"": 14, ""rsi_smooth"": ""SMA""}, ""sto"": {""stoch_length"": 14, ""smooth_k"": 3, ""smooth_d"": 3}, ""adx"": {""adx_length"": 14, ""adx_threshold"": 25}, ""r&s"": {""srb_left"": 10, ""srb_right"": 10}, ""atr"": {""atr_length"": 14, ""atr_mult"": 1.0, ""atr_smooth"": ""RMA""}, ""mcd"": {""fast_length"": 12, ""slow_length"": 26, ""signal_length"": 9}}",软件开发,448.99,299.64,19.68,43.59,17.46,11.55,5.71,12.9,8.72,7.27,12.52,17.21,15.62,13.94,12.1,8.88,13.24,15.43,12.01,11.69,12.42,6.97,9.98,14.89,15.47,19.51,18.4,25.28,21.4,23.08,18.06,14.65
2024-09-27,300459,汤姆猫,fit,压力释放,5.24-4.66-3.72-3.68,低-低-低,11.07%-20.17%-1.08%,29,14.29,1.37,4.05,8.0,2691323.0,8.0,3.67,60,📉ema📈res📉adx📈rsi,no | no | 回补,,,100.0 | 98.9 | 1.01 | no,n 86｜s 00｜d 2.94%,0,绿亮[+0.03]-绿亮[+0.05]-绿亮[+0.05]-绿亮[+0.08]-绿亮[+0.09]-绿亮[+0.13],低-低-低-低-高-高,是,77.58,4.08,"{""sqz"": {""bb_length"": 20, ""bb_mult"": 1.8, ""kc_length"": 20, ""kc_mult"": 1.5, ""use_true_range"": true, ""min_sqz_bars"": 5}, ""ema"": {""ema_length"": 200}, ""rsi"": {""rsi_length"": 14, ""rsi_ma_length"": 14, ""rsi_smooth"": ""SMA""}, ""sto"": {""stoch_length"": 14, ""smooth_k"": 3, ""smooth_d"": 3}, ""adx"": {""adx_length"": 14, ""adx_threshold"": 25}, ""r&s"": {""srb_left"": 10, ""srb_right"": 10}, ""atr"": {""atr_length"": 14, ""atr_mult"": 1.0, ""atr_smooth"": ""RMA""}, ""mcd"": {""fast_length"": 12, ""slow_length"": 26, ""signal_length"": 9}}",游戏Ⅱ,146.96,137.4,18.77,39.75,14.81,13.83,5.93,10.12,14.07,18.27,22.47,23.21,26.91,26.17,21.23,19.51,23.21,27.16,22.96,21.48,27.9,19.75,23.46,27.65,31.85,32.84,31.85,44.94,36.79,40.25,34.81,37.53
2024-09-27,300541,先进数通,fit,压力释放,12.47-9.77-8.45-9.43,低-低-高,21.70%-13.50%-11.58%,18,17.41,1.84,10.04,6.91,405058.0,11.0,9.01,11,📈ema📈res📉adx📈rsi,no | no | 回补,,,100.0 | 90.52 | 1.1 | no,n 75｜s 00｜d 3.01%,4,红亮[-0.02]-红亮[-0.04]-红亮[-0.09]-红暗[-0.04]-绿亮[+0.02]-绿亮[+0.11],低-低-低-低-高-低,是,71.01,9.67,"{""sqz"": {""bb_length"": 20, ""bb_mult"": 1.8, ""kc_length"": 20, ""kc_mult"": 1.5, ""use_true_range"": true, ""min_sqz_bars"": 5}, ""ema"": {""ema_length"": 200}, ""rsi"": {""rsi_length"": 14, ""rsi_ma_length"": 14, ""rsi_smooth"": ""SMA""}, ""sto"": {""stoch_length"": 14, ""smooth_k"": 3, ""smooth_d"": 3}, ""adx"": {""adx_length"": 14, ""adx_threshold"": 25}, ""r&s"": {""srb_left"": 10, ""srb_right"": 10}, ""atr"": {""atr_length"": 14, ""atr_mult"": 1.0, ""atr_smooth"": ""RMA""}, ""mcd"": {""fast_length"": 12, ""slow_length"": 26, ""signal_length"": 9}}",IT服务Ⅱ,59.3,53.31,18.91,42.69,34.53,25.47,27.56,33.53,31.54,38.21,35.52,41.39,51.74,34.83,28.16,27.66,28.66,33.73,35.62,38.61,39.9,25.17,27.16,31.74,31.34,40.8,38.01,42.29,42.29,41.49,41.59,36.22
2024-09-27,300548,长芯博创,fit,压力释放,24.85-24.16-20.13-19.39,低-低-低,2.76%-16.69%-3.67%,27,18.57,1.18,19.49,5.75,141250.0,6.0,17.94,31,📉ema📈res📉adx📈rsi,bull | 1.09% | 回补,,,100.0 | 100.0 | 1.0 | no,n 96｜s 00｜d 4.52%,3,红暗[-0.41]-红暗[-0.30]-红暗[-0.18]-绿亮[+0.04]-绿亮[+0.19]-绿亮[+0.36],低-低-低-低-低-低,是,70.03,22.28,"{""sqz"": {""bb_length"": 20, ""bb_mult"": 1.8, ""kc_length"": 20, ""kc_mult"": 1.5, ""use_true_range"": true, ""min_sqz_bars"": 5}, ""ema"": {""ema_length"": 200}, ""rsi"": {""rsi_length"": 14, ""rsi_ma_length"": 14, ""rsi_smooth"": ""SMA""}, ""sto"": {""stoch_length"": 14, ""smooth_k"": 3, ""smooth_d"": 3}, ""adx"": {""adx_length"": 14, ""adx_threshold"": 25}, ""r&s"": {""srb_left"": 10, ""srb_right"": 10}, ""atr"": {""atr_length"": 14, ""atr_mult"": 1.0, ""atr_smooth"": ""RMA""}, ""mcd"": {""fast_length"": 12, ""slow_length"": 26, ""signal_length"": 9}}",通信设备,439.4,405.8,15.17,33.26,13.17,12.71,5.54,9.99,8.76,9.48,10.92,17.73,24.3,24.19,24.24,24.5,26.55,31.06,27.52,37.62,33.83,24.3,26.09,27.52,25.63,26.91,29.16,36.85,31.11,31.21,25.53,20.6
2024-09-27,300580,贝斯特,fit,压力释放,18.64-15.09-14.96-13.92,低-低-低,19.04%-0.85%-6.95%,14,13.77,1.53,15.4,5.3,350529.0,7.0,13.56,8,📉ema📈res📉adx🗒️rsi,bull | 1.78% | 未补,,,100.0 | 89.03 | 1.12 | no,n 85｜s 00｜d 1.87%,5,红暗[-0.24]-红亮[-0.24]-红亮[-0.28]-红暗[-0.20]-红暗[-0.12]-绿亮[+0.09],低-低-低-低-高-高,是,68.67,16.57,"{""sqz"": {""bb_length"": 20, ""bb_mult"": 1.8, ""kc_length"": 20, ""kc_mult"": 1.5, ""use_true_range"": true, ""min_sqz_bars"": 5}, ""ema"": {""ema_length"": 200}, ""rsi"": {""rsi_length"": 14, ""rsi_ma_length"": 14, ""rsi_smooth"": ""SMA""}, ""sto"": {""stoch_length"": 14, ""smooth_k"": 3, ""smooth_d"": 3}, ""adx"": {""adx_length"": 14, ""adx_threshold"": 25}, ""r&s"": {""srb_left"": 10, ""srb_right"": 10}, ""atr"": {""atr_length"": 14, ""atr_mult"": 1.0, ""atr_smooth"": ""RMA""}, ""mcd"": {""fast_length"": 12, ""slow_length"": 26, ""signal_length"": 9}}",汽车零部件,107.85,101.47,15.03,29.48,14.52,11.1,1.03,3.61,1.94,-1.1,1.03,8.71,9.23,13.87,9.29,10.13,9.48,10.26,8.39,9.68,10.45,13.42,27.81,31.48,27.74,24.26,24.52,41.03,40.39,40.84,32.58,25.74
2024-09-27,300587,天铁科技,fit,压力释放,4.58-5.15-4.15-3.85,高-低-低,12.39%-19.34%-7.19%,18,9.32,1.49,4.24,8.4,320934.0,3.0,3.8,19,📉ema📈res📉adx📈rsi,bull | 2.33% | 回补,,,100.0 | 90.55 | 1.1 | no,n 92｜s 00｜d 2.47%,5,红暗[-0.02]-红亮[-0.02]-红亮[-0.05]-红暗[-0.04]-红暗[-0.02]-绿亮[+0.02],低-低-低-低-低-高,是,72.29,4.41,"{""sqz"": {""bb_length"": 20, ""bb_mult"": 1.8, ""kc_length"": 20, ""kc_mult"": 1.5, ""use_true_range"": true, ""min_sqz_bars"": 5}, ""ema"": {""ema_length"": 200}, ""rsi"": {""rsi_length"": 14, ""rsi_ma_length"": 14, ""rsi_smooth"": ""SMA""}, ""sto"": {""stoch_length"": 14, ""smooth_k"": 3, ""smooth_d"": 3}, ""adx"": {""adx_length"": 14, ""adx_threshold"": 25}, ""r&s"": {""srb_left"": 10, ""srb_right"": 10}, ""atr"": {""atr_length"": 14, ""atr_mult"": 1.0, ""atr_smooth"": ""RMA""}, ""mcd"": {""fast_length"": 12, ""slow_length"": 26, ""signal_length"": 9}}",橡胶,74.65,60.49,16.67,37.32,26.06,20.19,11.27,14.08,10.09,9.62,6.81,10.56,13.15,12.68,17.14,14.55,21.83,20.89,16.9,16.2,16.67,12.21,15.02,18.54,18.08,22.77,22.54,23.47,22.77,22.07,16.43,12.21
2024-09-27,300620,光库科技,fit,压力释放,61.36-47.23-41.9-34.92,低-低-低,23.03%-11.29%-16.67%,26,14.38,1.27,36.35,5.93,101588.0,4.0,33.18,29,📉ema📈res📉adx🗒️rsi,bull | 1.85% | 回补,,,100.0 | 91.16 | 1.1 | no,n 96｜s 00｜d 2.03%,6,红亮[-1.13]-红亮[-1.26]-红亮[-1.28]-红暗[-0.96]-红暗[-0.63]-红暗[-0.18],低-低-低-低-低-低,是,67.65,40.31,"{""sqz"": {""bb_length"": 20, ""bb_mult"": 1.8, ""kc_length"": 20, ""kc_mult"": 1.5, ""use_true_range"": true, ""min_sqz_bars"": 5}, ""ema"": {""ema_length"": 200}, ""rsi"": {""rsi_length"": 14, ""rsi_ma_length"": 14, ""rsi_smooth"": ""SMA""}, ""sto"": {""stoch_length"": 14, ""smooth_k"": 3, ""smooth_d"": 3}, ""adx"": {""adx_length"": 14, ""adx_threshold"": 25}, ""r&s"": {""srb_left"": 10, ""srb_right"": 10}, ""atr"": {""atr_length"": 14, ""atr_mult"": 1.0, ""atr_smooth"": ""RMA""}, ""mcd"": {""fast_length"": 12, ""slow_length"": 26, ""signal_length"": 9}}",通信设备,484.58,480.54,15.7,37.51,19.29,16.79,8.67,13.61,11.8,9.55,10.57,17.81,24.78,34.44,42.1,40.48,55.02,50.27,40.37,40.92,40.42,31.72,35.26,41.14,39.35,40.83,41.71,47.61,43.99,44.57,38.25,33.12
2024-09-27,300660,江苏雷利,fit,压力释放,20.65-21.3-19.9-17.65,高-低-低,3.17%-6.57%-11.31%,39,14.93,1.64,18.22,5.07,80920.0,3.0,16.82,19,📈ema📈res📉adx📈rsi,bull | 1.35% | 回补,,,99.3 | 89.47 | 1.11 | no,n 92｜s 00｜d 1.38%,0,绿亮[+0.38]-绿亮[+0.38]-绿暗[+0.29]-绿亮[+0.31]-绿暗[+0.31]-绿亮[+0.36],低-低-低-低-低-低,是,70.2,18.02,"{""sqz"": {""bb_length"": 20, ""bb_mult"": 1.8, ""kc_length"": 20, ""kc_mult"": 1.5, ""use_true_range"": true, ""min_sqz_bars"": 5}, ""ema"": {""ema_length"": 200}, ""rsi"": {""rsi_length"": 14, ""rsi_ma_length"": 14, ""rsi_smooth"": ""SMA""}, ""sto"": {""stoch_length"": 14, ""smooth_k"": 3, ""smooth_d"": 3}, ""adx"": {""adx_length"": 14, ""adx_threshold"": 25}, ""r&s"": {""srb_left"": 10, ""srb_right"": 10}, ""atr"": {""atr_length"": 14, ""atr_mult"": 1.0, ""atr_smooth"": ""RMA""}, ""mcd"": {""fast_length"": 12, ""slow_length"": 26, ""signal_length"": 9}}",电机Ⅱ,190.08,189.93,12.59,26.87,12.36,11.35,5.09,8.01,5.99,5.75,4.98,11.74,13.53,15.94,15.2,13.68,13.92,13.26,12.87,11.51,11.93,8.4,19.71,25.89,22.98,21.69,21.19,25.58,22.59,22.47,19.21,16.37
2024-09-27,300669,沪宁股份,fit,压力释放,14.6-15.49-13.14-12.87,高-低-低,6.09%-15.14%-2.05%,15,7.39,1.91,13.94,4.95,18719.0,1.0,12.9,40,📈ema📈res📉adx📈rsi,no | no | 回补,,,100.0 | 90.19 | 1.11 | no,n 81｜s 00｜d 3.06%,0,绿暗[+0.23]-绿暗[+0.20]-绿暗[+0.14]-绿亮[+0.18]-绿亮[+0.23]-绿亮[+0.28],低-低-低-高-高-高,是,76.69,13.42,"{""sqz"": {""bb_length"": 20, ""bb_mult"": 1.8, ""kc_length"": 20, ""kc_mult"": 1.5, ""use_true_range"": true, ""min_sqz_bars"": 5}, ""ema"": {""ema_length"": 200}, ""rsi"": {""rsi_length"": 14, ""rsi_ma_length"": 14, ""rsi_smooth"": ""SMA""}, ""sto"": {""stoch_length"": 14, ""smooth_k"": 3, ""smooth_d"": 3}, ""adx"": {""adx_length"": 14, ""adx_threshold"": 25}, ""r&s"": {""srb_left"": 10, ""srb_right"": 10}, ""atr"": {""atr_length"": 14, ""atr_mult"": 1.0, ""atr_smooth"": ""RMA""}, ""mcd"": {""fast_length"": 12, ""slow_length"": 26, ""signal_length"": 9}}",专用设备,59.33,56.19,13.71,19.86,10.14,10.21,5.0,5.5,6.0,7.71,11.14,14.29,13.36,20.93,20.07,25.07,29.43,45.21,44.64,48.21,59.43,50.64,48.43,54.29,54.79,57.14,61.0,61.36,60.43,62.5,60.14,53.43
2024-09-27,300682,朗新科技,fit,一直释放,13.1-10.78-8.62-9.13,低-低-高,17.70%-20.05%-5.95%,13,10.37,1.17,9.94,7.23,313622.0,3.0,8.99,26,📉ema📈res📈adx📈rsi,bull | 1.39% | 回补,,,92.06 | 71.81 | 1.28 | no,n 51｜s 00｜d 8.41%,0,绿暗[+0.75]-绿暗[+0.70]-绿暗[+0.59]-绿暗[+0.56]-绿暗[+0.54]-绿暗[+0.53],低-低-低-低-高-高,是,74.77,10.58,"{""sqz"": {""bb_length"": 20, ""bb_mult"": 1.8, ""kc_length"": 20, ""kc_mult"": 1.5, ""use_true_range"": true, ""min_sqz_bars"": 5}, ""ema"": {""ema_length"": 200}, ""rsi"": {""rsi_length"": 14, ""rsi_ma_length"": 14, ""rsi_smooth"": ""SMA""}, ""sto"": {""stoch_length"": 14, ""smooth_k"": 3, ""smooth_d"": 3}, ""adx"": {""adx_length"": 14, ""adx_threshold"": 25}, ""r&s"": {""srb_left"": 10, ""srb_right"": 10}, ""atr"": {""atr_length"": 14, ""atr_mult"": 1.0, ""atr_smooth"": ""RMA""}, ""mcd"": {""fast_length"": 12, ""slow_length"": 26, ""signal_length"": 9}}",IT服务Ⅱ,176.83,169.26,18.45,39.68,20.44,20.14,11.51,17.66,13.29,12.1,12.4,16.37,14.88,14.09,14.58,13.0,19.74,21.92,17.86,18.15,22.22,14.19,17.66,26.29,24.5,26.59,28.37,51.19,55.26,44.94,41.47,36.61
2024-09-27,300699,光威复材,fit,压力释放,27.55-28.09-28.41-27.62,高-高-低,1.97%-1.16%-2.80%,18,10.25,1.24,28.91,6.91,216687.0,3.0,26.65,6,📈ema📈res📉adx🗒️rsi,bull | 3.02% | 回补,,,76.96 | 54.42 | 1.41 | no,n 80｜s 34｜d 0.33%,3,绿暗[+0.49]-绿暗[+0.31]-绿暗[+0.03]-红亮[-0.11]-红亮[-0.31]-红暗[-0.29],低-低-低-低-低-低,是,67.02,25.89,"{""sqz"": {""bb_length"": 20, ""bb_mult"": 1.8, ""kc_length"": 20, ""kc_mult"": 1.5, ""use_true_range"": true, ""min_sqz_bars"": 5}, ""ema"": {""ema_length"": 200}, ""rsi"": {""rsi_length"": 14, ""rsi_ma_length"": 14, ""rsi_smooth"": ""SMA""}, ""sto"": {""stoch_length"": 14, ""smooth_k"": 3, ""smooth_d"": 3}, ""adx"": {""adx_length"": 14, ""adx_threshold"": 25}, ""r&s"": {""srb_left"": 10, ""srb_right"": 10}, ""atr"": {""atr_length"": 14, ""atr_mult"": 1.0, ""atr_smooth"": ""RMA""}, ""mcd"": {""fast_length"": 12, ""slow_length"": 26, ""signal_length"": 9}}",航空装备Ⅱ,278.25,274.94,12.05,26.28,10.18,7.93,5.34,10.65,9.16,8.61,9.39,14.67,18.11,17.02,18.72,18.11,21.61,23.86,18.79,18.92,18.99,13.78,21.72,28.52,28.28,25.63,29.95,34.04,27.6,26.92,23.62,18.99
2024-09-27,300712,永福股份,fit,压力释放,26.11-29.24-22.57-21.16,高-低-低,11.98%-22.83%-6.23%,33,31.09,1.93,21.29,9.04,36343.0,2.0,19.0,19,📉ema📈res📈adx🗒️rsi,bull | 1.38% | 回补,,,100.0 | 88.42 | 1.13 | no,n 87｜s 00｜d 3.33%,6,红亮[-0.01]-红亮[-0.10]-红亮[-0.23]-红亮[-0.26]-红暗[-0.14]-红暗[-0.01],低-低-低-低-低-低,是,69.28,22.4,"{""sqz"": {""bb_length"": 20, ""bb_mult"": 1.8, ""kc_length"": 20, ""kc_mult"": 1.5, ""use_true_range"": true, ""min_sqz_bars"": 5}, ""ema"": {""ema_length"": 200}, ""rsi"": {""rsi_length"": 14, ""rsi_ma_length"": 14, ""rsi_smooth"": ""SMA""}, ""sto"": {""stoch_length"": 14, ""smooth_k"": 3, ""smooth_d"": 3}, ""adx"": {""adx_length"": 14, ""adx_threshold"": 25}, ""r&s"": {""srb_left"": 10, ""srb_right"": 10}, ""atr"": {""atr_length"": 14, ""atr_mult"": 1.0, ""atr_smooth"": ""RMA""}, ""mcd"": {""fast_length"": 12, ""slow_length"": 26, ""signal_length"": 9}}",专业工程,57.46,57.22,15.93,33.04,13.54,15.79,9.28,14.76,10.87,9.56,9.51,13.26,14.25,14.71,17.24,15.14,21.18,18.79,15.75,14.2,16.49,11.43,13.5,18.32,16.96,19.96,19.03,25.49,23.06,47.66,48.64,33.04
2024-09-27,300738,奥飞数据,fit,压力释放,15.14-12.85-10.73-10.3,低-低-低,15.15%-16.45%-4.10%,39,21.46,1.59,10.36,8.13,615657.0,6.0,9.34,18,📈ema📈res📉adx📈rsi,no | no | 回补,,,100.0 | 98.95 | 1.01 | no,n 97｜s 00｜d 2.01%,0,绿亮[+0.08]-绿亮[+0.12]-绿亮[+0.13]-绿亮[+0.19]-绿亮[+0.22]-绿亮[+0.27],低-低-低-低-低-低,是,73.58,10.03,"{""sqz"": {""bb_length"": 20, ""bb_mult"": 1.8, ""kc_length"": 20, ""kc_mult"": 1.5, ""use_true_range"": true, ""min_sqz_bars"": 5}, ""ema"": {""ema_length"": 200}, ""rsi"": {""rsi_length"": 14, ""rsi_ma_length"": 14, ""rsi_smooth"": ""SMA""}, ""sto"": {""stoch_length"": 14, ""smooth_k"": 3, ""smooth_d"": 3}, ""adx"": {""adx_length"": 14, ""adx_threshold"": 25}, ""r&s"": {""srb_left"": 10, ""srb_right"": 10}, ""atr"": {""atr_length"": 14, ""atr_mult"": 1.0, ""atr_smooth"": ""RMA""}, ""mcd"": {""fast_length"": 12, ""slow_length"": 26, ""signal_length"": 9}}",通信服务,215.26,215.2,14.85,34.23,12.83,16.68,8.49,15.14,11.67,13.21,13.31,18.03,23.24,21.41,21.6,23.05,23.63,22.85,23.92,22.18,22.28,14.75,16.3,23.05,21.41,24.69,24.98,31.63,27.77,31.34,26.62,25.65
2024-09-27,300749,顶固集创,fit,压力释放,7.09-7.87-7.16-5.56,高-低-低,10.94%-8.98%-22.34%,18,13.47,1.17,5.8,3.2,93037.0,6.0,5.31,26,📉ema📈res📉adx🗒️rsi,no | no | 回补,,,100.0 | 97.41 | 1.03 | no,n 80｜s 00｜d 1.57%,0,绿亮[+0.00]-绿亮[+0.01]-绿亮[+0.02]-绿亮[+0.02]-绿亮[+0.05]-绿亮[+0.10],低-低-低-低-低-高,是,69.93,6.4,"{""sqz"": {""bb_length"": 20, ""bb_mult"": 1.8, ""kc_length"": 20, ""kc_mult"": 1.5, ""use_true_range"": true, ""min_sqz_bars"": 5}, ""ema"": {""ema_length"": 200}, ""rsi"": {""rsi_length"": 14, ""rsi_ma_length"": 14, ""rsi_smooth"": ""SMA""}, ""sto"": {""stoch_length"": 14, ""smooth_k"": 3, ""smooth_d"": 3}, ""adx"": {""adx_length"": 14, ""adx_threshold"": 25}, ""r&s"": {""srb_left"": 10, ""srb_right"": 10}, ""atr"": {""atr_length"": 14, ""atr_mult"": 1.0, ""atr_smooth"": ""RMA""}, ""mcd"": {""fast_length"": 12, ""slow_length"": 26, ""signal_length"": 9}}",家居用品,66.62,51.11,11.72,22.24,3.79,6.38,2.59,5.86,5.0,9.48,7.07,8.1,8.45,9.48,9.83,9.31,12.07,15.52,12.41,11.9,14.48,9.31,11.72,14.48,15.34,18.79,17.07,21.38,21.55,21.9,18.45,14.14
2024-09-27,300748,金力永磁,fit,压力释放,16.94-15.11-13.89-12.06,低-低-低,10.81%-8.04%-13.17%,39,22.82,3.44,12.18,9.74,405844.0,4.0,10.89,9,📉ema📈res📈adx📈rsi,bull | 2.95% | 回补,,,100.0 | 95.19 | 1.05 | no,n 85｜s 00｜d 1.45%,3,红暗[-0.09]-红暗[-0.05]-红暗[-0.04]-绿亮[+0.03]-绿亮[+0.09]-绿亮[+0.20],低-低-低-低-低-低,是,73.2,14.28,"{""sqz"": {""bb_length"": 20, ""bb_mult"": 1.8, ""kc_length"": 20, ""kc_mult"": 1.5, ""use_true_range"": true, ""min_sqz_bars"": 5}, ""ema"": {""ema_length"": 200}, ""rsi"": {""rsi_length"": 14, ""rsi_ma_length"": 14, ""rsi_smooth"": ""SMA""}, ""sto"": {""stoch_length"": 14, ""smooth_k"": 3, ""smooth_d"": 3}, ""adx"": {""adx_length"": 14, ""adx_threshold"": 25}, ""r&s"": {""srb_left"": 10, ""srb_right"": 10}, ""atr"": {""atr_length"": 14, ""atr_mult"": 1.0, ""atr_smooth"": ""RMA""}, ""mcd"": {""fast_length"": 12, ""slow_length"": 26, ""signal_length"": 9}}",金属新材料,428.91,352.34,17.3,33.96,14.46,13.81,7.64,11.05,7.55,7.15,6.09,12.02,19.74,25.75,28.19,25.83,35.66,45.82,42.49,42.57,39.89,67.83,70.19,88.95,99.76,91.31,78.88,83.27,78.88,81.23,67.91,59.71
2024-09-27,300766,每日互动,fit,压力释放,16.27-13.75-9.9-11.06,低-低-高,15.49%-28.00%-11.72%,17,18.67,1.29,11.95,8.83,327616.0,9.0,10.5,6,📈ema📈res📈adx📈rsi,no | no | 回补,,,100.0 | 89.61 | 1.12 | no,n 72｜s 00｜d 3.49%,0,绿暗[+0.29]-绿暗[+0.27]-绿暗[+0.25]-绿亮[+0.26]-绿亮[+0.26]-绿亮[+0.35],低-低-低-低-高-低,否,73.07,11.78,"{""sqz"": {""bb_length"": 20, ""bb_mult"": 1.8, ""kc_length"": 20, ""kc_mult"": 1.5, ""use_true_range"": true, ""min_sqz_bars"": 5}, ""ema"": {""ema_length"": 200}, ""rsi"": {""rsi_length"": 14, ""rsi_ma_length"": 14, ""rsi_smooth"": ""SMA""}, ""sto"": {""stoch_length"": 14, ""smooth_k"": 3, ""smooth_d"": 3}, ""adx"": {""adx_length"": 14, ""adx_threshold"": 25}, ""r&s"": {""srb_left"": 10, ""srb_right"": 10}, ""atr"": {""atr_length"": 14, ""atr_mult"": 1.0, ""atr_smooth"": ""RMA""}, ""mcd"": {""fast_length"": 12, ""slow_length"": 26, ""signal_length"": 9}}",软件开发,134.93,122.45,18.33,42.01,20.08,21.0,12.05,19.67,16.32,18.83,18.41,23.68,30.04,25.61,24.69,21.84,23.26,27.62,21.51,30.04,33.56,17.82,17.91,23.51,23.85,26.69,24.69,35.15,29.29,32.05,29.12,34.9
2024-09-27,300777,中简科技,fit,压力释放,33.12-29.05-27.3-22.68,低-低-低,12.28%-6.02%-16.93%,38,18.61,1.46,24.39,11.04,165884.0,4.0,21.46,12,📈ema📈res📉adx📈rsi,bull | 3.94% | 回补,,,100.0 | 95.62 | 1.05 | no,n 76｜s 00｜d 2.04%,0,绿亮[+0.80]-绿亮[+0.90]-绿暗[+0.89]-绿亮[+0.95]-绿亮[+0.97]-绿亮[+1.11],低-低-低-低-低-低,是,79.51,23.97,"{""sqz"": {""bb_length"": 20, ""bb_mult"": 1.8, ""kc_length"": 20, ""kc_mult"": 1.5, ""use_true_range"": true, ""min_sqz_bars"": 5}, ""ema"": {""ema_length"": 200}, ""rsi"": {""rsi_length"": 14, ""rsi_ma_length"": 14, ""rsi_smooth"": ""SMA""}, ""sto"": {""stoch_length"": 14, ""smooth_k"": 3, ""smooth_d"": 3}, ""adx"": {""adx_length"": 14, ""adx_threshold"": 25}, ""r&s"": {""srb_left"": 10, ""srb_right"": 10}, ""atr"": {""atr_length"": 14, ""atr_mult"": 1.0, ""atr_smooth"": ""RMA""}, ""mcd"": {""fast_length"": 12, ""slow_length"": 26, ""signal_length"": 9}}",航空装备Ⅱ,156.14,150.43,13.04,30.73,9.49,8.6,5.13,9.21,6.89,6.28,6.6,9.41,16.99,14.75,19.6,18.09,31.46,29.87,24.69,24.25,25.84,22.17,15.12,22.09,23.11,25.1,25.35,33.5,28.52,29.63,24.86,19.32
2024-09-27,300814,中富电路,fit,压力释放,38.17-34.85-34.26-24.64,低-低-低,8.69%-1.68%-28.10%,11,10.51,1.11,26.12,6.46,53509.0,3.0,23.8,19,📉ema📈res📉adx🗒️rsi,bull | 1.51% | 回补,,,100.0 | 90.99 | 1.1 | no,n 98｜s 00｜d 0.90%,0,绿暗[+0.36]-绿暗[+0.28]-绿暗[+0.13]-绿亮[+0.16]-绿亮[+0.19]-绿亮[+0.27],低-低-低-低-低-低,否,68.13,28.57,"{""sqz"": {""bb_length"": 20, ""bb_mult"": 1.8, ""kc_length"": 20, ""kc_mult"": 1.5, ""use_true_range"": true, ""min_sqz_bars"": 5}, ""ema"": {""ema_length"": 200}, ""rsi"": {""rsi_length"": 14, ""rsi_ma_length"": 14, ""rsi_smooth"": ""SMA""}, ""sto"": {""stoch_length"": 14, ""smooth_k"": 3, ""smooth_d"": 3}, ""adx"": {""adx_length"": 14, ""adx_threshold"": 25}, ""r&s"": {""srb_left"": 10, ""srb_right"": 10}, ""atr"": {""atr_length"": 14, ""atr_mult"": 1.0, ""atr_smooth"": ""RMA""}, ""mcd"": {""fast_length"": 12, ""slow_length"": 26, ""signal_length"": 9}}",元件,160.15,160.15,16.72,40.08,18.51,19.08,12.33,19.31,20.5,19.47,22.86,29.05,37.79,31.6,26.72,28.63,27.37,26.22,22.9,24.01,26.53,15.34,19.77,24.39,23.02,23.74,25.69,32.06,29.81,28.74,23.66,19.05
2024-09-27,300815,玉禾田,fit,一直释放,13.33-14.06-12.26-12.33,高-低-高,5.44%-12.78%-0.56%,30,17.42,2.64,12.34,4.67,68258.0,2.0,11.6,23,📉ema📈res📈adx🗒️rsi,bull | 2.28% | 回补,,,100.0 | 95.1 | 1.05 | no,n 58｜s 00｜d 5.20%,6,红暗[-0.39]-红暗[-0.38]-红暗[-0.37]-红暗[-0.29]-红暗[-0.18]-红暗[-0.04],低-低-低-低-低-低,是,69.82,12.49,"{""sqz"": {""bb_length"": 20, ""bb_mult"": 1.8, ""kc_length"": 20, ""kc_mult"": 1.5, ""use_true_range"": true, ""min_sqz_bars"": 5}, ""ema"": {""ema_length"": 200}, ""rsi"": {""rsi_length"": 14, ""rsi_ma_length"": 14, ""rsi_smooth"": ""SMA""}, ""sto"": {""stoch_length"": 14, ""smooth_k"": 3, ""smooth_d"": 3}, ""adx"": {""adx_length"": 14, ""adx_threshold"": 25}, ""r&s"": {""srb_left"": 10, ""srb_right"": 10}, ""atr"": {""atr_length"": 14, ""atr_mult"": 1.0, ""atr_smooth"": ""RMA""}, ""mcd"": {""fast_length"": 12, ""slow_length"": 26, ""signal_length"": 9}}",环境治理,82.83,81.12,14.1,27.89,12.11,18.41,13.07,20.8,16.73,14.66,14.1,17.53,16.57,17.45,16.73,14.74,14.66,23.43,23.98,20.08,21.12,17.61,22.15,24.7,24.14,29.08,28.92,47.89,41.91,40.32,33.47,28.92
2024-09-27,300819,聚杰微纤,fit,压力释放,12.46-12.75-17.02-11.31,高-高-低,2.31%-33.48%-33.53%,39,17.23,1.07,11.42,4.78,27110.0,2.0,10.62,13,📉ema📈res📉adx🗒️rsi,no | no | 未补,,,100.0 | 97.0 | 1.03 | no,n 74｜s 00｜d 1.25%,0,绿亮[+0.07]-绿暗[+0.06]-绿暗[+0.04]-绿亮[+0.06]-绿亮[+0.09]-绿亮[+0.14],低-低-低-低-低-低,是,67.57,12.09,"{""sqz"": {""bb_length"": 20, ""bb_mult"": 1.8, ""kc_length"": 20, ""kc_mult"": 1.5, ""use_true_range"": true, ""min_sqz_bars"": 5}, ""ema"": {""ema_length"": 200}, ""rsi"": {""rsi_length"": 14, ""rsi_ma_length"": 14, ""rsi_smooth"": ""SMA""}, ""sto"": {""stoch_length"": 14, ""smooth_k"": 3, ""smooth_d"": 3}, ""adx"": {""adx_length"": 14, ""adx_threshold"": 25}, ""r&s"": {""srb_left"": 10, ""srb_right"": 10}, ""atr"": {""atr_length"": 14, ""atr_mult"": 1.0, ""atr_smooth"": ""RMA""}, ""mcd"": {""fast_length"": 12, ""slow_length"": 26, ""signal_length"": 9}}",纺织制造,58.53,52.87,11.37,24.2,11.11,12.66,8.27,10.16,8.7,10.59,9.39,11.28,10.77,11.46,12.49,9.39,11.28,13.7,10.51,8.7,8.53,3.88,6.89,8.96,9.65,13.18,13.26,14.81,14.56,16.88,12.66,18.52
2024-09-27,300821,东岳硅材,fit,压力释放,7.97-8.48-8.92-6.94,高-高-低,6.39%-5.18%-22.17%,39,16.03,1.8,7.14,6.4,126881.0,1.0,6.57,11,📉ema📈res📈adx📈rsi,bull | 2.26% | 回补,,,100.0 | 92.37 | 1.08 | no,n 80｜s 00｜d 1.27%,5,红暗[-0.04]-红亮[-0.05]-红亮[-0.08]-红暗[-0.05]-红暗[-0.01]-绿亮[+0.05],低-低-低-低-低-低,是,72.67,7.34,"{""sqz"": {""bb_length"": 20, ""bb_mult"": 1.8, ""kc_length"": 20, ""kc_mult"": 1.5, ""use_true_range"": true, ""min_sqz_bars"": 5}, ""ema"": {""ema_length"": 200}, ""rsi"": {""rsi_length"": 14, ""rsi_ma_length"": 14, ""rsi_smooth"": ""SMA""}, ""sto"": {""stoch_length"": 14, ""smooth_k"": 3, ""smooth_d"": 3}, ""adx"": {""adx_length"": 14, ""adx_threshold"": 25}, ""r&s"": {""srb_left"": 10, ""srb_right"": 10}, ""atr"": {""atr_length"": 14, ""atr_mult"": 1.0, ""atr_smooth"": ""RMA""}, ""mcd"": {""fast_length"": 12, ""slow_length"": 26, ""signal_length"": 9}}",化学制品,137.16,137.14,15.24,30.21,19.72,16.64,9.23,10.91,8.11,8.53,6.85,11.33,13.15,13.29,18.04,15.24,21.96,21.68,17.9,17.2,18.6,14.55,16.78,20.28,20.7,22.8,22.24,25.59,22.66,23.5,19.58,16.64
2024-09-27,300846,首都在线,fit,压力释放,11.6-10.13-10.53-9.87,低-高-低,12.67%-3.95%-6.27%,25,16.12,1.33,10.58,6.87,304397.0,8.0,9.62,61,📉ema📈res📉adx📈rsi,no | no | 回补,,,100.0 | 94.77 | 1.06 | no,n 91｜s 00｜d 3.46%,0,绿亮[+0.19]-绿亮[+0.24]-绿暗[+0.23]-绿亮[+0.28]-绿亮[+0.33]-绿亮[+0.38],低-低-低-低-高-高,是,70.17,11.07,"{""sqz"": {""bb_length"": 20, ""bb_mult"": 1.8, ""kc_length"": 20, ""kc_mult"": 1.5, ""use_true_range"": true, ""min_sqz_bars"": 5}, ""ema"": {""ema_length"": 200}, ""rsi"": {""rsi_length"": 14, ""rsi_ma_length"": 14, ""rsi_smooth"": ""SMA""}, ""sto"": {""stoch_length"": 14, ""smooth_k"": 3, ""smooth_d"": 3}, ""adx"": {""adx_length"": 14, ""adx_threshold"": 25}, ""r&s"": {""srb_left"": 10, ""srb_right"": 10}, ""atr"": {""atr_length"": 14, ""atr_mult"": 1.0, ""atr_smooth"": ""RMA""}, ""mcd"": {""fast_length"": 12, ""slow_length"": 26, ""signal_length"": 9}}",IT服务Ⅱ,143.73,112.04,15.12,33.27,12.85,13.23,6.62,10.87,8.98,10.11,11.72,14.18,18.53,17.01,17.39,12.76,17.2,40.64,42.44,46.79,46.98,32.99,29.3,33.46,31.95,32.51,33.08,42.63,48.11,40.83,32.7,34.12
2024-09-27,300850,新强联,fit,压力释放,32.04-26.96-20.38-15.81,低-低-低,15.85%-24.41%-22.41%,14,14.76,1.29,16.99,10.29,211852.0,9.0,14.96,11,📉ema📈res📉adx🗒️rsi,bull | 3.27% | 回补,,,96.45 | 82.24 | 1.17 | no,n 89｜s 00｜d 2.05%,3,绿暗[+0.11]-绿暗[+0.04]-红亮[-0.11]-红暗[-0.11]-红暗[-0.07]-绿亮[+0.05],低-低-低-低-低-低,是,67.37,20.98,"{""sqz"": {""bb_length"": 20, ""bb_mult"": 1.8, ""kc_length"": 20, ""kc_mult"": 1.5, ""use_true_range"": true, ""min_sqz_bars"": 5}, ""ema"": {""ema_length"": 200}, ""rsi"": {""rsi_length"": 14, ""rsi_ma_length"": 14, ""rsi_smooth"": ""SMA""}, ""sto"": {""stoch_length"": 14, ""smooth_k"": 3, ""smooth_d"": 3}, ""adx"": {""adx_length"": 14, ""adx_threshold"": 25}, ""r&s"": {""srb_left"": 10, ""srb_right"": 10}, ""atr"": {""atr_length"": 14, ""atr_mult"": 1.0, ""atr_smooth"": ""RMA""}, ""mcd"": {""fast_length"": 12, ""slow_length"": 26, ""signal_length"": 9}}",风电设备,182.78,132.77,16.2,33.27,12.56,18.9,4.93,6.92,9.8,8.04,8.1,13.03,16.96,23.24,26.23,20.13,29.81,39.55,29.69,28.99,32.75,24.88,31.75,35.74,35.97,40.61,39.91,58.22,51.41,52.58,45.6,40.02
2024-09-27,300861,美畅股份,fit,压力释放,28.99-24.13-20.46-13.43,低-低-低,16.79%-15.20%-34.36%,36,18.15,2.64,14.02,8.75,76518.0,3.0,12.56,8,📉ema📈res📉adx📈rsi,bull | 3.74% | 回补,,,100.0 | 88.89 | 1.12 | no,n 83｜s 00｜d 1.59%,5,红暗[-0.24]-红亮[-0.26]-红亮[-0.31]-红暗[-0.24]-红暗[-0.15]-绿亮[+0.01],低-低-低-低-低-低,是,70.39,16.56,"{""sqz"": {""bb_length"": 20, ""bb_mult"": 1.8, ""kc_length"": 20, ""kc_mult"": 1.5, ""use_true_range"": true, ""min_sqz_bars"": 5}, ""ema"": {""ema_length"": 200}, ""rsi"": {""rsi_length"": 14, ""rsi_ma_length"": 14, ""rsi_smooth"": ""SMA""}, ""sto"": {""stoch_length"": 14, ""smooth_k"": 3, ""smooth_d"": 3}, ""adx"": {""adx_length"": 14, ""adx_threshold"": 25}, ""r&s"": {""srb_left"": 10, ""srb_right"": 10}, ""atr"": {""atr_length"": 14, ""atr_mult"": 1.0, ""atr_smooth"": ""RMA""}, ""mcd"": {""fast_length"": 12, ""slow_length"": 26, ""signal_length"": 9}}",通用设备,108.97,68.43,15.75,26.62,12.0,10.86,2.86,4.3,1.83,0.69,-0.05,5.31,9.53,10.57,13.65,8.98,17.87,19.06,20.1,21.49,26.01,18.81,26.7,39.21,35.53,33.35,32.8,35.34,29.03,28.44,24.72,19.45
2024-09-27,300872,天阳科技,fit,压力释放,13.35-14.12-13.06-12.36,高-低-低,5.76%-7.55%-5.34%,27,22.41,2.52,12.74,8.77,152169.0,4.0,11.4,5,📈ema📈res📉adx📈rsi,no | no | 回补,,,100.0 | 100.0 | 1.0 | no,n 71｜s 27｜d 0.37%,4,红暗[-0.57]-红暗[-0.45]-红暗[-0.35]-红暗[-0.15]-绿亮[+0.06]-绿亮[+0.28],低-低-低-低-低-低,是,70.13,12.21,"{""sqz"": {""bb_length"": 20, ""bb_mult"": 1.8, ""kc_length"": 20, ""kc_mult"": 1.5, ""use_true_range"": true, ""min_sqz_bars"": 5}, ""ema"": {""ema_length"": 200}, ""rsi"": {""rsi_length"": 14, ""rsi_ma_length"": 14, ""rsi_smooth"": ""SMA""}, ""sto"": {""stoch_length"": 14, ""smooth_k"": 3, ""smooth_d"": 3}, ""adx"": {""adx_length"": 14, ""adx_threshold"": 25}, ""r&s"": {""srb_left"": 10, ""srb_right"": 10}, ""atr"": {""atr_length"": 14, ""atr_mult"": 1.0, ""atr_smooth"": ""RMA""}, ""mcd"": {""fast_length"": 12, ""slow_length"": 26, ""signal_length"": 9}}",IT服务Ⅱ,81.03,70.06,20.03,44.05,30.67,20.66,20.66,28.01,31.06,38.58,33.02,43.58,57.67,38.34,33.49,29.97,29.66,34.43,28.87,27.54,29.89,19.41,22.07,28.72,27.93,35.84,33.65,36.62,32.86,34.19,31.69,29.03
2024-09-27,300893,松原安全,fit,一直释放,16.08-15.5-15.69-14.41,低-高-低,3.56%-1.18%-8.15%,14,9.31,0.65,14.56,3.46,19296.0,2.0,13.7,16,📈ema📈res📉adx🗒️rsi,no | no | 未补,,,70.5 | 45.45 | 1.55 | no,n 41｜s 00｜d 4.86%,0,绿暗[+0.75]-绿暗[+0.67]-绿暗[+0.55]-绿暗[+0.44]-绿暗[+0.34]-绿暗[+0.27],低-低-低-低-低-低,是,67.75,14.29,"{""sqz"": {""bb_length"": 20, ""bb_mult"": 1.8, ""kc_length"": 20, ""kc_mult"": 1.5, ""use_true_range"": true, ""min_sqz_bars"": 5}, ""ema"": {""ema_length"": 200}, ""rsi"": {""rsi_length"": 14, ""rsi_ma_length"": 14, ""rsi_smooth"": ""SMA""}, ""sto"": {""stoch_length"": 14, ""smooth_k"": 3, ""smooth_d"": 3}, ""adx"": {""adx_length"": 14, ""adx_threshold"": 25}, ""r&s"": {""srb_left"": 10, ""srb_right"": 10}, ""atr"": {""atr_length"": 14, ""atr_mult"": 1.0, ""atr_smooth"": ""RMA""}, ""mcd"": {""fast_length"": 12, ""slow_length"": 26, ""signal_length"": 9}}",汽车零部件,98.38,52.18,11.46,24.04,12.33,9.79,3.83,6.34,2.54,2.44,0.94,7.32,6.13,17.94,13.28,11.5,10.98,9.76,12.61,10.84,8.5,7.6,11.15,11.67,10.21,10.84,12.02,15.92,19.86,17.49,16.48,11.25
2024-09-27,300900,广联航空,fit,压力释放,25.38-24.39-19.18-16.21,低-低-低,3.90%-21.36%-15.48%,14,13.75,1.5,17.17,6.18,108054.0,5.0,15.65,10,📉ema📈res📉adx🗒️rsi,bull | 2.77% | 未补,,,100.0 | 93.36 | 1.07 | no,n 67｜s 00｜d 2.52%,3,红暗[-0.10]-红暗[-0.03]-红暗[-0.00]-绿亮[+0.13]-绿亮[+0.28]-绿亮[+0.47],低-低-低-低-低-低,否,65.79,17.36,"{""sqz"": {""bb_length"": 20, ""bb_mult"": 1.8, ""kc_length"": 20, ""kc_mult"": 1.5, ""use_true_range"": true, ""min_sqz_bars"": 5}, ""ema"": {""ema_length"": 200}, ""rsi"": {""rsi_length"": 14, ""rsi_ma_length"": 14, ""rsi_smooth"": ""SMA""}, ""sto"": {""stoch_length"": 14, ""smooth_k"": 3, ""smooth_d"": 3}, ""adx"": {""adx_length"": 14, ""adx_threshold"": 25}, ""r&s"": {""srb_left"": 10, ""srb_right"": 10}, ""atr"": {""atr_length"": 14, ""atr_mult"": 1.0, ""atr_smooth"": ""RMA""}, ""mcd"": {""fast_length"": 12, ""slow_length"": 26, ""signal_length"": 9}}",航空装备Ⅱ,104.22,81.66,15.32,37.33,17.76,23.82,15.84,28.71,26.09,26.97,32.38,41.18,42.4,48.81,61.62,50.26,49.68,52.77,46.19,46.65,48.57,36.4,36.98,50.15,52.42,48.46,49.91,53.06,46.77,47.99,41.76,32.5
2024-09-27,300903,科翔股份,fit,压力释放,8.09-10.41-7.16-6.74,高-低-低,28.68%-31.22%-5.87%,14,11.04,0.8,7.17,5.44,198932.0,6.0,6.61,19,📉ema📈res📉adx🗒️rsi,no | no | 回补,,,100.0 | 94.15 | 1.06 | no,n 90｜s 00｜d 1.01%,0,绿暗[+0.06]-绿暗[+0.05]-绿暗[+0.04]-绿亮[+0.06]-绿亮[+0.08]-绿亮[+0.11],低-低-低-低-高-高,是,66.74,7.46,"{""sqz"": {""bb_length"": 20, ""bb_mult"": 1.8, ""kc_length"": 20, ""kc_mult"": 1.5, ""use_true_range"": true, ""min_sqz_bars"": 5}, ""ema"": {""ema_length"": 200}, ""rsi"": {""rsi_length"": 14, ""rsi_ma_length"": 14, ""rsi_smooth"": ""SMA""}, ""sto"": {""stoch_length"": 14, ""smooth_k"": 3, ""smooth_d"": 3}, ""adx"": {""adx_length"": 14, ""adx_threshold"": 25}, ""r&s"": {""srb_left"": 10, ""srb_right"": 10}, ""atr"": {""atr_length"": 14, ""atr_mult"": 1.0, ""atr_smooth"": ""RMA""}, ""mcd"": {""fast_length"": 12, ""slow_length"": 26, ""signal_length"": 9}}",元件,145.46,109.72,14.78,34.31,14.5,15.62,8.09,13.25,11.58,9.76,11.72,18.69,21.9,20.92,19.8,19.11,22.73,23.71,19.25,17.02,22.32,13.67,20.36,22.87,23.71,26.22,28.03,35.98,30.54,29.85,24.69,21.76
2024-09-27,300919,中伟新材,fit,压力释放,37.82-35.72-31.05-29.71,低-低-低,5.55%-13.07%-4.31%,14,11.06,1.88,32.84,9.94,141462.0,2.0,29.18,19,📈ema📈res📉adx📈rsi,bull | 3.52% | 回补,,,96.57 | 81.25 | 1.19 | no,n 77｜s 00｜d 2.93%,0,绿暗[+0.87]-绿暗[+0.62]-绿暗[+0.27]-绿暗[+0.24]-绿亮[+0.29]-绿亮[+0.43],低-低-低-低-低-高,是,72.16,31.96,"{""sqz"": {""bb_length"": 20, ""bb_mult"": 1.8, ""kc_length"": 20, ""kc_mult"": 1.5, ""use_true_range"": true, ""min_sqz_bars"": 5}, ""ema"": {""ema_length"": 200}, ""rsi"": {""rsi_length"": 14, ""rsi_ma_length"": 14, ""rsi_smooth"": ""SMA""}, ""sto"": {""stoch_length"": 14, ""smooth_k"": 3, ""smooth_d"": 3}, ""adx"": {""adx_length"": 14, ""adx_threshold"": 25}, ""r&s"": {""srb_left"": 10, ""srb_right"": 10}, ""atr"": {""atr_length"": 14, ""atr_mult"": 1.0, ""atr_smooth"": ""RMA""}, ""mcd"": {""fast_length"": 12, ""slow_length"": 26, ""signal_length"": 9}}",电池,532.7,466.38,19.42,43.29,22.9,20.43,12.34,13.11,10.09,7.84,6.67,13.98,15.36,15.15,17.49,13.8,21.53,19.94,17.91,12.27,15.12,16.77,17.97,23.93,31.78,33.87,31.9,40.04,34.47,33.78,27.7,23.06
2024-09-27,300926,博俊科技,fit,压力释放,21.16-23.21-21.75-18.84,高-低-低,9.70%-6.30%-13.39%,26,10.37,1.41,20.9,7.91,92070.0,3.0,18.78,28,📈ema📈res📉adx📈rsi,bull | 1.71% | 回补,,,90.72 | 81.51 | 1.11 | no,n 97｜s 00｜d 2.59%,0,绿亮[+0.40]-绿亮[+0.43]-绿暗[+0.37]-绿亮[+0.45]-绿亮[+0.46]-绿亮[+0.55],低-低-低-低-高-高,是,71.31,19.01,"{""sqz"": {""bb_length"": 20, ""bb_mult"": 1.8, ""kc_length"": 20, ""kc_mult"": 1.5, ""use_true_range"": true, ""min_sqz_bars"": 5}, ""ema"": {""ema_length"": 200}, ""rsi"": {""rsi_length"": 14, ""rsi_ma_length"": 14, ""rsi_smooth"": ""SMA""}, ""sto"": {""stoch_length"": 14, ""smooth_k"": 3, ""smooth_d"": 3}, ""adx"": {""adx_length"": 14, ""adx_threshold"": 25}, ""r&s"": {""srb_left"": 10, ""srb_right"": 10}, ""atr"": {""atr_length"": 14, ""atr_mult"": 1.0, ""atr_smooth"": ""RMA""}, ""mcd"": {""fast_length"": 12, ""slow_length"": 26, ""signal_length"": 9}}",汽车零部件,123.3,84.6,14.37,24.83,27.5,16.79,11.51,13.61,10.13,8.14,7.56,12.94,17.32,17.03,15.7,14.22,15.13,16.98,12.75,11.04,11.56,7.28,14.03,19.12,16.18,17.46,18.79,20.17,17.6,17.65,13.8,8.94
2024-09-27,300975,商络电子,fit,压力释放,12.95-10.56-10.24-8.19,低-低-低,18.43%-3.03%-20.00%,13,11.41,1.0,8.78,5.9,417518.0,9.0,8.0,10,📉ema📈res📉adx🗒️rsi,no | no | 未补,,,98.94 | 98.94 | 1.0 | no,n 85｜s 00｜d 1.45%,0,绿亮[+0.13]-绿亮[+0.16]-绿亮[+0.20]-绿亮[+0.24]-绿亮[+0.29]-绿亮[+0.31],低-低-低-低-高-高,否,66.69,8.95,"{""sqz"": {""bb_length"": 20, ""bb_mult"": 1.8, ""kc_length"": 20, ""kc_mult"": 1.5, ""use_true_range"": true, ""min_sqz_bars"": 5}, ""ema"": {""ema_length"": 200}, ""rsi"": {""rsi_length"": 14, ""rsi_ma_length"": 14, ""rsi_smooth"": ""SMA""}, ""sto"": {""stoch_length"": 14, ""smooth_k"": 3, ""smooth_d"": 3}, ""adx"": {""adx_length"": 14, ""adx_threshold"": 25}, ""r&s"": {""srb_left"": 10, ""srb_right"": 10}, ""atr"": {""atr_length"": 14, ""atr_mult"": 1.0, ""atr_smooth"": ""RMA""}, ""mcd"": {""fast_length"": 12, ""slow_length"": 26, ""signal_length"": 9}}",元件,125.04,89.56,15.36,34.24,13.42,13.65,5.8,13.2,14.22,14.79,15.7,21.39,35.61,28.78,26.39,25.48,28.1,53.7,54.95,68.15,67.12,47.9,49.6,55.75,63.03,60.18,61.21,62.57,55.29,55.63,46.87,38.23
2024-09-27,301029,怡合达,fit,压力释放,25.07-30.2-25.83-19.1,高-低-低,20.49%-14.48%-26.06%,39,18.14,2.16,20.69,10.13,134697.0,3.0,18.17,13,📉ema📈res📉adx📈rsi,bull | 5.09% | 回补,,,99.23 | 88.12 | 1.13 | no,n 90｜s 00｜d 1.57%,0,绿亮[+0.22]-绿亮[+0.23]-绿暗[+0.13]-绿亮[+0.25]-绿亮[+0.35]-绿亮[+0.56],低-低-低-低-低-低,是,72.12,21.24,"{""sqz"": {""bb_length"": 20, ""bb_mult"": 1.8, ""kc_length"": 20, ""kc_mult"": 1.5, ""use_true_range"": true, ""min_sqz_bars"": 5}, ""ema"": {""ema_length"": 200}, ""rsi"": {""rsi_length"": 14, ""rsi_ma_length"": 14, ""rsi_smooth"": ""SMA""}, ""sto"": {""stoch_length"": 14, ""smooth_k"": 3, ""smooth_d"": 3}, ""adx"": {""adx_length"": 14, ""adx_threshold"": 25}, ""r&s"": {""srb_left"": 10, ""srb_right"": 10}, ""atr"": {""atr_length"": 14, ""atr_mult"": 1.0, ""atr_smooth"": ""RMA""}, ""mcd"": {""fast_length"": 12, ""slow_length"": 26, ""signal_length"": 9}}",自动化设备,146.31,106.56,19.91,40.64,22.33,20.91,10.95,14.51,11.33,9.48,8.25,15.17,21.05,21.67,22.33,18.68,27.07,26.88,25.75,22.81,22.9,17.59,21.15,24.94,25.89,30.35,29.4,33.57,29.26,28.26,22.38,18.73
2024-09-27,301035,润丰股份,fit,压力释放,66.08-69.72-58.53-40.27,高-低-低,5.50%-16.05%-31.19%,33,14.71,1.45,46.44,13.94,21919.0,1.0,38.99,14,📉ema📈res📈adx📈rsi,bull | 1.58% | 回补,,,87.3 | 76.43 | 1.14 | no,n 82｜s 00｜d 2.01%,0,绿亮[+1.41]-绿暗[+1.38]-绿暗[+1.31]-绿亮[+1.55]-绿暗[+1.51]-绿亮[+1.72],低-低-低-低-低-高,是,80.14,52.29,"{""sqz"": {""bb_length"": 20, ""bb_mult"": 1.8, ""kc_length"": 20, ""kc_mult"": 1.5, ""use_true_range"": true, ""min_sqz_bars"": 5}, ""ema"": {""ema_length"": 200}, ""rsi"": {""rsi_length"": 14, ""rsi_ma_length"": 14, ""rsi_smooth"": ""SMA""}, ""sto"": {""stoch_length"": 14, ""smooth_k"": 3, ""smooth_d"": 3}, ""adx"": {""adx_length"": 14, ""adx_threshold"": 25}, ""r&s"": {""srb_left"": 10, ""srb_right"": 10}, ""atr"": {""atr_length"": 14, ""atr_mult"": 1.0, ""atr_smooth"": ""RMA""}, ""mcd"": {""fast_length"": 12, ""slow_length"": 26, ""signal_length"": 9}}",农化制品,215.86,215.53,13.06,18.74,4.15,1.32,-4.23,-3.19,-4.89,-3.77,-4.55,0.19,-0.62,-0.7,0.32,0.0,1.0,4.89,0.94,0.11,0.53,-0.3,2.68,8.49,8.32,9.91,11.06,12.02,8.94,8.7,7.55,6.32
2024-09-27,301150,中一科技,fit,压力释放,17.54-15.44-17.87-14.68,低-高-低,11.96%-15.69%-17.83%,24,16.74,0.94,15.03,6.26,45214.0,5.0,13.71,22,📉ema📈res📉adx🗒️rsi,bull | 1.49% | 未补,,,88.26 | 69.11 | 1.28 | no,n 69｜s 00｜d 1.88%,0,绿暗[+0.15]-绿暗[+0.05]-绿暗[+0.03]-绿暗[+0.01]-绿亮[+0.05]-绿亮[+0.07],低-低-低-低-低-低,是,64.94,15.43,"{""sqz"": {""bb_length"": 20, ""bb_mult"": 1.8, ""kc_length"": 20, ""kc_mult"": 1.5, ""use_true_range"": true, ""min_sqz_bars"": 5}, ""ema"": {""ema_length"": 200}, ""rsi"": {""rsi_length"": 14, ""rsi_ma_length"": 14, ""rsi_smooth"": ""SMA""}, ""sto"": {""stoch_length"": 14, ""smooth_k"": 3, ""smooth_d"": 3}, ""adx"": {""adx_length"": 14, ""adx_threshold"": 25}, ""r&s"": {""srb_left"": 10, ""srb_right"": 10}, ""atr"": {""atr_length"": 14, ""atr_mult"": 1.0, ""atr_smooth"": ""RMA""}, ""mcd"": {""fast_length"": 12, ""slow_length"": 26, ""signal_length"": 9}}",电池,132.78,126.72,14.78,30.23,14.26,13.28,5.94,11.37,8.53,6.56,6.05,10.28,14.32,14.88,15.25,14.52,23.1,21.34,16.33,13.64,17.21,10.8,12.82,15.87,17.0,25.99,40.41,38.45,33.59,32.4,25.74,20.62
2024-09-27,301165,锐捷网络,fit,压力释放,26.76-23.83-24.91-23.47,低-高-低,10.95%-4.52%-5.77%,23,10.98,1.75,25.59,6.32,52918.0,8.0,23.31,17,📈ema📈res📉adx📈rsi,bull | 1.97% | 回补,,,100.0 | 86.21 | 1.16 | no,n 98｜s 00｜d 2.17%,5,红亮[-0.34]-红亮[-0.40]-红亮[-0.41]-红暗[-0.30]-红暗[-0.11]-绿亮[+0.17],低-低-低-低-高-高,否,73.93,23.81,"{""sqz"": {""bb_length"": 20, ""bb_mult"": 1.8, ""kc_length"": 20, ""kc_mult"": 1.5, ""use_true_range"": true, ""min_sqz_bars"": 5}, ""ema"": {""ema_length"": 200}, ""rsi"": {""rsi_length"": 14, ""rsi_ma_length"": 14, ""rsi_smooth"": ""SMA""}, ""sto"": {""stoch_length"": 14, ""smooth_k"": 3, ""smooth_d"": 3}, ""adx"": {""adx_length"": 14, ""adx_threshold"": 25}, ""r&s"": {""srb_left"": 10, ""srb_right"": 10}, ""atr"": {""atr_length"": 14, ""atr_mult"": 1.0, ""atr_smooth"": ""RMA""}, ""mcd"": {""fast_length"": 12, ""slow_length"": 26, ""signal_length"": 9}}",通信设备,652.75,652.75,16.85,38.04,20.39,23.57,22.6,26.42,27.5,28.35,26.69,31.4,36.6,41.16,38.89,43.51,40.44,38.01,38.81,40.25,42.16,38.2,43.4,46.83,45.81,44.04,46.39,49.74,47.63,49.38,47.97,41.58
2024-09-27,301171,易点天下,fit,压力释放,22.25-17.85-14.12-14.08,低-低-低,19.78%-20.88%-0.28%,25,14.31,1.73,14.94,5.19,273431.0,9.0,13.7,27,📉ema📈res📉adx🗒️rsi,bull | 0.63% | 回补,,,100.0 | 95.45 | 1.05 | no,n 95｜s 00｜d 2.41%,5,红暗[-0.35]-红暗[-0.32]-红暗[-0.29]-红暗[-0.17]-红暗[-0.01]-绿亮[+0.18],低-低-低-低-高-高,否,69.61,16.26,"{""sqz"": {""bb_length"": 20, ""bb_mult"": 1.8, ""kc_length"": 20, ""kc_mult"": 1.5, ""use_true_range"": true, ""min_sqz_bars"": 5}, ""ema"": {""ema_length"": 200}, ""rsi"": {""rsi_length"": 14, ""rsi_ma_length"": 14, ""rsi_smooth"": ""SMA""}, ""sto"": {""stoch_length"": 14, ""smooth_k"": 3, ""smooth_d"": 3}, ""adx"": {""adx_length"": 14, ""adx_threshold"": 25}, ""r&s"": {""srb_left"": 10, ""srb_right"": 10}, ""atr"": {""atr_length"": 14, ""atr_mult"": 1.0, ""atr_smooth"": ""RMA""}, ""mcd"": {""fast_length"": 12, ""slow_length"": 26, ""signal_length"": 9}}",广告营销,207.91,168.38,13.93,32.73,16.53,13.53,8.2,12.67,17.07,14.73,16.8,20.67,37.53,37.33,33.87,27.27,31.8,35.6,28.67,25.27,26.4,18.27,21.73,26.8,30.93,37.0,38.8,66.53,76.87,105.6,86.73,104.87
2024-09-27,301177,迪阿股份,fit,压力释放,30.29-24.78-18.87-19.16,低-低-高,18.20%-23.84%-1.51%,18,13.31,1.15,20.23,4.84,21546.0,5.0,18.85,52,📉ema📈res📉adx🗒️rsi,bull | 3.65% | 回补,,,100.0 | 89.1 | 1.12 | no,n 83｜s 00｜d 3.96%,6,红亮[-0.10]-红亮[-0.17]-红亮[-0.31]-红暗[-0.30]-红暗[-0.23]-红暗[-0.04],低-低-低-低-低-高,是,69.99,22.22,"{""sqz"": {""bb_length"": 20, ""bb_mult"": 1.8, ""kc_length"": 20, ""kc_mult"": 1.5, ""use_true_range"": true, ""min_sqz_bars"": 5}, ""ema"": {""ema_length"": 200}, ""rsi"": {""rsi_length"": 14, ""rsi_ma_length"": 14, ""rsi_smooth"": ""SMA""}, ""sto"": {""stoch_length"": 14, ""smooth_k"": 3, ""smooth_d"": 3}, ""adx"": {""adx_length"": 14, ""adx_threshold"": 25}, ""r&s"": {""srb_left"": 10, ""srb_right"": 10}, ""atr"": {""atr_length"": 14, ""atr_mult"": 1.0, ""atr_smooth"": ""RMA""}, ""mcd"": {""fast_length"": 12, ""slow_length"": 26, ""signal_length"": 9}}",饰品,112.0,111.92,13.99,25.66,13.95,11.56,5.44,8.84,6.27,6.85,5.49,8.84,9.18,11.27,11.03,10.4,13.07,14.48,11.22,10.01,10.01,6.9,9.33,12.29,12.59,15.55,16.47,17.88,17.59,17.54,13.27,11.27
2024-09-27,301238,瑞泰新材,fit,压力释放,25.7-21.32-14.09-14.84,低-低-高,17.05%-33.91%-5.34%,15,20.68,0.86,15.09,7.77,176435.0,8.0,13.5,33,📉ema📈res📉adx🗒️rsi,bull | 2.00% | 回补,,,88.49 | 71.04 | 1.25 | no,n 58｜s 00｜d 3.59%,6,红亮[-0.14]-红亮[-0.22]-红亮[-0.26]-红亮[-0.27]-红暗[-0.23]-红暗[-0.16],低-低-低-低-低-低,是,66.49,15.85,"{""sqz"": {""bb_length"": 20, ""bb_mult"": 1.8, ""kc_length"": 20, ""kc_mult"": 1.5, ""use_true_range"": true, ""min_sqz_bars"": 5}, ""ema"": {""ema_length"": 200}, ""rsi"": {""rsi_length"": 14, ""rsi_ma_length"": 14, ""rsi_smooth"": ""SMA""}, ""sto"": {""stoch_length"": 14, ""smooth_k"": 3, ""smooth_d"": 3}, ""adx"": {""adx_length"": 14, ""adx_threshold"": 25}, ""r&s"": {""srb_left"": 10, ""srb_right"": 10}, ""atr"": {""atr_length"": 14, ""atr_mult"": 1.0, ""atr_smooth"": ""RMA""}, ""mcd"": {""fast_length"": 12, ""slow_length"": 26, ""signal_length"": 9}}",电池,148.72,148.72,16.2,32.98,12.33,11.02,4.0,7.54,6.1,3.48,3.54,9.44,11.28,12.46,13.7,9.97,16.85,15.41,11.15,7.61,9.84,6.3,9.18,14.75,17.05,20.66,19.87,25.11,23.21,25.64,24.33,24.33
2024-09-27,301256,华融化学,fit,压力释放,7.29-7.45-6.09-6.14,高-低-高,2.22%-18.24%-0.80%,15,10.0,1.21,6.36,4.01,51835.0,4.0,5.98,26,📉ema📈res📉adx🗒️rsi,no | no | 未补,,,100.0 | 94.86 | 1.05 | no,n 76｜s 00｜d 1.23%,0,绿亮[+0.01]-绿亮[+0.02]-绿暗[+0.01]-绿亮[+0.02]-绿亮[+0.04]-绿亮[+0.06],低-低-低-低-高-低,是,69.97,6.54,"{""sqz"": {""bb_length"": 20, ""bb_mult"": 1.8, ""kc_length"": 20, ""kc_mult"": 1.5, ""use_true_range"": true, ""min_sqz_bars"": 5}, ""ema"": {""ema_length"": 200}, ""rsi"": {""rsi_length"": 14, ""rsi_ma_length"": 14, ""rsi_smooth"": ""SMA""}, ""sto"": {""stoch_length"": 14, ""smooth_k"": 3, ""smooth_d"": 3}, ""adx"": {""adx_length"": 14, ""adx_threshold"": 25}, ""r&s"": {""srb_left"": 10, ""srb_right"": 10}, ""atr"": {""atr_length"": 14, ""atr_mult"": 1.0, ""atr_smooth"": ""RMA""}, ""mcd"": {""fast_length"": 12, ""slow_length"": 26, ""signal_length"": 9}}",化学原料,63.02,63.02,11.86,20.96,9.24,9.24,5.55,8.78,30.51,42.53,32.05,29.58,31.74,25.89,26.19,27.74,30.22,31.78,25.26,22.78,24.95,17.98,21.08,23.71,23.25,25.42,31.16,34.88,33.33,31.31,26.66,22.94
2024-09-27,301268,铭利达,fit,压力释放,25.4-21.37-18.3-14.6,低-低-低,15.86%-14.37%-20.22%,14,11.03,1.9,16.01,6.03,35824.0,2.0,14.55,12,📉ema📈res📉adx🗒️rsi,bull | 3.62% | 未补,,,100.0 | 91.7 | 1.09 | no,n 96｜s 00｜d 2.25%,2,绿暗[+0.07]-绿暗[+0.03]-红亮[-0.07]-红暗[-0.04]-绿亮[+0.06]-绿亮[+0.21],低-低-低-低-高-高,是,68.38,19.95,"{""sqz"": {""bb_length"": 20, ""bb_mult"": 1.8, ""kc_length"": 20, ""kc_mult"": 1.5, ""use_true_range"": true, ""min_sqz_bars"": 5}, ""ema"": {""ema_length"": 200}, ""rsi"": {""rsi_length"": 14, ""rsi_ma_length"": 14, ""rsi_smooth"": ""SMA""}, ""sto"": {""stoch_length"": 14, ""smooth_k"": 3, ""smooth_d"": 3}, ""adx"": {""adx_length"": 14, ""adx_threshold"": 25}, ""r&s"": {""srb_left"": 10, ""srb_right"": 10}, ""atr"": {""atr_length"": 14, ""atr_mult"": 1.0, ""atr_smooth"": ""RMA""}, ""mcd"": {""fast_length"": 12, ""slow_length"": 26, ""signal_length"": 9}}",通用设备,86.21,74.21,16.49,31.42,15.68,14.93,8.06,10.87,6.37,4.87,4.5,10.62,11.99,13.99,13.93,10.06,18.11,19.05,17.43,14.68,17.8,10.99,15.49,20.67,22.42,23.8,24.05,27.61,24.86,27.61,22.99,18.68
2024-09-27,600131,国网信通,fit,压力释放,20.12-19.74-20.27-17.47,低-高-低,1.89%-2.68%-13.81%,35,12.2,1.01,18.18,3.12,104585.0,1.0,16.91,28,📈ema📈res📉adx🗒️rsi,no | no | 回补,,,100.0 | 88.14 | 1.13 | no,n 93｜s 00｜d 1.55%,0,绿暗[+0.28]-绿亮[+0.28]-绿暗[+0.23]-绿亮[+0.33]-绿亮[+0.53]-绿亮[+0.65],低-低-低-低-高-高,否,66.72,16.58,"{""sqz"": {""bb_length"": 20, ""bb_mult"": 1.8, ""kc_length"": 20, ""kc_mult"": 1.5, ""use_true_range"": true, ""min_sqz_bars"": 5}, ""ema"": {""ema_length"": 200}, ""rsi"": {""rsi_length"": 14, ""rsi_ma_length"": 14, ""rsi_smooth"": ""SMA""}, ""sto"": {""stoch_length"": 14, ""smooth_k"": 3, ""smooth_d"": 3}, ""adx"": {""adx_length"": 14, ""adx_threshold"": 25}, ""r&s"": {""srb_left"": 10, ""srb_right"": 10}, ""atr"": {""atr_length"": 14, ""atr_mult"": 1.0, ""atr_smooth"": ""RMA""}, ""mcd"": {""fast_length"": 12, ""slow_length"": 26, ""signal_length"": 9}}",IT服务Ⅱ,234.28,233.8,7.43,7.65,-1.93,2.86,1.6,-1.05,-3.03,-1.76,-2.64,-0.88,3.85,4.4,2.26,2.31,1.6,5.5,7.76,8.53,11.28,6.66,13.31,24.75,30.31,25.85,29.92,35.97,28.6,31.9,27.72,24.04
2024-09-27,600166,福田汽车,fit,压力释放,2.8-2.91-3.08-2.39,高-高-低,3.93%-5.84%-22.40%,13,6.7,1.6,2.54,4.1,1174552.0,2.0,2.39,9,📉ema📈res📉adx🗒️rsi,no | no | 回补,,,100.0 | 95.54 | 1.05 | no,n 99｜s 00｜d 0.76%,0,绿亮[+0.04]-绿亮[+0.05]-绿亮[+0.05]-绿亮[+0.06]-绿亮[+0.07]-绿亮[+0.08],低-低-低-低-高-高,否,69.16,2.56,"{""sqz"": {""bb_length"": 20, ""bb_mult"": 1.8, ""kc_length"": 20, ""kc_mult"": 1.5, ""use_true_range"": true, ""min_sqz_bars"": 5}, ""ema"": {""ema_length"": 200}, ""rsi"": {""rsi_length"": 14, ""rsi_ma_length"": 14, ""rsi_smooth"": ""SMA""}, ""sto"": {""stoch_length"": 14, ""smooth_k"": 3, ""smooth_d"": 3}, ""adx"": {""adx_length"": 14, ""adx_threshold"": 25}, ""r&s"": {""srb_left"": 10, ""srb_right"": 10}, ""atr"": {""atr_length"": 14, ""atr_mult"": 1.0, ""atr_smooth"": ""RMA""}, ""mcd"": {""fast_length"": 12, ""slow_length"": 26, ""signal_length"": 9}}",商用车,226.44,226.44,7.48,9.45,-0.39,0.79,-1.97,-0.79,-3.54,-2.76,-4.33,-1.97,-3.15,-0.79,0.79,-0.39,1.18,4.33,1.97,3.94,5.91,1.97,5.12,7.48,9.06,11.81,10.24,12.6,10.24,9.06,4.72,3.15
2024-09-27,600196,复星医药,fit,压力释放,25.3-24.03-23.67-23.86,低-低-高,5.02%-1.50%-0.80%,32,11.18,2.62,24.83,5.08,263269.0,1.0,23.35,10,📈ema📈res📉adx📈rsi,bull | 2.84% | 回补,,,100.0 | 93.3 | 1.07 | no,n 90｜s 00｜d 0.95%,3,红暗[-0.13]-红暗[-0.06]-红暗[-0.03]-绿亮[+0.09]-绿亮[+0.22]-绿亮[+0.43],低-低-低-低-低-低,是,78.13,22.99,"{""sqz"": {""bb_length"": 20, ""bb_mult"": 1.8, ""kc_length"": 20, ""kc_mult"": 1.5, ""use_true_range"": true, ""min_sqz_bars"": 5}, ""ema"": {""ema_length"": 200}, ""rsi"": {""rsi_length"": 14, ""rsi_ma_length"": 14, ""rsi_smooth"": ""SMA""}, ""sto"": {""stoch_length"": 14, ""smooth_k"": 3, ""smooth_d"": 3}, ""adx"": {""adx_length"": 14, ""adx_threshold"": 25}, ""r&s"": {""srb_left"": 10, ""srb_right"": 10}, ""atr"": {""atr_length"": 14, ""atr_mult"": 1.0, ""atr_smooth"": ""RMA""}, ""mcd"": {""fast_length"": 12, ""slow_length"": 26, ""signal_length"": 9}}",化学制药,697.78,553.56,10.15,16.31,6.56,5.76,2.3,2.46,0.6,-1.09,-2.01,1.21,1.09,2.7,2.66,2.13,3.62,5.44,3.58,6.16,5.84,5.48,6.81,8.22,7.85,9.67,9.3,9.38,10.59,10.23,7.69,6.69
2024-09-27,600206,有研新材,fit,压力释放,11.43-9.77-9.19-9.26,低-低-高,14.52%-5.94%-0.76%,17,8.81,1.78,9.82,4.14,142404.0,2.0,9.35,6,📉ema📈res📉adx📈rsi,bull | 2.78% | 回补,,,100.0 | 91.53 | 1.09 | no,n 75｜s 00｜d 1.51%,0,绿暗[+0.15]-绿暗[+0.13]-绿暗[+0.08]-绿暗[+0.07]-绿亮[+0.09]-绿亮[+0.13],低-低-低-低-高-高,否,73.96,9.9,"{""sqz"": {""bb_length"": 20, ""bb_mult"": 1.8, ""kc_length"": 20, ""kc_mult"": 1.5, ""use_true_range"": true, ""min_sqz_bars"": 5}, ""ema"": {""ema_length"": 200}, ""rsi"": {""rsi_length"": 14, ""rsi_ma_length"": 14, ""rsi_smooth"": ""SMA""}, ""sto"": {""stoch_length"": 14, ""smooth_k"": 3, ""smooth_d"": 3}, ""adx"": {""adx_length"": 14, ""adx_threshold"": 25}, ""r&s"": {""srb_left"": 10, ""srb_right"": 10}, ""atr"": {""atr_length"": 14, ""atr_mult"": 1.0, ""atr_smooth"": ""RMA""}, ""mcd"": {""fast_length"": 12, ""slow_length"": 26, ""signal_length"": 9}}",半导体,176.59,176.59,9.67,20.77,18.23,14.97,7.03,9.47,7.43,6.31,4.79,10.39,14.46,13.03,13.14,13.34,15.17,15.48,13.24,12.32,15.99,20.57,20.57,24.24,21.89,34.22,47.76,62.63,79.02,97.05,91.85,111.2
2024-09-27,600338,西藏珠峰,fit,压力释放,10.62-10.72-9.32-9.55,高-低-高,0.94%-13.06%-2.47%,22,11.18,1.38,10.08,6.11,294732.0,3.0,9.36,62,📈ema📈res📉adx📈rsi,no | no | 回补,,,100.0 | 96.6 | 1.04 | no,n 79｜s 00｜d 3.93%,5,红亮[-0.16]-红暗[-0.15]-红亮[-0.16]-红暗[-0.12]-红暗[-0.05]-绿亮[+0.04],低-低-低-低-低-低,否,72.89,9.84,"{""sqz"": {""bb_length"": 20, ""bb_mult"": 1.8, ""kc_length"": 20, ""kc_mult"": 1.5, ""use_true_range"": true, ""min_sqz_bars"": 5}, ""ema"": {""ema_length"": 200}, ""rsi"": {""rsi_length"": 14, ""rsi_ma_length"": 14, ""rsi_smooth"": ""SMA""}, ""sto"": {""stoch_length"": 14, ""smooth_k"": 3, ""smooth_d"": 3}, ""adx"": {""adx_length"": 14, ""adx_threshold"": 25}, ""r&s"": {""srb_left"": 10, ""srb_right"": 10}, ""atr"": {""atr_length"": 14, ""atr_mult"": 1.0, ""atr_smooth"": ""RMA""}, ""mcd"": {""fast_length"": 12, ""slow_length"": 26, ""signal_length"": 9}}",工业金属,159.8,159.8,9.62,16.47,4.76,3.37,3.67,5.36,2.58,2.48,1.09,3.08,2.98,3.57,5.06,3.97,9.03,13.29,9.82,8.23,9.13,13.89,14.58,17.76,19.15,19.05,16.67,17.96,18.85,19.44,24.8,28.77
2024-09-27,600366,宁波韵升,fit,压力释放,5.49-5.66-5.67-5.79,高-高-高,3.10%-0.18%-2.12%,17,9.25,1.25,6.1,4.27,165965.0,2.0,5.73,36,📈ema📈res📉adx📈rsi,no | no | 回补,,,97.49 | 89.23 | 1.09 | no,n 87｜s 00｜d 2.94%,0,绿暗[+0.08]-绿暗[+0.07]-绿暗[+0.04]-绿亮[+0.05]-绿亮[+0.07]-绿亮[+0.09],低-低-低-低-高-高,否,71.95,6.0,"{""sqz"": {""bb_length"": 20, ""bb_mult"": 1.8, ""kc_length"": 20, ""kc_mult"": 1.5, ""use_true_range"": true, ""min_sqz_bars"": 5}, ""ema"": {""ema_length"": 200}, ""rsi"": {""rsi_length"": 14, ""rsi_ma_length"": 14, ""rsi_smooth"": ""SMA""}, ""sto"": {""stoch_length"": 14, ""smooth_k"": 3, ""smooth_d"": 3}, ""adx"": {""adx_length"": 14, ""adx_threshold"": 25}, ""r&s"": {""srb_left"": 10, ""srb_right"": 10}, ""atr"": {""atr_length"": 14, ""atr_mult"": 1.0, ""atr_smooth"": ""RMA""}, ""mcd"": {""fast_length"": 12, ""slow_length"": 26, ""signal_length"": 9}}",金属新材料,129.03,129.03,9.18,16.72,8.2,7.38,2.46,4.92,2.46,2.62,0.98,4.92,5.41,7.87,8.52,7.7,11.15,12.79,9.67,10.33,13.61,25.08,30.82,38.2,34.1,34.59,30.16,31.15,28.03,28.85,22.95,19.84
2024-09-27,600378,昊华科技,fit,一直释放,34.52-32.6-28.91-28.21,低-低-低,5.56%-11.32%-2.42%,18,18.68,3.17,28.86,3.66,22376.0,0.0,27.08,11,📈ema📈res📉adx🗒️rsi,bull | 3.24% | 未补,,,97.68 | 94.14 | 1.04 | no,n 42｜s 00｜d 2.55%,6,红暗[-1.33]-红暗[-1.25]-红暗[-1.21]-红暗[-0.90]-红暗[-0.59]-红暗[-0.08],低-低-低-低-低-低,否,68.27,28.72,"{""sqz"": {""bb_length"": 20, ""bb_mult"": 1.8, ""kc_length"": 20, ""kc_mult"": 1.5, ""use_true_range"": true, ""min_sqz_bars"": 5}, ""ema"": {""ema_length"": 200}, ""rsi"": {""rsi_length"": 14, ""rsi_ma_length"": 14, ""rsi_smooth"": ""SMA""}, ""sto"": {""stoch_length"": 14, ""smooth_k"": 3, ""smooth_d"": 3}, ""adx"": {""adx_length"": 14, ""adx_threshold"": 25}, ""r&s"": {""srb_left"": 10, ""srb_right"": 10}, ""atr"": {""atr_length"": 14, ""atr_mult"": 1.0, ""atr_smooth"": ""RMA""}, ""mcd"": {""fast_length"": 12, ""slow_length"": 26, ""signal_length"": 9}}",化学制品,405.7,337.32,9.01,12.2,6.93,4.71,-0.49,1.28,-2.43,-2.18,-4.3,5.37,6.55,7.0,10.22,10.5,11.61,8.97,7.48,8.66,10.78,15.77,17.22,18.75,17.84,15.8,15.97,15.9,13.51,13.76,11.12,10.15
2024-09-27,600388,龙净环保,fit,一直释放,11.82-11.74-11.49-11.35,低-低-低,0.68%-2.13%-1.22%,18,15.58,2.78,11.62,3.57,70647.0,1.0,11.0,11,📈ema📈res📈adx🗒️rsi,no | no | 未补,,,100.0 | 98.77 | 1.01 | no,n 41｜s 00｜d 2.51%,6,红暗[-0.51]-红暗[-0.49]-红暗[-0.47]-红暗[-0.39]-红暗[-0.28]-红暗[-0.11],低-低-低-低-低-低,否,68.23,11.61,"{""sqz"": {""bb_length"": 20, ""bb_mult"": 1.8, ""kc_length"": 20, ""kc_mult"": 1.5, ""use_true_range"": true, ""min_sqz_bars"": 5}, ""ema"": {""ema_length"": 200}, ""rsi"": {""rsi_length"": 14, ""rsi_ma_length"": 14, ""rsi_smooth"": ""SMA""}, ""sto"": {""stoch_length"": 14, ""smooth_k"": 3, ""smooth_d"": 3}, ""adx"": {""adx_length"": 14, ""adx_threshold"": 25}, ""r&s"": {""srb_left"": 10, ""srb_right"": 10}, ""atr"": {""atr_length"": 14, ""atr_mult"": 1.0, ""atr_smooth"": ""RMA""}, ""mcd"": {""fast_length"": 12, ""slow_length"": 26, ""signal_length"": 9}}",环保设备Ⅱ,231.28,231.28,6.97,7.75,-1.46,2.15,-0.69,8.35,4.91,6.28,12.39,11.7,8.18,10.33,10.33,9.9,9.98,14.63,15.92,14.72,13.34,10.59,9.81,10.59,10.07,11.45,6.02,1.38,0.69,2.41,-0.52,-1.64
2024-09-27,600452,涪陵电力,fit,压力释放,9.54-10.86-10.3-9.41,高-低-低,13.84%-5.16%-8.64%,17,12.83,1.47,9.93,6.66,137003.0,1.0,9.0,9,📈ema📈res📉adx🗒️rsi,no | no | 回补,,,100.0 | 86.37 | 1.16 | no,n 82｜s 00｜d 0.50%,6,红亮[-0.02]-红亮[-0.08]-红亮[-0.14]-红暗[-0.13]-红暗[-0.09]-红暗[-0.01],低-低-低-低-低-低,否,66.65,9.08,"{""sqz"": {""bb_length"": 20, ""bb_mult"": 1.8, ""kc_length"": 20, ""kc_mult"": 1.5, ""use_true_range"": true, ""min_sqz_bars"": 5}, ""ema"": {""ema_length"": 200}, ""rsi"": {""rsi_length"": 14, ""rsi_ma_length"": 14, ""rsi_smooth"": ""SMA""}, ""sto"": {""stoch_length"": 14, ""smooth_k"": 3, ""smooth_d"": 3}, ""adx"": {""adx_length"": 14, ""adx_threshold"": 25}, ""r&s"": {""srb_left"": 10, ""srb_right"": 10}, ""atr"": {""atr_length"": 14, ""atr_mult"": 1.0, ""atr_smooth"": ""RMA""}, ""mcd"": {""fast_length"": 12, ""slow_length"": 26, ""signal_length"": 9}}",电力,190.53,190.53,7.25,9.67,0.7,0.6,-4.03,-0.6,1.01,3.42,-1.61,1.11,7.05,10.88,11.68,9.26,13.8,16.72,16.82,19.44,19.84,21.15,19.94,23.46,17.82,20.04,14.8,16.01,13.8,12.39,8.16,5.04
2024-09-27,600525,ST长园,fit,一直释放,4.78-4.74-4.34-3.9,低-低-低,0.84%-8.44%-10.14%,39,8.03,0.24,4.6,3.14,104981.0,1.0,4.31,20,📈ema📈res📈adx📈rsi,no | no | 未补,,,75.85 | 66.54 | 1.14 | no,n 26｜s 00｜d 11.24%,0,绿亮[+0.32]-绿暗[+0.31]-绿暗[+0.31]-绿暗[+0.30]-绿暗[+0.27]-绿暗[+0.25],高-高-高-高-高-高,否,70.21,4.41,"{""sqz"": {""bb_length"": 20, ""bb_mult"": 1.8, ""kc_length"": 20, ""kc_mult"": 1.5, ""use_true_range"": true, ""min_sqz_bars"": 5}, ""ema"": {""ema_length"": 200}, ""rsi"": {""rsi_length"": 14, ""rsi_ma_length"": 14, ""rsi_smooth"": ""SMA""}, ""sto"": {""stoch_length"": 14, ""smooth_k"": 3, ""smooth_d"": 3}, ""adx"": {""adx_length"": 14, ""adx_threshold"": 25}, ""r&s"": {""srb_left"": 10, ""srb_right"": 10}, ""atr"": {""atr_length"": 14, ""atr_mult"": 1.0, ""atr_smooth"": ""RMA""}, ""mcd"": {""fast_length"": 12, ""slow_length"": 26, ""signal_length"": 9}}",电网设备,72.14,72.14,6.96,11.96,8.91,11.3,10.65,7.61,7.61,7.83,9.78,11.96,14.13,18.26,18.91,27.61,27.83,29.78,34.57,24.57,25.65,24.57,20.22,22.83,26.3,26.74,32.39,30.87,33.7,34.13,31.52,24.57
2024-09-27,600563,法拉电子,fit,一直释放,110.66-113.05-97.58-91.23,高-低-低,2.16%-13.68%-6.51%,43,30.61,1.03,92.93,4.54,17654.0,1.0,86.42,30,📈ema📈res📉adx📈rsi,no | no | 回补,,,91.79 | 90.06 | 1.02 | no,n 37｜s 00｜d 6.57%,0,绿暗[+7.35]-绿暗[+6.87]-绿暗[+6.25]-绿暗[+5.74]-绿暗[+5.29]-绿暗[+5.16],低-低-低-低-低-低,否,72.41,86.49,"{""sqz"": {""bb_length"": 20, ""bb_mult"": 1.8, ""kc_length"": 20, ""kc_mult"": 1.5, ""use_true_range"": true, ""min_sqz_bars"": 5}, ""ema"": {""ema_length"": 200}, ""rsi"": {""rsi_length"": 14, ""rsi_ma_length"": 14, ""rsi_smooth"": ""SMA""}, ""sto"": {""stoch_length"": 14, ""smooth_k"": 3, ""smooth_d"": 3}, ""adx"": {""adx_length"": 14, ""adx_threshold"": 25}, ""r&s"": {""srb_left"": 10, ""srb_right"": 10}, ""atr"": {""atr_length"": 14, ""atr_mult"": 1.0, ""atr_smooth"": ""RMA""}, ""mcd"": {""fast_length"": 12, ""slow_length"": 26, ""signal_length"": 9}}",元件,321.03,321.03,8.9,15.7,10.78,13.38,5.72,8.06,9.18,11.65,11.71,19.9,21.01,14.83,16.46,17.06,22.63,21.61,24.04,19.22,19.88,30.25,36.55,40.96,41.5,41.0,43.12,45.86,41.54,40.42,34.56,32.36
2024-09-27,600693,东百集团,fit,压力释放,3.35-3.1-3.03-2.96,低-低-低,7.46%-2.26%-2.31%,20,11.28,1.43,3.1,2.31,101123.0,1.0,2.93,14,📉ema📈res📉adx📈rsi,bull | 1.68% | 回补,,,100.0 | 98.59 | 1.01 | no,n 61｜s 00｜d 1.75%,0,绿亮[+0.00]-绿亮[+0.01]-绿亮[+0.01]-绿亮[+0.02]-绿亮[+0.04]-绿亮[+0.06],低-低-低-低-高-高,否,71.14,3.2,"{""sqz"": {""bb_length"": 20, ""bb_mult"": 1.8, ""kc_length"": 20, ""kc_mult"": 1.5, ""use_true_range"": true, ""min_sqz_bars"": 5}, ""ema"": {""ema_length"": 200}, ""rsi"": {""rsi_length"": 14, ""rsi_ma_length"": 14, ""rsi_smooth"": ""SMA""}, ""sto"": {""stoch_length"": 14, ""smooth_k"": 3, ""smooth_d"": 3}, ""adx"": {""adx_length"": 14, ""adx_threshold"": 25}, ""r&s"": {""srb_left"": 10, ""srb_right"": 10}, ""atr"": {""atr_length"": 14, ""atr_mult"": 1.0, ""atr_smooth"": ""RMA""}, ""mcd"": {""fast_length"": 12, ""slow_length"": 26, ""signal_length"": 9}}",一般零售,96.38,96.28,8.71,10.65,0.0,1.94,0.32,2.26,0.0,0.32,-1.29,0.97,1.94,2.9,2.9,4.19,6.45,10.32,7.74,10.32,10.97,9.03,10.32,11.94,13.55,17.74,13.87,12.9,12.9,12.9,10.0,7.74
2024-09-27,600699,均胜电子,fit,压力释放,17.8-16.17-16.02-14.2,低-低-低,9.16%-0.93%-11.36%,18,7.98,2.17,15.44,5.61,236399.0,2.0,14.38,19,📉ema📈res📉adx📈rsi,bull | 2.06% | 回补,,,95.73 | 95.73 | 1.0 | no,n 96｜s 00｜d 1.11%,0,绿亮[+0.14]-绿亮[+0.16]-绿亮[+0.21]-绿亮[+0.30]-绿亮[+0.33]-绿亮[+0.39],低-低-高-高-高-高,否,72.12,15.52,"{""sqz"": {""bb_length"": 20, ""bb_mult"": 1.8, ""kc_length"": 20, ""kc_mult"": 1.5, ""use_true_range"": true, ""min_sqz_bars"": 5}, ""ema"": {""ema_length"": 200}, ""rsi"": {""rsi_length"": 14, ""rsi_ma_length"": 14, ""rsi_smooth"": ""SMA""}, ""sto"": {""stoch_length"": 14, ""smooth_k"": 3, ""smooth_d"": 3}, ""adx"": {""adx_length"": 14, ""adx_threshold"": 25}, ""r&s"": {""srb_left"": 10, ""srb_right"": 10}, ""atr"": {""atr_length"": 14, ""atr_mult"": 1.0, ""atr_smooth"": ""RMA""}, ""mcd"": {""fast_length"": 12, ""slow_length"": 26, ""signal_length"": 9}}",汽车零部件,377.77,330.09,10.04,17.94,8.74,8.87,5.31,5.7,2.72,1.49,0.13,4.27,5.89,6.54,6.09,5.12,7.38,7.19,6.35,7.58,6.35,2.66,5.38,7.71,9.59,14.12,11.85,15.8,13.02,11.59,8.35,6.93
2024-09-27,600732,爱旭股份,fit,压力释放,14.5-13.02-10.02-8.51,低-低-低,10.21%-23.04%-15.07%,14,15.62,1.95,9.36,9.09,355893.0,2.0,8.4,10,📉ema📈res📉adx🗒️rsi,bull | 5.88% | 未补,,,100.0 | 91.47 | 1.09 | no,n 86｜s 00｜d 2.77%,5,红暗[-0.09]-红亮[-0.10]-红亮[-0.14]-红暗[-0.10]-红暗[-0.04]-绿亮[+0.08],低-低-低-低-低-高,否,67.84,12.22,"{""sqz"": {""bb_length"": 20, ""bb_mult"": 1.8, ""kc_length"": 20, ""kc_mult"": 1.5, ""use_true_range"": true, ""min_sqz_bars"": 5}, ""ema"": {""ema_length"": 200}, ""rsi"": {""rsi_length"": 14, ""rsi_ma_length"": 14, ""rsi_smooth"": ""SMA""}, ""sto"": {""stoch_length"": 14, ""smooth_k"": 3, ""smooth_d"": 3}, ""adx"": {""adx_length"": 14, ""adx_threshold"": 25}, ""r&s"": {""srb_left"": 10, ""srb_right"": 10}, ""atr"": {""atr_length"": 14, ""atr_mult"": 1.0, ""atr_smooth"": ""RMA""}, ""mcd"": {""fast_length"": 12, ""slow_length"": 26, ""signal_length"": 9}}",光伏设备,321.61,318.91,10.04,17.74,5.98,2.24,-3.85,0.64,-1.82,-4.7,-5.66,-3.21,1.18,5.24,13.14,7.69,18.48,30.34,25.75,30.13,36.65,32.69,30.13,31.94,41.24,37.07,50.75,65.81,74.47,76.18,64.74,61.32
2024-09-27,600746,江苏索普,fit,压力释放,7.41-7.92-6.43-6.3,高-低-低,6.88%-18.81%-2.02%,33,6.96,1.51,6.7,4.2,42309.0,0.0,6.34,32,📈ema📈res📉adx📈rsi,no | no | 回补,,,100.0 | 90.43 | 1.11 | no,n 89｜s 00｜d 1.12%,3,红亮[-0.02]-红暗[-0.01]-红亮[-0.02]-绿亮[+0.00]-绿亮[+0.03]-绿亮[+0.09],低-低-低-低-高-高,否,74.05,6.4,"{""sqz"": {""bb_length"": 20, ""bb_mult"": 1.8, ""kc_length"": 20, ""kc_mult"": 1.5, ""use_true_range"": true, ""min_sqz_bars"": 5}, ""ema"": {""ema_length"": 200}, ""rsi"": {""rsi_length"": 14, ""rsi_ma_length"": 14, ""rsi_smooth"": ""SMA""}, ""sto"": {""stoch_length"": 14, ""smooth_k"": 3, ""smooth_d"": 3}, ""adx"": {""adx_length"": 14, ""adx_threshold"": 25}, ""r&s"": {""srb_left"": 10, ""srb_right"": 10}, ""atr"": {""atr_length"": 14, ""atr_mult"": 1.0, ""atr_smooth"": ""RMA""}, ""mcd"": {""fast_length"": 12, ""slow_length"": 26, ""signal_length"": 9}}",化学原料,97.98,97.83,6.87,10.15,2.24,3.58,4.63,4.78,2.84,2.69,1.64,1.94,0.0,1.64,4.18,4.18,6.42,8.51,4.78,5.07,4.78,2.99,4.63,6.42,6.27,8.66,8.36,8.51,7.91,7.91,5.37,4.48
2024-09-27,600885,宏发股份,fit,压力释放,18.85-21.35-21.12-20.29,高-低-低,13.26%-1.08%-3.93%,32,18.79,2.32,20.77,4.27,88625.0,1.0,19.36,11,📈ema📈res📉adx🗒️rsi,bull | 1.31% | 回补,,,90.82 | 89.89 | 1.01 | no,n 63｜s 00｜d 1.79%,0,绿亮[+0.48]-绿亮[+0.61]-绿亮[+0.71]-绿亮[+0.87]-绿亮[+0.92]-绿亮[+1.05],低-低-低-低-低-低,否,68.48,18.55,"{""sqz"": {""bb_length"": 20, ""bb_mult"": 1.8, ""kc_length"": 20, ""kc_mult"": 1.5, ""use_true_range"": true, ""min_sqz_bars"": 5}, ""ema"": {""ema_length"": 200}, ""rsi"": {""rsi_length"": 14, ""rsi_ma_length"": 14, ""rsi_smooth"": ""SMA""}, ""sto"": {""stoch_length"": 14, ""smooth_k"": 3, ""smooth_d"": 3}, ""adx"": {""adx_length"": 14, ""adx_threshold"": 25}, ""r&s"": {""srb_left"": 10, ""srb_right"": 10}, ""atr"": {""atr_length"": 14, ""atr_mult"": 1.0, ""atr_smooth"": ""RMA""}, ""mcd"": {""fast_length"": 12, ""slow_length"": 26, ""signal_length"": 9}}",电网设备,436.42,436.42,10.16,15.98,11.41,12.57,5.92,6.88,5.49,5.83,3.27,9.39,9.29,9.97,7.51,6.55,6.64,5.58,4.77,4.48,2.5,4.43,7.85,9.2,10.01,9.68,8.96,9.15,7.61,7.85,8.09,6.88
2024-09-27,600996,贵广网络,fit,压力释放,7.5-9.38-8.11-8.0,高-低-低,25.07%-13.54%-1.36%,20,10.34,1.28,8.48,2.91,175464.0,1.0,7.9,52,📈ema📈res📈adx📈rsi,bull | 1.49% | 回补,,,100.0 | 97.15 | 1.03 | no,n 88｜s 00｜d 3.38%,4,红暗[-0.17]-红暗[-0.14]-红暗[-0.11]-红暗[-0.02]-绿亮[+0.05]-绿亮[+0.16],低-低-低-低-高-高,否,71.01,7.86,"{""sqz"": {""bb_length"": 20, ""bb_mult"": 1.8, ""kc_length"": 20, ""kc_mult"": 1.5, ""use_true_range"": true, ""min_sqz_bars"": 5}, ""ema"": {""ema_length"": 200}, ""rsi"": {""rsi_length"": 14, ""rsi_ma_length"": 14, ""rsi_smooth"": ""SMA""}, ""sto"": {""stoch_length"": 14, ""smooth_k"": 3, ""smooth_d"": 3}, ""adx"": {""adx_length"": 14, ""adx_threshold"": 25}, ""r&s"": {""srb_left"": 10, ""srb_right"": 10}, ""atr"": {""atr_length"": 14, ""atr_mult"": 1.0, ""atr_smooth"": ""RMA""}, ""mcd"": {""fast_length"": 12, ""slow_length"": 26, ""signal_length"": 9}}",电视广播Ⅱ,124.93,124.93,8.37,12.38,1.18,1.42,0.71,0.0,1.18,2.36,2.0,3.66,3.77,3.42,4.72,7.55,15.8,14.98,11.08,17.33,17.22,14.62,16.16,19.22,23.47,23.47,26.06,24.88,22.52,23.94,20.05,15.68
2024-09-27,601156,东航物流,fit,压力释放,18.0-21.67-20.33-15.72,高-低-低,20.39%-6.18%-22.68%,18,16.88,1.24,16.76,4.55,95726.0,1.0,15.44,6,📈ema📈res📉adx🗒️rsi,bull | 4.27% | 回补,,,93.54 | 83.14 | 1.13 | no,n 29｜s 00｜d 1.74%,0,绿暗[+0.49]-绿暗[+0.39]-绿暗[+0.27]-绿暗[+0.26]-绿亮[+0.27]-绿亮[+0.37],低-低-低-低-低-高,否,66.37,16.15,"{""sqz"": {""bb_length"": 20, ""bb_mult"": 1.8, ""kc_length"": 20, ""kc_mult"": 1.5, ""use_true_range"": true, ""min_sqz_bars"": 5}, ""ema"": {""ema_length"": 200}, ""rsi"": {""rsi_length"": 14, ""rsi_ma_length"": 14, ""rsi_smooth"": ""SMA""}, ""sto"": {""stoch_length"": 14, ""smooth_k"": 3, ""smooth_d"": 3}, ""adx"": {""adx_length"": 14, ""adx_threshold"": 25}, ""r&s"": {""srb_left"": 10, ""srb_right"": 10}, ""atr"": {""atr_length"": 14, ""atr_mult"": 1.0, ""atr_smooth"": ""RMA""}, ""mcd"": {""fast_length"": 12, ""slow_length"": 26, ""signal_length"": 9}}",物流,273.85,162.94,6.21,2.21,-2.57,-0.72,-2.86,0.0,-3.94,-5.01,-6.03,-4.3,-4.42,-5.01,-5.07,-2.68,-2.45,0.89,-2.21,-1.01,-0.18,-1.85,1.07,4.3,2.51,3.94,0.84,0.12,-1.25,-1.13,-3.1,-0.89
2024-09-27,601199,江南水务,fit,压力释放,4.86-4.78-5.83-5.29,低-高-低,1.65%-21.97%-9.26%,20,9.98,1.27,5.37,2.09,116017.0,1.0,5.13,20,📈ema📈res📉adx📈rsi,no | no | 回补,,,100.0 | 99.22 | 1.01 | no,n 86｜s 00｜d 0.94%,5,红暗[-0.12]-红暗[-0.11]-红暗[-0.09]-红暗[-0.05]-红暗[-0.01]-绿亮[+0.04],低-低-低-低-高-低,否,70.22,4.81,"{""sqz"": {""bb_length"": 20, ""bb_mult"": 1.8, ""kc_length"": 20, ""kc_mult"": 1.5, ""use_true_range"": true, ""min_sqz_bars"": 5}, ""ema"": {""ema_length"": 200}, ""rsi"": {""rsi_length"": 14, ""rsi_ma_length"": 14, ""rsi_smooth"": ""SMA""}, ""sto"": {""stoch_length"": 14, ""smooth_k"": 3, ""smooth_d"": 3}, ""adx"": {""adx_length"": 14, ""adx_threshold"": 25}, ""r&s"": {""srb_left"": 10, ""srb_right"": 10}, ""atr"": {""atr_length"": 14, ""atr_mult"": 1.0, ""atr_smooth"": ""RMA""}, ""mcd"": {""fast_length"": 12, ""slow_length"": 26, ""signal_length"": 9}}",环境治理,55.18,55.18,7.08,9.68,0.0,2.61,-1.12,0.93,-1.68,2.23,-1.12,-0.37,0.0,1.86,3.91,2.98,3.91,7.64,5.59,3.54,4.1,0.93,1.49,2.98,2.79,5.96,5.03,6.7,6.52,5.59,2.61,3.35
2024-09-27,601369,陕鼓动力,fit,压力释放,7.31-8.94-8.41-7.39,高-低-低,22.30%-5.93%-12.13%,39,14.57,2.26,7.61,3.26,112045.0,1.0,7.25,12,📈ema📈res📉adx📈rsi,bull | 1.22% | 回补,,,100.0 | 96.81 | 1.03 | no,n 95｜s 00｜d 1.73%,0,绿亮[+0.14]-绿亮[+0.16]-绿暗[+0.16]-绿亮[+0.19]-绿亮[+0.21]-绿亮[+0.25],低-低-低-低-低-低,否,73.62,7.22,"{""sqz"": {""bb_length"": 20, ""bb_mult"": 1.8, ""kc_length"": 20, ""kc_mult"": 1.5, ""use_true_range"": true, ""min_sqz_bars"": 5}, ""ema"": {""ema_length"": 200}, ""rsi"": {""rsi_length"": 14, ""rsi_ma_length"": 14, ""rsi_smooth"": ""SMA""}, ""sto"": {""stoch_length"": 14, ""smooth_k"": 3, ""smooth_d"": 3}, ""adx"": {""adx_length"": 14, ""adx_threshold"": 25}, ""r&s"": {""srb_left"": 10, ""srb_right"": 10}, ""atr"": {""atr_length"": 14, ""atr_mult"": 1.0, ""atr_smooth"": ""RMA""}, ""mcd"": {""fast_length"": 12, ""slow_length"": 26, ""signal_length"": 9}}",专用设备,175.28,173.52,8.67,11.43,2.76,4.99,2.1,7.36,2.89,2.89,1.97,4.73,3.55,4.47,4.47,3.94,5.39,8.15,8.28,9.2,9.86,9.72,11.96,13.01,10.91,13.14,11.83,13.4,11.56,12.22,11.56,12.35
2024-09-27,601607,上海医药,fit,压力释放,18.13-18.65-19.37-19.49,高-高-高,2.87%-3.86%-0.62%,27,12.08,2.76,19.49,-0.2,168692.0,1.0,18.84,7,📈ema📉res📉adx🗒️rsi,bull | 0.83% | 未补,,,99.2 | 92.71 | 1.07 | no,n 69｜s 00｜d 0.56%,4,红暗[-0.30]-红暗[-0.21]-红暗[-0.20]-红暗[-0.04]-绿亮[+0.10]-绿亮[+0.34],低-低-低-低-低-高,否,61.4,17.31,"{""sqz"": {""bb_length"": 20, ""bb_mult"": 1.8, ""kc_length"": 20, ""kc_mult"": 1.5, ""use_true_range"": true, ""min_sqz_bars"": 5}, ""ema"": {""ema_length"": 200}, ""rsi"": {""rsi_length"": 14, ""rsi_ma_length"": 14, ""rsi_smooth"": ""SMA""}, ""sto"": {""stoch_length"": 14, ""smooth_k"": 3, ""smooth_d"": 3}, ""adx"": {""adx_length"": 14, ""adx_threshold"": 25}, ""r&s"": {""srb_left"": 10, ""srb_right"": 10}, ""atr"": {""atr_length"": 14, ""atr_mult"": 1.0, ""atr_smooth"": ""RMA""}, ""mcd"": {""fast_length"": 12, ""slow_length"": 26, ""signal_length"": 9}}",医药商业,618.93,465.52,6.41,10.26,3.34,4.21,2.26,2.98,1.85,2.15,2.62,4.67,2.92,4.41,5.54,5.03,5.28,4.82,3.03,-1.54,-2.82,-1.85,-1.64,-1.08,-1.9,0.51,-0.51,2.21,6.36,5.18,6.11,3.59
2024-09-27,601700,风范股份,fit,压力释放,4.88-5.1-5.04-4.02,高-低-低,4.51%-1.18%-20.24%,38,14.2,1.81,4.06,3.57,111555.0,1.0,3.85,9,📉ema📈res📉adx🗒️rsi,no | no | 回补,,,100.0 | 96.6 | 1.04 | no,n 81｜s 00｜d 0.76%,1,红暗[-0.02]-绿亮[+0.00]-绿亮[+0.02]-绿亮[+0.05]-绿亮[+0.08]-绿亮[+0.11],低-低-低-低-低-低,否,67.6,4.35,"{""sqz"": {""bb_length"": 20, ""bb_mult"": 1.8, ""kc_length"": 20, ""kc_mult"": 1.5, ""use_true_range"": true, ""min_sqz_bars"": 5}, ""ema"": {""ema_length"": 200}, ""rsi"": {""rsi_length"": 14, ""rsi_ma_length"": 14, ""rsi_smooth"": ""SMA""}, ""sto"": {""stoch_length"": 14, ""smooth_k"": 3, ""smooth_d"": 3}, ""adx"": {""adx_length"": 14, ""adx_threshold"": 25}, ""r&s"": {""srb_left"": 10, ""srb_right"": 10}, ""atr"": {""atr_length"": 14, ""atr_mult"": 1.0, ""atr_smooth"": ""RMA""}, ""mcd"": {""fast_length"": 12, ""slow_length"": 26, ""signal_length"": 9}}",电网设备,63.66,63.66,8.87,14.78,3.94,5.42,1.97,7.88,3.69,2.96,1.72,3.69,3.69,7.64,7.88,18.72,19.21,23.89,17.98,16.26,20.69,22.17,22.41,23.89,23.65,24.88,22.91,26.11,22.66,24.38,20.69,17.24
2024-09-27,601778,晶科科技,fit,压力释放,3.42-3.13-2.56-2.46,低-低-低,8.48%-18.21%-3.91%,17,10.81,1.84,2.63,5.62,637105.0,2.0,2.42,9,📉ema📈res📉adx📈rsi,bull | 2.04% | 回补,,,100.0 | 86.53 | 1.16 | no,n 61｜s 00｜d 0.99%,5,红暗[-0.00]-红亮[-0.01]-红亮[-0.03]-红暗[-0.03]-红暗[-0.02]-绿亮[+0.00],低-低-低-低-低-高,否,71.69,2.85,"{""sqz"": {""bb_length"": 20, ""bb_mult"": 1.8, ""kc_length"": 20, ""kc_mult"": 1.5, ""use_true_range"": true, ""min_sqz_bars"": 5}, ""ema"": {""ema_length"": 200}, ""rsi"": {""rsi_length"": 14, ""rsi_ma_length"": 14, ""rsi_smooth"": ""SMA""}, ""sto"": {""stoch_length"": 14, ""smooth_k"": 3, ""smooth_d"": 3}, ""adx"": {""adx_length"": 14, ""adx_threshold"": 25}, ""r&s"": {""srb_left"": 10, ""srb_right"": 10}, ""atr"": {""atr_length"": 14, ""atr_mult"": 1.0, ""atr_smooth"": ""RMA""}, ""mcd"": {""fast_length"": 12, ""slow_length"": 26, ""signal_length"": 9}}",电力,197.12,197.12,10.27,20.15,8.75,7.98,2.66,3.04,0.76,0.0,-1.9,1.14,2.66,4.94,6.84,4.94,10.27,11.79,8.37,9.13,20.15,17.49,17.11,19.39,17.49,21.29,19.77,23.19,19.01,16.73,13.31,10.65
2024-09-27,603031,安孚科技,fit,压力释放,38.97-34.76-25.98-23.01,低-低-低,10.80%-25.26%-11.43%,17,10.31,0.77,24.21,6.51,29153.0,1.0,22.12,10,📉ema📈res📉adx🗒️rsi,no | no | 回补,,,95.09 | 87.07 | 1.09 | no,n 58｜s 00｜d 0.75%,0,绿亮[+0.20]-绿暗[+0.14]-绿暗[+0.08]-绿亮[+0.15]-绿亮[+0.18]-绿亮[+0.27],低-低-低-低-低-低,是,66.54,27.47,"{""sqz"": {""bb_length"": 20, ""bb_mult"": 1.8, ""kc_length"": 20, ""kc_mult"": 1.5, ""use_true_range"": true, ""min_sqz_bars"": 5}, ""ema"": {""ema_length"": 200}, ""rsi"": {""rsi_length"": 14, ""rsi_ma_length"": 14, ""rsi_smooth"": ""SMA""}, ""sto"": {""stoch_length"": 14, ""smooth_k"": 3, ""smooth_d"": 3}, ""adx"": {""adx_length"": 14, ""adx_threshold"": 25}, ""r&s"": {""srb_left"": 10, ""srb_right"": 10}, ""atr"": {""atr_length"": 14, ""atr_mult"": 1.0, ""atr_smooth"": ""RMA""}, ""mcd"": {""fast_length"": 12, ""slow_length"": 26, ""signal_length"": 9}}",电池,123.83,104.14,10.12,21.19,13.8,7.23,0.0,0.74,2.19,6.94,10.95,12.52,13.55,10.16,19.66,17.14,23.05,22.1,21.77,20.98,21.69,17.31,19.0,18.79,15.9,17.14,15.49,22.06,26.64,27.3,24.74,21.93
2024-09-27,603070,万控智造,fit,压力释放,13.54-13.65-13.91-10.87,高-高-低,0.81%-1.90%-21.85%,14,8.81,1.44,11.31,4.53,20743.0,2.0,10.59,8,📉ema📈res📉adx🗒️rsi,no | no | 回补,,,100.0 | 92.48 | 1.08 | no,n 91｜s 00｜d 0.95%,5,红暗[-0.10]-红暗[-0.08]-红亮[-0.10]-红暗[-0.07]-红暗[-0.04]-绿亮[+0.02],低-低-低-低-高-低,否,63.58,12.51,"{""sqz"": {""bb_length"": 20, ""bb_mult"": 1.8, ""kc_length"": 20, ""kc_mult"": 1.5, ""use_true_range"": true, ""min_sqz_bars"": 5}, ""ema"": {""ema_length"": 200}, ""rsi"": {""rsi_length"": 14, ""rsi_ma_length"": 14, ""rsi_smooth"": ""SMA""}, ""sto"": {""stoch_length"": 14, ""smooth_k"": 3, ""smooth_d"": 3}, ""adx"": {""adx_length"": 14, ""adx_threshold"": 25}, ""r&s"": {""srb_left"": 10, ""srb_right"": 10}, ""atr"": {""atr_length"": 14, ""atr_mult"": 1.0, ""atr_smooth"": ""RMA""}, ""mcd"": {""fast_length"": 12, ""slow_length"": 26, ""signal_length"": 9}}",电网设备,60.79,60.79,8.13,15.12,3.89,5.22,1.77,4.51,2.3,2.03,1.77,3.36,3.8,5.04,5.84,5.84,7.87,8.84,5.39,4.69,5.31,1.41,3.8,5.39,4.95,6.98,7.43,8.93,8.58,9.73,7.69,5.04
2024-09-27,603100,川仪股份,fit,压力释放,21.03-19.85-18.02-16.55,低-低-低,5.61%-9.22%-8.16%,13,8.17,2.27,18.32,4.93,64350.0,1.0,16.84,13,📉ema📈res📉adx📈rsi,bull | 2.63% | 回补,,,100.0 | 91.88 | 1.09 | no,n 87｜s 00｜d 1.47%,0,绿亮[+0.35]-绿暗[+0.34]-绿暗[+0.26]-绿亮[+0.36]-绿亮[+0.41]-绿亮[+0.59],低-低-低-低-高-高,否,70.06,18.4,"{""sqz"": {""bb_length"": 20, ""bb_mult"": 1.8, ""kc_length"": 20, ""kc_mult"": 1.5, ""use_true_range"": true, ""min_sqz_bars"": 5}, ""ema"": {""ema_length"": 200}, ""rsi"": {""rsi_length"": 14, ""rsi_ma_length"": 14, ""rsi_smooth"": ""SMA""}, ""sto"": {""stoch_length"": 14, ""smooth_k"": 3, ""smooth_d"": 3}, ""adx"": {""adx_length"": 14, ""adx_threshold"": 25}, ""r&s"": {""srb_left"": 10, ""srb_right"": 10}, ""atr"": {""atr_length"": 14, ""atr_mult"": 1.0, ""atr_smooth"": ""RMA""}, ""mcd"": {""fast_length"": 12, ""slow_length"": 26, ""signal_length"": 9}}",通用设备,98.43,98.11,10.32,12.88,3.93,3.98,-1.53,3.17,-0.76,3.17,0.49,2.67,5.35,5.9,6.55,4.97,5.19,12.01,8.9,13.16,9.93,7.48,10.21,15.34,12.99,16.38,14.57,15.12,11.03,16.76,17.58,19.6
2024-09-27,603158,腾龙股份,fit,压力释放,8.09-7.12-7.79-6.8,低-高-低,11.99%-9.41%-12.71%,13,10.03,1.4,7.06,3.37,133472.0,3.0,6.65,16,📉ema📈res📉adx🗒️rsi,bull | 0.74% | 回补,,,100.0 | 94.27 | 1.06 | no,n 96｜s 00｜d 2.08%,4,红暗[-0.06]-红暗[-0.05]-红暗[-0.05]-红暗[-0.01]-绿亮[+0.03]-绿亮[+0.08],低-低-低-低-低-高,否,67.31,7.42,"{""sqz"": {""bb_length"": 20, ""bb_mult"": 1.8, ""kc_length"": 20, ""kc_mult"": 1.5, ""use_true_range"": true, ""min_sqz_bars"": 5}, ""ema"": {""ema_length"": 200}, ""rsi"": {""rsi_length"": 14, ""rsi_ma_length"": 14, ""rsi_smooth"": ""SMA""}, ""sto"": {""stoch_length"": 14, ""smooth_k"": 3, ""smooth_d"": 3}, ""adx"": {""adx_length"": 14, ""adx_threshold"": 25}, ""r&s"": {""srb_left"": 10, ""srb_right"": 10}, ""atr"": {""atr_length"": 14, ""atr_mult"": 1.0, ""atr_smooth"": ""RMA""}, ""mcd"": {""fast_length"": 12, ""slow_length"": 26, ""signal_length"": 9}}",汽车零部件,57.32,57.32,8.78,15.72,5.81,5.95,1.27,3.54,1.56,1.13,0.28,2.97,2.55,4.67,4.67,6.09,8.36,9.07,6.8,13.03,12.32,12.32,15.58,15.86,14.02,15.16,14.45,17.56,15.3,14.87,11.33,10.2
2024-09-27,603211,晋拓股份,fit,压力释放,16.36-14.85-16.97-13.88,低-高-低,9.23%-14.28%-18.21%,13,10.69,1.03,14.32,3.77,47154.0,7.0,13.43,6,📉ema📈res📉adx🗒️rsi,bull | 1.17% | 回补,,,99.38 | 93.6 | 1.06 | no,n 99｜s 00｜d 0.50%,5,红暗[-0.14]-红暗[-0.08]-红暗[-0.07]-红暗[-0.03]-红暗[-0.01]-绿亮[+0.06],低-低-低-低-低-低,否,62.78,15.43,"{""sqz"": {""bb_length"": 20, ""bb_mult"": 1.8, ""kc_length"": 20, ""kc_mult"": 1.5, ""use_true_range"": true, ""min_sqz_bars"": 5}, ""ema"": {""ema_length"": 200}, ""rsi"": {""rsi_length"": 14, ""rsi_ma_length"": 14, ""rsi_smooth"": ""SMA""}, ""sto"": {""stoch_length"": 14, ""smooth_k"": 3, ""smooth_d"": 3}, ""adx"": {""adx_length"": 14, ""adx_threshold"": 25}, ""r&s"": {""srb_left"": 10, ""srb_right"": 10}, ""atr"": {""atr_length"": 14, ""atr_mult"": 1.0, ""atr_smooth"": ""RMA""}, ""mcd"": {""fast_length"": 12, ""slow_length"": 26, ""signal_length"": 9}}",汽车零部件,65.23,65.23,8.03,12.64,2.51,2.86,-0.98,1.47,-0.42,-0.91,-1.68,0.49,2.51,3.49,2.72,2.3,3.77,5.03,2.03,2.79,3.35,-0.77,5.52,5.87,8.45,9.5,8.03,10.27,10.54,17.95,18.37,22.84
2024-09-27,603216,梦天家居,fit,压力释放,10.86-9.46-9.02-9.0,低-低-低,12.89%-4.65%-0.22%,17,7.14,1.15,9.89,5.78,25668.0,5.0,9.06,9,📈ema📈res📉adx📈rsi,bull | 0.76% | 回补,,,100.0 | 88.33 | 1.13 | no,n 75｜s 00｜d 1.58%,0,绿亮[+0.21]-绿暗[+0.20]-绿暗[+0.17]-绿暗[+0.17]-绿亮[+0.19]-绿亮[+0.22],低-低-低-低-高-高,是,74.81,9.74,"{""sqz"": {""bb_length"": 20, ""bb_mult"": 1.8, ""kc_length"": 20, ""kc_mult"": 1.5, ""use_true_range"": true, ""min_sqz_bars"": 5}, ""ema"": {""ema_length"": 200}, ""rsi"": {""rsi_length"": 14, ""rsi_ma_length"": 14, ""rsi_smooth"": ""SMA""}, ""sto"": {""stoch_length"": 14, ""smooth_k"": 3, ""smooth_d"": 3}, ""adx"": {""adx_length"": 14, ""adx_threshold"": 25}, ""r&s"": {""srb_left"": 10, ""srb_right"": 10}, ""atr"": {""atr_length"": 14, ""atr_mult"": 1.0, ""atr_smooth"": ""RMA""}, ""mcd"": {""fast_length"": 12, ""slow_length"": 26, ""signal_length"": 9}}",家居用品,72.24,72.24,6.47,8.29,-1.92,-0.71,-2.22,-0.61,-1.92,-0.81,-1.92,-0.81,-0.81,0.51,0.91,1.92,3.84,4.15,1.11,0.71,2.63,0.2,1.62,2.53,2.02,3.94,3.74,4.15,4.55,4.65,3.34,2.83
2024-09-27,603217,元利科技,fit,一直释放,16.14-19.82-13.86-13.88,高-低-高,22.80%-30.07%-0.14%,38,17.63,1.58,13.9,4.12,16759.0,1.0,13.1,24,📉ema📈res📈adx🗒️rsi,bull | 2.20% | 未补,,,100.0 | 96.28 | 1.04 | no,n 81｜s 00｜d 6.06%,6,红暗[-0.43]-红暗[-0.42]-红暗[-0.42]-红暗[-0.34]-红暗[-0.20]-红暗[-0.02],低-低-低-低-低-低,否,69.85,14.79,"{""sqz"": {""bb_length"": 20, ""bb_mult"": 1.8, ""kc_length"": 20, ""kc_mult"": 1.5, ""use_true_range"": true, ""min_sqz_bars"": 5}, ""ema"": {""ema_length"": 200}, ""rsi"": {""rsi_length"": 14, ""rsi_ma_length"": 14, ""rsi_smooth"": ""SMA""}, ""sto"": {""stoch_length"": 14, ""smooth_k"": 3, ""smooth_d"": 3}, ""adx"": {""adx_length"": 14, ""adx_threshold"": 25}, ""r&s"": {""srb_left"": 10, ""srb_right"": 10}, ""atr"": {""atr_length"": 14, ""atr_mult"": 1.0, ""atr_smooth"": ""RMA""}, ""mcd"": {""fast_length"": 12, ""slow_length"": 26, ""signal_length"": 9}}",化学制品,52.63,52.63,8.78,14.32,3.81,6.19,2.88,3.96,1.8,1.44,0.07,2.45,12.95,13.96,18.71,18.92,26.19,20.36,16.26,16.91,28.85,25.83,26.04,27.55,28.56,29.28,27.55,29.57,32.95,30.29,26.26,22.88
2024-09-27,603226,菲林格尔,fit,压力释放,4.35-3.7-3.36-3.21,低-低-低,14.94%-9.19%-4.46%,17,11.46,1.27,3.43,3.63,33993.0,1.0,3.2,14,📉ema📈res📉adx🗒️rsi,bull | 0.92% | 回补,,,100.0 | 100.0 | 1.0 | no,n 83｜s 00｜d 1.59%,0,绿亮[+0.01]-绿暗[+0.01]-绿亮[+0.01]-绿亮[+0.03]-绿亮[+0.05]-绿亮[+0.08],低-低-低-低-高-高,否,69.42,4.25,"{""sqz"": {""bb_length"": 20, ""bb_mult"": 1.8, ""kc_length"": 20, ""kc_mult"": 1.5, ""use_true_range"": true, ""min_sqz_bars"": 5}, ""ema"": {""ema_length"": 200}, ""rsi"": {""rsi_length"": 14, ""rsi_ma_length"": 14, ""rsi_smooth"": ""SMA""}, ""sto"": {""stoch_length"": 14, ""smooth_k"": 3, ""smooth_d"": 3}, ""adx"": {""adx_length"": 14, ""adx_threshold"": 25}, ""r&s"": {""srb_left"": 10, ""srb_right"": 10}, ""atr"": {""atr_length"": 14, ""atr_mult"": 1.0, ""atr_smooth"": ""RMA""}, ""mcd"": {""fast_length"": 12, ""slow_length"": 26, ""signal_length"": 9}}",家居用品,130.11,130.11,6.71,11.37,2.04,2.04,-1.46,3.21,2.62,2.92,1.75,3.79,6.71,8.45,8.75,19.53,24.2,26.24,23.03,22.74,23.32,14.29,16.03,18.66,23.32,26.82,30.32,29.15,30.32,34.69,40.23,54.23
2024-09-27,603281,江瀚新材,fit,压力释放,22.81-22.66-23.46-23.54,低-高-高,0.66%-3.53%-0.34%,14,6.32,1.76,24.29,3.36,23542.0,1.0,23.02,26,📈ema📈res📉adx🗒️rsi,bull | 0.77% | 未补,,,87.09 | 67.79 | 1.28 | no,n 88｜s 00｜d 2.19%,6,红亮[-0.06]-红亮[-0.15]-红亮[-0.31]-红亮[-0.31]-红暗[-0.30]-红暗[-0.18],低-低-低-低-低-低,是,68.0,22.72,"{""sqz"": {""bb_length"": 20, ""bb_mult"": 1.8, ""kc_length"": 20, ""kc_mult"": 1.5, ""use_true_range"": true, ""min_sqz_bars"": 5}, ""ema"": {""ema_length"": 200}, ""rsi"": {""rsi_length"": 14, ""rsi_ma_length"": 14, ""rsi_smooth"": ""SMA""}, ""sto"": {""stoch_length"": 14, ""smooth_k"": 3, ""smooth_d"": 3}, ""adx"": {""adx_length"": 14, ""adx_threshold"": 25}, ""r&s"": {""srb_left"": 10, ""srb_right"": 10}, ""atr"": {""atr_length"": 14, ""atr_mult"": 1.0, ""atr_smooth"": ""RMA""}, ""mcd"": {""fast_length"": 12, ""slow_length"": 26, ""signal_length"": 9}}",化学制品,121.97,121.97,7.82,10.87,3.05,2.1,-0.7,0.58,-2.22,-1.65,-3.5,0.78,-0.54,-0.49,1.77,1.81,4.86,4.9,2.02,0.29,-0.12,-1.61,-0.04,2.06,1.65,2.88,2.39,4.28,3.58,3.62,1.44,0.99
2024-09-27,603268,*ST松发,fit,压力释放,20.2-15.46-13.98-13.99,低-低-高,23.47%-9.57%-0.07%,39,17.66,0.76,14.35,2.5,10094.0,1.0,13.32,24,📉ema📈res📈adx🗒️rsi,bull | 3.04% | 未补,,,87.61 | 62.3 | 1.41 | no,n 78｜s 00｜d 3.02%,0,绿亮[+0.42]-绿暗[+0.41]-绿暗[+0.38]-绿暗[+0.37]-绿亮[+0.41]-绿亮[+0.52],低-低-低-低-低-高,否,68.02,15.24,"{""sqz"": {""bb_length"": 20, ""bb_mult"": 1.8, ""kc_length"": 20, ""kc_mult"": 1.5, ""use_true_range"": true, ""min_sqz_bars"": 5}, ""ema"": {""ema_length"": 200}, ""rsi"": {""rsi_length"": 14, ""rsi_ma_length"": 14, ""rsi_smooth"": ""SMA""}, ""sto"": {""stoch_length"": 14, ""smooth_k"": 3, ""smooth_d"": 3}, ""adx"": {""adx_length"": 14, ""adx_threshold"": 25}, ""r&s"": {""srb_left"": 10, ""srb_right"": 10}, ""atr"": {""atr_length"": 14, ""atr_mult"": 1.0, ""atr_smooth"": ""RMA""}, ""mcd"": {""fast_length"": 12, ""slow_length"": 26, ""signal_length"": 9}}",航海装备Ⅱ,1115.81,268.1,10.03,21.05,33.17,46.48,61.11,77.21,94.91,114.43,135.89,159.51,185.44,214.01,245.44,280.0,242.02,207.8,220.35,208.15,216.93,206.97,214.15,215.68,184.11,212.54,243.83,255.05,227.6,224.67,227.53,233.1
2024-09-27,603297,永新光学,fit,压力释放,77.99-70.45-63.85-56.04,低-低-低,9.67%-9.37%-12.23%,13,11.74,2.52,64.99,8.77,19425.0,2.0,56.83,13,📉ema📈res📉adx📈rsi,no | no | 回补,,,100.0 | 96.4 | 1.04 | no,n 60｜s 00｜d 1.83%,0,绿暗[+0.10]-绿亮[+0.42]-绿亮[+0.43]-绿亮[+1.14]-绿亮[+1.74]-绿亮[+2.51],低-低-低-低-高-高,否,72.2,69.74,"{""sqz"": {""bb_length"": 20, ""bb_mult"": 1.8, ""kc_length"": 20, ""kc_mult"": 1.5, ""use_true_range"": true, ""min_sqz_bars"": 5}, ""ema"": {""ema_length"": 200}, ""rsi"": {""rsi_length"": 14, ""rsi_ma_length"": 14, ""rsi_smooth"": ""SMA""}, ""sto"": {""stoch_length"": 14, ""smooth_k"": 3, ""smooth_d"": 3}, ""adx"": {""adx_length"": 14, ""adx_threshold"": 25}, ""r&s"": {""srb_left"": 10, ""srb_right"": 10}, ""atr"": {""atr_length"": 14, ""atr_mult"": 1.0, ""atr_smooth"": ""RMA""}, ""mcd"": {""fast_length"": 12, ""slow_length"": 26, ""signal_length"": 9}}",光学光电子,113.6,113.39,7.74,18.1,9.03,5.26,0.55,2.62,-0.55,2.06,0.71,10.91,15.49,14.17,14.56,14.66,16.09,12.6,23.99,21.2,33.45,46.93,61.72,57.95,68.66,58.06,65.23,69.18,52.13,47.95,42.25,36.88
2024-09-27,603305,旭升集团,fit,压力释放,15.26-16.39-14.04-8.99,高-低-低,7.40%-14.34%-35.97%,14,13.51,1.68,9.58,5.04,161380.0,2.0,8.96,13,📉ema📈res📉adx🗒️rsi,bull | 3.45% | 回补,,,99.54 | 96.8 | 1.03 | no,n 97｜s 00｜d 1.87%,3,红暗[-0.03]-红暗[-0.01]-红暗[-0.00]-绿亮[+0.05]-绿亮[+0.10]-绿亮[+0.19],低-低-低-低-低-高,否,67.12,12.68,"{""sqz"": {""bb_length"": 20, ""bb_mult"": 1.8, ""kc_length"": 20, ""kc_mult"": 1.5, ""use_true_range"": true, ""min_sqz_bars"": 5}, ""ema"": {""ema_length"": 200}, ""rsi"": {""rsi_length"": 14, ""rsi_ma_length"": 14, ""rsi_smooth"": ""SMA""}, ""sto"": {""stoch_length"": 14, ""smooth_k"": 3, ""smooth_d"": 3}, ""adx"": {""adx_length"": 14, ""adx_threshold"": 25}, ""r&s"": {""srb_left"": 10, ""srb_right"": 10}, ""atr"": {""atr_length"": 14, ""atr_mult"": 1.0, ""atr_smooth"": ""RMA""}, ""mcd"": {""fast_length"": 12, ""slow_length"": 26, ""signal_length"": 9}}",汽车零部件,165.73,165.73,10.44,19.83,7.62,5.22,-0.1,1.98,-2.09,-2.82,-4.18,-0.52,-0.94,2.4,4.18,8.66,13.88,25.68,31.73,37.47,31.0,33.4,47.18,48.43,44.68,49.48,47.29,36.01,50.0,58.87,50.84,45.72
2024-09-27,603319,美湖股份,fit,一直释放,13.06-12.78-14.13-11.15,低-高-低,2.14%-10.56%-21.09%,13,6.49,1.24,11.61,3.85,44577.0,2.0,10.96,44,📈ema📈res📉adx📈rsi,no | no | 回补,,,91.42 | 74.7 | 1.22 | no,n 63｜s 00｜d 8.30%,0,绿亮[+0.54]-绿暗[+0.51]-绿暗[+0.45]-绿暗[+0.43]-绿暗[+0.41]-绿暗[+0.39],低-低-低-低-高-高,否,71.76,11.2,"{""sqz"": {""bb_length"": 20, ""bb_mult"": 1.8, ""kc_length"": 20, ""kc_mult"": 1.5, ""use_true_range"": true, ""min_sqz_bars"": 5}, ""ema"": {""ema_length"": 200}, ""rsi"": {""rsi_length"": 14, ""rsi_ma_length"": 14, ""rsi_smooth"": ""SMA""}, ""sto"": {""stoch_length"": 14, ""smooth_k"": 3, ""smooth_d"": 3}, ""adx"": {""adx_length"": 14, ""adx_threshold"": 25}, ""r&s"": {""srb_left"": 10, ""srb_right"": 10}, ""atr"": {""atr_length"": 14, ""atr_mult"": 1.0, ""atr_smooth"": ""RMA""}, ""mcd"": {""fast_length"": 12, ""slow_length"": 26, ""signal_length"": 9}}",汽车零部件,107.99,107.99,8.18,14.04,6.2,8.18,4.31,7.49,7.49,8.18,13.78,15.16,12.32,12.66,12.83,22.83,21.71,28.85,28.25,35.14,34.45,23.26,25.58,35.83,35.92,40.31,43.32,47.29,47.37,52.97,51.94,46.94
2024-09-27,603396,金辰股份,fit,压力释放,45.06-44.65-28.49-26.12,低-低-低,0.91%-36.19%-8.32%,14,16.3,1.49,27.58,9.01,53053.0,4.0,24.44,11,📉ema📈res📉adx🗒️rsi,bull | 2.08% | 回补,,,100.0 | 87.35 | 1.14 | no,n 82｜s 00｜d 2.32%,6,红亮[-0.21]-红亮[-0.36]-红亮[-0.57]-红亮[-0.59]-红暗[-0.51]-红暗[-0.33],低-低-低-低-低-低,否,65.81,37.15,"{""sqz"": {""bb_length"": 20, ""bb_mult"": 1.8, ""kc_length"": 20, ""kc_mult"": 1.5, ""use_true_range"": true, ""min_sqz_bars"": 5}, ""ema"": {""ema_length"": 200}, ""rsi"": {""rsi_length"": 14, ""rsi_ma_length"": 14, ""rsi_smooth"": ""SMA""}, ""sto"": {""stoch_length"": 14, ""smooth_k"": 3, ""smooth_d"": 3}, ""adx"": {""adx_length"": 14, ""adx_threshold"": 25}, ""r&s"": {""srb_left"": 10, ""srb_right"": 10}, ""atr"": {""atr_length"": 14, ""atr_mult"": 1.0, ""atr_smooth"": ""RMA""}, ""mcd"": {""fast_length"": 12, ""slow_length"": 26, ""signal_length"": 9}}",光伏设备,57.05,57.05,10.04,19.51,8.16,6.78,2.14,4.57,2.43,0.58,-1.09,1.7,4.64,7.61,14.76,9.75,20.78,28.5,20.34,17.88,20.74,14.9,17.44,20.67,19.8,19.43,18.56,23.75,20.88,24.0,19.69,15.48
2024-09-27,603416,信捷电气,fit,压力释放,28.82-31.96-31.48-29.55,高-低-低,10.90%-1.50%-6.13%,15,13.48,1.56,31.37,5.66,21026.0,2.0,28.97,12,📈ema📈res📉adx🗒️rsi,bull | 2.18% | 未补,,,100.0 | 85.17 | 1.17 | no,n 90｜s 00｜d 1.74%,5,红暗[-0.16]-红暗[-0.13]-红亮[-0.24]-红暗[-0.16]-红暗[-0.06]-绿亮[+0.18],低-低-低-低-低-高,否,68.69,28.82,"{""sqz"": {""bb_length"": 20, ""bb_mult"": 1.8, ""kc_length"": 20, ""kc_mult"": 1.5, ""use_true_range"": true, ""min_sqz_bars"": 5}, ""ema"": {""ema_length"": 200}, ""rsi"": {""rsi_length"": 14, ""rsi_ma_length"": 14, ""rsi_smooth"": ""SMA""}, ""sto"": {""stoch_length"": 14, ""smooth_k"": 3, ""smooth_d"": 3}, ""adx"": {""adx_length"": 14, ""adx_threshold"": 25}, ""r&s"": {""srb_left"": 10, ""srb_right"": 10}, ""atr"": {""atr_length"": 14, ""atr_mult"": 1.0, ""atr_smooth"": ""RMA""}, ""mcd"": {""fast_length"": 12, ""slow_length"": 26, ""signal_length"": 9}}",自动化设备,77.27,68.47,10.46,19.67,9.28,9.34,4.05,8.35,5.9,3.89,2.61,6.5,8.83,10.17,8.48,7.94,9.5,11.38,10.36,8.67,5.71,4.43,8.83,12.81,14.41,14.92,15.68,17.79,14.38,15.21,14.03,11.32
2024-09-27,603511,爱慕股份,fit,压力释放,13.03-13.53-12.01-10.59,高-低-低,3.84%-11.23%-11.82%,28,10.31,2.33,11.06,3.36,15505.0,0.0,10.45,20,📉ema📈res📉adx📈rsi,bull | 2.67% | 回补,,,99.42 | 99.42 | 1.0 | no,n 78｜s 00｜d 2.58%,4,红暗[-0.13]-红亮[-0.14]-红暗[-0.08]-红暗[-0.03]-绿亮[+0.01]-绿亮[+0.11],低-低-低-低-低-高,否,72.6,12.07,"{""sqz"": {""bb_length"": 20, ""bb_mult"": 1.8, ""kc_length"": 20, ""kc_mult"": 1.5, ""use_true_range"": true, ""min_sqz_bars"": 5}, ""ema"": {""ema_length"": 200}, ""rsi"": {""rsi_length"": 14, ""rsi_ma_length"": 14, ""rsi_smooth"": ""SMA""}, ""sto"": {""stoch_length"": 14, ""smooth_k"": 3, ""smooth_d"": 3}, ""adx"": {""adx_length"": 14, ""adx_threshold"": 25}, ""r&s"": {""srb_left"": 10, ""srb_right"": 10}, ""atr"": {""atr_length"": 14, ""atr_mult"": 1.0, ""atr_smooth"": ""RMA""}, ""mcd"": {""fast_length"": 12, ""slow_length"": 26, ""signal_length"": 9}}",服装家纺,55.31,55.02,8.23,11.39,1.36,3.53,0.72,1.45,-0.9,-0.63,-1.63,-0.63,0.27,2.62,3.25,3.98,4.61,6.06,4.16,0.45,0.45,-1.72,1.36,2.35,2.71,4.7,4.88,5.42,4.34,5.7,3.89,8.59
2024-09-27,603528,多伦科技,fit,压力释放,7.31-7.45-6.5-6.52,高-低-高,1.92%-12.75%-0.31%,17,14.39,0.96,6.65,4.4,218536.0,3.0,6.17,12,📉ema📈res📉adx🗒️rsi,bull | 0.47% | 未补,,,100.0 | 99.08 | 1.01 | no,n 78｜s 00｜d 1.26%,4,绿暗[+0.00]-红亮[-0.03]-红亮[-0.05]-红亮[-0.07]-红暗[-0.03]-绿亮[+0.02],低-低-低-低-低-低,否,66.78,6.87,"{""sqz"": {""bb_length"": 20, ""bb_mult"": 1.8, ""kc_length"": 20, ""kc_mult"": 1.5, ""use_true_range"": true, ""min_sqz_bars"": 5}, ""ema"": {""ema_length"": 200}, ""rsi"": {""rsi_length"": 14, ""rsi_ma_length"": 14, ""rsi_smooth"": ""SMA""}, ""sto"": {""stoch_length"": 14, ""smooth_k"": 3, ""smooth_d"": 3}, ""adx"": {""adx_length"": 14, ""adx_threshold"": 25}, ""r&s"": {""srb_left"": 10, ""srb_right"": 10}, ""atr"": {""atr_length"": 14, ""atr_mult"": 1.0, ""atr_smooth"": ""RMA""}, ""mcd"": {""fast_length"": 12, ""slow_length"": 26, ""signal_length"": 9}}",软件开发,56.9,56.9,9.92,20.75,8.72,9.17,2.71,7.97,6.02,5.26,7.22,9.92,14.59,11.43,10.83,11.13,13.98,16.84,13.83,22.11,21.05,13.98,15.34,18.5,19.4,20.0,23.46,29.92,25.56,25.71,20.9,17.14
2024-09-27,603568,伟明环保,fit,压力释放,18.4-21.76-21.7-18.8,高-低-低,18.26%-0.28%-13.36%,27,11.84,2.42,19.29,4.89,44235.0,0.0,18.02,33,📈ema📈res📉adx🗒️rsi,bull | 1.03% | 回补,,,93.69 | 82.57 | 1.13 | no,n 74｜s 00｜d 3.99%,6,红亮[-0.36]-红亮[-0.41]-红亮[-0.45]-红暗[-0.29]-红暗[-0.22]-红暗[-0.03],低-低-低-低-低-低,否,68.74,18.11,"{""sqz"": {""bb_length"": 20, ""bb_mult"": 1.8, ""kc_length"": 20, ""kc_mult"": 1.5, ""use_true_range"": true, ""min_sqz_bars"": 5}, ""ema"": {""ema_length"": 200}, ""rsi"": {""rsi_length"": 14, ""rsi_ma_length"": 14, ""rsi_smooth"": ""SMA""}, ""sto"": {""stoch_length"": 14, ""smooth_k"": 3, ""smooth_d"": 3}, ""adx"": {""adx_length"": 14, ""adx_threshold"": 25}, ""r&s"": {""srb_left"": 10, ""srb_right"": 10}, ""atr"": {""atr_length"": 14, ""atr_mult"": 1.0, ""atr_smooth"": ""RMA""}, ""mcd"": {""fast_length"": 12, ""slow_length"": 26, ""signal_length"": 9}}",环境治理,449.59,448.78,10.26,17.57,8.81,10.73,8.66,12.55,5.5,3.63,1.61,5.24,5.29,7.41,8.14,7.05,7.98,6.64,5.03,5.44,3.73,3.99,5.24,5.18,5.55,7.88,8.45,10.63,10.94,13.74,11.15,8.86
2024-09-27,603601,再升科技,fit,压力释放,4.04-3.39-2.68-2.69,低-低-高,16.09%-20.94%-0.37%,15,8.03,1.36,2.92,5.04,155545.0,2.0,2.73,27,📉ema📈res📉adx📈rsi,bull | 1.81% | 未补,,,100.0 | 90.92 | 1.1 | no,n 70｜s 00｜d 1.76%,0,绿亮[+0.06]-绿暗[+0.06]-绿暗[+0.04]-绿暗[+0.04]-绿亮[+0.05]-绿亮[+0.06],低-低-低-低-高-高,否,71.82,3.09,"{""sqz"": {""bb_length"": 20, ""bb_mult"": 1.8, ""kc_length"": 20, ""kc_mult"": 1.5, ""use_true_range"": true, ""min_sqz_bars"": 5}, ""ema"": {""ema_length"": 200}, ""rsi"": {""rsi_length"": 14, ""rsi_ma_length"": 14, ""rsi_smooth"": ""SMA""}, ""sto"": {""stoch_length"": 14, ""smooth_k"": 3, ""smooth_d"": 3}, ""adx"": {""adx_length"": 14, ""adx_threshold"": 25}, ""r&s"": {""srb_left"": 10, ""srb_right"": 10}, ""atr"": {""atr_length"": 14, ""atr_mult"": 1.0, ""atr_smooth"": ""RMA""}, ""mcd"": {""fast_length"": 12, ""slow_length"": 26, ""signal_length"": 9}}",专业工程,150.56,150.56,9.59,14.73,5.14,5.14,1.37,3.42,1.37,5.14,3.77,4.79,6.16,7.19,7.53,7.88,10.27,13.36,9.93,10.62,11.99,8.9,10.96,12.67,15.75,19.18,19.86,27.05,22.6,21.23,16.78,15.07
2024-09-27,603609,禾丰股份,fit,压力释放,7.39-7.45-7.94-7.11,高-高-低,0.81%-6.58%-10.45%,39,13.4,1.4,7.34,3.09,32480.0,0.0,6.98,12,📈ema📈res📉adx🗒️rsi,bull | 2.28% | 回补,,,96.28 | 92.13 | 1.05 | no,n 73｜s 00｜d 1.26%,1,红暗[-0.01]-绿亮[+0.01]-绿亮[+0.01]-绿亮[+0.05]-绿亮[+0.08]-绿亮[+0.14],低-低-低-低-低-高,否,69.72,7.2,"{""sqz"": {""bb_length"": 20, ""bb_mult"": 1.8, ""kc_length"": 20, ""kc_mult"": 1.5, ""use_true_range"": true, ""min_sqz_bars"": 5}, ""ema"": {""ema_length"": 200}, ""rsi"": {""rsi_length"": 14, ""rsi_ma_length"": 14, ""rsi_smooth"": ""SMA""}, ""sto"": {""stoch_length"": 14, ""smooth_k"": 3, ""smooth_d"": 3}, ""adx"": {""adx_length"": 14, ""adx_threshold"": 25}, ""r&s"": {""srb_left"": 10, ""srb_right"": 10}, ""atr"": {""atr_length"": 14, ""atr_mult"": 1.0, ""atr_smooth"": ""RMA""}, ""mcd"": {""fast_length"": 12, ""slow_length"": 26, ""signal_length"": 9}}",饲料,62.13,62.13,6.95,8.58,-0.95,0.14,-3.13,-1.63,-3.68,-2.86,-4.5,-3.13,-3.27,-2.04,-1.36,-1.77,0.82,3.41,0.68,10.76,11.04,13.76,17.85,16.76,16.62,18.94,15.26,14.31,13.76,13.49,11.17,10.63
2024-09-27,603612,索通发展,fit,压力释放,12.38-14.86-16.62-10.78,高-高-低,20.03%-11.84%-35.14%,18,12.64,1.4,11.47,6.5,78512.0,2.0,10.58,15,📉ema📈res📉adx🗒️rsi,bull | 3.48% | 未补,,,98.14 | 90.5 | 1.08 | no,n 91｜s 00｜d 2.47%,6,红暗[-0.07]-红亮[-0.13]-红亮[-0.20]-红暗[-0.17]-红暗[-0.15]-红暗[-0.05],低-低-低-低-低-低,否,67.24,12.53,"{""sqz"": {""bb_length"": 20, ""bb_mult"": 1.8, ""kc_length"": 20, ""kc_mult"": 1.5, ""use_true_range"": true, ""min_sqz_bars"": 5}, ""ema"": {""ema_length"": 200}, ""rsi"": {""rsi_length"": 14, ""rsi_ma_length"": 14, ""rsi_smooth"": ""SMA""}, ""sto"": {""stoch_length"": 14, ""smooth_k"": 3, ""smooth_d"": 3}, ""adx"": {""adx_length"": 14, ""adx_threshold"": 25}, ""r&s"": {""srb_left"": 10, ""srb_right"": 10}, ""atr"": {""atr_length"": 14, ""atr_mult"": 1.0, ""atr_smooth"": ""RMA""}, ""mcd"": {""fast_length"": 12, ""slow_length"": 26, ""signal_length"": 9}}",非金属材料Ⅱ,131.0,131.0,9.76,14.56,5.23,5.41,1.66,4.53,1.92,2.35,1.83,4.01,4.8,7.15,9.59,14.3,25.89,20.58,16.91,16.39,18.48,18.31,19.62,23.02,28.68,28.25,25.72,29.38,25.54,25.2,20.05,17.09
2024-09-27,603685,晨丰科技,fit,压力释放,14.8-14.83-11.7-11.06,高-低-低,0.20%-21.11%-5.47%,16,8.54,0.95,11.37,2.52,13000.0,1.0,10.68,41,📉ema📈res📉adx🗒️rsi,bull | 0.09% | 未补,,,100.0 | 91.29 | 1.1 | no,n 73｜s 00｜d 2.05%,5,红暗[-0.20]-红暗[-0.18]-红暗[-0.16]-红暗[-0.12]-红暗[-0.08]-绿亮[+0.00],低-低-低-低-低-高,否,65.15,12.41,"{""sqz"": {""bb_length"": 20, ""bb_mult"": 1.8, ""kc_length"": 20, ""kc_mult"": 1.5, ""use_true_range"": true, ""min_sqz_bars"": 5}, ""ema"": {""ema_length"": 200}, ""rsi"": {""rsi_length"": 14, ""rsi_ma_length"": 14, ""rsi_smooth"": ""SMA""}, ""sto"": {""stoch_length"": 14, ""smooth_k"": 3, ""smooth_d"": 3}, ""adx"": {""adx_length"": 14, ""adx_threshold"": 25}, ""r&s"": {""srb_left"": 10, ""srb_right"": 10}, ""atr"": {""atr_length"": 14, ""atr_mult"": 1.0, ""atr_smooth"": ""RMA""}, ""mcd"": {""fast_length"": 12, ""slow_length"": 26, ""signal_length"": 9}}",光学光电子,69.51,55.81,7.21,10.99,4.13,4.75,0.18,3.25,0.79,0.97,1.5,2.99,3.34,5.28,5.45,5.1,6.6,8.88,7.21,7.04,6.68,3.17,6.24,6.95,7.65,9.06,10.73,12.84,14.25,19.79,21.28,12.66
2024-09-27,603711,香飘飘,fit,压力释放,16.6-20.53-11.94-11.17,高-低-低,23.67%-41.84%-6.45%,13,13.06,2.23,12.23,5.89,54644.0,1.0,11.18,6,📉ema📈res📉adx🗒️rsi,bull | 5.17% | 回补,,,97.45 | 92.53 | 1.05 | no,n 85｜s 00｜d 0.74%,5,红暗[-0.37]-红暗[-0.33]-红暗[-0.30]-红暗[-0.19]-红暗[-0.10]-绿亮[+0.11],低-低-低-低-低-高,否,69.87,13.92,"{""sqz"": {""bb_length"": 20, ""bb_mult"": 1.8, ""kc_length"": 20, ""kc_mult"": 1.5, ""use_true_range"": true, ""min_sqz_bars"": 5}, ""ema"": {""ema_length"": 200}, ""rsi"": {""rsi_length"": 14, ""rsi_ma_length"": 14, ""rsi_smooth"": ""SMA""}, ""sto"": {""stoch_length"": 14, ""smooth_k"": 3, ""smooth_d"": 3}, ""adx"": {""adx_length"": 14, ""adx_threshold"": 25}, ""r&s"": {""srb_left"": 10, ""srb_right"": 10}, ""atr"": {""atr_length"": 14, ""atr_mult"": 1.0, ""atr_smooth"": ""RMA""}, ""mcd"": {""fast_length"": 12, ""slow_length"": 26, ""signal_length"": 9}}",饮料乳品,51.69,51.69,8.18,5.81,-4.99,-5.48,-6.79,-6.05,-8.34,-6.79,-4.33,-4.66,-4.33,-4.82,4.91,11.37,16.76,11.04,13.9,9.57,10.14,4.01,5.72,14.47,13.25,22.65,18.15,16.43,14.8,18.72,30.83,36.3
2024-09-27,603809,豪能股份,fit,压力释放,7.26-6.56-6.09-5.62,低-低-低,9.64%-7.16%-7.72%,18,11.95,1.35,6.05,6.89,103308.0,2.0,5.52,15,📈ema📈res📉adx📈rsi,bull | 2.69% | 未补,,,98.87 | 92.02 | 1.07 | no,n 92｜s 00｜d 2.39%,4,红暗[-0.04]-红暗[-0.03]-红亮[-0.03]-红暗[-0.01]-绿亮[+0.02]-绿亮[+0.07],低-低-低-低-低-高,否,71.02,5.43,"{""sqz"": {""bb_length"": 20, ""bb_mult"": 1.8, ""kc_length"": 20, ""kc_mult"": 1.5, ""use_true_range"": true, ""min_sqz_bars"": 5}, ""ema"": {""ema_length"": 200}, ""rsi"": {""rsi_length"": 14, ""rsi_ma_length"": 14, ""rsi_smooth"": ""SMA""}, ""sto"": {""stoch_length"": 14, ""smooth_k"": 3, ""smooth_d"": 3}, ""adx"": {""adx_length"": 14, ""adx_threshold"": 25}, ""r&s"": {""srb_left"": 10, ""srb_right"": 10}, ""atr"": {""atr_length"": 14, ""atr_mult"": 1.0, ""atr_smooth"": ""RMA""}, ""mcd"": {""fast_length"": 12, ""slow_length"": 26, ""signal_length"": 9}}",汽车零部件,97.09,97.09,8.76,13.72,5.12,4.46,-0.99,3.8,4.46,5.95,2.48,5.12,6.12,4.96,9.26,10.91,9.09,15.37,18.84,26.45,36.36,50.25,65.62,71.9,61.49,50.25,56.69,63.8,58.35,63.31,55.21,45.95
2024-09-27,603861,白云电器,fit,压力释放,10.26-8.56-9.58-7.82,低-高-低,16.57%-11.92%-18.37%,39,12.68,1.21,8.17,2.77,45057.0,1.0,7.77,8,📉ema📈res📉adx🗒️rsi,bull | 0.76% | 回补,,,100.0 | 91.38 | 1.09 | no,n 77｜s 00｜d 2.31%,0,绿亮[+0.29]-绿亮[+0.30]-绿暗[+0.27]-绿暗[+0.27]-绿亮[+0.29]-绿亮[+0.30],低-低-低-低-高-高,否,68.08,8.22,"{""sqz"": {""bb_length"": 20, ""bb_mult"": 1.8, ""kc_length"": 20, ""kc_mult"": 1.5, ""use_true_range"": true, ""min_sqz_bars"": 5}, ""ema"": {""ema_length"": 200}, ""rsi"": {""rsi_length"": 14, ""rsi_ma_length"": 14, ""rsi_smooth"": ""SMA""}, ""sto"": {""stoch_length"": 14, ""smooth_k"": 3, ""smooth_d"": 3}, ""adx"": {""adx_length"": 14, ""adx_threshold"": 25}, ""r&s"": {""srb_left"": 10, ""srb_right"": 10}, ""atr"": {""atr_length"": 14, ""atr_mult"": 1.0, ""atr_smooth"": ""RMA""}, ""mcd"": {""fast_length"": 12, ""slow_length"": 26, ""signal_length"": 9}}",电网设备,90.05,88.06,7.83,13.34,5.02,6.12,1.35,3.06,1.71,0.73,-0.24,1.59,1.1,3.55,4.77,4.53,7.34,8.69,5.88,11.63,11.63,10.77,13.22,13.59,12.48,13.71,13.22,16.4,15.54,21.18,24.24,14.32
2024-09-27,603889,新澳股份,fit,压力释放,7.56-7.69-7.56-6.52,高-低-低,1.72%-1.69%-13.76%,25,12.41,1.48,6.64,2.95,31920.0,0.0,6.28,32,📈ema📈res📉adx🗒️rsi,bull | 2.37% | 回补,,,100.0 | 95.18 | 1.05 | no,n 83｜s 00｜d 2.32%,4,红暗[-0.12]-红暗[-0.09]-红暗[-0.06]-红暗[-0.02]-绿亮[+0.04]-绿亮[+0.11],低-低-低-低-低-低,否,67.15,6.63,"{""sqz"": {""bb_length"": 20, ""bb_mult"": 1.8, ""kc_length"": 20, ""kc_mult"": 1.5, ""use_true_range"": true, ""min_sqz_bars"": 5}, ""ema"": {""ema_length"": 200}, ""rsi"": {""rsi_length"": 14, ""rsi_ma_length"": 14, ""rsi_smooth"": ""SMA""}, ""sto"": {""stoch_length"": 14, ""smooth_k"": 3, ""smooth_d"": 3}, ""adx"": {""adx_length"": 14, ""adx_threshold"": 25}, ""r&s"": {""srb_left"": 10, ""srb_right"": 10}, ""atr"": {""atr_length"": 14, ""atr_mult"": 1.0, ""atr_smooth"": ""RMA""}, ""mcd"": {""fast_length"": 12, ""slow_length"": 26, ""signal_length"": 9}}",纺织制造,56.22,55.8,7.23,9.49,1.05,3.31,3.16,2.11,0.3,0.3,-1.96,-0.45,-3.46,-1.66,-1.66,1.81,1.36,1.51,1.66,0.3,1.51,2.11,2.26,2.86,1.96,3.31,1.66,1.96,2.11,1.2,-1.36,-2.71
2024-09-27,603887,城地香江,fit,压力释放,7.26-6.05-5.5-6.2,低-低-高,16.67%-9.09%-12.73%,57,23.75,1.02,6.79,3.98,98286.0,2.0,6.26,15,📈ema📈res📈adx📈rsi,bull | 1.71% | 未补,,,92.16 | 82.08 | 1.12 | no,n 67｜s 00｜d 5.73%,0,绿暗[+0.10]-绿亮[+0.12]-绿暗[+0.12]-绿亮[+0.13]-绿亮[+0.14]-绿亮[+0.20],低-高-高-高-高-高,否,72.82,5.93,"{""sqz"": {""bb_length"": 20, ""bb_mult"": 1.8, ""kc_length"": 20, ""kc_mult"": 1.5, ""use_true_range"": true, ""min_sqz_bars"": 5}, ""ema"": {""ema_length"": 200}, ""rsi"": {""rsi_length"": 14, ""rsi_ma_length"": 14, ""rsi_smooth"": ""SMA""}, ""sto"": {""stoch_length"": 14, ""smooth_k"": 3, ""smooth_d"": 3}, ""adx"": {""adx_length"": 14, ""adx_threshold"": 25}, ""r&s"": {""srb_left"": 10, ""srb_right"": 10}, ""atr"": {""atr_length"": 14, ""atr_mult"": 1.0, ""atr_smooth"": ""RMA""}, ""mcd"": {""fast_length"": 12, ""slow_length"": 26, ""signal_length"": 9}}",IT服务Ⅱ,95.48,94.41,8.84,19.73,31.66,44.77,59.2,75.11,92.64,93.37,112.67,133.87,157.29,170.25,197.35,197.5,167.75,140.94,126.66,122.09,109.57,130.49,131.96,145.07,153.9,172.02,163.18,136.82,114.43,123.71,117.08,110.6
2024-09-27,603897,长城科技,fit,一直释放,16.2-17.86-18.2-15.65,高-高-低,10.25%-1.90%-14.01%,33,13.57,0.93,17.15,3.81,34311.0,2.0,16.11,18,📈ema📈res📈adx📈rsi,no | no | 回补,,,88.2 | 67.78 | 1.3 | no,n 48｜s 00｜d 6.49%,0,绿暗[+1.09]-绿暗[+0.96]-绿暗[+0.82]-绿暗[+0.75]-绿暗[+0.71]-绿暗[+0.71],低-低-低-高-高-高,否,73.65,14.86,"{""sqz"": {""bb_length"": 20, ""bb_mult"": 1.8, ""kc_length"": 20, ""kc_mult"": 1.5, ""use_true_range"": true, ""min_sqz_bars"": 5}, ""ema"": {""ema_length"": 200}, ""rsi"": {""rsi_length"": 14, ""rsi_ma_length"": 14, ""rsi_smooth"": ""SMA""}, ""sto"": {""stoch_length"": 14, ""smooth_k"": 3, ""smooth_d"": 3}, ""adx"": {""adx_length"": 14, ""adx_threshold"": 25}, ""r&s"": {""srb_left"": 10, ""srb_right"": 10}, ""atr"": {""atr_length"": 14, ""atr_mult"": 1.0, ""atr_smooth"": ""RMA""}, ""mcd"": {""fast_length"": 12, ""slow_length"": 26, ""signal_length"": 9}}",电网设备,61.72,61.72,10.44,19.18,7.7,8.98,4.72,7.93,5.71,4.31,4.2,7.76,7.29,8.69,8.8,7.35,9.97,10.85,9.1,9.1,15.57,15.51,20.17,21.17,18.37,18.43,16.97,18.95,17.2,16.85,13.06,10.15
2024-09-27,603898,好莱客,fit,压力释放,9.3-9.28-9.6-7.66,低-高-低,0.22%-3.45%-20.21%,30,12.98,1.67,7.96,3.51,42067.0,1.0,7.34,28,📉ema📈res📉adx🗒️rsi,no | no | 回补,,,94.21 | 94.21 | 1.0 | no,n 85｜s 00｜d 3.75%,2,红暗[-0.07]-红暗[-0.02]-绿亮[+0.04]-绿亮[+0.10]-绿亮[+0.17]-绿亮[+0.25],低-低-低-低-高-高,否,69.59,8.47,"{""sqz"": {""bb_length"": 20, ""bb_mult"": 1.8, ""kc_length"": 20, ""kc_mult"": 1.5, ""use_true_range"": true, ""min_sqz_bars"": 5}, ""ema"": {""ema_length"": 200}, ""rsi"": {""rsi_length"": 14, ""rsi_ma_length"": 14, ""rsi_smooth"": ""SMA""}, ""sto"": {""stoch_length"": 14, ""smooth_k"": 3, ""smooth_d"": 3}, ""adx"": {""adx_length"": 14, ""adx_threshold"": 25}, ""r&s"": {""srb_left"": 10, ""srb_right"": 10}, ""atr"": {""atr_length"": 14, ""atr_mult"": 1.0, ""atr_smooth"": ""RMA""}, ""mcd"": {""fast_length"": 12, ""slow_length"": 26, ""signal_length"": 9}}",家居用品,50.28,50.28,7.54,10.05,0.75,2.39,1.01,3.39,1.51,3.77,1.38,3.27,3.14,4.15,3.14,3.64,5.78,7.91,7.91,6.41,10.05,4.52,6.16,7.41,7.29,9.92,9.55,9.67,10.68,10.93,8.54,10.68
2024-09-27,603938,三孚股份,fit,压力释放,14.99-14.41-10.84-10.37,低-低-低,3.87%-24.77%-4.34%,18,10.55,1.57,10.99,4.67,22430.0,1.0,10.28,15,📉ema📈res📉adx🗒️rsi,bull | 2.41% | 未补,,,97.27 | 90.21 | 1.08 | no,n 84｜s 00｜d 1.30%,2,绿暗[+0.11]-绿暗[+0.06]-红亮[-0.02]-红暗[-0.01]-绿亮[+0.00]-绿亮[+0.06],低-低-低-低-高-高,否,65.63,13.14,"{""sqz"": {""bb_length"": 20, ""bb_mult"": 1.8, ""kc_length"": 20, ""kc_mult"": 1.5, ""use_true_range"": true, ""min_sqz_bars"": 5}, ""ema"": {""ema_length"": 200}, ""rsi"": {""rsi_length"": 14, ""rsi_ma_length"": 14, ""rsi_smooth"": ""SMA""}, ""sto"": {""stoch_length"": 14, ""smooth_k"": 3, ""smooth_d"": 3}, ""adx"": {""adx_length"": 14, ""adx_threshold"": 25}, ""r&s"": {""srb_left"": 10, ""srb_right"": 10}, ""atr"": {""atr_length"": 14, ""atr_mult"": 1.0, ""atr_smooth"": ""RMA""}, ""mcd"": {""fast_length"": 12, ""slow_length"": 26, ""signal_length"": 9}}",化学原料,92.21,92.21,10.01,20.84,9.01,8.28,2.46,4.46,1.82,2.37,1.82,5.73,5.0,6.28,7.83,5.55,11.74,11.28,8.19,7.1,9.01,6.64,9.83,12.92,13.74,15.29,14.83,19.2,17.02,16.92,13.28,10.83
2024-09-27,603939,益丰药房,fit,压力释放,36.13-33.53-37.7-19.85,低-高-低,7.20%-12.44%-47.35%,18,19.51,1.78,22.25,9.93,211126.0,2.0,19.79,11,📉ema📈res📉adx🗒️rsi,bull | 7.80% | 回补,,,98.64 | 91.04 | 1.08 | no,n 52｜s 00｜d 2.31%,4,红暗[-0.34]-红暗[-0.27]-红亮[-0.35]-红暗[-0.09]-绿亮[+0.08]-绿亮[+0.45],低-低-低-低-低-高,否,69.11,28.33,"{""sqz"": {""bb_length"": 20, ""bb_mult"": 1.8, ""kc_length"": 20, ""kc_mult"": 1.5, ""use_true_range"": true, ""min_sqz_bars"": 5}, ""ema"": {""ema_length"": 200}, ""rsi"": {""rsi_length"": 14, ""rsi_ma_length"": 14, ""rsi_smooth"": ""SMA""}, ""sto"": {""stoch_length"": 14, ""smooth_k"": 3, ""smooth_d"": 3}, ""adx"": {""adx_length"": 14, ""adx_threshold"": 25}, ""r&s"": {""srb_left"": 10, ""srb_right"": 10}, ""atr"": {""atr_length"": 14, ""atr_mult"": 1.0, ""atr_smooth"": ""RMA""}, ""mcd"": {""fast_length"": 12, ""slow_length"": 26, ""signal_length"": 9}}",医药商业,292.19,292.19,10.43,19.6,7.19,5.48,0.0,0.49,-1.53,-2.88,-2.92,-1.66,1.75,7.91,7.55,5.71,8.58,9.12,6.43,0.09,3.51,14.16,13.26,12.58,12.9,15.82,12.94,12.18,16.36,11.78,9.35,6.52
2024-09-27,605060,联德股份,fit,压力释放,18.98-17.15-13.31-12.07,低-低-低,9.64%-22.39%-9.32%,13,8.84,1.54,13.26,10.32,48756.0,2.0,11.83,31,📉ema📈res📈adx📈rsi,bull | 2.17% | 回补,,,100.0 | 86.88 | 1.15 | no,n 89｜s 00｜d 3.49%,6,红暗[-0.23]-红暗[-0.20]-红亮[-0.21]-红暗[-0.16]-红暗[-0.10]-红暗[-0.01],低-低-低-低-低-高,是,75.34,14.86,"{""sqz"": {""bb_length"": 20, ""bb_mult"": 1.8, ""kc_length"": 20, ""kc_mult"": 1.5, ""use_true_range"": true, ""min_sqz_bars"": 5}, ""ema"": {""ema_length"": 200}, ""rsi"": {""rsi_length"": 14, ""rsi_ma_length"": 14, ""rsi_smooth"": ""SMA""}, ""sto"": {""stoch_length"": 14, ""smooth_k"": 3, ""smooth_d"": 3}, ""adx"": {""adx_length"": 14, ""adx_threshold"": 25}, ""r&s"": {""srb_left"": 10, ""srb_right"": 10}, ""atr"": {""atr_length"": 14, ""atr_mult"": 1.0, ""atr_smooth"": ""RMA""}, ""mcd"": {""fast_length"": 12, ""slow_length"": 26, ""signal_length"": 9}}",通用设备,129.49,128.6,10.26,14.25,3.17,3.54,0.08,0.83,-0.75,-0.23,-1.36,0.45,0.15,1.66,4.83,6.86,11.09,13.42,10.63,11.39,11.54,9.65,10.41,11.84,12.67,13.57,20.29,26.17,24.96,24.89,20.59,22.1
2024-09-27,605123,派克新材,fit,压力释放,73.61-70.94-52.14-47.21,低-低-低,3.63%-26.50%-9.46%,13,9.71,1.5,50.09,4.75,10658.0,1.0,46.39,8,📉ema📈res📉adx🗒️rsi,bull | 3.07% | 回补,,,98.8 | 82.53 | 1.2 | no,n 86｜s 00｜d 1.09%,0,绿亮[+1.16]-绿暗[+1.06]-绿暗[+0.82]-绿亮[+0.86]-绿亮[+0.87]-绿亮[+1.13],低-低-低-低-低-高,否,69.23,62.34,"{""sqz"": {""bb_length"": 20, ""bb_mult"": 1.8, ""kc_length"": 20, ""kc_mult"": 1.5, ""use_true_range"": true, ""min_sqz_bars"": 5}, ""ema"": {""ema_length"": 200}, ""rsi"": {""rsi_length"": 14, ""rsi_ma_length"": 14, ""rsi_smooth"": ""SMA""}, ""sto"": {""stoch_length"": 14, ""smooth_k"": 3, ""smooth_d"": 3}, ""adx"": {""adx_length"": 14, ""adx_threshold"": 25}, ""r&s"": {""srb_left"": 10, ""srb_right"": 10}, ""atr"": {""atr_length"": 14, ""atr_mult"": 1.0, ""atr_smooth"": ""RMA""}, ""mcd"": {""fast_length"": 12, ""slow_length"": 26, ""signal_length"": 9}}",航空装备Ⅱ,115.23,115.23,10.26,21.54,16.63,12.9,6.85,10.56,8.84,9.44,9.86,17.41,19.37,16.69,18.89,14.75,16.07,16.93,13.8,12.68,14.49,9.62,12.02,17.37,15.85,17.07,24.08,26.91,23.14,22.26,19.5,14.99
2024-09-27,605298,必得科技,fit,压力释放,10.57-10.39-8.45-7.94,低-低-低,1.70%-18.67%-6.04%,18,11.99,1.41,8.09,3.06,19524.0,1.0,7.67,19,📉ema📈res📉adx🗒️rsi,bull | 1.54% | 回补,,,100.0 | 90.34 | 1.11 | no,n 71｜s 00｜d 1.37%,6,红亮[-0.01]-红亮[-0.02]-红亮[-0.05]-红亮[-0.05]-红暗[-0.03]-红暗[-0.00],低-低-低-低-低-低,否,65.16,9.0,"{""sqz"": {""bb_length"": 20, ""bb_mult"": 1.8, ""kc_length"": 20, ""kc_mult"": 1.5, ""use_true_range"": true, ""min_sqz_bars"": 5}, ""ema"": {""ema_length"": 200}, ""rsi"": {""rsi_length"": 14, ""rsi_ma_length"": 14, ""rsi_smooth"": ""SMA""}, ""sto"": {""stoch_length"": 14, ""smooth_k"": 3, ""smooth_d"": 3}, ""adx"": {""adx_length"": 14, ""adx_threshold"": 25}, ""r&s"": {""srb_left"": 10, ""srb_right"": 10}, ""atr"": {""atr_length"": 14, ""atr_mult"": 1.0, ""atr_smooth"": ""RMA""}, ""mcd"": {""fast_length"": 12, ""slow_length"": 26, ""signal_length"": 9}}",轨交设备Ⅱ,85.21,84.48,7.79,13.23,3.21,6.43,1.48,4.57,2.35,4.2,3.09,4.45,5.07,6.3,6.8,10.88,19.78,22.0,15.82,15.08,23.11,27.69,31.64,44.99,58.22,47.1,62.05,71.08,75.03,71.82,67.49,57.11
2024-09-27,605365,立达信,fit,压力释放,17.74-18.16-14.98-13.76,高-低-低,2.37%-17.51%-8.14%,18,10.43,1.81,14.59,4.44,18331.0,0.0,13.65,13,📉ema📈res📉adx🗒️rsi,no | no | 回补,,,100.0 | 94.91 | 1.05 | no,n 83｜s 00｜d 0.97%,0,绿暗[+0.14]-绿暗[+0.11]-绿暗[+0.05]-绿亮[+0.08]-绿亮[+0.13]-绿亮[+0.21],低-低-低-低-高-高,否,68.19,15.84,"{""sqz"": {""bb_length"": 20, ""bb_mult"": 1.8, ""kc_length"": 20, ""kc_mult"": 1.5, ""use_true_range"": true, ""min_sqz_bars"": 5}, ""ema"": {""ema_length"": 200}, ""rsi"": {""rsi_length"": 14, ""rsi_ma_length"": 14, ""rsi_smooth"": ""SMA""}, ""sto"": {""stoch_length"": 14, ""smooth_k"": 3, ""smooth_d"": 3}, ""adx"": {""adx_length"": 14, ""adx_threshold"": 25}, ""r&s"": {""srb_left"": 10, ""srb_right"": 10}, ""atr"": {""atr_length"": 14, ""atr_mult"": 1.0, ""atr_smooth"": ""RMA""}, ""mcd"": {""fast_length"": 12, ""slow_length"": 26, ""signal_length"": 9}}",照明设备Ⅱ,92.12,92.12,9.66,16.18,5.48,4.04,-1.03,2.47,-0.27,0.34,-0.69,3.43,4.39,4.25,4.25,3.98,5.89,7.2,10.56,7.54,10.56,1.71,5.0,6.58,5.28,6.92,7.4,9.05,7.27,7.81,4.93,4.32
2024-09-27,605580,恒盛能源,fit,压力释放,10.7-11.05-8.42-8.02,高-低-低,3.27%-23.80%-4.75%,14,12.48,1.45,8.18,2.89,17031.0,1.0,7.73,12,📉ema📈res📉adx🗒️rsi,no | no | 未补,,,100.0 | 96.5 | 1.04 | no,n 86｜s 00｜d 1.88%,3,红暗[-0.08]-红暗[-0.06]-红暗[-0.04]-绿亮[+0.01]-绿亮[+0.07]-绿亮[+0.13],低-低-低-低-低-低,否,66.67,9.12,"{""sqz"": {""bb_length"": 20, ""bb_mult"": 1.8, ""kc_length"": 20, ""kc_mult"": 1.5, ""use_true_range"": true, ""min_sqz_bars"": 5}, ""ema"": {""ema_length"": 200}, ""rsi"": {""rsi_length"": 14, ""rsi_ma_length"": 14, ""rsi_smooth"": ""SMA""}, ""sto"": {""stoch_length"": 14, ""smooth_k"": 3, ""smooth_d"": 3}, ""adx"": {""adx_length"": 14, ""adx_threshold"": 25}, ""r&s"": {""srb_left"": 10, ""srb_right"": 10}, ""atr"": {""atr_length"": 14, ""atr_mult"": 1.0, ""atr_smooth"": ""RMA""}, ""mcd"": {""fast_length"": 12, ""slow_length"": 26, ""signal_length"": 9}}",电力,60.31,60.31,8.31,14.91,5.87,6.11,3.67,5.62,3.3,4.77,2.69,3.3,3.3,4.65,5.01,4.77,7.09,9.54,9.78,9.9,9.17,7.82,8.8,8.92,9.66,11.37,12.47,17.11,13.81,12.47,10.02,14.55
