日期,代码,名称,条件,释放,PSQ,TSQ,RSQ,BSA,RPT,MZS,现价,涨幅(%),成交量,换手(%),止损,挤压,判断,FVG,AVWAP,BIAS,STO,分数,红色,动能,趋势,放量,RSI,EMA,参数,行业,总市值(亿),流通市值(亿),FC1,FC2,FC3,FC4,FC5,FC6,FC7,FC8,FC9,FC10,FC11,FC12,FC13,FC14,FC15,FC16,FC17,FC18,FC19,FC20,FC21,FC22,FC23,FC24,FC25,FC26,FC27,FC28,FC29,FC30
2024-09-30,000513,丽珠集团,fit,压力释放,37.93-37.12-36.89-35.85,低-低-低,2.14%-0.62%-2.82%,14,5.91,3.0,39.57,5.97,150428.0,3.0,36.74,12,📈ema📈res📉adx📈rsi,bull | 4.80% | 回补,,,100.0 | 88.05 | 1.14 | no,n 87｜s 00｜d 1.09%,4,红亮[-0.01]-红亮[-0.11]-红暗[-0.07]-红亮[-0.12]-绿亮[+0.08]-绿亮[+0.40],低-低-低-低-高-高,是,77.49,34.99,"{""sqz"": {""bb_length"": 20, ""bb_mult"": 1.8, ""kc_length"": 20, ""kc_mult"": 1.5, ""use_true_range"": true, ""min_sqz_bars"": 5}, ""ema"": {""ema_length"": 200}, ""rsi"": {""rsi_length"": 14, ""rsi_ma_length"": 14, ""rsi_smooth"": ""SMA""}, ""sto"": {""stoch_length"": 14, ""smooth_k"": 3, ""smooth_d"": 3}, ""adx"": {""adx_length"": 14, ""adx_threshold"": 25}, ""r&s"": {""srb_left"": 10, ""srb_right"": 10}, ""atr"": {""atr_length"": 14, ""atr_mult"": 1.0, ""atr_smooth"": ""RMA""}, ""mcd"": {""fast_length"": 12, ""slow_length"": 26, ""signal_length"": 9}}",化学制药,302.51,193.57,2.1,-2.68,-2.5,-4.17,-3.82,-4.95,-4.57,-7.56,-5.99,-5.43,-4.85,-5.31,-8.36,-7.94,-6.7,-8.19,-9.4,-10.18,-8.52,-7.63,-6.7,-7.33,-5.51,-6.22,-6.52,-5.94,-6.82,-8.42,-8.92,-8.92
2024-09-30,000739,普洛药业,fit,压力释放,13.54-15.14-15.28-15.11,高-高-低,11.82%-0.92%-1.11%,16,14.47,1.62,16.54,9.68,227572.0,2.0,14.86,22,📈ema📈res📉adx📈rsi,bull | 10.04% | 回补,,,83.12 | 57.16 | 1.45 | no,n 88｜s 00｜d 1.55%,6,红亮[-0.33]-红亮[-0.44]-红亮[-0.46]-红亮[-0.50]-红暗[-0.47]-红暗[-0.27],低-低-低-低-低-高,是,75.83,13.36,"{""sqz"": {""bb_length"": 20, ""bb_mult"": 1.8, ""kc_length"": 20, ""kc_mult"": 1.5, ""use_true_range"": true, ""min_sqz_bars"": 5}, ""ema"": {""ema_length"": 200}, ""rsi"": {""rsi_length"": 14, ""rsi_ma_length"": 14, ""rsi_smooth"": ""SMA""}, ""sto"": {""stoch_length"": 14, ""smooth_k"": 3, ""smooth_d"": 3}, ""adx"": {""adx_length"": 14, ""adx_threshold"": 25}, ""r&s"": {""srb_left"": 10, ""srb_right"": 10}, ""atr"": {""atr_length"": 14, ""atr_mult"": 1.0, ""atr_smooth"": ""RMA""}, ""mcd"": {""fast_length"": 12, ""slow_length"": 26, ""signal_length"": 9}}",化学制药,203.31,203.23,5.02,0.79,3.33,-3.63,-4.05,-5.2,-5.99,-6.53,-7.38,-8.65,-7.38,-5.99,-6.05,-4.59,-2.12,-4.05,-5.5,-6.65,-6.89,-5.8,-4.9,-3.39,-1.45,-2.72,-1.63,-0.67,-1.75,-3.51,-5.56,-6.83
2024-09-30,000796,凯撒旅业,fit,压力释放,3.55-3.69-3.51-3.21,高-低-低,3.94%-4.88%-8.55%,21,7.0,1.5,3.42,4.91,42623.0,0.0,3.34,18,📈ema📈res📉adx📈rsi,bull | 6.87% | 回补,,,100.0 | 100.0 | 1.0 | no,n 98｜s 00｜d 1.12%,0,绿亮[+0.06]-绿暗[+0.05]-绿暗[+0.05]-绿暗[+0.04]-绿亮[+0.05]-绿亮[+0.07],低-低-低-低-低-高,否,71.41,3.34,"{""sqz"": {""bb_length"": 20, ""bb_mult"": 1.8, ""kc_length"": 20, ""kc_mult"": 1.5, ""use_true_range"": true, ""min_sqz_bars"": 5}, ""ema"": {""ema_length"": 200}, ""rsi"": {""rsi_length"": 14, ""rsi_ma_length"": 14, ""rsi_smooth"": ""SMA""}, ""sto"": {""stoch_length"": 14, ""smooth_k"": 3, ""smooth_d"": 3}, ""adx"": {""adx_length"": 14, ""adx_threshold"": 25}, ""r&s"": {""srb_left"": 10, ""srb_right"": 10}, ""atr"": {""atr_length"": 14, ""atr_mult"": 1.0, ""atr_smooth"": ""RMA""}, ""mcd"": {""fast_length"": 12, ""slow_length"": 26, ""signal_length"": 9}}",旅游及景区,86.12,71.46,4.97,3.22,8.48,11.99,11.11,14.91,13.74,8.19,10.53,16.08,21.93,28.07,34.5,40.35,54.39,48.54,47.95,35.96,33.92,36.55,37.43,44.74,40.64,40.35,41.52,37.13,31.87,27.78,22.51,23.39
2024-09-30,000819,岳阳兴长,fit,压力释放,18.12-18.85-16.33-16.59,高-低-高,4.03%-13.37%-1.59%,29,15.05,1.97,18.01,7.14,171678.0,5.0,16.3,39,📈ema📈res📉adx📈rsi,bull | 5.67% | 回补,,,100.0 | 90.6 | 1.1 | no,n 78｜s 00｜d 2.01%,3,红亮[-0.07]-红亮[-0.08]-红暗[-0.01]-绿亮[+0.09]-绿亮[+0.19]-绿亮[+0.36],低-低-低-低-低-高,是,73.06,15.69,"{""sqz"": {""bb_length"": 20, ""bb_mult"": 1.8, ""kc_length"": 20, ""kc_mult"": 1.5, ""use_true_range"": true, ""min_sqz_bars"": 5}, ""ema"": {""ema_length"": 200}, ""rsi"": {""rsi_length"": 14, ""rsi_ma_length"": 14, ""rsi_smooth"": ""SMA""}, ""sto"": {""stoch_length"": 14, ""smooth_k"": 3, ""smooth_d"": 3}, ""adx"": {""adx_length"": 14, ""adx_threshold"": 25}, ""r&s"": {""srb_left"": 10, ""srb_right"": 10}, ""atr"": {""atr_length"": 14, ""atr_mult"": 1.0, ""atr_smooth"": ""RMA""}, ""mcd"": {""fast_length"": 12, ""slow_length"": 26, ""signal_length"": 9}}",炼化及贸易,54.17,53.59,3.5,1.11,-2.17,-6.94,-5.05,-7.94,-4.5,-7.05,-7.27,-4.0,-5.61,-5.0,-7.05,-5.5,-5.55,-7.66,-9.61,-8.38,-11.6,-2.72,-1.72,-1.28,5.83,7.83,11.22,7.55,14.49,10.61,5.66,3.83
2024-09-30,000829,天音控股,fit,压力释放,8.57-9.53-8.82-9.48,高-低-高,11.20%-7.45%-7.48%,15,16.46,1.82,10.65,9.79,764219.0,7.0,9.36,12,📈ema📈res📈adx📈rsi,bull | 6.49% | 回补,,,96.69 | 86.89 | 1.11 | no,n 70｜s 00｜d 3.20%,3,绿亮[+0.04]-红亮[-0.03]-红亮[-0.05]-红暗[-0.02]-绿亮[+0.03]-绿亮[+0.11],低-低-低-低-低-高,否,76.17,8.6,"{""sqz"": {""bb_length"": 20, ""bb_mult"": 1.8, ""kc_length"": 20, ""kc_mult"": 1.5, ""use_true_range"": true, ""min_sqz_bars"": 5}, ""ema"": {""ema_length"": 200}, ""rsi"": {""rsi_length"": 14, ""rsi_ma_length"": 14, ""rsi_smooth"": ""SMA""}, ""sto"": {""stoch_length"": 14, ""smooth_k"": 3, ""smooth_d"": 3}, ""adx"": {""adx_length"": 14, ""adx_threshold"": 25}, ""r&s"": {""srb_left"": 10, ""srb_right"": 10}, ""atr"": {""atr_length"": 14, ""atr_mult"": 1.0, ""atr_smooth"": ""RMA""}, ""mcd"": {""fast_length"": 12, ""slow_length"": 26, ""signal_length"": 9}}",专业连锁Ⅱ,106.41,106.3,7.04,-3.66,0.38,-7.89,0.38,-0.56,1.69,3.94,14.37,19.91,31.92,23.47,20.56,24.32,33.43,42.82,48.73,45.73,36.71,46.76,43.19,39.62,34.08,34.18,45.07,43.19,43.94,42.07,38.5,24.6
2024-09-30,001283,豪鹏科技,fit,压力释放,54.67-45.77-51.23-35.73,低-高-低,16.28%-11.93%-30.26%,19,15.22,1.79,39.73,9.27,34423.0,6.0,34.73,22,📈ema📈res📉adx📈rsi,bull | 4.96% | 回补,,,98.21 | 97.38 | 1.01 | no,n 65｜s 00｜d 3.43%,5,红亮[-0.17]-红亮[-0.36]-红暗[-0.27]-红暗[-0.12]-红亮[-0.13]-绿亮[+0.13],低-低-低-低-低-高,否,72.02,39.56,"{""sqz"": {""bb_length"": 20, ""bb_mult"": 1.8, ""kc_length"": 20, ""kc_mult"": 1.5, ""use_true_range"": true, ""min_sqz_bars"": 5}, ""ema"": {""ema_length"": 200}, ""rsi"": {""rsi_length"": 14, ""rsi_ma_length"": 14, ""rsi_smooth"": ""SMA""}, ""sto"": {""stoch_length"": 14, ""smooth_k"": 3, ""smooth_d"": 3}, ""adx"": {""adx_length"": 14, ""adx_threshold"": 25}, ""r&s"": {""srb_left"": 10, ""srb_right"": 10}, ""atr"": {""atr_length"": 14, ""atr_mult"": 1.0, ""atr_smooth"": ""RMA""}, ""mcd"": {""fast_length"": 12, ""slow_length"": 26, ""signal_length"": 9}}",电池,73.85,58.92,7.32,-3.32,-0.58,-3.93,-3.22,-4.98,-6.49,-6.07,0.33,5.36,13.52,18.42,9.54,10.62,8.46,19.41,15.55,13.47,9.64,11.05,13.72,13.64,15.93,15.58,25.95,25.62,28.57,22.9,23.18,19.83
2024-09-30,002003,伟星股份,fit,压力释放,12.74-12.93-12.5-12.6,高-低-高,1.49%-3.33%-0.80%,16,10.82,2.13,13.55,6.61,234509.0,2.0,12.36,14,📈ema📈res📉adx📈rsi,bull | 3.72% | 未补,,,99.62 | 85.87 | 1.16 | no,n 65｜s 00｜d 1.72%,4,红亮[-0.09]-红暗[-0.09]-红暗[-0.05]-红暗[-0.01]-绿亮[+0.04]-绿亮[+0.13],低-低-低-低-低-高,是,77.04,10.73,"{""sqz"": {""bb_length"": 20, ""bb_mult"": 1.8, ""kc_length"": 20, ""kc_mult"": 1.5, ""use_true_range"": true, ""min_sqz_bars"": 5}, ""ema"": {""ema_length"": 200}, ""rsi"": {""rsi_length"": 14, ""rsi_ma_length"": 14, ""rsi_smooth"": ""SMA""}, ""sto"": {""stoch_length"": 14, ""smooth_k"": 3, ""smooth_d"": 3}, ""adx"": {""adx_length"": 14, ""adx_threshold"": 25}, ""r&s"": {""srb_left"": 10, ""srb_right"": 10}, ""atr"": {""atr_length"": 14, ""atr_mult"": 1.0, ""atr_smooth"": ""RMA""}, ""mcd"": {""fast_length"": 12, ""slow_length"": 26, ""signal_length"": 9}}",纺织制造,114.85,98.73,0.22,-3.76,-4.35,-5.17,-3.69,-6.13,-5.46,-7.31,-5.98,-6.57,-5.46,-3.32,-2.95,-3.62,-4.06,1.18,-0.89,-4.8,-6.86,-6.57,-6.42,-8.04,-6.72,-7.9,-8.93,-7.75,-8.71,-9.15,-8.78,-7.75
2024-09-30,002011,盾安环境,fit,压力释放,12.21-11.25-10.83-10.8,低-低-低,7.86%-3.73%-0.28%,15,10.66,1.9,11.92,8.66,326942.0,4.0,10.9,5,📈ema📈res📉adx📈rsi,bull | 6.21% | 回补,,,95.56 | 74.94 | 1.28 | no,n 91｜s 00｜d 0.94%,3,绿暗[+0.17]-绿暗[+0.03]-红亮[-0.01]-红亮[-0.08]-红暗[-0.06]-绿亮[+0.00],低-低-低-低-低-高,是,73.97,11.47,"{""sqz"": {""bb_length"": 20, ""bb_mult"": 1.8, ""kc_length"": 20, ""kc_mult"": 1.5, ""use_true_range"": true, ""min_sqz_bars"": 5}, ""ema"": {""ema_length"": 200}, ""rsi"": {""rsi_length"": 14, ""rsi_ma_length"": 14, ""rsi_smooth"": ""SMA""}, ""sto"": {""stoch_length"": 14, ""smooth_k"": 3, ""smooth_d"": 3}, ""adx"": {""adx_length"": 14, ""adx_threshold"": 25}, ""r&s"": {""srb_left"": 10, ""srb_right"": 10}, ""atr"": {""atr_length"": 14, ""atr_mult"": 1.0, ""atr_smooth"": ""RMA""}, ""mcd"": {""fast_length"": 12, ""slow_length"": 26, ""signal_length"": 9}}",家电零部件Ⅱ,130.04,128.21,3.19,-6.21,-6.21,-8.47,-8.14,-11.66,-12.42,-13.0,-9.4,-9.9,-7.89,-8.31,-10.07,-7.13,-6.04,-8.14,-6.29,-6.71,-8.56,-6.46,-5.79,-5.03,-2.94,-2.52,-1.26,-0.92,-2.01,-4.36,-5.2,-7.3
2024-09-30,002085,万丰奥威,fit,压力释放,18.53-15.79-15.56-13.53,低-低-低,14.79%-1.46%-13.05%,18,17.24,1.56,14.93,8.19,2355881.0,11.0,13.1,7,📈ema📈res📉adx🗒️rsi,bull | 7.87% | 未补,,,94.35 | 80.76 | 1.17 | no,n 52｜s 00｜d 1.97%,0,绿暗[+0.38]-绿暗[+0.17]-绿暗[+0.07]-绿暗[+0.04]-绿暗[+0.04]-绿亮[+0.12],低-低-低-低-低-高,否,69.41,11.03,"{""sqz"": {""bb_length"": 20, ""bb_mult"": 1.8, ""kc_length"": 20, ""kc_mult"": 1.5, ""use_true_range"": true, ""min_sqz_bars"": 5}, ""ema"": {""ema_length"": 200}, ""rsi"": {""rsi_length"": 14, ""rsi_ma_length"": 14, ""rsi_smooth"": ""SMA""}, ""sto"": {""stoch_length"": 14, ""smooth_k"": 3, ""smooth_d"": 3}, ""adx"": {""adx_length"": 14, ""adx_threshold"": 25}, ""r&s"": {""srb_left"": 10, ""srb_right"": 10}, ""atr"": {""atr_length"": 14, ""atr_mult"": 1.0, ""atr_smooth"": ""RMA""}, ""mcd"": {""fast_length"": 12, ""slow_length"": 26, ""signal_length"": 9}}",汽车零部件,297.9,297.9,8.51,-2.48,-6.3,-11.92,-4.55,-1.61,-3.75,-2.55,2.55,12.93,15.54,17.21,11.52,16.88,18.75,13.19,24.65,37.24,51.11,44.54,52.04,59.88,45.68,48.09,56.06,51.71,45.81,37.31,28.67,34.83
2024-09-30,002106,莱宝高科,fit,一直释放,10.56-10.83-10.95-9.16,高-高-低,2.56%-1.11%-16.35%,28,28.65,3.0,9.32,9.26,352611.0,5.0,8.37,26,📈ema📈res📈adx📈rsi,bull | 7.67% | 回补,,,100.0 | 100.0 | 1.0 | no,n 29｜s 00｜d 12.30%,6,红暗[-0.81]-红暗[-0.75]-红暗[-0.62]-红暗[-0.45]-红暗[-0.30]-红暗[-0.10],低-低-低-低-低-低,是,72.04,9.14,"{""sqz"": {""bb_length"": 20, ""bb_mult"": 1.8, ""kc_length"": 20, ""kc_mult"": 1.5, ""use_true_range"": true, ""min_sqz_bars"": 5}, ""ema"": {""ema_length"": 200}, ""rsi"": {""rsi_length"": 14, ""rsi_ma_length"": 14, ""rsi_smooth"": ""SMA""}, ""sto"": {""stoch_length"": 14, ""smooth_k"": 3, ""smooth_d"": 3}, ""adx"": {""adx_length"": 14, ""adx_threshold"": 25}, ""r&s"": {""srb_left"": 10, ""srb_right"": 10}, ""atr"": {""atr_length"": 14, ""atr_mult"": 1.0, ""atr_smooth"": ""RMA""}, ""mcd"": {""fast_length"": 12, ""slow_length"": 26, ""signal_length"": 9}}",光学光电子,77.5,77.31,9.87,2.25,3.0,-3.0,-0.11,-1.72,-2.79,-2.79,0.54,2.58,3.54,3.22,4.29,10.19,12.02,11.7,13.41,21.89,12.55,16.2,17.81,20.28,18.78,20.49,28.0,24.25,22.64,16.63,21.24,16.52
2024-09-30,002120,韵达股份,fit,一直释放,9.06-7.49-9.28-7.19,低-高-低,17.33%-23.90%-22.52%,41,19.83,1.4,8.69,7.95,730911.0,3.0,7.99,30,📈ema📈res📈adx📈rsi,bull | 6.71% | 回补,,,100.0 | 88.9 | 1.12 | no,n 30｜s 00｜d 11.28%,0,绿亮[+0.80]-绿暗[+0.77]-绿暗[+0.75]-绿暗[+0.69]-绿暗[+0.66]-绿暗[+0.62],高-高-高-高-高-高,是,80.34,7.14,"{""sqz"": {""bb_length"": 20, ""bb_mult"": 1.8, ""kc_length"": 20, ""kc_mult"": 1.5, ""use_true_range"": true, ""min_sqz_bars"": 5}, ""ema"": {""ema_length"": 200}, ""rsi"": {""rsi_length"": 14, ""rsi_ma_length"": 14, ""rsi_smooth"": ""SMA""}, ""sto"": {""stoch_length"": 14, ""smooth_k"": 3, ""smooth_d"": 3}, ""adx"": {""adx_length"": 14, ""adx_threshold"": 25}, ""r&s"": {""srb_left"": 10, ""srb_right"": 10}, ""atr"": {""atr_length"": 14, ""atr_mult"": 1.0, ""atr_smooth"": ""RMA""}, ""mcd"": {""fast_length"": 12, ""slow_length"": 26, ""signal_length"": 9}}",物流,196.57,190.87,2.88,-5.87,-3.91,-4.95,-3.57,-7.02,-6.33,-7.59,-6.56,-6.56,-5.18,-4.14,-5.64,-4.14,-4.49,-6.33,-5.52,-6.44,-7.02,-6.67,-5.41,-5.98,-1.96,-3.22,-4.37,-3.34,-3.68,-6.9,-7.94,-8.86
2024-09-30,002149,西部材料,fit,压力释放,14.95-15.75-13.37-13.28,高-低-低,5.35%-15.11%-0.67%,21,11.32,2.43,14.68,8.82,164082.0,3.0,13.17,20,📈ema📈res📈adx📈rsi,bull | 6.21% | 回补,,,100.0 | 94.74 | 1.06 | no,n 77｜s 00｜d 1.45%,5,红亮[-0.08]-红亮[-0.15]-红暗[-0.15]-红暗[-0.14]-红暗[-0.11]-绿亮[+0.08],低-低-低-低-低-高,是,74.68,13.49,"{""sqz"": {""bb_length"": 20, ""bb_mult"": 1.8, ""kc_length"": 20, ""kc_mult"": 1.5, ""use_true_range"": true, ""min_sqz_bars"": 5}, ""ema"": {""ema_length"": 200}, ""rsi"": {""rsi_length"": 14, ""rsi_ma_length"": 14, ""rsi_smooth"": ""SMA""}, ""sto"": {""stoch_length"": 14, ""smooth_k"": 3, ""smooth_d"": 3}, ""adx"": {""adx_length"": 14, ""adx_threshold"": 25}, ""r&s"": {""srb_left"": 10, ""srb_right"": 10}, ""atr"": {""atr_length"": 14, ""atr_mult"": 1.0, ""atr_smooth"": ""RMA""}, ""mcd"": {""fast_length"": 12, ""slow_length"": 26, ""signal_length"": 9}}",小金属,241.42,241.38,5.31,-2.25,-3.47,-5.93,-2.59,-5.18,-5.11,-3.07,-0.2,5.31,2.93,7.49,8.31,8.58,7.7,5.25,5.79,12.87,7.97,6.95,14.58,15.05,12.94,17.37,17.71,14.03,12.19,8.51,5.86,4.9
2024-09-30,002170,芭田股份,fit,压力释放,6.01-5.71-5.74-5.66,低-高-低,4.99%-0.53%-1.39%,14,8.02,1.56,6.34,10.65,393416.0,6.0,5.67,7,📈ema📈res📈adx📈rsi,bull | 7.13% | 回补,,,79.51 | 57.21 | 1.39 | no,n 89｜s 00｜d 1.39%,3,绿暗[+0.07]-绿暗[+0.02]-绿暗[+0.01]-红亮[-0.02]-红亮[-0.04]-红暗[-0.01],低-低-低-低-低-高,是,78.87,5.11,"{""sqz"": {""bb_length"": 20, ""bb_mult"": 1.8, ""kc_length"": 20, ""kc_mult"": 1.5, ""use_true_range"": true, ""min_sqz_bars"": 5}, ""ema"": {""ema_length"": 200}, ""rsi"": {""rsi_length"": 14, ""rsi_ma_length"": 14, ""rsi_smooth"": ""SMA""}, ""sto"": {""stoch_length"": 14, ""smooth_k"": 3, ""smooth_d"": 3}, ""adx"": {""adx_length"": 14, ""adx_threshold"": 25}, ""r&s"": {""srb_left"": 10, ""srb_right"": 10}, ""atr"": {""atr_length"": 14, ""atr_mult"": 1.0, ""atr_smooth"": ""RMA""}, ""mcd"": {""fast_length"": 12, ""slow_length"": 26, ""signal_length"": 9}}",农化制品,127.25,103.17,5.68,-3.63,-2.37,-6.31,-5.68,-5.52,-7.26,-7.89,-8.2,-4.89,-0.16,0.0,2.21,3.0,10.88,20.03,21.61,21.14,15.46,16.88,19.4,18.14,25.87,24.29,22.71,23.66,22.4,23.66,20.03,11.99
2024-09-30,002173,创新医疗,fit,压力释放,10.49-9.19-7.41-6.66,低-低-低,12.39%-19.37%-10.12%,34,14.83,1.85,7.56,6.93,448438.0,11.0,6.76,12,📉ema📈res📈adx📈rsi,bull | 6.82% | 回补,,,100.0 | 99.51 | 1.0 | no,n 90｜s 00｜d 2.67%,0,绿亮[+0.11]-绿亮[+0.12]-绿亮[+0.12]-绿亮[+0.14]-绿亮[+0.17]-绿亮[+0.26],低-低-低-低-低-高,是,76.26,7.67,"{""sqz"": {""bb_length"": 20, ""bb_mult"": 1.8, ""kc_length"": 20, ""kc_mult"": 1.5, ""use_true_range"": true, ""min_sqz_bars"": 5}, ""ema"": {""ema_length"": 200}, ""rsi"": {""rsi_length"": 14, ""rsi_ma_length"": 14, ""rsi_smooth"": ""SMA""}, ""sto"": {""stoch_length"": 14, ""smooth_k"": 3, ""smooth_d"": 3}, ""adx"": {""adx_length"": 14, ""adx_threshold"": 25}, ""r&s"": {""srb_left"": 10, ""srb_right"": 10}, ""atr"": {""atr_length"": 14, ""atr_mult"": 1.0, ""atr_smooth"": ""RMA""}, ""mcd"": {""fast_length"": 12, ""slow_length"": 26, ""signal_length"": 9}}",医疗服务,110.76,105.64,4.5,-5.95,-5.56,-10.45,-6.48,-5.95,-0.26,-3.97,-3.04,-2.12,0.26,-2.38,-3.31,-2.51,1.19,11.38,8.47,14.29,18.39,30.29,28.04,26.32,27.38,31.48,38.89,36.64,38.62,25.93,19.18,8.99
2024-09-30,002194,武汉凡谷,fit,压力释放,9.05-8.55-7.95-9.13,低-低-高,5.52%-7.02%-14.84%,17,14.7,2.13,10.07,8.28,613331.0,12.0,8.89,5,📈ema📈res📈adx📈rsi,bull | 2.75% | 回补,,,100.0 | 94.97 | 1.05 | no,n 44｜s 00｜d 2.99%,0,绿亮[+0.17]-绿暗[+0.15]-绿亮[+0.15]-绿亮[+0.21]-绿亮[+0.24]-绿亮[+0.31],低-低-低-高-低-高,否,75.91,8.6,"{""sqz"": {""bb_length"": 20, ""bb_mult"": 1.8, ""kc_length"": 20, ""kc_mult"": 1.5, ""use_true_range"": true, ""min_sqz_bars"": 5}, ""ema"": {""ema_length"": 200}, ""rsi"": {""rsi_length"": 14, ""rsi_ma_length"": 14, ""rsi_smooth"": ""SMA""}, ""sto"": {""stoch_length"": 14, ""smooth_k"": 3, ""smooth_d"": 3}, ""adx"": {""adx_length"": 14, ""adx_threshold"": 25}, ""r&s"": {""srb_left"": 10, ""srb_right"": 10}, ""atr"": {""atr_length"": 14, ""atr_mult"": 1.0, ""atr_smooth"": ""RMA""}, ""mcd"": {""fast_length"": 12, ""slow_length"": 26, ""signal_length"": 9}}",通信设备,70.79,52.93,6.95,-3.77,-4.67,-8.94,-5.36,-5.86,-6.95,-6.75,-3.08,-1.09,0.6,10.72,7.65,6.16,8.34,6.26,9.04,8.24,0.2,8.94,15.19,11.82,10.92,13.6,16.29,12.71,12.91,24.23,24.43,31.58
2024-09-30,002241,歌尔股份,fit,一直释放,18.39-17.31-23.56-21.11,低-高-低,5.87%-36.11%-10.40%,19,20.77,2.73,22.28,8.42,1687191.0,6.0,19.92,10,📈ema📈res📉adx📈rsi,bull | 7.77% | 未补,,,100.0 | 100.0 | 1.0 | no,n 51｜s 00｜d 3.01%,6,红暗[-1.33]-红暗[-1.31]-红暗[-1.14]-红暗[-0.96]-红暗[-0.81]-红暗[-0.43],低-低-低-低-低-低,否,72.63,17.74,"{""sqz"": {""bb_length"": 20, ""bb_mult"": 1.8, ""kc_length"": 20, ""kc_mult"": 1.5, ""use_true_range"": true, ""min_sqz_bars"": 5}, ""ema"": {""ema_length"": 200}, ""rsi"": {""rsi_length"": 14, ""rsi_ma_length"": 14, ""rsi_smooth"": ""SMA""}, ""sto"": {""stoch_length"": 14, ""smooth_k"": 3, ""smooth_d"": 3}, ""adx"": {""adx_length"": 14, ""adx_threshold"": 25}, ""r&s"": {""srb_left"": 10, ""srb_right"": 10}, ""atr"": {""atr_length"": 14, ""atr_mult"": 1.0, ""atr_smooth"": ""RMA""}, ""mcd"": {""fast_length"": 12, ""slow_length"": 26, ""signal_length"": 9}}",消费电子,803.44,711.18,7.99,-2.33,1.39,-2.42,0.04,-3.01,-5.03,-5.48,-0.76,4.53,8.03,6.96,4.17,2.87,2.65,3.59,4.8,3.5,0.54,2.96,5.75,3.28,1.35,1.53,7.63,15.17,14.86,12.79,16.83,8.57
2024-09-30,002246,北化股份,fit,一直释放,8.42-9.72-12.29-10.06,高-高-低,15.44%-26.44%-18.14%,18,25.44,1.33,10.24,8.82,529456.0,10.0,9.05,5,📈ema📈res📈adx📈rsi,bull | 3.72% | 回补,,,100.0 | 96.97 | 1.03 | no,n 39｜s 28｜d 0.36%,6,红亮[-0.79]-红暗[-0.75]-红暗[-0.71]-红暗[-0.62]-红暗[-0.50]-红暗[-0.29],低-低-低-低-低-低,是,74.66,8.21,"{""sqz"": {""bb_length"": 20, ""bb_mult"": 1.8, ""kc_length"": 20, ""kc_mult"": 1.5, ""use_true_range"": true, ""min_sqz_bars"": 5}, ""ema"": {""ema_length"": 200}, ""rsi"": {""rsi_length"": 14, ""rsi_ma_length"": 14, ""rsi_smooth"": ""SMA""}, ""sto"": {""stoch_length"": 14, ""smooth_k"": 3, ""smooth_d"": 3}, ""adx"": {""adx_length"": 14, ""adx_threshold"": 25}, ""r&s"": {""srb_left"": 10, ""srb_right"": 10}, ""atr"": {""atr_length"": 14, ""atr_mult"": 1.0, ""atr_smooth"": ""RMA""}, ""mcd"": {""fast_length"": 12, ""slow_length"": 26, ""signal_length"": 9}}",化学制品,140.0,140.0,6.64,-4.1,-1.46,-3.13,3.61,3.91,9.57,3.52,3.61,3.52,5.27,6.74,6.93,11.72,4.98,15.53,11.23,12.11,5.96,6.54,9.08,14.65,19.82,26.46,23.73,23.14,22.75,19.34,17.68,10.45
2024-09-30,002272,川润股份,fit,压力释放,6.09-5.14-5.46-5.36,低-高-低,15.60%-6.23%-1.83%,18,22.1,1.66,5.67,10.1,799822.0,21.0,4.94,15,📈ema📈res📉adx📈rsi,bull | 2.56% | 未补,,,100.0 | 97.54 | 1.03 | no,n 56｜s 00｜d 2.80%,6,红亮[-0.22]-红亮[-0.24]-红亮[-0.25]-红暗[-0.21]-红暗[-0.16]-红暗[-0.09],低-低-低-低-低-低,是,73.21,5.34,"{""sqz"": {""bb_length"": 20, ""bb_mult"": 1.8, ""kc_length"": 20, ""kc_mult"": 1.5, ""use_true_range"": true, ""min_sqz_bars"": 5}, ""ema"": {""ema_length"": 200}, ""rsi"": {""rsi_length"": 14, ""rsi_ma_length"": 14, ""rsi_smooth"": ""SMA""}, ""sto"": {""stoch_length"": 14, ""smooth_k"": 3, ""smooth_d"": 3}, ""adx"": {""adx_length"": 14, ""adx_threshold"": 25}, ""r&s"": {""srb_left"": 10, ""srb_right"": 10}, ""atr"": {""atr_length"": 14, ""atr_mult"": 1.0, ""atr_smooth"": ""RMA""}, ""mcd"": {""fast_length"": 12, ""slow_length"": 26, ""signal_length"": 9}}",通用设备,85.63,68.25,6.7,-3.88,-5.29,-4.06,5.47,4.41,14.81,26.28,38.98,52.91,68.25,85.01,103.53,123.81,146.21,139.86,163.84,190.3,161.2,135.1,126.28,110.05,104.41,108.64,114.81,108.47,105.47,97.53,82.36,74.96
2024-09-30,002273,水晶光电,fit,一直释放,15.2-15.04-20.54-18.17,低-高-低,1.05%-36.57%-11.54%,26,23.61,2.68,18.53,9.58,628598.0,5.0,16.53,14,📈ema📈res📉adx🗒️rsi,bull | 5.34% | 未补,,,96.89 | 96.89 | 1.0 | no,n 44｜s 00｜d 6.10%,6,红暗[-1.38]-红暗[-1.28]-红暗[-1.06]-红暗[-0.83]-红暗[-0.69]-红暗[-0.44],低-低-低-低-低-低,否,68.51,14.15,"{""sqz"": {""bb_length"": 20, ""bb_mult"": 1.8, ""kc_length"": 20, ""kc_mult"": 1.5, ""use_true_range"": true, ""min_sqz_bars"": 5}, ""ema"": {""ema_length"": 200}, ""rsi"": {""rsi_length"": 14, ""rsi_ma_length"": 14, ""rsi_smooth"": ""SMA""}, ""sto"": {""stoch_length"": 14, ""smooth_k"": 3, ""smooth_d"": 3}, ""adx"": {""adx_length"": 14, ""adx_threshold"": 25}, ""r&s"": {""srb_left"": 10, ""srb_right"": 10}, ""atr"": {""atr_length"": 14, ""atr_mult"": 1.0, ""atr_smooth"": ""RMA""}, ""mcd"": {""fast_length"": 12, ""slow_length"": 26, ""signal_length"": 9}}",光学光电子,322.07,315.49,8.47,3.67,5.02,-0.54,2.97,-2.81,-4.7,-4.59,1.03,4.37,3.62,2.37,0.16,0.7,2.59,13.01,22.29,21.8,18.62,17.27,19.0,15.6,15.0,15.38,22.13,25.2,23.1,18.13,17.49,11.98
2024-09-30,002275,桂林三金,fit,压力释放,13.55-14.63-12.77-13.1,高-低-高,7.97%-12.71%-2.58%,17,6.07,2.76,14.72,7.76,75488.0,1.0,13.51,5,📈ema📈res📈adx📈rsi,bull | 4.12% | 回补,,,100.0 | 99.11 | 1.01 | no,n 72｜s 00｜d 1.93%,0,绿暗[+0.22]-绿暗[+0.18]-绿亮[+0.22]-绿亮[+0.26]-绿亮[+0.33]-绿亮[+0.36],低-低-低-高-高-高,是,82.14,12.76,"{""sqz"": {""bb_length"": 20, ""bb_mult"": 1.8, ""kc_length"": 20, ""kc_mult"": 1.5, ""use_true_range"": true, ""min_sqz_bars"": 5}, ""ema"": {""ema_length"": 200}, ""rsi"": {""rsi_length"": 14, ""rsi_ma_length"": 14, ""rsi_smooth"": ""SMA""}, ""sto"": {""stoch_length"": 14, ""smooth_k"": 3, ""smooth_d"": 3}, ""adx"": {""adx_length"": 14, ""adx_threshold"": 25}, ""r&s"": {""srb_left"": 10, ""srb_right"": 10}, ""atr"": {""atr_length"": 14, ""atr_mult"": 1.0, ""atr_smooth"": ""RMA""}, ""mcd"": {""fast_length"": 12, ""slow_length"": 26, ""signal_length"": 9}}",中药Ⅱ,83.32,79.27,2.92,-5.23,-4.14,-6.45,-3.67,-5.91,-5.57,-7.07,-4.82,-5.23,-3.46,-3.4,-2.92,-2.38,-0.95,-3.67,-4.42,-4.76,-6.05,-5.1,-3.94,-4.82,-2.17,-1.9,-2.17,-1.15,-1.83,-4.14,-4.62,-5.43
2024-09-30,002332,仙琚制药,fit,压力释放,12.34-11.72-11.86-11.84,低-高-低,5.02%-1.19%-0.17%,16,11.49,2.28,13.1,8.44,215556.0,2.0,11.94,24,📈ema📈res📉adx📈rsi,bull | 7.09% | 回补,,,100.0 | 89.4 | 1.12 | no,n 89｜s 00｜d 2.28%,5,红亮[-0.22]-红暗[-0.19]-红暗[-0.11]-红暗[-0.09]-红暗[-0.04]-绿亮[+0.09],低-低-低-低-低-高,是,77.57,10.81,"{""sqz"": {""bb_length"": 20, ""bb_mult"": 1.8, ""kc_length"": 20, ""kc_mult"": 1.5, ""use_true_range"": true, ""min_sqz_bars"": 5}, ""ema"": {""ema_length"": 200}, ""rsi"": {""rsi_length"": 14, ""rsi_ma_length"": 14, ""rsi_smooth"": ""SMA""}, ""sto"": {""stoch_length"": 14, ""smooth_k"": 3, ""smooth_d"": 3}, ""adx"": {""adx_length"": 14, ""adx_threshold"": 25}, ""r&s"": {""srb_left"": 10, ""srb_right"": 10}, ""atr"": {""atr_length"": 14, ""atr_mult"": 1.0, ""atr_smooth"": ""RMA""}, ""mcd"": {""fast_length"": 12, ""slow_length"": 26, ""signal_length"": 9}}",化学制药,88.53,88.12,2.14,-4.2,-4.05,-7.18,-4.2,-6.49,-6.11,-7.63,-6.18,-7.4,-6.56,-7.02,-5.73,-6.11,0.08,-4.43,-5.34,-7.71,-7.56,-6.56,-6.03,-5.88,-3.21,-5.19,-4.89,-4.2,-5.5,-6.95,-6.56,-8.09
2024-09-30,002416,爱施德,fit,压力释放,11.34-9.54-9.6-9.46,低-高-低,15.87%-0.63%-1.46%,15,12.49,2.22,10.6,8.27,458549.0,4.0,9.56,26,📈ema📈res📉adx📈rsi,bull | 6.19% | 回补,,,100.0 | 91.45 | 1.09 | no,n 62｜s 00｜d 4.80%,4,绿暗[+0.02]-红亮[-0.06]-红亮[-0.08]-红暗[-0.07]-红暗[-0.01]-绿亮[+0.11],低-低-低-低-低-高,是,76.69,9.05,"{""sqz"": {""bb_length"": 20, ""bb_mult"": 1.8, ""kc_length"": 20, ""kc_mult"": 1.5, ""use_true_range"": true, ""min_sqz_bars"": 5}, ""ema"": {""ema_length"": 200}, ""rsi"": {""rsi_length"": 14, ""rsi_ma_length"": 14, ""rsi_smooth"": ""SMA""}, ""sto"": {""stoch_length"": 14, ""smooth_k"": 3, ""smooth_d"": 3}, ""adx"": {""adx_length"": 14, ""adx_threshold"": 25}, ""r&s"": {""srb_left"": 10, ""srb_right"": 10}, ""atr"": {""atr_length"": 14, ""atr_mult"": 1.0, ""atr_smooth"": ""RMA""}, ""mcd"": {""fast_length"": 12, ""slow_length"": 26, ""signal_length"": 9}}",专业连锁Ⅱ,159.87,157.88,2.17,-8.4,-7.64,-11.04,-7.92,-9.91,-8.87,-9.81,-6.51,-6.98,-3.3,-3.77,-4.15,-6.79,-1.13,9.25,20.66,33.21,46.98,62.17,78.87,97.26,77.08,58.87,63.11,51.51,45.75,46.13,36.7,35.28
2024-09-30,002456,欧菲光,fit,压力释放,8.38-8.62-8.42-8.98,高-低-高,2.86%-2.32%-6.65%,13,15.13,2.18,9.95,9.94,3944948.0,12.0,8.92,12,📈ema📈res📈adx📈rsi,bull | 8.01% | 未补,,,90.5 | 72.53 | 1.25 | no,n 64｜s 00｜d 2.42%,2,绿暗[+0.05]-红亮[-0.01]-绿亮[+0.00]-红亮[-0.00]-绿亮[+0.01]-绿亮[+0.09],低-低-低-低-低-高,是,74.45,8.35,"{""sqz"": {""bb_length"": 20, ""bb_mult"": 1.8, ""kc_length"": 20, ""kc_mult"": 1.5, ""use_true_range"": true, ""min_sqz_bars"": 5}, ""ema"": {""ema_length"": 200}, ""rsi"": {""rsi_length"": 14, ""rsi_ma_length"": 14, ""rsi_smooth"": ""SMA""}, ""sto"": {""stoch_length"": 14, ""smooth_k"": 3, ""smooth_d"": 3}, ""adx"": {""adx_length"": 14, ""adx_threshold"": 25}, ""r&s"": {""srb_left"": 10, ""srb_right"": 10}, ""atr"": {""atr_length"": 14, ""atr_mult"": 1.0, ""atr_smooth"": ""RMA""}, ""mcd"": {""fast_length"": 12, ""slow_length"": 26, ""signal_length"": 9}}",光学光电子,290.13,286.26,10.05,-0.7,-2.21,-6.73,0.3,-0.6,-2.51,7.24,17.99,29.75,34.57,25.13,27.24,32.16,33.17,46.53,61.21,77.29,59.6,75.58,73.87,66.83,58.39,74.27,72.16,87.14,72.46,62.51,60.4,50.85
2024-09-30,002468,申通快递,fit,一直释放,10.55-8.81-9.05-10.75,低-高-高,16.49%-2.72%-18.78%,14,8.15,0.33,11.46,6.7,401985.0,3.0,10.45,18,📈ema📈res📈adx📈rsi,bull | 4.64% | 回补,,,50.91 | 28.11 | 1.81 | yes,n 08｜s 00｜d 17.12%,0,绿暗[+1.20]-绿暗[+1.08]-绿暗[+0.99]-绿暗[+0.84]-绿暗[+0.72]-绿暗[+0.64],低-低-低-低-低-高,是,76.2,8.51,"{""sqz"": {""bb_length"": 20, ""bb_mult"": 1.8, ""kc_length"": 20, ""kc_mult"": 1.5, ""use_true_range"": true, ""min_sqz_bars"": 5}, ""ema"": {""ema_length"": 200}, ""rsi"": {""rsi_length"": 14, ""rsi_ma_length"": 14, ""rsi_smooth"": ""SMA""}, ""sto"": {""stoch_length"": 14, ""smooth_k"": 3, ""smooth_d"": 3}, ""adx"": {""adx_length"": 14, ""adx_threshold"": 25}, ""r&s"": {""srb_left"": 10, ""srb_right"": 10}, ""atr"": {""atr_length"": 14, ""atr_mult"": 1.0, ""atr_smooth"": ""RMA""}, ""mcd"": {""fast_length"": 12, ""slow_length"": 26, ""signal_length"": 9}}",物流,233.6,223.89,0.96,-6.02,-3.75,-0.79,0.17,-4.36,-4.1,-5.5,-3.93,-5.32,-4.45,-3.23,-3.32,-3.93,-4.01,-6.37,-4.1,-5.93,-5.67,-5.85,-5.06,-6.02,-2.79,-2.27,-4.97,-6.02,-6.02,-9.08,-8.81,-9.6
2024-09-30,002489,浙江永强,fit,压力释放,2.79-2.88-2.64-3.04,高-低-高,3.23%-8.33%-15.15%,19,20.63,2.29,3.2,9.59,886481.0,5.0,2.85,7,📈ema📈res📈adx📈rsi,bull | 4.23% | 回补,,,100.0 | 100.0 | 1.0 | no,n 45｜s 00｜d 1.66%,6,红亮[-0.09]-红亮[-0.10]-红暗[-0.10]-红暗[-0.10]-红暗[-0.08]-红暗[-0.02],低-低-低-低-低-低,是,76.78,2.65,"{""sqz"": {""bb_length"": 20, ""bb_mult"": 1.8, ""kc_length"": 20, ""kc_mult"": 1.5, ""use_true_range"": true, ""min_sqz_bars"": 5}, ""ema"": {""ema_length"": 200}, ""rsi"": {""rsi_length"": 14, ""rsi_ma_length"": 14, ""rsi_smooth"": ""SMA""}, ""sto"": {""stoch_length"": 14, ""smooth_k"": 3, ""smooth_d"": 3}, ""adx"": {""adx_length"": 14, ""adx_threshold"": 25}, ""r&s"": {""srb_left"": 10, ""srb_right"": 10}, ""atr"": {""atr_length"": 14, ""atr_mult"": 1.0, ""atr_smooth"": ""RMA""}, ""mcd"": {""fast_length"": 12, ""slow_length"": 26, ""signal_length"": 9}}",家居用品,73.53,64.85,5.62,-4.38,-3.13,-5.31,-4.38,-6.56,-5.94,-7.81,-6.25,-6.88,-4.69,-4.38,-3.75,-2.19,1.56,-0.94,0.63,-1.56,-4.06,-3.44,-0.94,-0.63,5.0,2.81,3.12,3.12,1.87,0.94,-0.63,-1.25
2024-09-30,002550,千红制药,fit,一直释放,5.84-5.77-5.74-5.63,低-低-低,1.20%-0.52%-1.92%,33,18.53,2.6,5.94,10.0,390779.0,4.0,5.38,39,📈ema📈res📈adx📈rsi,bull | 7.75% | 回补,,,100.0 | 99.7 | 1.0 | no,n 34｜s 00｜d 7.49%,6,红暗[-0.26]-红暗[-0.25]-红暗[-0.21]-红暗[-0.17]-红暗[-0.11]-红暗[-0.02],低-低-低-低-低-低,是,78.22,5.18,"{""sqz"": {""bb_length"": 20, ""bb_mult"": 1.8, ""kc_length"": 20, ""kc_mult"": 1.5, ""use_true_range"": true, ""min_sqz_bars"": 5}, ""ema"": {""ema_length"": 200}, ""rsi"": {""rsi_length"": 14, ""rsi_ma_length"": 14, ""rsi_smooth"": ""SMA""}, ""sto"": {""stoch_length"": 14, ""smooth_k"": 3, ""smooth_d"": 3}, ""adx"": {""adx_length"": 14, ""adx_threshold"": 25}, ""r&s"": {""srb_left"": 10, ""srb_right"": 10}, ""atr"": {""atr_length"": 14, ""atr_mult"": 1.0, ""atr_smooth"": ""RMA""}, ""mcd"": {""fast_length"": 12, ""slow_length"": 26, ""signal_length"": 9}}",化学制药,96.11,70.69,10.27,2.36,2.36,-1.18,1.52,0.17,1.01,0.67,10.94,6.57,7.74,6.4,7.07,6.73,8.92,4.38,5.72,4.88,3.54,4.04,5.39,4.71,9.09,7.74,8.75,9.43,7.74,5.05,3.03,1.52
2024-09-30,002565,顺灏股份,fit,压力释放,3.11-2.66-2.72-2.64,低-高-低,14.47%-2.26%-2.94%,17,12.34,1.63,2.98,9.96,725433.0,7.0,2.64,5,📈ema📈res📉adx📈rsi,bull | 5.77% | 回补,,,100.0 | 94.84 | 1.05 | no,n 58｜s 00｜d 2.22%,0,绿暗[+0.05]-绿暗[+0.05]-绿亮[+0.05]-绿亮[+0.06]-绿亮[+0.06]-绿亮[+0.09],低-低-低-低-低-高,是,75.28,2.74,"{""sqz"": {""bb_length"": 20, ""bb_mult"": 1.8, ""kc_length"": 20, ""kc_mult"": 1.5, ""use_true_range"": true, ""min_sqz_bars"": 5}, ""ema"": {""ema_length"": 200}, ""rsi"": {""rsi_length"": 14, ""rsi_ma_length"": 14, ""rsi_smooth"": ""SMA""}, ""sto"": {""stoch_length"": 14, ""smooth_k"": 3, ""smooth_d"": 3}, ""adx"": {""adx_length"": 14, ""adx_threshold"": 25}, ""r&s"": {""srb_left"": 10, ""srb_right"": 10}, ""atr"": {""atr_length"": 14, ""atr_mult"": 1.0, ""atr_smooth"": ""RMA""}, ""mcd"": {""fast_length"": 12, ""slow_length"": 26, ""signal_length"": 9}}",包装印刷,161.97,161.96,6.38,-4.36,-4.36,-6.71,-6.04,-1.34,-6.38,-4.7,-3.69,-3.69,0.34,6.38,5.37,8.39,9.73,9.4,12.75,19.13,9.06,8.05,19.13,27.85,32.55,28.52,26.17,23.83,23.49,23.15,24.83,15.1
2024-09-30,002595,豪迈科技,fit,一直释放,28.55-33.9-40.35-37.89,高-高-低,18.74%-19.03%-6.10%,62,13.0,0.38,45.51,9.06,77075.0,1.0,40.78,24,📈ema📈res📈adx📈rsi,no | no | 未补,,,44.59 | 28.85 | 1.55 | no,n 22｜s 00｜d 15.10%,0,绿暗[+3.25]-绿暗[+2.94]-绿暗[+2.72]-绿暗[+2.48]-绿暗[+2.30]-绿暗[+1.92],高-高-高-高-高-高,是,75.62,34.23,"{""sqz"": {""bb_length"": 20, ""bb_mult"": 1.8, ""kc_length"": 20, ""kc_mult"": 1.5, ""use_true_range"": true, ""min_sqz_bars"": 5}, ""ema"": {""ema_length"": 200}, ""rsi"": {""rsi_length"": 14, ""rsi_ma_length"": 14, ""rsi_smooth"": ""SMA""}, ""sto"": {""stoch_length"": 14, ""smooth_k"": 3, ""smooth_d"": 3}, ""adx"": {""adx_length"": 14, ""adx_threshold"": 25}, ""r&s"": {""srb_left"": 10, ""srb_right"": 10}, ""atr"": {""atr_length"": 14, ""atr_mult"": 1.0, ""atr_smooth"": ""RMA""}, ""mcd"": {""fast_length"": 12, ""slow_length"": 26, ""signal_length"": 9}}",专用设备,665.04,660.52,2.53,0.99,1.78,-0.18,2.59,0.18,1.65,1.69,9.16,4.39,4.75,5.84,5.25,4.26,3.23,2.68,1.49,-0.92,-0.46,0.09,0.15,-0.48,-0.07,-1.27,-4.26,-4.7,-2.75,-3.52,-4.53,-4.44
2024-09-30,002708,光洋股份,fit,压力释放,8.07-8.19-8.09-7.98,高-低-低,1.49%-1.22%-1.36%,18,22.77,0.96,8.16,8.22,529998.0,11.0,7.24,16,📈ema📈res📉adx🗒️rsi,bull | 4.29% | 回补,,,95.29 | 77.22 | 1.23 | no,n 91｜s 00｜d 1.02%,6,红亮[-0.02]-红亮[-0.10]-红亮[-0.15]-红亮[-0.16]-红亮[-0.17]-红暗[-0.13],低-低-低-低-低-低,是,68.67,8.02,"{""sqz"": {""bb_length"": 20, ""bb_mult"": 1.8, ""kc_length"": 20, ""kc_mult"": 1.5, ""use_true_range"": true, ""min_sqz_bars"": 5}, ""ema"": {""ema_length"": 200}, ""rsi"": {""rsi_length"": 14, ""rsi_ma_length"": 14, ""rsi_smooth"": ""SMA""}, ""sto"": {""stoch_length"": 14, ""smooth_k"": 3, ""smooth_d"": 3}, ""adx"": {""adx_length"": 14, ""adx_threshold"": 25}, ""r&s"": {""srb_left"": 10, ""srb_right"": 10}, ""atr"": {""atr_length"": 14, ""atr_mult"": 1.0, ""atr_smooth"": ""RMA""}, ""mcd"": {""fast_length"": 12, ""slow_length"": 26, ""signal_length"": 9}}",汽车零部件,67.06,61.64,4.9,-5.64,-4.78,-9.8,-5.64,-6.13,-5.88,-6.37,2.94,7.84,12.01,7.84,8.7,11.27,19.98,14.09,25.49,36.4,22.79,29.29,28.68,31.62,27.57,27.08,29.04,30.27,24.51,18.5,13.85,12.25
2024-09-30,002721,金一文化,fit,一直释放,3.09-3.15-2.86-2.58,高-低-低,1.94%-9.21%-9.79%,12,7.95,0.52,2.69,3.86,363317.0,1.0,2.54,18,📈ema📈res📈adx📈rsi,bull | 5.62% | 未补,,,50.39 | 25.22 | 2.0 | yes,n 23｜s 00｜d 12.43%,0,绿亮[+0.25]-绿暗[+0.24]-绿暗[+0.22]-绿暗[+0.21]-绿暗[+0.18]-绿暗[+0.18],低-低-低-低-低-高,是,73.82,2.58,"{""sqz"": {""bb_length"": 20, ""bb_mult"": 1.8, ""kc_length"": 20, ""kc_mult"": 1.5, ""use_true_range"": true, ""min_sqz_bars"": 5}, ""ema"": {""ema_length"": 200}, ""rsi"": {""rsi_length"": 14, ""rsi_ma_length"": 14, ""rsi_smooth"": ""SMA""}, ""sto"": {""stoch_length"": 14, ""smooth_k"": 3, ""smooth_d"": 3}, ""adx"": {""adx_length"": 14, ""adx_threshold"": 25}, ""r&s"": {""srb_left"": 10, ""srb_right"": 10}, ""atr"": {""atr_length"": 14, ""atr_mult"": 1.0, ""atr_smooth"": ""RMA""}, ""mcd"": {""fast_length"": 12, ""slow_length"": 26, ""signal_length"": 9}}",饰品,78.19,78.19,-2.97,-1.12,3.72,5.58,5.95,9.29,14.87,13.01,16.36,11.52,11.52,11.9,11.9,13.38,16.36,19.7,19.7,20.82,16.36,12.27,9.29,5.58,10.78,16.36,17.1,18.96,15.99,10.04,4.83,0.74
2024-09-30,002733,雄韬股份,fit,压力释放,14.58-14.82-10.74-11.17,高-低-高,1.65%-27.53%-4.00%,16,8.66,2.56,12.61,8.89,152562.0,4.0,11.4,45,📈ema📈res📉adx📈rsi,bull | 6.70% | 回补,,,99.91 | 85.11 | 1.17 | no,n 84｜s 00｜d 4.75%,0,绿暗[+0.13]-绿暗[+0.07]-绿暗[+0.05]-绿暗[+0.05]-绿亮[+0.06]-绿亮[+0.15],低-低-低-低-低-高,是,78.51,12.15,"{""sqz"": {""bb_length"": 20, ""bb_mult"": 1.8, ""kc_length"": 20, ""kc_mult"": 1.5, ""use_true_range"": true, ""min_sqz_bars"": 5}, ""ema"": {""ema_length"": 200}, ""rsi"": {""rsi_length"": 14, ""rsi_ma_length"": 14, ""rsi_smooth"": ""SMA""}, ""sto"": {""stoch_length"": 14, ""smooth_k"": 3, ""smooth_d"": 3}, ""adx"": {""adx_length"": 14, ""adx_threshold"": 25}, ""r&s"": {""srb_left"": 10, ""srb_right"": 10}, ""atr"": {""atr_length"": 14, ""atr_mult"": 1.0, ""atr_smooth"": ""RMA""}, ""mcd"": {""fast_length"": 12, ""slow_length"": 26, ""signal_length"": 9}}",电池,103.62,99.48,5.87,-3.97,-3.57,-4.52,-1.35,-3.49,-5.63,-6.66,-4.68,2.85,-0.48,0.48,-1.03,2.22,1.74,0.16,-0.08,1.51,-0.87,2.38,5.47,4.84,6.03,5.47,7.85,6.26,7.06,2.46,1.19,-1.03
2024-09-30,002792,通宇通讯,fit,压力释放,12.83-14.95-11.86-11.78,高-低-低,16.52%-20.67%-0.67%,34,20.57,1.96,12.75,9.07,405589.0,13.0,11.29,12,📈ema📈res📉adx📈rsi,bull | 5.17% | 回补,,,100.0 | 100.0 | 1.0 | no,n 79｜s 00｜d 2.50%,0,绿亮[+0.22]-绿亮[+0.29]-绿亮[+0.39]-绿亮[+0.49]-绿亮[+0.56]-绿亮[+0.66],低-低-低-低-低-高,否,75.65,11.06,"{""sqz"": {""bb_length"": 20, ""bb_mult"": 1.8, ""kc_length"": 20, ""kc_mult"": 1.5, ""use_true_range"": true, ""min_sqz_bars"": 5}, ""ema"": {""ema_length"": 200}, ""rsi"": {""rsi_length"": 14, ""rsi_ma_length"": 14, ""rsi_smooth"": ""SMA""}, ""sto"": {""stoch_length"": 14, ""smooth_k"": 3, ""smooth_d"": 3}, ""adx"": {""adx_length"": 14, ""adx_threshold"": 25}, ""r&s"": {""srb_left"": 10, ""srb_right"": 10}, ""atr"": {""atr_length"": 14, ""atr_mult"": 1.0, ""atr_smooth"": ""RMA""}, ""mcd"": {""fast_length"": 12, ""slow_length"": 26, ""signal_length"": 9}}",通信设备,212.68,137.16,8.08,1.88,-0.94,-7.06,-4.94,-6.04,-6.75,-5.57,-2.75,0.86,0.39,6.12,5.25,6.51,8.86,5.18,7.69,8.63,0.24,4.24,6.51,6.98,8.24,19.06,30.98,27.69,29.73,20.31,21.65,16.86
2024-09-30,002796,世嘉科技,fit,压力释放,16.81-9.77-9.45-9.26,低-低-低,41.88%-3.28%-2.01%,16,12.24,0.9,10.51,10.05,282506.0,12.0,9.17,29,📈ema📈res📈adx📈rsi,bull | 4.48% | 回补,,,100.0 | 95.49 | 1.05 | no,n 76｜s 00｜d 7.14%,0,绿亮[+0.06]-绿暗[+0.05]-绿亮[+0.05]-绿亮[+0.09]-绿亮[+0.12]-绿亮[+0.18],低-低-低-低-低-高,是,77.01,9.16,"{""sqz"": {""bb_length"": 20, ""bb_mult"": 1.8, ""kc_length"": 20, ""kc_mult"": 1.5, ""use_true_range"": true, ""min_sqz_bars"": 5}, ""ema"": {""ema_length"": 200}, ""rsi"": {""rsi_length"": 14, ""rsi_ma_length"": 14, ""rsi_smooth"": ""SMA""}, ""sto"": {""stoch_length"": 14, ""smooth_k"": 3, ""smooth_d"": 3}, ""adx"": {""adx_length"": 14, ""adx_threshold"": 25}, ""r&s"": {""srb_left"": 10, ""srb_right"": 10}, ""atr"": {""atr_length"": 14, ""atr_mult"": 1.0, ""atr_smooth"": ""RMA""}, ""mcd"": {""fast_length"": 12, ""slow_length"": 26, ""signal_length"": 9}}",通信设备,112.86,101.83,9.8,-1.14,-3.24,-6.66,-2.47,-3.43,-1.62,-2.0,1.52,3.33,2.19,2.28,4.09,3.24,5.23,2.66,2.66,4.19,-3.62,0.76,2.66,4.95,8.09,18.93,22.74,16.56,17.03,14.75,14.46,6.09
2024-09-30,300008,天海防务,fit,压力释放,4.34-4.28-4.0-3.87,低-低-低,1.38%-6.54%-3.25%,14,10.89,3.42,4.49,14.54,1972965.0,12.0,3.85,11,📈ema📈res📈adx📈rsi,bull | 7.22% | 回补,,,100.0 | 98.93 | 1.01 | no,n 84｜s 00｜d 1.23%,0,绿暗[+0.05]-绿暗[+0.04]-绿亮[+0.05]-绿亮[+0.06]-绿亮[+0.08]-绿亮[+0.12],低-低-低-低-低-高,是,82.42,3.79,"{""sqz"": {""bb_length"": 20, ""bb_mult"": 1.8, ""kc_length"": 20, ""kc_mult"": 1.5, ""use_true_range"": true, ""min_sqz_bars"": 5}, ""ema"": {""ema_length"": 200}, ""rsi"": {""rsi_length"": 14, ""rsi_ma_length"": 14, ""rsi_smooth"": ""SMA""}, ""sto"": {""stoch_length"": 14, ""smooth_k"": 3, ""smooth_d"": 3}, ""adx"": {""adx_length"": 14, ""adx_threshold"": 25}, ""r&s"": {""srb_left"": 10, ""srb_right"": 10}, ""atr"": {""atr_length"": 14, ""atr_mult"": 1.0, ""atr_smooth"": ""RMA""}, ""mcd"": {""fast_length"": 12, ""slow_length"": 26, ""signal_length"": 9}}",航海装备Ⅱ,130.98,124.86,17.82,0.89,12.47,3.56,13.14,14.7,9.8,6.9,8.91,15.59,12.69,35.19,27.84,26.5,30.29,22.72,26.06,26.95,20.27,22.49,34.3,32.52,32.07,32.29,33.85,28.73,30.07,24.28,17.82,12.03
2024-09-30,300068,南都电源,fit,一直释放,12.87-10.67-8.72-14.0,低-低-高,17.05%-18.31%-60.55%,14,33.46,1.37,16.18,20.03,2321171.0,28.0,12.84,30,📈ema📈res📈adx📈rsi,bull | 15.93% | 回补,,,58.31 | 35.56 | 1.64 | no,n 22｜s 00｜d 40.25%,0,绿暗[+2.19]-绿暗[+2.10]-绿暗[+2.00]-绿暗[+1.80]-绿暗[+1.56]-绿暗[+1.54],低-低-低-低-低-低,否,75.21,10.52,"{""sqz"": {""bb_length"": 20, ""bb_mult"": 1.8, ""kc_length"": 20, ""kc_mult"": 1.5, ""use_true_range"": true, ""min_sqz_bars"": 5}, ""ema"": {""ema_length"": 200}, ""rsi"": {""rsi_length"": 14, ""rsi_ma_length"": 14, ""rsi_smooth"": ""SMA""}, ""sto"": {""stoch_length"": 14, ""smooth_k"": 3, ""smooth_d"": 3}, ""adx"": {""adx_length"": 14, ""adx_threshold"": 25}, ""r&s"": {""srb_left"": 10, ""srb_right"": 10}, ""atr"": {""atr_length"": 14, ""atr_mult"": 1.0, ""atr_smooth"": ""RMA""}, ""mcd"": {""fast_length"": 12, ""slow_length"": 26, ""signal_length"": 9}}",电池,122.72,116.54,20.02,23.86,15.57,10.63,13.91,23.98,16.25,14.15,19.22,26.58,30.53,54.08,38.44,40.48,37.08,29.85,25.65,34.3,28.55,32.01,35.04,31.95,33.31,38.44,43.82,35.04,34.18,25.59,16.69,9.95
2024-09-30,300083,创世纪,fit,压力释放,5.63-7.3-7.09-6.33,高-低-低,29.66%-2.88%-10.72%,19,15.09,2.61,7.4,15.44,1171641.0,8.0,6.32,14,📈ema📈res📉adx📈rsi,bull | 9.97% | 回补,,,100.0 | 83.76 | 1.19 | no,n 85｜s 00｜d 0.89%,6,红亮[-0.20]-红亮[-0.25]-红暗[-0.24]-红暗[-0.24]-红暗[-0.21]-红暗[-0.13],低-低-低-低-低-高,是,79.2,5.81,"{""sqz"": {""bb_length"": 20, ""bb_mult"": 1.8, ""kc_length"": 20, ""kc_mult"": 1.5, ""use_true_range"": true, ""min_sqz_bars"": 5}, ""ema"": {""ema_length"": 200}, ""rsi"": {""rsi_length"": 14, ""rsi_ma_length"": 14, ""rsi_smooth"": ""SMA""}, ""sto"": {""stoch_length"": 14, ""smooth_k"": 3, ""smooth_d"": 3}, ""adx"": {""adx_length"": 14, ""adx_threshold"": 25}, ""r&s"": {""srb_left"": 10, ""srb_right"": 10}, ""atr"": {""atr_length"": 14, ""atr_mult"": 1.0, ""atr_smooth"": ""RMA""}, ""mcd"": {""fast_length"": 12, ""slow_length"": 26, ""signal_length"": 9}}",自动化设备,129.03,115.71,15.68,3.78,2.84,-4.46,-0.14,-2.43,-4.05,-4.19,-0.14,6.08,5.14,3.51,2.03,5.27,5.14,3.51,5.81,10.0,1.35,5.41,7.7,8.24,8.65,8.11,11.49,9.46,7.97,3.65,-0.14,-3.24
2024-09-30,300139,晓程科技,fit,压力释放,17.34-13.99-15.45-15.1,低-高-低,19.32%-10.44%-2.27%,38,28.84,1.7,16.46,19.97,899874.0,39.0,12.85,8,📈ema📈res📉adx📈rsi,bull | 4.35% | 回补,,,100.0 | 99.16 | 1.01 | no,n 66｜s 00｜d 0.72%,3,红暗[-0.42]-红暗[-0.21]-红暗[-0.00]-绿亮[+0.20]-绿亮[+0.36]-绿亮[+0.58],低-低-低-低-低-低,是,78.62,11.32,"{""sqz"": {""bb_length"": 20, ""bb_mult"": 1.8, ""kc_length"": 20, ""kc_mult"": 1.5, ""use_true_range"": true, ""min_sqz_bars"": 5}, ""ema"": {""ema_length"": 200}, ""rsi"": {""rsi_length"": 14, ""rsi_ma_length"": 14, ""rsi_smooth"": ""SMA""}, ""sto"": {""stoch_length"": 14, ""smooth_k"": 3, ""smooth_d"": 3}, ""adx"": {""adx_length"": 14, ""adx_threshold"": 25}, ""r&s"": {""srb_left"": 10, ""srb_right"": 10}, ""atr"": {""atr_length"": 14, ""atr_mult"": 1.0, ""atr_smooth"": ""RMA""}, ""mcd"": {""fast_length"": 12, ""slow_length"": 26, ""signal_length"": 9}}",贵金属,159.55,136.06,19.99,2.37,6.32,8.02,12.7,12.88,25.21,28.61,25.15,29.1,28.8,24.42,14.46,14.58,16.83,24.12,22.42,20.29,13.24,13.85,18.53,17.07,12.94,12.09,14.76,11.6,14.28,6.74,2.37,-2.07
2024-09-30,300153,科泰电源,fit,压力释放,7.34-6.24-5.93-6.51,低-低-高,14.99%-4.97%-9.78%,17,14.41,2.74,7.74,15.01,313189.0,10.0,6.62,5,📈ema📈res📈adx📈rsi,bull | 9.79% | 回补,,,100.0 | 82.15 | 1.22 | no,n 35｜s 00｜d 2.81%,0,绿暗[+0.24]-绿暗[+0.22]-绿暗[+0.20]-绿暗[+0.20]-绿亮[+0.21]-绿亮[+0.28],低-低-低-低-低-高,是,83.74,6.31,"{""sqz"": {""bb_length"": 20, ""bb_mult"": 1.8, ""kc_length"": 20, ""kc_mult"": 1.5, ""use_true_range"": true, ""min_sqz_bars"": 5}, ""ema"": {""ema_length"": 200}, ""rsi"": {""rsi_length"": 14, ""rsi_ma_length"": 14, ""rsi_smooth"": ""SMA""}, ""sto"": {""stoch_length"": 14, ""smooth_k"": 3, ""smooth_d"": 3}, ""adx"": {""adx_length"": 14, ""adx_threshold"": 25}, ""r&s"": {""srb_left"": 10, ""srb_right"": 10}, ""atr"": {""atr_length"": 14, ""atr_mult"": 1.0, ""atr_smooth"": ""RMA""}, ""mcd"": {""fast_length"": 12, ""slow_length"": 26, ""signal_length"": 9}}",其他电源设备Ⅱ,83.62,83.18,12.14,-3.23,-3.49,-8.01,-5.56,-7.11,-7.36,-5.81,-2.2,-0.52,2.58,0.78,-0.65,1.03,2.2,-0.52,-0.78,3.23,1.81,1.16,5.3,4.26,5.56,4.91,7.24,7.49,16.02,9.04,9.3,-0.65
2024-09-30,300189,神农种业,fit,压力释放,2.75-2.62-2.5-2.35,低-低-低,4.73%-4.58%-6.00%,16,15.2,1.95,2.75,14.58,1250316.0,14.0,2.3,20,📈ema📈res📈adx📈rsi,bull | 5.19% | 回补,,,100.0 | 98.36 | 1.02 | no,n 39｜s 00｜d 3.22%,0,绿亮[+0.04]-绿亮[+0.04]-绿亮[+0.05]-绿亮[+0.07]-绿亮[+0.09]-绿亮[+0.11],低-低-低-低-低-高,是,77.65,2.51,"{""sqz"": {""bb_length"": 20, ""bb_mult"": 1.8, ""kc_length"": 20, ""kc_mult"": 1.5, ""use_true_range"": true, ""min_sqz_bars"": 5}, ""ema"": {""ema_length"": 200}, ""rsi"": {""rsi_length"": 14, ""rsi_ma_length"": 14, ""rsi_smooth"": ""SMA""}, ""sto"": {""stoch_length"": 14, ""smooth_k"": 3, ""smooth_d"": 3}, ""adx"": {""adx_length"": 14, ""adx_threshold"": 25}, ""r&s"": {""srb_left"": 10, ""srb_right"": 10}, ""atr"": {""atr_length"": 14, ""atr_mult"": 1.0, ""atr_smooth"": ""RMA""}, ""mcd"": {""fast_length"": 12, ""slow_length"": 26, ""signal_length"": 9}}",种植业,73.73,63.81,14.55,-2.91,3.64,-4.36,0.0,2.55,2.91,2.18,3.27,6.55,14.91,15.64,9.45,10.55,18.91,13.09,15.64,19.27,17.82,13.45,19.64,43.64,56.73,46.18,42.55,38.18,39.27,29.82,24.0,18.91
2024-09-30,300219,鸿利智汇,fit,压力释放,8.88-7.09-6.97-6.07,低-低-低,20.17%-1.64%-12.99%,19,15.36,3.0,7.31,17.41,471815.0,7.0,6.03,16,📈ema📈res📈adx📈rsi,bull | 5.92% | 回补,,,100.0 | 97.74 | 1.02 | no,n 55｜s 00｜d 3.86%,4,红亮[-0.04]-红亮[-0.07]-红暗[-0.05]-红暗[-0.00]-绿亮[+0.03]-绿亮[+0.08],低-低-低-低-低-高,是,79.4,6.19,"{""sqz"": {""bb_length"": 20, ""bb_mult"": 1.8, ""kc_length"": 20, ""kc_mult"": 1.5, ""use_true_range"": true, ""min_sqz_bars"": 5}, ""ema"": {""ema_length"": 200}, ""rsi"": {""rsi_length"": 14, ""rsi_ma_length"": 14, ""rsi_smooth"": ""SMA""}, ""sto"": {""stoch_length"": 14, ""smooth_k"": 3, ""smooth_d"": 3}, ""adx"": {""adx_length"": 14, ""adx_threshold"": 25}, ""r&s"": {""srb_left"": 10, ""srb_right"": 10}, ""atr"": {""atr_length"": 14, ""atr_mult"": 1.0, ""atr_smooth"": ""RMA""}, ""mcd"": {""fast_length"": 12, ""slow_length"": 26, ""signal_length"": 9}}",光学光电子,51.75,51.66,15.09,-0.54,-2.16,-7.55,-3.77,-5.93,-6.74,1.21,1.62,2.56,3.91,1.48,0.4,3.23,4.04,-0.13,1.21,2.83,-4.72,-2.83,0.54,0.27,2.96,4.04,8.36,5.26,5.66,2.02,1.62,-2.7
2024-09-30,300292,吴通控股,fit,压力释放,4.14-3.38-3.6-3.77,低-高-高,18.36%-6.51%-4.72%,14,17.81,2.54,4.43,17.2,1538622.0,14.0,3.77,14,📈ema📈res📈adx📈rsi,bull | 9.72% | 回补,,,100.0 | 95.09 | 1.05 | no,n 64｜s 00｜d 2.35%,4,红亮[-0.05]-红亮[-0.06]-红暗[-0.03]-红暗[-0.01]-绿亮[+0.00]-绿亮[+0.05],低-低-低-低-低-高,是,80.9,3.44,"{""sqz"": {""bb_length"": 20, ""bb_mult"": 1.8, ""kc_length"": 20, ""kc_mult"": 1.5, ""use_true_range"": true, ""min_sqz_bars"": 5}, ""ema"": {""ema_length"": 200}, ""rsi"": {""rsi_length"": 14, ""rsi_ma_length"": 14, ""rsi_smooth"": ""SMA""}, ""sto"": {""stoch_length"": 14, ""smooth_k"": 3, ""smooth_d"": 3}, ""adx"": {""adx_length"": 14, ""adx_threshold"": 25}, ""r&s"": {""srb_left"": 10, ""srb_right"": 10}, ""atr"": {""atr_length"": 14, ""atr_mult"": 1.0, ""atr_smooth"": ""RMA""}, ""mcd"": {""fast_length"": 12, ""slow_length"": 26, ""signal_length"": 9}}",通信服务,63.47,52.78,15.35,1.58,0.23,-5.19,-1.58,1.81,9.93,5.87,12.64,18.28,15.8,12.19,11.74,13.54,36.34,29.8,36.79,34.31,25.51,27.54,32.73,34.31,35.89,32.96,34.09,29.12,31.6,23.7,20.54,11.96
2024-09-30,300293,蓝英装备,fit,压力释放,18.1-13.77-17.71-19.71,低-高-高,23.92%-28.61%-11.29%,49,44.61,2.15,21.65,18.89,637271.0,23.0,17.17,8,📈ema📈res📈adx📈rsi,bull | 5.73% | 回补,,,100.0 | 99.3 | 1.01 | no,n 44｜s 00｜d 6.33%,0,绿亮[+1.04]-绿亮[+1.07]-绿亮[+1.18]-绿亮[+1.24]-绿亮[+1.28]-绿亮[+1.42],低-低-低-低-低-低,否,79.66,14.47,"{""sqz"": {""bb_length"": 20, ""bb_mult"": 1.8, ""kc_length"": 20, ""kc_mult"": 1.5, ""use_true_range"": true, ""min_sqz_bars"": 5}, ""ema"": {""ema_length"": 200}, ""rsi"": {""rsi_length"": 14, ""rsi_ma_length"": 14, ""rsi_smooth"": ""SMA""}, ""sto"": {""stoch_length"": 14, ""smooth_k"": 3, ""smooth_d"": 3}, ""adx"": {""adx_length"": 14, ""adx_threshold"": 25}, ""r&s"": {""srb_left"": 10, ""srb_right"": 10}, ""atr"": {""atr_length"": 14, ""atr_mult"": 1.0, ""atr_smooth"": ""RMA""}, ""mcd"": {""fast_length"": 12, ""slow_length"": 26, ""signal_length"": 9}}",专用设备,57.64,57.64,20.0,21.66,24.62,29.65,39.35,42.73,34.92,29.75,49.65,49.01,46.0,38.61,35.33,32.52,35.8,34.0,37.0,44.34,35.15,38.8,48.91,47.81,46.05,51.92,63.42,54.55,50.07,41.34,33.26,23.83
2024-09-30,300298,三诺生物,fit,压力释放,28.01-25.43-25.09-25.1,低-低-高,9.21%-1.32%-0.04%,16,10.46,2.17,30.01,11.11,113320.0,2.0,25.97,20,📈ema📈res📉adx📈rsi,bull | 7.93% | 回补,,,100.0 | 86.55 | 1.16 | no,n 77｜s 00｜d 2.69%,0,绿暗[+0.50]-绿暗[+0.42]-绿亮[+0.45]-绿暗[+0.37]-绿亮[+0.48]-绿亮[+0.77],低-低-低-低-高-高,是,79.03,24.54,"{""sqz"": {""bb_length"": 20, ""bb_mult"": 1.8, ""kc_length"": 20, ""kc_mult"": 1.5, ""use_true_range"": true, ""min_sqz_bars"": 5}, ""ema"": {""ema_length"": 200}, ""rsi"": {""rsi_length"": 14, ""rsi_ma_length"": 14, ""rsi_smooth"": ""SMA""}, ""sto"": {""stoch_length"": 14, ""smooth_k"": 3, ""smooth_d"": 3}, ""adx"": {""adx_length"": 14, ""adx_threshold"": 25}, ""r&s"": {""srb_left"": 10, ""srb_right"": 10}, ""atr"": {""atr_length"": 14, ""atr_mult"": 1.0, ""atr_smooth"": ""RMA""}, ""mcd"": {""fast_length"": 12, ""slow_length"": 26, ""signal_length"": 9}}",医疗器械,88.19,71.03,8.28,-1.78,-1.22,-3.04,-3.66,-8.32,-7.69,-9.04,-4.85,-5.45,-5.87,-7.1,-7.69,-8.81,-8.12,-10.96,-11.88,-14.13,-15.15,-14.13,-12.24,-13.23,-10.56,-10.5,-10.46,-9.34,-9.7,-13.23,-15.08,-20.79
2024-09-30,300331,苏大维格,fit,压力释放,18.41-17.68-17.48-18.5,低-低-高,3.97%-1.13%-5.84%,18,25.17,2.67,21.29,18.02,293776.0,15.0,17.09,6,📈ema📈res📉adx📈rsi,bull | 5.51% | 回补,,,99.67 | 95.83 | 1.04 | no,n 52｜s 00｜d 3.18%,5,红亮[-0.07]-红亮[-0.24]-红亮[-0.28]-红暗[-0.19]-红暗[-0.19]-绿亮[+0.03],低-低-低-低-低-低,否,76.75,17.69,"{""sqz"": {""bb_length"": 20, ""bb_mult"": 1.8, ""kc_length"": 20, ""kc_mult"": 1.5, ""use_true_range"": true, ""min_sqz_bars"": 5}, ""ema"": {""ema_length"": 200}, ""rsi"": {""rsi_length"": 14, ""rsi_ma_length"": 14, ""rsi_smooth"": ""SMA""}, ""sto"": {""stoch_length"": 14, ""smooth_k"": 3, ""smooth_d"": 3}, ""adx"": {""adx_length"": 14, ""adx_threshold"": 25}, ""r&s"": {""srb_left"": 10, ""srb_right"": 10}, ""atr"": {""atr_length"": 14, ""atr_mult"": 1.0, ""atr_smooth"": ""RMA""}, ""mcd"": {""fast_length"": 12, ""slow_length"": 26, ""signal_length"": 9}}",光学光电子,110.12,89.15,20.01,16.58,6.9,0.75,6.43,5.59,6.95,8.74,14.61,17.24,13.62,9.72,9.39,7.61,7.8,7.14,9.35,13.25,8.69,10.47,15.97,17.19,18.65,26.68,27.15,21.65,19.26,16.53,14.33,5.31
2024-09-30,300416,苏试试验,fit,一直释放,14.4-14.44-11.95-11.84,高-低-低,0.27%-17.26%-0.91%,28,29.55,3.14,12.91,15.38,327654.0,6.0,11.0,12,📉ema📈res📉adx📈rsi,bull | 10.31% | 回补,,,100.0 | 100.0 | 1.0 | no,n 26｜s 00｜d 5.58%,6,红亮[-1.05]-红暗[-1.01]-红暗[-0.84]-红暗[-0.67]-红暗[-0.50]-红暗[-0.24],低-低-低-低-低-低,是,75.38,13.15,"{""sqz"": {""bb_length"": 20, ""bb_mult"": 1.8, ""kc_length"": 20, ""kc_mult"": 1.5, ""use_true_range"": true, ""min_sqz_bars"": 5}, ""ema"": {""ema_length"": 200}, ""rsi"": {""rsi_length"": 14, ""rsi_ma_length"": 14, ""rsi_smooth"": ""SMA""}, ""sto"": {""stoch_length"": 14, ""smooth_k"": 3, ""smooth_d"": 3}, ""adx"": {""adx_length"": 14, ""adx_threshold"": 25}, ""r&s"": {""srb_left"": 10, ""srb_right"": 10}, ""atr"": {""atr_length"": 14, ""atr_mult"": 1.0, ""atr_smooth"": ""RMA""}, ""mcd"": {""fast_length"": 12, ""slow_length"": 26, ""signal_length"": 9}}",专业服务,84.47,83.87,15.1,-1.84,-2.07,-7.36,-4.14,-6.13,-5.67,-6.67,-1.84,3.91,1.3,3.14,0.54,-0.15,1.69,-1.84,-2.53,0.61,-5.13,-1.23,4.37,3.52,5.06,5.13,10.34,5.9,6.67,1.23,-1.69,-3.45
2024-09-30,300435,中泰股份,fit,压力释放,13.45-13.76-11.03-10.84,高-低-低,2.32%-19.84%-1.70%,16,16.65,4.46,11.77,11.69,159576.0,4.0,10.38,11,📉ema📈res📉adx📈rsi,bull | 7.24% | 回补,,,100.0 | 100.0 | 1.0 | no,n 54｜s 00｜d 1.90%,5,红亮[-0.18]-红亮[-0.19]-红暗[-0.15]-红暗[-0.08]-红暗[-0.02]-绿亮[+0.11],低-低-低-低-低-低,是,77.04,11.99,"{""sqz"": {""bb_length"": 20, ""bb_mult"": 1.8, ""kc_length"": 20, ""kc_mult"": 1.5, ""use_true_range"": true, ""min_sqz_bars"": 5}, ""ema"": {""ema_length"": 200}, ""rsi"": {""rsi_length"": 14, ""rsi_ma_length"": 14, ""rsi_smooth"": ""SMA""}, ""sto"": {""stoch_length"": 14, ""smooth_k"": 3, ""smooth_d"": 3}, ""adx"": {""adx_length"": 14, ""adx_threshold"": 25}, ""r&s"": {""srb_left"": 10, ""srb_right"": 10}, ""atr"": {""atr_length"": 14, ""atr_mult"": 1.0, ""atr_smooth"": ""RMA""}, ""mcd"": {""fast_length"": 12, ""slow_length"": 26, ""signal_length"": 9}}",燃气Ⅱ,101.44,97.0,8.63,-2.01,-0.42,-6.78,-5.86,-8.71,-7.12,-8.63,-6.11,-5.53,-1.01,-1.34,2.76,1.42,1.59,-1.42,-1.42,-1.09,-2.43,-1.01,1.93,1.51,6.95,5.44,8.21,7.62,5.95,2.35,1.93,1.01
2024-09-30,300486,东杰智能,fit,压力释放,6.28-6.22-5.86-5.97,低-低-高,0.96%-5.79%-1.88%,26,28.11,2.06,6.25,13.84,483307.0,12.0,5.28,47,📈ema📈res📉adx📈rsi,bull | 6.51% | 回补,,,100.0 | 99.82 | 1.0 | no,n 50｜s 00｜d 6.34%,6,红暗[-0.31]-红暗[-0.26]-红暗[-0.21]-红暗[-0.17]-红暗[-0.12]-红暗[-0.04],低-低-低-低-低-低,是,76.28,5.47,"{""sqz"": {""bb_length"": 20, ""bb_mult"": 1.8, ""kc_length"": 20, ""kc_mult"": 1.5, ""use_true_range"": true, ""min_sqz_bars"": 5}, ""ema"": {""ema_length"": 200}, ""rsi"": {""rsi_length"": 14, ""rsi_ma_length"": 14, ""rsi_smooth"": ""SMA""}, ""sto"": {""stoch_length"": 14, ""smooth_k"": 3, ""smooth_d"": 3}, ""adx"": {""adx_length"": 14, ""adx_threshold"": 25}, ""r&s"": {""srb_left"": 10, ""srb_right"": 10}, ""atr"": {""atr_length"": 14, ""atr_mult"": 1.0, ""atr_smooth"": ""RMA""}, ""mcd"": {""fast_length"": 12, ""slow_length"": 26, ""signal_length"": 9}}",自动化设备,110.56,110.52,15.68,-3.36,-1.44,-7.04,-2.72,-3.52,-4.48,-3.04,2.24,2.56,3.36,0.64,-2.24,0.32,3.04,-0.32,-0.48,0.8,-6.72,-0.64,3.2,7.84,8.48,9.76,12.0,8.16,11.68,8.0,16.48,6.72
2024-09-30,300492,华图山鼎,fit,一直释放,79.91-80.62-59.29-55.29,高-低-低,0.89%-26.46%-6.74%,20,29.05,2.51,62.13,15.58,23065.0,2.0,51.34,15,📈ema📈res📉adx📈rsi,bull | 12.48% | 回补,,,100.0 | 98.12 | 1.02 | no,n 26｜s 00｜d 6.92%,6,红亮[-5.13]-红暗[-5.04]-红暗[-4.62]-红暗[-4.36]-红暗[-3.53]-红暗[-1.93],低-低-低-低-低-高,是,76.27,61.36,"{""sqz"": {""bb_length"": 20, ""bb_mult"": 1.8, ""kc_length"": 20, ""kc_mult"": 1.5, ""use_true_range"": true, ""min_sqz_bars"": 5}, ""ema"": {""ema_length"": 200}, ""rsi"": {""rsi_length"": 14, ""rsi_ma_length"": 14, ""rsi_smooth"": ""SMA""}, ""sto"": {""stoch_length"": 14, ""smooth_k"": 3, ""smooth_d"": 3}, ""adx"": {""adx_length"": 14, ""adx_threshold"": 25}, ""r&s"": {""srb_left"": 10, ""srb_right"": 10}, ""atr"": {""atr_length"": 14, ""atr_mult"": 1.0, ""atr_smooth"": ""RMA""}, ""mcd"": {""fast_length"": 12, ""slow_length"": 26, ""signal_length"": 9}}",工程咨询服务Ⅱ,114.47,114.47,3.35,-16.92,-14.56,-16.81,-14.63,-16.85,-9.9,-14.9,-13.61,-12.95,-13.24,-15.06,-15.47,-12.45,-11.02,-16.84,-17.87,-14.52,-15.42,-12.42,-11.57,-11.22,-9.55,-6.43,-1.96,-1.2,-2.85,-8.51,-13.67,-16.13
2024-09-30,300503,昊志机电,fit,压力释放,15.99-14.53-14.49-14.64,低-低-高,9.17%-0.27%-1.03%,26,35.71,1.6,15.07,15.44,369952.0,15.0,12.66,31,📈ema📈res📉adx📈rsi,bull | 8.07% | 回补,,,90.58 | 58.67 | 1.54 | no,n 79｜s 00｜d 5.39%,6,红暗[-0.47]-红暗[-0.46]-红亮[-0.52]-红亮[-0.56]-红暗[-0.53]-红暗[-0.35],低-低-低-低-低-低,否,73.23,14.14,"{""sqz"": {""bb_length"": 20, ""bb_mult"": 1.8, ""kc_length"": 20, ""kc_mult"": 1.5, ""use_true_range"": true, ""min_sqz_bars"": 5}, ""ema"": {""ema_length"": 200}, ""rsi"": {""rsi_length"": 14, ""rsi_ma_length"": 14, ""rsi_smooth"": ""SMA""}, ""sto"": {""stoch_length"": 14, ""smooth_k"": 3, ""smooth_d"": 3}, ""adx"": {""adx_length"": 14, ""adx_threshold"": 25}, ""r&s"": {""srb_left"": 10, ""srb_right"": 10}, ""atr"": {""atr_length"": 14, ""atr_mult"": 1.0, ""atr_smooth"": ""RMA""}, ""mcd"": {""fast_length"": 12, ""slow_length"": 26, ""signal_length"": 9}}",通用设备,144.1,112.66,15.5,2.38,-0.07,-4.77,-2.78,3.05,0.93,-0.13,5.5,9.54,10.99,8.28,5.96,8.81,8.34,7.88,11.52,12.32,7.22,23.84,23.97,23.18,20.4,21.99,31.99,24.9,24.37,19.27,15.89,12.58
2024-09-30,300539,横河精密,fit,压力释放,10.01-10.18-7.84-8.95,高-低-高,1.69%-22.96%-14.14%,26,24.69,2.33,9.63,12.89,115962.0,7.0,8.22,27,📈ema📈res📉adx📈rsi,bull | 6.36% | 回补,,,100.0 | 98.83 | 1.01 | no,n 73｜s 00｜d 4.09%,5,红暗[-0.24]-红暗[-0.21]-红暗[-0.17]-红暗[-0.11]-红暗[-0.04]-绿亮[+0.07],低-低-低-低-低-低,是,77.76,8.76,"{""sqz"": {""bb_length"": 20, ""bb_mult"": 1.8, ""kc_length"": 20, ""kc_mult"": 1.5, ""use_true_range"": true, ""min_sqz_bars"": 5}, ""ema"": {""ema_length"": 200}, ""rsi"": {""rsi_length"": 14, ""rsi_ma_length"": 14, ""rsi_smooth"": ""SMA""}, ""sto"": {""stoch_length"": 14, ""smooth_k"": 3, ""smooth_d"": 3}, ""adx"": {""adx_length"": 14, ""adx_threshold"": 25}, ""r&s"": {""srb_left"": 10, ""srb_right"": 10}, ""atr"": {""atr_length"": 14, ""atr_mult"": 1.0, ""atr_smooth"": ""RMA""}, ""mcd"": {""fast_length"": 12, ""slow_length"": 26, ""signal_length"": 9}}",塑料,74.21,60.31,12.55,-0.93,-1.75,-6.79,-4.32,-5.35,-5.66,-5.56,-3.4,-1.23,0.21,-1.44,-2.06,-0.1,2.47,3.29,2.06,2.78,4.84,25.82,46.09,49.69,42.18,35.19,33.13,29.84,27.88,23.87,25.51,29.63
2024-09-30,300648,星云股份,fit,压力释放,23.95-17.54-17.31-19.11,低-低-高,26.76%-1.31%-10.40%,19,13.68,1.75,23.21,15.76,117241.0,11.0,19.61,12,📈ema📈res📈adx📈rsi,bull | 11.39% | 回补,,,100.0 | 94.61 | 1.06 | no,n 61｜s 00｜d 5.49%,0,绿暗[+0.48]-绿亮[+0.57]-绿暗[+0.55]-绿亮[+0.57]-绿暗[+0.54]-绿亮[+0.69],低-低-低-低-低-高,是,79.01,19.58,"{""sqz"": {""bb_length"": 20, ""bb_mult"": 1.8, ""kc_length"": 20, ""kc_mult"": 1.5, ""use_true_range"": true, ""min_sqz_bars"": 5}, ""ema"": {""ema_length"": 200}, ""rsi"": {""rsi_length"": 14, ""rsi_ma_length"": 14, ""rsi_smooth"": ""SMA""}, ""sto"": {""stoch_length"": 14, ""smooth_k"": 3, ""smooth_d"": 3}, ""adx"": {""adx_length"": 14, ""adx_threshold"": 25}, ""r&s"": {""srb_left"": 10, ""srb_right"": 10}, ""atr"": {""atr_length"": 14, ""atr_mult"": 1.0, ""atr_smooth"": ""RMA""}, ""mcd"": {""fast_length"": 12, ""slow_length"": 26, ""signal_length"": 9}}",电池,91.62,69.75,19.99,4.61,1.85,-0.82,5.82,4.7,1.68,1.08,4.7,13.05,10.94,10.69,7.41,11.81,9.74,8.1,5.82,5.08,0.47,1.94,7.71,9.35,11.16,17.02,29.0,22.45,30.98,20.12,18.1,12.62
2024-09-30,300779,惠城环保,fit,一直释放,58.47-55.51-45.35-56.47,低-低-高,5.06%-18.31%-24.53%,15,23.15,0.61,63.47,14.99,88932.0,6.0,52.47,27,📈ema📈res📈adx📈rsi,bull | 4.89% | 未补,,,72.82 | 48.63 | 1.5 | no,n 29｜s 00｜d 22.88%,0,绿暗[+8.07]-绿暗[+7.38]-绿暗[+6.78]-绿暗[+6.02]-绿暗[+5.25]-绿暗[+4.86],低-低-低-低-低-高,是,74.31,39.29,"{""sqz"": {""bb_length"": 20, ""bb_mult"": 1.8, ""kc_length"": 20, ""kc_mult"": 1.5, ""use_true_range"": true, ""min_sqz_bars"": 5}, ""ema"": {""ema_length"": 200}, ""rsi"": {""rsi_length"": 14, ""rsi_ma_length"": 14, ""rsi_smooth"": ""SMA""}, ""sto"": {""stoch_length"": 14, ""smooth_k"": 3, ""smooth_d"": 3}, ""adx"": {""adx_length"": 14, ""adx_threshold"": 25}, ""r&s"": {""srb_left"": 10, ""srb_right"": 10}, ""atr"": {""atr_length"": 14, ""atr_mult"": 1.0, ""atr_smooth"": ""RMA""}, ""mcd"": {""fast_length"": 12, ""slow_length"": 26, ""signal_length"": 9}}",环境治理,175.88,140.96,5.07,-8.36,-1.73,3.86,4.41,3.94,7.39,8.0,11.81,22.85,24.25,20.9,28.35,38.02,36.06,37.98,36.69,38.87,34.96,35.43,34.82,38.24,35.65,43.28,44.77,48.39,45.67,39.01,35.59,34.82
2024-09-30,300791,仙乐健康,fit,压力释放,20.26-21.37-24.41-18.86,高-高-低,5.47%-14.25%-22.76%,35,11.9,2.19,22.79,12.63,55622.0,3.0,19.29,5,📈ema📈res📉adx📈rsi,bull | 6.12% | 回补,,,93.07 | 70.02 | 1.33 | no,n 66｜s 00｜d 1.69%,0,绿暗[+0.65]-绿暗[+0.52]-绿亮[+0.54]-绿暗[+0.42]-绿亮[+0.48]-绿亮[+0.64],高-低-低-高-高-高,是,74.66,19.16,"{""sqz"": {""bb_length"": 20, ""bb_mult"": 1.8, ""kc_length"": 20, ""kc_mult"": 1.5, ""use_true_range"": true, ""min_sqz_bars"": 5}, ""ema"": {""ema_length"": 200}, ""rsi"": {""rsi_length"": 14, ""rsi_ma_length"": 14, ""rsi_smooth"": ""SMA""}, ""sto"": {""stoch_length"": 14, ""smooth_k"": 3, ""smooth_d"": 3}, ""adx"": {""adx_length"": 14, ""adx_threshold"": 25}, ""r&s"": {""srb_left"": 10, ""srb_right"": 10}, ""atr"": {""atr_length"": 14, ""atr_mult"": 1.0, ""atr_smooth"": ""RMA""}, ""mcd"": {""fast_length"": 12, ""slow_length"": 26, ""signal_length"": 9}}",食品加工,63.77,53.18,10.78,-3.08,-4.56,-8.4,-7.47,-11.64,-11.38,-12.53,-9.49,-8.56,-6.48,-8.9,-11.38,-12.04,-7.9,-11.38,-13.79,-13.89,-12.5,-10.91,-9.99,-10.68,-4.43,-6.81,-5.46,-6.22,-6.98,-8.96,-12.04,-12.67
2024-09-30,300866,安克创新,fit,一直释放,68.33-63.75-73.51-73.18,低-高-低,6.70%-15.30%-0.44%,72,50.11,1.08,82.17,14.66,82228.0,3.0,70.76,21,📈ema📈res📈adx📈rsi,bull | 7.56% | 未补,,,74.67 | 49.92 | 1.5 | no,n 13｜s 00｜d 22.29%,0,绿暗[+8.19]-绿暗[+7.99]-绿暗[+7.78]-绿暗[+6.99]-绿暗[+6.34]-绿暗[+6.07],低-低-低-低-低-高,否,84.07,61.15,"{""sqz"": {""bb_length"": 20, ""bb_mult"": 1.8, ""kc_length"": 20, ""kc_mult"": 1.5, ""use_true_range"": true, ""min_sqz_bars"": 5}, ""ema"": {""ema_length"": 200}, ""rsi"": {""rsi_length"": 14, ""rsi_ma_length"": 14, ""rsi_smooth"": ""SMA""}, ""sto"": {""stoch_length"": 14, ""smooth_k"": 3, ""smooth_d"": 3}, ""adx"": {""adx_length"": 14, ""adx_threshold"": 25}, ""r&s"": {""srb_left"": 10, ""srb_right"": 10}, ""atr"": {""atr_length"": 14, ""atr_mult"": 1.0, ""atr_smooth"": ""RMA""}, ""mcd"": {""fast_length"": 12, ""slow_length"": 26, ""signal_length"": 9}}",消费电子,608.06,348.66,14.11,2.55,3.15,-2.73,0.68,-3.41,-6.33,-6.99,-0.36,-3.55,-3.21,-3.11,-4.29,-4.07,0.78,0.06,-3.52,-4.4,-6.45,-0.67,1.96,0.16,1.48,4.46,7.29,7.42,6.46,3.34,-0.88,-0.67
2024-09-30,300953,震裕科技,fit,压力释放,50.87-50.1-39.82-35.95,低-低-低,1.52%-20.50%-9.73%,19,10.09,3.26,43.4,14.91,31343.0,5.0,37.34,19,📈ema📈res📉adx📈rsi,bull | 10.29% | 回补,,,100.0 | 94.83 | 1.05 | no,n 83｜s 00｜d 1.07%,5,红亮[-0.19]-红亮[-0.50]-红亮[-0.62]-红暗[-0.52]-红暗[-0.31]-绿亮[+0.22],低-低-低-低-低-高,是,77.74,37.98,"{""sqz"": {""bb_length"": 20, ""bb_mult"": 1.8, ""kc_length"": 20, ""kc_mult"": 1.5, ""use_true_range"": true, ""min_sqz_bars"": 5}, ""ema"": {""ema_length"": 200}, ""rsi"": {""rsi_length"": 14, ""rsi_ma_length"": 14, ""rsi_smooth"": ""SMA""}, ""sto"": {""stoch_length"": 14, ""smooth_k"": 3, ""smooth_d"": 3}, ""adx"": {""adx_length"": 14, ""adx_threshold"": 25}, ""r&s"": {""srb_left"": 10, ""srb_right"": 10}, ""atr"": {""atr_length"": 14, ""atr_mult"": 1.0, ""atr_smooth"": ""RMA""}, ""mcd"": {""fast_length"": 12, ""slow_length"": 26, ""signal_length"": 9}}",电池,304.57,218.69,11.59,7.31,3.98,-3.09,1.6,1.21,-0.07,-2.94,2.45,3.16,16.07,13.26,6.58,11.69,13.75,13.95,9.44,13.66,8.81,12.48,17.54,24.9,19.69,18.37,21.66,18.7,17.97,13.41,9.47,6.35
2024-09-30,301021,英诺激光,fit,压力释放,18.65-17.81-24.6-18.81,低-高-低,4.49%-38.16%-23.53%,19,16.47,1.71,21.88,15.88,124367.0,8.0,18.09,8,📈ema📈res📈adx📈rsi,bull | 7.13% | 回补,,,100.0 | 93.64 | 1.07 | no,n 69｜s 00｜d 3.35%,0,绿暗[+0.65]-绿暗[+0.49]-绿暗[+0.44]-绿暗[+0.40]-绿暗[+0.36]-绿亮[+0.46],低-低-低-低-低-高,否,74.97,18.29,"{""sqz"": {""bb_length"": 20, ""bb_mult"": 1.8, ""kc_length"": 20, ""kc_mult"": 1.5, ""use_true_range"": true, ""min_sqz_bars"": 5}, ""ema"": {""ema_length"": 200}, ""rsi"": {""rsi_length"": 14, ""rsi_ma_length"": 14, ""rsi_smooth"": ""SMA""}, ""sto"": {""stoch_length"": 14, ""smooth_k"": 3, ""smooth_d"": 3}, ""adx"": {""adx_length"": 14, ""adx_threshold"": 25}, ""r&s"": {""srb_left"": 10, ""srb_right"": 10}, ""atr"": {""atr_length"": 14, ""atr_mult"": 1.0, ""atr_smooth"": ""RMA""}, ""mcd"": {""fast_length"": 12, ""slow_length"": 26, ""signal_length"": 9}}",自动化设备,81.13,81.07,19.99,2.96,4.78,-3.51,2.46,0.18,1.64,3.1,17.53,22.5,23.04,21.77,16.99,24.73,19.22,10.66,10.15,16.44,4.05,6.24,13.39,17.62,15.21,17.21,26.28,42.08,41.67,47.95,77.55,42.67
2024-09-30,301069,凯盛新材,fit,压力释放,20.37-17.97-17.93-12.64,低-低-低,11.82%-0.22%-29.50%,40,19.18,2.1,15.05,15.27,138014.0,4.0,12.68,25,📈ema📈res📉adx📈rsi,bull | 11.60% | 回补,,,95.43 | 79.73 | 1.2 | no,n 60｜s 00｜d 1.97%,6,红亮[-0.03]-红亮[-0.18]-红亮[-0.24]-红亮[-0.27]-红暗[-0.26]-红暗[-0.05],低-低-低-低-低-高,是,71.8,14.87,"{""sqz"": {""bb_length"": 20, ""bb_mult"": 1.8, ""kc_length"": 20, ""kc_mult"": 1.5, ""use_true_range"": true, ""min_sqz_bars"": 5}, ""ema"": {""ema_length"": 200}, ""rsi"": {""rsi_length"": 14, ""rsi_ma_length"": 14, ""rsi_smooth"": ""SMA""}, ""sto"": {""stoch_length"": 14, ""smooth_k"": 3, ""smooth_d"": 3}, ""adx"": {""adx_length"": 14, ""adx_threshold"": 25}, ""r&s"": {""srb_left"": 10, ""srb_right"": 10}, ""atr"": {""atr_length"": 14, ""atr_mult"": 1.0, ""atr_smooth"": ""RMA""}, ""mcd"": {""fast_length"": 12, ""slow_length"": 26, ""signal_length"": 9}}",化学原料,95.08,89.54,10.15,-3.1,-3.56,-10.74,-8.24,-11.14,-11.34,-12.06,-7.98,-7.12,-6.53,-6.13,-7.51,-4.15,-5.34,-8.31,-10.15,-9.49,-12.39,-10.15,-5.47,-3.23,-1.91,-2.37,1.05,1.71,0.92,-2.24,-3.96,-6.72
2024-09-30,301091,深城交,fit,压力释放,24.85-21.43-28.81-24.03,低-高-低,13.79%-34.46%-16.59%,18,19.57,1.79,28.63,16.91,322528.0,17.0,23.21,16,📈ema📈res📈adx📈rsi,bull | 8.54% | 未补,,,100.0 | 96.14 | 1.04 | no,n 62｜s 00｜d 3.93%,0,绿亮[+1.36]-绿亮[+1.39]-绿亮[+1.49]-绿亮[+1.57]-绿亮[+1.60]-绿亮[+1.75],低-低-低-低-低-高,否,75.73,18.71,"{""sqz"": {""bb_length"": 20, ""bb_mult"": 1.8, ""kc_length"": 20, ""kc_mult"": 1.5, ""use_true_range"": true, ""min_sqz_bars"": 5}, ""ema"": {""ema_length"": 200}, ""rsi"": {""rsi_length"": 14, ""rsi_ma_length"": 14, ""rsi_smooth"": ""SMA""}, ""sto"": {""stoch_length"": 14, ""smooth_k"": 3, ""smooth_d"": 3}, ""adx"": {""adx_length"": 14, ""adx_threshold"": 25}, ""r&s"": {""srb_left"": 10, ""srb_right"": 10}, ""atr"": {""atr_length"": 14, ""atr_mult"": 1.0, ""atr_smooth"": ""RMA""}, ""mcd"": {""fast_length"": 12, ""slow_length"": 26, ""signal_length"": 9}}",工程咨询服务Ⅱ,110.52,110.52,19.99,14.09,4.11,-5.02,5.45,13.71,17.12,12.72,20.07,43.87,30.05,24.42,25.7,50.85,50.31,41.08,51.81,52.46,32.81,30.4,47.57,66.22,60.1,61.52,65.15,58.79,56.45,48.14,39.9,57.04
2024-09-30,301182,凯旺科技,fit,压力释放,20.4-26.62-28.36-22.66,高-高-低,30.49%-6.54%-20.10%,11,20.21,1.28,25.45,15.63,102528.0,29.0,21.05,9,📈ema📈res📉adx📈rsi,bull | 8.43% | 回补,,,94.32 | 81.7 | 1.15 | no,n 50｜s 00｜d 2.19%,6,红暗[-1.66]-红暗[-1.47]-红暗[-1.24]-红暗[-0.96]-红暗[-0.77]-红暗[-0.42],低-低-低-低-低-低,否,70.39,18.77,"{""sqz"": {""bb_length"": 20, ""bb_mult"": 1.8, ""kc_length"": 20, ""kc_mult"": 1.5, ""use_true_range"": true, ""min_sqz_bars"": 5}, ""ema"": {""ema_length"": 200}, ""rsi"": {""rsi_length"": 14, ""rsi_ma_length"": 14, ""rsi_smooth"": ""SMA""}, ""sto"": {""stoch_length"": 14, ""smooth_k"": 3, ""smooth_d"": 3}, ""adx"": {""adx_length"": 14, ""adx_threshold"": 25}, ""r&s"": {""srb_left"": 10, ""srb_right"": 10}, ""atr"": {""atr_length"": 14, ""atr_mult"": 1.0, ""atr_smooth"": ""RMA""}, ""mcd"": {""fast_length"": 12, ""slow_length"": 26, ""signal_length"": 9}}",计算机设备,54.1,54.1,20.0,-3.1,-4.05,-3.93,5.11,22.36,10.41,32.5,58.98,90.77,65.03,76.82,56.7,62.87,69.0,62.04,54.66,56.78,39.1,40.9,56.39,62.08,60.59,66.8,72.77,62.99,57.96,51.67,43.18,35.56
2024-09-30,301191,菲菱科思,fit,压力释放,92.48-79.03-65.58-67.36,低-低-高,14.55%-17.02%-2.73%,12,15.62,2.16,80.53,15.57,54390.0,21.0,66.91,21,📈ema📈res📉adx📈rsi,bull | 8.89% | 回补,,,96.47 | 84.66 | 1.14 | no,n 89｜s 00｜d 6.17%,0,绿暗[+2.89]-绿亮[+2.97]-绿亮[+3.14]-绿暗[+2.60]-绿暗[+2.45]-绿亮[+2.98],低-低-低-低-低-高,是,80.62,74.39,"{""sqz"": {""bb_length"": 20, ""bb_mult"": 1.8, ""kc_length"": 20, ""kc_mult"": 1.5, ""use_true_range"": true, ""min_sqz_bars"": 5}, ""ema"": {""ema_length"": 200}, ""rsi"": {""rsi_length"": 14, ""rsi_ma_length"": 14, ""rsi_smooth"": ""SMA""}, ""sto"": {""stoch_length"": 14, ""smooth_k"": 3, ""smooth_d"": 3}, ""adx"": {""adx_length"": 14, ""adx_threshold"": 25}, ""r&s"": {""srb_left"": 10, ""srb_right"": 10}, ""atr"": {""atr_length"": 14, ""atr_mult"": 1.0, ""atr_smooth"": ""RMA""}, ""mcd"": {""fast_length"": 12, ""slow_length"": 26, ""signal_length"": 9}}",通信设备,91.74,69.06,11.49,-4.47,-7.31,-11.92,-8.15,-7.35,-10.18,-7.57,-2.67,1.02,-1.47,-0.74,-1.93,1.88,0.36,-0.38,-3.73,11.63,6.84,5.8,20.09,13.67,16.66,14.83,15.16,12.61,10.57,6.39,0.7,-3.12
2024-09-30,301201,诚达药业,fit,压力释放,26.19-20.05-18.98-19.71,低-低-高,23.47%-5.31%-3.81%,39,20.48,2.53,21.61,12.95,68651.0,8.0,18.53,13,📈ema📈res📉adx📈rsi,bull | 7.41% | 回补,,,100.0 | 97.1 | 1.03 | no,n 70｜s 00｜d 3.00%,6,红亮[-0.52]-红亮[-0.57]-红暗[-0.57]-红暗[-0.48]-红暗[-0.33]-红暗[-0.05],低-低-低-低-低-低,是,75.64,19.91,"{""sqz"": {""bb_length"": 20, ""bb_mult"": 1.8, ""kc_length"": 20, ""kc_mult"": 1.5, ""use_true_range"": true, ""min_sqz_bars"": 5}, ""ema"": {""ema_length"": 200}, ""rsi"": {""rsi_length"": 14, ""rsi_ma_length"": 14, ""rsi_smooth"": ""SMA""}, ""sto"": {""stoch_length"": 14, ""smooth_k"": 3, ""smooth_d"": 3}, ""adx"": {""adx_length"": 14, ""adx_threshold"": 25}, ""r&s"": {""srb_left"": 10, ""srb_right"": 10}, ""atr"": {""atr_length"": 14, ""atr_mult"": 1.0, ""atr_smooth"": ""RMA""}, ""mcd"": {""fast_length"": 12, ""slow_length"": 26, ""signal_length"": 9}}",医疗服务,71.69,50.3,13.26,-0.73,-1.06,-5.83,-3.49,-6.15,-6.06,-7.29,-3.67,-2.75,-0.92,-1.93,-1.56,0.83,3.58,-0.87,-1.83,-1.65,-5.05,-3.35,-0.28,-0.6,1.65,1.74,7.75,7.25,8.9,14.72,5.05,-1.01
2024-09-30,301209,联合化学,fit,压力释放,17.13-25.34-18.18-15.75,高-低-低,47.96%-28.27%-13.37%,12,13.35,1.08,18.36,13.44,55801.0,23.0,15.51,15,📈ema📈res📉adx📈rsi,bull | 6.95% | 回补,,,92.51 | 77.84 | 1.19 | no,n 75｜s 00｜d 1.16%,0,绿暗[+0.21]-绿暗[+0.08]-绿暗[+0.01]-绿亮[+0.04]-绿亮[+0.07]-绿亮[+0.23],低-低-低-低-低-高,是,75.71,15.29,"{""sqz"": {""bb_length"": 20, ""bb_mult"": 1.8, ""kc_length"": 20, ""kc_mult"": 1.5, ""use_true_range"": true, ""min_sqz_bars"": 5}, ""ema"": {""ema_length"": 200}, ""rsi"": {""rsi_length"": 14, ""rsi_ma_length"": 14, ""rsi_smooth"": ""SMA""}, ""sto"": {""stoch_length"": 14, ""smooth_k"": 3, ""smooth_d"": 3}, ""adx"": {""adx_length"": 14, ""adx_threshold"": 25}, ""r&s"": {""srb_left"": 10, ""srb_right"": 10}, ""atr"": {""atr_length"": 14, ""atr_mult"": 1.0, ""atr_smooth"": ""RMA""}, ""mcd"": {""fast_length"": 12, ""slow_length"": 26, ""signal_length"": 9}}",化学制品,98.88,84.48,15.49,-2.32,-1.32,-7.7,-4.68,-6.12,-5.69,-5.69,-1.15,4.02,4.49,1.5,0.6,9.46,6.9,3.9,4.1,3.36,-2.66,2.2,4.76,2.39,4.68,6.27,9.69,31.64,21.19,12.92,14.2,22.01
2024-09-30,301211,亨迪药业,fit,压力释放,12.79-12.82-10.98-11.79,高-低-高,0.21%-14.31%-7.31%,33,25.85,2.54,11.81,12.28,110095.0,15.0,10.2,9,📈ema📈res📈adx📈rsi,bull | 5.74% | 回补,,,100.0 | 98.06 | 1.02 | no,n 98｜s 00｜d 1.03%,4,红暗[-0.23]-红暗[-0.17]-红暗[-0.10]-红暗[-0.02]-绿亮[+0.08]-绿亮[+0.23],低-低-低-低-低-低,是,76.77,11.43,"{""sqz"": {""bb_length"": 20, ""bb_mult"": 1.8, ""kc_length"": 20, ""kc_mult"": 1.5, ""use_true_range"": true, ""min_sqz_bars"": 5}, ""ema"": {""ema_length"": 200}, ""rsi"": {""rsi_length"": 14, ""rsi_ma_length"": 14, ""rsi_smooth"": ""SMA""}, ""sto"": {""stoch_length"": 14, ""smooth_k"": 3, ""smooth_d"": 3}, ""adx"": {""adx_length"": 14, ""adx_threshold"": 25}, ""r&s"": {""srb_left"": 10, ""srb_right"": 10}, ""atr"": {""atr_length"": 14, ""atr_mult"": 1.0, ""atr_smooth"": ""RMA""}, ""mcd"": {""fast_length"": 12, ""slow_length"": 26, ""signal_length"": 9}}",化学制药,50.4,50.4,9.44,-3.8,-1.04,-6.51,-4.66,-5.7,-6.16,-6.91,-4.26,-2.99,-0.75,-2.48,-2.65,-1.55,18.13,27.58,20.9,27.63,23.89,18.31,25.22,24.7,25.33,30.69,36.15,34.25,28.9,20.9,20.84,14.68
2024-09-30,301263,泰恩康,fit,压力释放,14.97-14.93-14.83-14.32,低-低-低,0.26%-0.72%-3.42%,35,18.96,2.51,14.86,11.05,210416.0,8.0,12.89,10,📈ema📈res📉adx📈rsi,bull | 3.61% | 回补,,,100.0 | 92.81 | 1.08 | no,n 88｜s 00｜d 2.18%,6,红暗[-0.38]-红亮[-0.41]-红暗[-0.38]-红暗[-0.34]-红暗[-0.24]-红暗[-0.05],低-低-低-低-低-低,是,76.02,13.74,"{""sqz"": {""bb_length"": 20, ""bb_mult"": 1.8, ""kc_length"": 20, ""kc_mult"": 1.5, ""use_true_range"": true, ""min_sqz_bars"": 5}, ""ema"": {""ema_length"": 200}, ""rsi"": {""rsi_length"": 14, ""rsi_ma_length"": 14, ""rsi_smooth"": ""SMA""}, ""sto"": {""stoch_length"": 14, ""smooth_k"": 3, ""smooth_d"": 3}, ""adx"": {""adx_length"": 14, ""adx_threshold"": 25}, ""r&s"": {""srb_left"": 10, ""srb_right"": 10}, ""atr"": {""atr_length"": 14, ""atr_mult"": 1.0, ""atr_smooth"": ""RMA""}, ""mcd"": {""fast_length"": 12, ""slow_length"": 26, ""signal_length"": 9}}",化学制药,110.29,78.69,5.48,-7.28,-3.21,-7.55,-7.01,-8.35,-8.35,-10.35,-8.42,-8.48,-7.75,-8.48,-6.95,-5.14,-4.88,-9.15,-8.62,-6.95,-2.54,-1.87,-1.74,0.07,1.14,-0.27,-0.8,1.8,-1.14,-3.61,-6.15,-7.88
2024-09-30,301285,鸿日达,fit,压力释放,25.22-25.62-27.06-23.84,高-高-低,1.59%-5.61%-11.88%,28,15.64,3.09,26.43,11.08,120568.0,15.0,22.34,44,📈ema📈res📉adx📈rsi,bull | 1.73% | 回补,,,100.0 | 99.17 | 1.01 | no,n 78｜s 00｜d 5.94%,5,红亮[-0.49]-红亮[-0.52]-红暗[-0.42]-红暗[-0.32]-红暗[-0.16]-绿亮[+0.08],低-低-低-低-低-高,是,78.01,21.2,"{""sqz"": {""bb_length"": 20, ""bb_mult"": 1.8, ""kc_length"": 20, ""kc_mult"": 1.5, ""use_true_range"": true, ""min_sqz_bars"": 5}, ""ema"": {""ema_length"": 200}, ""rsi"": {""rsi_length"": 14, ""rsi_ma_length"": 14, ""rsi_smooth"": ""SMA""}, ""sto"": {""stoch_length"": 14, ""smooth_k"": 3, ""smooth_d"": 3}, ""adx"": {""adx_length"": 14, ""adx_threshold"": 25}, ""r&s"": {""srb_left"": 10, ""srb_right"": 10}, ""atr"": {""atr_length"": 14, ""atr_mult"": 1.0, ""atr_smooth"": ""RMA""}, ""mcd"": {""fast_length"": 12, ""slow_length"": 26, ""signal_length"": 9}}",消费电子,175.17,66.71,8.8,-2.8,-1.78,-5.55,-0.83,-3.14,-4.8,-1.25,4.84,5.14,2.3,0.0,-1.02,-0.91,-1.17,-4.95,-4.87,-6.54,-11.3,-2.34,2.0,-2.08,-1.59,-4.04,3.14,2.38,2.08,-2.3,-5.55,-10.8
2024-09-30,301333,诺思格,fit,压力释放,60.22-58.92-52.71-41.06,低-低-低,2.16%-10.55%-22.09%,15,10.46,1.81,49.55,13.62,32695.0,6.0,41.56,11,📈ema📈res📉adx📈rsi,bull | 8.44% | 回补,,,100.0 | 99.46 | 1.01 | no,n 96｜s 00｜d 1.97%,0,绿亮[+0.18]-绿亮[+0.30]-绿亮[+0.57]-绿亮[+0.88]-绿亮[+1.19]-绿亮[+1.74],低-低-低-低-低-高,是,76.01,47.26,"{""sqz"": {""bb_length"": 20, ""bb_mult"": 1.8, ""kc_length"": 20, ""kc_mult"": 1.5, ""use_true_range"": true, ""min_sqz_bars"": 5}, ""ema"": {""ema_length"": 200}, ""rsi"": {""rsi_length"": 14, ""rsi_ma_length"": 14, ""rsi_smooth"": ""SMA""}, ""sto"": {""stoch_length"": 14, ""smooth_k"": 3, ""smooth_d"": 3}, ""adx"": {""adx_length"": 14, ""adx_threshold"": 25}, ""r&s"": {""srb_left"": 10, ""srb_right"": 10}, ""atr"": {""atr_length"": 14, ""atr_mult"": 1.0, ""atr_smooth"": ""RMA""}, ""mcd"": {""fast_length"": 12, ""slow_length"": 26, ""signal_length"": 9}}",医疗服务,60.01,59.92,14.67,-2.33,0.34,-1.03,-1.53,-6.56,-4.3,-4.2,0.18,4.26,5.41,5.23,8.67,25.99,36.15,36.13,22.53,23.98,16.82,16.62,33.35,34.78,33.33,33.78,40.33,33.57,28.34,23.66,18.75,8.33
2024-09-30,301349,信德新材,fit,压力释放,39.33-38.16-36.95-26.85,低-低-低,2.97%-3.17%-27.34%,11,19.97,2.07,29.95,15.41,46113.0,11.0,25.25,14,📉ema📈res📈adx📈rsi,bull | 9.55% | 回补,,,95.02 | 80.4 | 1.18 | no,n 84｜s 00｜d 2.54%,2,绿暗[+0.43]-绿暗[+0.19]-绿暗[+0.05]-红亮[-0.02]-红亮[-0.05]-绿亮[+0.26],低-低-低-低-低-低,否,76.07,31.47,"{""sqz"": {""bb_length"": 20, ""bb_mult"": 1.8, ""kc_length"": 20, ""kc_mult"": 1.5, ""use_true_range"": true, ""min_sqz_bars"": 5}, ""ema"": {""ema_length"": 200}, ""rsi"": {""rsi_length"": 14, ""rsi_ma_length"": 14, ""rsi_smooth"": ""SMA""}, ""sto"": {""stoch_length"": 14, ""smooth_k"": 3, ""smooth_d"": 3}, ""adx"": {""adx_length"": 14, ""adx_threshold"": 25}, ""r&s"": {""srb_left"": 10, ""srb_right"": 10}, ""atr"": {""atr_length"": 14, ""atr_mult"": 1.0, ""atr_smooth"": ""RMA""}, ""mcd"": {""fast_length"": 12, ""slow_length"": 26, ""signal_length"": 9}}",电池,56.1,56.1,11.72,-3.01,-3.17,-9.52,-6.34,-8.35,-7.88,-9.18,-5.78,-3.77,2.14,-1.07,-4.74,2.6,0.0,-4.61,-6.58,-3.44,-9.18,-7.28,-4.11,4.11,4.91,3.14,19.63,13.76,36.49,20.57,15.46,14.26
2024-09-30,301369,联动科技,fit,压力释放,53.61-51.53-53.03-46.16,低-高-低,3.89%-2.93%-12.95%,12,8.64,1.64,56.38,15.92,59929.0,25.0,46.64,34,📈ema📈res📈adx📈rsi,bull | 6.63% | 未补,,,100.0 | 89.38 | 1.12 | no,n 71｜s 00｜d 2.11%,0,绿亮[+0.27]-绿亮[+0.28]-绿亮[+0.53]-绿亮[+0.84]-绿亮[+1.27]-绿亮[+1.90],低-低-低-低-低-高,是,75.72,45.77,"{""sqz"": {""bb_length"": 20, ""bb_mult"": 1.8, ""kc_length"": 20, ""kc_mult"": 1.5, ""use_true_range"": true, ""min_sqz_bars"": 5}, ""ema"": {""ema_length"": 200}, ""rsi"": {""rsi_length"": 14, ""rsi_ma_length"": 14, ""rsi_smooth"": ""SMA""}, ""sto"": {""stoch_length"": 14, ""smooth_k"": 3, ""smooth_d"": 3}, ""adx"": {""adx_length"": 14, ""adx_threshold"": 25}, ""r&s"": {""srb_left"": 10, ""srb_right"": 10}, ""atr"": {""atr_length"": 14, ""atr_mult"": 1.0, ""atr_smooth"": ""RMA""}, ""mcd"": {""fast_length"": 12, ""slow_length"": 26, ""signal_length"": 9}}",半导体,98.61,50.81,20.0,14.46,4.9,-2.54,2.75,0.35,3.54,2.13,10.95,11.32,12.27,8.29,14.46,18.84,16.76,10.23,7.7,11.01,1.58,4.31,8.7,8.26,11.08,12.34,17.89,19.65,17.12,12.75,6.89,1.23
2024-09-30,600177,XD雅戈尔,fit,一直释放,6.68-7.08-6.63-7.06,高-低-高,5.99%-6.36%-6.49%,27,19.86,3.92,7.52,8.51,746279.0,2.0,6.94,37,📈ema📈res📈adx📈rsi,bull | 4.69% | 未补,,,100.0 | 100.0 | 1.0 | no,n 18｜s 00｜d 6.71%,6,红暗[-0.61]-红暗[-0.59]-红暗[-0.49]-红暗[-0.37]-红暗[-0.20]-红暗[-0.03],低-低-低-低-低-低,是,79.53,6.21,"{""sqz"": {""bb_length"": 20, ""bb_mult"": 1.8, ""kc_length"": 20, ""kc_mult"": 1.5, ""use_true_range"": true, ""min_sqz_bars"": 5}, ""ema"": {""ema_length"": 200}, ""rsi"": {""rsi_length"": 14, ""rsi_ma_length"": 14, ""rsi_smooth"": ""SMA""}, ""sto"": {""stoch_length"": 14, ""smooth_k"": 3, ""smooth_d"": 3}, ""adx"": {""adx_length"": 14, ""adx_threshold"": 25}, ""r&s"": {""srb_left"": 10, ""srb_right"": 10}, ""atr"": {""atr_length"": 14, ""atr_mult"": 1.0, ""atr_smooth"": ""RMA""}, ""mcd"": {""fast_length"": 12, ""slow_length"": 26, ""signal_length"": 9}}",服装家纺,352.77,352.77,4.52,-5.85,-3.72,-5.19,-4.12,-5.98,-4.79,-7.05,-5.98,-7.18,-6.91,-5.32,-5.32,-4.92,-5.59,-6.65,-7.45,-7.58,-6.65,-5.32,-4.52,-5.72,-3.46,-4.79,-5.98,-6.25,-5.85,-7.18,-6.78,-5.32
2024-09-30,600252,中恒集团,fit,一直释放,2.38-2.52-2.26-2.37,高-低-高,5.88%-10.32%-4.87%,33,26.74,3.57,2.39,9.13,936075.0,3.0,2.18,21,📈ema📈res📈adx📈rsi,bull | 6.13% | 回补,,,100.0 | 100.0 | 1.0 | no,n 11｜s 00｜d 13.60%,6,红暗[-0.25]-红暗[-0.24]-红暗[-0.21]-红暗[-0.17]-红暗[-0.11]-红暗[-0.05],低-低-低-低-低-低,是,74.65,2.29,"{""sqz"": {""bb_length"": 20, ""bb_mult"": 1.8, ""kc_length"": 20, ""kc_mult"": 1.5, ""use_true_range"": true, ""min_sqz_bars"": 5}, ""ema"": {""ema_length"": 200}, ""rsi"": {""rsi_length"": 14, ""rsi_ma_length"": 14, ""rsi_smooth"": ""SMA""}, ""sto"": {""stoch_length"": 14, ""smooth_k"": 3, ""smooth_d"": 3}, ""adx"": {""adx_length"": 14, ""adx_threshold"": 25}, ""r&s"": {""srb_left"": 10, ""srb_right"": 10}, ""atr"": {""atr_length"": 14, ""atr_mult"": 1.0, ""atr_smooth"": ""RMA""}, ""mcd"": {""fast_length"": 12, ""slow_length"": 26, ""signal_length"": 9}}",中药Ⅱ,79.92,79.92,5.86,-3.77,-3.35,-6.28,-3.35,-6.69,-6.28,-7.95,-5.02,-5.86,-5.02,-3.77,-3.77,-1.67,2.93,-0.42,-1.67,8.37,19.25,14.23,25.52,23.85,27.62,22.59,21.34,23.43,18.83,14.64,10.46,9.62
2024-09-30,600312,平高电气,fit,压力释放,14.31-16.04-20.43-20.14,高-高-低,12.09%-27.37%-1.42%,40,17.57,1.67,20.47,6.56,484655.0,4.0,18.41,46,📈ema📈res📉adx📈rsi,bull | 1.64% | 未补,,,96.46 | 94.09 | 1.03 | no,n 82｜s 00｜d 7.42%,0,绿亮[+0.14]-绿亮[+0.31]-绿亮[+0.40]-绿亮[+0.55]-绿亮[+0.62]-绿亮[+0.74],低-低-低-低-低-低,是,73.21,15.14,"{""sqz"": {""bb_length"": 20, ""bb_mult"": 1.8, ""kc_length"": 20, ""kc_mult"": 1.5, ""use_true_range"": true, ""min_sqz_bars"": 5}, ""ema"": {""ema_length"": 200}, ""rsi"": {""rsi_length"": 14, ""rsi_ma_length"": 14, ""rsi_smooth"": ""SMA""}, ""sto"": {""stoch_length"": 14, ""smooth_k"": 3, ""smooth_d"": 3}, ""adx"": {""adx_length"": 14, ""adx_threshold"": 25}, ""r&s"": {""srb_left"": 10, ""srb_right"": 10}, ""atr"": {""atr_length"": 14, ""atr_mult"": 1.0, ""atr_smooth"": ""RMA""}, ""mcd"": {""fast_length"": 12, ""slow_length"": 26, ""signal_length"": 9}}",电网设备,285.63,285.63,-0.83,-1.12,-1.56,-1.17,1.03,-6.94,-5.32,-7.08,-4.01,-6.74,-5.81,-9.53,-10.5,-13.09,-12.02,-11.19,-10.99,-12.51,-11.48,-10.41,-9.43,-8.94,-7.62,-6.5,-9.14,-10.94,-7.03,-10.01,-11.28,-11.68
2024-09-30,600316,洪都航空,fit,压力释放,19.74-20.37-24.58-21.69,高-高-低,3.19%-20.67%-11.76%,19,9.1,1.56,24.97,8.66,288722.0,4.0,22.33,26,📈ema📈res📈adx📈rsi,bull | 6.21% | 回补,,,100.0 | 96.73 | 1.03 | no,n 47｜s 00｜d 3.48%,0,绿暗[+0.66]-绿暗[+0.61]-绿暗[+0.59]-绿暗[+0.59]-绿亮[+0.62]-绿亮[+0.77],低-低-低-低-高-高,是,78.11,18.58,"{""sqz"": {""bb_length"": 20, ""bb_mult"": 1.8, ""kc_length"": 20, ""kc_mult"": 1.5, ""use_true_range"": true, ""min_sqz_bars"": 5}, ""ema"": {""ema_length"": 200}, ""rsi"": {""rsi_length"": 14, ""rsi_ma_length"": 14, ""rsi_smooth"": ""SMA""}, ""sto"": {""stoch_length"": 14, ""smooth_k"": 3, ""smooth_d"": 3}, ""adx"": {""adx_length"": 14, ""adx_threshold"": 25}, ""r&s"": {""srb_left"": 10, ""srb_right"": 10}, ""atr"": {""atr_length"": 14, ""atr_mult"": 1.0, ""atr_smooth"": ""RMA""}, ""mcd"": {""fast_length"": 12, ""slow_length"": 26, ""signal_length"": 9}}",航空装备Ⅱ,289.14,289.14,7.73,1.48,5.17,-4.77,3.96,1.96,1.56,6.05,12.82,24.11,29.72,38.01,34.4,36.04,42.89,36.28,40.09,54.1,42.17,44.09,58.51,60.79,53.3,56.11,60.19,51.7,46.9,41.89,37.73,37.28
2024-09-30,600332,白云山,fit,一直释放,28.35-31.53-29.95-29.2,高-低-低,11.22%-5.01%-2.50%,33,26.41,4.1,29.46,8.39,331490.0,2.0,26.9,19,📈ema📈res📈adx📈rsi,bull | 6.16% | 回补,,,100.0 | 100.0 | 1.0 | no,n 11｜s 00｜d 12.32%,6,红暗[-2.89]-红暗[-2.75]-红暗[-2.41]-红暗[-2.02]-红暗[-1.41]-红暗[-0.63],低-低-低-低-低-低,是,74.21,27.67,"{""sqz"": {""bb_length"": 20, ""bb_mult"": 1.8, ""kc_length"": 20, ""kc_mult"": 1.5, ""use_true_range"": true, ""min_sqz_bars"": 5}, ""ema"": {""ema_length"": 200}, ""rsi"": {""rsi_length"": 14, ""rsi_ma_length"": 14, ""rsi_smooth"": ""SMA""}, ""sto"": {""stoch_length"": 14, ""smooth_k"": 3, ""smooth_d"": 3}, ""adx"": {""adx_length"": 14, ""adx_threshold"": 25}, ""r&s"": {""srb_left"": 10, ""srb_right"": 10}, ""atr"": {""atr_length"": 14, ""atr_mult"": 1.0, ""atr_smooth"": ""RMA""}, ""mcd"": {""fast_length"": 12, ""slow_length"": 26, ""signal_length"": 9}}",中药Ⅱ,373.28,322.79,2.24,-6.11,-4.51,-6.62,-6.52,-8.52,-9.0,-10.08,-7.84,-6.75,-6.35,-5.8,-6.35,-5.87,-5.97,-6.92,-6.86,-7.94,-7.33,-6.45,-5.13,-4.24,-1.56,-2.34,-2.99,-2.07,-1.56,-3.67,-4.65,-5.67
2024-09-30,600339,中油工程,fit,一直释放,3.58-3.5-3.12-3.36,低-低-高,2.23%-10.86%-7.69%,28,23.08,4.03,3.55,8.9,1175846.0,2.0,3.21,40,📈ema📈res📈adx📈rsi,bull | 3.44% | 回补,,,100.0 | 100.0 | 1.0 | no,n 40｜s 00｜d 7.41%,6,红暗[-0.28]-红暗[-0.27]-红暗[-0.23]-红暗[-0.17]-红暗[-0.09]-红暗[-0.01],低-低-低-低-低-低,是,77.58,3.09,"{""sqz"": {""bb_length"": 20, ""bb_mult"": 1.8, ""kc_length"": 20, ""kc_mult"": 1.5, ""use_true_range"": true, ""min_sqz_bars"": 5}, ""ema"": {""ema_length"": 200}, ""rsi"": {""rsi_length"": 14, ""rsi_ma_length"": 14, ""rsi_smooth"": ""SMA""}, ""sto"": {""stoch_length"": 14, ""smooth_k"": 3, ""smooth_d"": 3}, ""adx"": {""adx_length"": 14, ""adx_threshold"": 25}, ""r&s"": {""srb_left"": 10, ""srb_right"": 10}, ""atr"": {""atr_length"": 14, ""atr_mult"": 1.0, ""atr_smooth"": ""RMA""}, ""mcd"": {""fast_length"": 12, ""slow_length"": 26, ""signal_length"": 9}}",油服工程,230.03,230.03,5.35,-2.82,2.82,-0.56,-1.13,-3.94,-3.38,-5.92,-4.23,-5.35,-3.1,-2.82,-3.94,-3.38,0.28,-2.54,-3.38,-0.85,-0.28,1.97,3.1,3.38,6.48,3.38,2.25,0.28,2.54,0.56,-0.56,3.94
2024-09-30,600395,盘江股份,fit,一直释放,6.49-6.45-6.49-5.61,低-高-低,0.62%-0.62%-13.56%,30,21.96,2.41,5.83,8.57,484124.0,2.0,5.36,35,📈ema📈res📈adx📈rsi,bull | 5.32% | 回补,,,100.0 | 100.0 | 1.0 | no,n 45｜s 00｜d 5.65%,6,红亮[-0.36]-红暗[-0.35]-红暗[-0.30]-红暗[-0.24]-红暗[-0.15]-红暗[-0.05],低-低-低-低-低-低,是,72.78,5.71,"{""sqz"": {""bb_length"": 20, ""bb_mult"": 1.8, ""kc_length"": 20, ""kc_mult"": 1.5, ""use_true_range"": true, ""min_sqz_bars"": 5}, ""ema"": {""ema_length"": 200}, ""rsi"": {""rsi_length"": 14, ""rsi_ma_length"": 14, ""rsi_smooth"": ""SMA""}, ""sto"": {""stoch_length"": 14, ""smooth_k"": 3, ""smooth_d"": 3}, ""adx"": {""adx_length"": 14, ""adx_threshold"": 25}, ""r&s"": {""srb_left"": 10, ""srb_right"": 10}, ""atr"": {""atr_length"": 14, ""atr_mult"": 1.0, ""atr_smooth"": ""RMA""}, ""mcd"": {""fast_length"": 12, ""slow_length"": 26, ""signal_length"": 9}}",煤炭开采,132.45,132.45,0.86,-7.89,-4.46,-7.2,-5.66,-7.55,-6.86,-7.55,-6.52,-7.2,-6.0,-4.46,-4.63,-2.92,-3.09,-6.35,-6.69,-6.86,-5.83,-5.32,-3.95,-4.8,-2.74,-3.6,-3.77,-4.63,-4.8,-6.35,-7.03,-6.17
2024-09-30,600415,小商品城,fit,一直释放,8.4-8.16-7.48-8.48,低-低-高,2.86%-8.33%-13.37%,14,5.08,1.38,9.32,6.76,1253317.0,2.0,8.59,23,📈ema📈res📈adx📈rsi,bull | 1.49% | 回补,,,93.29 | 77.52 | 1.2 | no,n 44｜s 00｜d 12.36%,0,绿暗[+0.45]-绿暗[+0.37]-绿暗[+0.34]-绿暗[+0.31]-绿暗[+0.31]-绿暗[+0.30],低-低-低-高-高-高,是,84.01,7.56,"{""sqz"": {""bb_length"": 20, ""bb_mult"": 1.8, ""kc_length"": 20, ""kc_mult"": 1.5, ""use_true_range"": true, ""min_sqz_bars"": 5}, ""ema"": {""ema_length"": 200}, ""rsi"": {""rsi_length"": 14, ""rsi_ma_length"": 14, ""rsi_smooth"": ""SMA""}, ""sto"": {""stoch_length"": 14, ""smooth_k"": 3, ""smooth_d"": 3}, ""adx"": {""adx_length"": 14, ""adx_threshold"": 25}, ""r&s"": {""srb_left"": 10, ""srb_right"": 10}, ""atr"": {""atr_length"": 14, ""atr_mult"": 1.0, ""atr_smooth"": ""RMA""}, ""mcd"": {""fast_length"": 12, ""slow_length"": 26, ""signal_length"": 9}}",一般零售,722.73,722.73,6.55,-1.82,4.72,15.56,12.34,20.28,9.66,14.91,13.95,20.82,16.09,13.41,11.48,11.7,13.41,10.84,10.3,10.84,8.37,8.26,17.38,21.46,27.36,31.22,31.22,26.39,26.39,23.18,19.96,19.31
2024-09-30,600422,昆药集团,fit,一直释放,20.79-21.7-23.61-15.27,高-高-低,4.38%-8.80%-35.32%,28,31.41,3.71,15.54,8.07,429966.0,6.0,13.96,23,📉ema📈res📈adx🗒️rsi,bull | 9.38% | 回补,,,100.0 | 99.24 | 1.01 | no,n 42｜s 00｜d 13.02%,6,红暗[-1.44]-红暗[-1.41]-红暗[-1.29]-红暗[-1.15]-红暗[-0.88]-红暗[-0.45],低-低-低-低-低-低,是,69.9,18.35,"{""sqz"": {""bb_length"": 20, ""bb_mult"": 1.8, ""kc_length"": 20, ""kc_mult"": 1.5, ""use_true_range"": true, ""min_sqz_bars"": 5}, ""ema"": {""ema_length"": 200}, ""rsi"": {""rsi_length"": 14, ""rsi_ma_length"": 14, ""rsi_smooth"": ""SMA""}, ""sto"": {""stoch_length"": 14, ""smooth_k"": 3, ""smooth_d"": 3}, ""adx"": {""adx_length"": 14, ""adx_threshold"": 25}, ""r&s"": {""srb_left"": 10, ""srb_right"": 10}, ""atr"": {""atr_length"": 14, ""atr_mult"": 1.0, ""atr_smooth"": ""RMA""}, ""mcd"": {""fast_length"": 12, ""slow_length"": 26, ""signal_length"": 9}}",中药Ⅱ,86.3,86.3,3.15,-7.27,-6.95,-11.0,-9.27,-12.48,-13.0,-14.41,-11.97,-10.75,-9.46,-9.85,-9.65,-8.56,-2.51,-5.02,-5.47,-4.12,-5.08,-3.93,-2.9,-4.05,-0.58,-0.58,-0.19,-0.58,-1.29,-3.8,-5.73,-8.3
2024-09-30,600456,宝钛股份,fit,压力释放,28.54-28.56-28.49-26.85,高-低-低,0.07%-0.25%-5.76%,17,6.97,1.98,30.75,10.14,215712.0,5.0,27.71,7,📈ema📈res📈adx📈rsi,bull | 6.71% | 回补,,,100.0 | 74.89 | 1.34 | no,n 90｜s 00｜d 1.44%,2,绿暗[+0.49]-绿暗[+0.25]-绿暗[+0.11]-红亮[-0.07]-红暗[-0.03]-绿亮[+0.19],低-低-低-低-低-高,是,79.72,26.12,"{""sqz"": {""bb_length"": 20, ""bb_mult"": 1.8, ""kc_length"": 20, ""kc_mult"": 1.5, ""use_true_range"": true, ""min_sqz_bars"": 5}, ""ema"": {""ema_length"": 200}, ""rsi"": {""rsi_length"": 14, ""rsi_ma_length"": 14, ""rsi_smooth"": ""SMA""}, ""sto"": {""stoch_length"": 14, ""smooth_k"": 3, ""smooth_d"": 3}, ""adx"": {""adx_length"": 14, ""adx_threshold"": 25}, ""r&s"": {""srb_left"": 10, ""srb_right"": 10}, ""atr"": {""atr_length"": 14, ""atr_mult"": 1.0, ""atr_smooth"": ""RMA""}, ""mcd"": {""fast_length"": 12, ""slow_length"": 26, ""signal_length"": 9}}",小金属,160.2,160.2,9.92,1.01,1.82,-3.15,0.07,-0.78,-0.81,-1.07,3.87,6.76,7.25,6.24,4.03,5.66,3.71,-1.33,-0.81,-1.46,-1.24,-0.36,3.64,3.67,4.03,3.25,5.66,4.94,4.91,1.79,-1.95,-2.73
2024-09-30,600521,华海药业,fit,一直释放,17.91-17.59-17.79-17.94,低-高-高,1.79%-1.14%-0.84%,34,17.41,2.98,19.34,10.01,448220.0,3.0,17.54,18,📈ema📈res📈adx📈rsi,bull | 9.01% | 回补,,,100.0 | 97.66 | 1.02 | no,n 56｜s 00｜d 5.90%,6,红暗[-0.86]-红暗[-0.85]-红暗[-0.77]-红暗[-0.58]-红暗[-0.36]-红暗[-0.02],低-低-低-低-低-低,是,76.79,15.22,"{""sqz"": {""bb_length"": 20, ""bb_mult"": 1.8, ""kc_length"": 20, ""kc_mult"": 1.5, ""use_true_range"": true, ""min_sqz_bars"": 5}, ""ema"": {""ema_length"": 200}, ""rsi"": {""rsi_length"": 14, ""rsi_ma_length"": 14, ""rsi_smooth"": ""SMA""}, ""sto"": {""stoch_length"": 14, ""smooth_k"": 3, ""smooth_d"": 3}, ""adx"": {""adx_length"": 14, ""adx_threshold"": 25}, ""r&s"": {""srb_left"": 10, ""srb_right"": 10}, ""atr"": {""atr_length"": 14, ""atr_mult"": 1.0, ""atr_smooth"": ""RMA""}, ""mcd"": {""fast_length"": 12, ""slow_length"": 26, ""signal_length"": 9}}",化学制药,236.87,236.87,2.38,-2.02,0.05,-5.17,-4.08,-6.2,-6.83,-7.86,-6.31,-6.0,-2.22,-2.43,-2.43,-2.38,-1.86,-3.93,-4.91,-5.79,-5.38,-4.86,-4.55,-5.69,-4.14,-5.22,-6.2,-4.45,-6.88,-9.1,-8.69,-11.17
2024-09-30,600583,海油工程,fit,一直释放,6.61-6.23-6.03-5.56,低-低-低,5.75%-3.21%-7.79%,27,22.2,4.07,5.62,7.46,995895.0,2.0,5.22,15,📉ema📈res📈adx📈rsi,bull | 6.73% | 回补,,,100.0 | 100.0 | 1.0 | no,n 35｜s 00｜d 6.52%,6,红暗[-0.43]-红暗[-0.42]-红暗[-0.36]-红暗[-0.29]-红暗[-0.21]-红暗[-0.10],低-低-低-低-低-低,是,73.03,5.63,"{""sqz"": {""bb_length"": 20, ""bb_mult"": 1.8, ""kc_length"": 20, ""kc_mult"": 1.5, ""use_true_range"": true, ""min_sqz_bars"": 5}, ""ema"": {""ema_length"": 200}, ""rsi"": {""rsi_length"": 14, ""rsi_ma_length"": 14, ""rsi_smooth"": ""SMA""}, ""sto"": {""stoch_length"": 14, ""smooth_k"": 3, ""smooth_d"": 3}, ""adx"": {""adx_length"": 14, ""adx_threshold"": 25}, ""r&s"": {""srb_left"": 10, ""srb_right"": 10}, ""atr"": {""atr_length"": 14, ""atr_mult"": 1.0, ""atr_smooth"": ""RMA""}, ""mcd"": {""fast_length"": 12, ""slow_length"": 26, ""signal_length"": 9}}",油服工程,297.12,297.12,3.91,-4.09,-2.31,-3.2,-2.49,-6.94,-6.94,-8.36,-6.58,-7.65,-6.58,-5.34,-6.41,-6.05,-4.8,-7.3,-6.76,-7.12,-5.52,-3.38,-1.96,-2.14,-0.89,-3.2,-4.63,-4.98,-4.09,-6.05,-6.05,-4.45
2024-09-30,600642,申能股份,fit,一直释放,8.26-8.4-8.82-8.06,高-高-低,1.69%-5.00%-8.62%,28,21.2,3.42,8.09,6.87,612740.0,1.0,7.38,17,📈ema📈res📈adx🗒️rsi,bull | 2.00% | 未补,,,100.0 | 100.0 | 1.0 | no,n 24｜s 00｜d 6.68%,6,红亮[-0.69]-红暗[-0.59]-红暗[-0.46]-红暗[-0.32]-红暗[-0.19]-红暗[-0.04],低-低-低-低-低-低,是,69.44,7.15,"{""sqz"": {""bb_length"": 20, ""bb_mult"": 1.8, ""kc_length"": 20, ""kc_mult"": 1.5, ""use_true_range"": true, ""min_sqz_bars"": 5}, ""ema"": {""ema_length"": 200}, ""rsi"": {""rsi_length"": 14, ""rsi_ma_length"": 14, ""rsi_smooth"": ""SMA""}, ""sto"": {""stoch_length"": 14, ""smooth_k"": 3, ""smooth_d"": 3}, ""adx"": {""adx_length"": 14, ""adx_threshold"": 25}, ""r&s"": {""srb_left"": 10, ""srb_right"": 10}, ""atr"": {""atr_length"": 14, ""atr_mult"": 1.0, ""atr_smooth"": ""RMA""}, ""mcd"": {""fast_length"": 12, ""slow_length"": 26, ""signal_length"": 9}}",电力,450.74,450.72,-1.85,-7.05,-3.83,-3.21,-3.09,-5.69,-5.44,-6.8,-2.84,-4.2,-0.49,0.0,1.11,-1.85,-1.11,-1.85,-2.22,0.99,1.24,3.21,1.73,-1.85,-0.87,-1.98,-1.98,-3.34,-2.72,-4.33,-4.45,-2.6
2024-09-30,600741,华域汽车,fit,一直释放,16.09-16.7-14.97-15.11,高-低-高,3.79%-10.36%-0.94%,49,22.15,1.43,17.13,7.13,436417.0,1.0,15.84,34,📈ema📈res📈adx📈rsi,bull | 5.03% | 回补,,,100.0 | 71.6 | 1.4 | no,n 16｜s 00｜d 9.64%,0,绿暗[+1.75]-绿暗[+1.66]-绿暗[+1.53]-绿暗[+1.38]-绿暗[+1.29]-绿暗[+1.19],高-高-高-高-高-高,是,84.11,14.87,"{""sqz"": {""bb_length"": 20, ""bb_mult"": 1.8, ""kc_length"": 20, ""kc_mult"": 1.5, ""use_true_range"": true, ""min_sqz_bars"": 5}, ""ema"": {""ema_length"": 200}, ""rsi"": {""rsi_length"": 14, ""rsi_ma_length"": 14, ""rsi_smooth"": ""SMA""}, ""sto"": {""stoch_length"": 14, ""smooth_k"": 3, ""smooth_d"": 3}, ""adx"": {""adx_length"": 14, ""adx_threshold"": 25}, ""r&s"": {""srb_left"": 10, ""srb_right"": 10}, ""atr"": {""atr_length"": 14, ""atr_mult"": 1.0, ""atr_smooth"": ""RMA""}, ""mcd"": {""fast_length"": 12, ""slow_length"": 26, ""signal_length"": 9}}",汽车零部件,570.01,570.01,2.69,-3.56,-3.74,-6.25,-4.55,-7.3,-7.36,-10.8,-9.69,-11.85,-10.74,-10.16,-10.74,-11.03,-10.62,-11.97,-14.19,-16.52,-15.94,-15.24,-12.78,-13.78,-10.1,-7.88,-7.18,-4.73,0.53,-6.36,-5.9,-3.62
2024-09-30,600773,西藏城投,fit,压力释放,12.45-13.23-12.75-11.7,高-低-低,6.27%-3.63%-8.24%,27,13.04,2.07,12.86,7.35,374421.0,5.0,11.7,29,📈ema📈res📉adx📈rsi,bull | 5.00% | 回补,,,100.0 | 100.0 | 1.0 | no,n 84｜s 00｜d 3.99%,0,绿亮[+0.08]-绿亮[+0.10]-绿亮[+0.14]-绿亮[+0.17]-绿亮[+0.25]-绿亮[+0.37],低-低-低-低-低-高,是,75.91,11.03,"{""sqz"": {""bb_length"": 20, ""bb_mult"": 1.8, ""kc_length"": 20, ""kc_mult"": 1.5, ""use_true_range"": true, ""min_sqz_bars"": 5}, ""ema"": {""ema_length"": 200}, ""rsi"": {""rsi_length"": 14, ""rsi_ma_length"": 14, ""rsi_smooth"": ""SMA""}, ""sto"": {""stoch_length"": 14, ""smooth_k"": 3, ""smooth_d"": 3}, ""adx"": {""adx_length"": 14, ""adx_threshold"": 25}, ""r&s"": {""srb_left"": 10, ""srb_right"": 10}, ""atr"": {""atr_length"": 14, ""atr_mult"": 1.0, ""atr_smooth"": ""RMA""}, ""mcd"": {""fast_length"": 12, ""slow_length"": 26, ""signal_length"": 9}}",房地产开发,187.46,187.46,-3.73,-11.43,-8.09,-11.59,-7.85,-11.98,-9.95,-13.61,-11.74,-12.21,-10.11,-9.88,-9.49,-6.92,-5.29,-1.71,-2.95,1.48,4.43,5.6,13.06,13.76,14.77,9.88,10.58,9.41,10.19,8.94,3.03,3.97
2024-09-30,600845,宝信软件,fit,压力释放,33.95-33.7-31.85-29.66,低-低-低,0.74%-5.49%-6.88%,15,10.38,1.6,32.39,9.06,513804.0,2.0,29.71,14,📉ema📈res📉adx📈rsi,bull | 10.58% | 回补,,,77.6 | 56.6 | 1.37 | no,n 88｜s 00｜d 1.93%,3,绿暗[+0.13]-绿暗[+0.02]-绿亮[+0.04]-红亮[-0.14]-红亮[-0.26]-红暗[-0.04],低-低-低-低-低-高,是,71.77,32.43,"{""sqz"": {""bb_length"": 20, ""bb_mult"": 1.8, ""kc_length"": 20, ""kc_mult"": 1.5, ""use_true_range"": true, ""min_sqz_bars"": 5}, ""ema"": {""ema_length"": 200}, ""rsi"": {""rsi_length"": 14, ""rsi_ma_length"": 14, ""rsi_smooth"": ""SMA""}, ""sto"": {""stoch_length"": 14, ""smooth_k"": 3, ""smooth_d"": 3}, ""adx"": {""adx_length"": 14, ""adx_threshold"": 25}, ""r&s"": {""srb_left"": 10, ""srb_right"": 10}, ""atr"": {""atr_length"": 14, ""atr_mult"": 1.0, ""atr_smooth"": ""RMA""}, ""mcd"": {""fast_length"": 12, ""slow_length"": 26, ""signal_length"": 9}}",IT服务Ⅱ,634.44,471.63,5.96,-4.6,-3.55,-9.17,-9.63,-13.83,-16.09,-15.59,-13.77,-11.42,-11.82,-11.45,-13.37,-12.63,-12.07,-13.09,-17.91,-18.86,-18.15,-19.08,-16.86,-16.39,-13.74,-10.59,-7.66,-9.57,-9.17,-12.32,-13.4,-15.99
2024-09-30,600869,远东股份,fit,压力释放,4.91-3.98-3.89-3.96,低-低-高,18.94%-2.26%-1.80%,17,14.78,1.06,4.26,10.08,760257.0,3.0,3.83,27,📈ema📈res📉adx📈rsi,bull | 6.10% | 回补,,,100.0 | 88.86 | 1.13 | no,n 50｜s 00｜d 4.39%,6,红亮[-0.09]-红亮[-0.13]-红亮[-0.14]-红暗[-0.13]-红暗[-0.12]-红暗[-0.09],低-低-低-低-低-低,是,72.93,3.81,"{""sqz"": {""bb_length"": 20, ""bb_mult"": 1.8, ""kc_length"": 20, ""kc_mult"": 1.5, ""use_true_range"": true, ""min_sqz_bars"": 5}, ""ema"": {""ema_length"": 200}, ""rsi"": {""rsi_length"": 14, ""rsi_ma_length"": 14, ""rsi_smooth"": ""SMA""}, ""sto"": {""stoch_length"": 14, ""smooth_k"": 3, ""smooth_d"": 3}, ""adx"": {""adx_length"": 14, ""adx_threshold"": 25}, ""r&s"": {""srb_left"": 10, ""srb_right"": 10}, ""atr"": {""atr_length"": 14, ""atr_mult"": 1.0, ""atr_smooth"": ""RMA""}, ""mcd"": {""fast_length"": 12, ""slow_length"": 26, ""signal_length"": 9}}",电网设备,313.59,313.59,8.45,3.99,2.82,-3.29,3.29,-0.94,-1.64,-1.88,5.16,10.09,21.13,22.77,28.87,41.78,38.97,25.12,20.42,24.18,18.08,22.54,23.47,24.18,29.34,27.23,27.93,23.0,23.94,19.01,15.73,11.97
2024-09-30,600871,石化油服,fit,一直释放,1.9-2.01-1.94-1.92,高-低-低,5.79%-3.48%-1.03%,27,13.61,4.1,2.06,8.42,1893373.0,1.0,1.87,15,📈ema📈res📈adx📈rsi,bull | 2.67% | 回补,,,100.0 | 100.0 | 1.0 | no,n 18｜s 00｜d 4.55%,6,红暗[-0.11]-红暗[-0.11]-红暗[-0.09]-红暗[-0.07]-红暗[-0.04]-红暗[-0.00],低-低-低-低-低-低,是,79.49,1.83,"{""sqz"": {""bb_length"": 20, ""bb_mult"": 1.8, ""kc_length"": 20, ""kc_mult"": 1.5, ""use_true_range"": true, ""min_sqz_bars"": 5}, ""ema"": {""ema_length"": 200}, ""rsi"": {""rsi_length"": 14, ""rsi_ma_length"": 14, ""rsi_smooth"": ""SMA""}, ""sto"": {""stoch_length"": 14, ""smooth_k"": 3, ""smooth_d"": 3}, ""adx"": {""adx_length"": 14, ""adx_threshold"": 25}, ""r&s"": {""srb_left"": 10, ""srb_right"": 10}, ""atr"": {""atr_length"": 14, ""atr_mult"": 1.0, ""atr_smooth"": ""RMA""}, ""mcd"": {""fast_length"": 12, ""slow_length"": 26, ""signal_length"": 9}}",油服工程,564.92,403.7,7.28,-0.49,0.49,-1.46,-0.97,-4.37,-3.88,-5.34,-3.88,-3.4,-3.4,-1.46,-2.91,-1.46,1.94,-1.94,-1.46,0.49,1.46,4.85,6.8,8.74,11.65,10.19,7.28,4.37,5.34,3.4,2.43,2.91
2024-09-30,600889,南京化纤,fit,压力释放,8.34-6.4-6.19-5.32,低-低-低,23.26%-3.28%-14.05%,13,12.0,0.7,5.77,7.85,495561.0,14.0,5.07,9,📈ema📈res📈adx📈rsi,bull | 2.31% | 回补,,,100.0 | 99.95 | 1.0 | no,n 65｜s 00｜d 1.66%,1,红暗[-0.01]-绿亮[+0.03]-绿亮[+0.09]-绿亮[+0.16]-绿亮[+0.22]-绿亮[+0.29],低-低-低-低-低-高,是,71.04,5.03,"{""sqz"": {""bb_length"": 20, ""bb_mult"": 1.8, ""kc_length"": 20, ""kc_mult"": 1.5, ""use_true_range"": true, ""min_sqz_bars"": 5}, ""ema"": {""ema_length"": 200}, ""rsi"": {""rsi_length"": 14, ""rsi_ma_length"": 14, ""rsi_smooth"": ""SMA""}, ""sto"": {""stoch_length"": 14, ""smooth_k"": 3, ""smooth_d"": 3}, ""adx"": {""adx_length"": 14, ""adx_threshold"": 25}, ""r&s"": {""srb_left"": 10, ""srb_right"": 10}, ""atr"": {""atr_length"": 14, ""atr_mult"": 1.0, ""atr_smooth"": ""RMA""}, ""mcd"": {""fast_length"": 12, ""slow_length"": 26, ""signal_length"": 9}}",通用设备,79.63,52.28,3.99,-6.41,2.95,6.93,7.45,1.21,11.27,9.71,11.96,13.17,16.98,14.21,11.96,13.52,18.72,19.41,14.9,14.73,21.32,33.45,46.79,61.53,77.64,95.49,115.08,136.57,160.31,186.31,214.9,246.45
2024-09-30,601326,秦港股份,fit,一直释放,3.32-3.24-3.22-3.48,低-低-高,2.41%-0.62%-8.07%,27,15.23,3.66,3.57,6.57,687380.0,1.0,3.31,16,📈ema📈res📈adx📈rsi,bull | 3.65% | 回补,,,100.0 | 100.0 | 1.0 | no,n 25｜s 00｜d 4.89%,6,红暗[-0.19]-红暗[-0.18]-红暗[-0.15]-红暗[-0.11]-红暗[-0.07]-红暗[-0.01],低-低-低-低-低-低,是,75.43,3.03,"{""sqz"": {""bb_length"": 20, ""bb_mult"": 1.8, ""kc_length"": 20, ""kc_mult"": 1.5, ""use_true_range"": true, ""min_sqz_bars"": 5}, ""ema"": {""ema_length"": 200}, ""rsi"": {""rsi_length"": 14, ""rsi_ma_length"": 14, ""rsi_smooth"": ""SMA""}, ""sto"": {""stoch_length"": 14, ""smooth_k"": 3, ""smooth_d"": 3}, ""adx"": {""adx_length"": 14, ""adx_threshold"": 25}, ""r&s"": {""srb_left"": 10, ""srb_right"": 10}, ""atr"": {""atr_length"": 14, ""atr_mult"": 1.0, ""atr_smooth"": ""RMA""}, ""mcd"": {""fast_length"": 12, ""slow_length"": 26, ""signal_length"": 9}}",航运港口,206.18,175.55,3.08,-4.2,-0.56,-3.92,-1.12,-4.2,-1.68,-4.76,-3.36,-5.32,-4.76,-3.08,-4.48,-3.36,-1.4,-4.48,-6.72,-7.0,-7.0,-6.72,-5.32,-5.88,-3.08,-3.64,-3.92,-4.76,-4.2,-5.88,-5.32,-5.04
2024-09-30,601618,中国中冶,fit,一直释放,3.39-3.34-3.05-3.22,低-低-高,1.47%-8.68%-5.57%,27,29.84,4.2,3.28,9.7,3427236.0,2.0,2.95,20,📈ema📈res📈adx📈rsi,bull | 4.45% | 回补,,,100.0 | 100.0 | 1.0 | no,n 11｜s 00｜d 14.46%,6,红暗[-0.39]-红暗[-0.36]-红暗[-0.31]-红暗[-0.23]-红暗[-0.14]-红暗[-0.04],低-低-低-低-低-低,是,75.41,3.05,"{""sqz"": {""bb_length"": 20, ""bb_mult"": 1.8, ""kc_length"": 20, ""kc_mult"": 1.5, ""use_true_range"": true, ""min_sqz_bars"": 5}, ""ema"": {""ema_length"": 200}, ""rsi"": {""rsi_length"": 14, ""rsi_ma_length"": 14, ""rsi_smooth"": ""SMA""}, ""sto"": {""stoch_length"": 14, ""smooth_k"": 3, ""smooth_d"": 3}, ""adx"": {""adx_length"": 14, ""adx_threshold"": 25}, ""r&s"": {""srb_left"": 10, ""srb_right"": 10}, ""atr"": {""atr_length"": 14, ""atr_mult"": 1.0, ""atr_smooth"": ""RMA""}, ""mcd"": {""fast_length"": 12, ""slow_length"": 26, ""signal_length"": 9}}",专业工程,630.0,542.72,6.4,-4.27,5.49,-0.91,0.91,-1.52,-0.91,-3.35,-1.22,-0.61,-0.61,0.61,-1.52,-1.22,0.3,-2.13,-0.61,0.0,2.13,2.74,4.57,4.57,7.62,5.79,4.88,3.05,3.96,3.05,1.22,9.15
2024-09-30,601890,亚星锚链,fit,压力释放,8.48-8.3-7.34-7.25,低-低-低,2.12%-11.57%-1.23%,14,14.17,3.12,7.8,8.03,570709.0,6.0,7.09,13,📈ema📈res📉adx📈rsi,bull | 5.47% | 回补,,,99.13 | 87.19 | 1.14 | no,n 83｜s 00｜d 1.19%,4,红亮[-0.01]-红亮[-0.05]-红暗[-0.05]-红暗[-0.03]-绿亮[+0.00]-绿亮[+0.08],低-低-低-低-低-低,是,75.45,7.67,"{""sqz"": {""bb_length"": 20, ""bb_mult"": 1.8, ""kc_length"": 20, ""kc_mult"": 1.5, ""use_true_range"": true, ""min_sqz_bars"": 5}, ""ema"": {""ema_length"": 200}, ""rsi"": {""rsi_length"": 14, ""rsi_ma_length"": 14, ""rsi_smooth"": ""SMA""}, ""sto"": {""stoch_length"": 14, ""smooth_k"": 3, ""smooth_d"": 3}, ""adx"": {""adx_length"": 14, ""adx_threshold"": 25}, ""r&s"": {""srb_left"": 10, ""srb_right"": 10}, ""atr"": {""atr_length"": 14, ""atr_mult"": 1.0, ""atr_smooth"": ""RMA""}, ""mcd"": {""fast_length"": 12, ""slow_length"": 26, ""signal_length"": 9}}",航海装备Ⅱ,98.24,98.24,5.0,-3.08,-1.03,-5.0,-2.18,-3.72,-5.26,-6.67,-4.62,-3.21,-2.56,3.46,-0.26,3.33,4.36,1.54,1.54,1.92,-1.67,-0.26,3.97,5.64,7.05,6.67,9.1,4.87,6.15,3.59,1.03,-0.26
2024-09-30,603122,合富中国,fit,压力释放,6.47-5.87-6.44-6.22,低-高-低,9.27%-9.71%-3.42%,15,20.54,1.88,6.67,10.25,309525.0,17.0,5.86,16,📈ema📈res📉adx🗒️rsi,bull | 6.72% | 回补,,,92.56 | 77.4 | 1.2 | no,n 36｜s 00｜d 2.26%,0,绿亮[+0.03]-绿亮[+0.03]-绿暗[+0.03]-绿暗[+0.00]-绿亮[+0.05]-绿亮[+0.11],低-低-低-低-低-低,是,68.97,6.16,"{""sqz"": {""bb_length"": 20, ""bb_mult"": 1.8, ""kc_length"": 20, ""kc_mult"": 1.5, ""use_true_range"": true, ""min_sqz_bars"": 5}, ""ema"": {""ema_length"": 200}, ""rsi"": {""rsi_length"": 14, ""rsi_ma_length"": 14, ""rsi_smooth"": ""SMA""}, ""sto"": {""stoch_length"": 14, ""smooth_k"": 3, ""smooth_d"": 3}, ""adx"": {""adx_length"": 14, ""adx_threshold"": 25}, ""r&s"": {""srb_left"": 10, ""srb_right"": 10}, ""atr"": {""atr_length"": 14, ""atr_mult"": 1.0, ""atr_smooth"": ""RMA""}, ""mcd"": {""fast_length"": 12, ""slow_length"": 26, ""signal_length"": 9}}",医疗服务,61.22,61.22,5.55,-5.25,-4.5,-4.2,-3.3,-2.25,-2.7,-4.5,-3.6,-3.0,-0.9,2.55,0.9,1.5,6.0,2.55,13.04,17.99,17.09,17.69,17.99,14.69,14.84,13.94,17.84,25.19,20.24,12.44,7.2,3.45
2024-09-30,603203,快克智能,fit,一直释放,21.41-23.16-23.35-19.92,高-高-低,8.17%-0.82%-14.69%,19,20.73,2.74,21.35,9.15,68595.0,3.0,19.15,13,📈ema📈res📈adx📈rsi,bull | 5.68% | 回补,,,100.0 | 95.46 | 1.05 | no,n 40｜s 00｜d 4.13%,6,红亮[-1.31]-红暗[-1.12]-红暗[-1.01]-红暗[-0.89]-红暗[-0.69]-红暗[-0.34],低-低-低-低-低-低,否,71.97,21.02,"{""sqz"": {""bb_length"": 20, ""bb_mult"": 1.8, ""kc_length"": 20, ""kc_mult"": 1.5, ""use_true_range"": true, ""min_sqz_bars"": 5}, ""ema"": {""ema_length"": 200}, ""rsi"": {""rsi_length"": 14, ""rsi_ma_length"": 14, ""rsi_smooth"": ""SMA""}, ""sto"": {""stoch_length"": 14, ""smooth_k"": 3, ""smooth_d"": 3}, ""adx"": {""adx_length"": 14, ""adx_threshold"": 25}, ""r&s"": {""srb_left"": 10, ""srb_right"": 10}, ""atr"": {""atr_length"": 14, ""atr_mult"": 1.0, ""atr_smooth"": ""RMA""}, ""mcd"": {""fast_length"": 12, ""slow_length"": 26, ""signal_length"": 9}}",自动化设备,90.2,88.6,8.43,0.05,-0.7,-5.85,-2.81,-3.75,-5.2,-5.06,-0.37,3.75,4.92,4.17,3.42,8.29,14.75,6.18,8.43,6.04,1.64,6.51,14.1,9.88,9.74,9.18,14.57,10.02,11.29,12.65,13.82,9.23
2024-09-30,603200,上海洗霸,fit,压力释放,25.41-21.66-22.01-19.73,低-高-低,14.76%-1.62%-10.36%,25,14.64,1.8,21.33,7.67,100171.0,6.0,19.07,24,📈ema📈res📈adx📈rsi,bull | 4.75% | 回补,,,100.0 | 94.88 | 1.05 | no,n 78｜s 00｜d 3.18%,2,绿暗[+0.01]-红亮[-0.03]-红亮[-0.04]-绿亮[+0.04]-绿亮[+0.10]-绿亮[+0.26],低-低-低-低-低-高,是,72.01,20.0,"{""sqz"": {""bb_length"": 20, ""bb_mult"": 1.8, ""kc_length"": 20, ""kc_mult"": 1.5, ""use_true_range"": true, ""min_sqz_bars"": 5}, ""ema"": {""ema_length"": 200}, ""rsi"": {""rsi_length"": 14, ""rsi_ma_length"": 14, ""rsi_smooth"": ""SMA""}, ""sto"": {""stoch_length"": 14, ""smooth_k"": 3, ""smooth_d"": 3}, ""adx"": {""adx_length"": 14, ""adx_threshold"": 25}, ""r&s"": {""srb_left"": 10, ""srb_right"": 10}, ""atr"": {""atr_length"": 14, ""atr_mult"": 1.0, ""atr_smooth"": ""RMA""}, ""mcd"": {""fast_length"": 12, ""slow_length"": 26, ""signal_length"": 9}}",环境治理,103.5,103.5,4.27,-6.14,-6.0,-8.77,-6.8,-8.53,-9.52,-10.74,-8.63,-6.89,-4.5,-3.56,-6.14,-2.25,-0.84,-4.69,-5.44,-3.84,-7.31,-6.0,-3.47,4.78,4.55,6.52,9.28,4.59,11.11,7.88,13.31,24.71
2024-09-30,603235,天新药业,fit,压力释放,27.18-27.38-28.42-25.95,高-高-低,0.74%-3.80%-8.69%,14,6.27,1.61,28.55,7.05,24343.0,2.0,26.0,10,📈ema📈res📉adx📈rsi,bull | 3.28% | 回补,,,100.0 | 86.96 | 1.15 | no,n 86｜s 00｜d 0.61%,0,绿暗[+0.35]-绿暗[+0.26]-绿亮[+0.31]-绿暗[+0.29]-绿亮[+0.37]-绿亮[+0.55],低-低-低-低-低-高,是,72.18,23.79,"{""sqz"": {""bb_length"": 20, ""bb_mult"": 1.8, ""kc_length"": 20, ""kc_mult"": 1.5, ""use_true_range"": true, ""min_sqz_bars"": 5}, ""ema"": {""ema_length"": 200}, ""rsi"": {""rsi_length"": 14, ""rsi_ma_length"": 14, ""rsi_smooth"": ""SMA""}, ""sto"": {""stoch_length"": 14, ""smooth_k"": 3, ""smooth_d"": 3}, ""adx"": {""adx_length"": 14, ""adx_threshold"": 25}, ""r&s"": {""srb_left"": 10, ""srb_right"": 10}, ""atr"": {""atr_length"": 14, ""atr_mult"": 1.0, ""atr_smooth"": ""RMA""}, ""mcd"": {""fast_length"": 12, ""slow_length"": 26, ""signal_length"": 9}}",化学制品,116.8,116.8,1.16,-5.36,-3.64,-5.81,-4.34,-6.27,-7.74,-6.69,-4.97,-5.25,-3.96,-4.31,-2.73,-2.03,-2.87,-4.13,-5.46,-5.78,-5.92,-10.79,-10.68,-11.52,-10.51,-10.3,-10.51,-10.89,-11.17,-12.82,-11.8,-13.13
2024-09-30,603301,振德医疗,fit,压力释放,21.89-21.48-20.93-21.35,低-低-高,1.87%-2.56%-2.01%,19,13.26,2.34,23.48,9.41,48029.0,2.0,21.22,19,📈ema📈res📉adx📈rsi,bull | 5.53% | 回补,,,100.0 | 92.28 | 1.08 | no,n 68｜s 00｜d 1.32%,4,绿暗[+0.05]-红亮[-0.17]-红亮[-0.27]-红亮[-0.30]-红暗[-0.16]-绿亮[+0.08],低-低-低-低-低-高,是,79.3,20.37,"{""sqz"": {""bb_length"": 20, ""bb_mult"": 1.8, ""kc_length"": 20, ""kc_mult"": 1.5, ""use_true_range"": true, ""min_sqz_bars"": 5}, ""ema"": {""ema_length"": 200}, ""rsi"": {""rsi_length"": 14, ""rsi_ma_length"": 14, ""rsi_smooth"": ""SMA""}, ""sto"": {""stoch_length"": 14, ""smooth_k"": 3, ""smooth_d"": 3}, ""adx"": {""adx_length"": 14, ""adx_threshold"": 25}, ""r&s"": {""srb_left"": 10, ""srb_right"": 10}, ""atr"": {""atr_length"": 14, ""atr_mult"": 1.0, ""atr_smooth"": ""RMA""}, ""mcd"": {""fast_length"": 12, ""slow_length"": 26, ""signal_length"": 9}}",医疗器械,249.83,249.83,5.37,-5.45,-7.37,-8.48,-7.92,-10.39,-9.63,-10.48,-8.13,-7.79,-7.24,-6.56,-6.56,-4.6,-3.66,-6.9,-4.81,-4.56,-4.47,-2.77,-1.83,-2.04,-0.38,-1.28,-2.0,-1.83,-2.17,-4.17,-4.13,-4.9
2024-09-30,603338,浙江鼎力,fit,压力释放,69.99-72.45-63.09-53.3,高-低-低,3.51%-12.92%-15.52%,40,21.94,1.75,58.26,9.1,122490.0,2.0,52.14,14,📈ema📈res📈adx📈rsi,bull | 7.52% | 回补,,,100.0 | 90.67 | 1.1 | no,n 65｜s 00｜d 3.81%,0,绿亮[+2.74]-绿亮[+3.00]-绿亮[+3.19]-绿暗[+3.04]-绿亮[+3.15]-绿亮[+3.46],低-低-低-低-低-高,是,74.93,54.46,"{""sqz"": {""bb_length"": 20, ""bb_mult"": 1.8, ""kc_length"": 20, ""kc_mult"": 1.5, ""use_true_range"": true, ""min_sqz_bars"": 5}, ""ema"": {""ema_length"": 200}, ""rsi"": {""rsi_length"": 14, ""rsi_ma_length"": 14, ""rsi_smooth"": ""SMA""}, ""sto"": {""stoch_length"": 14, ""smooth_k"": 3, ""smooth_d"": 3}, ""adx"": {""adx_length"": 14, ""adx_threshold"": 25}, ""r&s"": {""srb_left"": 10, ""srb_right"": 10}, ""atr"": {""atr_length"": 14, ""atr_mult"": 1.0, ""atr_smooth"": ""RMA""}, ""mcd"": {""fast_length"": 12, ""slow_length"": 26, ""signal_length"": 9}}",工程机械,249.28,249.28,-1.46,-9.23,-9.05,-11.53,-9.54,-15.72,-15.83,-19.43,-18.61,-19.7,-18.5,-17.59,-16.94,-17.11,-17.27,-18.47,-12.48,-14.69,-10.71,-7.95,-6.45,-3.52,-4.91,-9.32,-7.91,-7.6,-9.9,-10.52,-11.55,-9.49
2024-09-30,603367,辰欣药业,fit,一直释放,13.82-13.71-16.39-13.26,低-高-低,0.80%-19.55%-19.10%,32,19.78,3.42,13.77,7.75,113909.0,3.0,12.43,19,📈ema📈res📈adx📈rsi,bull | 4.14% | 回补,,,100.0 | 100.0 | 1.0 | no,n 36｜s 00｜d 8.03%,6,红暗[-0.84]-红暗[-0.82]-红暗[-0.70]-红暗[-0.54]-红暗[-0.30]-红暗[-0.02],低-低-低-低-低-低,是,74.54,13.4,"{""sqz"": {""bb_length"": 20, ""bb_mult"": 1.8, ""kc_length"": 20, ""kc_mult"": 1.5, ""use_true_range"": true, ""min_sqz_bars"": 5}, ""ema"": {""ema_length"": 200}, ""rsi"": {""rsi_length"": 14, ""rsi_ma_length"": 14, ""rsi_smooth"": ""SMA""}, ""sto"": {""stoch_length"": 14, ""smooth_k"": 3, ""smooth_d"": 3}, ""adx"": {""adx_length"": 14, ""adx_threshold"": 25}, ""r&s"": {""srb_left"": 10, ""srb_right"": 10}, ""atr"": {""atr_length"": 14, ""atr_mult"": 1.0, ""atr_smooth"": ""RMA""}, ""mcd"": {""fast_length"": 12, ""slow_length"": 26, ""signal_length"": 9}}",化学制药,75.16,75.16,4.21,-2.9,-3.7,-7.77,-6.83,-8.35,-8.5,-9.44,-7.55,-7.19,-5.52,-5.95,-5.59,-4.72,-2.54,-3.27,-4.65,-3.05,-2.98,-1.09,-0.22,-1.31,1.67,2.69,3.56,2.83,2.25,0.44,-0.73,-0.51
2024-09-30,603389,*ST亚振,fit,压力释放,6.2-5.57-6.33-6.44,低-高-高,10.16%-13.64%-1.74%,19,16.46,0.96,7.42,7.38,332557.0,13.0,6.27,25,📈ema📈res📈adx📈rsi,no | no | 未补,,,100.0 | 91.83 | 1.09 | no,n 46｜s 00｜d 12.12%,0,绿亮[+0.35]-绿暗[+0.33]-绿暗[+0.33]-绿亮[+0.37]-绿亮[+0.43]-绿亮[+0.49],高-低-高-高-高-高,否,74.64,5.51,"{""sqz"": {""bb_length"": 20, ""bb_mult"": 1.8, ""kc_length"": 20, ""kc_mult"": 1.5, ""use_true_range"": true, ""min_sqz_bars"": 5}, ""ema"": {""ema_length"": 200}, ""rsi"": {""rsi_length"": 14, ""rsi_ma_length"": 14, ""rsi_smooth"": ""SMA""}, ""sto"": {""stoch_length"": 14, ""smooth_k"": 3, ""smooth_d"": 3}, ""adx"": {""adx_length"": 14, ""adx_threshold"": 25}, ""r&s"": {""srb_left"": 10, ""srb_right"": 10}, ""atr"": {""atr_length"": 14, ""atr_mult"": 1.0, ""atr_smooth"": ""RMA""}, ""mcd"": {""fast_length"": 12, ""slow_length"": 26, ""signal_length"": 9}}",家居用品,111.33,111.33,1.75,-8.36,-6.6,-11.99,-7.68,-4.31,5.26,-3.77,-1.89,-3.5,-3.5,-4.45,-1.62,-2.43,-2.16,-9.7,-7.82,-8.49,-14.56,-12.94,-10.51,-11.86,-9.84,-8.22,-7.28,-4.85,-2.56,-4.58,-0.94,-9.03
2024-09-30,603530,神马电力,fit,压力释放,20.06-31.38-23.74-21.8,高-低-低,56.43%-24.35%-8.17%,19,9.27,1.7,25.14,10.21,97037.0,2.0,21.81,10,📈ema📈res📉adx📈rsi,bull | 4.15% | 回补,,,100.0 | 100.0 | 1.0 | no,n 59｜s 00｜d 2.74%,0,绿暗[+0.91]-绿暗[+0.84]-绿亮[+0.85]-绿亮[+0.86]-绿暗[+0.81]-绿亮[+0.86],低-低-低-高-高-高,否,77.46,20.44,"{""sqz"": {""bb_length"": 20, ""bb_mult"": 1.8, ""kc_length"": 20, ""kc_mult"": 1.5, ""use_true_range"": true, ""min_sqz_bars"": 5}, ""ema"": {""ema_length"": 200}, ""rsi"": {""rsi_length"": 14, ""rsi_ma_length"": 14, ""rsi_smooth"": ""SMA""}, ""sto"": {""stoch_length"": 14, ""smooth_k"": 3, ""smooth_d"": 3}, ""adx"": {""adx_length"": 14, ""adx_threshold"": 25}, ""r&s"": {""srb_left"": 10, ""srb_right"": 10}, ""atr"": {""atr_length"": 14, ""atr_mult"": 1.0, ""atr_smooth"": ""RMA""}, ""mcd"": {""fast_length"": 12, ""slow_length"": 26, ""signal_length"": 9}}",电网设备,254.26,251.78,2.55,-7.88,-11.42,-9.55,-4.06,-8.19,-8.15,-3.98,-2.9,-4.81,-4.1,-6.76,-6.28,-7.56,-7.64,-8.87,-9.47,-8.75,-12.01,-9.71,-6.76,-8.27,-6.32,-7.4,-5.89,-6.92,-6.09,-9.67,-11.46,-12.73
2024-09-30,603565,中谷物流,fit,一直释放,6.51-8.91-9.2-7.75,高-高-低,36.87%-3.25%-15.76%,40,38.39,3.95,7.78,7.46,255847.0,1.0,7.11,13,📈ema📈res📈adx📈rsi,bull | 5.08% | 未补,,,100.0 | 100.0 | 1.0 | no,n 09｜s 00｜d 8.60%,6,红亮[-0.79]-红暗[-0.76]-红暗[-0.63]-红暗[-0.49]-红暗[-0.28]-红暗[-0.08],低-低-低-低-低-低,是,71.82,6.93,"{""sqz"": {""bb_length"": 20, ""bb_mult"": 1.8, ""kc_length"": 20, ""kc_mult"": 1.5, ""use_true_range"": true, ""min_sqz_bars"": 5}, ""ema"": {""ema_length"": 200}, ""rsi"": {""rsi_length"": 14, ""rsi_ma_length"": 14, ""rsi_smooth"": ""SMA""}, ""sto"": {""stoch_length"": 14, ""smooth_k"": 3, ""smooth_d"": 3}, ""adx"": {""adx_length"": 14, ""adx_threshold"": 25}, ""r&s"": {""srb_left"": 10, ""srb_right"": 10}, ""atr"": {""atr_length"": 14, ""atr_mult"": 1.0, ""atr_smooth"": ""RMA""}, ""mcd"": {""fast_length"": 12, ""slow_length"": 26, ""signal_length"": 9}}",航运港口,236.68,236.68,0.13,-11.44,-10.54,-12.47,-6.17,-10.03,-11.31,-14.01,-11.05,-11.31,-9.77,-9.64,-8.61,-8.23,-4.63,-8.1,-6.81,-9.51,-7.46,-7.2,-6.81,-8.35,-5.53,-3.34,0.9,0.51,4.11,2.06,-0.77,4.24
2024-09-30,603596,伯特利,fit,一直释放,44.32-41.89-40.49-47.01,低-低-高,5.48%-3.34%-16.10%,56,49.71,1.85,48.57,10.09,143833.0,2.0,43.35,56,📈ema📈res📈adx📈rsi,bull | 8.31% | 回补,,,100.0 | 91.09 | 1.1 | no,n 15｜s 00｜d 19.08%,0,绿暗[+5.13]-绿暗[+4.85]-绿暗[+4.72]-绿暗[+4.47]-绿暗[+4.28]-绿暗[+4.27],低-低-低-低-低-低,是,79.37,40.17,"{""sqz"": {""bb_length"": 20, ""bb_mult"": 1.8, ""kc_length"": 20, ""kc_mult"": 1.5, ""use_true_range"": true, ""min_sqz_bars"": 5}, ""ema"": {""ema_length"": 200}, ""rsi"": {""rsi_length"": 14, ""rsi_ma_length"": 14, ""rsi_smooth"": ""SMA""}, ""sto"": {""stoch_length"": 14, ""smooth_k"": 3, ""smooth_d"": 3}, ""adx"": {""adx_length"": 14, ""adx_threshold"": 25}, ""r&s"": {""srb_left"": 10, ""srb_right"": 10}, ""atr"": {""atr_length"": 14, ""atr_mult"": 1.0, ""atr_smooth"": ""RMA""}, ""mcd"": {""fast_length"": 12, ""slow_length"": 26, ""signal_length"": 9}}",汽车零部件,271.54,271.54,6.65,0.93,2.49,-5.81,-2.14,-6.22,-7.27,-8.52,-2.51,-2.9,0.27,1.71,0.95,1.13,1.44,1.63,1.3,-0.76,-3.48,-3.81,-2.53,-0.08,-0.1,4.24,8.21,6.44,5.93,3.23,-1.67,-3.52
2024-09-30,603606,东方电缆,fit,压力释放,49.45-51.52-53.46-48.98,高-高-低,4.19%-3.77%-8.38%,17,10.66,1.92,54.72,9.86,157466.0,2.0,49.13,19,📈ema📈res📉adx📈rsi,bull | 9.26% | 未补,,,95.74 | 80.33 | 1.19 | no,n 90｜s 00｜d 1.31%,0,绿暗[+1.22]-绿暗[+0.78]-绿暗[+0.62]-绿暗[+0.37]-绿暗[+0.12]-绿亮[+0.41],低-低-低-低-低-高,是,72.88,43.81,"{""sqz"": {""bb_length"": 20, ""bb_mult"": 1.8, ""kc_length"": 20, ""kc_mult"": 1.5, ""use_true_range"": true, ""min_sqz_bars"": 5}, ""ema"": {""ema_length"": 200}, ""rsi"": {""rsi_length"": 14, ""rsi_ma_length"": 14, ""rsi_smooth"": ""SMA""}, ""sto"": {""stoch_length"": 14, ""smooth_k"": 3, ""smooth_d"": 3}, ""adx"": {""adx_length"": 14, ""adx_threshold"": 25}, ""r&s"": {""srb_left"": 10, ""srb_right"": 10}, ""atr"": {""atr_length"": 14, ""atr_mult"": 1.0, ""atr_smooth"": ""RMA""}, ""mcd"": {""fast_length"": 12, ""slow_length"": 26, ""signal_length"": 9}}",电网设备,397.16,397.16,-0.29,-4.51,-0.91,-6.27,-6.76,-11.93,-11.55,-13.08,-11.06,-8.7,-0.58,3.34,0.57,5.61,2.17,1.52,4.0,2.36,4.24,4.9,6.73,6.63,4.77,3.71,1.92,1.11,0.8,-1.24,-2.54,-1.52
2024-09-30,603619,中曼石油,fit,一直释放,24.57-24.33-20.64-19.92,低-低-低,0.98%-15.17%-3.49%,19,23.27,2.43,21.07,9.51,168995.0,4.0,18.69,15,📈ema📈res📈adx📈rsi,bull | 6.99% | 回补,,,98.86 | 98.86 | 1.0 | no,n 25｜s 00｜d 7.82%,6,红暗[-1.72]-红暗[-1.69]-红暗[-1.56]-红暗[-1.26]-红暗[-0.97]-红暗[-0.50],低-低-低-低-低-低,是,72.58,20.31,"{""sqz"": {""bb_length"": 20, ""bb_mult"": 1.8, ""kc_length"": 20, ""kc_mult"": 1.5, ""use_true_range"": true, ""min_sqz_bars"": 5}, ""ema"": {""ema_length"": 200}, ""rsi"": {""rsi_length"": 14, ""rsi_ma_length"": 14, ""rsi_smooth"": ""SMA""}, ""sto"": {""stoch_length"": 14, ""smooth_k"": 3, ""smooth_d"": 3}, ""adx"": {""adx_length"": 14, ""adx_threshold"": 25}, ""r&s"": {""srb_left"": 10, ""srb_right"": 10}, ""atr"": {""atr_length"": 14, ""atr_mult"": 1.0, ""atr_smooth"": ""RMA""}, ""mcd"": {""fast_length"": 12, ""slow_length"": 26, ""signal_length"": 9}}",油服工程,162.84,162.84,8.78,-2.37,-2.09,-1.66,-1.42,-6.41,-7.07,-6.41,-6.12,-9.3,-7.97,-7.78,-8.88,-8.83,-7.31,-6.55,-6.07,-2.14,-0.19,5.74,5.74,3.23,1.57,0.57,0.85,2.61,2.28,0.14,-0.14,-3.18
2024-09-30,603699,纽威股份,fit,压力释放,14.69-18.59-17.12-17.72,高-低-高,26.55%-7.91%-3.50%,19,13.74,1.4,19.39,11.18,103380.0,1.0,17.53,13,📈ema📈res📉adx📈rsi,bull | 9.06% | 回补,,,87.65 | 78.72 | 1.11 | no,n 88｜s 00｜d 1.92%,6,红亮[-0.18]-红亮[-0.33]-红亮[-0.35]-红亮[-0.38]-红亮[-0.40]-红暗[-0.29],低-低-低-低-低-低,是,77.86,14.51,"{""sqz"": {""bb_length"": 20, ""bb_mult"": 1.8, ""kc_length"": 20, ""kc_mult"": 1.5, ""use_true_range"": true, ""min_sqz_bars"": 5}, ""ema"": {""ema_length"": 200}, ""rsi"": {""rsi_length"": 14, ""rsi_ma_length"": 14, ""rsi_smooth"": ""SMA""}, ""sto"": {""stoch_length"": 14, ""smooth_k"": 3, ""smooth_d"": 3}, ""adx"": {""adx_length"": 14, ""adx_threshold"": 25}, ""r&s"": {""srb_left"": 10, ""srb_right"": 10}, ""atr"": {""atr_length"": 14, ""atr_mult"": 1.0, ""atr_smooth"": ""RMA""}, ""mcd"": {""fast_length"": 12, ""slow_length"": 26, ""signal_length"": 9}}",通用设备,387.87,379.3,4.64,2.58,1.39,-2.78,1.03,0.62,0.36,0.36,3.56,1.75,6.24,7.17,10.57,10.93,18.77,11.91,9.85,5.36,7.58,14.08,13.82,14.29,18.0,17.64,13.72,14.13,13.36,12.89,12.07,10.47
2024-09-30,603707,健友股份,fit,一直释放,16.2-15.18-14.09-12.77,低-低-低,6.30%-7.18%-9.37%,37,23.38,0.61,14.45,7.36,152652.0,1.0,13.17,28,📈ema📈res📈adx📈rsi,bull | 4.19% | 未补,,,81.61 | 59.26 | 1.38 | no,n 22｜s 00｜d 9.14%,0,绿暗[+1.59]-绿暗[+1.49]-绿暗[+1.40]-绿暗[+1.30]-绿暗[+1.20]-绿暗[+1.15],高-高-高-高-高-高,是,77.98,12.77,"{""sqz"": {""bb_length"": 20, ""bb_mult"": 1.8, ""kc_length"": 20, ""kc_mult"": 1.5, ""use_true_range"": true, ""min_sqz_bars"": 5}, ""ema"": {""ema_length"": 200}, ""rsi"": {""rsi_length"": 14, ""rsi_ma_length"": 14, ""rsi_smooth"": ""SMA""}, ""sto"": {""stoch_length"": 14, ""smooth_k"": 3, ""smooth_d"": 3}, ""adx"": {""adx_length"": 14, ""adx_threshold"": 25}, ""r&s"": {""srb_left"": 10, ""srb_right"": 10}, ""atr"": {""atr_length"": 14, ""atr_mult"": 1.0, ""atr_smooth"": ""RMA""}, ""mcd"": {""fast_length"": 12, ""slow_length"": 26, ""signal_length"": 9}}",化学制药,156.56,156.56,3.74,-0.42,-1.11,-5.19,0.9,-1.73,1.38,2.49,7.34,3.88,4.01,1.73,0.9,1.45,1.52,-1.04,0.76,1.18,0.35,2.35,2.77,2.91,5.05,6.09,5.54,6.92,2.63,1.87,1.25,-1.25
2024-09-30,603738,泰晶科技,fit,压力释放,14.02-14.1-14.12-13.53,高-高-低,0.57%-0.14%-4.18%,28,15.05,2.26,14.31,10.08,324700.0,8.0,12.76,28,📈ema📈res📉adx📈rsi,bull | 5.68% | 回补,,,100.0 | 85.99 | 1.16 | no,n 92｜s 00｜d 4.08%,6,红亮[-0.40]-红亮[-0.46]-红暗[-0.43]-红暗[-0.41]-红暗[-0.37]-红暗[-0.23],低-低-低-低-低-低,是,70.62,13.4,"{""sqz"": {""bb_length"": 20, ""bb_mult"": 1.8, ""kc_length"": 20, ""kc_mult"": 1.5, ""use_true_range"": true, ""min_sqz_bars"": 5}, ""ema"": {""ema_length"": 200}, ""rsi"": {""rsi_length"": 14, ""rsi_ma_length"": 14, ""rsi_smooth"": ""SMA""}, ""sto"": {""stoch_length"": 14, ""smooth_k"": 3, ""smooth_d"": 3}, ""adx"": {""adx_length"": 14, ""adx_threshold"": 25}, ""r&s"": {""srb_left"": 10, ""srb_right"": 10}, ""atr"": {""atr_length"": 14, ""atr_mult"": 1.0, ""atr_smooth"": ""RMA""}, ""mcd"": {""fast_length"": 12, ""slow_length"": 26, ""signal_length"": 9}}",元件,101.06,101.06,10.06,3.91,2.31,-3.7,-0.77,-2.8,-3.21,-3.56,0.56,3.56,3.56,3.14,3.98,5.8,5.87,6.08,6.43,8.46,3.0,7.34,10.34,12.16,13.63,13.07,21.17,18.31,16.63,11.39,10.76,7.9
2024-09-30,605005,合兴股份,fit,压力释放,16.88-16.66-15.3-16.41,低-低-高,1.30%-8.16%-7.25%,18,15.16,2.16,16.72,7.04,62955.0,2.0,15.4,34,📈ema📈res📉adx📈rsi,bull | 4.22% | 回补,,,100.0 | 94.95 | 1.05 | no,n 96｜s 00｜d 1.47%,6,红亮[-0.46]-红亮[-0.49]-红暗[-0.48]-红暗[-0.45]-红暗[-0.40]-红暗[-0.26],低-低-低-低-低-低,是,79.95,15.57,"{""sqz"": {""bb_length"": 20, ""bb_mult"": 1.8, ""kc_length"": 20, ""kc_mult"": 1.5, ""use_true_range"": true, ""min_sqz_bars"": 5}, ""ema"": {""ema_length"": 200}, ""rsi"": {""rsi_length"": 14, ""rsi_ma_length"": 14, ""rsi_smooth"": ""SMA""}, ""sto"": {""stoch_length"": 14, ""smooth_k"": 3, ""smooth_d"": 3}, ""adx"": {""adx_length"": 14, ""adx_threshold"": 25}, ""r&s"": {""srb_left"": 10, ""srb_right"": 10}, ""atr"": {""atr_length"": 14, ""atr_mult"": 1.0, ""atr_smooth"": ""RMA""}, ""mcd"": {""fast_length"": 12, ""slow_length"": 26, ""signal_length"": 9}}",汽车零部件,82.0,82.0,3.83,-3.11,-2.09,-4.78,-3.29,-5.02,-5.98,-6.1,-5.08,-4.78,-4.01,-3.53,-3.11,-2.81,-2.99,0.42,0.9,0.96,0.96,3.95,3.71,1.5,1.73,1.2,1.2,0.12,-0.06,-2.27,-3.17,-3.89
2024-09-30,605008,长鸿高科,fit,压力释放,15.02-15.94-12.7-12.22,高-低-低,6.13%-20.33%-3.78%,18,10.89,1.99,13.38,8.16,46543.0,1.0,12.09,21,📉ema📈res📉adx📈rsi,bull | 3.82% | 回补,,,100.0 | 97.48 | 1.03 | no,n 87｜s 00｜d 1.04%,4,绿暗[+0.05]-红亮[-0.03]-红亮[-0.04]-红亮[-0.05]-红暗[-0.02]-绿亮[+0.08],低-低-低-低-低-高,是,78.09,13.41,"{""sqz"": {""bb_length"": 20, ""bb_mult"": 1.8, ""kc_length"": 20, ""kc_mult"": 1.5, ""use_true_range"": true, ""min_sqz_bars"": 5}, ""ema"": {""ema_length"": 200}, ""rsi"": {""rsi_length"": 14, ""rsi_ma_length"": 14, ""rsi_smooth"": ""SMA""}, ""sto"": {""stoch_length"": 14, ""smooth_k"": 3, ""smooth_d"": 3}, ""adx"": {""adx_length"": 14, ""adx_threshold"": 25}, ""r&s"": {""srb_left"": 10, ""srb_right"": 10}, ""atr"": {""atr_length"": 14, ""atr_mult"": 1.0, ""atr_smooth"": ""RMA""}, ""mcd"": {""fast_length"": 12, ""slow_length"": 26, ""signal_length"": 9}}",塑料,77.71,77.71,0.9,-9.04,-9.27,-10.46,-9.49,-11.81,-10.69,-10.84,-9.94,-10.39,-9.64,-9.34,-9.34,-7.32,-6.28,-7.85,-8.82,-8.74,-12.03,-9.64,-7.62,-7.32,-5.53,-6.28,-3.59,-4.63,-4.93,-6.95,-7.25,-8.0
2024-09-30,605118,力鼎光电,fit,压力释放,28.32-19.76-14.8-15.25,低-低-高,30.23%-25.10%-3.04%,17,20.17,2.7,16.12,9.29,82616.0,2.0,14.36,20,📈ema📈res📉adx📈rsi,bull | 5.57% | 回补,,,100.0 | 95.43 | 1.05 | no,n 66｜s 00｜d 2.96%,6,红亮[-0.25]-红亮[-0.33]-红暗[-0.29]-红暗[-0.26]-红暗[-0.18]-红暗[-0.02],低-低-低-低-低-低,是,74.76,15.66,"{""sqz"": {""bb_length"": 20, ""bb_mult"": 1.8, ""kc_length"": 20, ""kc_mult"": 1.5, ""use_true_range"": true, ""min_sqz_bars"": 5}, ""ema"": {""ema_length"": 200}, ""rsi"": {""rsi_length"": 14, ""rsi_ma_length"": 14, ""rsi_smooth"": ""SMA""}, ""sto"": {""stoch_length"": 14, ""smooth_k"": 3, ""smooth_d"": 3}, ""adx"": {""adx_length"": 14, ""adx_threshold"": 25}, ""r&s"": {""srb_left"": 10, ""srb_right"": 10}, ""atr"": {""atr_length"": 14, ""atr_mult"": 1.0, ""atr_smooth"": ""RMA""}, ""mcd"": {""fast_length"": 12, ""slow_length"": 26, ""signal_length"": 9}}",计算机设备,160.42,158.78,6.27,-4.09,-4.22,-9.43,-4.59,-3.16,-6.39,-4.96,-1.99,-0.31,-1.18,-2.36,-1.43,0.0,1.18,-0.93,6.7,5.09,-2.17,0.87,2.36,0.5,0.93,1.8,4.78,2.85,2.92,-1.05,-2.36,-6.82
2024-09-30,605167,利柏特,fit,压力释放,9.12-8.39-8.19-8.36,低-低-高,8.00%-2.38%-2.08%,27,12.37,1.59,9.09,7.96,156810.0,3.0,8.24,31,📈ema📈res📉adx📈rsi,bull | 4.18% | 回补,,,100.0 | 88.4 | 1.13 | no,n 86｜s 00｜d 3.52%,0,绿暗[+0.11]-绿暗[+0.08]-绿暗[+0.07]-绿暗[+0.07]-绿亮[+0.09]-绿亮[+0.14],低-低-低-低-低-高,是,79.51,8.37,"{""sqz"": {""bb_length"": 20, ""bb_mult"": 1.8, ""kc_length"": 20, ""kc_mult"": 1.5, ""use_true_range"": true, ""min_sqz_bars"": 5}, ""ema"": {""ema_length"": 200}, ""rsi"": {""rsi_length"": 14, ""rsi_ma_length"": 14, ""rsi_smooth"": ""SMA""}, ""sto"": {""stoch_length"": 14, ""smooth_k"": 3, ""smooth_d"": 3}, ""adx"": {""adx_length"": 14, ""adx_threshold"": 25}, ""r&s"": {""srb_left"": 10, ""srb_right"": 10}, ""atr"": {""atr_length"": 14, ""atr_mult"": 1.0, ""atr_smooth"": ""RMA""}, ""mcd"": {""fast_length"": 12, ""slow_length"": 26, ""signal_length"": 9}}",专业工程,73.92,73.92,3.19,-6.16,-4.29,-8.25,-6.38,-7.48,-7.37,-7.04,-4.62,-3.52,-0.55,-2.86,-1.76,-1.1,0.77,0.33,-0.88,-0.88,-3.3,-3.08,-2.2,-2.09,-0.22,-1.21,0.0,-0.77,0.66,0.44,2.42,10.78
2024-09-30,605178,时空科技,fit,压力释放,14.64-18.24-14.41-16.38,高-低-高,24.59%-21.00%-13.67%,27,30.1,0.79,17.57,8.06,136786.0,14.0,15.15,24,📈ema📈res📈adx📈rsi,bull | 1.13% | 回补,,,100.0 | 94.55 | 1.06 | no,n 42｜s 00｜d 8.09%,0,绿亮[+0.46]-绿亮[+0.58]-绿亮[+0.69]-绿亮[+0.88]-绿亮[+0.94]-绿亮[+1.05],低-低-低-低-低-低,是,73.1,15.93,"{""sqz"": {""bb_length"": 20, ""bb_mult"": 1.8, ""kc_length"": 20, ""kc_mult"": 1.5, ""use_true_range"": true, ""min_sqz_bars"": 5}, ""ema"": {""ema_length"": 200}, ""rsi"": {""rsi_length"": 14, ""rsi_ma_length"": 14, ""rsi_smooth"": ""SMA""}, ""sto"": {""stoch_length"": 14, ""smooth_k"": 3, ""smooth_d"": 3}, ""adx"": {""adx_length"": 14, ""adx_threshold"": 25}, ""r&s"": {""srb_left"": 10, ""srb_right"": 10}, ""atr"": {""atr_length"": 14, ""atr_mult"": 1.0, ""atr_smooth"": ""RMA""}, ""mcd"": {""fast_length"": 12, ""slow_length"": 26, ""signal_length"": 9}}",专业工程,67.48,67.48,2.5,3.81,-0.4,-8.37,-5.75,-7.74,-6.55,-5.63,-1.25,-2.33,-3.47,-4.55,5.01,8.42,11.67,5.52,5.81,5.81,6.32,5.07,10.02,7.46,9.73,14.97,17.64,12.24,14.11,15.37,17.76,9.5
2024-09-30,605277,新亚电子,fit,一直释放,15.07-13.85-13.66-13.03,低-低-低,8.10%-1.37%-4.61%,28,22.81,2.09,13.42,7.96,205950.0,7.0,12.09,13,📈ema📈res📈adx📈rsi,bull | 1.87% | 回补,,,100.0 | 100.0 | 1.0 | no,n 52｜s 00｜d 5.52%,6,红暗[-0.83]-红暗[-0.81]-红暗[-0.73]-红暗[-0.61]-红暗[-0.42]-红暗[-0.18],低-低-低-低-低-低,是,71.94,12.1,"{""sqz"": {""bb_length"": 20, ""bb_mult"": 1.8, ""kc_length"": 20, ""kc_mult"": 1.5, ""use_true_range"": true, ""min_sqz_bars"": 5}, ""ema"": {""ema_length"": 200}, ""rsi"": {""rsi_length"": 14, ""rsi_ma_length"": 14, ""rsi_smooth"": ""SMA""}, ""sto"": {""stoch_length"": 14, ""smooth_k"": 3, ""smooth_d"": 3}, ""adx"": {""adx_length"": 14, ""adx_threshold"": 25}, ""r&s"": {""srb_left"": 10, ""srb_right"": 10}, ""atr"": {""atr_length"": 14, ""atr_mult"": 1.0, ""atr_smooth"": ""RMA""}, ""mcd"": {""fast_length"": 12, ""slow_length"": 26, ""signal_length"": 9}}",消费电子,73.09,71.77,5.81,-4.84,-5.81,-8.79,-5.59,-6.71,-7.0,-6.18,-2.76,0.37,-0.07,-1.86,-1.04,-0.82,0.37,-0.3,0.75,1.34,-3.8,0.6,2.83,2.09,2.31,2.83,5.37,3.87,3.8,-0.45,-2.38,-5.81
2024-09-30,605333,沪光股份,fit,压力释放,30.82-30.71-29.47-24.77,低-低-低,0.36%-4.04%-15.95%,27,11.93,1.3,28.99,9.48,70086.0,2.0,25.9,27,📈ema📈res📈adx📈rsi,bull | 7.37% | 回补,,,98.53 | 77.74 | 1.27 | no,n 84｜s 00｜d 5.18%,0,绿暗[+0.97]-绿暗[+0.92]-绿暗[+0.88]-绿亮[+0.90]-绿亮[+0.96]-绿亮[+1.11],高-高-低-高-高-高,否,77.94,23.66,"{""sqz"": {""bb_length"": 20, ""bb_mult"": 1.8, ""kc_length"": 20, ""kc_mult"": 1.5, ""use_true_range"": true, ""min_sqz_bars"": 5}, ""ema"": {""ema_length"": 200}, ""rsi"": {""rsi_length"": 14, ""rsi_ma_length"": 14, ""rsi_smooth"": ""SMA""}, ""sto"": {""stoch_length"": 14, ""smooth_k"": 3, ""smooth_d"": 3}, ""adx"": {""adx_length"": 14, ""adx_threshold"": 25}, ""r&s"": {""srb_left"": 10, ""srb_right"": 10}, ""atr"": {""atr_length"": 14, ""atr_mult"": 1.0, ""atr_smooth"": ""RMA""}, ""mcd"": {""fast_length"": 12, ""slow_length"": 26, ""signal_length"": 9}}",汽车零部件,116.2,109.37,7.11,-0.48,0.62,-0.41,0.9,-1.1,-0.72,-2.14,2.17,1.14,6.24,8.62,3.45,3.66,4.07,14.56,18.94,14.69,10.83,19.21,29.25,21.7,21.04,20.11,25.7,22.7,21.32,21.01,18.56,13.94
2024-09-30,605507,国邦医药,fit,一直释放,17.99-16.97-17.15-18.8,低-高-高,5.67%-1.06%-9.62%,14,10.52,0.94,20.39,10.28,105961.0,4.0,18.46,19,📈ema📈res📉adx📈rsi,bull | 8.11% | 回补,,,71.54 | 44.54 | 1.61 | no,n 19｜s 00｜d 7.44%,0,绿暗[+0.99]-绿暗[+0.76]-绿暗[+0.56]-绿暗[+0.35]-绿暗[+0.16]-绿暗[+0.11],低-低-低-低-低-低,是,77.53,16.13,"{""sqz"": {""bb_length"": 20, ""bb_mult"": 1.8, ""kc_length"": 20, ""kc_mult"": 1.5, ""use_true_range"": true, ""min_sqz_bars"": 5}, ""ema"": {""ema_length"": 200}, ""rsi"": {""rsi_length"": 14, ""rsi_ma_length"": 14, ""rsi_smooth"": ""SMA""}, ""sto"": {""stoch_length"": 14, ""smooth_k"": 3, ""smooth_d"": 3}, ""adx"": {""adx_length"": 14, ""adx_threshold"": 25}, ""r&s"": {""srb_left"": 10, ""srb_right"": 10}, ""atr"": {""atr_length"": 14, ""atr_mult"": 1.0, ""atr_smooth"": ""RMA""}, ""mcd"": {""fast_length"": 12, ""slow_length"": 26, ""signal_length"": 9}}",化学制药,150.04,150.04,4.46,-2.16,-2.16,-5.0,-4.12,-4.22,-4.12,-4.36,-2.4,-1.18,-1.77,-3.24,-3.38,-2.8,-3.04,-5.25,-5.84,-7.11,-7.5,-7.6,-6.52,-6.62,-4.61,-3.24,3.97,2.6,0.39,-2.35,-2.84,-2.7
