日期,信号,代码,相距SMA,现价,涨幅,止损,策略,参组,参数,名称,周期,SMA,释放类型,支撑压力价格,支撑压力趋势,支撑压力涨幅,区间K线数量,区间K线振幅
2026-09-21 00:00:00,Short,PBAM,,88.36,-0.81%,91.5,utb,参数一,"{""utb"": {""key_value"": 2, ""atr_period"": 14, ""use_ha"": false}, ""r&s"": {""srb_left"": 10, ""srb_right"": 10}, ""atr"": {""atr_length"": 14, ""atr_mult"": 1.0}}",PRIVATE BANCORP OF AMERICA I,1D,,,,,,,
2026-09-21 00:00:00,Long,DAKT,-14.19,17.66,1.44%,16.55,suf,参数一,"{""suf"": {""timeframe"": ""d""}}",DAKTRONICS INC,1D,200.0,,,,,,
2026-09-21 00:00:00,Long,DAKT,-14.19,17.66,1.44%,16.55,suf,参数二,"{""suf"": {""timeframe"": ""d""}}",DAKTRONICS INC,1D,200.0,,,,,,
2026-09-21 00:00:00,Long,XPOF,-40.7,3.88,6.30%,3.38,suf,参数一,"{""suf"": {""timeframe"": ""d""}}",XPONENTIAL FITNESS INC-A,1D,200.0,,,,,,
2026-09-21 00:00:00,Long,XPOF,-40.7,3.88,6.30%,3.38,suf,参数二,"{""suf"": {""timeframe"": ""d""}}",XPONENTIAL FITNESS INC-A,1D,200.0,,,,,,
2026-09-21 00:00:00,Long,POET,,8.41,7.82%,7.48,utb,参数一,"{""utb"": {""key_value"": 2, ""atr_period"": 14, ""use_ha"": false}, ""r&s"": {""srb_left"": 10, ""srb_right"": 10}, ""atr"": {""atr_length"": 14, ""atr_mult"": 1.0}}",POET TECHNOLOGIES INC,1D,,,,,,,
2026-09-21 00:00:00,Long,SHAK,-26.95,56.96,3.79%,52.38,suf,参数一,"{""suf"": {""timeframe"": ""d""}}",SHAKE SHACK INC - CLASS A,1D,200.0,,,,,,
2026-09-21 00:00:00,Long,SHAK,-26.95,56.96,3.79%,52.38,suf,参数二,"{""suf"": {""timeframe"": ""d""}}",SHAKE SHACK INC - CLASS A,1D,200.0,,,,,,
2026-09-21 00:00:00,Short,VLO,57.91,393.27,-4.84%,433.05,suf,参数一,"{""suf"": {""timeframe"": ""d""}}",VALERO ENERGY CORP,1D,200.0,,,,,,
2026-09-21 00:00:00,Short,VLO,57.91,393.27,-4.84%,433.05,suf,参数二,"{""suf"": {""timeframe"": ""d""}}",VALERO ENERGY CORP,1D,200.0,,,,,,
2026-09-21 00:00:00,Long,TAC,,12.31,0.74%,11.87,mfa,参数一,"{""mfa"": {""mfa_all"": 20}}",TRANSALTA CORP,1D,,,,,,,
2026-09-21 00:00:00,Long,TAC,,12.31,0.74%,11.87,mfa,参数二,"{""mfa"": {""mfa_all"": 20}}",TRANSALTA CORP,1D,,,,,,,
2026-09-21 00:00:00,Short,CMC,,63.98,-0.81%,67.12,sqz,参数一,"{""sqz"": {""bb_length"": 15, ""bb_mult"": 1.5, ""kc_length"": 15, ""kc_mult"": 1.2, ""min_sqz_bars"": 4}, ""r&s"": {""srb_left"": 10, ""srb_right"": 10}, ""atr"": {""atr_length"": 14, ""atr_mult"": 1.0}}",COMMERCIAL METALS CO,1D,,一直亮红,nan-57.19-67.38-59.96-64.39,低-高-低-高,nan%-17.82%-11.01%-7.39%,19.0,11.52
2026-09-21 00:00:00,Short,CMC,,63.98,-0.81%,67.12,sqz,参数二,"{""sqz"": {""bb_length"": 20, ""bb_mult"": 1.8, ""kc_length"": 20, ""kc_mult"": 1.5, ""min_sqz_bars"": 4}, ""r&s"": {""srb_left"": 15, ""srb_right"": 15}, ""atr"": {""atr_length"": 14, ""atr_mult"": 1.0}}",COMMERCIAL METALS CO,1D,,支撑释放,nan-57.19-59.96-64.39,低-高-高,nan%-4.85%-7.39%,19.0,11.52
2026-09-21 00:00:00,Short,VTS,,16.88,-3.60%,17.89,utb,参数二,"{""utb"": {""key_value"": 3, ""atr_period"": 14, ""use_ha"": false}, ""r&s"": {""srb_left"": 15, ""srb_right"": 15}, ""atr"": {""atr_length"": 14, ""atr_mult"": 1.0}}",VITESSE ENERGY INC,1D,,,,,,,
2026-09-21 00:00:00,Long,LAD,1.17,316.15,-0.04%,301.52,suf,参数一,"{""suf"": {""timeframe"": ""d""}}",LITHIA MOTORS INC,1D,200.0,,,,,,
2026-09-21 00:00:00,Long,LAD,1.17,316.15,-0.04%,301.52,suf,参数二,"{""suf"": {""timeframe"": ""d""}}",LITHIA MOTORS INC,1D,200.0,,,,,,
2026-09-21 00:00:00,Short,CBIO,,16.25,-3.79%,18.5,utb,参数二,"{""utb"": {""key_value"": 3, ""atr_period"": 14, ""use_ha"": false}, ""r&s"": {""srb_left"": 15, ""srb_right"": 15}, ""atr"": {""atr_length"": 14, ""atr_mult"": 1.0}}",CRESCENT BIOPHARMA INC,1D,,,,,,,
2026-09-21 00:00:00,Long,QMLS,,8.1,10.96%,5.91,sqz,参数一,"{""sqz"": {""bb_length"": 15, ""bb_mult"": 1.5, ""kc_length"": 15, ""kc_mult"": 1.2, ""min_sqz_bars"": 4}, ""r&s"": {""srb_left"": 10, ""srb_right"": 10}, ""atr"": {""atr_length"": 14, ""atr_mult"": 1.0}}",QUMULUSAI INC,1D,,压力释放,nan-7.96,低,nan%,24.0,57.31
2026-09-21 00:00:00,Long,QMLS,,8.1,10.96%,5.91,sqz,参数二,"{""sqz"": {""bb_length"": 20, ""bb_mult"": 1.8, ""kc_length"": 20, ""kc_mult"": 1.5, ""min_sqz_bars"": 4}, ""r&s"": {""srb_left"": 15, ""srb_right"": 15}, ""atr"": {""atr_length"": 14, ""atr_mult"": 1.0}}",QUMULUSAI INC,1D,,压力释放,nan-7.96,低,nan%,24.0,57.31
2026-09-21 00:00:00,Long,FRME,,40.9,0.07%,39.95,mfa,参数一,"{""mfa"": {""mfa_all"": 8}}",FIRST MERCHANTS CORP,1D,,,,,,,
2026-09-21 00:00:00,Long,FRME,,40.9,0.07%,39.95,mfa,参数二,"{""mfa"": {""mfa_all"": 8}}",FIRST MERCHANTS CORP,1D,,,,,,,
2026-09-21 00:00:00,Short,NEO,61.52,19.41,-2.51%,20.86,suf,参数一,"{""suf"": {""timeframe"": ""d""}}",NEOGENOMICS INC,1D,200.0,,,,,,
2026-09-21 00:00:00,Short,NEO,61.52,19.41,-2.51%,20.86,suf,参数二,"{""suf"": {""timeframe"": ""d""}}",NEOGENOMICS INC,1D,200.0,,,,,,
2026-09-21 00:00:00,Long,RAYA,,1.82,-5.21%,1.57,mfa,参数一,"{""mfa"": {""mfa_all"": 6}}",ERAYAK POWER SOLUTION GRP-A,1D,,,,,,,
2026-09-21 00:00:00,Long,RAYA,,1.82,-5.21%,1.57,mfa,参数二,"{""mfa"": {""mfa_all"": 6}}",ERAYAK POWER SOLUTION GRP-A,1D,,,,,,,
2026-09-21 00:00:00,Long,TYGO,-63.06,1.01,3.59%,0.88,suf,参数一,"{""suf"": {""timeframe"": ""d""}}",TIGO ENERGY INC,1D,200.0,,,,,,
2026-09-21 00:00:00,Long,TYGO,-63.06,1.01,3.59%,0.88,suf,参数二,"{""suf"": {""timeframe"": ""d""}}",TIGO ENERGY INC,1D,200.0,,,,,,
2026-09-21 00:00:00,Long,THO,-18.86,69.94,3.20%,64.96,suf,参数一,"{""suf"": {""timeframe"": ""d""}}",THOR INDUSTRIES INC,1D,200.0,,,,,,
2026-09-21 00:00:00,Long,THO,-18.86,69.94,3.20%,64.96,suf,参数二,"{""suf"": {""timeframe"": ""d""}}",THOR INDUSTRIES INC,1D,200.0,,,,,,
2026-09-21 00:00:00,Long,FC,-10.13,17.54,1.56%,16.29,suf,参数一,"{""suf"": {""timeframe"": ""d""}}",FRANKLIN COVEY CO,1D,200.0,,,,,,
2026-09-21 00:00:00,Long,FC,-10.13,17.54,1.56%,16.29,suf,参数二,"{""suf"": {""timeframe"": ""d""}}",FRANKLIN COVEY CO,1D,200.0,,,,,,
2026-09-21 00:00:00,Short,KLC,,2.29,2.23%,2.48,sqz,参数一,"{""sqz"": {""bb_length"": 15, ""bb_mult"": 1.5, ""kc_length"": 15, ""kc_mult"": 1.2, ""min_sqz_bars"": 4}, ""r&s"": {""srb_left"": 10, ""srb_right"": 10}, ""atr"": {""atr_length"": 14, ""atr_mult"": 1.0}}",KINDERCARE LEARNING COS INC,1D,,一直释放,3.99-4.13-1.75-3.49-4.68,高-低-高-高,3.38%-57.63%-99.43%-34.13%,41.0,20.06
2026-09-21 00:00:00,Long,EXE,-11.27,87.65,0.18%,82.79,suf,参数一,"{""suf"": {""timeframe"": ""d""}}",EXPAND ENERGY CORP,1D,200.0,,,,,,
2026-09-21 00:00:00,Long,EXE,-11.27,87.65,0.18%,82.79,suf,参数二,"{""suf"": {""timeframe"": ""d""}}",EXPAND ENERGY CORP,1D,200.0,,,,,,
2026-09-21 00:00:00,Long,KULR,,2.42,2.11%,2.24,mfa,参数一,"{""mfa"": {""mfa_all"": 8}}",KULR TECHNOLOGY GROUP INC,1D,,,,,,,
2026-09-21 00:00:00,Long,KULR,,2.42,2.11%,2.24,mfa,参数二,"{""mfa"": {""mfa_all"": 8}}",KULR TECHNOLOGY GROUP INC,1D,,,,,,,
2026-09-21 00:00:00,Short,OKE,,91.8,-1.78%,95.61,utb,参数一,"{""utb"": {""key_value"": 2, ""atr_period"": 14, ""use_ha"": false}, ""r&s"": {""srb_left"": 10, ""srb_right"": 10}, ""atr"": {""atr_length"": 14, ""atr_mult"": 1.0}}",ONEOK INC,1D,,,,,,,
2026-09-21 00:00:00,Short,ED,,103.86,-1.49%,107.34,sqz,参数一,"{""sqz"": {""bb_length"": 15, ""bb_mult"": 1.5, ""kc_length"": 15, ""kc_mult"": 1.2, ""min_sqz_bars"": 4}, ""r&s"": {""srb_left"": 10, ""srb_right"": 10}, ""atr"": {""atr_length"": 14, ""atr_mult"": 1.0}}",CONSOLIDATED EDISON INC,1D,,支撑释放,94.63-106.7-102.91-101.98-105.04,高-低-低-高,12.76%-3.56%-0.90%-3.00%,28.0,4.52
2026-09-21 00:00:00,Long,ARAI,,0.24,-0.41%,0.21,mfa,参数一,"{""mfa"": {""mfa_all"": 7}}",ARRIVE AI INC,1D,,,,,,,
2026-09-21 00:00:00,Long,ARAI,,0.24,-0.41%,0.21,mfa,参数二,"{""mfa"": {""mfa_all"": 7}}",ARRIVE AI INC,1D,,,,,,,
2026-09-21 00:00:00,Short,SMX,,10.98,-35.45%,19.9,sqz,参数一,"{""sqz"": {""bb_length"": 15, ""bb_mult"": 1.5, ""kc_length"": 15, ""kc_mult"": 1.2, ""min_sqz_bars"": 4}, ""r&s"": {""srb_left"": 10, ""srb_right"": 10}, ""atr"": {""atr_length"": 14, ""atr_mult"": 1.0}}",SMX SECURITY MATTERS PLC,1D,,支撑释放,2.33-12.51-12.73-14.54-14.44,高-高-高-低,435.97%-1.73%-14.25%-0.69%,24.0,38.5
2026-09-21 00:00:00,Short,SMX,,10.98,-35.45%,19.9,sqz,参数二,"{""sqz"": {""bb_length"": 20, ""bb_mult"": 1.8, ""kc_length"": 20, ""kc_mult"": 1.5, ""min_sqz_bars"": 4}, ""r&s"": {""srb_left"": 15, ""srb_right"": 15}, ""atr"": {""atr_length"": 14, ""atr_mult"": 1.0}}",SMX SECURITY MATTERS PLC,1D,,支撑释放,nan-166.35-2.33-12.51-14.44,低-低-高-高,nan%-98.60%-435.97%-15.43%,24.0,38.5
2026-09-21 00:00:00,Long,AACP,,10.08,0.10%,10.06,sqz,参数一,"{""sqz"": {""bb_length"": 15, ""bb_mult"": 1.5, ""kc_length"": 15, ""kc_mult"": 1.2, ""min_sqz_bars"": 4}, ""r&s"": {""srb_left"": 10, ""srb_right"": 10}, ""atr"": {""atr_length"": 14, ""atr_mult"": 1.0}}",APOGEE ACQUISITION CORP -A,1D,,一直释放,nan-10.01,低,nan%,55.0,0.6
2026-09-21 00:00:00,Short,TALO,,16.42,-3.47%,17.39,utb,参数一,"{""utb"": {""key_value"": 2, ""atr_period"": 14, ""use_ha"": false}, ""r&s"": {""srb_left"": 10, ""srb_right"": 10}, ""atr"": {""atr_length"": 14, ""atr_mult"": 1.0}}",TALOS ENERGY INC,1D,,,,,,,
2026-09-21 00:00:00,Long,IMNN,-45.41,1.43,5.15%,1.24,suf,参数一,"{""suf"": {""timeframe"": ""d""}}",IMUNON INC,1D,200.0,,,,,,
2026-09-21 00:00:00,Long,IMNN,-45.41,1.43,5.15%,1.24,suf,参数二,"{""suf"": {""timeframe"": ""d""}}",IMUNON INC,1D,200.0,,,,,,
2026-09-21 00:00:00,Long,TG,,7.01,1.89%,6.59,mfa,参数一,"{""mfa"": {""mfa_all"": 7}}",TREDEGAR CORP,1D,,,,,,,
2026-09-21 00:00:00,Long,TG,,7.01,1.89%,6.59,mfa,参数二,"{""mfa"": {""mfa_all"": 7}}",TREDEGAR CORP,1D,,,,,,,
2026-09-21 00:00:00,Long,NET,,351.67,8.67%,303.45,sqz,参数一,"{""sqz"": {""bb_length"": 15, ""bb_mult"": 1.5, ""kc_length"": 15, ""kc_mult"": 1.2, ""min_sqz_bars"": 4}, ""r&s"": {""srb_left"": 10, ""srb_right"": 10}, ""atr"": {""atr_length"": 14, ""atr_mult"": 1.0}}",CLOUDFLARE INC - CLASS A,1D,,一直亮绿,229.15-258.88-276.82-291.0-332.22,高-高-高-高,12.97%-6.93%-5.12%-14.16%,26.0,23.36
2026-09-21 00:00:00,Long,NET,,351.67,8.67%,303.45,sqz,参数二,"{""sqz"": {""bb_length"": 20, ""bb_mult"": 1.8, ""kc_length"": 20, ""kc_mult"": 1.5, ""min_sqz_bars"": 4}, ""r&s"": {""srb_left"": 15, ""srb_right"": 15}, ""atr"": {""atr_length"": 14, ""atr_mult"": 1.0}}",CLOUDFLARE INC - CLASS A,1D,,一直亮绿,218.22-229.15-258.88-276.82-332.22,高-高-高-高,5.01%-12.97%-6.93%-20.02%,26.0,23.36
2026-09-21 00:00:00,Long,VRA,,4.16,-2.12%,3.78,mfa,参数一,"{""mfa"": {""mfa_all"": 36}}",VERA BRADLEY INC,1D,,,,,,,
2026-09-21 00:00:00,Short,VRA,28.3,4.16,-2.12%,4.86,suf,参数一,"{""suf"": {""timeframe"": ""d""}}",VERA BRADLEY INC,1D,200.0,,,,,,
2026-09-21 00:00:00,Long,VRA,,4.16,-2.12%,3.78,mfa,参数二,"{""mfa"": {""mfa_all"": 36}}",VERA BRADLEY INC,1D,,,,,,,
2026-09-21 00:00:00,Short,VRA,28.3,4.16,-2.12%,4.86,suf,参数二,"{""suf"": {""timeframe"": ""d""}}",VERA BRADLEY INC,1D,200.0,,,,,,
2026-09-21 00:00:00,Short,TWFG,,25.72,-3.78%,28.07,sqz,参数二,"{""sqz"": {""bb_length"": 20, ""bb_mult"": 1.8, ""kc_length"": 20, ""kc_mult"": 1.5, ""min_sqz_bars"": 4}, ""r&s"": {""srb_left"": 15, ""srb_right"": 15}, ""atr"": {""atr_length"": 14, ""atr_mult"": 1.0}}",TWFG INC,1D,,一直亮红,nan-16.56-17.39-17.44-25.8,低-高-高-高,nan%-5.01%-0.32%-47.86%,24.0,21.34
2026-09-21 00:00:00,Long,ESI,,33.42,2.11%,31.57,mfa,参数一,"{""mfa"": {""mfa_all"": 16}}",ELEMENT SOLUTIONS INC,1D,,,,,,,
2026-09-21 00:00:00,Long,ESI,,33.42,2.11%,31.57,mfa,参数二,"{""mfa"": {""mfa_all"": 16}}",ELEMENT SOLUTIONS INC,1D,,,,,,,
2026-09-21 00:00:00,Long,BMRA,,2.6,3.59%,2.25,sqz,参数二,"{""sqz"": {""bb_length"": 20, ""bb_mult"": 1.8, ""kc_length"": 20, ""kc_mult"": 1.5, ""min_sqz_bars"": 4}, ""r&s"": {""srb_left"": 15, ""srb_right"": 15}, ""atr"": {""atr_length"": 14, ""atr_mult"": 1.0}}",BIOMERICA INC,1D,,一直释放,nan-2.94-2.23-2.49,低-低-高,nan%-24.15%-11.66%,79.0,71.72
2026-09-21 00:00:00,Short,CTW,,2.02,-6.48%,2.45,sqz,参数二,"{""sqz"": {""bb_length"": 20, ""bb_mult"": 1.8, ""kc_length"": 20, ""kc_mult"": 1.5, ""min_sqz_bars"": 4}, ""r&s"": {""srb_left"": 15, ""srb_right"": 15}, ""atr"": {""atr_length"": 14, ""atr_mult"": 1.0}}",CTW,1D,,支撑释放,1.1-1.28-2.01-2.08-2.18,高-高-高-高,16.36%-57.03%-3.48%-4.81%,36.0,35.73
2026-09-21 00:00:00,Long,DNLI,-2.38,20.47,3.80%,18.58,suf,参数一,"{""suf"": {""timeframe"": ""d""}}",DENALI THERAPEUTICS INC,1D,200.0,,,,,,
2026-09-21 00:00:00,Long,DNLI,-2.38,20.47,3.80%,18.58,suf,参数二,"{""suf"": {""timeframe"": ""d""}}",DENALI THERAPEUTICS INC,1D,200.0,,,,,,
2026-09-21 00:00:00,Long,MMM,,164.97,-0.55%,161.39,mfa,参数一,"{""mfa"": {""mfa_all"": 12}}",3M CO,1D,,,,,,,
2026-09-21 00:00:00,Long,MMM,,164.97,-0.55%,161.39,mfa,参数二,"{""mfa"": {""mfa_all"": 12}}",3M CO,1D,,,,,,,
2026-09-21 00:00:00,Short,RNGR,,15.67,-3.63%,17.0,utb,参数一,"{""utb"": {""key_value"": 2, ""atr_period"": 14, ""use_ha"": false}, ""r&s"": {""srb_left"": 10, ""srb_right"": 10}, ""atr"": {""atr_length"": 14, ""atr_mult"": 1.0}}",RANGER ENERGY SERVICES-CL A,1D,,,,,,,
2026-09-21 00:00:00,Short,ADPT,54.08,27.86,-2.62%,29.98,suf,参数一,"{""suf"": {""timeframe"": ""d""}}",ADAPTIVE BIOTECHNOLOGIES,1D,200.0,,,,,,
2026-09-21 00:00:00,Short,ADPT,54.08,27.86,-2.62%,29.98,suf,参数二,"{""suf"": {""timeframe"": ""d""}}",ADAPTIVE BIOTECHNOLOGIES,1D,200.0,,,,,,
2026-09-21 00:00:00,Long,GOLF,-12.91,81.92,1.70%,77.85,suf,参数一,"{""suf"": {""timeframe"": ""d""}}",ACUSHNET HOLDINGS CORP,1D,200.0,,,,,,
2026-09-21 00:00:00,Long,GOLF,-12.91,81.92,1.70%,77.85,suf,参数二,"{""suf"": {""timeframe"": ""d""}}",ACUSHNET HOLDINGS CORP,1D,200.0,,,,,,
2026-09-21 00:00:00,Long,CFR,,158.74,-0.66%,155.63,mfa,参数一,"{""mfa"": {""mfa_all"": 14}}",CULLEN/FROST BANKERS INC,1D,,,,,,,
2026-09-21 00:00:00,Long,CFR,,158.74,-0.66%,155.63,mfa,参数二,"{""mfa"": {""mfa_all"": 14}}",CULLEN/FROST BANKERS INC,1D,,,,,,,
2026-09-21 00:00:00,Long,DVLT,-73.73,0.16,6.67%,0.13,suf,参数一,"{""suf"": {""timeframe"": ""d""}}",DATAVAULT AI INC,1D,200.0,,,,,,
2026-09-21 00:00:00,Long,DVLT,-73.73,0.16,6.67%,0.13,suf,参数二,"{""suf"": {""timeframe"": ""d""}}",DATAVAULT AI INC,1D,200.0,,,,,,
2026-09-21 00:00:00,Long,NXTS,-78.12,1.38,5.34%,1.11,suf,参数一,"{""suf"": {""timeframe"": ""d""}}",NEXENTIS TECHNOLOGIES INC,1D,200.0,,,,,,
2026-09-21 00:00:00,Long,NXTS,-78.12,1.38,5.34%,1.11,suf,参数二,"{""suf"": {""timeframe"": ""d""}}",NEXENTIS TECHNOLOGIES INC,1D,200.0,,,,,,
2026-09-21 00:00:00,Long,BURL,,251.8,6.19%,226.21,utb,参数一,"{""utb"": {""key_value"": 2, ""atr_period"": 14, ""use_ha"": false}, ""r&s"": {""srb_left"": 10, ""srb_right"": 10}, ""atr"": {""atr_length"": 14, ""atr_mult"": 1.0}}",BURLINGTON STORES INC,1D,,,,,,,
2026-09-21 00:00:00,Long,BURL,-19.02,251.8,6.19%,226.21,suf,参数一,"{""suf"": {""timeframe"": ""d""}}",BURLINGTON STORES INC,1D,200.0,,,,,,
2026-09-21 00:00:00,Long,BURL,-19.02,251.8,6.19%,226.21,suf,参数二,"{""suf"": {""timeframe"": ""d""}}",BURLINGTON STORES INC,1D,200.0,,,,,,
2026-09-21 00:00:00,Long,VITL,,12.23,2.00%,11.35,mfa,参数一,"{""mfa"": {""mfa_all"": 26}}",VITAL FARMS INC,1D,,,,,,,
2026-09-21 00:00:00,Long,VITL,,12.23,2.00%,11.35,mfa,参数二,"{""mfa"": {""mfa_all"": 26}}",VITAL FARMS INC,1D,,,,,,,
2026-09-21 00:00:00,Long,FTHM,-36.83,0.56,5.51%,0.5,suf,参数一,"{""suf"": {""timeframe"": ""d""}}",FATHOM HOLDINGS INC,1D,200.0,,,,,,
2026-09-21 00:00:00,Long,FTHM,-36.83,0.56,5.51%,0.5,suf,参数二,"{""suf"": {""timeframe"": ""d""}}",FATHOM HOLDINGS INC,1D,200.0,,,,,,
2026-09-21 00:00:00,Long,MKC,-12.1,48.89,0.35%,47.25,suf,参数一,"{""suf"": {""timeframe"": ""d""}}",MCCORMICK & CO-NON VTG SHRS,1D,200.0,,,,,,
2026-09-21 00:00:00,Long,MKC,-12.1,48.89,0.35%,47.25,suf,参数二,"{""suf"": {""timeframe"": ""d""}}",MCCORMICK & CO-NON VTG SHRS,1D,200.0,,,,,,
2026-09-21 00:00:00,Long,INV,-78.66,0.88,47.16%,0.52,suf,参数一,"{""suf"": {""timeframe"": ""d""}}",INNVENTURE INC,1D,200.0,,,,,,
2026-09-21 00:00:00,Long,INV,-78.66,0.88,47.16%,0.52,suf,参数二,"{""suf"": {""timeframe"": ""d""}}",INNVENTURE INC,1D,200.0,,,,,,
2026-09-21 00:00:00,Short,CHYM,,29.92,-1.35%,32.28,utb,参数二,"{""utb"": {""key_value"": 3, ""atr_period"": 14, ""use_ha"": false}, ""r&s"": {""srb_left"": 15, ""srb_right"": 15}, ""atr"": {""atr_length"": 14, ""atr_mult"": 1.0}}",CHIME FINANCIAL INC-CL A,1D,,,,,,,
2026-09-21 00:00:00,Short,UVV,,43.31,-1.88%,45.34,sqz,参数一,"{""sqz"": {""bb_length"": 15, ""bb_mult"": 1.5, ""kc_length"": 15, ""kc_mult"": 1.2, ""min_sqz_bars"": 4}, ""r&s"": {""srb_left"": 10, ""srb_right"": 10}, ""atr"": {""atr_length"": 14, ""atr_mult"": 1.0}}",UNIVERSAL CORP/VA,1D,,支撑释放,49.16-49.97-48.4-50.26-43.36,高-低-高-低,1.65%-3.15%-3.84%-13.73%,24.0,7.93
2026-09-21 00:00:00,Short,UVV,,43.31,-1.88%,45.34,sqz,参数二,"{""sqz"": {""bb_length"": 20, ""bb_mult"": 1.8, ""kc_length"": 20, ""kc_mult"": 1.5, ""min_sqz_bars"": 4}, ""r&s"": {""srb_left"": 15, ""srb_right"": 15}, ""atr"": {""atr_length"": 14, ""atr_mult"": 1.0}}",UNIVERSAL CORP/VA,1D,,支撑释放,49.63-49.16-48.4-50.26-43.36,低-低-高-低,0.94%-1.56%-3.84%-13.73%,24.0,7.93
2026-09-21 00:00:00,Short,BGSI,,79.82,-2.00%,86.43,sqz,参数二,"{""sqz"": {""bb_length"": 20, ""bb_mult"": 1.8, ""kc_length"": 20, ""kc_mult"": 1.5, ""min_sqz_bars"": 4}, ""r&s"": {""srb_left"": 15, ""srb_right"": 15}, ""atr"": {""atr_length"": 14, ""atr_mult"": 1.0}}",BOYD GROUP SERVICES INC,1D,,一直释放,nan-154.53-115.27-94.66-88.87,低-低-低-低,nan%-25.41%-17.88%-6.12%,63.0,30.05
2026-09-21 00:00:00,Long,BTLN,-10.27,0.71,5.97%,0.55,suf,参数一,"{""suf"": {""timeframe"": ""d""}}",BRIGHTLINE INTERACTIVE INC,1D,200.0,,,,,,
2026-09-21 00:00:00,Long,BTLN,-10.27,0.71,5.97%,0.55,suf,参数二,"{""suf"": {""timeframe"": ""d""}}",BRIGHTLINE INTERACTIVE INC,1D,200.0,,,,,,
2026-09-21 00:00:00,Long,ZOOZ,,8.01,7.23%,6.91,sqz,参数二,"{""sqz"": {""bb_length"": 20, ""bb_mult"": 1.8, ""kc_length"": 20, ""kc_mult"": 1.5, ""min_sqz_bars"": 4}, ""r&s"": {""srb_left"": 15, ""srb_right"": 15}, ""atr"": {""atr_length"": 14, ""atr_mult"": 1.0}}",ZOOZ STRATEGY LTD,1D,,一直释放,10.8-8.4-7.0-6.2-5.65,低-低-低-低,22.22%-16.67%-11.43%-8.87%,36.0,11.88
2026-09-21 00:00:00,Long,WAY,,25.71,0.19%,24.22,sqz,参数二,"{""sqz"": {""bb_length"": 20, ""bb_mult"": 1.8, ""kc_length"": 20, ""kc_mult"": 1.5, ""min_sqz_bars"": 4}, ""r&s"": {""srb_left"": 15, ""srb_right"": 15}, ""atr"": {""atr_length"": 14, ""atr_mult"": 1.0}}",WAYSTAR HOLDING CORP,1D,,一直释放,34.65-27.91-27.17-21.96-24.76,低-低-低-高,19.45%-2.64%-19.18%-12.75%,53.0,22.93
2026-09-21 00:00:00,Short,TBN,,36.52,-4.52%,39.93,utb,参数一,"{""utb"": {""key_value"": 2, ""atr_period"": 14, ""use_ha"": false}, ""r&s"": {""srb_left"": 10, ""srb_right"": 10}, ""atr"": {""atr_length"": 14, ""atr_mult"": 1.0}}",TAMBORAN RESOURCES CORP,1D,,,,,,,
2026-09-21 00:00:00,Long,KMRK,,1.0,-1.96%,0.86,mfa,参数一,"{""mfa"": {""mfa_all"": 7}}",K-TECH SOLUTIONS CO LTD-A,1D,,,,,,,
2026-09-21 00:00:00,Long,KMRK,,1.0,-1.96%,0.86,mfa,参数二,"{""mfa"": {""mfa_all"": 7}}",K-TECH SOLUTIONS CO LTD-A,1D,,,,,,,
2026-09-21 00:00:00,Long,TTAM,-16.01,13.81,3.68%,12.77,suf,参数一,"{""suf"": {""timeframe"": ""d""}}",TITAN AMERICA SA,1D,200.0,,,,,,
2026-09-21 00:00:00,Long,TTAM,-16.01,13.81,3.68%,12.77,suf,参数二,"{""suf"": {""timeframe"": ""d""}}",TITAN AMERICA SA,1D,200.0,,,,,,
2026-09-21 00:00:00,Long,GBFH,-33.54,19.19,1.43%,17.99,suf,参数一,"{""suf"": {""timeframe"": ""d""}}",GBANK FINANCIAL HOLDINGS INC,1D,200.0,,,,,,
2026-09-21 00:00:00,Long,GBFH,-33.54,19.19,1.43%,17.99,suf,参数二,"{""suf"": {""timeframe"": ""d""}}",GBANK FINANCIAL HOLDINGS INC,1D,200.0,,,,,,
2026-09-21 00:00:00,Short,KPLT,30.19,8.82,-7.16%,10.19,suf,参数一,"{""suf"": {""timeframe"": ""d""}}",KATAPULT HOLDINGS INC,1D,200.0,,,,,,
2026-09-21 00:00:00,Short,KPLT,30.19,8.82,-7.16%,10.19,suf,参数二,"{""suf"": {""timeframe"": ""d""}}",KATAPULT HOLDINGS INC,1D,200.0,,,,,,
2026-09-21 00:00:00,Short,BATL,,1.15,-4.17%,1.26,sqz,参数一,"{""sqz"": {""bb_length"": 15, ""bb_mult"": 1.5, ""kc_length"": 15, ""kc_mult"": 1.2, ""min_sqz_bars"": 4}, ""r&s"": {""srb_left"": 10, ""srb_right"": 10}, ""atr"": {""atr_length"": 14, ""atr_mult"": 1.0}}",BATTALION OIL CORP,1D,,支撑释放,1.08-2.33-3.0-1.1-1.26,高-高-低-高,115.28%-29.03%-63.33%-14.55%,38.0,23.81
2026-09-21 00:00:00,Short,BATL,,1.15,-4.17%,1.26,sqz,参数二,"{""sqz"": {""bb_length"": 20, ""bb_mult"": 1.8, ""kc_length"": 20, ""kc_mult"": 1.5, ""min_sqz_bars"": 4}, ""r&s"": {""srb_left"": 15, ""srb_right"": 15}, ""atr"": {""atr_length"": 14, ""atr_mult"": 1.0}}",BATTALION OIL CORP,1D,,支撑释放,nan-1.08-1.1-1.26,低-高-高,nan%-1.85%-14.55%,38.0,23.81
2026-09-21 00:00:00,Long,WHR,-40.82,32.64,2.10%,29.82,suf,参数一,"{""suf"": {""timeframe"": ""d""}}",WHIRLPOOL CORP,1D,200.0,,,,,,
2026-09-21 00:00:00,Long,WHR,-40.82,32.64,2.10%,29.82,suf,参数二,"{""suf"": {""timeframe"": ""d""}}",WHIRLPOOL CORP,1D,200.0,,,,,,
2026-09-21 00:00:00,Long,UONE,-42.99,4.29,1.18%,4.04,suf,参数一,"{""suf"": {""timeframe"": ""d""}}",URBAN ONE INC,1D,200.0,,,,,,
2026-09-21 00:00:00,Long,UONE,-42.99,4.29,1.18%,4.04,suf,参数二,"{""suf"": {""timeframe"": ""d""}}",URBAN ONE INC,1D,200.0,,,,,,
2026-09-21 00:00:00,Long,UK,,1.89,-4.83%,1.73,mfa,参数一,"{""mfa"": {""mfa_all"": 12}}",UCOMMUNE INTERNATIONAL LTD-A,1D,,,,,,,
2026-09-21 00:00:00,Long,UK,,1.89,-4.83%,1.73,mfa,参数二,"{""mfa"": {""mfa_all"": 12}}",UCOMMUNE INTERNATIONAL LTD-A,1D,,,,,,,
2026-09-21 00:00:00,Long,TKNO,,8.34,7.06%,7.19,sqz,参数一,"{""sqz"": {""bb_length"": 15, ""bb_mult"": 1.5, ""kc_length"": 15, ""kc_mult"": 1.2, ""min_sqz_bars"": 4}, ""r&s"": {""srb_left"": 10, ""srb_right"": 10}, ""atr"": {""atr_length"": 14, ""atr_mult"": 1.0}}",ALPHA TEKNOVA INC,1D,,压力释放,4.48-5.78-6.14-7.84-7.64,高-高-高-低,29.02%-6.23%-27.69%-2.55%,12.0,20.7
2026-09-21 00:00:00,Long,ETN,,435.43,2.51%,410.63,utb,参数二,"{""utb"": {""key_value"": 3, ""atr_period"": 14, ""use_ha"": false}, ""r&s"": {""srb_left"": 15, ""srb_right"": 15}, ""atr"": {""atr_length"": 14, ""atr_mult"": 1.0}}",EATON CORP PLC,1D,,,,,,,
2026-09-21 00:00:00,Long,PULM,,1.68,16.67%,1.29,utb,参数一,"{""utb"": {""key_value"": 2, ""atr_period"": 14, ""use_ha"": false}, ""r&s"": {""srb_left"": 10, ""srb_right"": 10}, ""atr"": {""atr_length"": 14, ""atr_mult"": 1.0}}",PULMATRIX INC,1D,,,,,,,
2026-09-21 00:00:00,Long,PULM,,1.68,16.67%,1.29,utb,参数二,"{""utb"": {""key_value"": 3, ""atr_period"": 14, ""use_ha"": false}, ""r&s"": {""srb_left"": 15, ""srb_right"": 15}, ""atr"": {""atr_length"": 14, ""atr_mult"": 1.0}}",PULMATRIX INC,1D,,,,,,,
2026-09-21 00:00:00,Long,RBC,,492.56,-1.69%,476.71,mfa,参数一,"{""mfa"": {""mfa_all"": 38}}",RBC BEARINGS INC,1D,,,,,,,
2026-09-21 00:00:00,Long,RBC,,492.56,-1.69%,476.71,mfa,参数二,"{""mfa"": {""mfa_all"": 38}}",RBC BEARINGS INC,1D,,,,,,,
2026-09-21 00:00:00,Short,STAK,,1.08,0.93%,1.33,sqz,参数一,"{""sqz"": {""bb_length"": 15, ""bb_mult"": 1.5, ""kc_length"": 15, ""kc_mult"": 1.2, ""min_sqz_bars"": 4}, ""r&s"": {""srb_left"": 10, ""srb_right"": 10}, ""atr"": {""atr_length"": 14, ""atr_mult"": 1.0}}",STAK INC-A,1D,,支撑释放,0.29-0.77-0.8-1.17-1.1,高-高-高-低,165.52%-3.90%-46.25%-5.98%,21.0,28.64
2026-09-21 00:00:00,Long,EVR,-17.61,269.01,2.44%,251.68,suf,参数一,"{""suf"": {""timeframe"": ""d""}}",EVERCORE INC - A,1D,200.0,,,,,,
2026-09-21 00:00:00,Long,EVR,-17.61,269.01,2.44%,251.68,suf,参数二,"{""suf"": {""timeframe"": ""d""}}",EVERCORE INC - A,1D,200.0,,,,,,
2026-09-21 00:00:00,Long,DOV,,186.09,-0.71%,180.62,mfa,参数一,"{""mfa"": {""mfa_all"": 14}}",DOVER CORP,1D,,,,,,,
2026-09-21 00:00:00,Long,DOV,,186.09,-0.71%,180.62,mfa,参数二,"{""mfa"": {""mfa_all"": 14}}",DOVER CORP,1D,,,,,,,
2026-09-21 00:00:00,Short,WM,,207.04,-1.92%,214.13,sqz,参数二,"{""sqz"": {""bb_length"": 20, ""bb_mult"": 1.8, ""kc_length"": 20, ""kc_mult"": 1.5, ""min_sqz_bars"": 4}, ""r&s"": {""srb_left"": 15, ""srb_right"": 15}, ""atr"": {""atr_length"": 14, ""atr_mult"": 1.0}}",WASTE MANAGEMENT INC,1D,,一直亮红,nan-217.19-208.29,低-低,nan%-4.10%,76.0,18.13
2026-09-21 00:00:00,Long,ECVT,,10.39,-0.48%,10.03,mfa,参数一,"{""mfa"": {""mfa_all"": 6}}",ECOVYST INC,1D,,,,,,,
2026-09-21 00:00:00,Long,ECVT,,10.39,-0.48%,10.03,mfa,参数二,"{""mfa"": {""mfa_all"": 6}}",ECOVYST INC,1D,,,,,,,
2026-09-21 00:00:00,Long,IBP,-21.24,202.48,2.45%,187.06,suf,参数一,"{""suf"": {""timeframe"": ""d""}}",INSTALLED BUILDING PRODUCTS,1D,200.0,,,,,,
2026-09-21 00:00:00,Long,IBP,-21.24,202.48,2.45%,187.06,suf,参数二,"{""suf"": {""timeframe"": ""d""}}",INSTALLED BUILDING PRODUCTS,1D,200.0,,,,,,
2026-09-21 00:00:00,Long,NRXS,,7.14,-6.18%,6.63,mfa,参数一,"{""mfa"": {""mfa_all"": 6}}",NEURAXIS INC,1D,,,,,,,
2026-09-21 00:00:00,Short,NRXS,16.3,7.14,-6.18%,8.17,suf,参数一,"{""suf"": {""timeframe"": ""d""}}",NEURAXIS INC,1D,200.0,,,,,,
2026-09-21 00:00:00,Long,NRXS,,7.14,-6.18%,6.63,mfa,参数二,"{""mfa"": {""mfa_all"": 6}}",NEURAXIS INC,1D,,,,,,,
2026-09-21 00:00:00,Short,NRXS,16.3,7.14,-6.18%,8.17,suf,参数二,"{""suf"": {""timeframe"": ""d""}}",NEURAXIS INC,1D,200.0,,,,,,
2026-09-21 00:00:00,Long,LII,,363.64,1.23%,345.67,mfa,参数一,"{""mfa"": {""mfa_all"": 25}}",LENNOX INTERNATIONAL INC,1D,,,,,,,
2026-09-21 00:00:00,Long,LII,-25.97,363.64,1.23%,345.67,suf,参数一,"{""suf"": {""timeframe"": ""d""}}",LENNOX INTERNATIONAL INC,1D,200.0,,,,,,
2026-09-21 00:00:00,Long,LII,,363.64,1.23%,345.67,mfa,参数二,"{""mfa"": {""mfa_all"": 25}}",LENNOX INTERNATIONAL INC,1D,,,,,,,
2026-09-21 00:00:00,Long,LII,-25.97,363.64,1.23%,345.67,suf,参数二,"{""suf"": {""timeframe"": ""d""}}",LENNOX INTERNATIONAL INC,1D,200.0,,,,,,
2026-09-21 00:00:00,Long,MCHX,-14.76,1.39,10.32%,1.1,suf,参数一,"{""suf"": {""timeframe"": ""d""}}",MARCHEX INC-CLASS B,1D,200.0,,,,,,
2026-09-21 00:00:00,Long,MCHX,-14.76,1.39,10.32%,1.1,suf,参数二,"{""suf"": {""timeframe"": ""d""}}",MARCHEX INC-CLASS B,1D,200.0,,,,,,
2026-09-21 00:00:00,Long,SOUL,,10.47,0.00%,10.46,sqz,参数二,"{""sqz"": {""bb_length"": 20, ""bb_mult"": 1.8, ""kc_length"": 20, ""kc_mult"": 1.5, ""min_sqz_bars"": 4}, ""r&s"": {""srb_left"": 15, ""srb_right"": 15}, ""atr"": {""atr_length"": 14, ""atr_mult"": 1.0}}",SOULPOWER ACQUISITION CO-A,1D,,一直释放,nan-10.83-10.29-10.34,低-低-高,nan%-4.96%-0.49%,108.0,0.49
2026-09-21 00:00:00,Long,FBYD,,6.79,-2.44%,5.49,mfa,参数一,"{""mfa"": {""mfa_all"": 15}}",FALCON'S BEYOND GLOBAL INC-A,1D,,,,,,,
2026-09-21 00:00:00,Long,FBYD,,6.79,-2.44%,5.49,mfa,参数二,"{""mfa"": {""mfa_all"": 15}}",FALCON'S BEYOND GLOBAL INC-A,1D,,,,,,,
2026-09-21 00:00:00,Long,ACA,,146.22,0.26%,145.56,sqz,参数一,"{""sqz"": {""bb_length"": 15, ""bb_mult"": 1.5, ""kc_length"": 15, ""kc_mult"": 1.2, ""min_sqz_bars"": 4}, ""r&s"": {""srb_left"": 10, ""srb_right"": 10}, ""atr"": {""atr_length"": 14, ""atr_mult"": 1.0}}",ARCOSA INC,1D,,压力释放,113.11-130.9-135.53-146.87-145.98,高-高-高-低,15.72%-3.54%-8.36%-0.61%,34.0,0.88
2026-09-21 00:00:00,Short,LNC,,41.68,-1.23%,43.94,sqz,参数一,"{""sqz"": {""bb_length"": 15, ""bb_mult"": 1.5, ""kc_length"": 15, ""kc_mult"": 1.2, ""min_sqz_bars"": 4}, ""r&s"": {""srb_left"": 10, ""srb_right"": 10}, ""atr"": {""atr_length"": 14, ""atr_mult"": 1.0}}",LINCOLN NATIONAL CORP,1D,,支撑释放,38.13-31.4-32.84-34.88-41.93,低-高-高-高,17.63%-4.58%-6.20%-20.22%,21.0,9.47
2026-09-21 00:00:00,Long,WULF,,17.45,2.59%,15.76,utb,参数一,"{""utb"": {""key_value"": 2, ""atr_period"": 14, ""use_ha"": false}, ""r&s"": {""srb_left"": 10, ""srb_right"": 10}, ""atr"": {""atr_length"": 14, ""atr_mult"": 1.0}}",TERAWULF INC,1D,,,,,,,
2026-09-21 00:00:00,Short,DINO,61.12,109.29,-5.70%,123.01,suf,参数一,"{""suf"": {""timeframe"": ""d""}}",HF SINCLAIR CORP,1D,200.0,,,,,,
2026-09-21 00:00:00,Short,DINO,61.12,109.29,-5.70%,123.01,suf,参数二,"{""suf"": {""timeframe"": ""d""}}",HF SINCLAIR CORP,1D,200.0,,,,,,
2026-09-21 00:00:00,Long,ANVS,-48.44,1.19,4.39%,1.06,suf,参数一,"{""suf"": {""timeframe"": ""d""}}",ANNOVIS BIO,1D,200.0,,,,,,
2026-09-21 00:00:00,Long,ANVS,-48.44,1.19,4.39%,1.06,suf,参数二,"{""suf"": {""timeframe"": ""d""}}",ANNOVIS BIO,1D,200.0,,,,,,
2026-09-21 00:00:00,Long,RVLV,,21.15,2.37%,19.8,mfa,参数一,"{""mfa"": {""mfa_all"": 15}}",REVOLVE GROUP INC-A,1D,,,,,,,
2026-09-21 00:00:00,Long,RVLV,,21.15,2.37%,19.8,mfa,参数二,"{""mfa"": {""mfa_all"": 15}}",REVOLVE GROUP INC-A,1D,,,,,,,
2026-09-21 00:00:00,Short,FLUT,,86.86,-3.01%,94.65,sqz,参数二,"{""sqz"": {""bb_length"": 20, ""bb_mult"": 1.8, ""kc_length"": 20, ""kc_mult"": 1.5, ""min_sqz_bars"": 4}, ""r&s"": {""srb_left"": 15, ""srb_right"": 15}, ""atr"": {""atr_length"": 14, ""atr_mult"": 1.0}}",FLUTTER ENTERTAINMENT PLC-DI,1D,,支撑释放,99.96-98.88-91.52-95.11-89.71,低-低-高-低,1.09%-7.44%-3.92%-5.68%,32.0,16.87
2026-09-21 00:00:00,Long,DGXX,,4.36,6.60%,3.82,sqz,参数一,"{""sqz"": {""bb_length"": 15, ""bb_mult"": 1.5, ""kc_length"": 15, ""kc_mult"": 1.2, ""min_sqz_bars"": 4}, ""r&s"": {""srb_left"": 10, ""srb_right"": 10}, ""atr"": {""atr_length"": 14, ""atr_mult"": 1.0}}",DIGI POWER X INC,1D,,压力释放,nan-3.44-3.05-9.2-4.34,低-低-高-低,nan%-11.34%-201.64%-52.83%,26.0,29.94
2026-09-21 00:00:00,Long,DGXX,,4.36,6.60%,3.82,utb,参数二,"{""utb"": {""key_value"": 3, ""atr_period"": 14, ""use_ha"": false}, ""r&s"": {""srb_left"": 15, ""srb_right"": 15}, ""atr"": {""atr_length"": 14, ""atr_mult"": 1.0}}",DIGI POWER X INC,1D,,,,,,,
2026-09-21 00:00:00,Long,XPER,-15.32,5.55,1.09%,5.26,suf,参数一,"{""suf"": {""timeframe"": ""d""}}",XPERI INC,1D,200.0,,,,,,
2026-09-21 00:00:00,Long,XPER,-15.32,5.55,1.09%,5.26,suf,参数二,"{""suf"": {""timeframe"": ""d""}}",XPERI INC,1D,200.0,,,,,,
2026-09-21 00:00:00,Long,PFBC,,106.36,0.89%,102.97,utb,参数一,"{""utb"": {""key_value"": 2, ""atr_period"": 14, ""use_ha"": false}, ""r&s"": {""srb_left"": 10, ""srb_right"": 10}, ""atr"": {""atr_length"": 14, ""atr_mult"": 1.0}}",PREFERRED BANK/LOS ANGELES,1D,,,,,,,
2026-09-21 00:00:00,Long,HWM,,227.37,-1.00%,217.82,mfa,参数一,"{""mfa"": {""mfa_all"": 20}}",HOWMET AEROSPACE INC,1D,,,,,,,
2026-09-21 00:00:00,Long,HWM,,227.37,-1.00%,217.82,mfa,参数二,"{""mfa"": {""mfa_all"": 20}}",HOWMET AEROSPACE INC,1D,,,,,,,
2026-09-21 00:00:00,Long,NUVB,,6.07,3.76%,5.53,mfa,参数一,"{""mfa"": {""mfa_all"": 6}}",NUVATION BIO INC,1D,,,,,,,
2026-09-21 00:00:00,Long,NUVB,,6.07,3.76%,5.53,mfa,参数二,"{""mfa"": {""mfa_all"": 6}}",NUVATION BIO INC,1D,,,,,,,
2026-09-21 00:00:00,Long,UAL,,114.39,5.22%,106.68,utb,参数一,"{""utb"": {""key_value"": 2, ""atr_period"": 14, ""use_ha"": false}, ""r&s"": {""srb_left"": 10, ""srb_right"": 10}, ""atr"": {""atr_length"": 14, ""atr_mult"": 1.0}}",UNITED AIRLINES HOLDINGS INC,1D,,,,,,,
2026-09-21 00:00:00,Short,SIEB,,2.21,-7.53%,2.53,utb,参数二,"{""utb"": {""key_value"": 3, ""atr_period"": 14, ""use_ha"": false}, ""r&s"": {""srb_left"": 15, ""srb_right"": 15}, ""atr"": {""atr_length"": 14, ""atr_mult"": 1.0}}",SIEBERT FINANCIAL CORP,1D,,,,,,,
2026-09-21 00:00:00,Short,REI,,1.38,-5.48%,1.5,utb,参数一,"{""utb"": {""key_value"": 2, ""atr_period"": 14, ""use_ha"": false}, ""r&s"": {""srb_left"": 10, ""srb_right"": 10}, ""atr"": {""atr_length"": 14, ""atr_mult"": 1.0}}",RING ENERGY INC,1D,,,,,,,
2026-09-21 00:00:00,Long,SITE,,91.32,0.94%,86.44,mfa,参数一,"{""mfa"": {""mfa_all"": 6}}",SITEONE LANDSCAPE SUPPLY INC,1D,,,,,,,
2026-09-21 00:00:00,Long,SITE,,91.32,0.94%,86.44,mfa,参数二,"{""mfa"": {""mfa_all"": 6}}",SITEONE LANDSCAPE SUPPLY INC,1D,,,,,,,
2026-09-21 00:00:00,Short,FANG,,189.27,-1.64%,197.27,sqz,参数一,"{""sqz"": {""bb_length"": 15, ""bb_mult"": 1.5, ""kc_length"": 15, ""kc_mult"": 1.2, ""min_sqz_bars"": 4}, ""r&s"": {""srb_left"": 10, ""srb_right"": 10}, ""atr"": {""atr_length"": 14, ""atr_mult"": 1.0}}",DIAMONDBACK ENERGY INC,1D,,支撑释放,168.69-184.51-169.17-183.79-196.65,高-低-高-高,9.38%-8.32%-8.64%-7.00%,17.0,8.47
2026-09-21 00:00:00,Long,CG,-17.87,40.86,1.90%,38.6,suf,参数一,"{""suf"": {""timeframe"": ""d""}}",CARLYLE GROUP INC/THE,1D,200.0,,,,,,
2026-09-21 00:00:00,Long,CG,-17.87,40.86,1.90%,38.6,suf,参数二,"{""suf"": {""timeframe"": ""d""}}",CARLYLE GROUP INC/THE,1D,200.0,,,,,,
2026-09-21 00:00:00,Short,CLB,,10.94,-2.76%,11.74,utb,参数二,"{""utb"": {""key_value"": 3, ""atr_period"": 14, ""use_ha"": false}, ""r&s"": {""srb_left"": 15, ""srb_right"": 15}, ""atr"": {""atr_length"": 14, ""atr_mult"": 1.0}}",CORE LABORATORIES INC,1D,,,,,,,
2026-09-21 00:00:00,Long,TWLO,,266.06,9.11%,232.41,sqz,参数一,"{""sqz"": {""bb_length"": 15, ""bb_mult"": 1.5, ""kc_length"": 15, ""kc_mult"": 1.2, ""min_sqz_bars"": 4}, ""r&s"": {""srb_left"": 10, ""srb_right"": 10}, ""atr"": {""atr_length"": 14, ""atr_mult"": 1.0}}",TWILIO INC - A,1D,,压力释放,130.16-203.71-238.48-229.22-258.35,高-高-低-高,56.51%-17.07%-3.88%-12.71%,28.0,19.72
2026-09-21 00:00:00,Long,TWLO,,266.06,9.11%,232.41,sqz,参数二,"{""sqz"": {""bb_length"": 20, ""bb_mult"": 1.8, ""kc_length"": 20, ""kc_mult"": 1.5, ""min_sqz_bars"": 4}, ""r&s"": {""srb_left"": 15, ""srb_right"": 15}, ""atr"": {""atr_length"": 14, ""atr_mult"": 1.0}}",TWILIO INC - A,1D,,压力释放,nan-145.9-238.48-229.22-258.35,低-高-低-高,nan%-63.45%-3.88%-12.71%,28.0,19.72
2026-09-21 00:00:00,Long,SBFM,-87.63,0.91,1.00%,0.76,suf,参数一,"{""suf"": {""timeframe"": ""d""}}",SUNSHINE BIOPHARMA INC,1D,200.0,,,,,,
2026-09-21 00:00:00,Long,SBFM,-87.63,0.91,1.00%,0.76,suf,参数二,"{""suf"": {""timeframe"": ""d""}}",SUNSHINE BIOPHARMA INC,1D,200.0,,,,,,
2026-09-21 00:00:00,Long,GRAB,-25.96,2.91,4.11%,2.65,suf,参数一,"{""suf"": {""timeframe"": ""d""}}",GRAB HOLDINGS LTD - CL A,1D,200.0,,,,,,
2026-09-21 00:00:00,Long,GRAB,-25.96,2.91,4.11%,2.65,suf,参数二,"{""suf"": {""timeframe"": ""d""}}",GRAB HOLDINGS LTD - CL A,1D,200.0,,,,,,
2026-09-21 00:00:00,Short,APA,,43.81,-2.36%,45.93,utb,参数一,"{""utb"": {""key_value"": 2, ""atr_period"": 14, ""use_ha"": false}, ""r&s"": {""srb_left"": 10, ""srb_right"": 10}, ""atr"": {""atr_length"": 14, ""atr_mult"": 1.0}}",APA CORP,1D,,,,,,,
2026-09-21 00:00:00,Long,ARWR,-5.16,68.79,3.47%,62.08,suf,参数一,"{""suf"": {""timeframe"": ""d""}}",ARROWHEAD PHARMACEUTICALS IN,1D,200.0,,,,,,
2026-09-21 00:00:00,Long,ARWR,-5.16,68.79,3.47%,62.08,suf,参数二,"{""suf"": {""timeframe"": ""d""}}",ARROWHEAD PHARMACEUTICALS IN,1D,200.0,,,,,,
2026-09-21 00:00:00,Long,BKTI,,74.72,1.74%,70.45,mfa,参数一,"{""mfa"": {""mfa_all"": 27}}",BK TECHNOLOGIES CORP,1D,,,,,,,
2026-09-21 00:00:00,Long,BKTI,,74.72,1.74%,70.45,mfa,参数二,"{""mfa"": {""mfa_all"": 27}}",BK TECHNOLOGIES CORP,1D,,,,,,,
2026-09-21 00:00:00,Short,SCWO,,2.86,-8.63%,3.43,utb,参数一,"{""utb"": {""key_value"": 2, ""atr_period"": 14, ""use_ha"": false}, ""r&s"": {""srb_left"": 10, ""srb_right"": 10}, ""atr"": {""atr_length"": 14, ""atr_mult"": 1.0}}",374WATER INC,1D,,,,,,,
2026-09-21 00:00:00,Long,MFC,,44.58,0.45%,43.64,utb,参数一,"{""utb"": {""key_value"": 2, ""atr_period"": 14, ""use_ha"": false}, ""r&s"": {""srb_left"": 10, ""srb_right"": 10}, ""atr"": {""atr_length"": 14, ""atr_mult"": 1.0}}",MANULIFE FINANCIAL CORP,1D,,,,,,,
2026-09-21 00:00:00,Short,PXS,64.82,7.05,-4.21%,8.16,suf,参数一,"{""suf"": {""timeframe"": ""d""}}",PYXIS TANKERS INC,1D,200.0,,,,,,
2026-09-21 00:00:00,Short,PXS,64.82,7.05,-4.21%,8.16,suf,参数二,"{""suf"": {""timeframe"": ""d""}}",PYXIS TANKERS INC,1D,200.0,,,,,,
2026-09-21 00:00:00,Long,AEHR,,96.93,3.68%,84.25,utb,参数一,"{""utb"": {""key_value"": 2, ""atr_period"": 14, ""use_ha"": false}, ""r&s"": {""srb_left"": 10, ""srb_right"": 10}, ""atr"": {""atr_length"": 14, ""atr_mult"": 1.0}}",AEHR TEST SYSTEMS,1D,,,,,,,
2026-09-21 00:00:00,Short,NTR,,74.54,-3.31%,79.31,utb,参数一,"{""utb"": {""key_value"": 2, ""atr_period"": 14, ""use_ha"": false}, ""r&s"": {""srb_left"": 10, ""srb_right"": 10}, ""atr"": {""atr_length"": 14, ""atr_mult"": 1.0}}",NUTRIEN LTD,1D,,,,,,,
2026-09-21 00:00:00,Short,HBNB,,4.87,-2.93%,5.75,sqz,参数一,"{""sqz"": {""bb_length"": 15, ""bb_mult"": 1.5, ""kc_length"": 15, ""kc_mult"": 1.2, ""min_sqz_bars"": 4}, ""r&s"": {""srb_left"": 10, ""srb_right"": 10}, ""atr"": {""atr_length"": 14, ""atr_mult"": 1.0}}",HOTEL101 GLOBAL HOLDINGS C-A,1D,,一直释放,nan-6.16-5.4-5.0-5.08,低-低-低-高,nan%-12.34%-7.41%-1.60%,21.0,9.84
2026-09-21 00:00:00,Short,VNCE,101.76,9.13,-14.67%,11.33,suf,参数一,"{""suf"": {""timeframe"": ""d""}}",VINCE HOLDING CORP,1D,200.0,,,,,,
2026-09-21 00:00:00,Short,VNCE,101.76,9.13,-14.67%,11.33,suf,参数二,"{""suf"": {""timeframe"": ""d""}}",VINCE HOLDING CORP,1D,200.0,,,,,,
2026-09-21 00:00:00,Long,CARR,-10.8,54.62,1.37%,52.07,suf,参数一,"{""suf"": {""timeframe"": ""d""}}",CARRIER GLOBAL CORP,1D,200.0,,,,,,
2026-09-21 00:00:00,Long,CARR,-10.8,54.62,1.37%,52.07,suf,参数二,"{""suf"": {""timeframe"": ""d""}}",CARRIER GLOBAL CORP,1D,200.0,,,,,,
2026-09-21 00:00:00,Short,CXAI,,2.51,1.21%,2.98,sqz,参数一,"{""sqz"": {""bb_length"": 15, ""bb_mult"": 1.5, ""kc_length"": 15, ""kc_mult"": 1.2, ""min_sqz_bars"": 4}, ""r&s"": {""srb_left"": 10, ""srb_right"": 10}, ""atr"": {""atr_length"": 14, ""atr_mult"": 1.0}}",CXAPP INC,1D,,一直释放,nan-8.1-7.1-6.55-5.3,低-低-低-低,nan%-12.35%-7.75%-19.08%,39.0,78.3
2026-09-21 00:00:00,Long,CCS,,61.66,1.87%,58.57,mfa,参数一,"{""mfa"": {""mfa_all"": 10}}",CENTURY COMMUNITIES INC,1D,,,,,,,
2026-09-21 00:00:00,Long,CCS,,61.66,1.87%,58.57,mfa,参数二,"{""mfa"": {""mfa_all"": 10}}",CENTURY COMMUNITIES INC,1D,,,,,,,
2026-09-21 00:00:00,Long,IMUX,-3.59,10.83,1.98%,9.58,suf,参数一,"{""suf"": {""timeframe"": ""d""}}",IMMUNIC INC,1D,200.0,,,,,,
2026-09-21 00:00:00,Long,IMUX,-3.59,10.83,1.98%,9.58,suf,参数二,"{""suf"": {""timeframe"": ""d""}}",IMMUNIC INC,1D,200.0,,,,,,
2026-09-21 00:00:00,Short,CVX,,203.67,-2.79%,213.61,utb,参数一,"{""utb"": {""key_value"": 2, ""atr_period"": 14, ""use_ha"": false}, ""r&s"": {""srb_left"": 10, ""srb_right"": 10}, ""atr"": {""atr_length"": 14, ""atr_mult"": 1.0}}",CHEVRON CORP,1D,,,,,,,
2026-09-21 00:00:00,Short,CVX,,203.67,-2.79%,213.61,utb,参数二,"{""utb"": {""key_value"": 3, ""atr_period"": 14, ""use_ha"": false}, ""r&s"": {""srb_left"": 15, ""srb_right"": 15}, ""atr"": {""atr_length"": 14, ""atr_mult"": 1.0}}",CHEVRON CORP,1D,,,,,,,
2026-09-21 00:00:00,Short,ETD,,20.97,-2.06%,22.12,utb,参数一,"{""utb"": {""key_value"": 2, ""atr_period"": 14, ""use_ha"": false}, ""r&s"": {""srb_left"": 10, ""srb_right"": 10}, ""atr"": {""atr_length"": 14, ""atr_mult"": 1.0}}",ETHAN ALLEN INTERIORS INC,1D,,,,,,,
2026-09-21 00:00:00,Long,SCL,,61.81,-0.11%,60.09,mfa,参数一,"{""mfa"": {""mfa_all"": 6}}",STEPAN CO,1D,,,,,,,
2026-09-21 00:00:00,Long,SCL,,61.81,-0.11%,60.09,mfa,参数二,"{""mfa"": {""mfa_all"": 6}}",STEPAN CO,1D,,,,,,,
2026-09-21 00:00:00,Long,MBC,-28.36,6.82,3.02%,6.14,suf,参数一,"{""suf"": {""timeframe"": ""d""}}",MASTERBRAND INC,1D,200.0,,,,,,
2026-09-21 00:00:00,Long,MBC,-28.36,6.82,3.02%,6.14,suf,参数二,"{""suf"": {""timeframe"": ""d""}}",MASTERBRAND INC,1D,200.0,,,,,,
2026-09-21 00:00:00,Long,OFAL,,0.58,-2.69%,0.42,mfa,参数一,"{""mfa"": {""mfa_all"": 7}}",OFA GROUP-A,1D,,,,,,,
2026-09-21 00:00:00,Long,OFAL,,0.58,-2.69%,0.42,mfa,参数二,"{""mfa"": {""mfa_all"": 7}}",OFA GROUP-A,1D,,,,,,,
2026-09-21 00:00:00,Long,SITM,,638.32,3.92%,573.98,utb,参数一,"{""utb"": {""key_value"": 2, ""atr_period"": 14, ""use_ha"": false}, ""r&s"": {""srb_left"": 10, ""srb_right"": 10}, ""atr"": {""atr_length"": 14, ""atr_mult"": 1.0}}",SITIME CORP,1D,,,,,,,
2026-09-21 00:00:00,Long,PRFX,,0.96,-5.69%,0.85,mfa,参数一,"{""mfa"": {""mfa_all"": 7}}",PRF TECHNOLOGIES LTD,1D,,,,,,,
2026-09-21 00:00:00,Long,PRFX,,0.96,-5.69%,0.85,mfa,参数二,"{""mfa"": {""mfa_all"": 7}}",PRF TECHNOLOGIES LTD,1D,,,,,,,
2026-09-21 00:00:00,Long,LOGI,,105.12,5.60%,99.48,utb,参数二,"{""utb"": {""key_value"": 3, ""atr_period"": 14, ""use_ha"": false}, ""r&s"": {""srb_left"": 15, ""srb_right"": 15}, ""atr"": {""atr_length"": 14, ""atr_mult"": 1.0}}",LOGITECH INTERNATIONAL-REG,1D,,,,,,,
2026-09-21 00:00:00,Short,AUC,8.34,7.66,-17.90%,10.02,suf,参数一,"{""suf"": {""timeframe"": ""d""}}",ATIF HOLDINGS LTD,1D,200.0,,,,,,
2026-09-21 00:00:00,Short,AUC,8.34,7.66,-17.90%,10.02,suf,参数二,"{""suf"": {""timeframe"": ""d""}}",ATIF HOLDINGS LTD,1D,200.0,,,,,,
2026-09-21 00:00:00,Short,TPST,,0.77,-20.04%,1.1,utb,参数二,"{""utb"": {""key_value"": 3, ""atr_period"": 14, ""use_ha"": false}, ""r&s"": {""srb_left"": 15, ""srb_right"": 15}, ""atr"": {""atr_length"": 14, ""atr_mult"": 1.0}}",TEMPEST THERAPEUTICS INC,1D,,,,,,,
2026-09-21 00:00:00,Long,MANE,,112.8,5.67%,99.63,utb,参数一,"{""utb"": {""key_value"": 2, ""atr_period"": 14, ""use_ha"": false}, ""r&s"": {""srb_left"": 10, ""srb_right"": 10}, ""atr"": {""atr_length"": 14, ""atr_mult"": 1.0}}",VERADERMICS INC,1D,,,,,,,
2026-09-21 00:00:00,Short,CRVS,,12.42,-1.11%,13.45,sqz,参数二,"{""sqz"": {""bb_length"": 20, ""bb_mult"": 1.8, ""kc_length"": 20, ""kc_mult"": 1.5, ""min_sqz_bars"": 4}, ""r&s"": {""srb_left"": 15, ""srb_right"": 15}, ""atr"": {""atr_length"": 14, ""atr_mult"": 1.0}}",CORVUS PHARMACEUTICALS INC,1D,,一直亮红,nan-6.39-12.95-10.83-12.53,低-高-低-高,nan%-102.66%-16.37%-15.70%,38.0,25.46
2026-09-21 00:00:00,Long,KIDZ,-99.42,3.08,3.70%,2.13,suf,参数一,"{""suf"": {""timeframe"": ""d""}}",KIDZ AI INC,1D,200.0,,,,,,
2026-09-21 00:00:00,Long,KIDZ,-99.42,3.08,3.70%,2.13,suf,参数二,"{""suf"": {""timeframe"": ""d""}}",KIDZ AI INC,1D,200.0,,,,,,
2026-09-21 00:00:00,Long,FUN,-30.06,12.37,1.23%,11.45,suf,参数一,"{""suf"": {""timeframe"": ""d""}}",SIX FLAGS ENTERTAINMENT CORP,1D,200.0,,,,,,
2026-09-21 00:00:00,Long,FUN,-30.06,12.37,1.23%,11.45,suf,参数二,"{""suf"": {""timeframe"": ""d""}}",SIX FLAGS ENTERTAINMENT CORP,1D,200.0,,,,,,
2026-09-21 00:00:00,Long,GYRO,-32.41,5.01,0.40%,4.92,suf,参数一,"{""suf"": {""timeframe"": ""d""}}",GYRODYNE LLC,1D,200.0,,,,,,
2026-09-21 00:00:00,Long,GYRO,-32.41,5.01,0.40%,4.92,suf,参数二,"{""suf"": {""timeframe"": ""d""}}",GYRODYNE LLC,1D,200.0,,,,,,
2026-09-21 00:00:00,Short,REPX,,40.62,-6.92%,44.59,utb,参数一,"{""utb"": {""key_value"": 2, ""atr_period"": 14, ""use_ha"": false}, ""r&s"": {""srb_left"": 10, ""srb_right"": 10}, ""atr"": {""atr_length"": 14, ""atr_mult"": 1.0}}",RILEY EXPLORATION PERMIAN IN,1D,,,,,,,
2026-09-21 00:00:00,Short,REPX,,40.62,-6.92%,44.59,utb,参数二,"{""utb"": {""key_value"": 3, ""atr_period"": 14, ""use_ha"": false}, ""r&s"": {""srb_left"": 15, ""srb_right"": 15}, ""atr"": {""atr_length"": 14, ""atr_mult"": 1.0}}",RILEY EXPLORATION PERMIAN IN,1D,,,,,,,
2026-09-21 00:00:00,Long,GRPN,,22.05,15.57%,18.29,utb,参数一,"{""utb"": {""key_value"": 2, ""atr_period"": 14, ""use_ha"": false}, ""r&s"": {""srb_left"": 10, ""srb_right"": 10}, ""atr"": {""atr_length"": 14, ""atr_mult"": 1.0}}",GROUPON INC,1D,,,,,,,
2026-09-21 00:00:00,Long,GRPN,,22.05,15.57%,18.29,mfa,参数一,"{""mfa"": {""mfa_all"": 25}}",GROUPON INC,1D,,,,,,,
2026-09-21 00:00:00,Long,GRPN,,22.05,15.57%,18.29,utb,参数二,"{""utb"": {""key_value"": 3, ""atr_period"": 14, ""use_ha"": false}, ""r&s"": {""srb_left"": 15, ""srb_right"": 15}, ""atr"": {""atr_length"": 14, ""atr_mult"": 1.0}}",GROUPON INC,1D,,,,,,,
2026-09-21 00:00:00,Long,GRPN,,22.05,15.57%,18.29,mfa,参数二,"{""mfa"": {""mfa_all"": 25}}",GROUPON INC,1D,,,,,,,
2026-09-21 00:00:00,Short,PXED,,26.44,-0.75%,27.71,sqz,参数一,"{""sqz"": {""bb_length"": 15, ""bb_mult"": 1.5, ""kc_length"": 15, ""kc_mult"": 1.2, ""min_sqz_bars"": 4}, ""r&s"": {""srb_left"": 10, ""srb_right"": 10}, ""atr"": {""atr_length"": 14, ""atr_mult"": 1.0}}",PHOENIX EDUCATION PARTNERS I,1D,,一直亮红,25.52-24.56-27.7-29.07-26.58,低-高-高-低,3.78%-12.81%-4.91%-8.55%,25.0,14.07
2026-09-21 00:00:00,Short,PXED,,26.44,-0.75%,27.71,sqz,参数二,"{""sqz"": {""bb_length"": 20, ""bb_mult"": 1.8, ""kc_length"": 20, ""kc_mult"": 1.5, ""min_sqz_bars"": 4}, ""r&s"": {""srb_left"": 15, ""srb_right"": 15}, ""atr"": {""atr_length"": 14, ""atr_mult"": 1.0}}",PHOENIX EDUCATION PARTNERS I,1D,,一直亮红,nan-26.3-24.56-26.58,低-低-高,nan%-6.63%-8.23%,25.0,14.07
2026-09-21 00:00:00,Long,AIP,,24.16,8.34%,21.5,utb,参数一,"{""utb"": {""key_value"": 2, ""atr_period"": 14, ""use_ha"": false}, ""r&s"": {""srb_left"": 10, ""srb_right"": 10}, ""atr"": {""atr_length"": 14, ""atr_mult"": 1.0}}",ARTERIS INC,1D,,,,,,,
2026-09-21 00:00:00,Long,KLRS,-48.37,3.24,1.41%,2.86,suf,参数一,"{""suf"": {""timeframe"": ""d""}}",KALARIS THERAPEUTICS INC,1D,200.0,,,,,,
2026-09-21 00:00:00,Long,KLRS,-48.37,3.24,1.41%,2.86,suf,参数二,"{""suf"": {""timeframe"": ""d""}}",KALARIS THERAPEUTICS INC,1D,200.0,,,,,,
2026-09-21 00:00:00,Short,SZZL,,10.46,-0.10%,10.48,utb,参数一,"{""utb"": {""key_value"": 2, ""atr_period"": 14, ""use_ha"": false}, ""r&s"": {""srb_left"": 10, ""srb_right"": 10}, ""atr"": {""atr_length"": 14, ""atr_mult"": 1.0}}",SIZZLE ACQUISITION CORP-CL A,1D,,,,,,,
2026-09-21 00:00:00,Short,WBI,,29.93,-3.01%,31.82,sqz,参数一,"{""sqz"": {""bb_length"": 15, ""bb_mult"": 1.5, ""kc_length"": 15, ""kc_mult"": 1.2, ""min_sqz_bars"": 4}, ""r&s"": {""srb_left"": 10, ""srb_right"": 10}, ""atr"": {""atr_length"": 14, ""atr_mult"": 1.0}}",WATERBRIDGE INFRASTRUC-CL A,1D,,支撑释放,26.69-28.53-27.46-30.75-30.57,高-低-高-低,6.89%-3.77%-12.01%-0.61%,19.0,12.15
2026-09-21 00:00:00,Long,LUV,,41.77,1.93%,39.69,utb,参数二,"{""utb"": {""key_value"": 3, ""atr_period"": 14, ""use_ha"": false}, ""r&s"": {""srb_left"": 15, ""srb_right"": 15}, ""atr"": {""atr_length"": 14, ""atr_mult"": 1.0}}",SOUTHWEST AIRLINES CO,1D,,,,,,,
2026-09-21 00:00:00,Long,ANIP,,78.85,3.56%,72.7,mfa,参数一,"{""mfa"": {""mfa_all"": 42}}",ANI PHARMACEUTICALS INC,1D,,,,,,,
2026-09-21 00:00:00,Long,ANIP,,78.85,3.56%,72.7,utb,参数二,"{""utb"": {""key_value"": 3, ""atr_period"": 14, ""use_ha"": false}, ""r&s"": {""srb_left"": 15, ""srb_right"": 15}, ""atr"": {""atr_length"": 14, ""atr_mult"": 1.0}}",ANI PHARMACEUTICALS INC,1D,,,,,,,
2026-09-21 00:00:00,Long,ANIP,,78.85,3.56%,72.7,mfa,参数二,"{""mfa"": {""mfa_all"": 42}}",ANI PHARMACEUTICALS INC,1D,,,,,,,
2026-09-21 00:00:00,Long,VGZ,,2.74,21.24%,2.46,sqz,参数一,"{""sqz"": {""bb_length"": 15, ""bb_mult"": 1.5, ""kc_length"": 15, ""kc_mult"": 1.2, ""min_sqz_bars"": 4}, ""r&s"": {""srb_left"": 10, ""srb_right"": 10}, ""atr"": {""atr_length"": 14, ""atr_mult"": 1.0}}",VISTA GOLD CORP,1D,,压力释放,3.13-2.31-2.4-2.66-2.54,低-高-高-低,26.20%-3.90%-10.83%-4.51%,19.0,23.9
2026-09-21 00:00:00,Long,DYNC,,10.95,0.64%,10.85,utb,参数一,"{""utb"": {""key_value"": 2, ""atr_period"": 14, ""use_ha"": false}, ""r&s"": {""srb_left"": 10, ""srb_right"": 10}, ""atr"": {""atr_length"": 14, ""atr_mult"": 1.0}}",DYNAMIX CORP,1D,,,,,,,
2026-09-21 00:00:00,Short,OVV,,60.18,-3.51%,63.6,utb,参数二,"{""utb"": {""key_value"": 3, ""atr_period"": 14, ""use_ha"": false}, ""r&s"": {""srb_left"": 15, ""srb_right"": 15}, ""atr"": {""atr_length"": 14, ""atr_mult"": 1.0}}",OVINTIV INC,1D,,,,,,,
2026-09-21 00:00:00,Short,DRVN,,12.11,-1.38%,12.83,sqz,参数一,"{""sqz"": {""bb_length"": 15, ""bb_mult"": 1.5, ""kc_length"": 15, ""kc_mult"": 1.2, ""min_sqz_bars"": 4}, ""r&s"": {""srb_left"": 10, ""srb_right"": 10}, ""atr"": {""atr_length"": 14, ""atr_mult"": 1.0}}",DRIVEN BRANDS HOLDINGS INC,1D,,一直亮红,9.8-11.66-12.49-12.12-12.18,高-高-低-高,18.98%-7.12%-2.92%-0.41%,27.0,13.68
2026-09-21 00:00:00,Short,DRVN,,12.11,-1.38%,12.83,sqz,参数二,"{""sqz"": {""bb_length"": 20, ""bb_mult"": 1.8, ""kc_length"": 20, ""kc_mult"": 1.5, ""min_sqz_bars"": 4}, ""r&s"": {""srb_left"": 15, ""srb_right"": 15}, ""atr"": {""atr_length"": 14, ""atr_mult"": 1.0}}",DRIVEN BRANDS HOLDINGS INC,1D,,一直亮红,14.34-9.8-11.66-12.49-12.12,低-高-高-低,31.64%-18.98%-7.12%-2.92%,62.0,31.05
2026-09-21 00:00:00,Long,SWMR,,23.45,-2.21%,18.05,mfa,参数一,"{""mfa"": {""mfa_all"": 16}}",SWARMER INC,1D,,,,,,,
2026-09-21 00:00:00,Long,SWMR,,23.45,-2.21%,18.05,mfa,参数二,"{""mfa"": {""mfa_all"": 16}}",SWARMER INC,1D,,,,,,,
2026-09-21 00:00:00,Long,VIVS,-81.42,0.25,8.70%,0.19,suf,参数一,"{""suf"": {""timeframe"": ""d""}}",VIVOSIM LABS INC,1D,200.0,,,,,,
2026-09-21 00:00:00,Long,VIVS,-81.42,0.25,8.70%,0.19,suf,参数二,"{""suf"": {""timeframe"": ""d""}}",VIVOSIM LABS INC,1D,200.0,,,,,,
2026-09-21 00:00:00,Long,AUBN,,27.5,0.00%,27.06,sqz,参数二,"{""sqz"": {""bb_length"": 20, ""bb_mult"": 1.8, ""kc_length"": 20, ""kc_mult"": 1.5, ""min_sqz_bars"": 4}, ""r&s"": {""srb_left"": 15, ""srb_right"": 15}, ""atr"": {""atr_length"": 14, ""atr_mult"": 1.0}}",AUBURN NATL BANCORPORATION,1D,,压力释放,nan-27.09-23.87-28.59-26.73,低-低-高-低,nan%-11.89%-19.75%-6.51%,27.0,3.37
2026-09-21 00:00:00,Short,HSCS,80.59,4.68,-10.00%,5.69,suf,参数一,"{""suf"": {""timeframe"": ""d""}}",HEARTSCIENCES INC,1D,200.0,,,,,,
2026-09-21 00:00:00,Short,HSCS,80.59,4.68,-10.00%,5.69,suf,参数二,"{""suf"": {""timeframe"": ""d""}}",HEARTSCIENCES INC,1D,200.0,,,,,,
2026-09-21 00:00:00,Long,VBIO,-88.77,2.38,12.26%,1.24,suf,参数一,"{""suf"": {""timeframe"": ""d""}}",VALION BIO INC,1D,200.0,,,,,,
2026-09-21 00:00:00,Long,VBIO,-88.77,2.38,12.26%,1.24,suf,参数二,"{""suf"": {""timeframe"": ""d""}}",VALION BIO INC,1D,200.0,,,,,,
2026-09-21 00:00:00,Long,AARD,,5.57,3.53%,4.69,mfa,参数一,"{""mfa"": {""mfa_all"": 15}}",AARDVARK THERAPEUTICS INC,1D,,,,,,,
2026-09-21 00:00:00,Long,AARD,,5.57,3.53%,4.69,mfa,参数二,"{""mfa"": {""mfa_all"": 15}}",AARDVARK THERAPEUTICS INC,1D,,,,,,,
2026-09-21 00:00:00,Long,STKS,,1.67,1.21%,1.53,utb,参数一,"{""utb"": {""key_value"": 2, ""atr_period"": 14, ""use_ha"": false}, ""r&s"": {""srb_left"": 10, ""srb_right"": 10}, ""atr"": {""atr_length"": 14, ""atr_mult"": 1.0}}",ONE GROUP HOSPITALITY INC/TH,1D,,,,,,,
2026-09-21 00:00:00,Long,YUMC,-11.75,41.47,0.85%,40.24,suf,参数一,"{""suf"": {""timeframe"": ""d""}}",YUM CHINA HOLDINGS INC,1D,200.0,,,,,,
2026-09-21 00:00:00,Long,YUMC,-11.75,41.47,0.85%,40.24,suf,参数二,"{""suf"": {""timeframe"": ""d""}}",YUM CHINA HOLDINGS INC,1D,200.0,,,,,,
2026-09-21 00:00:00,Short,LTRN,,1.5,-3.23%,1.8,sqz,参数一,"{""sqz"": {""bb_length"": 15, ""bb_mult"": 1.5, ""kc_length"": 15, ""kc_mult"": 1.2, ""min_sqz_bars"": 4}, ""r&s"": {""srb_left"": 10, ""srb_right"": 10}, ""atr"": {""atr_length"": 14, ""atr_mult"": 1.0}}",LANTERN PHARMA INC,1D,,一直释放,2.53-2.45-1.11-1.96-2.51,低-低-高-高,3.16%-54.69%-76.58%-28.06%,36.0,16.33
2026-09-21 00:00:00,Short,CTSH,,59.38,-0.82%,64.16,utb,参数一,"{""utb"": {""key_value"": 2, ""atr_period"": 14, ""use_ha"": false}, ""r&s"": {""srb_left"": 10, ""srb_right"": 10}, ""atr"": {""atr_length"": 14, ""atr_mult"": 1.0}}",COGNIZANT TECH SOLUTIONS-A,1D,,,,,,,
2026-09-21 00:00:00,Long,NIKI,-44.31,4.97,5.30%,3.97,suf,参数一,"{""suf"": {""timeframe"": ""d""}}",NIKI BIOSOLUTIONS INC,1D,200.0,,,,,,
2026-09-21 00:00:00,Long,NIKI,-44.31,4.97,5.30%,3.97,suf,参数二,"{""suf"": {""timeframe"": ""d""}}",NIKI BIOSOLUTIONS INC,1D,200.0,,,,,,
2026-09-21 00:00:00,Short,DPU,,1.61,-1.23%,1.83,sqz,参数二,"{""sqz"": {""bb_length"": 20, ""bb_mult"": 1.8, ""kc_length"": 20, ""kc_mult"": 1.5, ""min_sqz_bars"": 4}, ""r&s"": {""srb_left"": 15, ""srb_right"": 15}, ""atr"": {""atr_length"": 14, ""atr_mult"": 1.0}}",TOP KINGWIN LTD-A,1D,,一直亮红,2.0-1.95-1.65-1.6-1.62,低-低-低-高,2.50%-15.38%-3.03%-1.25%,33.0,60.49
2026-09-21 00:00:00,Short,IBAC,2.95,11.04,-5.15%,11.32,suf,参数一,"{""suf"": {""timeframe"": ""d""}}",IB ACQUISITION CORP,1D,200.0,,,,,,
2026-09-21 00:00:00,Short,IBAC,2.95,11.04,-5.15%,11.32,suf,参数二,"{""suf"": {""timeframe"": ""d""}}",IB ACQUISITION CORP,1D,200.0,,,,,,
2026-09-21 00:00:00,Short,REFR,-12.25,0.76,16.92%,0.88,suf,参数一,"{""suf"": {""timeframe"": ""d""}}",RESEARCH FRONTIERS INC,1D,200.0,,,,,,
2026-09-21 00:00:00,Short,REFR,-12.25,0.76,16.92%,0.88,suf,参数二,"{""suf"": {""timeframe"": ""d""}}",RESEARCH FRONTIERS INC,1D,200.0,,,,,,
2026-09-21 00:00:00,Long,FRMM,,4.92,5.58%,4.37,mfa,参数一,"{""mfa"": {""mfa_all"": 10}}",FORUM MARKETS INC,1D,,,,,,,
2026-09-21 00:00:00,Long,FRMM,,4.92,5.58%,4.37,mfa,参数二,"{""mfa"": {""mfa_all"": 10}}",FORUM MARKETS INC,1D,,,,,,,
2026-09-21 00:00:00,Long,HUT,,103.42,4.74%,92.02,utb,参数二,"{""utb"": {""key_value"": 3, ""atr_period"": 14, ""use_ha"": false}, ""r&s"": {""srb_left"": 15, ""srb_right"": 15}, ""atr"": {""atr_length"": 14, ""atr_mult"": 1.0}}",HUT 8 CORP,1D,,,,,,,
2026-09-21 00:00:00,Short,FDX,,295.79,-2.59%,310.74,sqz,参数二,"{""sqz"": {""bb_length"": 20, ""bb_mult"": 1.8, ""kc_length"": 20, ""kc_mult"": 1.5, ""min_sqz_bars"": 4}, ""r&s"": {""srb_left"": 15, ""srb_right"": 15}, ""atr"": {""atr_length"": 14, ""atr_mult"": 1.0}}",FEDEX CORP,1D,,一直亮红,nan-272.88-283.19-301.82,低-高-高,nan%-3.78%-6.58%,38.0,12.77
2026-09-21 00:00:00,Long,DD,,129.79,0.60%,125.84,mfa,参数一,"{""mfa"": {""mfa_all"": 11}}",DUPONT DE NEMOURS INC,1D,,,,,,,
2026-09-21 00:00:00,Long,DD,,129.79,0.60%,125.84,mfa,参数二,"{""mfa"": {""mfa_all"": 11}}",DUPONT DE NEMOURS INC,1D,,,,,,,
2026-09-21 00:00:00,Long,CCL,-18.49,22.31,2.15%,21.32,suf,参数一,"{""suf"": {""timeframe"": ""d""}}",CARNIVAL CORP LTD,1D,200.0,,,,,,
2026-09-21 00:00:00,Long,CCL,-18.49,22.31,2.15%,21.32,suf,参数二,"{""suf"": {""timeframe"": ""d""}}",CARNIVAL CORP LTD,1D,200.0,,,,,,
2026-09-21 00:00:00,Long,INIO,,20.3,-4.02%,18.39,mfa,参数一,"{""mfa"": {""mfa_all"": 16}}",INNIO NV,1D,,,,,,,
2026-09-21 00:00:00,Long,INIO,,20.3,-4.02%,18.39,mfa,参数二,"{""mfa"": {""mfa_all"": 16}}",INNIO NV,1D,,,,,,,
2026-09-21 00:00:00,Long,SHOO,,42.83,1.71%,40.39,mfa,参数一,"{""mfa"": {""mfa_all"": 14}}",STEVEN MADDEN LTD,1D,,,,,,,
2026-09-21 00:00:00,Long,SHOO,,42.83,1.71%,40.39,mfa,参数二,"{""mfa"": {""mfa_all"": 14}}",STEVEN MADDEN LTD,1D,,,,,,,
2026-09-21 00:00:00,Long,GRML,,9.42,230.53%,5.2,utb,参数一,"{""utb"": {""key_value"": 2, ""atr_period"": 14, ""use_ha"": false}, ""r&s"": {""srb_left"": 10, ""srb_right"": 10}, ""atr"": {""atr_length"": 14, ""atr_mult"": 1.0}}",GREENLAND MINES LTD,1D,,,,,,,
2026-09-21 00:00:00,Long,GRML,-38.57,9.42,230.53%,5.2,suf,参数一,"{""suf"": {""timeframe"": ""d""}}",GREENLAND MINES LTD,1D,200.0,,,,,,
2026-09-21 00:00:00,Long,GRML,,9.42,230.53%,5.2,utb,参数二,"{""utb"": {""key_value"": 3, ""atr_period"": 14, ""use_ha"": false}, ""r&s"": {""srb_left"": 15, ""srb_right"": 15}, ""atr"": {""atr_length"": 14, ""atr_mult"": 1.0}}",GREENLAND MINES LTD,1D,,,,,,,
2026-09-21 00:00:00,Long,GRML,-38.57,9.42,230.53%,5.2,suf,参数二,"{""suf"": {""timeframe"": ""d""}}",GREENLAND MINES LTD,1D,200.0,,,,,,
2026-09-21 00:00:00,Short,CTOR,18.58,1.04,-8.33%,1.24,suf,参数一,"{""suf"": {""timeframe"": ""d""}}",CITIUS ONCOLOGY INC,1D,200.0,,,,,,
2026-09-21 00:00:00,Short,CTOR,18.58,1.04,-8.33%,1.24,suf,参数二,"{""suf"": {""timeframe"": ""d""}}",CITIUS ONCOLOGY INC,1D,200.0,,,,,,
2026-09-21 00:00:00,Long,EXP,-14.22,179.14,1.31%,171.28,suf,参数一,"{""suf"": {""timeframe"": ""d""}}",EAGLE MATERIALS INC,1D,200.0,,,,,,
2026-09-21 00:00:00,Long,EXP,-14.22,179.14,1.31%,171.28,suf,参数二,"{""suf"": {""timeframe"": ""d""}}",EAGLE MATERIALS INC,1D,200.0,,,,,,
2026-09-21 00:00:00,Short,APUR,,10.02,-0.20%,10.04,utb,参数一,"{""utb"": {""key_value"": 2, ""atr_period"": 14, ""use_ha"": false}, ""r&s"": {""srb_left"": 10, ""srb_right"": 10}, ""atr"": {""atr_length"": 14, ""atr_mult"": 1.0}}",APERTURE AC- CL A,1D,,,,,,,
2026-09-21 00:00:00,Short,WGS,19.57,97.83,-3.23%,107.36,suf,参数一,"{""suf"": {""timeframe"": ""d""}}",GENEDX HOLDINGS CORP,1D,200.0,,,,,,
2026-09-21 00:00:00,Short,WGS,19.57,97.83,-3.23%,107.36,suf,参数二,"{""suf"": {""timeframe"": ""d""}}",GENEDX HOLDINGS CORP,1D,200.0,,,,,,
2026-09-21 00:00:00,Short,NXXT,42.97,0.9,-20.79%,1.1,suf,参数一,"{""suf"": {""timeframe"": ""d""}}",NEXTNRG INC,1D,200.0,,,,,,
2026-09-21 00:00:00,Short,NXXT,42.97,0.9,-20.79%,1.1,suf,参数二,"{""suf"": {""timeframe"": ""d""}}",NEXTNRG INC,1D,200.0,,,,,,
2026-09-21 00:00:00,Long,RFAM,,10.0,0.10%,9.99,sqz,参数二,"{""sqz"": {""bb_length"": 20, ""bb_mult"": 1.8, ""kc_length"": 20, ""kc_mult"": 1.5, ""min_sqz_bars"": 4}, ""r&s"": {""srb_left"": 15, ""srb_right"": 15}, ""atr"": {""atr_length"": 14, ""atr_mult"": 1.0}}",RF ACQUISITION CORP III,1D,,一直亮绿,nan-9.94-9.92-10.0,低-低-高,nan%-0.20%-0.81%,21.0,0.91
2026-09-21 00:00:00,Long,TJX,,130.96,2.92%,124.03,utb,参数一,"{""utb"": {""key_value"": 2, ""atr_period"": 14, ""use_ha"": false}, ""r&s"": {""srb_left"": 10, ""srb_right"": 10}, ""atr"": {""atr_length"": 14, ""atr_mult"": 1.0}}",TJX COMPANIES INC,1D,,,,,,,
2026-09-21 00:00:00,Short,CMPX,,1.82,-4.21%,2.0,sqz,参数二,"{""sqz"": {""bb_length"": 20, ""bb_mult"": 1.8, ""kc_length"": 20, ""kc_mult"": 1.5, ""min_sqz_bars"": 4}, ""r&s"": {""srb_left"": 15, ""srb_right"": 15}, ""atr"": {""atr_length"": 14, ""atr_mult"": 1.0}}",COMPASS THERAPEUTICS INC,1D,,一直亮红,nan-4.79-4.87-1.61-1.85,低-高-低-高,nan%-1.67%-66.94%-14.91%,32.0,37.84
2026-09-21 00:00:00,Long,RLMD,,4.16,0.97%,3.83,mfa,参数一,"{""mfa"": {""mfa_all"": 47}}",RELMADA THERAPEUTICS INC,1D,,,,,,,
2026-09-21 00:00:00,Long,RLMD,,4.16,0.97%,3.83,mfa,参数二,"{""mfa"": {""mfa_all"": 47}}",RELMADA THERAPEUTICS INC,1D,,,,,,,
2026-09-21 00:00:00,Long,CMCSA,-13.24,22.93,0.84%,21.77,suf,参数一,"{""suf"": {""timeframe"": ""d""}}",COMCAST CORP-CLASS A,1D,200.0,,,,,,
2026-09-21 00:00:00,Long,CMCSA,-13.24,22.93,0.84%,21.77,suf,参数二,"{""suf"": {""timeframe"": ""d""}}",COMCAST CORP-CLASS A,1D,200.0,,,,,,
2026-09-21 00:00:00,Long,APYX,,2.91,-4.90%,2.68,mfa,参数一,"{""mfa"": {""mfa_all"": 42}}",APYX MEDICAL CORP,1D,,,,,,,
2026-09-21 00:00:00,Long,APYX,,2.91,-4.90%,2.68,mfa,参数二,"{""mfa"": {""mfa_all"": 42}}",APYX MEDICAL CORP,1D,,,,,,,
2026-09-21 00:00:00,Long,BELFB,,243.46,0.62%,229.81,mfa,参数一,"{""mfa"": {""mfa_all"": 12}}",BEL FUSE INC-CL B,1D,,,,,,,
2026-09-21 00:00:00,Long,BELFB,,243.46,0.62%,229.81,mfa,参数二,"{""mfa"": {""mfa_all"": 12}}",BEL FUSE INC-CL B,1D,,,,,,,
2026-09-21 00:00:00,Long,MG,,20.99,1.16%,19.78,sqz,参数一,"{""sqz"": {""bb_length"": 15, ""bb_mult"": 1.5, ""kc_length"": 15, ""kc_mult"": 1.2, ""min_sqz_bars"": 4}, ""r&s"": {""srb_left"": 10, ""srb_right"": 10}, ""atr"": {""atr_length"": 14, ""atr_mult"": 1.0}}",MISTRAS GROUP INC,1D,,压力释放,nan-15.84-19.56-19.64-20.2,低-高-高-高,nan%-23.48%-0.41%-2.85%,21.0,11.17
2026-09-21 00:00:00,Long,MG,,20.99,1.16%,19.78,sqz,参数二,"{""sqz"": {""bb_length"": 20, ""bb_mult"": 1.8, ""kc_length"": 20, ""kc_mult"": 1.5, ""min_sqz_bars"": 4}, ""r&s"": {""srb_left"": 15, ""srb_right"": 15}, ""atr"": {""atr_length"": 14, ""atr_mult"": 1.0}}",MISTRAS GROUP INC,1D,,压力释放,nan-15.84-19.56-19.64-20.2,低-高-高-高,nan%-23.48%-0.41%-2.85%,21.0,11.17
2026-09-21 00:00:00,Long,ICU,,3.58,1.13%,3.1,utb,参数二,"{""utb"": {""key_value"": 3, ""atr_period"": 14, ""use_ha"": false}, ""r&s"": {""srb_left"": 15, ""srb_right"": 15}, ""atr"": {""atr_length"": 14, ""atr_mult"": 1.0}}",SEASTAR MEDICAL HOLDING CORP,1D,,,,,,,
2026-09-21 00:00:00,Long,NNNN,-73.59,5.68,8.19%,4.47,suf,参数一,"{""suf"": {""timeframe"": ""d""}}",ANBIO BIOTECHNOLOGY LTD,1D,200.0,,,,,,
2026-09-21 00:00:00,Long,NNNN,-73.59,5.68,8.19%,4.47,suf,参数二,"{""suf"": {""timeframe"": ""d""}}",ANBIO BIOTECHNOLOGY LTD,1D,200.0,,,,,,
2026-09-21 00:00:00,Short,TK,28.89,14.36,-2.38%,15.23,suf,参数一,"{""suf"": {""timeframe"": ""d""}}",TEEKAY CORP LTD,1D,200.0,,,,,,
2026-09-21 00:00:00,Short,TK,28.89,14.36,-2.38%,15.23,suf,参数二,"{""suf"": {""timeframe"": ""d""}}",TEEKAY CORP LTD,1D,200.0,,,,,,
2026-09-21 00:00:00,Long,CDNA,,54.33,0.93%,51.39,sqz,参数一,"{""sqz"": {""bb_length"": 15, ""bb_mult"": 1.5, ""kc_length"": 15, ""kc_mult"": 1.2, ""min_sqz_bars"": 4}, ""r&s"": {""srb_left"": 10, ""srb_right"": 10}, ""atr"": {""atr_length"": 14, ""atr_mult"": 1.0}}",CAREDX INC,1D,,压力释放,21.49-18.95-23.24-49.76-53.67,低-高-高-高,11.80%-22.64%-114.11%-7.86%,16.0,14.96
2026-09-21 00:00:00,Long,GTERA,,10.43,0.10%,10.43,sqz,参数二,"{""sqz"": {""bb_length"": 20, ""bb_mult"": 1.8, ""kc_length"": 20, ""kc_mult"": 1.5, ""min_sqz_bars"": 4}, ""r&s"": {""srb_left"": 15, ""srb_right"": 15}, ""atr"": {""atr_length"": 14, ""atr_mult"": 1.0}}",GLOBA TERRA ACQUISITION CO-A,1D,,一直释放,nan-10.29-10.18,低-低,nan%-1.07%,114.0,0.68
2026-09-21 00:00:00,Short,FRD,,39.96,-3.03%,43.37,sqz,参数一,"{""sqz"": {""bb_length"": 15, ""bb_mult"": 1.5, ""kc_length"": 15, ""kc_mult"": 1.2, ""min_sqz_bars"": 4}, ""r&s"": {""srb_left"": 10, ""srb_right"": 10}, ""atr"": {""atr_length"": 14, ""atr_mult"": 1.0}}",FRIEDMAN INDUSTRIES,1D,,一直亮红,17.65-16.5-30.63-30.68-41.16,低-高-高-高,6.55%-85.69%-0.15%-34.16%,19.0,12.95
2026-09-21 00:00:00,Long,AMC,,2.89,7.04%,2.5,utb,参数一,"{""utb"": {""key_value"": 2, ""atr_period"": 14, ""use_ha"": false}, ""r&s"": {""srb_left"": 10, ""srb_right"": 10}, ""atr"": {""atr_length"": 14, ""atr_mult"": 1.0}}",AMC ENTERTAINMENT HLDS-CL A,1D,,,,,,,
2026-09-21 00:00:00,Short,MCO,,467.22,-0.29%,485.16,sqz,参数二,"{""sqz"": {""bb_length"": 20, ""bb_mult"": 1.8, ""kc_length"": 20, ""kc_mult"": 1.5, ""min_sqz_bars"": 4}, ""r&s"": {""srb_left"": 15, ""srb_right"": 15}, ""atr"": {""atr_length"": 14, ""atr_mult"": 1.0}}",MOODY'S CORP,1D,,一直亮红,399.61-420.27-425.31-436.59-467.38,高-高-高-高,5.17%-1.20%-2.65%-7.05%,40.0,11.4
2026-09-21 00:00:00,Short,YORW,,32.19,-1.53%,33.19,utb,参数二,"{""utb"": {""key_value"": 3, ""atr_period"": 14, ""use_ha"": false}, ""r&s"": {""srb_left"": 15, ""srb_right"": 15}, ""atr"": {""atr_length"": 14, ""atr_mult"": 1.0}}",YORK WATER CO,1D,,,,,,,
2026-09-21 00:00:00,Long,AGO,-12.46,71.07,1.02%,68.97,suf,参数一,"{""suf"": {""timeframe"": ""d""}}",ASSURED GUARANTY LTD,1D,200.0,,,,,,
2026-09-21 00:00:00,Long,AGO,-12.46,71.07,1.02%,68.97,suf,参数二,"{""suf"": {""timeframe"": ""d""}}",ASSURED GUARANTY LTD,1D,200.0,,,,,,
2026-09-21 00:00:00,Long,RH,-21.28,127.2,0.52%,117.01,suf,参数一,"{""suf"": {""timeframe"": ""d""}}",RH,1D,200.0,,,,,,
2026-09-21 00:00:00,Long,RH,-21.28,127.2,0.52%,117.01,suf,参数二,"{""suf"": {""timeframe"": ""d""}}",RH,1D,200.0,,,,,,
2026-09-21 00:00:00,Long,ECHO,,95.36,2.03%,90.04,sqz,参数二,"{""sqz"": {""bb_length"": 20, ""bb_mult"": 1.8, ""kc_length"": 20, ""kc_mult"": 1.5, ""min_sqz_bars"": 4}, ""r&s"": {""srb_left"": 15, ""srb_right"": 15}, ""atr"": {""atr_length"": 14, ""atr_mult"": 1.0}}",ECHOSTAR CORP-A,1D,,一直亮绿,132.25-121.64-137.44-147.25-94.95,低-高-高-低,8.02%-12.99%-7.14%-35.52%,24.0,12.69
2026-09-21 00:00:00,Short,VG,,13.66,-2.57%,14.57,utb,参数二,"{""utb"": {""key_value"": 3, ""atr_period"": 14, ""use_ha"": false}, ""r&s"": {""srb_left"": 15, ""srb_right"": 15}, ""atr"": {""atr_length"": 14, ""atr_mult"": 1.0}}",VENTURE GLOBAL INC-CL A,1D,,,,,,,
2026-09-21 00:00:00,Long,NCMI,-34.42,2.24,3.23%,2.04,suf,参数一,"{""suf"": {""timeframe"": ""d""}}",NATIONAL CINEMEDIA INC,1D,200.0,,,,,,
2026-09-21 00:00:00,Long,NCMI,-34.42,2.24,3.23%,2.04,suf,参数二,"{""suf"": {""timeframe"": ""d""}}",NATIONAL CINEMEDIA INC,1D,200.0,,,,,,
2026-09-21 00:00:00,Long,MAGN,,11.83,2.87%,11.0,mfa,参数一,"{""mfa"": {""mfa_all"": 9}}",MAGNERA CORP,1D,,,,,,,
2026-09-21 00:00:00,Long,MAGN,,11.83,2.87%,11.0,mfa,参数二,"{""mfa"": {""mfa_all"": 9}}",MAGNERA CORP,1D,,,,,,,
2026-09-21 00:00:00,Short,DHT,41.88,22.45,-3.52%,24.32,suf,参数一,"{""suf"": {""timeframe"": ""d""}}",DHT HOLDINGS INC,1D,200.0,,,,,,
2026-09-21 00:00:00,Short,DHT,41.88,22.45,-3.52%,24.32,suf,参数二,"{""suf"": {""timeframe"": ""d""}}",DHT HOLDINGS INC,1D,200.0,,,,,,
2026-09-21 00:00:00,Long,AEI,-55.86,0.83,2.34%,0.7,suf,参数一,"{""suf"": {""timeframe"": ""d""}}",ALSET INC,1D,200.0,,,,,,
2026-09-21 00:00:00,Long,AEI,-55.86,0.83,2.34%,0.7,suf,参数二,"{""suf"": {""timeframe"": ""d""}}",ALSET INC,1D,200.0,,,,,,
2026-09-21 00:00:00,Short,NBIX,,143.96,-1.55%,150.69,sqz,参数一,"{""sqz"": {""bb_length"": 15, ""bb_mult"": 1.5, ""kc_length"": 15, ""kc_mult"": 1.2, ""min_sqz_bars"": 4}, ""r&s"": {""srb_left"": 10, ""srb_right"": 10}, ""atr"": {""atr_length"": 14, ""atr_mult"": 1.0}}",NEUROCRINE BIOSCIENCES INC,1D,,支撑释放,129.17-122.14-125.11-126.49-148.78,低-高-高-高,5.44%-2.43%-1.10%-17.62%,25.0,7.83
2026-09-21 00:00:00,Short,NBIX,,143.96,-1.55%,150.69,sqz,参数二,"{""sqz"": {""bb_length"": 20, ""bb_mult"": 1.8, ""kc_length"": 20, ""kc_mult"": 1.5, ""min_sqz_bars"": 4}, ""r&s"": {""srb_left"": 15, ""srb_right"": 15}, ""atr"": {""atr_length"": 14, ""atr_mult"": 1.0}}",NEUROCRINE BIOSCIENCES INC,1D,,支撑释放,nan-129.17-122.14-125.11-148.78,低-低-高-高,nan%-5.44%-2.43%-18.92%,25.0,7.83
2026-09-21 00:00:00,Long,TTI,-34.15,6.09,0.16%,5.66,suf,参数一,"{""suf"": {""timeframe"": ""d""}}",TETRA TECHNOLOGIES INC,1D,200.0,,,,,,
2026-09-21 00:00:00,Long,TTI,-34.15,6.09,0.16%,5.66,suf,参数二,"{""suf"": {""timeframe"": ""d""}}",TETRA TECHNOLOGIES INC,1D,200.0,,,,,,
2026-09-21 00:00:00,Short,OTGA,1.36,10.25,-0.05%,10.26,suf,参数一,"{""suf"": {""timeframe"": ""d""}}",OTG ACQUISITION CORP I-CL A,1D,200.0,,,,,,
2026-09-21 00:00:00,Short,OTGA,1.36,10.25,-0.05%,10.26,suf,参数二,"{""suf"": {""timeframe"": ""d""}}",OTG ACQUISITION CORP I-CL A,1D,200.0,,,,,,
2026-09-21 00:00:00,Long,PBH,-16.73,46.8,4.07%,42.76,suf,参数一,"{""suf"": {""timeframe"": ""d""}}",PRESTIGE CONSUMER HEALTHCARE,1D,200.0,,,,,,
2026-09-21 00:00:00,Long,PBH,-16.73,46.8,4.07%,42.76,suf,参数二,"{""suf"": {""timeframe"": ""d""}}",PRESTIGE CONSUMER HEALTHCARE,1D,200.0,,,,,,
2026-09-21 00:00:00,Long,MPWR,,1277.68,4.92%,1164.71,utb,参数一,"{""utb"": {""key_value"": 2, ""atr_period"": 14, ""use_ha"": false}, ""r&s"": {""srb_left"": 10, ""srb_right"": 10}, ""atr"": {""atr_length"": 14, ""atr_mult"": 1.0}}",MONOLITHIC POWER SYSTEMS INC,1D,,,,,,,
2026-09-21 00:00:00,Long,MBI,-25.24,4.54,3.42%,4.17,suf,参数一,"{""suf"": {""timeframe"": ""d""}}",MBIA INC,1D,200.0,,,,,,
2026-09-21 00:00:00,Long,MBI,-25.24,4.54,3.42%,4.17,suf,参数二,"{""suf"": {""timeframe"": ""d""}}",MBIA INC,1D,200.0,,,,,,
2026-09-21 00:00:00,Long,LRCX,,302.28,4.92%,274.1,utb,参数一,"{""utb"": {""key_value"": 2, ""atr_period"": 14, ""use_ha"": false}, ""r&s"": {""srb_left"": 10, ""srb_right"": 10}, ""atr"": {""atr_length"": 14, ""atr_mult"": 1.0}}",LAM RESEARCH CORP,1D,,,,,,,
2026-09-21 00:00:00,Short,EPAM,,113.13,-0.76%,121.77,utb,参数一,"{""utb"": {""key_value"": 2, ""atr_period"": 14, ""use_ha"": false}, ""r&s"": {""srb_left"": 10, ""srb_right"": 10}, ""atr"": {""atr_length"": 14, ""atr_mult"": 1.0}}",EPAM SYSTEMS INC,1D,,,,,,,
2026-09-21 00:00:00,Long,BRUN,,17.17,-0.58%,15.24,mfa,参数一,"{""mfa"": {""mfa_all"": 13}}",BOOST RUN INC-CL A,1D,,,,,,,
2026-09-21 00:00:00,Long,BRUN,,17.17,-0.58%,15.24,mfa,参数二,"{""mfa"": {""mfa_all"": 13}}",BOOST RUN INC-CL A,1D,,,,,,,
2026-09-21 00:00:00,Long,AIBZ,,5.0,16.01%,4.2,utb,参数一,"{""utb"": {""key_value"": 2, ""atr_period"": 14, ""use_ha"": false}, ""r&s"": {""srb_left"": 10, ""srb_right"": 10}, ""atr"": {""atr_length"": 14, ""atr_mult"": 1.0}}",BITZERO HOLDINGS INC,1D,,,,,,,
2026-09-21 00:00:00,Long,GSAT,,83.04,0.24%,82.11,utb,参数一,"{""utb"": {""key_value"": 2, ""atr_period"": 14, ""use_ha"": false}, ""r&s"": {""srb_left"": 10, ""srb_right"": 10}, ""atr"": {""atr_length"": 14, ""atr_mult"": 1.0}}",GLOBALSTAR INC,1D,,,,,,,
2026-09-21 00:00:00,Short,AWK,,133.97,-1.42%,138.67,utb,参数一,"{""utb"": {""key_value"": 2, ""atr_period"": 14, ""use_ha"": false}, ""r&s"": {""srb_left"": 10, ""srb_right"": 10}, ""atr"": {""atr_length"": 14, ""atr_mult"": 1.0}}",AMERICAN WATER WORKS CO INC,1D,,,,,,,
2026-09-21 00:00:00,Long,QNBC,,45.56,-0.39%,45.17,sqz,参数一,"{""sqz"": {""bb_length"": 15, ""bb_mult"": 1.5, ""kc_length"": 15, ""kc_mult"": 1.2, ""min_sqz_bars"": 4}, ""r&s"": {""srb_left"": 10, ""srb_right"": 10}, ""atr"": {""atr_length"": 14, ""atr_mult"": 1.0}}",QNB CORP,1D,,压力释放,nan-37.62-45.2-43.57-45.35,低-高-低-高,nan%-20.15%-3.60%-4.10%,19.0,3.98
2026-09-21 00:00:00,Long,BNT,-13.7,38.04,1.71%,36.81,suf,参数一,"{""suf"": {""timeframe"": ""d""}}",BROOKFIELD WEALTH SOLUTIONS,1D,200.0,,,,,,
2026-09-21 00:00:00,Long,BNT,-13.7,38.04,1.71%,36.81,suf,参数二,"{""suf"": {""timeframe"": ""d""}}",BROOKFIELD WEALTH SOLUTIONS,1D,200.0,,,,,,
2026-09-21 00:00:00,Short,BWLP,45.4,25.29,-1.44%,26.54,suf,参数一,"{""suf"": {""timeframe"": ""d""}}",BW LPG LTD,1D,200.0,,,,,,
2026-09-21 00:00:00,Short,BWLP,45.4,25.29,-1.44%,26.54,suf,参数二,"{""suf"": {""timeframe"": ""d""}}",BW LPG LTD,1D,200.0,,,,,,
2026-09-21 00:00:00,Long,MI,-54.71,2.46,19.42%,1.65,suf,参数一,"{""suf"": {""timeframe"": ""d""}}",NFT LTD-A,1D,200.0,,,,,,
2026-09-21 00:00:00,Long,MI,-54.71,2.46,19.42%,1.65,suf,参数二,"{""suf"": {""timeframe"": ""d""}}",NFT LTD-A,1D,200.0,,,,,,
2026-09-21 00:00:00,Long,MRAM,,17.17,12.37%,14.45,utb,参数一,"{""utb"": {""key_value"": 2, ""atr_period"": 14, ""use_ha"": false}, ""r&s"": {""srb_left"": 10, ""srb_right"": 10}, ""atr"": {""atr_length"": 14, ""atr_mult"": 1.0}}",EVERSPIN TECHNOLOGIES INC,1D,,,,,,,
2026-09-21 00:00:00,Long,HUBG,,31.68,-2.81%,29.81,mfa,参数一,"{""mfa"": {""mfa_all"": 14}}",HUB GROUP INC-CL A,1D,,,,,,,
2026-09-21 00:00:00,Long,HUBG,,31.68,-2.81%,29.81,mfa,参数二,"{""mfa"": {""mfa_all"": 14}}",HUB GROUP INC-CL A,1D,,,,,,,
2026-09-21 00:00:00,Long,PRTH,,7.8,33.79%,7.38,sqz,参数一,"{""sqz"": {""bb_length"": 15, ""bb_mult"": 1.5, ""kc_length"": 15, ""kc_mult"": 1.2, ""min_sqz_bars"": 4}, ""r&s"": {""srb_left"": 10, ""srb_right"": 10}, ""atr"": {""atr_length"": 14, ""atr_mult"": 1.0}}",PRIORITY TECHNOLOGY HOLDINGS,1D,,一直亮绿,5.85-6.28-6.75-7.43-5.84,高-高-高-低,7.35%-7.48%-10.15%-21.45%,18.0,12.52
2026-09-21 00:00:00,Long,PRTH,,7.8,33.79%,7.38,utb,参数二,"{""utb"": {""key_value"": 3, ""atr_period"": 14, ""use_ha"": false}, ""r&s"": {""srb_left"": 15, ""srb_right"": 15}, ""atr"": {""atr_length"": 14, ""atr_mult"": 1.0}}",PRIORITY TECHNOLOGY HOLDINGS,1D,,,,,,,
2026-09-21 00:00:00,Long,PRTH,,7.8,33.79%,7.38,sqz,参数二,"{""sqz"": {""bb_length"": 20, ""bb_mult"": 1.8, ""kc_length"": 20, ""kc_mult"": 1.5, ""min_sqz_bars"": 4}, ""r&s"": {""srb_left"": 15, ""srb_right"": 15}, ""atr"": {""atr_length"": 14, ""atr_mult"": 1.0}}",PRIORITY TECHNOLOGY HOLDINGS,1D,,一直亮绿,nan-6.16-5.85-7.43,低-低-高,nan%-4.96%-27.09%,64.0,45.78
2026-09-21 00:00:00,Short,USGO,,7.12,-6.32%,8.19,sqz,参数二,"{""sqz"": {""bb_length"": 20, ""bb_mult"": 1.8, ""kc_length"": 20, ""kc_mult"": 1.5, ""min_sqz_bars"": 4}, ""r&s"": {""srb_left"": 15, ""srb_right"": 15}, ""atr"": {""atr_length"": 14, ""atr_mult"": 1.0}}",US GOLDMINING INC,1D,,一直亮红,8.64-10.3-10.13-7.55-7.16,高-低-低-低,19.21%-1.65%-25.48%-5.11%,36.0,43.05
2026-09-21 00:00:00,Short,TWG,,0.28,-16.42%,0.44,sqz,参数一,"{""sqz"": {""bb_length"": 15, ""bb_mult"": 1.5, ""kc_length"": 15, ""kc_mult"": 1.2, ""min_sqz_bars"": 4}, ""r&s"": {""srb_left"": 10, ""srb_right"": 10}, ""atr"": {""atr_length"": 14, ""atr_mult"": 1.0}}",TOP WEALTH GROUP HLDNG LTD-A,1D,,一直释放,3.25-3.49-3.63-2.56-1.94,高-高-低-低,7.54%-3.86%-29.61%-24.07%,54.0,39.18
2026-09-21 00:00:00,Short,ORI,,39.22,-1.83%,40.94,sqz,参数一,"{""sqz"": {""bb_length"": 15, ""bb_mult"": 1.5, ""kc_length"": 15, ""kc_mult"": 1.2, ""min_sqz_bars"": 4}, ""r&s"": {""srb_left"": 10, ""srb_right"": 10}, ""atr"": {""atr_length"": 14, ""atr_mult"": 1.0}}",OLD REPUBLIC INTL CORP,1D,,支撑释放,36.14-36.87-37.7-36.07-39.56,高-高-低-高,2.01%-2.27%-4.33%-9.66%,41.0,12.05
2026-09-21 00:00:00,Short,ORI,,39.22,-1.83%,40.94,sqz,参数二,"{""sqz"": {""bb_length"": 20, ""bb_mult"": 1.8, ""kc_length"": 20, ""kc_mult"": 1.5, ""min_sqz_bars"": 4}, ""r&s"": {""srb_left"": 15, ""srb_right"": 15}, ""atr"": {""atr_length"": 14, ""atr_mult"": 1.0}}",OLD REPUBLIC INTL CORP,1D,,支撑释放,36.14-36.87-37.7-36.07-39.56,高-高-低-高,2.01%-2.27%-4.33%-9.66%,41.0,12.05
2026-09-21 00:00:00,Short,CDLX,,3.68,-1.87%,4.08,utb,参数一,"{""utb"": {""key_value"": 2, ""atr_period"": 14, ""use_ha"": false}, ""r&s"": {""srb_left"": 10, ""srb_right"": 10}, ""atr"": {""atr_length"": 14, ""atr_mult"": 1.0}}",CARDLYTICS INC,1D,,,,,,,
2026-09-21 00:00:00,Short,OZ,,44.67,-1.82%,46.3,sqz,参数一,"{""sqz"": {""bb_length"": 15, ""bb_mult"": 1.5, ""kc_length"": 15, ""kc_mult"": 1.2, ""min_sqz_bars"": 4}, ""r&s"": {""srb_left"": 10, ""srb_right"": 10}, ""atr"": {""atr_length"": 14, ""atr_mult"": 1.0}}",BELPOINTE PREP LLC- CLASS A,1D,,一直亮红,49.58-48.5-49.05-44.25-44.76,低-高-低-高,2.17%-1.13%-9.79%-1.15%,35.0,11.26
2026-09-21 00:00:00,Long,TONX,,3.84,13.27%,3.15,utb,参数二,"{""utb"": {""key_value"": 3, ""atr_period"": 14, ""use_ha"": false}, ""r&s"": {""srb_left"": 15, ""srb_right"": 15}, ""atr"": {""atr_length"": 14, ""atr_mult"": 1.0}}",TON STRATEGY CO,1D,,,,,,,
2026-09-21 00:00:00,Long,ENLT,,75.35,0.47%,70.75,utb,参数一,"{""utb"": {""key_value"": 2, ""atr_period"": 14, ""use_ha"": false}, ""r&s"": {""srb_left"": 10, ""srb_right"": 10}, ""atr"": {""atr_length"": 14, ""atr_mult"": 1.0}}",ENLIGHT RENEWABLE ENERGY LTD,1D,,,,,,,
2026-09-21 00:00:00,Short,GLOO,-7.18,4.83,-1.02%,5.49,suf,参数一,"{""suf"": {""timeframe"": ""d""}}",GLOO HOLDINGS INC-A,1D,200.0,,,,,,
2026-09-21 00:00:00,Short,GLOO,-7.18,4.83,-1.02%,5.49,suf,参数二,"{""suf"": {""timeframe"": ""d""}}",GLOO HOLDINGS INC-A,1D,200.0,,,,,,
2026-09-21 00:00:00,Long,TWIN,,25.34,1.85%,23.8,utb,参数一,"{""utb"": {""key_value"": 2, ""atr_period"": 14, ""use_ha"": false}, ""r&s"": {""srb_left"": 10, ""srb_right"": 10}, ""atr"": {""atr_length"": 14, ""atr_mult"": 1.0}}",TWIN DISC INC,1D,,,,,,,
2026-09-21 00:00:00,Long,SLSN,,0.81,1.25%,0.69,mfa,参数一,"{""mfa"": {""mfa_all"": 8}}",SOLESENCE INC,1D,,,,,,,
2026-09-21 00:00:00,Long,SLSN,,0.81,1.25%,0.69,mfa,参数二,"{""mfa"": {""mfa_all"": 8}}",SOLESENCE INC,1D,,,,,,,
2026-09-21 00:00:00,Long,MX,,3.2,16.36%,2.89,utb,参数一,"{""utb"": {""key_value"": 2, ""atr_period"": 14, ""use_ha"": false}, ""r&s"": {""srb_left"": 10, ""srb_right"": 10}, ""atr"": {""atr_length"": 14, ""atr_mult"": 1.0}}",MAGNACHIP SEMICONDUCTOR CORP,1D,,,,,,,
2026-09-21 00:00:00,Long,GLND,,2.88,140.00%,2.39,sqz,参数二,"{""sqz"": {""bb_length"": 20, ""bb_mult"": 1.8, ""kc_length"": 20, ""kc_mult"": 1.5, ""min_sqz_bars"": 4}, ""r&s"": {""srb_left"": 15, ""srb_right"": 15}, ""atr"": {""atr_length"": 14, ""atr_mult"": 1.0}}",GREENLAND ENERGY CO,1D,,一直释放,nan-3.51-2.41,低-低,nan%-31.34%,29.0,121.1
2026-09-21 00:00:00,Long,ATGL,-65.96,5.1,6.25%,4.35,suf,参数一,"{""suf"": {""timeframe"": ""d""}}",ALPHA TECHNOLOGY GROUP LTD-A,1D,200.0,,,,,,
2026-09-21 00:00:00,Long,ATGL,-65.96,5.1,6.25%,4.35,suf,参数二,"{""suf"": {""timeframe"": ""d""}}",ALPHA TECHNOLOGY GROUP LTD-A,1D,200.0,,,,,,
2026-09-21 00:00:00,Long,XFLH,,10.06,0.60%,9.99,utb,参数二,"{""utb"": {""key_value"": 3, ""atr_period"": 14, ""use_ha"": false}, ""r&s"": {""srb_left"": 15, ""srb_right"": 15}, ""atr"": {""atr_length"": 14, ""atr_mult"": 1.0}}",XFLH CAPITAL CORP,1D,,,,,,,
2026-09-21 00:00:00,Long,TLN,,299.97,2.62%,271.5,mfa,参数一,"{""mfa"": {""mfa_all"": 24}}",TALEN ENERGY CORP,1D,,,,,,,
2026-09-21 00:00:00,Long,TLN,,299.97,2.62%,271.5,mfa,参数二,"{""mfa"": {""mfa_all"": 24}}",TALEN ENERGY CORP,1D,,,,,,,
2026-09-21 00:00:00,Long,BTTC,,0.8,117.81%,0.48,utb,参数一,"{""utb"": {""key_value"": 2, ""atr_period"": 14, ""use_ha"": false}, ""r&s"": {""srb_left"": 10, ""srb_right"": 10}, ""atr"": {""atr_length"": 14, ""atr_mult"": 1.0}}",BLACK TITAN CORP,1D,,,,,,,
2026-09-21 00:00:00,Long,BTTC,-38.77,0.8,117.81%,0.48,suf,参数一,"{""suf"": {""timeframe"": ""d""}}",BLACK TITAN CORP,1D,200.0,,,,,,
2026-09-21 00:00:00,Long,BTTC,,0.8,117.81%,0.48,utb,参数二,"{""utb"": {""key_value"": 3, ""atr_period"": 14, ""use_ha"": false}, ""r&s"": {""srb_left"": 15, ""srb_right"": 15}, ""atr"": {""atr_length"": 14, ""atr_mult"": 1.0}}",BLACK TITAN CORP,1D,,,,,,,
2026-09-21 00:00:00,Long,BTTC,-38.77,0.8,117.81%,0.48,suf,参数二,"{""suf"": {""timeframe"": ""d""}}",BLACK TITAN CORP,1D,200.0,,,,,,
2026-09-21 00:00:00,Long,VECO,,44.22,3.51%,40.89,mfa,参数一,"{""mfa"": {""mfa_all"": 14}}",VEECO INSTRUMENTS INC,1D,,,,,,,
2026-09-21 00:00:00,Long,VECO,,44.22,3.51%,40.89,mfa,参数二,"{""mfa"": {""mfa_all"": 14}}",VEECO INSTRUMENTS INC,1D,,,,,,,
2026-09-21 00:00:00,Short,MMED,,21.12,-3.07%,23.34,utb,参数一,"{""utb"": {""key_value"": 2, ""atr_period"": 14, ""use_ha"": false}, ""r&s"": {""srb_left"": 10, ""srb_right"": 10}, ""atr"": {""atr_length"": 14, ""atr_mult"": 1.0}}",MINIMED GROUP INC,1D,,,,,,,
2026-09-21 00:00:00,Long,EZGO,,0.84,-5.07%,0.7,mfa,参数一,"{""mfa"": {""mfa_all"": 15}}",EZGO TECHNOLOGIES LTD,1D,,,,,,,
2026-09-21 00:00:00,Long,EZGO,,0.84,-5.07%,0.7,mfa,参数二,"{""mfa"": {""mfa_all"": 15}}",EZGO TECHNOLOGIES LTD,1D,,,,,,,
2026-09-21 00:00:00,Short,LCLN,,24.68,-5.48%,27.44,utb,参数一,"{""utb"": {""key_value"": 2, ""atr_period"": 14, ""use_ha"": false}, ""r&s"": {""srb_left"": 10, ""srb_right"": 10}, ""atr"": {""atr_length"": 14, ""atr_mult"": 1.0}}",LINCOLN INTERNATIONAL INC,1D,,,,,,,
2026-09-21 00:00:00,Long,MIND,,4.19,4.49%,3.78,mfa,参数一,"{""mfa"": {""mfa_all"": 27}}",MIND TECHNOLOGY INC,1D,,,,,,,
2026-09-21 00:00:00,Long,MIND,,4.19,4.49%,3.78,mfa,参数二,"{""mfa"": {""mfa_all"": 27}}",MIND TECHNOLOGY INC,1D,,,,,,,
2026-09-21 00:00:00,Long,CLNN,,4.54,4.37%,3.99,utb,参数二,"{""utb"": {""key_value"": 3, ""atr_period"": 14, ""use_ha"": false}, ""r&s"": {""srb_left"": 15, ""srb_right"": 15}, ""atr"": {""atr_length"": 14, ""atr_mult"": 1.0}}",CLENE INC,1D,,,,,,,
2026-09-21 00:00:00,Short,TNK,37.32,98.76,-2.14%,105.6,suf,参数一,"{""suf"": {""timeframe"": ""d""}}",TEEKAY TANKERS LTD-CLASS A,1D,200.0,,,,,,
2026-09-21 00:00:00,Short,TNK,37.32,98.76,-2.14%,105.6,suf,参数二,"{""suf"": {""timeframe"": ""d""}}",TEEKAY TANKERS LTD-CLASS A,1D,200.0,,,,,,
2026-09-21 00:00:00,Long,FIVN,,37.01,13.98%,30.8,sqz,参数一,"{""sqz"": {""bb_length"": 15, ""bb_mult"": 1.5, ""kc_length"": 15, ""kc_mult"": 1.2, ""min_sqz_bars"": 4}, ""r&s"": {""srb_left"": 10, ""srb_right"": 10}, ""atr"": {""atr_length"": 14, ""atr_mult"": 1.0}}",FIVE9 INC,1D,,一直释放,22.08-20.76-25.34-26.93-34.58,低-高-高-高,5.96%-22.02%-6.29%-28.41%,29.0,14.88
2026-09-21 00:00:00,Short,CAQ,,9.99,-0.40%,10.01,utb,参数一,"{""utb"": {""key_value"": 2, ""atr_period"": 14, ""use_ha"": false}, ""r&s"": {""srb_left"": 10, ""srb_right"": 10}, ""atr"": {""atr_length"": 14, ""atr_mult"": 1.0}}",CAMBRIDGE ACQUISITION CORP-A,1D,,,,,,,
2026-09-21 00:00:00,Short,CAQ,,9.99,-0.40%,10.01,utb,参数二,"{""utb"": {""key_value"": 3, ""atr_period"": 14, ""use_ha"": false}, ""r&s"": {""srb_left"": 15, ""srb_right"": 15}, ""atr"": {""atr_length"": 14, ""atr_mult"": 1.0}}",CAMBRIDGE ACQUISITION CORP-A,1D,,,,,,,
2026-09-21 00:00:00,Short,IPVV,,9.85,-0.51%,9.87,utb,参数一,"{""utb"": {""key_value"": 2, ""atr_period"": 14, ""use_ha"": false}, ""r&s"": {""srb_left"": 10, ""srb_right"": 10}, ""atr"": {""atr_length"": 14, ""atr_mult"": 1.0}}",INTERPRIVATE INVESTMENT-CL A,1D,,,,,,,
2026-09-21 00:00:00,Short,IPVV,,9.85,-0.51%,9.87,utb,参数二,"{""utb"": {""key_value"": 3, ""atr_period"": 14, ""use_ha"": false}, ""r&s"": {""srb_left"": 15, ""srb_right"": 15}, ""atr"": {""atr_length"": 14, ""atr_mult"": 1.0}}",INTERPRIVATE INVESTMENT-CL A,1D,,,,,,,
2026-09-21 00:00:00,Long,BKKT,,9.14,6.16%,8.23,sqz,参数一,"{""sqz"": {""bb_length"": 15, ""bb_mult"": 1.5, ""kc_length"": 15, ""kc_mult"": 1.2, ""min_sqz_bars"": 4}, ""r&s"": {""srb_left"": 10, ""srb_right"": 10}, ""atr"": {""atr_length"": 14, ""atr_mult"": 1.0}}",BAKKT INC,1D,,压力释放,22.11-9.86-13.04-9.8-9.02,低-高-低-低,55.40%-32.25%-24.85%-7.98%,19.0,29.01
2026-09-21 00:00:00,Long,COMP,,10.13,0.50%,9.52,mfa,参数一,"{""mfa"": {""mfa_all"": 15}}",COMPASS INC - CLASS A,1D,,,,,,,
2026-09-21 00:00:00,Long,COMP,,10.13,0.50%,9.52,mfa,参数二,"{""mfa"": {""mfa_all"": 15}}",COMPASS INC - CLASS A,1D,,,,,,,
2026-09-21 00:00:00,Long,EPC,,27.08,-0.37%,25.76,mfa,参数一,"{""mfa"": {""mfa_all"": 8}}",EDGEWELL PERSONAL CARE CO,1D,,,,,,,
2026-09-21 00:00:00,Long,EPC,,27.08,-0.37%,25.76,mfa,参数二,"{""mfa"": {""mfa_all"": 8}}",EDGEWELL PERSONAL CARE CO,1D,,,,,,,
2026-09-21 00:00:00,Long,NXST,-14.79,166.15,6.15%,150.66,suf,参数一,"{""suf"": {""timeframe"": ""d""}}",NEXSTAR MEDIA GROUP INC,1D,200.0,,,,,,
2026-09-21 00:00:00,Long,NXST,-14.79,166.15,6.15%,150.66,suf,参数二,"{""suf"": {""timeframe"": ""d""}}",NEXSTAR MEDIA GROUP INC,1D,200.0,,,,,,
2026-09-21 00:00:00,Long,ARDX,-39.12,3.5,2.34%,3.22,suf,参数一,"{""suf"": {""timeframe"": ""d""}}",ARDELYX INC,1D,200.0,,,,,,
2026-09-21 00:00:00,Long,ARDX,-39.12,3.5,2.34%,3.22,suf,参数二,"{""suf"": {""timeframe"": ""d""}}",ARDELYX INC,1D,200.0,,,,,,
2026-09-21 00:00:00,Short,CNQ,,48.28,-2.74%,50.56,utb,参数一,"{""utb"": {""key_value"": 2, ""atr_period"": 14, ""use_ha"": false}, ""r&s"": {""srb_left"": 10, ""srb_right"": 10}, ""atr"": {""atr_length"": 14, ""atr_mult"": 1.0}}",CANADIAN NATURAL RESOURCES,1D,,,,,,,
2026-09-21 00:00:00,Long,HYFT,,1.47,8.09%,1.24,utb,参数二,"{""utb"": {""key_value"": 3, ""atr_period"": 14, ""use_ha"": false}, ""r&s"": {""srb_left"": 15, ""srb_right"": 15}, ""atr"": {""atr_length"": 14, ""atr_mult"": 1.0}}",MINDWALK HOLDINGS CORP,1D,,,,,,,
2026-09-21 00:00:00,Long,APWC,,1.33,-0.75%,1.25,mfa,参数一,"{""mfa"": {""mfa_all"": 24}}",ASIA PACIFIC WIRE & CABLE,1D,,,,,,,
2026-09-21 00:00:00,Long,APWC,,1.33,-0.75%,1.25,mfa,参数二,"{""mfa"": {""mfa_all"": 24}}",ASIA PACIFIC WIRE & CABLE,1D,,,,,,,
2026-09-21 00:00:00,Long,OWLS,,5.86,6.55%,5.3,sqz,参数一,"{""sqz"": {""bb_length"": 15, ""bb_mult"": 1.5, ""kc_length"": 15, ""kc_mult"": 1.2, ""min_sqz_bars"": 4}, ""r&s"": {""srb_left"": 10, ""srb_right"": 10}, ""atr"": {""atr_length"": 14, ""atr_mult"": 1.0}}",OBOOK HOLDINGS INC CL A,1D,,压力释放,6.39-6.1-5.76-5.68-5.65,低-低-低-低,4.54%-5.57%-1.39%-0.53%,20.0,18.57
2026-09-21 00:00:00,Long,LTRX,,6.18,5.64%,5.44,utb,参数二,"{""utb"": {""key_value"": 3, ""atr_period"": 14, ""use_ha"": false}, ""r&s"": {""srb_left"": 15, ""srb_right"": 15}, ""atr"": {""atr_length"": 14, ""atr_mult"": 1.0}}",LANTRONIX INC,1D,,,,,,,
2026-09-21 00:00:00,Long,XGN,,8.62,2.50%,7.94,sqz,参数二,"{""sqz"": {""bb_length"": 20, ""bb_mult"": 1.8, ""kc_length"": 20, ""kc_mult"": 1.5, ""min_sqz_bars"": 4}, ""r&s"": {""srb_left"": 15, ""srb_right"": 15}, ""atr"": {""atr_length"": 14, ""atr_mult"": 1.0}}",EXAGEN INC,1D,,压力释放,nan-3.29-5.55-5.01-7.99,低-高-低-高,nan%-68.95%-9.73%-59.54%,20.0,17.03
2026-09-21 00:00:00,Long,PL,-37.32,17.07,3.96%,15.51,suf,参数一,"{""suf"": {""timeframe"": ""d""}}",PLANET LABS PBC,1D,200.0,,,,,,
2026-09-21 00:00:00,Long,PL,-37.32,17.07,3.96%,15.51,suf,参数二,"{""suf"": {""timeframe"": ""d""}}",PLANET LABS PBC,1D,200.0,,,,,,
2026-09-21 00:00:00,Short,CMBT,42.88,19.66,-3.10%,20.82,suf,参数一,"{""suf"": {""timeframe"": ""d""}}",CMB TECH NV,1D,200.0,,,,,,
2026-09-21 00:00:00,Short,CMBT,42.88,19.66,-3.10%,20.82,suf,参数二,"{""suf"": {""timeframe"": ""d""}}",CMB TECH NV,1D,200.0,,,,,,
2026-09-21 00:00:00,Short,VC,,91.89,-2.87%,98.32,sqz,参数一,"{""sqz"": {""bb_length"": 15, ""bb_mult"": 1.5, ""kc_length"": 15, ""kc_mult"": 1.2, ""min_sqz_bars"": 4}, ""r&s"": {""srb_left"": 10, ""srb_right"": 10}, ""atr"": {""atr_length"": 14, ""atr_mult"": 1.0}}",VISTEON CORP,1D,,支撑释放,88.72-82.92-102.98-93.47-94.79,低-高-低-高,6.54%-24.19%-9.23%-1.41%,41.0,15.14
2026-09-21 00:00:00,Short,VC,,91.89,-2.87%,98.32,sqz,参数二,"{""sqz"": {""bb_length"": 20, ""bb_mult"": 1.8, ""kc_length"": 20, ""kc_mult"": 1.5, ""min_sqz_bars"": 4}, ""r&s"": {""srb_left"": 15, ""srb_right"": 15}, ""atr"": {""atr_length"": 14, ""atr_mult"": 1.0}}",VISTEON CORP,1D,,支撑释放,88.72-82.92-102.98-93.47-94.79,低-高-低-高,6.54%-24.19%-9.23%-1.41%,41.0,15.14
2026-09-21 00:00:00,Long,AMD,,615.52,9.95%,555.92,sqz,参数一,"{""sqz"": {""bb_length"": 15, ""bb_mult"": 1.5, ""kc_length"": 15, ""kc_mult"": 1.2, ""min_sqz_bars"": 4}, ""r&s"": {""srb_left"": 10, ""srb_right"": 10}, ""atr"": {""atr_length"": 14, ""atr_mult"": 1.0}}",ADVANCED MICRO DEVICES,1D,,一直亮绿,nan-266.96-584.73,低-高,nan%-119.03%,57.0,37.9
2026-09-21 00:00:00,Long,AMD,,615.52,9.95%,555.92,sqz,参数二,"{""sqz"": {""bb_length"": 20, ""bb_mult"": 1.8, ""kc_length"": 20, ""kc_mult"": 1.5, ""min_sqz_bars"": 4}, ""r&s"": {""srb_left"": 15, ""srb_right"": 15}, ""atr"": {""atr_length"": 14, ""atr_mult"": 1.0}}",ADVANCED MICRO DEVICES,1D,,一直亮绿,nan-266.96-584.73,低-高,nan%-119.03%,57.0,37.9
2026-09-21 00:00:00,Short,XOM,,158.3,-3.20%,165.78,utb,参数一,"{""utb"": {""key_value"": 2, ""atr_period"": 14, ""use_ha"": false}, ""r&s"": {""srb_left"": 10, ""srb_right"": 10}, ""atr"": {""atr_length"": 14, ""atr_mult"": 1.0}}",EXXONMOBIL HOLDINGS CORP,1D,,,,,,,
2026-09-21 00:00:00,Long,OUST,,38.12,8.76%,33.43,utb,参数一,"{""utb"": {""key_value"": 2, ""atr_period"": 14, ""use_ha"": false}, ""r&s"": {""srb_left"": 10, ""srb_right"": 10}, ""atr"": {""atr_length"": 14, ""atr_mult"": 1.0}}",OUSTER INC,1D,,,,,,,
2026-09-21 00:00:00,Long,SUIG,,1.46,16.80%,1.24,sqz,参数二,"{""sqz"": {""bb_length"": 20, ""bb_mult"": 1.8, ""kc_length"": 20, ""kc_mult"": 1.5, ""min_sqz_bars"": 4}, ""r&s"": {""srb_left"": 15, ""srb_right"": 15}, ""atr"": {""atr_length"": 14, ""atr_mult"": 1.0}}",SUI GROUP HOLDINGS LTD,1D,,压力释放,nan-1.53-1.99-1.22,低-高-低,nan%-30.07%-38.69%,19.0,34.96
2026-09-21 00:00:00,Long,EGAN,-29.15,5.77,7.65%,5.08,suf,参数一,"{""suf"": {""timeframe"": ""d""}}",EGAIN CORP,1D,200.0,,,,,,
2026-09-21 00:00:00,Long,EGAN,-29.15,5.77,7.65%,5.08,suf,参数二,"{""suf"": {""timeframe"": ""d""}}",EGAIN CORP,1D,200.0,,,,,,
2026-09-21 00:00:00,Long,PACK,-25.22,4.03,1.26%,3.73,suf,参数一,"{""suf"": {""timeframe"": ""d""}}",RANPAK HOLDINGS CORP,1D,200.0,,,,,,
2026-09-21 00:00:00,Long,PACK,-25.22,4.03,1.26%,3.73,suf,参数二,"{""suf"": {""timeframe"": ""d""}}",RANPAK HOLDINGS CORP,1D,200.0,,,,,,
2026-09-21 00:00:00,Long,XAIR,-75.99,3.13,1.29%,2.71,suf,参数一,"{""suf"": {""timeframe"": ""d""}}",BEYOND AIR INC,1D,200.0,,,,,,
2026-09-21 00:00:00,Long,XAIR,-75.99,3.13,1.29%,2.71,suf,参数二,"{""suf"": {""timeframe"": ""d""}}",BEYOND AIR INC,1D,200.0,,,,,,
2026-09-21 00:00:00,Short,NBR,,83.93,-1.58%,89.2,sqz,参数一,"{""sqz"": {""bb_length"": 15, ""bb_mult"": 1.5, ""kc_length"": 15, ""kc_mult"": 1.2, ""min_sqz_bars"": 4}, ""r&s"": {""srb_left"": 10, ""srb_right"": 10}, ""atr"": {""atr_length"": 14, ""atr_mult"": 1.0}}",NABORS INDUSTRIES LTD,1D,,支撑释放,76.59-91.15-75.54-75.38-84.81,高-低-低-高,19.01%-17.13%-0.21%-12.51%,17.0,14.27
2026-09-21 00:00:00,Long,YSS,,9.76,14.15%,7.79,utb,参数一,"{""utb"": {""key_value"": 2, ""atr_period"": 14, ""use_ha"": false}, ""r&s"": {""srb_left"": 10, ""srb_right"": 10}, ""atr"": {""atr_length"": 14, ""atr_mult"": 1.0}}",YORK SPACE SYSTEMS INC,1D,,,,,,,
2026-09-21 00:00:00,Long,CENT,,40.1,0.12%,38.86,mfa,参数一,"{""mfa"": {""mfa_all"": 9}}",CENTRAL GARDEN & PET CO,1D,,,,,,,
2026-09-21 00:00:00,Long,CENT,,40.1,0.12%,38.86,mfa,参数二,"{""mfa"": {""mfa_all"": 9}}",CENTRAL GARDEN & PET CO,1D,,,,,,,
2026-09-21 00:00:00,Long,PZZA,-37.88,20.29,2.58%,19.01,suf,参数一,"{""suf"": {""timeframe"": ""d""}}",PAPA JOHN'S INTL INC,1D,200.0,,,,,,
2026-09-21 00:00:00,Long,PZZA,-37.88,20.29,2.58%,19.01,suf,参数二,"{""suf"": {""timeframe"": ""d""}}",PAPA JOHN'S INTL INC,1D,200.0,,,,,,
2026-09-21 00:00:00,Short,COP,,127.53,-3.26%,134.48,utb,参数二,"{""utb"": {""key_value"": 3, ""atr_period"": 14, ""use_ha"": false}, ""r&s"": {""srb_left"": 15, ""srb_right"": 15}, ""atr"": {""atr_length"": 14, ""atr_mult"": 1.0}}",CONOCOPHILLIPS,1D,,,,,,,
2026-09-21 00:00:00,Short,LAFA,1.34,10.16,-0.10%,10.16,suf,参数一,"{""suf"": {""timeframe"": ""d""}}",LAFAYETTE ACQUISITION CORP,1D,200.0,,,,,,
2026-09-21 00:00:00,Short,LAFA,1.34,10.16,-0.10%,10.16,suf,参数二,"{""suf"": {""timeframe"": ""d""}}",LAFAYETTE ACQUISITION CORP,1D,200.0,,,,,,
2026-09-21 00:00:00,Long,KBDC,,13.09,0.15%,12.8,mfa,参数一,"{""mfa"": {""mfa_all"": 10}}",KAYNE ANDERSON BDC INC,1D,,,,,,,
2026-09-21 00:00:00,Long,KBDC,,13.09,0.15%,12.8,mfa,参数二,"{""mfa"": {""mfa_all"": 10}}",KAYNE ANDERSON BDC INC,1D,,,,,,,
2026-09-21 00:00:00,Long,ZION,,64.98,-0.38%,62.86,mfa,参数一,"{""mfa"": {""mfa_all"": 19}}",ZIONS BANCORP NA,1D,,,,,,,
2026-09-21 00:00:00,Short,ZION,,64.98,-0.38%,67.04,sqz,参数二,"{""sqz"": {""bb_length"": 20, ""bb_mult"": 1.8, ""kc_length"": 20, ""kc_mult"": 1.5, ""min_sqz_bars"": 4}, ""r&s"": {""srb_left"": 15, ""srb_right"": 15}, ""atr"": {""atr_length"": 14, ""atr_mult"": 1.0}}",ZIONS BANCORP NA,1D,,支撑释放,nan-56.54-51.95-58.6-67.3,低-低-高-高,nan%-8.12%-12.79%-14.85%,43.0,7.86
2026-09-21 00:00:00,Long,ZION,,64.98,-0.38%,62.86,mfa,参数二,"{""mfa"": {""mfa_all"": 19}}",ZIONS BANCORP NA,1D,,,,,,,
2026-09-21 00:00:00,Short,TVRD,,1.61,-1.23%,1.79,sqz,参数二,"{""sqz"": {""bb_length"": 20, ""bb_mult"": 1.8, ""kc_length"": 20, ""kc_mult"": 1.5, ""min_sqz_bars"": 4}, ""r&s"": {""srb_left"": 15, ""srb_right"": 15}, ""atr"": {""atr_length"": 14, ""atr_mult"": 1.0}}",TVARDI THERAPEUTICS INC,1D,,支撑释放,nan-3.5-2.75-1.5-1.7,低-低-低-高,nan%-21.43%-45.45%-13.33%,29.0,20.0
2026-09-21 00:00:00,Long,SYK,,274.19,-0.34%,262.54,mfa,参数一,"{""mfa"": {""mfa_all"": 12}}",STRYKER CORP,1D,,,,,,,
2026-09-21 00:00:00,Long,SYK,,274.19,-0.34%,262.54,mfa,参数二,"{""mfa"": {""mfa_all"": 12}}",STRYKER CORP,1D,,,,,,,
2026-09-21 00:00:00,Long,OMH,,2.34,-2.09%,0.98,mfa,参数一,"{""mfa"": {""mfa_all"": 109}}",OHMYHOME LTD-A,1D,,,,,,,
2026-09-21 00:00:00,Long,OMH,,2.34,-2.09%,0.98,mfa,参数二,"{""mfa"": {""mfa_all"": 109}}",OHMYHOME LTD-A,1D,,,,,,,
2026-09-21 00:00:00,Short,VRSK,,172.02,-1.93%,181.54,sqz,参数一,"{""sqz"": {""bb_length"": 15, ""bb_mult"": 1.5, ""kc_length"": 15, ""kc_mult"": 1.2, ""min_sqz_bars"": 4}, ""r&s"": {""srb_left"": 10, ""srb_right"": 10}, ""atr"": {""atr_length"": 14, ""atr_mult"": 1.0}}",VERISK ANALYTICS INC,1D,,一直亮红,163.3-160.83-155.1-167.73-173.97,低-低-高-高,1.51%-3.56%-8.14%-3.72%,24.0,13.05
2026-09-21 00:00:00,Short,VRSK,,172.02,-1.93%,181.54,sqz,参数二,"{""sqz"": {""bb_length"": 20, ""bb_mult"": 1.8, ""kc_length"": 20, ""kc_mult"": 1.5, ""min_sqz_bars"": 4}, ""r&s"": {""srb_left"": 15, ""srb_right"": 15}, ""atr"": {""atr_length"": 14, ""atr_mult"": 1.0}}",VERISK ANALYTICS INC,1D,,一直亮红,163.3-160.83-155.1-167.73-173.97,低-低-高-高,1.51%-3.56%-8.14%-3.72%,24.0,13.05
2026-09-21 00:00:00,Short,BAFN,35.53,9.06,-1.95%,10.03,suf,参数一,"{""suf"": {""timeframe"": ""d""}}",BAYFIRST FINANCIAL CORP,1D,200.0,,,,,,
2026-09-21 00:00:00,Short,BAFN,35.53,9.06,-1.95%,10.03,suf,参数二,"{""suf"": {""timeframe"": ""d""}}",BAYFIRST FINANCIAL CORP,1D,200.0,,,,,,
2026-09-21 00:00:00,Long,RGNT,,2.23,23.20%,1.66,utb,参数一,"{""utb"": {""key_value"": 2, ""atr_period"": 14, ""use_ha"": false}, ""r&s"": {""srb_left"": 10, ""srb_right"": 10}, ""atr"": {""atr_length"": 14, ""atr_mult"": 1.0}}",REGENTIS BIOMATERIALS LTD/IS,1D,,,,,,,
2026-09-21 00:00:00,Long,RGNT,,2.23,23.20%,1.66,utb,参数二,"{""utb"": {""key_value"": 3, ""atr_period"": 14, ""use_ha"": false}, ""r&s"": {""srb_left"": 15, ""srb_right"": 15}, ""atr"": {""atr_length"": 14, ""atr_mult"": 1.0}}",REGENTIS BIOMATERIALS LTD/IS,1D,,,,,,,
2026-09-21 00:00:00,Long,MAYS,-0.34,40.85,4.74%,38.36,suf,参数一,"{""suf"": {""timeframe"": ""d""}}",MAYS (J.W.) INC,1D,200.0,,,,,,
2026-09-21 00:00:00,Long,MAYS,-0.34,40.85,4.74%,38.36,suf,参数二,"{""suf"": {""timeframe"": ""d""}}",MAYS (J.W.) INC,1D,200.0,,,,,,
2026-09-21 00:00:00,Long,VRSN,,308.18,1.67%,294.47,sqz,参数一,"{""sqz"": {""bb_length"": 15, ""bb_mult"": 1.5, ""kc_length"": 15, ""kc_mult"": 1.2, ""min_sqz_bars"": 4}, ""r&s"": {""srb_left"": 10, ""srb_right"": 10}, ""atr"": {""atr_length"": 14, ""atr_mult"": 1.0}}",VERISIGN INC,1D,,压力释放,nan-253.27-280.96-311.57-302.11,低-高-高-低,nan%-10.93%-10.89%-3.03%,34.0,11.56
2026-09-21 00:00:00,Long,TDWD,,10.13,0.20%,10.12,sqz,参数一,"{""sqz"": {""bb_length"": 15, ""bb_mult"": 1.5, ""kc_length"": 15, ""kc_mult"": 1.2, ""min_sqz_bars"": 4}, ""r&s"": {""srb_left"": 10, ""srb_right"": 10}, ""atr"": {""atr_length"": 14, ""atr_mult"": 1.0}}",TAILWIND 2.0 ACQUISITIO-CL A,1D,,一直释放,nan-9.95-10.14-10.06,低-高-低,nan%-1.91%-0.79%,55.0,0.3
2026-09-21 00:00:00,Long,TDWD,,10.13,0.20%,10.12,sqz,参数二,"{""sqz"": {""bb_length"": 20, ""bb_mult"": 1.8, ""kc_length"": 20, ""kc_mult"": 1.5, ""min_sqz_bars"": 4}, ""r&s"": {""srb_left"": 15, ""srb_right"": 15}, ""atr"": {""atr_length"": 14, ""atr_mult"": 1.0}}",TAILWIND 2.0 ACQUISITIO-CL A,1D,,一直释放,nan-9.95-10.14-10.06,低-高-低,nan%-1.91%-0.79%,55.0,0.3
2026-09-21 00:00:00,Short,PSX,47.83,261.75,-4.17%,284.28,suf,参数一,"{""suf"": {""timeframe"": ""d""}}",PHILLIPS 66,1D,200.0,,,,,,
2026-09-21 00:00:00,Short,PSX,47.83,261.75,-4.17%,284.28,suf,参数二,"{""suf"": {""timeframe"": ""d""}}",PHILLIPS 66,1D,200.0,,,,,,
2026-09-21 00:00:00,Short,INFU,32.33,12.8,-0.39%,13.37,suf,参数一,"{""suf"": {""timeframe"": ""d""}}",INFUSYSTEM HOLDINGS INC,1D,200.0,,,,,,
2026-09-21 00:00:00,Short,INFU,32.33,12.8,-0.39%,13.37,suf,参数二,"{""suf"": {""timeframe"": ""d""}}",INFUSYSTEM HOLDINGS INC,1D,200.0,,,,,,
2026-09-21 00:00:00,Long,DCO,,168.09,1.11%,158.09,mfa,参数一,"{""mfa"": {""mfa_all"": 13}}",DUCOMMUN INC,1D,,,,,,,
2026-09-21 00:00:00,Long,DCO,,168.09,1.11%,158.09,mfa,参数二,"{""mfa"": {""mfa_all"": 13}}",DUCOMMUN INC,1D,,,,,,,
2026-09-21 00:00:00,Long,AKAM,,117.41,12.33%,99.98,utb,参数一,"{""utb"": {""key_value"": 2, ""atr_period"": 14, ""use_ha"": false}, ""r&s"": {""srb_left"": 10, ""srb_right"": 10}, ""atr"": {""atr_length"": 14, ""atr_mult"": 1.0}}",AKAMAI TECHNOLOGIES INC,1D,,,,,,,
2026-09-21 00:00:00,Short,BLUW,,10.36,-0.10%,10.38,utb,参数二,"{""utb"": {""key_value"": 3, ""atr_period"": 14, ""use_ha"": false}, ""r&s"": {""srb_left"": 15, ""srb_right"": 15}, ""atr"": {""atr_length"": 14, ""atr_mult"": 1.0}}",BLUE WATER ACQUISITION C-A,1D,,,,,,,
2026-09-21 00:00:00,Long,SARO,-17.34,22.88,2.60%,21.59,suf,参数一,"{""suf"": {""timeframe"": ""d""}}",STANDARDAERO INC,1D,200.0,,,,,,
2026-09-21 00:00:00,Long,SARO,-17.34,22.88,2.60%,21.59,suf,参数二,"{""suf"": {""timeframe"": ""d""}}",STANDARDAERO INC,1D,200.0,,,,,,
2026-09-21 00:00:00,Short,AMPY,,4.31,-4.22%,4.63,utb,参数二,"{""utb"": {""key_value"": 3, ""atr_period"": 14, ""use_ha"": false}, ""r&s"": {""srb_left"": 15, ""srb_right"": 15}, ""atr"": {""atr_length"": 14, ""atr_mult"": 1.0}}",AMPLIFY ENERGY CORP,1D,,,,,,,
2026-09-21 00:00:00,Short,AM,,21.04,-0.71%,21.68,sqz,参数二,"{""sqz"": {""bb_length"": 20, ""bb_mult"": 1.8, ""kc_length"": 20, ""kc_mult"": 1.5, ""min_sqz_bars"": 4}, ""r&s"": {""srb_left"": 15, ""srb_right"": 15}, ""atr"": {""atr_length"": 14, ""atr_mult"": 1.0}}",ANTERO MIDSTREAM CORP,1D,,一直亮红,nan-16.57-19.98-20.61-21.09,低-高-高-高,nan%-20.58%-3.20%-2.31%,36.0,9.98
2026-09-21 00:00:00,Short,VET,,11.91,-4.87%,12.83,utb,参数二,"{""utb"": {""key_value"": 3, ""atr_period"": 14, ""use_ha"": false}, ""r&s"": {""srb_left"": 15, ""srb_right"": 15}, ""atr"": {""atr_length"": 14, ""atr_mult"": 1.0}}",VERMILION ENERGY INC,1D,,,,,,,
2026-09-21 00:00:00,Short,CHRD,,139.43,-3.50%,148.27,utb,参数二,"{""utb"": {""key_value"": 3, ""atr_period"": 14, ""use_ha"": false}, ""r&s"": {""srb_left"": 15, ""srb_right"": 15}, ""atr"": {""atr_length"": 14, ""atr_mult"": 1.0}}",CHORD ENERGY CORP,1D,,,,,,,
2026-09-21 00:00:00,Short,WD,,38.38,1.62%,40.32,sqz,参数二,"{""sqz"": {""bb_length"": 20, ""bb_mult"": 1.8, ""kc_length"": 20, ""kc_mult"": 1.5, ""min_sqz_bars"": 4}, ""r&s"": {""srb_left"": 15, ""srb_right"": 15}, ""atr"": {""atr_length"": 14, ""atr_mult"": 1.0}}",WALKER & DUNLOP INC,1D,,支撑释放,56.02-40.26-41.29-46.09-38.84,低-高-高-低,28.12%-2.55%-11.63%-15.73%,23.0,11.03
2026-09-21 00:00:00,Long,QDEL,-42.15,10.86,2.26%,9.56,suf,参数一,"{""suf"": {""timeframe"": ""d""}}",QUIDELORTHO CORP,1D,200.0,,,,,,
2026-09-21 00:00:00,Long,QDEL,-42.15,10.86,2.26%,9.56,suf,参数二,"{""suf"": {""timeframe"": ""d""}}",QUIDELORTHO CORP,1D,200.0,,,,,,
2026-09-21 00:00:00,Long,TAOX,,4.8,5.03%,4.29,sqz,参数一,"{""sqz"": {""bb_length"": 15, ""bb_mult"": 1.5, ""kc_length"": 15, ""kc_mult"": 1.2, ""min_sqz_bars"": 4}, ""r&s"": {""srb_left"": 10, ""srb_right"": 10}, ""atr"": {""atr_length"": 14, ""atr_mult"": 1.0}}",TAO SYNERGIES INC,1D,,压力释放,5.91-7.15-6.9-4.19-4.48,高-低-低-高,20.98%-3.50%-39.29%-6.95%,16.0,24.44
2026-09-21 00:00:00,Long,RMBS,,96.96,10.68%,83.54,utb,参数一,"{""utb"": {""key_value"": 2, ""atr_period"": 14, ""use_ha"": false}, ""r&s"": {""srb_left"": 10, ""srb_right"": 10}, ""atr"": {""atr_length"": 14, ""atr_mult"": 1.0}}",RAMBUS INC,1D,,,,,,,
2026-09-21 00:00:00,Long,RMBS,,96.96,10.68%,83.54,utb,参数二,"{""utb"": {""key_value"": 3, ""atr_period"": 14, ""use_ha"": false}, ""r&s"": {""srb_left"": 15, ""srb_right"": 15}, ""atr"": {""atr_length"": 14, ""atr_mult"": 1.0}}",RAMBUS INC,1D,,,,,,,
2026-09-21 00:00:00,Short,FTH,,33.29,-3.51%,38.09,utb,参数一,"{""utb"": {""key_value"": 2, ""atr_period"": 14, ""use_ha"": false}, ""r&s"": {""srb_left"": 10, ""srb_right"": 10}, ""atr"": {""atr_length"": 14, ""atr_mult"": 1.0}}",FAETH THERAPEUTICS INC,1D,,,,,,,
2026-09-21 00:00:00,Long,NEWT,-8.73,11.64,0.69%,11.24,suf,参数一,"{""suf"": {""timeframe"": ""d""}}",NEWTEKONE INC,1D,200.0,,,,,,
2026-09-21 00:00:00,Long,NEWT,-8.73,11.64,0.69%,11.24,suf,参数二,"{""suf"": {""timeframe"": ""d""}}",NEWTEKONE INC,1D,200.0,,,,,,
2026-09-21 00:00:00,Long,AXON,,452.06,0.96%,416.19,mfa,参数一,"{""mfa"": {""mfa_all"": 9}}",AXON ENTERPRISE INC,1D,,,,,,,
2026-09-21 00:00:00,Long,AXON,,452.06,0.96%,416.19,mfa,参数二,"{""mfa"": {""mfa_all"": 9}}",AXON ENTERPRISE INC,1D,,,,,,,
2026-09-21 00:00:00,Short,NEXM,,2.16,-3.14%,2.39,utb,参数二,"{""utb"": {""key_value"": 3, ""atr_period"": 14, ""use_ha"": false}, ""r&s"": {""srb_left"": 15, ""srb_right"": 15}, ""atr"": {""atr_length"": 14, ""atr_mult"": 1.0}}",NEXMETALS MINING CORP,1D,,,,,,,
2026-09-21 00:00:00,Long,SMPL,,9.96,-1.68%,9.42,mfa,参数一,"{""mfa"": {""mfa_all"": 7}}",SIMPLY GOOD FOODS CO/THE,1D,,,,,,,
2026-09-21 00:00:00,Long,SMPL,,9.96,-1.68%,9.42,mfa,参数二,"{""mfa"": {""mfa_all"": 7}}",SIMPLY GOOD FOODS CO/THE,1D,,,,,,,
2026-09-21 00:00:00,Long,ESAB,-32.94,67.01,3.19%,61.88,suf,参数一,"{""suf"": {""timeframe"": ""d""}}",ESAB CORP,1D,200.0,,,,,,
2026-09-21 00:00:00,Long,ESAB,-32.94,67.01,3.19%,61.88,suf,参数二,"{""suf"": {""timeframe"": ""d""}}",ESAB CORP,1D,200.0,,,,,,
2026-09-21 00:00:00,Long,PINS,,19.36,4.09%,17.79,mfa,参数一,"{""mfa"": {""mfa_all"": 15}}",PINTEREST INC- CLASS A,1D,,,,,,,
2026-09-21 00:00:00,Long,PINS,,19.36,4.09%,17.79,mfa,参数二,"{""mfa"": {""mfa_all"": 15}}",PINTEREST INC- CLASS A,1D,,,,,,,
2026-09-21 00:00:00,Long,BIPC,,36.15,-0.66%,35.12,mfa,参数一,"{""mfa"": {""mfa_all"": 14}}",BROOKFIELD INFRASTRUCTURE-A,1D,,,,,,,
2026-09-21 00:00:00,Long,BIPC,,36.15,-0.66%,35.12,mfa,参数二,"{""mfa"": {""mfa_all"": 14}}",BROOKFIELD INFRASTRUCTURE-A,1D,,,,,,,
2026-09-21 00:00:00,Long,ONCY,,0.77,0.00%,0.72,mfa,参数一,"{""mfa"": {""mfa_all"": 7}}",ONCOLYTICS BIOTECH INC,1D,,,,,,,
2026-09-21 00:00:00,Long,ONCY,,0.77,0.00%,0.72,mfa,参数二,"{""mfa"": {""mfa_all"": 7}}",ONCOLYTICS BIOTECH INC,1D,,,,,,,
2026-09-21 00:00:00,Long,RAL,,68.91,1.40%,65.52,utb,参数二,"{""utb"": {""key_value"": 3, ""atr_period"": 14, ""use_ha"": false}, ""r&s"": {""srb_left"": 15, ""srb_right"": 15}, ""atr"": {""atr_length"": 14, ""atr_mult"": 1.0}}",RALLIANT CORP,1D,,,,,,,
2026-09-21 00:00:00,Short,DORM,,120.42,-1.65%,126.18,sqz,参数一,"{""sqz"": {""bb_length"": 15, ""bb_mult"": 1.5, ""kc_length"": 15, ""kc_mult"": 1.2, ""min_sqz_bars"": 4}, ""r&s"": {""srb_left"": 10, ""srb_right"": 10}, ""atr"": {""atr_length"": 14, ""atr_mult"": 1.0}}",DORMAN PRODUCTS INC,1D,,支撑释放,98.45-99.19-105.25-118.96-123.2,高-高-高-高,0.75%-6.11%-13.03%-3.56%,34.0,26.11
2026-09-21 00:00:00,Short,DORM,,120.42,-1.65%,126.18,sqz,参数二,"{""sqz"": {""bb_length"": 20, ""bb_mult"": 1.8, ""kc_length"": 20, ""kc_mult"": 1.5, ""min_sqz_bars"": 4}, ""r&s"": {""srb_left"": 15, ""srb_right"": 15}, ""atr"": {""atr_length"": 14, ""atr_mult"": 1.0}}",DORMAN PRODUCTS INC,1D,,支撑释放,121.19-98.45-105.25-118.96-123.2,低-高-高-高,18.76%-6.91%-13.03%-3.56%,34.0,26.11
2026-09-21 00:00:00,Short,CWH,,5.48,-2.14%,6.1,sqz,参数二,"{""sqz"": {""bb_length"": 20, ""bb_mult"": 1.8, ""kc_length"": 20, ""kc_mult"": 1.5, ""min_sqz_bars"": 4}, ""r&s"": {""srb_left"": 15, ""srb_right"": 15}, ""atr"": {""atr_length"": 14, ""atr_mult"": 1.0}}",CAMPING WORLD HOLDINGS INC-A,1D,,一直亮红,9.53-5.7-6.46-6.33-5.49,低-高-低-低,40.22%-13.33%-2.01%-13.35%,40.0,28.53
2026-09-21 00:00:00,Short,EOG,,141.38,-1.98%,147.18,utb,参数二,"{""utb"": {""key_value"": 3, ""atr_period"": 14, ""use_ha"": false}, ""r&s"": {""srb_left"": 15, ""srb_right"": 15}, ""atr"": {""atr_length"": 14, ""atr_mult"": 1.0}}",EOG RESOURCES INC,1D,,,,,,,
2026-09-21 00:00:00,Short,LODE,,2.62,-1.13%,3.01,sqz,参数二,"{""sqz"": {""bb_length"": 20, ""bb_mult"": 1.8, ""kc_length"": 20, ""kc_mult"": 1.5, ""min_sqz_bars"": 4}, ""r&s"": {""srb_left"": 15, ""srb_right"": 15}, ""atr"": {""atr_length"": 14, ""atr_mult"": 1.0}}",COMSTOCK INC,1D,,一直亮红,nan-2.35-2.61-2.75-2.63,低-高-高-低,nan%-11.06%-5.36%-4.36%,35.0,41.06
2026-09-21 00:00:00,Long,LOBO,,0.7,32.08%,0.59,utb,参数一,"{""utb"": {""key_value"": 2, ""atr_period"": 14, ""use_ha"": false}, ""r&s"": {""srb_left"": 10, ""srb_right"": 10}, ""atr"": {""atr_length"": 14, ""atr_mult"": 1.0}}",LOBO TECHNOLOGIES LTD-A,1D,,,,,,,
2026-09-21 00:00:00,Long,LOBO,,0.7,32.08%,0.59,utb,参数二,"{""utb"": {""key_value"": 3, ""atr_period"": 14, ""use_ha"": false}, ""r&s"": {""srb_left"": 15, ""srb_right"": 15}, ""atr"": {""atr_length"": 14, ""atr_mult"": 1.0}}",LOBO TECHNOLOGIES LTD-A,1D,,,,,,,
2026-09-21 00:00:00,Short,WRLD,,171.09,-6.07%,188.0,sqz,参数一,"{""sqz"": {""bb_length"": 15, ""bb_mult"": 1.5, ""kc_length"": 15, ""kc_mult"": 1.2, ""min_sqz_bars"": 4}, ""r&s"": {""srb_left"": 10, ""srb_right"": 10}, ""atr"": {""atr_length"": 14, ""atr_mult"": 1.0}}",WORLD ACCEPTANCE CORP,1D,,支撑释放,110.0-122.71-126.0-175.89-178.57,高-高-高-高,11.55%-2.68%-39.60%-1.52%,21.0,10.05
2026-09-21 00:00:00,Short,WRLD,,171.09,-6.07%,188.0,sqz,参数二,"{""sqz"": {""bb_length"": 20, ""bb_mult"": 1.8, ""kc_length"": 20, ""kc_mult"": 1.5, ""min_sqz_bars"": 4}, ""r&s"": {""srb_left"": 15, ""srb_right"": 15}, ""atr"": {""atr_length"": 14, ""atr_mult"": 1.0}}",WORLD ACCEPTANCE CORP,1D,,支撑释放,nan-110.0-122.71-175.89,低-高-高,nan%-11.55%-43.34%,35.0,13.78
2026-09-21 00:00:00,Short,PLNT,,47.05,-4.93%,51.32,utb,参数二,"{""utb"": {""key_value"": 3, ""atr_period"": 14, ""use_ha"": false}, ""r&s"": {""srb_left"": 15, ""srb_right"": 15}, ""atr"": {""atr_length"": 14, ""atr_mult"": 1.0}}",PLANET FITNESS INC - CL A,1D,,,,,,,
2026-09-21 00:00:00,Short,PLNT,,47.05,-4.93%,51.32,sqz,参数二,"{""sqz"": {""bb_length"": 20, ""bb_mult"": 1.8, ""kc_length"": 20, ""kc_mult"": 1.5, ""min_sqz_bars"": 4}, ""r&s"": {""srb_left"": 15, ""srb_right"": 15}, ""atr"": {""atr_length"": 14, ""atr_mult"": 1.0}}",PLANET FITNESS INC - CL A,1D,,一直亮红,nan-37.03-49.33-49.94-47.58,低-高-高-低,nan%-33.22%-1.23%-4.72%,26.0,16.37
2026-09-21 00:00:00,Long,CCII,,10.3,0.00%,10.29,mfa,参数一,"{""mfa"": {""mfa_all"": 21}}",COHEN CIRCLE ACQUISIT II - A,1D,,,,,,,
2026-09-21 00:00:00,Long,CCII,,10.3,0.00%,10.29,mfa,参数二,"{""mfa"": {""mfa_all"": 21}}",COHEN CIRCLE ACQUISIT II - A,1D,,,,,,,
2026-09-21 00:00:00,Long,TRNS,,88.16,2.51%,82.47,utb,参数一,"{""utb"": {""key_value"": 2, ""atr_period"": 14, ""use_ha"": false}, ""r&s"": {""srb_left"": 10, ""srb_right"": 10}, ""atr"": {""atr_length"": 14, ""atr_mult"": 1.0}}",TRANSCAT INC,1D,,,,,,,
2026-09-21 00:00:00,Long,SKYA,,1.79,5.60%,1.56,sqz,参数一,"{""sqz"": {""bb_length"": 15, ""bb_mult"": 1.5, ""kc_length"": 15, ""kc_mult"": 1.2, ""min_sqz_bars"": 4}, ""r&s"": {""srb_left"": 10, ""srb_right"": 10}, ""atr"": {""atr_length"": 14, ""atr_mult"": 1.0}}",SKYAI INC,1D,,压力释放,2.07-1.97-2.14-1.54-1.56,低-高-低-高,4.83%-8.63%-28.04%-1.30%,16.0,26.83
2026-09-21 00:00:00,Long,SKYA,,1.79,5.60%,1.56,sqz,参数二,"{""sqz"": {""bb_length"": 20, ""bb_mult"": 1.8, ""kc_length"": 20, ""kc_mult"": 1.5, ""min_sqz_bars"": 4}, ""r&s"": {""srb_left"": 15, ""srb_right"": 15}, ""atr"": {""atr_length"": 14, ""atr_mult"": 1.0}}",SKYAI INC,1D,,压力释放,nan-2.62-2.07-2.14-1.54,低-低-高-低,nan%-20.84%-3.38%-28.04%,41.0,59.09
2026-09-21 00:00:00,Long,CDRE,-22.27,26.63,1.29%,24.86,suf,参数一,"{""suf"": {""timeframe"": ""d""}}",CADRE HOLDINGS INC,1D,200.0,,,,,,
2026-09-21 00:00:00,Long,CDRE,-22.27,26.63,1.29%,24.86,suf,参数二,"{""suf"": {""timeframe"": ""d""}}",CADRE HOLDINGS INC,1D,200.0,,,,,,
2026-09-21 00:00:00,Long,BATRA,,57.34,2.69%,54.98,utb,参数一,"{""utb"": {""key_value"": 2, ""atr_period"": 14, ""use_ha"": false}, ""r&s"": {""srb_left"": 10, ""srb_right"": 10}, ""atr"": {""atr_length"": 14, ""atr_mult"": 1.0}}",ATLANTA BRAVES HOLDINGS IN-A,1D,,,,,,,
2026-09-21 00:00:00,Long,AADX,,12.89,1.02%,11.74,mfa,参数一,"{""mfa"": {""mfa_all"": 22}}",APPLIED AEROSPACE & DEFENSE,1D,,,,,,,
2026-09-21 00:00:00,Long,AADX,,12.89,1.02%,11.74,mfa,参数二,"{""mfa"": {""mfa_all"": 22}}",APPLIED AEROSPACE & DEFENSE,1D,,,,,,,
2026-09-21 00:00:00,Long,ALMU,,13.61,6.95%,11.66,utb,参数一,"{""utb"": {""key_value"": 2, ""atr_period"": 14, ""use_ha"": false}, ""r&s"": {""srb_left"": 10, ""srb_right"": 10}, ""atr"": {""atr_length"": 14, ""atr_mult"": 1.0}}",AELUMA INC,1D,,,,,,,
2026-09-21 00:00:00,Long,MAIR,,24.13,0.50%,22.24,mfa,参数一,"{""mfa"": {""mfa_all"": 24}}",MADISON AIR SOLUTIONS CORP-A,1D,,,,,,,
2026-09-21 00:00:00,Long,MAIR,,24.13,0.50%,22.24,mfa,参数二,"{""mfa"": {""mfa_all"": 24}}",MADISON AIR SOLUTIONS CORP-A,1D,,,,,,,
2026-09-21 00:00:00,Long,ARQT,,25.96,2.29%,24.0,mfa,参数一,"{""mfa"": {""mfa_all"": 30}}",ARCUTIS BIOTHERAPEUTICS INC,1D,,,,,,,
2026-09-21 00:00:00,Long,ARQT,,25.96,2.29%,24.0,mfa,参数二,"{""mfa"": {""mfa_all"": 30}}",ARCUTIS BIOTHERAPEUTICS INC,1D,,,,,,,
2026-09-21 00:00:00,Long,VMC,-13.73,246.2,2.23%,234.63,suf,参数一,"{""suf"": {""timeframe"": ""d""}}",VULCAN MATERIALS CO,1D,200.0,,,,,,
2026-09-21 00:00:00,Long,VMC,-13.73,246.2,2.23%,234.63,suf,参数二,"{""suf"": {""timeframe"": ""d""}}",VULCAN MATERIALS CO,1D,200.0,,,,,,
2026-09-21 00:00:00,Short,MPC,60.27,402.38,-5.30%,445.14,suf,参数一,"{""suf"": {""timeframe"": ""d""}}",MARATHON PETROLEUM CORP,1D,200.0,,,,,,
2026-09-21 00:00:00,Short,MPC,60.27,402.38,-5.30%,445.14,suf,参数二,"{""suf"": {""timeframe"": ""d""}}",MARATHON PETROLEUM CORP,1D,200.0,,,,,,
2026-09-21 00:00:00,Long,DDOG,,245.05,6.58%,214.42,utb,参数一,"{""utb"": {""key_value"": 2, ""atr_period"": 14, ""use_ha"": false}, ""r&s"": {""srb_left"": 10, ""srb_right"": 10}, ""atr"": {""atr_length"": 14, ""atr_mult"": 1.0}}",DATADOG INC - CLASS A,1D,,,,,,,
2026-09-21 00:00:00,Short,ROCK,,41.72,0.55%,44.49,sqz,参数一,"{""sqz"": {""bb_length"": 15, ""bb_mult"": 1.5, ""kc_length"": 15, ""kc_mult"": 1.2, ""min_sqz_bars"": 4}, ""r&s"": {""srb_left"": 10, ""srb_right"": 10}, ""atr"": {""atr_length"": 14, ""atr_mult"": 1.0}}",GIBRALTAR INDUSTRIES INC,1D,,支撑释放,37.79-37.3-33.56-42.04-42.22,低-低-高-高,1.30%-10.03%-25.27%-0.43%,12.0,13.52
2026-09-21 00:00:00,Long,SVCO,,7.35,7.46%,6.44,utb,参数一,"{""utb"": {""key_value"": 2, ""atr_period"": 14, ""use_ha"": false}, ""r&s"": {""srb_left"": 10, ""srb_right"": 10}, ""atr"": {""atr_length"": 14, ""atr_mult"": 1.0}}",SILVACO GROUP INC,1D,,,,,,,
2026-09-21 00:00:00,Long,SYNX,,1.0,11.80%,0.79,utb,参数一,"{""utb"": {""key_value"": 2, ""atr_period"": 14, ""use_ha"": false}, ""r&s"": {""srb_left"": 10, ""srb_right"": 10}, ""atr"": {""atr_length"": 14, ""atr_mult"": 1.0}}",SILYNXCOM LTD,1D,,,,,,,
2026-09-21 00:00:00,Long,SYNX,,1.0,11.80%,0.79,utb,参数二,"{""utb"": {""key_value"": 3, ""atr_period"": 14, ""use_ha"": false}, ""r&s"": {""srb_left"": 15, ""srb_right"": 15}, ""atr"": {""atr_length"": 14, ""atr_mult"": 1.0}}",SILYNXCOM LTD,1D,,,,,,,
2026-09-21 00:00:00,Short,ALL,,242.86,-2.79%,257.03,sqz,参数一,"{""sqz"": {""bb_length"": 15, ""bb_mult"": 1.5, ""kc_length"": 15, ""kc_mult"": 1.2, ""min_sqz_bars"": 4}, ""r&s"": {""srb_left"": 10, ""srb_right"": 10}, ""atr"": {""atr_length"": 14, ""atr_mult"": 1.0}}",ALLSTATE CORP,1D,,支撑释放,199.72-207.55-201.37-235.24-251.78,高-低-高-高,3.92%-2.98%-16.82%-7.03%,21.0,5.83
2026-09-21 00:00:00,Short,XFOR,,3.49,-2.37%,3.82,sqz,参数二,"{""sqz"": {""bb_length"": 20, ""bb_mult"": 1.8, ""kc_length"": 20, ""kc_mult"": 1.5, ""min_sqz_bars"": 4}, ""r&s"": {""srb_left"": 15, ""srb_right"": 15}, ""atr"": {""atr_length"": 14, ""atr_mult"": 1.0}}",X4 PHARMACEUTICALS INC,1D,,一直释放,nan-2.83-3.56,低-高,nan%-25.80%,42.0,35.39
2026-09-21 00:00:00,Long,LE,-20.98,10.46,3.87%,9.61,suf,参数一,"{""suf"": {""timeframe"": ""d""}}",LANDS' END INC,1D,200.0,,,,,,
2026-09-21 00:00:00,Long,LE,-20.98,10.46,3.87%,9.61,suf,参数二,"{""suf"": {""timeframe"": ""d""}}",LANDS' END INC,1D,200.0,,,,,,
2026-09-21 00:00:00,Long,BB,,8.53,6.76%,7.73,utb,参数一,"{""utb"": {""key_value"": 2, ""atr_period"": 14, ""use_ha"": false}, ""r&s"": {""srb_left"": 10, ""srb_right"": 10}, ""atr"": {""atr_length"": 14, ""atr_mult"": 1.0}}",BLACKBERRY LTD,1D,,,,,,,
2026-09-21 00:00:00,Short,ASTH,,33.55,-2.36%,36.36,sqz,参数二,"{""sqz"": {""bb_length"": 20, ""bb_mult"": 1.8, ""kc_length"": 20, ""kc_mult"": 1.5, ""min_sqz_bars"": 4}, ""r&s"": {""srb_left"": 15, ""srb_right"": 15}, ""atr"": {""atr_length"": 14, ""atr_mult"": 1.0}}",ASTRANA HEALTH INC,1D,,支撑释放,nan-18.08-36.0-33.92,低-高-低,nan%-99.12%-5.78%,31.0,20.87
2026-09-21 00:00:00,Short,LGO,,0.63,-3.08%,0.74,utb,参数一,"{""utb"": {""key_value"": 2, ""atr_period"": 14, ""use_ha"": false}, ""r&s"": {""srb_left"": 10, ""srb_right"": 10}, ""atr"": {""atr_length"": 14, ""atr_mult"": 1.0}}",LARGO INC,1D,,,,,,,
2026-09-21 00:00:00,Short,WEX,,187.31,-3.23%,200.46,utb,参数一,"{""utb"": {""key_value"": 2, ""atr_period"": 14, ""use_ha"": false}, ""r&s"": {""srb_left"": 10, ""srb_right"": 10}, ""atr"": {""atr_length"": 14, ""atr_mult"": 1.0}}",WEX INC,1D,,,,,,,
2026-09-21 00:00:00,Short,EE,,33.92,-5.83%,37.55,sqz,参数二,"{""sqz"": {""bb_length"": 20, ""bb_mult"": 1.8, ""kc_length"": 20, ""kc_mult"": 1.5, ""min_sqz_bars"": 4}, ""r&s"": {""srb_left"": 15, ""srb_right"": 15}, ""atr"": {""atr_length"": 14, ""atr_mult"": 1.0}}",EXCELERATE ENERGY INC-A,1D,,支撑释放,nan-31.95-30.68-31.45-34.73,低-低-高-高,nan%-3.97%-2.51%-10.40%,30.0,17.43
2026-09-21 00:00:00,Short,ANNA,,2.91,-11.01%,3.44,utb,参数一,"{""utb"": {""key_value"": 2, ""atr_period"": 14, ""use_ha"": false}, ""r&s"": {""srb_left"": 10, ""srb_right"": 10}, ""atr"": {""atr_length"": 14, ""atr_mult"": 1.0}}",ALEANNA INC,1D,,,,,,,
2026-09-21 00:00:00,Long,LIND,,28.29,2.72%,26.43,utb,参数一,"{""utb"": {""key_value"": 2, ""atr_period"": 14, ""use_ha"": false}, ""r&s"": {""srb_left"": 10, ""srb_right"": 10}, ""atr"": {""atr_length"": 14, ""atr_mult"": 1.0}}",LINDBLAD EXPEDITIONS HOLDING,1D,,,,,,,
2026-09-21 00:00:00,Short,FAF,,69.26,-0.47%,72.26,sqz,参数一,"{""sqz"": {""bb_length"": 15, ""bb_mult"": 1.5, ""kc_length"": 15, ""kc_mult"": 1.2, ""min_sqz_bars"": 4}, ""r&s"": {""srb_left"": 10, ""srb_right"": 10}, ""atr"": {""atr_length"": 14, ""atr_mult"": 1.0}}",FIRST AMERICAN FINANCIAL,1D,,支撑释放,57.55-55.74-65.56-63.45-71.22,低-高-低-高,3.14%-17.62%-3.22%-12.25%,21.0,7.98
2026-09-21 00:00:00,Long,CRI,-14.53,30.69,3.54%,27.97,suf,参数一,"{""suf"": {""timeframe"": ""d""}}",CARTER'S INC,1D,200.0,,,,,,
2026-09-21 00:00:00,Long,CRI,-14.53,30.69,3.54%,27.97,suf,参数二,"{""suf"": {""timeframe"": ""d""}}",CARTER'S INC,1D,200.0,,,,,,
2026-09-21 00:00:00,Long,WATT,,12.93,5.90%,11.26,utb,参数一,"{""utb"": {""key_value"": 2, ""atr_period"": 14, ""use_ha"": false}, ""r&s"": {""srb_left"": 10, ""srb_right"": 10}, ""atr"": {""atr_length"": 14, ""atr_mult"": 1.0}}",ENERGOUS CORP,1D,,,,,,,
2026-09-21 00:00:00,Short,OGE,,45.05,-1.01%,46.55,sqz,参数一,"{""sqz"": {""bb_length"": 15, ""bb_mult"": 1.5, ""kc_length"": 15, ""kc_mult"": 1.2, ""min_sqz_bars"": 4}, ""r&s"": {""srb_left"": 10, ""srb_right"": 10}, ""atr"": {""atr_length"": 14, ""atr_mult"": 1.0}}",OGE ENERGY CORP,1D,,支撑释放,40.98-45.14-45.36-45.23-45.27,高-高-低-高,10.14%-0.48%-0.28%-0.09%,14.0,5.81
2026-09-21 00:00:00,Short,BTSG,,55.86,-1.62%,59.39,sqz,参数一,"{""sqz"": {""bb_length"": 15, ""bb_mult"": 1.5, ""kc_length"": 15, ""kc_mult"": 1.2, ""min_sqz_bars"": 4}, ""r&s"": {""srb_left"": 10, ""srb_right"": 10}, ""atr"": {""atr_length"": 14, ""atr_mult"": 1.0}}",BRIGHTSPRING HEALTH SERVICES,1D,,支撑释放,37.24-44.77-56.2-66.58-56.43,高-高-高-低,20.22%-25.53%-18.47%-15.24%,18.0,11.89
2026-09-21 00:00:00,Long,USDE,,12.6,23.65%,10.62,sqz,参数一,"{""sqz"": {""bb_length"": 15, ""bb_mult"": 1.5, ""kc_length"": 15, ""kc_mult"": 1.2, ""min_sqz_bars"": 4}, ""r&s"": {""srb_left"": 10, ""srb_right"": 10}, ""atr"": {""atr_length"": 14, ""atr_mult"": 1.0}}",STABLECOINX INC,1D,,压力释放,nan-9.25,低,nan%,14.0,57.58
2026-09-21 00:00:00,Long,MAX,-0.98,10.79,2.86%,9.84,suf,参数一,"{""suf"": {""timeframe"": ""d""}}",MEDIAALPHA INC-CLASS A,1D,200.0,,,,,,
2026-09-21 00:00:00,Long,MAX,-0.98,10.79,2.86%,9.84,suf,参数二,"{""suf"": {""timeframe"": ""d""}}",MEDIAALPHA INC-CLASS A,1D,200.0,,,,,,
2026-09-21 00:00:00,Short,JBSS,,66.44,-1.29%,70.0,sqz,参数一,"{""sqz"": {""bb_length"": 15, ""bb_mult"": 1.5, ""kc_length"": 15, ""kc_mult"": 1.2, ""min_sqz_bars"": 4}, ""r&s"": {""srb_left"": 10, ""srb_right"": 10}, ""atr"": {""atr_length"": 14, ""atr_mult"": 1.0}}",JOHN B. SANFILIPPO & SON INC,1D,,一直释放,nan-66.06-70.33-71.43-76.91,低-高-高-高,nan%-6.48%-1.56%-7.66%,43.0,10.82
2026-09-21 00:00:00,Short,JBSS,,66.44,-1.29%,70.0,sqz,参数二,"{""sqz"": {""bb_length"": 20, ""bb_mult"": 1.8, ""kc_length"": 20, ""kc_mult"": 1.5, ""min_sqz_bars"": 4}, ""r&s"": {""srb_left"": 15, ""srb_right"": 15}, ""atr"": {""atr_length"": 14, ""atr_mult"": 1.0}}",JOHN B. SANFILIPPO & SON INC,1D,,一直释放,nan-66.06-70.33-71.43-76.91,低-高-高-高,nan%-6.48%-1.56%-7.66%,43.0,10.82
2026-09-21 00:00:00,Short,DGICB,,18.58,-11.73%,20.95,sqz,参数二,"{""sqz"": {""bb_length"": 20, ""bb_mult"": 1.8, ""kc_length"": 20, ""kc_mult"": 1.5, ""min_sqz_bars"": 4}, ""r&s"": {""srb_left"": 15, ""srb_right"": 15}, ""atr"": {""atr_length"": 14, ""atr_mult"": 1.0}}",DONEGAL GROUP INC-B,1D,,一直亮红,14.85-14.84-17.12-17.63-20.12,低-高-高-高,0.07%-15.35%-2.95%-14.12%,41.0,37.24
2026-09-21 00:00:00,Short,MOS,,24.07,-1.67%,26.03,utb,参数一,"{""utb"": {""key_value"": 2, ""atr_period"": 14, ""use_ha"": false}, ""r&s"": {""srb_left"": 10, ""srb_right"": 10}, ""atr"": {""atr_length"": 14, ""atr_mult"": 1.0}}",MOSAIC CO/THE,1D,,,,,,,
2026-09-21 00:00:00,Long,SSEA,,10.35,0.10%,10.34,sqz,参数一,"{""sqz"": {""bb_length"": 15, ""bb_mult"": 1.5, ""kc_length"": 15, ""kc_mult"": 1.2, ""min_sqz_bars"": 4}, ""r&s"": {""srb_left"": 10, ""srb_right"": 10}, ""atr"": {""atr_length"": 14, ""atr_mult"": 1.0}}",STARRY SEA ACQUISITION CORP,1D,,一直亮绿,10.11-10.19-10.29-10.25-10.35,高-高-低-高,0.79%-0.98%-0.39%-0.98%,19.0,0.49
2026-09-21 00:00:00,Long,AMRZ,-26.68,38.59,2.80%,36.85,suf,参数一,"{""suf"": {""timeframe"": ""d""}}",AMRIZE LTD,1D,200.0,,,,,,
2026-09-21 00:00:00,Long,AMRZ,-26.68,38.59,2.80%,36.85,suf,参数二,"{""suf"": {""timeframe"": ""d""}}",AMRIZE LTD,1D,200.0,,,,,,
2026-09-21 00:00:00,Long,SYNA,,95.36,2.42%,86.18,mfa,参数一,"{""mfa"": {""mfa_all"": 47}}",SYNAPTICS INC,1D,,,,,,,
2026-09-21 00:00:00,Long,SYNA,,95.36,2.42%,86.18,mfa,参数二,"{""mfa"": {""mfa_all"": 47}}",SYNAPTICS INC,1D,,,,,,,
2026-09-21 00:00:00,Long,CSV,-25.07,30.88,1.31%,29.14,suf,参数一,"{""suf"": {""timeframe"": ""d""}}",CARRIAGE SERVICES INC,1D,200.0,,,,,,
2026-09-21 00:00:00,Long,CSV,-25.07,30.88,1.31%,29.14,suf,参数二,"{""suf"": {""timeframe"": ""d""}}",CARRIAGE SERVICES INC,1D,200.0,,,,,,
2026-09-21 00:00:00,Short,TVA,0.29,10.56,-0.14%,10.6,suf,参数一,"{""suf"": {""timeframe"": ""d""}}",TEXAS VENTURES ACQUISITION-A,1D,200.0,,,,,,
2026-09-21 00:00:00,Short,TVA,0.29,10.56,-0.14%,10.6,suf,参数二,"{""suf"": {""timeframe"": ""d""}}",TEXAS VENTURES ACQUISITION-A,1D,200.0,,,,,,
2026-09-21 00:00:00,Long,SONM,,4.05,17.05%,3.17,utb,参数一,"{""utb"": {""key_value"": 2, ""atr_period"": 14, ""use_ha"": false}, ""r&s"": {""srb_left"": 10, ""srb_right"": 10}, ""atr"": {""atr_length"": 14, ""atr_mult"": 1.0}}",DNA X INC,1D,,,,,,,
2026-09-21 00:00:00,Long,SONM,,4.05,17.05%,3.17,utb,参数二,"{""utb"": {""key_value"": 3, ""atr_period"": 14, ""use_ha"": false}, ""r&s"": {""srb_left"": 15, ""srb_right"": 15}, ""atr"": {""atr_length"": 14, ""atr_mult"": 1.0}}",DNA X INC,1D,,,,,,,
2026-09-21 00:00:00,Long,VUZI,,3.04,10.55%,2.56,utb,参数一,"{""utb"": {""key_value"": 2, ""atr_period"": 14, ""use_ha"": false}, ""r&s"": {""srb_left"": 10, ""srb_right"": 10}, ""atr"": {""atr_length"": 14, ""atr_mult"": 1.0}}",VUZIX CORP,1D,,,,,,,
2026-09-21 00:00:00,Long,VUZI,,3.04,10.55%,2.56,utb,参数二,"{""utb"": {""key_value"": 3, ""atr_period"": 14, ""use_ha"": false}, ""r&s"": {""srb_left"": 15, ""srb_right"": 15}, ""atr"": {""atr_length"": 14, ""atr_mult"": 1.0}}",VUZIX CORP,1D,,,,,,,
2026-09-21 00:00:00,Short,DOUG,,1.6,-5.33%,1.77,sqz,参数一,"{""sqz"": {""bb_length"": 15, ""bb_mult"": 1.5, ""kc_length"": 15, ""kc_mult"": 1.2, ""min_sqz_bars"": 4}, ""r&s"": {""srb_left"": 10, ""srb_right"": 10}, ""atr"": {""atr_length"": 14, ""atr_mult"": 1.0}}",DOUGLAS ELLIMAN INC,1D,,一直释放,2.15-1.53-1.55-1.67-1.67,低-高-高-高,28.84%-1.63%-7.40%-0.30%,35.0,27.16
2026-09-21 00:00:00,Short,BBT,,28.75,-6.75%,31.28,sqz,参数一,"{""sqz"": {""bb_length"": 15, ""bb_mult"": 1.5, ""kc_length"": 15, ""kc_mult"": 1.2, ""min_sqz_bars"": 4}, ""r&s"": {""srb_left"": 10, ""srb_right"": 10}, ""atr"": {""atr_length"": 14, ""atr_mult"": 1.0}}",BEACON FINANCIAL CORP,1D,,支撑释放,27.11-27.17-29.06-28.17-30.3,高-高-低-高,0.20%-6.96%-3.07%-7.58%,13.0,5.41
2026-09-21 00:00:00,Long,TRIP,,8.8,-0.45%,8.33,mfa,参数一,"{""mfa"": {""mfa_all"": 32}}",TRIPADVISOR INC,1D,,,,,,,
2026-09-21 00:00:00,Long,TRIP,,8.8,-0.45%,8.33,mfa,参数二,"{""mfa"": {""mfa_all"": 32}}",TRIPADVISOR INC,1D,,,,,,,
2026-09-21 00:00:00,Long,RDN,,34.32,-1.97%,33.59,mfa,参数一,"{""mfa"": {""mfa_all"": 7}}",RADIAN GROUP INC,1D,,,,,,,
2026-09-21 00:00:00,Long,RDN,,34.32,-1.97%,33.59,mfa,参数二,"{""mfa"": {""mfa_all"": 7}}",RADIAN GROUP INC,1D,,,,,,,
2026-09-21 00:00:00,Long,FER,-15.16,55.95,1.65%,54.08,suf,参数一,"{""suf"": {""timeframe"": ""d""}}",FERROVIAL NV,1D,200.0,,,,,,
2026-09-21 00:00:00,Long,FER,-15.16,55.95,1.65%,54.08,suf,参数二,"{""suf"": {""timeframe"": ""d""}}",FERROVIAL NV,1D,200.0,,,,,,
2026-09-21 00:00:00,Short,OMC,,75.59,-1.28%,79.61,sqz,参数二,"{""sqz"": {""bb_length"": 20, ""bb_mult"": 1.8, ""kc_length"": 20, ""kc_mult"": 1.5, ""min_sqz_bars"": 4}, ""r&s"": {""srb_left"": 15, ""srb_right"": 15}, ""atr"": {""atr_length"": 14, ""atr_mult"": 1.0}}",OMNICOM GROUP,1D,,一直亮红,64.32-72.04-68.54-69.57-75.68,高-低-高-高,12.01%-4.87%-1.52%-8.78%,36.0,17.15
2026-09-21 00:00:00,Long,VLN,,1.77,7.27%,1.6,utb,参数一,"{""utb"": {""key_value"": 2, ""atr_period"": 14, ""use_ha"": false}, ""r&s"": {""srb_left"": 10, ""srb_right"": 10}, ""atr"": {""atr_length"": 14, ""atr_mult"": 1.0}}",VALENS SEMICONDUCTOR LTD,1D,,,,,,,
2026-09-21 00:00:00,Long,HONA,,169.03,3.32%,155.47,utb,参数一,"{""utb"": {""key_value"": 2, ""atr_period"": 14, ""use_ha"": false}, ""r&s"": {""srb_left"": 10, ""srb_right"": 10}, ""atr"": {""atr_length"": 14, ""atr_mult"": 1.0}}",HONEYWELL AEROSPACE INC,1D,,,,,,,
2026-09-21 00:00:00,Long,RIBB,,7.57,-1.62%,6.13,mfa,参数一,"{""mfa"": {""mfa_all"": 10}}",RIBBON ACQUISITION CORP,1D,,,,,,,
2026-09-21 00:00:00,Long,RIBB,,7.57,-1.62%,6.13,mfa,参数二,"{""mfa"": {""mfa_all"": 10}}",RIBBON ACQUISITION CORP,1D,,,,,,,
2026-09-21 00:00:00,Long,VENU,-64.53,1.55,4.03%,1.33,suf,参数一,"{""suf"": {""timeframe"": ""d""}}",VENU HOLDING CORP,1D,200.0,,,,,,
2026-09-21 00:00:00,Long,VENU,-64.53,1.55,4.03%,1.33,suf,参数二,"{""suf"": {""timeframe"": ""d""}}",VENU HOLDING CORP,1D,200.0,,,,,,
2026-09-21 00:00:00,Long,NUAI,,7.65,30.55%,6.12,sqz,参数一,"{""sqz"": {""bb_length"": 15, ""bb_mult"": 1.5, ""kc_length"": 15, ""kc_mult"": 1.2, ""min_sqz_bars"": 4}, ""r&s"": {""srb_left"": 10, ""srb_right"": 10}, ""atr"": {""atr_length"": 14, ""atr_mult"": 1.0}}",NEW ERA ENERGY & DIGITAL INC,1D,,一直释放,5.57-6.33-7.3-6.43-5.82,高-高-低-低,13.64%-15.32%-11.92%-9.49%,23.0,28.05
2026-09-21 00:00:00,Long,HII,-19.64,276.1,1.19%,264.81,suf,参数一,"{""suf"": {""timeframe"": ""d""}}",HUNTINGTON INGALLS INDUSTRIE,1D,200.0,,,,,,
2026-09-21 00:00:00,Long,HII,-19.64,276.1,1.19%,264.81,suf,参数二,"{""suf"": {""timeframe"": ""d""}}",HUNTINGTON INGALLS INDUSTRIE,1D,200.0,,,,,,
2026-09-21 00:00:00,Long,KOSS,,3.47,-3.34%,3.25,mfa,参数一,"{""mfa"": {""mfa_all"": 53}}",KOSS CORP,1D,,,,,,,
2026-09-21 00:00:00,Long,KOSS,,3.47,-3.34%,3.25,mfa,参数二,"{""mfa"": {""mfa_all"": 53}}",KOSS CORP,1D,,,,,,,
2026-09-21 00:00:00,Short,MYSZ,,1.63,-6.86%,2.09,sqz,参数一,"{""sqz"": {""bb_length"": 15, ""bb_mult"": 1.5, ""kc_length"": 15, ""kc_mult"": 1.2, ""min_sqz_bars"": 4}, ""r&s"": {""srb_left"": 10, ""srb_right"": 10}, ""atr"": {""atr_length"": 14, ""atr_mult"": 1.0}}",MY SIZE INC,1D,,一直释放,6.01-4.02-3.84-3.06-2.64,低-低-低-低,33.02%-4.57%-20.42%-13.61%,43.0,62.12
2026-09-21 00:00:00,Long,RBRK,,112.96,5.86%,99.87,sqz,参数一,"{""sqz"": {""bb_length"": 15, ""bb_mult"": 1.5, ""kc_length"": 15, ""kc_mult"": 1.2, ""min_sqz_bars"": 4}, ""r&s"": {""srb_left"": 10, ""srb_right"": 10}, ""atr"": {""atr_length"": 14, ""atr_mult"": 1.0}}",RUBRIK INC-A,1D,,一直亮绿,nan-58.16-86.46-90.44-107.91,低-高-高-高,nan%-48.65%-4.61%-19.32%,16.0,25.8
2026-09-21 00:00:00,Short,OZK,,47.75,-0.27%,49.28,sqz,参数一,"{""sqz"": {""bb_length"": 15, ""bb_mult"": 1.5, ""kc_length"": 15, ""kc_mult"": 1.2, ""min_sqz_bars"": 4}, ""r&s"": {""srb_left"": 10, ""srb_right"": 10}, ""atr"": {""atr_length"": 14, ""atr_mult"": 1.0}}",BANK OZK,1D,,支撑释放,44.76-42.17-46.16-45.6-48.4,低-高-低-高,5.81%-9.47%-1.20%-6.13%,52.0,9.88
2026-09-21 00:00:00,Short,TARA,,3.51,-1.13%,3.85,sqz,参数一,"{""sqz"": {""bb_length"": 15, ""bb_mult"": 1.5, ""kc_length"": 15, ""kc_mult"": 1.2, ""min_sqz_bars"": 4}, ""r&s"": {""srb_left"": 10, ""srb_right"": 10}, ""atr"": {""atr_length"": 14, ""atr_mult"": 1.0}}",PROTARA THERAPEUTIC INC,1D,,支撑释放,4.95-3.62-3.77-3.77-3.71,低-高-高-低,26.97%-4.15%-0.16%-1.49%,19.0,9.02
2026-09-21 00:00:00,Short,TARA,,3.51,-1.13%,3.85,sqz,参数二,"{""sqz"": {""bb_length"": 20, ""bb_mult"": 1.8, ""kc_length"": 20, ""kc_mult"": 1.5, ""min_sqz_bars"": 4}, ""r&s"": {""srb_left"": 15, ""srb_right"": 15}, ""atr"": {""atr_length"": 14, ""atr_mult"": 1.0}}",PROTARA THERAPEUTIC INC,1D,,支撑释放,4.72-4.8-3.62-3.77-3.71,高-低-高-低,1.69%-24.69%-4.32%-1.49%,19.0,9.02
2026-09-21 00:00:00,Long,AMAT,,464.24,4.42%,430.86,utb,参数一,"{""utb"": {""key_value"": 2, ""atr_period"": 14, ""use_ha"": false}, ""r&s"": {""srb_left"": 10, ""srb_right"": 10}, ""atr"": {""atr_length"": 14, ""atr_mult"": 1.0}}",APPLIED MATERIALS INC,1D,,,,,,,
2026-09-21 00:00:00,Short,GRNT,,4.64,-5.31%,5.03,sqz,参数一,"{""sqz"": {""bb_length"": 15, ""bb_mult"": 1.5, ""kc_length"": 15, ""kc_mult"": 1.2, ""min_sqz_bars"": 4}, ""r&s"": {""srb_left"": 10, ""srb_right"": 10}, ""atr"": {""atr_length"": 14, ""atr_mult"": 1.0}}",GRANITE RIDGE RESOURCES INC,1D,,支撑释放,4.65-4.62-4.19-4.41-4.8,低-低-高-高,0.58%-9.41%-5.26%-8.99%,18.0,12.02
2026-09-21 00:00:00,Short,GRNT,,4.64,-5.31%,5.03,utb,参数二,"{""utb"": {""key_value"": 3, ""atr_period"": 14, ""use_ha"": false}, ""r&s"": {""srb_left"": 15, ""srb_right"": 15}, ""atr"": {""atr_length"": 14, ""atr_mult"": 1.0}}",GRANITE RIDGE RESOURCES INC,1D,,,,,,,
2026-09-21 00:00:00,Long,ARQQ,,23.53,16.89%,18.63,utb,参数二,"{""utb"": {""key_value"": 3, ""atr_period"": 14, ""use_ha"": false}, ""r&s"": {""srb_left"": 15, ""srb_right"": 15}, ""atr"": {""atr_length"": 14, ""atr_mult"": 1.0}}",ARQIT QUANTUM INC,1D,,,,,,,
2026-09-21 00:00:00,Long,IACQ,,9.99,0.40%,9.96,mfa,参数一,"{""mfa"": {""mfa_all"": 9}}",IRENIC ACQUISITION CORP CL-A,1D,,,,,,,
2026-09-21 00:00:00,Long,IACQ,,9.99,0.40%,9.96,mfa,参数二,"{""mfa"": {""mfa_all"": 9}}",IRENIC ACQUISITION CORP CL-A,1D,,,,,,,
2026-09-21 00:00:00,Long,PRSO,-47.22,0.48,4.35%,0.42,suf,参数一,"{""suf"": {""timeframe"": ""d""}}",PERASO INC,1D,200.0,,,,,,
2026-09-21 00:00:00,Long,PRSO,-47.22,0.48,4.35%,0.42,suf,参数二,"{""suf"": {""timeframe"": ""d""}}",PERASO INC,1D,200.0,,,,,,
2026-09-21 00:00:00,Short,EP,,2.28,-6.17%,2.66,sqz,参数二,"{""sqz"": {""bb_length"": 20, ""bb_mult"": 1.8, ""kc_length"": 20, ""kc_mult"": 1.5, ""min_sqz_bars"": 4}, ""r&s"": {""srb_left"": 15, ""srb_right"": 15}, ""atr"": {""atr_length"": 14, ""atr_mult"": 1.0}}",EMPIRE PETROLEUM CORP,1D,,一直亮红,nan-2.77-2.41,低-低,nan%-13.00%,36.0,38.59
2026-09-21 00:00:00,Short,PSKY,,9.91,-2.94%,12.01,utb,参数二,"{""utb"": {""key_value"": 3, ""atr_period"": 14, ""use_ha"": false}, ""r&s"": {""srb_left"": 15, ""srb_right"": 15}, ""atr"": {""atr_length"": 14, ""atr_mult"": 1.0}}",PARAMOUNT SKYDANCE CL B,1D,,,,,,,
2026-09-21 00:00:00,Long,FGII,,10.03,0.20%,10.02,sqz,参数一,"{""sqz"": {""bb_length"": 15, ""bb_mult"": 1.5, ""kc_length"": 15, ""kc_mult"": 1.2, ""min_sqz_bars"": 4}, ""r&s"": {""srb_left"": 10, ""srb_right"": 10}, ""atr"": {""atr_length"": 14, ""atr_mult"": 1.0}}",FG IMPERII ACQUISITION-CL A,1D,,一直释放,nan-9.91-9.99,低-高,nan%-0.81%,68.0,0.6
2026-09-21 00:00:00,Long,FGII,,10.03,0.20%,10.02,sqz,参数二,"{""sqz"": {""bb_length"": 20, ""bb_mult"": 1.8, ""kc_length"": 20, ""kc_mult"": 1.5, ""min_sqz_bars"": 4}, ""r&s"": {""srb_left"": 15, ""srb_right"": 15}, ""atr"": {""atr_length"": 14, ""atr_mult"": 1.0}}",FG IMPERII ACQUISITION-CL A,1D,,一直释放,nan-9.99,低,nan%,68.0,0.6
2026-09-21 00:00:00,Short,POST,,75.26,-1.71%,80.03,sqz,参数一,"{""sqz"": {""bb_length"": 15, ""bb_mult"": 1.5, ""kc_length"": 15, ""kc_mult"": 1.2, ""min_sqz_bars"": 4}, ""r&s"": {""srb_left"": 10, ""srb_right"": 10}, ""atr"": {""atr_length"": 14, ""atr_mult"": 1.0}}",POST HOLDINGS INC,1D,,一直亮红,94.13-86.85-86.37-83.89-75.4,低-低-低-低,7.73%-0.55%-2.87%-10.12%,28.0,14.6
2026-09-21 00:00:00,Long,GXO,,45.4,-1.13%,43.58,mfa,参数一,"{""mfa"": {""mfa_all"": 6}}",GXO LOGISTICS INC,1D,,,,,,,
2026-09-21 00:00:00,Long,GXO,,45.4,-1.13%,43.58,mfa,参数二,"{""mfa"": {""mfa_all"": 6}}",GXO LOGISTICS INC,1D,,,,,,,
2026-09-21 00:00:00,Short,ITG,,11.66,-7.83%,13.89,utb,参数一,"{""utb"": {""key_value"": 2, ""atr_period"": 14, ""use_ha"": false}, ""r&s"": {""srb_left"": 10, ""srb_right"": 10}, ""atr"": {""atr_length"": 14, ""atr_mult"": 1.0}}",ITG INC CL A,1D,,,,,,,
2026-09-21 00:00:00,Long,ENB,,48.2,-1.09%,47.35,mfa,参数一,"{""mfa"": {""mfa_all"": 34}}",ENBRIDGE INC,1D,,,,,,,
2026-09-21 00:00:00,Long,ENB,,48.2,-1.09%,47.35,mfa,参数二,"{""mfa"": {""mfa_all"": 34}}",ENBRIDGE INC,1D,,,,,,,
2026-09-21 00:00:00,Short,IMO,,126.17,-2.88%,132.41,utb,参数一,"{""utb"": {""key_value"": 2, ""atr_period"": 14, ""use_ha"": false}, ""r&s"": {""srb_left"": 10, ""srb_right"": 10}, ""atr"": {""atr_length"": 14, ""atr_mult"": 1.0}}",IMPERIAL OIL LTD,1D,,,,,,,
2026-09-21 00:00:00,Short,IMO,,126.17,-2.88%,132.41,utb,参数二,"{""utb"": {""key_value"": 3, ""atr_period"": 14, ""use_ha"": false}, ""r&s"": {""srb_left"": 15, ""srb_right"": 15}, ""atr"": {""atr_length"": 14, ""atr_mult"": 1.0}}",IMPERIAL OIL LTD,1D,,,,,,,
2026-09-21 00:00:00,Long,DFDV,,6.51,7.43%,5.64,sqz,参数二,"{""sqz"": {""bb_length"": 20, ""bb_mult"": 1.8, ""kc_length"": 20, ""kc_mult"": 1.5, ""min_sqz_bars"": 4}, ""r&s"": {""srb_left"": 15, ""srb_right"": 15}, ""atr"": {""atr_length"": 14, ""atr_mult"": 1.0}}",DEFI DEVELOPMENT CORP,1D,,一直释放,8.45-5.14-5.18-5.33-3.73,低-高-高-低,39.17%-0.78%-2.90%-30.02%,55.0,52.87
2026-09-21 00:00:00,Short,SFM,,68.66,-3.01%,74.4,sqz,参数一,"{""sqz"": {""bb_length"": 15, ""bb_mult"": 1.5, ""kc_length"": 15, ""kc_mult"": 1.2, ""min_sqz_bars"": 4}, ""r&s"": {""srb_left"": 10, ""srb_right"": 10}, ""atr"": {""atr_length"": 14, ""atr_mult"": 1.0}}",SPROUTS FARMERS MARKET INC,1D,,一直亮红,73.18-69.29-76.88-76.86-70.0,低-高-低-低,5.32%-10.95%-0.03%-8.93%,41.0,33.31
2026-09-21 00:00:00,Short,SFM,,68.66,-3.01%,74.4,sqz,参数二,"{""sqz"": {""bb_length"": 20, ""bb_mult"": 1.8, ""kc_length"": 20, ""kc_mult"": 1.5, ""min_sqz_bars"": 4}, ""r&s"": {""srb_left"": 15, ""srb_right"": 15}, ""atr"": {""atr_length"": 14, ""atr_mult"": 1.0}}",SPROUTS FARMERS MARKET INC,1D,,一直亮红,nan-64.75-69.29-76.86-70.0,低-高-高-低,nan%-7.01%-10.93%-8.93%,41.0,33.31
2026-09-21 00:00:00,Short,OLMA,,9.63,-1.93%,10.69,sqz,参数一,"{""sqz"": {""bb_length"": 15, ""bb_mult"": 1.5, ""kc_length"": 15, ""kc_mult"": 1.2, ""min_sqz_bars"": 4}, ""r&s"": {""srb_left"": 10, ""srb_right"": 10}, ""atr"": {""atr_length"": 14, ""atr_mult"": 1.0}}",OLEMA PHARMACEUTICALS INC,1D,,支撑释放,12.99-13.11-9.06-10.71-9.7,高-低-高-低,0.92%-30.89%-18.21%-9.43%,28.0,17.11
2026-09-21 00:00:00,Long,DSAC,,10.17,0.10%,10.15,mfa,参数一,"{""mfa"": {""mfa_all"": 12}}",DAEDALUS SPECIAL ACQUIS-CL A,1D,,,,,,,
2026-09-21 00:00:00,Long,DSAC,,10.17,0.10%,10.15,mfa,参数二,"{""mfa"": {""mfa_all"": 12}}",DAEDALUS SPECIAL ACQUIS-CL A,1D,,,,,,,
2026-09-21 00:00:00,Long,SLF,,81.44,0.21%,79.84,utb,参数二,"{""utb"": {""key_value"": 3, ""atr_period"": 14, ""use_ha"": false}, ""r&s"": {""srb_left"": 15, ""srb_right"": 15}, ""atr"": {""atr_length"": 14, ""atr_mult"": 1.0}}",SUN LIFE FINANCIAL INC,1D,,,,,,,
2026-09-21 00:00:00,Long,STRO,-27.88,16.35,6.58%,13.62,suf,参数一,"{""suf"": {""timeframe"": ""d""}}",SUTRO BIOPHARMA INC,1D,200.0,,,,,,
2026-09-21 00:00:00,Long,STRO,-27.88,16.35,6.58%,13.62,suf,参数二,"{""suf"": {""timeframe"": ""d""}}",SUTRO BIOPHARMA INC,1D,200.0,,,,,,
2026-09-21 00:00:00,Long,GIFT,-28.73,0.68,4.77%,0.6,suf,参数一,"{""suf"": {""timeframe"": ""d""}}",GIFTIFY INC,1D,200.0,,,,,,
2026-09-21 00:00:00,Long,GIFT,-28.73,0.68,4.77%,0.6,suf,参数二,"{""suf"": {""timeframe"": ""d""}}",GIFTIFY INC,1D,200.0,,,,,,
2026-09-21 00:00:00,Long,DY,,291.55,-0.09%,272.29,mfa,参数一,"{""mfa"": {""mfa_all"": 19}}",DYCOM INDUSTRIES INC,1D,,,,,,,
2026-09-21 00:00:00,Long,DY,,291.55,-0.09%,272.29,mfa,参数二,"{""mfa"": {""mfa_all"": 19}}",DYCOM INDUSTRIES INC,1D,,,,,,,
2026-09-21 00:00:00,Long,BJDX,,0.91,-0.87%,0.79,mfa,参数一,"{""mfa"": {""mfa_all"": 14}}",BLUEJAY DIAGNOSTICS INC,1D,,,,,,,
2026-09-21 00:00:00,Long,BJDX,,0.91,-0.87%,0.79,mfa,参数二,"{""mfa"": {""mfa_all"": 14}}",BLUEJAY DIAGNOSTICS INC,1D,,,,,,,
2026-09-21 00:00:00,Long,LOOP,,0.5,-3.46%,0.43,mfa,参数一,"{""mfa"": {""mfa_all"": 33}}",LOOP INDUSTRIES INC,1D,,,,,,,
2026-09-21 00:00:00,Long,LOOP,,0.5,-3.46%,0.43,mfa,参数二,"{""mfa"": {""mfa_all"": 33}}",LOOP INDUSTRIES INC,1D,,,,,,,
2026-09-21 00:00:00,Long,XMTR,,99.53,2.42%,92.27,utb,参数二,"{""utb"": {""key_value"": 3, ""atr_period"": 14, ""use_ha"": false}, ""r&s"": {""srb_left"": 15, ""srb_right"": 15}, ""atr"": {""atr_length"": 14, ""atr_mult"": 1.0}}",XOMETRY INC-A,1D,,,,,,,
2026-09-21 00:00:00,Long,CODX,-68.15,1.01,6.77%,0.84,suf,参数一,"{""suf"": {""timeframe"": ""d""}}",CO-DIAGNOSTICS INC,1D,200.0,,,,,,
2026-09-21 00:00:00,Long,CODX,-68.15,1.01,6.77%,0.84,suf,参数二,"{""suf"": {""timeframe"": ""d""}}",CO-DIAGNOSTICS INC,1D,200.0,,,,,,
2026-09-21 00:00:00,Long,CPA,,137.11,4.08%,128.52,utb,参数一,"{""utb"": {""key_value"": 2, ""atr_period"": 14, ""use_ha"": false}, ""r&s"": {""srb_left"": 10, ""srb_right"": 10}, ""atr"": {""atr_length"": 14, ""atr_mult"": 1.0}}",COPA HOLDINGS SA-CLASS A,1D,,,,,,,
2026-09-21 00:00:00,Long,CPA,,137.11,4.08%,128.52,utb,参数二,"{""utb"": {""key_value"": 3, ""atr_period"": 14, ""use_ha"": false}, ""r&s"": {""srb_left"": 15, ""srb_right"": 15}, ""atr"": {""atr_length"": 14, ""atr_mult"": 1.0}}",COPA HOLDINGS SA-CLASS A,1D,,,,,,,
2026-09-21 00:00:00,Short,BDCI,0.96,10.15,-0.10%,10.17,suf,参数一,"{""suf"": {""timeframe"": ""d""}}",BTC DEVELOPMENT CORP-CL A,1D,200.0,,,,,,
2026-09-21 00:00:00,Short,BDCI,0.96,10.15,-0.10%,10.17,suf,参数二,"{""suf"": {""timeframe"": ""d""}}",BTC DEVELOPMENT CORP-CL A,1D,200.0,,,,,,
2026-09-21 00:00:00,Short,HP,,40.29,-1.52%,42.46,sqz,参数一,"{""sqz"": {""bb_length"": 15, ""bb_mult"": 1.5, ""kc_length"": 15, ""kc_mult"": 1.2, ""min_sqz_bars"": 4}, ""r&s"": {""srb_left"": 10, ""srb_right"": 10}, ""atr"": {""atr_length"": 14, ""atr_mult"": 1.0}}",HELMERICH & PAYNE,1D,,一直亮红,32.35-35.01-30.23-32.4-40.85,高-低-高-高,8.22%-13.65%-7.17%-26.09%,17.0,17.92
2026-09-21 00:00:00,Long,RGCO,,21.32,-0.23%,20.58,mfa,参数一,"{""mfa"": {""mfa_all"": 6}}",RGC RESOURCES INC,1D,,,,,,,
2026-09-21 00:00:00,Long,RGCO,,21.32,-0.23%,20.58,mfa,参数二,"{""mfa"": {""mfa_all"": 6}}",RGC RESOURCES INC,1D,,,,,,,
2026-09-21 00:00:00,Long,KRMN,,35.21,-1.51%,32.21,mfa,参数一,"{""mfa"": {""mfa_all"": 15}}",KARMAN HOLDINGS INC,1D,,,,,,,
2026-09-21 00:00:00,Long,KRMN,,35.21,-1.51%,32.21,mfa,参数二,"{""mfa"": {""mfa_all"": 15}}",KARMAN HOLDINGS INC,1D,,,,,,,
2026-09-21 00:00:00,Long,HEI,-6.0,303.03,1.61%,289.86,suf,参数一,"{""suf"": {""timeframe"": ""d""}}",HEICO CORP,1D,200.0,,,,,,
2026-09-21 00:00:00,Long,HEI,-6.0,303.03,1.61%,289.86,suf,参数二,"{""suf"": {""timeframe"": ""d""}}",HEICO CORP,1D,200.0,,,,,,
2026-09-21 00:00:00,Short,GTE,,9.91,-3.79%,10.65,utb,参数一,"{""utb"": {""key_value"": 2, ""atr_period"": 14, ""use_ha"": false}, ""r&s"": {""srb_left"": 10, ""srb_right"": 10}, ""atr"": {""atr_length"": 14, ""atr_mult"": 1.0}}",GRAN TIERRA ENERGY INC,1D,,,,,,,
2026-09-21 00:00:00,Long,PWP,-24.76,13.45,3.78%,11.89,suf,参数一,"{""suf"": {""timeframe"": ""d""}}",PERELLA WEINBERG PARTNERS,1D,200.0,,,,,,
2026-09-21 00:00:00,Long,PWP,-24.76,13.45,3.78%,11.89,suf,参数二,"{""suf"": {""timeframe"": ""d""}}",PERELLA WEINBERG PARTNERS,1D,200.0,,,,,,
2026-09-21 00:00:00,Long,EVOX,,10.13,0.20%,10.12,sqz,参数二,"{""sqz"": {""bb_length"": 20, ""bb_mult"": 1.8, ""kc_length"": 20, ""kc_mult"": 1.5, ""min_sqz_bars"": 4}, ""r&s"": {""srb_left"": 15, ""srb_right"": 15}, ""atr"": {""atr_length"": 14, ""atr_mult"": 1.0}}",EVOLUTION GLOBAL ACQUIS-CL A,1D,,一直释放,10.09-10.03-10.02-10.08,低-低-高,0.59%-0.15%-0.65%,61.0,0.7
2026-09-21 00:00:00,Long,MNTS,,4.48,7.18%,3.92,mfa,参数一,"{""mfa"": {""mfa_all"": 6}}",MOMENTUS INC,1D,,,,,,,
2026-09-21 00:00:00,Long,MNTS,,4.48,7.18%,3.92,mfa,参数二,"{""mfa"": {""mfa_all"": 6}}",MOMENTUS INC,1D,,,,,,,
2026-09-21 00:00:00,Long,CNTX,,0.38,1.90%,0.33,mfa,参数一,"{""mfa"": {""mfa_all"": 32}}",CONTEXT THERAPEUTICS INC,1D,,,,,,,
2026-09-21 00:00:00,Long,CNTX,,0.38,1.90%,0.33,mfa,参数二,"{""mfa"": {""mfa_all"": 32}}",CONTEXT THERAPEUTICS INC,1D,,,,,,,
2026-09-21 00:00:00,Long,BYND,,11.92,3.56%,10.4,utb,参数一,"{""utb"": {""key_value"": 2, ""atr_period"": 14, ""use_ha"": false}, ""r&s"": {""srb_left"": 10, ""srb_right"": 10}, ""atr"": {""atr_length"": 14, ""atr_mult"": 1.0}}",BEYOND MEAT INC,1D,,,,,,,
2026-09-21 00:00:00,Long,BYND,,11.92,3.56%,10.4,mfa,参数一,"{""mfa"": {""mfa_all"": 8}}",BEYOND MEAT INC,1D,,,,,,,
2026-09-21 00:00:00,Long,BYND,,11.92,3.56%,10.4,mfa,参数二,"{""mfa"": {""mfa_all"": 8}}",BEYOND MEAT INC,1D,,,,,,,
2026-09-21 00:00:00,Long,GENI,-16.38,5.76,2.13%,5.04,suf,参数一,"{""suf"": {""timeframe"": ""d""}}",GENIUS SPORTS LTD,1D,200.0,,,,,,
2026-09-21 00:00:00,Long,GENI,-16.38,5.76,2.13%,5.04,suf,参数二,"{""suf"": {""timeframe"": ""d""}}",GENIUS SPORTS LTD,1D,200.0,,,,,,
2026-09-21 00:00:00,Short,PR,,21.97,-3.47%,23.31,utb,参数二,"{""utb"": {""key_value"": 3, ""atr_period"": 14, ""use_ha"": false}, ""r&s"": {""srb_left"": 15, ""srb_right"": 15}, ""atr"": {""atr_length"": 14, ""atr_mult"": 1.0}}",PERMIAN RESOURCES CORP-CL A,1D,,,,,,,
2026-09-21 00:00:00,Short,OPAD,,3.41,-4.21%,4.01,sqz,参数二,"{""sqz"": {""bb_length"": 20, ""bb_mult"": 1.8, ""kc_length"": 20, ""kc_mult"": 1.5, ""min_sqz_bars"": 4}, ""r&s"": {""srb_left"": 15, ""srb_right"": 15}, ""atr"": {""atr_length"": 14, ""atr_mult"": 1.0}}",OFFERPAD SOLUTIONS INC-A,1D,,一直亮红,nan-1.18-0.57-0.58-3.49,低-低-高-高,nan%-51.69%-1.23%-504.85%,33.0,46.13
2026-09-21 00:00:00,Long,SBC,,5.14,8.21%,4.57,sqz,参数二,"{""sqz"": {""bb_length"": 20, ""bb_mult"": 1.8, ""kc_length"": 20, ""kc_mult"": 1.5, ""min_sqz_bars"": 4}, ""r&s"": {""srb_left"": 15, ""srb_right"": 15}, ""atr"": {""atr_length"": 14, ""atr_mult"": 1.0}}",SBC MEDICAL GROUP HOLDINGS I,1D,,一直释放,nan-4.97-4.73-3.55-3.34,低-低-低-低,nan%-4.83%-24.95%-5.92%,59.0,18.44
2026-09-21 00:00:00,Long,TDG,-11.75,1109.65,2.17%,1061.03,suf,参数一,"{""suf"": {""timeframe"": ""d""}}",TRANSDIGM GROUP INC,1D,200.0,,,,,,
2026-09-21 00:00:00,Long,TDG,-11.75,1109.65,2.17%,1061.03,suf,参数二,"{""suf"": {""timeframe"": ""d""}}",TRANSDIGM GROUP INC,1D,200.0,,,,,,
2026-09-21 00:00:00,Long,OKUR,-16.84,3.06,3.73%,2.67,suf,参数一,"{""suf"": {""timeframe"": ""d""}}",ONKURE THERAPEUTICS INC-A,1D,200.0,,,,,,
2026-09-21 00:00:00,Long,OKUR,-16.84,3.06,3.73%,2.67,suf,参数二,"{""suf"": {""timeframe"": ""d""}}",ONKURE THERAPEUTICS INC-A,1D,200.0,,,,,,
2026-09-21 00:00:00,Short,ETS,197.66,2.14,-17.69%,3.0,suf,参数一,"{""suf"": {""timeframe"": ""d""}}",ELITE EXPRESS HOLDING INC,1D,200.0,,,,,,
2026-09-21 00:00:00,Short,ETS,197.66,2.14,-17.69%,3.0,suf,参数二,"{""suf"": {""timeframe"": ""d""}}",ELITE EXPRESS HOLDING INC,1D,200.0,,,,,,
2026-09-21 00:00:00,Long,MARA,,13.28,0.30%,12.23,sqz,参数二,"{""sqz"": {""bb_length"": 20, ""bb_mult"": 1.8, ""kc_length"": 20, ""kc_mult"": 1.5, ""min_sqz_bars"": 4}, ""r&s"": {""srb_left"": 15, ""srb_right"": 15}, ""atr"": {""atr_length"": 14, ""atr_mult"": 1.0}}",MARA HOLDINGS INC,1D,,压力释放,nan-11.57-10.03-16.43-12.47,低-低-高-低,nan%-13.31%-63.81%-24.10%,20.0,24.82
2026-09-21 00:00:00,Long,SPRY,-48.08,4.35,5.84%,3.75,suf,参数一,"{""suf"": {""timeframe"": ""d""}}",ARS PHARMACEUTICALS INC,1D,200.0,,,,,,
2026-09-21 00:00:00,Long,SPRY,-48.08,4.35,5.84%,3.75,suf,参数二,"{""suf"": {""timeframe"": ""d""}}",ARS PHARMACEUTICALS INC,1D,200.0,,,,,,
2026-09-21 00:00:00,Long,OPRT,,8.32,1.96%,7.79,sqz,参数一,"{""sqz"": {""bb_length"": 15, ""bb_mult"": 1.5, ""kc_length"": 15, ""kc_mult"": 1.2, ""min_sqz_bars"": 4}, ""r&s"": {""srb_left"": 10, ""srb_right"": 10}, ""atr"": {""atr_length"": 14, ""atr_mult"": 1.0}}",OPORTUN FINANCIAL CORP,1D,,一直亮绿,5.82-6.29-6.14-6.46-8.3,高-低-高-高,8.08%-2.31%-5.13%-28.48%,31.0,23.15
2026-09-21 00:00:00,Long,COLA,,11.25,5.14%,10.06,sqz,参数一,"{""sqz"": {""bb_length"": 15, ""bb_mult"": 1.5, ""kc_length"": 15, ""kc_mult"": 1.2, ""min_sqz_bars"": 4}, ""r&s"": {""srb_left"": 10, ""srb_right"": 10}, ""atr"": {""atr_length"": 14, ""atr_mult"": 1.0}}",COLUMBUS ACQUISITION CORP,1D,,一直亮绿,10.88-10.54-10.56-11.15-10.75,低-高-高-低,3.08%-0.19%-5.59%-3.60%,20.0,34.03
2026-09-21 00:00:00,Long,COLA,,11.25,5.14%,10.06,sqz,参数二,"{""sqz"": {""bb_length"": 20, ""bb_mult"": 1.8, ""kc_length"": 20, ""kc_mult"": 1.5, ""min_sqz_bars"": 4}, ""r&s"": {""srb_left"": 15, ""srb_right"": 15}, ""atr"": {""atr_length"": 14, ""atr_mult"": 1.0}}",COLUMBUS ACQUISITION CORP,1D,,一直亮绿,nan-10.88-10.56-11.15,低-低-高,nan%-2.90%-5.59%,86.0,39.03
2026-09-21 00:00:00,Short,RSI,,21.57,-7.42%,24.46,sqz,参数一,"{""sqz"": {""bb_length"": 15, ""bb_mult"": 1.5, ""kc_length"": 15, ""kc_mult"": 1.2, ""min_sqz_bars"": 4}, ""r&s"": {""srb_left"": 10, ""srb_right"": 10}, ""atr"": {""atr_length"": 14, ""atr_mult"": 1.0}}",RUSH STREET INTERACTIVE INC,1D,,支撑释放,nan-15.51-24.66-24.18,低-高-低,nan%-58.99%-1.95%,27.0,13.9
2026-09-21 00:00:00,Short,RSI,,21.57,-7.42%,24.46,sqz,参数二,"{""sqz"": {""bb_length"": 20, ""bb_mult"": 1.8, ""kc_length"": 20, ""kc_mult"": 1.5, ""min_sqz_bars"": 4}, ""r&s"": {""srb_left"": 15, ""srb_right"": 15}, ""atr"": {""atr_length"": 14, ""atr_mult"": 1.0}}",RUSH STREET INTERACTIVE INC,1D,,支撑释放,nan-15.51-24.66-24.18,低-高-低,nan%-58.99%-1.95%,27.0,13.9
2026-09-21 00:00:00,Long,HVII,,10.88,8.80%,8.39,sqz,参数二,"{""sqz"": {""bb_length"": 20, ""bb_mult"": 1.8, ""kc_length"": 20, ""kc_mult"": 1.5, ""min_sqz_bars"": 4}, ""r&s"": {""srb_left"": 15, ""srb_right"": 15}, ""atr"": {""atr_length"": 14, ""atr_mult"": 1.0}}",HENNESSY CAPITAL INVESTMENT,1D,,一直亮绿,nan-10.58-10.47-10.54,低-低-高,nan%-1.04%-0.65%,26.0,68.61
2026-09-21 00:00:00,Long,BELFA,,197.66,-0.59%,187.53,mfa,参数一,"{""mfa"": {""mfa_all"": 12}}",BEL FUSE INC-CL A,1D,,,,,,,
2026-09-21 00:00:00,Long,BELFA,,197.66,-0.59%,187.53,mfa,参数二,"{""mfa"": {""mfa_all"": 12}}",BEL FUSE INC-CL A,1D,,,,,,,
2026-09-21 00:00:00,Long,NSLR,,7.98,1.14%,7.42,mfa,参数一,"{""mfa"": {""mfa_all"": 6}}",NEOSTELLAR CAPITAL CORP,1D,,,,,,,
2026-09-21 00:00:00,Long,NSLR,,7.98,1.14%,7.42,mfa,参数二,"{""mfa"": {""mfa_all"": 6}}",NEOSTELLAR CAPITAL CORP,1D,,,,,,,
2026-09-21 00:00:00,Long,SHLS,,7.84,3.09%,6.91,utb,参数一,"{""utb"": {""key_value"": 2, ""atr_period"": 14, ""use_ha"": false}, ""r&s"": {""srb_left"": 10, ""srb_right"": 10}, ""atr"": {""atr_length"": 14, ""atr_mult"": 1.0}}",SHOALS TECHNOLOGIES GROUP -A,1D,,,,,,,
2026-09-21 00:00:00,Short,CFG,,67.36,0.48%,69.25,sqz,参数一,"{""sqz"": {""bb_length"": 15, ""bb_mult"": 1.5, ""kc_length"": 15, ""kc_mult"": 1.2, ""min_sqz_bars"": 4}, ""r&s"": {""srb_left"": 10, ""srb_right"": 10}, ""atr"": {""atr_length"": 14, ""atr_mult"": 1.0}}",CITIZENS FINANCIAL GROUP,1D,,支撑释放,nan-54.74-59.36-70.04,低-高-高,nan%-8.44%-17.99%,36.0,7.55
2026-09-21 00:00:00,Long,BIOA,-52.15,8.09,0.37%,7.04,suf,参数一,"{""suf"": {""timeframe"": ""d""}}",BIOAGE LABS INC,1D,200.0,,,,,,
2026-09-21 00:00:00,Long,BIOA,-52.15,8.09,0.37%,7.04,suf,参数二,"{""suf"": {""timeframe"": ""d""}}",BIOAGE LABS INC,1D,200.0,,,,,,
2026-09-21 00:00:00,Short,HSHP,46.85,18.86,-1.92%,20.2,suf,参数一,"{""suf"": {""timeframe"": ""d""}}",HIMALAYA SHIPPING LTD,1D,200.0,,,,,,
2026-09-21 00:00:00,Short,HSHP,46.85,18.86,-1.92%,20.2,suf,参数二,"{""suf"": {""timeframe"": ""d""}}",HIMALAYA SHIPPING LTD,1D,200.0,,,,,,
2026-09-21 00:00:00,Short,GPAT,1.13,10.97,-1.61%,11.14,suf,参数一,"{""suf"": {""timeframe"": ""d""}}",GP-ACT III ACQUISITION-A,1D,200.0,,,,,,
2026-09-21 00:00:00,Short,GPAT,1.13,10.97,-1.61%,11.14,suf,参数二,"{""suf"": {""timeframe"": ""d""}}",GP-ACT III ACQUISITION-A,1D,200.0,,,,,,
2026-09-21 00:00:00,Short,DH,,0.9,-6.25%,1.04,utb,参数一,"{""utb"": {""key_value"": 2, ""atr_period"": 14, ""use_ha"": false}, ""r&s"": {""srb_left"": 10, ""srb_right"": 10}, ""atr"": {""atr_length"": 14, ""atr_mult"": 1.0}}",DEFINITIVE HEALTHCARE CORP,1D,,,,,,,
2026-09-21 00:00:00,Long,DAL,,82.5,3.62%,77.55,utb,参数一,"{""utb"": {""key_value"": 2, ""atr_period"": 14, ""use_ha"": false}, ""r&s"": {""srb_left"": 10, ""srb_right"": 10}, ""atr"": {""atr_length"": 14, ""atr_mult"": 1.0}}",DELTA AIR LINES INC,1D,,,,,,,
2026-09-21 00:00:00,Short,BCDA,,1.08,-7.69%,1.29,utb,参数一,"{""utb"": {""key_value"": 2, ""atr_period"": 14, ""use_ha"": false}, ""r&s"": {""srb_left"": 10, ""srb_right"": 10}, ""atr"": {""atr_length"": 14, ""atr_mult"": 1.0}}",BIOCARDIA INC,1D,,,,,,,
2026-09-21 00:00:00,Long,TREE,-36.38,26.96,5.27%,24.36,suf,参数一,"{""suf"": {""timeframe"": ""d""}}",LENDINGTREE INC,1D,200.0,,,,,,
2026-09-21 00:00:00,Long,TREE,-36.38,26.96,5.27%,24.36,suf,参数二,"{""suf"": {""timeframe"": ""d""}}",LENDINGTREE INC,1D,200.0,,,,,,
2026-09-21 00:00:00,Long,LESL,-81.79,0.43,4.34%,0.25,suf,参数一,"{""suf"": {""timeframe"": ""d""}}",LESLIE'S INC,1D,200.0,,,,,,
2026-09-21 00:00:00,Long,LESL,-81.79,0.43,4.34%,0.25,suf,参数二,"{""suf"": {""timeframe"": ""d""}}",LESLIE'S INC,1D,200.0,,,,,,
2026-09-21 00:00:00,Long,GSIT,,5.57,4.70%,5.0,utb,参数一,"{""utb"": {""key_value"": 2, ""atr_period"": 14, ""use_ha"": false}, ""r&s"": {""srb_left"": 10, ""srb_right"": 10}, ""atr"": {""atr_length"": 14, ""atr_mult"": 1.0}}",GSI TECHNOLOGY INC,1D,,,,,,,
2026-09-21 00:00:00,Short,FGL,,4.07,-11.52%,9.39,sqz,参数一,"{""sqz"": {""bb_length"": 15, ""bb_mult"": 1.5, ""kc_length"": 15, ""kc_mult"": 1.2, ""min_sqz_bars"": 4}, ""r&s"": {""srb_left"": 10, ""srb_right"": 10}, ""atr"": {""atr_length"": 14, ""atr_mult"": 1.0}}",FOUNDER GROUP LTD-A,1D,,一直释放,1300.0-700.0-144.0-156.0-80.0,低-低-高-低,46.15%-79.43%-8.33%-48.72%,45.0,63.75
2026-09-21 00:00:00,Short,CRGO,,1.06,-5.36%,1.22,sqz,参数一,"{""sqz"": {""bb_length"": 15, ""bb_mult"": 1.5, ""kc_length"": 15, ""kc_mult"": 1.2, ""min_sqz_bars"": 4}, ""r&s"": {""srb_left"": 10, ""srb_right"": 10}, ""atr"": {""atr_length"": 14, ""atr_mult"": 1.0}}",FREIGHTOS LTD,1D,,一直释放,2.0-1.94-1.17-1.86-1.14,低-低-高-低,3.00%-39.69%-58.97%-38.71%,35.0,62.28
2026-09-21 00:00:00,Short,CP,,86.81,-0.77%,89.68,sqz,参数二,"{""sqz"": {""bb_length"": 20, ""bb_mult"": 1.8, ""kc_length"": 20, ""kc_mult"": 1.5, ""min_sqz_bars"": 4}, ""r&s"": {""srb_left"": 15, ""srb_right"": 15}, ""atr"": {""atr_length"": 14, ""atr_mult"": 1.0}}",CANADIAN PACIFIC KANSAS CITY,1D,,一直亮红,nan-69.71-76.13-84.27-87.2,低-高-高-高,nan%-9.21%-10.68%-3.48%,36.0,11.12
2026-09-21 00:00:00,Long,ZCMD,-99.47,0.79,3.80%,0.53,suf,参数一,"{""suf"": {""timeframe"": ""d""}}",ZHONGCHAO INC-CLASS A,1D,200.0,,,,,,
2026-09-21 00:00:00,Long,ZCMD,-99.47,0.79,3.80%,0.53,suf,参数二,"{""suf"": {""timeframe"": ""d""}}",ZHONGCHAO INC-CLASS A,1D,200.0,,,,,,
2026-09-21 00:00:00,Long,BATRK,,52.22,3.26%,49.75,utb,参数一,"{""utb"": {""key_value"": 2, ""atr_period"": 14, ""use_ha"": false}, ""r&s"": {""srb_left"": 10, ""srb_right"": 10}, ""atr"": {""atr_length"": 14, ""atr_mult"": 1.0}}",ATLANTA BRAVES HOLDINGS IN-C,1D,,,,,,,
2026-09-21 00:00:00,Short,SFL,30.12,13.49,-1.03%,14.1,suf,参数一,"{""suf"": {""timeframe"": ""d""}}",SFL CORP LTD,1D,200.0,,,,,,
2026-09-21 00:00:00,Short,SFL,30.12,13.49,-1.03%,14.1,suf,参数二,"{""suf"": {""timeframe"": ""d""}}",SFL CORP LTD,1D,200.0,,,,,,
2026-09-21 00:00:00,Long,NYAX,,44.17,2.08%,41.23,mfa,参数一,"{""mfa"": {""mfa_all"": 7}}",NAYAX LTD,1D,,,,,,,
2026-09-21 00:00:00,Long,NYAX,,44.17,2.08%,41.23,mfa,参数二,"{""mfa"": {""mfa_all"": 7}}",NAYAX LTD,1D,,,,,,,
2026-09-21 00:00:00,Short,RSG,,213.93,-1.90%,220.84,utb,参数二,"{""utb"": {""key_value"": 3, ""atr_period"": 14, ""use_ha"": false}, ""r&s"": {""srb_left"": 15, ""srb_right"": 15}, ""atr"": {""atr_length"": 14, ""atr_mult"": 1.0}}",REPUBLIC SERVICES INC,1D,,,,,,,
2026-09-21 00:00:00,Short,ABX,,8.05,-8.21%,9.58,sqz,参数一,"{""sqz"": {""bb_length"": 15, ""bb_mult"": 1.5, ""kc_length"": 15, ""kc_mult"": 1.2, ""min_sqz_bars"": 4}, ""r&s"": {""srb_left"": 10, ""srb_right"": 10}, ""atr"": {""atr_length"": 14, ""atr_mult"": 1.0}}",ABACUS GLOBAL MANAGEMENT INC,1D,,支撑释放,7.32-8.18-8.22-9.98-8.43,高-高-高-低,11.75%-0.49%-21.47%-15.57%,26.0,18.27
2026-09-21 00:00:00,Short,ABX,,8.05,-8.21%,9.58,sqz,参数二,"{""sqz"": {""bb_length"": 20, ""bb_mult"": 1.8, ""kc_length"": 20, ""kc_mult"": 1.5, ""min_sqz_bars"": 4}, ""r&s"": {""srb_left"": 15, ""srb_right"": 15}, ""atr"": {""atr_length"": 14, ""atr_mult"": 1.0}}",ABACUS GLOBAL MANAGEMENT INC,1D,,支撑释放,7.18-7.32-8.18-8.22-8.43,高-高-高-高,2.02%-11.75%-0.49%-2.55%,26.0,18.27
2026-09-21 00:00:00,Long,SIGI,2.07,87.78,1.25%,84.67,suf,参数一,"{""suf"": {""timeframe"": ""d""}}",SELECTIVE INSURANCE GROUP,1D,200.0,,,,,,
2026-09-21 00:00:00,Long,SIGI,2.07,87.78,1.25%,84.67,suf,参数二,"{""suf"": {""timeframe"": ""d""}}",SELECTIVE INSURANCE GROUP,1D,200.0,,,,,,
2026-09-21 00:00:00,Short,PTEN,,11.42,-3.06%,12.17,utb,参数二,"{""utb"": {""key_value"": 3, ""atr_period"": 14, ""use_ha"": false}, ""r&s"": {""srb_left"": 15, ""srb_right"": 15}, ""atr"": {""atr_length"": 14, ""atr_mult"": 1.0}}",PATTERSON-UTI ENERGY INC,1D,,,,,,,
2026-09-21 00:00:00,Long,AMBQ,,71.09,8.60%,61.51,utb,参数二,"{""utb"": {""key_value"": 3, ""atr_period"": 14, ""use_ha"": false}, ""r&s"": {""srb_left"": 15, ""srb_right"": 15}, ""atr"": {""atr_length"": 14, ""atr_mult"": 1.0}}",AMBIQ MICRO INC,1D,,,,,,,
2026-09-21 00:00:00,Long,MRCY,,85.65,0.43%,80.91,mfa,参数一,"{""mfa"": {""mfa_all"": 20}}",MERCURY SYSTEMS INC,1D,,,,,,,
2026-09-21 00:00:00,Long,MRCY,,85.65,0.43%,80.91,mfa,参数二,"{""mfa"": {""mfa_all"": 20}}",MERCURY SYSTEMS INC,1D,,,,,,,
2026-09-21 00:00:00,Long,GBX,-14.02,41.96,0.33%,40.52,suf,参数一,"{""suf"": {""timeframe"": ""d""}}",GREENBRIER COMPANIES INC,1D,200.0,,,,,,
2026-09-21 00:00:00,Long,GBX,-14.02,41.96,0.33%,40.52,suf,参数二,"{""suf"": {""timeframe"": ""d""}}",GREENBRIER COMPANIES INC,1D,200.0,,,,,,
2026-09-21 00:00:00,Short,ONIT,,31.71,-0.25%,33.91,sqz,参数一,"{""sqz"": {""bb_length"": 15, ""bb_mult"": 1.5, ""kc_length"": 15, ""kc_mult"": 1.2, ""min_sqz_bars"": 4}, ""r&s"": {""srb_left"": 10, ""srb_right"": 10}, ""atr"": {""atr_length"": 14, ""atr_mult"": 1.0}}",ONITY GROUP INC,1D,,支撑释放,36.89-33.22-33.86-33.0,低-高-低,9.95%-1.93%-2.54%,13.0,7.68
2026-09-21 00:00:00,Short,ONIT,,31.71,-0.25%,33.91,sqz,参数二,"{""sqz"": {""bb_length"": 20, ""bb_mult"": 1.8, ""kc_length"": 20, ""kc_mult"": 1.5, ""min_sqz_bars"": 4}, ""r&s"": {""srb_left"": 15, ""srb_right"": 15}, ""atr"": {""atr_length"": 14, ""atr_mult"": 1.0}}",ONITY GROUP INC,1D,,支撑释放,42.0-40.01-36.89-33.22-33.0,低-低-低-低,4.74%-7.80%-9.95%-0.66%,31.0,21.94
2026-09-21 00:00:00,Short,ASC,27.35,18.6,-2.36%,19.77,suf,参数一,"{""suf"": {""timeframe"": ""d""}}",ARDMORE SHIPPING CORP,1D,200.0,,,,,,
2026-09-21 00:00:00,Short,ASC,27.35,18.6,-2.36%,19.77,suf,参数二,"{""suf"": {""timeframe"": ""d""}}",ARDMORE SHIPPING CORP,1D,200.0,,,,,,
2026-09-21 00:00:00,Long,IHRT,-35.94,2.4,1.91%,2.15,suf,参数一,"{""suf"": {""timeframe"": ""d""}}",IHEARTMEDIA INC - CLASS A,1D,200.0,,,,,,
2026-09-21 00:00:00,Long,IHRT,-35.94,2.4,1.91%,2.15,suf,参数二,"{""suf"": {""timeframe"": ""d""}}",IHEARTMEDIA INC - CLASS A,1D,200.0,,,,,,
2026-09-21 00:00:00,Short,NOG,,23.78,-5.07%,25.7,utb,参数二,"{""utb"": {""key_value"": 3, ""atr_period"": 14, ""use_ha"": false}, ""r&s"": {""srb_left"": 15, ""srb_right"": 15}, ""atr"": {""atr_length"": 14, ""atr_mult"": 1.0}}",NORTHERN OIL AND GAS INC,1D,,,,,,,
2026-09-21 00:00:00,Long,CLFD,,30.88,2.39%,29.06,utb,参数一,"{""utb"": {""key_value"": 2, ""atr_period"": 14, ""use_ha"": false}, ""r&s"": {""srb_left"": 10, ""srb_right"": 10}, ""atr"": {""atr_length"": 14, ""atr_mult"": 1.0}}",CLEARFIELD INC,1D,,,,,,,
2026-09-21 00:00:00,Long,CLFD,,30.88,2.39%,29.06,sqz,参数一,"{""sqz"": {""bb_length"": 15, ""bb_mult"": 1.5, ""kc_length"": 15, ""kc_mult"": 1.2, ""min_sqz_bars"": 4}, ""r&s"": {""srb_left"": 10, ""srb_right"": 10}, ""atr"": {""atr_length"": 14, ""atr_mult"": 1.0}}",CLEARFIELD INC,1D,,压力释放,30.31-32.64-52.73-34.4-30.75,高-高-低-低,7.69%-61.55%-34.76%-10.61%,16.0,10.77
2026-09-21 00:00:00,Long,BLND,-34.83,1.25,5.04%,1.1,suf,参数一,"{""suf"": {""timeframe"": ""d""}}",BLEND LABS INC-A,1D,200.0,,,,,,
2026-09-21 00:00:00,Long,BLND,-34.83,1.25,5.04%,1.1,suf,参数二,"{""suf"": {""timeframe"": ""d""}}",BLEND LABS INC-A,1D,200.0,,,,,,
2026-09-21 00:00:00,Long,ELA,-25.9,12.95,3.93%,11.77,suf,参数一,"{""suf"": {""timeframe"": ""d""}}",ENVELA CORP,1D,200.0,,,,,,
2026-09-21 00:00:00,Long,ELA,-25.9,12.95,3.93%,11.77,suf,参数二,"{""suf"": {""timeframe"": ""d""}}",ENVELA CORP,1D,200.0,,,,,,
2026-09-21 00:00:00,Short,SSTI,,5.49,-1.61%,5.97,sqz,参数一,"{""sqz"": {""bb_length"": 15, ""bb_mult"": 1.5, ""kc_length"": 15, ""kc_mult"": 1.2, ""min_sqz_bars"": 4}, ""r&s"": {""srb_left"": 10, ""srb_right"": 10}, ""atr"": {""atr_length"": 14, ""atr_mult"": 1.0}}",SOUNDTHINKING INC,1D,,支撑释放,6.04-6.18-6.13-7.3-5.52,高-低-高-低,2.32%-0.81%-19.00%-24.33%,23.0,21.74
2026-09-21 00:00:00,Long,JBS,-12.5,12.03,0.59%,11.51,suf,参数一,"{""suf"": {""timeframe"": ""d""}}",JBS NV-A,1D,200.0,,,,,,
2026-09-21 00:00:00,Long,JBS,-12.5,12.03,0.59%,11.51,suf,参数二,"{""suf"": {""timeframe"": ""d""}}",JBS NV-A,1D,200.0,,,,,,
2026-09-21 00:00:00,Long,RSVR,,9.58,2.24%,8.88,utb,参数一,"{""utb"": {""key_value"": 2, ""atr_period"": 14, ""use_ha"": false}, ""r&s"": {""srb_left"": 10, ""srb_right"": 10}, ""atr"": {""atr_length"": 14, ""atr_mult"": 1.0}}",RESERVOIR MEDIA INC,1D,,,,,,,
2026-09-21 00:00:00,Long,HLNE,-14.65,88.34,1.38%,83.44,suf,参数一,"{""suf"": {""timeframe"": ""d""}}",HAMILTON LANE INC-CLASS A,1D,200.0,,,,,,
2026-09-21 00:00:00,Long,HLNE,-14.65,88.34,1.38%,83.44,suf,参数二,"{""suf"": {""timeframe"": ""d""}}",HAMILTON LANE INC-CLASS A,1D,200.0,,,,,,
2026-09-21 00:00:00,Long,TER,,381.54,2.71%,349.75,utb,参数一,"{""utb"": {""key_value"": 2, ""atr_period"": 14, ""use_ha"": false}, ""r&s"": {""srb_left"": 10, ""srb_right"": 10}, ""atr"": {""atr_length"": 14, ""atr_mult"": 1.0}}",TERADYNE INC,1D,,,,,,,
2026-09-21 00:00:00,Long,BN,-13.21,37.98,1.25%,36.7,suf,参数一,"{""suf"": {""timeframe"": ""d""}}",BROOKFIELD CORP,1D,200.0,,,,,,
2026-09-21 00:00:00,Long,BN,-13.21,37.98,1.25%,36.7,suf,参数二,"{""suf"": {""timeframe"": ""d""}}",BROOKFIELD CORP,1D,200.0,,,,,,
2026-09-21 00:00:00,Long,FBK,-3.87,53.6,0.45%,52.39,suf,参数一,"{""suf"": {""timeframe"": ""d""}}",FB FINANCIAL CORP,1D,200.0,,,,,,
2026-09-21 00:00:00,Long,FBK,-3.87,53.6,0.45%,52.39,suf,参数二,"{""suf"": {""timeframe"": ""d""}}",FB FINANCIAL CORP,1D,200.0,,,,,,
2026-09-21 00:00:00,Long,CRDO,,187.27,6.47%,162.29,utb,参数一,"{""utb"": {""key_value"": 2, ""atr_period"": 14, ""use_ha"": false}, ""r&s"": {""srb_left"": 10, ""srb_right"": 10}, ""atr"": {""atr_length"": 14, ""atr_mult"": 1.0}}",CREDO TECHNOLOGY GROUP HOLDI,1D,,,,,,,
2026-09-21 00:00:00,Short,SM,,34.75,-6.00%,37.81,utb,参数二,"{""utb"": {""key_value"": 3, ""atr_period"": 14, ""use_ha"": false}, ""r&s"": {""srb_left"": 15, ""srb_right"": 15}, ""atr"": {""atr_length"": 14, ""atr_mult"": 1.0}}",SM ENERGY CO,1D,,,,,,,
2026-09-21 00:00:00,Long,CEVA,,32.25,6.54%,29.32,utb,参数一,"{""utb"": {""key_value"": 2, ""atr_period"": 14, ""use_ha"": false}, ""r&s"": {""srb_left"": 10, ""srb_right"": 10}, ""atr"": {""atr_length"": 14, ""atr_mult"": 1.0}}",CEVA INC,1D,,,,,,,
2026-09-21 00:00:00,Long,JTAI,,1.48,7.64%,1.24,mfa,参数一,"{""mfa"": {""mfa_all"": 13}}",JET.AI INC,1D,,,,,,,
2026-09-21 00:00:00,Long,JTAI,,1.48,7.64%,1.24,mfa,参数二,"{""mfa"": {""mfa_all"": 13}}",JET.AI INC,1D,,,,,,,
2026-09-21 00:00:00,Long,OPEN,-44.65,2.68,4.69%,2.44,suf,参数一,"{""suf"": {""timeframe"": ""d""}}",OPENDOOR TECHNOLOGIES INC,1D,200.0,,,,,,
2026-09-21 00:00:00,Long,OPEN,-44.65,2.68,4.69%,2.44,suf,参数二,"{""suf"": {""timeframe"": ""d""}}",OPENDOOR TECHNOLOGIES INC,1D,200.0,,,,,,
2026-09-21 00:00:00,Long,IMXI,-17.74,12.27,1.66%,11.69,suf,参数一,"{""suf"": {""timeframe"": ""d""}}",INTERNATIONAL MONEY EXPRESS,1D,200.0,,,,,,
2026-09-21 00:00:00,Long,IMXI,-17.74,12.27,1.66%,11.69,suf,参数二,"{""suf"": {""timeframe"": ""d""}}",INTERNATIONAL MONEY EXPRESS,1D,200.0,,,,,,
2026-09-21 00:00:00,Short,LPG,54.76,56.64,-2.60%,60.13,suf,参数一,"{""suf"": {""timeframe"": ""d""}}",DORIAN LPG LTD,1D,200.0,,,,,,
2026-09-21 00:00:00,Short,LPG,54.76,56.64,-2.60%,60.13,suf,参数二,"{""suf"": {""timeframe"": ""d""}}",DORIAN LPG LTD,1D,200.0,,,,,,
2026-09-21 00:00:00,Long,LHX,,246.93,-0.15%,239.13,mfa,参数一,"{""mfa"": {""mfa_all"": 20}}",L3HARRIS TECHNOLOGIES INC,1D,,,,,,,
2026-09-21 00:00:00,Long,LHX,,246.93,-0.15%,239.13,mfa,参数二,"{""mfa"": {""mfa_all"": 20}}",L3HARRIS TECHNOLOGIES INC,1D,,,,,,,
2026-09-21 00:00:00,Long,LWAC,,10.39,0.58%,10.34,sqz,参数二,"{""sqz"": {""bb_length"": 20, ""bb_mult"": 1.8, ""kc_length"": 20, ""kc_mult"": 1.5, ""min_sqz_bars"": 4}, ""r&s"": {""srb_left"": 15, ""srb_right"": 15}, ""atr"": {""atr_length"": 14, ""atr_mult"": 1.0}}",LIGHTWAVE ACQUISITION CORP-A,1D,,一直释放,nan-10.11-10.12-10.2,低-高-高,nan%-0.10%-0.79%,110.0,0.44
2026-09-21 00:00:00,Long,BBWI,,16.91,-2.82%,15.98,mfa,参数一,"{""mfa"": {""mfa_all"": 29}}",BATH & BODY WORKS INC,1D,,,,,,,
2026-09-21 00:00:00,Long,BBWI,,16.91,-2.82%,15.98,mfa,参数二,"{""mfa"": {""mfa_all"": 29}}",BATH & BODY WORKS INC,1D,,,,,,,
2026-09-21 00:00:00,Long,IBKR,,93.21,2.78%,88.56,utb,参数一,"{""utb"": {""key_value"": 2, ""atr_period"": 14, ""use_ha"": false}, ""r&s"": {""srb_left"": 10, ""srb_right"": 10}, ""atr"": {""atr_length"": 14, ""atr_mult"": 1.0}}",INTERACTIVE BROKERS GRO-CL A,1D,,,,,,,
2026-09-21 00:00:00,Long,CHH,,99.05,2.27%,93.76,mfa,参数一,"{""mfa"": {""mfa_all"": 14}}",CHOICE HOTELS INTL INC,1D,,,,,,,
2026-09-21 00:00:00,Long,CHH,,99.05,2.27%,93.76,mfa,参数二,"{""mfa"": {""mfa_all"": 14}}",CHOICE HOTELS INTL INC,1D,,,,,,,
2026-09-21 00:00:00,Long,YETI,,42.79,1.37%,39.98,utb,参数一,"{""utb"": {""key_value"": 2, ""atr_period"": 14, ""use_ha"": false}, ""r&s"": {""srb_left"": 10, ""srb_right"": 10}, ""atr"": {""atr_length"": 14, ""atr_mult"": 1.0}}",YETI HOLDINGS INC,1D,,,,,,,
2026-09-21 00:00:00,Long,VRME,,1.38,73.58%,0.81,mfa,参数一,"{""mfa"": {""mfa_all"": 12}}",VERIFYME INC,1D,,,,,,,
2026-09-21 00:00:00,Long,VRME,,1.38,73.58%,0.81,sqz,参数二,"{""sqz"": {""bb_length"": 20, ""bb_mult"": 1.8, ""kc_length"": 20, ""kc_mult"": 1.5, ""min_sqz_bars"": 4}, ""r&s"": {""srb_left"": 15, ""srb_right"": 15}, ""atr"": {""atr_length"": 14, ""atr_mult"": 1.0}}",VERIFYME INC,1D,,一直释放,nan-1.51-0.95-0.74-0.74,低-低-低-高,nan%-37.08%-22.22%-0.15%,18.0,25.42
2026-09-21 00:00:00,Long,VRME,,1.38,73.58%,0.81,mfa,参数二,"{""mfa"": {""mfa_all"": 12}}",VERIFYME INC,1D,,,,,,,
2026-09-21 00:00:00,Long,COLL,-37.57,23.04,1.19%,21.44,suf,参数一,"{""suf"": {""timeframe"": ""d""}}",COLLEGIUM PHARMACEUTICAL INC,1D,200.0,,,,,,
2026-09-21 00:00:00,Long,COLL,-37.57,23.04,1.19%,21.44,suf,参数二,"{""suf"": {""timeframe"": ""d""}}",COLLEGIUM PHARMACEUTICAL INC,1D,200.0,,,,,,
2026-09-21 00:00:00,Short,OKYO,,1.33,-2.21%,1.52,sqz,参数一,"{""sqz"": {""bb_length"": 15, ""bb_mult"": 1.5, ""kc_length"": 15, ""kc_mult"": 1.2, ""min_sqz_bars"": 4}, ""r&s"": {""srb_left"": 10, ""srb_right"": 10}, ""atr"": {""atr_length"": 14, ""atr_mult"": 1.0}}",OKYO PHARMA LTD,1D,,一直亮红,1.44-1.52-1.55-1.42-1.34,高-高-低-低,5.56%-1.97%-8.39%-5.63%,46.0,30.6
2026-09-21 00:00:00,Short,OKYO,,1.33,-2.21%,1.52,sqz,参数二,"{""sqz"": {""bb_length"": 20, ""bb_mult"": 1.8, ""kc_length"": 20, ""kc_mult"": 1.5, ""min_sqz_bars"": 4}, ""r&s"": {""srb_left"": 15, ""srb_right"": 15}, ""atr"": {""atr_length"": 14, ""atr_mult"": 1.0}}",OKYO PHARMA LTD,1D,,一直亮红,nan-1.44-1.42-1.34,低-低-低,nan%-1.39%-5.63%,46.0,30.6
2026-09-21 00:00:00,Short,BFAM,,63.28,-3.64%,68.68,sqz,参数一,"{""sqz"": {""bb_length"": 15, ""bb_mult"": 1.5, ""kc_length"": 15, ""kc_mult"": 1.2, ""min_sqz_bars"": 4}, ""r&s"": {""srb_left"": 10, ""srb_right"": 10}, ""atr"": {""atr_length"": 14, ""atr_mult"": 1.0}}",BRIGHT HORIZONS FAMILY SOLUT,1D,,一直释放,63.68-65.0-57.63-70.73-69.97,高-低-高-低,2.07%-11.34%-22.73%-1.07%,24.0,7.85
2026-09-21 00:00:00,Long,DOCN,,146.16,12.31%,118.9,sqz,参数一,"{""sqz"": {""bb_length"": 15, ""bb_mult"": 1.5, ""kc_length"": 15, ""kc_mult"": 1.2, ""min_sqz_bars"": 4}, ""r&s"": {""srb_left"": 10, ""srb_right"": 10}, ""atr"": {""atr_length"": 14, ""atr_mult"": 1.0}}",DIGITALOCEAN HOLDINGS INC,1D,,一直亮绿,nan-70.43-187.5-138.31,低-高-低,nan%-166.22%-26.23%,24.0,35.96
2026-09-21 00:00:00,Long,DOCN,,146.16,12.31%,118.9,sqz,参数二,"{""sqz"": {""bb_length"": 20, ""bb_mult"": 1.8, ""kc_length"": 20, ""kc_mult"": 1.5, ""min_sqz_bars"": 4}, ""r&s"": {""srb_left"": 15, ""srb_right"": 15}, ""atr"": {""atr_length"": 14, ""atr_mult"": 1.0}}",DIGITALOCEAN HOLDINGS INC,1D,,一直亮绿,nan-70.43-187.5-138.31,低-高-低,nan%-166.22%-26.23%,24.0,35.96
2026-09-21 00:00:00,Short,RCKT,,3.27,-2.97%,3.62,sqz,参数一,"{""sqz"": {""bb_length"": 15, ""bb_mult"": 1.5, ""kc_length"": 15, ""kc_mult"": 1.2, ""min_sqz_bars"": 4}, ""r&s"": {""srb_left"": 10, ""srb_right"": 10}, ""atr"": {""atr_length"": 14, ""atr_mult"": 1.0}}",ROCKET PHARMACEUTICALS INC,1D,,支撑释放,3.35-3.31-2.53-3.03-3.27,低-低-高-高,1.05%-23.56%-19.76%-7.92%,23.0,22.02
2026-09-21 00:00:00,Short,NVGS,19.78,24.36,-2.56%,25.77,suf,参数一,"{""suf"": {""timeframe"": ""d""}}",NAVIGATOR HOLDINGS LTD,1D,200.0,,,,,,
2026-09-21 00:00:00,Short,NVGS,19.78,24.36,-2.56%,25.77,suf,参数二,"{""suf"": {""timeframe"": ""d""}}",NAVIGATOR HOLDINGS LTD,1D,200.0,,,,,,
2026-09-21 00:00:00,Short,GPRK,,10.78,-2.36%,11.49,utb,参数一,"{""utb"": {""key_value"": 2, ""atr_period"": 14, ""use_ha"": false}, ""r&s"": {""srb_left"": 10, ""srb_right"": 10}, ""atr"": {""atr_length"": 14, ""atr_mult"": 1.0}}",GEOPARK LTD,1D,,,,,,,
2026-09-21 00:00:00,Long,FTNT,,175.23,3.17%,160.21,sqz,参数一,"{""sqz"": {""bb_length"": 15, ""bb_mult"": 1.5, ""kc_length"": 15, ""kc_mult"": 1.2, ""min_sqz_bars"": 4}, ""r&s"": {""srb_left"": 10, ""srb_right"": 10}, ""atr"": {""atr_length"": 14, ""atr_mult"": 1.0}}",FORTINET INC,1D,,一直亮绿,86.42-150.07-170.35-172.09-173.89,高-高-高-高,73.65%-13.51%-1.02%-1.05%,16.0,14.55
2026-09-21 00:00:00,Long,FTNT,,175.23,3.17%,160.21,sqz,参数二,"{""sqz"": {""bb_length"": 20, ""bb_mult"": 1.8, ""kc_length"": 20, ""kc_mult"": 1.5, ""min_sqz_bars"": 4}, ""r&s"": {""srb_left"": 15, ""srb_right"": 15}, ""atr"": {""atr_length"": 14, ""atr_mult"": 1.0}}",FORTINET INC,1D,,一直亮绿,nan-88.6-86.42-172.09,低-低-高,nan%-2.46%-99.13%,32.0,16.08
2026-09-21 00:00:00,Long,PAX,-16.33,10.38,3.80%,9.8,suf,参数一,"{""suf"": {""timeframe"": ""d""}}",PATRIA INVESTMENTS LTD-A,1D,200.0,,,,,,
2026-09-21 00:00:00,Long,PAX,-16.33,10.38,3.80%,9.8,suf,参数二,"{""suf"": {""timeframe"": ""d""}}",PATRIA INVESTMENTS LTD-A,1D,200.0,,,,,,
2026-09-21 00:00:00,Long,OSUR,,3.69,3.65%,3.43,utb,参数二,"{""utb"": {""key_value"": 3, ""atr_period"": 14, ""use_ha"": false}, ""r&s"": {""srb_left"": 15, ""srb_right"": 15}, ""atr"": {""atr_length"": 14, ""atr_mult"": 1.0}}",ORASURE TECHNOLOGIES INC,1D,,,,,,,
2026-09-21 00:00:00,Short,MIAX,,37.84,-2.45%,41.52,sqz,参数一,"{""sqz"": {""bb_length"": 15, ""bb_mult"": 1.5, ""kc_length"": 15, ""kc_mult"": 1.2, ""min_sqz_bars"": 4}, ""r&s"": {""srb_left"": 10, ""srb_right"": 10}, ""atr"": {""atr_length"": 14, ""atr_mult"": 1.0}}",MIAMI INTERNATIONAL HOLDINGS,1D,,一直亮红,37.1-35.43-40.66-38.71,低-高-低,4.50%-14.76%-4.80%,22.0,15.64
2026-09-21 00:00:00,Long,PENG,,54.91,3.02%,50.68,utb,参数一,"{""utb"": {""key_value"": 2, ""atr_period"": 14, ""use_ha"": false}, ""r&s"": {""srb_left"": 10, ""srb_right"": 10}, ""atr"": {""atr_length"": 14, ""atr_mult"": 1.0}}",PENGUIN SOLUTIONS INC,1D,,,,,,,
2026-09-21 00:00:00,Short,CHPT,43.71,9.41,-8.82%,11.29,suf,参数一,"{""suf"": {""timeframe"": ""d""}}",CHARGEPOINT HOLDINGS INC,1D,200.0,,,,,,
2026-09-21 00:00:00,Short,CHPT,43.71,9.41,-8.82%,11.29,suf,参数二,"{""suf"": {""timeframe"": ""d""}}",CHARGEPOINT HOLDINGS INC,1D,200.0,,,,,,
2026-09-21 00:00:00,Short,CCEL,,3.53,-19.77%,4.68,utb,参数一,"{""utb"": {""key_value"": 2, ""atr_period"": 14, ""use_ha"": false}, ""r&s"": {""srb_left"": 10, ""srb_right"": 10}, ""atr"": {""atr_length"": 14, ""atr_mult"": 1.0}}",CRYO-CELL INTL INC,1D,,,,,,,
2026-09-21 00:00:00,Short,CRTO,,16.8,0.60%,17.6,sqz,参数一,"{""sqz"": {""bb_length"": 15, ""bb_mult"": 1.5, ""kc_length"": 15, ""kc_mult"": 1.2, ""min_sqz_bars"": 4}, ""r&s"": {""srb_left"": 10, ""srb_right"": 10}, ""atr"": {""atr_length"": 14, ""atr_mult"": 1.0}}",CRITEO SA-SPON,1D,,支撑释放,16.71-15.57-16.48-16.42-16.86,低-高-低-高,6.78%-5.81%-0.36%-2.68%,16.0,9.61
2026-09-21 00:00:00,Long,VFC,,13.05,2.03%,12.31,mfa,参数一,"{""mfa"": {""mfa_all"": 24}}",VF CORP,1D,,,,,,,
2026-09-21 00:00:00,Long,VFC,,13.05,2.03%,12.31,mfa,参数二,"{""mfa"": {""mfa_all"": 24}}",VF CORP,1D,,,,,,,
2026-09-21 00:00:00,Short,MBVI,,10.23,-0.20%,10.25,utb,参数一,"{""utb"": {""key_value"": 2, ""atr_period"": 14, ""use_ha"": false}, ""r&s"": {""srb_left"": 10, ""srb_right"": 10}, ""atr"": {""atr_length"": 14, ""atr_mult"": 1.0}}",M3-BRIGADE ACQUISITION-CL A,1D,,,,,,,
2026-09-21 00:00:00,Short,MBVI,1.1,10.23,-0.20%,10.25,suf,参数一,"{""suf"": {""timeframe"": ""d""}}",M3-BRIGADE ACQUISITION-CL A,1D,200.0,,,,,,
2026-09-21 00:00:00,Short,MBVI,1.1,10.23,-0.20%,10.25,suf,参数二,"{""suf"": {""timeframe"": ""d""}}",M3-BRIGADE ACQUISITION-CL A,1D,200.0,,,,,,
2026-09-21 00:00:00,Long,MDA,,31.79,5.72%,29.46,utb,参数一,"{""utb"": {""key_value"": 2, ""atr_period"": 14, ""use_ha"": false}, ""r&s"": {""srb_left"": 10, ""srb_right"": 10}, ""atr"": {""atr_length"": 14, ""atr_mult"": 1.0}}",MDA SPACE LTD,1D,,,,,,,
2026-09-21 00:00:00,Short,HY,,32.6,-2.80%,35.02,utb,参数一,"{""utb"": {""key_value"": 2, ""atr_period"": 14, ""use_ha"": false}, ""r&s"": {""srb_left"": 10, ""srb_right"": 10}, ""atr"": {""atr_length"": 14, ""atr_mult"": 1.0}}",HYSTER-YALE INC,1D,,,,,,,
2026-09-21 00:00:00,Long,VEEE,,17.24,100.93%,11.62,utb,参数一,"{""utb"": {""key_value"": 2, ""atr_period"": 14, ""use_ha"": false}, ""r&s"": {""srb_left"": 10, ""srb_right"": 10}, ""atr"": {""atr_length"": 14, ""atr_mult"": 1.0}}",TWIN VEE POWERCATS CO,1D,,,,,,,
2026-09-21 00:00:00,Long,VEEE,,17.24,100.93%,11.62,utb,参数二,"{""utb"": {""key_value"": 3, ""atr_period"": 14, ""use_ha"": false}, ""r&s"": {""srb_left"": 15, ""srb_right"": 15}, ""atr"": {""atr_length"": 14, ""atr_mult"": 1.0}}",TWIN VEE POWERCATS CO,1D,,,,,,,
2026-09-21 00:00:00,Short,HFFG,,1.51,-5.63%,1.65,utb,参数二,"{""utb"": {""key_value"": 3, ""atr_period"": 14, ""use_ha"": false}, ""r&s"": {""srb_left"": 15, ""srb_right"": 15}, ""atr"": {""atr_length"": 14, ""atr_mult"": 1.0}}",HF FOODS GROUP INC,1D,,,,,,,
2026-09-21 00:00:00,Long,TFC,,49.0,0.91%,47.61,mfa,参数一,"{""mfa"": {""mfa_all"": 17}}",TRUIST FINANCIAL CORP,1D,,,,,,,
2026-09-21 00:00:00,Long,TFC,,49.0,0.91%,47.61,mfa,参数二,"{""mfa"": {""mfa_all"": 17}}",TRUIST FINANCIAL CORP,1D,,,,,,,
2026-09-21 00:00:00,Long,ONEW,-15.72,9.57,4.70%,8.32,suf,参数一,"{""suf"": {""timeframe"": ""d""}}",ONEWATER MARINE INC-CL A,1D,200.0,,,,,,
2026-09-21 00:00:00,Long,ONEW,-15.72,9.57,4.70%,8.32,suf,参数二,"{""suf"": {""timeframe"": ""d""}}",ONEWATER MARINE INC-CL A,1D,200.0,,,,,,
2026-09-21 00:00:00,Long,KEYS,,342.03,2.10%,324.37,utb,参数一,"{""utb"": {""key_value"": 2, ""atr_period"": 14, ""use_ha"": false}, ""r&s"": {""srb_left"": 10, ""srb_right"": 10}, ""atr"": {""atr_length"": 14, ""atr_mult"": 1.0}}",KEYSIGHT TECHNOLOGIES IN,1D,,,,,,,
2026-09-21 00:00:00,Short,BVC,,12.78,-9.81%,15.55,utb,参数一,"{""utb"": {""key_value"": 2, ""atr_period"": 14, ""use_ha"": false}, ""r&s"": {""srb_left"": 10, ""srb_right"": 10}, ""atr"": {""atr_length"": 14, ""atr_mult"": 1.0}}",BITVENTURES LTD,1D,,,,,,,
2026-09-21 00:00:00,Long,LAZ,-19.76,36.48,2.04%,33.46,suf,参数一,"{""suf"": {""timeframe"": ""d""}}",LAZARD INC,1D,200.0,,,,,,
2026-09-21 00:00:00,Long,LAZ,-19.76,36.48,2.04%,33.46,suf,参数二,"{""suf"": {""timeframe"": ""d""}}",LAZARD INC,1D,200.0,,,,,,
2026-09-21 00:00:00,Long,ALLY,,39.89,-0.28%,38.88,mfa,参数一,"{""mfa"": {""mfa_all"": 15}}",ALLY FINANCIAL INC,1D,,,,,,,
2026-09-21 00:00:00,Long,ALLY,,39.89,-0.28%,38.88,mfa,参数二,"{""mfa"": {""mfa_all"": 15}}",ALLY FINANCIAL INC,1D,,,,,,,
2026-09-21 00:00:00,Long,TDTH,,1.75,2.94%,1.45,mfa,参数一,"{""mfa"": {""mfa_all"": 8}}",TRIDENT DIGITAL TECH HLDGS-B,1D,,,,,,,
2026-09-21 00:00:00,Long,TDTH,,1.75,2.94%,1.45,mfa,参数二,"{""mfa"": {""mfa_all"": 8}}",TRIDENT DIGITAL TECH HLDGS-B,1D,,,,,,,
2026-09-21 00:00:00,Short,ZKP,,10.03,-0.10%,10.04,utb,参数二,"{""utb"": {""key_value"": 3, ""atr_period"": 14, ""use_ha"": false}, ""r&s"": {""srb_left"": 15, ""srb_right"": 15}, ""atr"": {""atr_length"": 14, ""atr_mult"": 1.0}}",LAFAYETTE DIGITAL ACQUISITIO,1D,,,,,,,
2026-09-21 00:00:00,Short,NPB,,16.16,-1.76%,16.98,sqz,参数一,"{""sqz"": {""bb_length"": 15, ""bb_mult"": 1.5, ""kc_length"": 15, ""kc_mult"": 1.2, ""min_sqz_bars"": 4}, ""r&s"": {""srb_left"": 10, ""srb_right"": 10}, ""atr"": {""atr_length"": 14, ""atr_mult"": 1.0}}",NORTHPOINTE BANCSHARES INC,1D,,支撑释放,16.26-16.84-16.7-16.75-16.8,高-低-高-高,3.57%-0.83%-0.31%-0.30%,29.0,4.94
2026-09-21 00:00:00,Long,STKE,,1.54,28.33%,1.14,sqz,参数一,"{""sqz"": {""bb_length"": 15, ""bb_mult"": 1.5, ""kc_length"": 15, ""kc_mult"": 1.2, ""min_sqz_bars"": 4}, ""r&s"": {""srb_left"": 10, ""srb_right"": 10}, ""atr"": {""atr_length"": 14, ""atr_mult"": 1.0}}",SOL STRATEGIES INC,1D,,压力释放,2.8-1.84-2.47-1.87-1.38,低-高-低-低,34.29%-34.24%-24.29%-26.20%,20.0,33.98
2026-09-21 00:00:00,Short,DSX,26.76,2.97,-4.50%,3.24,suf,参数一,"{""suf"": {""timeframe"": ""d""}}",DIANA SHIPPING INC,1D,200.0,,,,,,
2026-09-21 00:00:00,Short,DSX,26.76,2.97,-4.50%,3.24,suf,参数二,"{""suf"": {""timeframe"": ""d""}}",DIANA SHIPPING INC,1D,200.0,,,,,,
2026-09-21 00:00:00,Long,SILC,,48.73,5.96%,42.56,utb,参数一,"{""utb"": {""key_value"": 2, ""atr_period"": 14, ""use_ha"": false}, ""r&s"": {""srb_left"": 10, ""srb_right"": 10}, ""atr"": {""atr_length"": 14, ""atr_mult"": 1.0}}",SILICOM LTD,1D,,,,,,,
2026-09-21 00:00:00,Long,BKSY,,23.17,6.92%,20.67,mfa,参数一,"{""mfa"": {""mfa_all"": 12}}",BLACKSKY TECHNOLOGY INC,1D,,,,,,,
2026-09-21 00:00:00,Long,BKSY,,23.17,6.92%,20.67,mfa,参数二,"{""mfa"": {""mfa_all"": 12}}",BLACKSKY TECHNOLOGY INC,1D,,,,,,,
2026-09-21 00:00:00,Long,EVTL,,0.63,-0.47%,0.53,mfa,参数一,"{""mfa"": {""mfa_all"": 74}}",VERTICAL AEROSPACE LTD,1D,,,,,,,
2026-09-21 00:00:00,Long,EVTL,,0.63,-0.47%,0.53,mfa,参数二,"{""mfa"": {""mfa_all"": 74}}",VERTICAL AEROSPACE LTD,1D,,,,,,,
2026-09-21 00:00:00,Short,INDP,38.18,3.09,-12.96%,3.96,suf,参数一,"{""suf"": {""timeframe"": ""d""}}",INDAPTUS THERAPEUTICS INC,1D,200.0,,,,,,
2026-09-21 00:00:00,Short,INDP,38.18,3.09,-12.96%,3.96,suf,参数二,"{""suf"": {""timeframe"": ""d""}}",INDAPTUS THERAPEUTICS INC,1D,200.0,,,,,,
2026-09-21 00:00:00,Short,EDHL,22.35,5.18,-4.07%,6.26,suf,参数一,"{""suf"": {""timeframe"": ""d""}}",EVERBRIGHT DIGITAL HOLDING L,1D,200.0,,,,,,
2026-09-21 00:00:00,Short,EDHL,22.35,5.18,-4.07%,6.26,suf,参数二,"{""suf"": {""timeframe"": ""d""}}",EVERBRIGHT DIGITAL HOLDING L,1D,200.0,,,,,,
2026-09-21 00:00:00,Short,MGRT,96.13,117.61,-3.58%,125.45,suf,参数一,"{""suf"": {""timeframe"": ""d""}}",MEGA FORTUNE CO LTD,1D,200.0,,,,,,
2026-09-21 00:00:00,Short,MGRT,96.13,117.61,-3.58%,125.45,suf,参数二,"{""suf"": {""timeframe"": ""d""}}",MEGA FORTUNE CO LTD,1D,200.0,,,,,,
2026-09-21 00:00:00,Long,INOD,,61.05,6.84%,54.17,utb,参数一,"{""utb"": {""key_value"": 2, ""atr_period"": 14, ""use_ha"": false}, ""r&s"": {""srb_left"": 10, ""srb_right"": 10}, ""atr"": {""atr_length"": 14, ""atr_mult"": 1.0}}",INNODATA INC,1D,,,,,,,
2026-09-21 00:00:00,Long,INOD,,61.05,6.84%,54.17,mfa,参数一,"{""mfa"": {""mfa_all"": 14}}",INNODATA INC,1D,,,,,,,
2026-09-21 00:00:00,Long,INOD,,61.05,6.84%,54.17,mfa,参数二,"{""mfa"": {""mfa_all"": 14}}",INNODATA INC,1D,,,,,,,
2026-09-21 00:00:00,Long,SLQT,-48.7,0.48,2.36%,0.41,suf,参数一,"{""suf"": {""timeframe"": ""d""}}",SELECTQUOTE INC,1D,200.0,,,,,,
2026-09-21 00:00:00,Long,SLQT,-48.7,0.48,2.36%,0.41,suf,参数二,"{""suf"": {""timeframe"": ""d""}}",SELECTQUOTE INC,1D,200.0,,,,,,
2026-09-21 00:00:00,Long,PSQL,,7.31,-4.32%,5.83,mfa,参数一,"{""mfa"": {""mfa_all"": 53}}",PASQAL HOLDING SA,1D,,,,,,,
2026-09-21 00:00:00,Long,PSQL,,7.31,-4.32%,5.83,mfa,参数二,"{""mfa"": {""mfa_all"": 53}}",PASQAL HOLDING SA,1D,,,,,,,
2026-09-21 00:00:00,Long,SPB,,85.22,-1.10%,82.97,mfa,参数一,"{""mfa"": {""mfa_all"": 8}}",SPECTRUM BRANDS HOLDINGS INC,1D,,,,,,,
2026-09-21 00:00:00,Long,SPB,,85.22,-1.10%,82.97,mfa,参数二,"{""mfa"": {""mfa_all"": 8}}",SPECTRUM BRANDS HOLDINGS INC,1D,,,,,,,
2026-09-21 00:00:00,Long,BIRK,,31.34,2.55%,29.1,mfa,参数一,"{""mfa"": {""mfa_all"": 47}}",BIRKENSTOCK HOLDING PLC,1D,,,,,,,
2026-09-21 00:00:00,Long,BIRK,,31.34,2.55%,29.1,mfa,参数二,"{""mfa"": {""mfa_all"": 47}}",BIRKENSTOCK HOLDING PLC,1D,,,,,,,
2026-09-21 00:00:00,Long,GMM,-94.71,2.08,8.33%,1.68,suf,参数一,"{""suf"": {""timeframe"": ""d""}}",GLOBAL MOFY AI LTD-A,1D,200.0,,,,,,
2026-09-21 00:00:00,Long,GMM,-94.71,2.08,8.33%,1.68,suf,参数二,"{""suf"": {""timeframe"": ""d""}}",GLOBAL MOFY AI LTD-A,1D,200.0,,,,,,
2026-09-21 00:00:00,Long,GRAL,,107.97,33.68%,85.66,sqz,参数一,"{""sqz"": {""bb_length"": 15, ""bb_mult"": 1.5, ""kc_length"": 15, ""kc_mult"": 1.2, ""min_sqz_bars"": 4}, ""r&s"": {""srb_left"": 10, ""srb_right"": 10}, ""atr"": {""atr_length"": 14, ""atr_mult"": 1.0}}",GRAIL INC,1D,,压力释放,118.84-55.36-79.5-76.07-85.49,低-高-低-高,53.42%-43.61%-4.31%-12.38%,16.0,16.38
2026-09-21 00:00:00,Long,GRAL,,107.97,33.68%,85.66,sqz,参数二,"{""sqz"": {""bb_length"": 20, ""bb_mult"": 1.8, ""kc_length"": 20, ""kc_mult"": 1.5, ""min_sqz_bars"": 4}, ""r&s"": {""srb_left"": 15, ""srb_right"": 15}, ""atr"": {""atr_length"": 14, ""atr_mult"": 1.0}}",GRAIL INC,1D,,压力释放,118.84-55.36-79.5-76.07-85.49,低-高-低-高,53.42%-43.61%-4.31%-12.38%,16.0,16.38
2026-09-21 00:00:00,Long,XERS,,8.8,7.32%,7.78,utb,参数二,"{""utb"": {""key_value"": 3, ""atr_period"": 14, ""use_ha"": false}, ""r&s"": {""srb_left"": 15, ""srb_right"": 15}, ""atr"": {""atr_length"": 14, ""atr_mult"": 1.0}}",XERIS BIOPHARMA HOLDINGS INC,1D,,,,,,,
2026-09-21 00:00:00,Long,AMCI,,3.32,-0.90%,2.88,mfa,参数一,"{""mfa"": {""mfa_all"": 18}}",AMC ROBOTICS CORP,1D,,,,,,,
2026-09-21 00:00:00,Long,AMCI,,3.32,-0.90%,2.88,mfa,参数二,"{""mfa"": {""mfa_all"": 18}}",AMC ROBOTICS CORP,1D,,,,,,,
2026-09-21 00:00:00,Long,ARTL,-85.14,4.1,4.06%,3.24,suf,参数一,"{""suf"": {""timeframe"": ""d""}}",ARTELO BIOSCIENCES INC,1D,200.0,,,,,,
2026-09-21 00:00:00,Long,ARTL,-85.14,4.1,4.06%,3.24,suf,参数二,"{""suf"": {""timeframe"": ""d""}}",ARTELO BIOSCIENCES INC,1D,200.0,,,,,,
2026-09-21 00:00:00,Long,HPAI,-83.41,0.3,1.69%,0.24,suf,参数一,"{""suf"": {""timeframe"": ""d""}}",HELPORT AI LTD,1D,200.0,,,,,,
2026-09-21 00:00:00,Long,HPAI,-83.41,0.3,1.69%,0.24,suf,参数二,"{""suf"": {""timeframe"": ""d""}}",HELPORT AI LTD,1D,200.0,,,,,,
2026-09-21 00:00:00,Long,DBCA,,10.08,0.60%,10.03,sqz,参数一,"{""sqz"": {""bb_length"": 15, ""bb_mult"": 1.5, ""kc_length"": 15, ""kc_mult"": 1.2, ""min_sqz_bars"": 4}, ""r&s"": {""srb_left"": 10, ""srb_right"": 10}, ""atr"": {""atr_length"": 14, ""atr_mult"": 1.0}}",D. BORAL ACQUISITION I-CL A,1D,,一直释放,9.87-9.93-10.07-10.05-10.03,高-高-低-低,0.61%-1.41%-0.20%-0.20%,25.0,0.5
2026-09-21 00:00:00,Long,QNC,,1.77,5.99%,1.55,mfa,参数一,"{""mfa"": {""mfa_all"": 13}}",QUANTUM EMOTION CORP,1D,,,,,,,
2026-09-21 00:00:00,Long,QNC,,1.77,5.99%,1.55,mfa,参数二,"{""mfa"": {""mfa_all"": 13}}",QUANTUM EMOTION CORP,1D,,,,,,,
2026-09-21 00:00:00,Short,CAPN,2.21,11.17,-1.06%,11.35,suf,参数一,"{""suf"": {""timeframe"": ""d""}}",CAYSON ACQUISITION CORP,1D,200.0,,,,,,
2026-09-21 00:00:00,Short,CAPN,2.21,11.17,-1.06%,11.35,suf,参数二,"{""suf"": {""timeframe"": ""d""}}",CAYSON ACQUISITION CORP,1D,200.0,,,,,,
2026-09-21 00:00:00,Short,PUMP,,10.16,-3.05%,10.98,sqz,参数一,"{""sqz"": {""bb_length"": 15, ""bb_mult"": 1.5, ""kc_length"": 15, ""kc_mult"": 1.2, ""min_sqz_bars"": 4}, ""r&s"": {""srb_left"": 10, ""srb_right"": 10}, ""atr"": {""atr_length"": 14, ""atr_mult"": 1.0}}",PROPETRO HOLDING CORP,1D,,一直亮红,10.61-12.92-11.92-10.0-10.3,高-低-低-高,21.77%-7.74%-16.11%-3.00%,17.0,20.68
2026-09-21 00:00:00,Short,KNRX,,0.3,-4.11%,0.39,sqz,参数二,"{""sqz"": {""bb_length"": 20, ""bb_mult"": 1.8, ""kc_length"": 20, ""kc_mult"": 1.5, ""min_sqz_bars"": 4}, ""r&s"": {""srb_left"": 15, ""srb_right"": 15}, ""atr"": {""atr_length"": 14, ""atr_mult"": 1.0}}",KNOREX LTD CL-A,1D,,一直亮红,nan-0.75-0.39-0.34-0.31,低-低-低-低,nan%-48.21%-14.07%-7.74%,30.0,88.71
2026-09-21 00:00:00,Short,GRO,,2.31,-4.94%,2.57,utb,参数一,"{""utb"": {""key_value"": 2, ""atr_period"": 14, ""use_ha"": false}, ""r&s"": {""srb_left"": 10, ""srb_right"": 10}, ""atr"": {""atr_length"": 14, ""atr_mult"": 1.0}}",BRAZIL POTASH CORP,1D,,,,,,,
2026-09-21 00:00:00,Long,VNTG,,0.67,14.87%,0.54,utb,参数一,"{""utb"": {""key_value"": 2, ""atr_period"": 14, ""use_ha"": false}, ""r&s"": {""srb_left"": 10, ""srb_right"": 10}, ""atr"": {""atr_length"": 14, ""atr_mult"": 1.0}}",VANTAGE CORP-CL A,1D,,,,,,,
2026-09-21 00:00:00,Long,REKR,-48.99,0.46,6.44%,0.41,suf,参数一,"{""suf"": {""timeframe"": ""d""}}",REKOR SYSTEMS INC,1D,200.0,,,,,,
2026-09-21 00:00:00,Long,REKR,-48.99,0.46,6.44%,0.41,suf,参数二,"{""suf"": {""timeframe"": ""d""}}",REKOR SYSTEMS INC,1D,200.0,,,,,,
