日期,信号,代码,现价,涨幅,止损,策略,参组,参数,名称,周期,释放类型,支撑压力价格,支撑压力趋势,支撑压力涨幅,区间K线数量,区间K线振幅
2026-08-10 00:00:00,Long,DFSC,2.59,105.56%,0.33,suf,参数一,"{""suf"": {""timeframe"": ""w""}}",DEFSEC TECHNOLOGIES INC,1WK,,,,,,
2026-08-10 00:00:00,Long,DFSC,2.59,105.56%,0.33,suf,参数二,"{""suf"": {""timeframe"": ""w""}}",DEFSEC TECHNOLOGIES INC,1WK,,,,,,
2026-08-10 00:00:00,Short,TLPH,1.21,-15.38%,1.69,suf,参数一,"{""suf"": {""timeframe"": ""w""}}",TALPHERA INC,1WK,,,,,,
2026-08-10 00:00:00,Short,TLPH,1.21,-15.38%,1.69,suf,参数二,"{""suf"": {""timeframe"": ""w""}}",TALPHERA INC,1WK,,,,,,
2026-08-10 00:00:00,Long,NVDA,225.94,0.88%,199.97,utb,参数一,"{""utb"": {""key_value"": 2, ""atr_period"": 14, ""use_ha"": false}, ""r&s"": {""srb_left"": 10, ""srb_right"": 10}, ""atr"": {""atr_length"": 14, ""atr_mult"": 1.0}}",NVIDIA CORP,1WK,,,,,,
2026-08-10 00:00:00,Long,HLX,10.43,8.59%,8.86,utb,参数一,"{""utb"": {""key_value"": 2, ""atr_period"": 14, ""use_ha"": false}, ""r&s"": {""srb_left"": 10, ""srb_right"": 10}, ""atr"": {""atr_length"": 14, ""atr_mult"": 1.0}}",HELIX ENERGY SOLUTIONS GROUP,1WK,,,,,,
2026-08-10 00:00:00,Long,MP,59.9,17.20%,44.07,utb,参数一,"{""utb"": {""key_value"": 2, ""atr_period"": 14, ""use_ha"": false}, ""r&s"": {""srb_left"": 10, ""srb_right"": 10}, ""atr"": {""atr_length"": 14, ""atr_mult"": 1.0}}",MP MATERIALS CORP,1WK,,,,,,
2026-08-10 00:00:00,Long,AGIG,0.92,10.82%,0.44,suf,参数一,"{""suf"": {""timeframe"": ""w""}}",ABUNDIA GLOBAL IMPACT GROUP,1WK,,,,,,
2026-08-10 00:00:00,Long,AGIG,0.92,10.82%,0.44,suf,参数二,"{""suf"": {""timeframe"": ""w""}}",ABUNDIA GLOBAL IMPACT GROUP,1WK,,,,,,
2026-08-10 00:00:00,Long,UAVS,1.1,19.57%,0.73,utb,参数一,"{""utb"": {""key_value"": 2, ""atr_period"": 14, ""use_ha"": false}, ""r&s"": {""srb_left"": 10, ""srb_right"": 10}, ""atr"": {""atr_length"": 14, ""atr_mult"": 1.0}}",AGEAGLE AERIAL SYSTEMS INC,1WK,,,,,,
2026-08-10 00:00:00,Short,KN,38.63,-1.15%,42.96,suf,参数一,"{""suf"": {""timeframe"": ""w""}}",KNOWLES CORP,1WK,,,,,,
2026-08-10 00:00:00,Short,KN,38.63,-1.15%,42.96,suf,参数二,"{""suf"": {""timeframe"": ""w""}}",KNOWLES CORP,1WK,,,,,,
2026-08-10 00:00:00,Long,FOX,61.04,7.04%,50.41,utb,参数二,"{""utb"": {""key_value"": 3, ""atr_period"": 14, ""use_ha"": false}, ""r&s"": {""srb_left"": 15, ""srb_right"": 15}, ""atr"": {""atr_length"": 14, ""atr_mult"": 1.0}}",FOX CORP - CLASS B,1WK,,,,,,
2026-08-10 00:00:00,Short,IRHO,10.01,-0.05%,10.05,utb,参数一,"{""utb"": {""key_value"": 2, ""atr_period"": 14, ""use_ha"": false}, ""r&s"": {""srb_left"": 10, ""srb_right"": 10}, ""atr"": {""atr_length"": 14, ""atr_mult"": 1.0}}",IRON HORSE ACQUISITIONS CORP,1WK,,,,,,
2026-08-10 00:00:00,Short,BURL,352.02,-4.59%,399.83,suf,参数一,"{""suf"": {""timeframe"": ""w""}}",BURLINGTON STORES INC,1WK,,,,,,
2026-08-10 00:00:00,Short,BURL,352.02,-4.59%,399.83,suf,参数二,"{""suf"": {""timeframe"": ""w""}}",BURLINGTON STORES INC,1WK,,,,,,
2026-08-10 00:00:00,Long,IAUX,1.68,4.01%,1.39,utb,参数一,"{""utb"": {""key_value"": 2, ""atr_period"": 14, ""use_ha"": false}, ""r&s"": {""srb_left"": 10, ""srb_right"": 10}, ""atr"": {""atr_length"": 14, ""atr_mult"": 1.0}}",I-80 GOLD CORP,1WK,,,,,,
2026-08-10 00:00:00,Long,GWRS,8.47,11.50%,6.79,utb,参数一,"{""utb"": {""key_value"": 2, ""atr_period"": 14, ""use_ha"": false}, ""r&s"": {""srb_left"": 10, ""srb_right"": 10}, ""atr"": {""atr_length"": 14, ""atr_mult"": 1.0}}",GLOBAL WATER RESOURCES INC,1WK,,,,,,
2026-08-10 00:00:00,Long,GWRS,8.47,11.50%,6.79,mfa,参数一,"{""utb"": {""key_value"": 2, ""atr_period"": 14, ""use_ha"": false}, ""mfa"": {""mfa_all"": 24}}",GLOBAL WATER RESOURCES INC,1WK,,,,,,
2026-08-10 00:00:00,Long,GWRS,8.47,11.50%,6.79,utb,参数二,"{""utb"": {""key_value"": 3, ""atr_period"": 14, ""use_ha"": false}, ""r&s"": {""srb_left"": 15, ""srb_right"": 15}, ""atr"": {""atr_length"": 14, ""atr_mult"": 1.0}}",GLOBAL WATER RESOURCES INC,1WK,,,,,,
2026-08-10 00:00:00,Long,GWRS,8.47,11.50%,6.79,mfa,参数二,"{""utb"": {""key_value"": 3, ""atr_period"": 14, ""use_ha"": false}, ""mfa"": {""mfa_all"": 24}}",GLOBAL WATER RESOURCES INC,1WK,,,,,,
2026-08-10 00:00:00,Short,PBI,16.46,-4.98%,18.68,suf,参数一,"{""suf"": {""timeframe"": ""w""}}",PITNEY BOWES INC,1WK,,,,,,
2026-08-10 00:00:00,Short,PBI,16.46,-4.98%,18.68,suf,参数二,"{""suf"": {""timeframe"": ""w""}}",PITNEY BOWES INC,1WK,,,,,,
2026-08-10 00:00:00,Long,FNB,19.47,2.61%,17.98,sqz,参数一,"{""sqz"": {""bb_length"": 15, ""bb_mult"": 1.5, ""kc_length"": 15, ""kc_mult"": 1.2, ""min_sqz_bars"": 4}, ""r&s"": {""srb_left"": 10, ""srb_right"": 10}, ""atr"": {""atr_length"": 14, ""atr_mult"": 1.0}}",FNB CORP,1WK,一直释放,11.83-14.72-16.79-16.58-18.86,高-高-低-高,24.47%-14.03%-1.22%-13.74%,26.0,21.67
2026-08-10 00:00:00,Short,CLRO,5.15,-49.35%,17.09,suf,参数一,"{""suf"": {""timeframe"": ""w""}}",CLEARONE INC,1WK,,,,,,
2026-08-10 00:00:00,Short,CLRO,5.15,-49.35%,17.09,suf,参数二,"{""suf"": {""timeframe"": ""w""}}",CLEARONE INC,1WK,,,,,,
2026-08-10 00:00:00,Long,NMAX,11.21,25.02%,6.88,sqz,参数一,"{""sqz"": {""bb_length"": 15, ""bb_mult"": 1.5, ""kc_length"": 15, ""kc_mult"": 1.2, ""min_sqz_bars"": 4}, ""r&s"": {""srb_left"": 10, ""srb_right"": 10}, ""atr"": {""atr_length"": 14, ""atr_mult"": 1.0}}",NEWSMAX INC,1WK,压力释放,nan-11.2,低,nan%,16.0,94.11
2026-08-10 00:00:00,Long,NMAX,11.21,25.02%,6.88,sqz,参数二,"{""sqz"": {""bb_length"": 20, ""bb_mult"": 1.8, ""kc_length"": 20, ""kc_mult"": 1.5, ""min_sqz_bars"": 4}, ""r&s"": {""srb_left"": 15, ""srb_right"": 15}, ""atr"": {""atr_length"": 14, ""atr_mult"": 1.0}}",NEWSMAX INC,1WK,压力释放,nan-11.2,低,nan%,16.0,94.11
2026-08-10 00:00:00,Long,ALOY,14.58,18.85%,8.75,utb,参数一,"{""utb"": {""key_value"": 2, ""atr_period"": 14, ""use_ha"": false}, ""r&s"": {""srb_left"": 10, ""srb_right"": 10}, ""atr"": {""atr_length"": 14, ""atr_mult"": 1.0}}",REALLOYS INC,1WK,,,,,,
2026-08-10 00:00:00,Long,BRZE,29.2,10.02%,22.46,utb,参数二,"{""utb"": {""key_value"": 3, ""atr_period"": 14, ""use_ha"": false}, ""r&s"": {""srb_left"": 15, ""srb_right"": 15}, ""atr"": {""atr_length"": 14, ""atr_mult"": 1.0}}",BRAZE INC-A,1WK,,,,,,
2026-08-10 00:00:00,Short,GSAT,81.97,-1.71%,88.08,suf,参数一,"{""suf"": {""timeframe"": ""w""}}",GLOBALSTAR INC,1WK,,,,,,
2026-08-10 00:00:00,Short,GSAT,81.97,-1.71%,88.08,suf,参数二,"{""suf"": {""timeframe"": ""w""}}",GLOBALSTAR INC,1WK,,,,,,
2026-08-10 00:00:00,Long,ZSQR,4.05,0.24%,0.99,suf,参数一,"{""suf"": {""timeframe"": ""w""}}",Z SQUARED INC,1WK,,,,,,
2026-08-10 00:00:00,Long,ZSQR,4.05,0.24%,0.99,suf,参数二,"{""suf"": {""timeframe"": ""w""}}",Z SQUARED INC,1WK,,,,,,
2026-08-10 00:00:00,Long,CIX,31.59,4.99%,27.4,sqz,参数一,"{""sqz"": {""bb_length"": 15, ""bb_mult"": 1.5, ""kc_length"": 15, ""kc_mult"": 1.2, ""min_sqz_bars"": 4}, ""r&s"": {""srb_left"": 10, ""srb_right"": 10}, ""atr"": {""atr_length"": 14, ""atr_mult"": 1.0}}",COMPX INTERNATIONAL INC,1WK,一直亮绿,22.0-32.59-29.86-29.63-30.12,高-低-低-高,48.12%-8.40%-0.76%-1.67%,51.0,52.19
2026-08-10 00:00:00,Long,CIX,31.59,4.99%,27.4,sqz,参数二,"{""sqz"": {""bb_length"": 20, ""bb_mult"": 1.8, ""kc_length"": 20, ""kc_mult"": 1.5, ""min_sqz_bars"": 4}, ""r&s"": {""srb_left"": 15, ""srb_right"": 15}, ""atr"": {""atr_length"": 14, ""atr_mult"": 1.0}}",COMPX INTERNATIONAL INC,1WK,一直亮绿,nan-22.0-32.59-29.86-30.12,低-高-低-高,nan%-48.12%-8.40%-0.89%,51.0,52.19
2026-08-10 00:00:00,Long,HRZN,5.03,8.41%,4.22,utb,参数二,"{""utb"": {""key_value"": 3, ""atr_period"": 14, ""use_ha"": false}, ""r&s"": {""srb_left"": 15, ""srb_right"": 15}, ""atr"": {""atr_length"": 14, ""atr_mult"": 1.0}}",HORIZON TECHNOLOGY FINANCE C,1WK,,,,,,
2026-08-10 00:00:00,Short,WBTN,8.34,-6.61%,10.97,utb,参数二,"{""utb"": {""key_value"": 3, ""atr_period"": 14, ""use_ha"": false}, ""r&s"": {""srb_left"": 15, ""srb_right"": 15}, ""atr"": {""atr_length"": 14, ""atr_mult"": 1.0}}",WEBTOON ENTERTAINMENT INC,1WK,,,,,,
2026-08-10 00:00:00,Long,OSW,27.12,3.47%,23.7,sqz,参数一,"{""sqz"": {""bb_length"": 15, ""bb_mult"": 1.5, ""kc_length"": 15, ""kc_mult"": 1.2, ""min_sqz_bars"": 4}, ""r&s"": {""srb_left"": 10, ""srb_right"": 10}, ""atr"": {""atr_length"": 14, ""atr_mult"": 1.0}}",ONESPAWORLD HOLDINGS LTD,1WK,一直释放,12.77-12.77-14.85-22.71-23.33,高-高-高-高,0.04%-16.26%-52.91%-2.73%,41.0,22.94
2026-08-10 00:00:00,Long,VLY,15.06,3.47%,13.7,sqz,参数一,"{""sqz"": {""bb_length"": 15, ""bb_mult"": 1.5, ""kc_length"": 15, ""kc_mult"": 1.2, ""min_sqz_bars"": 4}, ""r&s"": {""srb_left"": 10, ""srb_right"": 10}, ""atr"": {""atr_length"": 14, ""atr_mult"": 1.0}}",VALLEY NATIONAL BANCORP,1WK,一直释放,nan-10.71-9.11-9.99-10.32,低-低-高-高,nan%-14.89%-9.60%-3.34%,89.0,44.91
2026-08-10 00:00:00,Long,MMTX,10.17,0.59%,10.1,utb,参数一,"{""utb"": {""key_value"": 2, ""atr_period"": 14, ""use_ha"": false}, ""r&s"": {""srb_left"": 10, ""srb_right"": 10}, ""atr"": {""atr_length"": 14, ""atr_mult"": 1.0}}",MILUNA ACQUISITION CL A,1WK,,,,,,
2026-08-10 00:00:00,Long,GTE,9.51,6.08%,7.17,utb,参数二,"{""utb"": {""key_value"": 3, ""atr_period"": 14, ""use_ha"": false}, ""r&s"": {""srb_left"": 15, ""srb_right"": 15}, ""atr"": {""atr_length"": 14, ""atr_mult"": 1.0}}",GRAN TIERRA ENERGY INC,1WK,,,,,,
2026-08-10 00:00:00,Short,LDI,0.91,-4.41%,1.18,sqz,参数二,"{""sqz"": {""bb_length"": 20, ""bb_mult"": 1.8, ""kc_length"": 20, ""kc_mult"": 1.5, ""min_sqz_bars"": 4}, ""r&s"": {""srb_left"": 15, ""srb_right"": 15}, ""atr"": {""atr_length"": 14, ""atr_mult"": 1.0}}",LOANDEPOT INC -CLASS A,1WK,一直释放,nan-1.38-1.14-1.52-1.01,低-低-高-低,nan%-17.39%-33.33%-33.55%,70.0,400.0
2026-08-10 00:00:00,Long,ALGS,6.64,18.87%,4.43,utb,参数一,"{""utb"": {""key_value"": 2, ""atr_period"": 14, ""use_ha"": false}, ""r&s"": {""srb_left"": 10, ""srb_right"": 10}, ""atr"": {""atr_length"": 14, ""atr_mult"": 1.0}}",ALIGOS THERAPEUTICS INC,1WK,,,,,,
2026-08-10 00:00:00,Long,ALGS,6.64,18.87%,4.43,mfa,参数一,"{""utb"": {""key_value"": 2, ""atr_period"": 14, ""use_ha"": false}, ""mfa"": {""mfa_all"": 14}}",ALIGOS THERAPEUTICS INC,1WK,,,,,,
2026-08-10 00:00:00,Long,BDC,135.51,2.03%,120.64,utb,参数二,"{""utb"": {""key_value"": 3, ""atr_period"": 14, ""use_ha"": false}, ""r&s"": {""srb_left"": 15, ""srb_right"": 15}, ""atr"": {""atr_length"": 14, ""atr_mult"": 1.0}}",BELDEN INC,1WK,,,,,,
2026-08-10 00:00:00,Long,BDC,135.51,2.03%,120.64,mfa,参数二,"{""utb"": {""key_value"": 3, ""atr_period"": 14, ""use_ha"": false}, ""mfa"": {""mfa_all"": 13}}",BELDEN INC,1WK,,,,,,
2026-08-10 00:00:00,Long,TNK,84.67,9.96%,68.27,utb,参数一,"{""utb"": {""key_value"": 2, ""atr_period"": 14, ""use_ha"": false}, ""r&s"": {""srb_left"": 10, ""srb_right"": 10}, ""atr"": {""atr_length"": 14, ""atr_mult"": 1.0}}",TEEKAY TANKERS LTD-CLASS A,1WK,,,,,,
2026-08-10 00:00:00,Long,IRIX,0.86,3.49%,0.7,suf,参数一,"{""suf"": {""timeframe"": ""w""}}",IRIDEX CORP,1WK,,,,,,
2026-08-10 00:00:00,Long,IRIX,0.86,3.49%,0.7,suf,参数二,"{""suf"": {""timeframe"": ""w""}}",IRIDEX CORP,1WK,,,,,,
2026-08-10 00:00:00,Short,ETOR,28.57,-18.94%,39.36,utb,参数一,"{""utb"": {""key_value"": 2, ""atr_period"": 14, ""use_ha"": false}, ""r&s"": {""srb_left"": 10, ""srb_right"": 10}, ""atr"": {""atr_length"": 14, ""atr_mult"": 1.0}}",ETORO GROUP LTD-A,1WK,,,,,,
2026-08-10 00:00:00,Long,INVX,31.47,11.99%,24.93,utb,参数一,"{""utb"": {""key_value"": 2, ""atr_period"": 14, ""use_ha"": false}, ""r&s"": {""srb_left"": 10, ""srb_right"": 10}, ""atr"": {""atr_length"": 14, ""atr_mult"": 1.0}}",INNOVEX INTERNATIONAL INC,1WK,,,,,,
2026-08-10 00:00:00,Short,PLRX,1.08,2.38%,1.21,sqz,参数二,"{""sqz"": {""bb_length"": 20, ""bb_mult"": 1.8, ""kc_length"": 20, ""kc_mult"": 1.5, ""min_sqz_bars"": 4}, ""r&s"": {""srb_left"": 15, ""srb_right"": 15}, ""atr"": {""atr_length"": 14, ""atr_mult"": 1.0}}",PLIANT THERAPEUTICS INC,1WK,支撑释放,nan-12.6-10.22-1.1-1.09,低-低-低-低,nan%-18.92%-89.24%-0.91%,27.0,31.65
2026-08-10 00:00:00,Short,ICCC,9.99,-9.18%,12.06,suf,参数一,"{""suf"": {""timeframe"": ""w""}}",IMMUCELL CORP,1WK,,,,,,
2026-08-10 00:00:00,Short,ICCC,9.99,-9.18%,12.06,suf,参数二,"{""suf"": {""timeframe"": ""w""}}",IMMUCELL CORP,1WK,,,,,,
2026-08-10 00:00:00,Long,NOV,21.15,7.63%,18.34,utb,参数一,"{""utb"": {""key_value"": 2, ""atr_period"": 14, ""use_ha"": false}, ""r&s"": {""srb_left"": 10, ""srb_right"": 10}, ""atr"": {""atr_length"": 14, ""atr_mult"": 1.0}}",NOV INC,1WK,,,,,,
2026-08-10 00:00:00,Short,PGEN,6.32,-12.66%,8.1,suf,参数一,"{""suf"": {""timeframe"": ""w""}}",PRECIGEN INC,1WK,,,,,,
2026-08-10 00:00:00,Short,PGEN,6.32,-12.66%,8.1,suf,参数二,"{""suf"": {""timeframe"": ""w""}}",PRECIGEN INC,1WK,,,,,,
2026-08-10 00:00:00,Long,CLYM,15.85,13.25%,11.38,sqz,参数二,"{""sqz"": {""bb_length"": 20, ""bb_mult"": 1.8, ""kc_length"": 20, ""kc_mult"": 1.5, ""min_sqz_bars"": 4}, ""r&s"": {""srb_left"": 15, ""srb_right"": 15}, ""atr"": {""atr_length"": 14, ""atr_mult"": 1.0}}",CLIMB BIO INC,1WK,一直释放,nan-11.55,低,nan%,119.0,1000.0
2026-08-10 00:00:00,Short,JAZZ,243.73,-5.00%,275.01,suf,参数一,"{""suf"": {""timeframe"": ""w""}}",JAZZ PHARMACEUTICALS PLC,1WK,,,,,,
2026-08-10 00:00:00,Short,JAZZ,243.73,-5.00%,275.01,suf,参数二,"{""suf"": {""timeframe"": ""w""}}",JAZZ PHARMACEUTICALS PLC,1WK,,,,,,
2026-08-10 00:00:00,Long,ARCT,8.16,10.11%,5.67,utb,参数一,"{""utb"": {""key_value"": 2, ""atr_period"": 14, ""use_ha"": false}, ""r&s"": {""srb_left"": 10, ""srb_right"": 10}, ""atr"": {""atr_length"": 14, ""atr_mult"": 1.0}}",ARCTURUS THERAPEUTICS HOLDIN,1WK,,,,,,
2026-08-10 00:00:00,Short,TCMD,24.01,-18.61%,33.15,utb,参数一,"{""utb"": {""key_value"": 2, ""atr_period"": 14, ""use_ha"": false}, ""r&s"": {""srb_left"": 10, ""srb_right"": 10}, ""atr"": {""atr_length"": 14, ""atr_mult"": 1.0}}",TACTILE SYSTEMS TECHNOLOGY I,1WK,,,,,,
2026-08-10 00:00:00,Long,NKSH,42.63,1.23%,37.57,sqz,参数二,"{""sqz"": {""bb_length"": 20, ""bb_mult"": 1.8, ""kc_length"": 20, ""kc_mult"": 1.5, ""min_sqz_bars"": 4}, ""r&s"": {""srb_left"": 15, ""srb_right"": 15}, ""atr"": {""atr_length"": 14, ""atr_mult"": 1.0}}",NATIONAL BANKSHARES INC/VA,1WK,压力释放,36.59-32.66-30.2-30.01-39.16,低-低-低-高,10.74%-7.55%-0.61%-30.47%,26.0,17.87
2026-08-10 00:00:00,Short,NCMI,2.74,-32.01%,4.47,utb,参数一,"{""utb"": {""key_value"": 2, ""atr_period"": 14, ""use_ha"": false}, ""r&s"": {""srb_left"": 10, ""srb_right"": 10}, ""atr"": {""atr_length"": 14, ""atr_mult"": 1.0}}",NATIONAL CINEMEDIA INC,1WK,,,,,,
2026-08-10 00:00:00,Short,NCMI,2.74,-32.01%,4.47,utb,参数二,"{""utb"": {""key_value"": 3, ""atr_period"": 14, ""use_ha"": false}, ""r&s"": {""srb_left"": 15, ""srb_right"": 15}, ""atr"": {""atr_length"": 14, ""atr_mult"": 1.0}}",NATIONAL CINEMEDIA INC,1WK,,,,,,
2026-08-10 00:00:00,Long,JOB,0.24,21.25%,0.17,utb,参数一,"{""utb"": {""key_value"": 2, ""atr_period"": 14, ""use_ha"": false}, ""r&s"": {""srb_left"": 10, ""srb_right"": 10}, ""atr"": {""atr_length"": 14, ""atr_mult"": 1.0}}",GEE GROUP INC,1WK,,,,,,
2026-08-10 00:00:00,Long,ATRO,92.0,18.33%,65.13,utb,参数一,"{""utb"": {""key_value"": 2, ""atr_period"": 14, ""use_ha"": false}, ""r&s"": {""srb_left"": 10, ""srb_right"": 10}, ""atr"": {""atr_length"": 14, ""atr_mult"": 1.0}}",ASTRONICS CORP,1WK,,,,,,
2026-08-10 00:00:00,Long,ATRO,92.0,18.33%,65.13,sqz,参数一,"{""sqz"": {""bb_length"": 15, ""bb_mult"": 1.5, ""kc_length"": 15, ""kc_mult"": 1.2, ""min_sqz_bars"": 4}, ""r&s"": {""srb_left"": 10, ""srb_right"": 10}, ""atr"": {""atr_length"": 14, ""atr_mult"": 1.0}}",ASTRONICS CORP,1WK,一直释放,nan-17.91-16.25-18.95-67.01,低-低-高-高,nan%-9.27%-16.60%-253.66%,23.0,36.54
2026-08-10 00:00:00,Long,RCI,36.35,5.45%,31.71,utb,参数一,"{""utb"": {""key_value"": 2, ""atr_period"": 14, ""use_ha"": false}, ""r&s"": {""srb_left"": 10, ""srb_right"": 10}, ""atr"": {""atr_length"": 14, ""atr_mult"": 1.0}}",ROGERS COMMUNICATIONS INC-B,1WK,,,,,,
2026-08-10 00:00:00,Short,XPER,6.65,-6.86%,7.85,utb,参数一,"{""utb"": {""key_value"": 2, ""atr_period"": 14, ""use_ha"": false}, ""r&s"": {""srb_left"": 10, ""srb_right"": 10}, ""atr"": {""atr_length"": 14, ""atr_mult"": 1.0}}",XPERI INC,1WK,,,,,,
2026-08-10 00:00:00,Long,AX,102.25,2.21%,92.72,sqz,参数一,"{""sqz"": {""bb_length"": 15, ""bb_mult"": 1.5, ""kc_length"": 15, ""kc_mult"": 1.2, ""min_sqz_bars"": 4}, ""r&s"": {""srb_left"": 10, ""srb_right"": 10}, ""atr"": {""atr_length"": 14, ""atr_mult"": 1.0}}",AXOS FINANCIAL INC,1WK,一直亮绿,60.0-79.15-88.46-93.84-101.92,高-高-高-高,31.92%-11.76%-6.08%-8.61%,26.0,25.78
2026-08-10 00:00:00,Long,AX,102.25,2.21%,92.72,sqz,参数二,"{""sqz"": {""bb_length"": 20, ""bb_mult"": 1.8, ""kc_length"": 20, ""kc_mult"": 1.5, ""min_sqz_bars"": 4}, ""r&s"": {""srb_left"": 15, ""srb_right"": 15}, ""atr"": {""atr_length"": 14, ""atr_mult"": 1.0}}",AXOS FINANCIAL INC,1WK,一直亮绿,51.46-50.8-88.46-93.84-101.92,低-高-高-高,1.28%-74.13%-6.08%-8.61%,26.0,25.78
2026-08-10 00:00:00,Long,ASMB,31.3,17.32%,22.86,utb,参数一,"{""utb"": {""key_value"": 2, ""atr_period"": 14, ""use_ha"": false}, ""r&s"": {""srb_left"": 10, ""srb_right"": 10}, ""atr"": {""atr_length"": 14, ""atr_mult"": 1.0}}",ASSEMBLY BIOSCIENCES INC,1WK,,,,,,
2026-08-10 00:00:00,Long,ASMB,31.3,17.32%,22.86,mfa,参数一,"{""utb"": {""key_value"": 2, ""atr_period"": 14, ""use_ha"": false}, ""mfa"": {""mfa_all"": 11}}",ASSEMBLY BIOSCIENCES INC,1WK,,,,,,
2026-08-10 00:00:00,Long,HP,44.17,19.07%,34.48,utb,参数一,"{""utb"": {""key_value"": 2, ""atr_period"": 14, ""use_ha"": false}, ""r&s"": {""srb_left"": 10, ""srb_right"": 10}, ""atr"": {""atr_length"": 14, ""atr_mult"": 1.0}}",HELMERICH & PAYNE,1WK,,,,,,
2026-08-10 00:00:00,Long,HP,44.17,19.07%,34.48,utb,参数二,"{""utb"": {""key_value"": 3, ""atr_period"": 14, ""use_ha"": false}, ""r&s"": {""srb_left"": 15, ""srb_right"": 15}, ""atr"": {""atr_length"": 14, ""atr_mult"": 1.0}}",HELMERICH & PAYNE,1WK,,,,,,
2026-08-10 00:00:00,Long,MSGY,2.85,955.56%,1.72,utb,参数一,"{""utb"": {""key_value"": 2, ""atr_period"": 14, ""use_ha"": false}, ""r&s"": {""srb_left"": 10, ""srb_right"": 10}, ""atr"": {""atr_length"": 14, ""atr_mult"": 1.0}}",MASONGLORY LTD - CLASS A,1WK,,,,,,
2026-08-10 00:00:00,Long,MSGY,2.85,955.56%,1.72,utb,参数二,"{""utb"": {""key_value"": 3, ""atr_period"": 14, ""use_ha"": false}, ""r&s"": {""srb_left"": 15, ""srb_right"": 15}, ""atr"": {""atr_length"": 14, ""atr_mult"": 1.0}}",MASONGLORY LTD - CLASS A,1WK,,,,,,
2026-08-10 00:00:00,Long,PEPG,2.95,3.68%,2.13,utb,参数一,"{""utb"": {""key_value"": 2, ""atr_period"": 14, ""use_ha"": false}, ""r&s"": {""srb_left"": 10, ""srb_right"": 10}, ""atr"": {""atr_length"": 14, ""atr_mult"": 1.0}}",PEPGEN INC,1WK,,,,,,
2026-08-10 00:00:00,Long,PEPG,2.95,3.68%,2.13,mfa,参数一,"{""utb"": {""key_value"": 2, ""atr_period"": 14, ""use_ha"": false}, ""mfa"": {""mfa_all"": 10}}",PEPGEN INC,1WK,,,,,,
2026-08-10 00:00:00,Long,RBB,27.51,2.65%,24.96,sqz,参数一,"{""sqz"": {""bb_length"": 15, ""bb_mult"": 1.5, ""kc_length"": 15, ""kc_mult"": 1.2, ""min_sqz_bars"": 4}, ""r&s"": {""srb_left"": 10, ""srb_right"": 10}, ""atr"": {""atr_length"": 14, ""atr_mult"": 1.0}}",RBB BANCORP,1WK,一直释放,13.92-18.53-22.58-23.92-20.06,高-高-高-低,33.07%-21.86%-5.93%-16.14%,50.0,23.36
2026-08-10 00:00:00,Long,CVLT,145.74,7.74%,120.21,utb,参数一,"{""utb"": {""key_value"": 2, ""atr_period"": 14, ""use_ha"": false}, ""r&s"": {""srb_left"": 10, ""srb_right"": 10}, ""atr"": {""atr_length"": 14, ""atr_mult"": 1.0}}",COMMVAULT SYSTEMS INC,1WK,,,,,,
2026-08-10 00:00:00,Short,ROST,246.2,-3.54%,268.97,suf,参数一,"{""suf"": {""timeframe"": ""w""}}",ROSS STORES INC,1WK,,,,,,
2026-08-10 00:00:00,Short,ROST,246.2,-3.54%,268.97,suf,参数二,"{""suf"": {""timeframe"": ""w""}}",ROSS STORES INC,1WK,,,,,,
2026-08-10 00:00:00,Short,ALRM,55.43,-3.65%,61.33,suf,参数一,"{""suf"": {""timeframe"": ""w""}}",ALARM.COM HOLDINGS INC,1WK,,,,,,
2026-08-10 00:00:00,Short,ALRM,55.43,-3.65%,61.33,suf,参数二,"{""suf"": {""timeframe"": ""w""}}",ALARM.COM HOLDINGS INC,1WK,,,,,,
2026-08-10 00:00:00,Short,TPR,127.47,-21.49%,177.3,utb,参数一,"{""utb"": {""key_value"": 2, ""atr_period"": 14, ""use_ha"": false}, ""r&s"": {""srb_left"": 10, ""srb_right"": 10}, ""atr"": {""atr_length"": 14, ""atr_mult"": 1.0}}",TAPESTRY INC,1WK,,,,,,
2026-08-10 00:00:00,Short,TPR,127.47,-21.49%,177.3,suf,参数一,"{""suf"": {""timeframe"": ""w""}}",TAPESTRY INC,1WK,,,,,,
2026-08-10 00:00:00,Short,TPR,127.47,-21.49%,177.3,utb,参数二,"{""utb"": {""key_value"": 3, ""atr_period"": 14, ""use_ha"": false}, ""r&s"": {""srb_left"": 15, ""srb_right"": 15}, ""atr"": {""atr_length"": 14, ""atr_mult"": 1.0}}",TAPESTRY INC,1WK,,,,,,
2026-08-10 00:00:00,Short,TPR,127.47,-21.49%,177.3,suf,参数二,"{""suf"": {""timeframe"": ""w""}}",TAPESTRY INC,1WK,,,,,,
2026-08-10 00:00:00,Long,ATRC,43.76,5.74%,37.69,sqz,参数一,"{""sqz"": {""bb_length"": 15, ""bb_mult"": 1.5, ""kc_length"": 15, ""kc_mult"": 1.2, ""min_sqz_bars"": 4}, ""r&s"": {""srb_left"": 10, ""srb_right"": 10}, ""atr"": {""atr_length"": 14, ""atr_mult"": 1.0}}",ATRICURE INC,1WK,一直亮绿,47.85-59.61-39.05-43.11-43.18,高-低-高-高,24.58%-34.49%-10.40%-0.16%,31.0,70.27
2026-08-10 00:00:00,Long,ATRC,43.76,5.74%,37.69,sqz,参数二,"{""sqz"": {""bb_length"": 20, ""bb_mult"": 1.8, ""kc_length"": 20, ""kc_mult"": 1.5, ""min_sqz_bars"": 4}, ""r&s"": {""srb_left"": 15, ""srb_right"": 15}, ""atr"": {""atr_length"": 14, ""atr_mult"": 1.0}}",ATRICURE INC,1WK,一直亮绿,nan-59.61-43.11-43.18,低-低-高,nan%-27.68%-0.16%,31.0,70.27
2026-08-10 00:00:00,Short,SION,6.45,-87.36%,15.95,utb,参数一,"{""utb"": {""key_value"": 2, ""atr_period"": 14, ""use_ha"": false}, ""r&s"": {""srb_left"": 10, ""srb_right"": 10}, ""atr"": {""atr_length"": 14, ""atr_mult"": 1.0}}",SIONNA THERAPEUTICS INC,1WK,,,,,,
2026-08-10 00:00:00,Short,SION,6.45,-87.36%,15.95,sqz,参数一,"{""sqz"": {""bb_length"": 15, ""bb_mult"": 1.5, ""kc_length"": 15, ""kc_mult"": 1.2, ""min_sqz_bars"": 4}, ""r&s"": {""srb_left"": 10, ""srb_right"": 10}, ""atr"": {""atr_length"": 14, ""atr_mult"": 1.0}}",SIONNA THERAPEUTICS INC,1WK,支撑释放,nan-32.46,低,nan%,27.0,69.35
2026-08-10 00:00:00,Short,SION,6.45,-87.36%,15.95,utb,参数二,"{""utb"": {""key_value"": 3, ""atr_period"": 14, ""use_ha"": false}, ""r&s"": {""srb_left"": 15, ""srb_right"": 15}, ""atr"": {""atr_length"": 14, ""atr_mult"": 1.0}}",SIONNA THERAPEUTICS INC,1WK,,,,,,
2026-08-10 00:00:00,Short,CTS,62.76,-5.23%,71.54,suf,参数一,"{""suf"": {""timeframe"": ""w""}}",CTS CORP,1WK,,,,,,
2026-08-10 00:00:00,Short,CTS,62.76,-5.23%,71.54,suf,参数二,"{""suf"": {""timeframe"": ""w""}}",CTS CORP,1WK,,,,,,
2026-08-10 00:00:00,Long,NBIS,267.48,42.30%,136.57,utb,参数一,"{""utb"": {""key_value"": 2, ""atr_period"": 14, ""use_ha"": false}, ""r&s"": {""srb_left"": 10, ""srb_right"": 10}, ""atr"": {""atr_length"": 14, ""atr_mult"": 1.0}}",NEBIUS GROUP NV,1WK,,,,,,
2026-08-10 00:00:00,Long,NBIS,267.48,42.30%,136.57,sqz,参数二,"{""sqz"": {""bb_length"": 20, ""bb_mult"": 1.8, ""kc_length"": 20, ""kc_mult"": 1.5, ""min_sqz_bars"": 4}, ""r&s"": {""srb_left"": 15, ""srb_right"": 15}, ""atr"": {""atr_length"": 14, ""atr_mult"": 1.0}}",NEBIUS GROUP NV,1WK,一直释放,nan-50.87-141.1,低-高,nan%-177.37%,44.0,91.92
2026-08-10 00:00:00,Short,CCO,2.33,-3.72%,2.48,suf,参数一,"{""suf"": {""timeframe"": ""w""}}",CLEAR CHANNEL OUTDOOR HOLDIN,1WK,,,,,,
2026-08-10 00:00:00,Short,CCO,2.33,-3.72%,2.48,suf,参数二,"{""suf"": {""timeframe"": ""w""}}",CLEAR CHANNEL OUTDOOR HOLDIN,1WK,,,,,,
2026-08-10 00:00:00,Short,GFAI,0.35,-0.57%,0.45,sqz,参数二,"{""sqz"": {""bb_length"": 20, ""bb_mult"": 1.8, ""kc_length"": 20, ""kc_mult"": 1.5, ""min_sqz_bars"": 4}, ""r&s"": {""srb_left"": 15, ""srb_right"": 15}, ""atr"": {""atr_length"": 14, ""atr_mult"": 1.0}}",GUARDFORCE AI CO LTD,1WK,支撑释放,nan-3.81-2.04-0.76-0.38,低-低-低-低,nan%-46.46%-62.75%-49.87%,26.0,109.97
2026-08-10 00:00:00,Long,ZIM,27.84,3.51%,22.55,utb,参数一,"{""utb"": {""key_value"": 2, ""atr_period"": 14, ""use_ha"": false}, ""r&s"": {""srb_left"": 10, ""srb_right"": 10}, ""atr"": {""atr_length"": 14, ""atr_mult"": 1.0}}",ZIM INTEGRATED SHIPPING SERV,1WK,,,,,,
2026-08-10 00:00:00,Long,THM,2.74,18.61%,1.81,utb,参数一,"{""utb"": {""key_value"": 2, ""atr_period"": 14, ""use_ha"": false}, ""r&s"": {""srb_left"": 10, ""srb_right"": 10}, ""atr"": {""atr_length"": 14, ""atr_mult"": 1.0}}",INTL TOWER HILL MINES LTD,1WK,,,,,,
2026-08-10 00:00:00,Long,BOXL,7.95,149.22%,-0.81,suf,参数一,"{""suf"": {""timeframe"": ""w""}}",BOXLIGHT CORP - CLASS A,1WK,,,,,,
2026-08-10 00:00:00,Long,BOXL,7.95,149.22%,-0.81,suf,参数二,"{""suf"": {""timeframe"": ""w""}}",BOXLIGHT CORP - CLASS A,1WK,,,,,,
2026-08-10 00:00:00,Long,NIQ,17.23,47.52%,9.83,utb,参数二,"{""utb"": {""key_value"": 3, ""atr_period"": 14, ""use_ha"": false}, ""r&s"": {""srb_left"": 15, ""srb_right"": 15}, ""atr"": {""atr_length"": 14, ""atr_mult"": 1.0}}",NIQ GLOBAL INTELLIGENCE PLC,1WK,,,,,,
2026-08-10 00:00:00,Long,NIQ,17.23,47.52%,9.83,mfa,参数二,"{""utb"": {""key_value"": 3, ""atr_period"": 14, ""use_ha"": false}, ""mfa"": {""mfa_all"": 28}}",NIQ GLOBAL INTELLIGENCE PLC,1WK,,,,,,
2026-08-10 00:00:00,Short,TOMZ,1.77,-2.83%,2.36,sqz,参数二,"{""sqz"": {""bb_length"": 20, ""bb_mult"": 1.8, ""kc_length"": 20, ""kc_mult"": 1.5, ""min_sqz_bars"": 4}, ""r&s"": {""srb_left"": 15, ""srb_right"": 15}, ""atr"": {""atr_length"": 14, ""atr_mult"": 1.0}}",TOMI ENVIRONMENTAL SOLUTIONS,1WK,支撑释放,nan-1.38-1.56-1.89,低-高-高,nan%-13.04%-21.15%,70.0,90.48
2026-08-10 00:00:00,Short,PAL,5.44,-25.89%,8.76,utb,参数一,"{""utb"": {""key_value"": 2, ""atr_period"": 14, ""use_ha"": false}, ""r&s"": {""srb_left"": 10, ""srb_right"": 10}, ""atr"": {""atr_length"": 14, ""atr_mult"": 1.0}}",PROFICIENT AUTO LOGISTICS IN,1WK,,,,,,
2026-08-10 00:00:00,Short,CSTL,30.04,-6.21%,36.27,suf,参数一,"{""suf"": {""timeframe"": ""w""}}",CASTLE BIOSCIENCES INC,1WK,,,,,,
2026-08-10 00:00:00,Short,CSTL,30.04,-6.21%,36.27,suf,参数二,"{""suf"": {""timeframe"": ""w""}}",CASTLE BIOSCIENCES INC,1WK,,,,,,
2026-08-10 00:00:00,Short,BMY,63.79,-1.43%,68.43,suf,参数一,"{""suf"": {""timeframe"": ""w""}}",BRISTOL-MYERS SQUIBB CO,1WK,,,,,,
2026-08-10 00:00:00,Short,BMY,63.79,-1.43%,68.43,suf,参数二,"{""suf"": {""timeframe"": ""w""}}",BRISTOL-MYERS SQUIBB CO,1WK,,,,,,
2026-08-10 00:00:00,Long,DRMA,1.45,31.82%,0.71,suf,参数一,"{""suf"": {""timeframe"": ""w""}}",DERMATA THERAPEUTICS INC,1WK,,,,,,
2026-08-10 00:00:00,Long,DRMA,1.45,31.82%,0.71,suf,参数二,"{""suf"": {""timeframe"": ""w""}}",DERMATA THERAPEUTICS INC,1WK,,,,,,
2026-08-10 00:00:00,Long,FUBO,10.12,9.29%,6.58,suf,参数一,"{""suf"": {""timeframe"": ""w""}}",FUBOTV INC -CLASS A,1WK,,,,,,
2026-08-10 00:00:00,Long,FUBO,10.12,9.29%,6.58,suf,参数二,"{""suf"": {""timeframe"": ""w""}}",FUBOTV INC -CLASS A,1WK,,,,,,
2026-08-10 00:00:00,Long,BRSL,11.72,6.06%,9.99,utb,参数一,"{""utb"": {""key_value"": 2, ""atr_period"": 14, ""use_ha"": false}, ""r&s"": {""srb_left"": 10, ""srb_right"": 10}, ""atr"": {""atr_length"": 14, ""atr_mult"": 1.0}}",BRIGHTSTAR LOTTERY PLC,1WK,,,,,,
2026-08-10 00:00:00,Long,BRSL,11.72,6.06%,9.99,mfa,参数一,"{""utb"": {""key_value"": 2, ""atr_period"": 14, ""use_ha"": false}, ""mfa"": {""mfa_all"": 26}}",BRIGHTSTAR LOTTERY PLC,1WK,,,,,,
2026-08-10 00:00:00,Short,PGNY,26.22,-6.69%,31.32,utb,参数一,"{""utb"": {""key_value"": 2, ""atr_period"": 14, ""use_ha"": false}, ""r&s"": {""srb_left"": 10, ""srb_right"": 10}, ""atr"": {""atr_length"": 14, ""atr_mult"": 1.0}}",PROGYNY INC,1WK,,,,,,
2026-08-10 00:00:00,Short,SMMT,13.12,-5.98%,18.2,sqz,参数二,"{""sqz"": {""bb_length"": 20, ""bb_mult"": 1.8, ""kc_length"": 20, ""kc_mult"": 1.5, ""min_sqz_bars"": 4}, ""r&s"": {""srb_left"": 15, ""srb_right"": 15}, ""atr"": {""atr_length"": 14, ""atr_mult"": 1.0}}",SUMMIT THERAPEUTICS INC,1WK,一直亮红,nan-2.1-15.55-13.83,低-高-低,nan%-640.48%-11.06%,27.0,111.35
2026-08-10 00:00:00,Long,NCNO,20.67,7.82%,16.47,sqz,参数一,"{""sqz"": {""bb_length"": 15, ""bb_mult"": 1.5, ""kc_length"": 15, ""kc_mult"": 1.2, ""min_sqz_bars"": 4}, ""r&s"": {""srb_left"": 10, ""srb_right"": 10}, ""atr"": {""atr_length"": 14, ""atr_mult"": 1.0}}",NCINO INC,1WK,压力释放,35.83-37.48-43.2-33.92-19.07,高-高-低-低,4.61%-15.26%-21.48%-43.78%,16.0,34.77
2026-08-10 00:00:00,Long,NCNO,20.67,7.82%,16.47,utb,参数二,"{""utb"": {""key_value"": 3, ""atr_period"": 14, ""use_ha"": false}, ""r&s"": {""srb_left"": 15, ""srb_right"": 15}, ""atr"": {""atr_length"": 14, ""atr_mult"": 1.0}}",NCINO INC,1WK,,,,,,
2026-08-10 00:00:00,Long,JCAP,23.67,11.55%,19.06,sqz,参数一,"{""sqz"": {""bb_length"": 15, ""bb_mult"": 1.5, ""kc_length"": 15, ""kc_mult"": 1.2, ""min_sqz_bars"": 4}, ""r&s"": {""srb_left"": 10, ""srb_right"": 10}, ""atr"": {""atr_length"": 14, ""atr_mult"": 1.0}}",JEFFERSON CAPITAL INC,1WK,一直亮绿,nan-23.18,低,nan%,30.0,49.55
2026-08-10 00:00:00,Short,JCI,152.02,-0.12%,165.98,suf,参数一,"{""suf"": {""timeframe"": ""w""}}",JOHNSON CONTROLS INTERNATION,1WK,,,,,,
2026-08-10 00:00:00,Short,JCI,152.02,-0.12%,165.98,suf,参数二,"{""suf"": {""timeframe"": ""w""}}",JOHNSON CONTROLS INTERNATION,1WK,,,,,,
2026-08-10 00:00:00,Long,RXST,7.08,13.17%,5.25,utb,参数一,"{""utb"": {""key_value"": 2, ""atr_period"": 14, ""use_ha"": false}, ""r&s"": {""srb_left"": 10, ""srb_right"": 10}, ""atr"": {""atr_length"": 14, ""atr_mult"": 1.0}}",RXSIGHT INC,1WK,,,,,,
2026-08-10 00:00:00,Long,RXST,7.08,13.17%,5.25,mfa,参数一,"{""utb"": {""key_value"": 2, ""atr_period"": 14, ""use_ha"": false}, ""mfa"": {""mfa_all"": 22}}",RXSIGHT INC,1WK,,,,,,
2026-08-10 00:00:00,Short,ZONE,0.16,-56.68%,0.62,utb,参数二,"{""utb"": {""key_value"": 3, ""atr_period"": 14, ""use_ha"": false}, ""r&s"": {""srb_left"": 15, ""srb_right"": 15}, ""atr"": {""atr_length"": 14, ""atr_mult"": 1.0}}",CLEANCORE SOLUTIONS INC-CL B,1WK,,,,,,
2026-08-10 00:00:00,Short,ZONE,0.16,-56.68%,0.62,sqz,参数二,"{""sqz"": {""bb_length"": 20, ""bb_mult"": 1.8, ""kc_length"": 20, ""kc_mult"": 1.5, ""min_sqz_bars"": 4}, ""r&s"": {""srb_left"": 15, ""srb_right"": 15}, ""atr"": {""atr_length"": 14, ""atr_mult"": 1.0}}",CLEANCORE SOLUTIONS INC-CL B,1WK,一直释放,nan-0.81-0.22,低-低,nan%-72.72%,32.0,375.11
2026-08-10 00:00:00,Short,MOV,35.85,-5.25%,40.32,suf,参数一,"{""suf"": {""timeframe"": ""w""}}",MOVADO GROUP INC,1WK,,,,,,
2026-08-10 00:00:00,Short,MOV,35.85,-5.25%,40.32,suf,参数二,"{""suf"": {""timeframe"": ""w""}}",MOVADO GROUP INC,1WK,,,,,,
2026-08-10 00:00:00,Long,SPHR,174.23,9.21%,142.62,utb,参数一,"{""utb"": {""key_value"": 2, ""atr_period"": 14, ""use_ha"": false}, ""r&s"": {""srb_left"": 10, ""srb_right"": 10}, ""atr"": {""atr_length"": 14, ""atr_mult"": 1.0}}",SPHERE ENTERTAINMENT CO,1WK,,,,,,
2026-08-10 00:00:00,Long,SPHR,174.23,9.21%,142.62,sqz,参数二,"{""sqz"": {""bb_length"": 20, ""bb_mult"": 1.8, ""kc_length"": 20, ""kc_mult"": 1.5, ""min_sqz_bars"": 4}, ""r&s"": {""srb_left"": 15, ""srb_right"": 15}, ""atr"": {""atr_length"": 14, ""atr_mult"": 1.0}}",SPHERE ENTERTAINMENT CO,1WK,一直释放,nan-43.93-51.83-50.88-49.12,低-高-低-低,nan%-17.98%-1.83%-3.47%,77.0,105.59
2026-08-10 00:00:00,Long,CG,50.08,4.79%,43.08,utb,参数一,"{""utb"": {""key_value"": 2, ""atr_period"": 14, ""use_ha"": false}, ""r&s"": {""srb_left"": 10, ""srb_right"": 10}, ""atr"": {""atr_length"": 14, ""atr_mult"": 1.0}}",CARLYLE GROUP INC/THE,1WK,,,,,,
2026-08-10 00:00:00,Long,CG,50.08,4.79%,43.08,mfa,参数一,"{""utb"": {""key_value"": 2, ""atr_period"": 14, ""use_ha"": false}, ""mfa"": {""mfa_all"": 25}}",CARLYLE GROUP INC/THE,1WK,,,,,,
2026-08-10 00:00:00,Short,HWBK,40.14,-0.42%,42.81,suf,参数一,"{""suf"": {""timeframe"": ""w""}}",HAWTHORN BANCSHARES INC,1WK,,,,,,
2026-08-10 00:00:00,Short,HWBK,40.14,-0.42%,42.81,suf,参数二,"{""suf"": {""timeframe"": ""w""}}",HAWTHORN BANCSHARES INC,1WK,,,,,,
2026-08-10 00:00:00,Short,CRON,3.05,-1.58%,3.54,suf,参数一,"{""suf"": {""timeframe"": ""w""}}",CRONOS GROUP INC,1WK,,,,,,
2026-08-10 00:00:00,Short,CRON,3.05,-1.58%,3.54,suf,参数二,"{""suf"": {""timeframe"": ""w""}}",CRONOS GROUP INC,1WK,,,,,,
2026-08-10 00:00:00,Long,NOG,24.65,14.12%,19.7,utb,参数一,"{""utb"": {""key_value"": 2, ""atr_period"": 14, ""use_ha"": false}, ""r&s"": {""srb_left"": 10, ""srb_right"": 10}, ""atr"": {""atr_length"": 14, ""atr_mult"": 1.0}}",NORTHERN OIL AND GAS INC,1WK,,,,,,
2026-08-10 00:00:00,Short,LENZ,4.71,-12.13%,8.5,sqz,参数一,"{""sqz"": {""bb_length"": 15, ""bb_mult"": 1.5, ""kc_length"": 15, ""kc_mult"": 1.2, ""min_sqz_bars"": 4}, ""r&s"": {""srb_left"": 10, ""srb_right"": 10}, ""atr"": {""atr_length"": 14, ""atr_mult"": 1.0}}",LENZ THERAPEUTICS INC,1WK,一直释放,5.3-7.16-6.7-14.42-16.53,高-低-高-高,35.22%-6.51%-115.31%-14.67%,70.0,204.81
2026-08-10 00:00:00,Short,LENZ,4.71,-12.13%,8.5,sqz,参数二,"{""sqz"": {""bb_length"": 20, ""bb_mult"": 1.8, ""kc_length"": 20, ""kc_mult"": 1.5, ""min_sqz_bars"": 4}, ""r&s"": {""srb_left"": 15, ""srb_right"": 15}, ""atr"": {""atr_length"": 14, ""atr_mult"": 1.0}}",LENZ THERAPEUTICS INC,1WK,一直释放,nan-6.7-16.53,低-高,nan%-146.89%,70.0,204.81
2026-08-10 00:00:00,Long,BANL,9.07,141.87%,2.63,utb,参数一,"{""utb"": {""key_value"": 2, ""atr_period"": 14, ""use_ha"": false}, ""r&s"": {""srb_left"": 10, ""srb_right"": 10}, ""atr"": {""atr_length"": 14, ""atr_mult"": 1.0}}",CBL INTERNATIONAL LTD-B,1WK,,,,,,
2026-08-10 00:00:00,Long,BANL,9.07,141.87%,2.63,mfa,参数一,"{""utb"": {""key_value"": 2, ""atr_period"": 14, ""use_ha"": false}, ""mfa"": {""mfa_all"": 63}}",CBL INTERNATIONAL LTD-B,1WK,,,,,,
2026-08-10 00:00:00,Long,EMBC,5.07,14.71%,3.36,utb,参数一,"{""utb"": {""key_value"": 2, ""atr_period"": 14, ""use_ha"": false}, ""r&s"": {""srb_left"": 10, ""srb_right"": 10}, ""atr"": {""atr_length"": 14, ""atr_mult"": 1.0}}",EMBECTA CORP,1WK,,,,,,
2026-08-10 00:00:00,Long,EMBC,5.07,14.71%,3.36,mfa,参数一,"{""utb"": {""key_value"": 2, ""atr_period"": 14, ""use_ha"": false}, ""mfa"": {""mfa_all"": 24}}",EMBECTA CORP,1WK,,,,,,
2026-08-10 00:00:00,Long,LMT,607.76,3.37%,554.0,utb,参数二,"{""utb"": {""key_value"": 3, ""atr_period"": 14, ""use_ha"": false}, ""r&s"": {""srb_left"": 15, ""srb_right"": 15}, ""atr"": {""atr_length"": 14, ""atr_mult"": 1.0}}",LOCKHEED MARTIN CORP,1WK,,,,,,
2026-08-10 00:00:00,Short,SCSC,52.49,-4.49%,59.34,suf,参数一,"{""suf"": {""timeframe"": ""w""}}",SCANSOURCE INC,1WK,,,,,,
2026-08-10 00:00:00,Short,SCSC,52.49,-4.49%,59.34,suf,参数二,"{""suf"": {""timeframe"": ""w""}}",SCANSOURCE INC,1WK,,,,,,
2026-08-10 00:00:00,Long,ULBI,7.6,19.69%,5.41,utb,参数一,"{""utb"": {""key_value"": 2, ""atr_period"": 14, ""use_ha"": false}, ""r&s"": {""srb_left"": 10, ""srb_right"": 10}, ""atr"": {""atr_length"": 14, ""atr_mult"": 1.0}}",ULTRALIFE CORP,1WK,,,,,,
2026-08-10 00:00:00,Long,ULBI,7.6,19.69%,5.41,utb,参数二,"{""utb"": {""key_value"": 3, ""atr_period"": 14, ""use_ha"": false}, ""r&s"": {""srb_left"": 15, ""srb_right"": 15}, ""atr"": {""atr_length"": 14, ""atr_mult"": 1.0}}",ULTRALIFE CORP,1WK,,,,,,
2026-08-10 00:00:00,Long,IQST,1.13,6.58%,0.66,suf,参数一,"{""suf"": {""timeframe"": ""w""}}",IQSTEL INC,1WK,,,,,,
2026-08-10 00:00:00,Long,IQST,1.13,6.58%,0.66,suf,参数二,"{""suf"": {""timeframe"": ""w""}}",IQSTEL INC,1WK,,,,,,
2026-08-10 00:00:00,Long,OMC,87.85,3.06%,77.38,sqz,参数一,"{""sqz"": {""bb_length"": 15, ""bb_mult"": 1.5, ""kc_length"": 15, ""kc_mult"": 1.2, ""min_sqz_bars"": 4}, ""r&s"": {""srb_left"": 10, ""srb_right"": 10}, ""atr"": {""atr_length"": 14, ""atr_mult"": 1.0}}",OMNICOM GROUP,1WK,压力释放,90.53-100.22-84.98-80.48-85.4,高-低-低-高,10.71%-15.21%-5.30%-6.11%,23.0,23.33
2026-08-10 00:00:00,Long,OMC,87.85,3.06%,77.38,sqz,参数二,"{""sqz"": {""bb_length"": 20, ""bb_mult"": 1.8, ""kc_length"": 20, ""kc_mult"": 1.5, ""min_sqz_bars"": 4}, ""r&s"": {""srb_left"": 15, ""srb_right"": 15}, ""atr"": {""atr_length"": 14, ""atr_mult"": 1.0}}",OMNICOM GROUP,1WK,压力释放,nan-89.35-100.22-85.4,低-高-低,nan%-12.16%-14.79%,23.0,23.33
2026-08-10 00:00:00,Short,OTLK,0.78,-23.68%,1.54,utb,参数二,"{""utb"": {""key_value"": 3, ""atr_period"": 14, ""use_ha"": false}, ""r&s"": {""srb_left"": 15, ""srb_right"": 15}, ""atr"": {""atr_length"": 14, ""atr_mult"": 1.0}}",OUTLOOK THERAPEUTICS INC,1WK,,,,,,
2026-08-10 00:00:00,Short,NABL,3.54,-29.06%,4.5,utb,参数一,"{""utb"": {""key_value"": 2, ""atr_period"": 14, ""use_ha"": false}, ""r&s"": {""srb_left"": 10, ""srb_right"": 10}, ""atr"": {""atr_length"": 14, ""atr_mult"": 1.0}}",N-ABLE INC,1WK,,,,,,
2026-08-10 00:00:00,Short,EBF,22.09,-0.92%,23.24,suf,参数一,"{""suf"": {""timeframe"": ""w""}}",ENNIS INC,1WK,,,,,,
2026-08-10 00:00:00,Short,EBF,22.09,-0.92%,23.24,suf,参数二,"{""suf"": {""timeframe"": ""w""}}",ENNIS INC,1WK,,,,,,
2026-08-10 00:00:00,Long,HUDI,0.93,29.02%,0.57,suf,参数一,"{""suf"": {""timeframe"": ""w""}}",HUADI INTERNATIONAL GROUP CO,1WK,,,,,,
2026-08-10 00:00:00,Long,HUDI,0.93,29.02%,0.57,suf,参数二,"{""suf"": {""timeframe"": ""w""}}",HUADI INTERNATIONAL GROUP CO,1WK,,,,,,
2026-08-10 00:00:00,Short,HIVE,2.56,-10.04%,3.48,utb,参数二,"{""utb"": {""key_value"": 3, ""atr_period"": 14, ""use_ha"": false}, ""r&s"": {""srb_left"": 15, ""srb_right"": 15}, ""atr"": {""atr_length"": 14, ""atr_mult"": 1.0}}",HIVE DIGITAL TECHNOLOGIES LT,1WK,,,,,,
2026-08-10 00:00:00,Long,XHLD,5.59,176.73%,1.42,utb,参数一,"{""utb"": {""key_value"": 2, ""atr_period"": 14, ""use_ha"": false}, ""r&s"": {""srb_left"": 10, ""srb_right"": 10}, ""atr"": {""atr_length"": 14, ""atr_mult"": 1.0}}",TEN HOLDINGS INC,1WK,,,,,,
2026-08-10 00:00:00,Long,XHLD,5.59,176.73%,1.42,utb,参数二,"{""utb"": {""key_value"": 3, ""atr_period"": 14, ""use_ha"": false}, ""r&s"": {""srb_left"": 15, ""srb_right"": 15}, ""atr"": {""atr_length"": 14, ""atr_mult"": 1.0}}",TEN HOLDINGS INC,1WK,,,,,,
2026-08-10 00:00:00,Long,NG,7.98,5.14%,6.1,utb,参数一,"{""utb"": {""key_value"": 2, ""atr_period"": 14, ""use_ha"": false}, ""r&s"": {""srb_left"": 10, ""srb_right"": 10}, ""atr"": {""atr_length"": 14, ""atr_mult"": 1.0}}",NOVAGOLD RESOURCES INC,1WK,,,,,,
2026-08-10 00:00:00,Long,NG,7.98,5.14%,6.1,mfa,参数一,"{""utb"": {""key_value"": 2, ""atr_period"": 14, ""use_ha"": false}, ""mfa"": {""mfa_all"": 11}}",NOVAGOLD RESOURCES INC,1WK,,,,,,
2026-08-10 00:00:00,Long,NXPL,8.72,35.83%,4.96,utb,参数二,"{""utb"": {""key_value"": 3, ""atr_period"": 14, ""use_ha"": false}, ""r&s"": {""srb_left"": 15, ""srb_right"": 15}, ""atr"": {""atr_length"": 14, ""atr_mult"": 1.0}}",NEXTPLAT CORP,1WK,,,,,,
2026-08-10 00:00:00,Long,POST,80.84,2.73%,68.4,suf,参数一,"{""suf"": {""timeframe"": ""w""}}",POST HOLDINGS INC,1WK,,,,,,
2026-08-10 00:00:00,Long,POST,80.84,2.73%,68.4,suf,参数二,"{""suf"": {""timeframe"": ""w""}}",POST HOLDINGS INC,1WK,,,,,,
2026-08-10 00:00:00,Long,HSIC,90.31,2.47%,82.9,sqz,参数一,"{""sqz"": {""bb_length"": 15, ""bb_mult"": 1.5, ""kc_length"": 15, ""kc_mult"": 1.2, ""min_sqz_bars"": 4}, ""r&s"": {""srb_left"": 10, ""srb_right"": 10}, ""atr"": {""atr_length"": 14, ""atr_mult"": 1.0}}",HENRY SCHEIN INC,1WK,一直亮绿,82.62-82.63-82.49-75.76-89.29,高-低-低-高,0.01%-0.17%-8.16%-17.86%,24.0,29.97
2026-08-10 00:00:00,Long,HSIC,90.31,2.47%,82.9,sqz,参数二,"{""sqz"": {""bb_length"": 20, ""bb_mult"": 1.8, ""kc_length"": 20, ""kc_mult"": 1.5, ""min_sqz_bars"": 4}, ""r&s"": {""srb_left"": 15, ""srb_right"": 15}, ""atr"": {""atr_length"": 14, ""atr_mult"": 1.0}}",HENRY SCHEIN INC,1WK,一直亮绿,89.72-82.63-82.49-75.76-89.29,低-低-低-高,7.90%-0.17%-8.16%-17.86%,24.0,29.97
2026-08-10 00:00:00,Long,MKC,54.6,3.11%,48.47,utb,参数一,"{""utb"": {""key_value"": 2, ""atr_period"": 14, ""use_ha"": false}, ""r&s"": {""srb_left"": 10, ""srb_right"": 10}, ""atr"": {""atr_length"": 14, ""atr_mult"": 1.0}}",MCCORMICK & CO-NON VTG SHRS,1WK,,,,,,
2026-08-10 00:00:00,Short,CROX,131.79,-3.54%,150.99,suf,参数一,"{""suf"": {""timeframe"": ""w""}}",CROCS INC,1WK,,,,,,
2026-08-10 00:00:00,Short,CROX,131.79,-3.54%,150.99,suf,参数二,"{""suf"": {""timeframe"": ""w""}}",CROCS INC,1WK,,,,,,
2026-08-10 00:00:00,Short,APPS,12.73,-11.21%,17.12,suf,参数一,"{""suf"": {""timeframe"": ""w""}}",DIGITAL TURBINE INC,1WK,,,,,,
2026-08-10 00:00:00,Short,APPS,12.73,-11.21%,17.12,suf,参数二,"{""suf"": {""timeframe"": ""w""}}",DIGITAL TURBINE INC,1WK,,,,,,
2026-08-10 00:00:00,Long,IMXI,14.34,17.60%,10.43,utb,参数一,"{""utb"": {""key_value"": 2, ""atr_period"": 14, ""use_ha"": false}, ""r&s"": {""srb_left"": 10, ""srb_right"": 10}, ""atr"": {""atr_length"": 14, ""atr_mult"": 1.0}}",INTERNATIONAL MONEY EXPRESS,1WK,,,,,,
2026-08-10 00:00:00,Long,IMXI,14.34,17.60%,10.43,mfa,参数一,"{""utb"": {""key_value"": 2, ""atr_period"": 14, ""use_ha"": false}, ""mfa"": {""mfa_all"": 10}}",INTERNATIONAL MONEY EXPRESS,1WK,,,,,,
2026-08-10 00:00:00,Long,IMXI,14.34,17.60%,10.43,suf,参数一,"{""suf"": {""timeframe"": ""w""}}",INTERNATIONAL MONEY EXPRESS,1WK,,,,,,
2026-08-10 00:00:00,Long,IMXI,14.34,17.60%,10.43,utb,参数二,"{""utb"": {""key_value"": 3, ""atr_period"": 14, ""use_ha"": false}, ""r&s"": {""srb_left"": 15, ""srb_right"": 15}, ""atr"": {""atr_length"": 14, ""atr_mult"": 1.0}}",INTERNATIONAL MONEY EXPRESS,1WK,,,,,,
2026-08-10 00:00:00,Long,IMXI,14.34,17.60%,10.43,mfa,参数二,"{""utb"": {""key_value"": 3, ""atr_period"": 14, ""use_ha"": false}, ""mfa"": {""mfa_all"": 10}}",INTERNATIONAL MONEY EXPRESS,1WK,,,,,,
2026-08-10 00:00:00,Long,IMXI,14.34,17.60%,10.43,suf,参数二,"{""suf"": {""timeframe"": ""w""}}",INTERNATIONAL MONEY EXPRESS,1WK,,,,,,
2026-08-10 00:00:00,Long,BLK,1177.49,3.62%,1064.71,sqz,参数一,"{""sqz"": {""bb_length"": 15, ""bb_mult"": 1.5, ""kc_length"": 15, ""kc_mult"": 1.2, ""min_sqz_bars"": 4}, ""r&s"": {""srb_left"": 10, ""srb_right"": 10}, ""atr"": {""atr_length"": 14, ""atr_mult"": 1.0}}",BLACKROCK INC,1WK,压力释放,706.58-804.69-1050.64-1200.54-1168.24,高-高-高-低,13.89%-30.56%-14.27%-2.69%,30.0,28.06
2026-08-10 00:00:00,Long,FRST,16.66,2.52%,15.18,sqz,参数一,"{""sqz"": {""bb_length"": 15, ""bb_mult"": 1.5, ""kc_length"": 15, ""kc_mult"": 1.2, ""min_sqz_bars"": 4}, ""r&s"": {""srb_left"": 10, ""srb_right"": 10}, ""atr"": {""atr_length"": 14, ""atr_mult"": 1.0}}",PRIMIS FINANCIAL CORP,1WK,一直释放,8.91-12.48-12.54-12.22-11.65,高-高-低-低,40.01%-0.50%-2.57%-4.64%,55.0,25.66
2026-08-10 00:00:00,Long,SLND,0.6,4.21%,0.18,suf,参数一,"{""suf"": {""timeframe"": ""w""}}",SOUTHLAND HOLDINGS INC,1WK,,,,,,
2026-08-10 00:00:00,Long,SLND,0.6,4.21%,0.18,suf,参数二,"{""suf"": {""timeframe"": ""w""}}",SOUTHLAND HOLDINGS INC,1WK,,,,,,
2026-08-10 00:00:00,Long,NTSK,15.85,6.56%,12.71,utb,参数二,"{""utb"": {""key_value"": 3, ""atr_period"": 14, ""use_ha"": false}, ""r&s"": {""srb_left"": 15, ""srb_right"": 15}, ""atr"": {""atr_length"": 14, ""atr_mult"": 1.0}}",NETSKOPE INC-CL A,1WK,,,,,,
2026-08-10 00:00:00,Short,PETZ,1.41,-11.04%,1.94,suf,参数一,"{""suf"": {""timeframe"": ""w""}}",TDH HOLDINGS INC,1WK,,,,,,
2026-08-10 00:00:00,Short,PETZ,1.41,-11.04%,1.94,suf,参数二,"{""suf"": {""timeframe"": ""w""}}",TDH HOLDINGS INC,1WK,,,,,,
2026-08-10 00:00:00,Short,ADUS,116.57,-2.60%,127.84,suf,参数一,"{""suf"": {""timeframe"": ""w""}}",ADDUS HOMECARE CORP,1WK,,,,,,
2026-08-10 00:00:00,Short,ADUS,116.57,-2.60%,127.84,suf,参数二,"{""suf"": {""timeframe"": ""w""}}",ADDUS HOMECARE CORP,1WK,,,,,,
2026-08-10 00:00:00,Short,INV,1.59,-53.86%,5.02,sqz,参数一,"{""sqz"": {""bb_length"": 15, ""bb_mult"": 1.5, ""kc_length"": 15, ""kc_mult"": 1.2, ""min_sqz_bars"": 4}, ""r&s"": {""srb_left"": 10, ""srb_right"": 10}, ""atr"": {""atr_length"": 14, ""atr_mult"": 1.0}}",INNVENTURE INC,1WK,一直亮红,10.85-8.55-3.0-2.36-2.52,低-低-低-高,21.20%-64.91%-21.33%-6.78%,27.0,211.9
2026-08-10 00:00:00,Short,INV,1.59,-53.86%,5.02,sqz,参数二,"{""sqz"": {""bb_length"": 20, ""bb_mult"": 1.8, ""kc_length"": 20, ""kc_mult"": 1.5, ""min_sqz_bars"": 4}, ""r&s"": {""srb_left"": 15, ""srb_right"": 15}, ""atr"": {""atr_length"": 14, ""atr_mult"": 1.0}}",INNVENTURE INC,1WK,一直亮红,10.85-8.55-3.0-2.36,低-低-低,21.20%-64.91%-21.33%,41.0,233.05
2026-08-10 00:00:00,Short,CINF,173.59,-1.85%,186.15,utb,参数一,"{""utb"": {""key_value"": 2, ""atr_period"": 14, ""use_ha"": false}, ""r&s"": {""srb_left"": 10, ""srb_right"": 10}, ""atr"": {""atr_length"": 14, ""atr_mult"": 1.0}}",CINCINNATI FINANCIAL CORP,1WK,,,,,,
2026-08-10 00:00:00,Long,PPTA,25.31,2.39%,20.48,utb,参数一,"{""utb"": {""key_value"": 2, ""atr_period"": 14, ""use_ha"": false}, ""r&s"": {""srb_left"": 10, ""srb_right"": 10}, ""atr"": {""atr_length"": 14, ""atr_mult"": 1.0}}",PERPETUA RESOURCES CORP,1WK,,,,,,
2026-08-10 00:00:00,Long,EXOD,6.65,21.13%,3.08,suf,参数一,"{""suf"": {""timeframe"": ""w""}}",EXODUS MOVEMENT INC - A,1WK,,,,,,
2026-08-10 00:00:00,Long,EXOD,6.65,21.13%,3.08,suf,参数二,"{""suf"": {""timeframe"": ""w""}}",EXODUS MOVEMENT INC - A,1WK,,,,,,
2026-08-10 00:00:00,Short,CLBT,11.09,-30.72%,18.44,utb,参数一,"{""utb"": {""key_value"": 2, ""atr_period"": 14, ""use_ha"": false}, ""r&s"": {""srb_left"": 10, ""srb_right"": 10}, ""atr"": {""atr_length"": 14, ""atr_mult"": 1.0}}",CELLEBRITE DI LTD,1WK,,,,,,
2026-08-10 00:00:00,Short,DAL,89.71,-1.79%,98.25,suf,参数一,"{""suf"": {""timeframe"": ""w""}}",DELTA AIR LINES INC,1WK,,,,,,
2026-08-10 00:00:00,Short,DAL,89.71,-1.79%,98.25,suf,参数二,"{""suf"": {""timeframe"": ""w""}}",DELTA AIR LINES INC,1WK,,,,,,
2026-08-10 00:00:00,Long,BFRI,1.36,6.69%,1.02,sqz,参数二,"{""sqz"": {""bb_length"": 20, ""bb_mult"": 1.8, ""kc_length"": 20, ""kc_mult"": 1.5, ""min_sqz_bars"": 4}, ""r&s"": {""srb_left"": 15, ""srb_right"": 15}, ""atr"": {""atr_length"": 14, ""atr_mult"": 1.0}}",BIOFRONTERA INC,1WK,压力释放,nan-2.22-1.19,低-低,nan%-46.40%,40.0,114.41
2026-08-10 00:00:00,Short,USNA,13.68,-11.60%,17.78,sqz,参数一,"{""sqz"": {""bb_length"": 15, ""bb_mult"": 1.5, ""kc_length"": 15, ""kc_mult"": 1.2, ""min_sqz_bars"": 4}, ""r&s"": {""srb_left"": 10, ""srb_right"": 10}, ""atr"": {""atr_length"": 14, ""atr_mult"": 1.0}}",USANA HEALTH SCIENCES INC,1WK,支撑释放,44.01-41.45-23.1-18.48-16.6,低-低-低-低,5.82%-44.27%-20.00%-10.17%,19.0,42.11
2026-08-10 00:00:00,Short,TDAY,7.01,-3.24%,8.06,utb,参数二,"{""utb"": {""key_value"": 3, ""atr_period"": 14, ""use_ha"": false}, ""r&s"": {""srb_left"": 15, ""srb_right"": 15}, ""atr"": {""atr_length"": 14, ""atr_mult"": 1.0}}",USA TODAY CO INC,1WK,,,,,,
2026-08-10 00:00:00,Short,NWPX,115.57,-3.47%,131.05,utb,参数二,"{""utb"": {""key_value"": 3, ""atr_period"": 14, ""use_ha"": false}, ""r&s"": {""srb_left"": 15, ""srb_right"": 15}, ""atr"": {""atr_length"": 14, ""atr_mult"": 1.0}}",NWPX INFRASTRUCTURE INC,1WK,,,,,,
2026-08-10 00:00:00,Long,TPCS,5.76,16.12%,4.23,sqz,参数二,"{""sqz"": {""bb_length"": 20, ""bb_mult"": 1.8, ""kc_length"": 20, ""kc_mult"": 1.5, ""min_sqz_bars"": 4}, ""r&s"": {""srb_left"": 15, ""srb_right"": 15}, ""atr"": {""atr_length"": 14, ""atr_mult"": 1.0}}",TECHPRECISION CORP,1WK,一直亮绿,nan-10.76-5.95-6.25-5.69,低-低-高-低,nan%-44.70%-5.04%-8.96%,31.0,97.57
2026-08-10 00:00:00,Long,MHO,153.24,0.82%,137.5,sqz,参数二,"{""sqz"": {""bb_length"": 20, ""bb_mult"": 1.8, ""kc_length"": 20, ""kc_mult"": 1.5, ""min_sqz_bars"": 4}, ""r&s"": {""srb_left"": 15, ""srb_right"": 15}, ""atr"": {""atr_length"": 14, ""atr_mult"": 1.0}}",M/I HOMES INC,1WK,一直亮绿,nan-140.73-176.18-158.92-152.14,低-高-低-低,nan%-25.19%-9.80%-4.27%,26.0,30.28
2026-08-10 00:00:00,Long,ATCH,0.2,12.76%,0.11,suf,参数一,"{""suf"": {""timeframe"": ""w""}}",ATLASCLEAR HOLDINGS INC,1WK,,,,,,
2026-08-10 00:00:00,Long,ATCH,0.2,12.76%,0.11,suf,参数二,"{""suf"": {""timeframe"": ""w""}}",ATLASCLEAR HOLDINGS INC,1WK,,,,,,
2026-08-10 00:00:00,Short,PFGC,106.93,-6.94%,122.28,suf,参数一,"{""suf"": {""timeframe"": ""w""}}",PERFORMANCE FOOD GROUP CO,1WK,,,,,,
2026-08-10 00:00:00,Short,PFGC,106.93,-6.94%,122.28,suf,参数二,"{""suf"": {""timeframe"": ""w""}}",PERFORMANCE FOOD GROUP CO,1WK,,,,,,
2026-08-10 00:00:00,Long,CLMB,28.46,2.34%,23.76,utb,参数二,"{""utb"": {""key_value"": 3, ""atr_period"": 14, ""use_ha"": false}, ""r&s"": {""srb_left"": 15, ""srb_right"": 15}, ""atr"": {""atr_length"": 14, ""atr_mult"": 1.0}}",CLIMB GLOBAL SOLUTIONS INC,1WK,,,,,,
2026-08-10 00:00:00,Long,RMCF,1.27,52.89%,0.3,suf,参数一,"{""suf"": {""timeframe"": ""w""}}",ROCKY MOUNTAIN CHOC FACT INC,1WK,,,,,,
2026-08-10 00:00:00,Long,RMCF,1.27,52.89%,0.3,suf,参数二,"{""suf"": {""timeframe"": ""w""}}",ROCKY MOUNTAIN CHOC FACT INC,1WK,,,,,,
2026-08-10 00:00:00,Short,MO,65.76,-3.79%,72.46,utb,参数一,"{""utb"": {""key_value"": 2, ""atr_period"": 14, ""use_ha"": false}, ""r&s"": {""srb_left"": 10, ""srb_right"": 10}, ""atr"": {""atr_length"": 14, ""atr_mult"": 1.0}}",ALTRIA GROUP INC,1WK,,,,,,
2026-08-10 00:00:00,Short,NRSN,0.45,-9.50%,0.68,sqz,参数二,"{""sqz"": {""bb_length"": 20, ""bb_mult"": 1.8, ""kc_length"": 20, ""kc_mult"": 1.5, ""min_sqz_bars"": 4}, ""r&s"": {""srb_left"": 15, ""srb_right"": 15}, ""atr"": {""atr_length"": 14, ""atr_mult"": 1.0}}",NEUROSENSE THERAPEUTICS LTD,1WK,支撑释放,nan-0.4-0.51-0.63,低-高-高,nan%-28.00%-23.05%,20.0,54.92
2026-08-10 00:00:00,Short,PRPL,6.52,-31.94%,10.83,utb,参数一,"{""utb"": {""key_value"": 2, ""atr_period"": 14, ""use_ha"": false}, ""r&s"": {""srb_left"": 10, ""srb_right"": 10}, ""atr"": {""atr_length"": 14, ""atr_mult"": 1.0}}",PURPLE INNOVATION INC,1WK,,,,,,
2026-08-10 00:00:00,Short,PRPL,6.52,-31.94%,10.83,utb,参数二,"{""utb"": {""key_value"": 3, ""atr_period"": 14, ""use_ha"": false}, ""r&s"": {""srb_left"": 15, ""srb_right"": 15}, ""atr"": {""atr_length"": 14, ""atr_mult"": 1.0}}",PURPLE INNOVATION INC,1WK,,,,,,
2026-08-10 00:00:00,Long,AGNT,4.44,1.14%,3.45,suf,参数一,"{""suf"": {""timeframe"": ""w""}}",AGNT INC,1WK,,,,,,
2026-08-10 00:00:00,Long,AGNT,4.44,1.14%,3.45,suf,参数二,"{""suf"": {""timeframe"": ""w""}}",AGNT INC,1WK,,,,,,
2026-08-10 00:00:00,Long,GP,1.65,6.32%,1.22,utb,参数一,"{""utb"": {""key_value"": 2, ""atr_period"": 14, ""use_ha"": false}, ""r&s"": {""srb_left"": 10, ""srb_right"": 10}, ""atr"": {""atr_length"": 14, ""atr_mult"": 1.0}}",GREENPOWER MOTOR CO INC,1WK,,,,,,
2026-08-10 00:00:00,Short,DYAI,0.78,-22.35%,1.31,utb,参数一,"{""utb"": {""key_value"": 2, ""atr_period"": 14, ""use_ha"": false}, ""r&s"": {""srb_left"": 10, ""srb_right"": 10}, ""atr"": {""atr_length"": 14, ""atr_mult"": 1.0}}",DYADIC INTERNATIONAL INC,1WK,,,,,,
2026-08-10 00:00:00,Short,INSE,6.13,-7.82%,7.41,utb,参数一,"{""utb"": {""key_value"": 2, ""atr_period"": 14, ""use_ha"": false}, ""r&s"": {""srb_left"": 10, ""srb_right"": 10}, ""atr"": {""atr_length"": 14, ""atr_mult"": 1.0}}",INSPIRED ENTERTAINMENT INC,1WK,,,,,,
2026-08-10 00:00:00,Long,WTRG,40.35,1.70%,37.1,utb,参数一,"{""utb"": {""key_value"": 2, ""atr_period"": 14, ""use_ha"": false}, ""r&s"": {""srb_left"": 10, ""srb_right"": 10}, ""atr"": {""atr_length"": 14, ""atr_mult"": 1.0}}",ESSENTIAL UTILITIES INC,1WK,,,,,,
2026-08-10 00:00:00,Short,CVGI,3.2,-11.85%,4.44,utb,参数二,"{""utb"": {""key_value"": 3, ""atr_period"": 14, ""use_ha"": false}, ""r&s"": {""srb_left"": 15, ""srb_right"": 15}, ""atr"": {""atr_length"": 14, ""atr_mult"": 1.0}}",COMMERCIAL VEHICLE GROUP INC,1WK,,,,,,
2026-08-10 00:00:00,Short,HNST,4.89,-10.44%,6.11,suf,参数一,"{""suf"": {""timeframe"": ""w""}}",HONEST CO INC/THE,1WK,,,,,,
2026-08-10 00:00:00,Short,HNST,4.89,-10.44%,6.11,suf,参数二,"{""suf"": {""timeframe"": ""w""}}",HONEST CO INC/THE,1WK,,,,,,
2026-08-10 00:00:00,Long,CGBD,11.38,3.27%,10.28,utb,参数一,"{""utb"": {""key_value"": 2, ""atr_period"": 14, ""use_ha"": false}, ""r&s"": {""srb_left"": 10, ""srb_right"": 10}, ""atr"": {""atr_length"": 14, ""atr_mult"": 1.0}}",CARLYLE SECURED LENDING INC,1WK,,,,,,
2026-08-10 00:00:00,Short,CENT,43.8,-2.10%,47.93,suf,参数一,"{""suf"": {""timeframe"": ""w""}}",CENTRAL GARDEN & PET CO,1WK,,,,,,
2026-08-10 00:00:00,Short,CENT,43.8,-2.10%,47.93,suf,参数二,"{""suf"": {""timeframe"": ""w""}}",CENTRAL GARDEN & PET CO,1WK,,,,,,
2026-08-10 00:00:00,Short,IRMD,85.53,-7.53%,100.19,utb,参数一,"{""utb"": {""key_value"": 2, ""atr_period"": 14, ""use_ha"": false}, ""r&s"": {""srb_left"": 10, ""srb_right"": 10}, ""atr"": {""atr_length"": 14, ""atr_mult"": 1.0}}",IRADIMED CORP,1WK,,,,,,
2026-08-10 00:00:00,Short,EVTL,0.83,-39.18%,1.54,sqz,参数二,"{""sqz"": {""bb_length"": 20, ""bb_mult"": 1.8, ""kc_length"": 20, ""kc_mult"": 1.5, ""min_sqz_bars"": 4}, ""r&s"": {""srb_left"": 15, ""srb_right"": 15}, ""atr"": {""atr_length"": 14, ""atr_mult"": 1.0}}",VERTICAL AEROSPACE LTD,1WK,一直释放,14.1-5.08-3.55-2.76-3.71,低-低-低-高,63.97%-30.12%-22.25%-34.42%,38.0,97.52
2026-08-10 00:00:00,Short,AMRZ,46.67,0.06%,51.44,sqz,参数一,"{""sqz"": {""bb_length"": 15, ""bb_mult"": 1.5, ""kc_length"": 15, ""kc_mult"": 1.2, ""min_sqz_bars"": 4}, ""r&s"": {""srb_left"": 10, ""srb_right"": 10}, ""atr"": {""atr_length"": 14, ""atr_mult"": 1.0}}",AMRIZE LTD,1WK,支撑释放,nan-46.41-47.8,低-高,nan%-3.00%,12.0,19.23
2026-08-10 00:00:00,Long,CADL,11.66,10.10%,9.2,sqz,参数一,"{""sqz"": {""bb_length"": 15, ""bb_mult"": 1.5, ""kc_length"": 15, ""kc_mult"": 1.2, ""min_sqz_bars"": 4}, ""r&s"": {""srb_left"": 10, ""srb_right"": 10}, ""atr"": {""atr_length"": 14, ""atr_mult"": 1.0}}",CANDEL THERAPEUTICS INC,1WK,一直释放,14.3-8.33-14.6-7.25-6.82,低-高-低-低,41.75%-75.27%-50.34%-5.86%,35.0,53.72
2026-08-10 00:00:00,Long,T,24.93,4.81%,21.87,utb,参数二,"{""utb"": {""key_value"": 3, ""atr_period"": 14, ""use_ha"": false}, ""r&s"": {""srb_left"": 15, ""srb_right"": 15}, ""atr"": {""atr_length"": 14, ""atr_mult"": 1.0}}",AT&T INC,1WK,,,,,,
2026-08-10 00:00:00,Long,T,24.93,4.81%,21.87,mfa,参数二,"{""utb"": {""key_value"": 3, ""atr_period"": 14, ""use_ha"": false}, ""mfa"": {""mfa_all"": 11}}",AT&T INC,1WK,,,,,,
2026-08-10 00:00:00,Short,PKG,255.29,-0.29%,273.64,suf,参数一,"{""suf"": {""timeframe"": ""w""}}",PACKAGING CORP OF AMERICA,1WK,,,,,,
2026-08-10 00:00:00,Short,PKG,255.29,-0.29%,273.64,suf,参数二,"{""suf"": {""timeframe"": ""w""}}",PACKAGING CORP OF AMERICA,1WK,,,,,,
2026-08-10 00:00:00,Short,BSET,19.24,-5.45%,21.69,suf,参数一,"{""suf"": {""timeframe"": ""w""}}",BASSETT FURNITURE INDS,1WK,,,,,,
2026-08-10 00:00:00,Short,BSET,19.24,-5.45%,21.69,suf,参数二,"{""suf"": {""timeframe"": ""w""}}",BASSETT FURNITURE INDS,1WK,,,,,,
2026-08-10 00:00:00,Long,ELE,20.86,8.82%,16.04,utb,参数一,"{""utb"": {""key_value"": 2, ""atr_period"": 14, ""use_ha"": false}, ""r&s"": {""srb_left"": 10, ""srb_right"": 10}, ""atr"": {""atr_length"": 14, ""atr_mult"": 1.0}}",ELEMENTAL ROYALTY CORP,1WK,,,,,,
2026-08-10 00:00:00,Long,CVRX,3.19,33.47%,0.91,suf,参数一,"{""suf"": {""timeframe"": ""w""}}",CVRX INC,1WK,,,,,,
2026-08-10 00:00:00,Long,CVRX,3.19,33.47%,0.91,suf,参数二,"{""suf"": {""timeframe"": ""w""}}",CVRX INC,1WK,,,,,,
2026-08-10 00:00:00,Long,HASI,42.56,4.61%,37.16,utb,参数一,"{""utb"": {""key_value"": 2, ""atr_period"": 14, ""use_ha"": false}, ""r&s"": {""srb_left"": 10, ""srb_right"": 10}, ""atr"": {""atr_length"": 14, ""atr_mult"": 1.0}}",HA SUSTAINABLE INFRASTRUCTUR,1WK,,,,,,
2026-08-10 00:00:00,Short,ACH,1.05,-62.50%,2.41,utb,参数一,"{""utb"": {""key_value"": 2, ""atr_period"": 14, ""use_ha"": false}, ""r&s"": {""srb_left"": 10, ""srb_right"": 10}, ""atr"": {""atr_length"": 14, ""atr_mult"": 1.0}}",ACCENDRA HEALTH INC,1WK,,,,,,
2026-08-10 00:00:00,Short,ACH,1.05,-62.50%,2.41,sqz,参数一,"{""sqz"": {""bb_length"": 15, ""bb_mult"": 1.5, ""kc_length"": 15, ""kc_mult"": 1.2, ""min_sqz_bars"": 4}, ""r&s"": {""srb_left"": 10, ""srb_right"": 10}, ""atr"": {""atr_length"": 14, ""atr_mult"": 1.0}}",ACCENDRA HEALTH INC,1WK,支撑释放,13.64-12.36-11.42-6.07-1.84,低-低-低-低,9.38%-7.61%-46.85%-69.69%,31.0,154.89
2026-08-10 00:00:00,Long,FGI,9.2,101.31%,2.17,utb,参数一,"{""utb"": {""key_value"": 2, ""atr_period"": 14, ""use_ha"": false}, ""r&s"": {""srb_left"": 10, ""srb_right"": 10}, ""atr"": {""atr_length"": 14, ""atr_mult"": 1.0}}",FGI INDUSTRIES LTD,1WK,,,,,,
2026-08-10 00:00:00,Long,TNON,5.54,4129.01%,4.0,utb,参数一,"{""utb"": {""key_value"": 2, ""atr_period"": 14, ""use_ha"": false}, ""r&s"": {""srb_left"": 10, ""srb_right"": 10}, ""atr"": {""atr_length"": 14, ""atr_mult"": 1.0}}",TENON MEDICAL INC,1WK,,,,,,
2026-08-10 00:00:00,Long,TNON,5.54,4129.01%,4.0,mfa,参数一,"{""utb"": {""key_value"": 2, ""atr_period"": 14, ""use_ha"": false}, ""mfa"": {""mfa_all"": 28}}",TENON MEDICAL INC,1WK,,,,,,
2026-08-10 00:00:00,Long,TNON,5.54,4129.01%,4.0,suf,参数一,"{""suf"": {""timeframe"": ""w""}}",TENON MEDICAL INC,1WK,,,,,,
2026-08-10 00:00:00,Long,TNON,5.54,4129.01%,4.0,utb,参数二,"{""utb"": {""key_value"": 3, ""atr_period"": 14, ""use_ha"": false}, ""r&s"": {""srb_left"": 15, ""srb_right"": 15}, ""atr"": {""atr_length"": 14, ""atr_mult"": 1.0}}",TENON MEDICAL INC,1WK,,,,,,
2026-08-10 00:00:00,Long,TNON,5.54,4129.01%,4.0,mfa,参数二,"{""utb"": {""key_value"": 3, ""atr_period"": 14, ""use_ha"": false}, ""mfa"": {""mfa_all"": 28}}",TENON MEDICAL INC,1WK,,,,,,
2026-08-10 00:00:00,Long,TNON,5.54,4129.01%,4.0,suf,参数二,"{""suf"": {""timeframe"": ""w""}}",TENON MEDICAL INC,1WK,,,,,,
2026-08-10 00:00:00,Long,AQB,1.6,36.75%,0.92,utb,参数一,"{""utb"": {""key_value"": 2, ""atr_period"": 14, ""use_ha"": false}, ""r&s"": {""srb_left"": 10, ""srb_right"": 10}, ""atr"": {""atr_length"": 14, ""atr_mult"": 1.0}}",AQUABOUNTY TECHNOLOGIES,1WK,,,,,,
2026-08-10 00:00:00,Long,AQB,1.6,36.75%,0.92,sqz,参数一,"{""sqz"": {""bb_length"": 15, ""bb_mult"": 1.5, ""kc_length"": 15, ""kc_mult"": 1.2, ""min_sqz_bars"": 4}, ""r&s"": {""srb_left"": 10, ""srb_right"": 10}, ""atr"": {""atr_length"": 14, ""atr_mult"": 1.0}}",AQUABOUNTY TECHNOLOGIES,1WK,压力释放,23.6-1.28-0.95-2.95-1.21,低-低-高-低,94.58%-25.86%-210.85%-58.98%,29.0,55.33
2026-08-10 00:00:00,Long,AQB,1.6,36.75%,0.92,utb,参数二,"{""utb"": {""key_value"": 3, ""atr_period"": 14, ""use_ha"": false}, ""r&s"": {""srb_left"": 15, ""srb_right"": 15}, ""atr"": {""atr_length"": 14, ""atr_mult"": 1.0}}",AQUABOUNTY TECHNOLOGIES,1WK,,,,,,
2026-08-10 00:00:00,Long,GLIBK,26.53,10.54%,21.01,utb,参数一,"{""utb"": {""key_value"": 2, ""atr_period"": 14, ""use_ha"": false}, ""r&s"": {""srb_left"": 10, ""srb_right"": 10}, ""atr"": {""atr_length"": 14, ""atr_mult"": 1.0}}",LIBERTY CAPITAL CORP-CL C,1WK,,,,,,
2026-08-10 00:00:00,Long,GLIBK,26.53,10.54%,21.01,mfa,参数一,"{""utb"": {""key_value"": 2, ""atr_period"": 14, ""use_ha"": false}, ""mfa"": {""mfa_all"": 15}}",LIBERTY CAPITAL CORP-CL C,1WK,,,,,,
2026-08-10 00:00:00,Long,NN,19.03,16.68%,11.82,utb,参数一,"{""utb"": {""key_value"": 2, ""atr_period"": 14, ""use_ha"": false}, ""r&s"": {""srb_left"": 10, ""srb_right"": 10}, ""atr"": {""atr_length"": 14, ""atr_mult"": 1.0}}",NEXTNAV INC,1WK,,,,,,
2026-08-10 00:00:00,Long,TGB,8.47,1.74%,7.21,utb,参数二,"{""utb"": {""key_value"": 3, ""atr_period"": 14, ""use_ha"": false}, ""r&s"": {""srb_left"": 15, ""srb_right"": 15}, ""atr"": {""atr_length"": 14, ""atr_mult"": 1.0}}",TREKOR METALS LTD,1WK,,,,,,
2026-08-10 00:00:00,Short,ENVX,4.4,-6.38%,6.1,sqz,参数一,"{""sqz"": {""bb_length"": 15, ""bb_mult"": 1.5, ""kc_length"": 15, ""kc_mult"": 1.2, ""min_sqz_bars"": 4}, ""r&s"": {""srb_left"": 10, ""srb_right"": 10}, ""atr"": {""atr_length"": 14, ""atr_mult"": 1.0}}",ENOVIX CORP,1WK,一直亮红,5.7-7.34-7.53-5.27-4.61,高-高-低-低,28.77%-2.66%-30.06%-12.43%,22.0,98.27
2026-08-10 00:00:00,Short,ENVX,4.4,-6.38%,6.1,sqz,参数二,"{""sqz"": {""bb_length"": 20, ""bb_mult"": 1.8, ""kc_length"": 20, ""kc_mult"": 1.5, ""min_sqz_bars"": 4}, ""r&s"": {""srb_left"": 15, ""srb_right"": 15}, ""atr"": {""atr_length"": 14, ""atr_mult"": 1.0}}",ENOVIX CORP,1WK,一直亮红,8.33-5.7-7.34-5.27-4.61,低-高-低-低,31.61%-28.77%-28.20%-12.43%,22.0,98.27
2026-08-10 00:00:00,Long,DAAQ,10.4,27.76%,6.51,utb,参数一,"{""utb"": {""key_value"": 2, ""atr_period"": 14, ""use_ha"": false}, ""r&s"": {""srb_left"": 10, ""srb_right"": 10}, ""atr"": {""atr_length"": 14, ""atr_mult"": 1.0}}",DIGITAL ASSET ACQUISITI-CL A,1WK,,,,,,
2026-08-10 00:00:00,Long,DAAQ,10.4,27.76%,6.51,utb,参数二,"{""utb"": {""key_value"": 3, ""atr_period"": 14, ""use_ha"": false}, ""r&s"": {""srb_left"": 15, ""srb_right"": 15}, ""atr"": {""atr_length"": 14, ""atr_mult"": 1.0}}",DIGITAL ASSET ACQUISITI-CL A,1WK,,,,,,
2026-08-10 00:00:00,Short,BLX,55.36,-2.86%,60.29,utb,参数一,"{""utb"": {""key_value"": 2, ""atr_period"": 14, ""use_ha"": false}, ""r&s"": {""srb_left"": 10, ""srb_right"": 10}, ""atr"": {""atr_length"": 14, ""atr_mult"": 1.0}}",BLADEX INC,1WK,,,,,,
2026-08-10 00:00:00,Short,OC,153.55,-2.26%,171.4,suf,参数一,"{""suf"": {""timeframe"": ""w""}}",OWENS CORNING,1WK,,,,,,
2026-08-10 00:00:00,Short,OC,153.55,-2.26%,171.4,suf,参数二,"{""suf"": {""timeframe"": ""w""}}",OWENS CORNING,1WK,,,,,,
2026-08-10 00:00:00,Short,ARCO,7.97,-3.34%,9.02,utb,参数一,"{""utb"": {""key_value"": 2, ""atr_period"": 14, ""use_ha"": false}, ""r&s"": {""srb_left"": 10, ""srb_right"": 10}, ""atr"": {""atr_length"": 14, ""atr_mult"": 1.0}}",ARCOS DORADOS HOLDINGS INC-A,1WK,,,,,,
2026-08-10 00:00:00,Long,SMC,34.51,13.71%,27.64,utb,参数一,"{""utb"": {""key_value"": 2, ""atr_period"": 14, ""use_ha"": false}, ""r&s"": {""srb_left"": 10, ""srb_right"": 10}, ""atr"": {""atr_length"": 14, ""atr_mult"": 1.0}}",SUMMIT MIDSTREAM CORP,1WK,,,,,,
2026-08-10 00:00:00,Long,STIM,3.11,30.46%,1.49,sqz,参数一,"{""sqz"": {""bb_length"": 15, ""bb_mult"": 1.5, ""kc_length"": 15, ""kc_mult"": 1.2, ""min_sqz_bars"": 4}, ""r&s"": {""srb_left"": 10, ""srb_right"": 10}, ""atr"": {""atr_length"": 14, ""atr_mult"": 1.0}}",NEURONETICS INC,1WK,压力释放,6.95-5.07-5.92-4.85-2.47,低-高-低-低,27.07%-16.77%-18.07%-48.97%,14.0,121.97
2026-08-10 00:00:00,Long,STIM,3.11,30.46%,1.49,utb,参数二,"{""utb"": {""key_value"": 3, ""atr_period"": 14, ""use_ha"": false}, ""r&s"": {""srb_left"": 15, ""srb_right"": 15}, ""atr"": {""atr_length"": 14, ""atr_mult"": 1.0}}",NEURONETICS INC,1WK,,,,,,
2026-08-10 00:00:00,Long,BIOX,0.42,22.38%,0.2,suf,参数一,"{""suf"": {""timeframe"": ""w""}}",BIOCERES CROP SOLUTIONS CORP,1WK,,,,,,
2026-08-10 00:00:00,Long,BIOX,0.42,22.38%,0.2,suf,参数二,"{""suf"": {""timeframe"": ""w""}}",BIOCERES CROP SOLUTIONS CORP,1WK,,,,,,
2026-08-10 00:00:00,Short,GAIN,16.27,-1.93%,17.45,suf,参数一,"{""suf"": {""timeframe"": ""w""}}",GLADSTONE INVESTMENT CORP,1WK,,,,,,
2026-08-10 00:00:00,Short,GAIN,16.27,-1.93%,17.45,suf,参数二,"{""suf"": {""timeframe"": ""w""}}",GLADSTONE INVESTMENT CORP,1WK,,,,,,
2026-08-10 00:00:00,Short,PZZA,24.27,-0.80%,28.61,sqz,参数二,"{""sqz"": {""bb_length"": 20, ""bb_mult"": 1.8, ""kc_length"": 20, ""kc_mult"": 1.5, ""min_sqz_bars"": 4}, ""r&s"": {""srb_left"": 15, ""srb_right"": 15}, ""atr"": {""atr_length"": 14, ""atr_mult"": 1.0}}",PAPA JOHN'S INTL INC,1WK,支撑释放,60.31-54.16-36.43-28.43-29.16,低-低-低-高,10.19%-32.74%-21.96%-2.57%,22.0,35.19
2026-08-10 00:00:00,Long,AEHL,4.65,1450.00%,2.09,utb,参数一,"{""utb"": {""key_value"": 2, ""atr_period"": 14, ""use_ha"": false}, ""r&s"": {""srb_left"": 10, ""srb_right"": 10}, ""atr"": {""atr_length"": 14, ""atr_mult"": 1.0}}",ANTELOPE ENTERPRISE HOLDINGS,1WK,,,,,,
2026-08-10 00:00:00,Long,AEHL,4.65,1450.00%,2.09,mfa,参数一,"{""utb"": {""key_value"": 2, ""atr_period"": 14, ""use_ha"": false}, ""mfa"": {""mfa_all"": 42}}",ANTELOPE ENTERPRISE HOLDINGS,1WK,,,,,,
2026-08-10 00:00:00,Long,AEHL,4.65,1450.00%,2.09,suf,参数一,"{""suf"": {""timeframe"": ""w""}}",ANTELOPE ENTERPRISE HOLDINGS,1WK,,,,,,
2026-08-10 00:00:00,Long,AEHL,4.65,1450.00%,2.09,suf,参数二,"{""suf"": {""timeframe"": ""w""}}",ANTELOPE ENTERPRISE HOLDINGS,1WK,,,,,,
2026-08-10 00:00:00,Long,PLAG,0.96,72.02%,-0.42,suf,参数一,"{""suf"": {""timeframe"": ""w""}}",PLANET GREEN HOLDINGS CORP,1WK,,,,,,
2026-08-10 00:00:00,Long,PLAG,0.96,72.02%,-0.42,suf,参数二,"{""suf"": {""timeframe"": ""w""}}",PLANET GREEN HOLDINGS CORP,1WK,,,,,,
2026-08-10 00:00:00,Long,FLNT,4.22,4.54%,3.36,sqz,参数一,"{""sqz"": {""bb_length"": 15, ""bb_mult"": 1.5, ""kc_length"": 15, ""kc_mult"": 1.2, ""min_sqz_bars"": 4}, ""r&s"": {""srb_left"": 10, ""srb_right"": 10}, ""atr"": {""atr_length"": 14, ""atr_mult"": 1.0}}",FLUENT INC,1WK,一直亮绿,4.3-3.83-3.12-3.05-4.15,低-低-低-高,10.93%-18.54%-2.24%-36.07%,21.0,109.6
2026-08-10 00:00:00,Long,ARTW,3.12,41.82%,1.75,utb,参数一,"{""utb"": {""key_value"": 2, ""atr_period"": 14, ""use_ha"": false}, ""r&s"": {""srb_left"": 10, ""srb_right"": 10}, ""atr"": {""atr_length"": 14, ""atr_mult"": 1.0}}",ART'S-WAY MANUFACTURING CO,1WK,,,,,,
2026-08-10 00:00:00,Long,ARTW,3.12,41.82%,1.75,utb,参数二,"{""utb"": {""key_value"": 3, ""atr_period"": 14, ""use_ha"": false}, ""r&s"": {""srb_left"": 15, ""srb_right"": 15}, ""atr"": {""atr_length"": 14, ""atr_mult"": 1.0}}",ART'S-WAY MANUFACTURING CO,1WK,,,,,,
2026-08-10 00:00:00,Short,SSTI,6.36,-19.63%,9.57,utb,参数一,"{""utb"": {""key_value"": 2, ""atr_period"": 14, ""use_ha"": false}, ""r&s"": {""srb_left"": 10, ""srb_right"": 10}, ""atr"": {""atr_length"": 14, ""atr_mult"": 1.0}}",SOUNDTHINKING INC,1WK,,,,,,
2026-08-10 00:00:00,Short,GWH,0.6,-7.61%,0.94,sqz,参数二,"{""sqz"": {""bb_length"": 20, ""bb_mult"": 1.8, ""kc_length"": 20, ""kc_mult"": 1.5, ""min_sqz_bars"": 4}, ""r&s"": {""srb_left"": 15, ""srb_right"": 15}, ""atr"": {""atr_length"": 14, ""atr_mult"": 1.0}}",ESS TECH INC,1WK,支撑释放,nan-11.25-9.16-0.76,低-低-低,nan%-18.53%-91.71%,63.0,1725.0
2026-08-10 00:00:00,Long,ONFO,3.23,7411.63%,1.44,utb,参数一,"{""utb"": {""key_value"": 2, ""atr_period"": 14, ""use_ha"": false}, ""r&s"": {""srb_left"": 10, ""srb_right"": 10}, ""atr"": {""atr_length"": 14, ""atr_mult"": 1.0}}",ONFOLIO HOLDINGS INC,1WK,,,,,,
2026-08-10 00:00:00,Long,ONFO,3.23,7411.63%,1.44,mfa,参数一,"{""utb"": {""key_value"": 2, ""atr_period"": 14, ""use_ha"": false}, ""mfa"": {""mfa_all"": 12}}",ONFOLIO HOLDINGS INC,1WK,,,,,,
2026-08-10 00:00:00,Long,ONFO,3.23,7411.63%,1.44,utb,参数二,"{""utb"": {""key_value"": 3, ""atr_period"": 14, ""use_ha"": false}, ""r&s"": {""srb_left"": 15, ""srb_right"": 15}, ""atr"": {""atr_length"": 14, ""atr_mult"": 1.0}}",ONFOLIO HOLDINGS INC,1WK,,,,,,
2026-08-10 00:00:00,Long,ONFO,3.23,7411.63%,1.44,mfa,参数二,"{""utb"": {""key_value"": 3, ""atr_period"": 14, ""use_ha"": false}, ""mfa"": {""mfa_all"": 12}}",ONFOLIO HOLDINGS INC,1WK,,,,,,
2026-08-10 00:00:00,Long,ALC,74.74,4.08%,67.02,utb,参数一,"{""utb"": {""key_value"": 2, ""atr_period"": 14, ""use_ha"": false}, ""r&s"": {""srb_left"": 10, ""srb_right"": 10}, ""atr"": {""atr_length"": 14, ""atr_mult"": 1.0}}",ALCON INC,1WK,,,,,,
2026-08-10 00:00:00,Short,HUBG,41.06,-14.10%,52.83,utb,参数一,"{""utb"": {""key_value"": 2, ""atr_period"": 14, ""use_ha"": false}, ""r&s"": {""srb_left"": 10, ""srb_right"": 10}, ""atr"": {""atr_length"": 14, ""atr_mult"": 1.0}}",HUB GROUP INC-CL A,1WK,,,,,,
2026-08-10 00:00:00,Long,INAB,1.12,14.40%,0.61,suf,参数一,"{""suf"": {""timeframe"": ""w""}}",IN8BIO INC,1WK,,,,,,
2026-08-10 00:00:00,Long,INAB,1.12,14.40%,0.61,suf,参数二,"{""suf"": {""timeframe"": ""w""}}",IN8BIO INC,1WK,,,,,,
2026-08-10 00:00:00,Long,HAS,97.02,3.74%,86.85,utb,参数二,"{""utb"": {""key_value"": 3, ""atr_period"": 14, ""use_ha"": false}, ""r&s"": {""srb_left"": 15, ""srb_right"": 15}, ""atr"": {""atr_length"": 14, ""atr_mult"": 1.0}}",HASBRO INC,1WK,,,,,,
2026-08-10 00:00:00,Long,CURI,3.67,35.61%,2.23,utb,参数一,"{""utb"": {""key_value"": 2, ""atr_period"": 14, ""use_ha"": false}, ""r&s"": {""srb_left"": 10, ""srb_right"": 10}, ""atr"": {""atr_length"": 14, ""atr_mult"": 1.0}}",CURIOSITYSTREAM INC,1WK,,,,,,
2026-08-10 00:00:00,Long,CURI,3.67,35.61%,2.23,mfa,参数一,"{""utb"": {""key_value"": 2, ""atr_period"": 14, ""use_ha"": false}, ""mfa"": {""mfa_all"": 32}}",CURIOSITYSTREAM INC,1WK,,,,,,
2026-08-10 00:00:00,Long,CURI,3.67,35.61%,2.23,utb,参数二,"{""utb"": {""key_value"": 3, ""atr_period"": 14, ""use_ha"": false}, ""r&s"": {""srb_left"": 15, ""srb_right"": 15}, ""atr"": {""atr_length"": 14, ""atr_mult"": 1.0}}",CURIOSITYSTREAM INC,1WK,,,,,,
2026-08-10 00:00:00,Long,CURI,3.67,35.61%,2.23,mfa,参数二,"{""utb"": {""key_value"": 3, ""atr_period"": 14, ""use_ha"": false}, ""mfa"": {""mfa_all"": 32}}",CURIOSITYSTREAM INC,1WK,,,,,,
2026-08-10 00:00:00,Short,ITW,289.34,-2.47%,310.27,suf,参数一,"{""suf"": {""timeframe"": ""w""}}",ILLINOIS TOOL WORKS,1WK,,,,,,
2026-08-10 00:00:00,Short,ITW,289.34,-2.47%,310.27,suf,参数二,"{""suf"": {""timeframe"": ""w""}}",ILLINOIS TOOL WORKS,1WK,,,,,,
2026-08-10 00:00:00,Short,APYX,3.08,-23.95%,4.58,utb,参数一,"{""utb"": {""key_value"": 2, ""atr_period"": 14, ""use_ha"": false}, ""r&s"": {""srb_left"": 10, ""srb_right"": 10}, ""atr"": {""atr_length"": 14, ""atr_mult"": 1.0}}",APYX MEDICAL CORP,1WK,,,,,,
2026-08-10 00:00:00,Short,LION,12.02,-7.29%,14.42,utb,参数二,"{""utb"": {""key_value"": 3, ""atr_period"": 14, ""use_ha"": false}, ""r&s"": {""srb_left"": 15, ""srb_right"": 15}, ""atr"": {""atr_length"": 14, ""atr_mult"": 1.0}}",LIONSGATE STUDIOS CORP,1WK,,,,,,
2026-08-10 00:00:00,Long,KRNT,18.1,5.97%,15.11,utb,参数二,"{""utb"": {""key_value"": 3, ""atr_period"": 14, ""use_ha"": false}, ""r&s"": {""srb_left"": 15, ""srb_right"": 15}, ""atr"": {""atr_length"": 14, ""atr_mult"": 1.0}}",KORNIT DIGITAL LTD,1WK,,,,,,
2026-08-10 00:00:00,Long,KOPN,5.34,24.94%,3.34,utb,参数一,"{""utb"": {""key_value"": 2, ""atr_period"": 14, ""use_ha"": false}, ""r&s"": {""srb_left"": 10, ""srb_right"": 10}, ""atr"": {""atr_length"": 14, ""atr_mult"": 1.0}}",KOPIN CORP,1WK,,,,,,
2026-08-10 00:00:00,Long,TISI,22.1,30.00%,14.11,utb,参数二,"{""utb"": {""key_value"": 3, ""atr_period"": 14, ""use_ha"": false}, ""r&s"": {""srb_left"": 15, ""srb_right"": 15}, ""atr"": {""atr_length"": 14, ""atr_mult"": 1.0}}",TEAM INC,1WK,,,,,,
2026-08-10 00:00:00,Short,ESOA,12.77,-18.40%,17.67,utb,参数二,"{""utb"": {""key_value"": 3, ""atr_period"": 14, ""use_ha"": false}, ""r&s"": {""srb_left"": 15, ""srb_right"": 15}, ""atr"": {""atr_length"": 14, ""atr_mult"": 1.0}}",ENERGY SERVICES OF AMERICA,1WK,,,,,,
2026-08-10 00:00:00,Long,WING,122.76,5.09%,85.66,suf,参数一,"{""suf"": {""timeframe"": ""w""}}",WINGSTOP INC,1WK,,,,,,
2026-08-10 00:00:00,Long,WING,122.76,5.09%,85.66,suf,参数二,"{""suf"": {""timeframe"": ""w""}}",WINGSTOP INC,1WK,,,,,,
2026-08-10 00:00:00,Long,ADTN,8.27,9.46%,5.67,suf,参数一,"{""suf"": {""timeframe"": ""w""}}",ADTRAN HOLDINGS INC,1WK,,,,,,
2026-08-10 00:00:00,Long,ADTN,8.27,9.46%,5.67,suf,参数二,"{""suf"": {""timeframe"": ""w""}}",ADTRAN HOLDINGS INC,1WK,,,,,,
2026-08-10 00:00:00,Long,SHAK,75.08,5.55%,61.3,utb,参数一,"{""utb"": {""key_value"": 2, ""atr_period"": 14, ""use_ha"": false}, ""r&s"": {""srb_left"": 10, ""srb_right"": 10}, ""atr"": {""atr_length"": 14, ""atr_mult"": 1.0}}",SHAKE SHACK INC - CLASS A,1WK,,,,,,
2026-08-10 00:00:00,Long,SHAK,75.08,5.55%,61.3,mfa,参数一,"{""utb"": {""key_value"": 2, ""atr_period"": 14, ""use_ha"": false}, ""mfa"": {""mfa_all"": 15}}",SHAKE SHACK INC - CLASS A,1WK,,,,,,
2026-08-10 00:00:00,Long,IGAC,10.1,0.80%,9.99,utb,参数二,"{""utb"": {""key_value"": 3, ""atr_period"": 14, ""use_ha"": false}, ""r&s"": {""srb_left"": 15, ""srb_right"": 15}, ""atr"": {""atr_length"": 14, ""atr_mult"": 1.0}}",INVEST GREEN ACQUISITIO-CL A,1WK,,,,,,
2026-08-10 00:00:00,Long,CSGP,32.31,6.83%,25.99,suf,参数一,"{""suf"": {""timeframe"": ""w""}}",COSTAR GROUP INC,1WK,,,,,,
2026-08-10 00:00:00,Long,CSGP,32.31,6.83%,25.99,suf,参数二,"{""suf"": {""timeframe"": ""w""}}",COSTAR GROUP INC,1WK,,,,,,
2026-08-10 00:00:00,Long,VIA,26.07,17.38%,18.8,utb,参数二,"{""utb"": {""key_value"": 3, ""atr_period"": 14, ""use_ha"": false}, ""r&s"": {""srb_left"": 15, ""srb_right"": 15}, ""atr"": {""atr_length"": 14, ""atr_mult"": 1.0}}",VIA TRANSPORTATION INC-CL A,1WK,,,,,,
2026-08-10 00:00:00,Long,VIA,26.07,17.38%,18.8,mfa,参数二,"{""utb"": {""key_value"": 3, ""atr_period"": 14, ""use_ha"": false}, ""mfa"": {""mfa_all"": 40}}",VIA TRANSPORTATION INC-CL A,1WK,,,,,,
2026-08-10 00:00:00,Short,AUID,0.51,-18.99%,0.95,sqz,参数二,"{""sqz"": {""bb_length"": 20, ""bb_mult"": 1.8, ""kc_length"": 20, ""kc_mult"": 1.5, ""min_sqz_bars"": 4}, ""r&s"": {""srb_left"": 15, ""srb_right"": 15}, ""atr"": {""atr_length"": 14, ""atr_mult"": 1.0}}",AUTHID INC,1WK,支撑释放,2.17-5.61-6.41-4.01-0.84,高-高-低-低,158.76%-14.17%-37.39%-79.05%,32.0,191.67
2026-08-10 00:00:00,Short,CRIS,1.97,-51.00%,6.96,sqz,参数二,"{""sqz"": {""bb_length"": 20, ""bb_mult"": 1.8, ""kc_length"": 20, ""kc_mult"": 1.5, ""min_sqz_bars"": 4}, ""r&s"": {""srb_left"": 15, ""srb_right"": 15}, ""atr"": {""atr_length"": 14, ""atr_mult"": 1.0}}",CURIS INC,1WK,一直释放,nan-76.0-20.4,低-低,nan%-73.16%,70.0,206.86
2026-08-10 00:00:00,Short,RBA,85.46,-9.78%,103.19,sqz,参数一,"{""sqz"": {""bb_length"": 15, ""bb_mult"": 1.5, ""kc_length"": 15, ""kc_mult"": 1.2, ""min_sqz_bars"": 4}, ""r&s"": {""srb_left"": 10, ""srb_right"": 10}, ""atr"": {""atr_length"": 14, ""atr_mult"": 1.0}}",RB GLOBAL INC,1WK,支撑释放,57.29-68.54-85.93-94.81-93.3,高-高-高-低,19.65%-25.36%-10.34%-1.59%,19.0,25.93
2026-08-10 00:00:00,Long,HTFL,41.02,42.33%,23.07,utb,参数一,"{""utb"": {""key_value"": 2, ""atr_period"": 14, ""use_ha"": false}, ""r&s"": {""srb_left"": 10, ""srb_right"": 10}, ""atr"": {""atr_length"": 14, ""atr_mult"": 1.0}}",HEARTFLOW INC,1WK,,,,,,
2026-08-10 00:00:00,Long,HTFL,41.02,42.33%,23.07,utb,参数二,"{""utb"": {""key_value"": 3, ""atr_period"": 14, ""use_ha"": false}, ""r&s"": {""srb_left"": 15, ""srb_right"": 15}, ""atr"": {""atr_length"": 14, ""atr_mult"": 1.0}}",HEARTFLOW INC,1WK,,,,,,
2026-08-10 00:00:00,Long,TRAW,0.59,11.62%,0.16,suf,参数一,"{""suf"": {""timeframe"": ""w""}}",TRAWS PHARMA INC,1WK,,,,,,
2026-08-10 00:00:00,Long,TRAW,0.59,11.62%,0.16,suf,参数二,"{""suf"": {""timeframe"": ""w""}}",TRAWS PHARMA INC,1WK,,,,,,
2026-08-10 00:00:00,Long,KRO,8.51,-0.93%,6.84,sqz,参数一,"{""sqz"": {""bb_length"": 15, ""bb_mult"": 1.5, ""kc_length"": 15, ""kc_mult"": 1.2, ""min_sqz_bars"": 4}, ""r&s"": {""srb_left"": 10, ""srb_right"": 10}, ""atr"": {""atr_length"": 14, ""atr_mult"": 1.0}}",KRONOS WORLDWIDE INC,1WK,压力释放,10.05-8.56-13.54-12.29-7.83,低-高-低-低,14.80%-58.12%-9.27%-36.23%,14.0,35.77
2026-08-10 00:00:00,Long,UEIC,5.35,12.35%,4.39,utb,参数二,"{""utb"": {""key_value"": 3, ""atr_period"": 14, ""use_ha"": false}, ""r&s"": {""srb_left"": 15, ""srb_right"": 15}, ""atr"": {""atr_length"": 14, ""atr_mult"": 1.0}}",UNIVERSAL ELECTRONICS INC,1WK,,,,,,
2026-08-10 00:00:00,Long,ZM,106.18,1.61%,94.76,utb,参数一,"{""utb"": {""key_value"": 2, ""atr_period"": 14, ""use_ha"": false}, ""r&s"": {""srb_left"": 10, ""srb_right"": 10}, ""atr"": {""atr_length"": 14, ""atr_mult"": 1.0}}",ZOOM COMMUNICATIONS INC,1WK,,,,,,
2026-08-10 00:00:00,Short,IPAR,114.79,-6.65%,129.7,suf,参数一,"{""suf"": {""timeframe"": ""w""}}",INTERPARFUMS INC,1WK,,,,,,
2026-08-10 00:00:00,Short,IPAR,114.79,-6.65%,129.7,suf,参数二,"{""suf"": {""timeframe"": ""w""}}",INTERPARFUMS INC,1WK,,,,,,
2026-08-10 00:00:00,Long,DIS,106.38,1.40%,96.63,utb,参数一,"{""utb"": {""key_value"": 2, ""atr_period"": 14, ""use_ha"": false}, ""r&s"": {""srb_left"": 10, ""srb_right"": 10}, ""atr"": {""atr_length"": 14, ""atr_mult"": 1.0}}",WALT DISNEY CO/THE,1WK,,,,,,
2026-08-10 00:00:00,Long,TSCO,36.08,4.38%,30.91,utb,参数一,"{""utb"": {""key_value"": 2, ""atr_period"": 14, ""use_ha"": false}, ""r&s"": {""srb_left"": 10, ""srb_right"": 10}, ""atr"": {""atr_length"": 14, ""atr_mult"": 1.0}}",TRACTOR SUPPLY COMPANY,1WK,,,,,,
2026-08-10 00:00:00,Long,TSCO,36.08,4.38%,30.91,mfa,参数一,"{""utb"": {""key_value"": 2, ""atr_period"": 14, ""use_ha"": false}, ""mfa"": {""mfa_all"": 23}}",TRACTOR SUPPLY COMPANY,1WK,,,,,,
2026-08-10 00:00:00,Long,USIO,2.57,10.78%,1.84,utb,参数一,"{""utb"": {""key_value"": 2, ""atr_period"": 14, ""use_ha"": false}, ""r&s"": {""srb_left"": 10, ""srb_right"": 10}, ""atr"": {""atr_length"": 14, ""atr_mult"": 1.0}}",USIO INC,1WK,,,,,,
2026-08-10 00:00:00,Long,USIO,2.57,10.78%,1.84,sqz,参数一,"{""sqz"": {""bb_length"": 15, ""bb_mult"": 1.5, ""kc_length"": 15, ""kc_mult"": 1.2, ""min_sqz_bars"": 4}, ""r&s"": {""srb_left"": 10, ""srb_right"": 10}, ""atr"": {""atr_length"": 14, ""atr_mult"": 1.0}}",USIO INC,1WK,一直释放,2.36-2.28-2.0-2.92-2.02,低-低-高-低,3.39%-12.28%-46.00%-30.82%,53.0,96.12
2026-08-10 00:00:00,Long,ARTL,0.87,20.14%,-0.56,suf,参数一,"{""suf"": {""timeframe"": ""w""}}",ARTELO BIOSCIENCES INC,1WK,,,,,,
2026-08-10 00:00:00,Long,ARTL,0.87,20.14%,-0.56,suf,参数二,"{""suf"": {""timeframe"": ""w""}}",ARTELO BIOSCIENCES INC,1WK,,,,,,
2026-08-10 00:00:00,Long,JWEL,3.01,94.19%,2.04,utb,参数一,"{""utb"": {""key_value"": 2, ""atr_period"": 14, ""use_ha"": false}, ""r&s"": {""srb_left"": 10, ""srb_right"": 10}, ""atr"": {""atr_length"": 14, ""atr_mult"": 1.0}}",JOWELL GLOBAL LTD,1WK,,,,,,
2026-08-10 00:00:00,Long,JWEL,3.01,94.19%,2.04,utb,参数二,"{""utb"": {""key_value"": 3, ""atr_period"": 14, ""use_ha"": false}, ""r&s"": {""srb_left"": 15, ""srb_right"": 15}, ""atr"": {""atr_length"": 14, ""atr_mult"": 1.0}}",JOWELL GLOBAL LTD,1WK,,,,,,
2026-08-10 00:00:00,Short,ETSY,80.38,-6.04%,91.92,suf,参数一,"{""suf"": {""timeframe"": ""w""}}",ETSY INC,1WK,,,,,,
2026-08-10 00:00:00,Short,ETSY,80.38,-6.04%,91.92,suf,参数二,"{""suf"": {""timeframe"": ""w""}}",ETSY INC,1WK,,,,,,
2026-08-10 00:00:00,Long,ACHR,6.74,20.66%,4.95,utb,参数一,"{""utb"": {""key_value"": 2, ""atr_period"": 14, ""use_ha"": false}, ""r&s"": {""srb_left"": 10, ""srb_right"": 10}, ""atr"": {""atr_length"": 14, ""atr_mult"": 1.0}}",ARCHER AVIATION INC-A,1WK,,,,,,
2026-08-10 00:00:00,Long,ACHR,6.74,20.66%,4.95,mfa,参数一,"{""utb"": {""key_value"": 2, ""atr_period"": 14, ""use_ha"": false}, ""mfa"": {""mfa_all"": 28}}",ARCHER AVIATION INC-A,1WK,,,,,,
2026-08-10 00:00:00,Short,VCYT,41.67,-11.76%,53.53,utb,参数二,"{""utb"": {""key_value"": 3, ""atr_period"": 14, ""use_ha"": false}, ""r&s"": {""srb_left"": 15, ""srb_right"": 15}, ""atr"": {""atr_length"": 14, ""atr_mult"": 1.0}}",VERACYTE INC,1WK,,,,,,
2026-08-10 00:00:00,Long,SENS,7.91,12.68%,5.79,utb,参数二,"{""utb"": {""key_value"": 3, ""atr_period"": 14, ""use_ha"": false}, ""r&s"": {""srb_left"": 15, ""srb_right"": 15}, ""atr"": {""atr_length"": 14, ""atr_mult"": 1.0}}",SENSEONICS HOLDINGS INC,1WK,,,,,,
2026-08-10 00:00:00,Long,SENS,7.91,12.68%,5.79,mfa,参数二,"{""utb"": {""key_value"": 3, ""atr_period"": 14, ""use_ha"": false}, ""mfa"": {""mfa_all"": 16}}",SENSEONICS HOLDINGS INC,1WK,,,,,,
2026-08-10 00:00:00,Long,FEIM,77.8,4.53%,60.19,utb,参数一,"{""utb"": {""key_value"": 2, ""atr_period"": 14, ""use_ha"": false}, ""r&s"": {""srb_left"": 10, ""srb_right"": 10}, ""atr"": {""atr_length"": 14, ""atr_mult"": 1.0}}",FREQUENCY ELECTRONICS INC,1WK,,,,,,
2026-08-10 00:00:00,Short,VABK,46.87,-2.17%,50.66,suf,参数一,"{""suf"": {""timeframe"": ""w""}}",VIRGINIA NATIONAL BANKSHARES,1WK,,,,,,
2026-08-10 00:00:00,Short,VABK,46.87,-2.17%,50.66,suf,参数二,"{""suf"": {""timeframe"": ""w""}}",VIRGINIA NATIONAL BANKSHARES,1WK,,,,,,
2026-08-10 00:00:00,Short,TSAT,49.72,-15.61%,69.66,suf,参数一,"{""suf"": {""timeframe"": ""w""}}",TELESAT CORP,1WK,,,,,,
2026-08-10 00:00:00,Short,TSAT,49.72,-15.61%,69.66,suf,参数二,"{""suf"": {""timeframe"": ""w""}}",TELESAT CORP,1WK,,,,,,
2026-08-10 00:00:00,Short,HUT,82.93,-6.39%,116.06,utb,参数二,"{""utb"": {""key_value"": 3, ""atr_period"": 14, ""use_ha"": false}, ""r&s"": {""srb_left"": 15, ""srb_right"": 15}, ""atr"": {""atr_length"": 14, ""atr_mult"": 1.0}}",HUT 8 CORP,1WK,,,,,,
2026-08-10 00:00:00,Short,NEWT,12.98,-4.07%,14.83,utb,参数一,"{""utb"": {""key_value"": 2, ""atr_period"": 14, ""use_ha"": false}, ""r&s"": {""srb_left"": 10, ""srb_right"": 10}, ""atr"": {""atr_length"": 14, ""atr_mult"": 1.0}}",NEWTEKONE INC,1WK,,,,,,
2026-08-10 00:00:00,Long,VFF,2.56,22.84%,1.92,utb,参数一,"{""utb"": {""key_value"": 2, ""atr_period"": 14, ""use_ha"": false}, ""r&s"": {""srb_left"": 10, ""srb_right"": 10}, ""atr"": {""atr_length"": 14, ""atr_mult"": 1.0}}",VILLAGE FARMS INTERNATIONAL,1WK,,,,,,
2026-08-10 00:00:00,Long,VFF,2.56,22.84%,1.92,mfa,参数一,"{""utb"": {""key_value"": 2, ""atr_period"": 14, ""use_ha"": false}, ""mfa"": {""mfa_all"": 13}}",VILLAGE FARMS INTERNATIONAL,1WK,,,,,,
2026-08-10 00:00:00,Short,ATGL,7.4,-11.38%,14.91,utb,参数二,"{""utb"": {""key_value"": 3, ""atr_period"": 14, ""use_ha"": false}, ""r&s"": {""srb_left"": 15, ""srb_right"": 15}, ""atr"": {""atr_length"": 14, ""atr_mult"": 1.0}}",ALPHA TECHNOLOGY GROUP LTD-A,1WK,,,,,,
2026-08-10 00:00:00,Long,ENTG,161.35,6.10%,122.74,utb,参数一,"{""utb"": {""key_value"": 2, ""atr_period"": 14, ""use_ha"": false}, ""r&s"": {""srb_left"": 10, ""srb_right"": 10}, ""atr"": {""atr_length"": 14, ""atr_mult"": 1.0}}",ENTEGRIS INC,1WK,,,,,,
2026-08-10 00:00:00,Short,WYY,9.45,-18.25%,14.63,utb,参数二,"{""utb"": {""key_value"": 3, ""atr_period"": 14, ""use_ha"": false}, ""r&s"": {""srb_left"": 15, ""srb_right"": 15}, ""atr"": {""atr_length"": 14, ""atr_mult"": 1.0}}",WIDEPOINT CORP,1WK,,,,,,
2026-08-10 00:00:00,Short,KLXE,1.7,-17.48%,2.81,utb,参数二,"{""utb"": {""key_value"": 3, ""atr_period"": 14, ""use_ha"": false}, ""r&s"": {""srb_left"": 15, ""srb_right"": 15}, ""atr"": {""atr_length"": 14, ""atr_mult"": 1.0}}",KLX ENERGY SERVICES HOLDING,1WK,,,,,,
2026-08-10 00:00:00,Short,PODC,3.13,-9.54%,4.17,utb,参数二,"{""utb"": {""key_value"": 3, ""atr_period"": 14, ""use_ha"": false}, ""r&s"": {""srb_left"": 15, ""srb_right"": 15}, ""atr"": {""atr_length"": 14, ""atr_mult"": 1.0}}",PODCASTONE INC,1WK,,,,,,
2026-08-10 00:00:00,Long,SCKT,1.23,216.10%,0.87,utb,参数一,"{""utb"": {""key_value"": 2, ""atr_period"": 14, ""use_ha"": false}, ""r&s"": {""srb_left"": 10, ""srb_right"": 10}, ""atr"": {""atr_length"": 14, ""atr_mult"": 1.0}}",SOCKET MOBILE INC,1WK,,,,,,
2026-08-10 00:00:00,Long,SCKT,1.23,216.10%,0.87,mfa,参数一,"{""utb"": {""key_value"": 2, ""atr_period"": 14, ""use_ha"": false}, ""mfa"": {""mfa_all"": 18}}",SOCKET MOBILE INC,1WK,,,,,,
2026-08-10 00:00:00,Long,SCKT,1.23,216.10%,0.87,suf,参数一,"{""suf"": {""timeframe"": ""w""}}",SOCKET MOBILE INC,1WK,,,,,,
2026-08-10 00:00:00,Long,SCKT,1.23,216.10%,0.87,utb,参数二,"{""utb"": {""key_value"": 3, ""atr_period"": 14, ""use_ha"": false}, ""r&s"": {""srb_left"": 15, ""srb_right"": 15}, ""atr"": {""atr_length"": 14, ""atr_mult"": 1.0}}",SOCKET MOBILE INC,1WK,,,,,,
2026-08-10 00:00:00,Long,SCKT,1.23,216.10%,0.87,mfa,参数二,"{""utb"": {""key_value"": 3, ""atr_period"": 14, ""use_ha"": false}, ""mfa"": {""mfa_all"": 18}}",SOCKET MOBILE INC,1WK,,,,,,
2026-08-10 00:00:00,Long,SCKT,1.23,216.10%,0.87,suf,参数二,"{""suf"": {""timeframe"": ""w""}}",SOCKET MOBILE INC,1WK,,,,,,
2026-08-10 00:00:00,Long,WK,71.57,9.86%,57.83,utb,参数二,"{""utb"": {""key_value"": 3, ""atr_period"": 14, ""use_ha"": false}, ""r&s"": {""srb_left"": 15, ""srb_right"": 15}, ""atr"": {""atr_length"": 14, ""atr_mult"": 1.0}}",WORKIVA INC,1WK,,,,,,
2026-08-10 00:00:00,Long,WK,71.57,9.86%,57.83,mfa,参数二,"{""utb"": {""key_value"": 3, ""atr_period"": 14, ""use_ha"": false}, ""mfa"": {""mfa_all"": 27}}",WORKIVA INC,1WK,,,,,,
2026-08-10 00:00:00,Short,DNA,7.0,-12.17%,9.88,utb,参数一,"{""utb"": {""key_value"": 2, ""atr_period"": 14, ""use_ha"": false}, ""r&s"": {""srb_left"": 10, ""srb_right"": 10}, ""atr"": {""atr_length"": 14, ""atr_mult"": 1.0}}",GINKGO BIOWORKS HOLDINGS INC,1WK,,,,,,
2026-08-10 00:00:00,Short,MIDD,116.21,-13.60%,144.5,utb,参数一,"{""utb"": {""key_value"": 2, ""atr_period"": 14, ""use_ha"": false}, ""r&s"": {""srb_left"": 10, ""srb_right"": 10}, ""atr"": {""atr_length"": 14, ""atr_mult"": 1.0}}",MIDDLEBY CORP,1WK,,,,,,
2026-08-10 00:00:00,Short,MNRO,11.4,-10.45%,14.6,sqz,参数一,"{""sqz"": {""bb_length"": 15, ""bb_mult"": 1.5, ""kc_length"": 15, ""kc_mult"": 1.2, ""min_sqz_bars"": 4}, ""r&s"": {""srb_left"": 10, ""srb_right"": 10}, ""atr"": {""atr_length"": 14, ""atr_mult"": 1.0}}",MONRO INC,1WK,支撑释放,19.66-18.71-11.27-13.03-14.57,低-低-高-高,4.80%-39.80%-15.62%-11.83%,21.0,25.83
2026-08-10 00:00:00,Short,VNRX,0.56,-27.82%,1.46,sqz,参数一,"{""sqz"": {""bb_length"": 15, ""bb_mult"": 1.5, ""kc_length"": 15, ""kc_mult"": 1.2, ""min_sqz_bars"": 4}, ""r&s"": {""srb_left"": 10, ""srb_right"": 10}, ""atr"": {""atr_length"": 14, ""atr_mult"": 1.0}}",VOLITIONRX LTD,1WK,一直释放,11.0-11.4-8.6-10.4-8.0,高-低-高-低,3.64%-24.56%-20.93%-23.08%,64.0,135.0
2026-08-10 00:00:00,Long,SBCF,36.1,4.47%,32.52,sqz,参数一,"{""sqz"": {""bb_length"": 15, ""bb_mult"": 1.5, ""kc_length"": 15, ""kc_mult"": 1.2, ""min_sqz_bars"": 4}, ""r&s"": {""srb_left"": 10, ""srb_right"": 10}, ""atr"": {""atr_length"": 14, ""atr_mult"": 1.0}}",SEACOAST BANKING CORP/FL,1WK,一直亮绿,25.32-28.05-27.97-30.31-35.12,高-低-高-高,10.81%-0.28%-8.35%-15.87%,27.0,23.13
2026-08-10 00:00:00,Long,SBCF,36.1,4.47%,32.52,utb,参数二,"{""utb"": {""key_value"": 3, ""atr_period"": 14, ""use_ha"": false}, ""r&s"": {""srb_left"": 15, ""srb_right"": 15}, ""atr"": {""atr_length"": 14, ""atr_mult"": 1.0}}",SEACOAST BANKING CORP/FL,1WK,,,,,,
2026-08-10 00:00:00,Long,SBCF,36.1,4.47%,32.52,sqz,参数二,"{""sqz"": {""bb_length"": 20, ""bb_mult"": 1.8, ""kc_length"": 20, ""kc_mult"": 1.5, ""min_sqz_bars"": 4}, ""r&s"": {""srb_left"": 15, ""srb_right"": 15}, ""atr"": {""atr_length"": 14, ""atr_mult"": 1.0}}",SEACOAST BANKING CORP/FL,1WK,一直亮绿,nan-25.32-28.05-30.31-35.12,低-高-高-高,nan%-10.81%-8.04%-15.87%,27.0,23.13
2026-08-10 00:00:00,Long,NSPR,0.95,27.88%,0.57,suf,参数一,"{""suf"": {""timeframe"": ""w""}}",INSPIREMD INC,1WK,,,,,,
2026-08-10 00:00:00,Long,NSPR,0.95,27.88%,0.57,suf,参数二,"{""suf"": {""timeframe"": ""w""}}",INSPIREMD INC,1WK,,,,,,
2026-08-10 00:00:00,Long,CRDL,1.68,18.23%,1.2,utb,参数二,"{""utb"": {""key_value"": 3, ""atr_period"": 14, ""use_ha"": false}, ""r&s"": {""srb_left"": 15, ""srb_right"": 15}, ""atr"": {""atr_length"": 14, ""atr_mult"": 1.0}}",CARDIOL THERAPEUTICS INC-A,1WK,,,,,,
2026-08-10 00:00:00,Long,ATOS,2.63,11.64%,1.44,suf,参数一,"{""suf"": {""timeframe"": ""w""}}",ATOSSA THERAPEUTICS INC,1WK,,,,,,
2026-08-10 00:00:00,Long,ATOS,2.63,11.64%,1.44,suf,参数二,"{""suf"": {""timeframe"": ""w""}}",ATOSSA THERAPEUTICS INC,1WK,,,,,,
2026-08-10 00:00:00,Short,UAA,5.31,-13.09%,6.86,utb,参数一,"{""utb"": {""key_value"": 2, ""atr_period"": 14, ""use_ha"": false}, ""r&s"": {""srb_left"": 10, ""srb_right"": 10}, ""atr"": {""atr_length"": 14, ""atr_mult"": 1.0}}",UNDER ARMOUR INC-CLASS A,1WK,,,,,,
2026-08-10 00:00:00,Short,KELYB,22.03,-6.10%,27.37,suf,参数一,"{""suf"": {""timeframe"": ""w""}}",KELLY SERVICES INC -CL B,1WK,,,,,,
2026-08-10 00:00:00,Short,KELYB,22.03,-6.10%,27.37,suf,参数二,"{""suf"": {""timeframe"": ""w""}}",KELLY SERVICES INC -CL B,1WK,,,,,,
2026-08-10 00:00:00,Long,BKR,64.9,5.45%,57.59,utb,参数一,"{""utb"": {""key_value"": 2, ""atr_period"": 14, ""use_ha"": false}, ""r&s"": {""srb_left"": 10, ""srb_right"": 10}, ""atr"": {""atr_length"": 14, ""atr_mult"": 1.0}}",BAKER HUGHES CO,1WK,,,,,,
2026-08-10 00:00:00,Short,LQDA,75.71,-16.08%,102.57,suf,参数一,"{""suf"": {""timeframe"": ""w""}}",LIQUIDIA CORP,1WK,,,,,,
2026-08-10 00:00:00,Short,LQDA,75.71,-16.08%,102.57,suf,参数二,"{""suf"": {""timeframe"": ""w""}}",LIQUIDIA CORP,1WK,,,,,,
2026-08-10 00:00:00,Short,AFRI,11.11,-0.63%,12.47,suf,参数一,"{""suf"": {""timeframe"": ""w""}}",FORAFRIC GLOBAL PLC,1WK,,,,,,
2026-08-10 00:00:00,Short,AFRI,11.11,-0.63%,12.47,suf,参数二,"{""suf"": {""timeframe"": ""w""}}",FORAFRIC GLOBAL PLC,1WK,,,,,,
2026-08-10 00:00:00,Long,WEX,195.85,5.74%,167.5,sqz,参数一,"{""sqz"": {""bb_length"": 15, ""bb_mult"": 1.5, ""kc_length"": 15, ""kc_mult"": 1.2, ""min_sqz_bars"": 4}, ""r&s"": {""srb_left"": 10, ""srb_right"": 10}, ""atr"": {""atr_length"": 14, ""atr_mult"": 1.0}}",WEX INC,1WK,一直亮绿,203.88-244.04-217.47-180.71-186.86,高-低-低-高,19.70%-10.89%-16.90%-3.40%,16.0,49.14
2026-08-10 00:00:00,Long,FSLY,29.72,29.45%,18.36,utb,参数一,"{""utb"": {""key_value"": 2, ""atr_period"": 14, ""use_ha"": false}, ""r&s"": {""srb_left"": 10, ""srb_right"": 10}, ""atr"": {""atr_length"": 14, ""atr_mult"": 1.0}}",FASTLY INC - CLASS A,1WK,,,,,,
2026-08-10 00:00:00,Long,FSLY,29.72,29.45%,18.36,utb,参数二,"{""utb"": {""key_value"": 3, ""atr_period"": 14, ""use_ha"": false}, ""r&s"": {""srb_left"": 15, ""srb_right"": 15}, ""atr"": {""atr_length"": 14, ""atr_mult"": 1.0}}",FASTLY INC - CLASS A,1WK,,,,,,
2026-08-10 00:00:00,Short,MLP,15.5,-10.51%,18.33,utb,参数二,"{""utb"": {""key_value"": 3, ""atr_period"": 14, ""use_ha"": false}, ""r&s"": {""srb_left"": 15, ""srb_right"": 15}, ""atr"": {""atr_length"": 14, ""atr_mult"": 1.0}}",MAUI LAND & PINEAPPLE CO,1WK,,,,,,
2026-08-10 00:00:00,Long,BMRN,67.42,5.66%,59.3,sqz,参数一,"{""sqz"": {""bb_length"": 15, ""bb_mult"": 1.5, ""kc_length"": 15, ""kc_mult"": 1.2, ""min_sqz_bars"": 4}, ""r&s"": {""srb_left"": 10, ""srb_right"": 10}, ""atr"": {""atr_length"": 14, ""atr_mult"": 1.0}}",BIOMARIN PHARMACEUTICAL INC,1WK,压力释放,99.56-94.85-73.51-63.97-66.28,低-低-低-高,4.73%-22.50%-12.98%-3.61%,24.0,34.55
2026-08-10 00:00:00,Long,BMRN,67.42,5.66%,59.3,sqz,参数二,"{""sqz"": {""bb_length"": 20, ""bb_mult"": 1.8, ""kc_length"": 20, ""kc_mult"": 1.5, ""min_sqz_bars"": 4}, ""r&s"": {""srb_left"": 15, ""srb_right"": 15}, ""atr"": {""atr_length"": 14, ""atr_mult"": 1.0}}",BIOMARIN PHARMACEUTICAL INC,1WK,压力释放,117.77-99.56-94.85-73.51-66.28,低-低-低-低,15.46%-4.73%-22.50%-9.84%,24.0,34.55
2026-08-10 00:00:00,Long,SLNG,6.57,40.09%,3.65,utb,参数二,"{""utb"": {""key_value"": 3, ""atr_period"": 14, ""use_ha"": false}, ""r&s"": {""srb_left"": 15, ""srb_right"": 15}, ""atr"": {""atr_length"": 14, ""atr_mult"": 1.0}}",STABILIS SOLUTIONS INC,1WK,,,,,,
2026-08-10 00:00:00,Short,MPAA,12.44,-8.73%,14.42,utb,参数一,"{""utb"": {""key_value"": 2, ""atr_period"": 14, ""use_ha"": false}, ""r&s"": {""srb_left"": 10, ""srb_right"": 10}, ""atr"": {""atr_length"": 14, ""atr_mult"": 1.0}}",MOTORCAR PARTS OF AMERICA IN,1WK,,,,,,
2026-08-10 00:00:00,Short,FIRY,9.8,-6.27%,12.6,suf,参数一,"{""suf"": {""timeframe"": ""w""}}",FIRY INC,1WK,,,,,,
2026-08-10 00:00:00,Short,FIRY,9.8,-6.27%,12.6,suf,参数二,"{""suf"": {""timeframe"": ""w""}}",FIRY INC,1WK,,,,,,
2026-08-10 00:00:00,Short,MCY,105.27,-3.86%,115.37,suf,参数一,"{""suf"": {""timeframe"": ""w""}}",MERCURY GENERAL CORP,1WK,,,,,,
2026-08-10 00:00:00,Short,MCY,105.27,-3.86%,115.37,suf,参数二,"{""suf"": {""timeframe"": ""w""}}",MERCURY GENERAL CORP,1WK,,,,,,
2026-08-10 00:00:00,Short,ALGT,84.74,-11.37%,106.12,utb,参数一,"{""utb"": {""key_value"": 2, ""atr_period"": 14, ""use_ha"": false}, ""r&s"": {""srb_left"": 10, ""srb_right"": 10}, ""atr"": {""atr_length"": 14, ""atr_mult"": 1.0}}",ALLEGIANT TRAVEL CO,1WK,,,,,,
2026-08-10 00:00:00,Long,CCOI,11.01,10.94%,6.23,suf,参数一,"{""suf"": {""timeframe"": ""w""}}",COGENT COMMUNICATIONS HOLDIN,1WK,,,,,,
2026-08-10 00:00:00,Long,CCOI,11.01,10.94%,6.23,suf,参数二,"{""suf"": {""timeframe"": ""w""}}",COGENT COMMUNICATIONS HOLDIN,1WK,,,,,,
2026-08-10 00:00:00,Short,CSAI,5.32,-25.28%,8.28,utb,参数一,"{""utb"": {""key_value"": 2, ""atr_period"": 14, ""use_ha"": false}, ""r&s"": {""srb_left"": 10, ""srb_right"": 10}, ""atr"": {""atr_length"": 14, ""atr_mult"": 1.0}}",CLOUDASTRUCTURE INC-A,1WK,,,,,,
2026-08-10 00:00:00,Short,BKTI,73.8,-5.04%,87.86,utb,参数一,"{""utb"": {""key_value"": 2, ""atr_period"": 14, ""use_ha"": false}, ""r&s"": {""srb_left"": 10, ""srb_right"": 10}, ""atr"": {""atr_length"": 14, ""atr_mult"": 1.0}}",BK TECHNOLOGIES CORP,1WK,,,,,,
2026-08-10 00:00:00,Long,KKR,115.04,12.11%,92.39,utb,参数一,"{""utb"": {""key_value"": 2, ""atr_period"": 14, ""use_ha"": false}, ""r&s"": {""srb_left"": 10, ""srb_right"": 10}, ""atr"": {""atr_length"": 14, ""atr_mult"": 1.0}}",KKR & CO INC,1WK,,,,,,
2026-08-10 00:00:00,Short,SGC,13.0,-7.67%,15.16,suf,参数一,"{""suf"": {""timeframe"": ""w""}}",SUPERIOR GROUP OF COS INC,1WK,,,,,,
2026-08-10 00:00:00,Short,SGC,13.0,-7.67%,15.16,suf,参数二,"{""suf"": {""timeframe"": ""w""}}",SUPERIOR GROUP OF COS INC,1WK,,,,,,
2026-08-10 00:00:00,Short,BZAI,0.65,-41.25%,1.62,sqz,参数二,"{""sqz"": {""bb_length"": 20, ""bb_mult"": 1.8, ""kc_length"": 20, ""kc_mult"": 1.5, ""min_sqz_bars"": 4}, ""r&s"": {""srb_left"": 15, ""srb_right"": 15}, ""atr"": {""atr_length"": 14, ""atr_mult"": 1.0}}",BLAIZE HOLDINGS INC,1WK,一直亮红,nan-10.1-1.7-1.0,低-低-低,nan%-83.17%-41.18%,21.0,182.0
2026-08-10 00:00:00,Long,AEHR,135.38,31.35%,78.71,utb,参数一,"{""utb"": {""key_value"": 2, ""atr_period"": 14, ""use_ha"": false}, ""r&s"": {""srb_left"": 10, ""srb_right"": 10}, ""atr"": {""atr_length"": 14, ""atr_mult"": 1.0}}",AEHR TEST SYSTEMS,1WK,,,,,,
2026-08-10 00:00:00,Long,CIA,3.92,3.16%,2.88,suf,参数一,"{""suf"": {""timeframe"": ""w""}}",CITIZENS INC,1WK,,,,,,
2026-08-10 00:00:00,Long,CIA,3.92,3.16%,2.88,suf,参数二,"{""suf"": {""timeframe"": ""w""}}",CITIZENS INC,1WK,,,,,,
2026-08-10 00:00:00,Long,SGMT,9.6,6.02%,7.7,sqz,参数一,"{""sqz"": {""bb_length"": 15, ""bb_mult"": 1.5, ""kc_length"": 15, ""kc_mult"": 1.2, ""min_sqz_bars"": 4}, ""r&s"": {""srb_left"": 10, ""srb_right"": 10}, ""atr"": {""atr_length"": 14, ""atr_mult"": 1.0}}",SAGIMET BIOSCIENCES INC-A,1WK,压力释放,20.71-7.38-11.41-9.46-9.37,低-高-低-低,64.37%-54.61%-17.09%-0.95%,15.0,50.16
2026-08-10 00:00:00,Long,CGAU,21.56,1.48%,18.64,sqz,参数一,"{""sqz"": {""bb_length"": 15, ""bb_mult"": 1.5, ""kc_length"": 15, ""kc_mult"": 1.2, ""min_sqz_bars"": 4}, ""r&s"": {""srb_left"": 10, ""srb_right"": 10}, ""atr"": {""atr_length"": 14, ""atr_mult"": 1.0}}",CENTERRA GOLD INC,1WK,压力释放,5.92-7.18-7.59-7.66-21.05,高-高-高-高,21.27%-5.64%-0.89%-174.94%,23.0,43.28
2026-08-10 00:00:00,Short,PLUT,2.72,-6.68%,3.24,utb,参数一,"{""utb"": {""key_value"": 2, ""atr_period"": 14, ""use_ha"": false}, ""r&s"": {""srb_left"": 10, ""srb_right"": 10}, ""atr"": {""atr_length"": 14, ""atr_mult"": 1.0}}",PLUTUS FINANCIAL GROUP LTD,1WK,,,,,,
2026-08-10 00:00:00,Short,DCI,95.72,-2.93%,103.32,suf,参数一,"{""suf"": {""timeframe"": ""w""}}",DONALDSON CO INC,1WK,,,,,,
2026-08-10 00:00:00,Short,DCI,95.72,-2.93%,103.32,suf,参数二,"{""suf"": {""timeframe"": ""w""}}",DONALDSON CO INC,1WK,,,,,,
2026-08-10 00:00:00,Long,MSGE,86.27,12.70%,70.23,sqz,参数一,"{""sqz"": {""bb_length"": 15, ""bb_mult"": 1.5, ""kc_length"": 15, ""kc_mult"": 1.2, ""min_sqz_bars"": 4}, ""r&s"": {""srb_left"": 10, ""srb_right"": 10}, ""atr"": {""atr_length"": 14, ""atr_mult"": 1.0}}",MADISON SQUARE GARDEN ENTERT,1WK,一直释放,nan-34.42-41.58-44.14-41.24,低-高-高-低,nan%-20.80%-6.16%-6.57%,59.0,16.79
2026-08-10 00:00:00,Long,DAR,66.89,12.59%,55.76,sqz,参数一,"{""sqz"": {""bb_length"": 15, ""bb_mult"": 1.5, ""kc_length"": 15, ""kc_mult"": 1.2, ""min_sqz_bars"": 4}, ""r&s"": {""srb_left"": 10, ""srb_right"": 10}, ""atr"": {""atr_length"": 14, ""atr_mult"": 1.0}}",DARLING INGREDIENTS INC,1WK,压力释放,41.97-43.49-42.15-39.55-66.02,高-低-低-高,3.62%-3.08%-6.17%-66.93%,14.0,29.73
2026-08-10 00:00:00,Long,DAR,66.89,12.59%,55.76,utb,参数二,"{""utb"": {""key_value"": 3, ""atr_period"": 14, ""use_ha"": false}, ""r&s"": {""srb_left"": 15, ""srb_right"": 15}, ""atr"": {""atr_length"": 14, ""atr_mult"": 1.0}}",DARLING INGREDIENTS INC,1WK,,,,,,
2026-08-10 00:00:00,Long,EVTC,31.69,6.16%,26.33,sqz,参数一,"{""sqz"": {""bb_length"": 15, ""bb_mult"": 1.5, ""kc_length"": 15, ""kc_mult"": 1.2, ""min_sqz_bars"": 4}, ""r&s"": {""srb_left"": 10, ""srb_right"": 10}, ""atr"": {""atr_length"": 14, ""atr_mult"": 1.0}}",EVERTEC INC,1WK,一直亮绿,41.58-36.91-38.0-38.29-31.44,低-高-高-低,11.22%-2.96%-0.76%-17.89%,16.0,44.64
2026-08-10 00:00:00,Short,ELMD,41.94,-0.60%,47.2,suf,参数一,"{""suf"": {""timeframe"": ""w""}}",ELECTROMED INC,1WK,,,,,,
2026-08-10 00:00:00,Short,ELMD,41.94,-0.60%,47.2,suf,参数二,"{""suf"": {""timeframe"": ""w""}}",ELECTROMED INC,1WK,,,,,,
2026-08-10 00:00:00,Short,GRC,80.29,-4.17%,92.4,suf,参数一,"{""suf"": {""timeframe"": ""w""}}",GORMAN-RUPP CO,1WK,,,,,,
2026-08-10 00:00:00,Short,GRC,80.29,-4.17%,92.4,suf,参数二,"{""suf"": {""timeframe"": ""w""}}",GORMAN-RUPP CO,1WK,,,,,,
2026-08-10 00:00:00,Long,TK,12.32,8.83%,9.95,utb,参数一,"{""utb"": {""key_value"": 2, ""atr_period"": 14, ""use_ha"": false}, ""r&s"": {""srb_left"": 10, ""srb_right"": 10}, ""atr"": {""atr_length"": 14, ""atr_mult"": 1.0}}",TEEKAY CORP LTD,1WK,,,,,,
2026-08-10 00:00:00,Long,ROKU,157.53,2.89%,141.31,sqz,参数一,"{""sqz"": {""bb_length"": 15, ""bb_mult"": 1.5, ""kc_length"": 15, ""kc_mult"": 1.2, ""min_sqz_bars"": 4}, ""r&s"": {""srb_left"": 10, ""srb_right"": 10}, ""atr"": {""atr_length"": 14, ""atr_mult"": 1.0}}",ROKU INC,1WK,一直释放,98.44-108.84-104.96-116.66-116.33,高-低-高-低,10.56%-3.56%-11.15%-0.28%,30.0,48.13
2026-08-10 00:00:00,Short,MERC,0.48,-18.34%,0.79,sqz,参数一,"{""sqz"": {""bb_length"": 15, ""bb_mult"": 1.5, ""kc_length"": 15, ""kc_mult"": 1.2, ""min_sqz_bars"": 4}, ""r&s"": {""srb_left"": 10, ""srb_right"": 10}, ""atr"": {""atr_length"": 14, ""atr_mult"": 1.0}}",MERCER INTERNATIONAL INC,1WK,一直释放,6.52-5.04-5.69-3.13-1.48,低-高-低-低,22.71%-12.95%-44.97%-52.73%,38.0,92.57
2026-08-10 00:00:00,Long,CNR,95.67,6.77%,80.74,utb,参数一,"{""utb"": {""key_value"": 2, ""atr_period"": 14, ""use_ha"": false}, ""r&s"": {""srb_left"": 10, ""srb_right"": 10}, ""atr"": {""atr_length"": 14, ""atr_mult"": 1.0}}",CORE NATURAL RESOURCES INC,1WK,,,,,,
2026-08-10 00:00:00,Long,LNSR,8.17,35.26%,4.96,utb,参数一,"{""utb"": {""key_value"": 2, ""atr_period"": 14, ""use_ha"": false}, ""r&s"": {""srb_left"": 10, ""srb_right"": 10}, ""atr"": {""atr_length"": 14, ""atr_mult"": 1.0}}",LENSAR INC,1WK,,,,,,
2026-08-10 00:00:00,Long,LNSR,8.17,35.26%,4.96,mfa,参数一,"{""utb"": {""key_value"": 2, ""atr_period"": 14, ""use_ha"": false}, ""mfa"": {""mfa_all"": 22}}",LENSAR INC,1WK,,,,,,
2026-08-10 00:00:00,Long,LNSR,8.17,35.26%,4.96,utb,参数二,"{""utb"": {""key_value"": 3, ""atr_period"": 14, ""use_ha"": false}, ""r&s"": {""srb_left"": 15, ""srb_right"": 15}, ""atr"": {""atr_length"": 14, ""atr_mult"": 1.0}}",LENSAR INC,1WK,,,,,,
2026-08-10 00:00:00,Long,LNSR,8.17,35.26%,4.96,mfa,参数二,"{""utb"": {""key_value"": 3, ""atr_period"": 14, ""use_ha"": false}, ""mfa"": {""mfa_all"": 22}}",LENSAR INC,1WK,,,,,,
2026-08-10 00:00:00,Long,NXTT,6.42,10600.00%,-0.07,suf,参数一,"{""suf"": {""timeframe"": ""w""}}",NEXT TECHNOLOGY HOLDING INC,1WK,,,,,,
2026-08-10 00:00:00,Long,NXTT,6.42,10600.00%,-0.07,suf,参数二,"{""suf"": {""timeframe"": ""w""}}",NEXT TECHNOLOGY HOLDING INC,1WK,,,,,,
2026-08-10 00:00:00,Short,INNV,10.65,-4.70%,12.54,suf,参数一,"{""suf"": {""timeframe"": ""w""}}",INNOVAGE HOLDING CORP,1WK,,,,,,
2026-08-10 00:00:00,Short,INNV,10.65,-4.70%,12.54,suf,参数二,"{""suf"": {""timeframe"": ""w""}}",INNOVAGE HOLDING CORP,1WK,,,,,,
2026-08-10 00:00:00,Long,VHI,16.14,1.54%,14.39,utb,参数二,"{""utb"": {""key_value"": 3, ""atr_period"": 14, ""use_ha"": false}, ""r&s"": {""srb_left"": 15, ""srb_right"": 15}, ""atr"": {""atr_length"": 14, ""atr_mult"": 1.0}}",VALHI INC,1WK,,,,,,
2026-08-10 00:00:00,Long,OXY,58.53,4.68%,52.41,utb,参数一,"{""utb"": {""key_value"": 2, ""atr_period"": 14, ""use_ha"": false}, ""r&s"": {""srb_left"": 10, ""srb_right"": 10}, ""atr"": {""atr_length"": 14, ""atr_mult"": 1.0}}",OCCIDENTAL PETROLEUM CORP,1WK,,,,,,
2026-08-10 00:00:00,Short,GH,158.35,-6.02%,187.67,suf,参数一,"{""suf"": {""timeframe"": ""w""}}",GUARDANT HEALTH INC,1WK,,,,,,
2026-08-10 00:00:00,Short,GH,158.35,-6.02%,187.67,suf,参数二,"{""suf"": {""timeframe"": ""w""}}",GUARDANT HEALTH INC,1WK,,,,,,
2026-08-10 00:00:00,Short,INVZ,0.38,-1.42%,0.56,sqz,参数一,"{""sqz"": {""bb_length"": 15, ""bb_mult"": 1.5, ""kc_length"": 15, ""kc_mult"": 1.2, ""min_sqz_bars"": 4}, ""r&s"": {""srb_left"": 10, ""srb_right"": 10}, ""atr"": {""atr_length"": 14, ""atr_mult"": 1.0}}",INNOVIZ TECHNOLOGIES LTD,1WK,支撑释放,2.09-1.3-0.45-0.48-0.58,低-低-高-高,37.65%-65.38%-6.67%-20.83%,19.0,67.24
2026-08-10 00:00:00,Short,NNNN,10.29,-3.02%,16.58,sqz,参数二,"{""sqz"": {""bb_length"": 20, ""bb_mult"": 1.8, ""kc_length"": 20, ""kc_mult"": 1.5, ""min_sqz_bars"": 4}, ""r&s"": {""srb_left"": 15, ""srb_right"": 15}, ""atr"": {""atr_length"": 14, ""atr_mult"": 1.0}}",ANBIO BIOTECHNOLOGY LTD,1WK,一直亮红,nan-10.5,低,nan%,40.0,326.0
2026-08-10 00:00:00,Long,OGI,1.23,24.24%,0.83,utb,参数一,"{""utb"": {""key_value"": 2, ""atr_period"": 14, ""use_ha"": false}, ""r&s"": {""srb_left"": 10, ""srb_right"": 10}, ""atr"": {""atr_length"": 14, ""atr_mult"": 1.0}}",ORGANIGRAM GLOBAL INC,1WK,,,,,,
2026-08-10 00:00:00,Long,OGI,1.23,24.24%,0.83,mfa,参数一,"{""utb"": {""key_value"": 2, ""atr_period"": 14, ""use_ha"": false}, ""mfa"": {""mfa_all"": 27}}",ORGANIGRAM GLOBAL INC,1WK,,,,,,
2026-08-10 00:00:00,Short,YOU,45.43,-11.43%,59.9,utb,参数一,"{""utb"": {""key_value"": 2, ""atr_period"": 14, ""use_ha"": false}, ""r&s"": {""srb_left"": 10, ""srb_right"": 10}, ""atr"": {""atr_length"": 14, ""atr_mult"": 1.0}}",CLEAR SECURE INC -CLASS A,1WK,,,,,,
2026-08-10 00:00:00,Short,WHG,19.31,-2.87%,21.67,suf,参数一,"{""suf"": {""timeframe"": ""w""}}",WESTWOOD HOLDINGS GROUP INC,1WK,,,,,,
2026-08-10 00:00:00,Short,WHG,19.31,-2.87%,21.67,suf,参数二,"{""suf"": {""timeframe"": ""w""}}",WESTWOOD HOLDINGS GROUP INC,1WK,,,,,,
2026-08-10 00:00:00,Long,WIX,74.19,23.24%,48.57,utb,参数一,"{""utb"": {""key_value"": 2, ""atr_period"": 14, ""use_ha"": false}, ""r&s"": {""srb_left"": 10, ""srb_right"": 10}, ""atr"": {""atr_length"": 14, ""atr_mult"": 1.0}}",WIX.COM LTD,1WK,,,,,,
2026-08-10 00:00:00,Long,WIX,74.19,23.24%,48.57,mfa,参数一,"{""utb"": {""key_value"": 2, ""atr_period"": 14, ""use_ha"": false}, ""mfa"": {""mfa_all"": 39}}",WIX.COM LTD,1WK,,,,,,
2026-08-10 00:00:00,Short,BKD,12.7,-10.65%,15.57,utb,参数一,"{""utb"": {""key_value"": 2, ""atr_period"": 14, ""use_ha"": false}, ""r&s"": {""srb_left"": 10, ""srb_right"": 10}, ""atr"": {""atr_length"": 14, ""atr_mult"": 1.0}}",BROOKDALE SENIOR LIVING INC,1WK,,,,,,
2026-08-10 00:00:00,Short,ZGN,13.77,-7.65%,16.2,suf,参数一,"{""suf"": {""timeframe"": ""w""}}",ERMENEGILDO ZEGNA NV,1WK,,,,,,
2026-08-10 00:00:00,Short,ZGN,13.77,-7.65%,16.2,suf,参数二,"{""suf"": {""timeframe"": ""w""}}",ERMENEGILDO ZEGNA NV,1WK,,,,,,
2026-08-10 00:00:00,Short,WTW,332.02,-3.71%,364.31,suf,参数一,"{""suf"": {""timeframe"": ""w""}}",WILLIS TOWERS WATSON PLC,1WK,,,,,,
2026-08-10 00:00:00,Short,WTW,332.02,-3.71%,364.31,suf,参数二,"{""suf"": {""timeframe"": ""w""}}",WILLIS TOWERS WATSON PLC,1WK,,,,,,
2026-08-10 00:00:00,Short,BTDR,8.79,-19.21%,14.26,utb,参数二,"{""utb"": {""key_value"": 3, ""atr_period"": 14, ""use_ha"": false}, ""r&s"": {""srb_left"": 15, ""srb_right"": 15}, ""atr"": {""atr_length"": 14, ""atr_mult"": 1.0}}",BITDEER TECHNOLOGIES GROUP-A,1WK,,,,,,
2026-08-10 00:00:00,Long,GFL,41.88,1.36%,38.1,utb,参数二,"{""utb"": {""key_value"": 3, ""atr_period"": 14, ""use_ha"": false}, ""r&s"": {""srb_left"": 15, ""srb_right"": 15}, ""atr"": {""atr_length"": 14, ""atr_mult"": 1.0}}",GFL ENVIRONMENTAL INC-SUB VT,1WK,,,,,,
2026-08-10 00:00:00,Long,GFL,41.88,1.36%,38.1,mfa,参数二,"{""utb"": {""key_value"": 3, ""atr_period"": 14, ""use_ha"": false}, ""mfa"": {""mfa_all"": 32}}",GFL ENVIRONMENTAL INC-SUB VT,1WK,,,,,,
2026-08-10 00:00:00,Long,SOS,0.91,12.80%,0.51,suf,参数一,"{""suf"": {""timeframe"": ""w""}}",SOS LTD-A,1WK,,,,,,
2026-08-10 00:00:00,Long,SOS,0.91,12.80%,0.51,suf,参数二,"{""suf"": {""timeframe"": ""w""}}",SOS LTD-A,1WK,,,,,,
2026-08-10 00:00:00,Short,ANF,108.49,-3.67%,130.14,suf,参数一,"{""suf"": {""timeframe"": ""w""}}",ABERCROMBIE & FITCH CO-CL A,1WK,,,,,,
2026-08-10 00:00:00,Short,ANF,108.49,-3.67%,130.14,suf,参数二,"{""suf"": {""timeframe"": ""w""}}",ABERCROMBIE & FITCH CO-CL A,1WK,,,,,,
2026-08-10 00:00:00,Long,LOB,43.53,2.17%,39.42,sqz,参数二,"{""sqz"": {""bb_length"": 20, ""bb_mult"": 1.8, ""kc_length"": 20, ""kc_mult"": 1.5, ""min_sqz_bars"": 4}, ""r&s"": {""srb_left"": 15, ""srb_right"": 15}, ""atr"": {""atr_length"": 14, ""atr_mult"": 1.0}}",LIVE OAK BANCSHARES INC,1WK,一直亮绿,37.98-46.83-50.27-39.03-42.82,高-高-低-高,23.29%-7.35%-22.36%-9.71%,29.0,37.75
2026-08-10 00:00:00,Short,MSA,188.44,-2.96%,206.55,suf,参数一,"{""suf"": {""timeframe"": ""w""}}",MSA SAFETY INC,1WK,,,,,,
2026-08-10 00:00:00,Short,MSA,188.44,-2.96%,206.55,suf,参数二,"{""suf"": {""timeframe"": ""w""}}",MSA SAFETY INC,1WK,,,,,,
2026-08-10 00:00:00,Short,ALLE,164.4,-2.69%,178.62,suf,参数一,"{""suf"": {""timeframe"": ""w""}}",ALLEGION PLC,1WK,,,,,,
2026-08-10 00:00:00,Short,ALLE,164.4,-2.69%,178.62,suf,参数二,"{""suf"": {""timeframe"": ""w""}}",ALLEGION PLC,1WK,,,,,,
2026-08-10 00:00:00,Short,TRN,29.58,-1.07%,32.64,utb,参数二,"{""utb"": {""key_value"": 3, ""atr_period"": 14, ""use_ha"": false}, ""r&s"": {""srb_left"": 15, ""srb_right"": 15}, ""atr"": {""atr_length"": 14, ""atr_mult"": 1.0}}",TRINITY INDUSTRIES INC,1WK,,,,,,
2026-08-10 00:00:00,Short,PLTK,2.49,-15.31%,3.46,utb,参数二,"{""utb"": {""key_value"": 3, ""atr_period"": 14, ""use_ha"": false}, ""r&s"": {""srb_left"": 15, ""srb_right"": 15}, ""atr"": {""atr_length"": 14, ""atr_mult"": 1.0}}",PLAYTIKA HOLDING CORP,1WK,,,,,,
2026-08-10 00:00:00,Short,SQFT,1.45,-36.68%,2.52,utb,参数二,"{""utb"": {""key_value"": 3, ""atr_period"": 14, ""use_ha"": false}, ""r&s"": {""srb_left"": 15, ""srb_right"": 15}, ""atr"": {""atr_length"": 14, ""atr_mult"": 1.0}}",PRESIDIO PROPERTY TRUST - A,1WK,,,,,,
2026-08-10 00:00:00,Short,SQFT,1.45,-36.68%,2.52,sqz,参数二,"{""sqz"": {""bb_length"": 20, ""bb_mult"": 1.8, ""kc_length"": 20, ""kc_mult"": 1.5, ""min_sqz_bars"": 4}, ""r&s"": {""srb_left"": 15, ""srb_right"": 15}, ""atr"": {""atr_length"": 14, ""atr_mult"": 1.0}}",PRESIDIO PROPERTY TRUST - A,1WK,一直亮红,7.25-4.91-4.7-4.19-2.1,低-低-低-低,32.25%-4.35%-10.85%-49.88%,20.0,107.14
2026-08-10 00:00:00,Long,HCC,98.18,6.85%,77.79,utb,参数一,"{""utb"": {""key_value"": 2, ""atr_period"": 14, ""use_ha"": false}, ""r&s"": {""srb_left"": 10, ""srb_right"": 10}, ""atr"": {""atr_length"": 14, ""atr_mult"": 1.0}}",WARRIOR MET COAL INC,1WK,,,,,,
2026-08-10 00:00:00,Long,SDRL,48.0,11.01%,41.2,utb,参数一,"{""utb"": {""key_value"": 2, ""atr_period"": 14, ""use_ha"": false}, ""r&s"": {""srb_left"": 10, ""srb_right"": 10}, ""atr"": {""atr_length"": 14, ""atr_mult"": 1.0}}",SEADRILL LIMITED,1WK,,,,,,
2026-08-10 00:00:00,Long,CCAQ,10.51,0.33%,10.43,sqz,参数一,"{""sqz"": {""bb_length"": 15, ""bb_mult"": 1.5, ""kc_length"": 15, ""kc_mult"": 1.2, ""min_sqz_bars"": 4}, ""r&s"": {""srb_left"": 10, ""srb_right"": 10}, ""atr"": {""atr_length"": 14, ""atr_mult"": 1.0}}",COLLECTIVE ACQUISITION CORP,1WK,一直亮绿,nan-10.5,低,nan%,11.0,1.16
2026-08-10 00:00:00,Short,CYTK,73.16,-4.69%,85.27,utb,参数一,"{""utb"": {""key_value"": 2, ""atr_period"": 14, ""use_ha"": false}, ""r&s"": {""srb_left"": 10, ""srb_right"": 10}, ""atr"": {""atr_length"": 14, ""atr_mult"": 1.0}}",CYTOKINETICS INC,1WK,,,,,,
2026-08-10 00:00:00,Long,XTIA,1.58,2.94%,1.1,suf,参数一,"{""suf"": {""timeframe"": ""w""}}",XTI AEROSPACE INC,1WK,,,,,,
2026-08-10 00:00:00,Long,XTIA,1.58,2.94%,1.1,suf,参数二,"{""suf"": {""timeframe"": ""w""}}",XTI AEROSPACE INC,1WK,,,,,,
2026-08-10 00:00:00,Long,BRFH,1.85,0.45%,1.43,suf,参数一,"{""suf"": {""timeframe"": ""w""}}",BARFRESH FOOD GROUP INC,1WK,,,,,,
2026-08-10 00:00:00,Long,BRFH,1.85,0.45%,1.43,suf,参数二,"{""suf"": {""timeframe"": ""w""}}",BARFRESH FOOD GROUP INC,1WK,,,,,,
2026-08-10 00:00:00,Long,FCNCA,2287.51,3.11%,2098.61,sqz,参数一,"{""sqz"": {""bb_length"": 15, ""bb_mult"": 1.5, ""kc_length"": 15, ""kc_mult"": 1.2, ""min_sqz_bars"": 4}, ""r&s"": {""srb_left"": 10, ""srb_right"": 10}, ""atr"": {""atr_length"": 14, ""atr_mult"": 1.0}}",FIRST CITIZENS BCSHS  -CL A,1WK,压力释放,1794.14-2157.76-2398.02-2160.95-2227.54,高-高-低-高,20.27%-11.13%-9.89%-3.08%,29.0,26.75
2026-08-10 00:00:00,Long,FCNCA,2287.51,3.11%,2098.61,sqz,参数二,"{""sqz"": {""bb_length"": 20, ""bb_mult"": 1.8, ""kc_length"": 20, ""kc_mult"": 1.5, ""min_sqz_bars"": 4}, ""r&s"": {""srb_left"": 15, ""srb_right"": 15}, ""atr"": {""atr_length"": 14, ""atr_mult"": 1.0}}",FIRST CITIZENS BCSHS  -CL A,1WK,一直亮绿,nan-1494.72-2398.02-2160.95-2227.54,低-高-低-高,nan%-60.43%-9.89%-3.08%,29.0,26.75
2026-08-10 00:00:00,Long,LPCV,10.13,0.90%,10.0,utb,参数一,"{""utb"": {""key_value"": 2, ""atr_period"": 14, ""use_ha"": false}, ""r&s"": {""srb_left"": 10, ""srb_right"": 10}, ""atr"": {""atr_length"": 14, ""atr_mult"": 1.0}}",LAUNCHPAD CADENZA ACQUI-CL A,1WK,,,,,,
2026-08-10 00:00:00,Long,NPAC,10.49,0.58%,10.38,utb,参数二,"{""utb"": {""key_value"": 3, ""atr_period"": 14, ""use_ha"": false}, ""r&s"": {""srb_left"": 15, ""srb_right"": 15}, ""atr"": {""atr_length"": 14, ""atr_mult"": 1.0}}",NEW PROVIDENCE ACQUISITION-A,1WK,,,,,,
2026-08-10 00:00:00,Long,AEYE,8.06,34.42%,4.33,utb,参数一,"{""utb"": {""key_value"": 2, ""atr_period"": 14, ""use_ha"": false}, ""r&s"": {""srb_left"": 10, ""srb_right"": 10}, ""atr"": {""atr_length"": 14, ""atr_mult"": 1.0}}",AUDIOEYE INC,1WK,,,,,,
2026-08-10 00:00:00,Long,P,117.49,30.47%,81.56,sqz,参数一,"{""sqz"": {""bb_length"": 15, ""bb_mult"": 1.5, ""kc_length"": 15, ""kc_mult"": 1.2, ""min_sqz_bars"": 4}, ""r&s"": {""srb_left"": 10, ""srb_right"": 10}, ""atr"": {""atr_length"": 14, ""atr_mult"": 1.0}}",EVERPURE INC-A,1WK,压力释放,40.5-70.41-73.67-100.59-93.92,高-高-高-低,73.85%-4.63%-36.54%-6.63%,13.0,44.94
2026-08-10 00:00:00,Long,P,117.49,30.47%,81.56,sqz,参数二,"{""sqz"": {""bb_length"": 20, ""bb_mult"": 1.8, ""kc_length"": 20, ""kc_mult"": 1.5, ""min_sqz_bars"": 4}, ""r&s"": {""srb_left"": 15, ""srb_right"": 15}, ""atr"": {""atr_length"": 14, ""atr_mult"": 1.0}}",EVERPURE INC-A,1WK,压力释放,nan-40.5-70.41-73.67-100.59,低-高-高-高,nan%-73.85%-4.63%-36.54%,40.0,77.16
2026-08-10 00:00:00,Long,APA,40.56,7.80%,34.88,utb,参数一,"{""utb"": {""key_value"": 2, ""atr_period"": 14, ""use_ha"": false}, ""r&s"": {""srb_left"": 10, ""srb_right"": 10}, ""atr"": {""atr_length"": 14, ""atr_mult"": 1.0}}",APA CORP,1WK,,,,,,
2026-08-10 00:00:00,Short,IFS,54.16,-8.11%,64.2,suf,参数一,"{""suf"": {""timeframe"": ""w""}}",INTERCORP FINANCIAL SERVICES,1WK,,,,,,
2026-08-10 00:00:00,Short,IFS,54.16,-8.11%,64.2,suf,参数二,"{""suf"": {""timeframe"": ""w""}}",INTERCORP FINANCIAL SERVICES,1WK,,,,,,
2026-08-10 00:00:00,Short,PBYI,8.64,-3.03%,10.02,suf,参数一,"{""suf"": {""timeframe"": ""w""}}",PUMA BIOTECHNOLOGY INC,1WK,,,,,,
2026-08-10 00:00:00,Short,PBYI,8.64,-3.03%,10.02,suf,参数二,"{""suf"": {""timeframe"": ""w""}}",PUMA BIOTECHNOLOGY INC,1WK,,,,,,
2026-08-10 00:00:00,Short,BHRB,73.07,-0.47%,78.12,suf,参数一,"{""suf"": {""timeframe"": ""w""}}",BURKE & HERBERT FINANCIAL SE,1WK,,,,,,
2026-08-10 00:00:00,Short,BHRB,73.07,-0.47%,78.12,suf,参数二,"{""suf"": {""timeframe"": ""w""}}",BURKE & HERBERT FINANCIAL SE,1WK,,,,,,
2026-08-10 00:00:00,Long,KINS,19.72,3.95%,16.97,sqz,参数一,"{""sqz"": {""bb_length"": 15, ""bb_mult"": 1.5, ""kc_length"": 15, ""kc_mult"": 1.2, ""min_sqz_bars"": 4}, ""r&s"": {""srb_left"": 10, ""srb_right"": 10}, ""atr"": {""atr_length"": 14, ""atr_mult"": 1.0}}",KINGSTONE COS INC,1WK,一直亮绿,3.34-12.21-22.04-17.72-19.3,高-高-低-高,266.08%-80.50%-19.60%-8.89%,17.0,39.97
2026-08-10 00:00:00,Short,HCSG,21.59,-2.88%,24.32,utb,参数一,"{""utb"": {""key_value"": 2, ""atr_period"": 14, ""use_ha"": false}, ""r&s"": {""srb_left"": 10, ""srb_right"": 10}, ""atr"": {""atr_length"": 14, ""atr_mult"": 1.0}}",HEALTHCARE SERVICES GROUP,1WK,,,,,,
2026-08-10 00:00:00,Long,NU,15.22,9.97%,12.08,utb,参数一,"{""utb"": {""key_value"": 2, ""atr_period"": 14, ""use_ha"": false}, ""r&s"": {""srb_left"": 10, ""srb_right"": 10}, ""atr"": {""atr_length"": 14, ""atr_mult"": 1.0}}",NU HOLDINGS LTD/CAYMAN ISL-A,1WK,,,,,,
2026-08-10 00:00:00,Long,NU,15.22,9.97%,12.08,mfa,参数一,"{""utb"": {""key_value"": 2, ""atr_period"": 14, ""use_ha"": false}, ""mfa"": {""mfa_all"": 14}}",NU HOLDINGS LTD/CAYMAN ISL-A,1WK,,,,,,
2026-08-10 00:00:00,Long,TPG,53.38,8.95%,43.87,sqz,参数一,"{""sqz"": {""bb_length"": 15, ""bb_mult"": 1.5, ""kc_length"": 15, ""kc_mult"": 1.2, ""min_sqz_bars"": 4}, ""r&s"": {""srb_left"": 10, ""srb_right"": 10}, ""atr"": {""atr_length"": 14, ""atr_mult"": 1.0}}",TPG INC,1WK,压力释放,43.39-68.71-63.33-68.57-46.27,高-低-高-低,58.35%-7.82%-8.26%-32.52%,14.0,20.31
2026-08-10 00:00:00,Long,TPG,53.38,8.95%,43.87,utb,参数二,"{""utb"": {""key_value"": 3, ""atr_period"": 14, ""use_ha"": false}, ""r&s"": {""srb_left"": 15, ""srb_right"": 15}, ""atr"": {""atr_length"": 14, ""atr_mult"": 1.0}}",TPG INC,1WK,,,,,,
2026-08-10 00:00:00,Long,BCE,23.45,3.08%,21.32,utb,参数一,"{""utb"": {""key_value"": 2, ""atr_period"": 14, ""use_ha"": false}, ""r&s"": {""srb_left"": 10, ""srb_right"": 10}, ""atr"": {""atr_length"": 14, ""atr_mult"": 1.0}}",BCE INC,1WK,,,,,,
2026-08-10 00:00:00,Short,ASH,73.11,-4.37%,81.73,suf,参数一,"{""suf"": {""timeframe"": ""w""}}",ASHLAND INC,1WK,,,,,,
2026-08-10 00:00:00,Short,ASH,73.11,-4.37%,81.73,suf,参数二,"{""suf"": {""timeframe"": ""w""}}",ASHLAND INC,1WK,,,,,,
2026-08-10 00:00:00,Long,GFF,104.38,-2.65%,93.38,sqz,参数一,"{""sqz"": {""bb_length"": 15, ""bb_mult"": 1.5, ""kc_length"": 15, ""kc_mult"": 1.2, ""min_sqz_bars"": 4}, ""r&s"": {""srb_left"": 10, ""srb_right"": 10}, ""atr"": {""atr_length"": 14, ""atr_mult"": 1.0}}",GRIFFON CORP,1WK,压力释放,76.28-74.06-85.4-82.77-97.09,低-高-低-高,2.91%-15.31%-3.08%-17.29%,26.0,44.17
2026-08-10 00:00:00,Short,GFF,104.38,-2.65%,115.76,suf,参数一,"{""suf"": {""timeframe"": ""w""}}",GRIFFON CORP,1WK,,,,,,
2026-08-10 00:00:00,Short,GFF,104.38,-2.65%,115.76,suf,参数二,"{""suf"": {""timeframe"": ""w""}}",GRIFFON CORP,1WK,,,,,,
2026-08-10 00:00:00,Short,FA,21.46,-10.62%,26.31,suf,参数一,"{""suf"": {""timeframe"": ""w""}}",FIRST ADVANTAGE CORP,1WK,,,,,,
2026-08-10 00:00:00,Short,FA,21.46,-10.62%,26.31,suf,参数二,"{""suf"": {""timeframe"": ""w""}}",FIRST ADVANTAGE CORP,1WK,,,,,,
2026-08-10 00:00:00,Long,XPRO,18.94,11.69%,15.46,utb,参数一,"{""utb"": {""key_value"": 2, ""atr_period"": 14, ""use_ha"": false}, ""r&s"": {""srb_left"": 10, ""srb_right"": 10}, ""atr"": {""atr_length"": 14, ""atr_mult"": 1.0}}",EXPRO LTD,1WK,,,,,,
2026-08-10 00:00:00,Short,QTRX,2.64,-34.37%,3.93,utb,参数一,"{""utb"": {""key_value"": 2, ""atr_period"": 14, ""use_ha"": false}, ""r&s"": {""srb_left"": 10, ""srb_right"": 10}, ""atr"": {""atr_length"": 14, ""atr_mult"": 1.0}}",QUANTERIX CORP,1WK,,,,,,
2026-08-10 00:00:00,Long,AAUC,22.88,5.05%,19.06,utb,参数一,"{""utb"": {""key_value"": 2, ""atr_period"": 14, ""use_ha"": false}, ""r&s"": {""srb_left"": 10, ""srb_right"": 10}, ""atr"": {""atr_length"": 14, ""atr_mult"": 1.0}}",ALLIED GOLD CORP,1WK,,,,,,
2026-08-10 00:00:00,Short,GEN,28.81,-1.25%,31.9,suf,参数一,"{""suf"": {""timeframe"": ""w""}}",GEN DIGITAL INC,1WK,,,,,,
2026-08-10 00:00:00,Short,GEN,28.81,-1.25%,31.9,suf,参数二,"{""suf"": {""timeframe"": ""w""}}",GEN DIGITAL INC,1WK,,,,,,
2026-08-10 00:00:00,Long,TPVG,5.4,3.85%,4.7,utb,参数一,"{""utb"": {""key_value"": 2, ""atr_period"": 14, ""use_ha"": false}, ""r&s"": {""srb_left"": 10, ""srb_right"": 10}, ""atr"": {""atr_length"": 14, ""atr_mult"": 1.0}}",TRIPLEPOINT VENTURE GROWTH B,1WK,,,,,,
2026-08-10 00:00:00,Long,GTIM,1.56,6.32%,1.36,utb,参数二,"{""utb"": {""key_value"": 3, ""atr_period"": 14, ""use_ha"": false}, ""r&s"": {""srb_left"": 15, ""srb_right"": 15}, ""atr"": {""atr_length"": 14, ""atr_mult"": 1.0}}",GOOD TIMES RESTAURANTS INC,1WK,,,,,,
2026-08-10 00:00:00,Short,SLMT,3.98,-1.49%,9.28,sqz,参数二,"{""sqz"": {""bb_length"": 20, ""bb_mult"": 1.8, ""kc_length"": 20, ""kc_mult"": 1.5, ""min_sqz_bars"": 4}, ""r&s"": {""srb_left"": 15, ""srb_right"": 15}, ""atr"": {""atr_length"": 14, ""atr_mult"": 1.0}}",BRERA HOLDINGS PLC-CL B,1WK,一直释放,nan-52.6-50.0,低-低,nan%-4.94%,90.0,959.0
2026-08-10 00:00:00,Short,AXTA,37.18,-2.64%,40.31,suf,参数一,"{""suf"": {""timeframe"": ""w""}}",AXALTA COATING SYSTEMS LTD,1WK,,,,,,
2026-08-10 00:00:00,Short,AXTA,37.18,-2.64%,40.31,suf,参数二,"{""suf"": {""timeframe"": ""w""}}",AXALTA COATING SYSTEMS LTD,1WK,,,,,,
2026-08-10 00:00:00,Long,CTEV,40.35,23.81%,24.65,utb,参数二,"{""utb"": {""key_value"": 3, ""atr_period"": 14, ""use_ha"": false}, ""r&s"": {""srb_left"": 15, ""srb_right"": 15}, ""atr"": {""atr_length"": 14, ""atr_mult"": 1.0}}",CLARITEV CORP,1WK,,,,,,
2026-08-10 00:00:00,Short,DECK,93.43,-4.14%,106.92,utb,参数一,"{""utb"": {""key_value"": 2, ""atr_period"": 14, ""use_ha"": false}, ""r&s"": {""srb_left"": 10, ""srb_right"": 10}, ""atr"": {""atr_length"": 14, ""atr_mult"": 1.0}}",DECKERS OUTDOOR CORP,1WK,,,,,,
2026-08-10 00:00:00,Short,ODC,88.68,-4.42%,99.96,utb,参数一,"{""utb"": {""key_value"": 2, ""atr_period"": 14, ""use_ha"": false}, ""r&s"": {""srb_left"": 10, ""srb_right"": 10}, ""atr"": {""atr_length"": 14, ""atr_mult"": 1.0}}",OIL-DRI CORP OF AMERICA,1WK,,,,,,
2026-08-10 00:00:00,Long,BRTX,0.23,10.34%,0.1,suf,参数一,"{""suf"": {""timeframe"": ""w""}}",BIORESTORATIVE THERAPIES INC,1WK,,,,,,
2026-08-10 00:00:00,Long,BRTX,0.23,10.34%,0.1,suf,参数二,"{""suf"": {""timeframe"": ""w""}}",BIORESTORATIVE THERAPIES INC,1WK,,,,,,
2026-08-10 00:00:00,Long,YIBO,1.3,10.93%,0.94,utb,参数一,"{""utb"": {""key_value"": 2, ""atr_period"": 14, ""use_ha"": false}, ""r&s"": {""srb_left"": 10, ""srb_right"": 10}, ""atr"": {""atr_length"": 14, ""atr_mult"": 1.0}}",PLANET IMAGE INTERNATIONAL L,1WK,,,,,,
2026-08-10 00:00:00,Long,YIBO,1.3,10.93%,0.94,mfa,参数一,"{""utb"": {""key_value"": 2, ""atr_period"": 14, ""use_ha"": false}, ""mfa"": {""mfa_all"": 14}}",PLANET IMAGE INTERNATIONAL L,1WK,,,,,,
2026-08-10 00:00:00,Short,SXI,329.29,-3.18%,369.88,suf,参数一,"{""suf"": {""timeframe"": ""w""}}",STANDEX INTERNATIONAL CORP,1WK,,,,,,
2026-08-10 00:00:00,Short,SXI,329.29,-3.18%,369.88,suf,参数二,"{""suf"": {""timeframe"": ""w""}}",STANDEX INTERNATIONAL CORP,1WK,,,,,,
2026-08-10 00:00:00,Long,HTGC,16.75,-0.17%,15.78,sqz,参数一,"{""sqz"": {""bb_length"": 15, ""bb_mult"": 1.5, ""kc_length"": 15, ""kc_mult"": 1.2, ""min_sqz_bars"": 4}, ""r&s"": {""srb_left"": 10, ""srb_right"": 10}, ""atr"": {""atr_length"": 14, ""atr_mult"": 1.0}}",HERCULES CAPITAL INC,1WK,压力释放,17.2-18.28-17.52-17.49-16.09,高-低-低-低,6.30%-4.19%-0.14%-8.00%,14.0,9.79
2026-08-10 00:00:00,Long,CMCSA,26.36,3.96%,22.91,utb,参数一,"{""utb"": {""key_value"": 2, ""atr_period"": 14, ""use_ha"": false}, ""r&s"": {""srb_left"": 10, ""srb_right"": 10}, ""atr"": {""atr_length"": 14, ""atr_mult"": 1.0}}",COMCAST CORP-CLASS A,1WK,,,,,,
2026-08-10 00:00:00,Long,CMCSA,26.36,3.96%,22.91,mfa,参数一,"{""utb"": {""key_value"": 2, ""atr_period"": 14, ""use_ha"": false}, ""mfa"": {""mfa_all"": 11}}",COMCAST CORP-CLASS A,1WK,,,,,,
2026-08-10 00:00:00,Long,PTEN,11.34,14.84%,8.95,utb,参数一,"{""utb"": {""key_value"": 2, ""atr_period"": 14, ""use_ha"": false}, ""r&s"": {""srb_left"": 10, ""srb_right"": 10}, ""atr"": {""atr_length"": 14, ""atr_mult"": 1.0}}",PATTERSON-UTI ENERGY INC,1WK,,,,,,
2026-08-10 00:00:00,Short,ACAD,28.18,-3.53%,31.8,suf,参数一,"{""suf"": {""timeframe"": ""w""}}",ACADIA PHARMACEUTICALS INC,1WK,,,,,,
2026-08-10 00:00:00,Short,ACAD,28.18,-3.53%,31.8,suf,参数二,"{""suf"": {""timeframe"": ""w""}}",ACADIA PHARMACEUTICALS INC,1WK,,,,,,
2026-08-10 00:00:00,Short,SIF,20.22,-28.02%,26.79,utb,参数一,"{""utb"": {""key_value"": 2, ""atr_period"": 14, ""use_ha"": false}, ""r&s"": {""srb_left"": 10, ""srb_right"": 10}, ""atr"": {""atr_length"": 14, ""atr_mult"": 1.0}}",SIFCO INDUSTRIES,1WK,,,,,,
2026-08-10 00:00:00,Short,SIF,20.22,-28.02%,26.79,suf,参数一,"{""suf"": {""timeframe"": ""w""}}",SIFCO INDUSTRIES,1WK,,,,,,
2026-08-10 00:00:00,Short,SIF,20.22,-28.02%,26.79,suf,参数二,"{""suf"": {""timeframe"": ""w""}}",SIFCO INDUSTRIES,1WK,,,,,,
2026-08-10 00:00:00,Short,TACT,5.02,-11.93%,6.57,suf,参数一,"{""suf"": {""timeframe"": ""w""}}",TRANSACT TECHNOLOGIES INC,1WK,,,,,,
2026-08-10 00:00:00,Short,TACT,5.02,-11.93%,6.57,suf,参数二,"{""suf"": {""timeframe"": ""w""}}",TRANSACT TECHNOLOGIES INC,1WK,,,,,,
2026-08-10 00:00:00,Long,FIEE,5.05,51.96%,1.78,utb,参数一,"{""utb"": {""key_value"": 2, ""atr_period"": 14, ""use_ha"": false}, ""r&s"": {""srb_left"": 10, ""srb_right"": 10}, ""atr"": {""atr_length"": 14, ""atr_mult"": 1.0}}",FIEE INC,1WK,,,,,,
2026-08-10 00:00:00,Long,GIW,10.14,0.30%,10.08,utb,参数二,"{""utb"": {""key_value"": 3, ""atr_period"": 14, ""use_ha"": false}, ""r&s"": {""srb_left"": 15, ""srb_right"": 15}, ""atr"": {""atr_length"": 14, ""atr_mult"": 1.0}}",GIGCAPITAL8 CORP-A,1WK,,,,,,
2026-08-10 00:00:00,Short,IKT,2.4,-2.83%,2.78,suf,参数一,"{""suf"": {""timeframe"": ""w""}}",INHIBIKASE THERAPEUTICS INC,1WK,,,,,,
2026-08-10 00:00:00,Short,IKT,2.4,-2.83%,2.78,suf,参数二,"{""suf"": {""timeframe"": ""w""}}",INHIBIKASE THERAPEUTICS INC,1WK,,,,,,
2026-08-10 00:00:00,Long,TLF,2.61,6.53%,2.25,utb,参数二,"{""utb"": {""key_value"": 3, ""atr_period"": 14, ""use_ha"": false}, ""r&s"": {""srb_left"": 15, ""srb_right"": 15}, ""atr"": {""atr_length"": 14, ""atr_mult"": 1.0}}",TANDY LEATHER FACTORY INC,1WK,,,,,,
2026-08-10 00:00:00,Short,IMMR,7.52,-1.05%,8.43,suf,参数一,"{""suf"": {""timeframe"": ""w""}}",IMMERSION CORPORATION,1WK,,,,,,
2026-08-10 00:00:00,Short,IMMR,7.52,-1.05%,8.43,suf,参数二,"{""suf"": {""timeframe"": ""w""}}",IMMERSION CORPORATION,1WK,,,,,,
2026-08-10 00:00:00,Long,IMO,134.41,7.58%,118.26,utb,参数一,"{""utb"": {""key_value"": 2, ""atr_period"": 14, ""use_ha"": false}, ""r&s"": {""srb_left"": 10, ""srb_right"": 10}, ""atr"": {""atr_length"": 14, ""atr_mult"": 1.0}}",IMPERIAL OIL LTD,1WK,,,,,,
2026-08-10 00:00:00,Short,PYXS,3.07,-17.76%,4.71,suf,参数一,"{""suf"": {""timeframe"": ""w""}}",PYXIS ONCOLOGY INC,1WK,,,,,,
2026-08-10 00:00:00,Short,PYXS,3.07,-17.76%,4.71,suf,参数二,"{""suf"": {""timeframe"": ""w""}}",PYXIS ONCOLOGY INC,1WK,,,,,,
2026-08-10 00:00:00,Long,OPRX,8.8,24.22%,5.37,utb,参数一,"{""utb"": {""key_value"": 2, ""atr_period"": 14, ""use_ha"": false}, ""r&s"": {""srb_left"": 10, ""srb_right"": 10}, ""atr"": {""atr_length"": 14, ""atr_mult"": 1.0}}",OPTIMIZERX CORP,1WK,,,,,,
2026-08-10 00:00:00,Long,OPRX,8.8,24.22%,5.37,mfa,参数一,"{""utb"": {""key_value"": 2, ""atr_period"": 14, ""use_ha"": false}, ""mfa"": {""mfa_all"": 30}}",OPTIMIZERX CORP,1WK,,,,,,
2026-08-10 00:00:00,Short,TGL,2.97,-3.85%,5.98,sqz,参数一,"{""sqz"": {""bb_length"": 15, ""bb_mult"": 1.5, ""kc_length"": 15, ""kc_mult"": 1.2, ""min_sqz_bars"": 4}, ""r&s"": {""srb_left"": 10, ""srb_right"": 10}, ""atr"": {""atr_length"": 14, ""atr_mult"": 1.0}}",TREASURE GLOBAL INC,1WK,支撑释放,nan-81900.0-3110.0-538.0-3.4,低-低-低-低,nan%-96.20%-82.70%-99.37%,19.0,53.53
2026-08-10 00:00:00,Long,PAY,41.79,8.35%,34.39,sqz,参数二,"{""sqz"": {""bb_length"": 20, ""bb_mult"": 1.8, ""kc_length"": 20, ""kc_mult"": 1.5, ""min_sqz_bars"": 4}, ""r&s"": {""srb_left"": 15, ""srb_right"": 15}, ""atr"": {""atr_length"": 14, ""atr_mult"": 1.0}}",PAYMENTUS HOLDINGS INC-A,1WK,一直亮绿,nan-25.21-38.94-40.43,低-高-高,nan%-54.46%-3.83%,65.0,101.06
2026-08-10 00:00:00,Long,BRID,6.42,3.22%,5.65,suf,参数一,"{""suf"": {""timeframe"": ""w""}}",BRIDGFORD FOODS CORP,1WK,,,,,,
2026-08-10 00:00:00,Long,BRID,6.42,3.22%,5.65,suf,参数二,"{""suf"": {""timeframe"": ""w""}}",BRIDGFORD FOODS CORP,1WK,,,,,,
2026-08-10 00:00:00,Long,PDLB,20.95,4.37%,18.93,sqz,参数一,"{""sqz"": {""bb_length"": 15, ""bb_mult"": 1.5, ""kc_length"": 15, ""kc_mult"": 1.2, ""min_sqz_bars"": 4}, ""r&s"": {""srb_left"": 10, ""srb_right"": 10}, ""atr"": {""atr_length"": 14, ""atr_mult"": 1.0}}",PONCE FINANCIAL GROUP INC,1WK,一直释放,10.04-9.88-10.19-13.97-18.01,低-高-高-高,1.59%-3.14%-37.10%-28.92%,34.0,16.04
2026-08-10 00:00:00,Short,DEFT,0.47,-1.46%,0.68,sqz,参数二,"{""sqz"": {""bb_length"": 20, ""bb_mult"": 1.8, ""kc_length"": 20, ""kc_mult"": 1.5, ""min_sqz_bars"": 4}, ""r&s"": {""srb_left"": 15, ""srb_right"": 15}, ""atr"": {""atr_length"": 14, ""atr_mult"": 1.0}}",DEFI TECHNOLOGIES INC,1WK,一直亮红,nan-1.65-0.47,低-低,nan%-71.52%,20.0,104.26
2026-08-10 00:00:00,Long,RMD,225.46,6.38%,195.37,utb,参数一,"{""utb"": {""key_value"": 2, ""atr_period"": 14, ""use_ha"": false}, ""r&s"": {""srb_left"": 10, ""srb_right"": 10}, ""atr"": {""atr_length"": 14, ""atr_mult"": 1.0}}",RESMED INC,1WK,,,,,,
2026-08-10 00:00:00,Long,RMD,225.46,6.38%,195.37,mfa,参数一,"{""utb"": {""key_value"": 2, ""atr_period"": 14, ""use_ha"": false}, ""mfa"": {""mfa_all"": 23}}",RESMED INC,1WK,,,,,,
2026-08-10 00:00:00,Long,RNXT,1.41,25.89%,0.94,utb,参数一,"{""utb"": {""key_value"": 2, ""atr_period"": 14, ""use_ha"": false}, ""r&s"": {""srb_left"": 10, ""srb_right"": 10}, ""atr"": {""atr_length"": 14, ""atr_mult"": 1.0}}",RENOVORX INC,1WK,,,,,,
2026-08-10 00:00:00,Long,RNXT,1.41,25.89%,0.94,sqz,参数一,"{""sqz"": {""bb_length"": 15, ""bb_mult"": 1.5, ""kc_length"": 15, ""kc_mult"": 1.2, ""min_sqz_bars"": 4}, ""r&s"": {""srb_left"": 10, ""srb_right"": 10}, ""atr"": {""atr_length"": 14, ""atr_mult"": 1.0}}",RENOVORX INC,1WK,压力释放,1.69-1.45-1.45-1.25-1.3,低-高-低-高,14.50%-0.35%-13.79%-4.00%,20.0,68.83
2026-08-10 00:00:00,Long,RNXT,1.41,25.89%,0.94,utb,参数二,"{""utb"": {""key_value"": 3, ""atr_period"": 14, ""use_ha"": false}, ""r&s"": {""srb_left"": 15, ""srb_right"": 15}, ""atr"": {""atr_length"": 14, ""atr_mult"": 1.0}}",RENOVORX INC,1WK,,,,,,
2026-08-10 00:00:00,Long,RNXT,1.41,25.89%,0.94,sqz,参数二,"{""sqz"": {""bb_length"": 20, ""bb_mult"": 1.8, ""kc_length"": 20, ""kc_mult"": 1.5, ""min_sqz_bars"": 4}, ""r&s"": {""srb_left"": 15, ""srb_right"": 15}, ""atr"": {""atr_length"": 14, ""atr_mult"": 1.0}}",RENOVORX INC,1WK,压力释放,5.74-2.35-1.69-1.45-1.3,低-低-低-低,59.09%-28.09%-14.20%-10.34%,20.0,68.83
2026-08-10 00:00:00,Long,ACI,12.47,3.79%,10.68,suf,参数一,"{""suf"": {""timeframe"": ""w""}}",ALBERTSONS COS INC - CLASS A,1WK,,,,,,
2026-08-10 00:00:00,Long,ACI,12.47,3.79%,10.68,suf,参数二,"{""suf"": {""timeframe"": ""w""}}",ALBERTSONS COS INC - CLASS A,1WK,,,,,,
2026-08-12 00:00:00,Short,RAIN,0.95,-14.35%,1.73,sqz,参数一,"{""sqz"": {""bb_length"": 15, ""bb_mult"": 1.5, ""kc_length"": 15, ""kc_mult"": 1.2, ""min_sqz_bars"": 4}, ""r&s"": {""srb_left"": 10, ""srb_right"": 10}, ""atr"": {""atr_length"": 14, ""atr_mult"": 1.0}}",RAIN ENHANCEMENT TECHNO-CL A,1WK,支撑释放,nan-1.75-1.26,低-低,nan%-27.94%,14.0,120.62
2026-08-10 00:00:00,Long,JCSE,1.59,9.31%,1.2,utb,参数二,"{""utb"": {""key_value"": 3, ""atr_period"": 14, ""use_ha"": false}, ""r&s"": {""srb_left"": 15, ""srb_right"": 15}, ""atr"": {""atr_length"": 14, ""atr_mult"": 1.0}}",JE CLEANTECH HOLDINGS LTD,1WK,,,,,,
2026-08-10 00:00:00,Long,PTN,10.0,28.70%,4.52,suf,参数一,"{""suf"": {""timeframe"": ""w""}}",PALATIN TECHNOLOGIES INC,1WK,,,,,,
2026-08-10 00:00:00,Long,PTN,10.0,28.70%,4.52,suf,参数二,"{""suf"": {""timeframe"": ""w""}}",PALATIN TECHNOLOGIES INC,1WK,,,,,,
2026-08-10 00:00:00,Long,INO,1.03,54.48%,0.42,suf,参数一,"{""suf"": {""timeframe"": ""w""}}",INOVIO PHARMACEUTICALS INC,1WK,,,,,,
2026-08-10 00:00:00,Long,INO,1.03,54.48%,0.42,suf,参数二,"{""suf"": {""timeframe"": ""w""}}",INOVIO PHARMACEUTICALS INC,1WK,,,,,,
2026-08-10 00:00:00,Long,ACB,3.63,21.57%,2.45,utb,参数一,"{""utb"": {""key_value"": 2, ""atr_period"": 14, ""use_ha"": false}, ""r&s"": {""srb_left"": 10, ""srb_right"": 10}, ""atr"": {""atr_length"": 14, ""atr_mult"": 1.0}}",AURORA CANNABIS INC,1WK,,,,,,
2026-08-10 00:00:00,Long,ACB,3.63,21.57%,2.45,mfa,参数一,"{""utb"": {""key_value"": 2, ""atr_period"": 14, ""use_ha"": false}, ""mfa"": {""mfa_all"": 28}}",AURORA CANNABIS INC,1WK,,,,,,
2026-08-10 00:00:00,Long,QRHC,1.64,9.65%,1.12,utb,参数一,"{""utb"": {""key_value"": 2, ""atr_period"": 14, ""use_ha"": false}, ""r&s"": {""srb_left"": 10, ""srb_right"": 10}, ""atr"": {""atr_length"": 14, ""atr_mult"": 1.0}}",QUEST RESOURCE HOLDING CORP,1WK,,,,,,
2026-08-10 00:00:00,Long,LEXX,8.65,64.14%,2.89,suf,参数一,"{""suf"": {""timeframe"": ""w""}}",LEXARIA BIOSCIENCE CORP,1WK,,,,,,
2026-08-10 00:00:00,Long,LEXX,8.65,64.14%,2.89,suf,参数二,"{""suf"": {""timeframe"": ""w""}}",LEXARIA BIOSCIENCE CORP,1WK,,,,,,
2026-08-10 00:00:00,Long,HHS,4.26,86.84%,1.68,utb,参数一,"{""utb"": {""key_value"": 2, ""atr_period"": 14, ""use_ha"": false}, ""r&s"": {""srb_left"": 10, ""srb_right"": 10}, ""atr"": {""atr_length"": 14, ""atr_mult"": 1.0}}",HARTE-HANKS INC,1WK,,,,,,
2026-08-10 00:00:00,Long,HHS,4.26,86.84%,1.68,mfa,参数一,"{""utb"": {""key_value"": 2, ""atr_period"": 14, ""use_ha"": false}, ""mfa"": {""mfa_all"": 21}}",HARTE-HANKS INC,1WK,,,,,,
2026-08-10 00:00:00,Long,HHS,4.26,86.84%,1.68,utb,参数二,"{""utb"": {""key_value"": 3, ""atr_period"": 14, ""use_ha"": false}, ""r&s"": {""srb_left"": 15, ""srb_right"": 15}, ""atr"": {""atr_length"": 14, ""atr_mult"": 1.0}}",HARTE-HANKS INC,1WK,,,,,,
2026-08-10 00:00:00,Long,HHS,4.26,86.84%,1.68,mfa,参数二,"{""utb"": {""key_value"": 3, ""atr_period"": 14, ""use_ha"": false}, ""mfa"": {""mfa_all"": 21}}",HARTE-HANKS INC,1WK,,,,,,
2026-08-10 00:00:00,Long,ABCL,11.08,59.90%,7.17,utb,参数一,"{""utb"": {""key_value"": 2, ""atr_period"": 14, ""use_ha"": false}, ""r&s"": {""srb_left"": 10, ""srb_right"": 10}, ""atr"": {""atr_length"": 14, ""atr_mult"": 1.0}}",ABCELLERA BIOLOGICS INC,1WK,,,,,,
2026-08-10 00:00:00,Long,ABCL,11.08,59.90%,7.17,sqz,参数一,"{""sqz"": {""bb_length"": 15, ""bb_mult"": 1.5, ""kc_length"": 15, ""kc_mult"": 1.2, ""min_sqz_bars"": 4}, ""r&s"": {""srb_left"": 10, ""srb_right"": 10}, ""atr"": {""atr_length"": 14, ""atr_mult"": 1.0}}",ABCELLERA BIOLOGICS INC,1WK,一直释放,8.05-6.05-3.68-6.51-4.85,低-低-高-低,24.78%-39.22%-77.04%-25.56%,29.0,76.68
2026-08-10 00:00:00,Long,ABCL,11.08,59.90%,7.17,utb,参数二,"{""utb"": {""key_value"": 3, ""atr_period"": 14, ""use_ha"": false}, ""r&s"": {""srb_left"": 15, ""srb_right"": 15}, ""atr"": {""atr_length"": 14, ""atr_mult"": 1.0}}",ABCELLERA BIOLOGICS INC,1WK,,,,,,
2026-08-10 00:00:00,Long,ABCL,11.08,59.90%,7.17,sqz,参数二,"{""sqz"": {""bb_length"": 20, ""bb_mult"": 1.8, ""kc_length"": 20, ""kc_mult"": 1.5, ""min_sqz_bars"": 4}, ""r&s"": {""srb_left"": 15, ""srb_right"": 15}, ""atr"": {""atr_length"": 14, ""atr_mult"": 1.0}}",ABCELLERA BIOLOGICS INC,1WK,一直释放,nan-8.05-6.05-3.68-6.51,低-低-低-高,nan%-24.78%-39.22%-77.04%,44.0,137.34
2026-08-10 00:00:00,Long,JBIO,24.38,11.00%,18.01,utb,参数一,"{""utb"": {""key_value"": 2, ""atr_period"": 14, ""use_ha"": false}, ""r&s"": {""srb_left"": 10, ""srb_right"": 10}, ""atr"": {""atr_length"": 14, ""atr_mult"": 1.0}}",JADE BIOSCIENCES INC,1WK,,,,,,
2026-08-10 00:00:00,Short,MRKR,1.14,1.79%,1.4,sqz,参数二,"{""sqz"": {""bb_length"": 20, ""bb_mult"": 1.8, ""kc_length"": 20, ""kc_mult"": 1.5, ""min_sqz_bars"": 4}, ""r&s"": {""srb_left"": 15, ""srb_right"": 15}, ""atr"": {""atr_length"": 14, ""atr_mult"": 1.0}}",MARKER THERAPEUTICS INC,1WK,支撑释放,0.67-2.4-0.95-0.81-1.17,高-低-低-高,258.21%-60.42%-14.74%-44.44%,20.0,52.99
2026-08-10 00:00:00,Long,GFR,7.04,14.47%,5.62,utb,参数一,"{""utb"": {""key_value"": 2, ""atr_period"": 14, ""use_ha"": false}, ""r&s"": {""srb_left"": 10, ""srb_right"": 10}, ""atr"": {""atr_length"": 14, ""atr_mult"": 1.0}}",GREENFIRE RESOURCES LTD,1WK,,,,,,
2026-08-10 00:00:00,Short,AIOT,3.1,-29.82%,3.94,utb,参数一,"{""utb"": {""key_value"": 2, ""atr_period"": 14, ""use_ha"": false}, ""r&s"": {""srb_left"": 10, ""srb_right"": 10}, ""atr"": {""atr_length"": 14, ""atr_mult"": 1.0}}",POWERFLEET INC,1WK,,,,,,
2026-08-10 00:00:00,Long,IOVA,6.53,2.98%,5.28,sqz,参数一,"{""sqz"": {""bb_length"": 15, ""bb_mult"": 1.5, ""kc_length"": 15, ""kc_mult"": 1.2, ""min_sqz_bars"": 4}, ""r&s"": {""srb_left"": 10, ""srb_right"": 10}, ""atr"": {""atr_length"": 14, ""atr_mult"": 1.0}}",IOVANCE BIOTHERAPEUTICS INC,1WK,压力释放,18.33-12.5-12.51-4.33-5.63,低-高-低-高,31.81%-0.08%-65.39%-30.02%,22.0,77.04
2026-08-10 00:00:00,Long,IOVA,6.53,2.98%,5.28,sqz,参数二,"{""sqz"": {""bb_length"": 20, ""bb_mult"": 1.8, ""kc_length"": 20, ""kc_mult"": 1.5, ""min_sqz_bars"": 4}, ""r&s"": {""srb_left"": 15, ""srb_right"": 15}, ""atr"": {""atr_length"": 14, ""atr_mult"": 1.0}}",IOVANCE BIOTHERAPEUTICS INC,1WK,压力释放,9.36-18.33-12.51-4.33-5.63,高-低-低-高,95.83%-31.75%-65.39%-30.02%,22.0,77.04
2026-08-10 00:00:00,Long,ZBH,100.2,3.78%,88.29,utb,参数二,"{""utb"": {""key_value"": 3, ""atr_period"": 14, ""use_ha"": false}, ""r&s"": {""srb_left"": 15, ""srb_right"": 15}, ""atr"": {""atr_length"": 14, ""atr_mult"": 1.0}}",ZIMMER BIOMET HOLDINGS INC,1WK,,,,,,
2026-08-10 00:00:00,Short,WSM,241.39,-4.13%,271.67,suf,参数一,"{""suf"": {""timeframe"": ""w""}}",WILLIAMS-SONOMA INC,1WK,,,,,,
2026-08-10 00:00:00,Short,WSM,241.39,-4.13%,271.67,suf,参数二,"{""suf"": {""timeframe"": ""w""}}",WILLIAMS-SONOMA INC,1WK,,,,,,
2026-08-10 00:00:00,Long,SINT,1.67,0.60%,1.16,suf,参数一,"{""suf"": {""timeframe"": ""w""}}",SINTX TECHNOLOGIES INC,1WK,,,,,,
2026-08-10 00:00:00,Long,SINT,1.67,0.60%,1.16,suf,参数二,"{""suf"": {""timeframe"": ""w""}}",SINTX TECHNOLOGIES INC,1WK,,,,,,
2026-08-10 00:00:00,Long,SLDB,9.06,8.05%,7.07,sqz,参数一,"{""sqz"": {""bb_length"": 15, ""bb_mult"": 1.5, ""kc_length"": 15, ""kc_mult"": 1.2, ""min_sqz_bars"": 4}, ""r&s"": {""srb_left"": 10, ""srb_right"": 10}, ""atr"": {""atr_length"": 14, ""atr_mult"": 1.0}}",SOLID BIOSCIENCES INC,1WK,一直释放,7.01-15.05-10.37-7.2-7.37,高-低-低-高,114.69%-31.10%-30.57%-2.36%,54.0,94.46
2026-08-10 00:00:00,Short,MGA,69.63,-1.04%,75.3,suf,参数一,"{""suf"": {""timeframe"": ""w""}}",MAGNA INTERNATIONAL INC,1WK,,,,,,
2026-08-10 00:00:00,Short,MGA,69.63,-1.04%,75.3,suf,参数二,"{""suf"": {""timeframe"": ""w""}}",MAGNA INTERNATIONAL INC,1WK,,,,,,
2026-08-10 00:00:00,Long,CBLL,23.25,23.58%,16.45,utb,参数一,"{""utb"": {""key_value"": 2, ""atr_period"": 14, ""use_ha"": false}, ""r&s"": {""srb_left"": 10, ""srb_right"": 10}, ""atr"": {""atr_length"": 14, ""atr_mult"": 1.0}}",CERIBELL INC,1WK,,,,,,
2026-08-10 00:00:00,Long,CBLL,23.25,23.58%,16.45,utb,参数二,"{""utb"": {""key_value"": 3, ""atr_period"": 14, ""use_ha"": false}, ""r&s"": {""srb_left"": 15, ""srb_right"": 15}, ""atr"": {""atr_length"": 14, ""atr_mult"": 1.0}}",CERIBELL INC,1WK,,,,,,
2026-08-10 00:00:00,Long,AVAH,12.16,28.19%,7.74,sqz,参数二,"{""sqz"": {""bb_length"": 20, ""bb_mult"": 1.8, ""kc_length"": 20, ""kc_mult"": 1.5, ""min_sqz_bars"": 4}, ""r&s"": {""srb_left"": 15, ""srb_right"": 15}, ""atr"": {""atr_length"": 14, ""atr_mult"": 1.0}}",AVEANNA HEALTHCARE HOLDINGS,1WK,一直亮绿,nan-2.05-3.0-6.19-10.32,低-高-高-高,nan%-46.34%-106.33%-66.72%,42.0,74.03
2026-08-10 00:00:00,Short,LWAY,26.25,-16.67%,34.96,utb,参数一,"{""utb"": {""key_value"": 2, ""atr_period"": 14, ""use_ha"": false}, ""r&s"": {""srb_left"": 10, ""srb_right"": 10}, ""atr"": {""atr_length"": 14, ""atr_mult"": 1.0}}",LIFEWAY FOODS INC,1WK,,,,,,
2026-08-10 00:00:00,Long,JJSF,89.8,-2.30%,82.03,sqz,参数一,"{""sqz"": {""bb_length"": 15, ""bb_mult"": 1.5, ""kc_length"": 15, ""kc_mult"": 1.2, ""min_sqz_bars"": 4}, ""r&s"": {""srb_left"": 10, ""srb_right"": 10}, ""atr"": {""atr_length"": 14, ""atr_mult"": 1.0}}",J & J SNACK FOODS CORP,1WK,压力释放,165.2-171.34-124.63-96.67-87.98,高-低-低-低,3.72%-27.26%-22.43%-8.99%,15.0,29.07
2026-08-10 00:00:00,Short,FGBI,8.27,-13.85%,10.37,utb,参数一,"{""utb"": {""key_value"": 2, ""atr_period"": 14, ""use_ha"": false}, ""r&s"": {""srb_left"": 10, ""srb_right"": 10}, ""atr"": {""atr_length"": 14, ""atr_mult"": 1.0}}",FIRST GUARANTY BANCSHARES IN,1WK,,,,,,
2026-08-10 00:00:00,Short,UA,5.22,-11.97%,6.69,utb,参数一,"{""utb"": {""key_value"": 2, ""atr_period"": 14, ""use_ha"": false}, ""r&s"": {""srb_left"": 10, ""srb_right"": 10}, ""atr"": {""atr_length"": 14, ""atr_mult"": 1.0}}",UNDER ARMOUR INC-CLASS C,1WK,,,,,,
2026-08-10 00:00:00,Short,UA,5.22,-11.97%,6.69,utb,参数二,"{""utb"": {""key_value"": 3, ""atr_period"": 14, ""use_ha"": false}, ""r&s"": {""srb_left"": 15, ""srb_right"": 15}, ""atr"": {""atr_length"": 14, ""atr_mult"": 1.0}}",UNDER ARMOUR INC-CLASS C,1WK,,,,,,
2026-08-10 00:00:00,Short,NC,42.09,-0.66%,47.41,sqz,参数一,"{""sqz"": {""bb_length"": 15, ""bb_mult"": 1.5, ""kc_length"": 15, ""kc_mult"": 1.2, ""min_sqz_bars"": 4}, ""r&s"": {""srb_left"": 10, ""srb_right"": 10}, ""atr"": {""atr_length"": 14, ""atr_mult"": 1.0}}",NACCO INDUSTRIES-CL A,1WK,支撑释放,25.73-24.14-29.16-34.68-46.74,低-高-高-高,6.17%-20.80%-18.92%-34.76%,17.0,16.78
2026-08-10 00:00:00,Long,RRBI,104.06,3.94%,92.67,sqz,参数一,"{""sqz"": {""bb_length"": 15, ""bb_mult"": 1.5, ""kc_length"": 15, ""kc_mult"": 1.2, ""min_sqz_bars"": 4}, ""r&s"": {""srb_left"": 10, ""srb_right"": 10}, ""atr"": {""atr_length"": 14, ""atr_mult"": 1.0}}",RED RIVER BANCSHARES INC,1WK,压力释放,53.65-56.76-55.5-61.15-98.58,高-低-高-高,5.80%-2.22%-10.17%-61.22%,17.0,15.42
2026-08-10 00:00:00,Long,FRPT,72.91,8.97%,59.16,utb,参数二,"{""utb"": {""key_value"": 3, ""atr_period"": 14, ""use_ha"": false}, ""r&s"": {""srb_left"": 15, ""srb_right"": 15}, ""atr"": {""atr_length"": 14, ""atr_mult"": 1.0}}",FRESHPET INC,1WK,,,,,,
2026-08-10 00:00:00,Long,WFC,88.37,1.28%,82.22,utb,参数二,"{""utb"": {""key_value"": 3, ""atr_period"": 14, ""use_ha"": false}, ""r&s"": {""srb_left"": 15, ""srb_right"": 15}, ""atr"": {""atr_length"": 14, ""atr_mult"": 1.0}}",WELLS FARGO & CO,1WK,,,,,,
2026-08-10 00:00:00,Long,RICK,29.81,6.18%,24.11,utb,参数二,"{""utb"": {""key_value"": 3, ""atr_period"": 14, ""use_ha"": false}, ""r&s"": {""srb_left"": 15, ""srb_right"": 15}, ""atr"": {""atr_length"": 14, ""atr_mult"": 1.0}}",RCI HOSPITALITY HOLDINGS INC,1WK,,,,,,
2026-08-10 00:00:00,Long,VRTS,169.02,2.34%,151.85,sqz,参数一,"{""sqz"": {""bb_length"": 15, ""bb_mult"": 1.5, ""kc_length"": 15, ""kc_mult"": 1.2, ""min_sqz_bars"": 4}, ""r&s"": {""srb_left"": 10, ""srb_right"": 10}, ""atr"": {""atr_length"": 14, ""atr_mult"": 1.0}}",VIRTUS INVESTMENT PARTNERS,1WK,压力释放,232.56-221.44-229.27-200.04-167.73,低-高-低-低,4.78%-3.53%-12.75%-16.15%,30.0,42.36
2026-08-10 00:00:00,Long,CBAT,0.7,8.23%,0.56,utb,参数一,"{""utb"": {""key_value"": 2, ""atr_period"": 14, ""use_ha"": false}, ""r&s"": {""srb_left"": 10, ""srb_right"": 10}, ""atr"": {""atr_length"": 14, ""atr_mult"": 1.0}}",CBAK ENERGY TECHNOLOGY LTD,1WK,,,,,,
2026-08-10 00:00:00,Long,CBAT,0.7,8.23%,0.56,mfa,参数一,"{""utb"": {""key_value"": 2, ""atr_period"": 14, ""use_ha"": false}, ""mfa"": {""mfa_all"": 29}}",CBAK ENERGY TECHNOLOGY LTD,1WK,,,,,,
2026-08-10 00:00:00,Long,PCOR,59.87,4.92%,49.59,utb,参数二,"{""utb"": {""key_value"": 3, ""atr_period"": 14, ""use_ha"": false}, ""r&s"": {""srb_left"": 15, ""srb_right"": 15}, ""atr"": {""atr_length"": 14, ""atr_mult"": 1.0}}",PROCORE TECHNOLOGIES INC,1WK,,,,,,
2026-08-10 00:00:00,Long,PCOR,59.87,4.92%,49.59,mfa,参数二,"{""utb"": {""key_value"": 3, ""atr_period"": 14, ""use_ha"": false}, ""mfa"": {""mfa_all"": 29}}",PROCORE TECHNOLOGIES INC,1WK,,,,,,
2026-08-10 00:00:00,Long,BON,1.14,6.53%,0.85,suf,参数一,"{""suf"": {""timeframe"": ""w""}}",BON NATURAL LIFE LTD-A,1WK,,,,,,
2026-08-10 00:00:00,Long,BON,1.14,6.53%,0.85,suf,参数二,"{""suf"": {""timeframe"": ""w""}}",BON NATURAL LIFE LTD-A,1WK,,,,,,
2026-08-10 00:00:00,Long,AORT,28.73,5.94%,23.03,utb,参数一,"{""utb"": {""key_value"": 2, ""atr_period"": 14, ""use_ha"": false}, ""r&s"": {""srb_left"": 10, ""srb_right"": 10}, ""atr"": {""atr_length"": 14, ""atr_mult"": 1.0}}",ARTIVION INC,1WK,,,,,,
2026-08-10 00:00:00,Long,ZS,185.59,10.02%,147.97,utb,参数一,"{""utb"": {""key_value"": 2, ""atr_period"": 14, ""use_ha"": false}, ""r&s"": {""srb_left"": 10, ""srb_right"": 10}, ""atr"": {""atr_length"": 14, ""atr_mult"": 1.0}}",ZSCALER INC,1WK,,,,,,
2026-08-10 00:00:00,Long,MDXH,1.03,123.41%,0.16,utb,参数一,"{""utb"": {""key_value"": 2, ""atr_period"": 14, ""use_ha"": false}, ""r&s"": {""srb_left"": 10, ""srb_right"": 10}, ""atr"": {""atr_length"": 14, ""atr_mult"": 1.0}}",MDXHEALTH,1WK,,,,,,
2026-08-10 00:00:00,Long,MDXH,1.03,123.41%,0.16,mfa,参数一,"{""utb"": {""key_value"": 2, ""atr_period"": 14, ""use_ha"": false}, ""mfa"": {""mfa_all"": 21}}",MDXHEALTH,1WK,,,,,,
2026-08-10 00:00:00,Long,MDXH,1.03,123.41%,0.16,suf,参数一,"{""suf"": {""timeframe"": ""w""}}",MDXHEALTH,1WK,,,,,,
2026-08-10 00:00:00,Long,MDXH,1.03,123.41%,0.16,suf,参数二,"{""suf"": {""timeframe"": ""w""}}",MDXHEALTH,1WK,,,,,,
2026-08-10 00:00:00,Long,RCMT,34.89,18.74%,25.75,utb,参数二,"{""utb"": {""key_value"": 3, ""atr_period"": 14, ""use_ha"": false}, ""r&s"": {""srb_left"": 15, ""srb_right"": 15}, ""atr"": {""atr_length"": 14, ""atr_mult"": 1.0}}",RCM TECHNOLOGIES INC,1WK,,,,,,
2026-08-10 00:00:00,Long,RCMT,34.89,18.74%,25.75,sqz,参数二,"{""sqz"": {""bb_length"": 20, ""bb_mult"": 1.8, ""kc_length"": 20, ""kc_mult"": 1.5, ""min_sqz_bars"": 4}, ""r&s"": {""srb_left"": 15, ""srb_right"": 15}, ""atr"": {""atr_length"": 14, ""atr_mult"": 1.0}}",RCM TECHNOLOGIES INC,1WK,一直释放,nan-32.15-26.37-28.27,低-低-高,nan%-17.98%-7.21%,50.0,63.79
2026-08-10 00:00:00,Short,SSM,2.62,-26.88%,4.5,utb,参数二,"{""utb"": {""key_value"": 3, ""atr_period"": 14, ""use_ha"": false}, ""r&s"": {""srb_left"": 15, ""srb_right"": 15}, ""atr"": {""atr_length"": 14, ""atr_mult"": 1.0}}",SONO GROUP NV,1WK,,,,,,
2026-08-10 00:00:00,Short,TDY,677.15,-2.05%,732.76,suf,参数一,"{""suf"": {""timeframe"": ""w""}}",TELEDYNE TECHNOLOGIES INC,1WK,,,,,,
2026-08-10 00:00:00,Short,TDY,677.15,-2.05%,732.76,suf,参数二,"{""suf"": {""timeframe"": ""w""}}",TELEDYNE TECHNOLOGIES INC,1WK,,,,,,
2026-08-10 00:00:00,Long,RDNT,77.41,6.94%,62.94,utb,参数二,"{""utb"": {""key_value"": 3, ""atr_period"": 14, ""use_ha"": false}, ""r&s"": {""srb_left"": 15, ""srb_right"": 15}, ""atr"": {""atr_length"": 14, ""atr_mult"": 1.0}}",RADNET INC,1WK,,,,,,
2026-08-10 00:00:00,Long,RDNT,77.41,6.94%,62.94,mfa,参数二,"{""utb"": {""key_value"": 3, ""atr_period"": 14, ""use_ha"": false}, ""mfa"": {""mfa_all"": 21}}",RADNET INC,1WK,,,,,,
2026-08-10 00:00:00,Short,VSTS,13.6,-4.29%,16.32,utb,参数一,"{""utb"": {""key_value"": 2, ""atr_period"": 14, ""use_ha"": false}, ""r&s"": {""srb_left"": 10, ""srb_right"": 10}, ""atr"": {""atr_length"": 14, ""atr_mult"": 1.0}}",VESTIS CORP,1WK,,,,,,
2026-08-10 00:00:00,Long,ZETA,29.1,9.23%,23.1,sqz,参数一,"{""sqz"": {""bb_length"": 15, ""bb_mult"": 1.5, ""kc_length"": 15, ""kc_mult"": 1.2, ""min_sqz_bars"": 4}, ""r&s"": {""srb_left"": 10, ""srb_right"": 10}, ""atr"": {""atr_length"": 14, ""atr_mult"": 1.0}}",ZETA GLOBAL HOLDINGS CORP-A,1WK,压力释放,9.75-38.2-26.6-22.18-24.9,高-低-低-高,291.79%-30.37%-16.60%-12.24%,31.0,73.34
2026-08-10 00:00:00,Long,VREX,18.48,48.91%,16.87,sqz,参数一,"{""sqz"": {""bb_length"": 15, ""bb_mult"": 1.5, ""kc_length"": 15, ""kc_mult"": 1.2, ""min_sqz_bars"": 4}, ""r&s"": {""srb_left"": 10, ""srb_right"": 10}, ""atr"": {""atr_length"": 14, ""atr_mult"": 1.0}}",VAREX IMAGING CORP,1WK,压力释放,nan-23.9-21.5-16.93-14.56,低-低-低-低,nan%-10.02%-21.26%-13.97%,29.0,60.23
2026-08-10 00:00:00,Long,VREX,18.48,48.91%,16.87,utb,参数二,"{""utb"": {""key_value"": 3, ""atr_period"": 14, ""use_ha"": false}, ""r&s"": {""srb_left"": 15, ""srb_right"": 15}, ""atr"": {""atr_length"": 14, ""atr_mult"": 1.0}}",VAREX IMAGING CORP,1WK,,,,,,
2026-08-10 00:00:00,Long,VREX,18.48,48.91%,16.87,sqz,参数二,"{""sqz"": {""bb_length"": 20, ""bb_mult"": 1.8, ""kc_length"": 20, ""kc_mult"": 1.5, ""min_sqz_bars"": 4}, ""r&s"": {""srb_left"": 15, ""srb_right"": 15}, ""atr"": {""atr_length"": 14, ""atr_mult"": 1.0}}",VAREX IMAGING CORP,1WK,压力释放,nan-23.9-21.5-16.93-14.56,低-低-低-低,nan%-10.02%-21.26%-13.97%,29.0,60.23
2026-08-10 00:00:00,Short,MATV,11.98,-7.10%,14.78,suf,参数一,"{""suf"": {""timeframe"": ""w""}}",MATIV HOLDINGS INC,1WK,,,,,,
2026-08-10 00:00:00,Short,MATV,11.98,-7.10%,14.78,suf,参数二,"{""suf"": {""timeframe"": ""w""}}",MATIV HOLDINGS INC,1WK,,,,,,
2026-08-10 00:00:00,Long,FLUX,0.59,10.79%,0.27,suf,参数一,"{""suf"": {""timeframe"": ""w""}}",FLUX POWER HOLDINGS INC,1WK,,,,,,
2026-08-10 00:00:00,Long,FLUX,0.59,10.79%,0.27,suf,参数二,"{""suf"": {""timeframe"": ""w""}}",FLUX POWER HOLDINGS INC,1WK,,,,,,
2026-08-10 00:00:00,Long,BCAR,5.99,29.65%,3.76,utb,参数一,"{""utb"": {""key_value"": 2, ""atr_period"": 14, ""use_ha"": false}, ""r&s"": {""srb_left"": 10, ""srb_right"": 10}, ""atr"": {""atr_length"": 14, ""atr_mult"": 1.0}}",D. BORAL ARC ACQUISIT - CL A,1WK,,,,,,
2026-08-10 00:00:00,Short,FAST,51.1,-1.44%,55.61,suf,参数一,"{""suf"": {""timeframe"": ""w""}}",FASTENAL CO,1WK,,,,,,
2026-08-10 00:00:00,Long,FAST,51.1,-1.44%,48.01,sqz,参数二,"{""sqz"": {""bb_length"": 20, ""bb_mult"": 1.8, ""kc_length"": 20, ""kc_mult"": 1.5, ""min_sqz_bars"": 4}, ""r&s"": {""srb_left"": 15, ""srb_right"": 15}, ""atr"": {""atr_length"": 14, ""atr_mult"": 1.0}}",FASTENAL CO,1WK,压力释放,nan-37.44-40.89-49.55-49.14,低-高-高-低,nan%-9.19%-21.20%-0.84%,18.0,15.14
2026-08-10 00:00:00,Short,FAST,51.1,-1.44%,55.61,suf,参数二,"{""suf"": {""timeframe"": ""w""}}",FASTENAL CO,1WK,,,,,,
2026-08-10 00:00:00,Long,OMER,17.06,28.75%,10.95,utb,参数二,"{""utb"": {""key_value"": 3, ""atr_period"": 14, ""use_ha"": false}, ""r&s"": {""srb_left"": 15, ""srb_right"": 15}, ""atr"": {""atr_length"": 14, ""atr_mult"": 1.0}}",OMEROS CORP,1WK,,,,,,
2026-08-10 00:00:00,Short,HGTY,12.87,-5.44%,14.52,suf,参数一,"{""suf"": {""timeframe"": ""w""}}",HAGERTY INC-A,1WK,,,,,,
2026-08-10 00:00:00,Short,HGTY,12.87,-5.44%,14.52,suf,参数二,"{""suf"": {""timeframe"": ""w""}}",HAGERTY INC-A,1WK,,,,,,
2026-08-10 00:00:00,Short,PPLI,40.4,-2.84%,44.62,utb,参数一,"{""utb"": {""key_value"": 2, ""atr_period"": 14, ""use_ha"": false}, ""r&s"": {""srb_left"": 10, ""srb_right"": 10}, ""atr"": {""atr_length"": 14, ""atr_mult"": 1.0}}",PEOPLE INC,1WK,,,,,,
2026-08-10 00:00:00,Long,ASB,32.29,3.23%,29.63,sqz,参数一,"{""sqz"": {""bb_length"": 15, ""bb_mult"": 1.5, ""kc_length"": 15, ""kc_mult"": 1.2, ""min_sqz_bars"": 4}, ""r&s"": {""srb_left"": 10, ""srb_right"": 10}, ""atr"": {""atr_length"": 14, ""atr_mult"": 1.0}}",ASSOCIATED BANC-CORP,1WK,一直释放,20.17-22.5-26.45-26.5-29.0,高-高-高-高,11.57%-17.53%-0.20%-9.43%,27.0,22.55
2026-08-10 00:00:00,Long,ORIO,0.9,39.23%,0.52,utb,参数一,"{""utb"": {""key_value"": 2, ""atr_period"": 14, ""use_ha"": false}, ""r&s"": {""srb_left"": 10, ""srb_right"": 10}, ""atr"": {""atr_length"": 14, ""atr_mult"": 1.0}}",ORION DIGITAL CORP,1WK,,,,,,
2026-08-10 00:00:00,Long,ORIO,0.9,39.23%,0.52,mfa,参数一,"{""utb"": {""key_value"": 2, ""atr_period"": 14, ""use_ha"": false}, ""mfa"": {""mfa_all"": 33}}",ORION DIGITAL CORP,1WK,,,,,,
2026-08-10 00:00:00,Long,ORIO,0.9,39.23%,0.52,suf,参数一,"{""suf"": {""timeframe"": ""w""}}",ORION DIGITAL CORP,1WK,,,,,,
2026-08-10 00:00:00,Long,ORIO,0.9,39.23%,0.52,suf,参数二,"{""suf"": {""timeframe"": ""w""}}",ORION DIGITAL CORP,1WK,,,,,,
2026-08-10 00:00:00,Long,BETA,24.76,5.31%,17.28,utb,参数一,"{""utb"": {""key_value"": 2, ""atr_period"": 14, ""use_ha"": false}, ""r&s"": {""srb_left"": 10, ""srb_right"": 10}, ""atr"": {""atr_length"": 14, ""atr_mult"": 1.0}}",BETA TECHNOLOGIES INC -CL A,1WK,,,,,,
2026-08-10 00:00:00,Long,CVU,5.9,14.12%,4.56,sqz,参数一,"{""sqz"": {""bb_length"": 15, ""bb_mult"": 1.5, ""kc_length"": 15, ""kc_mult"": 1.2, ""min_sqz_bars"": 4}, ""r&s"": {""srb_left"": 10, ""srb_right"": 10}, ""atr"": {""atr_length"": 14, ""atr_mult"": 1.0}}",CPI AEROSTRUCTURES INC,1WK,一直释放,4.34-2.94-5.85-4.65-5.4,低-高-低-高,32.26%-98.98%-20.51%-16.13%,23.0,73.63
2026-08-10 00:00:00,Long,CVU,5.9,14.12%,4.56,sqz,参数二,"{""sqz"": {""bb_length"": 20, ""bb_mult"": 1.8, ""kc_length"": 20, ""kc_mult"": 1.5, ""min_sqz_bars"": 4}, ""r&s"": {""srb_left"": 15, ""srb_right"": 15}, ""atr"": {""atr_length"": 14, ""atr_mult"": 1.0}}",CPI AEROSTRUCTURES INC,1WK,一直亮绿,4.34-2.94-5.85-4.65-5.4,低-高-低-高,32.26%-98.98%-20.51%-16.13%,23.0,73.63
2026-08-10 00:00:00,Short,ESCA,20.15,-10.84%,24.23,suf,参数一,"{""suf"": {""timeframe"": ""w""}}",ESCALADE INC,1WK,,,,,,
2026-08-10 00:00:00,Short,ESCA,20.15,-10.84%,24.23,suf,参数二,"{""suf"": {""timeframe"": ""w""}}",ESCALADE INC,1WK,,,,,,
2026-08-10 00:00:00,Long,CRGY,12.12,4.80%,10.65,utb,参数一,"{""utb"": {""key_value"": 2, ""atr_period"": 14, ""use_ha"": false}, ""r&s"": {""srb_left"": 10, ""srb_right"": 10}, ""atr"": {""atr_length"": 14, ""atr_mult"": 1.0}}",CRESCENT ENERGY INC-A,1WK,,,,,,
2026-08-10 00:00:00,Short,TENX,1.84,-86.35%,4.8,utb,参数一,"{""utb"": {""key_value"": 2, ""atr_period"": 14, ""use_ha"": false}, ""r&s"": {""srb_left"": 10, ""srb_right"": 10}, ""atr"": {""atr_length"": 14, ""atr_mult"": 1.0}}",TENAX THERAPEUTICS INC,1WK,,,,,,
2026-08-10 00:00:00,Short,TENX,1.84,-86.35%,4.8,utb,参数二,"{""utb"": {""key_value"": 3, ""atr_period"": 14, ""use_ha"": false}, ""r&s"": {""srb_left"": 15, ""srb_right"": 15}, ""atr"": {""atr_length"": 14, ""atr_mult"": 1.0}}",TENAX THERAPEUTICS INC,1WK,,,,,,
2026-08-10 00:00:00,Short,TENX,1.84,-86.35%,4.8,sqz,参数二,"{""sqz"": {""bb_length"": 20, ""bb_mult"": 1.8, ""kc_length"": 20, ""kc_mult"": 1.5, ""min_sqz_bars"": 4}, ""r&s"": {""srb_left"": 15, ""srb_right"": 15}, ""atr"": {""atr_length"": 14, ""atr_mult"": 1.0}}",TENAX THERAPEUTICS INC,1WK,支撑释放,nan-20.0-2.77-4.63,低-低-高,nan%-86.15%-67.15%,68.0,319.01
2026-08-10 00:00:00,Short,KLC,2.71,-47.49%,5.98,utb,参数一,"{""utb"": {""key_value"": 2, ""atr_period"": 14, ""use_ha"": false}, ""r&s"": {""srb_left"": 10, ""srb_right"": 10}, ""atr"": {""atr_length"": 14, ""atr_mult"": 1.0}}",KINDERCARE LEARNING COS INC,1WK,,,,,,
2026-08-10 00:00:00,Short,KLC,2.71,-47.49%,5.98,utb,参数二,"{""utb"": {""key_value"": 3, ""atr_period"": 14, ""use_ha"": false}, ""r&s"": {""srb_left"": 15, ""srb_right"": 15}, ""atr"": {""atr_length"": 14, ""atr_mult"": 1.0}}",KINDERCARE LEARNING COS INC,1WK,,,,,,
2026-08-10 00:00:00,Long,FSUN,41.1,3.58%,36.35,utb,参数一,"{""utb"": {""key_value"": 2, ""atr_period"": 14, ""use_ha"": false}, ""r&s"": {""srb_left"": 10, ""srb_right"": 10}, ""atr"": {""atr_length"": 14, ""atr_mult"": 1.0}}",FIRSTSUN CAPITAL BANCORP,1WK,,,,,,
2026-08-10 00:00:00,Short,NYAX,51.67,-25.18%,71.04,utb,参数二,"{""utb"": {""key_value"": 3, ""atr_period"": 14, ""use_ha"": false}, ""r&s"": {""srb_left"": 15, ""srb_right"": 15}, ""atr"": {""atr_length"": 14, ""atr_mult"": 1.0}}",NAYAX LTD,1WK,,,,,,
2026-08-10 00:00:00,Short,SILO,3.09,-17.27%,5.23,sqz,参数一,"{""sqz"": {""bb_length"": 15, ""bb_mult"": 1.5, ""kc_length"": 15, ""kc_mult"": 1.2, ""min_sqz_bars"": 4}, ""r&s"": {""srb_left"": 10, ""srb_right"": 10}, ""atr"": {""atr_length"": 14, ""atr_mult"": 1.0}}",SILO PHARMA INC,1WK,支撑释放,18.24-12.61-11.55-6.15-3.32,低-低-低-低,30.84%-8.44%-46.75%-46.10%,25.0,214.48
2026-08-10 00:00:00,Short,AIRS,3.4,-32.14%,4.41,utb,参数一,"{""utb"": {""key_value"": 2, ""atr_period"": 14, ""use_ha"": false}, ""r&s"": {""srb_left"": 10, ""srb_right"": 10}, ""atr"": {""atr_length"": 14, ""atr_mult"": 1.0}}",AIRSCULPT TECHNOLOGIES INC,1WK,,,,,,
2026-08-10 00:00:00,Short,TIGO,93.66,-3.54%,105.16,suf,参数一,"{""suf"": {""timeframe"": ""w""}}",MILLICOM INTL CELLULAR S.A.,1WK,,,,,,
2026-08-10 00:00:00,Short,TIGO,93.66,-3.54%,105.16,suf,参数二,"{""suf"": {""timeframe"": ""w""}}",MILLICOM INTL CELLULAR S.A.,1WK,,,,,,
2026-08-10 00:00:00,Short,CORZ,19.62,-6.59%,25.11,utb,参数二,"{""utb"": {""key_value"": 3, ""atr_period"": 14, ""use_ha"": false}, ""r&s"": {""srb_left"": 15, ""srb_right"": 15}, ""atr"": {""atr_length"": 14, ""atr_mult"": 1.0}}",CORE SCIENTIFIC INC,1WK,,,,,,
2026-08-10 00:00:00,Long,FBK,61.96,2.19%,57.21,sqz,参数一,"{""sqz"": {""bb_length"": 15, ""bb_mult"": 1.5, ""kc_length"": 15, ""kc_mult"": 1.2, ""min_sqz_bars"": 4}, ""r&s"": {""srb_left"": 10, ""srb_right"": 10}, ""atr"": {""atr_length"": 14, ""atr_mult"": 1.0}}",FB FINANCIAL CORP,1WK,一直亮绿,34.1-39.29-57.36-59.65-61.69,高-高-高-高,15.20%-46.00%-4.00%-3.41%,29.0,26.22
2026-08-10 00:00:00,Long,FBK,61.96,2.19%,57.21,sqz,参数二,"{""sqz"": {""bb_length"": 20, ""bb_mult"": 1.8, ""kc_length"": 20, ""kc_mult"": 1.5, ""min_sqz_bars"": 4}, ""r&s"": {""srb_left"": 15, ""srb_right"": 15}, ""atr"": {""atr_length"": 14, ""atr_mult"": 1.0}}",FB FINANCIAL CORP,1WK,一直亮绿,nan-34.1-39.29-57.36-61.69,低-高-高-高,nan%-15.20%-46.00%-7.55%,29.0,26.22
2026-08-10 00:00:00,Short,ACIC,9.85,-5.70%,11.18,utb,参数二,"{""utb"": {""key_value"": 3, ""atr_period"": 14, ""use_ha"": false}, ""r&s"": {""srb_left"": 15, ""srb_right"": 15}, ""atr"": {""atr_length"": 14, ""atr_mult"": 1.0}}",AMERICAN COASTAL INSURANCE C,1WK,,,,,,
2026-08-10 00:00:00,Short,AIRI,2.53,-3.80%,2.89,sqz,参数一,"{""sqz"": {""bb_length"": 15, ""bb_mult"": 1.5, ""kc_length"": 15, ""kc_mult"": 1.2, ""min_sqz_bars"": 4}, ""r&s"": {""srb_left"": 10, ""srb_right"": 10}, ""atr"": {""atr_length"": 14, ""atr_mult"": 1.0}}",AIR INDUSTRIES GROUP,1WK,一直亮红,3.03-3.0-2.8-2.77-2.55,低-低-低-低,0.99%-6.67%-1.07%-7.94%,25.0,41.18
2026-08-10 00:00:00,Short,AIRI,2.53,-3.80%,2.89,sqz,参数二,"{""sqz"": {""bb_length"": 20, ""bb_mult"": 1.8, ""kc_length"": 20, ""kc_mult"": 1.5, ""min_sqz_bars"": 4}, ""r&s"": {""srb_left"": 15, ""srb_right"": 15}, ""atr"": {""atr_length"": 14, ""atr_mult"": 1.0}}",AIR INDUSTRIES GROUP,1WK,一直亮红,nan-2.6-3.03-3.0-2.55,低-高-低-低,nan%-16.54%-0.99%-15.00%,25.0,41.18
2026-08-10 00:00:00,Long,TMS,9.55,31.91%,5.72,utb,参数一,"{""utb"": {""key_value"": 2, ""atr_period"": 14, ""use_ha"": false}, ""r&s"": {""srb_left"": 10, ""srb_right"": 10}, ""atr"": {""atr_length"": 14, ""atr_mult"": 1.0}}",TEAMSHARES INC,1WK,,,,,,
2026-08-10 00:00:00,Long,TMS,9.55,31.91%,5.72,mfa,参数一,"{""utb"": {""key_value"": 2, ""atr_period"": 14, ""use_ha"": false}, ""mfa"": {""mfa_all"": 10}}",TEAMSHARES INC,1WK,,,,,,
2026-08-10 00:00:00,Long,TMS,9.55,31.91%,5.72,utb,参数二,"{""utb"": {""key_value"": 3, ""atr_period"": 14, ""use_ha"": false}, ""r&s"": {""srb_left"": 15, ""srb_right"": 15}, ""atr"": {""atr_length"": 14, ""atr_mult"": 1.0}}",TEAMSHARES INC,1WK,,,,,,
2026-08-10 00:00:00,Long,TMS,9.55,31.91%,5.72,mfa,参数二,"{""utb"": {""key_value"": 3, ""atr_period"": 14, ""use_ha"": false}, ""mfa"": {""mfa_all"": 10}}",TEAMSHARES INC,1WK,,,,,,
2026-08-10 00:00:00,Long,CVX,200.77,7.62%,178.31,utb,参数二,"{""utb"": {""key_value"": 3, ""atr_period"": 14, ""use_ha"": false}, ""r&s"": {""srb_left"": 15, ""srb_right"": 15}, ""atr"": {""atr_length"": 14, ""atr_mult"": 1.0}}",CHEVRON CORP,1WK,,,,,,
2026-08-10 00:00:00,Short,ACM,63.53,-16.24%,83.0,sqz,参数二,"{""sqz"": {""bb_length"": 20, ""bb_mult"": 1.8, ""kc_length"": 20, ""kc_mult"": 1.5, ""min_sqz_bars"": 4}, ""r&s"": {""srb_left"": 15, ""srb_right"": 15}, ""atr"": {""atr_length"": 14, ""atr_mult"": 1.0}}",AECOM,1WK,一直释放,nan-73.42-72.19-80.37-83.69,低-低-高-高,nan%-1.68%-11.34%-4.13%,70.0,60.12
2026-08-10 00:00:00,Short,PDSB,0.24,-68.98%,1.02,sqz,参数二,"{""sqz"": {""bb_length"": 20, ""bb_mult"": 1.8, ""kc_length"": 20, ""kc_mult"": 1.5, ""min_sqz_bars"": 4}, ""r&s"": {""srb_left"": 15, ""srb_right"": 15}, ""atr"": {""atr_length"": 14, ""atr_mult"": 1.0}}",PDS BIOTECHNOLOGY CORP,1WK,一直亮红,4.56-3.8-2.53-0.85-0.51,低-低-低-低,16.67%-33.42%-66.36%-40.42%,19.0,205.72
2026-08-10 00:00:00,Long,CPAY,418.28,6.45%,364.59,sqz,参数二,"{""sqz"": {""bb_length"": 20, ""bb_mult"": 1.8, ""kc_length"": 20, ""kc_mult"": 1.5, ""min_sqz_bars"": 4}, ""r&s"": {""srb_left"": 15, ""srb_right"": 15}, ""atr"": {""atr_length"": 14, ""atr_mult"": 1.0}}",CORPAY INC,1WK,一直亮绿,nan-319.94-400.81,低-高,nan%-25.28%,79.0,58.52
2026-08-10 00:00:00,Long,CSW,346.06,-1.32%,316.39,sqz,参数二,"{""sqz"": {""bb_length"": 20, ""bb_mult"": 1.8, ""kc_length"": 20, ""kc_mult"": 1.5, ""min_sqz_bars"": 4}, ""r&s"": {""srb_left"": 15, ""srb_right"": 15}, ""atr"": {""atr_length"": 14, ""atr_mult"": 1.0}}",CSW INDUSTRIALS INC,1WK,压力释放,nan-146.93-188.57-433.63-336.03,低-高-高-低,nan%-28.34%-129.96%-22.51%,29.0,35.45
2026-08-10 00:00:00,Long,SLB,53.79,6.45%,46.66,utb,参数一,"{""utb"": {""key_value"": 2, ""atr_period"": 14, ""use_ha"": false}, ""r&s"": {""srb_left"": 10, ""srb_right"": 10}, ""atr"": {""atr_length"": 14, ""atr_mult"": 1.0}}",SLB LTD,1WK,,,,,,
2026-08-10 00:00:00,Short,KOD,40.91,-9.83%,52.1,suf,参数一,"{""suf"": {""timeframe"": ""w""}}",KODIAK SCIENCES INC,1WK,,,,,,
2026-08-10 00:00:00,Short,KOD,40.91,-9.83%,52.1,suf,参数二,"{""suf"": {""timeframe"": ""w""}}",KODIAK SCIENCES INC,1WK,,,,,,
2026-08-10 00:00:00,Long,EXK,10.69,12.11%,7.99,utb,参数一,"{""utb"": {""key_value"": 2, ""atr_period"": 14, ""use_ha"": false}, ""r&s"": {""srb_left"": 10, ""srb_right"": 10}, ""atr"": {""atr_length"": 14, ""atr_mult"": 1.0}}",ENDEAVOUR SILVER CORP,1WK,,,,,,
2026-08-10 00:00:00,Short,YETI,43.61,-16.46%,57.21,utb,参数一,"{""utb"": {""key_value"": 2, ""atr_period"": 14, ""use_ha"": false}, ""r&s"": {""srb_left"": 10, ""srb_right"": 10}, ""atr"": {""atr_length"": 14, ""atr_mult"": 1.0}}",YETI HOLDINGS INC,1WK,,,,,,
2026-08-10 00:00:00,Long,CSTE,3.37,46.52%,1.88,sqz,参数一,"{""sqz"": {""bb_length"": 15, ""bb_mult"": 1.5, ""kc_length"": 15, ""kc_mult"": 1.2, ""min_sqz_bars"": 4}, ""r&s"": {""srb_left"": 10, ""srb_right"": 10}, ""atr"": {""atr_length"": 14, ""atr_mult"": 1.0}}",CAESARSTONE LTD,1WK,一直释放,5.71-6.81-6.54-5.04-2.58,高-低-低-低,19.26%-3.96%-22.94%-48.81%,26.0,360.71
2026-08-10 00:00:00,Long,ARX,19.62,57.46%,9.48,utb,参数一,"{""utb"": {""key_value"": 2, ""atr_period"": 14, ""use_ha"": false}, ""r&s"": {""srb_left"": 10, ""srb_right"": 10}, ""atr"": {""atr_length"": 14, ""atr_mult"": 1.0}}",ACCELERANT HOLDINGS-CL A,1WK,,,,,,
2026-08-10 00:00:00,Short,MNST,46.67,-48.35%,54.52,utb,参数一,"{""utb"": {""key_value"": 2, ""atr_period"": 14, ""use_ha"": false}, ""r&s"": {""srb_left"": 10, ""srb_right"": 10}, ""atr"": {""atr_length"": 14, ""atr_mult"": 1.0}}",MONSTER BEVERAGE CORP,1WK,,,,,,
2026-08-10 00:00:00,Short,MNST,46.67,-48.35%,54.52,sqz,参数一,"{""sqz"": {""bb_length"": 15, ""bb_mult"": 1.5, ""kc_length"": 15, ""kc_mult"": 1.2, ""min_sqz_bars"": 4}, ""r&s"": {""srb_left"": 10, ""srb_right"": 10}, ""atr"": {""atr_length"": 14, ""atr_mult"": 1.0}}",MONSTER BEVERAGE CORP,1WK,一直释放,47.13-43.32-45.7-58.09-70.86,低-高-高-高,8.08%-5.49%-27.11%-21.98%,19.0,41.6
2026-08-10 00:00:00,Short,MNST,46.67,-48.35%,54.52,utb,参数二,"{""utb"": {""key_value"": 3, ""atr_period"": 14, ""use_ha"": false}, ""r&s"": {""srb_left"": 15, ""srb_right"": 15}, ""atr"": {""atr_length"": 14, ""atr_mult"": 1.0}}",MONSTER BEVERAGE CORP,1WK,,,,,,
2026-08-10 00:00:00,Long,SMCI,39.66,27.40%,24.39,utb,参数一,"{""utb"": {""key_value"": 2, ""atr_period"": 14, ""use_ha"": false}, ""r&s"": {""srb_left"": 10, ""srb_right"": 10}, ""atr"": {""atr_length"": 14, ""atr_mult"": 1.0}}",SUPER MICRO COMPUTER INC,1WK,,,,,,
2026-08-10 00:00:00,Long,MCHX,1.85,2.78%,1.47,utb,参数二,"{""utb"": {""key_value"": 3, ""atr_period"": 14, ""use_ha"": false}, ""r&s"": {""srb_left"": 15, ""srb_right"": 15}, ""atr"": {""atr_length"": 14, ""atr_mult"": 1.0}}",MARCHEX INC-CLASS B,1WK,,,,,,
2026-08-10 00:00:00,Short,TTEC,1.62,-36.67%,3.05,sqz,参数二,"{""sqz"": {""bb_length"": 20, ""bb_mult"": 1.8, ""kc_length"": 20, ""kc_mult"": 1.5, ""min_sqz_bars"": 4}, ""r&s"": {""srb_left"": 15, ""srb_right"": 15}, ""atr"": {""atr_length"": 14, ""atr_mult"": 1.0}}",TTEC HOLDINGS INC,1WK,支撑释放,nan-15.18-3.67-3.11-1.98,低-低-低-低,nan%-75.82%-15.26%-36.33%,24.0,83.33
2026-08-10 00:00:00,Short,VSXY,89.61,-9.06%,111.6,suf,参数一,"{""suf"": {""timeframe"": ""w""}}",VICTORIA'S SECRET & CO,1WK,,,,,,
2026-08-10 00:00:00,Short,VSXY,89.61,-9.06%,111.6,suf,参数二,"{""suf"": {""timeframe"": ""w""}}",VICTORIA'S SECRET & CO,1WK,,,,,,
2026-08-10 00:00:00,Long,UMAC,33.1,26.77%,20.42,utb,参数一,"{""utb"": {""key_value"": 2, ""atr_period"": 14, ""use_ha"": false}, ""r&s"": {""srb_left"": 10, ""srb_right"": 10}, ""atr"": {""atr_length"": 14, ""atr_mult"": 1.0}}",UNUSUAL MACHINES INC /US,1WK,,,,,,
2026-08-10 00:00:00,Long,UMAC,33.1,26.77%,20.42,utb,参数二,"{""utb"": {""key_value"": 3, ""atr_period"": 14, ""use_ha"": false}, ""r&s"": {""srb_left"": 15, ""srb_right"": 15}, ""atr"": {""atr_length"": 14, ""atr_mult"": 1.0}}",UNUSUAL MACHINES INC /US,1WK,,,,,,
2026-08-10 00:00:00,Short,KOP,46.79,-8.68%,55.17,suf,参数一,"{""suf"": {""timeframe"": ""w""}}",KOPPERS HOLDINGS INC,1WK,,,,,,
2026-08-10 00:00:00,Short,KOP,46.79,-8.68%,55.17,suf,参数二,"{""suf"": {""timeframe"": ""w""}}",KOPPERS HOLDINGS INC,1WK,,,,,,
2026-08-10 00:00:00,Long,ATNI,31.79,-0.56%,27.95,sqz,参数一,"{""sqz"": {""bb_length"": 15, ""bb_mult"": 1.5, ""kc_length"": 15, ""kc_mult"": 1.2, ""min_sqz_bars"": 4}, ""r&s"": {""srb_left"": 10, ""srb_right"": 10}, ""atr"": {""atr_length"": 14, ""atr_mult"": 1.0}}",ATN INTERNATIONAL INC,1WK,压力释放,35.4-30.72-21.81-18.07-29.83,低-低-低-高,13.24%-28.98%-17.15%-65.05%,23.0,35.39
2026-08-10 00:00:00,Long,CDLX,4.13,13.15%,2.06,suf,参数一,"{""suf"": {""timeframe"": ""w""}}",CARDLYTICS INC,1WK,,,,,,
2026-08-10 00:00:00,Long,CDLX,4.13,13.15%,2.06,suf,参数二,"{""suf"": {""timeframe"": ""w""}}",CARDLYTICS INC,1WK,,,,,,
2026-08-10 00:00:00,Long,MG,18.18,13.06%,14.09,utb,参数一,"{""utb"": {""key_value"": 2, ""atr_period"": 14, ""use_ha"": false}, ""r&s"": {""srb_left"": 10, ""srb_right"": 10}, ""atr"": {""atr_length"": 14, ""atr_mult"": 1.0}}",MISTRAS GROUP INC,1WK,,,,,,
2026-08-10 00:00:00,Long,MNTN,12.39,11.48%,9.29,utb,参数一,"{""utb"": {""key_value"": 2, ""atr_period"": 14, ""use_ha"": false}, ""r&s"": {""srb_left"": 10, ""srb_right"": 10}, ""atr"": {""atr_length"": 14, ""atr_mult"": 1.0}}",MNTN INC-A,1WK,,,,,,
2026-08-10 00:00:00,Short,TRS,38.78,-3.63%,43.87,utb,参数一,"{""utb"": {""key_value"": 2, ""atr_period"": 14, ""use_ha"": false}, ""r&s"": {""srb_left"": 10, ""srb_right"": 10}, ""atr"": {""atr_length"": 14, ""atr_mult"": 1.0}}",TRIMAS CORP,1WK,,,,,,
2026-08-10 00:00:00,Long,VGZ,2.34,10.66%,1.75,utb,参数一,"{""utb"": {""key_value"": 2, ""atr_period"": 14, ""use_ha"": false}, ""r&s"": {""srb_left"": 10, ""srb_right"": 10}, ""atr"": {""atr_length"": 14, ""atr_mult"": 1.0}}",VISTA GOLD CORP,1WK,,,,,,
2026-08-10 00:00:00,Long,SNDL,1.26,2.44%,1.07,suf,参数一,"{""suf"": {""timeframe"": ""w""}}",SNDL INC,1WK,,,,,,
2026-08-10 00:00:00,Long,SNDL,1.26,2.44%,1.07,suf,参数二,"{""suf"": {""timeframe"": ""w""}}",SNDL INC,1WK,,,,,,
2026-08-10 00:00:00,Short,JL,4.74,-13.73%,7.36,utb,参数一,"{""utb"": {""key_value"": 2, ""atr_period"": 14, ""use_ha"": false}, ""r&s"": {""srb_left"": 10, ""srb_right"": 10}, ""atr"": {""atr_length"": 14, ""atr_mult"": 1.0}}",J-LONG GROUP LTD-A,1WK,,,,,,
2026-08-10 00:00:00,Long,QMCO,26.45,119.65%,7.94,utb,参数一,"{""utb"": {""key_value"": 2, ""atr_period"": 14, ""use_ha"": false}, ""r&s"": {""srb_left"": 10, ""srb_right"": 10}, ""atr"": {""atr_length"": 14, ""atr_mult"": 1.0}}",QUANTUM CORP,1WK,,,,,,
2026-08-10 00:00:00,Long,QMCO,26.45,119.65%,7.94,sqz,参数二,"{""sqz"": {""bb_length"": 20, ""bb_mult"": 1.8, ""kc_length"": 20, ""kc_mult"": 1.5, ""min_sqz_bars"": 4}, ""r&s"": {""srb_left"": 15, ""srb_right"": 15}, ""atr"": {""atr_length"": 14, ""atr_mult"": 1.0}}",QUANTUM CORP,1WK,一直释放,40.0-18.0-17.0-90.64-15.33,低-低-高-低,55.00%-5.56%-433.18%-83.09%,44.0,265.87
2026-08-10 00:00:00,Long,GIS,39.1,5.99%,34.0,utb,参数二,"{""utb"": {""key_value"": 3, ""atr_period"": 14, ""use_ha"": false}, ""r&s"": {""srb_left"": 15, ""srb_right"": 15}, ""atr"": {""atr_length"": 14, ""atr_mult"": 1.0}}",GENERAL MILLS INC,1WK,,,,,,
2026-08-10 00:00:00,Long,GIS,39.1,5.99%,34.0,mfa,参数二,"{""utb"": {""key_value"": 3, ""atr_period"": 14, ""use_ha"": false}, ""mfa"": {""mfa_all"": 84}}",GENERAL MILLS INC,1WK,,,,,,
2026-08-10 00:00:00,Short,EVC,9.1,-23.98%,13.37,suf,参数一,"{""suf"": {""timeframe"": ""w""}}",ENTRAVISION COMMUNICATIONS-A,1WK,,,,,,
2026-08-10 00:00:00,Short,EVC,9.1,-23.98%,13.37,utb,参数二,"{""utb"": {""key_value"": 3, ""atr_period"": 14, ""use_ha"": false}, ""r&s"": {""srb_left"": 15, ""srb_right"": 15}, ""atr"": {""atr_length"": 14, ""atr_mult"": 1.0}}",ENTRAVISION COMMUNICATIONS-A,1WK,,,,,,
2026-08-10 00:00:00,Short,EVC,9.1,-23.98%,13.37,suf,参数二,"{""suf"": {""timeframe"": ""w""}}",ENTRAVISION COMMUNICATIONS-A,1WK,,,,,,
2026-08-10 00:00:00,Long,PTC,151.04,2.25%,133.86,utb,参数二,"{""utb"": {""key_value"": 3, ""atr_period"": 14, ""use_ha"": false}, ""r&s"": {""srb_left"": 15, ""srb_right"": 15}, ""atr"": {""atr_length"": 14, ""atr_mult"": 1.0}}",PTC INC,1WK,,,,,,
2026-08-10 00:00:00,Long,PTC,151.04,2.25%,133.86,mfa,参数二,"{""utb"": {""key_value"": 3, ""atr_period"": 14, ""use_ha"": false}, ""mfa"": {""mfa_all"": 30}}",PTC INC,1WK,,,,,,
2026-08-10 00:00:00,Short,TXRH,206.49,-0.73%,228.34,suf,参数一,"{""suf"": {""timeframe"": ""w""}}",TEXAS ROADHOUSE INC,1WK,,,,,,
2026-08-10 00:00:00,Short,TXRH,206.49,-0.73%,228.34,suf,参数二,"{""suf"": {""timeframe"": ""w""}}",TEXAS ROADHOUSE INC,1WK,,,,,,
2026-08-10 00:00:00,Long,OPTT,0.2,13.44%,0.12,suf,参数一,"{""suf"": {""timeframe"": ""w""}}",OCEAN POWER TECHNOLOGIES INC,1WK,,,,,,
2026-08-10 00:00:00,Long,OPTT,0.2,13.44%,0.12,suf,参数二,"{""suf"": {""timeframe"": ""w""}}",OCEAN POWER TECHNOLOGIES INC,1WK,,,,,,
2026-08-10 00:00:00,Long,AVNT,45.96,0.59%,41.24,sqz,参数二,"{""sqz"": {""bb_length"": 20, ""bb_mult"": 1.8, ""kc_length"": 20, ""kc_mult"": 1.5, ""min_sqz_bars"": 4}, ""r&s"": {""srb_left"": 15, ""srb_right"": 15}, ""atr"": {""atr_length"": 14, ""atr_mult"": 1.0}}",AVIENT CORP,1WK,压力释放,40.66-39.02-51.92-37.12-44.16,低-高-低-高,4.04%-33.08%-28.51%-18.96%,26.0,41.02
2026-08-10 00:00:00,Long,SENEB,188.8,12.72%,169.05,utb,参数一,"{""utb"": {""key_value"": 2, ""atr_period"": 14, ""use_ha"": false}, ""r&s"": {""srb_left"": 10, ""srb_right"": 10}, ""atr"": {""atr_length"": 14, ""atr_mult"": 1.0}}",SENECA FOODS CORP - CL B,1WK,,,,,,
2026-08-10 00:00:00,Long,UMBF,151.71,4.20%,136.31,sqz,参数一,"{""sqz"": {""bb_length"": 15, ""bb_mult"": 1.5, ""kc_length"": 15, ""kc_mult"": 1.2, ""min_sqz_bars"": 4}, ""r&s"": {""srb_left"": 10, ""srb_right"": 10}, ""atr"": {""atr_length"": 14, ""atr_mult"": 1.0}}",UMB FINANCIAL CORP,1WK,一直释放,69.37-84.47-126.73-124.78-135.15,高-高-低-高,21.76%-50.04%-1.54%-8.31%,27.0,26.58
2026-08-10 00:00:00,Long,TRX,1.12,7.05%,0.82,utb,参数一,"{""utb"": {""key_value"": 2, ""atr_period"": 14, ""use_ha"": false}, ""r&s"": {""srb_left"": 10, ""srb_right"": 10}, ""atr"": {""atr_length"": 14, ""atr_mult"": 1.0}}",TRX GOLD CORP,1WK,,,,,,
2026-08-10 00:00:00,Long,CMCL,22.63,4.05%,19.3,utb,参数一,"{""utb"": {""key_value"": 2, ""atr_period"": 14, ""use_ha"": false}, ""r&s"": {""srb_left"": 10, ""srb_right"": 10}, ""atr"": {""atr_length"": 14, ""atr_mult"": 1.0}}",CALEDONIA MINING CORP PLC,1WK,,,,,,
2026-08-10 00:00:00,Long,CMCL,22.63,4.05%,19.3,mfa,参数一,"{""utb"": {""key_value"": 2, ""atr_period"": 14, ""use_ha"": false}, ""mfa"": {""mfa_all"": 11}}",CALEDONIA MINING CORP PLC,1WK,,,,,,
2026-08-10 00:00:00,Long,VTSI,3.16,3.61%,2.61,suf,参数一,"{""suf"": {""timeframe"": ""w""}}",VIRTRA INC,1WK,,,,,,
2026-08-10 00:00:00,Long,VTSI,3.16,3.61%,2.61,suf,参数二,"{""suf"": {""timeframe"": ""w""}}",VIRTRA INC,1WK,,,,,,
2026-08-10 00:00:00,Short,GRNQ,7.65,-32.09%,14.17,sqz,参数二,"{""sqz"": {""bb_length"": 20, ""bb_mult"": 1.8, ""kc_length"": 20, ""kc_mult"": 1.5, ""min_sqz_bars"": 4}, ""r&s"": {""srb_left"": 15, ""srb_right"": 15}, ""atr"": {""atr_length"": 14, ""atr_mult"": 1.0}}",GREENPRO CAPITAL CORP,1WK,一直亮红,nan-7.2-8.01-8.35,低-高-高,nan%-11.25%-4.24%,66.0,280.84
2026-08-10 00:00:00,Long,DCH,6.77,6.61%,5.56,utb,参数一,"{""utb"": {""key_value"": 2, ""atr_period"": 14, ""use_ha"": false}, ""r&s"": {""srb_left"": 10, ""srb_right"": 10}, ""atr"": {""atr_length"": 14, ""atr_mult"": 1.0}}",DAUCH CORPORATION,1WK,,,,,,
2026-08-10 00:00:00,Long,NXGL,0.51,34.21%,0.2,suf,参数一,"{""suf"": {""timeframe"": ""w""}}",NEXGEL INC,1WK,,,,,,
2026-08-10 00:00:00,Long,NXGL,0.51,34.21%,0.2,suf,参数二,"{""suf"": {""timeframe"": ""w""}}",NEXGEL INC,1WK,,,,,,
2026-08-10 00:00:00,Short,VVV,34.03,-3.71%,38.09,utb,参数一,"{""utb"": {""key_value"": 2, ""atr_period"": 14, ""use_ha"": false}, ""r&s"": {""srb_left"": 10, ""srb_right"": 10}, ""atr"": {""atr_length"": 14, ""atr_mult"": 1.0}}",VALVOLINE INC,1WK,,,,,,
2026-08-10 00:00:00,Long,FLUT,99.36,4.88%,80.75,suf,参数一,"{""suf"": {""timeframe"": ""w""}}",FLUTTER ENTERTAINMENT PLC-DI,1WK,,,,,,
2026-08-10 00:00:00,Long,FLUT,99.36,4.88%,80.75,suf,参数二,"{""suf"": {""timeframe"": ""w""}}",FLUTTER ENTERTAINMENT PLC-DI,1WK,,,,,,
2026-08-10 00:00:00,Short,ITIC,284.05,-2.00%,304.87,suf,参数一,"{""suf"": {""timeframe"": ""w""}}",INVESTORS TITLE CO,1WK,,,,,,
2026-08-10 00:00:00,Short,ITIC,284.05,-2.00%,304.87,suf,参数二,"{""suf"": {""timeframe"": ""w""}}",INVESTORS TITLE CO,1WK,,,,,,
2026-08-10 00:00:00,Long,REAX,2.49,16.59%,1.66,utb,参数一,"{""utb"": {""key_value"": 2, ""atr_period"": 14, ""use_ha"": false}, ""r&s"": {""srb_left"": 10, ""srb_right"": 10}, ""atr"": {""atr_length"": 14, ""atr_mult"": 1.0}}",REAL BROKERAGE INC/THE,1WK,,,,,,
2026-08-10 00:00:00,Long,REAX,2.49,16.59%,1.66,mfa,参数一,"{""utb"": {""key_value"": 2, ""atr_period"": 14, ""use_ha"": false}, ""mfa"": {""mfa_all"": 44}}",REAL BROKERAGE INC/THE,1WK,,,,,,
2026-08-10 00:00:00,Long,AYA,26.56,-2.32%,22.31,sqz,参数一,"{""sqz"": {""bb_length"": 15, ""bb_mult"": 1.5, ""kc_length"": 15, ""kc_mult"": 1.2, ""min_sqz_bars"": 4}, ""r&s"": {""srb_left"": 10, ""srb_right"": 10}, ""atr"": {""atr_length"": 14, ""atr_mult"": 1.0}}",AYA GOLD & SILVER INC,1WK,压力释放,8.19-14.18-9.65-11.3-22.0,高-低-高-高,73.14%-31.95%-17.10%-94.69%,23.0,80.33
2026-08-10 00:00:00,Long,AYA,26.56,-2.32%,22.31,sqz,参数二,"{""sqz"": {""bb_length"": 20, ""bb_mult"": 1.8, ""kc_length"": 20, ""kc_mult"": 1.5, ""min_sqz_bars"": 4}, ""r&s"": {""srb_left"": 15, ""srb_right"": 15}, ""atr"": {""atr_length"": 14, ""atr_mult"": 1.0}}",AYA GOLD & SILVER INC,1WK,压力释放,nan-8.44-14.18-22.0,低-高-高,nan%-68.01%-55.15%,23.0,80.33
2026-08-10 00:00:00,Short,FC,19.93,-8.60%,24.22,utb,参数一,"{""utb"": {""key_value"": 2, ""atr_period"": 14, ""use_ha"": false}, ""r&s"": {""srb_left"": 10, ""srb_right"": 10}, ""atr"": {""atr_length"": 14, ""atr_mult"": 1.0}}",FRANKLIN COVEY CO,1WK,,,,,,
2026-08-10 00:00:00,Short,ITHA,10.0,-0.89%,10.08,utb,参数一,"{""utb"": {""key_value"": 2, ""atr_period"": 14, ""use_ha"": false}, ""r&s"": {""srb_left"": 10, ""srb_right"": 10}, ""atr"": {""atr_length"": 14, ""atr_mult"": 1.0}}",ITHAX ACQUISITION CORP-CL A,1WK,,,,,,
2026-08-10 00:00:00,Long,CLH,321.02,4.17%,290.15,utb,参数一,"{""utb"": {""key_value"": 2, ""atr_period"": 14, ""use_ha"": false}, ""r&s"": {""srb_left"": 10, ""srb_right"": 10}, ""atr"": {""atr_length"": 14, ""atr_mult"": 1.0}}",CLEAN HARBORS INC,1WK,,,,,,
2026-08-10 00:00:00,Long,YORW,33.03,4.21%,29.7,utb,参数一,"{""utb"": {""key_value"": 2, ""atr_period"": 14, ""use_ha"": false}, ""r&s"": {""srb_left"": 10, ""srb_right"": 10}, ""atr"": {""atr_length"": 14, ""atr_mult"": 1.0}}",YORK WATER CO,1WK,,,,,,
2026-08-10 00:00:00,Long,ATKR,93.85,0.15%,86.95,sqz,参数一,"{""sqz"": {""bb_length"": 15, ""bb_mult"": 1.5, ""kc_length"": 15, ""kc_mult"": 1.2, ""min_sqz_bars"": 4}, ""r&s"": {""srb_left"": 10, ""srb_right"": 10}, ""atr"": {""atr_length"": 14, ""atr_mult"": 1.0}}",ATKORE INC,1WK,压力释放,158.22-187.64-101.86-78.46-73.88,高-低-低-低,18.60%-45.71%-22.98%-5.83%,29.0,38.07
2026-08-10 00:00:00,Long,ECOR,10.07,24.47%,5.96,utb,参数一,"{""utb"": {""key_value"": 2, ""atr_period"": 14, ""use_ha"": false}, ""r&s"": {""srb_left"": 10, ""srb_right"": 10}, ""atr"": {""atr_length"": 14, ""atr_mult"": 1.0}}",ELECTROCORE INC,1WK,,,,,,
2026-08-10 00:00:00,Short,MRVI,5.6,-10.11%,7.02,utb,参数一,"{""utb"": {""key_value"": 2, ""atr_period"": 14, ""use_ha"": false}, ""r&s"": {""srb_left"": 10, ""srb_right"": 10}, ""atr"": {""atr_length"": 14, ""atr_mult"": 1.0}}",MARAVAI LIFESCIENCES HLDGS-A,1WK,,,,,,
2026-08-10 00:00:00,Long,NEOV,3.63,28.04%,1.73,utb,参数一,"{""utb"": {""key_value"": 2, ""atr_period"": 14, ""use_ha"": false}, ""r&s"": {""srb_left"": 10, ""srb_right"": 10}, ""atr"": {""atr_length"": 14, ""atr_mult"": 1.0}}",NEOVOLTA INC,1WK,,,,,,
2026-08-10 00:00:00,Long,MAKO,10.01,4.93%,8.26,sqz,参数一,"{""sqz"": {""bb_length"": 15, ""bb_mult"": 1.5, ""kc_length"": 15, ""kc_mult"": 1.2, ""min_sqz_bars"": 4}, ""r&s"": {""srb_left"": 10, ""srb_right"": 10}, ""atr"": {""atr_length"": 14, ""atr_mult"": 1.0}}",MAKO MINING CORP,1WK,压力释放,2.1-2.85-6.31-8.78-8.99,高-高-高-高,35.71%-121.40%-39.14%-2.39%,12.0,36.63
2026-08-10 00:00:00,Short,TCRX,0.76,-4.74%,0.97,sqz,参数二,"{""sqz"": {""bb_length"": 20, ""bb_mult"": 1.8, ""kc_length"": 20, ""kc_mult"": 1.5, ""min_sqz_bars"": 4}, ""r&s"": {""srb_left"": 15, ""srb_right"": 15}, ""atr"": {""atr_length"": 14, ""atr_mult"": 1.0}}",TSCAN THERAPEUTICS INC,1WK,支撑释放,nan-1.62-1.02-0.88,低-低-低,nan%-37.04%-13.53%,34.0,66.67
2026-08-10 00:00:00,Short,UVE,42.74,-3.20%,47.17,suf,参数一,"{""suf"": {""timeframe"": ""w""}}",UNIVERSAL INSURANCE HOLDINGS,1WK,,,,,,
2026-08-10 00:00:00,Short,UVE,42.74,-3.20%,47.17,suf,参数二,"{""suf"": {""timeframe"": ""w""}}",UNIVERSAL INSURANCE HOLDINGS,1WK,,,,,,
2026-08-10 00:00:00,Long,KLAR,20.76,4.32%,16.09,utb,参数一,"{""utb"": {""key_value"": 2, ""atr_period"": 14, ""use_ha"": false}, ""r&s"": {""srb_left"": 10, ""srb_right"": 10}, ""atr"": {""atr_length"": 14, ""atr_mult"": 1.0}}",KLARNA GROUP PLC,1WK,,,,,,
2026-08-10 00:00:00,Long,BWMN,42.17,54.88%,38.5,utb,参数一,"{""utb"": {""key_value"": 2, ""atr_period"": 14, ""use_ha"": false}, ""r&s"": {""srb_left"": 10, ""srb_right"": 10}, ""atr"": {""atr_length"": 14, ""atr_mult"": 1.0}}",BOWMAN CONSULTING GROUP LTD,1WK,,,,,,
2026-08-10 00:00:00,Long,BWMN,42.17,54.88%,38.5,utb,参数二,"{""utb"": {""key_value"": 3, ""atr_period"": 14, ""use_ha"": false}, ""r&s"": {""srb_left"": 15, ""srb_right"": 15}, ""atr"": {""atr_length"": 14, ""atr_mult"": 1.0}}",BOWMAN CONSULTING GROUP LTD,1WK,,,,,,
2026-08-10 00:00:00,Short,APTV,49.4,-0.31%,56.47,sqz,参数一,"{""sqz"": {""bb_length"": 15, ""bb_mult"": 1.5, ""kc_length"": 15, ""kc_mult"": 1.2, ""min_sqz_bars"": 4}, ""r&s"": {""srb_left"": 10, ""srb_right"": 10}, ""atr"": {""atr_length"": 14, ""atr_mult"": 1.0}}",APTIV PLC,1WK,支撑释放,51.47-47.19-63.5-69.63-51.68,低-高-高-低,8.32%-34.56%-9.65%-25.78%,12.0,51.88
2026-08-10 00:00:00,Long,FSM,10.69,2.89%,9.03,utb,参数一,"{""utb"": {""key_value"": 2, ""atr_period"": 14, ""use_ha"": false}, ""r&s"": {""srb_left"": 10, ""srb_right"": 10}, ""atr"": {""atr_length"": 14, ""atr_mult"": 1.0}}",FORTUNA MINING CORP,1WK,,,,,,
2026-08-10 00:00:00,Long,MTA,9.76,11.49%,7.66,utb,参数二,"{""utb"": {""key_value"": 3, ""atr_period"": 14, ""use_ha"": false}, ""r&s"": {""srb_left"": 15, ""srb_right"": 15}, ""atr"": {""atr_length"": 14, ""atr_mult"": 1.0}}",METALLA ROYALTY & STREAMING,1WK,,,,,,
2026-08-10 00:00:00,Long,SMHI,9.77,2.57%,8.54,sqz,参数二,"{""sqz"": {""bb_length"": 20, ""bb_mult"": 1.8, ""kc_length"": 20, ""kc_mult"": 1.5, ""min_sqz_bars"": 4}, ""r&s"": {""srb_left"": 15, ""srb_right"": 15}, ""atr"": {""atr_length"": 14, ""atr_mult"": 1.0}}",SEACOR MARINE HOLDINGS INC,1WK,压力释放,nan-11.6-15.24-15.36-8.17,低-高-高-低,nan%-31.38%-0.79%-46.81%,24.0,29.64
2026-08-10 00:00:00,Short,PCAR,130.79,-1.48%,140.26,suf,参数一,"{""suf"": {""timeframe"": ""w""}}",PACCAR INC,1WK,,,,,,
2026-08-10 00:00:00,Short,PCAR,130.79,-1.48%,140.26,suf,参数二,"{""suf"": {""timeframe"": ""w""}}",PACCAR INC,1WK,,,,,,
2026-08-10 00:00:00,Long,BYFC,11.9,6.96%,10.3,sqz,参数一,"{""sqz"": {""bb_length"": 15, ""bb_mult"": 1.5, ""kc_length"": 15, ""kc_mult"": 1.2, ""min_sqz_bars"": 4}, ""r&s"": {""srb_left"": 10, ""srb_right"": 10}, ""atr"": {""atr_length"": 14, ""atr_mult"": 1.0}}",BROADWAY FINANCIAL CORP/DE,1WK,一直释放,7.99-9.46-8.85-8.81-10.46,高-低-低-高,18.40%-6.45%-0.45%-18.73%,13.0,12.96
2026-08-10 00:00:00,Long,BX,145.03,5.76%,126.34,utb,参数二,"{""utb"": {""key_value"": 3, ""atr_period"": 14, ""use_ha"": false}, ""r&s"": {""srb_left"": 15, ""srb_right"": 15}, ""atr"": {""atr_length"": 14, ""atr_mult"": 1.0}}",BLACKSTONE INC,1WK,,,,,,
2026-08-10 00:00:00,Short,RBLX,38.51,1.91%,47.85,sqz,参数一,"{""sqz"": {""bb_length"": 15, ""bb_mult"": 1.5, ""kc_length"": 15, ""kc_mult"": 1.2, ""min_sqz_bars"": 4}, ""r&s"": {""srb_left"": 10, ""srb_right"": 10}, ""atr"": {""atr_length"": 14, ""atr_mult"": 1.0}}",ROBLOX CORP -CLASS A,1WK,支撑释放,33.7-24.88-29.55-50.1-40.15,低-高-高-低,26.18%-18.77%-69.54%-19.86%,13.0,45.53
2026-08-10 00:00:00,Long,CTSO,0.38,6.86%,0.27,suf,参数一,"{""suf"": {""timeframe"": ""w""}}",CYTOSORBENTS CORP,1WK,,,,,,
2026-08-10 00:00:00,Long,CTSO,0.38,6.86%,0.27,suf,参数二,"{""suf"": {""timeframe"": ""w""}}",CYTOSORBENTS CORP,1WK,,,,,,
2026-08-10 00:00:00,Long,RSKD,6.52,21.87%,4.83,sqz,参数二,"{""sqz"": {""bb_length"": 20, ""bb_mult"": 1.8, ""kc_length"": 20, ""kc_mult"": 1.5, ""min_sqz_bars"": 4}, ""r&s"": {""srb_left"": 15, ""srb_right"": 15}, ""atr"": {""atr_length"": 14, ""atr_mult"": 1.0}}",RISKIFIED LTD-A,1WK,一直亮绿,nan-6.73-6.64-5.99-5.68,低-低-低-低,nan%-1.26%-9.78%-5.25%,55.0,53.51
2026-08-10 00:00:00,Short,ARWR,86.03,-1.85%,99.44,suf,参数一,"{""suf"": {""timeframe"": ""w""}}",ARROWHEAD PHARMACEUTICALS IN,1WK,,,,,,
2026-08-10 00:00:00,Short,ARWR,86.03,-1.85%,99.44,suf,参数二,"{""suf"": {""timeframe"": ""w""}}",ARROWHEAD PHARMACEUTICALS IN,1WK,,,,,,
2026-08-10 00:00:00,Long,ATNM,1.05,31.74%,0.61,suf,参数一,"{""suf"": {""timeframe"": ""w""}}",ACTINIUM PHARMACEUTICALS INC,1WK,,,,,,
2026-08-10 00:00:00,Long,ATNM,1.05,31.74%,0.61,suf,参数二,"{""suf"": {""timeframe"": ""w""}}",ACTINIUM PHARMACEUTICALS INC,1WK,,,,,,
2026-08-10 00:00:00,Short,VNCE,6.22,-7.99%,7.69,suf,参数一,"{""suf"": {""timeframe"": ""w""}}",VINCE HOLDING CORP,1WK,,,,,,
2026-08-10 00:00:00,Short,VNCE,6.22,-7.99%,7.69,suf,参数二,"{""suf"": {""timeframe"": ""w""}}",VINCE HOLDING CORP,1WK,,,,,,
2026-08-10 00:00:00,Short,COGT,37.53,-11.45%,45.68,suf,参数一,"{""suf"": {""timeframe"": ""w""}}",COGENT BIOSCIENCES INC,1WK,,,,,,
2026-08-10 00:00:00,Short,COGT,37.53,-11.45%,45.68,suf,参数二,"{""suf"": {""timeframe"": ""w""}}",COGENT BIOSCIENCES INC,1WK,,,,,,
2026-08-10 00:00:00,Long,TDW,94.55,14.14%,76.86,sqz,参数一,"{""sqz"": {""bb_length"": 15, ""bb_mult"": 1.5, ""kc_length"": 15, ""kc_mult"": 1.2, ""min_sqz_bars"": 4}, ""r&s"": {""srb_left"": 10, ""srb_right"": 10}, ""atr"": {""atr_length"": 14, ""atr_mult"": 1.0}}",TIDEWATER INC,1WK,一直释放,51.88-73.55-111.42-64.07-93.13,高-高-低-高,41.77%-51.49%-42.50%-45.36%,15.0,48.51
2026-08-10 00:00:00,Long,TDW,94.55,14.14%,76.86,utb,参数二,"{""utb"": {""key_value"": 3, ""atr_period"": 14, ""use_ha"": false}, ""r&s"": {""srb_left"": 15, ""srb_right"": 15}, ""atr"": {""atr_length"": 14, ""atr_mult"": 1.0}}",TIDEWATER INC,1WK,,,,,,
2026-08-10 00:00:00,Long,TTAN,90.81,5.80%,73.72,utb,参数二,"{""utb"": {""key_value"": 3, ""atr_period"": 14, ""use_ha"": false}, ""r&s"": {""srb_left"": 15, ""srb_right"": 15}, ""atr"": {""atr_length"": 14, ""atr_mult"": 1.0}}",SERVICETITAN INC-A,1WK,,,,,,
2026-08-10 00:00:00,Short,BLBD,65.36,-4.94%,76.09,utb,参数一,"{""utb"": {""key_value"": 2, ""atr_period"": 14, ""use_ha"": false}, ""r&s"": {""srb_left"": 10, ""srb_right"": 10}, ""atr"": {""atr_length"": 14, ""atr_mult"": 1.0}}",BLUE BIRD CORP,1WK,,,,,,
2026-08-10 00:00:00,Short,CSCO,111.21,-8.42%,132.64,suf,参数一,"{""suf"": {""timeframe"": ""w""}}",CISCO SYSTEMS INC,1WK,,,,,,
2026-08-10 00:00:00,Short,CSCO,111.21,-8.42%,132.64,suf,参数二,"{""suf"": {""timeframe"": ""w""}}",CISCO SYSTEMS INC,1WK,,,,,,
2026-08-10 00:00:00,Short,AFYA,13.56,-2.45%,14.8,utb,参数一,"{""utb"": {""key_value"": 2, ""atr_period"": 14, ""use_ha"": false}, ""r&s"": {""srb_left"": 10, ""srb_right"": 10}, ""atr"": {""atr_length"": 14, ""atr_mult"": 1.0}}",AFYA LTD-CLASS A,1WK,,,,,,
2026-08-10 00:00:00,Long,TRUP,30.55,13.17%,23.77,utb,参数一,"{""utb"": {""key_value"": 2, ""atr_period"": 14, ""use_ha"": false}, ""r&s"": {""srb_left"": 10, ""srb_right"": 10}, ""atr"": {""atr_length"": 14, ""atr_mult"": 1.0}}",TRUPANION INC,1WK,,,,,,
2026-08-10 00:00:00,Long,TRUP,30.55,13.17%,23.77,mfa,参数一,"{""utb"": {""key_value"": 2, ""atr_period"": 14, ""use_ha"": false}, ""mfa"": {""mfa_all"": 31}}",TRUPANION INC,1WK,,,,,,
2026-08-10 00:00:00,Long,INDB,85.83,2.51%,79.14,sqz,参数二,"{""sqz"": {""bb_length"": 20, ""bb_mult"": 1.8, ""kc_length"": 20, ""kc_mult"": 1.5, ""min_sqz_bars"": 4}, ""r&s"": {""srb_left"": 15, ""srb_right"": 15}, ""atr"": {""atr_length"": 14, ""atr_mult"": 1.0}}",INDEPENDENT BANK CORP/MA,1WK,一直亮绿,nan-62.19-72.74-85.6,低-高-高,nan%-16.96%-17.68%,27.0,19.74
2026-08-10 00:00:00,Short,NBIX,152.3,-6.80%,176.29,utb,参数一,"{""utb"": {""key_value"": 2, ""atr_period"": 14, ""use_ha"": false}, ""r&s"": {""srb_left"": 10, ""srb_right"": 10}, ""atr"": {""atr_length"": 14, ""atr_mult"": 1.0}}",NEUROCRINE BIOSCIENCES INC,1WK,,,,,,
2026-08-10 00:00:00,Long,MRX,70.17,15.39%,53.91,sqz,参数一,"{""sqz"": {""bb_length"": 15, ""bb_mult"": 1.5, ""kc_length"": 15, ""kc_mult"": 1.2, ""min_sqz_bars"": 4}, ""r&s"": {""srb_left"": 10, ""srb_right"": 10}, ""atr"": {""atr_length"": 14, ""atr_mult"": 1.0}}",MAREX GROUP LTD,1WK,一直释放,nan-48.41,低,nan%,65.0,75.46
2026-08-10 00:00:00,Short,REZI,20.48,-21.47%,28.78,utb,参数一,"{""utb"": {""key_value"": 2, ""atr_period"": 14, ""use_ha"": false}, ""r&s"": {""srb_left"": 10, ""srb_right"": 10}, ""atr"": {""atr_length"": 14, ""atr_mult"": 1.0}}",RESIDEO TECHNOLOGIES INC,1WK,,,,,,
2026-08-10 00:00:00,Short,OPFI,7.16,-23.83%,10.38,utb,参数一,"{""utb"": {""key_value"": 2, ""atr_period"": 14, ""use_ha"": false}, ""r&s"": {""srb_left"": 10, ""srb_right"": 10}, ""atr"": {""atr_length"": 14, ""atr_mult"": 1.0}}",OPPFI INC,1WK,,,,,,
2026-08-10 00:00:00,Short,CMND,1.82,11.66%,8.57,sqz,参数二,"{""sqz"": {""bb_length"": 20, ""bb_mult"": 1.8, ""kc_length"": 20, ""kc_mult"": 1.5, ""min_sqz_bars"": 4}, ""r&s"": {""srb_left"": 15, ""srb_right"": 15}, ""atr"": {""atr_length"": 14, ""atr_mult"": 1.0}}",CLEARMIND MEDICINE INC,1WK,一直释放,nan-4392.0-368.4-380.4-320.0,低-低-高-低,nan%-91.61%-3.26%-15.88%,61.0,63.75
2026-08-10 00:00:00,Short,REBN,1.33,-11.83%,1.97,sqz,参数二,"{""sqz"": {""bb_length"": 20, ""bb_mult"": 1.8, ""kc_length"": 20, ""kc_mult"": 1.5, ""min_sqz_bars"": 4}, ""r&s"": {""srb_left"": 15, ""srb_right"": 15}, ""atr"": {""atr_length"": 14, ""atr_mult"": 1.0}}",REBORN COFFEE INC,1WK,一直亮红,nan-0.92-1.03-1.37,低-高-高,nan%-11.96%-32.52%,33.0,116.12
2026-08-10 00:00:00,Short,SNA,403.32,-3.13%,435.83,suf,参数一,"{""suf"": {""timeframe"": ""w""}}",SNAP-ON INC,1WK,,,,,,
2026-08-10 00:00:00,Short,SNA,403.32,-3.13%,435.83,suf,参数二,"{""suf"": {""timeframe"": ""w""}}",SNAP-ON INC,1WK,,,,,,
2026-08-10 00:00:00,Long,INFU,12.2,-2.32%,10.9,sqz,参数一,"{""sqz"": {""bb_length"": 15, ""bb_mult"": 1.5, ""kc_length"": 15, ""kc_mult"": 1.2, ""min_sqz_bars"": 4}, ""r&s"": {""srb_left"": 10, ""srb_right"": 10}, ""atr"": {""atr_length"": 14, ""atr_mult"": 1.0}}",INFUSYSTEM HOLDINGS INC,1WK,压力释放,11.44-10.99-9.97-11.04-11.0,低-低-高-低,3.93%-9.28%-10.73%-0.36%,15.0,36.82
2026-08-10 00:00:00,Long,INFU,12.2,-2.32%,10.9,sqz,参数二,"{""sqz"": {""bb_length"": 20, ""bb_mult"": 1.8, ""kc_length"": 20, ""kc_mult"": 1.5, ""min_sqz_bars"": 4}, ""r&s"": {""srb_left"": 15, ""srb_right"": 15}, ""atr"": {""atr_length"": 14, ""atr_mult"": 1.0}}",INFUSYSTEM HOLDINGS INC,1WK,压力释放,10.88-11.44-10.99-9.97-11.04,高-低-低-高,5.15%-3.93%-9.28%-10.73%,50.0,51.44
