日期,信号,代码,现价,涨幅,止损,策略,参组,参数,释放类型,支撑压力价格,支撑压力趋势,支撑压力涨幅,区间K线数量,区间K线振幅,名称,周期
2026-06-01 00:00:00,Long,FROG,88.31,11.11%,75.63,sqz,参数一,"{""sqz"": {""bb_length"": 15, ""bb_mult"": 1.5, ""kc_length"": 15, ""kc_mult"": 1.2, ""min_sqz_bars"": 4}, ""r&s"": {""srb_left"": 10, ""srb_right"": 10}, ""atr"": {""atr_length"": 14, ""atr_mult"": 1.0}}",一直释放,51.94-65.5-70.43-61.4-52.0,高-高-低-低,26.12%-7.53%-12.82%-15.31%,37.0,26.52,JFROG LTD,1D
2026-06-01 00:00:00,Long,FROG,88.31,11.11%,75.63,sqz,参数二,"{""sqz"": {""bb_length"": 20, ""bb_mult"": 1.8, ""kc_length"": 20, ""kc_mult"": 1.5, ""min_sqz_bars"": 4}, ""r&s"": {""srb_left"": 15, ""srb_right"": 15}, ""atr"": {""atr_length"": 14, ""atr_mult"": 1.0}}",一直释放,44.94-51.94-65.5-70.43-52.0,高-高-高-低,15.56%-26.12%-7.53%-26.17%,37.0,26.52,JFROG LTD,1D
2026-06-01 00:00:00,Short,CNH,9.85,-3.53%,10.53,utb,参数一,"{""utb"": {""key_value"": 2, ""atr_period"": 14, ""use_ha"": false}, ""r&s"": {""srb_left"": 10, ""srb_right"": 10}, ""atr"": {""atr_length"": 14, ""atr_mult"": 1.0}}",,,,,,,CNH INDUSTRIAL NV,1D
2026-06-01 00:00:00,Short,TGTX,37.41,-1.40%,39.69,utb,参数二,"{""utb"": {""key_value"": 3, ""atr_period"": 14, ""use_ha"": false}, ""r&s"": {""srb_left"": 15, ""srb_right"": 15}, ""atr"": {""atr_length"": 14, ""atr_mult"": 1.0}}",,,,,,,TG THERAPEUTICS INC,1D
2026-06-01 00:00:00,Long,UTI,41.39,10.64%,35.5,utb,参数一,"{""utb"": {""key_value"": 2, ""atr_period"": 14, ""use_ha"": false}, ""r&s"": {""srb_left"": 10, ""srb_right"": 10}, ""atr"": {""atr_length"": 14, ""atr_mult"": 1.0}}",,,,,,,UNIVERSAL TECHNICAL INSTITUT,1D
2026-06-01 00:00:00,Short,PRFX,2.02,-32.67%,2.84,utb,参数一,"{""utb"": {""key_value"": 2, ""atr_period"": 14, ""use_ha"": false}, ""r&s"": {""srb_left"": 10, ""srb_right"": 10}, ""atr"": {""atr_length"": 14, ""atr_mult"": 1.0}}",,,,,,,PRF TECHNOLOGIES LTD,1D
2026-06-01 00:00:00,Short,THG,185.1,-0.59%,191.68,utb,参数二,"{""utb"": {""key_value"": 3, ""atr_period"": 14, ""use_ha"": false}, ""r&s"": {""srb_left"": 15, ""srb_right"": 15}, ""atr"": {""atr_length"": 14, ""atr_mult"": 1.0}}",,,,,,,HANOVER INSURANCE GROUP INC/,1D
2026-06-01 00:00:00,Long,APPN,27.77,18.68%,22.47,sqz,参数二,"{""sqz"": {""bb_length"": 20, ""bb_mult"": 1.8, ""kc_length"": 20, ""kc_mult"": 1.5, ""min_sqz_bars"": 4}, ""r&s"": {""srb_left"": 15, ""srb_right"": 15}, ""atr"": {""atr_length"": 14, ""atr_mult"": 1.0}}",一直释放,34.07-46.06-43.78-27.7-24.48,高-低-低-低,35.19%-4.95%-36.73%-11.62%,16.0,31.4,APPIAN CORP-A,1D
2026-06-01 00:00:00,Short,PHGE,1.04,-17.46%,1.45,utb,参数一,"{""utb"": {""key_value"": 2, ""atr_period"": 14, ""use_ha"": false}, ""r&s"": {""srb_left"": 10, ""srb_right"": 10}, ""atr"": {""atr_length"": 14, ""atr_mult"": 1.0}}",,,,,,,BIOMX INC,1D
2026-06-01 00:00:00,Short,QUCY,2.23,-12.89%,3.14,utb,参数一,"{""utb"": {""key_value"": 2, ""atr_period"": 14, ""use_ha"": false}, ""r&s"": {""srb_left"": 10, ""srb_right"": 10}, ""atr"": {""atr_length"": 14, ""atr_mult"": 1.0}}",,,,,,,QUANTUM CYBER NV,1D
2026-06-01 00:00:00,Long,SSNC,69.08,2.72%,65.03,utb,参数一,"{""utb"": {""key_value"": 2, ""atr_period"": 14, ""use_ha"": false}, ""r&s"": {""srb_left"": 10, ""srb_right"": 10}, ""atr"": {""atr_length"": 14, ""atr_mult"": 1.0}}",,,,,,,SS&C TECHNOLOGIES HOLDINGS,1D
2026-06-01 00:00:00,Short,CXT,36.42,-6.23%,40.9,sqz,参数一,"{""sqz"": {""bb_length"": 15, ""bb_mult"": 1.5, ""kc_length"": 15, ""kc_mult"": 1.2, ""min_sqz_bars"": 4}, ""r&s"": {""srb_left"": 10, ""srb_right"": 10}, ""atr"": {""atr_length"": 14, ""atr_mult"": 1.0}}",一直释放,63.22-52.59-45.65-49.02-39.05,低-低-高-低,16.82%-13.20%-7.39%-20.33%,43.0,19.7,CRANE NXT CO,1D
2026-06-01 00:00:00,Long,ZM,111.62,9.87%,98.06,utb,参数二,"{""utb"": {""key_value"": 3, ""atr_period"": 14, ""use_ha"": false}, ""r&s"": {""srb_left"": 15, ""srb_right"": 15}, ""atr"": {""atr_length"": 14, ""atr_mult"": 1.0}}",,,,,,,ZOOM COMMUNICATIONS INC,1D
2026-06-01 00:00:00,Long,HUMA,1.45,11.54%,1.17,sqz,参数二,"{""sqz"": {""bb_length"": 20, ""bb_mult"": 1.8, ""kc_length"": 20, ""kc_mult"": 1.5, ""min_sqz_bars"": 4}, ""r&s"": {""srb_left"": 15, ""srb_right"": 15}, ""atr"": {""atr_length"": 14, ""atr_mult"": 1.0}}",一直亮绿,2.93-2.84-2.55-1.29-1.31,低-低-低-高,3.07%-10.21%-49.41%-1.55%,57.0,139.49,HUMACYTE INC,1D
2026-06-01 00:00:00,Short,FNF,46.42,-1.96%,48.36,sqz,参数二,"{""sqz"": {""bb_length"": 20, ""bb_mult"": 1.8, ""kc_length"": 20, ""kc_mult"": 1.5, ""min_sqz_bars"": 4}, ""r&s"": {""srb_left"": 15, ""srb_right"": 15}, ""atr"": {""atr_length"": 14, ""atr_mult"": 1.0}}",一直释放,51.36-52.79-50.27-42.78-46.67,高-低-低-高,2.80%-4.78%-14.90%-9.09%,16.0,9.6,FIDELITY NATIONAL FINANCIAL,1D
2026-06-01 00:00:00,Short,VOXR,5.64,-3.42%,6.15,utb,参数一,"{""utb"": {""key_value"": 2, ""atr_period"": 14, ""use_ha"": false}, ""r&s"": {""srb_left"": 10, ""srb_right"": 10}, ""atr"": {""atr_length"": 14, ""atr_mult"": 1.0}}",,,,,,,VOX ROYALTY CORP,1D
2026-06-01 00:00:00,Long,FLUT,104.31,7.56%,94.48,utb,参数一,"{""utb"": {""key_value"": 2, ""atr_period"": 14, ""use_ha"": false}, ""r&s"": {""srb_left"": 10, ""srb_right"": 10}, ""atr"": {""atr_length"": 14, ""atr_mult"": 1.0}}",,,,,,,FLUTTER ENTERTAINMENT PLC-DI,1D
2026-06-01 00:00:00,Short,ODV,2.72,-2.86%,2.98,sqz,参数二,"{""sqz"": {""bb_length"": 20, ""bb_mult"": 1.8, ""kc_length"": 20, ""kc_mult"": 1.5, ""min_sqz_bars"": 4}, ""r&s"": {""srb_left"": 15, ""srb_right"": 15}, ""atr"": {""atr_length"": 14, ""atr_mult"": 1.0}}",一直亮红,1.36-2.14-2.91-3.2-2.75,高-高-高-低,57.35%-35.98%-9.97%-14.06%,49.0,38.18,OSISKO DEVELOPMENT CORP,1D
2026-06-01 00:00:00,Short,SITE,106.5,-1.93%,113.55,sqz,参数一,"{""sqz"": {""bb_length"": 15, ""bb_mult"": 1.5, ""kc_length"": 15, ""kc_mult"": 1.2, ""min_sqz_bars"": 4}, ""r&s"": {""srb_left"": 10, ""srb_right"": 10}, ""atr"": {""atr_length"": 14, ""atr_mult"": 1.0}}",一直释放,121.5-120.13-123.16-139.82-123.83,低-高-高-低,1.13%-2.52%-13.52%-11.43%,40.0,21.8,SITEONE LANDSCAPE SUPPLY INC,1D
2026-06-01 00:00:00,Short,ENTA,12.67,-3.72%,14.02,utb,参数二,"{""utb"": {""key_value"": 3, ""atr_period"": 14, ""use_ha"": false}, ""r&s"": {""srb_left"": 15, ""srb_right"": 15}, ""atr"": {""atr_length"": 14, ""atr_mult"": 1.0}}",,,,,,,ENANTA PHARMACEUTICALS INC,1D
2026-06-01 00:00:00,Short,MGRC,107.51,-1.36%,113.29,utb,参数二,"{""utb"": {""key_value"": 3, ""atr_period"": 14, ""use_ha"": false}, ""r&s"": {""srb_left"": 15, ""srb_right"": 15}, ""atr"": {""atr_length"": 14, ""atr_mult"": 1.0}}",,,,,,,MCGRATH RENTCORP,1D
2026-06-01 00:00:00,Short,SGRY,13.22,-1.05%,14.4,utb,参数二,"{""utb"": {""key_value"": 3, ""atr_period"": 14, ""use_ha"": false}, ""r&s"": {""srb_left"": 15, ""srb_right"": 15}, ""atr"": {""atr_length"": 14, ""atr_mult"": 1.0}}",,,,,,,SURGERY PARTNERS INC,1D
2026-06-01 00:00:00,Short,POR,48.47,-3.29%,50.67,utb,参数一,"{""utb"": {""key_value"": 2, ""atr_period"": 14, ""use_ha"": false}, ""r&s"": {""srb_left"": 10, ""srb_right"": 10}, ""atr"": {""atr_length"": 14, ""atr_mult"": 1.0}}",,,,,,,PORTLAND GENERAL ELECTRIC CO,1D
2026-06-01 00:00:00,Short,CRDF,1.48,-22.11%,1.94,utb,参数一,"{""utb"": {""key_value"": 2, ""atr_period"": 14, ""use_ha"": false}, ""r&s"": {""srb_left"": 10, ""srb_right"": 10}, ""atr"": {""atr_length"": 14, ""atr_mult"": 1.0}}",,,,,,,CARDIFF ONCOLOGY INC,1D
2026-06-01 00:00:00,Short,CRDF,1.48,-22.11%,1.94,utb,参数二,"{""utb"": {""key_value"": 3, ""atr_period"": 14, ""use_ha"": false}, ""r&s"": {""srb_left"": 15, ""srb_right"": 15}, ""atr"": {""atr_length"": 14, ""atr_mult"": 1.0}}",,,,,,,CARDIFF ONCOLOGY INC,1D
2026-06-01 00:00:00,Long,KD,12.89,3.37%,11.78,utb,参数一,"{""utb"": {""key_value"": 2, ""atr_period"": 14, ""use_ha"": false}, ""r&s"": {""srb_left"": 10, ""srb_right"": 10}, ""atr"": {""atr_length"": 14, ""atr_mult"": 1.0}}",,,,,,,KYNDRYL HOLDINGS INC,1D
2026-06-01 00:00:00,Short,UTHR,544.62,-2.19%,575.61,utb,参数二,"{""utb"": {""key_value"": 3, ""atr_period"": 14, ""use_ha"": false}, ""r&s"": {""srb_left"": 15, ""srb_right"": 15}, ""atr"": {""atr_length"": 14, ""atr_mult"": 1.0}}",,,,,,,UNITED THERAPEUTICS CORP,1D
2026-06-01 00:00:00,Long,PUSA,4.78,13.81%,3.48,utb,参数一,"{""utb"": {""key_value"": 2, ""atr_period"": 14, ""use_ha"": false}, ""r&s"": {""srb_left"": 10, ""srb_right"": 10}, ""atr"": {""atr_length"": 14, ""atr_mult"": 1.0}}",,,,,,,AUREUS GREENWAY HOLDINGS INC,1D
2026-06-01 00:00:00,Short,BKSY,42.38,-12.56%,51.89,utb,参数一,"{""utb"": {""key_value"": 2, ""atr_period"": 14, ""use_ha"": false}, ""r&s"": {""srb_left"": 10, ""srb_right"": 10}, ""atr"": {""atr_length"": 14, ""atr_mult"": 1.0}}",,,,,,,BLACKSKY TECHNOLOGY INC,1D
2026-06-01 00:00:00,Long,SLI,4.11,2.24%,3.67,utb,参数一,"{""utb"": {""key_value"": 2, ""atr_period"": 14, ""use_ha"": false}, ""r&s"": {""srb_left"": 10, ""srb_right"": 10}, ""atr"": {""atr_length"": 14, ""atr_mult"": 1.0}}",,,,,,,STANDARD LITHIUM LTD,1D
2026-06-01 00:00:00,Short,WKHS,3.75,-2.09%,4.38,utb,参数一,"{""utb"": {""key_value"": 2, ""atr_period"": 14, ""use_ha"": false}, ""r&s"": {""srb_left"": 10, ""srb_right"": 10}, ""atr"": {""atr_length"": 14, ""atr_mult"": 1.0}}",,,,,,,WORKHORSE GROUP INC,1D
2026-06-01 00:00:00,Short,QNTM,5.25,-23.47%,7.88,utb,参数二,"{""utb"": {""key_value"": 3, ""atr_period"": 14, ""use_ha"": false}, ""r&s"": {""srb_left"": 15, ""srb_right"": 15}, ""atr"": {""atr_length"": 14, ""atr_mult"": 1.0}}",,,,,,,QUANTUM BIOPHARMA-B SUB VOT,1D
2026-06-01 00:00:00,Long,ANNX,5.58,2.95%,5.08,utb,参数一,"{""utb"": {""key_value"": 2, ""atr_period"": 14, ""use_ha"": false}, ""r&s"": {""srb_left"": 10, ""srb_right"": 10}, ""atr"": {""atr_length"": 14, ""atr_mult"": 1.0}}",,,,,,,ANNEXON INC,1D
2026-06-01 00:00:00,Short,KEY,20.9,-2.02%,21.64,utb,参数一,"{""utb"": {""key_value"": 2, ""atr_period"": 14, ""use_ha"": false}, ""r&s"": {""srb_left"": 10, ""srb_right"": 10}, ""atr"": {""atr_length"": 14, ""atr_mult"": 1.0}}",,,,,,,KEYCORP,1D
2026-06-01 00:00:00,Long,IT,179.59,10.72%,157.31,sqz,参数二,"{""sqz"": {""bb_length"": 20, ""bb_mult"": 1.8, ""kc_length"": 20, ""kc_mult"": 1.5, ""min_sqz_bars"": 4}, ""r&s"": {""srb_left"": 15, ""srb_right"": 15}, ""atr"": {""atr_length"": 14, ""atr_mult"": 1.0}}",压力释放,nan-451.73-265.85-256.9-172.23,低-低-低-低,nan%-41.15%-3.37%-32.96%,60.0,22.53,GARTNER INC,1D
2026-06-01 00:00:00,Long,CRCT,4.39,5.78%,3.95,utb,参数一,"{""utb"": {""key_value"": 2, ""atr_period"": 14, ""use_ha"": false}, ""r&s"": {""srb_left"": 10, ""srb_right"": 10}, ""atr"": {""atr_length"": 14, ""atr_mult"": 1.0}}",,,,,,,CRICUT INC - CLASS A,1D
2026-06-01 00:00:00,Long,DOCU,57.02,8.57%,50.71,sqz,参数二,"{""sqz"": {""bb_length"": 20, ""bb_mult"": 1.8, ""kc_length"": 20, ""kc_mult"": 1.5, ""min_sqz_bars"": 4}, ""r&s"": {""srb_left"": 15, ""srb_right"": 15}, ""atr"": {""atr_length"": 14, ""atr_mult"": 1.0}}",压力释放,94.67-81.73-86.65-72.35-51.4,低-高-低-低,13.67%-6.02%-16.50%-28.96%,50.0,21.28,DOCUSIGN INC,1D
2026-06-01 00:00:00,Long,CBZ,34.68,4.46%,31.57,utb,参数二,"{""utb"": {""key_value"": 3, ""atr_period"": 14, ""use_ha"": false}, ""r&s"": {""srb_left"": 15, ""srb_right"": 15}, ""atr"": {""atr_length"": 14, ""atr_mult"": 1.0}}",,,,,,,CBIZ INC,1D
2026-06-01 00:00:00,Short,BESS,3.52,-7.61%,4.33,utb,参数一,"{""utb"": {""key_value"": 2, ""atr_period"": 14, ""use_ha"": false}, ""r&s"": {""srb_left"": 10, ""srb_right"": 10}, ""atr"": {""atr_length"": 14, ""atr_mult"": 1.0}}",,,,,,,BIMERGEN ENERGY CORP,1D
2026-06-01 00:00:00,Long,CLVT,2.73,7.91%,2.34,utb,参数一,"{""utb"": {""key_value"": 2, ""atr_period"": 14, ""use_ha"": false}, ""r&s"": {""srb_left"": 10, ""srb_right"": 10}, ""atr"": {""atr_length"": 14, ""atr_mult"": 1.0}}",,,,,,,CLARIVATE PLC,1D
2026-06-01 00:00:00,Short,CODI,10.99,-3.17%,11.83,utb,参数一,"{""utb"": {""key_value"": 2, ""atr_period"": 14, ""use_ha"": false}, ""r&s"": {""srb_left"": 10, ""srb_right"": 10}, ""atr"": {""atr_length"": 14, ""atr_mult"": 1.0}}",,,,,,,COMPASS DIVERSIFIED HOLDINGS,1D
2026-06-01 00:00:00,Long,LIF,48.14,13.30%,41.03,utb,参数一,"{""utb"": {""key_value"": 2, ""atr_period"": 14, ""use_ha"": false}, ""r&s"": {""srb_left"": 10, ""srb_right"": 10}, ""atr"": {""atr_length"": 14, ""atr_mult"": 1.0}}",,,,,,,LIFE360 INC,1D
2026-06-01 00:00:00,Long,LIF,48.14,13.30%,41.03,utb,参数二,"{""utb"": {""key_value"": 3, ""atr_period"": 14, ""use_ha"": false}, ""r&s"": {""srb_left"": 15, ""srb_right"": 15}, ""atr"": {""atr_length"": 14, ""atr_mult"": 1.0}}",,,,,,,LIFE360 INC,1D
2026-06-01 00:00:00,Long,CLMT,35.82,0.99%,34.23,utb,参数二,"{""utb"": {""key_value"": 3, ""atr_period"": 14, ""use_ha"": false}, ""r&s"": {""srb_left"": 15, ""srb_right"": 15}, ""atr"": {""atr_length"": 14, ""atr_mult"": 1.0}}",,,,,,,CALUMET INC,1D
2026-06-01 00:00:00,Short,KURA,9.03,-11.42%,10.78,utb,参数二,"{""utb"": {""key_value"": 3, ""atr_period"": 14, ""use_ha"": false}, ""r&s"": {""srb_left"": 15, ""srb_right"": 15}, ""atr"": {""atr_length"": 14, ""atr_mult"": 1.0}}",,,,,,,KURA ONCOLOGY INC,1D
2026-06-01 00:00:00,Short,NUVL,93.01,-15.74%,115.24,utb,参数一,"{""utb"": {""key_value"": 2, ""atr_period"": 14, ""use_ha"": false}, ""r&s"": {""srb_left"": 10, ""srb_right"": 10}, ""atr"": {""atr_length"": 14, ""atr_mult"": 1.0}}",,,,,,,NUVALENT INC-A,1D
2026-06-01 00:00:00,Short,NUVL,93.01,-15.74%,115.24,utb,参数二,"{""utb"": {""key_value"": 3, ""atr_period"": 14, ""use_ha"": false}, ""r&s"": {""srb_left"": 15, ""srb_right"": 15}, ""atr"": {""atr_length"": 14, ""atr_mult"": 1.0}}",,,,,,,NUVALENT INC-A,1D
2026-06-01 00:00:00,Long,LQDT,37.02,2.24%,34.97,utb,参数二,"{""utb"": {""key_value"": 3, ""atr_period"": 14, ""use_ha"": false}, ""r&s"": {""srb_left"": 15, ""srb_right"": 15}, ""atr"": {""atr_length"": 14, ""atr_mult"": 1.0}}",,,,,,,LIQUIDITY SERVICES INC,1D
2026-06-01 00:00:00,Long,CHDN,89.77,2.94%,83.87,utb,参数一,"{""utb"": {""key_value"": 2, ""atr_period"": 14, ""use_ha"": false}, ""r&s"": {""srb_left"": 10, ""srb_right"": 10}, ""atr"": {""atr_length"": 14, ""atr_mult"": 1.0}}",,,,,,,CHURCHILL DOWNS INC,1D
2026-06-01 00:00:00,Long,NBIS,264.51,14.46%,217.97,sqz,参数一,"{""sqz"": {""bb_length"": 15, ""bb_mult"": 1.5, ""kc_length"": 15, ""kc_mult"": 1.2, ""min_sqz_bars"": 4}, ""r&s"": {""srb_left"": 10, ""srb_right"": 10}, ""atr"": {""atr_length"": 14, ""atr_mult"": 1.0}}",压力释放,103.84-110.5-132.3-168.71-233.73,高-高-高-高,6.41%-19.73%-27.52%-38.54%,11.0,27.72,NEBIUS GROUP NV,1D
2026-06-01 00:00:00,Long,DOX,65.26,3.64%,61.18,utb,参数一,"{""utb"": {""key_value"": 2, ""atr_period"": 14, ""use_ha"": false}, ""r&s"": {""srb_left"": 10, ""srb_right"": 10}, ""atr"": {""atr_length"": 14, ""atr_mult"": 1.0}}",,,,,,,AMDOCS LTD,1D
2026-06-01 00:00:00,Long,DOX,65.26,3.64%,61.18,utb,参数二,"{""utb"": {""key_value"": 3, ""atr_period"": 14, ""use_ha"": false}, ""r&s"": {""srb_left"": 15, ""srb_right"": 15}, ""atr"": {""atr_length"": 14, ""atr_mult"": 1.0}}",,,,,,,AMDOCS LTD,1D
2026-06-01 00:00:00,Short,RKTO,1.34,-8.22%,1.7,utb,参数一,"{""utb"": {""key_value"": 2, ""atr_period"": 14, ""use_ha"": false}, ""r&s"": {""srb_left"": 10, ""srb_right"": 10}, ""atr"": {""atr_length"": 14, ""atr_mult"": 1.0}}",,,,,,,ROCKET ONE INC,1D
2026-06-01 00:00:00,Long,MP,69.29,7.09%,58.35,utb,参数二,"{""utb"": {""key_value"": 3, ""atr_period"": 14, ""use_ha"": false}, ""r&s"": {""srb_left"": 15, ""srb_right"": 15}, ""atr"": {""atr_length"": 14, ""atr_mult"": 1.0}}",,,,,,,MP MATERIALS CORP,1D
2026-06-01 00:00:00,Short,PPSI,4.68,-13.65%,5.9,utb,参数一,"{""utb"": {""key_value"": 2, ""atr_period"": 14, ""use_ha"": false}, ""r&s"": {""srb_left"": 10, ""srb_right"": 10}, ""atr"": {""atr_length"": 14, ""atr_mult"": 1.0}}",,,,,,,PIONEER POWER SOLUTIONS INC,1D
2026-06-01 00:00:00,Long,CNDT,1.75,1.16%,1.54,sqz,参数二,"{""sqz"": {""bb_length"": 20, ""bb_mult"": 1.8, ""kc_length"": 20, ""kc_mult"": 1.5, ""min_sqz_bars"": 4}, ""r&s"": {""srb_left"": 15, ""srb_right"": 15}, ""atr"": {""atr_length"": 14, ""atr_mult"": 1.0}}",一直释放,2.93-2.85-2.98-2.12-1.65,低-高-低-低,2.73%-4.56%-28.69%-22.40%,68.0,43.39,CONDUENT INC,1D
2026-06-01 00:00:00,Short,GTX,31.21,-4.50%,33.47,utb,参数一,"{""utb"": {""key_value"": 2, ""atr_period"": 14, ""use_ha"": false}, ""r&s"": {""srb_left"": 10, ""srb_right"": 10}, ""atr"": {""atr_length"": 14, ""atr_mult"": 1.0}}",,,,,,,GARRETT MOTION INC,1D
2026-06-01 00:00:00,Long,PRCH,11.03,5.85%,9.7,utb,参数一,"{""utb"": {""key_value"": 2, ""atr_period"": 14, ""use_ha"": false}, ""r&s"": {""srb_left"": 10, ""srb_right"": 10}, ""atr"": {""atr_length"": 14, ""atr_mult"": 1.0}}",,,,,,,PORCH GROUP INC,1D
2026-06-01 00:00:00,Long,MQ,4.35,7.14%,3.87,utb,参数一,"{""utb"": {""key_value"": 2, ""atr_period"": 14, ""use_ha"": false}, ""r&s"": {""srb_left"": 10, ""srb_right"": 10}, ""atr"": {""atr_length"": 14, ""atr_mult"": 1.0}}",,,,,,,MARQETA INC-A,1D
2026-06-01 00:00:00,Long,MQ,4.35,7.14%,3.87,utb,参数二,"{""utb"": {""key_value"": 3, ""atr_period"": 14, ""use_ha"": false}, ""r&s"": {""srb_left"": 15, ""srb_right"": 15}, ""atr"": {""atr_length"": 14, ""atr_mult"": 1.0}}",,,,,,,MARQETA INC-A,1D
2026-06-01 00:00:00,Long,ALNT,83.08,4.95%,71.83,sqz,参数二,"{""sqz"": {""bb_length"": 20, ""bb_mult"": 1.8, ""kc_length"": 20, ""kc_mult"": 1.5, ""min_sqz_bars"": 4}, ""r&s"": {""srb_left"": 15, ""srb_right"": 15}, ""atr"": {""atr_length"": 14, ""atr_mult"": 1.0}}",一直释放,27.35-48.1-58.03-69.92-80.34,高-高-高-高,75.86%-20.64%-20.49%-14.90%,18.0,37.07,ALLIENT INC,1D
2026-06-01 00:00:00,Long,G,34.45,4.55%,31.37,utb,参数二,"{""utb"": {""key_value"": 3, ""atr_period"": 14, ""use_ha"": false}, ""r&s"": {""srb_left"": 15, ""srb_right"": 15}, ""atr"": {""atr_length"": 14, ""atr_mult"": 1.0}}",,,,,,,GENPACT LTD,1D
2026-06-01 00:00:00,Long,ICFI,70.89,2.98%,65.83,utb,参数二,"{""utb"": {""key_value"": 3, ""atr_period"": 14, ""use_ha"": false}, ""r&s"": {""srb_left"": 15, ""srb_right"": 15}, ""atr"": {""atr_length"": 14, ""atr_mult"": 1.0}}",,,,,,,ICF INTERNATIONAL INC,1D
2026-06-01 00:00:00,Short,NIC,136.86,-2.18%,144.03,sqz,参数二,"{""sqz"": {""bb_length"": 20, ""bb_mult"": 1.8, ""kc_length"": 20, ""kc_mult"": 1.5, ""min_sqz_bars"": 4}, ""r&s"": {""srb_left"": 15, ""srb_right"": 15}, ""atr"": {""atr_length"": 14, ""atr_mult"": 1.0}}",支撑释放,114.48-123.48-113.31-118.75-138.38,高-低-高-高,7.86%-8.24%-4.81%-16.53%,50.0,16.04,NICOLET BANKSHARES INC,1D
2026-06-01 00:00:00,Long,KVYO,18.36,15.91%,14.94,utb,参数一,"{""utb"": {""key_value"": 2, ""atr_period"": 14, ""use_ha"": false}, ""r&s"": {""srb_left"": 10, ""srb_right"": 10}, ""atr"": {""atr_length"": 14, ""atr_mult"": 1.0}}",,,,,,,KLAVIYO INC-A,1D
2026-06-01 00:00:00,Long,KVYO,18.36,15.91%,14.94,utb,参数二,"{""utb"": {""key_value"": 3, ""atr_period"": 14, ""use_ha"": false}, ""r&s"": {""srb_left"": 15, ""srb_right"": 15}, ""atr"": {""atr_length"": 14, ""atr_mult"": 1.0}}",,,,,,,KLAVIYO INC-A,1D
2026-06-01 00:00:00,Short,GLIBK,22.06,-1.39%,24.24,sqz,参数一,"{""sqz"": {""bb_length"": 15, ""bb_mult"": 1.5, ""kc_length"": 15, ""kc_mult"": 1.2, ""min_sqz_bars"": 4}, ""r&s"": {""srb_left"": 10, ""srb_right"": 10}, ""atr"": {""atr_length"": 14, ""atr_mult"": 1.0}}",一直释放,35.5-32.67-29.85-36.04-35.13,低-低-高-低,7.96%-8.65%-20.74%-2.52%,49.0,7.91,LIBERTY CAPITAL CORP-CL C,1D
2026-06-01 00:00:00,Long,EXLS,30.59,5.37%,27.71,utb,参数二,"{""utb"": {""key_value"": 3, ""atr_period"": 14, ""use_ha"": false}, ""r&s"": {""srb_left"": 15, ""srb_right"": 15}, ""atr"": {""atr_length"": 14, ""atr_mult"": 1.0}}",,,,,,,EXLSERVICE HOLDINGS INC,1D
2026-06-01 00:00:00,Long,ACIW,45.03,3.11%,41.91,utb,参数一,"{""utb"": {""key_value"": 2, ""atr_period"": 14, ""use_ha"": false}, ""r&s"": {""srb_left"": 10, ""srb_right"": 10}, ""atr"": {""atr_length"": 14, ""atr_mult"": 1.0}}",,,,,,,ACI WORLDWIDE INC,1D
2026-06-01 00:00:00,Long,NTSK,12.86,5.93%,11.51,sqz,参数一,"{""sqz"": {""bb_length"": 15, ""bb_mult"": 1.5, ""kc_length"": 15, ""kc_mult"": 1.2, ""min_sqz_bars"": 4}, ""r&s"": {""srb_left"": 10, ""srb_right"": 10}, ""atr"": {""atr_length"": 14, ""atr_mult"": 1.0}}",压力释放,nan-24.98-23.56-12.82,低-低-低,nan%-5.68%-45.59%,56.0,67.25,NETSKOPE INC-CL A,1D
2026-06-01 00:00:00,Long,ISOU,12.23,4.98%,10.47,utb,参数一,"{""utb"": {""key_value"": 2, ""atr_period"": 14, ""use_ha"": false}, ""r&s"": {""srb_left"": 10, ""srb_right"": 10}, ""atr"": {""atr_length"": 14, ""atr_mult"": 1.0}}",,,,,,,ISOENERGY LTD,1D
2026-06-01 00:00:00,Short,RNST,39.68,-2.55%,41.35,utb,参数一,"{""utb"": {""key_value"": 2, ""atr_period"": 14, ""use_ha"": false}, ""r&s"": {""srb_left"": 10, ""srb_right"": 10}, ""atr"": {""atr_length"": 14, ""atr_mult"": 1.0}}",,,,,,,RENASANT CORP,1D
2026-06-01 00:00:00,Long,ALTO,5.71,4.77%,5.03,utb,参数二,"{""utb"": {""key_value"": 3, ""atr_period"": 14, ""use_ha"": false}, ""r&s"": {""srb_left"": 15, ""srb_right"": 15}, ""atr"": {""atr_length"": 14, ""atr_mult"": 1.0}}",,,,,,,ALTO INGREDIENTS INC,1D
2026-06-01 00:00:00,Long,KTCC,3.97,14.74%,3.23,sqz,参数一,"{""sqz"": {""bb_length"": 15, ""bb_mult"": 1.5, ""kc_length"": 15, ""kc_mult"": 1.2, ""min_sqz_bars"": 4}, ""r&s"": {""srb_left"": 10, ""srb_right"": 10}, ""atr"": {""atr_length"": 14, ""atr_mult"": 1.0}}",压力释放,3.64-2.8-3.25-2.91-3.45,低-高-低-高,23.08%-16.07%-10.46%-18.56%,14.0,13.11,KEY TRONIC CORP,1D
2026-06-01 00:00:00,Long,LAR,10.45,0.48%,9.42,utb,参数一,"{""utb"": {""key_value"": 2, ""atr_period"": 14, ""use_ha"": false}, ""r&s"": {""srb_left"": 10, ""srb_right"": 10}, ""atr"": {""atr_length"": 14, ""atr_mult"": 1.0}}",,,,,,,LITHIUM ARGENTINA AG,1D
2026-06-01 00:00:00,Short,USGO,9.7,-4.90%,10.87,sqz,参数一,"{""sqz"": {""bb_length"": 15, ""bb_mult"": 1.5, ""kc_length"": 15, ""kc_mult"": 1.2, ""min_sqz_bars"": 4}, ""r&s"": {""srb_left"": 10, ""srb_right"": 10}, ""atr"": {""atr_length"": 14, ""atr_mult"": 1.0}}",一直亮红,7.56-8.82-8.64-10.3-10.13,高-低-高-低,16.70%-2.04%-19.21%-1.65%,49.0,37.71,US GOLDMINING INC,1D
2026-06-01 00:00:00,Short,USGO,9.7,-4.90%,10.87,sqz,参数二,"{""sqz"": {""bb_length"": 20, ""bb_mult"": 1.8, ""kc_length"": 20, ""kc_mult"": 1.5, ""min_sqz_bars"": 4}, ""r&s"": {""srb_left"": 15, ""srb_right"": 15}, ""atr"": {""atr_length"": 14, ""atr_mult"": 1.0}}",一直亮红,7.56-8.82-8.64-10.3-10.13,高-低-高-低,16.70%-2.04%-19.21%-1.65%,49.0,37.71,US GOLDMINING INC,1D
2026-06-01 00:00:00,Short,NN,19.93,-3.35%,22.92,utb,参数一,"{""utb"": {""key_value"": 2, ""atr_period"": 14, ""use_ha"": false}, ""r&s"": {""srb_left"": 10, ""srb_right"": 10}, ""atr"": {""atr_length"": 14, ""atr_mult"": 1.0}}",,,,,,,NEXTNAV INC,1D
2026-06-01 00:00:00,Long,INOD,115.32,9.85%,90.74,sqz,参数二,"{""sqz"": {""bb_length"": 20, ""bb_mult"": 1.8, ""kc_length"": 20, ""kc_mult"": 1.5, ""min_sqz_bars"": 4}, ""r&s"": {""srb_left"": 15, ""srb_right"": 15}, ""atr"": {""atr_length"": 14, ""atr_mult"": 1.0}}",一直释放,41.94-55.69-55.55-93.85-66.93,高-低-高-低,32.78%-0.25%-68.95%-28.68%,97.0,95.53,INNODATA INC,1D
2026-06-01 00:00:00,Long,TGHL,1.35,287.93%,1.12,utb,参数一,"{""utb"": {""key_value"": 2, ""atr_period"": 14, ""use_ha"": false}, ""r&s"": {""srb_left"": 10, ""srb_right"": 10}, ""atr"": {""atr_length"": 14, ""atr_mult"": 1.0}}",,,,,,,GROWHUB LTD/THE-CLASS A,1D
2026-06-01 00:00:00,Long,TGHL,1.35,287.93%,1.12,sqz,参数一,"{""sqz"": {""bb_length"": 15, ""bb_mult"": 1.5, ""kc_length"": 15, ""kc_mult"": 1.2, ""min_sqz_bars"": 4}, ""r&s"": {""srb_left"": 10, ""srb_right"": 10}, ""atr"": {""atr_length"": 14, ""atr_mult"": 1.0}}",压力释放,nan-0.52-0.96-0.5-0.41,低-高-低-低,nan%-85.27%-47.80%-17.84%,22.0,36.21,GROWHUB LTD/THE-CLASS A,1D
2026-06-01 00:00:00,Long,TGHL,1.35,287.93%,1.12,sqz,参数二,"{""sqz"": {""bb_length"": 20, ""bb_mult"": 1.8, ""kc_length"": 20, ""kc_mult"": 1.5, ""min_sqz_bars"": 4}, ""r&s"": {""srb_left"": 15, ""srb_right"": 15}, ""atr"": {""atr_length"": 14, ""atr_mult"": 1.0}}",压力释放,nan-0.96-0.5-0.41,低-低-低,nan%-47.80%-17.84%,22.0,36.21,GROWHUB LTD/THE-CLASS A,1D
2026-06-01 00:00:00,Long,BGDE,7.36,1.80%,6.13,utb,参数二,"{""utb"": {""key_value"": 3, ""atr_period"": 14, ""use_ha"": false}, ""r&s"": {""srb_left"": 15, ""srb_right"": 15}, ""atr"": {""atr_length"": 14, ""atr_mult"": 1.0}}",,,,,,,BIG DIGITAL ENERGY INC,1D
2026-06-01 00:00:00,Long,CNK,31.03,10.82%,27.0,sqz,参数一,"{""sqz"": {""bb_length"": 15, ""bb_mult"": 1.5, ""kc_length"": 15, ""kc_mult"": 1.2, ""min_sqz_bars"": 4}, ""r&s"": {""srb_left"": 10, ""srb_right"": 10}, ""atr"": {""atr_length"": 14, ""atr_mult"": 1.0}}",压力释放,29.2-30.61-25.27-29.06-30.98,高-低-高-高,4.82%-17.46%-15.03%-6.58%,36.0,20.56,CINEMARK HOLDINGS INC,1D
2026-06-01 00:00:00,Long,CNK,31.03,10.82%,27.0,utb,参数二,"{""utb"": {""key_value"": 3, ""atr_period"": 14, ""use_ha"": false}, ""r&s"": {""srb_left"": 15, ""srb_right"": 15}, ""atr"": {""atr_length"": 14, ""atr_mult"": 1.0}}",,,,,,,CINEMARK HOLDINGS INC,1D
2026-06-01 00:00:00,Short,MSA,163.13,-1.61%,169.36,utb,参数一,"{""utb"": {""key_value"": 2, ""atr_period"": 14, ""use_ha"": false}, ""r&s"": {""srb_left"": 10, ""srb_right"": 10}, ""atr"": {""atr_length"": 14, ""atr_mult"": 1.0}}",,,,,,,MSA SAFETY INC,1D
2026-06-01 00:00:00,Short,PG,140.28,-2.28%,144.9,utb,参数一,"{""utb"": {""key_value"": 2, ""atr_period"": 14, ""use_ha"": false}, ""r&s"": {""srb_left"": 10, ""srb_right"": 10}, ""atr"": {""atr_length"": 14, ""atr_mult"": 1.0}}",,,,,,,PROCTER & GAMBLE CO/THE,1D
2026-06-01 00:00:00,Short,PG,140.28,-2.28%,144.9,utb,参数二,"{""utb"": {""key_value"": 3, ""atr_period"": 14, ""use_ha"": false}, ""r&s"": {""srb_left"": 15, ""srb_right"": 15}, ""atr"": {""atr_length"": 14, ""atr_mult"": 1.0}}",,,,,,,PROCTER & GAMBLE CO/THE,1D
2026-06-01 00:00:00,Short,CFG,60.78,-2.38%,62.98,utb,参数一,"{""utb"": {""key_value"": 2, ""atr_period"": 14, ""use_ha"": false}, ""r&s"": {""srb_left"": 10, ""srb_right"": 10}, ""atr"": {""atr_length"": 14, ""atr_mult"": 1.0}}",,,,,,,CITIZENS FINANCIAL GROUP,1D
2026-06-01 00:00:00,Long,PBI,16.92,5.09%,15.56,utb,参数一,"{""utb"": {""key_value"": 2, ""atr_period"": 14, ""use_ha"": false}, ""r&s"": {""srb_left"": 10, ""srb_right"": 10}, ""atr"": {""atr_length"": 14, ""atr_mult"": 1.0}}",,,,,,,PITNEY BOWES INC,1D
2026-06-01 00:00:00,Long,AXON,476.88,6.28%,426.15,sqz,参数一,"{""sqz"": {""bb_length"": 15, ""bb_mult"": 1.5, ""kc_length"": 15, ""kc_mult"": 1.2, ""min_sqz_bars"": 4}, ""r&s"": {""srb_left"": 10, ""srb_right"": 10}, ""atr"": {""atr_length"": 14, ""atr_mult"": 1.0}}",压力释放,753.16-764.02-649.89-588.38-438.97,高-低-低-低,1.44%-14.94%-9.46%-25.39%,16.0,19.94,AXON ENTERPRISE INC,1D
2026-06-01 00:00:00,Long,CRM,209.6,9.68%,189.09,sqz,参数二,"{""sqz"": {""bb_length"": 20, ""bb_mult"": 1.8, ""kc_length"": 20, ""kc_mult"": 1.5, ""min_sqz_bars"": 4}, ""r&s"": {""srb_left"": 15, ""srb_right"": 15}, ""atr"": {""atr_length"": 14, ""atr_mult"": 1.0}}",压力释放,256.49-266.03-268.44-204.35-193.56,高-高-低-低,3.72%-0.90%-23.87%-5.28%,28.0,17.79,SALESFORCE INC,1D
2026-06-01 00:00:00,Short,SGHT,4.54,-6.58%,5.28,utb,参数一,"{""utb"": {""key_value"": 2, ""atr_period"": 14, ""use_ha"": false}, ""r&s"": {""srb_left"": 10, ""srb_right"": 10}, ""atr"": {""atr_length"": 14, ""atr_mult"": 1.0}}",,,,,,,SIGHT SCIENCES INC,1D
2026-06-01 00:00:00,Short,WFRD,102.71,-0.90%,109.33,utb,参数一,"{""utb"": {""key_value"": 2, ""atr_period"": 14, ""use_ha"": false}, ""r&s"": {""srb_left"": 10, ""srb_right"": 10}, ""atr"": {""atr_length"": 14, ""atr_mult"": 1.0}}",,,,,,,WEATHERFORD INTERNATIONAL PL,1D
2026-06-01 00:00:00,Long,OPTU,1.16,76.29%,0.88,utb,参数一,"{""utb"": {""key_value"": 2, ""atr_period"": 14, ""use_ha"": false}, ""r&s"": {""srb_left"": 10, ""srb_right"": 10}, ""atr"": {""atr_length"": 14, ""atr_mult"": 1.0}}",,,,,,,OPTIMUM COMMUNICATIONS INC-A,1D
2026-06-01 00:00:00,Long,OPTU,1.16,76.29%,0.88,utb,参数二,"{""utb"": {""key_value"": 3, ""atr_period"": 14, ""use_ha"": false}, ""r&s"": {""srb_left"": 15, ""srb_right"": 15}, ""atr"": {""atr_length"": 14, ""atr_mult"": 1.0}}",,,,,,,OPTIMUM COMMUNICATIONS INC-A,1D
2026-06-01 00:00:00,Short,ELA,23.99,-5.77%,27.17,utb,参数一,"{""utb"": {""key_value"": 2, ""atr_period"": 14, ""use_ha"": false}, ""r&s"": {""srb_left"": 10, ""srb_right"": 10}, ""atr"": {""atr_length"": 14, ""atr_mult"": 1.0}}",,,,,,,ENVELA CORP,1D
2026-06-01 00:00:00,Short,UVE,36.24,-2.11%,38.21,utb,参数二,"{""utb"": {""key_value"": 3, ""atr_period"": 14, ""use_ha"": false}, ""r&s"": {""srb_left"": 15, ""srb_right"": 15}, ""atr"": {""atr_length"": 14, ""atr_mult"": 1.0}}",,,,,,,UNIVERSAL INSURANCE HOLDINGS,1D
2026-06-01 00:00:00,Long,LAC,5.51,5.76%,4.7,utb,参数一,"{""utb"": {""key_value"": 2, ""atr_period"": 14, ""use_ha"": false}, ""r&s"": {""srb_left"": 10, ""srb_right"": 10}, ""atr"": {""atr_length"": 14, ""atr_mult"": 1.0}}",,,,,,,LITHIUM AMERICAS CORP,1D
2026-06-01 00:00:00,Short,BMY,54.95,-3.90%,58.87,utb,参数一,"{""utb"": {""key_value"": 2, ""atr_period"": 14, ""use_ha"": false}, ""r&s"": {""srb_left"": 10, ""srb_right"": 10}, ""atr"": {""atr_length"": 14, ""atr_mult"": 1.0}}",,,,,,,BRISTOL-MYERS SQUIBB CO,1D
2026-06-01 00:00:00,Long,CLBT,15.87,7.74%,14.01,sqz,参数一,"{""sqz"": {""bb_length"": 15, ""bb_mult"": 1.5, ""kc_length"": 15, ""kc_mult"": 1.2, ""min_sqz_bars"": 4}, ""r&s"": {""srb_left"": 10, ""srb_right"": 10}, ""atr"": {""atr_length"": 14, ""atr_mult"": 1.0}}",压力释放,19.98-19.39-15.47-14.78-14.01,低-低-低-低,2.95%-20.24%-4.43%-5.24%,19.0,21.31,CELLEBRITE DI LTD,1D
2026-06-01 00:00:00,Long,CLBT,15.87,7.74%,14.01,sqz,参数二,"{""sqz"": {""bb_length"": 20, ""bb_mult"": 1.8, ""kc_length"": 20, ""kc_mult"": 1.5, ""min_sqz_bars"": 4}, ""r&s"": {""srb_left"": 15, ""srb_right"": 15}, ""atr"": {""atr_length"": 14, ""atr_mult"": 1.0}}",压力释放,20.53-19.64-19.98-19.39-15.47,低-高-低-低,4.34%-1.73%-2.95%-20.24%,59.0,40.34,CELLEBRITE DI LTD,1D
2026-06-01 00:00:00,Long,SMC,29.83,11.93%,26.92,utb,参数一,"{""utb"": {""key_value"": 2, ""atr_period"": 14, ""use_ha"": false}, ""r&s"": {""srb_left"": 10, ""srb_right"": 10}, ""atr"": {""atr_length"": 14, ""atr_mult"": 1.0}}",,,,,,,SUMMIT MIDSTREAM CORP,1D
2026-06-01 00:00:00,Short,LOW,207.7,-3.11%,220.23,sqz,参数二,"{""sqz"": {""bb_length"": 20, ""bb_mult"": 1.8, ""kc_length"": 20, ""kc_mult"": 1.5, ""min_sqz_bars"": 4}, ""r&s"": {""srb_left"": 15, ""srb_right"": 15}, ""atr"": {""atr_length"": 14, ""atr_mult"": 1.0}}",一直释放,208.46-228.35-216.78-237.33-223.08,高-低-高-低,9.54%-5.07%-9.48%-6.00%,49.0,14.7,LOWE'S COS INC,1D
2026-06-01 00:00:00,Long,CLBR,10.4,2.16%,10.15,utb,参数二,"{""utb"": {""key_value"": 3, ""atr_period"": 14, ""use_ha"": false}, ""r&s"": {""srb_left"": 15, ""srb_right"": 15}, ""atr"": {""atr_length"": 14, ""atr_mult"": 1.0}}",,,,,,,COLOMBIER ACQ III-CL A,1D
2026-06-01 00:00:00,Long,MGNI,15.38,7.33%,13.6,sqz,参数一,"{""sqz"": {""bb_length"": 15, ""bb_mult"": 1.5, ""kc_length"": 15, ""kc_mult"": 1.2, ""min_sqz_bars"": 4}, ""r&s"": {""srb_left"": 10, ""srb_right"": 10}, ""atr"": {""atr_length"": 14, ""atr_mult"": 1.0}}",压力释放,17.21-17.41-14.48-14.11-14.32,高-低-低-高,1.16%-16.83%-2.56%-1.49%,15.0,15.95,MAGNITE INC,1D
2026-06-01 00:00:00,Long,MGNI,15.38,7.33%,13.6,sqz,参数二,"{""sqz"": {""bb_length"": 20, ""bb_mult"": 1.8, ""kc_length"": 20, ""kc_mult"": 1.5, ""min_sqz_bars"": 4}, ""r&s"": {""srb_left"": 15, ""srb_right"": 15}, ""atr"": {""atr_length"": 14, ""atr_mult"": 1.0}}",压力释放,25.27-26.65-20.36-17.41-14.48,高-低-低-低,5.46%-23.60%-14.49%-16.83%,60.0,27.46,MAGNITE INC,1D
2026-06-01 00:00:00,Long,EGG,10.45,37.59%,6.41,utb,参数一,"{""utb"": {""key_value"": 2, ""atr_period"": 14, ""use_ha"": false}, ""r&s"": {""srb_left"": 10, ""srb_right"": 10}, ""atr"": {""atr_length"": 14, ""atr_mult"": 1.0}}",,,,,,,ENIGMATIG LTD - CLASS A,1D
2026-06-01 00:00:00,Short,STEP,48.35,-1.95%,53.56,utb,参数二,"{""utb"": {""key_value"": 3, ""atr_period"": 14, ""use_ha"": false}, ""r&s"": {""srb_left"": 15, ""srb_right"": 15}, ""atr"": {""atr_length"": 14, ""atr_mult"": 1.0}}",,,,,,,STEPSTONE GROUP INC-CLASS A,1D
2026-06-01 00:00:00,Short,SABS,3.44,-4.44%,4.01,utb,参数一,"{""utb"": {""key_value"": 2, ""atr_period"": 14, ""use_ha"": false}, ""r&s"": {""srb_left"": 10, ""srb_right"": 10}, ""atr"": {""atr_length"": 14, ""atr_mult"": 1.0}}",,,,,,,SAB BIOTHERAPEUTICS INC,1D
2026-06-01 00:00:00,Long,FDS,270.85,10.34%,236.1,sqz,参数一,"{""sqz"": {""bb_length"": 15, ""bb_mult"": 1.5, ""kc_length"": 15, ""kc_mult"": 1.2, ""min_sqz_bars"": 4}, ""r&s"": {""srb_left"": 10, ""srb_right"": 10}, ""atr"": {""atr_length"": 14, ""atr_mult"": 1.0}}",一直亮绿,278.06-303.05-297.63-228.91-246.13,高-低-低-高,8.99%-1.79%-23.09%-7.52%,28.0,24.91,FACTSET RESEARCH SYSTEMS INC,1D
2026-06-01 00:00:00,Long,FDS,270.85,10.34%,236.1,sqz,参数二,"{""sqz"": {""bb_length"": 20, ""bb_mult"": 1.8, ""kc_length"": 20, ""kc_mult"": 1.5, ""min_sqz_bars"": 4}, ""r&s"": {""srb_left"": 15, ""srb_right"": 15}, ""atr"": {""atr_length"": 14, ""atr_mult"": 1.0}}",一直亮绿,445.8-292.68-303.05-228.91-246.13,低-高-低-高,34.35%-3.54%-24.46%-7.52%,28.0,24.91,FACTSET RESEARCH SYSTEMS INC,1D
2026-06-01 00:00:00,Long,PATH,13.1,11.77%,11.14,sqz,参数二,"{""sqz"": {""bb_length"": 20, ""bb_mult"": 1.8, ""kc_length"": 20, ""kc_mult"": 1.5, ""min_sqz_bars"": 4}, ""r&s"": {""srb_left"": 15, ""srb_right"": 15}, ""atr"": {""atr_length"": 14, ""atr_mult"": 1.0}}",压力释放,13.49-18.74-19.84-17.94-12.76,高-高-低-低,38.92%-5.87%-9.58%-28.87%,50.0,38.7,UIPATH INC - CLASS A,1D
2026-06-01 00:00:00,Short,WEC,108.6,-2.21%,112.94,utb,参数一,"{""utb"": {""key_value"": 2, ""atr_period"": 14, ""use_ha"": false}, ""r&s"": {""srb_left"": 10, ""srb_right"": 10}, ""atr"": {""atr_length"": 14, ""atr_mult"": 1.0}}",,,,,,,WEC ENERGY GROUP INC,1D
2026-06-01 00:00:00,Short,WEC,108.6,-2.21%,112.94,sqz,参数二,"{""sqz"": {""bb_length"": 20, ""bb_mult"": 1.8, ""kc_length"": 20, ""kc_mult"": 1.5, ""min_sqz_bars"": 4}, ""r&s"": {""srb_left"": 15, ""srb_right"": 15}, ""atr"": {""atr_length"": 14, ""atr_mult"": 1.0}}",一直释放,99.15-102.9-106.71-101.22-110.4,高-高-低-高,3.78%-3.71%-5.15%-9.07%,47.0,7.43,WEC ENERGY GROUP INC,1D
2026-06-01 00:00:00,Long,GLBE,33.75,10.15%,29.13,utb,参数一,"{""utb"": {""key_value"": 2, ""atr_period"": 14, ""use_ha"": false}, ""r&s"": {""srb_left"": 10, ""srb_right"": 10}, ""atr"": {""atr_length"": 14, ""atr_mult"": 1.0}}",,,,,,,GLOBAL-E ONLINE LTD,1D
2026-06-01 00:00:00,Long,GLBE,33.75,10.15%,29.13,utb,参数二,"{""utb"": {""key_value"": 3, ""atr_period"": 14, ""use_ha"": false}, ""r&s"": {""srb_left"": 15, ""srb_right"": 15}, ""atr"": {""atr_length"": 14, ""atr_mult"": 1.0}}",,,,,,,GLOBAL-E ONLINE LTD,1D
2026-06-01 00:00:00,Short,ENSG,165.0,-1.58%,171.11,sqz,参数一,"{""sqz"": {""bb_length"": 15, ""bb_mult"": 1.5, ""kc_length"": 15, ""kc_mult"": 1.2, ""min_sqz_bars"": 4}, ""r&s"": {""srb_left"": 10, ""srb_right"": 10}, ""atr"": {""atr_length"": 14, ""atr_mult"": 1.0}}",支撑释放,172.62-171.94-167.38-192.47-167.53,低-低-高-低,0.39%-2.66%-14.99%-12.96%,14.0,8.61,ENSIGN GROUP INC/THE,1D
2026-06-01 00:00:00,Long,GEN,27.76,7.64%,25.08,sqz,参数一,"{""sqz"": {""bb_length"": 15, ""bb_mult"": 1.5, ""kc_length"": 15, ""kc_mult"": 1.2, ""min_sqz_bars"": 4}, ""r&s"": {""srb_left"": 10, ""srb_right"": 10}, ""atr"": {""atr_length"": 14, ""atr_mult"": 1.0}}",一直释放,31.6-27.12-26.87-27.83-20.62,低-低-高-低,14.18%-0.91%-3.56%-25.91%,28.0,13.03,GEN DIGITAL INC,1D
2026-06-01 00:00:00,Short,ANGO,10.91,-4.97%,11.8,utb,参数一,"{""utb"": {""key_value"": 2, ""atr_period"": 14, ""use_ha"": false}, ""r&s"": {""srb_left"": 10, ""srb_right"": 10}, ""atr"": {""atr_length"": 14, ""atr_mult"": 1.0}}",,,,,,,ANGIODYNAMICS INC,1D
2026-06-01 00:00:00,Long,SPGI,428.56,1.08%,409.93,utb,参数一,"{""utb"": {""key_value"": 2, ""atr_period"": 14, ""use_ha"": false}, ""r&s"": {""srb_left"": 10, ""srb_right"": 10}, ""atr"": {""atr_length"": 14, ""atr_mult"": 1.0}}",,,,,,,S&P GLOBAL INC,1D
2026-06-01 00:00:00,Short,UPXI,1.13,-5.04%,1.28,utb,参数二,"{""utb"": {""key_value"": 3, ""atr_period"": 14, ""use_ha"": false}, ""r&s"": {""srb_left"": 15, ""srb_right"": 15}, ""atr"": {""atr_length"": 14, ""atr_mult"": 1.0}}",,,,,,,UPEXI INC,1D
2026-06-01 00:00:00,Long,RCKY,39.23,1.92%,36.15,utb,参数二,"{""utb"": {""key_value"": 3, ""atr_period"": 14, ""use_ha"": false}, ""r&s"": {""srb_left"": 15, ""srb_right"": 15}, ""atr"": {""atr_length"": 14, ""atr_mult"": 1.0}}",,,,,,,ROCKY BRANDS INC,1D
2026-06-01 00:00:00,Long,DC,5.98,3.82%,5.22,utb,参数一,"{""utb"": {""key_value"": 2, ""atr_period"": 14, ""use_ha"": false}, ""r&s"": {""srb_left"": 10, ""srb_right"": 10}, ""atr"": {""atr_length"": 14, ""atr_mult"": 1.0}}",,,,,,,DAKOTA GOLD CORP,1D
2026-06-01 00:00:00,Short,PPL,34.52,-2.46%,35.84,utb,参数一,"{""utb"": {""key_value"": 2, ""atr_period"": 14, ""use_ha"": false}, ""r&s"": {""srb_left"": 10, ""srb_right"": 10}, ""atr"": {""atr_length"": 14, ""atr_mult"": 1.0}}",,,,,,,PPL CORP,1D
2026-06-01 00:00:00,Short,PPL,34.52,-2.46%,35.84,sqz,参数二,"{""sqz"": {""bb_length"": 20, ""bb_mult"": 1.8, ""kc_length"": 20, ""kc_mult"": 1.5, ""min_sqz_bars"": 4}, ""r&s"": {""srb_left"": 15, ""srb_right"": 15}, ""atr"": {""atr_length"": 14, ""atr_mult"": 1.0}}",一直释放,32.1-32.45-34.66-32.92-36.53,高-高-低-高,1.09%-6.84%-5.02%-10.96%,49.0,9.8,PPL CORP,1D
2026-06-01 00:00:00,Long,WRLD,167.71,1.59%,157.23,sqz,参数一,"{""sqz"": {""bb_length"": 15, ""bb_mult"": 1.5, ""kc_length"": 15, ""kc_mult"": 1.2, ""min_sqz_bars"": 4}, ""r&s"": {""srb_left"": 10, ""srb_right"": 10}, ""atr"": {""atr_length"": 14, ""atr_mult"": 1.0}}",一直亮绿,162.07-151.37-149.55-155.94-165.53,低-低-高-高,6.60%-1.20%-4.27%-6.15%,21.0,20.4,WORLD ACCEPTANCE CORP,1D
2026-06-01 00:00:00,Long,WRLD,167.71,1.59%,157.23,sqz,参数二,"{""sqz"": {""bb_length"": 20, ""bb_mult"": 1.8, ""kc_length"": 20, ""kc_mult"": 1.5, ""min_sqz_bars"": 4}, ""r&s"": {""srb_left"": 15, ""srb_right"": 15}, ""atr"": {""atr_length"": 14, ""atr_mult"": 1.0}}",一直亮绿,177.25-185.48-162.07-149.55-165.53,高-低-低-高,4.64%-12.62%-7.73%-10.69%,21.0,20.4,WORLD ACCEPTANCE CORP,1D
2026-06-01 00:00:00,Long,MORN,195.82,7.58%,175.76,sqz,参数一,"{""sqz"": {""bb_length"": 15, ""bb_mult"": 1.5, ""kc_length"": 15, ""kc_mult"": 1.2, ""min_sqz_bars"": 4}, ""r&s"": {""srb_left"": 10, ""srb_right"": 10}, ""atr"": {""atr_length"": 14, ""atr_mult"": 1.0}}",压力释放,264.12-218.85-220.57-192.16-192.79,低-高-低-高,17.14%-0.79%-12.88%-0.33%,28.0,19.9,MORNINGSTAR INC,1D
2026-06-01 00:00:00,Long,MORN,195.82,7.58%,175.76,utb,参数二,"{""utb"": {""key_value"": 3, ""atr_period"": 14, ""use_ha"": false}, ""r&s"": {""srb_left"": 15, ""srb_right"": 15}, ""atr"": {""atr_length"": 14, ""atr_mult"": 1.0}}",,,,,,,MORNINGSTAR INC,1D
2026-06-01 00:00:00,Long,MORN,195.82,7.58%,175.76,sqz,参数二,"{""sqz"": {""bb_length"": 20, ""bb_mult"": 1.8, ""kc_length"": 20, ""kc_mult"": 1.5, ""min_sqz_bars"": 4}, ""r&s"": {""srb_left"": 15, ""srb_right"": 15}, ""atr"": {""atr_length"": 14, ""atr_mult"": 1.0}}",压力释放,312.14-313.94-220.57-192.16-192.79,高-低-低-高,0.57%-29.74%-12.88%-0.33%,28.0,19.9,MORNINGSTAR INC,1D
2026-06-01 00:00:00,Short,QRVO,99.97,-3.47%,107.0,utb,参数一,"{""utb"": {""key_value"": 2, ""atr_period"": 14, ""use_ha"": false}, ""r&s"": {""srb_left"": 10, ""srb_right"": 10}, ""atr"": {""atr_length"": 14, ""atr_mult"": 1.0}}",,,,,,,QORVO INC,1D
2026-06-01 00:00:00,Short,ASTC,35.4,-28.92%,49.68,utb,参数一,"{""utb"": {""key_value"": 2, ""atr_period"": 14, ""use_ha"": false}, ""r&s"": {""srb_left"": 10, ""srb_right"": 10}, ""atr"": {""atr_length"": 14, ""atr_mult"": 1.0}}",,,,,,,ASTROTECH CORP,1D
2026-06-01 00:00:00,Long,PSFE,8.07,4.40%,7.19,utb,参数一,"{""utb"": {""key_value"": 2, ""atr_period"": 14, ""use_ha"": false}, ""r&s"": {""srb_left"": 10, ""srb_right"": 10}, ""atr"": {""atr_length"": 14, ""atr_mult"": 1.0}}",,,,,,,PAYSAFE LTD,1D
2026-06-01 00:00:00,Long,DOMO,4.53,8.63%,3.96,sqz,参数一,"{""sqz"": {""bb_length"": 15, ""bb_mult"": 1.5, ""kc_length"": 15, ""kc_mult"": 1.2, ""min_sqz_bars"": 4}, ""r&s"": {""srb_left"": 10, ""srb_right"": 10}, ""atr"": {""atr_length"": 14, ""atr_mult"": 1.0}}",压力释放,18.49-14.34-11.88-6.24-4.11,低-低-低-低,22.44%-17.15%-47.47%-34.13%,19.0,24.13,DOMO INC - CLASS B,1D
2026-06-01 00:00:00,Long,DOMO,4.53,8.63%,3.96,sqz,参数二,"{""sqz"": {""bb_length"": 20, ""bb_mult"": 1.8, ""kc_length"": 20, ""kc_mult"": 1.5, ""min_sqz_bars"": 4}, ""r&s"": {""srb_left"": 15, ""srb_right"": 15}, ""atr"": {""atr_length"": 14, ""atr_mult"": 1.0}}",压力释放,9.02-14.83-18.49-6.24-4.11,高-高-低-低,64.50%-24.67%-66.25%-34.13%,19.0,24.13,DOMO INC - CLASS B,1D
2026-06-01 00:00:00,Long,SPSC,59.64,5.09%,54.02,utb,参数二,"{""utb"": {""key_value"": 3, ""atr_period"": 14, ""use_ha"": false}, ""r&s"": {""srb_left"": 15, ""srb_right"": 15}, ""atr"": {""atr_length"": 14, ""atr_mult"": 1.0}}",,,,,,,SPS COMMERCE INC,1D
2026-06-01 00:00:00,Long,EPAM,108.76,6.15%,97.88,utb,参数二,"{""utb"": {""key_value"": 3, ""atr_period"": 14, ""use_ha"": false}, ""r&s"": {""srb_left"": 15, ""srb_right"": 15}, ""atr"": {""atr_length"": 14, ""atr_mult"": 1.0}}",,,,,,,EPAM SYSTEMS INC,1D
2026-06-01 00:00:00,Short,ORI,36.66,-1.53%,38.02,sqz,参数二,"{""sqz"": {""bb_length"": 20, ""bb_mult"": 1.8, ""kc_length"": 20, ""kc_mult"": 1.5, ""min_sqz_bars"": 4}, ""r&s"": {""srb_left"": 15, ""srb_right"": 15}, ""atr"": {""atr_length"": 14, ""atr_mult"": 1.0}}",支撑释放,35.73-40.09-36.72-37.46-38.31,高-低-高-高,12.20%-8.39%-2.01%-2.27%,19.0,4.99,OLD REPUBLIC INTL CORP,1D
2026-06-01 00:00:00,Long,AEYE,8.48,10.42%,7.06,utb,参数一,"{""utb"": {""key_value"": 2, ""atr_period"": 14, ""use_ha"": false}, ""r&s"": {""srb_left"": 10, ""srb_right"": 10}, ""atr"": {""atr_length"": 14, ""atr_mult"": 1.0}}",,,,,,,AUDIOEYE INC,1D
2026-06-01 00:00:00,Short,FTS,54.46,-1.57%,55.99,utb,参数一,"{""utb"": {""key_value"": 2, ""atr_period"": 14, ""use_ha"": false}, ""r&s"": {""srb_left"": 10, ""srb_right"": 10}, ""atr"": {""atr_length"": 14, ""atr_mult"": 1.0}}",,,,,,,FORTIS INC,1D
2026-06-01 00:00:00,Long,ADBE,274.03,5.72%,252.15,sqz,参数一,"{""sqz"": {""bb_length"": 15, ""bb_mult"": 1.5, ""kc_length"": 15, ""kc_mult"": 1.2, ""min_sqz_bars"": 4}, ""r&s"": {""srb_left"": 10, ""srb_right"": 10}, ""atr"": {""atr_length"": 14, ""atr_mult"": 1.0}}",压力释放,370.86-363.7-362.71-285.36-258.75,低-低-低-低,1.93%-0.27%-21.33%-9.33%,27.0,11.66,ADOBE INC,1D
2026-06-01 00:00:00,Short,HII,296.41,-3.82%,317.35,sqz,参数二,"{""sqz"": {""bb_length"": 20, ""bb_mult"": 1.8, ""kc_length"": 20, ""kc_mult"": 1.5, ""min_sqz_bars"": 4}, ""r&s"": {""srb_left"": 15, ""srb_right"": 15}, ""atr"": {""atr_length"": 14, ""atr_mult"": 1.0}}",一直释放,211.48-292.39-349.03-364.9-309.66,高-高-高-低,38.26%-19.37%-4.55%-15.14%,17.0,9.25,HUNTINGTON INGALLS INDUSTRIE,1D
2026-06-01 00:00:00,Long,HNGE,60.92,8.38%,52.46,sqz,参数二,"{""sqz"": {""bb_length"": 20, ""bb_mult"": 1.8, ""kc_length"": 20, ""kc_mult"": 1.5, ""min_sqz_bars"": 4}, ""r&s"": {""srb_left"": 15, ""srb_right"": 15}, ""atr"": {""atr_length"": 14, ""atr_mult"": 1.0}}",一直释放,61.89-53.8-51.35-51.15-47.24,低-低-低-低,13.07%-4.55%-0.39%-7.64%,60.0,36.37,HINGE HEALTH INC-A,1D
2026-06-01 00:00:00,Short,ANIP,76.71,-2.29%,82.22,utb,参数二,"{""utb"": {""key_value"": 3, ""atr_period"": 14, ""use_ha"": false}, ""r&s"": {""srb_left"": 15, ""srb_right"": 15}, ""atr"": {""atr_length"": 14, ""atr_mult"": 1.0}}",,,,,,,ANI PHARMACEUTICALS INC,1D
2026-06-01 00:00:00,Long,PLPC,376.25,1.74%,341.49,sqz,参数一,"{""sqz"": {""bb_length"": 15, ""bb_mult"": 1.5, ""kc_length"": 15, ""kc_mult"": 1.2, ""min_sqz_bars"": 4}, ""r&s"": {""srb_left"": 10, ""srb_right"": 10}, ""atr"": {""atr_length"": 14, ""atr_mult"": 1.0}}",一直亮绿,208.41-245.56-238.48-287.75-371.8,高-低-高-高,17.82%-2.88%-20.66%-29.21%,17.0,15.29,PREFORMED LINE PRODUCTS CO,1D
2026-06-01 00:00:00,Long,WATT,29.66,5.93%,24.32,utb,参数一,"{""utb"": {""key_value"": 2, ""atr_period"": 14, ""use_ha"": false}, ""r&s"": {""srb_left"": 10, ""srb_right"": 10}, ""atr"": {""atr_length"": 14, ""atr_mult"": 1.0}}",,,,,,,ENERGOUS CORP,1D
2026-06-01 00:00:00,Long,CINT,4.12,13.19%,3.39,utb,参数一,"{""utb"": {""key_value"": 2, ""atr_period"": 14, ""use_ha"": false}, ""r&s"": {""srb_left"": 10, ""srb_right"": 10}, ""atr"": {""atr_length"": 14, ""atr_mult"": 1.0}}",,,,,,,CI&T INC/UNITED STATES-A,1D
2026-06-01 00:00:00,Long,CINT,4.12,13.19%,3.39,utb,参数二,"{""utb"": {""key_value"": 3, ""atr_period"": 14, ""use_ha"": false}, ""r&s"": {""srb_left"": 15, ""srb_right"": 15}, ""atr"": {""atr_length"": 14, ""atr_mult"": 1.0}}",,,,,,,CI&T INC/UNITED STATES-A,1D
2026-06-01 00:00:00,Long,BOX,28.79,6.79%,25.85,sqz,参数一,"{""sqz"": {""bb_length"": 15, ""bb_mult"": 1.5, ""kc_length"": 15, ""kc_mult"": 1.2, ""min_sqz_bars"": 4}, ""r&s"": {""srb_left"": 10, ""srb_right"": 10}, ""atr"": {""atr_length"": 14, ""atr_mult"": 1.0}}",压力释放,33.78-33.88-32.61-32.76-26.81,高-低-高-低,0.30%-3.75%-0.44%-18.17%,61.0,25.61,BOX INC - CLASS A,1D
2026-06-01 00:00:00,Long,BOX,28.79,6.79%,25.85,sqz,参数二,"{""sqz"": {""bb_length"": 20, ""bb_mult"": 1.8, ""kc_length"": 20, ""kc_mult"": 1.5, ""min_sqz_bars"": 4}, ""r&s"": {""srb_left"": 15, ""srb_right"": 15}, ""atr"": {""atr_length"": 14, ""atr_mult"": 1.0}}",压力释放,38.8-33.78-33.88-32.76-26.81,低-高-低-低,12.94%-0.30%-3.32%-18.17%,61.0,25.61,BOX INC - CLASS A,1D
2026-06-01 00:00:00,Long,TGB,7.9,6.47%,6.86,utb,参数二,"{""utb"": {""key_value"": 3, ""atr_period"": 14, ""use_ha"": false}, ""r&s"": {""srb_left"": 15, ""srb_right"": 15}, ""atr"": {""atr_length"": 14, ""atr_mult"": 1.0}}",,,,,,,TASEKO MINES LTD,1D
2026-06-01 00:00:00,Short,VERA,33.94,-4.45%,36.94,sqz,参数二,"{""sqz"": {""bb_length"": 20, ""bb_mult"": 1.8, ""kc_length"": 20, ""kc_mult"": 1.5, ""min_sqz_bars"": 4}, ""r&s"": {""srb_left"": 15, ""srb_right"": 15}, ""atr"": {""atr_length"": 14, ""atr_mult"": 1.0}}",一直释放,18.53-18.76-19.07-23.05-37.51,高-高-高-高,1.24%-1.63%-20.90%-62.73%,50.0,25.3,VERA THERAPEUTICS INC,1D
2026-06-01 00:00:00,Long,HYNE,16.2,1.89%,15.69,sqz,参数二,"{""sqz"": {""bb_length"": 20, ""bb_mult"": 1.8, ""kc_length"": 20, ""kc_mult"": 1.5, ""min_sqz_bars"": 4}, ""r&s"": {""srb_left"": 15, ""srb_right"": 15}, ""atr"": {""atr_length"": 14, ""atr_mult"": 1.0}}",压力释放,nan-14.85-14.84-16.14,低-低-高,nan%-0.07%-8.76%,35.0,5.83,HOYNE BANCORP INC,1D
2026-06-01 00:00:00,Short,BVS,7.93,-6.82%,9.09,sqz,参数一,"{""sqz"": {""bb_length"": 15, ""bb_mult"": 1.5, ""kc_length"": 15, ""kc_mult"": 1.2, ""min_sqz_bars"": 4}, ""r&s"": {""srb_left"": 10, ""srb_right"": 10}, ""atr"": {""atr_length"": 14, ""atr_mult"": 1.0}}",一直亮红,6.26-6.5-6.47-7.14-8.11,高-低-高-高,3.92%-0.46%-10.36%-13.59%,58.0,38.71,BIOVENTUS INC - A,1D
2026-06-01 00:00:00,Short,BVS,7.93,-6.82%,9.09,sqz,参数二,"{""sqz"": {""bb_length"": 20, ""bb_mult"": 1.8, ""kc_length"": 20, ""kc_mult"": 1.5, ""min_sqz_bars"": 4}, ""r&s"": {""srb_left"": 15, ""srb_right"": 15}, ""atr"": {""atr_length"": 14, ""atr_mult"": 1.0}}",一直亮红,5.81-6.26-6.47-7.14-8.11,高-高-高-高,7.66%-3.44%-10.36%-13.59%,58.0,38.71,BIOVENTUS INC - A,1D
2026-06-01 00:00:00,Short,LXEO,4.81,-6.42%,5.48,sqz,参数一,"{""sqz"": {""bb_length"": 15, ""bb_mult"": 1.5, ""kc_length"": 15, ""kc_mult"": 1.2, ""min_sqz_bars"": 4}, ""r&s"": {""srb_left"": 10, ""srb_right"": 10}, ""atr"": {""atr_length"": 14, ""atr_mult"": 1.0}}",一直释放,7.66-8.3-6.9-5.97-5.01,高-低-低-低,8.36%-16.87%-13.41%-16.15%,43.0,40.02,LEXEO THERAPEUTICS INC,1D
2026-06-01 00:00:00,Short,LXEO,4.81,-6.42%,5.48,sqz,参数二,"{""sqz"": {""bb_length"": 20, ""bb_mult"": 1.8, ""kc_length"": 20, ""kc_mult"": 1.5, ""min_sqz_bars"": 4}, ""r&s"": {""srb_left"": 15, ""srb_right"": 15}, ""atr"": {""atr_length"": 14, ""atr_mult"": 1.0}}",一直释放,3.6-7.66-6.9-5.97-5.01,高-低-低-低,112.78%-9.92%-13.41%-16.15%,43.0,40.02,LEXEO THERAPEUTICS INC,1D
2026-06-01 00:00:00,Long,CBRL,35.06,3.67%,32.02,sqz,参数一,"{""sqz"": {""bb_length"": 15, ""bb_mult"": 1.5, ""kc_length"": 15, ""kc_mult"": 1.2, ""min_sqz_bars"": 4}, ""r&s"": {""srb_left"": 10, ""srb_right"": 10}, ""atr"": {""atr_length"": 14, ""atr_mult"": 1.0}}",一直亮绿,62.26-29.74-36.33-34.14-34.57,低-高-低-高,52.23%-22.15%-6.03%-1.25%,60.0,32.3,CRACKER BARREL OLD COUNTRY,1D
2026-06-01 00:00:00,Long,CBRL,35.06,3.67%,32.02,sqz,参数二,"{""sqz"": {""bb_length"": 20, ""bb_mult"": 1.8, ""kc_length"": 20, ""kc_mult"": 1.5, ""min_sqz_bars"": 4}, ""r&s"": {""srb_left"": 15, ""srb_right"": 15}, ""atr"": {""atr_length"": 14, ""atr_mult"": 1.0}}",一直亮绿,nan-70.4-29.74-36.33-34.57,低-低-高-低,nan%-57.75%-22.15%-4.85%,60.0,32.3,CRACKER BARREL OLD COUNTRY,1D
2026-06-01 00:00:00,Long,MCO,464.2,2.42%,436.82,utb,参数一,"{""utb"": {""key_value"": 2, ""atr_period"": 14, ""use_ha"": false}, ""r&s"": {""srb_left"": 10, ""srb_right"": 10}, ""atr"": {""atr_length"": 14, ""atr_mult"": 1.0}}",,,,,,,MOODY'S CORP,1D
2026-06-01 00:00:00,Short,AZN,179.71,-3.21%,186.98,utb,参数一,"{""utb"": {""key_value"": 2, ""atr_period"": 14, ""use_ha"": false}, ""r&s"": {""srb_left"": 10, ""srb_right"": 10}, ""atr"": {""atr_length"": 14, ""atr_mult"": 1.0}}",,,,,,,ASTRAZENECA PLC,1D
2026-06-01 00:00:00,Long,SABR,1.89,7.39%,1.6,utb,参数一,"{""utb"": {""key_value"": 2, ""atr_period"": 14, ""use_ha"": false}, ""r&s"": {""srb_left"": 10, ""srb_right"": 10}, ""atr"": {""atr_length"": 14, ""atr_mult"": 1.0}}",,,,,,,SABRE CORP,1D
2026-06-01 00:00:00,Long,ERO,31.42,3.22%,28.37,utb,参数二,"{""utb"": {""key_value"": 3, ""atr_period"": 14, ""use_ha"": false}, ""r&s"": {""srb_left"": 15, ""srb_right"": 15}, ""atr"": {""atr_length"": 14, ""atr_mult"": 1.0}}",,,,,,,ERO COPPER CORP,1D
2026-06-01 00:00:00,Short,UGI,33.56,-3.89%,35.72,utb,参数一,"{""utb"": {""key_value"": 2, ""atr_period"": 14, ""use_ha"": false}, ""r&s"": {""srb_left"": 10, ""srb_right"": 10}, ""atr"": {""atr_length"": 14, ""atr_mult"": 1.0}}",,,,,,,UGI CORP,1D
2026-06-01 00:00:00,Short,MDGL,481.23,-3.23%,516.73,utb,参数一,"{""utb"": {""key_value"": 2, ""atr_period"": 14, ""use_ha"": false}, ""r&s"": {""srb_left"": 10, ""srb_right"": 10}, ""atr"": {""atr_length"": 14, ""atr_mult"": 1.0}}",,,,,,,MADRIGAL PHARMACEUTICALS INC,1D
2026-06-01 00:00:00,Long,RVMD,163.68,3.94%,147.66,sqz,参数二,"{""sqz"": {""bb_length"": 20, ""bb_mult"": 1.8, ""kc_length"": 20, ""kc_mult"": 1.5, ""min_sqz_bars"": 4}, ""r&s"": {""srb_left"": 15, ""srb_right"": 15}, ""atr"": {""atr_length"": 14, ""atr_mult"": 1.0}}",压力释放,42.4-39.62-124.49-107.45-155.7,低-高-低-高,6.56%-214.21%-13.69%-44.90%,31.0,18.84,REVOLUTION MEDICINES INC,1D
2026-06-01 00:00:00,Long,LAW,4.44,11.28%,3.73,utb,参数一,"{""utb"": {""key_value"": 2, ""atr_period"": 14, ""use_ha"": false}, ""r&s"": {""srb_left"": 10, ""srb_right"": 10}, ""atr"": {""atr_length"": 14, ""atr_mult"": 1.0}}",,,,,,,CS DISCO INC,1D
2026-06-01 00:00:00,Short,ATPC,4.14,-14.99%,6.97,utb,参数一,"{""utb"": {""key_value"": 2, ""atr_period"": 14, ""use_ha"": false}, ""r&s"": {""srb_left"": 10, ""srb_right"": 10}, ""atr"": {""atr_length"": 14, ""atr_mult"": 1.0}}",,,,,,,AGAPE ATP CORP,1D
2026-06-01 00:00:00,Long,HCC,106.25,12.39%,92.94,utb,参数一,"{""utb"": {""key_value"": 2, ""atr_period"": 14, ""use_ha"": false}, ""r&s"": {""srb_left"": 10, ""srb_right"": 10}, ""atr"": {""atr_length"": 14, ""atr_mult"": 1.0}}",,,,,,,WARRIOR MET COAL INC,1D
2026-06-01 00:00:00,Long,HCC,106.25,12.39%,92.94,sqz,参数一,"{""sqz"": {""bb_length"": 15, ""bb_mult"": 1.5, ""kc_length"": 15, ""kc_mult"": 1.2, ""min_sqz_bars"": 4}, ""r&s"": {""srb_left"": 10, ""srb_right"": 10}, ""atr"": {""atr_length"": 14, ""atr_mult"": 1.0}}",一直亮绿,63.74-68.28-85.7-105.15-100.64,高-高-高-低,7.12%-25.52%-22.69%-4.29%,43.0,27.38,WARRIOR MET COAL INC,1D
2026-06-01 00:00:00,Long,LCID,6.65,1.53%,5.94,utb,参数一,"{""utb"": {""key_value"": 2, ""atr_period"": 14, ""use_ha"": false}, ""r&s"": {""srb_left"": 10, ""srb_right"": 10}, ""atr"": {""atr_length"": 14, ""atr_mult"": 1.0}}",,,,,,,LUCID GROUP INC,1D
2026-06-01 00:00:00,Short,CNTN,2.81,-9.52%,3.58,utb,参数二,"{""utb"": {""key_value"": 3, ""atr_period"": 14, ""use_ha"": false}, ""r&s"": {""srb_left"": 15, ""srb_right"": 15}, ""atr"": {""atr_length"": 14, ""atr_mult"": 1.0}}",,,,,,,CANTON STRATEGIC HOLDINGS IN,1D
2026-06-01 00:00:00,Long,SHIP,16.39,5.74%,14.25,utb,参数一,"{""utb"": {""key_value"": 2, ""atr_period"": 14, ""use_ha"": false}, ""r&s"": {""srb_left"": 10, ""srb_right"": 10}, ""atr"": {""atr_length"": 14, ""atr_mult"": 1.0}}",,,,,,,SEANERGY MARITIME HOLDINGS,1D
2026-06-01 00:00:00,Long,RMNI,4.27,9.21%,3.72,sqz,参数一,"{""sqz"": {""bb_length"": 15, ""bb_mult"": 1.5, ""kc_length"": 15, ""kc_mult"": 1.2, ""min_sqz_bars"": 4}, ""r&s"": {""srb_left"": 10, ""srb_right"": 10}, ""atr"": {""atr_length"": 14, ""atr_mult"": 1.0}}",一直释放,4.92-4.8-4.21-3.84-4.14,低-低-低-高,2.44%-12.29%-8.79%-7.68%,20.0,21.98,RIMINI STREET INC,1D
2026-06-01 00:00:00,Long,RMNI,4.27,9.21%,3.72,utb,参数二,"{""utb"": {""key_value"": 3, ""atr_period"": 14, ""use_ha"": false}, ""r&s"": {""srb_left"": 15, ""srb_right"": 15}, ""atr"": {""atr_length"": 14, ""atr_mult"": 1.0}}",,,,,,,RIMINI STREET INC,1D
2026-06-01 00:00:00,Long,LVS,53.27,5.34%,49.35,utb,参数一,"{""utb"": {""key_value"": 2, ""atr_period"": 14, ""use_ha"": false}, ""r&s"": {""srb_left"": 10, ""srb_right"": 10}, ""atr"": {""atr_length"": 14, ""atr_mult"": 1.0}}",,,,,,,LAS VEGAS SANDS CORP,1D
2026-06-01 00:00:00,Short,SWX,84.49,-2.00%,88.02,sqz,参数一,"{""sqz"": {""bb_length"": 15, ""bb_mult"": 1.5, ""kc_length"": 15, ""kc_mult"": 1.2, ""min_sqz_bars"": 4}, ""r&s"": {""srb_left"": 10, ""srb_right"": 10}, ""atr"": {""atr_length"": 14, ""atr_mult"": 1.0}}",支撑释放,77.26-79.96-80.73-82.91-87.21,高-高-高-高,3.50%-0.97%-2.69%-5.18%,27.0,7.5,SOUTHWEST GAS HOLDINGS INC,1D
2026-06-01 00:00:00,Long,SLSR,10.67,4.61%,9.5,utb,参数一,"{""utb"": {""key_value"": 2, ""atr_period"": 14, ""use_ha"": false}, ""r&s"": {""srb_left"": 10, ""srb_right"": 10}, ""atr"": {""atr_length"": 14, ""atr_mult"": 1.0}}",,,,,,,SOLARIS RESOURCES INC,1D
2026-06-01 00:00:00,Short,GBCI,46.35,-2.52%,48.26,utb,参数一,"{""utb"": {""key_value"": 2, ""atr_period"": 14, ""use_ha"": false}, ""r&s"": {""srb_left"": 10, ""srb_right"": 10}, ""atr"": {""atr_length"": 14, ""atr_mult"": 1.0}}",,,,,,,GLACIER BANCORP INC,1D
2026-06-01 00:00:00,Long,BLZE,9.11,10.02%,7.56,sqz,参数一,"{""sqz"": {""bb_length"": 15, ""bb_mult"": 1.5, ""kc_length"": 15, ""kc_mult"": 1.2, ""min_sqz_bars"": 4}, ""r&s"": {""srb_left"": 10, ""srb_right"": 10}, ""atr"": {""atr_length"": 14, ""atr_mult"": 1.0}}",压力释放,10.86-5.11-5.24-4.54-8.42,低-高-低-高,52.94%-2.54%-13.36%-85.46%,18.0,25.77,BACKBLAZE INC-A,1D
2026-06-01 00:00:00,Long,BLZE,9.11,10.02%,7.56,sqz,参数二,"{""sqz"": {""bb_length"": 20, ""bb_mult"": 1.8, ""kc_length"": 20, ""kc_mult"": 1.5, ""min_sqz_bars"": 4}, ""r&s"": {""srb_left"": 15, ""srb_right"": 15}, ""atr"": {""atr_length"": 14, ""atr_mult"": 1.0}}",一直释放,10.83-10.86-5.11-5.24-8.42,高-低-高-高,0.26%-52.94%-2.54%-60.69%,18.0,25.77,BACKBLAZE INC-A,1D
2026-06-01 00:00:00,Short,NJR,53.66,-2.88%,56.2,sqz,参数一,"{""sqz"": {""bb_length"": 15, ""bb_mult"": 1.5, ""kc_length"": 15, ""kc_mult"": 1.2, ""min_sqz_bars"": 4}, ""r&s"": {""srb_left"": 10, ""srb_right"": 10}, ""atr"": {""atr_length"": 14, ""atr_mult"": 1.0}}",支撑释放,42.63-43.66-44.25-52.17-54.44,高-高-高-高,2.42%-1.34%-17.90%-4.35%,16.0,7.59,NEW JERSEY RESOURCES CORP,1D
2026-06-01 00:00:00,Short,NJR,53.66,-2.88%,56.2,utb,参数二,"{""utb"": {""key_value"": 3, ""atr_period"": 14, ""use_ha"": false}, ""r&s"": {""srb_left"": 15, ""srb_right"": 15}, ""atr"": {""atr_length"": 14, ""atr_mult"": 1.0}}",,,,,,,NEW JERSEY RESOURCES CORP,1D
2026-06-01 00:00:00,Long,PAG,170.44,1.83%,161.11,utb,参数二,"{""utb"": {""key_value"": 3, ""atr_period"": 14, ""use_ha"": false}, ""r&s"": {""srb_left"": 15, ""srb_right"": 15}, ""atr"": {""atr_length"": 14, ""atr_mult"": 1.0}}",,,,,,,PENSKE AUTOMOTIVE GROUP INC,1D
2026-06-01 00:00:00,Short,MDA,42.46,-5.07%,47.04,utb,参数一,"{""utb"": {""key_value"": 2, ""atr_period"": 14, ""use_ha"": false}, ""r&s"": {""srb_left"": 10, ""srb_right"": 10}, ""atr"": {""atr_length"": 14, ""atr_mult"": 1.0}}",,,,,,,MDA SPACE LTD,1D
2026-06-01 00:00:00,Short,CODX,6.2,-27.32%,9.48,utb,参数一,"{""utb"": {""key_value"": 2, ""atr_period"": 14, ""use_ha"": false}, ""r&s"": {""srb_left"": 10, ""srb_right"": 10}, ""atr"": {""atr_length"": 14, ""atr_mult"": 1.0}}",,,,,,,CO-DIAGNOSTICS INC,1D
2026-06-01 00:00:00,Short,CODX,6.2,-27.32%,9.48,utb,参数二,"{""utb"": {""key_value"": 3, ""atr_period"": 14, ""use_ha"": false}, ""r&s"": {""srb_left"": 15, ""srb_right"": 15}, ""atr"": {""atr_length"": 14, ""atr_mult"": 1.0}}",,,,,,,CO-DIAGNOSTICS INC,1D
2026-06-01 00:00:00,Short,TTMI,172.44,-0.74%,189.58,utb,参数一,"{""utb"": {""key_value"": 2, ""atr_period"": 14, ""use_ha"": false}, ""r&s"": {""srb_left"": 10, ""srb_right"": 10}, ""atr"": {""atr_length"": 14, ""atr_mult"": 1.0}}",,,,,,,TTM TECHNOLOGIES,1D
2026-06-01 00:00:00,Short,SIDU,4.44,-9.57%,5.63,utb,参数一,"{""utb"": {""key_value"": 2, ""atr_period"": 14, ""use_ha"": false}, ""r&s"": {""srb_left"": 10, ""srb_right"": 10}, ""atr"": {""atr_length"": 14, ""atr_mult"": 1.0}}",,,,,,,SIDUS SPACE INC-CL A,1D
2026-06-01 00:00:00,Long,CURI,3.31,15.73%,2.82,utb,参数一,"{""utb"": {""key_value"": 2, ""atr_period"": 14, ""use_ha"": false}, ""r&s"": {""srb_left"": 10, ""srb_right"": 10}, ""atr"": {""atr_length"": 14, ""atr_mult"": 1.0}}",,,,,,,CURIOSITYSTREAM INC,1D
2026-06-01 00:00:00,Long,CURI,3.31,15.73%,2.82,utb,参数二,"{""utb"": {""key_value"": 3, ""atr_period"": 14, ""use_ha"": false}, ""r&s"": {""srb_left"": 15, ""srb_right"": 15}, ""atr"": {""atr_length"": 14, ""atr_mult"": 1.0}}",,,,,,,CURIOSITYSTREAM INC,1D
2026-06-01 00:00:00,Long,INTA,26.03,12.73%,21.7,utb,参数二,"{""utb"": {""key_value"": 3, ""atr_period"": 14, ""use_ha"": false}, ""r&s"": {""srb_left"": 15, ""srb_right"": 15}, ""atr"": {""atr_length"": 14, ""atr_mult"": 1.0}}",,,,,,,INTAPP INC,1D
2026-06-01 00:00:00,Short,ARDX,5.73,-5.13%,6.3,sqz,参数二,"{""sqz"": {""bb_length"": 20, ""bb_mult"": 1.8, ""kc_length"": 20, ""kc_mult"": 1.5, ""min_sqz_bars"": 4}, ""r&s"": {""srb_left"": 15, ""srb_right"": 15}, ""atr"": {""atr_length"": 14, ""atr_mult"": 1.0}}",一直亮红,5.3-5.53-5.55-5.11-5.82,高-高-低-高,4.34%-0.36%-8.02%-14.01%,22.0,27.66,ARDELYX INC,1D
2026-06-01 00:00:00,Long,UVV,54.13,4.36%,50.72,utb,参数一,"{""utb"": {""key_value"": 2, ""atr_period"": 14, ""use_ha"": false}, ""r&s"": {""srb_left"": 10, ""srb_right"": 10}, ""atr"": {""atr_length"": 14, ""atr_mult"": 1.0}}",,,,,,,UNIVERSAL CORP/VA,1D
2026-06-01 00:00:00,Short,AEE,105.09,-2.67%,108.97,utb,参数一,"{""utb"": {""key_value"": 2, ""atr_period"": 14, ""use_ha"": false}, ""r&s"": {""srb_left"": 10, ""srb_right"": 10}, ""atr"": {""atr_length"": 14, ""atr_mult"": 1.0}}",,,,,,,AMEREN CORPORATION,1D
2026-06-01 00:00:00,Short,AEE,105.09,-2.67%,108.97,sqz,参数一,"{""sqz"": {""bb_length"": 15, ""bb_mult"": 1.5, ""kc_length"": 15, ""kc_mult"": 1.2, ""min_sqz_bars"": 4}, ""r&s"": {""srb_left"": 10, ""srb_right"": 10}, ""atr"": {""atr_length"": 14, ""atr_mult"": 1.0}}",支撑释放,96.54-98.75-95.92-97.23-105.66,高-低-高-高,2.29%-2.87%-1.37%-8.67%,49.0,9.4,AMEREN CORPORATION,1D
2026-06-01 00:00:00,Short,HTCO,2.55,-2.67%,5.31,sqz,参数一,"{""sqz"": {""bb_length"": 15, ""bb_mult"": 1.5, ""kc_length"": 15, ""kc_mult"": 1.2, ""min_sqz_bars"": 4}, ""r&s"": {""srb_left"": 10, ""srb_right"": 10}, ""atr"": {""atr_length"": 14, ""atr_mult"": 1.0}}",一直释放,7.65-8.15-7.51-6.1-4.6,高-低-低-低,6.54%-7.85%-18.77%-24.59%,16.0,163.48,HIGH-TREND INTERNATIONAL-A,1D
2026-06-01 00:00:00,Short,PNTG,32.0,-6.57%,36.62,utb,参数一,"{""utb"": {""key_value"": 2, ""atr_period"": 14, ""use_ha"": false}, ""r&s"": {""srb_left"": 10, ""srb_right"": 10}, ""atr"": {""atr_length"": 14, ""atr_mult"": 1.0}}",,,,,,,PENNANT GROUP INC/THE,1D
2026-06-01 00:00:00,Short,PNTG,32.0,-6.57%,36.62,utb,参数二,"{""utb"": {""key_value"": 3, ""atr_period"": 14, ""use_ha"": false}, ""r&s"": {""srb_left"": 15, ""srb_right"": 15}, ""atr"": {""atr_length"": 14, ""atr_mult"": 1.0}}",,,,,,,PENNANT GROUP INC/THE,1D
2026-06-01 00:00:00,Long,BLND,1.74,-2.79%,1.6,sqz,参数一,"{""sqz"": {""bb_length"": 15, ""bb_mult"": 1.5, ""kc_length"": 15, ""kc_mult"": 1.2, ""min_sqz_bars"": 4}, ""r&s"": {""srb_left"": 10, ""srb_right"": 10}, ""atr"": {""atr_length"": 14, ""atr_mult"": 1.0}}",压力释放,3.4-3.43-1.97-2.05-1.69,高-低-高-低,1.03%-42.65%-4.26%-17.72%,16.0,43.83,BLEND LABS INC-A,1D
2026-06-01 00:00:00,Long,VEEV,188.66,8.21%,171.36,sqz,参数一,"{""sqz"": {""bb_length"": 15, ""bb_mult"": 1.5, ""kc_length"": 15, ""kc_mult"": 1.2, ""min_sqz_bars"": 4}, ""r&s"": {""srb_left"": 10, ""srb_right"": 10}, ""atr"": {""atr_length"": 14, ""atr_mult"": 1.0}}",压力释放,310.5-302.17-245.49-205.48-175.11,低-低-低-低,2.68%-18.76%-16.30%-14.78%,20.0,14.59,VEEVA SYSTEMS INC-CLASS A,1D
2026-06-01 00:00:00,Long,VEEV,188.66,8.21%,171.36,sqz,参数二,"{""sqz"": {""bb_length"": 20, ""bb_mult"": 1.8, ""kc_length"": 20, ""kc_mult"": 1.5, ""min_sqz_bars"": 4}, ""r&s"": {""srb_left"": 15, ""srb_right"": 15}, ""atr"": {""atr_length"": 14, ""atr_mult"": 1.0}}",压力释放,310.5-302.17-245.49-205.48-175.11,低-低-低-低,2.68%-18.76%-16.30%-14.78%,20.0,14.59,VEEVA SYSTEMS INC-CLASS A,1D
2026-06-01 00:00:00,Long,ELTX,12.12,5.94%,10.26,utb,参数二,"{""utb"": {""key_value"": 3, ""atr_period"": 14, ""use_ha"": false}, ""r&s"": {""srb_left"": 15, ""srb_right"": 15}, ""atr"": {""atr_length"": 14, ""atr_mult"": 1.0}}",,,,,,,ELICIO THERAPEUTICS INC,1D
2026-06-01 00:00:00,Short,SNDX,18.85,-3.78%,20.49,utb,参数一,"{""utb"": {""key_value"": 2, ""atr_period"": 14, ""use_ha"": false}, ""r&s"": {""srb_left"": 10, ""srb_right"": 10}, ""atr"": {""atr_length"": 14, ""atr_mult"": 1.0}}",,,,,,,SYNDAX PHARMACEUTICALS INC,1D
2026-06-01 00:00:00,Long,CCC,5.14,9.36%,4.44,utb,参数一,"{""utb"": {""key_value"": 2, ""atr_period"": 14, ""use_ha"": false}, ""r&s"": {""srb_left"": 10, ""srb_right"": 10}, ""atr"": {""atr_length"": 14, ""atr_mult"": 1.0}}",,,,,,,CCC INTELLIGENT SOLUTIONS HO,1D
2026-06-01 00:00:00,Short,RGA,198.71,-1.01%,206.47,sqz,参数一,"{""sqz"": {""bb_length"": 15, ""bb_mult"": 1.5, ""kc_length"": 15, ""kc_mult"": 1.2, ""min_sqz_bars"": 4}, ""r&s"": {""srb_left"": 10, ""srb_right"": 10}, ""atr"": {""atr_length"": 14, ""atr_mult"": 1.0}}",支撑释放,180.91-175.83-190.77-195.58-203.4,低-高-高-高,2.81%-8.50%-2.52%-4.00%,21.0,8.63,REINSURANCE GROUP OF AMERICA,1D
2026-06-01 00:00:00,Short,RGA,198.71,-1.01%,206.47,utb,参数二,"{""utb"": {""key_value"": 3, ""atr_period"": 14, ""use_ha"": false}, ""r&s"": {""srb_left"": 15, ""srb_right"": 15}, ""atr"": {""atr_length"": 14, ""atr_mult"": 1.0}}",,,,,,,REINSURANCE GROUP OF AMERICA,1D
2026-06-01 00:00:00,Short,EMA,50.85,-2.51%,52.81,utb,参数二,"{""utb"": {""key_value"": 3, ""atr_period"": 14, ""use_ha"": false}, ""r&s"": {""srb_left"": 15, ""srb_right"": 15}, ""atr"": {""atr_length"": 14, ""atr_mult"": 1.0}}",,,,,,,EMERA INC,1D
2026-06-01 00:00:00,Long,NOW,135.86,9.24%,124.44,sqz,参数一,"{""sqz"": {""bb_length"": 15, ""bb_mult"": 1.5, ""kc_length"": 15, ""kc_mult"": 1.2, ""min_sqz_bars"": 4}, ""r&s"": {""srb_left"": 10, ""srb_right"": 10}, ""atr"": {""atr_length"": 14, ""atr_mult"": 1.0}}",一直亮绿,210.2-194.73-192.97-175.0-126.67,低-低-低-低,7.36%-0.90%-9.31%-27.62%,58.0,55.92,SERVICENOW INC,1D
2026-06-01 00:00:00,Long,NOW,135.86,9.24%,124.44,sqz,参数二,"{""sqz"": {""bb_length"": 20, ""bb_mult"": 1.8, ""kc_length"": 20, ""kc_mult"": 1.5, ""min_sqz_bars"": 4}, ""r&s"": {""srb_left"": 15, ""srb_right"": 15}, ""atr"": {""atr_length"": 14, ""atr_mult"": 1.0}}",一直亮绿,211.48-194.73-192.97-175.0-126.67,低-低-低-低,7.92%-0.90%-9.31%-27.62%,58.0,55.92,SERVICENOW INC,1D
2026-06-01 00:00:00,Long,CACI,524.92,2.22%,500.7,utb,参数一,"{""utb"": {""key_value"": 2, ""atr_period"": 14, ""use_ha"": false}, ""r&s"": {""srb_left"": 10, ""srb_right"": 10}, ""atr"": {""atr_length"": 14, ""atr_mult"": 1.0}}",,,,,,,CACI INTERNATIONAL INC -CL A,1D
2026-06-01 00:00:00,Long,MEC,30.88,15.01%,25.16,utb,参数二,"{""utb"": {""key_value"": 3, ""atr_period"": 14, ""use_ha"": false}, ""r&s"": {""srb_left"": 15, ""srb_right"": 15}, ""atr"": {""atr_length"": 14, ""atr_mult"": 1.0}}",,,,,,,MAYVILLE ENGINEERING CO INC,1D
2026-06-01 00:00:00,Short,ZVIA,1.43,-7.74%,1.77,utb,参数二,"{""utb"": {""key_value"": 3, ""atr_period"": 14, ""use_ha"": false}, ""r&s"": {""srb_left"": 15, ""srb_right"": 15}, ""atr"": {""atr_length"": 14, ""atr_mult"": 1.0}}",,,,,,,ZEVIA PBC-A,1D
2026-06-01 00:00:00,Long,FISV,59.05,4.40%,54.46,utb,参数二,"{""utb"": {""key_value"": 3, ""atr_period"": 14, ""use_ha"": false}, ""r&s"": {""srb_left"": 15, ""srb_right"": 15}, ""atr"": {""atr_length"": 14, ""atr_mult"": 1.0}}",,,,,,,FISERV INC,1D
2026-06-01 00:00:00,Short,COLA,10.69,-1.20%,11.06,utb,参数二,"{""utb"": {""key_value"": 3, ""atr_period"": 14, ""use_ha"": false}, ""r&s"": {""srb_left"": 15, ""srb_right"": 15}, ""atr"": {""atr_length"": 14, ""atr_mult"": 1.0}}",,,,,,,COLUMBUS ACQUISITION CORP,1D
2026-06-01 00:00:00,Long,LSTA,3.58,10.15%,3.26,utb,参数二,"{""utb"": {""key_value"": 3, ""atr_period"": 14, ""use_ha"": false}, ""r&s"": {""srb_left"": 15, ""srb_right"": 15}, ""atr"": {""atr_length"": 14, ""atr_mult"": 1.0}}",,,,,,,LISATA THERAPEUTICS INC,1D
2026-06-01 00:00:00,Short,IMRX,4.49,-22.10%,6.19,utb,参数一,"{""utb"": {""key_value"": 2, ""atr_period"": 14, ""use_ha"": false}, ""r&s"": {""srb_left"": 10, ""srb_right"": 10}, ""atr"": {""atr_length"": 14, ""atr_mult"": 1.0}}",,,,,,,IMMUNEERING CORP - CLASS A,1D
2026-06-01 00:00:00,Short,NAMS,31.79,-5.61%,35.28,utb,参数二,"{""utb"": {""key_value"": 3, ""atr_period"": 14, ""use_ha"": false}, ""r&s"": {""srb_left"": 15, ""srb_right"": 15}, ""atr"": {""atr_length"": 14, ""atr_mult"": 1.0}}",,,,,,,NEWAMSTERDAM PHARMA CO NV,1D
2026-06-01 00:00:00,Short,TSAT,49.71,-8.30%,57.24,utb,参数一,"{""utb"": {""key_value"": 2, ""atr_period"": 14, ""use_ha"": false}, ""r&s"": {""srb_left"": 10, ""srb_right"": 10}, ""atr"": {""atr_length"": 14, ""atr_mult"": 1.0}}",,,,,,,TELESAT CORP,1D
2026-06-01 00:00:00,Long,WALD,1.83,48.78%,1.05,utb,参数一,"{""utb"": {""key_value"": 2, ""atr_period"": 14, ""use_ha"": false}, ""r&s"": {""srb_left"": 10, ""srb_right"": 10}, ""atr"": {""atr_length"": 14, ""atr_mult"": 1.0}}",,,,,,,WALDENCAST PLC-A,1D
2026-06-01 00:00:00,Long,WALD,1.83,48.78%,1.05,utb,参数二,"{""utb"": {""key_value"": 3, ""atr_period"": 14, ""use_ha"": false}, ""r&s"": {""srb_left"": 15, ""srb_right"": 15}, ""atr"": {""atr_length"": 14, ""atr_mult"": 1.0}}",,,,,,,WALDENCAST PLC-A,1D
2026-06-01 00:00:00,Long,OMC,75.97,4.48%,71.07,utb,参数一,"{""utb"": {""key_value"": 2, ""atr_period"": 14, ""use_ha"": false}, ""r&s"": {""srb_left"": 10, ""srb_right"": 10}, ""atr"": {""atr_length"": 14, ""atr_mult"": 1.0}}",,,,,,,OMNICOM GROUP,1D
2026-06-01 00:00:00,Short,ECG,145.13,-2.45%,155.28,utb,参数二,"{""utb"": {""key_value"": 3, ""atr_period"": 14, ""use_ha"": false}, ""r&s"": {""srb_left"": 15, ""srb_right"": 15}, ""atr"": {""atr_length"": 14, ""atr_mult"": 1.0}}",,,,,,,EVERUS CONSTRUCTION GROUP,1D
2026-06-01 00:00:00,Long,P,84.45,6.21%,72.37,utb,参数一,"{""utb"": {""key_value"": 2, ""atr_period"": 14, ""use_ha"": false}, ""r&s"": {""srb_left"": 10, ""srb_right"": 10}, ""atr"": {""atr_length"": 14, ""atr_mult"": 1.0}}",,,,,,,EVERPURE INC-A,1D
2026-06-01 00:00:00,Long,UPS,109.02,2.18%,102.3,sqz,参数一,"{""sqz"": {""bb_length"": 15, ""bb_mult"": 1.5, ""kc_length"": 15, ""kc_mult"": 1.2, ""min_sqz_bars"": 4}, ""r&s"": {""srb_left"": 10, ""srb_right"": 10}, ""atr"": {""atr_length"": 14, ""atr_mult"": 1.0}}",一直亮绿,82.34-95.88-99.79-118.73-108.02,高-高-高-低,16.44%-4.09%-18.97%-9.02%,20.0,15.09,UNITED PARCEL SERVICE-CL B,1D
2026-06-01 00:00:00,Short,MATV,7.91,-10.92%,9.16,utb,参数一,"{""utb"": {""key_value"": 2, ""atr_period"": 14, ""use_ha"": false}, ""r&s"": {""srb_left"": 10, ""srb_right"": 10}, ""atr"": {""atr_length"": 14, ""atr_mult"": 1.0}}",,,,,,,MATIV HOLDINGS INC,1D
2026-06-01 00:00:00,Long,KBH,51.11,4.60%,48.31,utb,参数二,"{""utb"": {""key_value"": 3, ""atr_period"": 14, ""use_ha"": false}, ""r&s"": {""srb_left"": 15, ""srb_right"": 15}, ""atr"": {""atr_length"": 14, ""atr_mult"": 1.0}}",,,,,,,KB HOME,1D
2026-06-01 00:00:00,Long,MCS,20.07,6.59%,18.11,sqz,参数一,"{""sqz"": {""bb_length"": 15, ""bb_mult"": 1.5, ""kc_length"": 15, ""kc_mult"": 1.2, ""min_sqz_bars"": 4}, ""r&s"": {""srb_left"": 10, ""srb_right"": 10}, ""atr"": {""atr_length"": 14, ""atr_mult"": 1.0}}",一直亮绿,15.94-16.15-16.05-17.84-19.94,高-低-高-高,1.28%-0.61%-11.18%-11.72%,30.0,18.25,MARCUS CORPORATION,1D
2026-06-01 00:00:00,Long,MCS,20.07,6.59%,18.11,sqz,参数二,"{""sqz"": {""bb_length"": 20, ""bb_mult"": 1.8, ""kc_length"": 20, ""kc_mult"": 1.5, ""min_sqz_bars"": 4}, ""r&s"": {""srb_left"": 15, ""srb_right"": 15}, ""atr"": {""atr_length"": 14, ""atr_mult"": 1.0}}",一直亮绿,15.94-16.15-16.05-17.84-19.94,高-低-高-高,1.28%-0.61%-11.18%-11.72%,30.0,18.25,MARCUS CORPORATION,1D
2026-06-01 00:00:00,Long,CCLD,2.48,5.74%,2.19,utb,参数一,"{""utb"": {""key_value"": 2, ""atr_period"": 14, ""use_ha"": false}, ""r&s"": {""srb_left"": 10, ""srb_right"": 10}, ""atr"": {""atr_length"": 14, ""atr_mult"": 1.0}}",,,,,,,CARECLOUD INC,1D
2026-06-01 00:00:00,Short,VIAV,47.49,-2.20%,52.26,utb,参数一,"{""utb"": {""key_value"": 2, ""atr_period"": 14, ""use_ha"": false}, ""r&s"": {""srb_left"": 10, ""srb_right"": 10}, ""atr"": {""atr_length"": 14, ""atr_mult"": 1.0}}",,,,,,,VIAVI SOLUTIONS INC,1D
2026-06-01 00:00:00,Long,OTEX,25.38,6.46%,22.44,utb,参数一,"{""utb"": {""key_value"": 2, ""atr_period"": 14, ""use_ha"": false}, ""r&s"": {""srb_left"": 10, ""srb_right"": 10}, ""atr"": {""atr_length"": 14, ""atr_mult"": 1.0}}",,,,,,,OPEN TEXT CORP,1D
2026-06-01 00:00:00,Long,EXPO,60.39,3.55%,55.68,utb,参数一,"{""utb"": {""key_value"": 2, ""atr_period"": 14, ""use_ha"": false}, ""r&s"": {""srb_left"": 10, ""srb_right"": 10}, ""atr"": {""atr_length"": 14, ""atr_mult"": 1.0}}",,,,,,,EXPONENT INC,1D
2026-06-01 00:00:00,Long,GDRX,3.08,5.48%,2.73,sqz,参数二,"{""sqz"": {""bb_length"": 20, ""bb_mult"": 1.8, ""kc_length"": 20, ""kc_mult"": 1.5, ""min_sqz_bars"": 4}, ""r&s"": {""srb_left"": 15, ""srb_right"": 15}, ""atr"": {""atr_length"": 14, ""atr_mult"": 1.0}}",一直亮绿,5.12-5.41-5.81-2.97-2.96,高-高-低-低,5.66%-7.39%-48.88%-0.34%,95.0,67.23,GOODRX HOLDINGS INC-CLASS A,1D
2026-06-01 00:00:00,Long,DTCX,2.52,9.09%,2.08,utb,参数一,"{""utb"": {""key_value"": 2, ""atr_period"": 14, ""use_ha"": false}, ""r&s"": {""srb_left"": 10, ""srb_right"": 10}, ""atr"": {""atr_length"": 14, ""atr_mult"": 1.0}}",,,,,,,DATACENTREX INC,1D
2026-06-01 00:00:00,Long,MAX,9.35,5.06%,8.39,utb,参数一,"{""utb"": {""key_value"": 2, ""atr_period"": 14, ""use_ha"": false}, ""r&s"": {""srb_left"": 10, ""srb_right"": 10}, ""atr"": {""atr_length"": 14, ""atr_mult"": 1.0}}",,,,,,,MEDIAALPHA INC-CLASS A,1D
2026-06-01 00:00:00,Short,HNVR,22.4,-3.70%,23.88,utb,参数一,"{""utb"": {""key_value"": 2, ""atr_period"": 14, ""use_ha"": false}, ""r&s"": {""srb_left"": 10, ""srb_right"": 10}, ""atr"": {""atr_length"": 14, ""atr_mult"": 1.0}}",,,,,,,HANOVER BANCORP INC,1D
2026-06-01 00:00:00,Long,FVRR,11.45,4.19%,10.34,utb,参数一,"{""utb"": {""key_value"": 2, ""atr_period"": 14, ""use_ha"": false}, ""r&s"": {""srb_left"": 10, ""srb_right"": 10}, ""atr"": {""atr_length"": 14, ""atr_mult"": 1.0}}",,,,,,,FIVERR INTERNATIONAL LTD,1D
2026-06-01 00:00:00,Short,TRT,12.2,-4.01%,14.92,utb,参数二,"{""utb"": {""key_value"": 3, ""atr_period"": 14, ""use_ha"": false}, ""r&s"": {""srb_left"": 15, ""srb_right"": 15}, ""atr"": {""atr_length"": 14, ""atr_mult"": 1.0}}",,,,,,,TRIO-TECH INTERNATIONAL,1D
2026-06-01 00:00:00,Long,DCBO,19.75,8.04%,17.09,utb,参数一,"{""utb"": {""key_value"": 2, ""atr_period"": 14, ""use_ha"": false}, ""r&s"": {""srb_left"": 10, ""srb_right"": 10}, ""atr"": {""atr_length"": 14, ""atr_mult"": 1.0}}",,,,,,,DOCEBO INC,1D
2026-06-01 00:00:00,Short,AVAH,6.67,-6.97%,7.63,utb,参数一,"{""utb"": {""key_value"": 2, ""atr_period"": 14, ""use_ha"": false}, ""r&s"": {""srb_left"": 10, ""srb_right"": 10}, ""atr"": {""atr_length"": 14, ""atr_mult"": 1.0}}",,,,,,,AVEANNA HEALTHCARE HOLDINGS,1D
2026-06-01 00:00:00,Long,BBDC,8.84,2.08%,8.49,utb,参数一,"{""utb"": {""key_value"": 2, ""atr_period"": 14, ""use_ha"": false}, ""r&s"": {""srb_left"": 10, ""srb_right"": 10}, ""atr"": {""atr_length"": 14, ""atr_mult"": 1.0}}",,,,,,,BARINGS BDC INC,1D
2026-06-01 00:00:00,Long,EW,88.16,1.95%,83.83,sqz,参数二,"{""sqz"": {""bb_length"": 20, ""bb_mult"": 1.8, ""kc_length"": 20, ""kc_mult"": 1.5, ""min_sqz_bars"": 4}, ""r&s"": {""srb_left"": 15, ""srb_right"": 15}, ""atr"": {""atr_length"": 14, ""atr_mult"": 1.0}}",一直亮绿,78.75-83.0-82.67-87.89-87.32,高-低-高-低,5.40%-0.40%-6.31%-0.65%,63.0,14.16,EDWARDS LIFESCIENCES CORP,1D
2026-06-01 00:00:00,Long,TMQ,4.76,2.81%,4.17,utb,参数二,"{""utb"": {""key_value"": 3, ""atr_period"": 14, ""use_ha"": false}, ""r&s"": {""srb_left"": 15, ""srb_right"": 15}, ""atr"": {""atr_length"": 14, ""atr_mult"": 1.0}}",,,,,,,TRILOGY METALS INC,1D
2026-06-01 00:00:00,Long,FLNC,27.15,43.80%,20.45,utb,参数一,"{""utb"": {""key_value"": 2, ""atr_period"": 14, ""use_ha"": false}, ""r&s"": {""srb_left"": 10, ""srb_right"": 10}, ""atr"": {""atr_length"": 14, ""atr_mult"": 1.0}}",,,,,,,FLUENCE ENERGY INC,1D
2026-06-01 00:00:00,Long,FLNC,27.15,43.80%,20.45,utb,参数二,"{""utb"": {""key_value"": 3, ""atr_period"": 14, ""use_ha"": false}, ""r&s"": {""srb_left"": 15, ""srb_right"": 15}, ""atr"": {""atr_length"": 14, ""atr_mult"": 1.0}}",,,,,,,FLUENCE ENERGY INC,1D
2026-06-01 00:00:00,Short,DUK,119.89,-2.31%,124.13,utb,参数一,"{""utb"": {""key_value"": 2, ""atr_period"": 14, ""use_ha"": false}, ""r&s"": {""srb_left"": 10, ""srb_right"": 10}, ""atr"": {""atr_length"": 14, ""atr_mult"": 1.0}}",,,,,,,DUKE ENERGY CORP,1D
2026-06-01 00:00:00,Long,HCKT,12.06,4.60%,10.85,utb,参数二,"{""utb"": {""key_value"": 3, ""atr_period"": 14, ""use_ha"": false}, ""r&s"": {""srb_left"": 15, ""srb_right"": 15}, ""atr"": {""atr_length"": 14, ""atr_mult"": 1.0}}",,,,,,,HACKETT GROUP INC/THE,1D
2026-06-01 00:00:00,Short,INDV,34.88,-3.16%,37.29,utb,参数二,"{""utb"": {""key_value"": 3, ""atr_period"": 14, ""use_ha"": false}, ""r&s"": {""srb_left"": 15, ""srb_right"": 15}, ""atr"": {""atr_length"": 14, ""atr_mult"": 1.0}}",,,,,,,INDIVIOR PHARMACEUTICALS INC,1D
2026-06-01 00:00:00,Long,VYX,7.49,4.17%,6.85,utb,参数一,"{""utb"": {""key_value"": 2, ""atr_period"": 14, ""use_ha"": false}, ""r&s"": {""srb_left"": 10, ""srb_right"": 10}, ""atr"": {""atr_length"": 14, ""atr_mult"": 1.0}}",,,,,,,NCR VOYIX CORP,1D
2026-06-01 00:00:00,Long,RCUS,25.67,1.30%,23.19,utb,参数一,"{""utb"": {""key_value"": 2, ""atr_period"": 14, ""use_ha"": false}, ""r&s"": {""srb_left"": 10, ""srb_right"": 10}, ""atr"": {""atr_length"": 14, ""atr_mult"": 1.0}}",,,,,,,ARCUS BIOSCIENCES INC,1D
2026-06-01 00:00:00,Long,KARO,50.38,5.62%,45.37,utb,参数一,"{""utb"": {""key_value"": 2, ""atr_period"": 14, ""use_ha"": false}, ""r&s"": {""srb_left"": 10, ""srb_right"": 10}, ""atr"": {""atr_length"": 14, ""atr_mult"": 1.0}}",,,,,,,KAROOOOO LTD,1D
2026-06-01 00:00:00,Short,CPRT,32.32,-1.37%,33.92,utb,参数一,"{""utb"": {""key_value"": 2, ""atr_period"": 14, ""use_ha"": false}, ""r&s"": {""srb_left"": 10, ""srb_right"": 10}, ""atr"": {""atr_length"": 14, ""atr_mult"": 1.0}}",,,,,,,COPART INC,1D
2026-06-01 00:00:00,Short,TPL,368.23,-6.16%,413.75,sqz,参数二,"{""sqz"": {""bb_length"": 20, ""bb_mult"": 1.8, ""kc_length"": 20, ""kc_mult"": 1.5, ""min_sqz_bars"": 4}, ""r&s"": {""srb_left"": 15, ""srb_right"": 15}, ""atr"": {""atr_length"": 14, ""atr_mult"": 1.0}}",一直释放,280.1-285.38-286.21-268.51-369.84,高-高-低-高,1.89%-0.29%-6.18%-37.74%,36.0,22.79,TEXAS PACIFIC LAND CORP,1D
2026-06-01 00:00:00,Short,SO,89.03,-3.28%,93.12,utb,参数一,"{""utb"": {""key_value"": 2, ""atr_period"": 14, ""use_ha"": false}, ""r&s"": {""srb_left"": 10, ""srb_right"": 10}, ""atr"": {""atr_length"": 14, ""atr_mult"": 1.0}}",,,,,,,SOUTHERN CO/THE,1D
2026-06-01 00:00:00,Short,SO,89.03,-3.28%,93.12,sqz,参数一,"{""sqz"": {""bb_length"": 15, ""bb_mult"": 1.5, ""kc_length"": 15, ""kc_mult"": 1.2, ""min_sqz_bars"": 4}, ""r&s"": {""srb_left"": 10, ""srb_right"": 10}, ""atr"": {""atr_length"": 14, ""atr_mult"": 1.0}}",支撑释放,88.18-82.46-92.39-90.85-90.86,低-高-低-高,6.49%-12.04%-1.67%-0.01%,15.0,4.5,SOUTHERN CO/THE,1D
2026-06-01 00:00:00,Short,CELC,122.96,-7.47%,143.22,utb,参数一,"{""utb"": {""key_value"": 2, ""atr_period"": 14, ""use_ha"": false}, ""r&s"": {""srb_left"": 10, ""srb_right"": 10}, ""atr"": {""atr_length"": 14, ""atr_mult"": 1.0}}",,,,,,,CELCUITY INC,1D
2026-06-01 00:00:00,Long,SKLZ,10.0,6.72%,7.98,utb,参数二,"{""utb"": {""key_value"": 3, ""atr_period"": 14, ""use_ha"": false}, ""r&s"": {""srb_left"": 15, ""srb_right"": 15}, ""atr"": {""atr_length"": 14, ""atr_mult"": 1.0}}",,,,,,,SKILLZ INC,1D
2026-06-01 00:00:00,Long,APM,1.07,3.88%,0.96,sqz,参数一,"{""sqz"": {""bb_length"": 15, ""bb_mult"": 1.5, ""kc_length"": 15, ""kc_mult"": 1.2, ""min_sqz_bars"": 4}, ""r&s"": {""srb_left"": 10, ""srb_right"": 10}, ""atr"": {""atr_length"": 14, ""atr_mult"": 1.0}}",压力释放,4.47-2.59-1.72-1.34-1.03,低-低-低-低,42.06%-33.59%-22.09%-23.13%,26.0,30.38,APTORUM GROUP LTD-CLASS A,1D
2026-06-01 00:00:00,Long,APM,1.07,3.88%,0.96,sqz,参数二,"{""sqz"": {""bb_length"": 20, ""bb_mult"": 1.8, ""kc_length"": 20, ""kc_mult"": 1.5, ""min_sqz_bars"": 4}, ""r&s"": {""srb_left"": 15, ""srb_right"": 15}, ""atr"": {""atr_length"": 14, ""atr_mult"": 1.0}}",压力释放,4.47-2.59-1.72-1.34-1.03,低-低-低-低,42.06%-33.59%-22.09%-23.13%,26.0,30.38,APTORUM GROUP LTD-CLASS A,1D
2026-06-01 00:00:00,Short,AM,20.83,-0.62%,21.55,utb,参数二,"{""utb"": {""key_value"": 3, ""atr_period"": 14, ""use_ha"": false}, ""r&s"": {""srb_left"": 15, ""srb_right"": 15}, ""atr"": {""atr_length"": 14, ""atr_mult"": 1.0}}",,,,,,,ANTERO MIDSTREAM CORP,1D
2026-06-01 00:00:00,Long,PHR,10.66,8.11%,9.08,utb,参数二,"{""utb"": {""key_value"": 3, ""atr_period"": 14, ""use_ha"": false}, ""r&s"": {""srb_left"": 15, ""srb_right"": 15}, ""atr"": {""atr_length"": 14, ""atr_mult"": 1.0}}",,,,,,,PHREESIA INC,1D
2026-06-01 00:00:00,Long,NABL,4.24,14.59%,3.48,utb,参数一,"{""utb"": {""key_value"": 2, ""atr_period"": 14, ""use_ha"": false}, ""r&s"": {""srb_left"": 10, ""srb_right"": 10}, ""atr"": {""atr_length"": 14, ""atr_mult"": 1.0}}",,,,,,,N-ABLE INC,1D
2026-06-01 00:00:00,Short,KYTX,8.22,-3.52%,9.2,sqz,参数一,"{""sqz"": {""bb_length"": 15, ""bb_mult"": 1.5, ""kc_length"": 15, ""kc_mult"": 1.2, ""min_sqz_bars"": 4}, ""r&s"": {""srb_left"": 10, ""srb_right"": 10}, ""atr"": {""atr_length"": 14, ""atr_mult"": 1.0}}",一直亮红,6.45-6.58-7.21-7.34-8.25,高-高-高-高,2.02%-9.57%-1.87%-12.32%,22.0,35.15,KYVERNA THERAPEUTICS INC,1D
2026-06-01 00:00:00,Short,KYTX,8.22,-3.52%,9.2,sqz,参数二,"{""sqz"": {""bb_length"": 20, ""bb_mult"": 1.8, ""kc_length"": 20, ""kc_mult"": 1.5, ""min_sqz_bars"": 4}, ""r&s"": {""srb_left"": 15, ""srb_right"": 15}, ""atr"": {""atr_length"": 14, ""atr_mult"": 1.0}}",一直亮红,2.8-6.2-7.21-7.34-8.25,高-高-高-高,121.43%-16.29%-1.87%-12.32%,22.0,35.15,KYVERNA THERAPEUTICS INC,1D
2026-06-01 00:00:00,Long,HUBS,262.2,18.84%,212.12,utb,参数二,"{""utb"": {""key_value"": 3, ""atr_period"": 14, ""use_ha"": false}, ""r&s"": {""srb_left"": 15, ""srb_right"": 15}, ""atr"": {""atr_length"": 14, ""atr_mult"": 1.0}}",,,,,,,HUBSPOT INC,1D
2026-06-01 00:00:00,Short,SILC,38.49,-4.49%,44.88,utb,参数二,"{""utb"": {""key_value"": 3, ""atr_period"": 14, ""use_ha"": false}, ""r&s"": {""srb_left"": 15, ""srb_right"": 15}, ""atr"": {""atr_length"": 14, ""atr_mult"": 1.0}}",,,,,,,SILICOM LTD,1D
2026-06-01 00:00:00,Long,LRN,96.5,4.46%,89.88,utb,参数一,"{""utb"": {""key_value"": 2, ""atr_period"": 14, ""use_ha"": false}, ""r&s"": {""srb_left"": 10, ""srb_right"": 10}, ""atr"": {""atr_length"": 14, ""atr_mult"": 1.0}}",,,,,,,STRIDE INC,1D
2026-06-01 00:00:00,Long,DBX,28.91,7.55%,26.1,utb,参数一,"{""utb"": {""key_value"": 2, ""atr_period"": 14, ""use_ha"": false}, ""r&s"": {""srb_left"": 10, ""srb_right"": 10}, ""atr"": {""atr_length"": 14, ""atr_mult"": 1.0}}",,,,,,,DROPBOX INC-CLASS A,1D
2026-06-01 00:00:00,Short,GLIBA,22.07,-1.08%,24.06,sqz,参数一,"{""sqz"": {""bb_length"": 15, ""bb_mult"": 1.5, ""kc_length"": 15, ""kc_mult"": 1.2, ""min_sqz_bars"": 4}, ""r&s"": {""srb_left"": 10, ""srb_right"": 10}, ""atr"": {""atr_length"": 14, ""atr_mult"": 1.0}}",一直释放,35.07-32.81-30.25-36.47-34.79,低-低-高-低,6.44%-7.80%-20.56%-4.61%,49.0,9.2,LIBERTY CAPITAL CORP,1D
2026-06-01 00:00:00,Long,GSIT,10.91,9.87%,8.43,sqz,参数二,"{""sqz"": {""bb_length"": 20, ""bb_mult"": 1.8, ""kc_length"": 20, ""kc_mult"": 1.5, ""min_sqz_bars"": 4}, ""r&s"": {""srb_left"": 15, ""srb_right"": 15}, ""atr"": {""atr_length"": 14, ""atr_mult"": 1.0}}",一直释放,3.95-5.89-18.15-9.2-10.11,高-高-低-高,49.11%-208.15%-49.31%-9.89%,53.0,117.89,GSI TECHNOLOGY INC,1D
2026-06-01 00:00:00,Long,QMCO,10.49,8.03%,8.51,utb,参数二,"{""utb"": {""key_value"": 3, ""atr_period"": 14, ""use_ha"": false}, ""r&s"": {""srb_left"": 15, ""srb_right"": 15}, ""atr"": {""atr_length"": 14, ""atr_mult"": 1.0}}",,,,,,,QUANTUM CORP,1D
2026-06-01 00:00:00,Short,TFPM,30.4,-3.86%,32.24,sqz,参数一,"{""sqz"": {""bb_length"": 15, ""bb_mult"": 1.5, ""kc_length"": 15, ""kc_mult"": 1.2, ""min_sqz_bars"": 4}, ""r&s"": {""srb_left"": 10, ""srb_right"": 10}, ""atr"": {""atr_length"": 14, ""atr_mult"": 1.0}}",一直亮红,26.8-31.83-31.95-29.99-30.99,高-高-低-高,18.75%-0.38%-6.14%-3.36%,19.0,16.33,TRIPLE FLAG PRECIOUS MET,1D
2026-06-01 00:00:00,Long,CRE,3.29,24.62%,2.56,utb,参数一,"{""utb"": {""key_value"": 2, ""atr_period"": 14, ""use_ha"": false}, ""r&s"": {""srb_left"": 10, ""srb_right"": 10}, ""atr"": {""atr_length"": 14, ""atr_mult"": 1.0}}",,,,,,,CRE8 ENTERPRISE LTD-CL A,1D
2026-06-01 00:00:00,Long,CRE,3.29,24.62%,2.56,utb,参数二,"{""utb"": {""key_value"": 3, ""atr_period"": 14, ""use_ha"": false}, ""r&s"": {""srb_left"": 15, ""srb_right"": 15}, ""atr"": {""atr_length"": 14, ""atr_mult"": 1.0}}",,,,,,,CRE8 ENTERPRISE LTD-CL A,1D
2026-06-01 00:00:00,Short,KBON,10.1,-0.39%,10.16,utb,参数一,"{""utb"": {""key_value"": 2, ""atr_period"": 14, ""use_ha"": false}, ""r&s"": {""srb_left"": 10, ""srb_right"": 10}, ""atr"": {""atr_length"": 14, ""atr_mult"": 1.0}}",,,,,,,KARBON CAPITAL PARTNERS-CL A,1D
2026-06-01 00:00:00,Short,KBON,10.1,-0.39%,10.16,utb,参数二,"{""utb"": {""key_value"": 3, ""atr_period"": 14, ""use_ha"": false}, ""r&s"": {""srb_left"": 15, ""srb_right"": 15}, ""atr"": {""atr_length"": 14, ""atr_mult"": 1.0}}",,,,,,,KARBON CAPITAL PARTNERS-CL A,1D
2026-06-01 00:00:00,Long,STX,921.26,4.71%,838.32,sqz,参数二,"{""sqz"": {""bb_length"": 20, ""bb_mult"": 1.8, ""kc_length"": 20, ""kc_mult"": 1.5, ""min_sqz_bars"": 4}, ""r&s"": {""srb_left"": 15, ""srb_right"": 15}, ""atr"": {""atr_length"": 14, ""atr_mult"": 1.0}}",一直释放,101.72-263.68-296.58-307.59-459.04,高-高-高-高,159.23%-12.48%-3.71%-49.24%,74.0,34.46,SEAGATE TECHNOLOGY HOLDINGS,1D
2026-06-01 00:00:00,Long,ALKT,18.95,4.29%,17.21,utb,参数二,"{""utb"": {""key_value"": 3, ""atr_period"": 14, ""use_ha"": false}, ""r&s"": {""srb_left"": 15, ""srb_right"": 15}, ""atr"": {""atr_length"": 14, ""atr_mult"": 1.0}}",,,,,,,ALKAMI TECHNOLOGY INC,1D
2026-06-01 00:00:00,Long,DSP,13.6,6.92%,11.99,sqz,参数一,"{""sqz"": {""bb_length"": 15, ""bb_mult"": 1.5, ""kc_length"": 15, ""kc_mult"": 1.2, ""min_sqz_bars"": 4}, ""r&s"": {""srb_left"": 10, ""srb_right"": 10}, ""atr"": {""atr_length"": 14, ""atr_mult"": 1.0}}",压力释放,12.48-13.2-13.1-12.49-12.2,高-低-低-低,5.77%-0.72%-4.71%-2.31%,13.0,28.42,VIANT TECHNOLOGY INC-A,1D
2026-06-01 00:00:00,Long,DSP,13.6,6.92%,11.99,sqz,参数二,"{""sqz"": {""bb_length"": 20, ""bb_mult"": 1.8, ""kc_length"": 20, ""kc_mult"": 1.5, ""min_sqz_bars"": 4}, ""r&s"": {""srb_left"": 15, ""srb_right"": 15}, ""atr"": {""atr_length"": 14, ""atr_mult"": 1.0}}",压力释放,15.18-12.48-13.2-13.1-12.49,低-高-低-低,17.79%-5.77%-0.72%-4.71%,30.0,31.45,VIANT TECHNOLOGY INC-A,1D
2026-06-01 00:00:00,Short,SYK,299.46,-1.85%,313.92,utb,参数一,"{""utb"": {""key_value"": 2, ""atr_period"": 14, ""use_ha"": false}, ""r&s"": {""srb_left"": 10, ""srb_right"": 10}, ""atr"": {""atr_length"": 14, ""atr_mult"": 1.0}}",,,,,,,STRYKER CORP,1D
2026-06-01 00:00:00,Long,MOB,7.42,3.20%,6.3,sqz,参数二,"{""sqz"": {""bb_length"": 20, ""bb_mult"": 1.8, ""kc_length"": 20, ""kc_mult"": 1.5, ""min_sqz_bars"": 4}, ""r&s"": {""srb_left"": 15, ""srb_right"": 15}, ""atr"": {""atr_length"": 14, ""atr_mult"": 1.0}}",一直释放,11.02-8.26-9.78-6.9-7.0,低-高-低-高,25.05%-18.40%-29.45%-1.45%,18.0,41.7,MOBILICOM LTD/AUSTRALIA,1D
2026-06-01 00:00:00,Short,HSY,186.4,-3.93%,198.5,utb,参数一,"{""utb"": {""key_value"": 2, ""atr_period"": 14, ""use_ha"": false}, ""r&s"": {""srb_left"": 10, ""srb_right"": 10}, ""atr"": {""atr_length"": 14, ""atr_mult"": 1.0}}",,,,,,,HERSHEY CO/THE,1D
2026-06-01 00:00:00,Long,AMC,2.12,22.54%,1.63,sqz,参数一,"{""sqz"": {""bb_length"": 15, ""bb_mult"": 1.5, ""kc_length"": 15, ""kc_mult"": 1.2, ""min_sqz_bars"": 4}, ""r&s"": {""srb_left"": 10, ""srb_right"": 10}, ""atr"": {""atr_length"": 14, ""atr_mult"": 1.0}}",一直亮绿,3.26-3.18-2.47-1.79-1.94,低-低-低-高,2.45%-22.33%-27.53%-8.38%,30.0,56.45,AMC ENTERTAINMENT HLDS-CL A,1D
2026-06-01 00:00:00,Short,HOVR,2.53,-13.50%,3.19,utb,参数一,"{""utb"": {""key_value"": 2, ""atr_period"": 14, ""use_ha"": false}, ""r&s"": {""srb_left"": 10, ""srb_right"": 10}, ""atr"": {""atr_length"": 14, ""atr_mult"": 1.0}}",,,,,,,NEW HORIZON AIRCRAFT LTD,1D
2026-06-01 00:00:00,Long,APPF,179.3,11.25%,155.54,utb,参数一,"{""utb"": {""key_value"": 2, ""atr_period"": 14, ""use_ha"": false}, ""r&s"": {""srb_left"": 10, ""srb_right"": 10}, ""atr"": {""atr_length"": 14, ""atr_mult"": 1.0}}",,,,,,,APPFOLIO INC - A,1D
2026-06-01 00:00:00,Short,AXS,95.9,1.02%,98.6,sqz,参数一,"{""sqz"": {""bb_length"": 15, ""bb_mult"": 1.5, ""kc_length"": 15, ""kc_mult"": 1.2, ""min_sqz_bars"": 4}, ""r&s"": {""srb_left"": 10, ""srb_right"": 10}, ""atr"": {""atr_length"": 14, ""atr_mult"": 1.0}}",支撑释放,97.81-99.08-98.26-96.89-96.57,高-低-低-低,1.29%-0.82%-1.39%-0.33%,21.0,6.31,AXIS CAPITAL HOLDINGS LTD,1D
2026-06-01 00:00:00,Long,SOUN,9.25,2.78%,8.25,utb,参数一,"{""utb"": {""key_value"": 2, ""atr_period"": 14, ""use_ha"": false}, ""r&s"": {""srb_left"": 10, ""srb_right"": 10}, ""atr"": {""atr_length"": 14, ""atr_mult"": 1.0}}",,,,,,,SOUNDHOUND AI INC-A,1D
2026-06-01 00:00:00,Short,MIND,6.47,-4.15%,7.03,utb,参数一,"{""utb"": {""key_value"": 2, ""atr_period"": 14, ""use_ha"": false}, ""r&s"": {""srb_left"": 10, ""srb_right"": 10}, ""atr"": {""atr_length"": 14, ""atr_mult"": 1.0}}",,,,,,,MIND TECHNOLOGY INC,1D
2026-06-01 00:00:00,Long,AMPL,8.78,12.28%,7.43,sqz,参数二,"{""sqz"": {""bb_length"": 20, ""bb_mult"": 1.8, ""kc_length"": 20, ""kc_mult"": 1.5, ""min_sqz_bars"": 4}, ""r&s"": {""srb_left"": 15, ""srb_right"": 15}, ""atr"": {""atr_length"": 14, ""atr_mult"": 1.0}}",一直释放,12.43-11.53-12.05-8.05-8.28,低-高-低-高,7.24%-4.51%-33.20%-2.86%,19.0,46.94,AMPLITUDE INC-CLASS A,1D
2026-06-01 00:00:00,Short,IDA,135.01,-3.75%,142.06,sqz,参数一,"{""sqz"": {""bb_length"": 15, ""bb_mult"": 1.5, ""kc_length"": 15, ""kc_mult"": 1.2, ""min_sqz_bars"": 4}, ""r&s"": {""srb_left"": 10, ""srb_right"": 10}, ""atr"": {""atr_length"": 14, ""atr_mult"": 1.0}}",支撑释放,124.25-124.25-122.56-134.58-141.4,高-低-高-高,0.00%-1.36%-9.80%-5.07%,27.0,5.03,IDACORP INC,1D
2026-06-01 00:00:00,Short,IDA,135.01,-3.75%,142.06,utb,参数二,"{""utb"": {""key_value"": 3, ""atr_period"": 14, ""use_ha"": false}, ""r&s"": {""srb_left"": 15, ""srb_right"": 15}, ""atr"": {""atr_length"": 14, ""atr_mult"": 1.0}}",,,,,,,IDACORP INC,1D
2026-06-01 00:00:00,Long,EGAN,7.79,4.85%,7.1,utb,参数二,"{""utb"": {""key_value"": 3, ""atr_period"": 14, ""use_ha"": false}, ""r&s"": {""srb_left"": 15, ""srb_right"": 15}, ""atr"": {""atr_length"": 14, ""atr_mult"": 1.0}}",,,,,,,EGAIN CORP,1D
2026-06-01 00:00:00,Short,AFG,128.27,-1.18%,132.49,utb,参数二,"{""utb"": {""key_value"": 3, ""atr_period"": 14, ""use_ha"": false}, ""r&s"": {""srb_left"": 15, ""srb_right"": 15}, ""atr"": {""atr_length"": 14, ""atr_mult"": 1.0}}",,,,,,,AMERICAN FINANCIAL GROUP INC,1D
2026-06-01 00:00:00,Long,TBI,6.76,8.86%,5.76,sqz,参数一,"{""sqz"": {""bb_length"": 15, ""bb_mult"": 1.5, ""kc_length"": 15, ""kc_mult"": 1.2, ""min_sqz_bars"": 4}, ""r&s"": {""srb_left"": 10, ""srb_right"": 10}, ""atr"": {""atr_length"": 14, ""atr_mult"": 1.0}}",压力释放,5.98-5.39-5.7-4.39-6.67,低-高-低-高,9.87%-5.75%-22.98%-51.94%,17.0,28.02,TRUEBLUE INC,1D
2026-06-01 00:00:00,Long,MNTN,10.74,13.89%,8.97,utb,参数二,"{""utb"": {""key_value"": 3, ""atr_period"": 14, ""use_ha"": false}, ""r&s"": {""srb_left"": 15, ""srb_right"": 15}, ""atr"": {""atr_length"": 14, ""atr_mult"": 1.0}}",,,,,,,MNTN INC-A,1D
2026-06-01 00:00:00,Long,ADM,82.62,3.56%,76.72,utb,参数一,"{""utb"": {""key_value"": 2, ""atr_period"": 14, ""use_ha"": false}, ""r&s"": {""srb_left"": 10, ""srb_right"": 10}, ""atr"": {""atr_length"": 14, ""atr_mult"": 1.0}}",,,,,,,ARCHER-DANIELS-MIDLAND CO,1D
2026-06-01 00:00:00,Long,TOST,27.74,6.57%,25.71,utb,参数二,"{""utb"": {""key_value"": 3, ""atr_period"": 14, ""use_ha"": false}, ""r&s"": {""srb_left"": 15, ""srb_right"": 15}, ""atr"": {""atr_length"": 14, ""atr_mult"": 1.0}}",,,,,,,TOAST INC-CLASS A,1D
2026-06-01 00:00:00,Long,INSE,7.93,2.99%,7.15,utb,参数一,"{""utb"": {""key_value"": 2, ""atr_period"": 14, ""use_ha"": false}, ""r&s"": {""srb_left"": 10, ""srb_right"": 10}, ""atr"": {""atr_length"": 14, ""atr_mult"": 1.0}}",,,,,,,INSPIRED ENTERTAINMENT INC,1D
2026-06-01 00:00:00,Long,CAAP,26.72,0.45%,25.0,utb,参数二,"{""utb"": {""key_value"": 3, ""atr_period"": 14, ""use_ha"": false}, ""r&s"": {""srb_left"": 15, ""srb_right"": 15}, ""atr"": {""atr_length"": 14, ""atr_mult"": 1.0}}",,,,,,,CORP AMERICA AIRPORTS SA,1D
2026-06-01 00:00:00,Long,GRCE,2.69,4.67%,2.29,utb,参数一,"{""utb"": {""key_value"": 2, ""atr_period"": 14, ""use_ha"": false}, ""r&s"": {""srb_left"": 10, ""srb_right"": 10}, ""atr"": {""atr_length"": 14, ""atr_mult"": 1.0}}",,,,,,,GRACE THERAPEUTICS INC,1D
2026-06-01 00:00:00,Long,VRSK,183.97,5.13%,168.33,utb,参数二,"{""utb"": {""key_value"": 3, ""atr_period"": 14, ""use_ha"": false}, ""r&s"": {""srb_left"": 15, ""srb_right"": 15}, ""atr"": {""atr_length"": 14, ""atr_mult"": 1.0}}",,,,,,,VERISK ANALYTICS INC,1D
2026-06-01 00:00:00,Short,WOLF,52.95,-10.68%,68.16,utb,参数一,"{""utb"": {""key_value"": 2, ""atr_period"": 14, ""use_ha"": false}, ""r&s"": {""srb_left"": 10, ""srb_right"": 10}, ""atr"": {""atr_length"": 14, ""atr_mult"": 1.0}}",,,,,,,WOLFSPEED INC,1D
2026-06-01 00:00:00,Long,TITN,22.04,1.01%,20.07,sqz,参数二,"{""sqz"": {""bb_length"": 20, ""bb_mult"": 1.8, ""kc_length"": 20, ""kc_mult"": 1.5, ""min_sqz_bars"": 4}, ""r&s"": {""srb_left"": 15, ""srb_right"": 15}, ""atr"": {""atr_length"": 14, ""atr_mult"": 1.0}}",一直释放,21.57-17.06-20.39-21.0-21.91,低-高-高-高,20.91%-19.52%-2.99%-4.33%,20.0,23.37,TITAN MACHINERY INC,1D
2026-06-01 00:00:00,Short,ES,66.61,-2.43%,69.43,utb,参数一,"{""utb"": {""key_value"": 2, ""atr_period"": 14, ""use_ha"": false}, ""r&s"": {""srb_left"": 10, ""srb_right"": 10}, ""atr"": {""atr_length"": 14, ""atr_mult"": 1.0}}",,,,,,,EVERSOURCE ENERGY,1D
2026-06-01 00:00:00,Long,EVLV,6.79,5.27%,6.14,utb,参数二,"{""utb"": {""key_value"": 3, ""atr_period"": 14, ""use_ha"": false}, ""r&s"": {""srb_left"": 15, ""srb_right"": 15}, ""atr"": {""atr_length"": 14, ""atr_mult"": 1.0}}",,,,,,,EVOLV TECHNOLOGIES HOLDINGS,1D
2026-06-01 00:00:00,Long,DV,10.54,8.66%,9.3,utb,参数二,"{""utb"": {""key_value"": 3, ""atr_period"": 14, ""use_ha"": false}, ""r&s"": {""srb_left"": 15, ""srb_right"": 15}, ""atr"": {""atr_length"": 14, ""atr_mult"": 1.0}}",,,,,,,DOUBLEVERIFY HOLDINGS INC,1D
2026-06-01 00:00:00,Short,BLK,1020.73,-2.50%,1077.39,utb,参数二,"{""utb"": {""key_value"": 3, ""atr_period"": 14, ""use_ha"": false}, ""r&s"": {""srb_left"": 15, ""srb_right"": 15}, ""atr"": {""atr_length"": 14, ""atr_mult"": 1.0}}",,,,,,,BLACKROCK INC,1D
2026-06-01 00:00:00,Long,KPTI,9.82,7.91%,8.25,utb,参数二,"{""utb"": {""key_value"": 3, ""atr_period"": 14, ""use_ha"": false}, ""r&s"": {""srb_left"": 15, ""srb_right"": 15}, ""atr"": {""atr_length"": 14, ""atr_mult"": 1.0}}",,,,,,,KARYOPHARM THERAPEUTICS INC,1D
2026-06-01 00:00:00,Short,OTIS,69.34,-2.12%,72.44,sqz,参数二,"{""sqz"": {""bb_length"": 20, ""bb_mult"": 1.8, ""kc_length"": 20, ""kc_mult"": 1.5, ""min_sqz_bars"": 4}, ""r&s"": {""srb_left"": 15, ""srb_right"": 15}, ""atr"": {""atr_length"": 14, ""atr_mult"": 1.0}}",一直释放,82.57-83.88-84.91-83.11-74.82,高-高-低-低,1.58%-1.23%-2.12%-9.98%,43.0,9.79,OTIS WORLDWIDE CORP,1D
2026-06-01 00:00:00,Short,TARA,4.52,-2.80%,4.96,sqz,参数一,"{""sqz"": {""bb_length"": 15, ""bb_mult"": 1.5, ""kc_length"": 15, ""kc_mult"": 1.2, ""min_sqz_bars"": 4}, ""r&s"": {""srb_left"": 10, ""srb_right"": 10}, ""atr"": {""atr_length"": 14, ""atr_mult"": 1.0}}",一直释放,5.03-4.72-5.3-4.8-4.95,低-高-低-高,6.16%-12.29%-9.43%-3.12%,22.0,14.85,PROTARA THERAPEUTIC INC,1D
2026-06-01 00:00:00,Long,ASTL,5.8,3.20%,5.24,sqz,参数一,"{""sqz"": {""bb_length"": 15, ""bb_mult"": 1.5, ""kc_length"": 15, ""kc_mult"": 1.2, ""min_sqz_bars"": 4}, ""r&s"": {""srb_left"": 10, ""srb_right"": 10}, ""atr"": {""atr_length"": 14, ""atr_mult"": 1.0}}",压力释放,5.21-4.7-4.75-5.36-5.1,低-高-高-低,9.69%-0.96%-12.95%-4.94%,33.0,15.91,ALGOMA STEEL GROUP INC,1D
2026-06-01 00:00:00,Long,ASTL,5.8,3.20%,5.24,sqz,参数二,"{""sqz"": {""bb_length"": 20, ""bb_mult"": 1.8, ""kc_length"": 20, ""kc_mult"": 1.5, ""min_sqz_bars"": 4}, ""r&s"": {""srb_left"": 15, ""srb_right"": 15}, ""atr"": {""atr_length"": 14, ""atr_mult"": 1.0}}",压力释放,5.21-4.7-4.75-5.36-5.1,低-高-高-低,9.69%-0.96%-12.95%-4.94%,33.0,15.91,ALGOMA STEEL GROUP INC,1D
2026-06-01 00:00:00,Long,DDOG,277.49,12.19%,237.25,sqz,参数一,"{""sqz"": {""bb_length"": 15, ""bb_mult"": 1.5, ""kc_length"": 15, ""kc_mult"": 1.2, ""min_sqz_bars"": 4}, ""r&s"": {""srb_left"": 10, ""srb_right"": 10}, ""atr"": {""atr_length"": 14, ""atr_mult"": 1.0}}",一直释放,166.89-201.69-145.9-143.39-133.6,高-低-低-低,20.85%-27.66%-1.72%-6.83%,51.0,32.55,DATADOG INC - CLASS A,1D
2026-06-01 00:00:00,Long,DDOG,277.49,12.19%,237.25,sqz,参数二,"{""sqz"": {""bb_length"": 20, ""bb_mult"": 1.8, ""kc_length"": 20, ""kc_mult"": 1.5, ""min_sqz_bars"": 4}, ""r&s"": {""srb_left"": 15, ""srb_right"": 15}, ""atr"": {""atr_length"": 14, ""atr_mult"": 1.0}}",一直释放,157.38-152.24-166.89-201.69-133.6,低-高-高-低,3.26%-9.62%-20.85%-33.76%,51.0,32.55,DATADOG INC - CLASS A,1D
2026-06-01 00:00:00,Short,ZUMZ,23.32,-5.32%,25.21,utb,参数一,"{""utb"": {""key_value"": 2, ""atr_period"": 14, ""use_ha"": false}, ""r&s"": {""srb_left"": 10, ""srb_right"": 10}, ""atr"": {""atr_length"": 14, ""atr_mult"": 1.0}}",,,,,,,ZUMIEZ INC,1D
2026-06-01 00:00:00,Short,TYRA,30.39,-9.04%,35.33,utb,参数二,"{""utb"": {""key_value"": 3, ""atr_period"": 14, ""use_ha"": false}, ""r&s"": {""srb_left"": 15, ""srb_right"": 15}, ""atr"": {""atr_length"": 14, ""atr_mult"": 1.0}}",,,,,,,TYRA BIOSCIENCES INC,1D
2026-06-01 00:00:00,Short,NI,45.1,-2.42%,46.73,sqz,参数一,"{""sqz"": {""bb_length"": 15, ""bb_mult"": 1.5, ""kc_length"": 15, ""kc_mult"": 1.2, ""min_sqz_bars"": 4}, ""r&s"": {""srb_left"": 10, ""srb_right"": 10}, ""atr"": {""atr_length"": 14, ""atr_mult"": 1.0}}",支撑释放,37.7-40.85-40.22-44.39-46.2,高-低-高-高,8.35%-1.53%-10.37%-4.07%,27.0,6.02,NISOURCE INC,1D
2026-06-01 00:00:00,Short,NI,45.1,-2.42%,46.73,utb,参数二,"{""utb"": {""key_value"": 3, ""atr_period"": 14, ""use_ha"": false}, ""r&s"": {""srb_left"": 15, ""srb_right"": 15}, ""atr"": {""atr_length"": 14, ""atr_mult"": 1.0}}",,,,,,,NISOURCE INC,1D
2026-06-01 00:00:00,Long,NRDS,8.75,1.74%,8.22,utb,参数一,"{""utb"": {""key_value"": 2, ""atr_period"": 14, ""use_ha"": false}, ""r&s"": {""srb_left"": 10, ""srb_right"": 10}, ""atr"": {""atr_length"": 14, ""atr_mult"": 1.0}}",,,,,,,NERDWALLET INC-CL A,1D
2026-06-01 00:00:00,Short,PRI,266.59,-1.25%,276.83,utb,参数一,"{""utb"": {""key_value"": 2, ""atr_period"": 14, ""use_ha"": false}, ""r&s"": {""srb_left"": 10, ""srb_right"": 10}, ""atr"": {""atr_length"": 14, ""atr_mult"": 1.0}}",,,,,,,PRIMERICA INC,1D
2026-06-01 00:00:00,Long,PENG,59.71,6.95%,50.46,sqz,参数一,"{""sqz"": {""bb_length"": 15, ""bb_mult"": 1.5, ""kc_length"": 15, ""kc_mult"": 1.2, ""min_sqz_bars"": 4}, ""r&s"": {""srb_left"": 10, ""srb_right"": 10}, ""atr"": {""atr_length"": 14, ""atr_mult"": 1.0}}",一直释放,29.8-23.17-22.55-23.99-21.08,低-低-高-低,22.25%-2.68%-6.39%-12.13%,66.0,31.42,PENGUIN SOLUTIONS INC,1D
2026-06-01 00:00:00,Long,SSTI,7.86,4.66%,6.82,sqz,参数一,"{""sqz"": {""bb_length"": 15, ""bb_mult"": 1.5, ""kc_length"": 15, ""kc_mult"": 1.2, ""min_sqz_bars"": 4}, ""r&s"": {""srb_left"": 10, ""srb_right"": 10}, ""atr"": {""atr_length"": 14, ""atr_mult"": 1.0}}",压力释放,13.34-13.28-9.28-8.08-7.24,低-低-低-低,0.41%-30.16%-12.91%-10.40%,18.0,18.11,SOUNDTHINKING INC,1D
2026-06-01 00:00:00,Long,SSTI,7.86,4.66%,6.82,sqz,参数二,"{""sqz"": {""bb_length"": 20, ""bb_mult"": 1.8, ""kc_length"": 20, ""kc_mult"": 1.5, ""min_sqz_bars"": 4}, ""r&s"": {""srb_left"": 15, ""srb_right"": 15}, ""atr"": {""atr_length"": 14, ""atr_mult"": 1.0}}",压力释放,16.92-13.34-9.28-8.08-7.24,低-低-低-低,21.16%-30.45%-12.91%-10.40%,18.0,18.11,SOUNDTHINKING INC,1D
2026-06-01 00:00:00,Long,FTNT,147.14,6.65%,134.99,sqz,参数一,"{""sqz"": {""bb_length"": 15, ""bb_mult"": 1.5, ""kc_length"": 15, ""kc_mult"": 1.2, ""min_sqz_bars"": 4}, ""r&s"": {""srb_left"": 10, ""srb_right"": 10}, ""atr"": {""atr_length"": 14, ""atr_mult"": 1.0}}",一直释放,87.66-87.11-85.06-88.6-86.42,低-低-高-低,0.63%-2.35%-4.16%-2.46%,52.0,13.7,FORTINET INC,1D
2026-06-01 00:00:00,Long,BTBT,2.11,4.46%,1.75,utb,参数一,"{""utb"": {""key_value"": 2, ""atr_period"": 14, ""use_ha"": false}, ""r&s"": {""srb_left"": 10, ""srb_right"": 10}, ""atr"": {""atr_length"": 14, ""atr_mult"": 1.0}}",,,,,,,BIT DIGITAL INC,1D
2026-06-01 00:00:00,Short,RDW,20.68,-15.83%,25.09,utb,参数一,"{""utb"": {""key_value"": 2, ""atr_period"": 14, ""use_ha"": false}, ""r&s"": {""srb_left"": 10, ""srb_right"": 10}, ""atr"": {""atr_length"": 14, ""atr_mult"": 1.0}}",,,,,,,REDWIRE CORP,1D
2026-06-01 00:00:00,Long,IQV,186.82,2.53%,174.75,sqz,参数一,"{""sqz"": {""bb_length"": 15, ""bb_mult"": 1.5, ""kc_length"": 15, ""kc_mult"": 1.2, ""min_sqz_bars"": 4}, ""r&s"": {""srb_left"": 10, ""srb_right"": 10}, ""atr"": {""atr_length"": 14, ""atr_mult"": 1.0}}",压力释放,234.3-247.05-182.93-180.98-182.7,高-低-低-高,5.44%-25.95%-1.07%-0.95%,17.0,12.95,IQVIA HOLDINGS INC,1D
2026-06-01 00:00:00,Short,KIDS,16.65,-3.03%,18.13,utb,参数一,"{""utb"": {""key_value"": 2, ""atr_period"": 14, ""use_ha"": false}, ""r&s"": {""srb_left"": 10, ""srb_right"": 10}, ""atr"": {""atr_length"": 14, ""atr_mult"": 1.0}}",,,,,,,ORTHOPEDIATRICS CORP,1D
2026-06-01 00:00:00,Short,VUZI,4.25,-7.61%,4.98,utb,参数一,"{""utb"": {""key_value"": 2, ""atr_period"": 14, ""use_ha"": false}, ""r&s"": {""srb_left"": 10, ""srb_right"": 10}, ""atr"": {""atr_length"": 14, ""atr_mult"": 1.0}}",,,,,,,VUZIX CORP,1D
2026-06-01 00:00:00,Long,HKIT,6.58,350.68%,0.92,utb,参数一,"{""utb"": {""key_value"": 2, ""atr_period"": 14, ""use_ha"": false}, ""r&s"": {""srb_left"": 10, ""srb_right"": 10}, ""atr"": {""atr_length"": 14, ""atr_mult"": 1.0}}",,,,,,,HITEK GLOBAL INC-CL A,1D
2026-06-01 00:00:00,Long,HKIT,6.58,350.68%,0.92,sqz,参数一,"{""sqz"": {""bb_length"": 15, ""bb_mult"": 1.5, ""kc_length"": 15, ""kc_mult"": 1.2, ""min_sqz_bars"": 4}, ""r&s"": {""srb_left"": 10, ""srb_right"": 10}, ""atr"": {""atr_length"": 14, ""atr_mult"": 1.0}}",压力释放,389.1-346.5-330.0-217.5-2.8,低-低-低-低,10.95%-4.76%-34.09%-98.71%,11.0,91.71,HITEK GLOBAL INC-CL A,1D
2026-06-01 00:00:00,Long,HKIT,6.58,350.68%,0.92,utb,参数二,"{""utb"": {""key_value"": 3, ""atr_period"": 14, ""use_ha"": false}, ""r&s"": {""srb_left"": 15, ""srb_right"": 15}, ""atr"": {""atr_length"": 14, ""atr_mult"": 1.0}}",,,,,,,HITEK GLOBAL INC-CL A,1D
2026-06-01 00:00:00,Short,CCEP,89.69,-1.10%,92.55,utb,参数一,"{""utb"": {""key_value"": 2, ""atr_period"": 14, ""use_ha"": false}, ""r&s"": {""srb_left"": 10, ""srb_right"": 10}, ""atr"": {""atr_length"": 14, ""atr_mult"": 1.0}}",,,,,,,COCA-COLA EUROPACIFIC PARTNE,1D
2026-06-01 00:00:00,Long,ANGI,6.57,12.12%,5.38,utb,参数一,"{""utb"": {""key_value"": 2, ""atr_period"": 14, ""use_ha"": false}, ""r&s"": {""srb_left"": 10, ""srb_right"": 10}, ""atr"": {""atr_length"": 14, ""atr_mult"": 1.0}}",,,,,,,ANGI INC,1D
2026-06-01 00:00:00,Long,MC,69.21,2.85%,64.11,utb,参数二,"{""utb"": {""key_value"": 3, ""atr_period"": 14, ""use_ha"": false}, ""r&s"": {""srb_left"": 15, ""srb_right"": 15}, ""atr"": {""atr_length"": 14, ""atr_mult"": 1.0}}",,,,,,,MOELIS & CO - CLASS A,1D
2026-06-01 00:00:00,Long,NYAX,73.63,-2.88%,69.3,sqz,参数二,"{""sqz"": {""bb_length"": 20, ""bb_mult"": 1.8, ""kc_length"": 20, ""kc_mult"": 1.5, ""min_sqz_bars"": 4}, ""r&s"": {""srb_left"": 15, ""srb_right"": 15}, ""atr"": {""atr_length"": 14, ""atr_mult"": 1.0}}",一直释放,52.46-51.54-49.28-60.76-61.65,低-低-高-高,1.75%-4.39%-23.31%-1.46%,49.0,16.22,NAYAX LTD,1D
2026-06-01 00:00:00,Long,VIA,17.04,11.88%,14.14,utb,参数一,"{""utb"": {""key_value"": 2, ""atr_period"": 14, ""use_ha"": false}, ""r&s"": {""srb_left"": 10, ""srb_right"": 10}, ""atr"": {""atr_length"": 14, ""atr_mult"": 1.0}}",,,,,,,VIA TRANSPORTATION INC-CL A,1D
2026-06-01 00:00:00,Long,MAN,32.93,6.54%,29.29,sqz,参数一,"{""sqz"": {""bb_length"": 15, ""bb_mult"": 1.5, ""kc_length"": 15, ""kc_mult"": 1.2, ""min_sqz_bars"": 4}, ""r&s"": {""srb_left"": 10, ""srb_right"": 10}, ""atr"": {""atr_length"": 14, ""atr_mult"": 1.0}}",一直亮绿,38.8-30.6-31.03-36.73-32.31,低-高-高-低,21.13%-1.41%-18.39%-12.05%,28.0,31.24,MANPOWERGROUP INC,1D
2026-06-01 00:00:00,Long,CRAN,10.07,0.40%,10.02,utb,参数一,"{""utb"": {""key_value"": 2, ""atr_period"": 14, ""use_ha"": false}, ""r&s"": {""srb_left"": 10, ""srb_right"": 10}, ""atr"": {""atr_length"": 14, ""atr_mult"": 1.0}}",,,,,,,CRANE HARBOR ACQUISITIO-CL A,1D
2026-06-01 00:00:00,Long,CHYM,19.22,3.33%,17.31,utb,参数一,"{""utb"": {""key_value"": 2, ""atr_period"": 14, ""use_ha"": false}, ""r&s"": {""srb_left"": 10, ""srb_right"": 10}, ""atr"": {""atr_length"": 14, ""atr_mult"": 1.0}}",,,,,,,CHIME FINANCIAL INC-CL A,1D
2026-06-01 00:00:00,Long,INGM,29.56,4.64%,27.09,utb,参数二,"{""utb"": {""key_value"": 3, ""atr_period"": 14, ""use_ha"": false}, ""r&s"": {""srb_left"": 15, ""srb_right"": 15}, ""atr"": {""atr_length"": 14, ""atr_mult"": 1.0}}",,,,,,,INGRAM MICRO HOLDING CORP,1D
2026-06-01 00:00:00,Long,NCI,9.94,-1.58%,8.38,sqz,参数一,"{""sqz"": {""bb_length"": 15, ""bb_mult"": 1.5, ""kc_length"": 15, ""kc_mult"": 1.2, ""min_sqz_bars"": 4}, ""r&s"": {""srb_left"": 10, ""srb_right"": 10}, ""atr"": {""atr_length"": 14, ""atr_mult"": 1.0}}",压力释放,18.88-15.36-10.56-110.48-9.92,低-低-高-低,18.64%-31.25%-946.21%-91.02%,19.0,37.93,NEO-CONCEPT INTL GROUP HLD-A,1D
2026-06-01 00:00:00,Short,RJET,18.29,-10.12%,22.38,utb,参数二,"{""utb"": {""key_value"": 3, ""atr_period"": 14, ""use_ha"": false}, ""r&s"": {""srb_left"": 15, ""srb_right"": 15}, ""atr"": {""atr_length"": 14, ""atr_mult"": 1.0}}",,,,,,,REPUBLIC AIRWAYS HOLDINGS IN,1D
2026-06-01 00:00:00,Long,VTEX,4.1,8.75%,3.66,utb,参数一,"{""utb"": {""key_value"": 2, ""atr_period"": 14, ""use_ha"": false}, ""r&s"": {""srb_left"": 10, ""srb_right"": 10}, ""atr"": {""atr_length"": 14, ""atr_mult"": 1.0}}",,,,,,,VTEX -CLASS A,1D
2026-06-01 00:00:00,Long,VTEX,4.1,8.75%,3.66,utb,参数二,"{""utb"": {""key_value"": 3, ""atr_period"": 14, ""use_ha"": false}, ""r&s"": {""srb_left"": 15, ""srb_right"": 15}, ""atr"": {""atr_length"": 14, ""atr_mult"": 1.0}}",,,,,,,VTEX -CLASS A,1D
2026-06-01 00:00:00,Long,SUPX,12.21,28.80%,8.21,utb,参数一,"{""utb"": {""key_value"": 2, ""atr_period"": 14, ""use_ha"": false}, ""r&s"": {""srb_left"": 10, ""srb_right"": 10}, ""atr"": {""atr_length"": 14, ""atr_mult"": 1.0}}",,,,,,,SUPERX AI TECHNOLOGY LTD,1D
2026-06-01 00:00:00,Long,SUPX,12.21,28.80%,8.21,sqz,参数一,"{""sqz"": {""bb_length"": 15, ""bb_mult"": 1.5, ""kc_length"": 15, ""kc_mult"": 1.2, ""min_sqz_bars"": 4}, ""r&s"": {""srb_left"": 10, ""srb_right"": 10}, ""atr"": {""atr_length"": 14, ""atr_mult"": 1.0}}",一直释放,29.64-72.0-76.5-21.99-11.93,高-高-低-低,142.91%-6.25%-71.25%-45.75%,26.0,70.43,SUPERX AI TECHNOLOGY LTD,1D
2026-06-01 00:00:00,Long,BR,159.96,4.06%,150.23,utb,参数一,"{""utb"": {""key_value"": 2, ""atr_period"": 14, ""use_ha"": false}, ""r&s"": {""srb_left"": 10, ""srb_right"": 10}, ""atr"": {""atr_length"": 14, ""atr_mult"": 1.0}}",,,,,,,BROADRIDGE FINANCIAL SOLUTIO,1D
2026-06-01 00:00:00,Long,BR,159.96,4.06%,150.23,utb,参数二,"{""utb"": {""key_value"": 3, ""atr_period"": 14, ""use_ha"": false}, ""r&s"": {""srb_left"": 15, ""srb_right"": 15}, ""atr"": {""atr_length"": 14, ""atr_mult"": 1.0}}",,,,,,,BROADRIDGE FINANCIAL SOLUTIO,1D
2026-06-01 00:00:00,Long,TASK,6.6,4.27%,6.0,utb,参数二,"{""utb"": {""key_value"": 3, ""atr_period"": 14, ""use_ha"": false}, ""r&s"": {""srb_left"": 15, ""srb_right"": 15}, ""atr"": {""atr_length"": 14, ""atr_mult"": 1.0}}",,,,,,,TASKUS INC-A,1D
2026-06-01 00:00:00,Long,PAYO,5.43,4.42%,5.01,sqz,参数一,"{""sqz"": {""bb_length"": 15, ""bb_mult"": 1.5, ""kc_length"": 15, ""kc_mult"": 1.2, ""min_sqz_bars"": 4}, ""r&s"": {""srb_left"": 10, ""srb_right"": 10}, ""atr"": {""atr_length"": 14, ""atr_mult"": 1.0}}",压力释放,6.24-6.07-6.53-5.35-5.26,低-高-低-低,2.88%-7.75%-18.13%-1.59%,14.0,16.48,PAYONEER GLOBAL INC,1D
2026-06-01 00:00:00,Long,PAYO,5.43,4.42%,5.01,sqz,参数二,"{""sqz"": {""bb_length"": 20, ""bb_mult"": 1.8, ""kc_length"": 20, ""kc_mult"": 1.5, ""min_sqz_bars"": 4}, ""r&s"": {""srb_left"": 15, ""srb_right"": 15}, ""atr"": {""atr_length"": 14, ""atr_mult"": 1.0}}",压力释放,7.66-7.05-6.07-6.53-5.35,低-低-高-低,7.96%-14.03%-7.75%-18.13%,29.0,18.36,PAYONEER GLOBAL INC,1D
2026-06-01 00:00:00,Short,OSG,5.25,-4.20%,5.84,utb,参数一,"{""utb"": {""key_value"": 2, ""atr_period"": 14, ""use_ha"": false}, ""r&s"": {""srb_left"": 10, ""srb_right"": 10}, ""atr"": {""atr_length"": 14, ""atr_mult"": 1.0}}",,,,,,,OCTAVE SPECIALTY GROUP INC,1D
2026-06-01 00:00:00,Long,ALOY,10.99,19.98%,8.31,utb,参数一,"{""utb"": {""key_value"": 2, ""atr_period"": 14, ""use_ha"": false}, ""r&s"": {""srb_left"": 10, ""srb_right"": 10}, ""atr"": {""atr_length"": 14, ""atr_mult"": 1.0}}",,,,,,,REALLOYS INC,1D
2026-06-01 00:00:00,Long,IOTR,3.75,-4.09%,2.28,sqz,参数二,"{""sqz"": {""bb_length"": 20, ""bb_mult"": 1.8, ""kc_length"": 20, ""kc_mult"": 1.5, ""min_sqz_bars"": 4}, ""r&s"": {""srb_left"": 15, ""srb_right"": 15}, ""atr"": {""atr_length"": 14, ""atr_mult"": 1.0}}",一直释放,5.4-5.93-3.73-7.47-3.38,高-低-高-低,9.81%-37.10%-100.27%-54.75%,37.0,92.81,IOTHREE LTD,1D
2026-06-01 00:00:00,Long,ANY,4.02,111.58%,2.48,utb,参数一,"{""utb"": {""key_value"": 2, ""atr_period"": 14, ""use_ha"": false}, ""r&s"": {""srb_left"": 10, ""srb_right"": 10}, ""atr"": {""atr_length"": 14, ""atr_mult"": 1.0}}",,,,,,,SPHERE 3D CORP,1D
2026-06-01 00:00:00,Long,ANY,4.02,111.58%,2.48,utb,参数二,"{""utb"": {""key_value"": 3, ""atr_period"": 14, ""use_ha"": false}, ""r&s"": {""srb_left"": 15, ""srb_right"": 15}, ""atr"": {""atr_length"": 14, ""atr_mult"": 1.0}}",,,,,,,SPHERE 3D CORP,1D
2026-06-01 00:00:00,Long,ANY,4.02,111.58%,2.48,sqz,参数二,"{""sqz"": {""bb_length"": 20, ""bb_mult"": 1.8, ""kc_length"": 20, ""kc_mult"": 1.5, ""min_sqz_bars"": 4}, ""r&s"": {""srb_left"": 15, ""srb_right"": 15}, ""atr"": {""atr_length"": 14, ""atr_mult"": 1.0}}",一直释放,10.4-8.5-12.6-1.91-1.65,低-高-低-低,18.27%-48.24%-84.84%-13.61%,33.0,21.32,SPHERE 3D CORP,1D
2026-06-01 00:00:00,Short,BOKF,124.82,-2.51%,131.69,utb,参数一,"{""utb"": {""key_value"": 2, ""atr_period"": 14, ""use_ha"": false}, ""r&s"": {""srb_left"": 10, ""srb_right"": 10}, ""atr"": {""atr_length"": 14, ""atr_mult"": 1.0}}",,,,,,,BOK FINANCIAL CORPORATION,1D
2026-06-01 00:00:00,Long,BHVN,11.43,3.81%,9.87,sqz,参数一,"{""sqz"": {""bb_length"": 15, ""bb_mult"": 1.5, ""kc_length"": 15, ""kc_mult"": 1.2, ""min_sqz_bars"": 4}, ""r&s"": {""srb_left"": 10, ""srb_right"": 10}, ""atr"": {""atr_length"": 14, ""atr_mult"": 1.0}}",一直亮绿,11.8-14.01-13.08-12.1-11.06,高-低-低-低,18.70%-6.62%-7.49%-8.60%,30.0,34.55,BIOHAVEN LTD,1D
2026-06-01 00:00:00,Short,BKE,43.68,-4.77%,47.22,sqz,参数二,"{""sqz"": {""bb_length"": 20, ""bb_mult"": 1.8, ""kc_length"": 20, ""kc_mult"": 1.5, ""min_sqz_bars"": 4}, ""r&s"": {""srb_left"": 15, ""srb_right"": 15}, ""atr"": {""atr_length"": 14, ""atr_mult"": 1.0}}",一直释放,48.67-48.61-49.78-46.28-48.0,低-高-低-高,0.13%-2.40%-7.01%-3.71%,50.0,18.95,BUCKLE INC/THE,1D
2026-06-01 00:00:00,Long,FGMC,10.4,0.29%,10.33,sqz,参数二,"{""sqz"": {""bb_length"": 20, ""bb_mult"": 1.8, ""kc_length"": 20, ""kc_mult"": 1.5, ""min_sqz_bars"": 4}, ""r&s"": {""srb_left"": 15, ""srb_right"": 15}, ""atr"": {""atr_length"": 14, ""atr_mult"": 1.0}}",一直释放,nan-10.03-10.1-10.25,低-高-高,nan%-0.70%-1.49%,100.0,2.09,FG MERGER II CORP,1D
2026-06-01 00:00:00,Long,ROP,344.25,5.75%,317.63,utb,参数一,"{""utb"": {""key_value"": 2, ""atr_period"": 14, ""use_ha"": false}, ""r&s"": {""srb_left"": 10, ""srb_right"": 10}, ""atr"": {""atr_length"": 14, ""atr_mult"": 1.0}}",,,,,,,ROPER TECHNOLOGIES INC,1D
2026-06-01 00:00:00,Long,HCAC,10.06,0.65%,10.02,utb,参数一,"{""utb"": {""key_value"": 2, ""atr_period"": 14, ""use_ha"": false}, ""r&s"": {""srb_left"": 10, ""srb_right"": 10}, ""atr"": {""atr_length"": 14, ""atr_mult"": 1.0}}",,,,,,,HALL CHADWICK ACQUISITION-A,1D
2026-06-01 00:00:00,Short,ETR,104.97,-3.74%,110.19,sqz,参数二,"{""sqz"": {""bb_length"": 20, ""bb_mult"": 1.8, ""kc_length"": 20, ""kc_mult"": 1.5, ""min_sqz_bars"": 4}, ""r&s"": {""srb_left"": 15, ""srb_right"": 15}, ""atr"": {""atr_length"": 14, ""atr_mult"": 1.0}}",一直亮红,84.8-91.05-89.79-98.7-109.02,高-低-高-高,7.36%-1.38%-9.93%-10.46%,27.0,8.64,ENTERGY CORP,1D
2026-06-01 00:00:00,Long,PDFS,51.28,5.02%,44.67,utb,参数一,"{""utb"": {""key_value"": 2, ""atr_period"": 14, ""use_ha"": false}, ""r&s"": {""srb_left"": 10, ""srb_right"": 10}, ""atr"": {""atr_length"": 14, ""atr_mult"": 1.0}}",,,,,,,PDF SOLUTIONS INC,1D
2026-06-01 00:00:00,Short,CNMD,34.65,-2.94%,37.59,utb,参数二,"{""utb"": {""key_value"": 3, ""atr_period"": 14, ""use_ha"": false}, ""r&s"": {""srb_left"": 15, ""srb_right"": 15}, ""atr"": {""atr_length"": 14, ""atr_mult"": 1.0}}",,,,,,,CONMED CORP,1D
2026-06-01 00:00:00,Long,XTIA,2.13,17.68%,1.75,utb,参数二,"{""utb"": {""key_value"": 3, ""atr_period"": 14, ""use_ha"": false}, ""r&s"": {""srb_left"": 15, ""srb_right"": 15}, ""atr"": {""atr_length"": 14, ""atr_mult"": 1.0}}",,,,,,,XTI AEROSPACE INC,1D
2026-06-01 00:00:00,Long,SDHC,13.15,9.95%,10.51,utb,参数一,"{""utb"": {""key_value"": 2, ""atr_period"": 14, ""use_ha"": false}, ""r&s"": {""srb_left"": 10, ""srb_right"": 10}, ""atr"": {""atr_length"": 14, ""atr_mult"": 1.0}}",,,,,,,SMITH DOUGLAS HOMES CORP,1D
2026-06-01 00:00:00,Short,CRMT,6.86,-44.18%,13.37,sqz,参数一,"{""sqz"": {""bb_length"": 15, ""bb_mult"": 1.5, ""kc_length"": 15, ""kc_mult"": 1.2, ""min_sqz_bars"": 4}, ""r&s"": {""srb_left"": 10, ""srb_right"": 10}, ""atr"": {""atr_length"": 14, ""atr_mult"": 1.0}}",支撑释放,40.08-17.78-24.11-11.04-10.58,低-高-低-低,55.64%-35.60%-54.21%-4.17%,34.0,38.19,AMERICA'S CAR-MART INC,1D
2026-06-01 00:00:00,Short,CRMT,6.86,-44.18%,13.37,sqz,参数二,"{""sqz"": {""bb_length"": 20, ""bb_mult"": 1.8, ""kc_length"": 20, ""kc_mult"": 1.5, ""min_sqz_bars"": 4}, ""r&s"": {""srb_left"": 15, ""srb_right"": 15}, ""atr"": {""atr_length"": 14, ""atr_mult"": 1.0}}",支撑释放,40.33-46.0-40.08-17.78-10.58,高-低-低-低,14.06%-12.87%-55.64%-40.49%,34.0,38.19,AMERICA'S CAR-MART INC,1D
2026-06-01 00:00:00,Short,BOW,25.95,-2.52%,28.19,utb,参数一,"{""utb"": {""key_value"": 2, ""atr_period"": 14, ""use_ha"": false}, ""r&s"": {""srb_left"": 10, ""srb_right"": 10}, ""atr"": {""atr_length"": 14, ""atr_mult"": 1.0}}",,,,,,,BOWHEAD SPECIALTY HOLDINGS I,1D
2026-06-01 00:00:00,Long,NCNO,17.19,6.90%,15.04,utb,参数一,"{""utb"": {""key_value"": 2, ""atr_period"": 14, ""use_ha"": false}, ""r&s"": {""srb_left"": 10, ""srb_right"": 10}, ""atr"": {""atr_length"": 14, ""atr_mult"": 1.0}}",,,,,,,NCINO INC,1D
2026-06-01 00:00:00,Short,OGE,45.66,-3.32%,47.74,utb,参数一,"{""utb"": {""key_value"": 2, ""atr_period"": 14, ""use_ha"": false}, ""r&s"": {""srb_left"": 10, ""srb_right"": 10}, ""atr"": {""atr_length"": 14, ""atr_mult"": 1.0}}",,,,,,,OGE ENERGY CORP,1D
2026-06-01 00:00:00,Short,OGE,45.66,-3.32%,47.74,sqz,参数一,"{""sqz"": {""bb_length"": 15, ""bb_mult"": 1.5, ""kc_length"": 15, ""kc_mult"": 1.2, ""min_sqz_bars"": 4}, ""r&s"": {""srb_left"": 10, ""srb_right"": 10}, ""atr"": {""atr_length"": 14, ""atr_mult"": 1.0}}",支撑释放,42.04-42.5-41.34-45.53-45.75,高-低-高-高,1.10%-2.73%-10.14%-0.48%,27.0,7.45,OGE ENERGY CORP,1D
2026-06-01 00:00:00,Short,OGE,45.66,-3.32%,47.74,utb,参数二,"{""utb"": {""key_value"": 3, ""atr_period"": 14, ""use_ha"": false}, ""r&s"": {""srb_left"": 15, ""srb_right"": 15}, ""atr"": {""atr_length"": 14, ""atr_mult"": 1.0}}",,,,,,,OGE ENERGY CORP,1D
2026-06-01 00:00:00,Short,OGE,45.66,-3.32%,47.74,sqz,参数二,"{""sqz"": {""bb_length"": 20, ""bb_mult"": 1.8, ""kc_length"": 20, ""kc_mult"": 1.5, ""min_sqz_bars"": 4}, ""r&s"": {""srb_left"": 15, ""srb_right"": 15}, ""atr"": {""atr_length"": 14, ""atr_mult"": 1.0}}",支撑释放,41.71-42.04-41.34-45.53-45.75,高-低-高-高,0.77%-1.66%-10.14%-0.48%,27.0,7.45,OGE ENERGY CORP,1D
2026-06-01 00:00:00,Long,ANET,170.68,7.03%,153.91,utb,参数二,"{""utb"": {""key_value"": 3, ""atr_period"": 14, ""use_ha"": false}, ""r&s"": {""srb_left"": 15, ""srb_right"": 15}, ""atr"": {""atr_length"": 14, ""atr_mult"": 1.0}}",,,,,,,ARISTA NETWORKS INC,1D
2026-06-01 00:00:00,Short,GRAL,64.4,-10.16%,70.32,utb,参数一,"{""utb"": {""key_value"": 2, ""atr_period"": 14, ""use_ha"": false}, ""r&s"": {""srb_left"": 10, ""srb_right"": 10}, ""atr"": {""atr_length"": 14, ""atr_mult"": 1.0}}",,,,,,,GRAIL INC,1D
2026-06-01 00:00:00,Short,FCFS,213.76,-2.80%,226.08,utb,参数一,"{""utb"": {""key_value"": 2, ""atr_period"": 14, ""use_ha"": false}, ""r&s"": {""srb_left"": 10, ""srb_right"": 10}, ""atr"": {""atr_length"": 14, ""atr_mult"": 1.0}}",,,,,,,FIRSTCASH HOLDINGS INC,1D
2026-06-01 00:00:00,Long,CART,42.2,6.03%,38.6,utb,参数一,"{""utb"": {""key_value"": 2, ""atr_period"": 14, ""use_ha"": false}, ""r&s"": {""srb_left"": 10, ""srb_right"": 10}, ""atr"": {""atr_length"": 14, ""atr_mult"": 1.0}}",,,,,,,MAPLEBEAR INC,1D
2026-06-01 00:00:00,Short,XENE,53.41,-2.41%,56.96,utb,参数二,"{""utb"": {""key_value"": 3, ""atr_period"": 14, ""use_ha"": false}, ""r&s"": {""srb_left"": 15, ""srb_right"": 15}, ""atr"": {""atr_length"": 14, ""atr_mult"": 1.0}}",,,,,,,XENON PHARMACEUTICALS INC,1D
2026-06-01 00:00:00,Short,ACT,41.09,-1.68%,42.77,utb,参数二,"{""utb"": {""key_value"": 3, ""atr_period"": 14, ""use_ha"": false}, ""r&s"": {""srb_left"": 15, ""srb_right"": 15}, ""atr"": {""atr_length"": 14, ""atr_mult"": 1.0}}",,,,,,,ENACT HOLDINGS INC,1D
2026-06-01 00:00:00,Short,RKLB,122.39,-14.70%,147.0,utb,参数一,"{""utb"": {""key_value"": 2, ""atr_period"": 14, ""use_ha"": false}, ""r&s"": {""srb_left"": 10, ""srb_right"": 10}, ""atr"": {""atr_length"": 14, ""atr_mult"": 1.0}}",,,,,,,ROCKET LAB CORP,1D
2026-06-01 00:00:00,Long,TNET,48.92,7.09%,43.88,sqz,参数一,"{""sqz"": {""bb_length"": 15, ""bb_mult"": 1.5, ""kc_length"": 15, ""kc_mult"": 1.2, ""min_sqz_bars"": 4}, ""r&s"": {""srb_left"": 10, ""srb_right"": 10}, ""atr"": {""atr_length"": 14, ""atr_mult"": 1.0}}",压力释放,58.62-61.4-63.86-39.02-46.38,高-高-低-高,4.73%-4.01%-38.90%-18.87%,20.0,20.91,TRINET GROUP INC,1D
2026-06-01 00:00:00,Long,TNET,48.92,7.09%,43.88,utb,参数二,"{""utb"": {""key_value"": 3, ""atr_period"": 14, ""use_ha"": false}, ""r&s"": {""srb_left"": 15, ""srb_right"": 15}, ""atr"": {""atr_length"": 14, ""atr_mult"": 1.0}}",,,,,,,TRINET GROUP INC,1D
2026-06-01 00:00:00,Long,TNET,48.92,7.09%,43.88,sqz,参数二,"{""sqz"": {""bb_length"": 20, ""bb_mult"": 1.8, ""kc_length"": 20, ""kc_mult"": 1.5, ""min_sqz_bars"": 4}, ""r&s"": {""srb_left"": 15, ""srb_right"": 15}, ""atr"": {""atr_length"": 14, ""atr_mult"": 1.0}}",压力释放,85.02-71.63-63.86-39.02-46.38,低-低-低-高,15.75%-10.85%-38.90%-18.87%,20.0,20.91,TRINET GROUP INC,1D
2026-06-01 00:00:00,Long,JACK,13.48,8.27%,11.4,utb,参数一,"{""utb"": {""key_value"": 2, ""atr_period"": 14, ""use_ha"": false}, ""r&s"": {""srb_left"": 10, ""srb_right"": 10}, ""atr"": {""atr_length"": 14, ""atr_mult"": 1.0}}",,,,,,,JACK IN THE BOX INC,1D
2026-06-01 00:00:00,Short,INTG,36.28,-6.40%,41.97,utb,参数一,"{""utb"": {""key_value"": 2, ""atr_period"": 14, ""use_ha"": false}, ""r&s"": {""srb_left"": 10, ""srb_right"": 10}, ""atr"": {""atr_length"": 14, ""atr_mult"": 1.0}}",,,,,,,INTERGROUP CORP,1D
2026-06-01 00:00:00,Short,SWKS,75.49,-3.03%,81.89,utb,参数一,"{""utb"": {""key_value"": 2, ""atr_period"": 14, ""use_ha"": false}, ""r&s"": {""srb_left"": 10, ""srb_right"": 10}, ""atr"": {""atr_length"": 14, ""atr_mult"": 1.0}}",,,,,,,SKYWORKS SOLUTIONS INC,1D
2026-06-01 00:00:00,Long,RGP,4.69,3.76%,4.29,utb,参数一,"{""utb"": {""key_value"": 2, ""atr_period"": 14, ""use_ha"": false}, ""r&s"": {""srb_left"": 10, ""srb_right"": 10}, ""atr"": {""atr_length"": 14, ""atr_mult"": 1.0}}",,,,,,,RESOURCES CONNECTION INC,1D
2026-06-01 00:00:00,Long,IREN,65.33,2.82%,55.22,sqz,参数二,"{""sqz"": {""bb_length"": 20, ""bb_mult"": 1.8, ""kc_length"": 20, ""kc_mult"": 1.5, ""min_sqz_bars"": 4}, ""r&s"": {""srb_left"": 15, ""srb_right"": 15}, ""atr"": {""atr_length"": 14, ""atr_mult"": 1.0}}",一直亮绿,nan-13.62-21.54-76.87-63.59,低-高-高-低,nan%-58.15%-256.87%-17.28%,85.0,106.73,IREN LTD,1D
2026-06-01 00:00:00,Long,PEGA,37.93,6.16%,34.27,utb,参数一,"{""utb"": {""key_value"": 2, ""atr_period"": 14, ""use_ha"": false}, ""r&s"": {""srb_left"": 10, ""srb_right"": 10}, ""atr"": {""atr_length"": 14, ""atr_mult"": 1.0}}",,,,,,,PEGASYSTEMS INC,1D
2026-06-01 00:00:00,Long,OPEN,5.31,5.36%,4.58,utb,参数二,"{""utb"": {""key_value"": 3, ""atr_period"": 14, ""use_ha"": false}, ""r&s"": {""srb_left"": 15, ""srb_right"": 15}, ""atr"": {""atr_length"": 14, ""atr_mult"": 1.0}}",,,,,,,OPENDOOR TECHNOLOGIES INC,1D
2026-06-01 00:00:00,Long,NUAI,5.61,17.61%,4.0,utb,参数一,"{""utb"": {""key_value"": 2, ""atr_period"": 14, ""use_ha"": false}, ""r&s"": {""srb_left"": 10, ""srb_right"": 10}, ""atr"": {""atr_length"": 14, ""atr_mult"": 1.0}}",,,,,,,NEW ERA ENERGY & DIGITAL INC,1D
2026-06-01 00:00:00,Short,JNJ,223.51,-0.81%,228.58,utb,参数一,"{""utb"": {""key_value"": 2, ""atr_period"": 14, ""use_ha"": false}, ""r&s"": {""srb_left"": 10, ""srb_right"": 10}, ""atr"": {""atr_length"": 14, ""atr_mult"": 1.0}}",,,,,,,JOHNSON & JOHNSON,1D
2026-06-01 00:00:00,Short,PM,172.66,-2.66%,180.97,utb,参数二,"{""utb"": {""key_value"": 3, ""atr_period"": 14, ""use_ha"": false}, ""r&s"": {""srb_left"": 15, ""srb_right"": 15}, ""atr"": {""atr_length"": 14, ""atr_mult"": 1.0}}",,,,,,,PHILIP MORRIS INTERNATIONAL,1D
2026-06-01 00:00:00,Long,EWTX,40.26,17.86%,35.29,utb,参数一,"{""utb"": {""key_value"": 2, ""atr_period"": 14, ""use_ha"": false}, ""r&s"": {""srb_left"": 10, ""srb_right"": 10}, ""atr"": {""atr_length"": 14, ""atr_mult"": 1.0}}",,,,,,,EDGEWISE THERAPEUTICS INC,1D
2026-06-01 00:00:00,Long,EWTX,40.26,17.86%,35.29,utb,参数二,"{""utb"": {""key_value"": 3, ""atr_period"": 14, ""use_ha"": false}, ""r&s"": {""srb_left"": 15, ""srb_right"": 15}, ""atr"": {""atr_length"": 14, ""atr_mult"": 1.0}}",,,,,,,EDGEWISE THERAPEUTICS INC,1D
2026-06-01 00:00:00,Long,NSP,36.77,6.67%,32.95,utb,参数二,"{""utb"": {""key_value"": 3, ""atr_period"": 14, ""use_ha"": false}, ""r&s"": {""srb_left"": 15, ""srb_right"": 15}, ""atr"": {""atr_length"": 14, ""atr_mult"": 1.0}}",,,,,,,INSPERITY INC,1D
2026-06-01 00:00:00,Long,MNDY,95.47,14.17%,81.55,sqz,参数一,"{""sqz"": {""bb_length"": 15, ""bb_mult"": 1.5, ""kc_length"": 15, ""kc_mult"": 1.2, ""min_sqz_bars"": 4}, ""r&s"": {""srb_left"": 10, ""srb_right"": 10}, ""atr"": {""atr_length"": 14, ""atr_mult"": 1.0}}",压力释放,210.49-164.49-151.0-81.85-88.48,低-低-低-高,21.85%-8.20%-45.79%-8.10%,14.0,34.23,MONDAY.COM LTD,1D
2026-06-01 00:00:00,Long,MNDY,95.47,14.17%,81.55,sqz,参数二,"{""sqz"": {""bb_length"": 20, ""bb_mult"": 1.8, ""kc_length"": 20, ""kc_mult"": 1.5, ""min_sqz_bars"": 4}, ""r&s"": {""srb_left"": 15, ""srb_right"": 15}, ""atr"": {""atr_length"": 14, ""atr_mult"": 1.0}}",压力释放,316.98-220.8-210.49-164.49-81.85,低-低-低-低,30.34%-4.67%-21.85%-50.24%,60.0,42.35,MONDAY.COM LTD,1D
2026-06-01 00:00:00,Long,MHO,137.66,4.59%,130.4,utb,参数二,"{""utb"": {""key_value"": 3, ""atr_period"": 14, ""use_ha"": false}, ""r&s"": {""srb_left"": 15, ""srb_right"": 15}, ""atr"": {""atr_length"": 14, ""atr_mult"": 1.0}}",,,,,,,M/I HOMES INC,1D
2026-06-01 00:00:00,Long,TRNS,88.09,4.22%,70.84,sqz,参数一,"{""sqz"": {""bb_length"": 15, ""bb_mult"": 1.5, ""kc_length"": 15, ""kc_mult"": 1.2, ""min_sqz_bars"": 4}, ""r&s"": {""srb_left"": 10, ""srb_right"": 10}, ""atr"": {""atr_length"": 14, ""atr_mult"": 1.0}}",压力释放,62.59-67.2-81.36-81.54-85.2,高-高-高-高,7.37%-21.07%-0.22%-4.49%,28.0,29.29,TRANSCAT INC,1D
2026-06-01 00:00:00,Long,TRNS,88.09,4.22%,70.84,sqz,参数二,"{""sqz"": {""bb_length"": 20, ""bb_mult"": 1.8, ""kc_length"": 20, ""kc_mult"": 1.5, ""min_sqz_bars"": 4}, ""r&s"": {""srb_left"": 15, ""srb_right"": 15}, ""atr"": {""atr_length"": 14, ""atr_mult"": 1.0}}",压力释放,90.79-91.45-80.6-81.54-85.2,高-低-高-高,0.73%-11.86%-1.17%-4.49%,28.0,29.29,TRANSCAT INC,1D
2026-06-01 00:00:00,Long,DSGX,79.85,8.24%,72.7,utb,参数二,"{""utb"": {""key_value"": 3, ""atr_period"": 14, ""use_ha"": false}, ""r&s"": {""srb_left"": 15, ""srb_right"": 15}, ""atr"": {""atr_length"": 14, ""atr_mult"": 1.0}}",,,,,,,DESCARTES SYSTEMS GRP/THE,1D
2026-06-01 00:00:00,Long,DSGX,79.85,8.24%,72.7,sqz,参数二,"{""sqz"": {""bb_length"": 20, ""bb_mult"": 1.8, ""kc_length"": 20, ""kc_mult"": 1.5, ""min_sqz_bars"": 4}, ""r&s"": {""srb_left"": 15, ""srb_right"": 15}, ""atr"": {""atr_length"": 14, ""atr_mult"": 1.0}}",一直释放,108.52-109.0-95.41-75.09-78.45,高-低-低-高,0.44%-12.47%-21.30%-4.47%,28.0,19.9,DESCARTES SYSTEMS GRP/THE,1D
2026-06-01 00:00:00,Long,TLSI,3.67,7.62%,2.92,utb,参数二,"{""utb"": {""key_value"": 3, ""atr_period"": 14, ""use_ha"": false}, ""r&s"": {""srb_left"": 15, ""srb_right"": 15}, ""atr"": {""atr_length"": 14, ""atr_mult"": 1.0}}",,,,,,,TRISALUS LIFE SCIENCES INC,1D
2026-06-01 00:00:00,Short,ORLY,86.64,-0.28%,90.11,sqz,参数二,"{""sqz"": {""bb_length"": 20, ""bb_mult"": 1.8, ""kc_length"": 20, ""kc_mult"": 1.5, ""min_sqz_bars"": 4}, ""r&s"": {""srb_left"": 15, ""srb_right"": 15}, ""atr"": {""atr_length"": 14, ""atr_mult"": 1.0}}",一直亮红,87.23-86.94-90.18-89.12-86.77,低-高-低-低,0.33%-3.73%-1.18%-2.64%,49.0,15.97,O'REILLY AUTOMOTIVE INC,1D
2026-06-01 00:00:00,Long,INTU,353.76,6.71%,315.43,utb,参数一,"{""utb"": {""key_value"": 2, ""atr_period"": 14, ""use_ha"": false}, ""r&s"": {""srb_left"": 10, ""srb_right"": 10}, ""atr"": {""atr_length"": 14, ""atr_mult"": 1.0}}",,,,,,,INTUIT INC,1D
2026-06-01 00:00:00,Short,TOPP,1.94,-23.92%,2.55,utb,参数一,"{""utb"": {""key_value"": 2, ""atr_period"": 14, ""use_ha"": false}, ""r&s"": {""srb_left"": 10, ""srb_right"": 10}, ""atr"": {""atr_length"": 14, ""atr_mult"": 1.0}}",,,,,,,TOPPOINT HOLDINGS INC,1D
2026-06-01 00:00:00,Short,TOPP,1.94,-23.92%,2.55,utb,参数二,"{""utb"": {""key_value"": 3, ""atr_period"": 14, ""use_ha"": false}, ""r&s"": {""srb_left"": 15, ""srb_right"": 15}, ""atr"": {""atr_length"": 14, ""atr_mult"": 1.0}}",,,,,,,TOPPOINT HOLDINGS INC,1D
2026-06-01 00:00:00,Long,EXTR,28.13,6.11%,25.51,sqz,参数二,"{""sqz"": {""bb_length"": 20, ""bb_mult"": 1.8, ""kc_length"": 20, ""kc_mult"": 1.5, ""min_sqz_bars"": 4}, ""r&s"": {""srb_left"": 15, ""srb_right"": 15}, ""atr"": {""atr_length"": 14, ""atr_mult"": 1.0}}",一直释放,18.81-22.89-21.65-18.36-15.8,高-低-低-低,21.69%-5.42%-15.20%-13.94%,76.0,17.21,EXTREME NETWORKS INC,1D
2026-06-01 00:00:00,Long,CRS,486.93,3.83%,441.02,sqz,参数一,"{""sqz"": {""bb_length"": 15, ""bb_mult"": 1.5, ""kc_length"": 15, ""kc_mult"": 1.2, ""min_sqz_bars"": 4}, ""r&s"": {""srb_left"": 10, ""srb_right"": 10}, ""atr"": {""atr_length"": 14, ""atr_mult"": 1.0}}",一直亮绿,341.75-348.63-412.12-458.97-475.69,高-高-高-高,2.01%-18.21%-11.37%-3.64%,16.0,21.97,CARPENTER TECHNOLOGY,1D
2026-06-01 00:00:00,Short,OGC,28.6,-5.30%,30.85,sqz,参数一,"{""sqz"": {""bb_length"": 15, ""bb_mult"": 1.5, ""kc_length"": 15, ""kc_mult"": 1.2, ""min_sqz_bars"": 4}, ""r&s"": {""srb_left"": 10, ""srb_right"": 10}, ""atr"": {""atr_length"": 14, ""atr_mult"": 1.0}}",一直亮红,20.07-27.01-30.64-27.42-29.4,高-高-低-高,34.54%-13.44%-10.51%-7.24%,18.0,17.87,OCEANAGOLD CORP,1D
2026-06-01 00:00:00,Long,PCOR,55.23,11.60%,47.19,utb,参数一,"{""utb"": {""key_value"": 2, ""atr_period"": 14, ""use_ha"": false}, ""r&s"": {""srb_left"": 10, ""srb_right"": 10}, ""atr"": {""atr_length"": 14, ""atr_mult"": 1.0}}",,,,,,,PROCORE TECHNOLOGIES INC,1D
2026-06-01 00:00:00,Long,PCOR,55.23,11.60%,47.19,utb,参数二,"{""utb"": {""key_value"": 3, ""atr_period"": 14, ""use_ha"": false}, ""r&s"": {""srb_left"": 15, ""srb_right"": 15}, ""atr"": {""atr_length"": 14, ""atr_mult"": 1.0}}",,,,,,,PROCORE TECHNOLOGIES INC,1D
2026-06-01 00:00:00,Long,RNG,49.1,13.37%,40.41,utb,参数一,"{""utb"": {""key_value"": 2, ""atr_period"": 14, ""use_ha"": false}, ""r&s"": {""srb_left"": 10, ""srb_right"": 10}, ""atr"": {""atr_length"": 14, ""atr_mult"": 1.0}}",,,,,,,RINGCENTRAL INC-CLASS A,1D
2026-06-01 00:00:00,Long,RNG,49.1,13.37%,40.41,utb,参数二,"{""utb"": {""key_value"": 3, ""atr_period"": 14, ""use_ha"": false}, ""r&s"": {""srb_left"": 15, ""srb_right"": 15}, ""atr"": {""atr_length"": 14, ""atr_mult"": 1.0}}",,,,,,,RINGCENTRAL INC-CLASS A,1D
2026-06-01 00:00:00,Long,BAND,70.89,9.11%,58.7,sqz,参数二,"{""sqz"": {""bb_length"": 20, ""bb_mult"": 1.8, ""kc_length"": 20, ""kc_mult"": 1.5, ""min_sqz_bars"": 4}, ""r&s"": {""srb_left"": 15, ""srb_right"": 15}, ""atr"": {""atr_length"": 14, ""atr_mult"": 1.0}}",一直释放,16.37-16.44-18.63-17.18-15.77,高-高-低-低,0.46%-13.29%-7.78%-8.21%,104.0,26.16,BANDWIDTH INC-CLASS A,1D
2026-06-01 00:00:00,Long,CPAY,364.13,0.64%,345.95,sqz,参数二,"{""sqz"": {""bb_length"": 20, ""bb_mult"": 1.8, ""kc_length"": 20, ""kc_mult"": 1.5, ""min_sqz_bars"": 4}, ""r&s"": {""srb_left"": 15, ""srb_right"": 15}, ""atr"": {""atr_length"": 14, ""atr_mult"": 1.0}}",一直亮绿,345.46-331.55-319.56-334.7-361.99,低-低-高-高,4.03%-3.62%-4.74%-8.15%,76.0,28.75,CORPAY INC,1D
2026-06-01 00:00:00,Long,RZLT,3.61,9.39%,2.96,utb,参数一,"{""utb"": {""key_value"": 2, ""atr_period"": 14, ""use_ha"": false}, ""r&s"": {""srb_left"": 10, ""srb_right"": 10}, ""atr"": {""atr_length"": 14, ""atr_mult"": 1.0}}",,,,,,,REZOLUTE INC,1D
2026-06-01 00:00:00,Short,DTE,139.83,-2.13%,144.67,utb,参数一,"{""utb"": {""key_value"": 2, ""atr_period"": 14, ""use_ha"": false}, ""r&s"": {""srb_left"": 10, ""srb_right"": 10}, ""atr"": {""atr_length"": 14, ""atr_mult"": 1.0}}",,,,,,,DTE ENERGY COMPANY,1D
2026-06-01 00:00:00,Short,MRK,115.17,-2.99%,120.98,utb,参数一,"{""utb"": {""key_value"": 2, ""atr_period"": 14, ""use_ha"": false}, ""r&s"": {""srb_left"": 10, ""srb_right"": 10}, ""atr"": {""atr_length"": 14, ""atr_mult"": 1.0}}",,,,,,,MERCK & CO. INC.,1D
2026-06-01 00:00:00,Long,BZAI,1.89,7.39%,1.49,utb,参数一,"{""utb"": {""key_value"": 2, ""atr_period"": 14, ""use_ha"": false}, ""r&s"": {""srb_left"": 10, ""srb_right"": 10}, ""atr"": {""atr_length"": 14, ""atr_mult"": 1.0}}",,,,,,,BLAIZE HOLDINGS INC,1D
2026-06-01 00:00:00,Short,PTGX,94.92,-4.66%,102.74,utb,参数一,"{""utb"": {""key_value"": 2, ""atr_period"": 14, ""use_ha"": false}, ""r&s"": {""srb_left"": 10, ""srb_right"": 10}, ""atr"": {""atr_length"": 14, ""atr_mult"": 1.0}}",,,,,,,PROTAGONIST THERAPEUTICS INC,1D
2026-06-01 00:00:00,Long,AVPT,11.52,5.59%,10.65,utb,参数二,"{""utb"": {""key_value"": 3, ""atr_period"": 14, ""use_ha"": false}, ""r&s"": {""srb_left"": 15, ""srb_right"": 15}, ""atr"": {""atr_length"": 14, ""atr_mult"": 1.0}}",,,,,,,AVEPOINT INC,1D
2026-06-01 00:00:00,Short,TRC,18.88,-2.33%,20.04,utb,参数二,"{""utb"": {""key_value"": 3, ""atr_period"": 14, ""use_ha"": false}, ""r&s"": {""srb_left"": 15, ""srb_right"": 15}, ""atr"": {""atr_length"": 14, ""atr_mult"": 1.0}}",,,,,,,TEJON RANCH CO,1D
2026-06-01 00:00:00,Long,LYFT,14.86,5.32%,13.54,utb,参数一,"{""utb"": {""key_value"": 2, ""atr_period"": 14, ""use_ha"": false}, ""r&s"": {""srb_left"": 10, ""srb_right"": 10}, ""atr"": {""atr_length"": 14, ""atr_mult"": 1.0}}",,,,,,,LYFT INC-A,1D
2026-06-01 00:00:00,Long,LYFT,14.86,5.32%,13.54,utb,参数二,"{""utb"": {""key_value"": 3, ""atr_period"": 14, ""use_ha"": false}, ""r&s"": {""srb_left"": 15, ""srb_right"": 15}, ""atr"": {""atr_length"": 14, ""atr_mult"": 1.0}}",,,,,,,LYFT INC-A,1D
2026-06-01 00:00:00,Short,SPIR,20.56,-9.98%,24.67,utb,参数一,"{""utb"": {""key_value"": 2, ""atr_period"": 14, ""use_ha"": false}, ""r&s"": {""srb_left"": 10, ""srb_right"": 10}, ""atr"": {""atr_length"": 14, ""atr_mult"": 1.0}}",,,,,,,SPIRE GLOBAL INC,1D
2026-06-01 00:00:00,Long,AFRM,72.91,-1.00%,68.75,sqz,参数一,"{""sqz"": {""bb_length"": 15, ""bb_mult"": 1.5, ""kc_length"": 15, ""kc_mult"": 1.2, ""min_sqz_bars"": 4}, ""r&s"": {""srb_left"": 10, ""srb_right"": 10}, ""atr"": {""atr_length"": 14, ""atr_mult"": 1.0}}",压力释放,100.0-78.95-79.38-84.65-71.29,低-高-高-低,21.05%-0.54%-6.64%-15.78%,15.0,19.31,AFFIRM HOLDINGS INC,1D
2026-06-01 00:00:00,Short,FIX,1787.88,-2.21%,1911.74,utb,参数二,"{""utb"": {""key_value"": 3, ""atr_period"": 14, ""use_ha"": false}, ""r&s"": {""srb_left"": 15, ""srb_right"": 15}, ""atr"": {""atr_length"": 14, ""atr_mult"": 1.0}}",,,,,,,COMFORT SYSTEMS USA INC,1D
2026-06-01 00:00:00,Long,TRIP,12.1,8.23%,10.67,sqz,参数二,"{""sqz"": {""bb_length"": 20, ""bb_mult"": 1.8, ""kc_length"": 20, ""kc_mult"": 1.5, ""min_sqz_bars"": 4}, ""r&s"": {""srb_left"": 15, ""srb_right"": 15}, ""atr"": {""atr_length"": 14, ""atr_mult"": 1.0}}",一直释放,19.26-20.16-17.82-15.73-11.85,高-低-低-低,4.67%-11.61%-11.73%-24.67%,28.0,31.08,TRIPADVISOR INC,1D
2026-06-01 00:00:00,Long,ERAS,13.82,7.63%,11.67,utb,参数一,"{""utb"": {""key_value"": 2, ""atr_period"": 14, ""use_ha"": false}, ""r&s"": {""srb_left"": 10, ""srb_right"": 10}, ""atr"": {""atr_length"": 14, ""atr_mult"": 1.0}}",,,,,,,ERASCA INC,1D
2026-06-01 00:00:00,Short,CNP,41.29,-2.30%,42.86,utb,参数一,"{""utb"": {""key_value"": 2, ""atr_period"": 14, ""use_ha"": false}, ""r&s"": {""srb_left"": 10, ""srb_right"": 10}, ""atr"": {""atr_length"": 14, ""atr_mult"": 1.0}}",,,,,,,CENTERPOINT ENERGY INC,1D
2026-06-01 00:00:00,Long,NAMM,2.08,36.84%,1.85,utb,参数一,"{""utb"": {""key_value"": 2, ""atr_period"": 14, ""use_ha"": false}, ""r&s"": {""srb_left"": 10, ""srb_right"": 10}, ""atr"": {""atr_length"": 14, ""atr_mult"": 1.0}}",,,,,,,NAMIB MINERALS,1D
2026-06-01 00:00:00,Long,NAMM,2.08,36.84%,1.85,utb,参数二,"{""utb"": {""key_value"": 3, ""atr_period"": 14, ""use_ha"": false}, ""r&s"": {""srb_left"": 15, ""srb_right"": 15}, ""atr"": {""atr_length"": 14, ""atr_mult"": 1.0}}",,,,,,,NAMIB MINERALS,1D
2026-06-01 00:00:00,Long,FUBO,11.52,14.17%,9.47,utb,参数一,"{""utb"": {""key_value"": 2, ""atr_period"": 14, ""use_ha"": false}, ""r&s"": {""srb_left"": 10, ""srb_right"": 10}, ""atr"": {""atr_length"": 14, ""atr_mult"": 1.0}}",,,,,,,FUBOTV INC -CLASS A,1D
2026-06-01 00:00:00,Long,FUBO,11.52,14.17%,9.47,utb,参数二,"{""utb"": {""key_value"": 3, ""atr_period"": 14, ""use_ha"": false}, ""r&s"": {""srb_left"": 15, ""srb_right"": 15}, ""atr"": {""atr_length"": 14, ""atr_mult"": 1.0}}",,,,,,,FUBOTV INC -CLASS A,1D
2026-06-01 00:00:00,Long,GBDC,13.36,1.52%,12.93,utb,参数一,"{""utb"": {""key_value"": 2, ""atr_period"": 14, ""use_ha"": false}, ""r&s"": {""srb_left"": 10, ""srb_right"": 10}, ""atr"": {""atr_length"": 14, ""atr_mult"": 1.0}}",,,,,,,GOLUB CAPITAL BDC INC,1D
2026-06-01 00:00:00,Short,EZPW,30.96,-0.90%,33.17,utb,参数二,"{""utb"": {""key_value"": 3, ""atr_period"": 14, ""use_ha"": false}, ""r&s"": {""srb_left"": 15, ""srb_right"": 15}, ""atr"": {""atr_length"": 14, ""atr_mult"": 1.0}}",,,,,,,EZCORP INC-CL A,1D
2026-06-01 00:00:00,Long,NUVB,4.96,3.77%,4.42,utb,参数一,"{""utb"": {""key_value"": 2, ""atr_period"": 14, ""use_ha"": false}, ""r&s"": {""srb_left"": 10, ""srb_right"": 10}, ""atr"": {""atr_length"": 14, ""atr_mult"": 1.0}}",,,,,,,NUVATION BIO INC,1D
2026-06-01 00:00:00,Long,OTF,11.38,2.43%,10.67,utb,参数一,"{""utb"": {""key_value"": 2, ""atr_period"": 14, ""use_ha"": false}, ""r&s"": {""srb_left"": 10, ""srb_right"": 10}, ""atr"": {""atr_length"": 14, ""atr_mult"": 1.0}}",,,,,,,BLUE OWL TECHNOLOGY FINANCE,1D
2026-06-01 00:00:00,Short,OTTR,83.62,-3.51%,87.76,utb,参数一,"{""utb"": {""key_value"": 2, ""atr_period"": 14, ""use_ha"": false}, ""r&s"": {""srb_left"": 10, ""srb_right"": 10}, ""atr"": {""atr_length"": 14, ""atr_mult"": 1.0}}",,,,,,,OTTER TAIL CORP,1D
2026-06-01 00:00:00,Short,OTTR,83.62,-3.51%,87.76,utb,参数二,"{""utb"": {""key_value"": 3, ""atr_period"": 14, ""use_ha"": false}, ""r&s"": {""srb_left"": 15, ""srb_right"": 15}, ""atr"": {""atr_length"": 14, ""atr_mult"": 1.0}}",,,,,,,OTTER TAIL CORP,1D
2026-06-01 00:00:00,Long,ALRM,45.77,1.46%,42.38,utb,参数一,"{""utb"": {""key_value"": 2, ""atr_period"": 14, ""use_ha"": false}, ""r&s"": {""srb_left"": 10, ""srb_right"": 10}, ""atr"": {""atr_length"": 14, ""atr_mult"": 1.0}}",,,,,,,ALARM.COM HOLDINGS INC,1D
2026-06-01 00:00:00,Short,EVTV,1.98,-4.13%,2.34,utb,参数二,"{""utb"": {""key_value"": 3, ""atr_period"": 14, ""use_ha"": false}, ""r&s"": {""srb_left"": 15, ""srb_right"": 15}, ""atr"": {""atr_length"": 14, ""atr_mult"": 1.0}}",,,,,,,ENVIROTECH VEHICLES INC,1D
2026-06-01 00:00:00,Long,SPHR,145.78,5.27%,130.22,utb,参数一,"{""utb"": {""key_value"": 2, ""atr_period"": 14, ""use_ha"": false}, ""r&s"": {""srb_left"": 10, ""srb_right"": 10}, ""atr"": {""atr_length"": 14, ""atr_mult"": 1.0}}",,,,,,,SPHERE ENTERTAINMENT CO,1D
2026-06-01 00:00:00,Long,CRWV,124.82,13.96%,106.02,utb,参数一,"{""utb"": {""key_value"": 2, ""atr_period"": 14, ""use_ha"": false}, ""r&s"": {""srb_left"": 10, ""srb_right"": 10}, ""atr"": {""atr_length"": 14, ""atr_mult"": 1.0}}",,,,,,,COREWEAVE INC-CL A,1D
2026-06-01 00:00:00,Long,PINS,21.35,6.48%,19.17,utb,参数一,"{""utb"": {""key_value"": 2, ""atr_period"": 14, ""use_ha"": false}, ""r&s"": {""srb_left"": 10, ""srb_right"": 10}, ""atr"": {""atr_length"": 14, ""atr_mult"": 1.0}}",,,,,,,PINTEREST INC- CLASS A,1D
2026-06-01 00:00:00,Long,QTRX,3.5,14.38%,2.66,utb,参数一,"{""utb"": {""key_value"": 2, ""atr_period"": 14, ""use_ha"": false}, ""r&s"": {""srb_left"": 10, ""srb_right"": 10}, ""atr"": {""atr_length"": 14, ""atr_mult"": 1.0}}",,,,,,,QUANTERIX CORP,1D
2026-06-01 00:00:00,Long,QTRX,3.5,14.38%,2.66,utb,参数二,"{""utb"": {""key_value"": 3, ""atr_period"": 14, ""use_ha"": false}, ""r&s"": {""srb_left"": 15, ""srb_right"": 15}, ""atr"": {""atr_length"": 14, ""atr_mult"": 1.0}}",,,,,,,QUANTERIX CORP,1D
2026-06-01 00:00:00,Short,CEG,265.7,-7.66%,291.95,utb,参数一,"{""utb"": {""key_value"": 2, ""atr_period"": 14, ""use_ha"": false}, ""r&s"": {""srb_left"": 10, ""srb_right"": 10}, ""atr"": {""atr_length"": 14, ""atr_mult"": 1.0}}",,,,,,,CONSTELLATION ENERGY,1D
2026-06-01 00:00:00,Long,NCMI,3.62,15.29%,2.94,utb,参数二,"{""utb"": {""key_value"": 3, ""atr_period"": 14, ""use_ha"": false}, ""r&s"": {""srb_left"": 15, ""srb_right"": 15}, ""atr"": {""atr_length"": 14, ""atr_mult"": 1.0}}",,,,,,,NATIONAL CINEMEDIA INC,1D
2026-06-01 00:00:00,Short,IPI,38.19,-2.25%,42.68,utb,参数二,"{""utb"": {""key_value"": 3, ""atr_period"": 14, ""use_ha"": false}, ""r&s"": {""srb_left"": 15, ""srb_right"": 15}, ""atr"": {""atr_length"": 14, ""atr_mult"": 1.0}}",,,,,,,INTREPID POTASH INC,1D
2026-06-01 00:00:00,Long,SCHL,42.77,5.60%,38.73,utb,参数一,"{""utb"": {""key_value"": 2, ""atr_period"": 14, ""use_ha"": false}, ""r&s"": {""srb_left"": 10, ""srb_right"": 10}, ""atr"": {""atr_length"": 14, ""atr_mult"": 1.0}}",,,,,,,SCHOLASTIC CORP,1D
2026-06-01 00:00:00,Long,PGY,15.64,3.44%,13.81,utb,参数二,"{""utb"": {""key_value"": 3, ""atr_period"": 14, ""use_ha"": false}, ""r&s"": {""srb_left"": 15, ""srb_right"": 15}, ""atr"": {""atr_length"": 14, ""atr_mult"": 1.0}}",,,,,,,PAGAYA TECHNOLOGIES LTD -A,1D
2026-06-01 00:00:00,Long,BSY,35.24,7.97%,31.77,utb,参数一,"{""utb"": {""key_value"": 2, ""atr_period"": 14, ""use_ha"": false}, ""r&s"": {""srb_left"": 10, ""srb_right"": 10}, ""atr"": {""atr_length"": 14, ""atr_mult"": 1.0}}",,,,,,,BENTLEY SYSTEMS INC-CLASS B,1D
2026-06-01 00:00:00,Long,ABTS,2.14,115.73%,1.13,utb,参数一,"{""utb"": {""key_value"": 2, ""atr_period"": 14, ""use_ha"": false}, ""r&s"": {""srb_left"": 10, ""srb_right"": 10}, ""atr"": {""atr_length"": 14, ""atr_mult"": 1.0}}",,,,,,,ABITS GROUP INC,1D
2026-06-01 00:00:00,Long,ABTS,2.14,115.73%,1.13,utb,参数二,"{""utb"": {""key_value"": 3, ""atr_period"": 14, ""use_ha"": false}, ""r&s"": {""srb_left"": 15, ""srb_right"": 15}, ""atr"": {""atr_length"": 14, ""atr_mult"": 1.0}}",,,,,,,ABITS GROUP INC,1D
2026-06-01 00:00:00,Long,TWLO,227.54,19.36%,183.64,utb,参数一,"{""utb"": {""key_value"": 2, ""atr_period"": 14, ""use_ha"": false}, ""r&s"": {""srb_left"": 10, ""srb_right"": 10}, ""atr"": {""atr_length"": 14, ""atr_mult"": 1.0}}",,,,,,,TWILIO INC - A,1D
2026-06-01 00:00:00,Long,IBTA,35.89,4.79%,32.36,utb,参数二,"{""utb"": {""key_value"": 3, ""atr_period"": 14, ""use_ha"": false}, ""r&s"": {""srb_left"": 15, ""srb_right"": 15}, ""atr"": {""atr_length"": 14, ""atr_mult"": 1.0}}",,,,,,,IBOTTA INC-CL A,1D
2026-06-01 00:00:00,Short,ISRG,412.26,-2.92%,437.16,sqz,参数二,"{""sqz"": {""bb_length"": 20, ""bb_mult"": 1.8, ""kc_length"": 20, ""kc_mult"": 1.5, ""min_sqz_bars"": 4}, ""r&s"": {""srb_left"": 15, ""srb_right"": 15}, ""atr"": {""atr_length"": 14, ""atr_mult"": 1.0}}",一直释放,429.72-427.84-537.69-465.69-447.78,低-高-低-低,0.44%-25.68%-13.39%-3.85%,38.0,9.69,INTUITIVE SURGICAL INC,1D
2026-06-01 00:00:00,Short,TPB,82.07,-3.37%,89.48,utb,参数一,"{""utb"": {""key_value"": 2, ""atr_period"": 14, ""use_ha"": false}, ""r&s"": {""srb_left"": 10, ""srb_right"": 10}, ""atr"": {""atr_length"": 14, ""atr_mult"": 1.0}}",,,,,,,TURNING POINT BRANDS INC,1D
2026-06-01 00:00:00,Long,ALLT,8.61,5.51%,7.85,utb,参数二,"{""utb"": {""key_value"": 3, ""atr_period"": 14, ""use_ha"": false}, ""r&s"": {""srb_left"": 15, ""srb_right"": 15}, ""atr"": {""atr_length"": 14, ""atr_mult"": 1.0}}",,,,,,,ALLOT LTD,1D
2026-06-01 00:00:00,Short,SNWV,15.85,-3.76%,17.82,utb,参数一,"{""utb"": {""key_value"": 2, ""atr_period"": 14, ""use_ha"": false}, ""r&s"": {""srb_left"": 10, ""srb_right"": 10}, ""atr"": {""atr_length"": 14, ""atr_mult"": 1.0}}",,,,,,,SANUWAVE HEALTH INC,1D
2026-06-01 00:00:00,Long,MLAB,105.26,3.18%,92.62,utb,参数一,"{""utb"": {""key_value"": 2, ""atr_period"": 14, ""use_ha"": false}, ""r&s"": {""srb_left"": 10, ""srb_right"": 10}, ""atr"": {""atr_length"": 14, ""atr_mult"": 1.0}}",,,,,,,MESA LABORATORIES INC,1D
2026-06-01 00:00:00,Short,HMN,45.41,-0.70%,46.9,utb,参数一,"{""utb"": {""key_value"": 2, ""atr_period"": 14, ""use_ha"": false}, ""r&s"": {""srb_left"": 10, ""srb_right"": 10}, ""atr"": {""atr_length"": 14, ""atr_mult"": 1.0}}",,,,,,,HORACE MANN EDUCATORS,1D
2026-06-01 00:00:00,Short,VSAT,72.86,-9.63%,86.39,utb,参数一,"{""utb"": {""key_value"": 2, ""atr_period"": 14, ""use_ha"": false}, ""r&s"": {""srb_left"": 10, ""srb_right"": 10}, ""atr"": {""atr_length"": 14, ""atr_mult"": 1.0}}",,,,,,,VIASAT INC,1D
2026-06-01 00:00:00,Long,HIMS,27.76,6.16%,23.51,utb,参数一,"{""utb"": {""key_value"": 2, ""atr_period"": 14, ""use_ha"": false}, ""r&s"": {""srb_left"": 10, ""srb_right"": 10}, ""atr"": {""atr_length"": 14, ""atr_mult"": 1.0}}",,,,,,,HIMS & HERS HEALTH INC,1D
2026-06-01 00:00:00,Short,AEP,123.79,-2.27%,128.11,utb,参数一,"{""utb"": {""key_value"": 2, ""atr_period"": 14, ""use_ha"": false}, ""r&s"": {""srb_left"": 10, ""srb_right"": 10}, ""atr"": {""atr_length"": 14, ""atr_mult"": 1.0}}",,,,,,,AMERICAN ELECTRIC POWER,1D
2026-06-01 00:00:00,Short,ALVO,3.22,-4.17%,3.53,utb,参数一,"{""utb"": {""key_value"": 2, ""atr_period"": 14, ""use_ha"": false}, ""r&s"": {""srb_left"": 10, ""srb_right"": 10}, ""atr"": {""atr_length"": 14, ""atr_mult"": 1.0}}",,,,,,,ALVOTECH SA,1D
2026-06-01 00:00:00,Long,TBBB,39.56,4.60%,34.76,utb,参数二,"{""utb"": {""key_value"": 3, ""atr_period"": 14, ""use_ha"": false}, ""r&s"": {""srb_left"": 15, ""srb_right"": 15}, ""atr"": {""atr_length"": 14, ""atr_mult"": 1.0}}",,,,,,,BBB FOODS INC-CLASS A,1D
2026-06-01 00:00:00,Long,TRI,93.96,8.61%,81.22,utb,参数二,"{""utb"": {""key_value"": 3, ""atr_period"": 14, ""use_ha"": false}, ""r&s"": {""srb_left"": 15, ""srb_right"": 15}, ""atr"": {""atr_length"": 14, ""atr_mult"": 1.0}}",,,,,,,THOMSON REUTERS CORP,1D
2026-06-01 00:00:00,Short,AZZ,134.24,-0.94%,139.1,utb,参数二,"{""utb"": {""key_value"": 3, ""atr_period"": 14, ""use_ha"": false}, ""r&s"": {""srb_left"": 15, ""srb_right"": 15}, ""atr"": {""atr_length"": 14, ""atr_mult"": 1.0}}",,,,,,,AZZ INC,1D
2026-06-01 00:00:00,Long,BG,129.97,5.41%,119.22,utb,参数一,"{""utb"": {""key_value"": 2, ""atr_period"": 14, ""use_ha"": false}, ""r&s"": {""srb_left"": 10, ""srb_right"": 10}, ""atr"": {""atr_length"": 14, ""atr_mult"": 1.0}}",,,,,,,BUNGE GLOBAL SA,1D
2026-06-01 00:00:00,Long,BL,31.32,6.53%,27.02,utb,参数一,"{""utb"": {""key_value"": 2, ""atr_period"": 14, ""use_ha"": false}, ""r&s"": {""srb_left"": 10, ""srb_right"": 10}, ""atr"": {""atr_length"": 14, ""atr_mult"": 1.0}}",,,,,,,BLACKLINE INC,1D
2026-06-01 00:00:00,Long,BILL,39.51,6.73%,34.64,utb,参数一,"{""utb"": {""key_value"": 2, ""atr_period"": 14, ""use_ha"": false}, ""r&s"": {""srb_left"": 10, ""srb_right"": 10}, ""atr"": {""atr_length"": 14, ""atr_mult"": 1.0}}",,,,,,,BILL HOLDINGS INC,1D
2026-06-01 00:00:00,Short,EVRG,80.39,-2.01%,82.96,utb,参数一,"{""utb"": {""key_value"": 2, ""atr_period"": 14, ""use_ha"": false}, ""r&s"": {""srb_left"": 10, ""srb_right"": 10}, ""atr"": {""atr_length"": 14, ""atr_mult"": 1.0}}",,,,,,,EVERGY INC,1D
2026-06-01 00:00:00,Long,CXM,6.01,7.71%,5.36,sqz,参数一,"{""sqz"": {""bb_length"": 15, ""bb_mult"": 1.5, ""kc_length"": 15, ""kc_mult"": 1.2, ""min_sqz_bars"": 4}, ""r&s"": {""srb_left"": 10, ""srb_right"": 10}, ""atr"": {""atr_length"": 14, ""atr_mult"": 1.0}}",压力释放,8.13-7.91-8.2-6.2-5.59,低-高-低-低,2.71%-3.73%-24.44%-9.89%,16.0,16.15,SPRINKLR INC-A,1D
2026-06-01 00:00:00,Long,CXM,6.01,7.71%,5.36,utb,参数二,"{""utb"": {""key_value"": 3, ""atr_period"": 14, ""use_ha"": false}, ""r&s"": {""srb_left"": 15, ""srb_right"": 15}, ""atr"": {""atr_length"": 14, ""atr_mult"": 1.0}}",,,,,,,SPRINKLR INC-A,1D
2026-06-01 00:00:00,Long,IIIV,21.05,3.39%,19.28,utb,参数一,"{""utb"": {""key_value"": 2, ""atr_period"": 14, ""use_ha"": false}, ""r&s"": {""srb_left"": 10, ""srb_right"": 10}, ""atr"": {""atr_length"": 14, ""atr_mult"": 1.0}}",,,,,,,I3 VERTICALS INC-CLASS A,1D
2026-06-01 00:00:00,Short,DCTH,10.6,-1.67%,11.57,utb,参数一,"{""utb"": {""key_value"": 2, ""atr_period"": 14, ""use_ha"": false}, ""r&s"": {""srb_left"": 10, ""srb_right"": 10}, ""atr"": {""atr_length"": 14, ""atr_mult"": 1.0}}",,,,,,,DELCATH SYSTEMS INC,1D
2026-06-01 00:00:00,Short,SATL,8.67,-8.83%,10.43,utb,参数一,"{""utb"": {""key_value"": 2, ""atr_period"": 14, ""use_ha"": false}, ""r&s"": {""srb_left"": 10, ""srb_right"": 10}, ""atr"": {""atr_length"": 14, ""atr_mult"": 1.0}}",,,,,,,SATELLOGIC INC-A,1D
2026-06-01 00:00:00,Short,PNW,97.48,-2.27%,101.18,utb,参数一,"{""utb"": {""key_value"": 2, ""atr_period"": 14, ""use_ha"": false}, ""r&s"": {""srb_left"": 10, ""srb_right"": 10}, ""atr"": {""atr_length"": 14, ""atr_mult"": 1.0}}",,,,,,,PINNACLE WEST CAPITAL,1D
2026-06-01 00:00:00,Short,PNW,97.48,-2.27%,101.18,utb,参数二,"{""utb"": {""key_value"": 3, ""atr_period"": 14, ""use_ha"": false}, ""r&s"": {""srb_left"": 15, ""srb_right"": 15}, ""atr"": {""atr_length"": 14, ""atr_mult"": 1.0}}",,,,,,,PINNACLE WEST CAPITAL,1D
2026-06-01 00:00:00,Short,UTL,48.64,-2.78%,51.06,utb,参数一,"{""utb"": {""key_value"": 2, ""atr_period"": 14, ""use_ha"": false}, ""r&s"": {""srb_left"": 10, ""srb_right"": 10}, ""atr"": {""atr_length"": 14, ""atr_mult"": 1.0}}",,,,,,,UNITIL CORP,1D
2026-06-01 00:00:00,Long,CLS,426.55,10.68%,357.36,utb,参数一,"{""utb"": {""key_value"": 2, ""atr_period"": 14, ""use_ha"": false}, ""r&s"": {""srb_left"": 10, ""srb_right"": 10}, ""atr"": {""atr_length"": 14, ""atr_mult"": 1.0}}",,,,,,,CELESTICA INC,1D
2026-06-01 00:00:00,Long,CLS,426.55,10.68%,357.36,utb,参数二,"{""utb"": {""key_value"": 3, ""atr_period"": 14, ""use_ha"": false}, ""r&s"": {""srb_left"": 15, ""srb_right"": 15}, ""atr"": {""atr_length"": 14, ""atr_mult"": 1.0}}",,,,,,,CELESTICA INC,1D
2026-06-01 00:00:00,Long,RXT,5.92,14.51%,4.12,utb,参数一,"{""utb"": {""key_value"": 2, ""atr_period"": 14, ""use_ha"": false}, ""r&s"": {""srb_left"": 10, ""srb_right"": 10}, ""atr"": {""atr_length"": 14, ""atr_mult"": 1.0}}",,,,,,,RACKSPACE TECHNOLOGY INC,1D
2026-06-01 00:00:00,Long,USAR,29.43,5.07%,25.03,sqz,参数二,"{""sqz"": {""bb_length"": 20, ""bb_mult"": 1.8, ""kc_length"": 20, ""kc_mult"": 1.5, ""min_sqz_bars"": 4}, ""r&s"": {""srb_left"": 15, ""srb_right"": 15}, ""atr"": {""atr_length"": 14, ""atr_mult"": 1.0}}",一直释放,43.98-19.02-32.07-21.44-28.69,低-高-低-高,56.75%-68.61%-33.13%-33.78%,17.0,48.15,USA RARE EARTH INC,1D
2026-06-01 00:00:00,Long,HMR,1.51,22.76%,1.21,utb,参数一,"{""utb"": {""key_value"": 2, ""atr_period"": 14, ""use_ha"": false}, ""r&s"": {""srb_left"": 10, ""srb_right"": 10}, ""atr"": {""atr_length"": 14, ""atr_mult"": 1.0}}",,,,,,,HEIDMAR MARITIME HOLDINGS CO,1D
2026-06-01 00:00:00,Long,ODD,13.98,3.48%,12.37,utb,参数一,"{""utb"": {""key_value"": 2, ""atr_period"": 14, ""use_ha"": false}, ""r&s"": {""srb_left"": 10, ""srb_right"": 10}, ""atr"": {""atr_length"": 14, ""atr_mult"": 1.0}}",,,,,,,ODDITY TECH LTD-CL A,1D
2026-06-01 00:00:00,Long,TECK,67.85,2.55%,62.57,utb,参数二,"{""utb"": {""key_value"": 3, ""atr_period"": 14, ""use_ha"": false}, ""r&s"": {""srb_left"": 15, ""srb_right"": 15}, ""atr"": {""atr_length"": 14, ""atr_mult"": 1.0}}",,,,,,,TECK RESOURCES LTD-CLS B,1D
2026-06-01 00:00:00,Long,STT,159.79,2.67%,151.7,sqz,参数二,"{""sqz"": {""bb_length"": 20, ""bb_mult"": 1.8, ""kc_length"": 20, ""kc_mult"": 1.5, ""min_sqz_bars"": 4}, ""r&s"": {""srb_left"": 15, ""srb_right"": 15}, ""atr"": {""atr_length"": 14, ""atr_mult"": 1.0}}",一直亮绿,114.01-121.08-136.14-134.46-156.18,高-高-低-高,6.20%-12.44%-1.23%-16.15%,28.0,5.96,STATE STREET CORP,1D
2026-06-01 00:00:00,Short,KEYS,330.0,-2.46%,347.67,utb,参数二,"{""utb"": {""key_value"": 3, ""atr_period"": 14, ""use_ha"": false}, ""r&s"": {""srb_left"": 15, ""srb_right"": 15}, ""atr"": {""atr_length"": 14, ""atr_mult"": 1.0}}",,,,,,,KEYSIGHT TECHNOLOGIES IN,1D
2026-06-01 00:00:00,Short,ASND,218.82,-2.36%,236.67,utb,参数二,"{""utb"": {""key_value"": 3, ""atr_period"": 14, ""use_ha"": false}, ""r&s"": {""srb_left"": 15, ""srb_right"": 15}, ""atr"": {""atr_length"": 14, ""atr_mult"": 1.0}}",,,,,,,ASCENDIS PHARMA A/S,1D
2026-06-01 00:00:00,Long,TTD,23.22,7.70%,20.47,utb,参数一,"{""utb"": {""key_value"": 2, ""atr_period"": 14, ""use_ha"": false}, ""r&s"": {""srb_left"": 10, ""srb_right"": 10}, ""atr"": {""atr_length"": 14, ""atr_mult"": 1.0}}",,,,,,,TRADE DESK INC/THE -CLASS A,1D
2026-06-01 00:00:00,Short,URGN,27.03,-3.91%,29.63,utb,参数一,"{""utb"": {""key_value"": 2, ""atr_period"": 14, ""use_ha"": false}, ""r&s"": {""srb_left"": 10, ""srb_right"": 10}, ""atr"": {""atr_length"": 14, ""atr_mult"": 1.0}}",,,,,,,UROGEN PHARMA LTD,1D
2026-06-01 00:00:00,Long,BNC,3.27,11.99%,2.63,utb,参数一,"{""utb"": {""key_value"": 2, ""atr_period"": 14, ""use_ha"": false}, ""r&s"": {""srb_left"": 10, ""srb_right"": 10}, ""atr"": {""atr_length"": 14, ""atr_mult"": 1.0}}",,,,,,,CEA INDUSTRIES INC,1D
2026-06-01 00:00:00,Long,BNC,3.27,11.99%,2.63,utb,参数二,"{""utb"": {""key_value"": 3, ""atr_period"": 14, ""use_ha"": false}, ""r&s"": {""srb_left"": 15, ""srb_right"": 15}, ""atr"": {""atr_length"": 14, ""atr_mult"": 1.0}}",,,,,,,CEA INDUSTRIES INC,1D
2026-06-01 00:00:00,Long,FIVN,26.26,7.84%,22.44,sqz,参数一,"{""sqz"": {""bb_length"": 15, ""bb_mult"": 1.5, ""kc_length"": 15, ""kc_mult"": 1.2, ""min_sqz_bars"": 4}, ""r&s"": {""srb_left"": 10, ""srb_right"": 10}, ""atr"": {""atr_length"": 14, ""atr_mult"": 1.0}}",压力释放,27.58-24.96-22.08-20.76-25.34,低-低-低-高,9.48%-11.54%-5.96%-22.02%,18.0,27.76,FIVE9 INC,1D
2026-06-01 00:00:00,Short,SSTK,13.7,-7.99%,15.79,sqz,参数一,"{""sqz"": {""bb_length"": 15, ""bb_mult"": 1.5, ""kc_length"": 15, ""kc_mult"": 1.2, ""min_sqz_bars"": 4}, ""r&s"": {""srb_left"": 10, ""srb_right"": 10}, ""atr"": {""atr_length"": 14, ""atr_mult"": 1.0}}",支撑释放,17.55-17.67-17.58-14.06-15.75,高-低-低-高,0.67%-0.50%-20.00%-11.99%,54.0,17.27,SHUTTERSTOCK INC,1D
2026-06-01 00:00:00,Short,SSTK,13.7,-7.99%,15.79,sqz,参数二,"{""sqz"": {""bb_length"": 20, ""bb_mult"": 1.8, ""kc_length"": 20, ""kc_mult"": 1.5, ""min_sqz_bars"": 4}, ""r&s"": {""srb_left"": 15, ""srb_right"": 15}, ""atr"": {""atr_length"": 14, ""atr_mult"": 1.0}}",支撑释放,13.36-16.97-19.02-17.55-14.06,高-高-低-低,27.03%-12.09%-7.71%-19.87%,72.0,31.33,SHUTTERSTOCK INC,1D
2026-06-01 00:00:00,Long,PBFS,16.36,9.58%,14.52,sqz,参数一,"{""sqz"": {""bb_length"": 15, ""bb_mult"": 1.5, ""kc_length"": 15, ""kc_mult"": 1.2, ""min_sqz_bars"": 4}, ""r&s"": {""srb_left"": 10, ""srb_right"": 10}, ""atr"": {""atr_length"": 14, ""atr_mult"": 1.0}}",压力释放,14.94-15.18-14.49-14.73-15.15,高-低-高-高,1.59%-4.55%-1.66%-2.85%,11.0,3.84,PIONEER BANCORP INC/NY,1D
2026-06-01 00:00:00,Short,ATMU,45.7,-2.31%,48.29,sqz,参数二,"{""sqz"": {""bb_length"": 20, ""bb_mult"": 1.8, ""kc_length"": 20, ""kc_mult"": 1.5, ""min_sqz_bars"": 4}, ""r&s"": {""srb_left"": 15, ""srb_right"": 15}, ""atr"": {""atr_length"": 14, ""atr_mult"": 1.0}}",一直释放,nan-30.76-34.42-42.47-54.24,低-高-高-高,nan%-11.90%-23.36%-27.72%,43.0,18.49,ATMUS FILTRATION TECHNOLOGIE,1D
2026-06-01 00:00:00,Short,FN,622.36,-4.86%,697.71,utb,参数一,"{""utb"": {""key_value"": 2, ""atr_period"": 14, ""use_ha"": false}, ""r&s"": {""srb_left"": 10, ""srb_right"": 10}, ""atr"": {""atr_length"": 14, ""atr_mult"": 1.0}}",,,,,,,FABRINET,1D
2026-06-01 00:00:00,Long,TEM,52.8,4.62%,45.15,utb,参数二,"{""utb"": {""key_value"": 3, ""atr_period"": 14, ""use_ha"": false}, ""r&s"": {""srb_left"": 15, ""srb_right"": 15}, ""atr"": {""atr_length"": 14, ""atr_mult"": 1.0}}",,,,,,,TEMPUS AI INC-CL A,1D
2026-06-01 00:00:00,Long,AREC,2.58,17.27%,1.94,utb,参数二,"{""utb"": {""key_value"": 3, ""atr_period"": 14, ""use_ha"": false}, ""r&s"": {""srb_left"": 15, ""srb_right"": 15}, ""atr"": {""atr_length"": 14, ""atr_mult"": 1.0}}",,,,,,,AMERICAN RESOURCES CORP,1D
2026-06-01 00:00:00,Short,ANVS,1.82,-5.21%,2.13,utb,参数二,"{""utb"": {""key_value"": 3, ""atr_period"": 14, ""use_ha"": false}, ""r&s"": {""srb_left"": 15, ""srb_right"": 15}, ""atr"": {""atr_length"": 14, ""atr_mult"": 1.0}}",,,,,,,ANNOVIS BIO,1D
2026-06-01 00:00:00,Short,BW,17.01,-7.80%,20.46,utb,参数一,"{""utb"": {""key_value"": 2, ""atr_period"": 14, ""use_ha"": false}, ""r&s"": {""srb_left"": 10, ""srb_right"": 10}, ""atr"": {""atr_length"": 14, ""atr_mult"": 1.0}}",,,,,,,BABCOCK & WILCOX ENTERPR,1D
2026-06-01 00:00:00,Short,IVF,1.47,-21.81%,2.0,utb,参数一,"{""utb"": {""key_value"": 2, ""atr_period"": 14, ""use_ha"": false}, ""r&s"": {""srb_left"": 10, ""srb_right"": 10}, ""atr"": {""atr_length"": 14, ""atr_mult"": 1.0}}",,,,,,,INVO FERTILITY INC,1D
2026-06-01 00:00:00,Long,WAY,21.92,10.10%,19.14,utb,参数一,"{""utb"": {""key_value"": 2, ""atr_period"": 14, ""use_ha"": false}, ""r&s"": {""srb_left"": 10, ""srb_right"": 10}, ""atr"": {""atr_length"": 14, ""atr_mult"": 1.0}}",,,,,,,WAYSTAR HOLDING CORP,1D
2026-06-01 00:00:00,Long,WAY,21.92,10.10%,19.14,utb,参数二,"{""utb"": {""key_value"": 3, ""atr_period"": 14, ""use_ha"": false}, ""r&s"": {""srb_left"": 15, ""srb_right"": 15}, ""atr"": {""atr_length"": 14, ""atr_mult"": 1.0}}",,,,,,,WAYSTAR HOLDING CORP,1D
2026-06-01 00:00:00,Short,BLSH,32.12,-7.99%,36.67,sqz,参数二,"{""sqz"": {""bb_length"": 20, ""bb_mult"": 1.8, ""kc_length"": 20, ""kc_mult"": 1.5, ""min_sqz_bars"": 4}, ""r&s"": {""srb_left"": 15, ""srb_right"": 15}, ""atr"": {""atr_length"": 14, ""atr_mult"": 1.0}}",一直亮红,nan-47.88-34.24-24.79-32.8,低-低-低-高,nan%-28.48%-27.61%-32.31%,43.0,49.18,BULLISH,1D
2026-06-01 00:00:00,Short,SFM,79.74,-3.49%,87.5,utb,参数一,"{""utb"": {""key_value"": 2, ""atr_period"": 14, ""use_ha"": false}, ""r&s"": {""srb_left"": 10, ""srb_right"": 10}, ""atr"": {""atr_length"": 14, ""atr_mult"": 1.0}}",,,,,,,SPROUTS FARMERS MARKET INC,1D
2026-06-01 00:00:00,Short,TXN,293.2,-4.08%,313.73,utb,参数一,"{""utb"": {""key_value"": 2, ""atr_period"": 14, ""use_ha"": false}, ""r&s"": {""srb_left"": 10, ""srb_right"": 10}, ""atr"": {""atr_length"": 14, ""atr_mult"": 1.0}}",,,,,,,TEXAS INSTRUMENTS INC,1D
2026-06-01 00:00:00,Long,GPRK,11.34,10.63%,9.96,sqz,参数一,"{""sqz"": {""bb_length"": 15, ""bb_mult"": 1.5, ""kc_length"": 15, ""kc_mult"": 1.2, ""min_sqz_bars"": 4}, ""r&s"": {""srb_left"": 10, ""srb_right"": 10}, ""atr"": {""atr_length"": 14, ""atr_mult"": 1.0}}",压力释放,8.47-8.58-9.04-10.32-10.2,高-高-高-低,1.29%-5.33%-14.16%-1.16%,33.0,18.84,GEOPARK LTD,1D
2026-06-01 00:00:00,Long,GPRK,11.34,10.63%,9.96,sqz,参数二,"{""sqz"": {""bb_length"": 20, ""bb_mult"": 1.8, ""kc_length"": 20, ""kc_mult"": 1.5, ""min_sqz_bars"": 4}, ""r&s"": {""srb_left"": 15, ""srb_right"": 15}, ""atr"": {""atr_length"": 14, ""atr_mult"": 1.0}}",压力释放,8.47-8.58-9.04-10.32-10.2,高-高-高-低,1.29%-5.33%-14.16%-1.16%,33.0,18.84,GEOPARK LTD,1D
2026-06-01 00:00:00,Long,CMRC,3.27,4.47%,2.94,utb,参数一,"{""utb"": {""key_value"": 2, ""atr_period"": 14, ""use_ha"": false}, ""r&s"": {""srb_left"": 10, ""srb_right"": 10}, ""atr"": {""atr_length"": 14, ""atr_mult"": 1.0}}",,,,,,,COMMERCE.COM INC,1D
2026-06-01 00:00:00,Long,WYNN,106.53,5.25%,98.72,utb,参数二,"{""utb"": {""key_value"": 3, ""atr_period"": 14, ""use_ha"": false}, ""r&s"": {""srb_left"": 15, ""srb_right"": 15}, ""atr"": {""atr_length"": 14, ""atr_mult"": 1.0}}",,,,,,,WYNN RESORTS LTD,1D
2026-06-01 00:00:00,Long,EFX,173.59,4.70%,156.71,utb,参数一,"{""utb"": {""key_value"": 2, ""atr_period"": 14, ""use_ha"": false}, ""r&s"": {""srb_left"": 10, ""srb_right"": 10}, ""atr"": {""atr_length"": 14, ""atr_mult"": 1.0}}",,,,,,,EQUIFAX INC,1D
2026-06-01 00:00:00,Long,DXCM,74.87,1.53%,69.81,sqz,参数一,"{""sqz"": {""bb_length"": 15, ""bb_mult"": 1.5, ""kc_length"": 15, ""kc_mult"": 1.2, ""min_sqz_bars"": 4}, ""r&s"": {""srb_left"": 10, ""srb_right"": 10}, ""atr"": {""atr_length"": 14, ""atr_mult"": 1.0}}",一直亮绿,82.36-72.08-69.77-75.98-74.49,低-低-高-低,12.48%-3.20%-8.90%-1.96%,68.0,31.33,DEXCOM INC,1D
2026-06-01 00:00:00,Long,SXI,282.39,1.94%,259.77,utb,参数二,"{""utb"": {""key_value"": 3, ""atr_period"": 14, ""use_ha"": false}, ""r&s"": {""srb_left"": 15, ""srb_right"": 15}, ""atr"": {""atr_length"": 14, ""atr_mult"": 1.0}}",,,,,,,STANDEX INTERNATIONAL CORP,1D
2026-06-01 00:00:00,Long,IMUX,15.13,1.14%,13.49,sqz,参数二,"{""sqz"": {""bb_length"": 20, ""bb_mult"": 1.8, ""kc_length"": 20, ""kc_mult"": 1.5, ""min_sqz_bars"": 4}, ""r&s"": {""srb_left"": 15, ""srb_right"": 15}, ""atr"": {""atr_length"": 14, ""atr_mult"": 1.0}}",一直亮绿,13.5-13.1-11.8-11.2-15.1,低-低-低-高,2.96%-9.92%-5.08%-34.82%,55.0,77.65,IMMUNIC INC,1D
2026-06-01 00:00:00,Short,ERNA,9.12,-13.72%,12.29,utb,参数一,"{""utb"": {""key_value"": 2, ""atr_period"": 14, ""use_ha"": false}, ""r&s"": {""srb_left"": 10, ""srb_right"": 10}, ""atr"": {""atr_length"": 14, ""atr_mult"": 1.0}}",,,,,,,ERNEXA THERAPEUTICS INC,1D
2026-06-01 00:00:00,Long,ACEL,12.18,2.44%,11.54,utb,参数一,"{""utb"": {""key_value"": 2, ""atr_period"": 14, ""use_ha"": false}, ""r&s"": {""srb_left"": 10, ""srb_right"": 10}, ""atr"": {""atr_length"": 14, ""atr_mult"": 1.0}}",,,,,,,ACCEL ENTERTAINMENT INC,1D
2026-06-01 00:00:00,Short,ETON,28.68,-5.81%,32.37,utb,参数二,"{""utb"": {""key_value"": 3, ""atr_period"": 14, ""use_ha"": false}, ""r&s"": {""srb_left"": 15, ""srb_right"": 15}, ""atr"": {""atr_length"": 14, ""atr_mult"": 1.0}}",,,,,,,ETON PHARMACEUTICALS INC,1D
2026-06-01 00:00:00,Long,TMHC,71.55,22.31%,68.96,utb,参数二,"{""utb"": {""key_value"": 3, ""atr_period"": 14, ""use_ha"": false}, ""r&s"": {""srb_left"": 15, ""srb_right"": 15}, ""atr"": {""atr_length"": 14, ""atr_mult"": 1.0}}",,,,,,,TAYLOR MORRISON HOME CORP,1D
2026-06-01 00:00:00,Long,TMHC,71.55,22.31%,68.96,sqz,参数二,"{""sqz"": {""bb_length"": 20, ""bb_mult"": 1.8, ""kc_length"": 20, ""kc_mult"": 1.5, ""min_sqz_bars"": 4}, ""r&s"": {""srb_left"": 15, ""srb_right"": 15}, ""atr"": {""atr_length"": 14, ""atr_mult"": 1.0}}",一直释放,67.34-72.5-64.97-70.29-66.8,高-低-高-低,7.66%-10.39%-8.19%-4.97%,27.0,23.36,TAYLOR MORRISON HOME CORP,1D
2026-06-01 00:00:00,Long,PCTY,122.49,6.58%,110.34,sqz,参数一,"{""sqz"": {""bb_length"": 15, ""bb_mult"": 1.5, ""kc_length"": 15, ""kc_mult"": 1.2, ""min_sqz_bars"": 4}, ""r&s"": {""srb_left"": 10, ""srb_right"": 10}, ""atr"": {""atr_length"": 14, ""atr_mult"": 1.0}}",压力释放,201.97-197.78-149.91-154.99-120.72,低-低-高-低,2.08%-24.20%-3.39%-22.11%,58.0,29.82,PAYLOCITY HOLDING CORP,1D
2026-06-01 00:00:00,Long,TYL,329.83,5.33%,304.69,utb,参数一,"{""utb"": {""key_value"": 2, ""atr_period"": 14, ""use_ha"": false}, ""r&s"": {""srb_left"": 10, ""srb_right"": 10}, ""atr"": {""atr_length"": 14, ""atr_mult"": 1.0}}",,,,,,,TYLER TECHNOLOGIES INC,1D
2026-06-01 00:00:00,Long,WDAY,157.23,7.55%,140.86,sqz,参数二,"{""sqz"": {""bb_length"": 20, ""bb_mult"": 1.8, ""kc_length"": 20, ""kc_mult"": 1.5, ""min_sqz_bars"": 4}, ""r&s"": {""srb_left"": 15, ""srb_right"": 15}, ""atr"": {""atr_length"": 14, ""atr_mult"": 1.0}}",压力释放,276.0-249.85-247.4-236.8-153.9,低-低-低-低,9.47%-0.98%-4.28%-35.01%,58.0,39.45,WORKDAY INC-CLASS A,1D
2026-06-01 00:00:00,Short,NVTS,24.86,-6.54%,28.35,utb,参数一,"{""utb"": {""key_value"": 2, ""atr_period"": 14, ""use_ha"": false}, ""r&s"": {""srb_left"": 10, ""srb_right"": 10}, ""atr"": {""atr_length"": 14, ""atr_mult"": 1.0}}",,,,,,,NAVITAS SEMICONDUCTOR CORP,1D
2026-06-01 00:00:00,Short,LENZ,7.44,-4.37%,8.65,sqz,参数二,"{""sqz"": {""bb_length"": 20, ""bb_mult"": 1.8, ""kc_length"": 20, ""kc_mult"": 1.5, ""min_sqz_bars"": 4}, ""r&s"": {""srb_left"": 15, ""srb_right"": 15}, ""atr"": {""atr_length"": 14, ""atr_mult"": 1.0}}",一直释放,16.53-27.79-21.21-14.43-8.25,高-低-低-低,68.07%-23.68%-31.97%-42.83%,43.0,28.24,LENZ THERAPEUTICS INC,1D
2026-06-01 00:00:00,Short,PPTA,25.74,-4.91%,28.45,sqz,参数一,"{""sqz"": {""bb_length"": 15, ""bb_mult"": 1.5, ""kc_length"": 15, ""kc_mult"": 1.2, ""min_sqz_bars"": 4}, ""r&s"": {""srb_left"": 10, ""srb_right"": 10}, ""atr"": {""atr_length"": 14, ""atr_mult"": 1.0}}",一直亮红,20.38-23.83-25.88-23.98-26.1,高-高-低-高,16.93%-8.60%-7.34%-8.84%,22.0,24.1,PERPETUA RESOURCES CORP,1D
2026-06-01 00:00:00,Long,ZIP,3.92,20.99%,3.04,utb,参数一,"{""utb"": {""key_value"": 2, ""atr_period"": 14, ""use_ha"": false}, ""r&s"": {""srb_left"": 10, ""srb_right"": 10}, ""atr"": {""atr_length"": 14, ""atr_mult"": 1.0}}",,,,,,,ZIPRECRUITER INC-A,1D
2026-06-01 00:00:00,Long,FOFO,2.97,41.43%,1.6,utb,参数一,"{""utb"": {""key_value"": 2, ""atr_period"": 14, ""use_ha"": false}, ""r&s"": {""srb_left"": 10, ""srb_right"": 10}, ""atr"": {""atr_length"": 14, ""atr_mult"": 1.0}}",,,,,,,HANG FENG TECHNOLOGY INNOVAT,1D
2026-06-01 00:00:00,Long,FOFO,2.97,41.43%,1.6,utb,参数二,"{""utb"": {""key_value"": 3, ""atr_period"": 14, ""use_ha"": false}, ""r&s"": {""srb_left"": 15, ""srb_right"": 15}, ""atr"": {""atr_length"": 14, ""atr_mult"": 1.0}}",,,,,,,HANG FENG TECHNOLOGY INNOVAT,1D
2026-06-01 00:00:00,Long,ZS,155.71,11.44%,131.29,utb,参数一,"{""utb"": {""key_value"": 2, ""atr_period"": 14, ""use_ha"": false}, ""r&s"": {""srb_left"": 10, ""srb_right"": 10}, ""atr"": {""atr_length"": 14, ""atr_mult"": 1.0}}",,,,,,,ZSCALER INC,1D
2026-06-01 00:00:00,Long,IMMR,6.72,3.70%,6.15,utb,参数一,"{""utb"": {""key_value"": 2, ""atr_period"": 14, ""use_ha"": false}, ""r&s"": {""srb_left"": 10, ""srb_right"": 10}, ""atr"": {""atr_length"": 14, ""atr_mult"": 1.0}}",,,,,,,IMMERSION CORPORATION,1D
2026-06-01 00:00:00,Long,VERX,14.96,12.06%,12.84,utb,参数一,"{""utb"": {""key_value"": 2, ""atr_period"": 14, ""use_ha"": false}, ""r&s"": {""srb_left"": 10, ""srb_right"": 10}, ""atr"": {""atr_length"": 14, ""atr_mult"": 1.0}}",,,,,,,VERTEX INC - CLASS A,1D
2026-06-01 00:00:00,Long,VERX,14.96,12.06%,12.84,utb,参数二,"{""utb"": {""key_value"": 3, ""atr_period"": 14, ""use_ha"": false}, ""r&s"": {""srb_left"": 15, ""srb_right"": 15}, ""atr"": {""atr_length"": 14, ""atr_mult"": 1.0}}",,,,,,,VERTEX INC - CLASS A,1D
2026-06-01 00:00:00,Long,USEG,1.07,7.00%,0.91,utb,参数一,"{""utb"": {""key_value"": 2, ""atr_period"": 14, ""use_ha"": false}, ""r&s"": {""srb_left"": 10, ""srb_right"": 10}, ""atr"": {""atr_length"": 14, ""atr_mult"": 1.0}}",,,,,,,U S ENERGY CORP - DELAWARE,1D
2026-06-01 00:00:00,Long,KLAC,1940.04,0.95%,1805.57,sqz,参数二,"{""sqz"": {""bb_length"": 20, ""bb_mult"": 1.8, ""kc_length"": 20, ""kc_mult"": 1.5, ""min_sqz_bars"": 4}, ""r&s"": {""srb_left"": 15, ""srb_right"": 15}, ""atr"": {""atr_length"": 14, ""atr_mult"": 1.0}}",一直亮绿,953.12-1279.02-1689.0-1575.34-1936.89,高-高-低-高,34.19%-32.05%-6.73%-22.95%,25.0,17.82,KLA CORP,1D
2026-06-01 00:00:00,Long,J,123.02,2.64%,113.94,utb,参数二,"{""utb"": {""key_value"": 3, ""atr_period"": 14, ""use_ha"": false}, ""r&s"": {""srb_left"": 15, ""srb_right"": 15}, ""atr"": {""atr_length"": 14, ""atr_mult"": 1.0}}",,,,,,,JACOBS SOLUTIONS INC,1D
2026-06-01 00:00:00,Short,ALHC,13.3,-13.19%,16.26,sqz,参数一,"{""sqz"": {""bb_length"": 15, ""bb_mult"": 1.5, ""kc_length"": 15, ""kc_mult"": 1.2, ""min_sqz_bars"": 4}, ""r&s"": {""srb_left"": 10, ""srb_right"": 10}, ""atr"": {""atr_length"": 14, ""atr_mult"": 1.0}}",一直释放,16.01-15.85-18.23-19.97-16.38,低-高-高-低,1.03%-15.05%-9.54%-18.00%,44.0,38.87,ALIGNMENT HEALTHCARE INC,1D
2026-06-01 00:00:00,Short,ALHC,13.3,-13.19%,16.26,sqz,参数二,"{""sqz"": {""bb_length"": 20, ""bb_mult"": 1.8, ""kc_length"": 20, ""kc_mult"": 1.5, ""min_sqz_bars"": 4}, ""r&s"": {""srb_left"": 15, ""srb_right"": 15}, ""atr"": {""atr_length"": 14, ""atr_mult"": 1.0}}",一直释放,13.7-11.62-15.85-18.23-16.38,低-高-高-低,15.15%-36.30%-15.05%-10.18%,44.0,38.87,ALIGNMENT HEALTHCARE INC,1D
2026-06-01 00:00:00,Long,CRBU,2.43,2.97%,2.16,sqz,参数一,"{""sqz"": {""bb_length"": 15, ""bb_mult"": 1.5, ""kc_length"": 15, ""kc_mult"": 1.2, ""min_sqz_bars"": 4}, ""r&s"": {""srb_left"": 10, ""srb_right"": 10}, ""atr"": {""atr_length"": 14, ""atr_mult"": 1.0}}",压力释放,3.54-1.8-1.74-2.22-2.39,低-低-高-高,49.08%-3.33%-27.59%-7.66%,26.0,30.6,CARIBOU BIOSCIENCES INC,1D
2026-06-01 00:00:00,Long,LMND,58.72,1.24%,52.87,utb,参数一,"{""utb"": {""key_value"": 2, ""atr_period"": 14, ""use_ha"": false}, ""r&s"": {""srb_left"": 10, ""srb_right"": 10}, ""atr"": {""atr_length"": 14, ""atr_mult"": 1.0}}",,,,,,,LEMONADE INC,1D
2026-06-01 00:00:00,Short,FAF,64.8,-2.16%,67.47,utb,参数二,"{""utb"": {""key_value"": 3, ""atr_period"": 14, ""use_ha"": false}, ""r&s"": {""srb_left"": 15, ""srb_right"": 15}, ""atr"": {""atr_length"": 14, ""atr_mult"": 1.0}}",,,,,,,FIRST AMERICAN FINANCIAL,1D
2026-05-29 00:00:00,Short,THR,61.14,-8.49%,70.11,utb,参数一,"{""utb"": {""key_value"": 2, ""atr_period"": 14, ""use_ha"": false}, ""r&s"": {""srb_left"": 10, ""srb_right"": 10}, ""atr"": {""atr_length"": 14, ""atr_mult"": 1.0}}",,,,,,,THERMON GROUP HOLDINGS INC,1D
2026-05-29 00:00:00,Short,THR,61.14,-8.49%,70.11,utb,参数二,"{""utb"": {""key_value"": 3, ""atr_period"": 14, ""use_ha"": false}, ""r&s"": {""srb_left"": 15, ""srb_right"": 15}, ""atr"": {""atr_length"": 14, ""atr_mult"": 1.0}}",,,,,,,THERMON GROUP HOLDINGS INC,1D
2026-06-01 00:00:00,Short,SBUX,96.51,-2.67%,100.94,utb,参数二,"{""utb"": {""key_value"": 3, ""atr_period"": 14, ""use_ha"": false}, ""r&s"": {""srb_left"": 15, ""srb_right"": 15}, ""atr"": {""atr_length"": 14, ""atr_mult"": 1.0}}",,,,,,,STARBUCKS CORP,1D
2026-06-01 00:00:00,Short,SRE,87.13,-2.24%,91.26,sqz,参数一,"{""sqz"": {""bb_length"": 15, ""bb_mult"": 1.5, ""kc_length"": 15, ""kc_mult"": 1.2, ""min_sqz_bars"": 4}, ""r&s"": {""srb_left"": 10, ""srb_right"": 10}, ""atr"": {""atr_length"": 14, ""atr_mult"": 1.0}}",支撑释放,77.3-88.9-85.64-83.33-90.19,高-低-低-高,15.01%-3.66%-2.70%-8.24%,58.0,12.03,SEMPRA,1D
2026-06-01 00:00:00,Short,SRE,87.13,-2.24%,91.26,sqz,参数二,"{""sqz"": {""bb_length"": 20, ""bb_mult"": 1.8, ""kc_length"": 20, ""kc_mult"": 1.5, ""min_sqz_bars"": 4}, ""r&s"": {""srb_left"": 15, ""srb_right"": 15}, ""atr"": {""atr_length"": 14, ""atr_mult"": 1.0}}",支撑释放,60.07-70.9-77.3-83.33-90.19,高-高-高-高,18.03%-9.03%-7.80%-8.24%,58.0,12.03,SEMPRA,1D
2026-06-01 00:00:00,Short,MBI,5.69,-3.07%,6.1,utb,参数一,"{""utb"": {""key_value"": 2, ""atr_period"": 14, ""use_ha"": false}, ""r&s"": {""srb_left"": 10, ""srb_right"": 10}, ""atr"": {""atr_length"": 14, ""atr_mult"": 1.0}}",,,,,,,MBIA INC,1D
2026-06-01 00:00:00,Short,LNT,69.57,-2.85%,72.37,utb,参数一,"{""utb"": {""key_value"": 2, ""atr_period"": 14, ""use_ha"": false}, ""r&s"": {""srb_left"": 10, ""srb_right"": 10}, ""atr"": {""atr_length"": 14, ""atr_mult"": 1.0}}",,,,,,,ALLIANT ENERGY CORP,1D
2026-06-01 00:00:00,Short,LNT,69.57,-2.85%,72.37,sqz,参数一,"{""sqz"": {""bb_length"": 15, ""bb_mult"": 1.5, ""kc_length"": 15, ""kc_mult"": 1.2, ""min_sqz_bars"": 4}, ""r&s"": {""srb_left"": 10, ""srb_right"": 10}, ""atr"": {""atr_length"": 14, ""atr_mult"": 1.0}}",支撑释放,64.76-62.88-64.45-67.6-70.09,低-高-高-高,2.90%-2.49%-4.90%-3.67%,27.0,8.1,ALLIANT ENERGY CORP,1D
2026-06-01 00:00:00,Short,LNT,69.57,-2.85%,72.37,utb,参数二,"{""utb"": {""key_value"": 3, ""atr_period"": 14, ""use_ha"": false}, ""r&s"": {""srb_left"": 15, ""srb_right"": 15}, ""atr"": {""atr_length"": 14, ""atr_mult"": 1.0}}",,,,,,,ALLIANT ENERGY CORP,1D
2026-06-01 00:00:00,Short,PEG,76.67,-2.52%,79.72,utb,参数一,"{""utb"": {""key_value"": 2, ""atr_period"": 14, ""use_ha"": false}, ""r&s"": {""srb_left"": 10, ""srb_right"": 10}, ""atr"": {""atr_length"": 14, ""atr_mult"": 1.0}}",,,,,,,PUBLIC SERVICE ENTERPRISE GP,1D
2026-06-01 00:00:00,Short,SNDA,32.75,-7.36%,36.97,utb,参数二,"{""utb"": {""key_value"": 3, ""atr_period"": 14, ""use_ha"": false}, ""r&s"": {""srb_left"": 15, ""srb_right"": 15}, ""atr"": {""atr_length"": 14, ""atr_mult"": 1.0}}",,,,,,,SONIDA SENIOR LIVING INC,1D
2026-06-01 00:00:00,Long,BYD,86.84,5.03%,79.93,utb,参数二,"{""utb"": {""key_value"": 3, ""atr_period"": 14, ""use_ha"": false}, ""r&s"": {""srb_left"": 15, ""srb_right"": 15}, ""atr"": {""atr_length"": 14, ""atr_mult"": 1.0}}",,,,,,,BOYD GAMING CORP,1D
2026-06-01 00:00:00,Short,DFDV,3.58,-7.97%,4.15,utb,参数二,"{""utb"": {""key_value"": 3, ""atr_period"": 14, ""use_ha"": false}, ""r&s"": {""srb_left"": 15, ""srb_right"": 15}, ""atr"": {""atr_length"": 14, ""atr_mult"": 1.0}}",,,,,,,DEFI DEVELOPMENT CORP,1D
2026-06-01 00:00:00,Long,WIX,62.54,11.56%,51.57,utb,参数一,"{""utb"": {""key_value"": 2, ""atr_period"": 14, ""use_ha"": false}, ""r&s"": {""srb_left"": 10, ""srb_right"": 10}, ""atr"": {""atr_length"": 14, ""atr_mult"": 1.0}}",,,,,,,WIX.COM LTD,1D
2026-06-01 00:00:00,Short,INFU,8.95,-1.32%,9.7,utb,参数一,"{""utb"": {""key_value"": 2, ""atr_period"": 14, ""use_ha"": false}, ""r&s"": {""srb_left"": 10, ""srb_right"": 10}, ""atr"": {""atr_length"": 14, ""atr_mult"": 1.0}}",,,,,,,INFUSYSTEM HOLDINGS INC,1D
2026-06-01 00:00:00,Short,CMS,70.58,-2.74%,73.59,utb,参数一,"{""utb"": {""key_value"": 2, ""atr_period"": 14, ""use_ha"": false}, ""r&s"": {""srb_left"": 10, ""srb_right"": 10}, ""atr"": {""atr_length"": 14, ""atr_mult"": 1.0}}",,,,,,,CMS ENERGY CORP,1D
2026-06-01 00:00:00,Short,CMS,70.58,-2.74%,73.59,sqz,参数一,"{""sqz"": {""bb_length"": 15, ""bb_mult"": 1.5, ""kc_length"": 15, ""kc_mult"": 1.2, ""min_sqz_bars"": 4}, ""r&s"": {""srb_left"": 10, ""srb_right"": 10}, ""atr"": {""atr_length"": 14, ""atr_mult"": 1.0}}",支撑释放,66.39-68.19-69.84-67.61-73.62,高-高-低-高,2.72%-2.42%-3.21%-8.89%,49.0,8.32,CMS ENERGY CORP,1D
2026-06-01 00:00:00,Long,EA,202.0,0.14%,200.7,utb,参数一,"{""utb"": {""key_value"": 2, ""atr_period"": 14, ""use_ha"": false}, ""r&s"": {""srb_left"": 10, ""srb_right"": 10}, ""atr"": {""atr_length"": 14, ""atr_mult"": 1.0}}",,,,,,,ELECTRONIC ARTS INC,1D
2026-06-01 00:00:00,Short,EPAC,32.93,-1.67%,34.3,sqz,参数二,"{""sqz"": {""bb_length"": 20, ""bb_mult"": 1.8, ""kc_length"": 20, ""kc_mult"": 1.5, ""min_sqz_bars"": 4}, ""r&s"": {""srb_left"": 15, ""srb_right"": 15}, ""atr"": {""atr_length"": 14, ""atr_mult"": 1.0}}",支撑释放,36.88-36.47-38.19-35.01-33.66,低-高-低-低,1.11%-4.70%-8.33%-3.86%,45.0,11.35,ENERPAC TOOL GROUP CORP,1D
