日期,信号,代码,现价,涨幅,止损,策略,参组,参数,名称,周期,释放类型,支撑压力价格,支撑压力趋势,支撑压力涨幅,区间K线数量,区间K线振幅
2026-08-07 00:00:00,Long,PRSO,0.75,4.17%,0.65,utb,参数一,"{""utb"": {""key_value"": 2, ""atr_period"": 14, ""use_ha"": false}, ""r&s"": {""srb_left"": 10, ""srb_right"": 10}, ""atr"": {""atr_length"": 14, ""atr_mult"": 1.0}}",PERASO INC,1D,,,,,,
2026-08-07 00:00:00,Long,PRSO,0.75,4.17%,0.65,mfa,参数一,"{""utb"": {""key_value"": 2, ""atr_period"": 14, ""use_ha"": false}, ""mfa"": {""mfa_all"": 37}}",PERASO INC,1D,,,,,,
2026-08-07 00:00:00,Long,OMDA,23.67,21.14%,19.16,utb,参数一,"{""utb"": {""key_value"": 2, ""atr_period"": 14, ""use_ha"": false}, ""r&s"": {""srb_left"": 10, ""srb_right"": 10}, ""atr"": {""atr_length"": 14, ""atr_mult"": 1.0}}",OMADA HEALTH INC,1D,,,,,,
2026-08-07 00:00:00,Long,OMDA,23.67,21.14%,19.16,utb,参数二,"{""utb"": {""key_value"": 3, ""atr_period"": 14, ""use_ha"": false}, ""r&s"": {""srb_left"": 15, ""srb_right"": 15}, ""atr"": {""atr_length"": 14, ""atr_mult"": 1.0}}",OMADA HEALTH INC,1D,,,,,,
2026-08-07 00:00:00,Short,HCAT,1.73,-25.11%,2.04,utb,参数一,"{""utb"": {""key_value"": 2, ""atr_period"": 14, ""use_ha"": false}, ""r&s"": {""srb_left"": 10, ""srb_right"": 10}, ""atr"": {""atr_length"": 14, ""atr_mult"": 1.0}}",HEALTH CATALYST INC,1D,,,,,,
2026-08-07 00:00:00,Short,HCAT,1.73,-25.11%,2.04,utb,参数二,"{""utb"": {""key_value"": 3, ""atr_period"": 14, ""use_ha"": false}, ""r&s"": {""srb_left"": 15, ""srb_right"": 15}, ""atr"": {""atr_length"": 14, ""atr_mult"": 1.0}}",HEALTH CATALYST INC,1D,,,,,,
2026-08-07 00:00:00,Long,IPEX,10.56,0.38%,10.51,utb,参数一,"{""utb"": {""key_value"": 2, ""atr_period"": 14, ""use_ha"": false}, ""r&s"": {""srb_left"": 10, ""srb_right"": 10}, ""atr"": {""atr_length"": 14, ""atr_mult"": 1.0}}",INFLECTION POINT ACQUISITION,1D,,,,,,
2026-08-07 00:00:00,Long,IPEX,10.56,0.38%,10.51,utb,参数二,"{""utb"": {""key_value"": 3, ""atr_period"": 14, ""use_ha"": false}, ""r&s"": {""srb_left"": 15, ""srb_right"": 15}, ""atr"": {""atr_length"": 14, ""atr_mult"": 1.0}}",INFLECTION POINT ACQUISITION,1D,,,,,,
2026-08-07 00:00:00,Long,HNGE,89.33,11.55%,75.48,utb,参数一,"{""utb"": {""key_value"": 2, ""atr_period"": 14, ""use_ha"": false}, ""r&s"": {""srb_left"": 10, ""srb_right"": 10}, ""atr"": {""atr_length"": 14, ""atr_mult"": 1.0}}",HINGE HEALTH INC-A,1D,,,,,,
2026-08-07 00:00:00,Long,HNGE,89.33,11.55%,75.48,utb,参数二,"{""utb"": {""key_value"": 3, ""atr_period"": 14, ""use_ha"": false}, ""r&s"": {""srb_left"": 15, ""srb_right"": 15}, ""atr"": {""atr_length"": 14, ""atr_mult"": 1.0}}",HINGE HEALTH INC-A,1D,,,,,,
2026-08-07 00:00:00,Short,MTEN,0.88,-11.90%,1.27,utb,参数二,"{""utb"": {""key_value"": 3, ""atr_period"": 14, ""use_ha"": false}, ""r&s"": {""srb_left"": 15, ""srb_right"": 15}, ""atr"": {""atr_length"": 14, ""atr_mult"": 1.0}}",MINGTENG INT CORP-A,1D,,,,,,
2026-08-07 00:00:00,Long,GYRE,6.67,4.22%,5.97,utb,参数二,"{""utb"": {""key_value"": 3, ""atr_period"": 14, ""use_ha"": false}, ""r&s"": {""srb_left"": 15, ""srb_right"": 15}, ""atr"": {""atr_length"": 14, ""atr_mult"": 1.0}}",GYRE THERAPEUTICS INC,1D,,,,,,
2026-08-07 00:00:00,Long,UFPI,94.04,2.37%,88.32,sqz,参数二,"{""sqz"": {""bb_length"": 20, ""bb_mult"": 1.8, ""kc_length"": 20, ""kc_mult"": 1.5, ""min_sqz_bars"": 4}, ""r&s"": {""srb_left"": 15, ""srb_right"": 15}, ""atr"": {""atr_length"": 14, ""atr_mult"": 1.0}}",UFP INDUSTRIES INC,1D,一直亮绿,nan-117.06-97.95-93.24,低-低-低,nan%-16.33%-4.81%,30.0,14.49
2026-08-07 00:00:00,Long,INDI,4.04,17.78%,3.43,utb,参数一,"{""utb"": {""key_value"": 2, ""atr_period"": 14, ""use_ha"": false}, ""r&s"": {""srb_left"": 10, ""srb_right"": 10}, ""atr"": {""atr_length"": 14, ""atr_mult"": 1.0}}",INDIE SEMICONDUCTOR INC-A,1D,,,,,,
2026-08-07 00:00:00,Long,INDI,4.04,17.78%,3.43,mfa,参数一,"{""utb"": {""key_value"": 2, ""atr_period"": 14, ""use_ha"": false}, ""mfa"": {""mfa_all"": 10}}",INDIE SEMICONDUCTOR INC-A,1D,,,,,,
2026-08-07 00:00:00,Long,INDI,4.04,17.78%,3.43,utb,参数二,"{""utb"": {""key_value"": 3, ""atr_period"": 14, ""use_ha"": false}, ""r&s"": {""srb_left"": 15, ""srb_right"": 15}, ""atr"": {""atr_length"": 14, ""atr_mult"": 1.0}}",INDIE SEMICONDUCTOR INC-A,1D,,,,,,
2026-08-07 00:00:00,Long,INDI,4.04,17.78%,3.43,mfa,参数二,"{""utb"": {""key_value"": 3, ""atr_period"": 14, ""use_ha"": false}, ""mfa"": {""mfa_all"": 10}}",INDIE SEMICONDUCTOR INC-A,1D,,,,,,
2026-08-07 00:00:00,Long,USPH,80.05,4.70%,73.12,sqz,参数二,"{""sqz"": {""bb_length"": 20, ""bb_mult"": 1.8, ""kc_length"": 20, ""kc_mult"": 1.5, ""min_sqz_bars"": 4}, ""r&s"": {""srb_left"": 15, ""srb_right"": 15}, ""atr"": {""atr_length"": 14, ""atr_mult"": 1.0}}",U.S. PHYSICAL THERAPY INC,1D,一直释放,nan-87.69-89.74-78.9,低-高-低,nan%-2.34%-12.08%,80.0,36.59
2026-08-07 00:00:00,Long,AMN,36.0,16.88%,29.34,utb,参数一,"{""utb"": {""key_value"": 2, ""atr_period"": 14, ""use_ha"": false}, ""r&s"": {""srb_left"": 10, ""srb_right"": 10}, ""atr"": {""atr_length"": 14, ""atr_mult"": 1.0}}",AMN HEALTHCARE SERVICES INC,1D,,,,,,
2026-08-07 00:00:00,Long,AMN,36.0,16.88%,29.34,utb,参数二,"{""utb"": {""key_value"": 3, ""atr_period"": 14, ""use_ha"": false}, ""r&s"": {""srb_left"": 15, ""srb_right"": 15}, ""atr"": {""atr_length"": 14, ""atr_mult"": 1.0}}",AMN HEALTHCARE SERVICES INC,1D,,,,,,
2026-08-07 00:00:00,Long,FENC,11.57,6.78%,10.39,sqz,参数一,"{""sqz"": {""bb_length"": 15, ""bb_mult"": 1.5, ""kc_length"": 15, ""kc_mult"": 1.2, ""min_sqz_bars"": 4}, ""r&s"": {""srb_left"": 10, ""srb_right"": 10}, ""atr"": {""atr_length"": 14, ""atr_mult"": 1.0}}",FENNEC PHARMACEUTICALS INC,1D,压力释放,9.0-8.15-9.19-10.45-11.31,低-高-高-高,9.39%-12.63%-13.77%-8.23%,28.0,20.37
2026-08-07 00:00:00,Short,WABC,59.13,-0.90%,61.22,utb,参数一,"{""utb"": {""key_value"": 2, ""atr_period"": 14, ""use_ha"": false}, ""r&s"": {""srb_left"": 10, ""srb_right"": 10}, ""atr"": {""atr_length"": 14, ""atr_mult"": 1.0}}",WESTAMERICA BANCORPORATION,1D,,,,,,
2026-08-07 00:00:00,Long,SA,31.13,7.31%,29.05,utb,参数二,"{""utb"": {""key_value"": 3, ""atr_period"": 14, ""use_ha"": false}, ""r&s"": {""srb_left"": 15, ""srb_right"": 15}, ""atr"": {""atr_length"": 14, ""atr_mult"": 1.0}}",SEABRIDGE GOLD INC,1D,,,,,,
2026-08-07 00:00:00,Long,STRA,84.88,2.93%,78.22,sqz,参数二,"{""sqz"": {""bb_length"": 20, ""bb_mult"": 1.8, ""kc_length"": 20, ""kc_mult"": 1.5, ""min_sqz_bars"": 4}, ""r&s"": {""srb_left"": 15, ""srb_right"": 15}, ""atr"": {""atr_length"": 14, ""atr_mult"": 1.0}}",STRATEGIC EDUCATION INC,1D,一直亮绿,nan-86.08-85.2-84.8-82.9,低-低-低-低,nan%-1.03%-0.47%-2.24%,40.0,13.7
2026-08-07 00:00:00,Short,BHF,60.8,-2.20%,63.86,sqz,参数二,"{""sqz"": {""bb_length"": 20, ""bb_mult"": 1.8, ""kc_length"": 20, ""kc_mult"": 1.5, ""min_sqz_bars"": 4}, ""r&s"": {""srb_left"": 15, ""srb_right"": 15}, ""atr"": {""atr_length"": 14, ""atr_mult"": 1.0}}",BRIGHTHOUSE FINANCIAL INC,1D,一直亮红,nan-58.9-60.81,低-高,nan%-3.23%,60.0,9.86
2026-08-07 00:00:00,Long,CTGO,19.46,6.57%,17.95,utb,参数二,"{""utb"": {""key_value"": 3, ""atr_period"": 14, ""use_ha"": false}, ""r&s"": {""srb_left"": 15, ""srb_right"": 15}, ""atr"": {""atr_length"": 14, ""atr_mult"": 1.0}}",CONTANGO SILVER & GOLD INC,1D,,,,,,
2026-08-07 00:00:00,Short,CIIT,3.63,-3.46%,4.48,suf,参数一,"{""suf"": {""timeframe"": ""d""}}",TIANCI INTERNATIONAL INC,1D,,,,,,
2026-08-07 00:00:00,Short,CIIT,3.63,-3.46%,4.48,suf,参数二,"{""suf"": {""timeframe"": ""d""}}",TIANCI INTERNATIONAL INC,1D,,,,,,
2026-08-07 00:00:00,Short,RM,32.79,-0.79%,35.64,sqz,参数一,"{""sqz"": {""bb_length"": 15, ""bb_mult"": 1.5, ""kc_length"": 15, ""kc_mult"": 1.2, ""min_sqz_bars"": 4}, ""r&s"": {""srb_left"": 10, ""srb_right"": 10}, ""atr"": {""atr_length"": 14, ""atr_mult"": 1.0}}",REGIONAL MANAGEMENT CORP,1D,一直亮红,nan-34.54-32.65-30.19-33.01,低-低-低-高,nan%-5.47%-7.54%-9.32%,57.0,34.22
2026-08-07 00:00:00,Short,RM,32.79,-0.79%,35.64,sqz,参数二,"{""sqz"": {""bb_length"": 20, ""bb_mult"": 1.8, ""kc_length"": 20, ""kc_mult"": 1.5, ""min_sqz_bars"": 4}, ""r&s"": {""srb_left"": 15, ""srb_right"": 15}, ""atr"": {""atr_length"": 14, ""atr_mult"": 1.0}}",REGIONAL MANAGEMENT CORP,1D,一直亮红,nan-34.54-30.19-33.01,低-低-高,nan%-12.60%-9.32%,57.0,34.22
2026-08-07 00:00:00,Long,SKYH,11.2,1.17%,10.64,sqz,参数二,"{""sqz"": {""bb_length"": 20, ""bb_mult"": 1.8, ""kc_length"": 20, ""kc_mult"": 1.5, ""min_sqz_bars"": 4}, ""r&s"": {""srb_left"": 15, ""srb_right"": 15}, ""atr"": {""atr_length"": 14, ""atr_mult"": 1.0}}",SKY HARBOUR GROUP CORP,1D,一直亮绿,nan-10.07-9.86-11.17,低-低-高,nan%-2.04%-13.24%,77.0,34.67
2026-08-07 00:00:00,Short,GBX,47.22,-0.96%,49.41,utb,参数二,"{""utb"": {""key_value"": 3, ""atr_period"": 14, ""use_ha"": false}, ""r&s"": {""srb_left"": 15, ""srb_right"": 15}, ""atr"": {""atr_length"": 14, ""atr_mult"": 1.0}}",GREENBRIER COMPANIES INC,1D,,,,,,
2026-08-07 00:00:00,Short,FORR,11.74,-2.09%,12.69,suf,参数一,"{""suf"": {""timeframe"": ""d""}}",FORRESTER RESEARCH INC,1D,,,,,,
2026-08-07 00:00:00,Short,FORR,11.74,-2.09%,12.69,suf,参数二,"{""suf"": {""timeframe"": ""d""}}",FORRESTER RESEARCH INC,1D,,,,,,
2026-08-07 00:00:00,Short,PACB,1.19,1.71%,1.33,sqz,参数一,"{""sqz"": {""bb_length"": 15, ""bb_mult"": 1.5, ""kc_length"": 15, ""kc_mult"": 1.2, ""min_sqz_bars"": 4}, ""r&s"": {""srb_left"": 10, ""srb_right"": 10}, ""atr"": {""atr_length"": 14, ""atr_mult"": 1.0}}",PACIFIC BIOSCIENCES OF CALIF,1D,支撑释放,1.67-1.25-1.23-1.09-1.3,低-低-低-高,25.15%-1.60%-11.38%-19.27%,32.0,41.54
2026-08-07 00:00:00,Short,OZ,46.9,-1.12%,48.75,utb,参数二,"{""utb"": {""key_value"": 3, ""atr_period"": 14, ""use_ha"": false}, ""r&s"": {""srb_left"": 15, ""srb_right"": 15}, ""atr"": {""atr_length"": 14, ""atr_mult"": 1.0}}",BELPOINTE PREP LLC- CLASS A,1D,,,,,,
2026-08-07 00:00:00,Long,VERI,1.31,4.80%,1.18,utb,参数二,"{""utb"": {""key_value"": 3, ""atr_period"": 14, ""use_ha"": false}, ""r&s"": {""srb_left"": 15, ""srb_right"": 15}, ""atr"": {""atr_length"": 14, ""atr_mult"": 1.0}}",VERITONE INC,1D,,,,,,
2026-08-07 00:00:00,Long,VERI,1.31,4.80%,1.18,mfa,参数二,"{""utb"": {""key_value"": 3, ""atr_period"": 14, ""use_ha"": false}, ""mfa"": {""mfa_all"": 46}}",VERITONE INC,1D,,,,,,
2026-08-07 00:00:00,Short,CF,114.35,-2.04%,120.28,utb,参数二,"{""utb"": {""key_value"": 3, ""atr_period"": 14, ""use_ha"": false}, ""r&s"": {""srb_left"": 15, ""srb_right"": 15}, ""atr"": {""atr_length"": 14, ""atr_mult"": 1.0}}",CF INDUSTRIES HOLDINGS INC,1D,,,,,,
2026-08-07 00:00:00,Short,BCO,112.19,-0.58%,118.61,utb,参数二,"{""utb"": {""key_value"": 3, ""atr_period"": 14, ""use_ha"": false}, ""r&s"": {""srb_left"": 15, ""srb_right"": 15}, ""atr"": {""atr_length"": 14, ""atr_mult"": 1.0}}",BRINK'S CO/THE,1D,,,,,,
2026-08-07 00:00:00,Long,APA,37.63,3.01%,34.28,utb,参数一,"{""utb"": {""key_value"": 2, ""atr_period"": 14, ""use_ha"": false}, ""r&s"": {""srb_left"": 10, ""srb_right"": 10}, ""atr"": {""atr_length"": 14, ""atr_mult"": 1.0}}",APA CORP,1D,,,,,,
2026-08-07 00:00:00,Long,NCDL,12.82,2.31%,12.06,utb,参数一,"{""utb"": {""key_value"": 2, ""atr_period"": 14, ""use_ha"": false}, ""r&s"": {""srb_left"": 10, ""srb_right"": 10}, ""atr"": {""atr_length"": 14, ""atr_mult"": 1.0}}",NUVEEN CHURCHILL DIRECT LEND,1D,,,,,,
2026-08-07 00:00:00,Long,CART,50.17,11.41%,44.43,utb,参数一,"{""utb"": {""key_value"": 2, ""atr_period"": 14, ""use_ha"": false}, ""r&s"": {""srb_left"": 10, ""srb_right"": 10}, ""atr"": {""atr_length"": 14, ""atr_mult"": 1.0}}",MAPLEBEAR INC,1D,,,,,,
2026-08-07 00:00:00,Long,CART,50.17,11.41%,44.43,utb,参数二,"{""utb"": {""key_value"": 3, ""atr_period"": 14, ""use_ha"": false}, ""r&s"": {""srb_left"": 15, ""srb_right"": 15}, ""atr"": {""atr_length"": 14, ""atr_mult"": 1.0}}",MAPLEBEAR INC,1D,,,,,,
2026-08-07 00:00:00,Long,DMC,30.75,2.84%,29.18,sqz,参数一,"{""sqz"": {""bb_length"": 15, ""bb_mult"": 1.5, ""kc_length"": 15, ""kc_mult"": 1.2, ""min_sqz_bars"": 4}, ""r&s"": {""srb_left"": 10, ""srb_right"": 10}, ""atr"": {""atr_length"": 14, ""atr_mult"": 1.0}}",DEL MONTE CORP,1D,压力释放,38.27-42.88-42.63-42.63-30.17,高-低-高-低,12.03%-0.58%-0.00%-29.22%,15.0,7.25
2026-08-07 00:00:00,Long,DMC,30.75,2.84%,29.18,utb,参数二,"{""utb"": {""key_value"": 3, ""atr_period"": 14, ""use_ha"": false}, ""r&s"": {""srb_left"": 15, ""srb_right"": 15}, ""atr"": {""atr_length"": 14, ""atr_mult"": 1.0}}",DEL MONTE CORP,1D,,,,,,
2026-08-07 00:00:00,Long,AARD,7.9,8.22%,6.57,utb,参数二,"{""utb"": {""key_value"": 3, ""atr_period"": 14, ""use_ha"": false}, ""r&s"": {""srb_left"": 15, ""srb_right"": 15}, ""atr"": {""atr_length"": 14, ""atr_mult"": 1.0}}",AARDVARK THERAPEUTICS INC,1D,,,,,,
2026-08-07 00:00:00,Long,NBRG,9.99,0.20%,9.98,utb,参数一,"{""utb"": {""key_value"": 2, ""atr_period"": 14, ""use_ha"": false}, ""r&s"": {""srb_left"": 10, ""srb_right"": 10}, ""atr"": {""atr_length"": 14, ""atr_mult"": 1.0}}",NEWBRIDGE ACQUISITION LTD-A,1D,,,,,,
2026-08-07 00:00:00,Long,NBRG,9.99,0.20%,9.98,utb,参数二,"{""utb"": {""key_value"": 3, ""atr_period"": 14, ""use_ha"": false}, ""r&s"": {""srb_left"": 15, ""srb_right"": 15}, ""atr"": {""atr_length"": 14, ""atr_mult"": 1.0}}",NEWBRIDGE ACQUISITION LTD-A,1D,,,,,,
2026-08-07 00:00:00,Long,APP,346.8,3.32%,308.1,suf,参数一,"{""suf"": {""timeframe"": ""d""}}",APPLOVIN CORP-CLASS A,1D,,,,,,
2026-08-07 00:00:00,Long,APP,346.8,3.32%,308.1,suf,参数二,"{""suf"": {""timeframe"": ""d""}}",APPLOVIN CORP-CLASS A,1D,,,,,,
2026-08-07 00:00:00,Long,LEGH,29.2,1.04%,27.86,sqz,参数一,"{""sqz"": {""bb_length"": 15, ""bb_mult"": 1.5, ""kc_length"": 15, ""kc_mult"": 1.2, ""min_sqz_bars"": 4}, ""r&s"": {""srb_left"": 10, ""srb_right"": 10}, ""atr"": {""atr_length"": 14, ""atr_mult"": 1.0}}",LEGACY HOUSING CORP,1D,压力释放,23.17-22.91-22.48-22.32-27.66,低-低-低-高,1.10%-1.88%-0.71%-23.94%,15.0,9.51
2026-08-07 00:00:00,Long,TG,8.89,14.71%,7.59,utb,参数一,"{""utb"": {""key_value"": 2, ""atr_period"": 14, ""use_ha"": false}, ""r&s"": {""srb_left"": 10, ""srb_right"": 10}, ""atr"": {""atr_length"": 14, ""atr_mult"": 1.0}}",TREDEGAR CORP,1D,,,,,,
2026-08-07 00:00:00,Long,TG,8.89,14.71%,7.59,sqz,参数一,"{""sqz"": {""bb_length"": 15, ""bb_mult"": 1.5, ""kc_length"": 15, ""kc_mult"": 1.2, ""min_sqz_bars"": 4}, ""r&s"": {""srb_left"": 10, ""srb_right"": 10}, ""atr"": {""atr_length"": 14, ""atr_mult"": 1.0}}",TREDEGAR CORP,1D,压力释放,9.38-9.66-10.53-8.39-7.99,高-高-低-低,2.99%-9.01%-20.32%-4.77%,12.0,10.51
2026-08-07 00:00:00,Long,TG,8.89,14.71%,7.59,utb,参数二,"{""utb"": {""key_value"": 3, ""atr_period"": 14, ""use_ha"": false}, ""r&s"": {""srb_left"": 15, ""srb_right"": 15}, ""atr"": {""atr_length"": 14, ""atr_mult"": 1.0}}",TREDEGAR CORP,1D,,,,,,
2026-08-07 00:00:00,Long,TG,8.89,14.71%,7.59,sqz,参数二,"{""sqz"": {""bb_length"": 20, ""bb_mult"": 1.8, ""kc_length"": 20, ""kc_mult"": 1.5, ""min_sqz_bars"": 4}, ""r&s"": {""srb_left"": 15, ""srb_right"": 15}, ""atr"": {""atr_length"": 14, ""atr_mult"": 1.0}}",TREDEGAR CORP,1D,压力释放,nan-8.65-9.66-10.53-8.39,低-高-高-低,nan%-11.68%-9.01%-20.32%,29.0,16.2
2026-08-07 00:00:00,Long,PS,37.88,0.72%,35.34,utb,参数二,"{""utb"": {""key_value"": 3, ""atr_period"": 14, ""use_ha"": false}, ""r&s"": {""srb_left"": 15, ""srb_right"": 15}, ""atr"": {""atr_length"": 14, ""atr_mult"": 1.0}}",PERSHING SQUARE INC,1D,,,,,,
2026-08-07 00:00:00,Short,OSG,4.93,-12.90%,5.6,sqz,参数一,"{""sqz"": {""bb_length"": 15, ""bb_mult"": 1.5, ""kc_length"": 15, ""kc_mult"": 1.2, ""min_sqz_bars"": 4}, ""r&s"": {""srb_left"": 10, ""srb_right"": 10}, ""atr"": {""atr_length"": 14, ""atr_mult"": 1.0}}",OCTAVE SPECIALTY GROUP INC,1D,一直释放,5.55-4.98-3.88-4.15-5.05,低-低-高-高,10.27%-22.09%-6.96%-21.69%,45.0,32.28
2026-08-07 00:00:00,Short,OSG,4.93,-12.90%,5.6,sqz,参数二,"{""sqz"": {""bb_length"": 20, ""bb_mult"": 1.8, ""kc_length"": 20, ""kc_mult"": 1.5, ""min_sqz_bars"": 4}, ""r&s"": {""srb_left"": 15, ""srb_right"": 15}, ""atr"": {""atr_length"": 14, ""atr_mult"": 1.0}}",OCTAVE SPECIALTY GROUP INC,1D,一直释放,nan-5.55-4.98-3.88-5.05,低-低-低-高,nan%-10.27%-22.09%-30.15%,45.0,32.28
2026-08-07 00:00:00,Long,PSEC,2.33,5.43%,2.14,utb,参数二,"{""utb"": {""key_value"": 3, ""atr_period"": 14, ""use_ha"": false}, ""r&s"": {""srb_left"": 15, ""srb_right"": 15}, ""atr"": {""atr_length"": 14, ""atr_mult"": 1.0}}",PROSPECT CAPITAL CORP,1D,,,,,,
2026-08-07 00:00:00,Long,PSEC,2.33,5.43%,2.14,mfa,参数二,"{""utb"": {""key_value"": 3, ""atr_period"": 14, ""use_ha"": false}, ""mfa"": {""mfa_all"": 13}}",PROSPECT CAPITAL CORP,1D,,,,,,
2026-08-07 00:00:00,Short,CRBG,33.68,-0.97%,35.26,suf,参数一,"{""suf"": {""timeframe"": ""d""}}",COREBRIDGE FINANCIAL INC,1D,,,,,,
2026-08-07 00:00:00,Short,CRBG,33.68,-0.97%,35.26,suf,参数二,"{""suf"": {""timeframe"": ""d""}}",COREBRIDGE FINANCIAL INC,1D,,,,,,
2026-08-07 00:00:00,Long,BBNX,15.9,12.69%,12.81,utb,参数一,"{""utb"": {""key_value"": 2, ""atr_period"": 14, ""use_ha"": false}, ""r&s"": {""srb_left"": 10, ""srb_right"": 10}, ""atr"": {""atr_length"": 14, ""atr_mult"": 1.0}}",BETA BIONICS INC,1D,,,,,,
2026-08-07 00:00:00,Long,PVLA,157.77,1.83%,145.98,utb,参数二,"{""utb"": {""key_value"": 3, ""atr_period"": 14, ""use_ha"": false}, ""r&s"": {""srb_left"": 15, ""srb_right"": 15}, ""atr"": {""atr_length"": 14, ""atr_mult"": 1.0}}",PALVELLA THERAPEUTICS INC,1D,,,,,,
2026-08-07 00:00:00,Short,NNI,131.46,-2.51%,135.98,utb,参数一,"{""utb"": {""key_value"": 2, ""atr_period"": 14, ""use_ha"": false}, ""r&s"": {""srb_left"": 10, ""srb_right"": 10}, ""atr"": {""atr_length"": 14, ""atr_mult"": 1.0}}",NELNET INC-CL A,1D,,,,,,
2026-08-07 00:00:00,Long,CAE,27.19,1.53%,25.99,sqz,参数一,"{""sqz"": {""bb_length"": 15, ""bb_mult"": 1.5, ""kc_length"": 15, ""kc_mult"": 1.2, ""min_sqz_bars"": 4}, ""r&s"": {""srb_left"": 10, ""srb_right"": 10}, ""atr"": {""atr_length"": 14, ""atr_mult"": 1.0}}",CAE INC,1D,一直亮绿,31.03-28.21-27.31-26.29-26.86,低-低-低-高,9.09%-3.19%-3.73%-2.17%,23.0,12.57
2026-08-07 00:00:00,Long,CAE,27.19,1.53%,25.99,sqz,参数二,"{""sqz"": {""bb_length"": 20, ""bb_mult"": 1.8, ""kc_length"": 20, ""kc_mult"": 1.5, ""min_sqz_bars"": 4}, ""r&s"": {""srb_left"": 15, ""srb_right"": 15}, ""atr"": {""atr_length"": 14, ""atr_mult"": 1.0}}",CAE INC,1D,一直亮绿,nan-34.24-28.21-26.86,低-低-低,nan%-17.61%-4.79%,23.0,12.57
2026-08-07 00:00:00,Long,OMC,85.24,3.31%,79.2,utb,参数一,"{""utb"": {""key_value"": 2, ""atr_period"": 14, ""use_ha"": false}, ""r&s"": {""srb_left"": 10, ""srb_right"": 10}, ""atr"": {""atr_length"": 14, ""atr_mult"": 1.0}}",OMNICOM GROUP,1D,,,,,,
2026-08-07 00:00:00,Short,RFAI,11.06,-0.26%,11.32,utb,参数一,"{""utb"": {""key_value"": 2, ""atr_period"": 14, ""use_ha"": false}, ""r&s"": {""srb_left"": 10, ""srb_right"": 10}, ""atr"": {""atr_length"": 14, ""atr_mult"": 1.0}}",RF ACQUISITION CORP II,1D,,,,,,
2026-08-07 00:00:00,Long,NUTX,162.07,6.67%,142.49,utb,参数一,"{""utb"": {""key_value"": 2, ""atr_period"": 14, ""use_ha"": false}, ""r&s"": {""srb_left"": 10, ""srb_right"": 10}, ""atr"": {""atr_length"": 14, ""atr_mult"": 1.0}}",NUTEX HEALTH INC,1D,,,,,,
2026-08-07 00:00:00,Short,NTCL,2.84,-1.73%,4.86,sqz,参数二,"{""sqz"": {""bb_length"": 20, ""bb_mult"": 1.8, ""kc_length"": 20, ""kc_mult"": 1.5, ""min_sqz_bars"": 4}, ""r&s"": {""srb_left"": 15, ""srb_right"": 15}, ""atr"": {""atr_length"": 14, ""atr_mult"": 1.0}}",NETCLASS TECHNOLOGY INC,1D,一直释放,nan-51.5-11.1-11.0-11.25,低-低-低-高,nan%-78.45%-0.90%-2.27%,61.0,1277.78
2026-08-07 00:00:00,Long,ULS,78.21,1.76%,71.68,suf,参数一,"{""suf"": {""timeframe"": ""d""}}",UL SOLUTIONS INC - CLASS A,1D,,,,,,
2026-08-07 00:00:00,Long,ULS,78.21,1.76%,71.68,suf,参数二,"{""suf"": {""timeframe"": ""d""}}",UL SOLUTIONS INC - CLASS A,1D,,,,,,
2026-08-07 00:00:00,Long,AGMH,1.08,4.85%,0.91,utb,参数二,"{""utb"": {""key_value"": 3, ""atr_period"": 14, ""use_ha"": false}, ""r&s"": {""srb_left"": 15, ""srb_right"": 15}, ""atr"": {""atr_length"": 14, ""atr_mult"": 1.0}}",AGM GROUP HOLDINGS INC-A,1D,,,,,,
2026-08-07 00:00:00,Long,AGMH,1.08,4.85%,0.91,mfa,参数二,"{""utb"": {""key_value"": 3, ""atr_period"": 14, ""use_ha"": false}, ""mfa"": {""mfa_all"": 10}}",AGM GROUP HOLDINGS INC-A,1D,,,,,,
2026-08-07 00:00:00,Short,WEX,185.22,-2.28%,198.31,suf,参数一,"{""suf"": {""timeframe"": ""d""}}",WEX INC,1D,,,,,,
2026-08-07 00:00:00,Short,WEX,185.22,-2.28%,198.31,suf,参数二,"{""suf"": {""timeframe"": ""d""}}",WEX INC,1D,,,,,,
2026-08-07 00:00:00,Short,CCSI,35.14,-5.87%,38.63,utb,参数一,"{""utb"": {""key_value"": 2, ""atr_period"": 14, ""use_ha"": false}, ""r&s"": {""srb_left"": 10, ""srb_right"": 10}, ""atr"": {""atr_length"": 14, ""atr_mult"": 1.0}}",CONSENSUS CLOUD SOLUTION,1D,,,,,,
2026-08-07 00:00:00,Long,ALOY,12.27,14.78%,9.66,utb,参数二,"{""utb"": {""key_value"": 3, ""atr_period"": 14, ""use_ha"": false}, ""r&s"": {""srb_left"": 15, ""srb_right"": 15}, ""atr"": {""atr_length"": 14, ""atr_mult"": 1.0}}",REALLOYS INC,1D,,,,,,
2026-08-07 00:00:00,Long,ALOY,12.27,14.78%,9.66,mfa,参数二,"{""utb"": {""key_value"": 3, ""atr_period"": 14, ""use_ha"": false}, ""mfa"": {""mfa_all"": 16}}",REALLOYS INC,1D,,,,,,
2026-08-07 00:00:00,Long,EVH,3.95,10.03%,3.18,utb,参数一,"{""utb"": {""key_value"": 2, ""atr_period"": 14, ""use_ha"": false}, ""r&s"": {""srb_left"": 10, ""srb_right"": 10}, ""atr"": {""atr_length"": 14, ""atr_mult"": 1.0}}",EVOLENT HEALTH INC - A,1D,,,,,,
2026-08-07 00:00:00,Long,EVH,3.95,10.03%,3.18,mfa,参数一,"{""utb"": {""key_value"": 2, ""atr_period"": 14, ""use_ha"": false}, ""mfa"": {""mfa_all"": 11}}",EVOLENT HEALTH INC - A,1D,,,,,,
2026-08-07 00:00:00,Long,CMPX,2.15,8.04%,1.91,utb,参数一,"{""utb"": {""key_value"": 2, ""atr_period"": 14, ""use_ha"": false}, ""r&s"": {""srb_left"": 10, ""srb_right"": 10}, ""atr"": {""atr_length"": 14, ""atr_mult"": 1.0}}",COMPASS THERAPEUTICS INC,1D,,,,,,
2026-08-07 00:00:00,Long,FIGS,14.26,26.87%,13.23,sqz,参数一,"{""sqz"": {""bb_length"": 15, ""bb_mult"": 1.5, ""kc_length"": 15, ""kc_mult"": 1.2, ""min_sqz_bars"": 4}, ""r&s"": {""srb_left"": 10, ""srb_right"": 10}, ""atr"": {""atr_length"": 14, ""atr_mult"": 1.0}}",FIGS INC-CLASS A,1D,一直亮绿,12.5-17.48-17.44-13.17-12.95,高-低-低-低,39.84%-0.23%-24.48%-1.67%,35.0,41.22
2026-08-07 00:00:00,Short,FA,24.01,-0.46%,26.34,suf,参数一,"{""suf"": {""timeframe"": ""d""}}",FIRST ADVANTAGE CORP,1D,,,,,,
2026-08-07 00:00:00,Short,FA,24.01,-0.46%,26.34,suf,参数二,"{""suf"": {""timeframe"": ""d""}}",FIRST ADVANTAGE CORP,1D,,,,,,
2026-08-07 00:00:00,Long,CAQ,9.96,0.20%,9.95,utb,参数二,"{""utb"": {""key_value"": 3, ""atr_period"": 14, ""use_ha"": false}, ""r&s"": {""srb_left"": 15, ""srb_right"": 15}, ""atr"": {""atr_length"": 14, ""atr_mult"": 1.0}}",CAMBRIDGE ACQUISITION CORP-A,1D,,,,,,
2026-08-07 00:00:00,Long,NOG,21.6,6.51%,19.76,utb,参数一,"{""utb"": {""key_value"": 2, ""atr_period"": 14, ""use_ha"": false}, ""r&s"": {""srb_left"": 10, ""srb_right"": 10}, ""atr"": {""atr_length"": 14, ""atr_mult"": 1.0}}",NORTHERN OIL AND GAS INC,1D,,,,,,
2026-08-07 00:00:00,Long,KROS,11.15,4.69%,10.05,utb,参数一,"{""utb"": {""key_value"": 2, ""atr_period"": 14, ""use_ha"": false}, ""r&s"": {""srb_left"": 10, ""srb_right"": 10}, ""atr"": {""atr_length"": 14, ""atr_mult"": 1.0}}",KEROS THERAPEUTICS INC,1D,,,,,,
2026-08-07 00:00:00,Long,TRIP,10.78,3.45%,9.71,suf,参数一,"{""suf"": {""timeframe"": ""d""}}",TRIPADVISOR INC,1D,,,,,,
2026-08-07 00:00:00,Long,TRIP,10.78,3.45%,9.71,suf,参数二,"{""suf"": {""timeframe"": ""d""}}",TRIPADVISOR INC,1D,,,,,,
2026-08-07 00:00:00,Long,MLR,54.54,0.24%,51.19,sqz,参数二,"{""sqz"": {""bb_length"": 20, ""bb_mult"": 1.8, ""kc_length"": 20, ""kc_mult"": 1.5, ""min_sqz_bars"": 4}, ""r&s"": {""srb_left"": 15, ""srb_right"": 15}, ""atr"": {""atr_length"": 14, ""atr_mult"": 1.0}}",MILLER INDUSTRIES INC/TENN,1D,压力释放,39.14-48.49-49.01-49.67-52.93,高-高-高-高,23.90%-1.08%-1.34%-6.56%,29.0,13.2
2026-08-07 00:00:00,Long,RDNT,72.39,6.20%,64.95,sqz,参数一,"{""sqz"": {""bb_length"": 15, ""bb_mult"": 1.5, ""kc_length"": 15, ""kc_mult"": 1.2, ""min_sqz_bars"": 4}, ""r&s"": {""srb_left"": 10, ""srb_right"": 10}, ""atr"": {""atr_length"": 14, ""atr_mult"": 1.0}}",RADNET INC,1D,一直亮绿,81.21-75.47-63.5-63.45-70.42,低-低-低-高,7.07%-15.86%-0.08%-10.98%,23.0,21.93
2026-08-07 00:00:00,Long,DXLG,0.64,8.47%,0.54,utb,参数一,"{""utb"": {""key_value"": 2, ""atr_period"": 14, ""use_ha"": false}, ""r&s"": {""srb_left"": 10, ""srb_right"": 10}, ""atr"": {""atr_length"": 14, ""atr_mult"": 1.0}}",DESTINATION XL GROUP INC,1D,,,,,,
2026-08-07 00:00:00,Long,ALM,14.18,5.66%,11.82,utb,参数一,"{""utb"": {""key_value"": 2, ""atr_period"": 14, ""use_ha"": false}, ""r&s"": {""srb_left"": 10, ""srb_right"": 10}, ""atr"": {""atr_length"": 14, ""atr_mult"": 1.0}}",ALMONTY INDUSTRIES INC,1D,,,,,,
2026-08-07 00:00:00,Long,ALM,14.18,5.66%,11.82,mfa,参数一,"{""utb"": {""key_value"": 2, ""atr_period"": 14, ""use_ha"": false}, ""mfa"": {""mfa_all"": 23}}",ALMONTY INDUSTRIES INC,1D,,,,,,
2026-08-07 00:00:00,Short,ANDE,65.39,-3.77%,70.94,sqz,参数一,"{""sqz"": {""bb_length"": 15, ""bb_mult"": 1.5, ""kc_length"": 15, ""kc_mult"": 1.2, ""min_sqz_bars"": 4}, ""r&s"": {""srb_left"": 10, ""srb_right"": 10}, ""atr"": {""atr_length"": 14, ""atr_mult"": 1.0}}",ANDERSONS INC/THE,1D,一直亮红,62.54-61.32-68.91-65.17-65.85,低-高-低-高,1.96%-12.38%-5.43%-1.05%,24.0,23.75
2026-08-07 00:00:00,Short,ANDE,65.39,-3.77%,70.94,sqz,参数二,"{""sqz"": {""bb_length"": 20, ""bb_mult"": 1.8, ""kc_length"": 20, ""kc_mult"": 1.5, ""min_sqz_bars"": 4}, ""r&s"": {""srb_left"": 15, ""srb_right"": 15}, ""atr"": {""atr_length"": 14, ""atr_mult"": 1.0}}",ANDERSONS INC/THE,1D,一直亮红,nan-50.94-61.32-65.17-65.85,低-高-高-高,nan%-20.38%-6.28%-1.05%,24.0,23.75
2026-08-07 00:00:00,Long,TH,16.51,3.19%,15.05,utb,参数一,"{""utb"": {""key_value"": 2, ""atr_period"": 14, ""use_ha"": false}, ""r&s"": {""srb_left"": 10, ""srb_right"": 10}, ""atr"": {""atr_length"": 14, ""atr_mult"": 1.0}}",TARGET HOSPITALITY CORP,1D,,,,,,
2026-08-07 00:00:00,Long,TH,16.51,3.19%,15.05,mfa,参数一,"{""utb"": {""key_value"": 2, ""atr_period"": 14, ""use_ha"": false}, ""mfa"": {""mfa_all"": 10}}",TARGET HOSPITALITY CORP,1D,,,,,,
2026-08-07 00:00:00,Short,AMP,551.98,-1.40%,570.5,suf,参数一,"{""suf"": {""timeframe"": ""d""}}",AMERIPRISE FINANCIAL INC,1D,,,,,,
2026-08-07 00:00:00,Short,AMP,551.98,-1.40%,570.5,suf,参数二,"{""suf"": {""timeframe"": ""d""}}",AMERIPRISE FINANCIAL INC,1D,,,,,,
2026-08-07 00:00:00,Long,QLYS,183.48,0.94%,167.96,sqz,参数二,"{""sqz"": {""bb_length"": 20, ""bb_mult"": 1.8, ""kc_length"": 20, ""kc_mult"": 1.5, ""min_sqz_bars"": 4}, ""r&s"": {""srb_left"": 15, ""srb_right"": 15}, ""atr"": {""atr_length"": 14, ""atr_mult"": 1.0}}",QUALYS INC,1D,一直释放,nan-155.47-153.62-137.49,低-低-低,nan%-1.19%-10.50%,129.0,84.53
2026-08-07 00:00:00,Short,APC,19.44,-1.87%,20.71,utb,参数一,"{""utb"": {""key_value"": 2, ""atr_period"": 14, ""use_ha"": false}, ""r&s"": {""srb_left"": 10, ""srb_right"": 10}, ""atr"": {""atr_length"": 14, ""atr_mult"": 1.0}}",ARKO PETROLEUM CORP,1D,,,,,,
2026-08-07 00:00:00,Long,REA,13.25,7.99%,11.24,utb,参数二,"{""utb"": {""key_value"": 3, ""atr_period"": 14, ""use_ha"": false}, ""r&s"": {""srb_left"": 15, ""srb_right"": 15}, ""atr"": {""atr_length"": 14, ""atr_mult"": 1.0}}",RARE EARTHS AMERICAS INC,1D,,,,,,
2026-08-07 00:00:00,Long,REA,13.25,7.99%,11.24,mfa,参数二,"{""utb"": {""key_value"": 3, ""atr_period"": 14, ""use_ha"": false}, ""mfa"": {""mfa_all"": 42}}",RARE EARTHS AMERICAS INC,1D,,,,,,
2026-08-07 00:00:00,Short,NTCT,38.44,-4.21%,42.17,utb,参数一,"{""utb"": {""key_value"": 2, ""atr_period"": 14, ""use_ha"": false}, ""r&s"": {""srb_left"": 10, ""srb_right"": 10}, ""atr"": {""atr_length"": 14, ""atr_mult"": 1.0}}",NETSCOUT SYSTEMS INC,1D,,,,,,
2026-08-07 00:00:00,Short,ILMN,187.96,-2.97%,204.22,utb,参数一,"{""utb"": {""key_value"": 2, ""atr_period"": 14, ""use_ha"": false}, ""r&s"": {""srb_left"": 10, ""srb_right"": 10}, ""atr"": {""atr_length"": 14, ""atr_mult"": 1.0}}",ILLUMINA INC,1D,,,,,,
2026-08-07 00:00:00,Long,CING,5.34,5.74%,4.72,utb,参数一,"{""utb"": {""key_value"": 2, ""atr_period"": 14, ""use_ha"": false}, ""r&s"": {""srb_left"": 10, ""srb_right"": 10}, ""atr"": {""atr_length"": 14, ""atr_mult"": 1.0}}",CINGULATE INC,1D,,,,,,
2026-08-07 00:00:00,Long,SPT,10.34,26.25%,8.84,sqz,参数一,"{""sqz"": {""bb_length"": 15, ""bb_mult"": 1.5, ""kc_length"": 15, ""kc_mult"": 1.2, ""min_sqz_bars"": 4}, ""r&s"": {""srb_left"": 10, ""srb_right"": 10}, ""atr"": {""atr_length"": 14, ""atr_mult"": 1.0}}",SPROUT SOCIAL INC - CLASS A,1D,一直亮绿,11.34-12.06-7.56-8.31-9.12,高-低-高-高,6.32%-37.30%-9.92%-9.75%,17.0,25.09
2026-08-07 00:00:00,Long,SPT,10.34,26.25%,8.84,sqz,参数二,"{""sqz"": {""bb_length"": 20, ""bb_mult"": 1.8, ""kc_length"": 20, ""kc_mult"": 1.5, ""min_sqz_bars"": 4}, ""r&s"": {""srb_left"": 15, ""srb_right"": 15}, ""atr"": {""atr_length"": 14, ""atr_mult"": 1.0}}",SPROUT SOCIAL INC - CLASS A,1D,压力释放,nan-12.06-8.31-9.12,低-低-高,nan%-31.08%-9.75%,17.0,25.09
2026-08-07 00:00:00,Long,PEG,75.66,0.83%,72.78,suf,参数一,"{""suf"": {""timeframe"": ""d""}}",PUBLIC SERVICE ENTERPRISE GP,1D,,,,,,
2026-08-07 00:00:00,Long,PEG,75.66,0.83%,72.78,suf,参数二,"{""suf"": {""timeframe"": ""d""}}",PUBLIC SERVICE ENTERPRISE GP,1D,,,,,,
2026-08-07 00:00:00,Long,SHC,18.86,-0.26%,18.12,sqz,参数一,"{""sqz"": {""bb_length"": 15, ""bb_mult"": 1.5, ""kc_length"": 15, ""kc_mult"": 1.2, ""min_sqz_bars"": 4}, ""r&s"": {""srb_left"": 10, ""srb_right"": 10}, ""atr"": {""atr_length"": 14, ""atr_mult"": 1.0}}",SOTERA HEALTH CO,1D,压力释放,19.85-17.87-16.54-16.17-18.55,低-低-低-高,9.97%-7.44%-2.24%-14.72%,20.0,10.22
2026-08-07 00:00:00,Long,DGICB,24.01,3.85%,21.92,utb,参数一,"{""utb"": {""key_value"": 2, ""atr_period"": 14, ""use_ha"": false}, ""r&s"": {""srb_left"": 10, ""srb_right"": 10}, ""atr"": {""atr_length"": 14, ""atr_mult"": 1.0}}",DONEGAL GROUP INC-B,1D,,,,,,
2026-08-07 00:00:00,Long,TMC,4.57,10.92%,4.03,utb,参数二,"{""utb"": {""key_value"": 3, ""atr_period"": 14, ""use_ha"": false}, ""r&s"": {""srb_left"": 15, ""srb_right"": 15}, ""atr"": {""atr_length"": 14, ""atr_mult"": 1.0}}",TMC THE METALS CO INC,1D,,,,,,
2026-08-07 00:00:00,Long,TMC,4.57,10.92%,4.03,mfa,参数二,"{""utb"": {""key_value"": 3, ""atr_period"": 14, ""use_ha"": false}, ""mfa"": {""mfa_all"": 42}}",TMC THE METALS CO INC,1D,,,,,,
2026-08-07 00:00:00,Long,CGC,0.97,4.08%,0.93,utb,参数一,"{""utb"": {""key_value"": 2, ""atr_period"": 14, ""use_ha"": false}, ""r&s"": {""srb_left"": 10, ""srb_right"": 10}, ""atr"": {""atr_length"": 14, ""atr_mult"": 1.0}}",CANOPY GROWTH CORP,1D,,,,,,
2026-08-07 00:00:00,Long,CGC,0.97,4.08%,0.93,mfa,参数一,"{""utb"": {""key_value"": 2, ""atr_period"": 14, ""use_ha"": false}, ""mfa"": {""mfa_all"": 37}}",CANOPY GROWTH CORP,1D,,,,,,
2026-08-07 00:00:00,Long,KTWO,10.03,0.70%,10.01,utb,参数一,"{""utb"": {""key_value"": 2, ""atr_period"": 14, ""use_ha"": false}, ""r&s"": {""srb_left"": 10, ""srb_right"": 10}, ""atr"": {""atr_length"": 14, ""atr_mult"": 1.0}}",K2 CAPITAL ACQUISITION-CL A,1D,,,,,,
2026-08-07 00:00:00,Long,KTWO,10.03,0.70%,10.01,utb,参数二,"{""utb"": {""key_value"": 3, ""atr_period"": 14, ""use_ha"": false}, ""r&s"": {""srb_left"": 15, ""srb_right"": 15}, ""atr"": {""atr_length"": 14, ""atr_mult"": 1.0}}",K2 CAPITAL ACQUISITION-CL A,1D,,,,,,
2026-08-07 00:00:00,Long,ELVA,9.71,4.63%,8.27,utb,参数一,"{""utb"": {""key_value"": 2, ""atr_period"": 14, ""use_ha"": false}, ""r&s"": {""srb_left"": 10, ""srb_right"": 10}, ""atr"": {""atr_length"": 14, ""atr_mult"": 1.0}}",ELECTROVAYA INC,1D,,,,,,
2026-08-07 00:00:00,Long,ELVA,9.71,4.63%,8.27,mfa,参数一,"{""utb"": {""key_value"": 2, ""atr_period"": 14, ""use_ha"": false}, ""mfa"": {""mfa_all"": 24}}",ELECTROVAYA INC,1D,,,,,,
2026-08-07 00:00:00,Long,OBDC,11.64,2.92%,10.97,sqz,参数一,"{""sqz"": {""bb_length"": 15, ""bb_mult"": 1.5, ""kc_length"": 15, ""kc_mult"": 1.2, ""min_sqz_bars"": 4}, ""r&s"": {""srb_left"": 10, ""srb_right"": 10}, ""atr"": {""atr_length"": 14, ""atr_mult"": 1.0}}",BLUE OWL CAPITAL CORP,1D,压力释放,12.01-11.36-11.65-11.2-11.29,低-高-低-高,5.39%-2.49%-3.84%-0.81%,15.0,6.31
2026-08-07 00:00:00,Long,OBDC,11.64,2.92%,10.97,sqz,参数二,"{""sqz"": {""bb_length"": 20, ""bb_mult"": 1.8, ""kc_length"": 20, ""kc_mult"": 1.5, ""min_sqz_bars"": 4}, ""r&s"": {""srb_left"": 15, ""srb_right"": 15}, ""atr"": {""atr_length"": 14, ""atr_mult"": 1.0}}",BLUE OWL CAPITAL CORP,1D,压力释放,nan-12.38-12.01-11.65-11.2,低-低-低-低,nan%-2.97%-3.04%-3.84%,47.0,8.68
2026-08-07 00:00:00,Long,DCH,6.35,11.99%,5.82,utb,参数二,"{""utb"": {""key_value"": 3, ""atr_period"": 14, ""use_ha"": false}, ""r&s"": {""srb_left"": 15, ""srb_right"": 15}, ""atr"": {""atr_length"": 14, ""atr_mult"": 1.0}}",DAUCH CORPORATION,1D,,,,,,
2026-08-07 00:00:00,Short,PRI,321.38,-1.54%,331.18,suf,参数一,"{""suf"": {""timeframe"": ""d""}}",PRIMERICA INC,1D,,,,,,
2026-08-07 00:00:00,Short,PRI,321.38,-1.54%,331.18,suf,参数二,"{""suf"": {""timeframe"": ""d""}}",PRIMERICA INC,1D,,,,,,
2026-08-07 00:00:00,Long,GVA,128.32,5.53%,117.96,utb,参数一,"{""utb"": {""key_value"": 2, ""atr_period"": 14, ""use_ha"": false}, ""r&s"": {""srb_left"": 10, ""srb_right"": 10}, ""atr"": {""atr_length"": 14, ""atr_mult"": 1.0}}",GRANITE CONSTRUCTION INC,1D,,,,,,
2026-08-07 00:00:00,Long,GVA,128.32,5.53%,117.96,mfa,参数一,"{""utb"": {""key_value"": 2, ""atr_period"": 14, ""use_ha"": false}, ""mfa"": {""mfa_all"": 22}}",GRANITE CONSTRUCTION INC,1D,,,,,,
2026-08-07 00:00:00,Long,SUPN,47.64,1.88%,44.14,utb,参数一,"{""utb"": {""key_value"": 2, ""atr_period"": 14, ""use_ha"": false}, ""r&s"": {""srb_left"": 10, ""srb_right"": 10}, ""atr"": {""atr_length"": 14, ""atr_mult"": 1.0}}",SUPERNUS PHARMACEUTICALS INC,1D,,,,,,
2026-08-07 00:00:00,Short,CRAI,169.31,-4.05%,184.97,utb,参数一,"{""utb"": {""key_value"": 2, ""atr_period"": 14, ""use_ha"": false}, ""r&s"": {""srb_left"": 10, ""srb_right"": 10}, ""atr"": {""atr_length"": 14, ""atr_mult"": 1.0}}",CRA INTERNATIONAL INC,1D,,,,,,
2026-08-07 00:00:00,Long,ASM,6.88,7.84%,6.24,utb,参数二,"{""utb"": {""key_value"": 3, ""atr_period"": 14, ""use_ha"": false}, ""r&s"": {""srb_left"": 15, ""srb_right"": 15}, ""atr"": {""atr_length"": 14, ""atr_mult"": 1.0}}",AVINO SILVER & GOLD MINES,1D,,,,,,
2026-08-07 00:00:00,Long,ASM,6.88,7.84%,6.24,mfa,参数二,"{""utb"": {""key_value"": 3, ""atr_period"": 14, ""use_ha"": false}, ""mfa"": {""mfa_all"": 17}}",AVINO SILVER & GOLD MINES,1D,,,,,,
2026-08-07 00:00:00,Long,IAG,18.32,14.29%,16.27,utb,参数二,"{""utb"": {""key_value"": 3, ""atr_period"": 14, ""use_ha"": false}, ""r&s"": {""srb_left"": 15, ""srb_right"": 15}, ""atr"": {""atr_length"": 14, ""atr_mult"": 1.0}}",IAMGOLD CORP,1D,,,,,,
2026-08-07 00:00:00,Long,IAG,18.32,14.29%,16.27,mfa,参数二,"{""utb"": {""key_value"": 3, ""atr_period"": 14, ""use_ha"": false}, ""mfa"": {""mfa_all"": 23}}",IAMGOLD CORP,1D,,,,,,
2026-08-07 00:00:00,Long,WOLF,32.87,19.14%,24.07,utb,参数一,"{""utb"": {""key_value"": 2, ""atr_period"": 14, ""use_ha"": false}, ""r&s"": {""srb_left"": 10, ""srb_right"": 10}, ""atr"": {""atr_length"": 14, ""atr_mult"": 1.0}}",WOLFSPEED INC,1D,,,,,,
2026-08-07 00:00:00,Long,WOLF,32.87,19.14%,24.07,mfa,参数一,"{""utb"": {""key_value"": 2, ""atr_period"": 14, ""use_ha"": false}, ""mfa"": {""mfa_all"": 26}}",WOLFSPEED INC,1D,,,,,,
2026-08-07 00:00:00,Long,WOLF,32.87,19.14%,24.07,utb,参数二,"{""utb"": {""key_value"": 3, ""atr_period"": 14, ""use_ha"": false}, ""r&s"": {""srb_left"": 15, ""srb_right"": 15}, ""atr"": {""atr_length"": 14, ""atr_mult"": 1.0}}",WOLFSPEED INC,1D,,,,,,
2026-08-07 00:00:00,Long,WOLF,32.87,19.14%,24.07,mfa,参数二,"{""utb"": {""key_value"": 3, ""atr_period"": 14, ""use_ha"": false}, ""mfa"": {""mfa_all"": 26}}",WOLFSPEED INC,1D,,,,,,
2026-08-07 00:00:00,Long,WWR,0.77,87.80%,0.35,utb,参数一,"{""utb"": {""key_value"": 2, ""atr_period"": 14, ""use_ha"": false}, ""r&s"": {""srb_left"": 10, ""srb_right"": 10}, ""atr"": {""atr_length"": 14, ""atr_mult"": 1.0}}",WESTWATER RESOURCES INC,1D,,,,,,
2026-08-07 00:00:00,Long,WWR,0.77,87.80%,0.35,sqz,参数一,"{""sqz"": {""bb_length"": 15, ""bb_mult"": 1.5, ""kc_length"": 15, ""kc_mult"": 1.2, ""min_sqz_bars"": 4}, ""r&s"": {""srb_left"": 10, ""srb_right"": 10}, ""atr"": {""atr_length"": 14, ""atr_mult"": 1.0}}",WESTWATER RESOURCES INC,1D,压力释放,1.18-1.31-0.73-0.72-0.57,高-低-低-低,11.02%-44.27%-1.37%-20.83%,35.0,50.0
2026-08-07 00:00:00,Long,WWR,0.77,87.80%,0.35,mfa,参数一,"{""utb"": {""key_value"": 2, ""atr_period"": 14, ""use_ha"": false}, ""mfa"": {""mfa_all"": 25}}",WESTWATER RESOURCES INC,1D,,,,,,
2026-08-07 00:00:00,Long,WWR,0.77,87.80%,0.35,utb,参数二,"{""utb"": {""key_value"": 3, ""atr_period"": 14, ""use_ha"": false}, ""r&s"": {""srb_left"": 15, ""srb_right"": 15}, ""atr"": {""atr_length"": 14, ""atr_mult"": 1.0}}",WESTWATER RESOURCES INC,1D,,,,,,
2026-08-07 00:00:00,Long,WWR,0.77,87.80%,0.35,mfa,参数二,"{""utb"": {""key_value"": 3, ""atr_period"": 14, ""use_ha"": false}, ""mfa"": {""mfa_all"": 25}}",WESTWATER RESOURCES INC,1D,,,,,,
2026-08-07 00:00:00,Short,CHH,106.66,-2.80%,113.2,utb,参数一,"{""utb"": {""key_value"": 2, ""atr_period"": 14, ""use_ha"": false}, ""r&s"": {""srb_left"": 10, ""srb_right"": 10}, ""atr"": {""atr_length"": 14, ""atr_mult"": 1.0}}",CHOICE HOTELS INTL INC,1D,,,,,,
2026-08-07 00:00:00,Long,MIST,1.22,3.39%,1.09,utb,参数一,"{""utb"": {""key_value"": 2, ""atr_period"": 14, ""use_ha"": false}, ""r&s"": {""srb_left"": 10, ""srb_right"": 10}, ""atr"": {""atr_length"": 14, ""atr_mult"": 1.0}}",MILESTONE PHARMACEUTICALS IN,1D,,,,,,
2026-08-07 00:00:00,Long,MIST,1.22,3.39%,1.09,mfa,参数一,"{""utb"": {""key_value"": 2, ""atr_period"": 14, ""use_ha"": false}, ""mfa"": {""mfa_all"": 53}}",MILESTONE PHARMACEUTICALS IN,1D,,,,,,
2026-08-07 00:00:00,Short,RNXT,1.12,-2.61%,1.27,suf,参数一,"{""suf"": {""timeframe"": ""d""}}",RENOVORX INC,1D,,,,,,
2026-08-07 00:00:00,Short,RNXT,1.12,-2.61%,1.27,suf,参数二,"{""suf"": {""timeframe"": ""d""}}",RENOVORX INC,1D,,,,,,
2026-08-07 00:00:00,Short,EVTC,29.85,-3.52%,32.37,utb,参数一,"{""utb"": {""key_value"": 2, ""atr_period"": 14, ""use_ha"": false}, ""r&s"": {""srb_left"": 10, ""srb_right"": 10}, ""atr"": {""atr_length"": 14, ""atr_mult"": 1.0}}",EVERTEC INC,1D,,,,,,
2026-08-07 00:00:00,Short,XRAY,12.12,-7.97%,14.28,utb,参数一,"{""utb"": {""key_value"": 2, ""atr_period"": 14, ""use_ha"": false}, ""r&s"": {""srb_left"": 10, ""srb_right"": 10}, ""atr"": {""atr_length"": 14, ""atr_mult"": 1.0}}",DENTSPLY SIRONA INC,1D,,,,,,
2026-08-07 00:00:00,Short,XRAY,12.12,-7.97%,14.28,utb,参数二,"{""utb"": {""key_value"": 3, ""atr_period"": 14, ""use_ha"": false}, ""r&s"": {""srb_left"": 15, ""srb_right"": 15}, ""atr"": {""atr_length"": 14, ""atr_mult"": 1.0}}",DENTSPLY SIRONA INC,1D,,,,,,
2026-08-07 00:00:00,Long,NUS,5.49,5.78%,4.98,utb,参数一,"{""utb"": {""key_value"": 2, ""atr_period"": 14, ""use_ha"": false}, ""r&s"": {""srb_left"": 10, ""srb_right"": 10}, ""atr"": {""atr_length"": 14, ""atr_mult"": 1.0}}",NU SKIN ENTERPRISES INC - A,1D,,,,,,
2026-08-07 00:00:00,Long,INMB,2.09,9.16%,1.78,utb,参数一,"{""utb"": {""key_value"": 2, ""atr_period"": 14, ""use_ha"": false}, ""r&s"": {""srb_left"": 10, ""srb_right"": 10}, ""atr"": {""atr_length"": 14, ""atr_mult"": 1.0}}",INMUNE BIO INC,1D,,,,,,
2026-08-07 00:00:00,Long,PUSA,3.45,13.11%,2.67,utb,参数一,"{""utb"": {""key_value"": 2, ""atr_period"": 14, ""use_ha"": false}, ""r&s"": {""srb_left"": 10, ""srb_right"": 10}, ""atr"": {""atr_length"": 14, ""atr_mult"": 1.0}}",AUREUS GREENWAY HOLDINGS INC,1D,,,,,,
2026-08-07 00:00:00,Long,PUSA,3.45,13.11%,2.67,mfa,参数一,"{""utb"": {""key_value"": 2, ""atr_period"": 14, ""use_ha"": false}, ""mfa"": {""mfa_all"": 17}}",AUREUS GREENWAY HOLDINGS INC,1D,,,,,,
2026-08-07 00:00:00,Short,RYAN,42.84,-3.67%,46.21,utb,参数一,"{""utb"": {""key_value"": 2, ""atr_period"": 14, ""use_ha"": false}, ""r&s"": {""srb_left"": 10, ""srb_right"": 10}, ""atr"": {""atr_length"": 14, ""atr_mult"": 1.0}}",RYAN SPECIALTY HOLDINGS INC,1D,,,,,,
2026-08-07 00:00:00,Long,AVAV,186.73,9.12%,157.8,utb,参数二,"{""utb"": {""key_value"": 3, ""atr_period"": 14, ""use_ha"": false}, ""r&s"": {""srb_left"": 15, ""srb_right"": 15}, ""atr"": {""atr_length"": 14, ""atr_mult"": 1.0}}",AEROVIRONMENT INC,1D,,,,,,
2026-08-07 00:00:00,Long,WVE,6.1,1.33%,5.64,utb,参数一,"{""utb"": {""key_value"": 2, ""atr_period"": 14, ""use_ha"": false}, ""r&s"": {""srb_left"": 10, ""srb_right"": 10}, ""atr"": {""atr_length"": 14, ""atr_mult"": 1.0}}",WAVE LIFE SCIENCES LTD,1D,,,,,,
2026-08-07 00:00:00,Short,ATMU,51.17,-6.13%,56.84,utb,参数一,"{""utb"": {""key_value"": 2, ""atr_period"": 14, ""use_ha"": false}, ""r&s"": {""srb_left"": 10, ""srb_right"": 10}, ""atr"": {""atr_length"": 14, ""atr_mult"": 1.0}}",ATMUS FILTRATION TECHNOLOGIE,1D,,,,,,
2026-08-07 00:00:00,Long,EXFY,2.69,35.86%,1.99,sqz,参数二,"{""sqz"": {""bb_length"": 20, ""bb_mult"": 1.8, ""kc_length"": 20, ""kc_mult"": 1.5, ""min_sqz_bars"": 4}, ""r&s"": {""srb_left"": 15, ""srb_right"": 15}, ""atr"": {""atr_length"": 14, ""atr_mult"": 1.0}}",EXPENSIFY INC - A,1D,压力释放,nan-1.68-2.02,低-高,nan%-19.88%,20.0,20.1
2026-08-07 00:00:00,Long,LXEO,4.81,5.71%,4.23,utb,参数一,"{""utb"": {""key_value"": 2, ""atr_period"": 14, ""use_ha"": false}, ""r&s"": {""srb_left"": 10, ""srb_right"": 10}, ""atr"": {""atr_length"": 14, ""atr_mult"": 1.0}}",LEXEO THERAPEUTICS INC,1D,,,,,,
2026-08-07 00:00:00,Long,LCUT,9.19,5.63%,8.17,utb,参数一,"{""utb"": {""key_value"": 2, ""atr_period"": 14, ""use_ha"": false}, ""r&s"": {""srb_left"": 10, ""srb_right"": 10}, ""atr"": {""atr_length"": 14, ""atr_mult"": 1.0}}",LIFETIME BRANDS INC,1D,,,,,,
2026-08-07 00:00:00,Long,AOS,63.98,1.57%,60.72,utb,参数一,"{""utb"": {""key_value"": 2, ""atr_period"": 14, ""use_ha"": false}, ""r&s"": {""srb_left"": 10, ""srb_right"": 10}, ""atr"": {""atr_length"": 14, ""atr_mult"": 1.0}}",SMITH (A.O.) CORP,1D,,,,,,
2026-08-07 00:00:00,Short,KMT,33.13,-2.13%,36.25,utb,参数一,"{""utb"": {""key_value"": 2, ""atr_period"": 14, ""use_ha"": false}, ""r&s"": {""srb_left"": 10, ""srb_right"": 10}, ""atr"": {""atr_length"": 14, ""atr_mult"": 1.0}}",KENNAMETAL INC,1D,,,,,,
2026-08-07 00:00:00,Short,SENEB,167.5,-2.00%,169.29,utb,参数一,"{""utb"": {""key_value"": 2, ""atr_period"": 14, ""use_ha"": false}, ""r&s"": {""srb_left"": 10, ""srb_right"": 10}, ""atr"": {""atr_length"": 14, ""atr_mult"": 1.0}}",SENECA FOODS CORP - CL B,1D,,,,,,
2026-08-07 00:00:00,Short,BW,9.37,-0.11%,10.89,sqz,参数一,"{""sqz"": {""bb_length"": 15, ""bb_mult"": 1.5, ""kc_length"": 15, ""kc_mult"": 1.2, ""min_sqz_bars"": 4}, ""r&s"": {""srb_left"": 10, ""srb_right"": 10}, ""atr"": {""atr_length"": 14, ""atr_mult"": 1.0}}",BABCOCK & WILCOX ENTERPR,1D,一直释放,nan-4.57-7.95-13.58,低-高-高,nan%-73.96%-70.82%,66.0,62.22
2026-08-07 00:00:00,Long,JATT,13.08,8.46%,11.97,sqz,参数一,"{""sqz"": {""bb_length"": 15, ""bb_mult"": 1.5, ""kc_length"": 15, ""kc_mult"": 1.2, ""min_sqz_bars"": 4}, ""r&s"": {""srb_left"": 10, ""srb_right"": 10}, ""atr"": {""atr_length"": 14, ""atr_mult"": 1.0}}",JATT II ACQUISITION CORP,1D,一直亮绿,nan-12.63,低,nan%,22.0,20.29
2026-08-07 00:00:00,Long,EFOI,3.19,3.24%,2.93,utb,参数一,"{""utb"": {""key_value"": 2, ""atr_period"": 14, ""use_ha"": false}, ""r&s"": {""srb_left"": 10, ""srb_right"": 10}, ""atr"": {""atr_length"": 14, ""atr_mult"": 1.0}}",ENERGY FOCUS INC,1D,,,,,,
2026-08-07 00:00:00,Long,EFOI,3.19,3.24%,2.93,mfa,参数一,"{""utb"": {""key_value"": 2, ""atr_period"": 14, ""use_ha"": false}, ""mfa"": {""mfa_all"": 15}}",ENERGY FOCUS INC,1D,,,,,,
2026-08-07 00:00:00,Long,BGLC,1.64,3.80%,1.43,utb,参数一,"{""utb"": {""key_value"": 2, ""atr_period"": 14, ""use_ha"": false}, ""r&s"": {""srb_left"": 10, ""srb_right"": 10}, ""atr"": {""atr_length"": 14, ""atr_mult"": 1.0}}",BIONEXUS GENE LAB CORP,1D,,,,,,
2026-08-07 00:00:00,Long,PD,11.69,5.32%,10.77,sqz,参数一,"{""sqz"": {""bb_length"": 15, ""bb_mult"": 1.5, ""kc_length"": 15, ""kc_mult"": 1.2, ""min_sqz_bars"": 4}, ""r&s"": {""srb_left"": 10, ""srb_right"": 10}, ""atr"": {""atr_length"": 14, ""atr_mult"": 1.0}}",PAGERDUTY INC,1D,一直亮绿,13.56-8.06-7.76-10.7-11.29,低-低-高-高,40.59%-3.66%-37.89%-5.51%,18.0,32.12
2026-08-07 00:00:00,Short,FBIO,2.67,-3.61%,3.07,sqz,参数一,"{""sqz"": {""bb_length"": 15, ""bb_mult"": 1.5, ""kc_length"": 15, ""kc_mult"": 1.2, ""min_sqz_bars"": 4}, ""r&s"": {""srb_left"": 10, ""srb_right"": 10}, ""atr"": {""atr_length"": 14, ""atr_mult"": 1.0}}",FORTRESS BIOTECH INC,1D,一直亮红,3.25-2.91-2.2-2.18-2.7,低-低-低-高,10.46%-24.40%-0.91%-23.85%,29.0,42.22
2026-08-07 00:00:00,Long,INSG,5.51,3.77%,4.26,suf,参数一,"{""suf"": {""timeframe"": ""d""}}",INSEEGO CORP,1D,,,,,,
2026-08-07 00:00:00,Long,INSG,5.51,3.77%,4.26,suf,参数二,"{""suf"": {""timeframe"": ""d""}}",INSEEGO CORP,1D,,,,,,
2026-08-07 00:00:00,Long,AURA,7.99,3.50%,7.38,sqz,参数一,"{""sqz"": {""bb_length"": 15, ""bb_mult"": 1.5, ""kc_length"": 15, ""kc_mult"": 1.2, ""min_sqz_bars"": 4}, ""r&s"": {""srb_left"": 10, ""srb_right"": 10}, ""atr"": {""atr_length"": 14, ""atr_mult"": 1.0}}",AURA BIOSCIENCES INC,1D,压力释放,6.69-6.15-7.04-9.53-7.87,低-高-高-低,8.07%-14.47%-35.44%-17.46%,24.0,20.15
2026-08-07 00:00:00,Long,AURA,7.99,3.50%,7.38,sqz,参数二,"{""sqz"": {""bb_length"": 20, ""bb_mult"": 1.8, ""kc_length"": 20, ""kc_mult"": 1.5, ""min_sqz_bars"": 4}, ""r&s"": {""srb_left"": 15, ""srb_right"": 15}, ""atr"": {""atr_length"": 14, ""atr_mult"": 1.0}}",AURA BIOSCIENCES INC,1D,压力释放,nan-6.69-6.15-9.53-7.87,低-低-高-低,nan%-8.07%-55.04%-17.46%,24.0,20.15
2026-08-07 00:00:00,Long,MCHP,84.69,13.89%,75.75,utb,参数二,"{""utb"": {""key_value"": 3, ""atr_period"": 14, ""use_ha"": false}, ""r&s"": {""srb_left"": 15, ""srb_right"": 15}, ""atr"": {""atr_length"": 14, ""atr_mult"": 1.0}}",MICROCHIP TECHNOLOGY INC,1D,,,,,,
2026-08-07 00:00:00,Long,MCHP,84.69,13.89%,75.75,mfa,参数二,"{""utb"": {""key_value"": 3, ""atr_period"": 14, ""use_ha"": false}, ""mfa"": {""mfa_all"": 29}}",MICROCHIP TECHNOLOGY INC,1D,,,,,,
2026-08-07 00:00:00,Long,BDSX,23.5,6.33%,20.53,utb,参数一,"{""utb"": {""key_value"": 2, ""atr_period"": 14, ""use_ha"": false}, ""r&s"": {""srb_left"": 10, ""srb_right"": 10}, ""atr"": {""atr_length"": 14, ""atr_mult"": 1.0}}",BIODESIX INC,1D,,,,,,
2026-08-07 00:00:00,Short,PLTK,2.94,-10.64%,3.55,sqz,参数一,"{""sqz"": {""bb_length"": 15, ""bb_mult"": 1.5, ""kc_length"": 15, ""kc_mult"": 1.2, ""min_sqz_bars"": 4}, ""r&s"": {""srb_left"": 10, ""srb_right"": 10}, ""atr"": {""atr_length"": 14, ""atr_mult"": 1.0}}",PLAYTIKA HOLDING CORP,1D,支撑释放,nan-3.56-2.67-2.64-3.03,低-低-低-高,nan%-24.87%-1.31%-14.77%,40.0,43.89
2026-08-07 00:00:00,Short,PLTK,2.94,-10.64%,3.55,sqz,参数二,"{""sqz"": {""bb_length"": 20, ""bb_mult"": 1.8, ""kc_length"": 20, ""kc_mult"": 1.5, ""min_sqz_bars"": 4}, ""r&s"": {""srb_left"": 15, ""srb_right"": 15}, ""atr"": {""atr_length"": 14, ""atr_mult"": 1.0}}",PLAYTIKA HOLDING CORP,1D,支撑释放,nan-2.67-2.64-3.03,低-低-高,nan%-1.31%-14.77%,40.0,43.89
2026-08-07 00:00:00,Long,MNRO,12.73,2.58%,11.53,suf,参数一,"{""suf"": {""timeframe"": ""d""}}",MONRO INC,1D,,,,,,
2026-08-07 00:00:00,Long,MNRO,12.73,2.58%,11.53,suf,参数二,"{""suf"": {""timeframe"": ""d""}}",MONRO INC,1D,,,,,,
2026-08-07 00:00:00,Short,PROF,7.41,-6.68%,8.18,utb,参数一,"{""utb"": {""key_value"": 2, ""atr_period"": 14, ""use_ha"": false}, ""r&s"": {""srb_left"": 10, ""srb_right"": 10}, ""atr"": {""atr_length"": 14, ""atr_mult"": 1.0}}",PROFOUND MEDICAL CORP,1D,,,,,,
2026-08-07 00:00:00,Short,PGNY,28.1,-6.98%,30.51,utb,参数二,"{""utb"": {""key_value"": 3, ""atr_period"": 14, ""use_ha"": false}, ""r&s"": {""srb_left"": 15, ""srb_right"": 15}, ""atr"": {""atr_length"": 14, ""atr_mult"": 1.0}}",PROGYNY INC,1D,,,,,,
2026-08-07 00:00:00,Long,CNVS,2.8,5.26%,2.46,utb,参数一,"{""utb"": {""key_value"": 2, ""atr_period"": 14, ""use_ha"": false}, ""r&s"": {""srb_left"": 10, ""srb_right"": 10}, ""atr"": {""atr_length"": 14, ""atr_mult"": 1.0}}",CINEVERSE CORP,1D,,,,,,
2026-08-07 00:00:00,Long,CNVS,2.8,5.26%,2.46,mfa,参数一,"{""utb"": {""key_value"": 2, ""atr_period"": 14, ""use_ha"": false}, ""mfa"": {""mfa_all"": 12}}",CINEVERSE CORP,1D,,,,,,
2026-08-07 00:00:00,Long,TKNO,6.46,-1.07%,5.78,sqz,参数二,"{""sqz"": {""bb_length"": 20, ""bb_mult"": 1.8, ""kc_length"": 20, ""kc_mult"": 1.5, ""min_sqz_bars"": 4}, ""r&s"": {""srb_left"": 15, ""srb_right"": 15}, ""atr"": {""atr_length"": 14, ""atr_mult"": 1.0}}",ALPHA TEKNOVA INC,1D,压力释放,nan-4.94-5.78-6.14,低-高-高,nan%-17.00%-6.23%,24.0,29.81
2026-08-07 00:00:00,Long,GRWG,1.51,2.03%,1.41,utb,参数一,"{""utb"": {""key_value"": 2, ""atr_period"": 14, ""use_ha"": false}, ""r&s"": {""srb_left"": 10, ""srb_right"": 10}, ""atr"": {""atr_length"": 14, ""atr_mult"": 1.0}}",GROWGENERATION CORP,1D,,,,,,
2026-08-07 00:00:00,Long,BRLT,1.28,5.79%,1.01,utb,参数二,"{""utb"": {""key_value"": 3, ""atr_period"": 14, ""use_ha"": false}, ""r&s"": {""srb_left"": 15, ""srb_right"": 15}, ""atr"": {""atr_length"": 14, ""atr_mult"": 1.0}}",BRILLIANT EARTH GROUP INC-A,1D,,,,,,
2026-08-07 00:00:00,Long,RBLX,37.79,4.86%,32.97,suf,参数一,"{""suf"": {""timeframe"": ""d""}}",ROBLOX CORP -CLASS A,1D,,,,,,
2026-08-07 00:00:00,Long,RBLX,37.79,4.86%,32.97,suf,参数二,"{""suf"": {""timeframe"": ""d""}}",ROBLOX CORP -CLASS A,1D,,,,,,
2026-08-07 00:00:00,Long,HPE,53.22,1.51%,47.61,sqz,参数二,"{""sqz"": {""bb_length"": 20, ""bb_mult"": 1.8, ""kc_length"": 20, ""kc_mult"": 1.5, ""min_sqz_bars"": 4}, ""r&s"": {""srb_left"": 15, ""srb_right"": 15}, ""atr"": {""atr_length"": 14, ""atr_mult"": 1.0}}",HEWLETT PACKARD ENTERPRISE,1D,压力释放,25.02-24.15-26.35-64.06-51.08,低-高-高-低,3.48%-9.09%-143.14%-20.27%,20.0,17.97
2026-08-07 00:00:00,Short,FAMI,0.16,0.00%,0.2,sqz,参数一,"{""sqz"": {""bb_length"": 15, ""bb_mult"": 1.5, ""kc_length"": 15, ""kc_mult"": 1.2, ""min_sqz_bars"": 4}, ""r&s"": {""srb_left"": 10, ""srb_right"": 10}, ""atr"": {""atr_length"": 14, ""atr_mult"": 1.0}}",FARMMI INC-A,1D,一直释放,1.11-1.19-1.1-1.09-0.9,高-低-低-低,7.21%-7.56%-0.91%-17.43%,39.0,72.22
2026-08-07 00:00:00,Long,CELH,27.77,16.83%,21.94,utb,参数一,"{""utb"": {""key_value"": 2, ""atr_period"": 14, ""use_ha"": false}, ""r&s"": {""srb_left"": 10, ""srb_right"": 10}, ""atr"": {""atr_length"": 14, ""atr_mult"": 1.0}}",CELSIUS HOLDINGS INC,1D,,,,,,
2026-08-07 00:00:00,Long,CELH,27.77,16.83%,21.94,mfa,参数一,"{""utb"": {""key_value"": 2, ""atr_period"": 14, ""use_ha"": false}, ""mfa"": {""mfa_all"": 12}}",CELSIUS HOLDINGS INC,1D,,,,,,
2026-08-07 00:00:00,Long,WFG,72.14,3.28%,67.67,utb,参数二,"{""utb"": {""key_value"": 3, ""atr_period"": 14, ""use_ha"": false}, ""r&s"": {""srb_left"": 15, ""srb_right"": 15}, ""atr"": {""atr_length"": 14, ""atr_mult"": 1.0}}",WEST FRASER TIMBER CO LTD,1D,,,,,,
2026-08-07 00:00:00,Long,BKH,74.65,2.61%,70.25,utb,参数一,"{""utb"": {""key_value"": 2, ""atr_period"": 14, ""use_ha"": false}, ""r&s"": {""srb_left"": 10, ""srb_right"": 10}, ""atr"": {""atr_length"": 14, ""atr_mult"": 1.0}}",BLACK HILLS CORP,1D,,,,,,
2026-08-07 00:00:00,Long,WYNN,102.54,1.02%,96.68,utb,参数二,"{""utb"": {""key_value"": 3, ""atr_period"": 14, ""use_ha"": false}, ""r&s"": {""srb_left"": 15, ""srb_right"": 15}, ""atr"": {""atr_length"": 14, ""atr_mult"": 1.0}}",WYNN RESORTS LTD,1D,,,,,,
2026-08-07 00:00:00,Short,CMDB,17.8,-4.09%,19.79,utb,参数一,"{""utb"": {""key_value"": 2, ""atr_period"": 14, ""use_ha"": false}, ""r&s"": {""srb_left"": 10, ""srb_right"": 10}, ""atr"": {""atr_length"": 14, ""atr_mult"": 1.0}}",COSTAMARE BULKERS HOLDING,1D,,,,,,
2026-08-07 00:00:00,Short,CLMT,39.48,-5.73%,43.32,utb,参数二,"{""utb"": {""key_value"": 3, ""atr_period"": 14, ""use_ha"": false}, ""r&s"": {""srb_left"": 15, ""srb_right"": 15}, ""atr"": {""atr_length"": 14, ""atr_mult"": 1.0}}",CALUMET INC,1D,,,,,,
2026-08-07 00:00:00,Short,PFSA,0.96,2.56%,1.34,sqz,参数二,"{""sqz"": {""bb_length"": 20, ""bb_mult"": 1.8, ""kc_length"": 20, ""kc_mult"": 1.5, ""min_sqz_bars"": 4}, ""r&s"": {""srb_left"": 15, ""srb_right"": 15}, ""atr"": {""atr_length"": 14, ""atr_mult"": 1.0}}",PROFUSA INC,1D,一直释放,nan-121.88-10.25,低-低,nan%-91.59%,97.0,448.78
2026-08-07 00:00:00,Long,CAPS,0.28,3.70%,0.24,utb,参数一,"{""utb"": {""key_value"": 2, ""atr_period"": 14, ""use_ha"": false}, ""r&s"": {""srb_left"": 10, ""srb_right"": 10}, ""atr"": {""atr_length"": 14, ""atr_mult"": 1.0}}",CAPSTONE HOLDING CORP,1D,,,,,,
2026-08-07 00:00:00,Long,CAPS,0.28,3.70%,0.24,mfa,参数一,"{""utb"": {""key_value"": 2, ""atr_period"": 14, ""use_ha"": false}, ""mfa"": {""mfa_all"": 32}}",CAPSTONE HOLDING CORP,1D,,,,,,
2026-08-07 00:00:00,Short,UNFI,47.06,-1.67%,49.43,utb,参数一,"{""utb"": {""key_value"": 2, ""atr_period"": 14, ""use_ha"": false}, ""r&s"": {""srb_left"": 10, ""srb_right"": 10}, ""atr"": {""atr_length"": 14, ""atr_mult"": 1.0}}",UNITED NATURAL FOODS INC,1D,,,,,,
2026-08-07 00:00:00,Long,SWKS,70.62,5.66%,63.83,utb,参数二,"{""utb"": {""key_value"": 3, ""atr_period"": 14, ""use_ha"": false}, ""r&s"": {""srb_left"": 15, ""srb_right"": 15}, ""atr"": {""atr_length"": 14, ""atr_mult"": 1.0}}",SKYWORKS SOLUTIONS INC,1D,,,,,,
2026-08-07 00:00:00,Long,CRML,7.25,10.69%,6.23,utb,参数二,"{""utb"": {""key_value"": 3, ""atr_period"": 14, ""use_ha"": false}, ""r&s"": {""srb_left"": 15, ""srb_right"": 15}, ""atr"": {""atr_length"": 14, ""atr_mult"": 1.0}}",CRITICAL METALS CORP,1D,,,,,,
2026-08-07 00:00:00,Long,CRML,7.25,10.69%,6.23,mfa,参数二,"{""utb"": {""key_value"": 3, ""atr_period"": 14, ""use_ha"": false}, ""mfa"": {""mfa_all"": 44}}",CRITICAL METALS CORP,1D,,,,,,
2026-08-07 00:00:00,Long,BEEP,2.48,21.57%,1.78,sqz,参数一,"{""sqz"": {""bb_length"": 15, ""bb_mult"": 1.5, ""kc_length"": 15, ""kc_mult"": 1.2, ""min_sqz_bars"": 4}, ""r&s"": {""srb_left"": 10, ""srb_right"": 10}, ""atr"": {""atr_length"": 14, ""atr_mult"": 1.0}}",MOBILE INFRASTRUCTURE CORP,1D,压力释放,nan-3.3-3.32-2.46-2.25,低-高-低-低,nan%-0.61%-25.90%-8.54%,16.0,41.51
2026-08-07 00:00:00,Long,HRZN,4.64,1.31%,4.4,utb,参数一,"{""utb"": {""key_value"": 2, ""atr_period"": 14, ""use_ha"": false}, ""r&s"": {""srb_left"": 10, ""srb_right"": 10}, ""atr"": {""atr_length"": 14, ""atr_mult"": 1.0}}",HORIZON TECHNOLOGY FINANCE C,1D,,,,,,
2026-08-07 00:00:00,Long,MYSE,2.53,4.12%,2.22,utb,参数一,"{""utb"": {""key_value"": 2, ""atr_period"": 14, ""use_ha"": false}, ""r&s"": {""srb_left"": 10, ""srb_right"": 10}, ""atr"": {""atr_length"": 14, ""atr_mult"": 1.0}}",MYSEUMAI INC,1D,,,,,,
2026-08-07 00:00:00,Long,CMT,26.47,8.35%,23.18,utb,参数一,"{""utb"": {""key_value"": 2, ""atr_period"": 14, ""use_ha"": false}, ""r&s"": {""srb_left"": 10, ""srb_right"": 10}, ""atr"": {""atr_length"": 14, ""atr_mult"": 1.0}}",CORE MOLDING TECHNOLOGIES IN,1D,,,,,,
2026-08-07 00:00:00,Long,CMT,26.47,8.35%,23.18,utb,参数二,"{""utb"": {""key_value"": 3, ""atr_period"": 14, ""use_ha"": false}, ""r&s"": {""srb_left"": 15, ""srb_right"": 15}, ""atr"": {""atr_length"": 14, ""atr_mult"": 1.0}}",CORE MOLDING TECHNOLOGIES IN,1D,,,,,,
2026-08-07 00:00:00,Long,GLED,9.97,0.10%,9.93,utb,参数二,"{""utb"": {""key_value"": 3, ""atr_period"": 14, ""use_ha"": false}, ""r&s"": {""srb_left"": 15, ""srb_right"": 15}, ""atr"": {""atr_length"": 14, ""atr_mult"": 1.0}}",GALAXYEDGE ACQUISITION CORP,1D,,,,,,
2026-08-07 00:00:00,Long,CVCO,592.23,2.43%,560.62,utb,参数一,"{""utb"": {""key_value"": 2, ""atr_period"": 14, ""use_ha"": false}, ""r&s"": {""srb_left"": 10, ""srb_right"": 10}, ""atr"": {""atr_length"": 14, ""atr_mult"": 1.0}}",CAVCO INDUSTRIES INC,1D,,,,,,
2026-08-07 00:00:00,Long,ONTO,308.3,14.74%,268.46,utb,参数二,"{""utb"": {""key_value"": 3, ""atr_period"": 14, ""use_ha"": false}, ""r&s"": {""srb_left"": 15, ""srb_right"": 15}, ""atr"": {""atr_length"": 14, ""atr_mult"": 1.0}}",ONTO INNOVATION INC,1D,,,,,,
2026-08-07 00:00:00,Long,ONTO,308.3,14.74%,268.46,mfa,参数二,"{""utb"": {""key_value"": 3, ""atr_period"": 14, ""use_ha"": false}, ""mfa"": {""mfa_all"": 10}}",ONTO INNOVATION INC,1D,,,,,,
2026-08-07 00:00:00,Long,MDB,398.8,7.78%,360.37,sqz,参数一,"{""sqz"": {""bb_length"": 15, ""bb_mult"": 1.5, ""kc_length"": 15, ""kc_mult"": 1.2, ""min_sqz_bars"": 4}, ""r&s"": {""srb_left"": 10, ""srb_right"": 10}, ""atr"": {""atr_length"": 14, ""atr_mult"": 1.0}}",MONGODB INC,1D,一直亮绿,444.72-426.32-279.98-412.0-373.33,低-低-高-低,4.14%-34.33%-47.15%-9.39%,20.0,27.94
2026-08-07 00:00:00,Long,HGBL,1.06,1.92%,0.98,suf,参数一,"{""suf"": {""timeframe"": ""d""}}",HERITAGE GLOBAL INC,1D,,,,,,
2026-08-07 00:00:00,Long,HGBL,1.06,1.92%,0.98,suf,参数二,"{""suf"": {""timeframe"": ""d""}}",HERITAGE GLOBAL INC,1D,,,,,,
2026-08-07 00:00:00,Long,DOCS,27.4,32.62%,24.85,utb,参数一,"{""utb"": {""key_value"": 2, ""atr_period"": 14, ""use_ha"": false}, ""r&s"": {""srb_left"": 10, ""srb_right"": 10}, ""atr"": {""atr_length"": 14, ""atr_mult"": 1.0}}",DOXIMITY INC-CLASS A,1D,,,,,,
2026-08-07 00:00:00,Long,FLL,2.43,10.96%,2.01,utb,参数一,"{""utb"": {""key_value"": 2, ""atr_period"": 14, ""use_ha"": false}, ""r&s"": {""srb_left"": 10, ""srb_right"": 10}, ""atr"": {""atr_length"": 14, ""atr_mult"": 1.0}}",FULL HOUSE RESORTS INC,1D,,,,,,
2026-08-07 00:00:00,Long,FLL,2.43,10.96%,2.01,mfa,参数一,"{""utb"": {""key_value"": 2, ""atr_period"": 14, ""use_ha"": false}, ""mfa"": {""mfa_all"": 16}}",FULL HOUSE RESORTS INC,1D,,,,,,
2026-08-07 00:00:00,Long,QCOM,167.86,4.66%,153.14,utb,参数一,"{""utb"": {""key_value"": 2, ""atr_period"": 14, ""use_ha"": false}, ""r&s"": {""srb_left"": 10, ""srb_right"": 10}, ""atr"": {""atr_length"": 14, ""atr_mult"": 1.0}}",QUALCOMM INC,1D,,,,,,
2026-08-07 00:00:00,Long,QCOM,167.86,4.66%,153.14,mfa,参数一,"{""utb"": {""key_value"": 2, ""atr_period"": 14, ""use_ha"": false}, ""mfa"": {""mfa_all"": 30}}",QUALCOMM INC,1D,,,,,,
2026-08-07 00:00:00,Long,ULBI,6.35,19.36%,5.57,utb,参数一,"{""utb"": {""key_value"": 2, ""atr_period"": 14, ""use_ha"": false}, ""r&s"": {""srb_left"": 10, ""srb_right"": 10}, ""atr"": {""atr_length"": 14, ""atr_mult"": 1.0}}",ULTRALIFE CORP,1D,,,,,,
2026-08-07 00:00:00,Long,ULBI,6.35,19.36%,5.57,mfa,参数一,"{""utb"": {""key_value"": 2, ""atr_period"": 14, ""use_ha"": false}, ""mfa"": {""mfa_all"": 23}}",ULTRALIFE CORP,1D,,,,,,
2026-08-07 00:00:00,Long,ULBI,6.35,19.36%,5.57,utb,参数二,"{""utb"": {""key_value"": 3, ""atr_period"": 14, ""use_ha"": false}, ""r&s"": {""srb_left"": 15, ""srb_right"": 15}, ""atr"": {""atr_length"": 14, ""atr_mult"": 1.0}}",ULTRALIFE CORP,1D,,,,,,
2026-08-07 00:00:00,Long,ULBI,6.35,19.36%,5.57,mfa,参数二,"{""utb"": {""key_value"": 3, ""atr_period"": 14, ""use_ha"": false}, ""mfa"": {""mfa_all"": 23}}",ULTRALIFE CORP,1D,,,,,,
2026-08-07 00:00:00,Long,CTEV,32.59,21.42%,26.07,utb,参数一,"{""utb"": {""key_value"": 2, ""atr_period"": 14, ""use_ha"": false}, ""r&s"": {""srb_left"": 10, ""srb_right"": 10}, ""atr"": {""atr_length"": 14, ""atr_mult"": 1.0}}",CLARITEV CORP,1D,,,,,,
2026-08-07 00:00:00,Long,CTEV,32.59,21.42%,26.07,mfa,参数一,"{""utb"": {""key_value"": 2, ""atr_period"": 14, ""use_ha"": false}, ""mfa"": {""mfa_all"": 13}}",CLARITEV CORP,1D,,,,,,
2026-08-07 00:00:00,Long,CTEV,32.59,21.42%,26.07,utb,参数二,"{""utb"": {""key_value"": 3, ""atr_period"": 14, ""use_ha"": false}, ""r&s"": {""srb_left"": 15, ""srb_right"": 15}, ""atr"": {""atr_length"": 14, ""atr_mult"": 1.0}}",CLARITEV CORP,1D,,,,,,
2026-08-07 00:00:00,Long,CTEV,32.59,21.42%,26.07,mfa,参数二,"{""utb"": {""key_value"": 3, ""atr_period"": 14, ""use_ha"": false}, ""mfa"": {""mfa_all"": 13}}",CLARITEV CORP,1D,,,,,,
2026-08-07 00:00:00,Long,SENEA,178.82,7.35%,154.35,utb,参数一,"{""utb"": {""key_value"": 2, ""atr_period"": 14, ""use_ha"": false}, ""r&s"": {""srb_left"": 10, ""srb_right"": 10}, ""atr"": {""atr_length"": 14, ""atr_mult"": 1.0}}",SENECA FOODS CORP - CL A,1D,,,,,,
2026-08-07 00:00:00,Long,STOK,32.71,2.44%,29.98,utb,参数二,"{""utb"": {""key_value"": 3, ""atr_period"": 14, ""use_ha"": false}, ""r&s"": {""srb_left"": 15, ""srb_right"": 15}, ""atr"": {""atr_length"": 14, ""atr_mult"": 1.0}}",STOKE THERAPEUTICS INC,1D,,,,,,
2026-08-07 00:00:00,Long,ARIS,17.4,10.69%,15.9,utb,参数二,"{""utb"": {""key_value"": 3, ""atr_period"": 14, ""use_ha"": false}, ""r&s"": {""srb_left"": 15, ""srb_right"": 15}, ""atr"": {""atr_length"": 14, ""atr_mult"": 1.0}}",ARIS MINING CORP,1D,,,,,,
2026-08-07 00:00:00,Long,GHM,111.68,6.40%,95.41,utb,参数二,"{""utb"": {""key_value"": 3, ""atr_period"": 14, ""use_ha"": false}, ""r&s"": {""srb_left"": 15, ""srb_right"": 15}, ""atr"": {""atr_length"": 14, ""atr_mult"": 1.0}}",GRAHAM CORP,1D,,,,,,
2026-08-07 00:00:00,Long,INSM,131.1,-1.09%,119.94,sqz,参数一,"{""sqz"": {""bb_length"": 15, ""bb_mult"": 1.5, ""kc_length"": 15, ""kc_mult"": 1.2, ""min_sqz_bars"": 4}, ""r&s"": {""srb_left"": 10, ""srb_right"": 10}, ""atr"": {""atr_length"": 14, ""atr_mult"": 1.0}}",INSMED INC,1D,一直释放,212.75-186.19-167.37-166.19-119.54,低-低-低-低,12.48%-10.11%-0.71%-28.07%,21.0,23.98
2026-08-07 00:00:00,Short,MET,97.77,-2.18%,101.56,suf,参数一,"{""suf"": {""timeframe"": ""d""}}",METLIFE INC,1D,,,,,,
2026-08-07 00:00:00,Short,MET,97.77,-2.18%,101.56,suf,参数二,"{""suf"": {""timeframe"": ""d""}}",METLIFE INC,1D,,,,,,
2026-08-07 00:00:00,Short,FNRN,16.59,-6.85%,18.53,sqz,参数一,"{""sqz"": {""bb_length"": 15, ""bb_mult"": 1.5, ""kc_length"": 15, ""kc_mult"": 1.2, ""min_sqz_bars"": 4}, ""r&s"": {""srb_left"": 10, ""srb_right"": 10}, ""atr"": {""atr_length"": 14, ""atr_mult"": 1.0}}",FIRST NORTHERN COMMUNITY BAN,1D,支撑释放,13.36-14.41-16.78-16.77-17.51,高-高-低-高,7.84%-16.45%-0.06%-4.41%,11.0,9.94
2026-08-07 00:00:00,Short,FNRN,16.59,-6.85%,18.53,utb,参数二,"{""utb"": {""key_value"": 3, ""atr_period"": 14, ""use_ha"": false}, ""r&s"": {""srb_left"": 15, ""srb_right"": 15}, ""atr"": {""atr_length"": 14, ""atr_mult"": 1.0}}",FIRST NORTHERN COMMUNITY BAN,1D,,,,,,
2026-08-07 00:00:00,Short,FNRN,16.59,-6.85%,18.53,sqz,参数二,"{""sqz"": {""bb_length"": 20, ""bb_mult"": 1.8, ""kc_length"": 20, ""kc_mult"": 1.5, ""min_sqz_bars"": 4}, ""r&s"": {""srb_left"": 15, ""srb_right"": 15}, ""atr"": {""atr_length"": 14, ""atr_mult"": 1.0}}",FIRST NORTHERN COMMUNITY BAN,1D,支撑释放,nan-12.68-14.41-16.77,低-高-高,nan%-13.68%-16.38%,33.0,14.79
2026-08-07 00:00:00,Long,QXO,16.16,6.46%,14.71,utb,参数二,"{""utb"": {""key_value"": 3, ""atr_period"": 14, ""use_ha"": false}, ""r&s"": {""srb_left"": 15, ""srb_right"": 15}, ""atr"": {""atr_length"": 14, ""atr_mult"": 1.0}}",QXO INC,1D,,,,,,
2026-08-07 00:00:00,Long,QXO,16.16,6.46%,14.71,mfa,参数二,"{""utb"": {""key_value"": 3, ""atr_period"": 14, ""use_ha"": false}, ""mfa"": {""mfa_all"": 23}}",QXO INC,1D,,,,,,
2026-08-07 00:00:00,Long,CON,34.06,11.53%,30.97,utb,参数一,"{""utb"": {""key_value"": 2, ""atr_period"": 14, ""use_ha"": false}, ""r&s"": {""srb_left"": 10, ""srb_right"": 10}, ""atr"": {""atr_length"": 14, ""atr_mult"": 1.0}}",CONCENTRA GROUP HOLDINGS PAR,1D,,,,,,
2026-08-07 00:00:00,Long,GRDN,43.83,11.05%,39.97,utb,参数二,"{""utb"": {""key_value"": 3, ""atr_period"": 14, ""use_ha"": false}, ""r&s"": {""srb_left"": 15, ""srb_right"": 15}, ""atr"": {""atr_length"": 14, ""atr_mult"": 1.0}}",GUARDIAN PHRMCY SERVICES-A,1D,,,,,,
2026-08-07 00:00:00,Short,ORGO,1.86,-22.82%,2.06,utb,参数二,"{""utb"": {""key_value"": 3, ""atr_period"": 14, ""use_ha"": false}, ""r&s"": {""srb_left"": 15, ""srb_right"": 15}, ""atr"": {""atr_length"": 14, ""atr_mult"": 1.0}}",ORGANOGENESIS HOLDINGS INC,1D,,,,,,
2026-08-07 00:00:00,Long,PBYI,8.91,9.73%,7.7,utb,参数一,"{""utb"": {""key_value"": 2, ""atr_period"": 14, ""use_ha"": false}, ""r&s"": {""srb_left"": 10, ""srb_right"": 10}, ""atr"": {""atr_length"": 14, ""atr_mult"": 1.0}}",PUMA BIOTECHNOLOGY INC,1D,,,,,,
2026-08-07 00:00:00,Long,IMSR,5.82,8.58%,4.92,utb,参数一,"{""utb"": {""key_value"": 2, ""atr_period"": 14, ""use_ha"": false}, ""r&s"": {""srb_left"": 10, ""srb_right"": 10}, ""atr"": {""atr_length"": 14, ""atr_mult"": 1.0}}",TERRESTRIAL ENERGY INC,1D,,,,,,
2026-08-07 00:00:00,Short,BAER,1.26,-25.44%,1.55,sqz,参数一,"{""sqz"": {""bb_length"": 15, ""bb_mult"": 1.5, ""kc_length"": 15, ""kc_mult"": 1.2, ""min_sqz_bars"": 4}, ""r&s"": {""srb_left"": 10, ""srb_right"": 10}, ""atr"": {""atr_length"": 14, ""atr_mult"": 1.0}}",BRIDGER AEROSPACE GROUP HOLD,1D,支撑释放,1.59-1.71-1.63-1.65-1.74,高-低-高-高,7.55%-4.68%-1.53%-5.14%,15.0,18.97
2026-08-07 00:00:00,Short,BAER,1.26,-25.44%,1.55,sqz,参数二,"{""sqz"": {""bb_length"": 20, ""bb_mult"": 1.8, ""kc_length"": 20, ""kc_mult"": 1.5, ""min_sqz_bars"": 4}, ""r&s"": {""srb_left"": 15, ""srb_right"": 15}, ""atr"": {""atr_length"": 14, ""atr_mult"": 1.0}}",BRIDGER AEROSPACE GROUP HOLD,1D,支撑释放,nan-1.59-1.71-1.63-1.65,低-高-低-高,nan%-7.55%-4.68%-1.53%,30.0,26.59
2026-08-07 00:00:00,Long,ROIV,36.34,3.47%,34.33,utb,参数一,"{""utb"": {""key_value"": 2, ""atr_period"": 14, ""use_ha"": false}, ""r&s"": {""srb_left"": 10, ""srb_right"": 10}, ""atr"": {""atr_length"": 14, ""atr_mult"": 1.0}}",ROIVANT SCIENCES LTD,1D,,,,,,
2026-08-07 00:00:00,Long,ROIV,36.34,3.47%,34.33,utb,参数二,"{""utb"": {""key_value"": 3, ""atr_period"": 14, ""use_ha"": false}, ""r&s"": {""srb_left"": 15, ""srb_right"": 15}, ""atr"": {""atr_length"": 14, ""atr_mult"": 1.0}}",ROIVANT SCIENCES LTD,1D,,,,,,
2026-08-07 00:00:00,Short,TDS,32.98,-8.39%,36.53,utb,参数一,"{""utb"": {""key_value"": 2, ""atr_period"": 14, ""use_ha"": false}, ""r&s"": {""srb_left"": 10, ""srb_right"": 10}, ""atr"": {""atr_length"": 14, ""atr_mult"": 1.0}}",TELEPHONE AND DATA SYSTEMS,1D,,,,,,
2026-08-07 00:00:00,Short,ARDX,4.0,-17.86%,4.52,sqz,参数一,"{""sqz"": {""bb_length"": 15, ""bb_mult"": 1.5, ""kc_length"": 15, ""kc_mult"": 1.2, ""min_sqz_bars"": 4}, ""r&s"": {""srb_left"": 10, ""srb_right"": 10}, ""atr"": {""atr_length"": 14, ""atr_mult"": 1.0}}",ARDELYX INC,1D,支撑释放,5.55-5.11-5.82-5.31-4.93,低-高-低-低,8.02%-14.01%-8.76%-7.06%,27.0,12.66
2026-08-07 00:00:00,Short,ARDX,4.0,-17.86%,4.52,sqz,参数二,"{""sqz"": {""bb_length"": 20, ""bb_mult"": 1.8, ""kc_length"": 20, ""kc_mult"": 1.5, ""min_sqz_bars"": 4}, ""r&s"": {""srb_left"": 15, ""srb_right"": 15}, ""atr"": {""atr_length"": 14, ""atr_mult"": 1.0}}",ARDELYX INC,1D,支撑释放,5.55-5.11-5.82-5.31-4.93,低-高-低-低,8.02%-14.01%-8.76%-7.06%,27.0,12.66
2026-08-07 00:00:00,Long,CTNT,1.93,4.32%,1.49,sqz,参数一,"{""sqz"": {""bb_length"": 15, ""bb_mult"": 1.5, ""kc_length"": 15, ""kc_mult"": 1.2, ""min_sqz_bars"": 4}, ""r&s"": {""srb_left"": 10, ""srb_right"": 10}, ""atr"": {""atr_length"": 14, ""atr_mult"": 1.0}}",CHEETAH NET SUPPLY CHAIN SER,1D,一直亮绿,266.0-424.0-340.0-2.6-1.91,高-低-低-低,59.40%-19.81%-99.24%-26.35%,21.0,33.92
2026-08-07 00:00:00,Long,SLAB,219.21,0.34%,217.33,utb,参数一,"{""utb"": {""key_value"": 2, ""atr_period"": 14, ""use_ha"": false}, ""r&s"": {""srb_left"": 10, ""srb_right"": 10}, ""atr"": {""atr_length"": 14, ""atr_mult"": 1.0}}",SILICON LABORATORIES INC,1D,,,,,,
2026-08-07 00:00:00,Long,SLAB,219.21,0.34%,217.33,mfa,参数一,"{""utb"": {""key_value"": 2, ""atr_period"": 14, ""use_ha"": false}, ""mfa"": {""mfa_all"": 12}}",SILICON LABORATORIES INC,1D,,,,,,
2026-08-07 00:00:00,Short,FCUV,5.2,-36.66%,9.44,utb,参数二,"{""utb"": {""key_value"": 3, ""atr_period"": 14, ""use_ha"": false}, ""r&s"": {""srb_left"": 15, ""srb_right"": 15}, ""atr"": {""atr_length"": 14, ""atr_mult"": 1.0}}",FOCUS UNIVERSAL INC,1D,,,,,,
2026-08-07 00:00:00,Short,NGVC,28.39,-12.54%,30.6,utb,参数一,"{""utb"": {""key_value"": 2, ""atr_period"": 14, ""use_ha"": false}, ""r&s"": {""srb_left"": 10, ""srb_right"": 10}, ""atr"": {""atr_length"": 14, ""atr_mult"": 1.0}}",NATURAL GROCERS BY VITAMIN C,1D,,,,,,
2026-08-07 00:00:00,Short,NGVC,28.39,-12.54%,30.6,utb,参数二,"{""utb"": {""key_value"": 3, ""atr_period"": 14, ""use_ha"": false}, ""r&s"": {""srb_left"": 15, ""srb_right"": 15}, ""atr"": {""atr_length"": 14, ""atr_mult"": 1.0}}",NATURAL GROCERS BY VITAMIN C,1D,,,,,,
2026-08-07 00:00:00,Long,SPCX,133.11,15.83%,102.87,utb,参数一,"{""utb"": {""key_value"": 2, ""atr_period"": 14, ""use_ha"": false}, ""r&s"": {""srb_left"": 10, ""srb_right"": 10}, ""atr"": {""atr_length"": 14, ""atr_mult"": 1.0}}",SPACE EXPLORATION TECHN-CL A,1D,,,,,,
2026-08-07 00:00:00,Long,SPCX,133.11,15.83%,102.87,mfa,参数一,"{""utb"": {""key_value"": 2, ""atr_period"": 14, ""use_ha"": false}, ""mfa"": {""mfa_all"": 23}}",SPACE EXPLORATION TECHN-CL A,1D,,,,,,
2026-08-07 00:00:00,Long,VALU,38.47,6.45%,33.74,utb,参数一,"{""utb"": {""key_value"": 2, ""atr_period"": 14, ""use_ha"": false}, ""r&s"": {""srb_left"": 10, ""srb_right"": 10}, ""atr"": {""atr_length"": 14, ""atr_mult"": 1.0}}",VALUE LINE INC,1D,,,,,,
2026-08-07 00:00:00,Long,VALU,38.47,6.45%,33.74,utb,参数二,"{""utb"": {""key_value"": 3, ""atr_period"": 14, ""use_ha"": false}, ""r&s"": {""srb_left"": 15, ""srb_right"": 15}, ""atr"": {""atr_length"": 14, ""atr_mult"": 1.0}}",VALUE LINE INC,1D,,,,,,
2026-08-07 00:00:00,Short,UVSP,42.84,-2.10%,44.8,utb,参数一,"{""utb"": {""key_value"": 2, ""atr_period"": 14, ""use_ha"": false}, ""r&s"": {""srb_left"": 10, ""srb_right"": 10}, ""atr"": {""atr_length"": 14, ""atr_mult"": 1.0}}",UNIVEST FINANCIAL CORP,1D,,,,,,
2026-08-07 00:00:00,Long,MIRM,100.65,6.94%,88.35,suf,参数一,"{""suf"": {""timeframe"": ""d""}}",MIRUM PHARMACEUTICALS INC,1D,,,,,,
2026-08-07 00:00:00,Long,MIRM,100.65,6.94%,88.35,suf,参数二,"{""suf"": {""timeframe"": ""d""}}",MIRUM PHARMACEUTICALS INC,1D,,,,,,
2026-08-07 00:00:00,Long,WAT,406.86,1.79%,384.19,sqz,参数二,"{""sqz"": {""bb_length"": 20, ""bb_mult"": 1.8, ""kc_length"": 20, ""kc_mult"": 1.5, ""min_sqz_bars"": 4}, ""r&s"": {""srb_left"": 15, ""srb_right"": 15}, ""atr"": {""atr_length"": 14, ""atr_mult"": 1.0}}",WATERS CORP,1D,压力释放,nan-414.15-408.67-385.29,低-低-低,nan%-1.32%-5.72%,48.0,11.61
2026-08-07 00:00:00,Long,FUL,61.07,3.21%,57.04,utb,参数二,"{""utb"": {""key_value"": 3, ""atr_period"": 14, ""use_ha"": false}, ""r&s"": {""srb_left"": 15, ""srb_right"": 15}, ""atr"": {""atr_length"": 14, ""atr_mult"": 1.0}}",H.B. FULLER CO.,1D,,,,,,
2026-08-07 00:00:00,Long,FUL,61.07,3.21%,57.04,mfa,参数二,"{""utb"": {""key_value"": 3, ""atr_period"": 14, ""use_ha"": false}, ""mfa"": {""mfa_all"": 23}}",H.B. FULLER CO.,1D,,,,,,
2026-08-07 00:00:00,Long,NUVB,6.6,8.02%,5.8,sqz,参数二,"{""sqz"": {""bb_length"": 20, ""bb_mult"": 1.8, ""kc_length"": 20, ""kc_mult"": 1.5, ""min_sqz_bars"": 4}, ""r&s"": {""srb_left"": 15, ""srb_right"": 15}, ""atr"": {""atr_length"": 14, ""atr_mult"": 1.0}}",NUVATION BIO INC,1D,一直释放,nan-9.75-5.29-6.6,低-低-高,nan%-45.74%-24.76%,31.0,23.83
2026-08-07 00:00:00,Long,CRWD,214.42,3.39%,198.67,sqz,参数二,"{""sqz"": {""bb_length"": 20, ""bb_mult"": 1.8, ""kc_length"": 20, ""kc_mult"": 1.5, ""min_sqz_bars"": 4}, ""r&s"": {""srb_left"": 15, ""srb_right"": 15}, ""atr"": {""atr_length"": 14, ""atr_mult"": 1.0}}",CROWDSTRIKE HOLDINGS INC - A,1D,一直释放,nan-141.73-121.8-113.0-196.41,低-低-低-高,nan%-14.06%-7.22%-73.82%,47.0,27.18
2026-08-07 00:00:00,Short,CPBI,20.6,-1.90%,20.95,suf,参数一,"{""suf"": {""timeframe"": ""d""}}",CENTRAL PLAINS BANCSHARES IN,1D,,,,,,
2026-08-07 00:00:00,Short,CPBI,20.6,-1.90%,20.95,suf,参数二,"{""suf"": {""timeframe"": ""d""}}",CENTRAL PLAINS BANCSHARES IN,1D,,,,,,
2026-08-07 00:00:00,Long,AVIR,5.25,5.21%,4.7,utb,参数一,"{""utb"": {""key_value"": 2, ""atr_period"": 14, ""use_ha"": false}, ""r&s"": {""srb_left"": 10, ""srb_right"": 10}, ""atr"": {""atr_length"": 14, ""atr_mult"": 1.0}}",ATEA PHARMACEUTICALS INC,1D,,,,,,
2026-08-07 00:00:00,Long,AA,50.17,5.67%,46.55,utb,参数二,"{""utb"": {""key_value"": 3, ""atr_period"": 14, ""use_ha"": false}, ""r&s"": {""srb_left"": 15, ""srb_right"": 15}, ""atr"": {""atr_length"": 14, ""atr_mult"": 1.0}}",ALCOA CORP,1D,,,,,,
2026-08-07 00:00:00,Long,AA,50.17,5.67%,46.55,mfa,参数二,"{""utb"": {""key_value"": 3, ""atr_period"": 14, ""use_ha"": false}, ""mfa"": {""mfa_all"": 35}}",ALCOA CORP,1D,,,,,,
2026-08-07 00:00:00,Short,CDW,135.81,-4.34%,149.61,utb,参数二,"{""utb"": {""key_value"": 3, ""atr_period"": 14, ""use_ha"": false}, ""r&s"": {""srb_left"": 15, ""srb_right"": 15}, ""atr"": {""atr_length"": 14, ""atr_mult"": 1.0}}",CDW CORP/DE,1D,,,,,,
2026-08-07 00:00:00,Short,BL,29.55,-1.50%,33.22,utb,参数一,"{""utb"": {""key_value"": 2, ""atr_period"": 14, ""use_ha"": false}, ""r&s"": {""srb_left"": 10, ""srb_right"": 10}, ""atr"": {""atr_length"": 14, ""atr_mult"": 1.0}}",BLACKLINE INC,1D,,,,,,
2026-08-07 00:00:00,Short,PLMR,131.0,-4.25%,142.26,utb,参数一,"{""utb"": {""key_value"": 2, ""atr_period"": 14, ""use_ha"": false}, ""r&s"": {""srb_left"": 10, ""srb_right"": 10}, ""atr"": {""atr_length"": 14, ""atr_mult"": 1.0}}",PALOMAR HOLDINGS INC,1D,,,,,,
2026-08-07 00:00:00,Long,AMTX,1.72,5.52%,1.42,utb,参数一,"{""utb"": {""key_value"": 2, ""atr_period"": 14, ""use_ha"": false}, ""r&s"": {""srb_left"": 10, ""srb_right"": 10}, ""atr"": {""atr_length"": 14, ""atr_mult"": 1.0}}",AEMETIS INC,1D,,,,,,
2026-08-07 00:00:00,Long,AMTX,1.72,5.52%,1.42,mfa,参数一,"{""utb"": {""key_value"": 2, ""atr_period"": 14, ""use_ha"": false}, ""mfa"": {""mfa_all"": 43}}",AEMETIS INC,1D,,,,,,
2026-08-07 00:00:00,Long,BGL,0.19,4.40%,0.15,suf,参数一,"{""suf"": {""timeframe"": ""d""}}",BLUE GOLD LTD-CL A,1D,,,,,,
2026-08-07 00:00:00,Long,BGL,0.19,4.40%,0.15,suf,参数二,"{""suf"": {""timeframe"": ""d""}}",BLUE GOLD LTD-CL A,1D,,,,,,
2026-08-07 00:00:00,Long,TWLV,10.02,0.10%,10.01,utb,参数二,"{""utb"": {""key_value"": 3, ""atr_period"": 14, ""use_ha"": false}, ""r&s"": {""srb_left"": 15, ""srb_right"": 15}, ""atr"": {""atr_length"": 14, ""atr_mult"": 1.0}}",TWELVE SEAS INVESTMENT CO-A,1D,,,,,,
2026-08-07 00:00:00,Long,QNST,21.08,38.50%,18.2,utb,参数一,"{""utb"": {""key_value"": 2, ""atr_period"": 14, ""use_ha"": false}, ""r&s"": {""srb_left"": 10, ""srb_right"": 10}, ""atr"": {""atr_length"": 14, ""atr_mult"": 1.0}}",QUINSTREET INC,1D,,,,,,
2026-08-07 00:00:00,Long,QNST,21.08,38.50%,18.2,sqz,参数一,"{""sqz"": {""bb_length"": 15, ""bb_mult"": 1.5, ""kc_length"": 15, ""kc_mult"": 1.2, ""min_sqz_bars"": 4}, ""r&s"": {""srb_left"": 10, ""srb_right"": 10}, ""atr"": {""atr_length"": 14, ""atr_mult"": 1.0}}",QUINSTREET INC,1D,一直释放,16.32-12.62-13.85-12.76-18.02,低-高-低-高,22.67%-9.75%-7.87%-41.22%,17.0,20.7
2026-08-07 00:00:00,Long,QNST,21.08,38.50%,18.2,utb,参数二,"{""utb"": {""key_value"": 3, ""atr_period"": 14, ""use_ha"": false}, ""r&s"": {""srb_left"": 15, ""srb_right"": 15}, ""atr"": {""atr_length"": 14, ""atr_mult"": 1.0}}",QUINSTREET INC,1D,,,,,,
2026-08-07 00:00:00,Long,DHR,204.76,2.39%,191.41,utb,参数二,"{""utb"": {""key_value"": 3, ""atr_period"": 14, ""use_ha"": false}, ""r&s"": {""srb_left"": 15, ""srb_right"": 15}, ""atr"": {""atr_length"": 14, ""atr_mult"": 1.0}}",DANAHER CORP,1D,,,,,,
2026-08-07 00:00:00,Long,TDW,82.84,1.56%,76.84,sqz,参数一,"{""sqz"": {""bb_length"": 15, ""bb_mult"": 1.5, ""kc_length"": 15, ""kc_mult"": 1.2, ""min_sqz_bars"": 4}, ""r&s"": {""srb_left"": 10, ""srb_right"": 10}, ""atr"": {""atr_length"": 14, ""atr_mult"": 1.0}}",TIDEWATER INC,1D,压力释放,88.99-89.0-93.13-86.73-77.25,高-高-低-低,0.01%-4.64%-6.87%-10.93%,38.0,23.19
2026-08-07 00:00:00,Short,XCUR,1.35,-0.37%,1.64,sqz,参数一,"{""sqz"": {""bb_length"": 15, ""bb_mult"": 1.5, ""kc_length"": 15, ""kc_mult"": 1.2, ""min_sqz_bars"": 4}, ""r&s"": {""srb_left"": 10, ""srb_right"": 10}, ""atr"": {""atr_length"": 14, ""atr_mult"": 1.0}}",EXICURE INC,1D,支撑释放,5.31-3.5-3.65-1.71-1.43,低-高-低-低,34.10%-4.29%-53.15%-16.37%,16.0,41.26
2026-08-07 00:00:00,Long,AVR,8.91,6.58%,7.94,utb,参数一,"{""utb"": {""key_value"": 2, ""atr_period"": 14, ""use_ha"": false}, ""r&s"": {""srb_left"": 10, ""srb_right"": 10}, ""atr"": {""atr_length"": 14, ""atr_mult"": 1.0}}",ANTERIS TECHNOLOGIES GLOBAL,1D,,,,,,
2026-08-07 00:00:00,Long,AVR,8.91,6.58%,7.94,mfa,参数一,"{""utb"": {""key_value"": 2, ""atr_period"": 14, ""use_ha"": false}, ""mfa"": {""mfa_all"": 17}}",ANTERIS TECHNOLOGIES GLOBAL,1D,,,,,,
2026-08-07 00:00:00,Long,IPW,,nan%,,suf,参数一,"{""suf"": {""timeframe"": ""d""}}",IPOWER INC,1D,,,,,,
2026-08-07 00:00:00,Long,IPW,,nan%,,suf,参数二,"{""suf"": {""timeframe"": ""d""}}",IPOWER INC,1D,,,,,,
2026-08-07 00:00:00,Short,APAM,42.55,-1.16%,45.0,suf,参数一,"{""suf"": {""timeframe"": ""d""}}",ARTISAN PARTNERS ASSET MA -A,1D,,,,,,
2026-08-07 00:00:00,Short,APAM,42.55,-1.16%,45.0,suf,参数二,"{""suf"": {""timeframe"": ""d""}}",ARTISAN PARTNERS ASSET MA -A,1D,,,,,,
2026-08-07 00:00:00,Long,CBAT,0.65,8.33%,0.54,utb,参数二,"{""utb"": {""key_value"": 3, ""atr_period"": 14, ""use_ha"": false}, ""r&s"": {""srb_left"": 15, ""srb_right"": 15}, ""atr"": {""atr_length"": 14, ""atr_mult"": 1.0}}",CBAK ENERGY TECHNOLOGY LTD,1D,,,,,,
2026-08-07 00:00:00,Long,IONQ,44.43,11.86%,36.67,utb,参数二,"{""utb"": {""key_value"": 3, ""atr_period"": 14, ""use_ha"": false}, ""r&s"": {""srb_left"": 15, ""srb_right"": 15}, ""atr"": {""atr_length"": 14, ""atr_mult"": 1.0}}",IONQ INC,1D,,,,,,
2026-08-07 00:00:00,Long,IONQ,44.43,11.86%,36.67,mfa,参数二,"{""utb"": {""key_value"": 3, ""atr_period"": 14, ""use_ha"": false}, ""mfa"": {""mfa_all"": 24}}",IONQ INC,1D,,,,,,
2026-08-07 00:00:00,Long,CXAI,0.16,14.29%,0.13,utb,参数一,"{""utb"": {""key_value"": 2, ""atr_period"": 14, ""use_ha"": false}, ""r&s"": {""srb_left"": 10, ""srb_right"": 10}, ""atr"": {""atr_length"": 14, ""atr_mult"": 1.0}}",CXAPP INC,1D,,,,,,
2026-08-07 00:00:00,Long,CXAI,0.16,14.29%,0.13,mfa,参数一,"{""utb"": {""key_value"": 2, ""atr_period"": 14, ""use_ha"": false}, ""mfa"": {""mfa_all"": 23}}",CXAPP INC,1D,,,,,,
2026-08-07 00:00:00,Long,DPRO,4.65,4.49%,4.12,utb,参数一,"{""utb"": {""key_value"": 2, ""atr_period"": 14, ""use_ha"": false}, ""r&s"": {""srb_left"": 10, ""srb_right"": 10}, ""atr"": {""atr_length"": 14, ""atr_mult"": 1.0}}",DRAGANFLY INC,1D,,,,,,
2026-08-07 00:00:00,Long,DPRO,4.65,4.49%,4.12,mfa,参数一,"{""utb"": {""key_value"": 2, ""atr_period"": 14, ""use_ha"": false}, ""mfa"": {""mfa_all"": 32}}",DRAGANFLY INC,1D,,,,,,
2026-08-07 00:00:00,Short,INVX,28.1,-8.47%,30.29,utb,参数一,"{""utb"": {""key_value"": 2, ""atr_period"": 14, ""use_ha"": false}, ""r&s"": {""srb_left"": 10, ""srb_right"": 10}, ""atr"": {""atr_length"": 14, ""atr_mult"": 1.0}}",INNOVEX INTERNATIONAL INC,1D,,,,,,
2026-08-07 00:00:00,Long,CEVA,38.67,8.65%,33.73,utb,参数一,"{""utb"": {""key_value"": 2, ""atr_period"": 14, ""use_ha"": false}, ""r&s"": {""srb_left"": 10, ""srb_right"": 10}, ""atr"": {""atr_length"": 14, ""atr_mult"": 1.0}}",CEVA INC,1D,,,,,,
2026-08-07 00:00:00,Long,CEVA,38.67,8.65%,33.73,mfa,参数一,"{""utb"": {""key_value"": 2, ""atr_period"": 14, ""use_ha"": false}, ""mfa"": {""mfa_all"": 17}}",CEVA INC,1D,,,,,,
2026-08-07 00:00:00,Long,ADI,389.93,3.34%,370.28,utb,参数一,"{""utb"": {""key_value"": 2, ""atr_period"": 14, ""use_ha"": false}, ""r&s"": {""srb_left"": 10, ""srb_right"": 10}, ""atr"": {""atr_length"": 14, ""atr_mult"": 1.0}}",ANALOG DEVICES INC,1D,,,,,,
2026-08-07 00:00:00,Long,ADI,389.93,3.34%,370.28,mfa,参数一,"{""utb"": {""key_value"": 2, ""atr_period"": 14, ""use_ha"": false}, ""mfa"": {""mfa_all"": 26}}",ANALOG DEVICES INC,1D,,,,,,
2026-08-07 00:00:00,Long,TLF,2.45,0.41%,2.36,utb,参数一,"{""utb"": {""key_value"": 2, ""atr_period"": 14, ""use_ha"": false}, ""r&s"": {""srb_left"": 10, ""srb_right"": 10}, ""atr"": {""atr_length"": 14, ""atr_mult"": 1.0}}",TANDY LEATHER FACTORY INC,1D,,,,,,
2026-08-07 00:00:00,Long,NEO,16.57,6.49%,15.03,sqz,参数一,"{""sqz"": {""bb_length"": 15, ""bb_mult"": 1.5, ""kc_length"": 15, ""kc_mult"": 1.2, ""min_sqz_bars"": 4}, ""r&s"": {""srb_left"": 10, ""srb_right"": 10}, ""atr"": {""atr_length"": 14, ""atr_mult"": 1.0}}",NEOGENOMICS INC,1D,一直亮绿,11.41-12.51-13.74-10.33-15.57,高-高-低-高,9.64%-9.83%-24.82%-50.73%,24.0,19.31
2026-08-07 00:00:00,Long,NEO,16.57,6.49%,15.03,sqz,参数二,"{""sqz"": {""bb_length"": 20, ""bb_mult"": 1.8, ""kc_length"": 20, ""kc_mult"": 1.5, ""min_sqz_bars"": 4}, ""r&s"": {""srb_left"": 15, ""srb_right"": 15}, ""atr"": {""atr_length"": 14, ""atr_mult"": 1.0}}",NEOGENOMICS INC,1D,一直亮绿,nan-12.51-13.74-10.33-15.57,低-高-低-高,nan%-9.83%-24.82%-50.73%,24.0,19.31
2026-08-07 00:00:00,Long,OCS,12.68,2.42%,11.67,utb,参数一,"{""utb"": {""key_value"": 2, ""atr_period"": 14, ""use_ha"": false}, ""r&s"": {""srb_left"": 10, ""srb_right"": 10}, ""atr"": {""atr_length"": 14, ""atr_mult"": 1.0}}",OCULIS HOLDING AG,1D,,,,,,
2026-08-07 00:00:00,Long,CNL,14.13,5.61%,12.81,utb,参数一,"{""utb"": {""key_value"": 2, ""atr_period"": 14, ""use_ha"": false}, ""r&s"": {""srb_left"": 10, ""srb_right"": 10}, ""atr"": {""atr_length"": 14, ""atr_mult"": 1.0}}",COLLECTIVE MINING LTD,1D,,,,,,
2026-08-07 00:00:00,Long,ACTG,4.82,3.21%,4.46,utb,参数二,"{""utb"": {""key_value"": 3, ""atr_period"": 14, ""use_ha"": false}, ""r&s"": {""srb_left"": 15, ""srb_right"": 15}, ""atr"": {""atr_length"": 14, ""atr_mult"": 1.0}}",ACACIA RESEARCH CORP,1D,,,,,,
2026-08-07 00:00:00,Long,URG,1.4,6.87%,1.25,utb,参数一,"{""utb"": {""key_value"": 2, ""atr_period"": 14, ""use_ha"": false}, ""r&s"": {""srb_left"": 10, ""srb_right"": 10}, ""atr"": {""atr_length"": 14, ""atr_mult"": 1.0}}",UR-ENERGY INC,1D,,,,,,
2026-08-07 00:00:00,Long,URG,1.4,6.87%,1.25,mfa,参数一,"{""utb"": {""key_value"": 2, ""atr_period"": 14, ""use_ha"": false}, ""mfa"": {""mfa_all"": 35}}",UR-ENERGY INC,1D,,,,,,
2026-08-07 00:00:00,Long,ORLY,93.53,0.17%,89.28,sqz,参数一,"{""sqz"": {""bb_length"": 15, ""bb_mult"": 1.5, ""kc_length"": 15, ""kc_mult"": 1.2, ""min_sqz_bars"": 4}, ""r&s"": {""srb_left"": 10, ""srb_right"": 10}, ""atr"": {""atr_length"": 14, ""atr_mult"": 1.0}}",O'REILLY AUTOMOTIVE INC,1D,一直亮绿,102.46-102.11-95.63-100.63-93.52,低-低-高-低,0.34%-6.35%-5.23%-7.07%,25.0,13.23
2026-08-07 00:00:00,Long,ORLY,93.53,0.17%,89.28,sqz,参数二,"{""sqz"": {""bb_length"": 20, ""bb_mult"": 1.8, ""kc_length"": 20, ""kc_mult"": 1.5, ""min_sqz_bars"": 4}, ""r&s"": {""srb_left"": 15, ""srb_right"": 15}, ""atr"": {""atr_length"": 14, ""atr_mult"": 1.0}}",O'REILLY AUTOMOTIVE INC,1D,一直亮绿,nan-102.46-102.11-100.63-93.52,低-低-低-低,nan%-0.34%-1.45%-7.07%,25.0,13.23
2026-08-07 00:00:00,Long,SPRY,6.16,10.99%,5.1,utb,参数一,"{""utb"": {""key_value"": 2, ""atr_period"": 14, ""use_ha"": false}, ""r&s"": {""srb_left"": 10, ""srb_right"": 10}, ""atr"": {""atr_length"": 14, ""atr_mult"": 1.0}}",ARS PHARMACEUTICALS INC,1D,,,,,,
2026-08-07 00:00:00,Long,SPRY,6.16,10.99%,5.1,mfa,参数一,"{""utb"": {""key_value"": 2, ""atr_period"": 14, ""use_ha"": false}, ""mfa"": {""mfa_all"": 20}}",ARS PHARMACEUTICALS INC,1D,,,,,,
2026-08-07 00:00:00,Long,ALC,71.81,3.26%,68.68,sqz,参数一,"{""sqz"": {""bb_length"": 15, ""bb_mult"": 1.5, ""kc_length"": 15, ""kc_mult"": 1.2, ""min_sqz_bars"": 4}, ""r&s"": {""srb_left"": 10, ""srb_right"": 10}, ""atr"": {""atr_length"": 14, ""atr_mult"": 1.0}}",ALCON INC,1D,一直亮绿,82.1-87.21-81.96-68.48-71.49,高-低-低-高,6.23%-6.02%-16.45%-4.40%,15.0,8.04
2026-08-07 00:00:00,Long,SPIR,14.33,7.10%,12.52,utb,参数二,"{""utb"": {""key_value"": 3, ""atr_period"": 14, ""use_ha"": false}, ""r&s"": {""srb_left"": 15, ""srb_right"": 15}, ""atr"": {""atr_length"": 14, ""atr_mult"": 1.0}}",SPIRE GLOBAL INC,1D,,,,,,
2026-08-07 00:00:00,Long,SPIR,14.33,7.10%,12.52,mfa,参数二,"{""utb"": {""key_value"": 3, ""atr_period"": 14, ""use_ha"": false}, ""mfa"": {""mfa_all"": 21}}",SPIRE GLOBAL INC,1D,,,,,,
2026-08-07 00:00:00,Long,RBA,94.72,2.21%,88.15,suf,参数一,"{""suf"": {""timeframe"": ""d""}}",RB GLOBAL INC,1D,,,,,,
2026-08-07 00:00:00,Long,RBA,94.72,2.21%,88.15,suf,参数二,"{""suf"": {""timeframe"": ""d""}}",RB GLOBAL INC,1D,,,,,,
2026-08-07 00:00:00,Long,ATLX,3.11,4.71%,2.85,utb,参数一,"{""utb"": {""key_value"": 2, ""atr_period"": 14, ""use_ha"": false}, ""r&s"": {""srb_left"": 10, ""srb_right"": 10}, ""atr"": {""atr_length"": 14, ""atr_mult"": 1.0}}",ATLAS LITHIUM INC,1D,,,,,,
2026-08-07 00:00:00,Long,ATLX,3.11,4.71%,2.85,mfa,参数一,"{""utb"": {""key_value"": 2, ""atr_period"": 14, ""use_ha"": false}, ""mfa"": {""mfa_all"": 24}}",ATLAS LITHIUM INC,1D,,,,,,
2026-08-07 00:00:00,Long,HLMN,9.22,1.65%,8.71,sqz,参数二,"{""sqz"": {""bb_length"": 20, ""bb_mult"": 1.8, ""kc_length"": 20, ""kc_mult"": 1.5, ""min_sqz_bars"": 4}, ""r&s"": {""srb_left"": 15, ""srb_right"": 15}, ""atr"": {""atr_length"": 14, ""atr_mult"": 1.0}}",HILLMAN SOLUTIONS CORP,1D,一直亮绿,nan-10.85-9.12,低-低,nan%-15.94%,75.0,31.03
2026-08-07 00:00:00,Short,IBOC,73.55,-2.08%,77.38,utb,参数一,"{""utb"": {""key_value"": 2, ""atr_period"": 14, ""use_ha"": false}, ""r&s"": {""srb_left"": 10, ""srb_right"": 10}, ""atr"": {""atr_length"": 14, ""atr_mult"": 1.0}}",INTERNATIONAL BANCSHARES CRP,1D,,,,,,
2026-08-07 00:00:00,Short,IBOC,73.55,-2.08%,77.38,utb,参数二,"{""utb"": {""key_value"": 3, ""atr_period"": 14, ""use_ha"": false}, ""r&s"": {""srb_left"": 15, ""srb_right"": 15}, ""atr"": {""atr_length"": 14, ""atr_mult"": 1.0}}",INTERNATIONAL BANCSHARES CRP,1D,,,,,,
2026-08-07 00:00:00,Short,SI,20.59,-8.20%,24.38,utb,参数一,"{""utb"": {""key_value"": 2, ""atr_period"": 14, ""use_ha"": false}, ""r&s"": {""srb_left"": 10, ""srb_right"": 10}, ""atr"": {""atr_length"": 14, ""atr_mult"": 1.0}}",SHOULDER INNOVATIONS INC,1D,,,,,,
2026-08-07 00:00:00,Short,BAM,52.49,-1.28%,55.54,suf,参数一,"{""suf"": {""timeframe"": ""d""}}",BROOKFIELD ASSET MGMT-A,1D,,,,,,
2026-08-07 00:00:00,Short,BAM,52.49,-1.28%,55.54,suf,参数二,"{""suf"": {""timeframe"": ""d""}}",BROOKFIELD ASSET MGMT-A,1D,,,,,,
2026-08-07 00:00:00,Long,FRVO,25.85,12.39%,20.61,utb,参数二,"{""utb"": {""key_value"": 3, ""atr_period"": 14, ""use_ha"": false}, ""r&s"": {""srb_left"": 15, ""srb_right"": 15}, ""atr"": {""atr_length"": 14, ""atr_mult"": 1.0}}",FERVO ENERGY CO-A,1D,,,,,,
2026-08-07 00:00:00,Long,FRVO,25.85,12.39%,20.61,mfa,参数二,"{""utb"": {""key_value"": 3, ""atr_period"": 14, ""use_ha"": false}, ""mfa"": {""mfa_all"": 43}}",FERVO ENERGY CO-A,1D,,,,,,
2026-08-07 00:00:00,Long,DFLI,1.32,12.82%,0.98,suf,参数一,"{""suf"": {""timeframe"": ""d""}}",DRAGONFLY ENERGY HOLDINGS CO,1D,,,,,,
2026-08-07 00:00:00,Long,DFLI,1.32,12.82%,0.98,suf,参数二,"{""suf"": {""timeframe"": ""d""}}",DRAGONFLY ENERGY HOLDINGS CO,1D,,,,,,
2026-08-07 00:00:00,Long,OMEX,0.88,17.55%,0.7,utb,参数二,"{""utb"": {""key_value"": 3, ""atr_period"": 14, ""use_ha"": false}, ""r&s"": {""srb_left"": 15, ""srb_right"": 15}, ""atr"": {""atr_length"": 14, ""atr_mult"": 1.0}}",ODYSSEY MARINE EXPLORATION,1D,,,,,,
2026-08-07 00:00:00,Long,OMEX,0.88,17.55%,0.7,mfa,参数二,"{""utb"": {""key_value"": 3, ""atr_period"": 14, ""use_ha"": false}, ""mfa"": {""mfa_all"": 34}}",ODYSSEY MARINE EXPLORATION,1D,,,,,,
2026-08-07 00:00:00,Short,ATO,170.19,-1.04%,175.39,utb,参数二,"{""utb"": {""key_value"": 3, ""atr_period"": 14, ""use_ha"": false}, ""r&s"": {""srb_left"": 15, ""srb_right"": 15}, ""atr"": {""atr_length"": 14, ""atr_mult"": 1.0}}",ATMOS ENERGY CORP,1D,,,,,,
2026-08-07 00:00:00,Long,FLY,26.71,11.01%,22.08,utb,参数二,"{""utb"": {""key_value"": 3, ""atr_period"": 14, ""use_ha"": false}, ""r&s"": {""srb_left"": 15, ""srb_right"": 15}, ""atr"": {""atr_length"": 14, ""atr_mult"": 1.0}}",FIREFLY AEROSPACE INC,1D,,,,,,
2026-08-07 00:00:00,Long,FLY,26.71,11.01%,22.08,mfa,参数二,"{""utb"": {""key_value"": 3, ""atr_period"": 14, ""use_ha"": false}, ""mfa"": {""mfa_all"": 37}}",FIREFLY AEROSPACE INC,1D,,,,,,
2026-08-07 00:00:00,Short,AKAM,110.54,-6.76%,131.9,utb,参数一,"{""utb"": {""key_value"": 2, ""atr_period"": 14, ""use_ha"": false}, ""r&s"": {""srb_left"": 10, ""srb_right"": 10}, ""atr"": {""atr_length"": 14, ""atr_mult"": 1.0}}",AKAMAI TECHNOLOGIES INC,1D,,,,,,
2026-08-07 00:00:00,Long,UBER,75.02,6.46%,68.52,utb,参数二,"{""utb"": {""key_value"": 3, ""atr_period"": 14, ""use_ha"": false}, ""r&s"": {""srb_left"": 15, ""srb_right"": 15}, ""atr"": {""atr_length"": 14, ""atr_mult"": 1.0}}",UBER TECHNOLOGIES INC,1D,,,,,,
2026-08-07 00:00:00,Long,UBER,75.02,6.46%,68.52,mfa,参数二,"{""utb"": {""key_value"": 3, ""atr_period"": 14, ""use_ha"": false}, ""mfa"": {""mfa_all"": 11}}",UBER TECHNOLOGIES INC,1D,,,,,,
2026-08-07 00:00:00,Long,OFRM,17.93,2.87%,14.29,utb,参数一,"{""utb"": {""key_value"": 2, ""atr_period"": 14, ""use_ha"": false}, ""r&s"": {""srb_left"": 10, ""srb_right"": 10}, ""atr"": {""atr_length"": 14, ""atr_mult"": 1.0}}",ONCE UPON A FARM PBC,1D,,,,,,
2026-08-07 00:00:00,Long,SENS,7.02,36.31%,5.21,utb,参数一,"{""utb"": {""key_value"": 2, ""atr_period"": 14, ""use_ha"": false}, ""r&s"": {""srb_left"": 10, ""srb_right"": 10}, ""atr"": {""atr_length"": 14, ""atr_mult"": 1.0}}",SENSEONICS HOLDINGS INC,1D,,,,,,
2026-08-07 00:00:00,Long,SENS,7.02,36.31%,5.21,mfa,参数一,"{""utb"": {""key_value"": 2, ""atr_period"": 14, ""use_ha"": false}, ""mfa"": {""mfa_all"": 26}}",SENSEONICS HOLDINGS INC,1D,,,,,,
2026-08-07 00:00:00,Long,SENS,7.02,36.31%,5.21,utb,参数二,"{""utb"": {""key_value"": 3, ""atr_period"": 14, ""use_ha"": false}, ""r&s"": {""srb_left"": 15, ""srb_right"": 15}, ""atr"": {""atr_length"": 14, ""atr_mult"": 1.0}}",SENSEONICS HOLDINGS INC,1D,,,,,,
2026-08-07 00:00:00,Long,SENS,7.02,36.31%,5.21,mfa,参数二,"{""utb"": {""key_value"": 3, ""atr_period"": 14, ""use_ha"": false}, ""mfa"": {""mfa_all"": 26}}",SENSEONICS HOLDINGS INC,1D,,,,,,
2026-08-07 00:00:00,Long,EVMN,14.08,5.23%,12.65,utb,参数一,"{""utb"": {""key_value"": 2, ""atr_period"": 14, ""use_ha"": false}, ""r&s"": {""srb_left"": 10, ""srb_right"": 10}, ""atr"": {""atr_length"": 14, ""atr_mult"": 1.0}}",EVOMMUNE INC,1D,,,,,,
2026-08-07 00:00:00,Long,EVMN,14.08,5.23%,12.65,mfa,参数一,"{""utb"": {""key_value"": 2, ""atr_period"": 14, ""use_ha"": false}, ""mfa"": {""mfa_all"": 58}}",EVOMMUNE INC,1D,,,,,,
2026-08-07 00:00:00,Long,LUNR,16.4,9.85%,13.59,utb,参数二,"{""utb"": {""key_value"": 3, ""atr_period"": 14, ""use_ha"": false}, ""r&s"": {""srb_left"": 15, ""srb_right"": 15}, ""atr"": {""atr_length"": 14, ""atr_mult"": 1.0}}",INTUITIVE MACHINES INC,1D,,,,,,
2026-08-07 00:00:00,Long,LUNR,16.4,9.85%,13.59,mfa,参数二,"{""utb"": {""key_value"": 3, ""atr_period"": 14, ""use_ha"": false}, ""mfa"": {""mfa_all"": 37}}",INTUITIVE MACHINES INC,1D,,,,,,
2026-08-07 00:00:00,Long,ACMR,83.8,6.10%,70.09,utb,参数一,"{""utb"": {""key_value"": 2, ""atr_period"": 14, ""use_ha"": false}, ""r&s"": {""srb_left"": 10, ""srb_right"": 10}, ""atr"": {""atr_length"": 14, ""atr_mult"": 1.0}}",ACM RESEARCH INC-CLASS A,1D,,,,,,
2026-08-07 00:00:00,Long,VTVT,35.37,2.20%,32.31,utb,参数一,"{""utb"": {""key_value"": 2, ""atr_period"": 14, ""use_ha"": false}, ""r&s"": {""srb_left"": 10, ""srb_right"": 10}, ""atr"": {""atr_length"": 14, ""atr_mult"": 1.0}}",VTV THERAPEUTICS INC- CL A,1D,,,,,,
2026-08-07 00:00:00,Long,VTVT,35.37,2.20%,32.31,mfa,参数一,"{""utb"": {""key_value"": 2, ""atr_period"": 14, ""use_ha"": false}, ""mfa"": {""mfa_all"": 19}}",VTV THERAPEUTICS INC- CL A,1D,,,,,,
2026-08-07 00:00:00,Long,TGEN,3.89,4.29%,3.43,utb,参数一,"{""utb"": {""key_value"": 2, ""atr_period"": 14, ""use_ha"": false}, ""r&s"": {""srb_left"": 10, ""srb_right"": 10}, ""atr"": {""atr_length"": 14, ""atr_mult"": 1.0}}",TECOGEN INC/WALTHAM MA,1D,,,,,,
2026-08-07 00:00:00,Long,TGEN,3.89,4.29%,3.43,mfa,参数一,"{""utb"": {""key_value"": 2, ""atr_period"": 14, ""use_ha"": false}, ""mfa"": {""mfa_all"": 27}}",TECOGEN INC/WALTHAM MA,1D,,,,,,
2026-08-07 00:00:00,Long,WHF,6.78,1.65%,6.4,utb,参数一,"{""utb"": {""key_value"": 2, ""atr_period"": 14, ""use_ha"": false}, ""r&s"": {""srb_left"": 10, ""srb_right"": 10}, ""atr"": {""atr_length"": 14, ""atr_mult"": 1.0}}",WHITEHORSE FINANCE INC,1D,,,,,,
2026-08-07 00:00:00,Long,GAU,2.06,5.64%,1.89,sqz,参数一,"{""sqz"": {""bb_length"": 15, ""bb_mult"": 1.5, ""kc_length"": 15, ""kc_mult"": 1.2, ""min_sqz_bars"": 4}, ""r&s"": {""srb_left"": 10, ""srb_right"": 10}, ""atr"": {""atr_length"": 14, ""atr_mult"": 1.0}}",GALIANO GOLD INC,1D,压力释放,3.62-2.76-2.74-2.37-2.01,低-低-低-低,23.76%-0.72%-13.50%-15.19%,12.0,21.08
2026-08-07 00:00:00,Long,GAU,2.06,5.64%,1.89,utb,参数二,"{""utb"": {""key_value"": 3, ""atr_period"": 14, ""use_ha"": false}, ""r&s"": {""srb_left"": 15, ""srb_right"": 15}, ""atr"": {""atr_length"": 14, ""atr_mult"": 1.0}}",GALIANO GOLD INC,1D,,,,,,
2026-08-07 00:00:00,Long,GAU,2.06,5.64%,1.89,mfa,参数二,"{""utb"": {""key_value"": 3, ""atr_period"": 14, ""use_ha"": false}, ""mfa"": {""mfa_all"": 17}}",GALIANO GOLD INC,1D,,,,,,
2026-08-07 00:00:00,Long,ABEO,7.24,4.93%,6.61,utb,参数二,"{""utb"": {""key_value"": 3, ""atr_period"": 14, ""use_ha"": false}, ""r&s"": {""srb_left"": 15, ""srb_right"": 15}, ""atr"": {""atr_length"": 14, ""atr_mult"": 1.0}}",ABEONA THERAPEUTICS INC,1D,,,,,,
2026-08-07 00:00:00,Short,BLND,1.63,-16.41%,2.0,utb,参数一,"{""utb"": {""key_value"": 2, ""atr_period"": 14, ""use_ha"": false}, ""r&s"": {""srb_left"": 10, ""srb_right"": 10}, ""atr"": {""atr_length"": 14, ""atr_mult"": 1.0}}",BLEND LABS INC-A,1D,,,,,,
2026-08-07 00:00:00,Short,BLND,1.63,-16.41%,2.0,utb,参数二,"{""utb"": {""key_value"": 3, ""atr_period"": 14, ""use_ha"": false}, ""r&s"": {""srb_left"": 15, ""srb_right"": 15}, ""atr"": {""atr_length"": 14, ""atr_mult"": 1.0}}",BLEND LABS INC-A,1D,,,,,,
2026-08-07 00:00:00,Short,IMNM,25.03,-3.06%,27.43,suf,参数一,"{""suf"": {""timeframe"": ""d""}}",IMMUNOME INC,1D,,,,,,
2026-08-07 00:00:00,Short,IMNM,25.03,-3.06%,27.43,suf,参数二,"{""suf"": {""timeframe"": ""d""}}",IMMUNOME INC,1D,,,,,,
2026-08-07 00:00:00,Short,PAHC,34.29,-3.41%,37.55,utb,参数一,"{""utb"": {""key_value"": 2, ""atr_period"": 14, ""use_ha"": false}, ""r&s"": {""srb_left"": 10, ""srb_right"": 10}, ""atr"": {""atr_length"": 14, ""atr_mult"": 1.0}}",PHIBRO ANIMAL HEALTH CORP-A,1D,,,,,,
2026-08-07 00:00:00,Long,SII,117.88,4.96%,109.2,utb,参数二,"{""utb"": {""key_value"": 3, ""atr_period"": 14, ""use_ha"": false}, ""r&s"": {""srb_left"": 15, ""srb_right"": 15}, ""atr"": {""atr_length"": 14, ""atr_mult"": 1.0}}",SPROTT INC,1D,,,,,,
2026-08-07 00:00:00,Long,SII,117.88,4.96%,109.2,mfa,参数二,"{""utb"": {""key_value"": 3, ""atr_period"": 14, ""use_ha"": false}, ""mfa"": {""mfa_all"": 21}}",SPROTT INC,1D,,,,,,
2026-08-07 00:00:00,Long,DKNG,24.03,8.39%,20.71,utb,参数一,"{""utb"": {""key_value"": 2, ""atr_period"": 14, ""use_ha"": false}, ""r&s"": {""srb_left"": 10, ""srb_right"": 10}, ""atr"": {""atr_length"": 14, ""atr_mult"": 1.0}}",DRAFTKINGS INC-CL A,1D,,,,,,
2026-08-07 00:00:00,Long,DKNG,24.03,8.39%,20.71,mfa,参数一,"{""utb"": {""key_value"": 2, ""atr_period"": 14, ""use_ha"": false}, ""mfa"": {""mfa_all"": 13}}",DRAFTKINGS INC-CL A,1D,,,,,,
2026-08-07 00:00:00,Long,ARAI,0.27,8.57%,0.21,suf,参数一,"{""suf"": {""timeframe"": ""d""}}",ARRIVE AI INC,1D,,,,,,
2026-08-07 00:00:00,Long,ARAI,0.27,8.57%,0.21,suf,参数二,"{""suf"": {""timeframe"": ""d""}}",ARRIVE AI INC,1D,,,,,,
2026-08-07 00:00:00,Short,ZTS,72.66,-5.97%,82.29,utb,参数一,"{""utb"": {""key_value"": 2, ""atr_period"": 14, ""use_ha"": false}, ""r&s"": {""srb_left"": 10, ""srb_right"": 10}, ""atr"": {""atr_length"": 14, ""atr_mult"": 1.0}}",ZOETIS INC,1D,,,,,,
2026-08-07 00:00:00,Long,CLAR,3.71,10.09%,3.41,sqz,参数一,"{""sqz"": {""bb_length"": 15, ""bb_mult"": 1.5, ""kc_length"": 15, ""kc_mult"": 1.2, ""min_sqz_bars"": 4}, ""r&s"": {""srb_left"": 10, ""srb_right"": 10}, ""atr"": {""atr_length"": 14, ""atr_mult"": 1.0}}",CLARUS CORP,1D,压力释放,3.85-3.01-3.1-3.14-3.47,低-高-高-高,21.75%-2.96%-1.25%-10.51%,15.0,9.81
2026-08-07 00:00:00,Long,IVVD,0.74,12.29%,0.6,utb,参数一,"{""utb"": {""key_value"": 2, ""atr_period"": 14, ""use_ha"": false}, ""r&s"": {""srb_left"": 10, ""srb_right"": 10}, ""atr"": {""atr_length"": 14, ""atr_mult"": 1.0}}",INVIVYD INC,1D,,,,,,
2026-08-07 00:00:00,Long,IVVD,0.74,12.29%,0.6,mfa,参数一,"{""utb"": {""key_value"": 2, ""atr_period"": 14, ""use_ha"": false}, ""mfa"": {""mfa_all"": 15}}",INVIVYD INC,1D,,,,,,
2026-08-07 00:00:00,Long,KRMN,58.23,5.60%,47.6,utb,参数二,"{""utb"": {""key_value"": 3, ""atr_period"": 14, ""use_ha"": false}, ""r&s"": {""srb_left"": 15, ""srb_right"": 15}, ""atr"": {""atr_length"": 14, ""atr_mult"": 1.0}}",KARMAN HOLDINGS INC,1D,,,,,,
2026-08-07 00:00:00,Long,MICC,19.27,1.85%,18.56,sqz,参数二,"{""sqz"": {""bb_length"": 20, ""bb_mult"": 1.8, ""kc_length"": 20, ""kc_mult"": 1.5, ""min_sqz_bars"": 4}, ""r&s"": {""srb_left"": 15, ""srb_right"": 15}, ""atr"": {""atr_length"": 14, ""atr_mult"": 1.0}}",MAGNUM ICE CREAM CO NV/THE,1D,压力释放,nan-19.93-19.14,低-低,nan%-3.96%,23.0,10.06
2026-08-07 00:00:00,Long,ZENA,1.65,19.57%,1.43,utb,参数一,"{""utb"": {""key_value"": 2, ""atr_period"": 14, ""use_ha"": false}, ""r&s"": {""srb_left"": 10, ""srb_right"": 10}, ""atr"": {""atr_length"": 14, ""atr_mult"": 1.0}}",ZENATECH INC,1D,,,,,,
2026-08-07 00:00:00,Long,ZENA,1.65,19.57%,1.43,utb,参数二,"{""utb"": {""key_value"": 3, ""atr_period"": 14, ""use_ha"": false}, ""r&s"": {""srb_left"": 15, ""srb_right"": 15}, ""atr"": {""atr_length"": 14, ""atr_mult"": 1.0}}",ZENATECH INC,1D,,,,,,
2026-08-07 00:00:00,Long,RICK,28.07,6.97%,25.43,utb,参数一,"{""utb"": {""key_value"": 2, ""atr_period"": 14, ""use_ha"": false}, ""r&s"": {""srb_left"": 10, ""srb_right"": 10}, ""atr"": {""atr_length"": 14, ""atr_mult"": 1.0}}",RCI HOSPITALITY HOLDINGS INC,1D,,,,,,
2026-08-07 00:00:00,Long,NFGC,1.67,5.70%,1.54,sqz,参数一,"{""sqz"": {""bb_length"": 15, ""bb_mult"": 1.5, ""kc_length"": 15, ""kc_mult"": 1.2, ""min_sqz_bars"": 4}, ""r&s"": {""srb_left"": 10, ""srb_right"": 10}, ""atr"": {""atr_length"": 14, ""atr_mult"": 1.0}}",NEW FOUND GOLD CORP,1D,压力释放,3.03-2.34-2.3-1.74-1.6,低-低-低-低,22.77%-1.92%-24.40%-7.78%,12.0,19.4
2026-08-07 00:00:00,Long,NFGC,1.67,5.70%,1.54,utb,参数二,"{""utb"": {""key_value"": 3, ""atr_period"": 14, ""use_ha"": false}, ""r&s"": {""srb_left"": 15, ""srb_right"": 15}, ""atr"": {""atr_length"": 14, ""atr_mult"": 1.0}}",NEW FOUND GOLD CORP,1D,,,,,,
2026-08-07 00:00:00,Long,NFGC,1.67,5.70%,1.54,mfa,参数二,"{""utb"": {""key_value"": 3, ""atr_period"": 14, ""use_ha"": false}, ""mfa"": {""mfa_all"": 50}}",NEW FOUND GOLD CORP,1D,,,,,,
2026-08-07 00:00:00,Short,MNST,90.36,-4.04%,96.28,utb,参数一,"{""utb"": {""key_value"": 2, ""atr_period"": 14, ""use_ha"": false}, ""r&s"": {""srb_left"": 10, ""srb_right"": 10}, ""atr"": {""atr_length"": 14, ""atr_mult"": 1.0}}",MONSTER BEVERAGE CORP,1D,,,,,,
2026-08-07 00:00:00,Long,HYMC,26.54,11.51%,23.68,utb,参数二,"{""utb"": {""key_value"": 3, ""atr_period"": 14, ""use_ha"": false}, ""r&s"": {""srb_left"": 15, ""srb_right"": 15}, ""atr"": {""atr_length"": 14, ""atr_mult"": 1.0}}",HYCROFT MINING HOLDING CO-A,1D,,,,,,
2026-08-07 00:00:00,Long,QTRX,4.03,5.22%,3.62,utb,参数一,"{""utb"": {""key_value"": 2, ""atr_period"": 14, ""use_ha"": false}, ""r&s"": {""srb_left"": 10, ""srb_right"": 10}, ""atr"": {""atr_length"": 14, ""atr_mult"": 1.0}}",QUANTERIX CORP,1D,,,,,,
2026-08-07 00:00:00,Short,KFFB,5.55,-1.25%,5.72,suf,参数一,"{""suf"": {""timeframe"": ""d""}}",KENTUCKY FIRST FEDERAL BANCO,1D,,,,,,
2026-08-07 00:00:00,Short,KFFB,5.55,-1.25%,5.72,suf,参数二,"{""suf"": {""timeframe"": ""d""}}",KENTUCKY FIRST FEDERAL BANCO,1D,,,,,,
2026-08-07 00:00:00,Long,QS,6.08,9.95%,5.26,utb,参数一,"{""utb"": {""key_value"": 2, ""atr_period"": 14, ""use_ha"": false}, ""r&s"": {""srb_left"": 10, ""srb_right"": 10}, ""atr"": {""atr_length"": 14, ""atr_mult"": 1.0}}",QUANTUMSCAPE CORP,1D,,,,,,
2026-08-07 00:00:00,Long,QS,6.08,9.95%,5.26,mfa,参数一,"{""utb"": {""key_value"": 2, ""atr_period"": 14, ""use_ha"": false}, ""mfa"": {""mfa_all"": 24}}",QUANTUMSCAPE CORP,1D,,,,,,
2026-08-07 00:00:00,Long,MIRA,0.74,9.14%,0.6,suf,参数一,"{""suf"": {""timeframe"": ""d""}}",MIRA PHARMACEUTICALS INC,1D,,,,,,
2026-08-07 00:00:00,Long,MIRA,0.74,9.14%,0.6,suf,参数二,"{""suf"": {""timeframe"": ""d""}}",MIRA PHARMACEUTICALS INC,1D,,,,,,
2026-08-07 00:00:00,Long,ANGO,15.69,3.84%,14.6,sqz,参数一,"{""sqz"": {""bb_length"": 15, ""bb_mult"": 1.5, ""kc_length"": 15, ""kc_mult"": 1.2, ""min_sqz_bars"": 4}, ""r&s"": {""srb_left"": 10, ""srb_right"": 10}, ""atr"": {""atr_length"": 14, ""atr_mult"": 1.0}}",ANGIODYNAMICS INC,1D,一直亮绿,11.78-11.69-11.96-13.79-15.2,低-高-高-高,0.76%-2.31%-15.30%-10.22%,16.0,14.98
2026-08-07 00:00:00,Short,ITT,213.13,-0.60%,225.67,suf,参数一,"{""suf"": {""timeframe"": ""d""}}",ITT INC,1D,,,,,,
2026-08-07 00:00:00,Long,ITT,213.13,-0.60%,205.31,sqz,参数二,"{""sqz"": {""bb_length"": 20, ""bb_mult"": 1.8, ""kc_length"": 20, ""kc_mult"": 1.5, ""min_sqz_bars"": 4}, ""r&s"": {""srb_left"": 15, ""srb_right"": 15}, ""atr"": {""atr_length"": 14, ""atr_mult"": 1.0}}",ITT INC,1D,压力释放,nan-208.85-223.67-224.81-201.83,低-高-高-低,nan%-7.09%-0.51%-10.22%,30.0,10.99
2026-08-07 00:00:00,Short,ITT,213.13,-0.60%,225.67,suf,参数二,"{""suf"": {""timeframe"": ""d""}}",ITT INC,1D,,,,,,
2026-08-07 00:00:00,Long,IDXX,586.67,-0.56%,563.31,sqz,参数一,"{""sqz"": {""bb_length"": 15, ""bb_mult"": 1.5, ""kc_length"": 15, ""kc_mult"": 1.2, ""min_sqz_bars"": 4}, ""r&s"": {""srb_left"": 10, ""srb_right"": 10}, ""atr"": {""atr_length"": 14, ""atr_mult"": 1.0}}",IDEXX LABORATORIES INC,1D,压力释放,666.14-605.82-585.12-581.47-581.37,低-低-低-低,9.06%-3.42%-0.62%-0.02%,16.0,8.8
2026-08-07 00:00:00,Short,AMRZ,46.64,-8.94%,50.57,utb,参数一,"{""utb"": {""key_value"": 2, ""atr_period"": 14, ""use_ha"": false}, ""r&s"": {""srb_left"": 10, ""srb_right"": 10}, ""atr"": {""atr_length"": 14, ""atr_mult"": 1.0}}",AMRIZE LTD,1D,,,,,,
2026-08-07 00:00:00,Long,AYTU,2.36,1.29%,2.2,sqz,参数二,"{""sqz"": {""bb_length"": 20, ""bb_mult"": 1.8, ""kc_length"": 20, ""kc_mult"": 1.5, ""min_sqz_bars"": 4}, ""r&s"": {""srb_left"": 15, ""srb_right"": 15}, ""atr"": {""atr_length"": 14, ""atr_mult"": 1.0}}",AYTU BIOPHARMA INC,1D,压力释放,nan-3.07-2.8-2.35,低-低-低,nan%-8.79%-16.07%,41.0,15.76
2026-08-07 00:00:00,Short,QTWO,62.81,-0.88%,67.4,suf,参数一,"{""suf"": {""timeframe"": ""d""}}",Q2 HOLDINGS INC,1D,,,,,,
2026-08-07 00:00:00,Short,QTWO,62.81,-0.88%,67.4,suf,参数二,"{""suf"": {""timeframe"": ""d""}}",Q2 HOLDINGS INC,1D,,,,,,
2026-08-07 00:00:00,Long,REED,0.85,10.39%,0.64,suf,参数一,"{""suf"": {""timeframe"": ""d""}}",REED'S INC,1D,,,,,,
2026-08-07 00:00:00,Long,REED,0.85,10.39%,0.64,suf,参数二,"{""suf"": {""timeframe"": ""d""}}",REED'S INC,1D,,,,,,
2026-08-07 00:00:00,Long,KYNB,7.27,4.14%,6.71,utb,参数一,"{""utb"": {""key_value"": 2, ""atr_period"": 14, ""use_ha"": false}, ""r&s"": {""srb_left"": 10, ""srb_right"": 10}, ""atr"": {""atr_length"": 14, ""atr_mult"": 1.0}}",KYNTRA BIO INC,1D,,,,,,
2026-08-07 00:00:00,Long,AIHS,1.55,8.39%,1.2,utb,参数一,"{""utb"": {""key_value"": 2, ""atr_period"": 14, ""use_ha"": false}, ""r&s"": {""srb_left"": 10, ""srb_right"": 10}, ""atr"": {""atr_length"": 14, ""atr_mult"": 1.0}}",SENMIAO TECHNOLOGY LTD,1D,,,,,,
2026-08-07 00:00:00,Long,LFCR,5.01,3.51%,4.5,utb,参数一,"{""utb"": {""key_value"": 2, ""atr_period"": 14, ""use_ha"": false}, ""r&s"": {""srb_left"": 10, ""srb_right"": 10}, ""atr"": {""atr_length"": 14, ""atr_mult"": 1.0}}",LIFECORE BIOMEDICAL INC,1D,,,,,,
2026-08-07 00:00:00,Long,LFCR,5.01,3.51%,4.5,mfa,参数一,"{""utb"": {""key_value"": 2, ""atr_period"": 14, ""use_ha"": false}, ""mfa"": {""mfa_all"": 19}}",LIFECORE BIOMEDICAL INC,1D,,,,,,
2026-08-07 00:00:00,Long,WLDN,86.24,17.03%,74.89,utb,参数二,"{""utb"": {""key_value"": 3, ""atr_period"": 14, ""use_ha"": false}, ""r&s"": {""srb_left"": 15, ""srb_right"": 15}, ""atr"": {""atr_length"": 14, ""atr_mult"": 1.0}}",WILLDAN GROUP INC,1D,,,,,,
2026-08-07 00:00:00,Long,WLDN,86.24,17.03%,74.89,mfa,参数二,"{""utb"": {""key_value"": 3, ""atr_period"": 14, ""use_ha"": false}, ""mfa"": {""mfa_all"": 30}}",WILLDAN GROUP INC,1D,,,,,,
2026-08-07 00:00:00,Long,NVTS,13.89,12.02%,11.33,utb,参数一,"{""utb"": {""key_value"": 2, ""atr_period"": 14, ""use_ha"": false}, ""r&s"": {""srb_left"": 10, ""srb_right"": 10}, ""atr"": {""atr_length"": 14, ""atr_mult"": 1.0}}",NAVITAS SEMICONDUCTOR CORP,1D,,,,,,
2026-08-07 00:00:00,Long,NVTS,13.89,12.02%,11.33,mfa,参数一,"{""utb"": {""key_value"": 2, ""atr_period"": 14, ""use_ha"": false}, ""mfa"": {""mfa_all"": 30}}",NAVITAS SEMICONDUCTOR CORP,1D,,,,,,
2026-08-07 00:00:00,Short,KINS,19.03,-8.51%,21.34,utb,参数一,"{""utb"": {""key_value"": 2, ""atr_period"": 14, ""use_ha"": false}, ""r&s"": {""srb_left"": 10, ""srb_right"": 10}, ""atr"": {""atr_length"": 14, ""atr_mult"": 1.0}}",KINGSTONE COS INC,1D,,,,,,
2026-08-07 00:00:00,Long,SCPQ,10.02,0.20%,10.01,utb,参数一,"{""utb"": {""key_value"": 2, ""atr_period"": 14, ""use_ha"": false}, ""r&s"": {""srb_left"": 10, ""srb_right"": 10}, ""atr"": {""atr_length"": 14, ""atr_mult"": 1.0}}",SOCIAL COMMERCE PARTNER CL-A,1D,,,,,,
2026-08-07 00:00:00,Long,SCPQ,10.02,0.20%,10.01,utb,参数二,"{""utb"": {""key_value"": 3, ""atr_period"": 14, ""use_ha"": false}, ""r&s"": {""srb_left"": 15, ""srb_right"": 15}, ""atr"": {""atr_length"": 14, ""atr_mult"": 1.0}}",SOCIAL COMMERCE PARTNER CL-A,1D,,,,,,
2026-08-07 00:00:00,Long,EZGO,1.06,6.00%,0.28,suf,参数一,"{""suf"": {""timeframe"": ""d""}}",EZGO TECHNOLOGIES LTD,1D,,,,,,
2026-08-07 00:00:00,Long,EZGO,1.06,6.00%,0.28,suf,参数二,"{""suf"": {""timeframe"": ""d""}}",EZGO TECHNOLOGIES LTD,1D,,,,,,
2026-08-07 00:00:00,Long,PHR,12.51,9.54%,11.84,sqz,参数一,"{""sqz"": {""bb_length"": 15, ""bb_mult"": 1.5, ""kc_length"": 15, ""kc_mult"": 1.2, ""min_sqz_bars"": 4}, ""r&s"": {""srb_left"": 10, ""srb_right"": 10}, ""atr"": {""atr_length"": 14, ""atr_mult"": 1.0}}",PHREESIA INC,1D,一直亮绿,12.88-12.35-10.27-10.96-11.47,低-低-高-高,4.08%-16.88%-6.72%-4.65%,23.0,18.61
2026-08-07 00:00:00,Short,WRBY,26.46,-1.85%,28.94,utb,参数一,"{""utb"": {""key_value"": 2, ""atr_period"": 14, ""use_ha"": false}, ""r&s"": {""srb_left"": 10, ""srb_right"": 10}, ""atr"": {""atr_length"": 14, ""atr_mult"": 1.0}}",WARBY PARKER INC-CLASS A,1D,,,,,,
2026-08-07 00:00:00,Long,RYTM,115.63,3.15%,106.65,utb,参数二,"{""utb"": {""key_value"": 3, ""atr_period"": 14, ""use_ha"": false}, ""r&s"": {""srb_left"": 15, ""srb_right"": 15}, ""atr"": {""atr_length"": 14, ""atr_mult"": 1.0}}",RHYTHM PHARMACEUTICALS INC,1D,,,,,,
2026-08-07 00:00:00,Long,VZLA,3.74,5.95%,3.44,utb,参数二,"{""utb"": {""key_value"": 3, ""atr_period"": 14, ""use_ha"": false}, ""r&s"": {""srb_left"": 15, ""srb_right"": 15}, ""atr"": {""atr_length"": 14, ""atr_mult"": 1.0}}",VIZSLA SILVER CORP,1D,,,,,,
2026-08-07 00:00:00,Short,DLX,25.01,-4.14%,27.41,utb,参数一,"{""utb"": {""key_value"": 2, ""atr_period"": 14, ""use_ha"": false}, ""r&s"": {""srb_left"": 10, ""srb_right"": 10}, ""atr"": {""atr_length"": 14, ""atr_mult"": 1.0}}",DELUXE CORP,1D,,,,,,
2026-08-07 00:00:00,Long,FLOC,21.79,4.01%,19.8,utb,参数一,"{""utb"": {""key_value"": 2, ""atr_period"": 14, ""use_ha"": false}, ""r&s"": {""srb_left"": 10, ""srb_right"": 10}, ""atr"": {""atr_length"": 14, ""atr_mult"": 1.0}}",FLOWCO HOLDINGS INC-CL A,1D,,,,,,
2026-08-07 00:00:00,Short,CTM,0.62,-22.74%,0.72,utb,参数一,"{""utb"": {""key_value"": 2, ""atr_period"": 14, ""use_ha"": false}, ""r&s"": {""srb_left"": 10, ""srb_right"": 10}, ""atr"": {""atr_length"": 14, ""atr_mult"": 1.0}}",CASTELLUM INC,1D,,,,,,
2026-08-07 00:00:00,Short,CTM,0.62,-22.74%,0.72,utb,参数二,"{""utb"": {""key_value"": 3, ""atr_period"": 14, ""use_ha"": false}, ""r&s"": {""srb_left"": 15, ""srb_right"": 15}, ""atr"": {""atr_length"": 14, ""atr_mult"": 1.0}}",CASTELLUM INC,1D,,,,,,
2026-08-07 00:00:00,Long,RNAC,8.85,1.03%,8.03,utb,参数一,"{""utb"": {""key_value"": 2, ""atr_period"": 14, ""use_ha"": false}, ""r&s"": {""srb_left"": 10, ""srb_right"": 10}, ""atr"": {""atr_length"": 14, ""atr_mult"": 1.0}}",CARTESIAN THERAPEUTICS INC,1D,,,,,,
2026-08-07 00:00:00,Long,PRAA,19.79,9.04%,18.67,sqz,参数一,"{""sqz"": {""bb_length"": 15, ""bb_mult"": 1.5, ""kc_length"": 15, ""kc_mult"": 1.2, ""min_sqz_bars"": 4}, ""r&s"": {""srb_left"": 10, ""srb_right"": 10}, ""atr"": {""atr_length"": 14, ""atr_mult"": 1.0}}",PRA GROUP INC,1D,压力释放,18.37-18.02-19.1-22.55-19.48,低-高-高-低,1.91%-5.99%-18.06%-13.61%,26.0,23.76
2026-08-07 00:00:00,Long,PRAA,19.79,9.04%,18.67,utb,参数二,"{""utb"": {""key_value"": 3, ""atr_period"": 14, ""use_ha"": false}, ""r&s"": {""srb_left"": 15, ""srb_right"": 15}, ""atr"": {""atr_length"": 14, ""atr_mult"": 1.0}}",PRA GROUP INC,1D,,,,,,
2026-08-07 00:00:00,Long,AOSL,36.08,8.25%,30.95,utb,参数一,"{""utb"": {""key_value"": 2, ""atr_period"": 14, ""use_ha"": false}, ""r&s"": {""srb_left"": 10, ""srb_right"": 10}, ""atr"": {""atr_length"": 14, ""atr_mult"": 1.0}}",ALPHA & OMEGA SEMICONDUCTOR,1D,,,,,,
2026-08-07 00:00:00,Long,AOSL,36.08,8.25%,30.95,mfa,参数一,"{""utb"": {""key_value"": 2, ""atr_period"": 14, ""use_ha"": false}, ""mfa"": {""mfa_all"": 24}}",ALPHA & OMEGA SEMICONDUCTOR,1D,,,,,,
2026-08-07 00:00:00,Short,BBUC,29.38,-0.98%,31.07,utb,参数一,"{""utb"": {""key_value"": 2, ""atr_period"": 14, ""use_ha"": false}, ""r&s"": {""srb_left"": 10, ""srb_right"": 10}, ""atr"": {""atr_length"": 14, ""atr_mult"": 1.0}}",BROOKFIELD BUSINESS CORP-A,1D,,,,,,
2026-08-07 00:00:00,Long,SLVM,41.07,8.71%,37.06,utb,参数一,"{""utb"": {""key_value"": 2, ""atr_period"": 14, ""use_ha"": false}, ""r&s"": {""srb_left"": 10, ""srb_right"": 10}, ""atr"": {""atr_length"": 14, ""atr_mult"": 1.0}}",SYLVAMO CORP,1D,,,,,,
2026-08-07 00:00:00,Long,TRUG,0.91,5.06%,0.72,suf,参数一,"{""suf"": {""timeframe"": ""d""}}",TRUGOLF HOLDINGS INC-CL A,1D,,,,,,
2026-08-07 00:00:00,Long,TRUG,0.91,5.06%,0.72,suf,参数二,"{""suf"": {""timeframe"": ""d""}}",TRUGOLF HOLDINGS INC-CL A,1D,,,,,,
2026-08-07 00:00:00,Long,AG,18.4,6.48%,16.95,utb,参数二,"{""utb"": {""key_value"": 3, ""atr_period"": 14, ""use_ha"": false}, ""r&s"": {""srb_left"": 15, ""srb_right"": 15}, ""atr"": {""atr_length"": 14, ""atr_mult"": 1.0}}",FIRST MAJESTIC SILVER CORP,1D,,,,,,
2026-08-07 00:00:00,Long,NEWP,6.33,7.11%,5.62,sqz,参数二,"{""sqz"": {""bb_length"": 20, ""bb_mult"": 1.8, ""kc_length"": 20, ""kc_mult"": 1.5, ""min_sqz_bars"": 4}, ""r&s"": {""srb_left"": 15, ""srb_right"": 15}, ""atr"": {""atr_length"": 14, ""atr_mult"": 1.0}}",NEW PACIFIC METALS CORP,1D,一直亮绿,nan-4.7-5.89-6.31,低-高-高,nan%-25.32%-7.13%,63.0,73.35
2026-08-07 00:00:00,Long,NTSK,14.87,10.31%,12.97,utb,参数二,"{""utb"": {""key_value"": 3, ""atr_period"": 14, ""use_ha"": false}, ""r&s"": {""srb_left"": 15, ""srb_right"": 15}, ""atr"": {""atr_length"": 14, ""atr_mult"": 1.0}}",NETSKOPE INC-CL A,1D,,,,,,
2026-08-07 00:00:00,Long,SNOA,1.44,15.20%,1.14,sqz,参数一,"{""sqz"": {""bb_length"": 15, ""bb_mult"": 1.5, ""kc_length"": 15, ""kc_mult"": 1.2, ""min_sqz_bars"": 4}, ""r&s"": {""srb_left"": 10, ""srb_right"": 10}, ""atr"": {""atr_length"": 14, ""atr_mult"": 1.0}}",SONOMA PHARMACEUTICALS INC,1D,压力释放,3.89-3.06-2.88-1.29-1.31,低-低-低-高,21.34%-5.88%-55.21%-1.55%,21.0,22.43
2026-08-07 00:00:00,Long,SNOA,1.44,15.20%,1.14,utb,参数二,"{""utb"": {""key_value"": 3, ""atr_period"": 14, ""use_ha"": false}, ""r&s"": {""srb_left"": 15, ""srb_right"": 15}, ""atr"": {""atr_length"": 14, ""atr_mult"": 1.0}}",SONOMA PHARMACEUTICALS INC,1D,,,,,,
2026-08-07 00:00:00,Long,JUNS,,nan%,,suf,参数一,"{""suf"": {""timeframe"": ""d""}}",JUPITER NEUROSCIENCES INC,1D,,,,,,
2026-08-07 00:00:00,Long,JUNS,,nan%,,suf,参数二,"{""suf"": {""timeframe"": ""d""}}",JUPITER NEUROSCIENCES INC,1D,,,,,,
2026-08-07 00:00:00,Long,UFI,7.19,4.20%,6.45,sqz,参数一,"{""sqz"": {""bb_length"": 15, ""bb_mult"": 1.5, ""kc_length"": 15, ""kc_mult"": 1.2, ""min_sqz_bars"": 4}, ""r&s"": {""srb_left"": 10, ""srb_right"": 10}, ""atr"": {""atr_length"": 14, ""atr_mult"": 1.0}}",UNIFI INC,1D,压力释放,4.63-3.87-4.37-4.39-6.76,低-高-高-高,16.41%-12.92%-0.46%-53.99%,18.0,13.61
2026-08-07 00:00:00,Long,AGI,33.15,6.59%,30.95,utb,参数二,"{""utb"": {""key_value"": 3, ""atr_period"": 14, ""use_ha"": false}, ""r&s"": {""srb_left"": 15, ""srb_right"": 15}, ""atr"": {""atr_length"": 14, ""atr_mult"": 1.0}}",ALAMOS GOLD INC-CLASS A,1D,,,,,,
2026-08-07 00:00:00,Long,AGI,33.15,6.59%,30.95,mfa,参数二,"{""utb"": {""key_value"": 3, ""atr_period"": 14, ""use_ha"": false}, ""mfa"": {""mfa_all"": 56}}",ALAMOS GOLD INC-CLASS A,1D,,,,,,
2026-08-07 00:00:00,Long,ECOR,8.09,20.75%,5.55,utb,参数一,"{""utb"": {""key_value"": 2, ""atr_period"": 14, ""use_ha"": false}, ""r&s"": {""srb_left"": 10, ""srb_right"": 10}, ""atr"": {""atr_length"": 14, ""atr_mult"": 1.0}}",ELECTROCORE INC,1D,,,,,,
2026-08-07 00:00:00,Long,ECOR,8.09,20.75%,5.55,utb,参数二,"{""utb"": {""key_value"": 3, ""atr_period"": 14, ""use_ha"": false}, ""r&s"": {""srb_left"": 15, ""srb_right"": 15}, ""atr"": {""atr_length"": 14, ""atr_mult"": 1.0}}",ELECTROCORE INC,1D,,,,,,
2026-08-07 00:00:00,Short,ZNTL,4.22,-15.60%,5.24,utb,参数一,"{""utb"": {""key_value"": 2, ""atr_period"": 14, ""use_ha"": false}, ""r&s"": {""srb_left"": 10, ""srb_right"": 10}, ""atr"": {""atr_length"": 14, ""atr_mult"": 1.0}}",ZENTALIS PHARMACEUTICALS INC,1D,,,,,,
2026-08-07 00:00:00,Long,GSBD,9.75,7.26%,8.73,utb,参数二,"{""utb"": {""key_value"": 3, ""atr_period"": 14, ""use_ha"": false}, ""r&s"": {""srb_left"": 15, ""srb_right"": 15}, ""atr"": {""atr_length"": 14, ""atr_mult"": 1.0}}",GOLDMAN SACHS BDC INC,1D,,,,,,
2026-08-07 00:00:00,Short,VVOS,0.32,0.62%,0.41,sqz,参数一,"{""sqz"": {""bb_length"": 15, ""bb_mult"": 1.5, ""kc_length"": 15, ""kc_mult"": 1.2, ""min_sqz_bars"": 4}, ""r&s"": {""srb_left"": 10, ""srb_right"": 10}, ""atr"": {""atr_length"": 14, ""atr_mult"": 1.0}}",VIVOS THERAPEUTICS INC,1D,支撑释放,1.92-1.42-1.09-0.55-0.38,低-低-低-低,26.03%-23.81%-49.77%-29.72%,32.0,43.6
2026-08-07 00:00:00,Short,GEOS,5.85,-14.22%,7.31,utb,参数一,"{""utb"": {""key_value"": 2, ""atr_period"": 14, ""use_ha"": false}, ""r&s"": {""srb_left"": 10, ""srb_right"": 10}, ""atr"": {""atr_length"": 14, ""atr_mult"": 1.0}}",GEOSPACE TECHNOLOGIES CORP,1D,,,,,,
2026-08-07 00:00:00,Long,SITE,103.86,5.42%,96.89,utb,参数一,"{""utb"": {""key_value"": 2, ""atr_period"": 14, ""use_ha"": false}, ""r&s"": {""srb_left"": 10, ""srb_right"": 10}, ""atr"": {""atr_length"": 14, ""atr_mult"": 1.0}}",SITEONE LANDSCAPE SUPPLY INC,1D,,,,,,
2026-08-07 00:00:00,Long,SITE,103.86,5.42%,96.89,mfa,参数一,"{""utb"": {""key_value"": 2, ""atr_period"": 14, ""use_ha"": false}, ""mfa"": {""mfa_all"": 14}}",SITEONE LANDSCAPE SUPPLY INC,1D,,,,,,
2026-08-07 00:00:00,Long,HTFL,28.82,5.99%,25.96,utb,参数一,"{""utb"": {""key_value"": 2, ""atr_period"": 14, ""use_ha"": false}, ""r&s"": {""srb_left"": 10, ""srb_right"": 10}, ""atr"": {""atr_length"": 14, ""atr_mult"": 1.0}}",HEARTFLOW INC,1D,,,,,,
2026-08-07 00:00:00,Long,HTFL,28.82,5.99%,25.96,mfa,参数一,"{""utb"": {""key_value"": 2, ""atr_period"": 14, ""use_ha"": false}, ""mfa"": {""mfa_all"": 23}}",HEARTFLOW INC,1D,,,,,,
2026-08-07 00:00:00,Short,LOCO,15.16,-7.39%,17.74,utb,参数一,"{""utb"": {""key_value"": 2, ""atr_period"": 14, ""use_ha"": false}, ""r&s"": {""srb_left"": 10, ""srb_right"": 10}, ""atr"": {""atr_length"": 14, ""atr_mult"": 1.0}}",EL POLLO LOCO HOLDINGS INC,1D,,,,,,
2026-08-07 00:00:00,Short,LOCO,15.16,-7.39%,17.74,utb,参数二,"{""utb"": {""key_value"": 3, ""atr_period"": 14, ""use_ha"": false}, ""r&s"": {""srb_left"": 15, ""srb_right"": 15}, ""atr"": {""atr_length"": 14, ""atr_mult"": 1.0}}",EL POLLO LOCO HOLDINGS INC,1D,,,,,,
2026-08-07 00:00:00,Long,RSKD,5.35,3.08%,5.03,sqz,参数一,"{""sqz"": {""bb_length"": 15, ""bb_mult"": 1.5, ""kc_length"": 15, ""kc_mult"": 1.2, ""min_sqz_bars"": 4}, ""r&s"": {""srb_left"": 10, ""srb_right"": 10}, ""atr"": {""atr_length"": 14, ""atr_mult"": 1.0}}",RISKIFIED LTD-A,1D,压力释放,5.09-5.07-4.9-5.34,低-低-高,0.39%-3.35%-8.98%,23.0,8.21
2026-08-07 00:00:00,Short,BPAC,10.15,-0.20%,10.17,utb,参数一,"{""utb"": {""key_value"": 2, ""atr_period"": 14, ""use_ha"": false}, ""r&s"": {""srb_left"": 10, ""srb_right"": 10}, ""atr"": {""atr_length"": 14, ""atr_mult"": 1.0}}",BLUEPORT ACQUISITION LT-CL A,1D,,,,,,
2026-08-07 00:00:00,Long,SMTC,139.42,3.44%,124.46,utb,参数二,"{""utb"": {""key_value"": 3, ""atr_period"": 14, ""use_ha"": false}, ""r&s"": {""srb_left"": 15, ""srb_right"": 15}, ""atr"": {""atr_length"": 14, ""atr_mult"": 1.0}}",SEMTECH CORP,1D,,,,,,
2026-08-07 00:00:00,Long,SMTC,139.42,3.44%,124.46,mfa,参数二,"{""utb"": {""key_value"": 3, ""atr_period"": 14, ""use_ha"": false}, ""mfa"": {""mfa_all"": 24}}",SEMTECH CORP,1D,,,,,,
2026-08-07 00:00:00,Short,SEZL,118.02,-33.89%,147.77,utb,参数一,"{""utb"": {""key_value"": 2, ""atr_period"": 14, ""use_ha"": false}, ""r&s"": {""srb_left"": 10, ""srb_right"": 10}, ""atr"": {""atr_length"": 14, ""atr_mult"": 1.0}}",SEZZLE INC,1D,,,,,,
2026-08-07 00:00:00,Long,UTI,28.95,3.88%,24.47,suf,参数一,"{""suf"": {""timeframe"": ""d""}}",UNIVERSAL TECHNICAL INSTITUT,1D,,,,,,
2026-08-07 00:00:00,Long,UTI,28.95,3.88%,24.47,suf,参数二,"{""suf"": {""timeframe"": ""d""}}",UNIVERSAL TECHNICAL INSTITUT,1D,,,,,,
2026-08-07 00:00:00,Long,LPCV,10.04,0.30%,10.03,sqz,参数一,"{""sqz"": {""bb_length"": 15, ""bb_mult"": 1.5, ""kc_length"": 15, ""kc_mult"": 1.2, ""min_sqz_bars"": 4}, ""r&s"": {""srb_left"": 10, ""srb_right"": 10}, ""atr"": {""atr_length"": 14, ""atr_mult"": 1.0}}",LAUNCHPAD CADENZA ACQUI-CL A,1D,一直亮绿,nan-10.03-9.99-10.01-10.04,低-低-高-高,nan%-0.40%-0.20%-0.30%,23.0,0.7
2026-08-07 00:00:00,Long,RHI,42.74,5.06%,38.25,utb,参数二,"{""utb"": {""key_value"": 3, ""atr_period"": 14, ""use_ha"": false}, ""r&s"": {""srb_left"": 15, ""srb_right"": 15}, ""atr"": {""atr_length"": 14, ""atr_mult"": 1.0}}",ROBERT HALF INC,1D,,,,,,
2026-08-07 00:00:00,Short,ENSC,0.52,-0.76%,0.63,suf,参数一,"{""suf"": {""timeframe"": ""d""}}",ENSYSCE BIOSCIENCES INC,1D,,,,,,
2026-08-07 00:00:00,Short,ENSC,0.52,-0.76%,0.63,suf,参数二,"{""suf"": {""timeframe"": ""d""}}",ENSYSCE BIOSCIENCES INC,1D,,,,,,
2026-08-07 00:00:00,Short,TTD,13.8,-21.90%,15.87,utb,参数一,"{""utb"": {""key_value"": 2, ""atr_period"": 14, ""use_ha"": false}, ""r&s"": {""srb_left"": 10, ""srb_right"": 10}, ""atr"": {""atr_length"": 14, ""atr_mult"": 1.0}}",TRADE DESK INC/THE -CLASS A,1D,,,,,,
2026-08-07 00:00:00,Short,TTD,13.8,-21.90%,15.87,sqz,参数一,"{""sqz"": {""bb_length"": 15, ""bb_mult"": 1.5, ""kc_length"": 15, ""kc_mult"": 1.2, ""min_sqz_bars"": 4}, ""r&s"": {""srb_left"": 10, ""srb_right"": 10}, ""atr"": {""atr_length"": 14, ""atr_mult"": 1.0}}",TRADE DESK INC/THE -CLASS A,1D,支撑释放,21.08-19.74-19.83-16.98-16.7,低-高-低-低,6.36%-0.46%-14.37%-1.65%,11.0,17.07
2026-08-07 00:00:00,Long,QRHC,1.5,18.11%,1.27,utb,参数一,"{""utb"": {""key_value"": 2, ""atr_period"": 14, ""use_ha"": false}, ""r&s"": {""srb_left"": 10, ""srb_right"": 10}, ""atr"": {""atr_length"": 14, ""atr_mult"": 1.0}}",QUEST RESOURCE HOLDING CORP,1D,,,,,,
2026-08-07 00:00:00,Long,KWY,10.24,12.78%,9.03,utb,参数一,"{""utb"": {""key_value"": 2, ""atr_period"": 14, ""use_ha"": false}, ""r&s"": {""srb_left"": 10, ""srb_right"": 10}, ""atr"": {""atr_length"": 14, ""atr_mult"": 1.0}}",KINGSWAY CORP,1D,,,,,,
2026-08-07 00:00:00,Long,KWY,10.24,12.78%,9.03,mfa,参数一,"{""utb"": {""key_value"": 2, ""atr_period"": 14, ""use_ha"": false}, ""mfa"": {""mfa_all"": 20}}",KINGSWAY CORP,1D,,,,,,
2026-08-07 00:00:00,Long,KWY,10.24,12.78%,9.03,utb,参数二,"{""utb"": {""key_value"": 3, ""atr_period"": 14, ""use_ha"": false}, ""r&s"": {""srb_left"": 15, ""srb_right"": 15}, ""atr"": {""atr_length"": 14, ""atr_mult"": 1.0}}",KINGSWAY CORP,1D,,,,,,
2026-08-07 00:00:00,Long,KWY,10.24,12.78%,9.03,mfa,参数二,"{""utb"": {""key_value"": 3, ""atr_period"": 14, ""use_ha"": false}, ""mfa"": {""mfa_all"": 20}}",KINGSWAY CORP,1D,,,,,,
2026-08-07 00:00:00,Short,CW,691.52,-3.15%,758.63,utb,参数一,"{""utb"": {""key_value"": 2, ""atr_period"": 14, ""use_ha"": false}, ""r&s"": {""srb_left"": 10, ""srb_right"": 10}, ""atr"": {""atr_length"": 14, ""atr_mult"": 1.0}}",CURTISS-WRIGHT CORP,1D,,,,,,
2026-08-07 00:00:00,Long,CCLD,2.63,13.36%,2.17,utb,参数一,"{""utb"": {""key_value"": 2, ""atr_period"": 14, ""use_ha"": false}, ""r&s"": {""srb_left"": 10, ""srb_right"": 10}, ""atr"": {""atr_length"": 14, ""atr_mult"": 1.0}}",CARECLOUD INC,1D,,,,,,
2026-08-07 00:00:00,Long,CVR,10.61,2.22%,10.26,utb,参数一,"{""utb"": {""key_value"": 2, ""atr_period"": 14, ""use_ha"": false}, ""r&s"": {""srb_left"": 10, ""srb_right"": 10}, ""atr"": {""atr_length"": 14, ""atr_mult"": 1.0}}",CHICAGO RIVET & MACHINE CO,1D,,,,,,
2026-08-07 00:00:00,Long,TCX,15.68,11.44%,12.53,sqz,参数一,"{""sqz"": {""bb_length"": 15, ""bb_mult"": 1.5, ""kc_length"": 15, ""kc_mult"": 1.2, ""min_sqz_bars"": 4}, ""r&s"": {""srb_left"": 10, ""srb_right"": 10}, ""atr"": {""atr_length"": 14, ""atr_mult"": 1.0}}",TUCOWS INC-CLASS A,1D,一直亮绿,24.35-25.17-18.24-17.2-14.22,高-低-低-低,3.37%-27.53%-5.70%-17.33%,28.0,68.09
2026-08-07 00:00:00,Long,TCX,15.68,11.44%,12.53,sqz,参数二,"{""sqz"": {""bb_length"": 20, ""bb_mult"": 1.8, ""kc_length"": 20, ""kc_mult"": 1.5, ""min_sqz_bars"": 4}, ""r&s"": {""srb_left"": 15, ""srb_right"": 15}, ""atr"": {""atr_length"": 14, ""atr_mult"": 1.0}}",TUCOWS INC-CLASS A,1D,一直亮绿,nan-22.76-25.17-18.24-14.22,低-高-低-低,nan%-10.59%-27.53%-22.04%,28.0,68.09
2026-08-07 00:00:00,Long,QNTM,3.45,6.81%,2.91,utb,参数一,"{""utb"": {""key_value"": 2, ""atr_period"": 14, ""use_ha"": false}, ""r&s"": {""srb_left"": 10, ""srb_right"": 10}, ""atr"": {""atr_length"": 14, ""atr_mult"": 1.0}}",QUANTUM BIOPHARMA-B SUB VOT,1D,,,,,,
2026-08-07 00:00:00,Long,QNTM,3.45,6.81%,2.91,mfa,参数一,"{""utb"": {""key_value"": 2, ""atr_period"": 14, ""use_ha"": false}, ""mfa"": {""mfa_all"": 37}}",QUANTUM BIOPHARMA-B SUB VOT,1D,,,,,,
2026-08-07 00:00:00,Long,RVSN,4.76,8.43%,4.13,utb,参数一,"{""utb"": {""key_value"": 2, ""atr_period"": 14, ""use_ha"": false}, ""r&s"": {""srb_left"": 10, ""srb_right"": 10}, ""atr"": {""atr_length"": 14, ""atr_mult"": 1.0}}",RAIL VISION LTD,1D,,,,,,
2026-08-07 00:00:00,Long,RVSN,4.76,8.43%,4.13,mfa,参数一,"{""utb"": {""key_value"": 2, ""atr_period"": 14, ""use_ha"": false}, ""mfa"": {""mfa_all"": 17}}",RAIL VISION LTD,1D,,,,,,
2026-08-07 00:00:00,Long,TRAD,10.04,0.50%,9.96,utb,参数二,"{""utb"": {""key_value"": 3, ""atr_period"": 14, ""use_ha"": false}, ""r&s"": {""srb_left"": 15, ""srb_right"": 15}, ""atr"": {""atr_length"": 14, ""atr_mult"": 1.0}}",APEX TECH ACQUISITION INC,1D,,,,,,
2026-08-07 00:00:00,Long,TRAD,10.04,0.50%,9.96,mfa,参数二,"{""utb"": {""key_value"": 3, ""atr_period"": 14, ""use_ha"": false}, ""mfa"": {""mfa_all"": 12}}",APEX TECH ACQUISITION INC,1D,,,,,,
2026-08-07 00:00:00,Long,UUUU,14.14,9.61%,12.7,utb,参数二,"{""utb"": {""key_value"": 3, ""atr_period"": 14, ""use_ha"": false}, ""r&s"": {""srb_left"": 15, ""srb_right"": 15}, ""atr"": {""atr_length"": 14, ""atr_mult"": 1.0}}",ENERGY FUELS INC,1D,,,,,,
2026-08-07 00:00:00,Long,UUUU,14.14,9.61%,12.7,mfa,参数二,"{""utb"": {""key_value"": 3, ""atr_period"": 14, ""use_ha"": false}, ""mfa"": {""mfa_all"": 24}}",ENERGY FUELS INC,1D,,,,,,
2026-08-07 00:00:00,Long,THM,2.31,9.48%,2.04,utb,参数二,"{""utb"": {""key_value"": 3, ""atr_period"": 14, ""use_ha"": false}, ""r&s"": {""srb_left"": 15, ""srb_right"": 15}, ""atr"": {""atr_length"": 14, ""atr_mult"": 1.0}}",INTL TOWER HILL MINES LTD,1D,,,,,,
2026-08-07 00:00:00,Long,BARK,11.22,22.49%,9.2,sqz,参数一,"{""sqz"": {""bb_length"": 15, ""bb_mult"": 1.5, ""kc_length"": 15, ""kc_mult"": 1.2, ""min_sqz_bars"": 4}, ""r&s"": {""srb_left"": 10, ""srb_right"": 10}, ""atr"": {""atr_length"": 14, ""atr_mult"": 1.0}}",BARK INC,1D,一直亮绿,19.8-16.98-10.69-10.71-11.0,低-低-高-高,14.24%-37.04%-0.19%-2.71%,25.0,30.49
2026-08-07 00:00:00,Long,EXK,9.54,8.04%,8.7,utb,参数二,"{""utb"": {""key_value"": 3, ""atr_period"": 14, ""use_ha"": false}, ""r&s"": {""srb_left"": 15, ""srb_right"": 15}, ""atr"": {""atr_length"": 14, ""atr_mult"": 1.0}}",ENDEAVOUR SILVER CORP,1D,,,,,,
2026-08-07 00:00:00,Short,RRGB,8.2,-2.84%,8.93,suf,参数一,"{""suf"": {""timeframe"": ""d""}}",RED ROBIN GOURMET BURGERS,1D,,,,,,
2026-08-07 00:00:00,Short,RRGB,8.2,-2.84%,8.93,suf,参数二,"{""suf"": {""timeframe"": ""d""}}",RED ROBIN GOURMET BURGERS,1D,,,,,,
2026-08-07 00:00:00,Short,DNA,7.97,-6.24%,9.02,utb,参数一,"{""utb"": {""key_value"": 2, ""atr_period"": 14, ""use_ha"": false}, ""r&s"": {""srb_left"": 10, ""srb_right"": 10}, ""atr"": {""atr_length"": 14, ""atr_mult"": 1.0}}",GINKGO BIOWORKS HOLDINGS INC,1D,,,,,,
2026-08-07 00:00:00,Long,XELB,1.1,2.34%,0.91,suf,参数一,"{""suf"": {""timeframe"": ""d""}}",XCEL BRANDS INC,1D,,,,,,
2026-08-07 00:00:00,Long,XELB,1.1,2.34%,0.91,suf,参数二,"{""suf"": {""timeframe"": ""d""}}",XCEL BRANDS INC,1D,,,,,,
2026-08-07 00:00:00,Long,MRLN,4.44,4.47%,3.72,utb,参数一,"{""utb"": {""key_value"": 2, ""atr_period"": 14, ""use_ha"": false}, ""r&s"": {""srb_left"": 10, ""srb_right"": 10}, ""atr"": {""atr_length"": 14, ""atr_mult"": 1.0}}",MERLIN INC,1D,,,,,,
2026-08-07 00:00:00,Long,MRLN,4.44,4.47%,3.72,mfa,参数一,"{""utb"": {""key_value"": 2, ""atr_period"": 14, ""use_ha"": false}, ""mfa"": {""mfa_all"": 32}}",MERLIN INC,1D,,,,,,
2026-08-07 00:00:00,Long,CHPT,6.22,5.78%,5.5,utb,参数一,"{""utb"": {""key_value"": 2, ""atr_period"": 14, ""use_ha"": false}, ""r&s"": {""srb_left"": 10, ""srb_right"": 10}, ""atr"": {""atr_length"": 14, ""atr_mult"": 1.0}}",CHARGEPOINT HOLDINGS INC,1D,,,,,,
2026-08-07 00:00:00,Long,CHPT,6.22,5.78%,5.5,mfa,参数一,"{""utb"": {""key_value"": 2, ""atr_period"": 14, ""use_ha"": false}, ""mfa"": {""mfa_all"": 11}}",CHARGEPOINT HOLDINGS INC,1D,,,,,,
2026-08-07 00:00:00,Long,ITHA,10.09,0.90%,10.0,utb,参数二,"{""utb"": {""key_value"": 3, ""atr_period"": 14, ""use_ha"": false}, ""r&s"": {""srb_left"": 15, ""srb_right"": 15}, ""atr"": {""atr_length"": 14, ""atr_mult"": 1.0}}",ITHAX ACQUISITION CORP-CL A,1D,,,,,,
2026-08-07 00:00:00,Long,ITHA,10.09,0.90%,10.0,sqz,参数二,"{""sqz"": {""bb_length"": 20, ""bb_mult"": 1.8, ""kc_length"": 20, ""kc_mult"": 1.5, ""min_sqz_bars"": 4}, ""r&s"": {""srb_left"": 15, ""srb_right"": 15}, ""atr"": {""atr_length"": 14, ""atr_mult"": 1.0}}",ITHAX ACQUISITION CORP-CL A,1D,一直亮绿,nan-9.96-9.94-10.03,低-低-高,nan%-0.15%-0.85%,24.0,0.6
2026-08-07 00:00:00,Short,CABR,1.34,-17.08%,1.98,utb,参数一,"{""utb"": {""key_value"": 2, ""atr_period"": 14, ""use_ha"": false}, ""r&s"": {""srb_left"": 10, ""srb_right"": 10}, ""atr"": {""atr_length"": 14, ""atr_mult"": 1.0}}",CARING BRANDS INC,1D,,,,,,
2026-08-07 00:00:00,Long,LYFT,17.46,7.12%,15.73,sqz,参数一,"{""sqz"": {""bb_length"": 15, ""bb_mult"": 1.5, ""kc_length"": 15, ""kc_mult"": 1.2, ""min_sqz_bars"": 4}, ""r&s"": {""srb_left"": 10, ""srb_right"": 10}, ""atr"": {""atr_length"": 14, ""atr_mult"": 1.0}}",LYFT INC-A,1D,一直亮绿,14.34-15.34-14.84-15.28-16.52,高-低-高-高,6.97%-3.29%-2.99%-8.13%,16.0,22.46
2026-08-07 00:00:00,Long,RPD,11.57,11.46%,9.65,utb,参数一,"{""utb"": {""key_value"": 2, ""atr_period"": 14, ""use_ha"": false}, ""r&s"": {""srb_left"": 10, ""srb_right"": 10}, ""atr"": {""atr_length"": 14, ""atr_mult"": 1.0}}",RAPID7 INC,1D,,,,,,
2026-08-07 00:00:00,Short,OSBC,25.44,-1.32%,26.22,suf,参数一,"{""suf"": {""timeframe"": ""d""}}",OLD SECOND BANCORP INC,1D,,,,,,
2026-08-07 00:00:00,Short,OSBC,25.44,-1.32%,26.22,suf,参数二,"{""suf"": {""timeframe"": ""d""}}",OLD SECOND BANCORP INC,1D,,,,,,
2026-08-07 00:00:00,Long,RCAT,9.21,6.23%,7.46,utb,参数二,"{""utb"": {""key_value"": 3, ""atr_period"": 14, ""use_ha"": false}, ""r&s"": {""srb_left"": 15, ""srb_right"": 15}, ""atr"": {""atr_length"": 14, ""atr_mult"": 1.0}}",RED CAT HOLDINGS INC,1D,,,,,,
2026-08-07 00:00:00,Long,RCAT,9.21,6.23%,7.46,mfa,参数二,"{""utb"": {""key_value"": 3, ""atr_period"": 14, ""use_ha"": false}, ""mfa"": {""mfa_all"": 21}}",RED CAT HOLDINGS INC,1D,,,,,,
2026-08-07 00:00:00,Long,ROL,37.74,2.47%,35.37,suf,参数一,"{""suf"": {""timeframe"": ""d""}}",ROLLINS INC,1D,,,,,,
2026-08-07 00:00:00,Long,ROL,37.74,2.47%,35.37,suf,参数二,"{""suf"": {""timeframe"": ""d""}}",ROLLINS INC,1D,,,,,,
2026-08-07 00:00:00,Short,TASK,7.3,-6.65%,8.27,suf,参数一,"{""suf"": {""timeframe"": ""d""}}",TASKUS INC-A,1D,,,,,,
2026-08-07 00:00:00,Short,TASK,7.3,-6.65%,8.27,suf,参数二,"{""suf"": {""timeframe"": ""d""}}",TASKUS INC-A,1D,,,,,,
2026-08-07 00:00:00,Long,BZAI,1.1,13.17%,0.9,utb,参数二,"{""utb"": {""key_value"": 3, ""atr_period"": 14, ""use_ha"": false}, ""r&s"": {""srb_left"": 15, ""srb_right"": 15}, ""atr"": {""atr_length"": 14, ""atr_mult"": 1.0}}",BLAIZE HOLDINGS INC,1D,,,,,,
2026-08-07 00:00:00,Long,BZAI,1.1,13.17%,0.9,mfa,参数二,"{""utb"": {""key_value"": 3, ""atr_period"": 14, ""use_ha"": false}, ""mfa"": {""mfa_all"": 23}}",BLAIZE HOLDINGS INC,1D,,,,,,
2026-08-07 00:00:00,Long,MBLY,8.73,3.68%,8.04,utb,参数一,"{""utb"": {""key_value"": 2, ""atr_period"": 14, ""use_ha"": false}, ""r&s"": {""srb_left"": 10, ""srb_right"": 10}, ""atr"": {""atr_length"": 14, ""atr_mult"": 1.0}}",MOBILEYE GLOBAL INC-A,1D,,,,,,
2026-08-07 00:00:00,Short,LASR,56.15,-25.56%,69.25,utb,参数一,"{""utb"": {""key_value"": 2, ""atr_period"": 14, ""use_ha"": false}, ""r&s"": {""srb_left"": 10, ""srb_right"": 10}, ""atr"": {""atr_length"": 14, ""atr_mult"": 1.0}}",NLIGHT INC,1D,,,,,,
2026-08-07 00:00:00,Short,LASR,56.15,-25.56%,69.25,sqz,参数一,"{""sqz"": {""bb_length"": 15, ""bb_mult"": 1.5, ""kc_length"": 15, ""kc_mult"": 1.2, ""min_sqz_bars"": 4}, ""r&s"": {""srb_left"": 10, ""srb_right"": 10}, ""atr"": {""atr_length"": 14, ""atr_mult"": 1.0}}",NLIGHT INC,1D,支撑释放,41.51-53.25-63.43-59.58-56.81,高-高-低-低,28.28%-19.12%-6.07%-4.65%,22.0,41.0
2026-08-07 00:00:00,Short,LASR,56.15,-25.56%,69.25,utb,参数二,"{""utb"": {""key_value"": 3, ""atr_period"": 14, ""use_ha"": false}, ""r&s"": {""srb_left"": 15, ""srb_right"": 15}, ""atr"": {""atr_length"": 14, ""atr_mult"": 1.0}}",NLIGHT INC,1D,,,,,,
2026-08-07 00:00:00,Long,IHS,8.35,1.33%,8.15,utb,参数二,"{""utb"": {""key_value"": 3, ""atr_period"": 14, ""use_ha"": false}, ""r&s"": {""srb_left"": 15, ""srb_right"": 15}, ""atr"": {""atr_length"": 14, ""atr_mult"": 1.0}}",IHS HOLDING LTD,1D,,,,,,
2026-08-07 00:00:00,Long,PIII,11.58,6.34%,9.65,utb,参数一,"{""utb"": {""key_value"": 2, ""atr_period"": 14, ""use_ha"": false}, ""r&s"": {""srb_left"": 10, ""srb_right"": 10}, ""atr"": {""atr_length"": 14, ""atr_mult"": 1.0}}",P3 HEALTH PARTNERS INC,1D,,,,,,
2026-08-07 00:00:00,Long,IOT,40.88,6.96%,37.16,sqz,参数一,"{""sqz"": {""bb_length"": 15, ""bb_mult"": 1.5, ""kc_length"": 15, ""kc_mult"": 1.2, ""min_sqz_bars"": 4}, ""r&s"": {""srb_left"": 10, ""srb_right"": 10}, ""atr"": {""atr_length"": 14, ""atr_mult"": 1.0}}",SAMSARA INC-CL A,1D,一直亮绿,41.27-47.47-35.56-32.59-38.77,高-低-低-高,15.02%-25.10%-8.34%-18.96%,47.0,34.76
2026-08-07 00:00:00,Short,MCAH,9.95,-0.10%,9.96,utb,参数一,"{""utb"": {""key_value"": 2, ""atr_period"": 14, ""use_ha"": false}, ""r&s"": {""srb_left"": 10, ""srb_right"": 10}, ""atr"": {""atr_length"": 14, ""atr_mult"": 1.0}}",MOUNTAIN CREST ACQUISITION 6,1D,,,,,,
2026-08-07 00:00:00,Long,ELMT,16.86,3.37%,14.97,utb,参数二,"{""utb"": {""key_value"": 3, ""atr_period"": 14, ""use_ha"": false}, ""r&s"": {""srb_left"": 15, ""srb_right"": 15}, ""atr"": {""atr_length"": 14, ""atr_mult"": 1.0}}",ELMET GROUP CO/THE,1D,,,,,,
2026-08-07 00:00:00,Long,ELMT,16.86,3.37%,14.97,mfa,参数二,"{""utb"": {""key_value"": 3, ""atr_period"": 14, ""use_ha"": false}, ""mfa"": {""mfa_all"": 20}}",ELMET GROUP CO/THE,1D,,,,,,
2026-08-07 00:00:00,Long,EPRX,6.77,1.65%,6.15,utb,参数一,"{""utb"": {""key_value"": 2, ""atr_period"": 14, ""use_ha"": false}, ""r&s"": {""srb_left"": 10, ""srb_right"": 10}, ""atr"": {""atr_length"": 14, ""atr_mult"": 1.0}}",EUPRAXIA PHARMACEUTICALS INC,1D,,,,,,
2026-08-07 00:00:00,Short,JXN,129.96,-2.53%,136.88,suf,参数一,"{""suf"": {""timeframe"": ""d""}}",JACKSON FINANCIAL INC-A,1D,,,,,,
2026-08-07 00:00:00,Short,JXN,129.96,-2.53%,136.88,suf,参数二,"{""suf"": {""timeframe"": ""d""}}",JACKSON FINANCIAL INC-A,1D,,,,,,
2026-08-07 00:00:00,Long,SKYE,0.52,9.96%,0.4,suf,参数一,"{""suf"": {""timeframe"": ""d""}}",SKYE BIOSCIENCE INC,1D,,,,,,
2026-08-07 00:00:00,Long,SKYE,0.52,9.96%,0.4,suf,参数二,"{""suf"": {""timeframe"": ""d""}}",SKYE BIOSCIENCE INC,1D,,,,,,
2026-08-07 00:00:00,Long,UPLD,5.25,22.66%,3.76,utb,参数一,"{""utb"": {""key_value"": 2, ""atr_period"": 14, ""use_ha"": false}, ""r&s"": {""srb_left"": 10, ""srb_right"": 10}, ""atr"": {""atr_length"": 14, ""atr_mult"": 1.0}}",UPLAND SOFTWARE INC,1D,,,,,,
2026-08-07 00:00:00,Long,LOCL,1.03,5.10%,0.9,suf,参数一,"{""suf"": {""timeframe"": ""d""}}",LOCAL BOUNTI CORP,1D,,,,,,
2026-08-07 00:00:00,Long,LOCL,1.03,5.10%,0.9,suf,参数二,"{""suf"": {""timeframe"": ""d""}}",LOCAL BOUNTI CORP,1D,,,,,,
2026-08-07 00:00:00,Long,SRRK,52.92,0.53%,48.23,utb,参数二,"{""utb"": {""key_value"": 3, ""atr_period"": 14, ""use_ha"": false}, ""r&s"": {""srb_left"": 15, ""srb_right"": 15}, ""atr"": {""atr_length"": 14, ""atr_mult"": 1.0}}",SCHOLAR ROCK HOLDING CORP,1D,,,,,,
2026-08-07 00:00:00,Long,LMNR,13.86,0.80%,13.37,utb,参数一,"{""utb"": {""key_value"": 2, ""atr_period"": 14, ""use_ha"": false}, ""r&s"": {""srb_left"": 10, ""srb_right"": 10}, ""atr"": {""atr_length"": 14, ""atr_mult"": 1.0}}",LIMONEIRA CO,1D,,,,,,
2026-08-07 00:00:00,Long,UBCP,16.15,2.47%,15.55,utb,参数一,"{""utb"": {""key_value"": 2, ""atr_period"": 14, ""use_ha"": false}, ""r&s"": {""srb_left"": 10, ""srb_right"": 10}, ""atr"": {""atr_length"": 14, ""atr_mult"": 1.0}}",UNITED BANCORP INC/OHIO,1D,,,,,,
2026-08-07 00:00:00,Long,LEA,122.84,3.16%,114.34,suf,参数一,"{""suf"": {""timeframe"": ""d""}}",LEAR CORP,1D,,,,,,
2026-08-07 00:00:00,Long,LEA,122.84,3.16%,114.34,suf,参数二,"{""suf"": {""timeframe"": ""d""}}",LEAR CORP,1D,,,,,,
2026-08-07 00:00:00,Long,BLNK,0.61,13.33%,0.49,utb,参数二,"{""utb"": {""key_value"": 3, ""atr_period"": 14, ""use_ha"": false}, ""r&s"": {""srb_left"": 15, ""srb_right"": 15}, ""atr"": {""atr_length"": 14, ""atr_mult"": 1.0}}",BLINK CHARGING CO,1D,,,,,,
2026-08-07 00:00:00,Long,BLNK,0.61,13.33%,0.49,mfa,参数二,"{""utb"": {""key_value"": 3, ""atr_period"": 14, ""use_ha"": false}, ""mfa"": {""mfa_all"": 44}}",BLINK CHARGING CO,1D,,,,,,
2026-08-07 00:00:00,Long,GPC,135.63,2.14%,128.69,utb,参数二,"{""utb"": {""key_value"": 3, ""atr_period"": 14, ""use_ha"": false}, ""r&s"": {""srb_left"": 15, ""srb_right"": 15}, ""atr"": {""atr_length"": 14, ""atr_mult"": 1.0}}",GENUINE PARTS CO,1D,,,,,,
2026-08-07 00:00:00,Long,LPSN,2.62,18.55%,2.02,sqz,参数一,"{""sqz"": {""bb_length"": 15, ""bb_mult"": 1.5, ""kc_length"": 15, ""kc_mult"": 1.2, ""min_sqz_bars"": 4}, ""r&s"": {""srb_left"": 10, ""srb_right"": 10}, ""atr"": {""atr_length"": 14, ""atr_mult"": 1.0}}",LIVEPERSON INC,1D,一直亮绿,7.54-5.49-3.43-3.5-2.44,低-低-高-低,27.19%-37.52%-2.04%-30.29%,47.0,74.29
2026-08-07 00:00:00,Short,RPID,1.73,-16.83%,2.14,utb,参数一,"{""utb"": {""key_value"": 2, ""atr_period"": 14, ""use_ha"": false}, ""r&s"": {""srb_left"": 10, ""srb_right"": 10}, ""atr"": {""atr_length"": 14, ""atr_mult"": 1.0}}",RAPID MICRO BIOSYSTEMS INC-A,1D,,,,,,
2026-08-07 00:00:00,Short,RPID,1.73,-16.83%,2.14,utb,参数二,"{""utb"": {""key_value"": 3, ""atr_period"": 14, ""use_ha"": false}, ""r&s"": {""srb_left"": 15, ""srb_right"": 15}, ""atr"": {""atr_length"": 14, ""atr_mult"": 1.0}}",RAPID MICRO BIOSYSTEMS INC-A,1D,,,,,,
2026-08-07 00:00:00,Short,AAMI,89.85,-1.87%,96.75,suf,参数一,"{""suf"": {""timeframe"": ""d""}}",ACADIAN ASSET MANAGEMENT INC,1D,,,,,,
2026-08-07 00:00:00,Short,AAMI,89.85,-1.87%,96.75,suf,参数二,"{""suf"": {""timeframe"": ""d""}}",ACADIAN ASSET MANAGEMENT INC,1D,,,,,,
2026-08-07 00:00:00,Long,FRD,43.91,16.41%,37.49,sqz,参数一,"{""sqz"": {""bb_length"": 15, ""bb_mult"": 1.5, ""kc_length"": 15, ""kc_mult"": 1.2, ""min_sqz_bars"": 4}, ""r&s"": {""srb_left"": 10, ""srb_right"": 10}, ""atr"": {""atr_length"": 14, ""atr_mult"": 1.0}}",FRIEDMAN INDUSTRIES,1D,压力释放,23.38-21.83-24.29-18.67-37.93,低-高-低-高,6.64%-11.29%-23.14%-103.14%,32.0,23.8
2026-08-07 00:00:00,Long,FRD,43.91,16.41%,37.49,sqz,参数二,"{""sqz"": {""bb_length"": 20, ""bb_mult"": 1.8, ""kc_length"": 20, ""kc_mult"": 1.5, ""min_sqz_bars"": 4}, ""r&s"": {""srb_left"": 15, ""srb_right"": 15}, ""atr"": {""atr_length"": 14, ""atr_mult"": 1.0}}",FRIEDMAN INDUSTRIES,1D,压力释放,nan-23.38-21.83-24.29-37.93,低-低-高-高,nan%-6.64%-11.29%-56.12%,32.0,23.8
2026-08-07 00:00:00,Short,MQ,15.96,-4.37%,17.58,utb,参数二,"{""utb"": {""key_value"": 3, ""atr_period"": 14, ""use_ha"": false}, ""r&s"": {""srb_left"": 15, ""srb_right"": 15}, ""atr"": {""atr_length"": 14, ""atr_mult"": 1.0}}",MARQETA INC-A,1D,,,,,,
2026-08-07 00:00:00,Long,FLR,57.0,16.92%,51.02,sqz,参数一,"{""sqz"": {""bb_length"": 15, ""bb_mult"": 1.5, ""kc_length"": 15, ""kc_mult"": 1.2, ""min_sqz_bars"": 4}, ""r&s"": {""srb_left"": 10, ""srb_right"": 10}, ""atr"": {""atr_length"": 14, ""atr_mult"": 1.0}}",FLUOR CORP,1D,压力释放,54.26-50.8-54.65-54.79-53.42,低-高-高-低,6.38%-7.58%-0.26%-2.50%,11.0,14.22
2026-08-07 00:00:00,Long,FLR,57.0,16.92%,51.02,utb,参数二,"{""utb"": {""key_value"": 3, ""atr_period"": 14, ""use_ha"": false}, ""r&s"": {""srb_left"": 15, ""srb_right"": 15}, ""atr"": {""atr_length"": 14, ""atr_mult"": 1.0}}",FLUOR CORP,1D,,,,,,
2026-08-07 00:00:00,Long,FLR,57.0,16.92%,51.02,sqz,参数二,"{""sqz"": {""bb_length"": 20, ""bb_mult"": 1.8, ""kc_length"": 20, ""kc_mult"": 1.5, ""min_sqz_bars"": 4}, ""r&s"": {""srb_left"": 15, ""srb_right"": 15}, ""atr"": {""atr_length"": 14, ""atr_mult"": 1.0}}",FLUOR CORP,1D,压力释放,nan-54.26-54.65-54.79,低-高-高,nan%-0.72%-0.26%,33.0,17.15
2026-08-07 00:00:00,Short,AIRT,32.0,-6.60%,36.29,suf,参数一,"{""suf"": {""timeframe"": ""d""}}",AIR T INC,1D,,,,,,
2026-08-07 00:00:00,Short,AIRT,32.0,-6.60%,36.29,suf,参数二,"{""suf"": {""timeframe"": ""d""}}",AIR T INC,1D,,,,,,
2026-08-07 00:00:00,Long,RGLD,229.92,5.41%,220.06,sqz,参数一,"{""sqz"": {""bb_length"": 15, ""bb_mult"": 1.5, ""kc_length"": 15, ""kc_mult"": 1.2, ""min_sqz_bars"": 4}, ""r&s"": {""srb_left"": 10, ""srb_right"": 10}, ""atr"": {""atr_length"": 14, ""atr_mult"": 1.0}}",ROYAL GOLD INC,1D,一直亮绿,nan-304.97-303.43-276.33-227.25,低-低-低-低,nan%-0.51%-8.93%-17.76%,35.0,21.96
2026-08-07 00:00:00,Long,XBIO,3.17,11.23%,2.57,utb,参数二,"{""utb"": {""key_value"": 3, ""atr_period"": 14, ""use_ha"": false}, ""r&s"": {""srb_left"": 15, ""srb_right"": 15}, ""atr"": {""atr_length"": 14, ""atr_mult"": 1.0}}",XENETIC BIOSCIENCES INC,1D,,,,,,
2026-08-07 00:00:00,Long,XBIO,3.17,11.23%,2.57,mfa,参数二,"{""utb"": {""key_value"": 3, ""atr_period"": 14, ""use_ha"": false}, ""mfa"": {""mfa_all"": 33}}",XENETIC BIOSCIENCES INC,1D,,,,,,
2026-08-07 00:00:00,Short,ASIX,16.48,-18.17%,17.9,sqz,参数一,"{""sqz"": {""bb_length"": 15, ""bb_mult"": 1.5, ""kc_length"": 15, ""kc_mult"": 1.2, ""min_sqz_bars"": 4}, ""r&s"": {""srb_left"": 10, ""srb_right"": 10}, ""atr"": {""atr_length"": 14, ""atr_mult"": 1.0}}",ADVANSIX INC,1D,支撑释放,15.31-16.84-21.21-19.26-18.88,高-高-低-低,9.97%-26.00%-9.22%-1.99%,33.0,18.89
2026-08-07 00:00:00,Short,ASIX,16.48,-18.17%,17.9,sqz,参数二,"{""sqz"": {""bb_length"": 20, ""bb_mult"": 1.8, ""kc_length"": 20, ""kc_mult"": 1.5, ""min_sqz_bars"": 4}, ""r&s"": {""srb_left"": 15, ""srb_right"": 15}, ""atr"": {""atr_length"": 14, ""atr_mult"": 1.0}}",ADVANSIX INC,1D,支撑释放,13.88-15.31-16.84-19.26-18.88,高-高-高-低,10.28%-9.97%-14.38%-1.99%,33.0,18.89
2026-08-07 00:00:00,Short,CPOP,0.38,6.15%,0.84,sqz,参数二,"{""sqz"": {""bb_length"": 20, ""bb_mult"": 1.8, ""kc_length"": 20, ""kc_mult"": 1.5, ""min_sqz_bars"": 4}, ""r&s"": {""srb_left"": 15, ""srb_right"": 15}, ""atr"": {""atr_length"": 14, ""atr_mult"": 1.0}}",POP CULTURE GROUP CO LTD-A,1D,一直释放,nan-3.86-3.01-2.8-2.1,低-低-低-低,nan%-22.02%-6.98%-25.00%,55.0,1114.29
2026-08-07 00:00:00,Long,CODX,1.52,7.04%,1.04,suf,参数一,"{""suf"": {""timeframe"": ""d""}}",CO-DIAGNOSTICS INC,1D,,,,,,
2026-08-07 00:00:00,Long,CODX,1.52,7.04%,1.04,suf,参数二,"{""suf"": {""timeframe"": ""d""}}",CO-DIAGNOSTICS INC,1D,,,,,,
2026-08-07 00:00:00,Long,PFLT,7.52,3.01%,7.08,utb,参数二,"{""utb"": {""key_value"": 3, ""atr_period"": 14, ""use_ha"": false}, ""r&s"": {""srb_left"": 15, ""srb_right"": 15}, ""atr"": {""atr_length"": 14, ""atr_mult"": 1.0}}",PENNANTPARK FLOATING RATE CA,1D,,,,,,
2026-08-07 00:00:00,Long,PFLT,7.52,3.01%,7.08,mfa,参数二,"{""utb"": {""key_value"": 3, ""atr_period"": 14, ""use_ha"": false}, ""mfa"": {""mfa_all"": 53}}",PENNANTPARK FLOATING RATE CA,1D,,,,,,
2026-08-07 00:00:00,Short,CDRE,32.82,-6.28%,36.95,suf,参数一,"{""suf"": {""timeframe"": ""d""}}",CADRE HOLDINGS INC,1D,,,,,,
2026-08-07 00:00:00,Short,CDRE,32.82,-6.28%,36.95,suf,参数二,"{""suf"": {""timeframe"": ""d""}}",CADRE HOLDINGS INC,1D,,,,,,
2026-08-07 00:00:00,Long,NWE,72.09,2.59%,67.88,utb,参数一,"{""utb"": {""key_value"": 2, ""atr_period"": 14, ""use_ha"": false}, ""r&s"": {""srb_left"": 10, ""srb_right"": 10}, ""atr"": {""atr_length"": 14, ""atr_mult"": 1.0}}",NORTHWESTERN ENERGY GROUP IN,1D,,,,,,
2026-08-07 00:00:00,Long,CRBP,10.17,4.41%,9.23,utb,参数二,"{""utb"": {""key_value"": 3, ""atr_period"": 14, ""use_ha"": false}, ""r&s"": {""srb_left"": 15, ""srb_right"": 15}, ""atr"": {""atr_length"": 14, ""atr_mult"": 1.0}}",CORBUS PHARMACEUTICALS HOLDI,1D,,,,,,
2026-08-07 00:00:00,Long,CVKD,1.95,4.28%,1.61,suf,参数一,"{""suf"": {""timeframe"": ""d""}}",CADRENAL THERAPEUTICS INC,1D,,,,,,
2026-08-07 00:00:00,Long,CVKD,1.95,4.28%,1.61,suf,参数二,"{""suf"": {""timeframe"": ""d""}}",CADRENAL THERAPEUTICS INC,1D,,,,,,
2026-08-07 00:00:00,Short,JOB,0.2,-4.76%,0.22,sqz,参数一,"{""sqz"": {""bb_length"": 15, ""bb_mult"": 1.5, ""kc_length"": 15, ""kc_mult"": 1.2, ""min_sqz_bars"": 4}, ""r&s"": {""srb_left"": 10, ""srb_right"": 10}, ""atr"": {""atr_length"": 14, ""atr_mult"": 1.0}}",GEE GROUP INC,1D,支撑释放,0.18-0.21-0.22-0.2,高-高-低,16.67%-4.76%-9.09%,28.0,10.0
2026-08-07 00:00:00,Long,CTSH,57.67,1.37%,53.6,sqz,参数一,"{""sqz"": {""bb_length"": 15, ""bb_mult"": 1.5, ""kc_length"": 15, ""kc_mult"": 1.2, ""min_sqz_bars"": 4}, ""r&s"": {""srb_left"": 10, ""srb_right"": 10}, ""atr"": {""atr_length"": 14, ""atr_mult"": 1.0}}",COGNIZANT TECH SOLUTIONS-A,1D,一直亮绿,85.89-85.98-66.51-62.6-57.65,高-低-低-低,0.10%-22.65%-5.88%-7.91%,47.0,55.47
2026-08-07 00:00:00,Long,CTSH,57.67,1.37%,53.6,sqz,参数二,"{""sqz"": {""bb_length"": 20, ""bb_mult"": 1.8, ""kc_length"": 20, ""kc_mult"": 1.5, ""min_sqz_bars"": 4}, ""r&s"": {""srb_left"": 15, ""srb_right"": 15}, ""atr"": {""atr_length"": 14, ""atr_mult"": 1.0}}",COGNIZANT TECH SOLUTIONS-A,1D,一直亮绿,nan-85.89-85.98-57.65,低-高-低,nan%-0.10%-32.95%,47.0,55.47
2026-08-07 00:00:00,Long,VFF,2.08,1.96%,1.94,utb,参数一,"{""utb"": {""key_value"": 2, ""atr_period"": 14, ""use_ha"": false}, ""r&s"": {""srb_left"": 10, ""srb_right"": 10}, ""atr"": {""atr_length"": 14, ""atr_mult"": 1.0}}",VILLAGE FARMS INTERNATIONAL,1D,,,,,,
2026-08-07 00:00:00,Long,ALB,131.11,4.54%,119.84,utb,参数二,"{""utb"": {""key_value"": 3, ""atr_period"": 14, ""use_ha"": false}, ""r&s"": {""srb_left"": 15, ""srb_right"": 15}, ""atr"": {""atr_length"": 14, ""atr_mult"": 1.0}}",ALBEMARLE CORP,1D,,,,,,
2026-08-07 00:00:00,Long,ALB,131.11,4.54%,119.84,mfa,参数二,"{""utb"": {""key_value"": 3, ""atr_period"": 14, ""use_ha"": false}, ""mfa"": {""mfa_all"": 56}}",ALBEMARLE CORP,1D,,,,,,
2026-08-07 00:00:00,Long,DDC,0.43,4.33%,0.33,suf,参数一,"{""suf"": {""timeframe"": ""d""}}",DDC ENTERPRISE LTD-A,1D,,,,,,
2026-08-07 00:00:00,Long,DDC,0.43,4.33%,0.33,suf,参数二,"{""suf"": {""timeframe"": ""d""}}",DDC ENTERPRISE LTD-A,1D,,,,,,
2026-08-07 00:00:00,Long,SDGR,18.16,1.97%,16.62,sqz,参数二,"{""sqz"": {""bb_length"": 20, ""bb_mult"": 1.8, ""kc_length"": 20, ""kc_mult"": 1.5, ""min_sqz_bars"": 4}, ""r&s"": {""srb_left"": 15, ""srb_right"": 15}, ""atr"": {""atr_length"": 14, ""atr_mult"": 1.0}}",SCHRODINGER INC,1D,一直释放,nan-19.58-17.82,低-低,nan%-8.99%,27.0,21.97
2026-08-07 00:00:00,Long,METCB,6.44,6.36%,5.16,suf,参数一,"{""suf"": {""timeframe"": ""d""}}",RAMACO RESOURCES INC-B,1D,,,,,,
2026-08-07 00:00:00,Long,METCB,6.44,6.36%,5.16,suf,参数二,"{""suf"": {""timeframe"": ""d""}}",RAMACO RESOURCES INC-B,1D,,,,,,
2026-08-07 00:00:00,Long,EYPT,13.89,8.26%,12.1,utb,参数一,"{""utb"": {""key_value"": 2, ""atr_period"": 14, ""use_ha"": false}, ""r&s"": {""srb_left"": 10, ""srb_right"": 10}, ""atr"": {""atr_length"": 14, ""atr_mult"": 1.0}}",EYEPOINT INC,1D,,,,,,
2026-08-07 00:00:00,Long,SORA,2.56,11.06%,1.92,utb,参数二,"{""utb"": {""key_value"": 3, ""atr_period"": 14, ""use_ha"": false}, ""r&s"": {""srb_left"": 15, ""srb_right"": 15}, ""atr"": {""atr_length"": 14, ""atr_mult"": 1.0}}",ASIASTRATEGY,1D,,,,,,
2026-08-07 00:00:00,Long,HCWC,0.3,50.00%,0.26,utb,参数二,"{""utb"": {""key_value"": 3, ""atr_period"": 14, ""use_ha"": false}, ""r&s"": {""srb_left"": 15, ""srb_right"": 15}, ""atr"": {""atr_length"": 14, ""atr_mult"": 1.0}}",HEALTHY CHOICE WELLNESS CORP,1D,,,,,,
2026-08-07 00:00:00,Long,MTW,18.81,32.37%,16.21,sqz,参数一,"{""sqz"": {""bb_length"": 15, ""bb_mult"": 1.5, ""kc_length"": 15, ""kc_mult"": 1.2, ""min_sqz_bars"": 4}, ""r&s"": {""srb_left"": 10, ""srb_right"": 10}, ""atr"": {""atr_length"": 14, ""atr_mult"": 1.0}}",MANITOWOC COMPANY INC,1D,一直释放,14.33-15.56-14.99-14.34-14.53,高-低-低-高,8.58%-3.66%-4.34%-1.32%,30.0,21.08
2026-08-07 00:00:00,Long,FRPH,21.92,3.40%,20.61,suf,参数一,"{""suf"": {""timeframe"": ""d""}}",FRP HOLDINGS INC,1D,,,,,,
2026-08-07 00:00:00,Long,FRPH,21.92,3.40%,20.61,suf,参数二,"{""suf"": {""timeframe"": ""d""}}",FRP HOLDINGS INC,1D,,,,,,
2026-08-07 00:00:00,Short,ARW,203.51,-8.45%,219.37,utb,参数一,"{""utb"": {""key_value"": 2, ""atr_period"": 14, ""use_ha"": false}, ""r&s"": {""srb_left"": 10, ""srb_right"": 10}, ""atr"": {""atr_length"": 14, ""atr_mult"": 1.0}}",ARROW ELECTRONICS INC,1D,,,,,,
2026-08-07 00:00:00,Long,SSRM,31.78,10.46%,28.44,utb,参数二,"{""utb"": {""key_value"": 3, ""atr_period"": 14, ""use_ha"": false}, ""r&s"": {""srb_left"": 15, ""srb_right"": 15}, ""atr"": {""atr_length"": 14, ""atr_mult"": 1.0}}",SSR MINING INC,1D,,,,,,
2026-08-07 00:00:00,Long,VMET,10.25,5.13%,9.31,utb,参数一,"{""utb"": {""key_value"": 2, ""atr_period"": 14, ""use_ha"": false}, ""r&s"": {""srb_left"": 10, ""srb_right"": 10}, ""atr"": {""atr_length"": 14, ""atr_mult"": 1.0}}",VERSAMET ROYALTIES CORP,1D,,,,,,
2026-08-07 00:00:00,Long,VMET,10.25,5.13%,9.31,mfa,参数一,"{""utb"": {""key_value"": 2, ""atr_period"": 14, ""use_ha"": false}, ""mfa"": {""mfa_all"": 24}}",VERSAMET ROYALTIES CORP,1D,,,,,,
2026-08-07 00:00:00,Short,SNEX,65.84,-1.33%,72.0,sqz,参数一,"{""sqz"": {""bb_length"": 15, ""bb_mult"": 1.5, ""kc_length"": 15, ""kc_mult"": 1.2, ""min_sqz_bars"": 4}, ""r&s"": {""srb_left"": 10, ""srb_right"": 10}, ""atr"": {""atr_length"": 14, ""atr_mult"": 1.0}}",STONEX GROUP INC,1D,支撑释放,nan-36.45-45.04-70.15-68.0,低-高-高-低,nan%-23.58%-55.74%-3.07%,14.0,16.69
2026-08-07 00:00:00,Short,CVRX,2.39,-59.76%,3.66,utb,参数一,"{""utb"": {""key_value"": 2, ""atr_period"": 14, ""use_ha"": false}, ""r&s"": {""srb_left"": 10, ""srb_right"": 10}, ""atr"": {""atr_length"": 14, ""atr_mult"": 1.0}}",CVRX INC,1D,,,,,,
2026-08-07 00:00:00,Short,CVRX,2.39,-59.76%,3.66,utb,参数二,"{""utb"": {""key_value"": 3, ""atr_period"": 14, ""use_ha"": false}, ""r&s"": {""srb_left"": 15, ""srb_right"": 15}, ""atr"": {""atr_length"": 14, ""atr_mult"": 1.0}}",CVRX INC,1D,,,,,,
2026-08-07 00:00:00,Long,CCJ,97.39,4.03%,90.53,utb,参数二,"{""utb"": {""key_value"": 3, ""atr_period"": 14, ""use_ha"": false}, ""r&s"": {""srb_left"": 15, ""srb_right"": 15}, ""atr"": {""atr_length"": 14, ""atr_mult"": 1.0}}",CAMECO CORP,1D,,,,,,
2026-08-07 00:00:00,Short,WSC,24.37,-5.62%,27.9,utb,参数一,"{""utb"": {""key_value"": 2, ""atr_period"": 14, ""use_ha"": false}, ""r&s"": {""srb_left"": 10, ""srb_right"": 10}, ""atr"": {""atr_length"": 14, ""atr_mult"": 1.0}}",WILLSCOT HOLDINGS CORP,1D,,,,,,
2026-08-07 00:00:00,Short,WSC,24.37,-5.62%,27.9,sqz,参数一,"{""sqz"": {""bb_length"": 15, ""bb_mult"": 1.5, ""kc_length"": 15, ""kc_mult"": 1.2, ""min_sqz_bars"": 4}, ""r&s"": {""srb_left"": 10, ""srb_right"": 10}, ""atr"": {""atr_length"": 14, ""atr_mult"": 1.0}}",WILLSCOT HOLDINGS CORP,1D,一直释放,14.77-18.17-19.36-16.47-24.92,高-高-低-高,23.03%-6.56%-14.91%-51.26%,21.0,11.08
2026-08-07 00:00:00,Long,RMCO,2.92,22.18%,2.19,utb,参数一,"{""utb"": {""key_value"": 2, ""atr_period"": 14, ""use_ha"": false}, ""r&s"": {""srb_left"": 10, ""srb_right"": 10}, ""atr"": {""atr_length"": 14, ""atr_mult"": 1.0}}",ROYALTY MANAGEMENT HOLDING C,1D,,,,,,
2026-08-07 00:00:00,Long,RMCO,2.92,22.18%,2.19,utb,参数二,"{""utb"": {""key_value"": 3, ""atr_period"": 14, ""use_ha"": false}, ""r&s"": {""srb_left"": 15, ""srb_right"": 15}, ""atr"": {""atr_length"": 14, ""atr_mult"": 1.0}}",ROYALTY MANAGEMENT HOLDING C,1D,,,,,,
2026-08-07 00:00:00,Short,PLUS,89.58,-0.85%,95.94,utb,参数一,"{""utb"": {""key_value"": 2, ""atr_period"": 14, ""use_ha"": false}, ""r&s"": {""srb_left"": 10, ""srb_right"": 10}, ""atr"": {""atr_length"": 14, ""atr_mult"": 1.0}}",EPLUS INC,1D,,,,,,
2026-08-07 00:00:00,Short,PPLI,41.58,-3.17%,45.47,utb,参数二,"{""utb"": {""key_value"": 3, ""atr_period"": 14, ""use_ha"": false}, ""r&s"": {""srb_left"": 15, ""srb_right"": 15}, ""atr"": {""atr_length"": 14, ""atr_mult"": 1.0}}",PEOPLE INC,1D,,,,,,
2026-08-07 00:00:00,Long,RVMD,205.15,3.71%,188.73,sqz,参数一,"{""sqz"": {""bb_length"": 15, ""bb_mult"": 1.5, ""kc_length"": 15, ""kc_mult"": 1.2, ""min_sqz_bars"": 4}, ""r&s"": {""srb_left"": 10, ""srb_right"": 10}, ""atr"": {""atr_length"": 14, ""atr_mult"": 1.0}}",REVOLUTION MEDICINES INC,1D,压力释放,124.49-107.45-155.7-166.5-193.82,低-高-高-高,13.69%-44.90%-6.94%-16.41%,21.0,10.13
2026-08-07 00:00:00,Long,SPCE,3.1,5.80%,2.73,utb,参数一,"{""utb"": {""key_value"": 2, ""atr_period"": 14, ""use_ha"": false}, ""r&s"": {""srb_left"": 10, ""srb_right"": 10}, ""atr"": {""atr_length"": 14, ""atr_mult"": 1.0}}",VIRGIN GALACTIC HOLDINGS INC,1D,,,,,,
2026-08-07 00:00:00,Short,WENC,9.96,-0.40%,10.02,utb,参数一,"{""utb"": {""key_value"": 2, ""atr_period"": 14, ""use_ha"": false}, ""r&s"": {""srb_left"": 10, ""srb_right"": 10}, ""atr"": {""atr_length"": 14, ""atr_mult"": 1.0}}",WEST ENCLAVE MERGER CORP,1D,,,,,,
2026-08-07 00:00:00,Long,CRDL,1.42,4.41%,1.27,sqz,参数一,"{""sqz"": {""bb_length"": 15, ""bb_mult"": 1.5, ""kc_length"": 15, ""kc_mult"": 1.2, ""min_sqz_bars"": 4}, ""r&s"": {""srb_left"": 10, ""srb_right"": 10}, ""atr"": {""atr_length"": 14, ""atr_mult"": 1.0}}",CARDIOL THERAPEUTICS INC-A,1D,压力释放,1.12-1.08-1.1-1.71-1.4,低-高-高-低,3.57%-1.85%-55.45%-18.13%,58.0,46.44
2026-08-07 00:00:00,Long,TEM,52.05,12.86%,43.74,utb,参数一,"{""utb"": {""key_value"": 2, ""atr_period"": 14, ""use_ha"": false}, ""r&s"": {""srb_left"": 10, ""srb_right"": 10}, ""atr"": {""atr_length"": 14, ""atr_mult"": 1.0}}",TEMPUS AI INC-CL A,1D,,,,,,
2026-08-07 00:00:00,Long,TEM,52.05,12.86%,43.74,mfa,参数一,"{""utb"": {""key_value"": 2, ""atr_period"": 14, ""use_ha"": false}, ""mfa"": {""mfa_all"": 11}}",TEMPUS AI INC-CL A,1D,,,,,,
2026-08-07 00:00:00,Long,TEM,52.05,12.86%,43.74,utb,参数二,"{""utb"": {""key_value"": 3, ""atr_period"": 14, ""use_ha"": false}, ""r&s"": {""srb_left"": 15, ""srb_right"": 15}, ""atr"": {""atr_length"": 14, ""atr_mult"": 1.0}}",TEMPUS AI INC-CL A,1D,,,,,,
2026-08-07 00:00:00,Long,TEM,52.05,12.86%,43.74,mfa,参数二,"{""utb"": {""key_value"": 3, ""atr_period"": 14, ""use_ha"": false}, ""mfa"": {""mfa_all"": 11}}",TEMPUS AI INC-CL A,1D,,,,,,
2026-08-07 00:00:00,Long,UAMY,6.85,10.31%,5.91,utb,参数二,"{""utb"": {""key_value"": 3, ""atr_period"": 14, ""use_ha"": false}, ""r&s"": {""srb_left"": 15, ""srb_right"": 15}, ""atr"": {""atr_length"": 14, ""atr_mult"": 1.0}}",UNITED STATES ANTIMONY CORP,1D,,,,,,
2026-08-07 00:00:00,Long,UAMY,6.85,10.31%,5.91,mfa,参数二,"{""utb"": {""key_value"": 3, ""atr_period"": 14, ""use_ha"": false}, ""mfa"": {""mfa_all"": 42}}",UNITED STATES ANTIMONY CORP,1D,,,,,,
2026-08-07 00:00:00,Long,ZKP,9.98,0.00%,9.98,sqz,参数二,"{""sqz"": {""bb_length"": 20, ""bb_mult"": 1.8, ""kc_length"": 20, ""kc_mult"": 1.5, ""min_sqz_bars"": 4}, ""r&s"": {""srb_left"": 15, ""srb_right"": 15}, ""atr"": {""atr_length"": 14, ""atr_mult"": 1.0}}",LAFAYETTE DIGITAL ACQUISITIO,1D,一直释放,nan-9.94,低,nan%,74.0,0.51
2026-08-07 00:00:00,Long,NRDS,9.91,12.10%,8.53,utb,参数一,"{""utb"": {""key_value"": 2, ""atr_period"": 14, ""use_ha"": false}, ""r&s"": {""srb_left"": 10, ""srb_right"": 10}, ""atr"": {""atr_length"": 14, ""atr_mult"": 1.0}}",NERDWALLET INC-CL A,1D,,,,,,
2026-08-07 00:00:00,Long,NN,16.31,8.73%,13.71,utb,参数二,"{""utb"": {""key_value"": 3, ""atr_period"": 14, ""use_ha"": false}, ""r&s"": {""srb_left"": 15, ""srb_right"": 15}, ""atr"": {""atr_length"": 14, ""atr_mult"": 1.0}}",NEXTNAV INC,1D,,,,,,
2026-08-07 00:00:00,Short,WALD,1.39,-3.47%,1.56,utb,参数二,"{""utb"": {""key_value"": 3, ""atr_period"": 14, ""use_ha"": false}, ""r&s"": {""srb_left"": 15, ""srb_right"": 15}, ""atr"": {""atr_length"": 14, ""atr_mult"": 1.0}}",WALDENCAST PLC-A,1D,,,,,,
2026-08-07 00:00:00,Long,MDAI,1.75,5.42%,1.58,utb,参数一,"{""utb"": {""key_value"": 2, ""atr_period"": 14, ""use_ha"": false}, ""r&s"": {""srb_left"": 10, ""srb_right"": 10}, ""atr"": {""atr_length"": 14, ""atr_mult"": 1.0}}",SPECTRAL AI INC,1D,,,,,,
2026-08-07 00:00:00,Long,MDAI,1.75,5.42%,1.58,mfa,参数一,"{""utb"": {""key_value"": 2, ""atr_period"": 14, ""use_ha"": false}, ""mfa"": {""mfa_all"": 15}}",SPECTRAL AI INC,1D,,,,,,
2026-08-07 00:00:00,Long,MDAI,1.75,5.42%,1.58,utb,参数二,"{""utb"": {""key_value"": 3, ""atr_period"": 14, ""use_ha"": false}, ""r&s"": {""srb_left"": 15, ""srb_right"": 15}, ""atr"": {""atr_length"": 14, ""atr_mult"": 1.0}}",SPECTRAL AI INC,1D,,,,,,
2026-08-07 00:00:00,Long,MDAI,1.75,5.42%,1.58,mfa,参数二,"{""utb"": {""key_value"": 3, ""atr_period"": 14, ""use_ha"": false}, ""mfa"": {""mfa_all"": 15}}",SPECTRAL AI INC,1D,,,,,,
2026-08-07 00:00:00,Long,ALGS,5.59,1.45%,4.72,utb,参数二,"{""utb"": {""key_value"": 3, ""atr_period"": 14, ""use_ha"": false}, ""r&s"": {""srb_left"": 15, ""srb_right"": 15}, ""atr"": {""atr_length"": 14, ""atr_mult"": 1.0}}",ALIGOS THERAPEUTICS INC,1D,,,,,,
2026-08-07 00:00:00,Long,ALGS,5.59,1.45%,4.72,mfa,参数二,"{""utb"": {""key_value"": 3, ""atr_period"": 14, ""use_ha"": false}, ""mfa"": {""mfa_all"": 12}}",ALIGOS THERAPEUTICS INC,1D,,,,,,
2026-08-07 00:00:00,Long,UAVS,0.92,27.78%,0.77,utb,参数一,"{""utb"": {""key_value"": 2, ""atr_period"": 14, ""use_ha"": false}, ""r&s"": {""srb_left"": 10, ""srb_right"": 10}, ""atr"": {""atr_length"": 14, ""atr_mult"": 1.0}}",AGEAGLE AERIAL SYSTEMS INC,1D,,,,,,
2026-08-07 00:00:00,Long,UAVS,0.92,27.78%,0.77,mfa,参数一,"{""utb"": {""key_value"": 2, ""atr_period"": 14, ""use_ha"": false}, ""mfa"": {""mfa_all"": 42}}",AGEAGLE AERIAL SYSTEMS INC,1D,,,,,,
2026-08-07 00:00:00,Long,UAVS,0.92,27.78%,0.77,utb,参数二,"{""utb"": {""key_value"": 3, ""atr_period"": 14, ""use_ha"": false}, ""r&s"": {""srb_left"": 15, ""srb_right"": 15}, ""atr"": {""atr_length"": 14, ""atr_mult"": 1.0}}",AGEAGLE AERIAL SYSTEMS INC,1D,,,,,,
2026-08-07 00:00:00,Long,UAVS,0.92,27.78%,0.77,mfa,参数二,"{""utb"": {""key_value"": 3, ""atr_period"": 14, ""use_ha"": false}, ""mfa"": {""mfa_all"": 42}}",AGEAGLE AERIAL SYSTEMS INC,1D,,,,,,
2026-08-07 00:00:00,Short,TDAY,7.25,-9.38%,8.43,sqz,参数一,"{""sqz"": {""bb_length"": 15, ""bb_mult"": 1.5, ""kc_length"": 15, ""kc_mult"": 1.2, ""min_sqz_bars"": 4}, ""r&s"": {""srb_left"": 10, ""srb_right"": 10}, ""atr"": {""atr_length"": 14, ""atr_mult"": 1.0}}",USA TODAY CO INC,1D,支撑释放,5.09-5.61-5.74-6.76-7.51,高-高-高-高,10.22%-2.32%-17.77%-11.09%,37.0,22.64
2026-08-07 00:00:00,Short,CIA,3.8,-16.85%,4.67,sqz,参数二,"{""sqz"": {""bb_length"": 20, ""bb_mult"": 1.8, ""kc_length"": 20, ""kc_mult"": 1.5, ""min_sqz_bars"": 4}, ""r&s"": {""srb_left"": 15, ""srb_right"": 15}, ""atr"": {""atr_length"": 14, ""atr_mult"": 1.0}}",CITIZENS INC,1D,一直释放,nan-4.66-4.6-4.4-4.73,低-低-低-高,nan%-1.29%-4.35%-7.50%,53.0,38.27
2026-08-07 00:00:00,Short,BFAM,73.38,-0.80%,77.98,utb,参数二,"{""utb"": {""key_value"": 3, ""atr_period"": 14, ""use_ha"": false}, ""r&s"": {""srb_left"": 15, ""srb_right"": 15}, ""atr"": {""atr_length"": 14, ""atr_mult"": 1.0}}",BRIGHT HORIZONS FAMILY SOLUT,1D,,,,,,
2026-08-07 00:00:00,Short,BEN,33.77,-0.68%,35.17,utb,参数一,"{""utb"": {""key_value"": 2, ""atr_period"": 14, ""use_ha"": false}, ""r&s"": {""srb_left"": 10, ""srb_right"": 10}, ""atr"": {""atr_length"": 14, ""atr_mult"": 1.0}}",FRANKLIN RESOURCES INC,1D,,,,,,
2026-08-07 00:00:00,Long,FIP,4.27,5.30%,3.68,utb,参数二,"{""utb"": {""key_value"": 3, ""atr_period"": 14, ""use_ha"": false}, ""r&s"": {""srb_left"": 15, ""srb_right"": 15}, ""atr"": {""atr_length"": 14, ""atr_mult"": 1.0}}",FTAI INFRASTRUCTURE INC,1D,,,,,,
2026-08-07 00:00:00,Long,FIP,4.27,5.30%,3.68,mfa,参数二,"{""utb"": {""key_value"": 3, ""atr_period"": 14, ""use_ha"": false}, ""mfa"": {""mfa_all"": 15}}",FTAI INFRASTRUCTURE INC,1D,,,,,,
2026-08-07 00:00:00,Long,CYN,1.23,10.81%,1.04,utb,参数一,"{""utb"": {""key_value"": 2, ""atr_period"": 14, ""use_ha"": false}, ""r&s"": {""srb_left"": 10, ""srb_right"": 10}, ""atr"": {""atr_length"": 14, ""atr_mult"": 1.0}}",CYNGN INC,1D,,,,,,
2026-08-07 00:00:00,Long,CYN,1.23,10.81%,1.04,mfa,参数一,"{""utb"": {""key_value"": 2, ""atr_period"": 14, ""use_ha"": false}, ""mfa"": {""mfa_all"": 11}}",CYNGN INC,1D,,,,,,
2026-08-07 00:00:00,Long,CGBD,11.02,3.38%,10.36,utb,参数二,"{""utb"": {""key_value"": 3, ""atr_period"": 14, ""use_ha"": false}, ""r&s"": {""srb_left"": 15, ""srb_right"": 15}, ""atr"": {""atr_length"": 14, ""atr_mult"": 1.0}}",CARLYLE SECURED LENDING INC,1D,,,,,,
2026-08-07 00:00:00,Long,CGBD,11.02,3.38%,10.36,mfa,参数二,"{""utb"": {""key_value"": 3, ""atr_period"": 14, ""use_ha"": false}, ""mfa"": {""mfa_all"": 12}}",CARLYLE SECURED LENDING INC,1D,,,,,,
2026-08-07 00:00:00,Short,AMLX,22.82,-5.66%,26.0,suf,参数一,"{""suf"": {""timeframe"": ""d""}}",AMYLYX PHARMACEUTICALS INC,1D,,,,,,
2026-08-07 00:00:00,Short,AMLX,22.82,-5.66%,26.0,suf,参数二,"{""suf"": {""timeframe"": ""d""}}",AMYLYX PHARMACEUTICALS INC,1D,,,,,,
2026-08-07 00:00:00,Long,DOCU,60.26,5.91%,55.17,sqz,参数一,"{""sqz"": {""bb_length"": 15, ""bb_mult"": 1.5, ""kc_length"": 15, ""kc_mult"": 1.2, ""min_sqz_bars"": 4}, ""r&s"": {""srb_left"": 10, ""srb_right"": 10}, ""atr"": {""atr_length"": 14, ""atr_mult"": 1.0}}",DOCUSIGN INC,1D,一直亮绿,70.93-51.4-49.43-49.66-57.29,低-低-高-高,27.53%-3.83%-0.47%-15.36%,47.0,38.49
2026-08-07 00:00:00,Long,DOCU,60.26,5.91%,55.17,sqz,参数二,"{""sqz"": {""bb_length"": 20, ""bb_mult"": 1.8, ""kc_length"": 20, ""kc_mult"": 1.5, ""min_sqz_bars"": 4}, ""r&s"": {""srb_left"": 15, ""srb_right"": 15}, ""atr"": {""atr_length"": 14, ""atr_mult"": 1.0}}",DOCUSIGN INC,1D,一直亮绿,nan-72.35-51.4-57.29,低-低-高,nan%-28.96%-11.46%,47.0,38.49
2026-08-07 00:00:00,Short,PAGS,9.14,-2.35%,9.79,utb,参数一,"{""utb"": {""key_value"": 2, ""atr_period"": 14, ""use_ha"": false}, ""r&s"": {""srb_left"": 10, ""srb_right"": 10}, ""atr"": {""atr_length"": 14, ""atr_mult"": 1.0}}",PAGSEGURO DIGITAL LTD-CL A,1D,,,,,,
2026-08-07 00:00:00,Long,GLDG,1.02,6.25%,0.94,utb,参数二,"{""utb"": {""key_value"": 3, ""atr_period"": 14, ""use_ha"": false}, ""r&s"": {""srb_left"": 15, ""srb_right"": 15}, ""atr"": {""atr_length"": 14, ""atr_mult"": 1.0}}",GOLDMINING INC,1D,,,,,,
2026-08-07 00:00:00,Long,GLDG,1.02,6.25%,0.94,mfa,参数二,"{""utb"": {""key_value"": 3, ""atr_period"": 14, ""use_ha"": false}, ""mfa"": {""mfa_all"": 20}}",GOLDMINING INC,1D,,,,,,
2026-08-07 00:00:00,Long,NYXH,1.47,12.21%,1.27,suf,参数一,"{""suf"": {""timeframe"": ""d""}}",NYXOAH SA,1D,,,,,,
2026-08-07 00:00:00,Long,NYXH,1.47,12.21%,1.27,suf,参数二,"{""suf"": {""timeframe"": ""d""}}",NYXOAH SA,1D,,,,,,
2026-08-07 00:00:00,Long,OGN,13.6,0.37%,13.51,sqz,参数二,"{""sqz"": {""bb_length"": 20, ""bb_mult"": 1.8, ""kc_length"": 20, ""kc_mult"": 1.5, ""min_sqz_bars"": 4}, ""r&s"": {""srb_left"": 15, ""srb_right"": 15}, ""atr"": {""atr_length"": 14, ""atr_mult"": 1.0}}",ORGANON & CO,1D,压力释放,nan-9.9-13.6,低-高,nan%-37.37%,26.0,1.04
2026-08-07 00:00:00,Long,MVST,0.91,15.86%,0.72,utb,参数一,"{""utb"": {""key_value"": 2, ""atr_period"": 14, ""use_ha"": false}, ""r&s"": {""srb_left"": 10, ""srb_right"": 10}, ""atr"": {""atr_length"": 14, ""atr_mult"": 1.0}}",MICROVAST HOLDINGS INC,1D,,,,,,
2026-08-07 00:00:00,Long,MVST,0.91,15.86%,0.72,mfa,参数一,"{""utb"": {""key_value"": 2, ""atr_period"": 14, ""use_ha"": false}, ""mfa"": {""mfa_all"": 61}}",MICROVAST HOLDINGS INC,1D,,,,,,
2026-08-07 00:00:00,Long,SRZN,25.62,18.39%,20.15,utb,参数一,"{""utb"": {""key_value"": 2, ""atr_period"": 14, ""use_ha"": false}, ""r&s"": {""srb_left"": 10, ""srb_right"": 10}, ""atr"": {""atr_length"": 14, ""atr_mult"": 1.0}}",SURROZEN INC,1D,,,,,,
2026-08-07 00:00:00,Long,SRZN,25.62,18.39%,20.15,mfa,参数一,"{""utb"": {""key_value"": 2, ""atr_period"": 14, ""use_ha"": false}, ""mfa"": {""mfa_all"": 16}}",SURROZEN INC,1D,,,,,,
2026-08-07 00:00:00,Long,SRZN,25.62,18.39%,20.15,utb,参数二,"{""utb"": {""key_value"": 3, ""atr_period"": 14, ""use_ha"": false}, ""r&s"": {""srb_left"": 15, ""srb_right"": 15}, ""atr"": {""atr_length"": 14, ""atr_mult"": 1.0}}",SURROZEN INC,1D,,,,,,
2026-08-07 00:00:00,Long,SRZN,25.62,18.39%,20.15,mfa,参数二,"{""utb"": {""key_value"": 3, ""atr_period"": 14, ""use_ha"": false}, ""mfa"": {""mfa_all"": 16}}",SURROZEN INC,1D,,,,,,
2026-08-07 00:00:00,Short,PECE,9.91,-0.20%,9.92,utb,参数一,"{""utb"": {""key_value"": 2, ""atr_period"": 14, ""use_ha"": false}, ""r&s"": {""srb_left"": 10, ""srb_right"": 10}, ""atr"": {""atr_length"": 14, ""atr_mult"": 1.0}}",PEACE ACQUISITION CORP,1D,,,,,,
2026-08-07 00:00:00,Long,NEPH,4.21,17.27%,3.33,utb,参数一,"{""utb"": {""key_value"": 2, ""atr_period"": 14, ""use_ha"": false}, ""r&s"": {""srb_left"": 10, ""srb_right"": 10}, ""atr"": {""atr_length"": 14, ""atr_mult"": 1.0}}",NEPHROS INC,1D,,,,,,
2026-08-07 00:00:00,Short,INGN,6.05,-6.78%,6.58,utb,参数一,"{""utb"": {""key_value"": 2, ""atr_period"": 14, ""use_ha"": false}, ""r&s"": {""srb_left"": 10, ""srb_right"": 10}, ""atr"": {""atr_length"": 14, ""atr_mult"": 1.0}}",INOGEN INC,1D,,,,,,
2026-08-07 00:00:00,Short,INGN,6.05,-6.78%,6.58,utb,参数二,"{""utb"": {""key_value"": 3, ""atr_period"": 14, ""use_ha"": false}, ""r&s"": {""srb_left"": 15, ""srb_right"": 15}, ""atr"": {""atr_length"": 14, ""atr_mult"": 1.0}}",INOGEN INC,1D,,,,,,
2026-08-07 00:00:00,Long,XPL,0.77,4.05%,0.7,utb,参数一,"{""utb"": {""key_value"": 2, ""atr_period"": 14, ""use_ha"": false}, ""r&s"": {""srb_left"": 10, ""srb_right"": 10}, ""atr"": {""atr_length"": 14, ""atr_mult"": 1.0}}",SOLITARIO RESOURCES CORP,1D,,,,,,
2026-08-07 00:00:00,Long,META,592.1,0.37%,562.4,utb,参数一,"{""utb"": {""key_value"": 2, ""atr_period"": 14, ""use_ha"": false}, ""r&s"": {""srb_left"": 10, ""srb_right"": 10}, ""atr"": {""atr_length"": 14, ""atr_mult"": 1.0}}",META PLATFORMS INC-CLASS A,1D,,,,,,
2026-08-07 00:00:00,Short,TDG,1225.25,-2.92%,1314.14,utb,参数一,"{""utb"": {""key_value"": 2, ""atr_period"": 14, ""use_ha"": false}, ""r&s"": {""srb_left"": 10, ""srb_right"": 10}, ""atr"": {""atr_length"": 14, ""atr_mult"": 1.0}}",TRANSDIGM GROUP INC,1D,,,,,,
2026-08-07 00:00:00,Long,HASI,40.68,6.38%,38.63,utb,参数二,"{""utb"": {""key_value"": 3, ""atr_period"": 14, ""use_ha"": false}, ""r&s"": {""srb_left"": 15, ""srb_right"": 15}, ""atr"": {""atr_length"": 14, ""atr_mult"": 1.0}}",HA SUSTAINABLE INFRASTRUCTUR,1D,,,,,,
2026-08-07 00:00:00,Long,LIDR,1.32,8.20%,1.05,utb,参数二,"{""utb"": {""key_value"": 3, ""atr_period"": 14, ""use_ha"": false}, ""r&s"": {""srb_left"": 15, ""srb_right"": 15}, ""atr"": {""atr_length"": 14, ""atr_mult"": 1.0}}",AEYE INC,1D,,,,,,
2026-08-07 00:00:00,Long,LIDR,1.32,8.20%,1.05,mfa,参数二,"{""utb"": {""key_value"": 3, ""atr_period"": 14, ""use_ha"": false}, ""mfa"": {""mfa_all"": 42}}",AEYE INC,1D,,,,,,
2026-08-07 00:00:00,Short,ADIL,3.98,-17.08%,5.25,utb,参数一,"{""utb"": {""key_value"": 2, ""atr_period"": 14, ""use_ha"": false}, ""r&s"": {""srb_left"": 10, ""srb_right"": 10}, ""atr"": {""atr_length"": 14, ""atr_mult"": 1.0}}",ADIAL PHARMACEUTICALS INC,1D,,,,,,
2026-08-07 00:00:00,Short,ADIL,3.98,-17.08%,5.25,suf,参数一,"{""suf"": {""timeframe"": ""d""}}",ADIAL PHARMACEUTICALS INC,1D,,,,,,
2026-08-07 00:00:00,Short,ADIL,3.98,-17.08%,5.25,suf,参数二,"{""suf"": {""timeframe"": ""d""}}",ADIAL PHARMACEUTICALS INC,1D,,,,,,
2026-08-07 00:00:00,Short,NTAP,189.52,-1.02%,201.92,suf,参数一,"{""suf"": {""timeframe"": ""d""}}",NETAPP INC,1D,,,,,,
2026-08-07 00:00:00,Short,NTAP,189.52,-1.02%,201.92,suf,参数二,"{""suf"": {""timeframe"": ""d""}}",NETAPP INC,1D,,,,,,
2026-08-07 00:00:00,Long,OKLO,48.42,14.77%,40.16,utb,参数一,"{""utb"": {""key_value"": 2, ""atr_period"": 14, ""use_ha"": false}, ""r&s"": {""srb_left"": 10, ""srb_right"": 10}, ""atr"": {""atr_length"": 14, ""atr_mult"": 1.0}}",OKLO INC,1D,,,,,,
2026-08-07 00:00:00,Long,OKLO,48.42,14.77%,40.16,mfa,参数一,"{""utb"": {""key_value"": 2, ""atr_period"": 14, ""use_ha"": false}, ""mfa"": {""mfa_all"": 42}}",OKLO INC,1D,,,,,,
2026-08-07 00:00:00,Long,OKLO,48.42,14.77%,40.16,utb,参数二,"{""utb"": {""key_value"": 3, ""atr_period"": 14, ""use_ha"": false}, ""r&s"": {""srb_left"": 15, ""srb_right"": 15}, ""atr"": {""atr_length"": 14, ""atr_mult"": 1.0}}",OKLO INC,1D,,,,,,
2026-08-07 00:00:00,Long,OKLO,48.42,14.77%,40.16,mfa,参数二,"{""utb"": {""key_value"": 3, ""atr_period"": 14, ""use_ha"": false}, ""mfa"": {""mfa_all"": 42}}",OKLO INC,1D,,,,,,
2026-08-07 00:00:00,Short,FOSL,5.38,-7.56%,6.34,utb,参数一,"{""utb"": {""key_value"": 2, ""atr_period"": 14, ""use_ha"": false}, ""r&s"": {""srb_left"": 10, ""srb_right"": 10}, ""atr"": {""atr_length"": 14, ""atr_mult"": 1.0}}",FOSSIL GROUP INC,1D,,,,,,
2026-08-07 00:00:00,Short,FOSL,5.38,-7.56%,6.34,suf,参数一,"{""suf"": {""timeframe"": ""d""}}",FOSSIL GROUP INC,1D,,,,,,
2026-08-07 00:00:00,Short,FOSL,5.38,-7.56%,6.34,suf,参数二,"{""suf"": {""timeframe"": ""d""}}",FOSSIL GROUP INC,1D,,,,,,
2026-08-07 00:00:00,Short,WLYB,53.78,-0.92%,54.44,suf,参数一,"{""suf"": {""timeframe"": ""d""}}",WILEY (JOHN) & SONS-CL B,1D,,,,,,
2026-08-07 00:00:00,Short,WLYB,53.78,-0.92%,54.44,suf,参数二,"{""suf"": {""timeframe"": ""d""}}",WILEY (JOHN) & SONS-CL B,1D,,,,,,
2026-08-07 00:00:00,Short,KFII,10.61,-0.19%,10.62,utb,参数一,"{""utb"": {""key_value"": 2, ""atr_period"": 14, ""use_ha"": false}, ""r&s"": {""srb_left"": 10, ""srb_right"": 10}, ""atr"": {""atr_length"": 14, ""atr_mult"": 1.0}}",K&F GROWTH ACQUISITION COR-A,1D,,,,,,
2026-08-07 00:00:00,Long,ASPI,4.43,8.05%,3.72,utb,参数一,"{""utb"": {""key_value"": 2, ""atr_period"": 14, ""use_ha"": false}, ""r&s"": {""srb_left"": 10, ""srb_right"": 10}, ""atr"": {""atr_length"": 14, ""atr_mult"": 1.0}}",ASP ISOTOPES INC,1D,,,,,,
2026-08-07 00:00:00,Long,ASPI,4.43,8.05%,3.72,mfa,参数一,"{""utb"": {""key_value"": 2, ""atr_period"": 14, ""use_ha"": false}, ""mfa"": {""mfa_all"": 23}}",ASP ISOTOPES INC,1D,,,,,,
2026-08-07 00:00:00,Long,ENVX,4.7,10.33%,3.88,utb,参数一,"{""utb"": {""key_value"": 2, ""atr_period"": 14, ""use_ha"": false}, ""r&s"": {""srb_left"": 10, ""srb_right"": 10}, ""atr"": {""atr_length"": 14, ""atr_mult"": 1.0}}",ENOVIX CORP,1D,,,,,,
2026-08-07 00:00:00,Long,ENVX,4.7,10.33%,3.88,mfa,参数一,"{""utb"": {""key_value"": 2, ""atr_period"": 14, ""use_ha"": false}, ""mfa"": {""mfa_all"": 26}}",ENOVIX CORP,1D,,,,,,
2026-08-07 00:00:00,Short,XPOF,5.03,-20.91%,5.68,utb,参数一,"{""utb"": {""key_value"": 2, ""atr_period"": 14, ""use_ha"": false}, ""r&s"": {""srb_left"": 10, ""srb_right"": 10}, ""atr"": {""atr_length"": 14, ""atr_mult"": 1.0}}",XPONENTIAL FITNESS INC-A,1D,,,,,,
2026-08-07 00:00:00,Short,XPOF,5.03,-20.91%,5.68,sqz,参数一,"{""sqz"": {""bb_length"": 15, ""bb_mult"": 1.5, ""kc_length"": 15, ""kc_mult"": 1.2, ""min_sqz_bars"": 4}, ""r&s"": {""srb_left"": 10, ""srb_right"": 10}, ""atr"": {""atr_length"": 14, ""atr_mult"": 1.0}}",XPONENTIAL FITNESS INC-A,1D,支撑释放,5.38-7.57-3.83-4.42-5.91,高-低-高-高,40.71%-49.41%-15.40%-33.82%,11.0,18.51
2026-08-07 00:00:00,Long,EGY,5.55,7.56%,5.23,utb,参数一,"{""utb"": {""key_value"": 2, ""atr_period"": 14, ""use_ha"": false}, ""r&s"": {""srb_left"": 10, ""srb_right"": 10}, ""atr"": {""atr_length"": 14, ""atr_mult"": 1.0}}",VAALCO ENERGY INC,1D,,,,,,
2026-08-07 00:00:00,Long,NPCE,14.83,6.69%,12.92,utb,参数一,"{""utb"": {""key_value"": 2, ""atr_period"": 14, ""use_ha"": false}, ""r&s"": {""srb_left"": 10, ""srb_right"": 10}, ""atr"": {""atr_length"": 14, ""atr_mult"": 1.0}}",NEUROPACE INC,1D,,,,,,
2026-08-07 00:00:00,Long,NPCE,14.83,6.69%,12.92,mfa,参数一,"{""utb"": {""key_value"": 2, ""atr_period"": 14, ""use_ha"": false}, ""mfa"": {""mfa_all"": 13}}",NEUROPACE INC,1D,,,,,,
2026-08-07 00:00:00,Long,ATXG,3.95,8.52%,3.26,utb,参数二,"{""utb"": {""key_value"": 3, ""atr_period"": 14, ""use_ha"": false}, ""r&s"": {""srb_left"": 15, ""srb_right"": 15}, ""atr"": {""atr_length"": 14, ""atr_mult"": 1.0}}",ADDENTAX GROUP CORP,1D,,,,,,
2026-08-07 00:00:00,Short,CHCO,144.94,-0.21%,149.23,suf,参数一,"{""suf"": {""timeframe"": ""d""}}",CITY HOLDING CO,1D,,,,,,
2026-08-07 00:00:00,Short,CHCO,144.94,-0.21%,149.23,suf,参数二,"{""suf"": {""timeframe"": ""d""}}",CITY HOLDING CO,1D,,,,,,
2026-08-07 00:00:00,Long,UPB,7.25,5.53%,6.49,utb,参数一,"{""utb"": {""key_value"": 2, ""atr_period"": 14, ""use_ha"": false}, ""r&s"": {""srb_left"": 10, ""srb_right"": 10}, ""atr"": {""atr_length"": 14, ""atr_mult"": 1.0}}",UPSTREAM BIO INC,1D,,,,,,
2026-08-07 00:00:00,Short,DCTH,15.11,-2.33%,17.15,suf,参数一,"{""suf"": {""timeframe"": ""d""}}",DELCATH SYSTEMS INC,1D,,,,,,
2026-08-07 00:00:00,Long,DCTH,15.11,-2.33%,14.19,sqz,参数二,"{""sqz"": {""bb_length"": 20, ""bb_mult"": 1.8, ""kc_length"": 20, ""kc_mult"": 1.5, ""min_sqz_bars"": 4}, ""r&s"": {""srb_left"": 15, ""srb_right"": 15}, ""atr"": {""atr_length"": 14, ""atr_mult"": 1.0}}",DELCATH SYSTEMS INC,1D,一直释放,nan-10.65-11.15-12.27-13.74,低-高-高-高,nan%-4.69%-10.04%-11.98%,24.0,19.48
2026-08-07 00:00:00,Short,DCTH,15.11,-2.33%,17.15,suf,参数二,"{""suf"": {""timeframe"": ""d""}}",DELCATH SYSTEMS INC,1D,,,,,,
2026-08-07 00:00:00,Long,NTRB,3.11,6.69%,2.77,utb,参数一,"{""utb"": {""key_value"": 2, ""atr_period"": 14, ""use_ha"": false}, ""r&s"": {""srb_left"": 10, ""srb_right"": 10}, ""atr"": {""atr_length"": 14, ""atr_mult"": 1.0}}",NUTRIBAND INC,1D,,,,,,
2026-08-07 00:00:00,Long,TUSK,3.39,15.31%,2.81,utb,参数二,"{""utb"": {""key_value"": 3, ""atr_period"": 14, ""use_ha"": false}, ""r&s"": {""srb_left"": 15, ""srb_right"": 15}, ""atr"": {""atr_length"": 14, ""atr_mult"": 1.0}}",MAMMOTH ENERGY SERVICES INC,1D,,,,,,
2026-08-07 00:00:00,Long,TUSK,3.39,15.31%,2.81,mfa,参数二,"{""utb"": {""key_value"": 3, ""atr_period"": 14, ""use_ha"": false}, ""mfa"": {""mfa_all"": 15}}",MAMMOTH ENERGY SERVICES INC,1D,,,,,,
2026-08-07 00:00:00,Long,BXSL,24.54,1.61%,23.04,sqz,参数一,"{""sqz"": {""bb_length"": 15, ""bb_mult"": 1.5, ""kc_length"": 15, ""kc_mult"": 1.2, ""min_sqz_bars"": 4}, ""r&s"": {""srb_left"": 10, ""srb_right"": 10}, ""atr"": {""atr_length"": 14, ""atr_mult"": 1.0}}",BLACKSTONE SECURED LENDING F,1D,压力释放,26.04-25.25-23.32-24.5-24.36,低-低-高-低,3.03%-7.65%-5.05%-0.57%,15.0,7.27
2026-08-07 00:00:00,Short,IIIV,17.47,-20.45%,23.13,utb,参数一,"{""utb"": {""key_value"": 2, ""atr_period"": 14, ""use_ha"": false}, ""r&s"": {""srb_left"": 10, ""srb_right"": 10}, ""atr"": {""atr_length"": 14, ""atr_mult"": 1.0}}",I3 VERTICALS INC-CLASS A,1D,,,,,,
2026-08-07 00:00:00,Short,IIIV,17.47,-20.45%,23.13,utb,参数二,"{""utb"": {""key_value"": 3, ""atr_period"": 14, ""use_ha"": false}, ""r&s"": {""srb_left"": 15, ""srb_right"": 15}, ""atr"": {""atr_length"": 14, ""atr_mult"": 1.0}}",I3 VERTICALS INC-CLASS A,1D,,,,,,
2026-08-07 00:00:00,Long,PL,23.93,5.33%,21.06,utb,参数一,"{""utb"": {""key_value"": 2, ""atr_period"": 14, ""use_ha"": false}, ""r&s"": {""srb_left"": 10, ""srb_right"": 10}, ""atr"": {""atr_length"": 14, ""atr_mult"": 1.0}}",PLANET LABS PBC,1D,,,,,,
2026-08-07 00:00:00,Long,PL,23.93,5.33%,21.06,mfa,参数一,"{""utb"": {""key_value"": 2, ""atr_period"": 14, ""use_ha"": false}, ""mfa"": {""mfa_all"": 44}}",PLANET LABS PBC,1D,,,,,,
2026-08-07 00:00:00,Short,ELAN,22.12,-8.60%,25.63,sqz,参数一,"{""sqz"": {""bb_length"": 15, ""bb_mult"": 1.5, ""kc_length"": 15, ""kc_mult"": 1.2, ""min_sqz_bars"": 4}, ""r&s"": {""srb_left"": 10, ""srb_right"": 10}, ""atr"": {""atr_length"": 14, ""atr_mult"": 1.0}}",ELANCO ANIMAL HEALTH INC,1D,支撑释放,20.41-22.42-22.1-19.4-22.76,高-低-低-高,9.85%-1.43%-12.22%-17.32%,39.0,22.93
2026-08-07 00:00:00,Short,ELAN,22.12,-8.60%,25.63,utb,参数二,"{""utb"": {""key_value"": 3, ""atr_period"": 14, ""use_ha"": false}, ""r&s"": {""srb_left"": 15, ""srb_right"": 15}, ""atr"": {""atr_length"": 14, ""atr_mult"": 1.0}}",ELANCO ANIMAL HEALTH INC,1D,,,,,,
2026-08-07 00:00:00,Long,AVO,13.2,5.10%,12.16,utb,参数一,"{""utb"": {""key_value"": 2, ""atr_period"": 14, ""use_ha"": false}, ""r&s"": {""srb_left"": 10, ""srb_right"": 10}, ""atr"": {""atr_length"": 14, ""atr_mult"": 1.0}}",MISSION PRODUCE INC,1D,,,,,,
2026-08-07 00:00:00,Long,AIFF,1.2,7.14%,1.03,utb,参数一,"{""utb"": {""key_value"": 2, ""atr_period"": 14, ""use_ha"": false}, ""r&s"": {""srb_left"": 10, ""srb_right"": 10}, ""atr"": {""atr_length"": 14, ""atr_mult"": 1.0}}",FIREFLY NEUROSCIENCE INC,1D,,,,,,
2026-08-07 00:00:00,Long,AIFF,1.2,7.14%,1.03,mfa,参数一,"{""utb"": {""key_value"": 2, ""atr_period"": 14, ""use_ha"": false}, ""mfa"": {""mfa_all"": 42}}",FIREFLY NEUROSCIENCE INC,1D,,,,,,
2026-08-07 00:00:00,Long,DRUG,79.33,-1.82%,73.65,sqz,参数一,"{""sqz"": {""bb_length"": 15, ""bb_mult"": 1.5, ""kc_length"": 15, ""kc_mult"": 1.2, ""min_sqz_bars"": 4}, ""r&s"": {""srb_left"": 10, ""srb_right"": 10}, ""atr"": {""atr_length"": 14, ""atr_mult"": 1.0}}",BRIGHT MINDS BIOSCIENCES INC,1D,压力释放,123.75-91.0-92.39-92.0-79.2,低-高-低-低,26.46%-1.53%-0.42%-13.91%,15.0,15.12
2026-08-07 00:00:00,Short,AGEN,6.96,-7.08%,8.27,utb,参数一,"{""utb"": {""key_value"": 2, ""atr_period"": 14, ""use_ha"": false}, ""r&s"": {""srb_left"": 10, ""srb_right"": 10}, ""atr"": {""atr_length"": 14, ""atr_mult"": 1.0}}",AGENUS INC,1D,,,,,,
2026-08-07 00:00:00,Long,FATE,2.8,12.45%,2.26,utb,参数一,"{""utb"": {""key_value"": 2, ""atr_period"": 14, ""use_ha"": false}, ""r&s"": {""srb_left"": 10, ""srb_right"": 10}, ""atr"": {""atr_length"": 14, ""atr_mult"": 1.0}}",FATE THERAPEUTICS INC,1D,,,,,,
2026-08-07 00:00:00,Short,CLNE,1.58,-15.05%,1.92,sqz,参数二,"{""sqz"": {""bb_length"": 20, ""bb_mult"": 1.8, ""kc_length"": 20, ""kc_mult"": 1.5, ""min_sqz_bars"": 4}, ""r&s"": {""srb_left"": 15, ""srb_right"": 15}, ""atr"": {""atr_length"": 14, ""atr_mult"": 1.0}}",CLEAN ENERGY FUELS CORP,1D,一直亮红,nan-2.08-2.07-2.04-1.66,低-低-低-低,nan%-0.48%-1.45%-18.63%,31.0,50.6
2026-08-07 00:00:00,Long,SKIL,9.1,13.18%,7.24,sqz,参数一,"{""sqz"": {""bb_length"": 15, ""bb_mult"": 1.5, ""kc_length"": 15, ""kc_mult"": 1.2, ""min_sqz_bars"": 4}, ""r&s"": {""srb_left"": 10, ""srb_right"": 10}, ""atr"": {""atr_length"": 14, ""atr_mult"": 1.0}}",SKILLSOFT CORP,1D,一直亮绿,10.6-8.77-8.09-7.9-8.25,低-低-低-高,17.26%-7.75%-2.35%-4.43%,21.0,36.14
2026-08-07 00:00:00,Long,SKIL,9.1,13.18%,7.24,sqz,参数二,"{""sqz"": {""bb_length"": 20, ""bb_mult"": 1.8, ""kc_length"": 20, ""kc_mult"": 1.5, ""min_sqz_bars"": 4}, ""r&s"": {""srb_left"": 15, ""srb_right"": 15}, ""atr"": {""atr_length"": 14, ""atr_mult"": 1.0}}",SKILLSOFT CORP,1D,一直亮绿,nan-13.04-10.6-8.77-8.25,低-低-低-低,nan%-18.71%-17.26%-5.93%,21.0,36.14
2026-08-07 00:00:00,Long,CLST,17.34,2.31%,16.14,utb,参数一,"{""utb"": {""key_value"": 2, ""atr_period"": 14, ""use_ha"": false}, ""r&s"": {""srb_left"": 10, ""srb_right"": 10}, ""atr"": {""atr_length"": 14, ""atr_mult"": 1.0}}",CATALYST BANCORP INC,1D,,,,,,
2026-08-07 00:00:00,Long,NTRA,322.1,21.37%,291.73,sqz,参数一,"{""sqz"": {""bb_length"": 15, ""bb_mult"": 1.5, ""kc_length"": 15, ""kc_mult"": 1.2, ""min_sqz_bars"": 4}, ""r&s"": {""srb_left"": 10, ""srb_right"": 10}, ""atr"": {""atr_length"": 14, ""atr_mult"": 1.0}}",NATERA INC,1D,压力释放,246.9-256.36-220.0-221.56-288.04,高-低-高-高,3.83%-14.18%-0.71%-30.01%,24.0,16.13
2026-08-07 00:00:00,Long,NTRA,322.1,21.37%,291.73,sqz,参数二,"{""sqz"": {""bb_length"": 20, ""bb_mult"": 1.8, ""kc_length"": 20, ""kc_mult"": 1.5, ""min_sqz_bars"": 4}, ""r&s"": {""srb_left"": 15, ""srb_right"": 15}, ""atr"": {""atr_length"": 14, ""atr_mult"": 1.0}}",NATERA INC,1D,压力释放,nan-246.9-256.36-220.0-288.04,低-高-低-高,nan%-3.83%-14.18%-30.93%,24.0,16.13
2026-08-07 00:00:00,Long,DSP,13.24,7.47%,11.62,utb,参数二,"{""utb"": {""key_value"": 3, ""atr_period"": 14, ""use_ha"": false}, ""r&s"": {""srb_left"": 15, ""srb_right"": 15}, ""atr"": {""atr_length"": 14, ""atr_mult"": 1.0}}",VIANT TECHNOLOGY INC-A,1D,,,,,,
2026-08-07 00:00:00,Long,DSP,13.24,7.47%,11.62,mfa,参数二,"{""utb"": {""key_value"": 3, ""atr_period"": 14, ""use_ha"": false}, ""mfa"": {""mfa_all"": 12}}",VIANT TECHNOLOGY INC-A,1D,,,,,,
2026-08-07 00:00:00,Long,BCDA,0.98,3.16%,0.84,utb,参数一,"{""utb"": {""key_value"": 2, ""atr_period"": 14, ""use_ha"": false}, ""r&s"": {""srb_left"": 10, ""srb_right"": 10}, ""atr"": {""atr_length"": 14, ""atr_mult"": 1.0}}",BIOCARDIA INC,1D,,,,,,
2026-08-07 00:00:00,Long,NUCL,7.77,10.84%,6.23,utb,参数二,"{""utb"": {""key_value"": 3, ""atr_period"": 14, ""use_ha"": false}, ""r&s"": {""srb_left"": 15, ""srb_right"": 15}, ""atr"": {""atr_length"": 14, ""atr_mult"": 1.0}}",EAGLE NUCLEAR ENERGY CORP,1D,,,,,,
2026-08-07 00:00:00,Long,BLZE,18.82,3.92%,16.23,sqz,参数一,"{""sqz"": {""bb_length"": 15, ""bb_mult"": 1.5, ""kc_length"": 15, ""kc_mult"": 1.2, ""min_sqz_bars"": 4}, ""r&s"": {""srb_left"": 10, ""srb_right"": 10}, ""atr"": {""atr_length"": 14, ""atr_mult"": 1.0}}",BACKBLAZE INC-A,1D,一直亮绿,5.24-4.54-8.42-9.45-18.25,低-高-高-高,13.36%-85.46%-12.29%-93.01%,20.0,66.2
2026-08-07 00:00:00,Long,BLZE,18.82,3.92%,16.23,sqz,参数二,"{""sqz"": {""bb_length"": 20, ""bb_mult"": 1.8, ""kc_length"": 20, ""kc_mult"": 1.5, ""min_sqz_bars"": 4}, ""r&s"": {""srb_left"": 15, ""srb_right"": 15}, ""atr"": {""atr_length"": 14, ""atr_mult"": 1.0}}",BACKBLAZE INC-A,1D,一直释放,nan-5.11-5.24-8.42-18.25,低-高-高-高,nan%-2.54%-60.69%-116.73%,20.0,66.2
2026-08-07 00:00:00,Long,HLLY,3.17,5.32%,2.86,sqz,参数一,"{""sqz"": {""bb_length"": 15, ""bb_mult"": 1.5, ""kc_length"": 15, ""kc_mult"": 1.2, ""min_sqz_bars"": 4}, ""r&s"": {""srb_left"": 10, ""srb_right"": 10}, ""atr"": {""atr_length"": 14, ""atr_mult"": 1.0}}",HOLLEY INC,1D,压力释放,4.43-4.37-4.48-3.43-3.05,低-高-低-低,1.35%-2.52%-23.44%-11.22%,49.0,30.69
2026-08-07 00:00:00,Long,GTN,5.37,25.47%,4.47,sqz,参数一,"{""sqz"": {""bb_length"": 15, ""bb_mult"": 1.5, ""kc_length"": 15, ""kc_mult"": 1.2, ""min_sqz_bars"": 4}, ""r&s"": {""srb_left"": 10, ""srb_right"": 10}, ""atr"": {""atr_length"": 14, ""atr_mult"": 1.0}}",GRAY MEDIA INC,1D,压力释放,4.98-5.3-5.75-6.31-4.33,高-高-高-低,6.29%-8.62%-9.69%-31.36%,26.0,17.66
2026-08-07 00:00:00,Long,GTN,5.37,25.47%,4.47,sqz,参数二,"{""sqz"": {""bb_length"": 20, ""bb_mult"": 1.8, ""kc_length"": 20, ""kc_mult"": 1.5, ""min_sqz_bars"": 4}, ""r&s"": {""srb_left"": 15, ""srb_right"": 15}, ""atr"": {""atr_length"": 14, ""atr_mult"": 1.0}}",GRAY MEDIA INC,1D,压力释放,4.98-5.3-5.75-6.31-4.33,高-高-高-低,6.29%-8.62%-9.69%-31.36%,26.0,17.66
2026-08-07 00:00:00,Short,EUDA,15.9,-2.39%,17.35,utb,参数二,"{""utb"": {""key_value"": 3, ""atr_period"": 14, ""use_ha"": false}, ""r&s"": {""srb_left"": 15, ""srb_right"": 15}, ""atr"": {""atr_length"": 14, ""atr_mult"": 1.0}}",EUDA HEALTH HOLDINGS LTD,1D,,,,,,
2026-08-07 00:00:00,Long,ODTX,21.17,-1.76%,19.46,sqz,参数一,"{""sqz"": {""bb_length"": 15, ""bb_mult"": 1.5, ""kc_length"": 15, ""kc_mult"": 1.2, ""min_sqz_bars"": 4}, ""r&s"": {""srb_left"": 10, ""srb_right"": 10}, ""atr"": {""atr_length"": 14, ""atr_mult"": 1.0}}",ODYSSEY THERAPEUTICS INC,1D,压力释放,nan-18.6-20.0,低-高,nan%-7.53%,33.0,32.45
2026-08-07 00:00:00,Long,ODTX,21.17,-1.76%,19.46,sqz,参数二,"{""sqz"": {""bb_length"": 20, ""bb_mult"": 1.8, ""kc_length"": 20, ""kc_mult"": 1.5, ""min_sqz_bars"": 4}, ""r&s"": {""srb_left"": 15, ""srb_right"": 15}, ""atr"": {""atr_length"": 14, ""atr_mult"": 1.0}}",ODYSSEY THERAPEUTICS INC,1D,压力释放,nan-20.0,低,nan%,33.0,32.45
2026-08-07 00:00:00,Long,MZTI,113.48,2.89%,105.82,utb,参数一,"{""utb"": {""key_value"": 2, ""atr_period"": 14, ""use_ha"": false}, ""r&s"": {""srb_left"": 10, ""srb_right"": 10}, ""atr"": {""atr_length"": 14, ""atr_mult"": 1.0}}",MARZETTI COMPANY/THE,1D,,,,,,
2026-08-07 00:00:00,Long,TPB,86.86,2.20%,80.6,utb,参数二,"{""utb"": {""key_value"": 3, ""atr_period"": 14, ""use_ha"": false}, ""r&s"": {""srb_left"": 15, ""srb_right"": 15}, ""atr"": {""atr_length"": 14, ""atr_mult"": 1.0}}",TURNING POINT BRANDS INC,1D,,,,,,
2026-08-07 00:00:00,Long,CODA,10.64,1.04%,9.95,utb,参数一,"{""utb"": {""key_value"": 2, ""atr_period"": 14, ""use_ha"": false}, ""r&s"": {""srb_left"": 10, ""srb_right"": 10}, ""atr"": {""atr_length"": 14, ""atr_mult"": 1.0}}",CODA OCTOPUS GROUP INC,1D,,,,,,
2026-08-07 00:00:00,Long,PSNL,14.16,8.67%,12.21,utb,参数一,"{""utb"": {""key_value"": 2, ""atr_period"": 14, ""use_ha"": false}, ""r&s"": {""srb_left"": 10, ""srb_right"": 10}, ""atr"": {""atr_length"": 14, ""atr_mult"": 1.0}}",PERSONALIS INC,1D,,,,,,
2026-08-07 00:00:00,Long,BBAI,3.27,8.64%,2.84,utb,参数二,"{""utb"": {""key_value"": 3, ""atr_period"": 14, ""use_ha"": false}, ""r&s"": {""srb_left"": 15, ""srb_right"": 15}, ""atr"": {""atr_length"": 14, ""atr_mult"": 1.0}}",BIGBEAR.AI HOLDINGS INC,1D,,,,,,
2026-08-07 00:00:00,Long,BBAI,3.27,8.64%,2.84,mfa,参数二,"{""utb"": {""key_value"": 3, ""atr_period"": 14, ""use_ha"": false}, ""mfa"": {""mfa_all"": 32}}",BIGBEAR.AI HOLDINGS INC,1D,,,,,,
2026-08-07 00:00:00,Short,TPL,340.65,-4.21%,379.79,sqz,参数一,"{""sqz"": {""bb_length"": 15, ""bb_mult"": 1.5, ""kc_length"": 15, ""kc_mult"": 1.2, ""min_sqz_bars"": 4}, ""r&s"": {""srb_left"": 10, ""srb_right"": 10}, ""atr"": {""atr_length"": 14, ""atr_mult"": 1.0}}",TEXAS PACIFIC LAND CORP,1D,一直亮红,268.51-325.81-369.84-374.75-348.46,高-高-高-低,21.34%-13.52%-1.33%-7.01%,33.0,27.42
2026-08-07 00:00:00,Long,TORO,5.52,3.56%,4.83,utb,参数一,"{""utb"": {""key_value"": 2, ""atr_period"": 14, ""use_ha"": false}, ""r&s"": {""srb_left"": 10, ""srb_right"": 10}, ""atr"": {""atr_length"": 14, ""atr_mult"": 1.0}}",TORO CORP,1D,,,,,,
2026-08-07 00:00:00,Short,FBIZ,71.12,-1.24%,73.61,suf,参数一,"{""suf"": {""timeframe"": ""d""}}",FIRST BUSINESS FINANCIAL SER,1D,,,,,,
2026-08-07 00:00:00,Short,FBIZ,71.12,-1.24%,73.61,suf,参数二,"{""suf"": {""timeframe"": ""d""}}",FIRST BUSINESS FINANCIAL SER,1D,,,,,,
2026-08-07 00:00:00,Short,ANTX,5.93,-2.47%,6.57,suf,参数一,"{""suf"": {""timeframe"": ""d""}}",AN2 THERAPEUTICS INC,1D,,,,,,
2026-08-07 00:00:00,Short,ANTX,5.93,-2.47%,6.57,suf,参数二,"{""suf"": {""timeframe"": ""d""}}",AN2 THERAPEUTICS INC,1D,,,,,,
2026-08-07 00:00:00,Long,LCLN,24.55,4.87%,22.16,utb,参数二,"{""utb"": {""key_value"": 3, ""atr_period"": 14, ""use_ha"": false}, ""r&s"": {""srb_left"": 15, ""srb_right"": 15}, ""atr"": {""atr_length"": 14, ""atr_mult"": 1.0}}",LINCOLN INTERNATIONAL INC,1D,,,,,,
2026-08-07 00:00:00,Short,ELA,17.18,-4.71%,20.11,sqz,参数一,"{""sqz"": {""bb_length"": 15, ""bb_mult"": 1.5, ""kc_length"": 15, ""kc_mult"": 1.2, ""min_sqz_bars"": 4}, ""r&s"": {""srb_left"": 10, ""srb_right"": 10}, ""atr"": {""atr_length"": 14, ""atr_mult"": 1.0}}",ENVELA CORP,1D,支撑释放,12.51-11.59-16.53-23.27-20.13,低-高-高-低,7.35%-42.62%-40.77%-13.49%,13.0,10.63
2026-08-07 00:00:00,Long,ELA,17.18,-4.71%,15.63,suf,参数一,"{""suf"": {""timeframe"": ""d""}}",ENVELA CORP,1D,,,,,,
2026-08-07 00:00:00,Long,ELA,17.18,-4.71%,15.63,suf,参数二,"{""suf"": {""timeframe"": ""d""}}",ENVELA CORP,1D,,,,,,
2026-08-07 00:00:00,Long,WATT,18.49,3.24%,16.33,utb,参数二,"{""utb"": {""key_value"": 3, ""atr_period"": 14, ""use_ha"": false}, ""r&s"": {""srb_left"": 15, ""srb_right"": 15}, ""atr"": {""atr_length"": 14, ""atr_mult"": 1.0}}",ENERGOUS CORP,1D,,,,,,
2026-08-07 00:00:00,Long,WATT,18.49,3.24%,16.33,mfa,参数二,"{""utb"": {""key_value"": 3, ""atr_period"": 14, ""use_ha"": false}, ""mfa"": {""mfa_all"": 30}}",ENERGOUS CORP,1D,,,,,,
2026-08-07 00:00:00,Long,LQDT,42.06,0.12%,39.54,sqz,参数一,"{""sqz"": {""bb_length"": 15, ""bb_mult"": 1.5, ""kc_length"": 15, ""kc_mult"": 1.2, ""min_sqz_bars"": 4}, ""r&s"": {""srb_left"": 10, ""srb_right"": 10}, ""atr"": {""atr_length"": 14, ""atr_mult"": 1.0}}",LIQUIDITY SERVICES INC,1D,压力释放,33.61-33.12-38.83-39.93-41.28,低-高-高-高,1.46%-17.24%-2.83%-3.38%,15.0,10.85
2026-08-07 00:00:00,Long,ERO,34.31,10.32%,30.04,sqz,参数一,"{""sqz"": {""bb_length"": 15, ""bb_mult"": 1.5, ""kc_length"": 15, ""kc_mult"": 1.2, ""min_sqz_bars"": 4}, ""r&s"": {""srb_left"": 10, ""srb_right"": 10}, ""atr"": {""atr_length"": 14, ""atr_mult"": 1.0}}",ERO COPPER CORP,1D,一直亮绿,35.64-32.48-32.76-32.63-32.23,低-高-低-低,8.87%-0.85%-0.38%-1.23%,35.0,40.55
2026-08-07 00:00:00,Long,ERO,34.31,10.32%,30.04,sqz,参数二,"{""sqz"": {""bb_length"": 20, ""bb_mult"": 1.8, ""kc_length"": 20, ""kc_mult"": 1.5, ""min_sqz_bars"": 4}, ""r&s"": {""srb_left"": 15, ""srb_right"": 15}, ""atr"": {""atr_length"": 14, ""atr_mult"": 1.0}}",ERO COPPER CORP,1D,一直亮绿,nan-39.8-35.64-32.48-32.76,低-低-低-高,nan%-10.45%-8.87%-0.85%,59.0,42.84
2026-08-07 00:00:00,Long,FHTX,6.07,8.98%,5.13,utb,参数二,"{""utb"": {""key_value"": 3, ""atr_period"": 14, ""use_ha"": false}, ""r&s"": {""srb_left"": 15, ""srb_right"": 15}, ""atr"": {""atr_length"": 14, ""atr_mult"": 1.0}}",FOGHORN THERAPEUTICS INC,1D,,,,,,
2026-08-07 00:00:00,Long,NAVN,29.08,4.38%,26.73,sqz,参数一,"{""sqz"": {""bb_length"": 15, ""bb_mult"": 1.5, ""kc_length"": 15, ""kc_mult"": 1.2, ""min_sqz_bars"": 4}, ""r&s"": {""srb_left"": 10, ""srb_right"": 10}, ""atr"": {""atr_length"": 14, ""atr_mult"": 1.0}}",NAVAN INC-CL A,1D,一直亮绿,18.55-11.09-14.33-24.5-28.22,低-高-高-高,40.24%-29.27%-70.97%-15.18%,23.0,27.4
2026-08-07 00:00:00,Long,NAVN,29.08,4.38%,26.73,sqz,参数二,"{""sqz"": {""bb_length"": 20, ""bb_mult"": 1.8, ""kc_length"": 20, ""kc_mult"": 1.5, ""min_sqz_bars"": 4}, ""r&s"": {""srb_left"": 15, ""srb_right"": 15}, ""atr"": {""atr_length"": 14, ""atr_mult"": 1.0}}",NAVAN INC-CL A,1D,一直亮绿,nan-18.55-28.22,低-高,nan%-52.13%,23.0,27.4
2026-08-07 00:00:00,Long,LINK,5.1,11.60%,4.18,utb,参数一,"{""utb"": {""key_value"": 2, ""atr_period"": 14, ""use_ha"": false}, ""r&s"": {""srb_left"": 10, ""srb_right"": 10}, ""atr"": {""atr_length"": 14, ""atr_mult"": 1.0}}",INTERLINK ELECTRONICS INC,1D,,,,,,
2026-08-07 00:00:00,Long,CRDO,249.89,8.45%,208.27,utb,参数二,"{""utb"": {""key_value"": 3, ""atr_period"": 14, ""use_ha"": false}, ""r&s"": {""srb_left"": 15, ""srb_right"": 15}, ""atr"": {""atr_length"": 14, ""atr_mult"": 1.0}}",CREDO TECHNOLOGY GROUP HOLDI,1D,,,,,,
2026-08-07 00:00:00,Long,CRDO,249.89,8.45%,208.27,mfa,参数二,"{""utb"": {""key_value"": 3, ""atr_period"": 14, ""use_ha"": false}, ""mfa"": {""mfa_all"": 16}}",CREDO TECHNOLOGY GROUP HOLDI,1D,,,,,,
2026-08-07 00:00:00,Long,APTV,49.55,7.02%,44.54,suf,参数一,"{""suf"": {""timeframe"": ""d""}}",APTIV PLC,1D,,,,,,
2026-08-07 00:00:00,Long,APTV,49.55,7.02%,44.54,suf,参数二,"{""suf"": {""timeframe"": ""d""}}",APTIV PLC,1D,,,,,,
2026-08-07 00:00:00,Short,MACI,10.92,-0.32%,10.94,utb,参数一,"{""utb"": {""key_value"": 2, ""atr_period"": 14, ""use_ha"": false}, ""r&s"": {""srb_left"": 10, ""srb_right"": 10}, ""atr"": {""atr_length"": 14, ""atr_mult"": 1.0}}",MELAR ACQUISITION CORP I-A,1D,,,,,,
2026-08-07 00:00:00,Short,MACI,10.92,-0.32%,10.94,suf,参数一,"{""suf"": {""timeframe"": ""d""}}",MELAR ACQUISITION CORP I-A,1D,,,,,,
2026-08-07 00:00:00,Short,MACI,10.92,-0.32%,10.94,suf,参数二,"{""suf"": {""timeframe"": ""d""}}",MELAR ACQUISITION CORP I-A,1D,,,,,,
2026-08-07 00:00:00,Long,NTB,62.32,0.52%,60.33,utb,参数一,"{""utb"": {""key_value"": 2, ""atr_period"": 14, ""use_ha"": false}, ""r&s"": {""srb_left"": 10, ""srb_right"": 10}, ""atr"": {""atr_length"": 14, ""atr_mult"": 1.0}}",BANK OF N.T. BUTTERFIELD&SON,1D,,,,,,
2026-08-07 00:00:00,Long,BHC,6.25,5.75%,5.5,sqz,参数二,"{""sqz"": {""bb_length"": 20, ""bb_mult"": 1.8, ""kc_length"": 20, ""kc_mult"": 1.5, ""min_sqz_bars"": 4}, ""r&s"": {""srb_left"": 15, ""srb_right"": 15}, ""atr"": {""atr_length"": 14, ""atr_mult"": 1.0}}",BAUSCH HEALTH COS INC,1D,一直亮绿,7.55-8.0-6.33-6.29-5.95,高-低-低-低,5.96%-20.88%-0.63%-5.41%,29.0,37.41
2026-08-07 00:00:00,Long,LAR,6.94,5.31%,6.24,utb,参数二,"{""utb"": {""key_value"": 3, ""atr_period"": 14, ""use_ha"": false}, ""r&s"": {""srb_left"": 15, ""srb_right"": 15}, ""atr"": {""atr_length"": 14, ""atr_mult"": 1.0}}",LITHIUM ARGENTINA AG,1D,,,,,,
2026-08-07 00:00:00,Long,LAR,6.94,5.31%,6.24,mfa,参数二,"{""utb"": {""key_value"": 3, ""atr_period"": 14, ""use_ha"": false}, ""mfa"": {""mfa_all"": 44}}",LITHIUM ARGENTINA AG,1D,,,,,,
2026-08-07 00:00:00,Short,KTB,77.05,-2.22%,82.03,utb,参数二,"{""utb"": {""key_value"": 3, ""atr_period"": 14, ""use_ha"": false}, ""r&s"": {""srb_left"": 15, ""srb_right"": 15}, ""atr"": {""atr_length"": 14, ""atr_mult"": 1.0}}",KONTOOR BRANDS INC,1D,,,,,,
2026-08-07 00:00:00,Long,NL,6.49,3.02%,5.97,sqz,参数一,"{""sqz"": {""bb_length"": 15, ""bb_mult"": 1.5, ""kc_length"": 15, ""kc_mult"": 1.2, ""min_sqz_bars"": 4}, ""r&s"": {""srb_left"": 10, ""srb_right"": 10}, ""atr"": {""atr_length"": 14, ""atr_mult"": 1.0}}",NLI HOLDINGS INC,1D,压力释放,5.71-6.52-6.31-8.46-6.35,高-低-高-低,14.24%-3.26%-34.09%-24.91%,25.0,13.6
2026-08-07 00:00:00,Long,NL,6.49,3.02%,5.97,utb,参数二,"{""utb"": {""key_value"": 3, ""atr_period"": 14, ""use_ha"": false}, ""r&s"": {""srb_left"": 15, ""srb_right"": 15}, ""atr"": {""atr_length"": 14, ""atr_mult"": 1.0}}",NLI HOLDINGS INC,1D,,,,,,
2026-08-07 00:00:00,Long,NL,6.49,3.02%,5.97,sqz,参数二,"{""sqz"": {""bb_length"": 20, ""bb_mult"": 1.8, ""kc_length"": 20, ""kc_mult"": 1.5, ""min_sqz_bars"": 4}, ""r&s"": {""srb_left"": 15, ""srb_right"": 15}, ""atr"": {""atr_length"": 14, ""atr_mult"": 1.0}}",NLI HOLDINGS INC,1D,压力释放,nan-6.52-6.31-8.46-6.35,低-低-高-低,nan%-3.26%-34.09%-24.91%,25.0,13.6
2026-08-07 00:00:00,Long,XFOR,4.64,11.27%,3.95,utb,参数二,"{""utb"": {""key_value"": 3, ""atr_period"": 14, ""use_ha"": false}, ""r&s"": {""srb_left"": 15, ""srb_right"": 15}, ""atr"": {""atr_length"": 14, ""atr_mult"": 1.0}}",X4 PHARMACEUTICALS INC,1D,,,,,,
2026-08-07 00:00:00,Short,LILA,8.51,-2.18%,9.03,suf,参数一,"{""suf"": {""timeframe"": ""d""}}",LIBERTY LATIN AMERIC-CL A,1D,,,,,,
2026-08-07 00:00:00,Short,LILA,8.51,-2.18%,9.03,suf,参数二,"{""suf"": {""timeframe"": ""d""}}",LIBERTY LATIN AMERIC-CL A,1D,,,,,,
2026-08-07 00:00:00,Short,TTGT,3.84,-10.90%,4.21,utb,参数一,"{""utb"": {""key_value"": 2, ""atr_period"": 14, ""use_ha"": false}, ""r&s"": {""srb_left"": 10, ""srb_right"": 10}, ""atr"": {""atr_length"": 14, ""atr_mult"": 1.0}}",TECHTARGET INC,1D,,,,,,
2026-08-07 00:00:00,Long,TEAM,149.07,35.31%,132.18,sqz,参数一,"{""sqz"": {""bb_length"": 15, ""bb_mult"": 1.5, ""kc_length"": 15, ""kc_mult"": 1.2, ""min_sqz_bars"": 4}, ""r&s"": {""srb_left"": 10, ""srb_right"": 10}, ""atr"": {""atr_length"": 14, ""atr_mult"": 1.0}}",ATLASSIAN CORP-CL A,1D,一直亮绿,176.72-166.48-84.95-96.32-119.38,低-低-高-高,5.79%-48.97%-13.38%-23.94%,47.0,60.44
2026-08-07 00:00:00,Long,TEAM,149.07,35.31%,132.18,sqz,参数二,"{""sqz"": {""bb_length"": 20, ""bb_mult"": 1.8, ""kc_length"": 20, ""kc_mult"": 1.5, ""min_sqz_bars"": 4}, ""r&s"": {""srb_left"": 15, ""srb_right"": 15}, ""atr"": {""atr_length"": 14, ""atr_mult"": 1.0}}",ATLASSIAN CORP-CL A,1D,一直亮绿,nan-166.48-96.32-119.38,低-低-高,nan%-42.14%-23.94%,47.0,60.44
2026-08-07 00:00:00,Long,KALU,184.75,8.05%,162.36,utb,参数二,"{""utb"": {""key_value"": 3, ""atr_period"": 14, ""use_ha"": false}, ""r&s"": {""srb_left"": 15, ""srb_right"": 15}, ""atr"": {""atr_length"": 14, ""atr_mult"": 1.0}}",KAISER ALUMINUM CORP,1D,,,,,,
2026-08-07 00:00:00,Long,KALU,184.75,8.05%,162.36,mfa,参数二,"{""utb"": {""key_value"": 3, ""atr_period"": 14, ""use_ha"": false}, ""mfa"": {""mfa_all"": 22}}",KAISER ALUMINUM CORP,1D,,,,,,
2026-08-07 00:00:00,Long,PLUT,2.92,6.45%,2.79,suf,参数一,"{""suf"": {""timeframe"": ""d""}}",PLUTUS FINANCIAL GROUP LTD,1D,,,,,,
2026-08-07 00:00:00,Long,PLUT,2.92,6.45%,2.79,suf,参数二,"{""suf"": {""timeframe"": ""d""}}",PLUTUS FINANCIAL GROUP LTD,1D,,,,,,
2026-08-07 00:00:00,Short,CNXN,84.14,-2.84%,90.15,suf,参数一,"{""suf"": {""timeframe"": ""d""}}",PC CONNECTION INC,1D,,,,,,
2026-08-07 00:00:00,Short,CNXN,84.14,-2.84%,90.15,suf,参数二,"{""suf"": {""timeframe"": ""d""}}",PC CONNECTION INC,1D,,,,,,
2026-08-07 00:00:00,Long,SSP,3.32,12.54%,2.38,utb,参数一,"{""utb"": {""key_value"": 2, ""atr_period"": 14, ""use_ha"": false}, ""r&s"": {""srb_left"": 10, ""srb_right"": 10}, ""atr"": {""atr_length"": 14, ""atr_mult"": 1.0}}",EW SCRIPPS CO/THE-A,1D,,,,,,
2026-08-07 00:00:00,Long,SSP,3.32,12.54%,2.38,utb,参数二,"{""utb"": {""key_value"": 3, ""atr_period"": 14, ""use_ha"": false}, ""r&s"": {""srb_left"": 15, ""srb_right"": 15}, ""atr"": {""atr_length"": 14, ""atr_mult"": 1.0}}",EW SCRIPPS CO/THE-A,1D,,,,,,
2026-08-07 00:00:00,Short,GIFT,0.88,-2.44%,1.03,utb,参数一,"{""utb"": {""key_value"": 2, ""atr_period"": 14, ""use_ha"": false}, ""r&s"": {""srb_left"": 10, ""srb_right"": 10}, ""atr"": {""atr_length"": 14, ""atr_mult"": 1.0}}",GIFTIFY INC,1D,,,,,,
2026-08-07 00:00:00,Long,ABAT,2.61,9.21%,2.24,utb,参数一,"{""utb"": {""key_value"": 2, ""atr_period"": 14, ""use_ha"": false}, ""r&s"": {""srb_left"": 10, ""srb_right"": 10}, ""atr"": {""atr_length"": 14, ""atr_mult"": 1.0}}",AMERICAN BATTERY TECHNOLOGY,1D,,,,,,
2026-08-07 00:00:00,Long,ABAT,2.61,9.21%,2.24,mfa,参数一,"{""utb"": {""key_value"": 2, ""atr_period"": 14, ""use_ha"": false}, ""mfa"": {""mfa_all"": 32}}",AMERICAN BATTERY TECHNOLOGY,1D,,,,,,
2026-08-07 00:00:00,Long,ABAT,2.61,9.21%,2.24,utb,参数二,"{""utb"": {""key_value"": 3, ""atr_period"": 14, ""use_ha"": false}, ""r&s"": {""srb_left"": 15, ""srb_right"": 15}, ""atr"": {""atr_length"": 14, ""atr_mult"": 1.0}}",AMERICAN BATTERY TECHNOLOGY,1D,,,,,,
2026-08-07 00:00:00,Long,ABAT,2.61,9.21%,2.24,mfa,参数二,"{""utb"": {""key_value"": 3, ""atr_period"": 14, ""use_ha"": false}, ""mfa"": {""mfa_all"": 32}}",AMERICAN BATTERY TECHNOLOGY,1D,,,,,,
2026-08-07 00:00:00,Long,AISP,2.07,7.81%,1.77,utb,参数一,"{""utb"": {""key_value"": 2, ""atr_period"": 14, ""use_ha"": false}, ""r&s"": {""srb_left"": 10, ""srb_right"": 10}, ""atr"": {""atr_length"": 14, ""atr_mult"": 1.0}}",AIRSHIP AI HOLDINGS INC,1D,,,,,,
2026-08-07 00:00:00,Long,AISP,2.07,7.81%,1.77,mfa,参数一,"{""utb"": {""key_value"": 2, ""atr_period"": 14, ""use_ha"": false}, ""mfa"": {""mfa_all"": 25}}",AIRSHIP AI HOLDINGS INC,1D,,,,,,
2026-08-07 00:00:00,Long,JCTC,3.14,12.14%,2.65,sqz,参数一,"{""sqz"": {""bb_length"": 15, ""bb_mult"": 1.5, ""kc_length"": 15, ""kc_mult"": 1.2, ""min_sqz_bars"": 4}, ""r&s"": {""srb_left"": 10, ""srb_right"": 10}, ""atr"": {""atr_length"": 14, ""atr_mult"": 1.0}}",JEWETT-CAMERON TRADING LTD,1D,压力释放,1.82-2.13-2.17-2.61-2.85,高-高-高-高,17.03%-1.88%-20.28%-9.20%,15.0,18.26
2026-08-07 00:00:00,Long,TLSI,5.61,15.20%,4.32,sqz,参数一,"{""sqz"": {""bb_length"": 15, ""bb_mult"": 1.5, ""kc_length"": 15, ""kc_mult"": 1.2, ""min_sqz_bars"": 4}, ""r&s"": {""srb_left"": 10, ""srb_right"": 10}, ""atr"": {""atr_length"": 14, ""atr_mult"": 1.0}}",TRISALUS LIFE SCIENCES INC,1D,压力释放,7.95-5.58-4.85-4.73-4.88,低-低-低-高,29.81%-13.08%-2.47%-3.17%,29.0,32.97
2026-08-07 00:00:00,Short,CBNA,46.66,-2.81%,49.79,suf,参数一,"{""suf"": {""timeframe"": ""d""}}",CHAIN BRIDGE BANCORP INC-A,1D,,,,,,
2026-08-07 00:00:00,Short,CBNA,46.66,-2.81%,49.79,suf,参数二,"{""suf"": {""timeframe"": ""d""}}",CHAIN BRIDGE BANCORP INC-A,1D,,,,,,
2026-08-07 00:00:00,Long,XNCR,20.81,4.05%,18.59,sqz,参数二,"{""sqz"": {""bb_length"": 20, ""bb_mult"": 1.8, ""kc_length"": 20, ""kc_mult"": 1.5, ""min_sqz_bars"": 4}, ""r&s"": {""srb_left"": 15, ""srb_right"": 15}, ""atr"": {""atr_length"": 14, ""atr_mult"": 1.0}}",XENCOR INC,1D,一直释放,nan-18.69-14.54-13.82,低-低-低,nan%-22.20%-4.95%,65.0,33.2
2026-08-07 00:00:00,Short,AGIG,0.83,-6.74%,0.99,sqz,参数二,"{""sqz"": {""bb_length"": 20, ""bb_mult"": 1.8, ""kc_length"": 20, ""kc_mult"": 1.5, ""min_sqz_bars"": 4}, ""r&s"": {""srb_left"": 15, ""srb_right"": 15}, ""atr"": {""atr_length"": 14, ""atr_mult"": 1.0}}",ABUNDIA GLOBAL IMPACT GROUP,1D,支撑释放,nan-1.36-1.01-0.84,低-低-低,nan%-25.74%-16.83%,31.0,33.33
2026-08-07 00:00:00,Long,BCC,86.6,2.78%,80.39,sqz,参数二,"{""sqz"": {""bb_length"": 20, ""bb_mult"": 1.8, ""kc_length"": 20, ""kc_mult"": 1.5, ""min_sqz_bars"": 4}, ""r&s"": {""srb_left"": 15, ""srb_right"": 15}, ""atr"": {""atr_length"": 14, ""atr_mult"": 1.0}}",BOISE CASCADE CO,1D,一直亮绿,nan-78.5-91.43-85.6,低-高-低,nan%-16.48%-6.38%,71.0,32.11
2026-08-07 00:00:00,Long,TMCI,4.76,8.68%,4.1,sqz,参数一,"{""sqz"": {""bb_length"": 15, ""bb_mult"": 1.5, ""kc_length"": 15, ""kc_mult"": 1.2, ""min_sqz_bars"": 4}, ""r&s"": {""srb_left"": 10, ""srb_right"": 10}, ""atr"": {""atr_length"": 14, ""atr_mult"": 1.0}}",TREACE MEDICAL CONCEPTS INC,1D,一直亮绿,3.06-2.2-2.3-4.78-4.75,低-高-高-低,28.10%-4.55%-107.83%-0.63%,16.0,23.38
2026-08-07 00:00:00,Long,ALHC,14.37,7.40%,12.17,suf,参数一,"{""suf"": {""timeframe"": ""d""}}",ALIGNMENT HEALTHCARE INC,1D,,,,,,
2026-08-07 00:00:00,Long,ALHC,14.37,7.40%,12.17,suf,参数二,"{""suf"": {""timeframe"": ""d""}}",ALIGNMENT HEALTHCARE INC,1D,,,,,,
2026-08-07 00:00:00,Long,ACHR,5.59,6.88%,4.95,utb,参数二,"{""utb"": {""key_value"": 3, ""atr_period"": 14, ""use_ha"": false}, ""r&s"": {""srb_left"": 15, ""srb_right"": 15}, ""atr"": {""atr_length"": 14, ""atr_mult"": 1.0}}",ARCHER AVIATION INC-A,1D,,,,,,
2026-08-07 00:00:00,Long,NXGL,0.38,12.09%,0.3,suf,参数一,"{""suf"": {""timeframe"": ""d""}}",NEXGEL INC,1D,,,,,,
2026-08-07 00:00:00,Long,NXGL,0.38,12.09%,0.3,suf,参数二,"{""suf"": {""timeframe"": ""d""}}",NEXGEL INC,1D,,,,,,
2026-08-07 00:00:00,Long,BCBP,8.91,1.25%,8.39,suf,参数一,"{""suf"": {""timeframe"": ""d""}}",BCB BANCORP INC,1D,,,,,,
2026-08-07 00:00:00,Long,BCBP,8.91,1.25%,8.39,suf,参数二,"{""suf"": {""timeframe"": ""d""}}",BCB BANCORP INC,1D,,,,,,
2026-08-07 00:00:00,Long,DSY,4.6,33.33%,3.75,utb,参数一,"{""utb"": {""key_value"": 2, ""atr_period"": 14, ""use_ha"": false}, ""r&s"": {""srb_left"": 10, ""srb_right"": 10}, ""atr"": {""atr_length"": 14, ""atr_mult"": 1.0}}",BIG TREE CLOUD HOLDINGS LT-A,1D,,,,,,
2026-08-07 00:00:00,Long,RMBS,101.52,3.93%,91.83,utb,参数一,"{""utb"": {""key_value"": 2, ""atr_period"": 14, ""use_ha"": false}, ""r&s"": {""srb_left"": 10, ""srb_right"": 10}, ""atr"": {""atr_length"": 14, ""atr_mult"": 1.0}}",RAMBUS INC,1D,,,,,,
2026-08-07 00:00:00,Long,RMBS,101.52,3.93%,91.83,mfa,参数一,"{""utb"": {""key_value"": 2, ""atr_period"": 14, ""use_ha"": false}, ""mfa"": {""mfa_all"": 30}}",RAMBUS INC,1D,,,,,,
2026-08-07 00:00:00,Long,CRON,3.1,0.98%,2.96,sqz,参数一,"{""sqz"": {""bb_length"": 15, ""bb_mult"": 1.5, ""kc_length"": 15, ""kc_mult"": 1.2, ""min_sqz_bars"": 4}, ""r&s"": {""srb_left"": 10, ""srb_right"": 10}, ""atr"": {""atr_length"": 14, ""atr_mult"": 1.0}}",CRONOS GROUP INC,1D,压力释放,2.66-3.26-2.94-2.89,高-低-低,22.33%-9.82%-1.53%,25.0,9.5
2026-08-07 00:00:00,Long,VHCP,10.01,0.10%,10.0,sqz,参数二,"{""sqz"": {""bb_length"": 20, ""bb_mult"": 1.8, ""kc_length"": 20, ""kc_mult"": 1.5, ""min_sqz_bars"": 4}, ""r&s"": {""srb_left"": 15, ""srb_right"": 15}, ""atr"": {""atr_length"": 14, ""atr_mult"": 1.0}}",VINE HILL CAPITAL INVES-CL A,1D,一直释放,nan-10.01,低,nan%,29.0,0.3
2026-08-07 00:00:00,Long,WRN,2.41,3.43%,2.27,utb,参数二,"{""utb"": {""key_value"": 3, ""atr_period"": 14, ""use_ha"": false}, ""r&s"": {""srb_left"": 15, ""srb_right"": 15}, ""atr"": {""atr_length"": 14, ""atr_mult"": 1.0}}",WESTERN COPPER AND GOLD CORP,1D,,,,,,
2026-08-07 00:00:00,Long,WRN,2.41,3.43%,2.27,mfa,参数二,"{""utb"": {""key_value"": 3, ""atr_period"": 14, ""use_ha"": false}, ""mfa"": {""mfa_all"": 17}}",WESTERN COPPER AND GOLD CORP,1D,,,,,,
2026-08-07 00:00:00,Long,HURC,22.06,0.73%,20.92,utb,参数一,"{""utb"": {""key_value"": 2, ""atr_period"": 14, ""use_ha"": false}, ""r&s"": {""srb_left"": 10, ""srb_right"": 10}, ""atr"": {""atr_length"": 14, ""atr_mult"": 1.0}}",HURCO COMPANIES INC,1D,,,,,,
2026-08-07 00:00:00,Long,HURC,22.06,0.73%,20.92,mfa,参数一,"{""utb"": {""key_value"": 2, ""atr_period"": 14, ""use_ha"": false}, ""mfa"": {""mfa_all"": 10}}",HURCO COMPANIES INC,1D,,,,,,
2026-08-07 00:00:00,Long,BV,11.45,4.66%,10.61,suf,参数一,"{""suf"": {""timeframe"": ""d""}}",BRIGHTVIEW HOLDINGS INC,1D,,,,,,
2026-08-07 00:00:00,Long,BV,11.45,4.66%,10.61,suf,参数二,"{""suf"": {""timeframe"": ""d""}}",BRIGHTVIEW HOLDINGS INC,1D,,,,,,
2026-08-07 00:00:00,Long,INSP,60.16,2.16%,55.17,sqz,参数一,"{""sqz"": {""bb_length"": 15, ""bb_mult"": 1.5, ""kc_length"": 15, ""kc_mult"": 1.2, ""min_sqz_bars"": 4}, ""r&s"": {""srb_left"": 10, ""srb_right"": 10}, ""atr"": {""atr_length"": 14, ""atr_mult"": 1.0}}",INSPIRE MEDICAL SYSTEMS INC,1D,一直亮绿,nan-147.03-102.64-86.0-58.98,低-低-低-低,nan%-30.19%-16.22%-31.42%,79.0,51.58
2026-08-07 00:00:00,Long,INSP,60.16,2.16%,55.17,sqz,参数二,"{""sqz"": {""bb_length"": 20, ""bb_mult"": 1.8, ""kc_length"": 20, ""kc_mult"": 1.5, ""min_sqz_bars"": 4}, ""r&s"": {""srb_left"": 15, ""srb_right"": 15}, ""atr"": {""atr_length"": 14, ""atr_mult"": 1.0}}",INSPIRE MEDICAL SYSTEMS INC,1D,一直亮绿,nan-147.03-86.0-58.98,低-低-低,nan%-41.51%-31.42%,79.0,51.58
2026-08-07 00:00:00,Short,WD,44.43,0.38%,50.05,sqz,参数二,"{""sqz"": {""bb_length"": 20, ""bb_mult"": 1.8, ""kc_length"": 20, ""kc_mult"": 1.5, ""min_sqz_bars"": 4}, ""r&s"": {""srb_left"": 15, ""srb_right"": 15}, ""atr"": {""atr_length"": 14, ""atr_mult"": 1.0}}",WALKER & DUNLOP INC,1D,支撑释放,58.48-56.95-40.93-41.98-46.86,低-低-高-高,2.62%-28.12%-2.55%-11.63%,54.0,19.89
2026-08-07 00:00:00,Long,OABI,3.08,37.50%,2.16,sqz,参数一,"{""sqz"": {""bb_length"": 15, ""bb_mult"": 1.5, ""kc_length"": 15, ""kc_mult"": 1.2, ""min_sqz_bars"": 4}, ""r&s"": {""srb_left"": 10, ""srb_right"": 10}, ""atr"": {""atr_length"": 14, ""atr_mult"": 1.0}}",OMNIAB INC,1D,压力释放,2.1-2.06-1.65-2.79-2.61,低-低-高-低,1.90%-19.90%-69.09%-6.45%,27.0,37.37
2026-08-07 00:00:00,Long,OABI,3.08,37.50%,2.16,utb,参数二,"{""utb"": {""key_value"": 3, ""atr_period"": 14, ""use_ha"": false}, ""r&s"": {""srb_left"": 15, ""srb_right"": 15}, ""atr"": {""atr_length"": 14, ""atr_mult"": 1.0}}",OMNIAB INC,1D,,,,,,
2026-08-07 00:00:00,Long,OABI,3.08,37.50%,2.16,sqz,参数二,"{""sqz"": {""bb_length"": 20, ""bb_mult"": 1.8, ""kc_length"": 20, ""kc_mult"": 1.5, ""min_sqz_bars"": 4}, ""r&s"": {""srb_left"": 15, ""srb_right"": 15}, ""atr"": {""atr_length"": 14, ""atr_mult"": 1.0}}",OMNIAB INC,1D,压力释放,2.22-2.1-2.06-2.79-2.61,低-低-高-低,5.41%-1.90%-35.44%-6.45%,27.0,37.37
2026-08-07 00:00:00,Long,OABI,3.08,37.50%,2.16,mfa,参数二,"{""utb"": {""key_value"": 3, ""atr_period"": 14, ""use_ha"": false}, ""mfa"": {""mfa_all"": 16}}",OMNIAB INC,1D,,,,,,
2026-08-07 00:00:00,Long,MB,8.92,137.87%,5.78,utb,参数一,"{""utb"": {""key_value"": 2, ""atr_period"": 14, ""use_ha"": false}, ""r&s"": {""srb_left"": 10, ""srb_right"": 10}, ""atr"": {""atr_length"": 14, ""atr_mult"": 1.0}}",MASTERBEEF GROUP,1D,,,,,,
2026-08-07 00:00:00,Long,MB,8.92,137.87%,5.78,utb,参数二,"{""utb"": {""key_value"": 3, ""atr_period"": 14, ""use_ha"": false}, ""r&s"": {""srb_left"": 15, ""srb_right"": 15}, ""atr"": {""atr_length"": 14, ""atr_mult"": 1.0}}",MASTERBEEF GROUP,1D,,,,,,
2026-08-07 00:00:00,Long,MB,8.92,137.87%,5.78,sqz,参数二,"{""sqz"": {""bb_length"": 20, ""bb_mult"": 1.8, ""kc_length"": 20, ""kc_mult"": 1.5, ""min_sqz_bars"": 4}, ""r&s"": {""srb_left"": 15, ""srb_right"": 15}, ""atr"": {""atr_length"": 14, ""atr_mult"": 1.0}}",MASTERBEEF GROUP,1D,压力释放,8.29-9.06-6.5-9.5-8.5,高-低-高-低,9.29%-28.26%-46.15%-10.53%,41.0,142.17
2026-08-07 00:00:00,Long,TPCS,4.96,6.90%,4.49,utb,参数一,"{""utb"": {""key_value"": 2, ""atr_period"": 14, ""use_ha"": false}, ""r&s"": {""srb_left"": 10, ""srb_right"": 10}, ""atr"": {""atr_length"": 14, ""atr_mult"": 1.0}}",TECHPRECISION CORP,1D,,,,,,
2026-08-07 00:00:00,Long,RWAY,6.84,14.38%,6.13,sqz,参数二,"{""sqz"": {""bb_length"": 20, ""bb_mult"": 1.8, ""kc_length"": 20, ""kc_mult"": 1.5, ""min_sqz_bars"": 4}, ""r&s"": {""srb_left"": 15, ""srb_right"": 15}, ""atr"": {""atr_length"": 14, ""atr_mult"": 1.0}}",RUNWAY GROWTH FINANCE CORP,1D,一直亮绿,nan-8.61-8.73-6.61-6.61,低-高-低-低,nan%-1.37%-24.25%-0.15%,47.0,27.26
2026-08-07 00:00:00,Long,DNN,3.22,2.88%,2.99,utb,参数二,"{""utb"": {""key_value"": 3, ""atr_period"": 14, ""use_ha"": false}, ""r&s"": {""srb_left"": 15, ""srb_right"": 15}, ""atr"": {""atr_length"": 14, ""atr_mult"": 1.0}}",DENISON MINES CORP,1D,,,,,,
2026-08-07 00:00:00,Long,DNN,3.22,2.88%,2.99,mfa,参数二,"{""utb"": {""key_value"": 3, ""atr_period"": 14, ""use_ha"": false}, ""mfa"": {""mfa_all"": 16}}",DENISON MINES CORP,1D,,,,,,
2026-08-07 00:00:00,Long,ZURA,5.97,4.47%,5.36,utb,参数一,"{""utb"": {""key_value"": 2, ""atr_period"": 14, ""use_ha"": false}, ""r&s"": {""srb_left"": 10, ""srb_right"": 10}, ""atr"": {""atr_length"": 14, ""atr_mult"": 1.0}}",ZURA BIO LTD,1D,,,,,,
2026-08-07 00:00:00,Long,TD,121.31,0.11%,118.47,utb,参数一,"{""utb"": {""key_value"": 2, ""atr_period"": 14, ""use_ha"": false}, ""r&s"": {""srb_left"": 10, ""srb_right"": 10}, ""atr"": {""atr_length"": 14, ""atr_mult"": 1.0}}",TORONTO-DOMINION BANK,1D,,,,,,
2026-08-07 00:00:00,Long,ITRG,2.57,6.64%,2.34,utb,参数二,"{""utb"": {""key_value"": 3, ""atr_period"": 14, ""use_ha"": false}, ""r&s"": {""srb_left"": 15, ""srb_right"": 15}, ""atr"": {""atr_length"": 14, ""atr_mult"": 1.0}}",INTEGRA RESOURCES CORP,1D,,,,,,
2026-08-07 00:00:00,Long,ITRG,2.57,6.64%,2.34,mfa,参数二,"{""utb"": {""key_value"": 3, ""atr_period"": 14, ""use_ha"": false}, ""mfa"": {""mfa_all"": 58}}",INTEGRA RESOURCES CORP,1D,,,,,,
2026-08-07 00:00:00,Long,REAX,2.14,7.54%,1.9,utb,参数二,"{""utb"": {""key_value"": 3, ""atr_period"": 14, ""use_ha"": false}, ""r&s"": {""srb_left"": 15, ""srb_right"": 15}, ""atr"": {""atr_length"": 14, ""atr_mult"": 1.0}}",REAL BROKERAGE INC/THE,1D,,,,,,
2026-08-07 00:00:00,Short,MATW,23.7,-14.32%,26.29,utb,参数一,"{""utb"": {""key_value"": 2, ""atr_period"": 14, ""use_ha"": false}, ""r&s"": {""srb_left"": 10, ""srb_right"": 10}, ""atr"": {""atr_length"": 14, ""atr_mult"": 1.0}}",MATTHEWS INTL CORP-CLASS A,1D,,,,,,
2026-08-07 00:00:00,Short,MATW,23.7,-14.32%,26.29,sqz,参数一,"{""sqz"": {""bb_length"": 15, ""bb_mult"": 1.5, ""kc_length"": 15, ""kc_mult"": 1.2, ""min_sqz_bars"": 4}, ""r&s"": {""srb_left"": 10, ""srb_right"": 10}, ""atr"": {""atr_length"": 14, ""atr_mult"": 1.0}}",MATTHEWS INTL CORP-CLASS A,1D,支撑释放,24.88-23.53-26.24-24.6-25.85,低-高-低-高,5.42%-11.49%-6.25%-5.08%,22.0,12.73
2026-08-07 00:00:00,Short,MATW,23.7,-14.32%,26.29,utb,参数二,"{""utb"": {""key_value"": 3, ""atr_period"": 14, ""use_ha"": false}, ""r&s"": {""srb_left"": 15, ""srb_right"": 15}, ""atr"": {""atr_length"": 14, ""atr_mult"": 1.0}}",MATTHEWS INTL CORP-CLASS A,1D,,,,,,
2026-08-07 00:00:00,Long,MLSS,0.48,2.13%,0.42,sqz,参数一,"{""sqz"": {""bb_length"": 15, ""bb_mult"": 1.5, ""kc_length"": 15, ""kc_mult"": 1.2, ""min_sqz_bars"": 4}, ""r&s"": {""srb_left"": 10, ""srb_right"": 10}, ""atr"": {""atr_length"": 14, ""atr_mult"": 1.0}}",MILESTONE SCIENTIFIC INC,1D,压力释放,0.4-0.31-0.33-0.48-0.44,低-高-高-低,22.50%-6.45%-45.45%-8.33%,44.0,51.72
2026-08-07 00:00:00,Long,SMR,9.82,3.70%,8.64,utb,参数二,"{""utb"": {""key_value"": 3, ""atr_period"": 14, ""use_ha"": false}, ""r&s"": {""srb_left"": 15, ""srb_right"": 15}, ""atr"": {""atr_length"": 14, ""atr_mult"": 1.0}}",NUSCALE POWER CORP,1D,,,,,,
2026-08-07 00:00:00,Short,ACIW,53.67,-2.81%,57.79,utb,参数二,"{""utb"": {""key_value"": 3, ""atr_period"": 14, ""use_ha"": false}, ""r&s"": {""srb_left"": 15, ""srb_right"": 15}, ""atr"": {""atr_length"": 14, ""atr_mult"": 1.0}}",ACI WORLDWIDE INC,1D,,,,,,
2026-08-07 00:00:00,Long,ULH,20.07,9.19%,16.83,sqz,参数一,"{""sqz"": {""bb_length"": 15, ""bb_mult"": 1.5, ""kc_length"": 15, ""kc_mult"": 1.2, ""min_sqz_bars"": 4}, ""r&s"": {""srb_left"": 10, ""srb_right"": 10}, ""atr"": {""atr_length"": 14, ""atr_mult"": 1.0}}",UNIVERSAL LOGISTICS HOLDINGS,1D,一直亮绿,18.94-19.19-18.54-25.63-18.64,高-低-高-低,1.30%-3.40%-38.28%-27.27%,41.0,44.5
2026-08-07 00:00:00,Long,ULH,20.07,9.19%,16.83,sqz,参数二,"{""sqz"": {""bb_length"": 20, ""bb_mult"": 1.8, ""kc_length"": 20, ""kc_mult"": 1.5, ""min_sqz_bars"": 4}, ""r&s"": {""srb_left"": 15, ""srb_right"": 15}, ""atr"": {""atr_length"": 14, ""atr_mult"": 1.0}}",UNIVERSAL LOGISTICS HOLDINGS,1D,一直亮绿,17.58-18.94-19.19-25.63-18.64,高-高-高-低,7.75%-1.30%-33.58%-27.27%,41.0,44.5
2026-08-07 00:00:00,Long,BLIV,2.6,10.17%,2.17,utb,参数二,"{""utb"": {""key_value"": 3, ""atr_period"": 14, ""use_ha"": false}, ""r&s"": {""srb_left"": 15, ""srb_right"": 15}, ""atr"": {""atr_length"": 14, ""atr_mult"": 1.0}}",BELIVE HOLDINGS,1D,,,,,,
2026-08-07 00:00:00,Short,SEB,4240.64,-0.90%,4494.88,sqz,参数一,"{""sqz"": {""bb_length"": 15, ""bb_mult"": 1.5, ""kc_length"": 15, ""kc_mult"": 1.2, ""min_sqz_bars"": 4}, ""r&s"": {""srb_left"": 10, ""srb_right"": 10}, ""atr"": {""atr_length"": 14, ""atr_mult"": 1.0}}",SEABOARD CORP,1D,支撑释放,4235.01-4785.53-4572.82-4276.04-4290.99,高-低-低-高,13.00%-4.44%-6.49%-0.35%,26.0,11.0
2026-08-07 00:00:00,Short,SEB,4240.64,-0.90%,4494.88,sqz,参数二,"{""sqz"": {""bb_length"": 20, ""bb_mult"": 1.8, ""kc_length"": 20, ""kc_mult"": 1.5, ""min_sqz_bars"": 4}, ""r&s"": {""srb_left"": 15, ""srb_right"": 15}, ""atr"": {""atr_length"": 14, ""atr_mult"": 1.0}}",SEABOARD CORP,1D,支撑释放,nan-4572.82-4276.04-4290.99,低-低-高,nan%-6.49%-0.35%,26.0,11.0
2026-08-07 00:00:00,Long,ABCL,6.93,6.13%,5.84,utb,参数二,"{""utb"": {""key_value"": 3, ""atr_period"": 14, ""use_ha"": false}, ""r&s"": {""srb_left"": 15, ""srb_right"": 15}, ""atr"": {""atr_length"": 14, ""atr_mult"": 1.0}}",ABCELLERA BIOLOGICS INC,1D,,,,,,
2026-08-07 00:00:00,Long,CPS,31.4,13.64%,26.07,utb,参数一,"{""utb"": {""key_value"": 2, ""atr_period"": 14, ""use_ha"": false}, ""r&s"": {""srb_left"": 10, ""srb_right"": 10}, ""atr"": {""atr_length"": 14, ""atr_mult"": 1.0}}",COOPER-STANDARD HOLDING,1D,,,,,,
2026-08-07 00:00:00,Short,TFSL,17.59,-1.51%,18.31,utb,参数一,"{""utb"": {""key_value"": 2, ""atr_period"": 14, ""use_ha"": false}, ""r&s"": {""srb_left"": 10, ""srb_right"": 10}, ""atr"": {""atr_length"": 14, ""atr_mult"": 1.0}}",TFS FINANCIAL CORP,1D,,,,,,
2026-08-07 00:00:00,Long,TWLO,241.28,24.89%,213.74,utb,参数一,"{""utb"": {""key_value"": 2, ""atr_period"": 14, ""use_ha"": false}, ""r&s"": {""srb_left"": 10, ""srb_right"": 10}, ""atr"": {""atr_length"": 14, ""atr_mult"": 1.0}}",TWILIO INC - A,1D,,,,,,
2026-08-07 00:00:00,Long,TWLO,241.28,24.89%,213.74,utb,参数二,"{""utb"": {""key_value"": 3, ""atr_period"": 14, ""use_ha"": false}, ""r&s"": {""srb_left"": 15, ""srb_right"": 15}, ""atr"": {""atr_length"": 14, ""atr_mult"": 1.0}}",TWILIO INC - A,1D,,,,,,
2026-08-07 00:00:00,Long,RCEL,7.77,63.58%,5.44,sqz,参数一,"{""sqz"": {""bb_length"": 15, ""bb_mult"": 1.5, ""kc_length"": 15, ""kc_mult"": 1.2, ""min_sqz_bars"": 4}, ""r&s"": {""srb_left"": 10, ""srb_right"": 10}, ""atr"": {""atr_length"": 14, ""atr_mult"": 1.0}}",AVITA MEDICAL INC,1D,压力释放,4.57-5.92-5.85-5.59-5.75,高-低-低-高,29.54%-1.18%-4.44%-2.86%,16.0,35.61
2026-08-07 00:00:00,Short,NEWT,13.53,-9.50%,15.29,utb,参数一,"{""utb"": {""key_value"": 2, ""atr_period"": 14, ""use_ha"": false}, ""r&s"": {""srb_left"": 10, ""srb_right"": 10}, ""atr"": {""atr_length"": 14, ""atr_mult"": 1.0}}",NEWTEKONE INC,1D,,,,,,
2026-08-07 00:00:00,Short,NEWT,13.53,-9.50%,15.29,utb,参数二,"{""utb"": {""key_value"": 3, ""atr_period"": 14, ""use_ha"": false}, ""r&s"": {""srb_left"": 15, ""srb_right"": 15}, ""atr"": {""atr_length"": 14, ""atr_mult"": 1.0}}",NEWTEKONE INC,1D,,,,,,
2026-08-07 00:00:00,Long,EGO,37.92,5.54%,35.14,sqz,参数一,"{""sqz"": {""bb_length"": 15, ""bb_mult"": 1.5, ""kc_length"": 15, ""kc_mult"": 1.2, ""min_sqz_bars"": 4}, ""r&s"": {""srb_left"": 10, ""srb_right"": 10}, ""atr"": {""atr_length"": 14, ""atr_mult"": 1.0}}",ELDORADO GOLD CORP,1D,一直亮绿,50.96-48.01-38.06-35.8-36.36,低-低-低-高,5.79%-20.72%-5.95%-1.57%,35.0,34.22
2026-08-07 00:00:00,Long,EGO,37.92,5.54%,35.14,sqz,参数二,"{""sqz"": {""bb_length"": 20, ""bb_mult"": 1.8, ""kc_length"": 20, ""kc_mult"": 1.5, ""min_sqz_bars"": 4}, ""r&s"": {""srb_left"": 15, ""srb_right"": 15}, ""atr"": {""atr_length"": 14, ""atr_mult"": 1.0}}",ELDORADO GOLD CORP,1D,一直亮绿,nan-50.96-38.06-35.8-36.36,低-低-低-高,nan%-25.31%-5.95%-1.57%,35.0,34.22
2026-08-07 00:00:00,Long,DWTX,1.8,3.14%,1.63,sqz,参数二,"{""sqz"": {""bb_length"": 20, ""bb_mult"": 1.8, ""kc_length"": 20, ""kc_mult"": 1.5, ""min_sqz_bars"": 4}, ""r&s"": {""srb_left"": 15, ""srb_right"": 15}, ""atr"": {""atr_length"": 14, ""atr_mult"": 1.0}}",DOGWOOD THERAPEUTICS INC,1D,一直亮绿,nan-7.04-3.5-1.98-1.8,低-低-低-低,nan%-50.31%-43.43%-9.09%,28.0,40.62
2026-08-07 00:00:00,Long,LKQ,24.86,1.59%,23.18,utb,参数一,"{""utb"": {""key_value"": 2, ""atr_period"": 14, ""use_ha"": false}, ""r&s"": {""srb_left"": 10, ""srb_right"": 10}, ""atr"": {""atr_length"": 14, ""atr_mult"": 1.0}}",LKQ CORP,1D,,,,,,
2026-08-07 00:00:00,Long,LKQ,24.86,1.59%,23.18,mfa,参数一,"{""utb"": {""key_value"": 2, ""atr_period"": 14, ""use_ha"": false}, ""mfa"": {""mfa_all"": 19}}",LKQ CORP,1D,,,,,,
2026-08-07 00:00:00,Short,LILAK,8.39,-1.99%,8.89,suf,参数一,"{""suf"": {""timeframe"": ""d""}}",LIBERTY LATIN AMERIC-CL C,1D,,,,,,
2026-08-07 00:00:00,Short,LILAK,8.39,-1.99%,8.89,suf,参数二,"{""suf"": {""timeframe"": ""d""}}",LIBERTY LATIN AMERIC-CL C,1D,,,,,,
2026-08-07 00:00:00,Long,WPM,134.2,7.10%,127.33,sqz,参数一,"{""sqz"": {""bb_length"": 15, ""bb_mult"": 1.5, ""kc_length"": 15, ""kc_mult"": 1.2, ""min_sqz_bars"": 4}, ""r&s"": {""srb_left"": 10, ""srb_right"": 10}, ""atr"": {""atr_length"": 14, ""atr_mult"": 1.0}}",WHEATON PRECIOUS METALS CORP,1D,一直亮绿,159.87-165.25-153.94-145.39-132.99,高-低-低-低,3.37%-6.85%-5.55%-8.53%,35.0,30.91
2026-08-07 00:00:00,Short,CCOI,9.92,-9.07%,12.33,sqz,参数一,"{""sqz"": {""bb_length"": 15, ""bb_mult"": 1.5, ""kc_length"": 15, ""kc_mult"": 1.2, ""min_sqz_bars"": 4}, ""r&s"": {""srb_left"": 10, ""srb_right"": 10}, ""atr"": {""atr_length"": 14, ""atr_mult"": 1.0}}",COGENT COMMUNICATIONS HOLDIN,1D,支撑释放,19.34-16.38-17.2-14.8-10.93,低-高-低-低,15.33%-5.03%-13.94%-26.16%,15.0,25.98
2026-08-07 00:00:00,Short,YOU,51.29,-3.26%,57.65,utb,参数一,"{""utb"": {""key_value"": 2, ""atr_period"": 14, ""use_ha"": false}, ""r&s"": {""srb_left"": 10, ""srb_right"": 10}, ""atr"": {""atr_length"": 14, ""atr_mult"": 1.0}}",CLEAR SECURE INC -CLASS A,1D,,,,,,
2026-08-07 00:00:00,Long,KRRO,13.25,9.32%,11.32,utb,参数二,"{""utb"": {""key_value"": 3, ""atr_period"": 14, ""use_ha"": false}, ""r&s"": {""srb_left"": 15, ""srb_right"": 15}, ""atr"": {""atr_length"": 14, ""atr_mult"": 1.0}}",KORRO BIO INC,1D,,,,,,
2026-08-07 00:00:00,Long,KRRO,13.25,9.32%,11.32,mfa,参数二,"{""utb"": {""key_value"": 3, ""atr_period"": 14, ""use_ha"": false}, ""mfa"": {""mfa_all"": 10}}",KORRO BIO INC,1D,,,,,,
2026-08-07 00:00:00,Long,SUGP,2.08,6.12%,1.3,suf,参数一,"{""suf"": {""timeframe"": ""d""}}",SU GROUP HOLDINGS LTD-A,1D,,,,,,
2026-08-07 00:00:00,Long,SUGP,2.08,6.12%,1.3,suf,参数二,"{""suf"": {""timeframe"": ""d""}}",SU GROUP HOLDINGS LTD-A,1D,,,,,,
2026-08-07 00:00:00,Short,IACQ,9.92,-0.50%,9.99,utb,参数一,"{""utb"": {""key_value"": 2, ""atr_period"": 14, ""use_ha"": false}, ""r&s"": {""srb_left"": 10, ""srb_right"": 10}, ""atr"": {""atr_length"": 14, ""atr_mult"": 1.0}}",IRENIC ACQUISITION CORP CL-A,1D,,,,,,
2026-08-07 00:00:00,Long,TTRX,10.41,8.32%,8.69,utb,参数二,"{""utb"": {""key_value"": 3, ""atr_period"": 14, ""use_ha"": false}, ""r&s"": {""srb_left"": 15, ""srb_right"": 15}, ""atr"": {""atr_length"": 14, ""atr_mult"": 1.0}}",TURN THERAPEUTICS INC,1D,,,,,,
2026-08-07 00:00:00,Short,CARE,33.0,-2.65%,35.59,utb,参数一,"{""utb"": {""key_value"": 2, ""atr_period"": 14, ""use_ha"": false}, ""r&s"": {""srb_left"": 10, ""srb_right"": 10}, ""atr"": {""atr_length"": 14, ""atr_mult"": 1.0}}",CARTER BANKSHARES INC,1D,,,,,,
2026-08-07 00:00:00,Short,SMBK,51.93,-1.50%,54.1,suf,参数一,"{""suf"": {""timeframe"": ""d""}}",SMARTFINANCIAL INC,1D,,,,,,
2026-08-07 00:00:00,Short,SMBK,51.93,-1.50%,54.1,suf,参数二,"{""suf"": {""timeframe"": ""d""}}",SMARTFINANCIAL INC,1D,,,,,,
2026-08-07 00:00:00,Long,GH,168.48,6.92%,151.46,utb,参数二,"{""utb"": {""key_value"": 3, ""atr_period"": 14, ""use_ha"": false}, ""r&s"": {""srb_left"": 15, ""srb_right"": 15}, ""atr"": {""atr_length"": 14, ""atr_mult"": 1.0}}",GUARDANT HEALTH INC,1D,,,,,,
2026-08-07 00:00:00,Long,HTZ,2.27,12.38%,1.89,utb,参数二,"{""utb"": {""key_value"": 3, ""atr_period"": 14, ""use_ha"": false}, ""r&s"": {""srb_left"": 15, ""srb_right"": 15}, ""atr"": {""atr_length"": 14, ""atr_mult"": 1.0}}",HERTZ GLOBAL HLDGS INC,1D,,,,,,
2026-08-07 00:00:00,Long,HTZ,2.27,12.38%,1.89,mfa,参数二,"{""utb"": {""key_value"": 3, ""atr_period"": 14, ""use_ha"": false}, ""mfa"": {""mfa_all"": 36}}",HERTZ GLOBAL HLDGS INC,1D,,,,,,
2026-08-07 00:00:00,Long,PRVA,22.45,2.05%,20.46,suf,参数一,"{""suf"": {""timeframe"": ""d""}}",PRIVIA HEALTH GROUP INC,1D,,,,,,
2026-08-07 00:00:00,Long,PRVA,22.45,2.05%,20.46,suf,参数二,"{""suf"": {""timeframe"": ""d""}}",PRIVIA HEALTH GROUP INC,1D,,,,,,
2026-08-07 00:00:00,Long,HL,16.85,6.24%,15.4,utb,参数二,"{""utb"": {""key_value"": 3, ""atr_period"": 14, ""use_ha"": false}, ""r&s"": {""srb_left"": 15, ""srb_right"": 15}, ""atr"": {""atr_length"": 14, ""atr_mult"": 1.0}}",HECLA MINING CO,1D,,,,,,
2026-08-07 00:00:00,Short,CNTX,0.48,-3.97%,0.6,sqz,参数一,"{""sqz"": {""bb_length"": 15, ""bb_mult"": 1.5, ""kc_length"": 15, ""kc_mult"": 1.2, ""min_sqz_bars"": 4}, ""r&s"": {""srb_left"": 10, ""srb_right"": 10}, ""atr"": {""atr_length"": 14, ""atr_mult"": 1.0}}",CONTEXT THERAPEUTICS INC,1D,支撑释放,1.0-1.39-2.08-2.17-0.55,高-高-高-低,39.70%-49.64%-4.33%-74.88%,30.0,28.81
2026-08-07 00:00:00,Short,POST,78.69,-12.79%,89.28,sqz,参数一,"{""sqz"": {""bb_length"": 15, ""bb_mult"": 1.5, ""kc_length"": 15, ""kc_mult"": 1.2, ""min_sqz_bars"": 4}, ""r&s"": {""srb_left"": 10, ""srb_right"": 10}, ""atr"": {""atr_length"": 14, ""atr_mult"": 1.0}}",POST HOLDINGS INC,1D,一直释放,96.11-94.13-86.85-86.37-83.89,低-低-低-低,2.06%-7.73%-0.55%-2.87%,20.0,16.46
2026-08-07 00:00:00,Short,POST,78.69,-12.79%,89.28,utb,参数二,"{""utb"": {""key_value"": 3, ""atr_period"": 14, ""use_ha"": false}, ""r&s"": {""srb_left"": 15, ""srb_right"": 15}, ""atr"": {""atr_length"": 14, ""atr_mult"": 1.0}}",POST HOLDINGS INC,1D,,,,,,
2026-08-07 00:00:00,Long,ARCT,7.41,21.87%,6.03,utb,参数一,"{""utb"": {""key_value"": 2, ""atr_period"": 14, ""use_ha"": false}, ""r&s"": {""srb_left"": 10, ""srb_right"": 10}, ""atr"": {""atr_length"": 14, ""atr_mult"": 1.0}}",ARCTURUS THERAPEUTICS HOLDIN,1D,,,,,,
2026-08-07 00:00:00,Long,ARCT,7.41,21.87%,6.03,mfa,参数一,"{""utb"": {""key_value"": 2, ""atr_period"": 14, ""use_ha"": false}, ""mfa"": {""mfa_all"": 20}}",ARCTURUS THERAPEUTICS HOLDIN,1D,,,,,,
2026-08-07 00:00:00,Long,ARCT,7.41,21.87%,6.03,utb,参数二,"{""utb"": {""key_value"": 3, ""atr_period"": 14, ""use_ha"": false}, ""r&s"": {""srb_left"": 15, ""srb_right"": 15}, ""atr"": {""atr_length"": 14, ""atr_mult"": 1.0}}",ARCTURUS THERAPEUTICS HOLDIN,1D,,,,,,
2026-08-07 00:00:00,Long,ARCT,7.41,21.87%,6.03,mfa,参数二,"{""utb"": {""key_value"": 3, ""atr_period"": 14, ""use_ha"": false}, ""mfa"": {""mfa_all"": 20}}",ARCTURUS THERAPEUTICS HOLDIN,1D,,,,,,
2026-08-07 00:00:00,Long,KRT,47.09,11.14%,43.09,sqz,参数一,"{""sqz"": {""bb_length"": 15, ""bb_mult"": 1.5, ""kc_length"": 15, ""kc_mult"": 1.2, ""min_sqz_bars"": 4}, ""r&s"": {""srb_left"": 10, ""srb_right"": 10}, ""atr"": {""atr_length"": 14, ""atr_mult"": 1.0}}",KARAT PACKAGING INC,1D,一直释放,23.1-24.35-25.67-30.2-30.43,高-高-高-高,5.40%-5.44%-17.65%-0.75%,62.0,18.73
2026-08-07 00:00:00,Long,KRT,47.09,11.14%,43.09,sqz,参数二,"{""sqz"": {""bb_length"": 20, ""bb_mult"": 1.8, ""kc_length"": 20, ""kc_mult"": 1.5, ""min_sqz_bars"": 4}, ""r&s"": {""srb_left"": 15, ""srb_right"": 15}, ""atr"": {""atr_length"": 14, ""atr_mult"": 1.0}}",KARAT PACKAGING INC,1D,一直释放,nan-25.67-30.43,低-高,nan%-18.53%,62.0,18.73
2026-08-07 00:00:00,Short,GT,6.44,-4.73%,7.26,utb,参数二,"{""utb"": {""key_value"": 3, ""atr_period"": 14, ""use_ha"": false}, ""r&s"": {""srb_left"": 15, ""srb_right"": 15}, ""atr"": {""atr_length"": 14, ""atr_mult"": 1.0}}",GOODYEAR TIRE & RUBBER CO,1D,,,,,,
2026-08-07 00:00:00,Short,STBA,50.87,-1.51%,52.59,utb,参数一,"{""utb"": {""key_value"": 2, ""atr_period"": 14, ""use_ha"": false}, ""r&s"": {""srb_left"": 10, ""srb_right"": 10}, ""atr"": {""atr_length"": 14, ""atr_mult"": 1.0}}",S & T BANCORP INC,1D,,,,,,
2026-08-07 00:00:00,Long,ARQQ,22.9,6.66%,19.25,utb,参数二,"{""utb"": {""key_value"": 3, ""atr_period"": 14, ""use_ha"": false}, ""r&s"": {""srb_left"": 15, ""srb_right"": 15}, ""atr"": {""atr_length"": 14, ""atr_mult"": 1.0}}",ARQIT QUANTUM INC,1D,,,,,,
2026-08-07 00:00:00,Long,DTCX,2.05,6.77%,1.81,utb,参数一,"{""utb"": {""key_value"": 2, ""atr_period"": 14, ""use_ha"": false}, ""r&s"": {""srb_left"": 10, ""srb_right"": 10}, ""atr"": {""atr_length"": 14, ""atr_mult"": 1.0}}",DATACENTREX INC,1D,,,,,,
2026-08-07 00:00:00,Long,EP,2.8,5.66%,2.44,utb,参数一,"{""utb"": {""key_value"": 2, ""atr_period"": 14, ""use_ha"": false}, ""r&s"": {""srb_left"": 10, ""srb_right"": 10}, ""atr"": {""atr_length"": 14, ""atr_mult"": 1.0}}",EMPIRE PETROLEUM CORP,1D,,,,,,
2026-08-07 00:00:00,Long,EP,2.8,5.66%,2.44,mfa,参数一,"{""utb"": {""key_value"": 2, ""atr_period"": 14, ""use_ha"": false}, ""mfa"": {""mfa_all"": 17}}",EMPIRE PETROLEUM CORP,1D,,,,,,
2026-08-07 00:00:00,Long,CENX,51.23,11.49%,44.76,utb,参数二,"{""utb"": {""key_value"": 3, ""atr_period"": 14, ""use_ha"": false}, ""r&s"": {""srb_left"": 15, ""srb_right"": 15}, ""atr"": {""atr_length"": 14, ""atr_mult"": 1.0}}",CENTURY ALUMINUM COMPANY,1D,,,,,,
2026-08-07 00:00:00,Long,PRAX,360.76,-2.54%,325.99,sqz,参数二,"{""sqz"": {""bb_length"": 20, ""bb_mult"": 1.8, ""kc_length"": 20, ""kc_mult"": 1.5, ""min_sqz_bars"": 4}, ""r&s"": {""srb_left"": 15, ""srb_right"": 15}, ""atr"": {""atr_length"": 14, ""atr_mult"": 1.0}}",PRAXIS PRECISION MEDICINES I,1D,压力释放,nan-356.0-352.78-366.52-354.17,低-低-高-低,nan%-0.90%-3.89%-3.37%,28.0,23.0
2026-08-07 00:00:00,Long,CCC,6.92,6.46%,6.2,sqz,参数一,"{""sqz"": {""bb_length"": 15, ""bb_mult"": 1.5, ""kc_length"": 15, ""kc_mult"": 1.2, ""min_sqz_bars"": 4}, ""r&s"": {""srb_left"": 10, ""srb_right"": 10}, ""atr"": {""atr_length"": 14, ""atr_mult"": 1.0}}",CCC INTELLIGENT SOLUTIONS HO,1D,压力释放,8.68-6.45-6.34-5.19-6.43,低-低-低-高,25.66%-1.78%-18.07%-23.82%,19.0,18.91
2026-08-07 00:00:00,Long,RKLB,82.83,9.46%,70.7,utb,参数二,"{""utb"": {""key_value"": 3, ""atr_period"": 14, ""use_ha"": false}, ""r&s"": {""srb_left"": 15, ""srb_right"": 15}, ""atr"": {""atr_length"": 14, ""atr_mult"": 1.0}}",ROCKET LAB CORP,1D,,,,,,
2026-08-07 00:00:00,Long,RKLB,82.83,9.46%,70.7,mfa,参数二,"{""utb"": {""key_value"": 3, ""atr_period"": 14, ""use_ha"": false}, ""mfa"": {""mfa_all"": 31}}",ROCKET LAB CORP,1D,,,,,,
2026-08-07 00:00:00,Long,BNGO,1.16,5.45%,1.05,utb,参数一,"{""utb"": {""key_value"": 2, ""atr_period"": 14, ""use_ha"": false}, ""r&s"": {""srb_left"": 10, ""srb_right"": 10}, ""atr"": {""atr_length"": 14, ""atr_mult"": 1.0}}",BIONANO GENOMICS INC,1D,,,,,,
2026-08-07 00:00:00,Long,BNGO,1.16,5.45%,1.05,mfa,参数一,"{""utb"": {""key_value"": 2, ""atr_period"": 14, ""use_ha"": false}, ""mfa"": {""mfa_all"": 35}}",BIONANO GENOMICS INC,1D,,,,,,
2026-08-07 00:00:00,Short,AGO,75.43,-8.65%,81.78,utb,参数一,"{""utb"": {""key_value"": 2, ""atr_period"": 14, ""use_ha"": false}, ""r&s"": {""srb_left"": 10, ""srb_right"": 10}, ""atr"": {""atr_length"": 14, ""atr_mult"": 1.0}}",ASSURED GUARANTY LTD,1D,,,,,,
2026-08-07 00:00:00,Short,AGO,75.43,-8.65%,81.78,utb,参数二,"{""utb"": {""key_value"": 3, ""atr_period"": 14, ""use_ha"": false}, ""r&s"": {""srb_left"": 15, ""srb_right"": 15}, ""atr"": {""atr_length"": 14, ""atr_mult"": 1.0}}",ASSURED GUARANTY LTD,1D,,,,,,
2026-08-07 00:00:00,Long,AIFA,2.01,25.62%,1.41,utb,参数一,"{""utb"": {""key_value"": 2, ""atr_period"": 14, ""use_ha"": false}, ""r&s"": {""srb_left"": 10, ""srb_right"": 10}, ""atr"": {""atr_length"": 14, ""atr_mult"": 1.0}}",ALL IN FUTURETECH ALLIANCE I,1D,,,,,,
2026-08-07 00:00:00,Long,AIFA,2.01,25.62%,1.41,mfa,参数一,"{""utb"": {""key_value"": 2, ""atr_period"": 14, ""use_ha"": false}, ""mfa"": {""mfa_all"": 23}}",ALL IN FUTURETECH ALLIANCE I,1D,,,,,,
2026-08-07 00:00:00,Short,FAF,74.22,-1.24%,77.35,utb,参数一,"{""utb"": {""key_value"": 2, ""atr_period"": 14, ""use_ha"": false}, ""r&s"": {""srb_left"": 10, ""srb_right"": 10}, ""atr"": {""atr_length"": 14, ""atr_mult"": 1.0}}",FIRST AMERICAN FINANCIAL,1D,,,,,,
2026-08-07 00:00:00,Short,BGIN,1.7,-1.96%,1.83,sqz,参数二,"{""sqz"": {""bb_length"": 20, ""bb_mult"": 1.8, ""kc_length"": 20, ""kc_mult"": 1.5, ""min_sqz_bars"": 4}, ""r&s"": {""srb_left"": 15, ""srb_right"": 15}, ""atr"": {""atr_length"": 14, ""atr_mult"": 1.0}}",BGIN BLOCKCHAIN LTD CL A,1D,支撑释放,nan-2.47-2.38-2.08-1.75,低-低-低-低,nan%-3.64%-12.61%-15.87%,24.0,20.0
2026-08-07 00:00:00,Long,BCSF,13.11,1.31%,12.56,utb,参数一,"{""utb"": {""key_value"": 2, ""atr_period"": 14, ""use_ha"": false}, ""r&s"": {""srb_left"": 10, ""srb_right"": 10}, ""atr"": {""atr_length"": 14, ""atr_mult"": 1.0}}",BAIN CAPITAL SPECIALTY FINAN,1D,,,,,,
2026-08-07 00:00:00,Short,EJH,1.25,-2.34%,1.56,sqz,参数一,"{""sqz"": {""bb_length"": 15, ""bb_mult"": 1.5, ""kc_length"": 15, ""kc_mult"": 1.2, ""min_sqz_bars"": 4}, ""r&s"": {""srb_left"": 10, ""srb_right"": 10}, ""atr"": {""atr_length"": 14, ""atr_mult"": 1.0}}",E-HOME HOUSEHOLD SERVICE,1D,一直亮红,nan-18.5-12.65-1.25-1.27,低-低-低-高,nan%-31.62%-90.12%-1.60%,27.0,69.29
2026-08-07 00:00:00,Short,EJH,1.25,-2.34%,1.56,sqz,参数二,"{""sqz"": {""bb_length"": 20, ""bb_mult"": 1.8, ""kc_length"": 20, ""kc_mult"": 1.5, ""min_sqz_bars"": 4}, ""r&s"": {""srb_left"": 15, ""srb_right"": 15}, ""atr"": {""atr_length"": 14, ""atr_mult"": 1.0}}",E-HOME HOUSEHOLD SERVICE,1D,一直亮红,nan-18.5-12.65-1.25-1.27,低-低-低-高,nan%-31.62%-90.12%-1.60%,27.0,69.29
2026-08-07 00:00:00,Long,AIRJ,5.92,5.90%,5.15,sqz,参数一,"{""sqz"": {""bb_length"": 15, ""bb_mult"": 1.5, ""kc_length"": 15, ""kc_mult"": 1.2, ""min_sqz_bars"": 4}, ""r&s"": {""srb_left"": 10, ""srb_right"": 10}, ""atr"": {""atr_length"": 14, ""atr_mult"": 1.0}}",AIRJOULE TECHNOLOGIES CORP,1D,一直亮绿,4.84-3.65-3.38-6.0-5.63,低-低-高-低,24.59%-7.40%-77.51%-6.17%,27.0,60.4
2026-08-07 00:00:00,Long,AIRJ,5.92,5.90%,5.15,sqz,参数二,"{""sqz"": {""bb_length"": 20, ""bb_mult"": 1.8, ""kc_length"": 20, ""kc_mult"": 1.5, ""min_sqz_bars"": 4}, ""r&s"": {""srb_left"": 15, ""srb_right"": 15}, ""atr"": {""atr_length"": 14, ""atr_mult"": 1.0}}",AIRJOULE TECHNOLOGIES CORP,1D,一直亮绿,nan-4.84-3.65-6.0-5.63,低-低-高-低,nan%-24.59%-64.38%-6.17%,27.0,60.4
2026-08-07 00:00:00,Long,FURY,0.6,4.71%,0.53,utb,参数二,"{""utb"": {""key_value"": 3, ""atr_period"": 14, ""use_ha"": false}, ""r&s"": {""srb_left"": 15, ""srb_right"": 15}, ""atr"": {""atr_length"": 14, ""atr_mult"": 1.0}}",FURY GOLD MINES LTD,1D,,,,,,
2026-08-07 00:00:00,Long,ATGL,8.35,11.33%,5.6,suf,参数一,"{""suf"": {""timeframe"": ""d""}}",ALPHA TECHNOLOGY GROUP LTD-A,1D,,,,,,
2026-08-07 00:00:00,Long,ATGL,8.35,11.33%,5.6,suf,参数二,"{""suf"": {""timeframe"": ""d""}}",ALPHA TECHNOLOGY GROUP LTD-A,1D,,,,,,
2026-08-07 00:00:00,Long,HMR,1.26,3.69%,1.12,utb,参数一,"{""utb"": {""key_value"": 2, ""atr_period"": 14, ""use_ha"": false}, ""r&s"": {""srb_left"": 10, ""srb_right"": 10}, ""atr"": {""atr_length"": 14, ""atr_mult"": 1.0}}",HEIDMAR MARITIME HOLDINGS CO,1D,,,,,,
2026-08-07 00:00:00,Short,ASPN,6.25,-9.29%,7.73,suf,参数一,"{""suf"": {""timeframe"": ""d""}}",ASPEN AEROGELS INC,1D,,,,,,
2026-08-07 00:00:00,Short,ASPN,6.25,-9.29%,7.73,suf,参数二,"{""suf"": {""timeframe"": ""d""}}",ASPEN AEROGELS INC,1D,,,,,,
2026-08-07 00:00:00,Long,NSPR,0.74,2.78%,0.64,utb,参数一,"{""utb"": {""key_value"": 2, ""atr_period"": 14, ""use_ha"": false}, ""r&s"": {""srb_left"": 10, ""srb_right"": 10}, ""atr"": {""atr_length"": 14, ""atr_mult"": 1.0}}",INSPIREMD INC,1D,,,,,,
2026-08-07 00:00:00,Long,VATE,12.11,63.43%,8.59,utb,参数一,"{""utb"": {""key_value"": 2, ""atr_period"": 14, ""use_ha"": false}, ""r&s"": {""srb_left"": 10, ""srb_right"": 10}, ""atr"": {""atr_length"": 14, ""atr_mult"": 1.0}}",INNOVATE CORP,1D,,,,,,
2026-08-07 00:00:00,Long,VATE,12.11,63.43%,8.59,mfa,参数一,"{""utb"": {""key_value"": 2, ""atr_period"": 14, ""use_ha"": false}, ""mfa"": {""mfa_all"": 23}}",INNOVATE CORP,1D,,,,,,
2026-08-07 00:00:00,Long,VATE,12.11,63.43%,8.59,suf,参数一,"{""suf"": {""timeframe"": ""d""}}",INNOVATE CORP,1D,,,,,,
2026-08-07 00:00:00,Long,VATE,12.11,63.43%,8.59,utb,参数二,"{""utb"": {""key_value"": 3, ""atr_period"": 14, ""use_ha"": false}, ""r&s"": {""srb_left"": 15, ""srb_right"": 15}, ""atr"": {""atr_length"": 14, ""atr_mult"": 1.0}}",INNOVATE CORP,1D,,,,,,
2026-08-07 00:00:00,Long,VATE,12.11,63.43%,8.59,mfa,参数二,"{""utb"": {""key_value"": 3, ""atr_period"": 14, ""use_ha"": false}, ""mfa"": {""mfa_all"": 23}}",INNOVATE CORP,1D,,,,,,
2026-08-07 00:00:00,Long,VATE,12.11,63.43%,8.59,suf,参数二,"{""suf"": {""timeframe"": ""d""}}",INNOVATE CORP,1D,,,,,,
2026-08-07 00:00:00,Long,SVM,11.45,6.12%,10.53,utb,参数二,"{""utb"": {""key_value"": 3, ""atr_period"": 14, ""use_ha"": false}, ""r&s"": {""srb_left"": 15, ""srb_right"": 15}, ""atr"": {""atr_length"": 14, ""atr_mult"": 1.0}}",SILVERCORP METALS INC,1D,,,,,,
2026-08-07 00:00:00,Long,TILE,38.29,9.09%,35.13,sqz,参数一,"{""sqz"": {""bb_length"": 15, ""bb_mult"": 1.5, ""kc_length"": 15, ""kc_mult"": 1.2, ""min_sqz_bars"": 4}, ""r&s"": {""srb_left"": 10, ""srb_right"": 10}, ""atr"": {""atr_length"": 14, ""atr_mult"": 1.0}}",INTERFACE INC,1D,一直亮绿,28.62-35.03-28.92-30.31-36.66,高-低-高-高,22.42%-17.45%-4.80%-20.95%,26.0,17.84
2026-08-07 00:00:00,Long,TILE,38.29,9.09%,35.13,utb,参数二,"{""utb"": {""key_value"": 3, ""atr_period"": 14, ""use_ha"": false}, ""r&s"": {""srb_left"": 15, ""srb_right"": 15}, ""atr"": {""atr_length"": 14, ""atr_mult"": 1.0}}",INTERFACE INC,1D,,,,,,
2026-08-07 00:00:00,Long,PENG,58.43,3.86%,49.98,utb,参数一,"{""utb"": {""key_value"": 2, ""atr_period"": 14, ""use_ha"": false}, ""r&s"": {""srb_left"": 10, ""srb_right"": 10}, ""atr"": {""atr_length"": 14, ""atr_mult"": 1.0}}",PENGUIN SOLUTIONS INC,1D,,,,,,
2026-08-07 00:00:00,Long,PENG,58.43,3.86%,49.98,mfa,参数一,"{""utb"": {""key_value"": 2, ""atr_period"": 14, ""use_ha"": false}, ""mfa"": {""mfa_all"": 15}}",PENGUIN SOLUTIONS INC,1D,,,,,,
2026-08-07 00:00:00,Short,ASLE,5.9,-6.35%,6.34,utb,参数一,"{""utb"": {""key_value"": 2, ""atr_period"": 14, ""use_ha"": false}, ""r&s"": {""srb_left"": 10, ""srb_right"": 10}, ""atr"": {""atr_length"": 14, ""atr_mult"": 1.0}}",AERSALE CORP,1D,,,,,,
2026-08-07 00:00:00,Long,TOPP,0.46,7.57%,0.32,suf,参数一,"{""suf"": {""timeframe"": ""d""}}",TOPPOINT HOLDINGS INC,1D,,,,,,
2026-08-07 00:00:00,Long,TOPP,0.46,7.57%,0.32,suf,参数二,"{""suf"": {""timeframe"": ""d""}}",TOPPOINT HOLDINGS INC,1D,,,,,,
2026-08-07 00:00:00,Long,IDR,35.24,8.33%,31.42,utb,参数二,"{""utb"": {""key_value"": 3, ""atr_period"": 14, ""use_ha"": false}, ""r&s"": {""srb_left"": 15, ""srb_right"": 15}, ""atr"": {""atr_length"": 14, ""atr_mult"": 1.0}}",IDAHO STRATEGIC RESOURCES IN,1D,,,,,,
2026-08-07 00:00:00,Long,IDR,35.24,8.33%,31.42,mfa,参数二,"{""utb"": {""key_value"": 3, ""atr_period"": 14, ""use_ha"": false}, ""mfa"": {""mfa_all"": 44}}",IDAHO STRATEGIC RESOURCES IN,1D,,,,,,
2026-08-07 00:00:00,Short,SCSC,54.95,-3.49%,59.59,utb,参数一,"{""utb"": {""key_value"": 2, ""atr_period"": 14, ""use_ha"": false}, ""r&s"": {""srb_left"": 10, ""srb_right"": 10}, ""atr"": {""atr_length"": 14, ""atr_mult"": 1.0}}",SCANSOURCE INC,1D,,,,,,
2026-08-07 00:00:00,Short,CALC,0.69,-3.37%,0.82,utb,参数二,"{""utb"": {""key_value"": 3, ""atr_period"": 14, ""use_ha"": false}, ""r&s"": {""srb_left"": 15, ""srb_right"": 15}, ""atr"": {""atr_length"": 14, ""atr_mult"": 1.0}}",CALCIMEDICA INC,1D,,,,,,
2026-08-07 00:00:00,Long,EU,1.25,8.70%,1.08,utb,参数一,"{""utb"": {""key_value"": 2, ""atr_period"": 14, ""use_ha"": false}, ""r&s"": {""srb_left"": 10, ""srb_right"": 10}, ""atr"": {""atr_length"": 14, ""atr_mult"": 1.0}}",ENCORE ENERGY CORP,1D,,,,,,
2026-08-07 00:00:00,Long,EU,1.25,8.70%,1.08,mfa,参数一,"{""utb"": {""key_value"": 2, ""atr_period"": 14, ""use_ha"": false}, ""mfa"": {""mfa_all"": 24}}",ENCORE ENERGY CORP,1D,,,,,,
2026-08-07 00:00:00,Long,PEPG,2.85,18.26%,2.23,sqz,参数一,"{""sqz"": {""bb_length"": 15, ""bb_mult"": 1.5, ""kc_length"": 15, ""kc_mult"": 1.2, ""min_sqz_bars"": 4}, ""r&s"": {""srb_left"": 10, ""srb_right"": 10}, ""atr"": {""atr_length"": 14, ""atr_mult"": 1.0}}",PEPGEN INC,1D,一直释放,6.72-7.8-7.14-1.93-2.62,高-低-低-高,16.07%-8.46%-72.97%-35.75%,18.0,55.95
2026-08-07 00:00:00,Short,AII,21.0,-0.94%,21.85,suf,参数一,"{""suf"": {""timeframe"": ""d""}}",AMERICAN INTEGRITY INSURANCE,1D,,,,,,
2026-08-07 00:00:00,Short,AII,21.0,-0.94%,21.85,suf,参数二,"{""suf"": {""timeframe"": ""d""}}",AMERICAN INTEGRITY INSURANCE,1D,,,,,,
2026-08-07 00:00:00,Long,MITK,18.49,9.99%,16.13,utb,参数一,"{""utb"": {""key_value"": 2, ""atr_period"": 14, ""use_ha"": false}, ""r&s"": {""srb_left"": 10, ""srb_right"": 10}, ""atr"": {""atr_length"": 14, ""atr_mult"": 1.0}}",MITEK SYSTEMS INC,1D,,,,,,
2026-08-07 00:00:00,Long,UI,566.27,-0.17%,545.2,sqz,参数一,"{""sqz"": {""bb_length"": 15, ""bb_mult"": 1.5, ""kc_length"": 15, ""kc_mult"": 1.2, ""min_sqz_bars"": 4}, ""r&s"": {""srb_left"": 10, ""srb_right"": 10}, ""atr"": {""atr_length"": 14, ""atr_mult"": 1.0}}",UBIQUITI INC,1D,压力释放,593.58-600.44-1098.58-610.05-563.46,高-高-低-低,1.16%-82.96%-44.47%-7.64%,17.0,8.59
2026-08-07 00:00:00,Short,LNC,46.03,-1.37%,48.07,suf,参数一,"{""suf"": {""timeframe"": ""d""}}",LINCOLN NATIONAL CORP,1D,,,,,,
2026-08-07 00:00:00,Short,LNC,46.03,-1.37%,48.07,suf,参数二,"{""suf"": {""timeframe"": ""d""}}",LINCOLN NATIONAL CORP,1D,,,,,,
2026-08-07 00:00:00,Long,AVY,177.18,1.83%,168.04,sqz,参数二,"{""sqz"": {""bb_length"": 20, ""bb_mult"": 1.8, ""kc_length"": 20, ""kc_mult"": 1.5, ""min_sqz_bars"": 4}, ""r&s"": {""srb_left"": 15, ""srb_right"": 15}, ""atr"": {""atr_length"": 14, ""atr_mult"": 1.0}}",AVERY DENNISON CORP,1D,一直亮绿,nan-188.23-197.29-175.39,低-高-低,nan%-4.82%-11.10%,88.0,15.61
2026-08-07 00:00:00,Long,UEC,11.26,4.65%,10.34,utb,参数二,"{""utb"": {""key_value"": 3, ""atr_period"": 14, ""use_ha"": false}, ""r&s"": {""srb_left"": 15, ""srb_right"": 15}, ""atr"": {""atr_length"": 14, ""atr_mult"": 1.0}}",URANIUM ENERGY CORP,1D,,,,,,
2026-08-07 00:00:00,Long,VELO,14.16,7.11%,11.66,utb,参数二,"{""utb"": {""key_value"": 3, ""atr_period"": 14, ""use_ha"": false}, ""r&s"": {""srb_left"": 15, ""srb_right"": 15}, ""atr"": {""atr_length"": 14, ""atr_mult"": 1.0}}",VELO3D INC,1D,,,,,,
2026-08-07 00:00:00,Long,VELO,14.16,7.11%,11.66,mfa,参数二,"{""utb"": {""key_value"": 3, ""atr_period"": 14, ""use_ha"": false}, ""mfa"": {""mfa_all"": 24}}",VELO3D INC,1D,,,,,,
2026-08-07 00:00:00,Long,BTG,5.03,22.98%,4.13,sqz,参数一,"{""sqz"": {""bb_length"": 15, ""bb_mult"": 1.5, ""kc_length"": 15, ""kc_mult"": 1.2, ""min_sqz_bars"": 4}, ""r&s"": {""srb_left"": 10, ""srb_right"": 10}, ""atr"": {""atr_length"": 14, ""atr_mult"": 1.0}}",B2GOLD CORP,1D,压力释放,5.86-6.23-5.09-5.56-4.67,高-低-高-低,6.43%-18.29%-9.18%-16.04%,35.0,30.81
2026-08-07 00:00:00,Long,BTG,5.03,22.98%,4.13,utb,参数二,"{""utb"": {""key_value"": 3, ""atr_period"": 14, ""use_ha"": false}, ""r&s"": {""srb_left"": 15, ""srb_right"": 15}, ""atr"": {""atr_length"": 14, ""atr_mult"": 1.0}}",B2GOLD CORP,1D,,,,,,
2026-08-07 00:00:00,Short,WEAV,5.29,-20.57%,6.04,utb,参数一,"{""utb"": {""key_value"": 2, ""atr_period"": 14, ""use_ha"": false}, ""r&s"": {""srb_left"": 10, ""srb_right"": 10}, ""atr"": {""atr_length"": 14, ""atr_mult"": 1.0}}",WEAVE COMMUNICATIONS INC,1D,,,,,,
2026-08-07 00:00:00,Short,WEAV,5.29,-20.57%,6.04,sqz,参数一,"{""sqz"": {""bb_length"": 15, ""bb_mult"": 1.5, ""kc_length"": 15, ""kc_mult"": 1.2, ""min_sqz_bars"": 4}, ""r&s"": {""srb_left"": 10, ""srb_right"": 10}, ""atr"": {""atr_length"": 14, ""atr_mult"": 1.0}}",WEAVE COMMUNICATIONS INC,1D,一直释放,nan-5.64-4.24-4.97-5.93,低-低-高-高,nan%-24.76%-17.22%-19.32%,11.0,19.14
2026-08-07 00:00:00,Long,ROAD,119.74,19.55%,103.83,utb,参数二,"{""utb"": {""key_value"": 3, ""atr_period"": 14, ""use_ha"": false}, ""r&s"": {""srb_left"": 15, ""srb_right"": 15}, ""atr"": {""atr_length"": 14, ""atr_mult"": 1.0}}",CONSTRUCTION PARTNERS INC-A,1D,,,,,,
2026-08-07 00:00:00,Long,VIVS,0.47,42.42%,0.21,suf,参数一,"{""suf"": {""timeframe"": ""d""}}",VIVOSIM LABS INC,1D,,,,,,
2026-08-07 00:00:00,Long,VIVS,0.47,42.42%,0.21,suf,参数二,"{""suf"": {""timeframe"": ""d""}}",VIVOSIM LABS INC,1D,,,,,,
2026-08-07 00:00:00,Long,GLAD,19.73,1.13%,19.06,utb,参数一,"{""utb"": {""key_value"": 2, ""atr_period"": 14, ""use_ha"": false}, ""r&s"": {""srb_left"": 10, ""srb_right"": 10}, ""atr"": {""atr_length"": 14, ""atr_mult"": 1.0}}",GLADSTONE CAPITAL CORP,1D,,,,,,
2026-08-07 00:00:00,Long,PXS,5.03,2.86%,4.59,sqz,参数二,"{""sqz"": {""bb_length"": 20, ""bb_mult"": 1.8, ""kc_length"": 20, ""kc_mult"": 1.5, ""min_sqz_bars"": 4}, ""r&s"": {""srb_left"": 15, ""srb_right"": 15}, ""atr"": {""atr_length"": 14, ""atr_mult"": 1.0}}",PYXIS TANKERS INC,1D,一直亮绿,3.13-4.74-4.69-4.92-4.9,高-低-高-低,51.37%-1.01%-4.90%-0.41%,44.0,20.99
2026-08-07 00:00:00,Short,ATLC,100.01,-10.54%,117.19,utb,参数一,"{""utb"": {""key_value"": 2, ""atr_period"": 14, ""use_ha"": false}, ""r&s"": {""srb_left"": 10, ""srb_right"": 10}, ""atr"": {""atr_length"": 14, ""atr_mult"": 1.0}}",ATLANTICUS HOLDINGS CORP,1D,,,,,,
2026-08-07 00:00:00,Long,CARG,38.99,7.16%,36.28,sqz,参数一,"{""sqz"": {""bb_length"": 15, ""bb_mult"": 1.5, ""kc_length"": 15, ""kc_mult"": 1.2, ""min_sqz_bars"": 4}, ""r&s"": {""srb_left"": 10, ""srb_right"": 10}, ""atr"": {""atr_length"": 14, ""atr_mult"": 1.0}}",CARGURUS INC,1D,一直亮绿,nan-39.4-39.42-38.66,低-高-低,nan%-0.04%-1.93%,74.0,44.36
2026-08-07 00:00:00,Long,CARG,38.99,7.16%,36.28,sqz,参数二,"{""sqz"": {""bb_length"": 20, ""bb_mult"": 1.8, ""kc_length"": 20, ""kc_mult"": 1.5, ""min_sqz_bars"": 4}, ""r&s"": {""srb_left"": 15, ""srb_right"": 15}, ""atr"": {""atr_length"": 14, ""atr_mult"": 1.0}}",CARGURUS INC,1D,一直亮绿,nan-39.42-38.66,低-低,nan%-1.93%,74.0,44.36
2026-08-07 00:00:00,Long,MD,27.08,2.15%,25.27,utb,参数一,"{""utb"": {""key_value"": 2, ""atr_period"": 14, ""use_ha"": false}, ""r&s"": {""srb_left"": 10, ""srb_right"": 10}, ""atr"": {""atr_length"": 14, ""atr_mult"": 1.0}}",PEDIATRIX MEDICAL GROUP INC,1D,,,,,,
2026-08-07 00:00:00,Short,HRTG,32.74,-7.02%,36.31,suf,参数一,"{""suf"": {""timeframe"": ""d""}}",HERITAGE INSURANCE HOLDINGS,1D,,,,,,
2026-08-07 00:00:00,Short,HRTG,32.74,-7.02%,36.31,suf,参数二,"{""suf"": {""timeframe"": ""d""}}",HERITAGE INSURANCE HOLDINGS,1D,,,,,,
2026-08-07 00:00:00,Short,EE,34.87,-7.90%,39.54,utb,参数二,"{""utb"": {""key_value"": 3, ""atr_period"": 14, ""use_ha"": false}, ""r&s"": {""srb_left"": 15, ""srb_right"": 15}, ""atr"": {""atr_length"": 14, ""atr_mult"": 1.0}}",EXCELERATE ENERGY INC-A,1D,,,,,,
2026-08-07 00:00:00,Long,VABK,47.91,2.18%,45.26,utb,参数二,"{""utb"": {""key_value"": 3, ""atr_period"": 14, ""use_ha"": false}, ""r&s"": {""srb_left"": 15, ""srb_right"": 15}, ""atr"": {""atr_length"": 14, ""atr_mult"": 1.0}}",VIRGINIA NATIONAL BANKSHARES,1D,,,,,,
2026-08-07 00:00:00,Long,DFH,15.03,7.20%,13.09,utb,参数一,"{""utb"": {""key_value"": 2, ""atr_period"": 14, ""use_ha"": false}, ""r&s"": {""srb_left"": 10, ""srb_right"": 10}, ""atr"": {""atr_length"": 14, ""atr_mult"": 1.0}}",DREAM FINDERS HOMES INC - A,1D,,,,,,
2026-08-07 00:00:00,Long,AVA,38.73,0.81%,37.32,suf,参数一,"{""suf"": {""timeframe"": ""d""}}",AVISTA CORP,1D,,,,,,
2026-08-07 00:00:00,Long,AVA,38.73,0.81%,37.32,suf,参数二,"{""suf"": {""timeframe"": ""d""}}",AVISTA CORP,1D,,,,,,
2026-08-07 00:00:00,Long,WGS,77.08,10.76%,64.01,sqz,参数一,"{""sqz"": {""bb_length"": 15, ""bb_mult"": 1.5, ""kc_length"": 15, ""kc_mult"": 1.2, ""min_sqz_bars"": 4}, ""r&s"": {""srb_left"": 10, ""srb_right"": 10}, ""atr"": {""atr_length"": 14, ""atr_mult"": 1.0}}",GENEDX HOLDINGS CORP,1D,压力释放,170.87-140.83-95.38-73.46-72.95,低-低-低-低,17.58%-32.27%-22.98%-0.69%,25.0,25.47
2026-08-07 00:00:00,Long,RAC,10.49,0.10%,10.47,utb,参数一,"{""utb"": {""key_value"": 2, ""atr_period"": 14, ""use_ha"": false}, ""r&s"": {""srb_left"": 10, ""srb_right"": 10}, ""atr"": {""atr_length"": 14, ""atr_mult"": 1.0}}",RITHM ACQUISITION CORP-A,1D,,,,,,
2026-08-07 00:00:00,Long,HSLV,5.2,6.34%,4.8,utb,参数二,"{""utb"": {""key_value"": 3, ""atr_period"": 14, ""use_ha"": false}, ""r&s"": {""srb_left"": 15, ""srb_right"": 15}, ""atr"": {""atr_length"": 14, ""atr_mult"": 1.0}}",HIGHLANDER SILVER CORP,1D,,,,,,
2026-08-07 00:00:00,Long,NVA,5.72,4.95%,5.16,utb,参数二,"{""utb"": {""key_value"": 3, ""atr_period"": 14, ""use_ha"": false}, ""r&s"": {""srb_left"": 15, ""srb_right"": 15}, ""atr"": {""atr_length"": 14, ""atr_mult"": 1.0}}",NOVA MINERALS CORP,1D,,,,,,
2026-08-07 00:00:00,Short,ETS,1.16,-7.20%,1.38,suf,参数一,"{""suf"": {""timeframe"": ""d""}}",ELITE EXPRESS HOLDING INC,1D,,,,,,
2026-08-07 00:00:00,Short,ETS,1.16,-7.20%,1.38,suf,参数二,"{""suf"": {""timeframe"": ""d""}}",ELITE EXPRESS HOLDING INC,1D,,,,,,
2026-08-07 00:00:00,Short,NATR,16.38,-19.47%,18.26,sqz,参数一,"{""sqz"": {""bb_length"": 15, ""bb_mult"": 1.5, ""kc_length"": 15, ""kc_mult"": 1.2, ""min_sqz_bars"": 4}, ""r&s"": {""srb_left"": 10, ""srb_right"": 10}, ""atr"": {""atr_length"": 14, ""atr_mult"": 1.0}}",NATURES SUNSHINE PRODS INC,1D,支撑释放,nan-12.97-20.92-22.7-19.43,低-高-高-低,nan%-61.30%-8.51%-14.41%,44.0,15.13
2026-08-07 00:00:00,Short,NATR,16.38,-19.47%,18.26,sqz,参数二,"{""sqz"": {""bb_length"": 20, ""bb_mult"": 1.8, ""kc_length"": 20, ""kc_mult"": 1.5, ""min_sqz_bars"": 4}, ""r&s"": {""srb_left"": 15, ""srb_right"": 15}, ""atr"": {""atr_length"": 14, ""atr_mult"": 1.0}}",NATURES SUNSHINE PRODS INC,1D,支撑释放,nan-20.92-22.7-19.43,低-高-低,nan%-8.51%-14.41%,44.0,15.13
2026-08-07 00:00:00,Short,PRHI,4.65,-5.49%,5.47,utb,参数二,"{""utb"": {""key_value"": 3, ""atr_period"": 14, ""use_ha"": false}, ""r&s"": {""srb_left"": 15, ""srb_right"": 15}, ""atr"": {""atr_length"": 14, ""atr_mult"": 1.0}}",PRESURANCE HOLDINGS INC,1D,,,,,,
2026-08-07 00:00:00,Long,CBLL,18.81,3.07%,17.44,utb,参数二,"{""utb"": {""key_value"": 3, ""atr_period"": 14, ""use_ha"": false}, ""r&s"": {""srb_left"": 15, ""srb_right"": 15}, ""atr"": {""atr_length"": 14, ""atr_mult"": 1.0}}",CERIBELL INC,1D,,,,,,
2026-08-07 00:00:00,Long,CBLL,18.81,3.07%,17.44,mfa,参数二,"{""utb"": {""key_value"": 3, ""atr_period"": 14, ""use_ha"": false}, ""mfa"": {""mfa_all"": 13}}",CERIBELL INC,1D,,,,,,
2026-08-07 00:00:00,Long,CHRW,149.35,1.83%,137.82,suf,参数一,"{""suf"": {""timeframe"": ""d""}}",C.H. ROBINSON WORLDWIDE INC,1D,,,,,,
2026-08-07 00:00:00,Long,CHRW,149.35,1.83%,137.82,suf,参数二,"{""suf"": {""timeframe"": ""d""}}",C.H. ROBINSON WORLDWIDE INC,1D,,,,,,
2026-08-07 00:00:00,Long,GTEN,10.57,0.67%,10.46,utb,参数一,"{""utb"": {""key_value"": 2, ""atr_period"": 14, ""use_ha"": false}, ""r&s"": {""srb_left"": 10, ""srb_right"": 10}, ""atr"": {""atr_length"": 14, ""atr_mult"": 1.0}}",GORES HOLDINGS X INC-CL A,1D,,,,,,
2026-08-07 00:00:00,Long,OCUL,9.19,5.15%,8.37,utb,参数一,"{""utb"": {""key_value"": 2, ""atr_period"": 14, ""use_ha"": false}, ""r&s"": {""srb_left"": 10, ""srb_right"": 10}, ""atr"": {""atr_length"": 14, ""atr_mult"": 1.0}}",OCULAR THERAPEUTIX INC,1D,,,,,,
2026-08-07 00:00:00,Long,AVLN,33.92,3.73%,30.17,sqz,参数一,"{""sqz"": {""bb_length"": 15, ""bb_mult"": 1.5, ""kc_length"": 15, ""kc_mult"": 1.2, ""min_sqz_bars"": 4}, ""r&s"": {""srb_left"": 10, ""srb_right"": 10}, ""atr"": {""atr_length"": 14, ""atr_mult"": 1.0}}",AVALYN PHARMA INC,1D,压力释放,nan-33.32,低,nan%,27.0,33.82
2026-08-07 00:00:00,Long,AVLN,33.92,3.73%,30.17,sqz,参数二,"{""sqz"": {""bb_length"": 20, ""bb_mult"": 1.8, ""kc_length"": 20, ""kc_mult"": 1.5, ""min_sqz_bars"": 4}, ""r&s"": {""srb_left"": 15, ""srb_right"": 15}, ""atr"": {""atr_length"": 14, ""atr_mult"": 1.0}}",AVALYN PHARMA INC,1D,压力释放,nan-33.32,低,nan%,27.0,33.82
2026-08-07 00:00:00,Short,NTR,64.42,-3.51%,67.99,utb,参数二,"{""utb"": {""key_value"": 3, ""atr_period"": 14, ""use_ha"": false}, ""r&s"": {""srb_left"": 15, ""srb_right"": 15}, ""atr"": {""atr_length"": 14, ""atr_mult"": 1.0}}",NUTRIEN LTD,1D,,,,,,
2026-08-07 00:00:00,Short,NC,42.37,-1.21%,44.94,sqz,参数二,"{""sqz"": {""bb_length"": 20, ""bb_mult"": 1.8, ""kc_length"": 20, ""kc_mult"": 1.5, ""min_sqz_bars"": 4}, ""r&s"": {""srb_left"": 15, ""srb_right"": 15}, ""atr"": {""atr_length"": 14, ""atr_mult"": 1.0}}",NACCO INDUSTRIES-CL A,1D,支撑释放,nan-43.29-43.83-47.02-46.74,低-高-高-低,nan%-1.24%-7.30%-0.61%,78.0,16.78
2026-08-07 00:00:00,Long,ABOS,2.44,7.02%,2.14,utb,参数一,"{""utb"": {""key_value"": 2, ""atr_period"": 14, ""use_ha"": false}, ""r&s"": {""srb_left"": 10, ""srb_right"": 10}, ""atr"": {""atr_length"": 14, ""atr_mult"": 1.0}}",ACUMEN PHARMACEUTICALS INC,1D,,,,,,
2026-08-07 00:00:00,Short,QDEL,12.29,-24.69%,14.6,utb,参数一,"{""utb"": {""key_value"": 2, ""atr_period"": 14, ""use_ha"": false}, ""r&s"": {""srb_left"": 10, ""srb_right"": 10}, ""atr"": {""atr_length"": 14, ""atr_mult"": 1.0}}",QUIDELORTHO CORP,1D,,,,,,
2026-08-07 00:00:00,Short,QDEL,12.29,-24.69%,14.6,utb,参数二,"{""utb"": {""key_value"": 3, ""atr_period"": 14, ""use_ha"": false}, ""r&s"": {""srb_left"": 15, ""srb_right"": 15}, ""atr"": {""atr_length"": 14, ""atr_mult"": 1.0}}",QUIDELORTHO CORP,1D,,,,,,
2026-08-07 00:00:00,Long,OLED,91.19,4.52%,85.21,utb,参数二,"{""utb"": {""key_value"": 3, ""atr_period"": 14, ""use_ha"": false}, ""r&s"": {""srb_left"": 15, ""srb_right"": 15}, ""atr"": {""atr_length"": 14, ""atr_mult"": 1.0}}",UNIVERSAL DISPLAY CORP,1D,,,,,,
