日期,信号,代码,现价,涨幅,止损,策略,参组,参数,名称,周期
2026-06-22 00:00:00,Short,WHD,52.01,-4.90%,59.97,utb,参数一,"{""utb"": {""key_value"": 2, ""atr_period"": 14, ""use_ha"": false}, ""r&s"": {""srb_left"": 10, ""srb_right"": 10}, ""atr"": {""atr_length"": 14, ""atr_mult"": 1.0}}",CACTUS INC - A,1WK
2026-06-22 00:00:00,Short,SOUN,6.41,-9.97%,8.57,utb,参数一,"{""utb"": {""key_value"": 2, ""atr_period"": 14, ""use_ha"": false}, ""r&s"": {""srb_left"": 10, ""srb_right"": 10}, ""atr"": {""atr_length"": 14, ""atr_mult"": 1.0}}",SOUNDHOUND AI INC-A,1WK
2026-06-22 00:00:00,Long,POR,52.53,5.80%,48.01,utb,参数一,"{""utb"": {""key_value"": 2, ""atr_period"": 14, ""use_ha"": false}, ""r&s"": {""srb_left"": 10, ""srb_right"": 10}, ""atr"": {""atr_length"": 14, ""atr_mult"": 1.0}}",PORTLAND GENERAL ELECTRIC CO,1WK
2026-06-22 00:00:00,Long,CVBF,22.46,7.93%,19.63,utb,参数二,"{""utb"": {""key_value"": 3, ""atr_period"": 14, ""use_ha"": false}, ""r&s"": {""srb_left"": 15, ""srb_right"": 15}, ""atr"": {""atr_length"": 14, ""atr_mult"": 1.0}}",CVB FINANCIAL CORP,1WK
2026-06-22 00:00:00,Long,OPTU,1.66,44.35%,0.87,utb,参数二,"{""utb"": {""key_value"": 3, ""atr_period"": 14, ""use_ha"": false}, ""r&s"": {""srb_left"": 15, ""srb_right"": 15}, ""atr"": {""atr_length"": 14, ""atr_mult"": 1.0}}",OPTIMUM COMMUNICATIONS INC-A,1WK
2026-06-22 00:00:00,Long,OPTU,1.66,44.35%,0.87,mfa,参数二,"{""utb"": {""key_value"": 3, ""atr_period"": 14, ""use_ha"": false}, ""mfa"": {""mfa_all"": 22}}",OPTIMUM COMMUNICATIONS INC-A,1WK
2026-06-22 00:00:00,Short,KEX,136.78,-2.74%,150.5,utb,参数一,"{""utb"": {""key_value"": 2, ""atr_period"": 14, ""use_ha"": false}, ""r&s"": {""srb_left"": 10, ""srb_right"": 10}, ""atr"": {""atr_length"": 14, ""atr_mult"": 1.0}}",KIRBY CORP,1WK
2026-06-22 00:00:00,Long,APPF,155.64,2.73%,125.19,suf,参数一,"{""suf"": {""timeframe"": ""w"", ""rsi_length"": 14, ""weekly_rsi_threshold"": 35, ""monthly_rsi_threshold"": 45}}",APPFOLIO INC - A,1WK
2026-06-22 00:00:00,Long,APPF,155.64,2.73%,125.19,suf,参数二,"{""suf"": {""timeframe"": ""w"", ""rsi_length"": 14, ""weekly_rsi_threshold"": 35, ""monthly_rsi_threshold"": 45}}",APPFOLIO INC - A,1WK
2026-06-22 00:00:00,Long,EIG,50.74,9.00%,44.13,utb,参数二,"{""utb"": {""key_value"": 3, ""atr_period"": 14, ""use_ha"": false}, ""r&s"": {""srb_left"": 15, ""srb_right"": 15}, ""atr"": {""atr_length"": 14, ""atr_mult"": 1.0}}",EMPLOYERS HOLDINGS INC,1WK
2026-06-22 00:00:00,Long,NIC,163.25,11.17%,133.78,utb,参数一,"{""utb"": {""key_value"": 2, ""atr_period"": 14, ""use_ha"": false}, ""r&s"": {""srb_left"": 10, ""srb_right"": 10}, ""atr"": {""atr_length"": 14, ""atr_mult"": 1.0}}",NICOLET BANKSHARES INC,1WK
2026-06-22 00:00:00,Long,CL,92.07,2.89%,84.4,utb,参数一,"{""utb"": {""key_value"": 2, ""atr_period"": 14, ""use_ha"": false}, ""r&s"": {""srb_left"": 10, ""srb_right"": 10}, ""atr"": {""atr_length"": 14, ""atr_mult"": 1.0}}",COLGATE-PALMOLIVE CO,1WK
2026-06-22 00:00:00,Long,WDFC,248.33,9.30%,206.73,utb,参数一,"{""utb"": {""key_value"": 2, ""atr_period"": 14, ""use_ha"": false}, ""r&s"": {""srb_left"": 10, ""srb_right"": 10}, ""atr"": {""atr_length"": 14, ""atr_mult"": 1.0}}",WD-40 CO,1WK
2026-06-22 00:00:00,Long,WDFC,248.33,9.30%,206.73,utb,参数二,"{""utb"": {""key_value"": 3, ""atr_period"": 14, ""use_ha"": false}, ""r&s"": {""srb_left"": 15, ""srb_right"": 15}, ""atr"": {""atr_length"": 14, ""atr_mult"": 1.0}}",WD-40 CO,1WK
2026-06-22 00:00:00,Short,DAR,52.5,-2.20%,58.24,utb,参数二,"{""utb"": {""key_value"": 3, ""atr_period"": 14, ""use_ha"": false}, ""r&s"": {""srb_left"": 15, ""srb_right"": 15}, ""atr"": {""atr_length"": 14, ""atr_mult"": 1.0}}",DARLING INGREDIENTS INC,1WK
2026-06-22 00:00:00,Long,NMIH,40.62,8.38%,35.26,utb,参数一,"{""utb"": {""key_value"": 2, ""atr_period"": 14, ""use_ha"": false}, ""r&s"": {""srb_left"": 10, ""srb_right"": 10}, ""atr"": {""atr_length"": 14, ""atr_mult"": 1.0}}",NMI HOLDINGS INC,1WK
2026-06-22 00:00:00,Short,STLD,245.49,-1.77%,271.91,utb,参数一,"{""utb"": {""key_value"": 2, ""atr_period"": 14, ""use_ha"": false}, ""r&s"": {""srb_left"": 10, ""srb_right"": 10}, ""atr"": {""atr_length"": 14, ""atr_mult"": 1.0}}",STEEL DYNAMICS INC,1WK
2026-06-22 00:00:00,Short,BMNR,13.56,-15.99%,20.55,utb,参数一,"{""utb"": {""key_value"": 2, ""atr_period"": 14, ""use_ha"": false}, ""r&s"": {""srb_left"": 10, ""srb_right"": 10}, ""atr"": {""atr_length"": 14, ""atr_mult"": 1.0}}",BITMINE IMMERSION TECHNOLOGI,1WK
2026-06-22 00:00:00,Long,CCK,110.62,8.94%,94.52,utb,参数一,"{""utb"": {""key_value"": 2, ""atr_period"": 14, ""use_ha"": false}, ""r&s"": {""srb_left"": 10, ""srb_right"": 10}, ""atr"": {""atr_length"": 14, ""atr_mult"": 1.0}}",CROWN HOLDINGS INC,1WK
2026-06-22 00:00:00,Long,CCK,110.62,8.94%,94.52,utb,参数二,"{""utb"": {""key_value"": 3, ""atr_period"": 14, ""use_ha"": false}, ""r&s"": {""srb_left"": 15, ""srb_right"": 15}, ""atr"": {""atr_length"": 14, ""atr_mult"": 1.0}}",CROWN HOLDINGS INC,1WK
2026-06-22 00:00:00,Long,BMRN,59.0,7.88%,51.01,utb,参数一,"{""utb"": {""key_value"": 2, ""atr_period"": 14, ""use_ha"": false}, ""r&s"": {""srb_left"": 10, ""srb_right"": 10}, ""atr"": {""atr_length"": 14, ""atr_mult"": 1.0}}",BIOMARIN PHARMACEUTICAL INC,1WK
2026-06-22 00:00:00,Long,WU,7.54,9.33%,6.29,suf,参数一,"{""suf"": {""timeframe"": ""w"", ""rsi_length"": 14, ""weekly_rsi_threshold"": 35, ""monthly_rsi_threshold"": 45}}",WESTERN UNION CO,1WK
2026-06-22 00:00:00,Long,WU,7.54,9.33%,6.29,suf,参数二,"{""suf"": {""timeframe"": ""w"", ""rsi_length"": 14, ""weekly_rsi_threshold"": 35, ""monthly_rsi_threshold"": 45}}",WESTERN UNION CO,1WK
2026-06-22 00:00:00,Short,GDYN,5.47,-3.36%,6.62,utb,参数一,"{""utb"": {""key_value"": 2, ""atr_period"": 14, ""use_ha"": false}, ""r&s"": {""srb_left"": 10, ""srb_right"": 10}, ""atr"": {""atr_length"": 14, ""atr_mult"": 1.0}}",GRID DYNAMICS HOLDINGS INC,1WK
2026-06-22 00:00:00,Long,MAN,36.2,7.90%,27.51,utb,参数二,"{""utb"": {""key_value"": 3, ""atr_period"": 14, ""use_ha"": false}, ""r&s"": {""srb_left"": 15, ""srb_right"": 15}, ""atr"": {""atr_length"": 14, ""atr_mult"": 1.0}}",MANPOWERGROUP INC,1WK
2026-06-22 00:00:00,Long,CRK,14.3,9.16%,10.93,suf,参数一,"{""suf"": {""timeframe"": ""w"", ""rsi_length"": 14, ""weekly_rsi_threshold"": 35, ""monthly_rsi_threshold"": 45}}",COMSTOCK RESOURCES INC,1WK
2026-06-22 00:00:00,Long,CRK,14.3,9.16%,10.93,suf,参数二,"{""suf"": {""timeframe"": ""w"", ""rsi_length"": 14, ""weekly_rsi_threshold"": 35, ""monthly_rsi_threshold"": 45}}",COMSTOCK RESOURCES INC,1WK
2026-06-22 00:00:00,Long,LZ,6.07,10.36%,4.39,suf,参数一,"{""suf"": {""timeframe"": ""w"", ""rsi_length"": 14, ""weekly_rsi_threshold"": 35, ""monthly_rsi_threshold"": 45}}",LEGALZOOMCOM INC,1WK
2026-06-22 00:00:00,Long,LZ,6.07,10.36%,4.39,suf,参数二,"{""suf"": {""timeframe"": ""w"", ""rsi_length"": 14, ""weekly_rsi_threshold"": 35, ""monthly_rsi_threshold"": 45}}",LEGALZOOMCOM INC,1WK
2026-06-22 00:00:00,Long,IDA,152.88,7.38%,136.21,utb,参数二,"{""utb"": {""key_value"": 3, ""atr_period"": 14, ""use_ha"": false}, ""r&s"": {""srb_left"": 15, ""srb_right"": 15}, ""atr"": {""atr_length"": 14, ""atr_mult"": 1.0}}",IDACORP INC,1WK
2026-06-22 00:00:00,Short,KTOS,47.21,-12.91%,65.02,utb,参数二,"{""utb"": {""key_value"": 3, ""atr_period"": 14, ""use_ha"": false}, ""r&s"": {""srb_left"": 15, ""srb_right"": 15}, ""atr"": {""atr_length"": 14, ""atr_mult"": 1.0}}",KRATOS DEFENSE & SECURITY,1WK
2026-06-22 00:00:00,Short,CASY,778.63,-7.55%,903.78,utb,参数一,"{""utb"": {""key_value"": 2, ""atr_period"": 14, ""use_ha"": false}, ""r&s"": {""srb_left"": 10, ""srb_right"": 10}, ""atr"": {""atr_length"": 14, ""atr_mult"": 1.0}}",CASEY'S GENERAL STORES INC,1WK
2026-06-22 00:00:00,Long,TSLX,16.89,4.28%,15.02,suf,参数一,"{""suf"": {""timeframe"": ""w"", ""rsi_length"": 14, ""weekly_rsi_threshold"": 35, ""monthly_rsi_threshold"": 45}}",SIXTH STREET SPECIALTY LENDI,1WK
2026-06-22 00:00:00,Long,TSLX,16.89,4.28%,15.02,suf,参数二,"{""suf"": {""timeframe"": ""w"", ""rsi_length"": 14, ""weekly_rsi_threshold"": 35, ""monthly_rsi_threshold"": 45}}",SIXTH STREET SPECIALTY LENDI,1WK
2026-06-22 00:00:00,Long,FELE,107.89,3.54%,96.87,utb,参数二,"{""utb"": {""key_value"": 3, ""atr_period"": 14, ""use_ha"": false}, ""r&s"": {""srb_left"": 15, ""srb_right"": 15}, ""atr"": {""atr_length"": 14, ""atr_mult"": 1.0}}",FRANKLIN ELECTRIC CO INC,1WK
2026-06-22 00:00:00,Long,LBRDA,31.31,5.99%,24.86,suf,参数一,"{""suf"": {""timeframe"": ""w"", ""rsi_length"": 14, ""weekly_rsi_threshold"": 35, ""monthly_rsi_threshold"": 45}}",LIBERTY BROADBAND-A,1WK
2026-06-22 00:00:00,Long,LBRDA,31.31,5.99%,24.86,suf,参数二,"{""suf"": {""timeframe"": ""w"", ""rsi_length"": 14, ""weekly_rsi_threshold"": 35, ""monthly_rsi_threshold"": 45}}",LIBERTY BROADBAND-A,1WK
2026-06-22 00:00:00,Long,NGVT,77.12,5.05%,66.11,utb,参数一,"{""utb"": {""key_value"": 2, ""atr_period"": 14, ""use_ha"": false}, ""r&s"": {""srb_left"": 10, ""srb_right"": 10}, ""atr"": {""atr_length"": 14, ""atr_mult"": 1.0}}",INGEVITY CORP,1WK
2026-06-22 00:00:00,Long,HWC,74.43,5.97%,66.19,utb,参数二,"{""utb"": {""key_value"": 3, ""atr_period"": 14, ""use_ha"": false}, ""r&s"": {""srb_left"": 15, ""srb_right"": 15}, ""atr"": {""atr_length"": 14, ""atr_mult"": 1.0}}",HANCOCK WHITNEY CORP,1WK
2026-06-22 00:00:00,Short,SEDG,51.75,-10.85%,71.8,utb,参数一,"{""utb"": {""key_value"": 2, ""atr_period"": 14, ""use_ha"": false}, ""r&s"": {""srb_left"": 10, ""srb_right"": 10}, ""atr"": {""atr_length"": 14, ""atr_mult"": 1.0}}",SOLAREDGE TECHNOLOGIES INC,1WK
2026-06-22 00:00:00,Long,NRIX,22.9,30.48%,15.51,utb,参数一,"{""utb"": {""key_value"": 2, ""atr_period"": 14, ""use_ha"": false}, ""r&s"": {""srb_left"": 10, ""srb_right"": 10}, ""atr"": {""atr_length"": 14, ""atr_mult"": 1.0}}",NURIX THERAPEUTICS INC,1WK
2026-06-22 00:00:00,Long,NRIX,22.9,30.48%,15.51,utb,参数二,"{""utb"": {""key_value"": 3, ""atr_period"": 14, ""use_ha"": false}, ""r&s"": {""srb_left"": 15, ""srb_right"": 15}, ""atr"": {""atr_length"": 14, ""atr_mult"": 1.0}}",NURIX THERAPEUTICS INC,1WK
2026-06-22 00:00:00,Long,CCB,77.25,7.82%,63.07,suf,参数一,"{""suf"": {""timeframe"": ""w"", ""rsi_length"": 14, ""weekly_rsi_threshold"": 35, ""monthly_rsi_threshold"": 45}}",COASTAL FINANCIAL CORP/WA,1WK
2026-06-22 00:00:00,Long,CCB,77.25,7.82%,63.07,suf,参数二,"{""suf"": {""timeframe"": ""w"", ""rsi_length"": 14, ""weekly_rsi_threshold"": 35, ""monthly_rsi_threshold"": 45}}",COASTAL FINANCIAL CORP/WA,1WK
2026-06-22 00:00:00,Long,CGEM,18.4,22.42%,12.92,utb,参数二,"{""utb"": {""key_value"": 3, ""atr_period"": 14, ""use_ha"": false}, ""r&s"": {""srb_left"": 15, ""srb_right"": 15}, ""atr"": {""atr_length"": 14, ""atr_mult"": 1.0}}",CULLINAN THERAPEUTICS INC,1WK
2026-06-22 00:00:00,Long,MMSI,71.73,6.71%,61.59,utb,参数一,"{""utb"": {""key_value"": 2, ""atr_period"": 14, ""use_ha"": false}, ""r&s"": {""srb_left"": 10, ""srb_right"": 10}, ""atr"": {""atr_length"": 14, ""atr_mult"": 1.0}}",MERIT MEDICAL SYSTEMS INC,1WK
2026-06-22 00:00:00,Long,MMSI,71.73,6.71%,61.59,mfa,参数一,"{""utb"": {""key_value"": 2, ""atr_period"": 14, ""use_ha"": false}, ""mfa"": {""mfa_all"": 24}}",MERIT MEDICAL SYSTEMS INC,1WK
2026-06-22 00:00:00,Long,PBH,49.41,5.19%,41.06,suf,参数一,"{""suf"": {""timeframe"": ""w"", ""rsi_length"": 14, ""weekly_rsi_threshold"": 35, ""monthly_rsi_threshold"": 45}}",PRESTIGE CONSUMER HEALTHCARE,1WK
2026-06-22 00:00:00,Long,PBH,49.41,5.19%,41.06,suf,参数二,"{""suf"": {""timeframe"": ""w"", ""rsi_length"": 14, ""weekly_rsi_threshold"": 35, ""monthly_rsi_threshold"": 45}}",PRESTIGE CONSUMER HEALTHCARE,1WK
2026-06-22 00:00:00,Long,KMTS,26.43,32.61%,16.08,utb,参数一,"{""utb"": {""key_value"": 2, ""atr_period"": 14, ""use_ha"": false}, ""r&s"": {""srb_left"": 10, ""srb_right"": 10}, ""atr"": {""atr_length"": 14, ""atr_mult"": 1.0}}",KESTRA MEDICAL TECHNOLOGIES,1WK
2026-06-22 00:00:00,Long,KMTS,26.43,32.61%,16.08,mfa,参数一,"{""utb"": {""key_value"": 2, ""atr_period"": 14, ""use_ha"": false}, ""mfa"": {""mfa_all"": 16}}",KESTRA MEDICAL TECHNOLOGIES,1WK
2026-06-22 00:00:00,Long,SSB,101.37,5.01%,91.73,utb,参数一,"{""utb"": {""key_value"": 2, ""atr_period"": 14, ""use_ha"": false}, ""r&s"": {""srb_left"": 10, ""srb_right"": 10}, ""atr"": {""atr_length"": 14, ""atr_mult"": 1.0}}",SOUTHSTATE BANK CORP,1WK
2026-06-22 00:00:00,Short,ORCL,148.53,-19.40%,209.68,utb,参数一,"{""utb"": {""key_value"": 2, ""atr_period"": 14, ""use_ha"": false}, ""r&s"": {""srb_left"": 10, ""srb_right"": 10}, ""atr"": {""atr_length"": 14, ""atr_mult"": 1.0}}",ORACLE CORP,1WK
2026-06-22 00:00:00,Short,ORCL,148.53,-19.40%,209.68,utb,参数二,"{""utb"": {""key_value"": 3, ""atr_period"": 14, ""use_ha"": false}, ""r&s"": {""srb_left"": 15, ""srb_right"": 15}, ""atr"": {""atr_length"": 14, ""atr_mult"": 1.0}}",ORACLE CORP,1WK
2026-06-22 00:00:00,Long,ONB,25.88,4.35%,23.57,utb,参数二,"{""utb"": {""key_value"": 3, ""atr_period"": 14, ""use_ha"": false}, ""r&s"": {""srb_left"": 15, ""srb_right"": 15}, ""atr"": {""atr_length"": 14, ""atr_mult"": 1.0}}",OLD NATIONAL BANCORP,1WK
2026-06-22 00:00:00,Long,WCN,167.9,9.05%,144.0,utb,参数一,"{""utb"": {""key_value"": 2, ""atr_period"": 14, ""use_ha"": false}, ""r&s"": {""srb_left"": 10, ""srb_right"": 10}, ""atr"": {""atr_length"": 14, ""atr_mult"": 1.0}}",WASTE CONNECTIONS INC,1WK
2026-06-22 00:00:00,Long,WCN,167.9,9.05%,144.0,mfa,参数一,"{""utb"": {""key_value"": 2, ""atr_period"": 14, ""use_ha"": false}, ""mfa"": {""mfa_all"": 25}}",WASTE CONNECTIONS INC,1WK
2026-06-22 00:00:00,Long,FOUR,47.65,20.94%,31.79,suf,参数一,"{""suf"": {""timeframe"": ""w"", ""rsi_length"": 14, ""weekly_rsi_threshold"": 35, ""monthly_rsi_threshold"": 45}}",SHIFT4 PAYMENTS INC-CLASS A,1WK
2026-06-22 00:00:00,Long,FOUR,47.65,20.94%,31.79,suf,参数二,"{""suf"": {""timeframe"": ""w"", ""rsi_length"": 14, ""weekly_rsi_threshold"": 35, ""monthly_rsi_threshold"": 45}}",SHIFT4 PAYMENTS INC-CLASS A,1WK
2026-06-22 00:00:00,Short,AA,54.1,-8.88%,67.25,utb,参数二,"{""utb"": {""key_value"": 3, ""atr_period"": 14, ""use_ha"": false}, ""r&s"": {""srb_left"": 15, ""srb_right"": 15}, ""atr"": {""atr_length"": 14, ""atr_mult"": 1.0}}",ALCOA CORP,1WK
2026-06-22 00:00:00,Long,SBCF,33.45,9.11%,29.08,utb,参数一,"{""utb"": {""key_value"": 2, ""atr_period"": 14, ""use_ha"": false}, ""r&s"": {""srb_left"": 10, ""srb_right"": 10}, ""atr"": {""atr_length"": 14, ""atr_mult"": 1.0}}",SEACOAST BANKING CORP/FL,1WK
2026-06-22 00:00:00,Long,NWE,73.42,6.07%,66.12,utb,参数二,"{""utb"": {""key_value"": 3, ""atr_period"": 14, ""use_ha"": false}, ""r&s"": {""srb_left"": 15, ""srb_right"": 15}, ""atr"": {""atr_length"": 14, ""atr_mult"": 1.0}}",NORTHWESTERN ENERGY GROUP IN,1WK
2026-06-22 00:00:00,Long,GPOR,162.87,1.34%,145.11,suf,参数一,"{""suf"": {""timeframe"": ""w"", ""rsi_length"": 14, ""weekly_rsi_threshold"": 35, ""monthly_rsi_threshold"": 45}}",GULFPORT ENERGY CORP,1WK
2026-06-22 00:00:00,Long,GPOR,162.87,1.34%,145.11,suf,参数二,"{""suf"": {""timeframe"": ""w"", ""rsi_length"": 14, ""weekly_rsi_threshold"": 35, ""monthly_rsi_threshold"": 45}}",GULFPORT ENERGY CORP,1WK
2026-06-22 00:00:00,Long,IBCP,36.23,5.60%,32.03,utb,参数一,"{""utb"": {""key_value"": 2, ""atr_period"": 14, ""use_ha"": false}, ""r&s"": {""srb_left"": 10, ""srb_right"": 10}, ""atr"": {""atr_length"": 14, ""atr_mult"": 1.0}}",INDEPENDENT BANK CORP - MICH,1WK
2026-06-22 00:00:00,Short,SYM,41.24,-1.06%,48.81,utb,参数二,"{""utb"": {""key_value"": 3, ""atr_period"": 14, ""use_ha"": false}, ""r&s"": {""srb_left"": 15, ""srb_right"": 15}, ""atr"": {""atr_length"": 14, ""atr_mult"": 1.0}}",SYMBOTIC INC,1WK
2026-06-22 00:00:00,Long,PATH,10.53,2.53%,8.32,suf,参数一,"{""suf"": {""timeframe"": ""w"", ""rsi_length"": 14, ""weekly_rsi_threshold"": 35, ""monthly_rsi_threshold"": 45}}",UIPATH INC - CLASS A,1WK
2026-06-22 00:00:00,Long,PATH,10.53,2.53%,8.32,suf,参数二,"{""suf"": {""timeframe"": ""w"", ""rsi_length"": 14, ""weekly_rsi_threshold"": 35, ""monthly_rsi_threshold"": 45}}",UIPATH INC - CLASS A,1WK
2026-06-22 00:00:00,Short,DGXX,5.55,-17.78%,8.16,utb,参数一,"{""utb"": {""key_value"": 2, ""atr_period"": 14, ""use_ha"": false}, ""r&s"": {""srb_left"": 10, ""srb_right"": 10}, ""atr"": {""atr_length"": 14, ""atr_mult"": 1.0}}",DIGI POWER X INC,1WK
2026-06-22 00:00:00,Short,STLA,5.68,-10.41%,7.36,utb,参数二,"{""utb"": {""key_value"": 3, ""atr_period"": 14, ""use_ha"": false}, ""r&s"": {""srb_left"": 15, ""srb_right"": 15}, ""atr"": {""atr_length"": 14, ""atr_mult"": 1.0}}",STELLANTIS NV,1WK
2026-06-22 00:00:00,Long,AYI,362.48,14.12%,274.45,utb,参数二,"{""utb"": {""key_value"": 3, ""atr_period"": 14, ""use_ha"": false}, ""r&s"": {""srb_left"": 15, ""srb_right"": 15}, ""atr"": {""atr_length"": 14, ""atr_mult"": 1.0}}",ACUITY INC,1WK
2026-06-22 00:00:00,Long,STE,215.67,6.45%,186.04,suf,参数一,"{""suf"": {""timeframe"": ""w"", ""rsi_length"": 14, ""weekly_rsi_threshold"": 35, ""monthly_rsi_threshold"": 45}}",STERIS PLC,1WK
2026-06-22 00:00:00,Long,STE,215.67,6.45%,186.04,suf,参数二,"{""suf"": {""timeframe"": ""w"", ""rsi_length"": 14, ""weekly_rsi_threshold"": 35, ""monthly_rsi_threshold"": 45}}",STERIS PLC,1WK
2026-06-22 00:00:00,Long,WGS,69.82,18.32%,41.2,suf,参数一,"{""suf"": {""timeframe"": ""w"", ""rsi_length"": 14, ""weekly_rsi_threshold"": 35, ""monthly_rsi_threshold"": 45}}",GENEDX HOLDINGS CORP,1WK
2026-06-22 00:00:00,Long,WGS,69.82,18.32%,41.2,suf,参数二,"{""suf"": {""timeframe"": ""w"", ""rsi_length"": 14, ""weekly_rsi_threshold"": 35, ""monthly_rsi_threshold"": 45}}",GENEDX HOLDINGS CORP,1WK
2026-06-22 00:00:00,Long,IRTC,118.89,13.61%,88.83,suf,参数一,"{""suf"": {""timeframe"": ""w"", ""rsi_length"": 14, ""weekly_rsi_threshold"": 35, ""monthly_rsi_threshold"": 45}}",IRHYTHM HOLDINGS INC,1WK
2026-06-22 00:00:00,Long,IRTC,118.89,13.61%,88.83,suf,参数二,"{""suf"": {""timeframe"": ""w"", ""rsi_length"": 14, ""weekly_rsi_threshold"": 35, ""monthly_rsi_threshold"": 45}}",IRHYTHM HOLDINGS INC,1WK
2026-06-22 00:00:00,Long,BMI,140.88,3.97%,115.7,utb,参数一,"{""utb"": {""key_value"": 2, ""atr_period"": 14, ""use_ha"": false}, ""r&s"": {""srb_left"": 10, ""srb_right"": 10}, ""atr"": {""atr_length"": 14, ""atr_mult"": 1.0}}",BADGER METER INC,1WK
2026-06-22 00:00:00,Long,BMI,140.88,3.97%,115.7,mfa,参数一,"{""utb"": {""key_value"": 2, ""atr_period"": 14, ""use_ha"": false}, ""mfa"": {""mfa_all"": 11}}",BADGER METER INC,1WK
2026-06-22 00:00:00,Short,CLF,9.95,-18.97%,13.84,utb,参数一,"{""utb"": {""key_value"": 2, ""atr_period"": 14, ""use_ha"": false}, ""r&s"": {""srb_left"": 10, ""srb_right"": 10}, ""atr"": {""atr_length"": 14, ""atr_mult"": 1.0}}",CLEVELAND-CLIFFS INC,1WK
2026-06-22 00:00:00,Long,AKTS,29.44,22.21%,20.16,utb,参数一,"{""utb"": {""key_value"": 2, ""atr_period"": 14, ""use_ha"": false}, ""r&s"": {""srb_left"": 10, ""srb_right"": 10}, ""atr"": {""atr_length"": 14, ""atr_mult"": 1.0}}",AKTIS ONCOLOGY INC,1WK
2026-06-22 00:00:00,Long,AKTS,29.44,22.21%,20.16,mfa,参数一,"{""utb"": {""key_value"": 2, ""atr_period"": 14, ""use_ha"": false}, ""mfa"": {""mfa_all"": 14}}",AKTIS ONCOLOGY INC,1WK
2026-06-22 00:00:00,Short,PVH,74.38,-3.49%,88.59,utb,参数二,"{""utb"": {""key_value"": 3, ""atr_period"": 14, ""use_ha"": false}, ""r&s"": {""srb_left"": 15, ""srb_right"": 15}, ""atr"": {""atr_length"": 14, ""atr_mult"": 1.0}}",PVH CORP,1WK
2026-06-22 00:00:00,Long,ELAN,24.57,1.45%,20.8,utb,参数一,"{""utb"": {""key_value"": 2, ""atr_period"": 14, ""use_ha"": false}, ""r&s"": {""srb_left"": 10, ""srb_right"": 10}, ""atr"": {""atr_length"": 14, ""atr_mult"": 1.0}}",ELANCO ANIMAL HEALTH INC,1WK
2026-06-22 00:00:00,Short,AMPX,12.91,-20.16%,20.11,utb,参数一,"{""utb"": {""key_value"": 2, ""atr_period"": 14, ""use_ha"": false}, ""r&s"": {""srb_left"": 10, ""srb_right"": 10}, ""atr"": {""atr_length"": 14, ""atr_mult"": 1.0}}",AMPRIUS TECHNOLOGIES INC,1WK
2026-06-22 00:00:00,Long,GKOS,144.42,10.51%,114.29,utb,参数二,"{""utb"": {""key_value"": 3, ""atr_period"": 14, ""use_ha"": false}, ""r&s"": {""srb_left"": 15, ""srb_right"": 15}, ""atr"": {""atr_length"": 14, ""atr_mult"": 1.0}}",GLAUKOS CORP,1WK
2026-06-22 00:00:00,Short,NXT,106.95,-15.05%,149.17,utb,参数一,"{""utb"": {""key_value"": 2, ""atr_period"": 14, ""use_ha"": false}, ""r&s"": {""srb_left"": 10, ""srb_right"": 10}, ""atr"": {""atr_length"": 14, ""atr_mult"": 1.0}}",NEXTPOWER INC-CL A,1WK
2026-06-22 00:00:00,Long,PLSM,5.56,61.16%,1.67,suf,参数一,"{""suf"": {""timeframe"": ""w"", ""rsi_length"": 14, ""weekly_rsi_threshold"": 35, ""monthly_rsi_threshold"": 45}}",PULSENMORE LTD,1WK
2026-06-22 00:00:00,Long,PLSM,5.56,61.16%,1.67,suf,参数二,"{""suf"": {""timeframe"": ""w"", ""rsi_length"": 14, ""weekly_rsi_threshold"": 35, ""monthly_rsi_threshold"": 45}}",PULSENMORE LTD,1WK
2026-06-22 00:00:00,Short,VOYG,29.26,-22.12%,44.25,utb,参数二,"{""utb"": {""key_value"": 3, ""atr_period"": 14, ""use_ha"": false}, ""r&s"": {""srb_left"": 15, ""srb_right"": 15}, ""atr"": {""atr_length"": 14, ""atr_mult"": 1.0}}",VOYAGER TECHNOLOGIES INC-A,1WK
2026-06-22 00:00:00,Long,XPEL,49.37,8.62%,40.96,utb,参数二,"{""utb"": {""key_value"": 3, ""atr_period"": 14, ""use_ha"": false}, ""r&s"": {""srb_left"": 15, ""srb_right"": 15}, ""atr"": {""atr_length"": 14, ""atr_mult"": 1.0}}",XPEL INC,1WK
2026-06-22 00:00:00,Long,MGRC,123.31,4.33%,108.78,utb,参数一,"{""utb"": {""key_value"": 2, ""atr_period"": 14, ""use_ha"": false}, ""r&s"": {""srb_left"": 10, ""srb_right"": 10}, ""atr"": {""atr_length"": 14, ""atr_mult"": 1.0}}",MCGRATH RENTCORP,1WK
2026-06-22 00:00:00,Long,MAMA,19.94,12.21%,15.7,utb,参数二,"{""utb"": {""key_value"": 3, ""atr_period"": 14, ""use_ha"": false}, ""r&s"": {""srb_left"": 15, ""srb_right"": 15}, ""atr"": {""atr_length"": 14, ""atr_mult"": 1.0}}",MAMA'S CREATIONS INC,1WK
2026-06-22 00:00:00,Long,JBIO,22.0,30.80%,14.15,utb,参数一,"{""utb"": {""key_value"": 2, ""atr_period"": 14, ""use_ha"": false}, ""r&s"": {""srb_left"": 10, ""srb_right"": 10}, ""atr"": {""atr_length"": 14, ""atr_mult"": 1.0}}",JADE BIOSCIENCES INC,1WK
2026-06-22 00:00:00,Long,EVTC,27.37,6.42%,22.3,utb,参数一,"{""utb"": {""key_value"": 2, ""atr_period"": 14, ""use_ha"": false}, ""r&s"": {""srb_left"": 10, ""srb_right"": 10}, ""atr"": {""atr_length"": 14, ""atr_mult"": 1.0}}",EVERTEC INC,1WK
2026-06-22 00:00:00,Short,MBLY,7.81,-7.68%,9.72,utb,参数一,"{""utb"": {""key_value"": 2, ""atr_period"": 14, ""use_ha"": false}, ""r&s"": {""srb_left"": 10, ""srb_right"": 10}, ""atr"": {""atr_length"": 14, ""atr_mult"": 1.0}}",MOBILEYE GLOBAL INC-A,1WK
2026-06-22 00:00:00,Long,AEP,138.69,8.61%,122.19,utb,参数一,"{""utb"": {""key_value"": 2, ""atr_period"": 14, ""use_ha"": false}, ""r&s"": {""srb_left"": 10, ""srb_right"": 10}, ""atr"": {""atr_length"": 14, ""atr_mult"": 1.0}}",AMERICAN ELECTRIC POWER,1WK
2026-06-22 00:00:00,Short,AVGO,365.02,-11.12%,453.04,utb,参数一,"{""utb"": {""key_value"": 2, ""atr_period"": 14, ""use_ha"": false}, ""r&s"": {""srb_left"": 10, ""srb_right"": 10}, ""atr"": {""atr_length"": 14, ""atr_mult"": 1.0}}",BROADCOM INC,1WK
2026-06-22 00:00:00,Long,RYAN,38.88,11.18%,29.39,utb,参数一,"{""utb"": {""key_value"": 2, ""atr_period"": 14, ""use_ha"": false}, ""r&s"": {""srb_left"": 10, ""srb_right"": 10}, ""atr"": {""atr_length"": 14, ""atr_mult"": 1.0}}",RYAN SPECIALTY HOLDINGS INC,1WK
2026-06-22 00:00:00,Long,SKY,88.82,6.58%,73.84,utb,参数二,"{""utb"": {""key_value"": 3, ""atr_period"": 14, ""use_ha"": false}, ""r&s"": {""srb_left"": 15, ""srb_right"": 15}, ""atr"": {""atr_length"": 14, ""atr_mult"": 1.0}}",CHAMPION HOMES INC,1WK
2026-06-22 00:00:00,Long,SKY,88.82,6.58%,73.84,mfa,参数二,"{""utb"": {""key_value"": 3, ""atr_period"": 14, ""use_ha"": false}, ""mfa"": {""mfa_all"": 22}}",CHAMPION HOMES INC,1WK
2026-06-22 00:00:00,Long,SAGT,1.05,6.06%,0.58,suf,参数一,"{""suf"": {""timeframe"": ""w"", ""rsi_length"": 14, ""weekly_rsi_threshold"": 35, ""monthly_rsi_threshold"": 45}}",SAGTEC GLOBAL LTD-A,1WK
2026-06-22 00:00:00,Long,SAGT,1.05,6.06%,0.58,suf,参数二,"{""suf"": {""timeframe"": ""w"", ""rsi_length"": 14, ""weekly_rsi_threshold"": 35, ""monthly_rsi_threshold"": 45}}",SAGTEC GLOBAL LTD-A,1WK
2026-06-22 00:00:00,Long,AXS,108.72,7.65%,95.28,utb,参数一,"{""utb"": {""key_value"": 2, ""atr_period"": 14, ""use_ha"": false}, ""r&s"": {""srb_left"": 10, ""srb_right"": 10}, ""atr"": {""atr_length"": 14, ""atr_mult"": 1.0}}",AXIS CAPITAL HOLDINGS LTD,1WK
2026-06-22 00:00:00,Long,AXS,108.72,7.65%,95.28,mfa,参数一,"{""utb"": {""key_value"": 2, ""atr_period"": 14, ""use_ha"": false}, ""mfa"": {""mfa_all"": 12}}",AXIS CAPITAL HOLDINGS LTD,1WK
2026-06-22 00:00:00,Long,LILA,7.13,48.54%,4.13,utb,参数一,"{""utb"": {""key_value"": 2, ""atr_period"": 14, ""use_ha"": false}, ""r&s"": {""srb_left"": 10, ""srb_right"": 10}, ""atr"": {""atr_length"": 14, ""atr_mult"": 1.0}}",LIBERTY LATIN AMERIC-CL A,1WK
2026-06-22 00:00:00,Long,LILA,7.13,48.54%,4.13,utb,参数二,"{""utb"": {""key_value"": 3, ""atr_period"": 14, ""use_ha"": false}, ""r&s"": {""srb_left"": 15, ""srb_right"": 15}, ""atr"": {""atr_length"": 14, ""atr_mult"": 1.0}}",LIBERTY LATIN AMERIC-CL A,1WK
2026-06-22 00:00:00,Short,MUSA,526.33,-4.52%,612.41,utb,参数一,"{""utb"": {""key_value"": 2, ""atr_period"": 14, ""use_ha"": false}, ""r&s"": {""srb_left"": 10, ""srb_right"": 10}, ""atr"": {""atr_length"": 14, ""atr_mult"": 1.0}}",MURPHY USA INC,1WK
2026-06-22 00:00:00,Long,L,113.25,5.56%,102.54,utb,参数一,"{""utb"": {""key_value"": 2, ""atr_period"": 14, ""use_ha"": false}, ""r&s"": {""srb_left"": 10, ""srb_right"": 10}, ""atr"": {""atr_length"": 14, ""atr_mult"": 1.0}}",LOEWS CORP,1WK
2026-06-22 00:00:00,Long,IPAR,107.97,9.82%,88.82,utb,参数二,"{""utb"": {""key_value"": 3, ""atr_period"": 14, ""use_ha"": false}, ""r&s"": {""srb_left"": 15, ""srb_right"": 15}, ""atr"": {""atr_length"": 14, ""atr_mult"": 1.0}}",INTERPARFUMS INC,1WK
2026-06-22 00:00:00,Long,HSCS,2.94,59.78%,1.25,utb,参数一,"{""utb"": {""key_value"": 2, ""atr_period"": 14, ""use_ha"": false}, ""r&s"": {""srb_left"": 10, ""srb_right"": 10}, ""atr"": {""atr_length"": 14, ""atr_mult"": 1.0}}",HEARTSCIENCES INC,1WK
2026-06-22 00:00:00,Long,HSCS,2.94,59.78%,1.25,mfa,参数一,"{""utb"": {""key_value"": 2, ""atr_period"": 14, ""use_ha"": false}, ""mfa"": {""mfa_all"": 13}}",HEARTSCIENCES INC,1WK
2026-06-22 00:00:00,Long,HSCS,2.94,59.78%,1.25,utb,参数二,"{""utb"": {""key_value"": 3, ""atr_period"": 14, ""use_ha"": false}, ""r&s"": {""srb_left"": 15, ""srb_right"": 15}, ""atr"": {""atr_length"": 14, ""atr_mult"": 1.0}}",HEARTSCIENCES INC,1WK
2026-06-22 00:00:00,Long,HSCS,2.94,59.78%,1.25,mfa,参数二,"{""utb"": {""key_value"": 3, ""atr_period"": 14, ""use_ha"": false}, ""mfa"": {""mfa_all"": 13}}",HEARTSCIENCES INC,1WK
2026-06-22 00:00:00,Short,JOBY,8.83,-11.70%,11.85,utb,参数一,"{""utb"": {""key_value"": 2, ""atr_period"": 14, ""use_ha"": false}, ""r&s"": {""srb_left"": 10, ""srb_right"": 10}, ""atr"": {""atr_length"": 14, ""atr_mult"": 1.0}}",JOBY AVIATION INC,1WK
2026-06-22 00:00:00,Long,LWAY,29.39,15.57%,22.76,utb,参数一,"{""utb"": {""key_value"": 2, ""atr_period"": 14, ""use_ha"": false}, ""r&s"": {""srb_left"": 10, ""srb_right"": 10}, ""atr"": {""atr_length"": 14, ""atr_mult"": 1.0}}",LIFEWAY FOODS INC,1WK
2026-06-22 00:00:00,Short,IRDM,43.52,-2.05%,49.48,utb,参数一,"{""utb"": {""key_value"": 2, ""atr_period"": 14, ""use_ha"": false}, ""r&s"": {""srb_left"": 10, ""srb_right"": 10}, ""atr"": {""atr_length"": 14, ""atr_mult"": 1.0}}",IRIDIUM COMMUNICATIONS INC,1WK
2026-06-22 00:00:00,Short,ON,90.65,-25.46%,145.62,utb,参数一,"{""utb"": {""key_value"": 2, ""atr_period"": 14, ""use_ha"": false}, ""r&s"": {""srb_left"": 10, ""srb_right"": 10}, ""atr"": {""atr_length"": 14, ""atr_mult"": 1.0}}",ON SEMICONDUCTOR,1WK
2026-06-22 00:00:00,Short,ON,90.65,-25.46%,145.62,utb,参数二,"{""utb"": {""key_value"": 3, ""atr_period"": 14, ""use_ha"": false}, ""r&s"": {""srb_left"": 15, ""srb_right"": 15}, ""atr"": {""atr_length"": 14, ""atr_mult"": 1.0}}",ON SEMICONDUCTOR,1WK
2026-06-22 00:00:00,Short,BBAI,3.48,-11.22%,4.74,utb,参数一,"{""utb"": {""key_value"": 2, ""atr_period"": 14, ""use_ha"": false}, ""r&s"": {""srb_left"": 10, ""srb_right"": 10}, ""atr"": {""atr_length"": 14, ""atr_mult"": 1.0}}",BIGBEAR.AI HOLDINGS INC,1WK
2026-06-22 00:00:00,Short,FN,524.79,-8.53%,715.36,utb,参数一,"{""utb"": {""key_value"": 2, ""atr_period"": 14, ""use_ha"": false}, ""r&s"": {""srb_left"": 10, ""srb_right"": 10}, ""atr"": {""atr_length"": 14, ""atr_mult"": 1.0}}",FABRINET,1WK
2026-06-22 00:00:00,Long,SHW,344.07,7.26%,295.78,utb,参数一,"{""utb"": {""key_value"": 2, ""atr_period"": 14, ""use_ha"": false}, ""r&s"": {""srb_left"": 10, ""srb_right"": 10}, ""atr"": {""atr_length"": 14, ""atr_mult"": 1.0}}",SHERWIN-WILLIAMS CO/THE,1WK
2026-06-22 00:00:00,Long,SHW,344.07,7.26%,295.78,mfa,参数一,"{""utb"": {""key_value"": 2, ""atr_period"": 14, ""use_ha"": false}, ""mfa"": {""mfa_all"": 16}}",SHERWIN-WILLIAMS CO/THE,1WK
2026-06-22 00:00:00,Long,CUPR,5.33,21.97%,1.7,utb,参数二,"{""utb"": {""key_value"": 3, ""atr_period"": 14, ""use_ha"": false}, ""r&s"": {""srb_left"": 15, ""srb_right"": 15}, ""atr"": {""atr_length"": 14, ""atr_mult"": 1.0}}",CUPRINA HOLDINGS CAYMAN-A,1WK
2026-06-22 00:00:00,Long,SKYW,99.31,7.21%,83.43,utb,参数一,"{""utb"": {""key_value"": 2, ""atr_period"": 14, ""use_ha"": false}, ""r&s"": {""srb_left"": 10, ""srb_right"": 10}, ""atr"": {""atr_length"": 14, ""atr_mult"": 1.0}}",SKYWEST INC,1WK
2026-06-22 00:00:00,Long,TXRH,196.59,10.60%,165.68,utb,参数二,"{""utb"": {""key_value"": 3, ""atr_period"": 14, ""use_ha"": false}, ""r&s"": {""srb_left"": 15, ""srb_right"": 15}, ""atr"": {""atr_length"": 14, ""atr_mult"": 1.0}}",TEXAS ROADHOUSE INC,1WK
2026-06-22 00:00:00,Long,TXRH,196.59,10.60%,165.68,mfa,参数二,"{""utb"": {""key_value"": 3, ""atr_period"": 14, ""use_ha"": false}, ""mfa"": {""mfa_all"": 14}}",TEXAS ROADHOUSE INC,1WK
2026-06-22 00:00:00,Long,GALT,4.99,76.33%,2.02,utb,参数一,"{""utb"": {""key_value"": 2, ""atr_period"": 14, ""use_ha"": false}, ""r&s"": {""srb_left"": 10, ""srb_right"": 10}, ""atr"": {""atr_length"": 14, ""atr_mult"": 1.0}}",GALECTIN THERAPEUTICS INC,1WK
2026-06-22 00:00:00,Long,GALT,4.99,76.33%,2.02,mfa,参数一,"{""utb"": {""key_value"": 2, ""atr_period"": 14, ""use_ha"": false}, ""mfa"": {""mfa_all"": 13}}",GALECTIN THERAPEUTICS INC,1WK
2026-06-22 00:00:00,Long,GALT,4.99,76.33%,2.02,suf,参数一,"{""suf"": {""timeframe"": ""w"", ""rsi_length"": 14, ""weekly_rsi_threshold"": 35, ""monthly_rsi_threshold"": 45}}",GALECTIN THERAPEUTICS INC,1WK
2026-06-22 00:00:00,Long,GALT,4.99,76.33%,2.02,utb,参数二,"{""utb"": {""key_value"": 3, ""atr_period"": 14, ""use_ha"": false}, ""r&s"": {""srb_left"": 15, ""srb_right"": 15}, ""atr"": {""atr_length"": 14, ""atr_mult"": 1.0}}",GALECTIN THERAPEUTICS INC,1WK
2026-06-22 00:00:00,Long,GALT,4.99,76.33%,2.02,mfa,参数二,"{""utb"": {""key_value"": 3, ""atr_period"": 14, ""use_ha"": false}, ""mfa"": {""mfa_all"": 13}}",GALECTIN THERAPEUTICS INC,1WK
2026-06-22 00:00:00,Long,GALT,4.99,76.33%,2.02,suf,参数二,"{""suf"": {""timeframe"": ""w"", ""rsi_length"": 14, ""weekly_rsi_threshold"": 35, ""monthly_rsi_threshold"": 45}}",GALECTIN THERAPEUTICS INC,1WK
2026-06-22 00:00:00,Long,XENE,59.74,12.91%,48.87,utb,参数一,"{""utb"": {""key_value"": 2, ""atr_period"": 14, ""use_ha"": false}, ""r&s"": {""srb_left"": 10, ""srb_right"": 10}, ""atr"": {""atr_length"": 14, ""atr_mult"": 1.0}}",XENON PHARMACEUTICALS INC,1WK
2026-06-22 00:00:00,Long,LIF,53.08,8.28%,39.44,utb,参数一,"{""utb"": {""key_value"": 2, ""atr_period"": 14, ""use_ha"": false}, ""r&s"": {""srb_left"": 10, ""srb_right"": 10}, ""atr"": {""atr_length"": 14, ""atr_mult"": 1.0}}",LIFE360 INC,1WK
2026-06-22 00:00:00,Long,TMO,513.03,10.53%,424.77,utb,参数一,"{""utb"": {""key_value"": 2, ""atr_period"": 14, ""use_ha"": false}, ""r&s"": {""srb_left"": 10, ""srb_right"": 10}, ""atr"": {""atr_length"": 14, ""atr_mult"": 1.0}}",THERMO FISHER SCIENTIFIC INC,1WK
2026-06-22 00:00:00,Long,TMO,513.03,10.53%,424.77,mfa,参数一,"{""utb"": {""key_value"": 2, ""atr_period"": 14, ""use_ha"": false}, ""mfa"": {""mfa_all"": 21}}",THERMO FISHER SCIENTIFIC INC,1WK
2026-06-22 00:00:00,Short,SGML,11.71,-14.21%,16.89,utb,参数二,"{""utb"": {""key_value"": 3, ""atr_period"": 14, ""use_ha"": false}, ""r&s"": {""srb_left"": 15, ""srb_right"": 15}, ""atr"": {""atr_length"": 14, ""atr_mult"": 1.0}}",SIGMA LITHIUM CORP,1WK
2026-06-22 00:00:00,Long,KNF,92.96,7.79%,76.76,utb,参数一,"{""utb"": {""key_value"": 2, ""atr_period"": 14, ""use_ha"": false}, ""r&s"": {""srb_left"": 10, ""srb_right"": 10}, ""atr"": {""atr_length"": 14, ""atr_mult"": 1.0}}",KNIFE RIVER CORP,1WK
2026-06-22 00:00:00,Long,FDMT,11.6,20.08%,8.21,utb,参数一,"{""utb"": {""key_value"": 2, ""atr_period"": 14, ""use_ha"": false}, ""r&s"": {""srb_left"": 10, ""srb_right"": 10}, ""atr"": {""atr_length"": 14, ""atr_mult"": 1.0}}",4D MOLECULAR THERAPEUTICS IN,1WK
2026-06-22 00:00:00,Long,HD,348.86,4.36%,301.78,utb,参数一,"{""utb"": {""key_value"": 2, ""atr_period"": 14, ""use_ha"": false}, ""r&s"": {""srb_left"": 10, ""srb_right"": 10}, ""atr"": {""atr_length"": 14, ""atr_mult"": 1.0}}",HOME DEPOT INC,1WK
2026-06-22 00:00:00,Long,HD,348.86,4.36%,301.78,mfa,参数一,"{""utb"": {""key_value"": 2, ""atr_period"": 14, ""use_ha"": false}, ""mfa"": {""mfa_all"": 15}}",HOME DEPOT INC,1WK
2026-06-22 00:00:00,Long,CSTL,24.3,15.06%,17.51,suf,参数一,"{""suf"": {""timeframe"": ""w"", ""rsi_length"": 14, ""weekly_rsi_threshold"": 35, ""monthly_rsi_threshold"": 45}}",CASTLE BIOSCIENCES INC,1WK
2026-06-22 00:00:00,Long,CSTL,24.3,15.06%,17.51,suf,参数二,"{""suf"": {""timeframe"": ""w"", ""rsi_length"": 14, ""weekly_rsi_threshold"": 35, ""monthly_rsi_threshold"": 45}}",CASTLE BIOSCIENCES INC,1WK
2026-06-22 00:00:00,Short,GPI,301.74,-3.65%,352.38,utb,参数一,"{""utb"": {""key_value"": 2, ""atr_period"": 14, ""use_ha"": false}, ""r&s"": {""srb_left"": 10, ""srb_right"": 10}, ""atr"": {""atr_length"": 14, ""atr_mult"": 1.0}}",GROUP 1 AUTOMOTIVE INC,1WK
2026-06-22 00:00:00,Long,SYK,332.71,8.09%,283.82,utb,参数一,"{""utb"": {""key_value"": 2, ""atr_period"": 14, ""use_ha"": false}, ""r&s"": {""srb_left"": 10, ""srb_right"": 10}, ""atr"": {""atr_length"": 14, ""atr_mult"": 1.0}}",STRYKER CORP,1WK
2026-06-22 00:00:00,Long,SYK,332.71,8.09%,283.82,mfa,参数一,"{""utb"": {""key_value"": 2, ""atr_period"": 14, ""use_ha"": false}, ""mfa"": {""mfa_all"": 16}}",STRYKER CORP,1WK
2026-06-22 00:00:00,Short,MPWR,1313.32,-16.01%,1751.27,utb,参数一,"{""utb"": {""key_value"": 2, ""atr_period"": 14, ""use_ha"": false}, ""r&s"": {""srb_left"": 10, ""srb_right"": 10}, ""atr"": {""atr_length"": 14, ""atr_mult"": 1.0}}",MONOLITHIC POWER SYSTEMS INC,1WK
2026-06-22 00:00:00,Long,GEF,74.86,9.60%,63.13,utb,参数一,"{""utb"": {""key_value"": 2, ""atr_period"": 14, ""use_ha"": false}, ""r&s"": {""srb_left"": 10, ""srb_right"": 10}, ""atr"": {""atr_length"": 14, ""atr_mult"": 1.0}}",GREIF INC-CL A,1WK
2026-06-22 00:00:00,Long,GEF,74.86,9.60%,63.13,utb,参数二,"{""utb"": {""key_value"": 3, ""atr_period"": 14, ""use_ha"": false}, ""r&s"": {""srb_left"": 15, ""srb_right"": 15}, ""atr"": {""atr_length"": 14, ""atr_mult"": 1.0}}",GREIF INC-CL A,1WK
2026-06-22 00:00:00,Long,NTRA,261.91,13.18%,195.17,utb,参数二,"{""utb"": {""key_value"": 3, ""atr_period"": 14, ""use_ha"": false}, ""r&s"": {""srb_left"": 15, ""srb_right"": 15}, ""atr"": {""atr_length"": 14, ""atr_mult"": 1.0}}",NATERA INC,1WK
2026-06-22 00:00:00,Long,NTRA,261.91,13.18%,195.17,mfa,参数二,"{""utb"": {""key_value"": 3, ""atr_period"": 14, ""use_ha"": false}, ""mfa"": {""mfa_all"": 21}}",NATERA INC,1WK
2026-06-22 00:00:00,Long,KVYO,14.9,12.45%,9.6,suf,参数一,"{""suf"": {""timeframe"": ""w"", ""rsi_length"": 14, ""weekly_rsi_threshold"": 35, ""monthly_rsi_threshold"": 45}}",KLAVIYO INC-A,1WK
2026-06-22 00:00:00,Long,KVYO,14.9,12.45%,9.6,suf,参数二,"{""suf"": {""timeframe"": ""w"", ""rsi_length"": 14, ""weekly_rsi_threshold"": 35, ""monthly_rsi_threshold"": 45}}",KLAVIYO INC-A,1WK
2026-06-22 00:00:00,Long,ALL,239.61,8.34%,209.85,utb,参数二,"{""utb"": {""key_value"": 3, ""atr_period"": 14, ""use_ha"": false}, ""r&s"": {""srb_left"": 15, ""srb_right"": 15}, ""atr"": {""atr_length"": 14, ""atr_mult"": 1.0}}",ALLSTATE CORP,1WK
2026-06-22 00:00:00,Long,DHI,166.29,5.37%,143.63,utb,参数二,"{""utb"": {""key_value"": 3, ""atr_period"": 14, ""use_ha"": false}, ""r&s"": {""srb_left"": 15, ""srb_right"": 15}, ""atr"": {""atr_length"": 14, ""atr_mult"": 1.0}}",DR HORTON INC,1WK
2026-06-22 00:00:00,Long,EYE,18.86,12.40%,13.49,suf,参数一,"{""suf"": {""timeframe"": ""w"", ""rsi_length"": 14, ""weekly_rsi_threshold"": 35, ""monthly_rsi_threshold"": 45}}",NATIONAL VISION HOLDINGS INC,1WK
2026-06-22 00:00:00,Long,EYE,18.86,12.40%,13.49,suf,参数二,"{""suf"": {""timeframe"": ""w"", ""rsi_length"": 14, ""weekly_rsi_threshold"": 35, ""monthly_rsi_threshold"": 45}}",NATIONAL VISION HOLDINGS INC,1WK
2026-06-22 00:00:00,Long,LILAK,7.07,47.60%,4.11,utb,参数一,"{""utb"": {""key_value"": 2, ""atr_period"": 14, ""use_ha"": false}, ""r&s"": {""srb_left"": 10, ""srb_right"": 10}, ""atr"": {""atr_length"": 14, ""atr_mult"": 1.0}}",LIBERTY LATIN AMERIC-CL C,1WK
2026-06-22 00:00:00,Long,LILAK,7.07,47.60%,4.11,utb,参数二,"{""utb"": {""key_value"": 3, ""atr_period"": 14, ""use_ha"": false}, ""r&s"": {""srb_left"": 15, ""srb_right"": 15}, ""atr"": {""atr_length"": 14, ""atr_mult"": 1.0}}",LIBERTY LATIN AMERIC-CL C,1WK
2026-06-22 00:00:00,Short,TBN,32.0,-8.60%,39.75,utb,参数二,"{""utb"": {""key_value"": 3, ""atr_period"": 14, ""use_ha"": false}, ""r&s"": {""srb_left"": 15, ""srb_right"": 15}, ""atr"": {""atr_length"": 14, ""atr_mult"": 1.0}}",TAMBORAN RESOURCES CORP,1WK
2026-06-22 00:00:00,Short,ASC,15.12,-11.42%,19.41,utb,参数二,"{""utb"": {""key_value"": 3, ""atr_period"": 14, ""use_ha"": false}, ""r&s"": {""srb_left"": 15, ""srb_right"": 15}, ""atr"": {""atr_length"": 14, ""atr_mult"": 1.0}}",ARDMORE SHIPPING CORP,1WK
2026-06-22 00:00:00,Long,RGEN,147.01,11.35%,110.28,utb,参数二,"{""utb"": {""key_value"": 3, ""atr_period"": 14, ""use_ha"": false}, ""r&s"": {""srb_left"": 15, ""srb_right"": 15}, ""atr"": {""atr_length"": 14, ""atr_mult"": 1.0}}",REPLIGEN CORP,1WK
2026-06-22 00:00:00,Long,RGEN,147.01,11.35%,110.28,mfa,参数二,"{""utb"": {""key_value"": 3, ""atr_period"": 14, ""use_ha"": false}, ""mfa"": {""mfa_all"": 22}}",REPLIGEN CORP,1WK
2026-06-22 00:00:00,Long,ADPT,20.96,19.57%,14.83,utb,参数二,"{""utb"": {""key_value"": 3, ""atr_period"": 14, ""use_ha"": false}, ""r&s"": {""srb_left"": 15, ""srb_right"": 15}, ""atr"": {""atr_length"": 14, ""atr_mult"": 1.0}}",ADAPTIVE BIOTECHNOLOGIES,1WK
2026-06-22 00:00:00,Short,PSIG,1.45,-87.60%,13.6,utb,参数一,"{""utb"": {""key_value"": 2, ""atr_period"": 14, ""use_ha"": false}, ""r&s"": {""srb_left"": 10, ""srb_right"": 10}, ""atr"": {""atr_length"": 14, ""atr_mult"": 1.0}}",PS INTERNATIONAL GROUP LTD,1WK
2026-06-22 00:00:00,Short,PSIG,1.45,-87.60%,13.6,utb,参数二,"{""utb"": {""key_value"": 3, ""atr_period"": 14, ""use_ha"": false}, ""r&s"": {""srb_left"": 15, ""srb_right"": 15}, ""atr"": {""atr_length"": 14, ""atr_mult"": 1.0}}",PS INTERNATIONAL GROUP LTD,1WK
2026-06-22 00:00:00,Long,LII,563.87,5.91%,478.85,utb,参数二,"{""utb"": {""key_value"": 3, ""atr_period"": 14, ""use_ha"": false}, ""r&s"": {""srb_left"": 15, ""srb_right"": 15}, ""atr"": {""atr_length"": 14, ""atr_mult"": 1.0}}",LENNOX INTERNATIONAL INC,1WK
2026-06-22 00:00:00,Long,HCI,180.46,10.29%,152.72,utb,参数一,"{""utb"": {""key_value"": 2, ""atr_period"": 14, ""use_ha"": false}, ""r&s"": {""srb_left"": 10, ""srb_right"": 10}, ""atr"": {""atr_length"": 14, ""atr_mult"": 1.0}}",HCI GROUP INC,1WK
2026-06-22 00:00:00,Long,HCI,180.46,10.29%,152.72,mfa,参数一,"{""utb"": {""key_value"": 2, ""atr_period"": 14, ""use_ha"": false}, ""mfa"": {""mfa_all"": 23}}",HCI GROUP INC,1WK
2026-06-22 00:00:00,Long,KVUE,19.13,5.57%,17.08,utb,参数一,"{""utb"": {""key_value"": 2, ""atr_period"": 14, ""use_ha"": false}, ""r&s"": {""srb_left"": 10, ""srb_right"": 10}, ""atr"": {""atr_length"": 14, ""atr_mult"": 1.0}}",KENVUE INC,1WK
2026-06-22 00:00:00,Long,KVUE,19.13,5.57%,17.08,utb,参数二,"{""utb"": {""key_value"": 3, ""atr_period"": 14, ""use_ha"": false}, ""r&s"": {""srb_left"": 15, ""srb_right"": 15}, ""atr"": {""atr_length"": 14, ""atr_mult"": 1.0}}",KENVUE INC,1WK
2026-06-22 00:00:00,Short,FLY,25.54,-17.48%,38.47,utb,参数二,"{""utb"": {""key_value"": 3, ""atr_period"": 14, ""use_ha"": false}, ""r&s"": {""srb_left"": 15, ""srb_right"": 15}, ""atr"": {""atr_length"": 14, ""atr_mult"": 1.0}}",FIREFLY AEROSPACE INC,1WK
2026-06-22 00:00:00,Long,W,94.47,6.72%,70.48,utb,参数二,"{""utb"": {""key_value"": 3, ""atr_period"": 14, ""use_ha"": false}, ""r&s"": {""srb_left"": 15, ""srb_right"": 15}, ""atr"": {""atr_length"": 14, ""atr_mult"": 1.0}}",WAYFAIR INC- CLASS A,1WK
2026-06-22 00:00:00,Long,W,94.47,6.72%,70.48,mfa,参数二,"{""utb"": {""key_value"": 3, ""atr_period"": 14, ""use_ha"": false}, ""mfa"": {""mfa_all"": 21}}",WAYFAIR INC- CLASS A,1WK
2026-06-22 00:00:00,Long,HELP,6.48,38.76%,3.73,utb,参数一,"{""utb"": {""key_value"": 2, ""atr_period"": 14, ""use_ha"": false}, ""r&s"": {""srb_left"": 10, ""srb_right"": 10}, ""atr"": {""atr_length"": 14, ""atr_mult"": 1.0}}",CYBIN INC,1WK
2026-06-22 00:00:00,Long,HELP,6.48,38.76%,3.73,mfa,参数一,"{""utb"": {""key_value"": 2, ""atr_period"": 14, ""use_ha"": false}, ""mfa"": {""mfa_all"": 17}}",CYBIN INC,1WK
2026-06-22 00:00:00,Long,SGP,21.18,13.26%,14.81,suf,参数一,"{""suf"": {""timeframe"": ""w"", ""rsi_length"": 14, ""weekly_rsi_threshold"": 35, ""monthly_rsi_threshold"": 45}}",SPYGLASS PHARMA INC,1WK
2026-06-22 00:00:00,Long,SGP,21.18,13.26%,14.81,suf,参数二,"{""suf"": {""timeframe"": ""w"", ""rsi_length"": 14, ""weekly_rsi_threshold"": 35, ""monthly_rsi_threshold"": 45}}",SPYGLASS PHARMA INC,1WK
2026-06-22 00:00:00,Long,PCTY,106.35,5.23%,87.75,suf,参数一,"{""suf"": {""timeframe"": ""w"", ""rsi_length"": 14, ""weekly_rsi_threshold"": 35, ""monthly_rsi_threshold"": 45}}",PAYLOCITY HOLDING CORP,1WK
2026-06-22 00:00:00,Long,PCTY,106.35,5.23%,87.75,suf,参数二,"{""suf"": {""timeframe"": ""w"", ""rsi_length"": 14, ""weekly_rsi_threshold"": 35, ""monthly_rsi_threshold"": 45}}",PAYLOCITY HOLDING CORP,1WK
2026-06-22 00:00:00,Short,RES,5.89,-10.49%,7.34,utb,参数二,"{""utb"": {""key_value"": 3, ""atr_period"": 14, ""use_ha"": false}, ""r&s"": {""srb_left"": 15, ""srb_right"": 15}, ""atr"": {""atr_length"": 14, ""atr_mult"": 1.0}}",RPC INC,1WK
2026-06-22 00:00:00,Short,LOGI,97.37,-9.54%,116.14,utb,参数一,"{""utb"": {""key_value"": 2, ""atr_period"": 14, ""use_ha"": false}, ""r&s"": {""srb_left"": 10, ""srb_right"": 10}, ""atr"": {""atr_length"": 14, ""atr_mult"": 1.0}}",LOGITECH INTERNATIONAL-REG,1WK
2026-06-22 00:00:00,Long,VVV,40.2,5.59%,34.27,utb,参数二,"{""utb"": {""key_value"": 3, ""atr_period"": 14, ""use_ha"": false}, ""r&s"": {""srb_left"": 15, ""srb_right"": 15}, ""atr"": {""atr_length"": 14, ""atr_mult"": 1.0}}",VALVOLINE INC,1WK
2026-06-22 00:00:00,Short,MNTS,7.05,-31.88%,13.47,utb,参数一,"{""utb"": {""key_value"": 2, ""atr_period"": 14, ""use_ha"": false}, ""r&s"": {""srb_left"": 10, ""srb_right"": 10}, ""atr"": {""atr_length"": 14, ""atr_mult"": 1.0}}",MOMENTUS INC,1WK
2026-06-22 00:00:00,Short,HCC,81.28,-10.27%,99.67,utb,参数一,"{""utb"": {""key_value"": 2, ""atr_period"": 14, ""use_ha"": false}, ""r&s"": {""srb_left"": 10, ""srb_right"": 10}, ""atr"": {""atr_length"": 14, ""atr_mult"": 1.0}}",WARRIOR MET COAL INC,1WK
2026-06-22 00:00:00,Long,ZURA,5.35,42.67%,2.92,utb,参数一,"{""utb"": {""key_value"": 2, ""atr_period"": 14, ""use_ha"": false}, ""r&s"": {""srb_left"": 10, ""srb_right"": 10}, ""atr"": {""atr_length"": 14, ""atr_mult"": 1.0}}",ZURA BIO LTD,1WK
2026-06-22 00:00:00,Long,VKTX,38.04,25.21%,26.48,utb,参数一,"{""utb"": {""key_value"": 2, ""atr_period"": 14, ""use_ha"": false}, ""r&s"": {""srb_left"": 10, ""srb_right"": 10}, ""atr"": {""atr_length"": 14, ""atr_mult"": 1.0}}",VIKING THERAPEUTICS INC,1WK
2026-06-22 00:00:00,Long,ITGR,93.89,3.22%,81.1,utb,参数一,"{""utb"": {""key_value"": 2, ""atr_period"": 14, ""use_ha"": false}, ""r&s"": {""srb_left"": 10, ""srb_right"": 10}, ""atr"": {""atr_length"": 14, ""atr_mult"": 1.0}}",INTEGER HOLDINGS CORP,1WK
2026-06-22 00:00:00,Long,PNC,244.99,5.58%,221.02,utb,参数二,"{""utb"": {""key_value"": 3, ""atr_period"": 14, ""use_ha"": false}, ""r&s"": {""srb_left"": 15, ""srb_right"": 15}, ""atr"": {""atr_length"": 14, ""atr_mult"": 1.0}}",PNC FINANCIAL SERVICES GROUP,1WK
2026-06-22 00:00:00,Long,REYN,26.82,12.36%,22.33,utb,参数二,"{""utb"": {""key_value"": 3, ""atr_period"": 14, ""use_ha"": false}, ""r&s"": {""srb_left"": 15, ""srb_right"": 15}, ""atr"": {""atr_length"": 14, ""atr_mult"": 1.0}}",REYNOLDS CONSUMER PRODUCTS I,1WK
2026-06-22 00:00:00,Long,REYN,26.82,12.36%,22.33,mfa,参数二,"{""utb"": {""key_value"": 3, ""atr_period"": 14, ""use_ha"": false}, ""mfa"": {""mfa_all"": 22}}",REYNOLDS CONSUMER PRODUCTS I,1WK
2026-06-22 00:00:00,Short,NVGS,20.12,-7.32%,23.8,utb,参数一,"{""utb"": {""key_value"": 2, ""atr_period"": 14, ""use_ha"": false}, ""r&s"": {""srb_left"": 10, ""srb_right"": 10}, ""atr"": {""atr_length"": 14, ""atr_mult"": 1.0}}",NAVIGATOR HOLDINGS LTD,1WK
2026-06-22 00:00:00,Short,NVGS,20.12,-7.32%,23.8,utb,参数二,"{""utb"": {""key_value"": 3, ""atr_period"": 14, ""use_ha"": false}, ""r&s"": {""srb_left"": 15, ""srb_right"": 15}, ""atr"": {""atr_length"": 14, ""atr_mult"": 1.0}}",NAVIGATOR HOLDINGS LTD,1WK
2026-06-22 00:00:00,Long,FMNB,14.77,4.46%,13.52,utb,参数二,"{""utb"": {""key_value"": 3, ""atr_period"": 14, ""use_ha"": false}, ""r&s"": {""srb_left"": 15, ""srb_right"": 15}, ""atr"": {""atr_length"": 14, ""atr_mult"": 1.0}}",FARMERS NATL BANC CORP,1WK
2026-06-22 00:00:00,Long,LOB,41.4,8.21%,35.75,utb,参数二,"{""utb"": {""key_value"": 3, ""atr_period"": 14, ""use_ha"": false}, ""r&s"": {""srb_left"": 15, ""srb_right"": 15}, ""atr"": {""atr_length"": 14, ""atr_mult"": 1.0}}",LIVE OAK BANCSHARES INC,1WK
2026-06-22 00:00:00,Short,HP,33.8,-3.35%,39.22,utb,参数一,"{""utb"": {""key_value"": 2, ""atr_period"": 14, ""use_ha"": false}, ""r&s"": {""srb_left"": 10, ""srb_right"": 10}, ""atr"": {""atr_length"": 14, ""atr_mult"": 1.0}}",HELMERICH & PAYNE,1WK
2026-06-22 00:00:00,Short,NEM,96.13,-7.38%,112.97,utb,参数一,"{""utb"": {""key_value"": 2, ""atr_period"": 14, ""use_ha"": false}, ""r&s"": {""srb_left"": 10, ""srb_right"": 10}, ""atr"": {""atr_length"": 14, ""atr_mult"": 1.0}}",NEWMONT CORP,1WK
2026-06-22 00:00:00,Long,AVTR,10.28,7.31%,8.25,utb,参数二,"{""utb"": {""key_value"": 3, ""atr_period"": 14, ""use_ha"": false}, ""r&s"": {""srb_left"": 15, ""srb_right"": 15}, ""atr"": {""atr_length"": 14, ""atr_mult"": 1.0}}",AVANTOR INC,1WK
2026-06-22 00:00:00,Short,IE,9.18,-19.47%,13.84,utb,参数一,"{""utb"": {""key_value"": 2, ""atr_period"": 14, ""use_ha"": false}, ""r&s"": {""srb_left"": 10, ""srb_right"": 10}, ""atr"": {""atr_length"": 14, ""atr_mult"": 1.0}}",IVANHOE ELECTRIC INC / US,1WK
2026-06-22 00:00:00,Short,GOOGL,337.39,-8.33%,381.78,utb,参数一,"{""utb"": {""key_value"": 2, ""atr_period"": 14, ""use_ha"": false}, ""r&s"": {""srb_left"": 10, ""srb_right"": 10}, ""atr"": {""atr_length"": 14, ""atr_mult"": 1.0}}",ALPHABET INC-CL A,1WK
2026-06-22 00:00:00,Short,NVTS,17.3,-27.98%,29.27,utb,参数一,"{""utb"": {""key_value"": 2, ""atr_period"": 14, ""use_ha"": false}, ""r&s"": {""srb_left"": 10, ""srb_right"": 10}, ""atr"": {""atr_length"": 14, ""atr_mult"": 1.0}}",NAVITAS SEMICONDUCTOR CORP,1WK
2026-06-22 00:00:00,Short,NVTS,17.3,-27.98%,29.27,utb,参数二,"{""utb"": {""key_value"": 3, ""atr_period"": 14, ""use_ha"": false}, ""r&s"": {""srb_left"": 15, ""srb_right"": 15}, ""atr"": {""atr_length"": 14, ""atr_mult"": 1.0}}",NAVITAS SEMICONDUCTOR CORP,1WK
2026-06-22 00:00:00,Long,AM,23.19,6.82%,20.55,utb,参数一,"{""utb"": {""key_value"": 2, ""atr_period"": 14, ""use_ha"": false}, ""r&s"": {""srb_left"": 10, ""srb_right"": 10}, ""atr"": {""atr_length"": 14, ""atr_mult"": 1.0}}",ANTERO MIDSTREAM CORP,1WK
2026-06-22 00:00:00,Long,ASMB,26.74,9.41%,20.37,suf,参数一,"{""suf"": {""timeframe"": ""w"", ""rsi_length"": 14, ""weekly_rsi_threshold"": 35, ""monthly_rsi_threshold"": 45}}",ASSEMBLY BIOSCIENCES INC,1WK
2026-06-22 00:00:00,Long,ASMB,26.74,9.41%,20.37,suf,参数二,"{""suf"": {""timeframe"": ""w"", ""rsi_length"": 14, ""weekly_rsi_threshold"": 35, ""monthly_rsi_threshold"": 45}}",ASSEMBLY BIOSCIENCES INC,1WK
2026-06-22 00:00:00,Long,WDAY,124.21,6.23%,94.81,suf,参数一,"{""suf"": {""timeframe"": ""w"", ""rsi_length"": 14, ""weekly_rsi_threshold"": 35, ""monthly_rsi_threshold"": 45}}",WORKDAY INC-CLASS A,1WK
2026-06-22 00:00:00,Long,WDAY,124.21,6.23%,94.81,suf,参数二,"{""suf"": {""timeframe"": ""w"", ""rsi_length"": 14, ""weekly_rsi_threshold"": 35, ""monthly_rsi_threshold"": 45}}",WORKDAY INC-CLASS A,1WK
2026-06-22 00:00:00,Short,NXPI,277.02,-11.27%,352.64,utb,参数一,"{""utb"": {""key_value"": 2, ""atr_period"": 14, ""use_ha"": false}, ""r&s"": {""srb_left"": 10, ""srb_right"": 10}, ""atr"": {""atr_length"": 14, ""atr_mult"": 1.0}}",NXP SEMICONDUCTORS NV,1WK
2026-06-22 00:00:00,Long,ACAD,25.32,17.11%,19.7,utb,参数一,"{""utb"": {""key_value"": 2, ""atr_period"": 14, ""use_ha"": false}, ""r&s"": {""srb_left"": 10, ""srb_right"": 10}, ""atr"": {""atr_length"": 14, ""atr_mult"": 1.0}}",ACADIA PHARMACEUTICALS INC,1WK
2026-06-22 00:00:00,Short,WFRD,82.75,-9.69%,101.33,utb,参数二,"{""utb"": {""key_value"": 3, ""atr_period"": 14, ""use_ha"": false}, ""r&s"": {""srb_left"": 15, ""srb_right"": 15}, ""atr"": {""atr_length"": 14, ""atr_mult"": 1.0}}",WEATHERFORD INTERNATIONAL PL,1WK
2026-06-22 00:00:00,Long,ALMS,26.4,12.77%,19.38,utb,参数一,"{""utb"": {""key_value"": 2, ""atr_period"": 14, ""use_ha"": false}, ""r&s"": {""srb_left"": 10, ""srb_right"": 10}, ""atr"": {""atr_length"": 14, ""atr_mult"": 1.0}}",ALUMIS INC,1WK
2026-06-22 00:00:00,Long,DLB,53.49,2.22%,47.74,suf,参数一,"{""suf"": {""timeframe"": ""w"", ""rsi_length"": 14, ""weekly_rsi_threshold"": 35, ""monthly_rsi_threshold"": 45}}",DOLBY LABORATORIES INC-CL A,1WK
2026-06-22 00:00:00,Long,DLB,53.49,2.22%,47.74,suf,参数二,"{""suf"": {""timeframe"": ""w"", ""rsi_length"": 14, ""weekly_rsi_threshold"": 35, ""monthly_rsi_threshold"": 45}}",DOLBY LABORATORIES INC-CL A,1WK
2026-06-22 00:00:00,Long,XERS,7.69,10.65%,6.22,utb,参数二,"{""utb"": {""key_value"": 3, ""atr_period"": 14, ""use_ha"": false}, ""r&s"": {""srb_left"": 15, ""srb_right"": 15}, ""atr"": {""atr_length"": 14, ""atr_mult"": 1.0}}",XERIS BIOPHARMA HOLDINGS INC,1WK
2026-06-22 00:00:00,Long,KNSA,59.2,7.42%,50.97,utb,参数一,"{""utb"": {""key_value"": 2, ""atr_period"": 14, ""use_ha"": false}, ""r&s"": {""srb_left"": 10, ""srb_right"": 10}, ""atr"": {""atr_length"": 14, ""atr_mult"": 1.0}}",KINIKSA PHARMACEUTICALS INTE,1WK
2026-06-22 00:00:00,Short,AAOI,135.69,-16.16%,212.59,utb,参数一,"{""utb"": {""key_value"": 2, ""atr_period"": 14, ""use_ha"": false}, ""r&s"": {""srb_left"": 10, ""srb_right"": 10}, ""atr"": {""atr_length"": 14, ""atr_mult"": 1.0}}",APPLIED OPTOELECTRONICS INC,1WK
2026-06-22 00:00:00,Long,APOG,48.92,18.54%,36.31,utb,参数二,"{""utb"": {""key_value"": 3, ""atr_period"": 14, ""use_ha"": false}, ""r&s"": {""srb_left"": 15, ""srb_right"": 15}, ""atr"": {""atr_length"": 14, ""atr_mult"": 1.0}}",APOGEE ENTERPRISES INC,1WK
2026-06-22 00:00:00,Long,VRTS,147.58,4.22%,121.93,utb,参数一,"{""utb"": {""key_value"": 2, ""atr_period"": 14, ""use_ha"": false}, ""r&s"": {""srb_left"": 10, ""srb_right"": 10}, ""atr"": {""atr_length"": 14, ""atr_mult"": 1.0}}",VIRTUS INVESTMENT PARTNERS,1WK
2026-06-22 00:00:00,Long,VRTS,147.58,4.22%,121.93,mfa,参数一,"{""utb"": {""key_value"": 2, ""atr_period"": 14, ""use_ha"": false}, ""mfa"": {""mfa_all"": 13}}",VIRTUS INVESTMENT PARTNERS,1WK
2026-06-22 00:00:00,Long,UPBD,20.44,13.95%,16.25,utb,参数一,"{""utb"": {""key_value"": 2, ""atr_period"": 14, ""use_ha"": false}, ""r&s"": {""srb_left"": 10, ""srb_right"": 10}, ""atr"": {""atr_length"": 14, ""atr_mult"": 1.0}}",UPBOUND GROUP INC,1WK
2026-06-22 00:00:00,Long,UPBD,20.44,13.95%,16.25,mfa,参数一,"{""utb"": {""key_value"": 2, ""atr_period"": 14, ""use_ha"": false}, ""mfa"": {""mfa_all"": 15}}",UPBOUND GROUP INC,1WK
2026-06-22 00:00:00,Short,NE,38.33,-8.04%,46.34,utb,参数二,"{""utb"": {""key_value"": 3, ""atr_period"": 14, ""use_ha"": false}, ""r&s"": {""srb_left"": 15, ""srb_right"": 15}, ""atr"": {""atr_length"": 14, ""atr_mult"": 1.0}}",NOBLE CORP PLC,1WK
2026-06-22 00:00:00,Short,KOPN,3.82,-22.52%,5.79,utb,参数一,"{""utb"": {""key_value"": 2, ""atr_period"": 14, ""use_ha"": false}, ""r&s"": {""srb_left"": 10, ""srb_right"": 10}, ""atr"": {""atr_length"": 14, ""atr_mult"": 1.0}}",KOPIN CORP,1WK
2026-06-22 00:00:00,Long,WKSP,1.15,55.83%,0.47,suf,参数一,"{""suf"": {""timeframe"": ""w"", ""rsi_length"": 14, ""weekly_rsi_threshold"": 35, ""monthly_rsi_threshold"": 45}}",WORKSPORT LTD,1WK
2026-06-22 00:00:00,Long,WKSP,1.15,55.83%,0.47,suf,参数二,"{""suf"": {""timeframe"": ""w"", ""rsi_length"": 14, ""weekly_rsi_threshold"": 35, ""monthly_rsi_threshold"": 45}}",WORKSPORT LTD,1WK
2026-06-22 00:00:00,Short,ECVT,12.19,-4.91%,13.83,utb,参数一,"{""utb"": {""key_value"": 2, ""atr_period"": 14, ""use_ha"": false}, ""r&s"": {""srb_left"": 10, ""srb_right"": 10}, ""atr"": {""atr_length"": 14, ""atr_mult"": 1.0}}",ECOVYST INC,1WK
2026-06-22 00:00:00,Long,HAYW,16.49,9.93%,13.59,utb,参数一,"{""utb"": {""key_value"": 2, ""atr_period"": 14, ""use_ha"": false}, ""r&s"": {""srb_left"": 10, ""srb_right"": 10}, ""atr"": {""atr_length"": 14, ""atr_mult"": 1.0}}",HAYWARD HOLDINGS INC,1WK
2026-06-22 00:00:00,Long,HAYW,16.49,9.93%,13.59,mfa,参数一,"{""utb"": {""key_value"": 2, ""atr_period"": 14, ""use_ha"": false}, ""mfa"": {""mfa_all"": 21}}",HAYWARD HOLDINGS INC,1WK
2026-06-22 00:00:00,Long,HAYW,16.49,9.93%,13.59,utb,参数二,"{""utb"": {""key_value"": 3, ""atr_period"": 14, ""use_ha"": false}, ""r&s"": {""srb_left"": 15, ""srb_right"": 15}, ""atr"": {""atr_length"": 14, ""atr_mult"": 1.0}}",HAYWARD HOLDINGS INC,1WK
2026-06-22 00:00:00,Long,HAYW,16.49,9.93%,13.59,mfa,参数二,"{""utb"": {""key_value"": 3, ""atr_period"": 14, ""use_ha"": false}, ""mfa"": {""mfa_all"": 21}}",HAYWARD HOLDINGS INC,1WK
2026-06-22 00:00:00,Long,ZD,50.42,9.54%,40.38,utb,参数一,"{""utb"": {""key_value"": 2, ""atr_period"": 14, ""use_ha"": false}, ""r&s"": {""srb_left"": 10, ""srb_right"": 10}, ""atr"": {""atr_length"": 14, ""atr_mult"": 1.0}}",ZIFF DAVIS INC,1WK
2026-06-22 00:00:00,Short,EME,798.1,-4.60%,934.66,utb,参数一,"{""utb"": {""key_value"": 2, ""atr_period"": 14, ""use_ha"": false}, ""r&s"": {""srb_left"": 10, ""srb_right"": 10}, ""atr"": {""atr_length"": 14, ""atr_mult"": 1.0}}",EMCOR GROUP INC,1WK
2026-06-22 00:00:00,Long,FBIN,45.96,8.40%,35.6,utb,参数一,"{""utb"": {""key_value"": 2, ""atr_period"": 14, ""use_ha"": false}, ""r&s"": {""srb_left"": 10, ""srb_right"": 10}, ""atr"": {""atr_length"": 14, ""atr_mult"": 1.0}}",FORTUNE BRANDS INNOVATIONS I,1WK
2026-06-22 00:00:00,Long,FBIN,45.96,8.40%,35.6,mfa,参数一,"{""utb"": {""key_value"": 2, ""atr_period"": 14, ""use_ha"": false}, ""mfa"": {""mfa_all"": 17}}",FORTUNE BRANDS INNOVATIONS I,1WK
2026-06-22 00:00:00,Short,QCOM,189.39,-16.24%,258.23,utb,参数一,"{""utb"": {""key_value"": 2, ""atr_period"": 14, ""use_ha"": false}, ""r&s"": {""srb_left"": 10, ""srb_right"": 10}, ""atr"": {""atr_length"": 14, ""atr_mult"": 1.0}}",QUALCOMM INC,1WK
2026-06-22 00:00:00,Long,CNX,33.73,3.24%,30.09,suf,参数一,"{""suf"": {""timeframe"": ""w"", ""rsi_length"": 14, ""weekly_rsi_threshold"": 35, ""monthly_rsi_threshold"": 45}}",CNX RESOURCES CORP,1WK
2026-06-22 00:00:00,Long,CNX,33.73,3.24%,30.09,suf,参数二,"{""suf"": {""timeframe"": ""w"", ""rsi_length"": 14, ""weekly_rsi_threshold"": 35, ""monthly_rsi_threshold"": 45}}",CNX RESOURCES CORP,1WK
2026-06-22 00:00:00,Long,BHB,39.07,7.36%,34.28,utb,参数二,"{""utb"": {""key_value"": 3, ""atr_period"": 14, ""use_ha"": false}, ""r&s"": {""srb_left"": 15, ""srb_right"": 15}, ""atr"": {""atr_length"": 14, ""atr_mult"": 1.0}}",BAR HARBOR BANKSHARES,1WK
2026-06-22 00:00:00,Long,CHTR,133.64,5.87%,105.11,suf,参数一,"{""suf"": {""timeframe"": ""w"", ""rsi_length"": 14, ""weekly_rsi_threshold"": 35, ""monthly_rsi_threshold"": 45}}",CHARTER COMMUNICATIONS INC-A,1WK
2026-06-22 00:00:00,Long,CHTR,133.64,5.87%,105.11,suf,参数二,"{""suf"": {""timeframe"": ""w"", ""rsi_length"": 14, ""weekly_rsi_threshold"": 35, ""monthly_rsi_threshold"": 45}}",CHARTER COMMUNICATIONS INC-A,1WK
2026-06-22 00:00:00,Long,BY,37.55,6.83%,33.53,utb,参数二,"{""utb"": {""key_value"": 3, ""atr_period"": 14, ""use_ha"": false}, ""r&s"": {""srb_left"": 15, ""srb_right"": 15}, ""atr"": {""atr_length"": 14, ""atr_mult"": 1.0}}",BYLINE BANCORP INC,1WK
2026-06-22 00:00:00,Long,SIBN,17.33,9.41%,14.0,utb,参数二,"{""utb"": {""key_value"": 3, ""atr_period"": 14, ""use_ha"": false}, ""r&s"": {""srb_left"": 15, ""srb_right"": 15}, ""atr"": {""atr_length"": 14, ""atr_mult"": 1.0}}",SI-BONE INC,1WK
2026-06-22 00:00:00,Long,SIBN,17.33,9.41%,14.0,mfa,参数二,"{""utb"": {""key_value"": 3, ""atr_period"": 14, ""use_ha"": false}, ""mfa"": {""mfa_all"": 24}}",SI-BONE INC,1WK
2026-06-22 00:00:00,Long,GIS,36.01,7.75%,31.09,suf,参数一,"{""suf"": {""timeframe"": ""w"", ""rsi_length"": 14, ""weekly_rsi_threshold"": 35, ""monthly_rsi_threshold"": 45}}",GENERAL MILLS INC,1WK
2026-06-22 00:00:00,Long,GIS,36.01,7.75%,31.09,suf,参数二,"{""suf"": {""timeframe"": ""w"", ""rsi_length"": 14, ""weekly_rsi_threshold"": 35, ""monthly_rsi_threshold"": 45}}",GENERAL MILLS INC,1WK
2026-06-22 00:00:00,Long,IDYA,36.74,17.64%,28.32,utb,参数一,"{""utb"": {""key_value"": 2, ""atr_period"": 14, ""use_ha"": false}, ""r&s"": {""srb_left"": 10, ""srb_right"": 10}, ""atr"": {""atr_length"": 14, ""atr_mult"": 1.0}}",IDEAYA BIOSCIENCES INC,1WK
2026-06-22 00:00:00,Long,GSHD,46.87,27.09%,29.85,suf,参数一,"{""suf"": {""timeframe"": ""w"", ""rsi_length"": 14, ""weekly_rsi_threshold"": 35, ""monthly_rsi_threshold"": 45}}",GOOSEHEAD INSURANCE INC -A,1WK
2026-06-22 00:00:00,Long,GSHD,46.87,27.09%,29.85,suf,参数二,"{""suf"": {""timeframe"": ""w"", ""rsi_length"": 14, ""weekly_rsi_threshold"": 35, ""monthly_rsi_threshold"": 45}}",GOOSEHEAD INSURANCE INC -A,1WK
2026-06-22 00:00:00,Long,CAC,54.33,5.52%,45.84,utb,参数二,"{""utb"": {""key_value"": 3, ""atr_period"": 14, ""use_ha"": false}, ""r&s"": {""srb_left"": 15, ""srb_right"": 15}, ""atr"": {""atr_length"": 14, ""atr_mult"": 1.0}}",CAMDEN NATIONAL CORP,1WK
2026-06-22 00:00:00,Long,FFIN,35.24,7.50%,31.03,utb,参数二,"{""utb"": {""key_value"": 3, ""atr_period"": 14, ""use_ha"": false}, ""r&s"": {""srb_left"": 15, ""srb_right"": 15}, ""atr"": {""atr_length"": 14, ""atr_mult"": 1.0}}",FIRST FINL BANKSHARES INC,1WK
2026-06-22 00:00:00,Long,COO,71.02,7.75%,60.7,utb,参数一,"{""utb"": {""key_value"": 2, ""atr_period"": 14, ""use_ha"": false}, ""r&s"": {""srb_left"": 10, ""srb_right"": 10}, ""atr"": {""atr_length"": 14, ""atr_mult"": 1.0}}",COOPER COS INC/THE,1WK
2026-06-22 00:00:00,Long,COO,71.02,7.75%,60.7,mfa,参数一,"{""utb"": {""key_value"": 2, ""atr_period"": 14, ""use_ha"": false}, ""mfa"": {""mfa_all"": 17}}",COOPER COS INC/THE,1WK
2026-06-22 00:00:00,Long,ICLR,169.86,16.34%,120.52,utb,参数二,"{""utb"": {""key_value"": 3, ""atr_period"": 14, ""use_ha"": false}, ""r&s"": {""srb_left"": 15, ""srb_right"": 15}, ""atr"": {""atr_length"": 14, ""atr_mult"": 1.0}}",ICON PLC,1WK
2026-06-22 00:00:00,Long,WMS,154.5,5.02%,124.59,utb,参数一,"{""utb"": {""key_value"": 2, ""atr_period"": 14, ""use_ha"": false}, ""r&s"": {""srb_left"": 10, ""srb_right"": 10}, ""atr"": {""atr_length"": 14, ""atr_mult"": 1.0}}",ADVANCED DRAINAGE SYSTEMS IN,1WK
2026-06-22 00:00:00,Long,WMS,154.5,5.02%,124.59,mfa,参数一,"{""utb"": {""key_value"": 2, ""atr_period"": 14, ""use_ha"": false}, ""mfa"": {""mfa_all"": 17}}",ADVANCED DRAINAGE SYSTEMS IN,1WK
2026-06-22 00:00:00,Long,RNR,319.59,6.97%,280.0,utb,参数一,"{""utb"": {""key_value"": 2, ""atr_period"": 14, ""use_ha"": false}, ""r&s"": {""srb_left"": 10, ""srb_right"": 10}, ""atr"": {""atr_length"": 14, ""atr_mult"": 1.0}}",RENAISSANCERE HOLDINGS LTD,1WK
2026-06-22 00:00:00,Long,FE,48.47,4.35%,44.27,utb,参数一,"{""utb"": {""key_value"": 2, ""atr_period"": 14, ""use_ha"": false}, ""r&s"": {""srb_left"": 10, ""srb_right"": 10}, ""atr"": {""atr_length"": 14, ""atr_mult"": 1.0}}",FIRSTENERGY CORP,1WK
2026-06-22 00:00:00,Short,LBRT,26.86,-1.18%,31.0,utb,参数一,"{""utb"": {""key_value"": 2, ""atr_period"": 14, ""use_ha"": false}, ""r&s"": {""srb_left"": 10, ""srb_right"": 10}, ""atr"": {""atr_length"": 14, ""atr_mult"": 1.0}}",LIBERTY ENERGY INC,1WK
2026-06-22 00:00:00,Long,CABO,52.87,28.98%,25.04,suf,参数一,"{""suf"": {""timeframe"": ""w"", ""rsi_length"": 14, ""weekly_rsi_threshold"": 35, ""monthly_rsi_threshold"": 45}}",CABLE ONE INC,1WK
2026-06-22 00:00:00,Long,CABO,52.87,28.98%,25.04,suf,参数二,"{""suf"": {""timeframe"": ""w"", ""rsi_length"": 14, ""weekly_rsi_threshold"": 35, ""monthly_rsi_threshold"": 45}}",CABLE ONE INC,1WK
2026-06-22 00:00:00,Long,ATRC,30.18,4.79%,24.73,suf,参数一,"{""suf"": {""timeframe"": ""w"", ""rsi_length"": 14, ""weekly_rsi_threshold"": 35, ""monthly_rsi_threshold"": 45}}",ATRICURE INC,1WK
2026-06-22 00:00:00,Long,ATRC,30.18,4.79%,24.73,suf,参数二,"{""suf"": {""timeframe"": ""w"", ""rsi_length"": 14, ""weekly_rsi_threshold"": 35, ""monthly_rsi_threshold"": 45}}",ATRICURE INC,1WK
2026-06-22 00:00:00,Short,CHRD,116.59,-5.30%,137.46,utb,参数二,"{""utb"": {""key_value"": 3, ""atr_period"": 14, ""use_ha"": false}, ""r&s"": {""srb_left"": 15, ""srb_right"": 15}, ""atr"": {""atr_length"": 14, ""atr_mult"": 1.0}}",CHORD ENERGY CORP,1WK
2026-06-22 00:00:00,Short,ROST,213.26,-8.39%,253.27,utb,参数一,"{""utb"": {""key_value"": 2, ""atr_period"": 14, ""use_ha"": false}, ""r&s"": {""srb_left"": 10, ""srb_right"": 10}, ""atr"": {""atr_length"": 14, ""atr_mult"": 1.0}}",ROSS STORES INC,1WK
2026-06-22 00:00:00,Long,CGON,71.96,17.81%,54.83,utb,参数一,"{""utb"": {""key_value"": 2, ""atr_period"": 14, ""use_ha"": false}, ""r&s"": {""srb_left"": 10, ""srb_right"": 10}, ""atr"": {""atr_length"": 14, ""atr_mult"": 1.0}}",CG ONCOLOGY INC,1WK
2026-06-22 00:00:00,Long,CGON,71.96,17.81%,54.83,utb,参数二,"{""utb"": {""key_value"": 3, ""atr_period"": 14, ""use_ha"": false}, ""r&s"": {""srb_left"": 15, ""srb_right"": 15}, ""atr"": {""atr_length"": 14, ""atr_mult"": 1.0}}",CG ONCOLOGY INC,1WK
2026-06-22 00:00:00,Long,HBT,31.75,4.79%,28.6,utb,参数二,"{""utb"": {""key_value"": 3, ""atr_period"": 14, ""use_ha"": false}, ""r&s"": {""srb_left"": 15, ""srb_right"": 15}, ""atr"": {""atr_length"": 14, ""atr_mult"": 1.0}}",HBT FINANCIAL INC/DE,1WK
2026-06-22 00:00:00,Long,NCNO,15.63,5.61%,12.1,suf,参数一,"{""suf"": {""timeframe"": ""w"", ""rsi_length"": 14, ""weekly_rsi_threshold"": 35, ""monthly_rsi_threshold"": 45}}",NCINO INC,1WK
2026-06-22 00:00:00,Long,NCNO,15.63,5.61%,12.1,suf,参数二,"{""suf"": {""timeframe"": ""w"", ""rsi_length"": 14, ""weekly_rsi_threshold"": 35, ""monthly_rsi_threshold"": 45}}",NCINO INC,1WK
2026-06-22 00:00:00,Long,RLI,57.56,8.42%,49.27,utb,参数二,"{""utb"": {""key_value"": 3, ""atr_period"": 14, ""use_ha"": false}, ""r&s"": {""srb_left"": 15, ""srb_right"": 15}, ""atr"": {""atr_length"": 14, ""atr_mult"": 1.0}}",RLI CORP,1WK
2026-06-22 00:00:00,Long,RLI,57.56,8.42%,49.27,mfa,参数二,"{""utb"": {""key_value"": 3, ""atr_period"": 14, ""use_ha"": false}, ""mfa"": {""mfa_all"": 10}}",RLI CORP,1WK
2026-06-22 00:00:00,Long,GNW,9.46,5.70%,8.5,utb,参数二,"{""utb"": {""key_value"": 3, ""atr_period"": 14, ""use_ha"": false}, ""r&s"": {""srb_left"": 15, ""srb_right"": 15}, ""atr"": {""atr_length"": 14, ""atr_mult"": 1.0}}",GENWORTH FINANCIAL INC,1WK
2026-06-22 00:00:00,Long,RIGL,38.69,17.56%,29.84,utb,参数一,"{""utb"": {""key_value"": 2, ""atr_period"": 14, ""use_ha"": false}, ""r&s"": {""srb_left"": 10, ""srb_right"": 10}, ""atr"": {""atr_length"": 14, ""atr_mult"": 1.0}}",RIGEL PHARMACEUTICALS INC,1WK
2026-06-22 00:00:00,Long,RIGL,38.69,17.56%,29.84,utb,参数二,"{""utb"": {""key_value"": 3, ""atr_period"": 14, ""use_ha"": false}, ""r&s"": {""srb_left"": 15, ""srb_right"": 15}, ""atr"": {""atr_length"": 14, ""atr_mult"": 1.0}}",RIGEL PHARMACEUTICALS INC,1WK
2026-06-22 00:00:00,Long,BIIB,216.03,9.89%,181.64,utb,参数二,"{""utb"": {""key_value"": 3, ""atr_period"": 14, ""use_ha"": false}, ""r&s"": {""srb_left"": 15, ""srb_right"": 15}, ""atr"": {""atr_length"": 14, ""atr_mult"": 1.0}}",BIOGEN INC,1WK
2026-06-22 00:00:00,Long,DHR,196.19,10.97%,162.36,utb,参数一,"{""utb"": {""key_value"": 2, ""atr_period"": 14, ""use_ha"": false}, ""r&s"": {""srb_left"": 10, ""srb_right"": 10}, ""atr"": {""atr_length"": 14, ""atr_mult"": 1.0}}",DANAHER CORP,1WK
2026-06-22 00:00:00,Long,DHR,196.19,10.97%,162.36,mfa,参数一,"{""utb"": {""key_value"": 2, ""atr_period"": 14, ""use_ha"": false}, ""mfa"": {""mfa_all"": 17}}",DANAHER CORP,1WK
2026-06-22 00:00:00,Long,DHR,196.19,10.97%,162.36,utb,参数二,"{""utb"": {""key_value"": 3, ""atr_period"": 14, ""use_ha"": false}, ""r&s"": {""srb_left"": 15, ""srb_right"": 15}, ""atr"": {""atr_length"": 14, ""atr_mult"": 1.0}}",DANAHER CORP,1WK
2026-06-22 00:00:00,Long,DHR,196.19,10.97%,162.36,mfa,参数二,"{""utb"": {""key_value"": 3, ""atr_period"": 14, ""use_ha"": false}, ""mfa"": {""mfa_all"": 17}}",DANAHER CORP,1WK
2026-06-22 00:00:00,Short,MSCI,554.85,-4.53%,627.35,utb,参数一,"{""utb"": {""key_value"": 2, ""atr_period"": 14, ""use_ha"": false}, ""r&s"": {""srb_left"": 10, ""srb_right"": 10}, ""atr"": {""atr_length"": 14, ""atr_mult"": 1.0}}",MSCI INC,1WK
2026-06-22 00:00:00,Long,BHVN,15.83,16.65%,12.19,utb,参数二,"{""utb"": {""key_value"": 3, ""atr_period"": 14, ""use_ha"": false}, ""r&s"": {""srb_left"": 15, ""srb_right"": 15}, ""atr"": {""atr_length"": 14, ""atr_mult"": 1.0}}",BIOHAVEN LTD,1WK
2026-06-22 00:00:00,Long,BHVN,15.83,16.65%,12.19,mfa,参数二,"{""utb"": {""key_value"": 3, ""atr_period"": 14, ""use_ha"": false}, ""mfa"": {""mfa_all"": 16}}",BIOHAVEN LTD,1WK
2026-06-22 00:00:00,Long,LMRI,12.1,28.59%,7.16,utb,参数一,"{""utb"": {""key_value"": 2, ""atr_period"": 14, ""use_ha"": false}, ""r&s"": {""srb_left"": 10, ""srb_right"": 10}, ""atr"": {""atr_length"": 14, ""atr_mult"": 1.0}}",LUMEXA IMAGING HOLDINGS INC,1WK
2026-06-22 00:00:00,Long,LMRI,12.1,28.59%,7.16,mfa,参数一,"{""utb"": {""key_value"": 2, ""atr_period"": 14, ""use_ha"": false}, ""mfa"": {""mfa_all"": 14}}",LUMEXA IMAGING HOLDINGS INC,1WK
2026-06-22 00:00:00,Short,VAL,76.36,-2.80%,89.81,utb,参数二,"{""utb"": {""key_value"": 3, ""atr_period"": 14, ""use_ha"": false}, ""r&s"": {""srb_left"": 15, ""srb_right"": 15}, ""atr"": {""atr_length"": 14, ""atr_mult"": 1.0}}",VALARIS LTD,1WK
2026-06-22 00:00:00,Short,CYD,44.82,-7.97%,56.13,utb,参数一,"{""utb"": {""key_value"": 2, ""atr_period"": 14, ""use_ha"": false}, ""r&s"": {""srb_left"": 10, ""srb_right"": 10}, ""atr"": {""atr_length"": 14, ""atr_mult"": 1.0}}",CHINA YUCHAI INTL LTD,1WK
2026-06-22 00:00:00,Long,SKWD,59.19,17.07%,46.85,utb,参数二,"{""utb"": {""key_value"": 3, ""atr_period"": 14, ""use_ha"": false}, ""r&s"": {""srb_left"": 15, ""srb_right"": 15}, ""atr"": {""atr_length"": 14, ""atr_mult"": 1.0}}",SKYWARD SPECIALTY INSURANCE,1WK
2026-06-22 00:00:00,Short,RKLB,84.54,-21.17%,125.33,utb,参数二,"{""utb"": {""key_value"": 3, ""atr_period"": 14, ""use_ha"": false}, ""r&s"": {""srb_left"": 15, ""srb_right"": 15}, ""atr"": {""atr_length"": 14, ""atr_mult"": 1.0}}",ROCKET LAB CORP,1WK
2026-06-22 00:00:00,Short,POET,9.44,-22.30%,16.0,utb,参数一,"{""utb"": {""key_value"": 2, ""atr_period"": 14, ""use_ha"": false}, ""r&s"": {""srb_left"": 10, ""srb_right"": 10}, ""atr"": {""atr_length"": 14, ""atr_mult"": 1.0}}",POET TECHNOLOGIES INC,1WK
2026-06-22 00:00:00,Long,FRME,43.68,7.27%,38.52,utb,参数二,"{""utb"": {""key_value"": 3, ""atr_period"": 14, ""use_ha"": false}, ""r&s"": {""srb_left"": 15, ""srb_right"": 15}, ""atr"": {""atr_length"": 14, ""atr_mult"": 1.0}}",FIRST MERCHANTS CORP,1WK
2026-06-22 00:00:00,Long,ES,73.48,5.59%,65.81,utb,参数一,"{""utb"": {""key_value"": 2, ""atr_period"": 14, ""use_ha"": false}, ""r&s"": {""srb_left"": 10, ""srb_right"": 10}, ""atr"": {""atr_length"": 14, ""atr_mult"": 1.0}}",EVERSOURCE ENERGY,1WK
2026-06-22 00:00:00,Long,CELC,99.95,13.89%,71.71,suf,参数一,"{""suf"": {""timeframe"": ""w"", ""rsi_length"": 14, ""weekly_rsi_threshold"": 35, ""monthly_rsi_threshold"": 45}}",CELCUITY INC,1WK
2026-06-22 00:00:00,Long,CELC,99.95,13.89%,71.71,suf,参数二,"{""suf"": {""timeframe"": ""w"", ""rsi_length"": 14, ""weekly_rsi_threshold"": 35, ""monthly_rsi_threshold"": 45}}",CELCUITY INC,1WK
2026-06-22 00:00:00,Long,KYMR,108.12,19.56%,80.81,utb,参数一,"{""utb"": {""key_value"": 2, ""atr_period"": 14, ""use_ha"": false}, ""r&s"": {""srb_left"": 10, ""srb_right"": 10}, ""atr"": {""atr_length"": 14, ""atr_mult"": 1.0}}",KYMERA THERAPEUTICS INC,1WK
2026-06-22 00:00:00,Long,KYMR,108.12,19.56%,80.81,utb,参数二,"{""utb"": {""key_value"": 3, ""atr_period"": 14, ""use_ha"": false}, ""r&s"": {""srb_left"": 15, ""srb_right"": 15}, ""atr"": {""atr_length"": 14, ""atr_mult"": 1.0}}",KYMERA THERAPEUTICS INC,1WK
2026-06-22 00:00:00,Long,AIIO,4.37,46.64%,1.27,utb,参数二,"{""utb"": {""key_value"": 3, ""atr_period"": 14, ""use_ha"": false}, ""r&s"": {""srb_left"": 15, ""srb_right"": 15}, ""atr"": {""atr_length"": 14, ""atr_mult"": 1.0}}",ROBO.AI INC,1WK
2026-06-22 00:00:00,Long,AIIO,4.37,46.64%,1.27,mfa,参数二,"{""utb"": {""key_value"": 3, ""atr_period"": 14, ""use_ha"": false}, ""mfa"": {""mfa_all"": 15}}",ROBO.AI INC,1WK
2026-06-22 00:00:00,Short,QRVO,93.88,-4.61%,111.75,utb,参数一,"{""utb"": {""key_value"": 2, ""atr_period"": 14, ""use_ha"": false}, ""r&s"": {""srb_left"": 10, ""srb_right"": 10}, ""atr"": {""atr_length"": 14, ""atr_mult"": 1.0}}",QORVO INC,1WK
2026-06-22 00:00:00,Long,PHM,137.61,8.62%,116.27,utb,参数一,"{""utb"": {""key_value"": 2, ""atr_period"": 14, ""use_ha"": false}, ""r&s"": {""srb_left"": 10, ""srb_right"": 10}, ""atr"": {""atr_length"": 14, ""atr_mult"": 1.0}}",PULTEGROUP INC,1WK
2026-06-22 00:00:00,Long,PHM,137.61,8.62%,116.27,mfa,参数一,"{""utb"": {""key_value"": 2, ""atr_period"": 14, ""use_ha"": false}, ""mfa"": {""mfa_all"": 15}}",PULTEGROUP INC,1WK
2026-06-22 00:00:00,Long,PHM,137.61,8.62%,116.27,utb,参数二,"{""utb"": {""key_value"": 3, ""atr_period"": 14, ""use_ha"": false}, ""r&s"": {""srb_left"": 15, ""srb_right"": 15}, ""atr"": {""atr_length"": 14, ""atr_mult"": 1.0}}",PULTEGROUP INC,1WK
2026-06-22 00:00:00,Long,PHM,137.61,8.62%,116.27,mfa,参数二,"{""utb"": {""key_value"": 3, ""atr_period"": 14, ""use_ha"": false}, ""mfa"": {""mfa_all"": 15}}",PULTEGROUP INC,1WK
2026-06-22 00:00:00,Long,NIQ,8.63,4.23%,6.56,suf,参数一,"{""suf"": {""timeframe"": ""w"", ""rsi_length"": 14, ""weekly_rsi_threshold"": 35, ""monthly_rsi_threshold"": 45}}",NIQ GLOBAL INTELLIGENCE PLC,1WK
2026-06-22 00:00:00,Long,NIQ,8.63,4.23%,6.56,suf,参数二,"{""suf"": {""timeframe"": ""w"", ""rsi_length"": 14, ""weekly_rsi_threshold"": 35, ""monthly_rsi_threshold"": 45}}",NIQ GLOBAL INTELLIGENCE PLC,1WK
2026-06-22 00:00:00,Short,WMG,26.96,-4.30%,30.38,utb,参数二,"{""utb"": {""key_value"": 3, ""atr_period"": 14, ""use_ha"": false}, ""r&s"": {""srb_left"": 15, ""srb_right"": 15}, ""atr"": {""atr_length"": 14, ""atr_mult"": 1.0}}",WARNER MUSIC GROUP CORP-CL A,1WK
2026-06-22 00:00:00,Long,AMTB,25.42,7.71%,22.06,utb,参数二,"{""utb"": {""key_value"": 3, ""atr_period"": 14, ""use_ha"": false}, ""r&s"": {""srb_left"": 15, ""srb_right"": 15}, ""atr"": {""atr_length"": 14, ""atr_mult"": 1.0}}",AMERANT BANCORP INC,1WK
2026-06-22 00:00:00,Long,ANRO,27.04,18.91%,18.9,utb,参数一,"{""utb"": {""key_value"": 2, ""atr_period"": 14, ""use_ha"": false}, ""r&s"": {""srb_left"": 10, ""srb_right"": 10}, ""atr"": {""atr_length"": 14, ""atr_mult"": 1.0}}",ALTO NEUROSCIENCE INC,1WK
2026-06-22 00:00:00,Long,CHKP,130.05,6.31%,106.99,suf,参数一,"{""suf"": {""timeframe"": ""w"", ""rsi_length"": 14, ""weekly_rsi_threshold"": 35, ""monthly_rsi_threshold"": 45}}",CHECK POINT SOFTWARE TECH,1WK
2026-06-22 00:00:00,Long,CHKP,130.05,6.31%,106.99,suf,参数二,"{""suf"": {""timeframe"": ""w"", ""rsi_length"": 14, ""weekly_rsi_threshold"": 35, ""monthly_rsi_threshold"": 45}}",CHECK POINT SOFTWARE TECH,1WK
2026-06-22 00:00:00,Short,GOOG,334.69,-8.92%,380.42,utb,参数一,"{""utb"": {""key_value"": 2, ""atr_period"": 14, ""use_ha"": false}, ""r&s"": {""srb_left"": 10, ""srb_right"": 10}, ""atr"": {""atr_length"": 14, ""atr_mult"": 1.0}}",ALPHABET INC-CL C,1WK
2026-06-22 00:00:00,Long,XEL,82.23,7.03%,73.64,utb,参数一,"{""utb"": {""key_value"": 2, ""atr_period"": 14, ""use_ha"": false}, ""r&s"": {""srb_left"": 10, ""srb_right"": 10}, ""atr"": {""atr_length"": 14, ""atr_mult"": 1.0}}",XCEL ENERGY INC,1WK
2026-06-22 00:00:00,Long,ECL,283.65,5.69%,252.67,utb,参数一,"{""utb"": {""key_value"": 2, ""atr_period"": 14, ""use_ha"": false}, ""r&s"": {""srb_left"": 10, ""srb_right"": 10}, ""atr"": {""atr_length"": 14, ""atr_mult"": 1.0}}",ECOLAB INC,1WK
2026-06-22 00:00:00,Short,FIZZ,32.73,-9.81%,39.11,utb,参数一,"{""utb"": {""key_value"": 2, ""atr_period"": 14, ""use_ha"": false}, ""r&s"": {""srb_left"": 10, ""srb_right"": 10}, ""atr"": {""atr_length"": 14, ""atr_mult"": 1.0}}",NATIONAL BEVERAGE CORP,1WK
2026-06-22 00:00:00,Long,CRL,215.75,16.62%,158.81,utb,参数二,"{""utb"": {""key_value"": 3, ""atr_period"": 14, ""use_ha"": false}, ""r&s"": {""srb_left"": 15, ""srb_right"": 15}, ""atr"": {""atr_length"": 14, ""atr_mult"": 1.0}}",CHARLES RIVER LABORATORIES,1WK
2026-06-22 00:00:00,Long,DLTR,123.87,10.94%,100.83,utb,参数二,"{""utb"": {""key_value"": 3, ""atr_period"": 14, ""use_ha"": false}, ""r&s"": {""srb_left"": 15, ""srb_right"": 15}, ""atr"": {""atr_length"": 14, ""atr_mult"": 1.0}}",DOLLAR TREE INC,1WK
2026-06-22 00:00:00,Long,DLTR,123.87,10.94%,100.83,mfa,参数二,"{""utb"": {""key_value"": 3, ""atr_period"": 14, ""use_ha"": false}, ""mfa"": {""mfa_all"": 22}}",DOLLAR TREE INC,1WK
2026-06-22 00:00:00,Long,ESP,67.12,10.55%,54.82,utb,参数一,"{""utb"": {""key_value"": 2, ""atr_period"": 14, ""use_ha"": false}, ""r&s"": {""srb_left"": 10, ""srb_right"": 10}, ""atr"": {""atr_length"": 14, ""atr_mult"": 1.0}}",ESPEY MFG & ELECTRONICS CORP,1WK
2026-06-22 00:00:00,Long,WEC,118.85,5.96%,107.55,utb,参数一,"{""utb"": {""key_value"": 2, ""atr_period"": 14, ""use_ha"": false}, ""r&s"": {""srb_left"": 10, ""srb_right"": 10}, ""atr"": {""atr_length"": 14, ""atr_mult"": 1.0}}",WEC ENERGY GROUP INC,1WK
2026-06-22 00:00:00,Long,RGNX,10.48,34.36%,5.89,utb,参数一,"{""utb"": {""key_value"": 2, ""atr_period"": 14, ""use_ha"": false}, ""r&s"": {""srb_left"": 10, ""srb_right"": 10}, ""atr"": {""atr_length"": 14, ""atr_mult"": 1.0}}",REGENXBIO INC,1WK
2026-06-22 00:00:00,Long,MHK,119.76,6.64%,99.13,utb,参数一,"{""utb"": {""key_value"": 2, ""atr_period"": 14, ""use_ha"": false}, ""r&s"": {""srb_left"": 10, ""srb_right"": 10}, ""atr"": {""atr_length"": 14, ""atr_mult"": 1.0}}",MOHAWK INDUSTRIES INC,1WK
2026-06-22 00:00:00,Long,MHK,119.76,6.64%,99.13,mfa,参数一,"{""utb"": {""key_value"": 2, ""atr_period"": 14, ""use_ha"": false}, ""mfa"": {""mfa_all"": 17}}",MOHAWK INDUSTRIES INC,1WK
2026-06-22 00:00:00,Long,MLKN,19.96,20.97%,13.7,utb,参数一,"{""utb"": {""key_value"": 2, ""atr_period"": 14, ""use_ha"": false}, ""r&s"": {""srb_left"": 10, ""srb_right"": 10}, ""atr"": {""atr_length"": 14, ""atr_mult"": 1.0}}",MILLERKNOLL INC,1WK
2026-06-22 00:00:00,Long,MLKN,19.96,20.97%,13.7,utb,参数二,"{""utb"": {""key_value"": 3, ""atr_period"": 14, ""use_ha"": false}, ""r&s"": {""srb_left"": 15, ""srb_right"": 15}, ""atr"": {""atr_length"": 14, ""atr_mult"": 1.0}}",MILLERKNOLL INC,1WK
2026-06-22 00:00:00,Long,TNET,49.91,10.20%,37.97,utb,参数二,"{""utb"": {""key_value"": 3, ""atr_period"": 14, ""use_ha"": false}, ""r&s"": {""srb_left"": 15, ""srb_right"": 15}, ""atr"": {""atr_length"": 14, ""atr_mult"": 1.0}}",TRINET GROUP INC,1WK
2026-06-22 00:00:00,Long,RDN,37.5,8.07%,32.88,utb,参数一,"{""utb"": {""key_value"": 2, ""atr_period"": 14, ""use_ha"": false}, ""r&s"": {""srb_left"": 10, ""srb_right"": 10}, ""atr"": {""atr_length"": 14, ""atr_mult"": 1.0}}",RADIAN GROUP INC,1WK
2026-06-22 00:00:00,Long,PKG,241.55,6.17%,215.39,utb,参数一,"{""utb"": {""key_value"": 2, ""atr_period"": 14, ""use_ha"": false}, ""r&s"": {""srb_left"": 10, ""srb_right"": 10}, ""atr"": {""atr_length"": 14, ""atr_mult"": 1.0}}",PACKAGING CORP OF AMERICA,1WK
2026-06-22 00:00:00,Long,PKG,241.55,6.17%,215.39,utb,参数二,"{""utb"": {""key_value"": 3, ""atr_period"": 14, ""use_ha"": false}, ""r&s"": {""srb_left"": 15, ""srb_right"": 15}, ""atr"": {""atr_length"": 14, ""atr_mult"": 1.0}}",PACKAGING CORP OF AMERICA,1WK
2026-06-22 00:00:00,Short,WDC,586.45,-21.41%,855.42,utb,参数一,"{""utb"": {""key_value"": 2, ""atr_period"": 14, ""use_ha"": false}, ""r&s"": {""srb_left"": 10, ""srb_right"": 10}, ""atr"": {""atr_length"": 14, ""atr_mult"": 1.0}}",WESTERN DIGITAL CORP,1WK
2026-06-22 00:00:00,Long,KWR,160.63,6.96%,133.57,utb,参数二,"{""utb"": {""key_value"": 3, ""atr_period"": 14, ""use_ha"": false}, ""r&s"": {""srb_left"": 15, ""srb_right"": 15}, ""atr"": {""atr_length"": 14, ""atr_mult"": 1.0}}",QUAKER CHEMICAL CORPORATION,1WK
2026-06-22 00:00:00,Long,NCLH,21.24,3.91%,16.69,utb,参数一,"{""utb"": {""key_value"": 2, ""atr_period"": 14, ""use_ha"": false}, ""r&s"": {""srb_left"": 10, ""srb_right"": 10}, ""atr"": {""atr_length"": 14, ""atr_mult"": 1.0}}",NORWEGIAN CRUISE LINE HOLDIN,1WK
2026-06-22 00:00:00,Long,NCLH,21.24,3.91%,16.69,mfa,参数一,"{""utb"": {""key_value"": 2, ""atr_period"": 14, ""use_ha"": false}, ""mfa"": {""mfa_all"": 16}}",NORWEGIAN CRUISE LINE HOLDIN,1WK
2026-06-22 00:00:00,Long,VTS,15.79,1.21%,14.12,suf,参数一,"{""suf"": {""timeframe"": ""w"", ""rsi_length"": 14, ""weekly_rsi_threshold"": 35, ""monthly_rsi_threshold"": 45}}",VITESSE ENERGY INC,1WK
2026-06-22 00:00:00,Long,VTS,15.79,1.21%,14.12,suf,参数二,"{""suf"": {""timeframe"": ""w"", ""rsi_length"": 14, ""weekly_rsi_threshold"": 35, ""monthly_rsi_threshold"": 45}}",VITESSE ENERGY INC,1WK
2026-06-22 00:00:00,Long,PVLA,148.21,31.04%,96.42,utb,参数一,"{""utb"": {""key_value"": 2, ""atr_period"": 14, ""use_ha"": false}, ""r&s"": {""srb_left"": 10, ""srb_right"": 10}, ""atr"": {""atr_length"": 14, ""atr_mult"": 1.0}}",PALVELLA THERAPEUTICS INC,1WK
2026-06-22 00:00:00,Long,PPC,28.61,4.72%,24.14,suf,参数一,"{""suf"": {""timeframe"": ""w"", ""rsi_length"": 14, ""weekly_rsi_threshold"": 35, ""monthly_rsi_threshold"": 45}}",PILGRIM'S PRIDE CORP,1WK
2026-06-22 00:00:00,Long,PPC,28.61,4.72%,24.14,suf,参数二,"{""suf"": {""timeframe"": ""w"", ""rsi_length"": 14, ""weekly_rsi_threshold"": 35, ""monthly_rsi_threshold"": 45}}",PILGRIM'S PRIDE CORP,1WK
2026-06-22 00:00:00,Long,GRBK,80.24,7.55%,68.38,utb,参数二,"{""utb"": {""key_value"": 3, ""atr_period"": 14, ""use_ha"": false}, ""r&s"": {""srb_left"": 15, ""srb_right"": 15}, ""atr"": {""atr_length"": 14, ""atr_mult"": 1.0}}",GREEN BRICK PARTNERS INC,1WK
2026-06-22 00:00:00,Short,KOS,2.18,-11.02%,2.92,utb,参数一,"{""utb"": {""key_value"": 2, ""atr_period"": 14, ""use_ha"": false}, ""r&s"": {""srb_left"": 10, ""srb_right"": 10}, ""atr"": {""atr_length"": 14, ""atr_mult"": 1.0}}",KOSMOS ENERGY LTD,1WK
2026-06-22 00:00:00,Short,CHPT,5.57,-32.97%,9.56,utb,参数一,"{""utb"": {""key_value"": 2, ""atr_period"": 14, ""use_ha"": false}, ""r&s"": {""srb_left"": 10, ""srb_right"": 10}, ""atr"": {""atr_length"": 14, ""atr_mult"": 1.0}}",CHARGEPOINT HOLDINGS INC,1WK
2026-06-22 00:00:00,Long,AMCR,43.03,4.75%,37.28,utb,参数一,"{""utb"": {""key_value"": 2, ""atr_period"": 14, ""use_ha"": false}, ""r&s"": {""srb_left"": 10, ""srb_right"": 10}, ""atr"": {""atr_length"": 14, ""atr_mult"": 1.0}}",AMCOR PLC,1WK
2026-06-22 00:00:00,Long,AMCR,43.03,4.75%,37.28,mfa,参数一,"{""utb"": {""key_value"": 2, ""atr_period"": 14, ""use_ha"": false}, ""mfa"": {""mfa_all"": 15}}",AMCOR PLC,1WK
2026-06-22 00:00:00,Long,KGS,76.27,10.25%,63.38,utb,参数一,"{""utb"": {""key_value"": 2, ""atr_period"": 14, ""use_ha"": false}, ""r&s"": {""srb_left"": 10, ""srb_right"": 10}, ""atr"": {""atr_length"": 14, ""atr_mult"": 1.0}}",KODIAK GAS SERVICES INC,1WK
2026-06-22 00:00:00,Short,SBET,4.81,-9.07%,6.73,utb,参数一,"{""utb"": {""key_value"": 2, ""atr_period"": 14, ""use_ha"": false}, ""r&s"": {""srb_left"": 10, ""srb_right"": 10}, ""atr"": {""atr_length"": 14, ""atr_mult"": 1.0}}",SHARPLINK INC,1WK
2026-06-22 00:00:00,Long,BFAM,70.14,9.05%,57.12,suf,参数一,"{""suf"": {""timeframe"": ""w"", ""rsi_length"": 14, ""weekly_rsi_threshold"": 35, ""monthly_rsi_threshold"": 45}}",BRIGHT HORIZONS FAMILY SOLUT,1WK
2026-06-22 00:00:00,Long,BFAM,70.14,9.05%,57.12,suf,参数二,"{""suf"": {""timeframe"": ""w"", ""rsi_length"": 14, ""weekly_rsi_threshold"": 35, ""monthly_rsi_threshold"": 45}}",BRIGHT HORIZONS FAMILY SOLUT,1WK
2026-06-22 00:00:00,Long,CNA,48.36,8.63%,42.64,utb,参数一,"{""utb"": {""key_value"": 2, ""atr_period"": 14, ""use_ha"": false}, ""r&s"": {""srb_left"": 10, ""srb_right"": 10}, ""atr"": {""atr_length"": 14, ""atr_mult"": 1.0}}",CNA FINANCIAL CORP,1WK
2026-06-22 00:00:00,Long,GWRE,121.48,12.63%,82.23,suf,参数一,"{""suf"": {""timeframe"": ""w"", ""rsi_length"": 14, ""weekly_rsi_threshold"": 35, ""monthly_rsi_threshold"": 45}}",GUIDEWIRE SOFTWARE INC,1WK
2026-06-22 00:00:00,Long,GWRE,121.48,12.63%,82.23,suf,参数二,"{""suf"": {""timeframe"": ""w"", ""rsi_length"": 14, ""weekly_rsi_threshold"": 35, ""monthly_rsi_threshold"": 45}}",GUIDEWIRE SOFTWARE INC,1WK
2026-06-22 00:00:00,Long,AMLX,17.79,13.53%,13.76,utb,参数一,"{""utb"": {""key_value"": 2, ""atr_period"": 14, ""use_ha"": false}, ""r&s"": {""srb_left"": 10, ""srb_right"": 10}, ""atr"": {""atr_length"": 14, ""atr_mult"": 1.0}}",AMYLYX PHARMACEUTICALS INC,1WK
2026-06-22 00:00:00,Long,QGEN,39.41,6.66%,33.55,utb,参数一,"{""utb"": {""key_value"": 2, ""atr_period"": 14, ""use_ha"": false}, ""r&s"": {""srb_left"": 10, ""srb_right"": 10}, ""atr"": {""atr_length"": 14, ""atr_mult"": 1.0}}",QIAGEN N.V.,1WK
2026-06-22 00:00:00,Long,QGEN,39.41,6.66%,33.55,mfa,参数一,"{""utb"": {""key_value"": 2, ""atr_period"": 14, ""use_ha"": false}, ""mfa"": {""mfa_all"": 17}}",QIAGEN N.V.,1WK
2026-06-22 00:00:00,Long,STTK,6.44,30.10%,4.01,utb,参数一,"{""utb"": {""key_value"": 2, ""atr_period"": 14, ""use_ha"": false}, ""r&s"": {""srb_left"": 10, ""srb_right"": 10}, ""atr"": {""atr_length"": 14, ""atr_mult"": 1.0}}",SHATTUCK LABS INC,1WK
2026-06-22 00:00:00,Long,ABT,94.12,6.46%,81.69,suf,参数一,"{""suf"": {""timeframe"": ""w"", ""rsi_length"": 14, ""weekly_rsi_threshold"": 35, ""monthly_rsi_threshold"": 45}}",ABBOTT LABORATORIES,1WK
2026-06-22 00:00:00,Long,ABT,94.12,6.46%,81.69,suf,参数二,"{""suf"": {""timeframe"": ""w"", ""rsi_length"": 14, ""weekly_rsi_threshold"": 35, ""monthly_rsi_threshold"": 45}}",ABBOTT LABORATORIES,1WK
2026-06-22 00:00:00,Long,COMP,11.4,13.89%,8.18,utb,参数二,"{""utb"": {""key_value"": 3, ""atr_period"": 14, ""use_ha"": false}, ""r&s"": {""srb_left"": 15, ""srb_right"": 15}, ""atr"": {""atr_length"": 14, ""atr_mult"": 1.0}}",COMPASS INC - CLASS A,1WK
2026-06-22 00:00:00,Long,COMP,11.4,13.89%,8.18,mfa,参数二,"{""utb"": {""key_value"": 3, ""atr_period"": 14, ""use_ha"": false}, ""mfa"": {""mfa_all"": 20}}",COMPASS INC - CLASS A,1WK
2026-06-22 00:00:00,Long,NOMD,11.12,10.98%,9.12,utb,参数一,"{""utb"": {""key_value"": 2, ""atr_period"": 14, ""use_ha"": false}, ""r&s"": {""srb_left"": 10, ""srb_right"": 10}, ""atr"": {""atr_length"": 14, ""atr_mult"": 1.0}}",NOMAD FOODS LTD,1WK
2026-06-22 00:00:00,Long,NOMD,11.12,10.98%,9.12,mfa,参数一,"{""utb"": {""key_value"": 2, ""atr_period"": 14, ""use_ha"": false}, ""mfa"": {""mfa_all"": 18}}",NOMAD FOODS LTD,1WK
2026-06-22 00:00:00,Long,AGIO,37.9,10.95%,30.87,utb,参数二,"{""utb"": {""key_value"": 3, ""atr_period"": 14, ""use_ha"": false}, ""r&s"": {""srb_left"": 15, ""srb_right"": 15}, ""atr"": {""atr_length"": 14, ""atr_mult"": 1.0}}",AGIOS PHARMACEUTICALS INC,1WK
2026-06-22 00:00:00,Long,LLYVK,103.82,5.44%,89.68,utb,参数一,"{""utb"": {""key_value"": 2, ""atr_period"": 14, ""use_ha"": false}, ""r&s"": {""srb_left"": 10, ""srb_right"": 10}, ""atr"": {""atr_length"": 14, ""atr_mult"": 1.0}}",LIBERTY LIVE HOLDINGS-C,1WK
2026-06-22 00:00:00,Long,SRRK,54.76,15.70%,42.91,utb,参数二,"{""utb"": {""key_value"": 3, ""atr_period"": 14, ""use_ha"": false}, ""r&s"": {""srb_left"": 15, ""srb_right"": 15}, ""atr"": {""atr_length"": 14, ""atr_mult"": 1.0}}",SCHOLAR ROCK HOLDING CORP,1WK
2026-06-22 00:00:00,Long,PGR,224.34,9.50%,191.91,utb,参数一,"{""utb"": {""key_value"": 2, ""atr_period"": 14, ""use_ha"": false}, ""r&s"": {""srb_left"": 10, ""srb_right"": 10}, ""atr"": {""atr_length"": 14, ""atr_mult"": 1.0}}",PROGRESSIVE CORP,1WK
2026-06-22 00:00:00,Long,PGR,224.34,9.50%,191.91,mfa,参数一,"{""utb"": {""key_value"": 2, ""atr_period"": 14, ""use_ha"": false}, ""mfa"": {""mfa_all"": 13}}",PROGRESSIVE CORP,1WK
2026-06-22 00:00:00,Long,PGR,224.34,9.50%,191.91,utb,参数二,"{""utb"": {""key_value"": 3, ""atr_period"": 14, ""use_ha"": false}, ""r&s"": {""srb_left"": 15, ""srb_right"": 15}, ""atr"": {""atr_length"": 14, ""atr_mult"": 1.0}}",PROGRESSIVE CORP,1WK
2026-06-22 00:00:00,Long,PGR,224.34,9.50%,191.91,mfa,参数二,"{""utb"": {""key_value"": 3, ""atr_period"": 14, ""use_ha"": false}, ""mfa"": {""mfa_all"": 13}}",PROGRESSIVE CORP,1WK
2026-06-22 00:00:00,Long,HCSG,24.31,5.97%,20.53,utb,参数二,"{""utb"": {""key_value"": 3, ""atr_period"": 14, ""use_ha"": false}, ""r&s"": {""srb_left"": 15, ""srb_right"": 15}, ""atr"": {""atr_length"": 14, ""atr_mult"": 1.0}}",HEALTHCARE SERVICES GROUP,1WK
2026-06-22 00:00:00,Long,PFSI,86.08,4.49%,71.81,suf,参数一,"{""suf"": {""timeframe"": ""w"", ""rsi_length"": 14, ""weekly_rsi_threshold"": 35, ""monthly_rsi_threshold"": 45}}",PENNYMAC FINANCIAL SERVICES,1WK
2026-06-22 00:00:00,Long,PFSI,86.08,4.49%,71.81,suf,参数二,"{""suf"": {""timeframe"": ""w"", ""rsi_length"": 14, ""weekly_rsi_threshold"": 35, ""monthly_rsi_threshold"": 45}}",PENNYMAC FINANCIAL SERVICES,1WK
2026-06-22 00:00:00,Long,TRMK,46.59,4.30%,41.85,utb,参数一,"{""utb"": {""key_value"": 2, ""atr_period"": 14, ""use_ha"": false}, ""r&s"": {""srb_left"": 10, ""srb_right"": 10}, ""atr"": {""atr_length"": 14, ""atr_mult"": 1.0}}",TRUSTMARK CORP,1WK
2026-06-22 00:00:00,Long,NAVI,8.7,7.54%,7.05,suf,参数一,"{""suf"": {""timeframe"": ""w"", ""rsi_length"": 14, ""weekly_rsi_threshold"": 35, ""monthly_rsi_threshold"": 45}}",NAVIENT CORP,1WK
2026-06-22 00:00:00,Long,NAVI,8.7,7.54%,7.05,suf,参数二,"{""suf"": {""timeframe"": ""w"", ""rsi_length"": 14, ""weekly_rsi_threshold"": 35, ""monthly_rsi_threshold"": 45}}",NAVIENT CORP,1WK
2026-06-22 00:00:00,Long,TCMD,30.28,13.75%,22.31,utb,参数一,"{""utb"": {""key_value"": 2, ""atr_period"": 14, ""use_ha"": false}, ""r&s"": {""srb_left"": 10, ""srb_right"": 10}, ""atr"": {""atr_length"": 14, ""atr_mult"": 1.0}}",TACTILE SYSTEMS TECHNOLOGY I,1WK
2026-06-22 00:00:00,Long,TCMD,30.28,13.75%,22.31,mfa,参数一,"{""utb"": {""key_value"": 2, ""atr_period"": 14, ""use_ha"": false}, ""mfa"": {""mfa_all"": 26}}",TACTILE SYSTEMS TECHNOLOGY I,1WK
2026-06-22 00:00:00,Long,NRIM,27.96,10.91%,23.08,utb,参数一,"{""utb"": {""key_value"": 2, ""atr_period"": 14, ""use_ha"": false}, ""r&s"": {""srb_left"": 10, ""srb_right"": 10}, ""atr"": {""atr_length"": 14, ""atr_mult"": 1.0}}",NORTHRIM BANCORP INC,1WK
2026-06-22 00:00:00,Long,BLLN,118.17,12.38%,82.35,utb,参数二,"{""utb"": {""key_value"": 3, ""atr_period"": 14, ""use_ha"": false}, ""r&s"": {""srb_left"": 15, ""srb_right"": 15}, ""atr"": {""atr_length"": 14, ""atr_mult"": 1.0}}",BILLIONTOONE INC CL A,1WK
2026-06-22 00:00:00,Long,BBWI,22.86,11.19%,17.07,utb,参数二,"{""utb"": {""key_value"": 3, ""atr_period"": 14, ""use_ha"": false}, ""r&s"": {""srb_left"": 15, ""srb_right"": 15}, ""atr"": {""atr_length"": 14, ""atr_mult"": 1.0}}",BATH & BODY WORKS INC,1WK
2026-06-22 00:00:00,Long,BBWI,22.86,11.19%,17.07,mfa,参数二,"{""utb"": {""key_value"": 3, ""atr_period"": 14, ""use_ha"": false}, ""mfa"": {""mfa_all"": 14}}",BATH & BODY WORKS INC,1WK
2026-06-22 00:00:00,Long,SMG,69.91,8.07%,56.53,utb,参数一,"{""utb"": {""key_value"": 2, ""atr_period"": 14, ""use_ha"": false}, ""r&s"": {""srb_left"": 10, ""srb_right"": 10}, ""atr"": {""atr_length"": 14, ""atr_mult"": 1.0}}",SCOTTS MIRACLE-GRO CO,1WK
2026-06-22 00:00:00,Long,MZTI,115.92,8.28%,95.41,suf,参数一,"{""suf"": {""timeframe"": ""w"", ""rsi_length"": 14, ""weekly_rsi_threshold"": 35, ""monthly_rsi_threshold"": 45}}",MARZETTI COMPANY/THE,1WK
2026-06-22 00:00:00,Long,MZTI,115.92,8.28%,95.41,suf,参数二,"{""suf"": {""timeframe"": ""w"", ""rsi_length"": 14, ""weekly_rsi_threshold"": 35, ""monthly_rsi_threshold"": 45}}",MARZETTI COMPANY/THE,1WK
2026-06-22 00:00:00,Long,CCC,5.01,13.61%,3.52,suf,参数一,"{""suf"": {""timeframe"": ""w"", ""rsi_length"": 14, ""weekly_rsi_threshold"": 35, ""monthly_rsi_threshold"": 45}}",CCC INTELLIGENT SOLUTIONS HO,1WK
2026-06-22 00:00:00,Long,CCC,5.01,13.61%,3.52,suf,参数二,"{""suf"": {""timeframe"": ""w"", ""rsi_length"": 14, ""weekly_rsi_threshold"": 35, ""monthly_rsi_threshold"": 45}}",CCC INTELLIGENT SOLUTIONS HO,1WK
2026-06-22 00:00:00,Short,ENVX,5.95,-15.96%,8.41,utb,参数一,"{""utb"": {""key_value"": 2, ""atr_period"": 14, ""use_ha"": false}, ""r&s"": {""srb_left"": 10, ""srb_right"": 10}, ""atr"": {""atr_length"": 14, ""atr_mult"": 1.0}}",ENOVIX CORP,1WK
2026-06-22 00:00:00,Short,P,69.16,-7.30%,86.97,utb,参数一,"{""utb"": {""key_value"": 2, ""atr_period"": 14, ""use_ha"": false}, ""r&s"": {""srb_left"": 10, ""srb_right"": 10}, ""atr"": {""atr_length"": 14, ""atr_mult"": 1.0}}",EVERPURE INC-A,1WK
2026-06-22 00:00:00,Long,LNN,124.85,4.83%,107.44,utb,参数一,"{""utb"": {""key_value"": 2, ""atr_period"": 14, ""use_ha"": false}, ""r&s"": {""srb_left"": 10, ""srb_right"": 10}, ""atr"": {""atr_length"": 14, ""atr_mult"": 1.0}}",LINDSAY CORP,1WK
2026-06-22 00:00:00,Long,LNN,124.85,4.83%,107.44,mfa,参数一,"{""utb"": {""key_value"": 2, ""atr_period"": 14, ""use_ha"": false}, ""mfa"": {""mfa_all"": 15}}",LINDSAY CORP,1WK
2026-06-22 00:00:00,Short,PDYN,5.82,-16.86%,8.78,utb,参数一,"{""utb"": {""key_value"": 2, ""atr_period"": 14, ""use_ha"": false}, ""r&s"": {""srb_left"": 10, ""srb_right"": 10}, ""atr"": {""atr_length"": 14, ""atr_mult"": 1.0}}",PALLADYNE AI CORP,1WK
2026-06-22 00:00:00,Long,SGI,77.94,3.78%,65.1,utb,参数一,"{""utb"": {""key_value"": 2, ""atr_period"": 14, ""use_ha"": false}, ""r&s"": {""srb_left"": 10, ""srb_right"": 10}, ""atr"": {""atr_length"": 14, ""atr_mult"": 1.0}}",SOMNIGROUP INTERNATIONAL INC,1WK
2026-06-22 00:00:00,Long,SGI,77.94,3.78%,65.1,mfa,参数一,"{""utb"": {""key_value"": 2, ""atr_period"": 14, ""use_ha"": false}, ""mfa"": {""mfa_all"": 22}}",SOMNIGROUP INTERNATIONAL INC,1WK
2026-06-22 00:00:00,Long,PYPL,44.29,4.19%,38.24,suf,参数一,"{""suf"": {""timeframe"": ""w"", ""rsi_length"": 14, ""weekly_rsi_threshold"": 35, ""monthly_rsi_threshold"": 45}}",PAYPAL HOLDINGS INC,1WK
2026-06-22 00:00:00,Long,PYPL,44.29,4.19%,38.24,suf,参数二,"{""suf"": {""timeframe"": ""w"", ""rsi_length"": 14, ""weekly_rsi_threshold"": 35, ""monthly_rsi_threshold"": 45}}",PAYPAL HOLDINGS INC,1WK
2026-06-22 00:00:00,Long,PRK,184.11,4.24%,167.01,utb,参数二,"{""utb"": {""key_value"": 3, ""atr_period"": 14, ""use_ha"": false}, ""r&s"": {""srb_left"": 15, ""srb_right"": 15}, ""atr"": {""atr_length"": 14, ""atr_mult"": 1.0}}",PARK NATIONAL CORP,1WK
2026-06-22 00:00:00,Short,PCT,7.79,-10.46%,10.87,utb,参数二,"{""utb"": {""key_value"": 3, ""atr_period"": 14, ""use_ha"": false}, ""r&s"": {""srb_left"": 15, ""srb_right"": 15}, ""atr"": {""atr_length"": 14, ""atr_mult"": 1.0}}",PURECYCLE TECHNOLOGIES INC,1WK
2026-06-22 00:00:00,Long,HHH,72.37,8.24%,62.11,utb,参数一,"{""utb"": {""key_value"": 2, ""atr_period"": 14, ""use_ha"": false}, ""r&s"": {""srb_left"": 10, ""srb_right"": 10}, ""atr"": {""atr_length"": 14, ""atr_mult"": 1.0}}",HOWARD HUGHES HOLDINGS INC,1WK
2026-06-22 00:00:00,Long,HHH,72.37,8.24%,62.11,mfa,参数一,"{""utb"": {""key_value"": 2, ""atr_period"": 14, ""use_ha"": false}, ""mfa"": {""mfa_all"": 19}}",HOWARD HUGHES HOLDINGS INC,1WK
2026-06-22 00:00:00,Long,GLUE,22.29,21.74%,15.13,utb,参数一,"{""utb"": {""key_value"": 2, ""atr_period"": 14, ""use_ha"": false}, ""r&s"": {""srb_left"": 10, ""srb_right"": 10}, ""atr"": {""atr_length"": 14, ""atr_mult"": 1.0}}",MONTE ROSA THERAPEUTICS INC,1WK
2026-06-22 00:00:00,Long,ITIC,274.24,6.33%,231.7,utb,参数二,"{""utb"": {""key_value"": 3, ""atr_period"": 14, ""use_ha"": false}, ""r&s"": {""srb_left"": 15, ""srb_right"": 15}, ""atr"": {""atr_length"": 14, ""atr_mult"": 1.0}}",INVESTORS TITLE CO,1WK
2026-06-22 00:00:00,Long,BUSE,29.8,5.56%,26.8,utb,参数二,"{""utb"": {""key_value"": 3, ""atr_period"": 14, ""use_ha"": false}, ""r&s"": {""srb_left"": 15, ""srb_right"": 15}, ""atr"": {""atr_length"": 14, ""atr_mult"": 1.0}}",FIRST BUSEY CORP,1WK
2026-06-22 00:00:00,Short,SPIR,16.29,-14.13%,22.27,utb,参数一,"{""utb"": {""key_value"": 2, ""atr_period"": 14, ""use_ha"": false}, ""r&s"": {""srb_left"": 10, ""srb_right"": 10}, ""atr"": {""atr_length"": 14, ""atr_mult"": 1.0}}",SPIRE GLOBAL INC,1WK
2026-06-22 00:00:00,Long,SDGR,16.86,6.98%,13.16,utb,参数二,"{""utb"": {""key_value"": 3, ""atr_period"": 14, ""use_ha"": false}, ""r&s"": {""srb_left"": 15, ""srb_right"": 15}, ""atr"": {""atr_length"": 14, ""atr_mult"": 1.0}}",SCHRODINGER INC,1WK
2026-06-22 00:00:00,Long,SDGR,16.86,6.98%,13.16,mfa,参数二,"{""utb"": {""key_value"": 3, ""atr_period"": 14, ""use_ha"": false}, ""mfa"": {""mfa_all"": 24}}",SCHRODINGER INC,1WK
2026-06-22 00:00:00,Short,ARES,109.13,-14.78%,143.72,utb,参数一,"{""utb"": {""key_value"": 2, ""atr_period"": 14, ""use_ha"": false}, ""r&s"": {""srb_left"": 10, ""srb_right"": 10}, ""atr"": {""atr_length"": 14, ""atr_mult"": 1.0}}",ARES MANAGEMENT CORP - A,1WK
2026-06-22 00:00:00,Long,MBX,52.31,21.57%,35.55,utb,参数二,"{""utb"": {""key_value"": 3, ""atr_period"": 14, ""use_ha"": false}, ""r&s"": {""srb_left"": 15, ""srb_right"": 15}, ""atr"": {""atr_length"": 14, ""atr_mult"": 1.0}}",MBX BIOSCIENCES INC,1WK
2026-06-22 00:00:00,Long,MBX,52.31,21.57%,35.55,mfa,参数二,"{""utb"": {""key_value"": 3, ""atr_period"": 14, ""use_ha"": false}, ""mfa"": {""mfa_all"": 16}}",MBX BIOSCIENCES INC,1WK
2026-06-22 00:00:00,Long,FWRD,14.87,9.18%,10.27,utb,参数一,"{""utb"": {""key_value"": 2, ""atr_period"": 14, ""use_ha"": false}, ""r&s"": {""srb_left"": 10, ""srb_right"": 10}, ""atr"": {""atr_length"": 14, ""atr_mult"": 1.0}}",FORWARD AIR CORP,1WK
2026-06-22 00:00:00,Long,FWRD,14.87,9.18%,10.27,mfa,参数一,"{""utb"": {""key_value"": 2, ""atr_period"": 14, ""use_ha"": false}, ""mfa"": {""mfa_all"": 17}}",FORWARD AIR CORP,1WK
2026-06-22 00:00:00,Long,UFPT,259.8,8.58%,207.54,utb,参数二,"{""utb"": {""key_value"": 3, ""atr_period"": 14, ""use_ha"": false}, ""r&s"": {""srb_left"": 15, ""srb_right"": 15}, ""atr"": {""atr_length"": 14, ""atr_mult"": 1.0}}",UFP TECHNOLOGIES INC,1WK
2026-06-22 00:00:00,Long,UFPT,259.8,8.58%,207.54,mfa,参数二,"{""utb"": {""key_value"": 3, ""atr_period"": 14, ""use_ha"": false}, ""mfa"": {""mfa_all"": 17}}",UFP TECHNOLOGIES INC,1WK
2026-06-22 00:00:00,Long,DE,613.24,4.07%,543.84,utb,参数一,"{""utb"": {""key_value"": 2, ""atr_period"": 14, ""use_ha"": false}, ""r&s"": {""srb_left"": 10, ""srb_right"": 10}, ""atr"": {""atr_length"": 14, ""atr_mult"": 1.0}}",DEERE & CO,1WK
2026-06-22 00:00:00,Long,CHE,463.28,6.19%,399.31,utb,参数二,"{""utb"": {""key_value"": 3, ""atr_period"": 14, ""use_ha"": false}, ""r&s"": {""srb_left"": 15, ""srb_right"": 15}, ""atr"": {""atr_length"": 14, ""atr_mult"": 1.0}}",CHEMED CORP,1WK
2026-06-22 00:00:00,Short,FRHC,128.82,-10.35%,158.12,utb,参数二,"{""utb"": {""key_value"": 3, ""atr_period"": 14, ""use_ha"": false}, ""r&s"": {""srb_left"": 15, ""srb_right"": 15}, ""atr"": {""atr_length"": 14, ""atr_mult"": 1.0}}",FREEDOM HOLDING CORP/NV,1WK
2026-06-22 00:00:00,Long,TECH,71.0,22.54%,49.36,utb,参数二,"{""utb"": {""key_value"": 3, ""atr_period"": 14, ""use_ha"": false}, ""r&s"": {""srb_left"": 15, ""srb_right"": 15}, ""atr"": {""atr_length"": 14, ""atr_mult"": 1.0}}",BIO-TECHNE CORP,1WK
2026-06-22 00:00:00,Long,TECH,71.0,22.54%,49.36,mfa,参数二,"{""utb"": {""key_value"": 3, ""atr_period"": 14, ""use_ha"": false}, ""mfa"": {""mfa_all"": 18}}",BIO-TECHNE CORP,1WK
2026-06-22 00:00:00,Long,CNVS,3.15,6.06%,2.23,utb,参数一,"{""utb"": {""key_value"": 2, ""atr_period"": 14, ""use_ha"": false}, ""r&s"": {""srb_left"": 10, ""srb_right"": 10}, ""atr"": {""atr_length"": 14, ""atr_mult"": 1.0}}",CINEVERSE CORP,1WK
2026-06-22 00:00:00,Long,IQV,191.14,13.93%,145.83,utb,参数一,"{""utb"": {""key_value"": 2, ""atr_period"": 14, ""use_ha"": false}, ""r&s"": {""srb_left"": 10, ""srb_right"": 10}, ""atr"": {""atr_length"": 14, ""atr_mult"": 1.0}}",IQVIA HOLDINGS INC,1WK
2026-06-22 00:00:00,Long,IQV,191.14,13.93%,145.83,mfa,参数一,"{""utb"": {""key_value"": 2, ""atr_period"": 14, ""use_ha"": false}, ""mfa"": {""mfa_all"": 21}}",IQVIA HOLDINGS INC,1WK
2026-06-22 00:00:00,Long,AX,96.23,9.27%,82.29,utb,参数一,"{""utb"": {""key_value"": 2, ""atr_period"": 14, ""use_ha"": false}, ""r&s"": {""srb_left"": 10, ""srb_right"": 10}, ""atr"": {""atr_length"": 14, ""atr_mult"": 1.0}}",AXOS FINANCIAL INC,1WK
2026-06-22 00:00:00,Long,CMS,78.81,7.40%,70.04,utb,参数一,"{""utb"": {""key_value"": 2, ""atr_period"": 14, ""use_ha"": false}, ""r&s"": {""srb_left"": 10, ""srb_right"": 10}, ""atr"": {""atr_length"": 14, ""atr_mult"": 1.0}}",CMS ENERGY CORP,1WK
2026-06-22 00:00:00,Short,TOYO,7.26,-40.15%,15.75,utb,参数一,"{""utb"": {""key_value"": 2, ""atr_period"": 14, ""use_ha"": false}, ""r&s"": {""srb_left"": 10, ""srb_right"": 10}, ""atr"": {""atr_length"": 14, ""atr_mult"": 1.0}}",TOYO CO LTD,1WK
2026-06-22 00:00:00,Short,TOYO,7.26,-40.15%,15.75,utb,参数二,"{""utb"": {""key_value"": 3, ""atr_period"": 14, ""use_ha"": false}, ""r&s"": {""srb_left"": 15, ""srb_right"": 15}, ""atr"": {""atr_length"": 14, ""atr_mult"": 1.0}}",TOYO CO LTD,1WK
2026-06-22 00:00:00,Long,RCL,318.13,1.80%,248.22,utb,参数一,"{""utb"": {""key_value"": 2, ""atr_period"": 14, ""use_ha"": false}, ""r&s"": {""srb_left"": 10, ""srb_right"": 10}, ""atr"": {""atr_length"": 14, ""atr_mult"": 1.0}}",ROYAL CARIBBEAN CRUISES LTD,1WK
2026-06-22 00:00:00,Short,SWKS,68.0,-6.14%,86.29,utb,参数一,"{""utb"": {""key_value"": 2, ""atr_period"": 14, ""use_ha"": false}, ""r&s"": {""srb_left"": 10, ""srb_right"": 10}, ""atr"": {""atr_length"": 14, ""atr_mult"": 1.0}}",SKYWORKS SOLUTIONS INC,1WK
2026-06-22 00:00:00,Long,CCBG,49.98,5.27%,43.99,utb,参数二,"{""utb"": {""key_value"": 3, ""atr_period"": 14, ""use_ha"": false}, ""r&s"": {""srb_left"": 15, ""srb_right"": 15}, ""atr"": {""atr_length"": 14, ""atr_mult"": 1.0}}",CAPITAL CITY BANK GROUP INC,1WK
2026-06-22 00:00:00,Long,BALL,61.79,7.05%,53.47,utb,参数一,"{""utb"": {""key_value"": 2, ""atr_period"": 14, ""use_ha"": false}, ""r&s"": {""srb_left"": 10, ""srb_right"": 10}, ""atr"": {""atr_length"": 14, ""atr_mult"": 1.0}}",BALL CORP,1WK
2026-06-22 00:00:00,Long,BANC,20.81,4.20%,19.0,utb,参数二,"{""utb"": {""key_value"": 3, ""atr_period"": 14, ""use_ha"": false}, ""r&s"": {""srb_left"": 15, ""srb_right"": 15}, ""atr"": {""atr_length"": 14, ""atr_mult"": 1.0}}",BANC OF CALIFORNIA INC,1WK
2026-06-22 00:00:00,Long,ELF,67.43,5.03%,53.03,utb,参数一,"{""utb"": {""key_value"": 2, ""atr_period"": 14, ""use_ha"": false}, ""r&s"": {""srb_left"": 10, ""srb_right"": 10}, ""atr"": {""atr_length"": 14, ""atr_mult"": 1.0}}",ELF BEAUTY INC,1WK
2026-06-22 00:00:00,Long,ELF,67.43,5.03%,53.03,mfa,参数一,"{""utb"": {""key_value"": 2, ""atr_period"": 14, ""use_ha"": false}, ""mfa"": {""mfa_all"": 20}}",ELF BEAUTY INC,1WK
2026-06-22 00:00:00,Short,LAR,7.79,-14.58%,10.76,utb,参数二,"{""utb"": {""key_value"": 3, ""atr_period"": 14, ""use_ha"": false}, ""r&s"": {""srb_left"": 15, ""srb_right"": 15}, ""atr"": {""atr_length"": 14, ""atr_mult"": 1.0}}",LITHIUM ARGENTINA AG,1WK
2026-06-22 00:00:00,Long,ZBH,93.1,6.11%,81.84,utb,参数一,"{""utb"": {""key_value"": 2, ""atr_period"": 14, ""use_ha"": false}, ""r&s"": {""srb_left"": 10, ""srb_right"": 10}, ""atr"": {""atr_length"": 14, ""atr_mult"": 1.0}}",ZIMMER BIOMET HOLDINGS INC,1WK
2026-06-22 00:00:00,Long,EVRG,87.21,5.71%,79.19,utb,参数二,"{""utb"": {""key_value"": 3, ""atr_period"": 14, ""use_ha"": false}, ""r&s"": {""srb_left"": 15, ""srb_right"": 15}, ""atr"": {""atr_length"": 14, ""atr_mult"": 1.0}}",EVERGY INC,1WK
2026-06-22 00:00:00,Long,SMRT,1.22,7.96%,0.9,suf,参数一,"{""suf"": {""timeframe"": ""w"", ""rsi_length"": 14, ""weekly_rsi_threshold"": 35, ""monthly_rsi_threshold"": 45}}",SMARTRENT INC,1WK
2026-06-22 00:00:00,Long,SMRT,1.22,7.96%,0.9,suf,参数二,"{""suf"": {""timeframe"": ""w"", ""rsi_length"": 14, ""weekly_rsi_threshold"": 35, ""monthly_rsi_threshold"": 45}}",SMARTRENT INC,1WK
2026-06-22 00:00:00,Long,RMD,200.29,6.18%,173.56,suf,参数一,"{""suf"": {""timeframe"": ""w"", ""rsi_length"": 14, ""weekly_rsi_threshold"": 35, ""monthly_rsi_threshold"": 45}}",RESMED INC,1WK
2026-06-22 00:00:00,Long,RMD,200.29,6.18%,173.56,suf,参数二,"{""suf"": {""timeframe"": ""w"", ""rsi_length"": 14, ""weekly_rsi_threshold"": 35, ""monthly_rsi_threshold"": 45}}",RESMED INC,1WK
2026-06-22 00:00:00,Long,LYV,179.46,4.80%,155.31,utb,参数二,"{""utb"": {""key_value"": 3, ""atr_period"": 14, ""use_ha"": false}, ""r&s"": {""srb_left"": 15, ""srb_right"": 15}, ""atr"": {""atr_length"": 14, ""atr_mult"": 1.0}}",LIVE NATION ENTERTAINMENT IN,1WK
2026-06-22 00:00:00,Long,NTSK,10.29,13.70%,6.83,suf,参数一,"{""suf"": {""timeframe"": ""w"", ""rsi_length"": 14, ""weekly_rsi_threshold"": 35, ""monthly_rsi_threshold"": 45}}",NETSKOPE INC-CL A,1WK
2026-06-22 00:00:00,Long,NTSK,10.29,13.70%,6.83,suf,参数二,"{""suf"": {""timeframe"": ""w"", ""rsi_length"": 14, ""weekly_rsi_threshold"": 35, ""monthly_rsi_threshold"": 45}}",NETSKOPE INC-CL A,1WK
2026-06-22 00:00:00,Long,LEG,11.67,6.69%,9.54,utb,参数一,"{""utb"": {""key_value"": 2, ""atr_period"": 14, ""use_ha"": false}, ""r&s"": {""srb_left"": 10, ""srb_right"": 10}, ""atr"": {""atr_length"": 14, ""atr_mult"": 1.0}}",LEGGETT & PLATT INC,1WK
2026-06-22 00:00:00,Long,LEG,11.67,6.69%,9.54,mfa,参数一,"{""utb"": {""key_value"": 2, ""atr_period"": 14, ""use_ha"": false}, ""mfa"": {""mfa_all"": 17}}",LEGGETT & PLATT INC,1WK
2026-06-22 00:00:00,Long,BAX,22.04,10.81%,17.62,utb,参数二,"{""utb"": {""key_value"": 3, ""atr_period"": 14, ""use_ha"": false}, ""r&s"": {""srb_left"": 15, ""srb_right"": 15}, ""atr"": {""atr_length"": 14, ""atr_mult"": 1.0}}",BAXTER INTERNATIONAL INC,1WK
2026-06-22 00:00:00,Long,CCS,71.84,13.58%,56.35,utb,参数二,"{""utb"": {""key_value"": 3, ""atr_period"": 14, ""use_ha"": false}, ""r&s"": {""srb_left"": 15, ""srb_right"": 15}, ""atr"": {""atr_length"": 14, ""atr_mult"": 1.0}}",CENTURY COMMUNITIES INC,1WK
2026-06-22 00:00:00,Long,CCS,71.84,13.58%,56.35,mfa,参数二,"{""utb"": {""key_value"": 3, ""atr_period"": 14, ""use_ha"": false}, ""mfa"": {""mfa_all"": 16}}",CENTURY COMMUNITIES INC,1WK
2026-06-22 00:00:00,Long,WBD,26.74,2.06%,25.3,suf,参数一,"{""suf"": {""timeframe"": ""w"", ""rsi_length"": 14, ""weekly_rsi_threshold"": 35, ""monthly_rsi_threshold"": 45}}",WARNER BROS DISCOVERY INC,1WK
2026-06-22 00:00:00,Long,WBD,26.74,2.06%,25.3,suf,参数二,"{""suf"": {""timeframe"": ""w"", ""rsi_length"": 14, ""weekly_rsi_threshold"": 35, ""monthly_rsi_threshold"": 45}}",WARNER BROS DISCOVERY INC,1WK
2026-06-22 00:00:00,Short,CALX,35.57,-6.27%,42.7,utb,参数二,"{""utb"": {""key_value"": 3, ""atr_period"": 14, ""use_ha"": false}, ""r&s"": {""srb_left"": 15, ""srb_right"": 15}, ""atr"": {""atr_length"": 14, ""atr_mult"": 1.0}}",CALIX INC,1WK
2026-06-22 00:00:00,Long,EHGO,3.87,115.00%,1.27,utb,参数一,"{""utb"": {""key_value"": 2, ""atr_period"": 14, ""use_ha"": false}, ""r&s"": {""srb_left"": 10, ""srb_right"": 10}, ""atr"": {""atr_length"": 14, ""atr_mult"": 1.0}}",ESHALLGO INC,1WK
2026-06-22 00:00:00,Long,EHGO,3.87,115.00%,1.27,utb,参数二,"{""utb"": {""key_value"": 3, ""atr_period"": 14, ""use_ha"": false}, ""r&s"": {""srb_left"": 15, ""srb_right"": 15}, ""atr"": {""atr_length"": 14, ""atr_mult"": 1.0}}",ESHALLGO INC,1WK
2026-06-22 00:00:00,Long,LUV,51.91,8.21%,42.91,utb,参数二,"{""utb"": {""key_value"": 3, ""atr_period"": 14, ""use_ha"": false}, ""r&s"": {""srb_left"": 15, ""srb_right"": 15}, ""atr"": {""atr_length"": 14, ""atr_mult"": 1.0}}",SOUTHWEST AIRLINES CO,1WK
2026-06-22 00:00:00,Short,RGTI,18.36,-14.04%,26.85,utb,参数一,"{""utb"": {""key_value"": 2, ""atr_period"": 14, ""use_ha"": false}, ""r&s"": {""srb_left"": 10, ""srb_right"": 10}, ""atr"": {""atr_length"": 14, ""atr_mult"": 1.0}}",RIGETTI COMPUTING INC,1WK
2026-06-22 00:00:00,Long,PHVS,34.01,3.69%,29.05,utb,参数二,"{""utb"": {""key_value"": 3, ""atr_period"": 14, ""use_ha"": false}, ""r&s"": {""srb_left"": 15, ""srb_right"": 15}, ""atr"": {""atr_length"": 14, ""atr_mult"": 1.0}}",PHARVARIS NV,1WK
2026-06-22 00:00:00,Long,WLTH,8.79,4.15%,6.44,suf,参数一,"{""suf"": {""timeframe"": ""w"", ""rsi_length"": 14, ""weekly_rsi_threshold"": 35, ""monthly_rsi_threshold"": 45}}",WEALTHFRONT CORP,1WK
2026-06-22 00:00:00,Long,WLTH,8.79,4.15%,6.44,suf,参数二,"{""suf"": {""timeframe"": ""w"", ""rsi_length"": 14, ""weekly_rsi_threshold"": 35, ""monthly_rsi_threshold"": 45}}",WEALTHFRONT CORP,1WK
2026-06-22 00:00:00,Long,AUPH,17.23,4.68%,15.56,utb,参数二,"{""utb"": {""key_value"": 3, ""atr_period"": 14, ""use_ha"": false}, ""r&s"": {""srb_left"": 15, ""srb_right"": 15}, ""atr"": {""atr_length"": 14, ""atr_mult"": 1.0}}",AURINIA PHARMACEUTICALS INC,1WK
2026-06-22 00:00:00,Long,ROP,338.31,2.44%,297.9,suf,参数一,"{""suf"": {""timeframe"": ""w"", ""rsi_length"": 14, ""weekly_rsi_threshold"": 35, ""monthly_rsi_threshold"": 45}}",ROPER TECHNOLOGIES INC,1WK
2026-06-22 00:00:00,Long,ROP,338.31,2.44%,297.9,suf,参数二,"{""suf"": {""timeframe"": ""w"", ""rsi_length"": 14, ""weekly_rsi_threshold"": 35, ""monthly_rsi_threshold"": 45}}",ROPER TECHNOLOGIES INC,1WK
2026-06-22 00:00:00,Long,HRMY,35.47,6.58%,30.33,utb,参数二,"{""utb"": {""key_value"": 3, ""atr_period"": 14, ""use_ha"": false}, ""r&s"": {""srb_left"": 15, ""srb_right"": 15}, ""atr"": {""atr_length"": 14, ""atr_mult"": 1.0}}",HARMONY BIOSCIENCES HOLDINGS,1WK
2026-06-22 00:00:00,Long,SW,46.98,6.29%,40.28,utb,参数二,"{""utb"": {""key_value"": 3, ""atr_period"": 14, ""use_ha"": false}, ""r&s"": {""srb_left"": 15, ""srb_right"": 15}, ""atr"": {""atr_length"": 14, ""atr_mult"": 1.0}}",SMURFIT WESTROCK PLC,1WK
2026-06-22 00:00:00,Long,BFST,30.81,7.09%,27.25,utb,参数二,"{""utb"": {""key_value"": 3, ""atr_period"": 14, ""use_ha"": false}, ""r&s"": {""srb_left"": 15, ""srb_right"": 15}, ""atr"": {""atr_length"": 14, ""atr_mult"": 1.0}}",BUSINESS FIRST BANCSHARES,1WK
2026-06-22 00:00:00,Long,TRV,327.37,6.35%,294.99,utb,参数二,"{""utb"": {""key_value"": 3, ""atr_period"": 14, ""use_ha"": false}, ""r&s"": {""srb_left"": 15, ""srb_right"": 15}, ""atr"": {""atr_length"": 14, ""atr_mult"": 1.0}}",TRAVELERS COS INC/THE,1WK
2026-06-22 00:00:00,Long,V,336.23,2.75%,311.4,utb,参数一,"{""utb"": {""key_value"": 2, ""atr_period"": 14, ""use_ha"": false}, ""r&s"": {""srb_left"": 10, ""srb_right"": 10}, ""atr"": {""atr_length"": 14, ""atr_mult"": 1.0}}",VISA INC-CLASS A SHARES,1WK
2026-06-22 00:00:00,Long,ALK,53.86,9.34%,41.93,utb,参数二,"{""utb"": {""key_value"": 3, ""atr_period"": 14, ""use_ha"": false}, ""r&s"": {""srb_left"": 15, ""srb_right"": 15}, ""atr"": {""atr_length"": 14, ""atr_mult"": 1.0}}",ALASKA AIR GROUP INC,1WK
2026-06-22 00:00:00,Long,ALK,53.86,9.34%,41.93,mfa,参数二,"{""utb"": {""key_value"": 3, ""atr_period"": 14, ""use_ha"": false}, ""mfa"": {""mfa_all"": 25}}",ALASKA AIR GROUP INC,1WK
2026-06-22 00:00:00,Long,BCC,81.02,8.52%,65.42,utb,参数一,"{""utb"": {""key_value"": 2, ""atr_period"": 14, ""use_ha"": false}, ""r&s"": {""srb_left"": 10, ""srb_right"": 10}, ""atr"": {""atr_length"": 14, ""atr_mult"": 1.0}}",BOISE CASCADE CO,1WK
2026-06-22 00:00:00,Long,BCC,81.02,8.52%,65.42,mfa,参数一,"{""utb"": {""key_value"": 2, ""atr_period"": 14, ""use_ha"": false}, ""mfa"": {""mfa_all"": 16}}",BOISE CASCADE CO,1WK
2026-06-22 00:00:00,Long,ASTE,61.07,8.82%,49.92,utb,参数一,"{""utb"": {""key_value"": 2, ""atr_period"": 14, ""use_ha"": false}, ""r&s"": {""srb_left"": 10, ""srb_right"": 10}, ""atr"": {""atr_length"": 14, ""atr_mult"": 1.0}}",ASTEC INDUSTRIES INC,1WK
2026-06-22 00:00:00,Long,AUB,41.86,6.89%,36.96,utb,参数二,"{""utb"": {""key_value"": 3, ""atr_period"": 14, ""use_ha"": false}, ""r&s"": {""srb_left"": 15, ""srb_right"": 15}, ""atr"": {""atr_length"": 14, ""atr_mult"": 1.0}}",ATLANTIC UNION BANKSHARES CO,1WK
2026-06-22 00:00:00,Long,HNI,39.61,13.63%,30.65,utb,参数一,"{""utb"": {""key_value"": 2, ""atr_period"": 14, ""use_ha"": false}, ""r&s"": {""srb_left"": 10, ""srb_right"": 10}, ""atr"": {""atr_length"": 14, ""atr_mult"": 1.0}}",HNI CORP,1WK
2026-06-22 00:00:00,Long,HNI,39.61,13.63%,30.65,mfa,参数一,"{""utb"": {""key_value"": 2, ""atr_period"": 14, ""use_ha"": false}, ""mfa"": {""mfa_all"": 16}}",HNI CORP,1WK
2026-06-22 00:00:00,Short,ASST,11.34,-23.64%,19.65,utb,参数一,"{""utb"": {""key_value"": 2, ""atr_period"": 14, ""use_ha"": false}, ""r&s"": {""srb_left"": 10, ""srb_right"": 10}, ""atr"": {""atr_length"": 14, ""atr_mult"": 1.0}}",STRIVE INC-A,1WK
2026-06-22 00:00:00,Long,FCCO,33.13,4.97%,29.84,utb,参数二,"{""utb"": {""key_value"": 3, ""atr_period"": 14, ""use_ha"": false}, ""r&s"": {""srb_left"": 15, ""srb_right"": 15}, ""atr"": {""atr_length"": 14, ""atr_mult"": 1.0}}",FIRST COMMUNITY CORP,1WK
2026-06-22 00:00:00,Long,CVCO,618.3,2.79%,520.74,utb,参数二,"{""utb"": {""key_value"": 3, ""atr_period"": 14, ""use_ha"": false}, ""r&s"": {""srb_left"": 15, ""srb_right"": 15}, ""atr"": {""atr_length"": 14, ""atr_mult"": 1.0}}",CAVCO INDUSTRIES INC,1WK
2026-06-22 00:00:00,Long,WLFC,223.88,8.45%,173.85,utb,参数一,"{""utb"": {""key_value"": 2, ""atr_period"": 14, ""use_ha"": false}, ""r&s"": {""srb_left"": 10, ""srb_right"": 10}, ""atr"": {""atr_length"": 14, ""atr_mult"": 1.0}}",WILLIS LEASE FINANCE CORP,1WK
2026-06-22 00:00:00,Long,HAPN,20.1,4.63%,16.58,utb,参数二,"{""utb"": {""key_value"": 3, ""atr_period"": 14, ""use_ha"": false}, ""r&s"": {""srb_left"": 15, ""srb_right"": 15}, ""atr"": {""atr_length"": 14, ""atr_mult"": 1.0}}",HAPPEN INC,1WK
2026-06-22 00:00:00,Long,JBSS,87.07,11.57%,73.26,utb,参数一,"{""utb"": {""key_value"": 2, ""atr_period"": 14, ""use_ha"": false}, ""r&s"": {""srb_left"": 10, ""srb_right"": 10}, ""atr"": {""atr_length"": 14, ""atr_mult"": 1.0}}",JOHN B. SANFILIPPO & SON INC,1WK
2026-06-22 00:00:00,Long,JBSS,87.07,11.57%,73.26,utb,参数二,"{""utb"": {""key_value"": 3, ""atr_period"": 14, ""use_ha"": false}, ""r&s"": {""srb_left"": 15, ""srb_right"": 15}, ""atr"": {""atr_length"": 14, ""atr_mult"": 1.0}}",JOHN B. SANFILIPPO & SON INC,1WK
2026-06-22 00:00:00,Long,RVTY,113.02,13.02%,88.51,utb,参数二,"{""utb"": {""key_value"": 3, ""atr_period"": 14, ""use_ha"": false}, ""r&s"": {""srb_left"": 15, ""srb_right"": 15}, ""atr"": {""atr_length"": 14, ""atr_mult"": 1.0}}",REVVITY INC,1WK
2026-06-22 00:00:00,Long,RVTY,113.02,13.02%,88.51,mfa,参数二,"{""utb"": {""key_value"": 3, ""atr_period"": 14, ""use_ha"": false}, ""mfa"": {""mfa_all"": 20}}",REVVITY INC,1WK
2026-06-22 00:00:00,Short,HYLN,4.42,-45.43%,9.3,utb,参数一,"{""utb"": {""key_value"": 2, ""atr_period"": 14, ""use_ha"": false}, ""r&s"": {""srb_left"": 10, ""srb_right"": 10}, ""atr"": {""atr_length"": 14, ""atr_mult"": 1.0}}",HYLIION HOLDINGS CORP,1WK
2026-06-22 00:00:00,Short,HYLN,4.42,-45.43%,9.3,utb,参数二,"{""utb"": {""key_value"": 3, ""atr_period"": 14, ""use_ha"": false}, ""r&s"": {""srb_left"": 15, ""srb_right"": 15}, ""atr"": {""atr_length"": 14, ""atr_mult"": 1.0}}",HYLIION HOLDINGS CORP,1WK
2026-06-22 00:00:00,Short,ORA,116.12,-9.05%,140.75,utb,参数一,"{""utb"": {""key_value"": 2, ""atr_period"": 14, ""use_ha"": false}, ""r&s"": {""srb_left"": 10, ""srb_right"": 10}, ""atr"": {""atr_length"": 14, ""atr_mult"": 1.0}}",ORMAT TECHNOLOGIES INC,1WK
2026-06-22 00:00:00,Long,ESNT,64.01,9.51%,55.5,utb,参数一,"{""utb"": {""key_value"": 2, ""atr_period"": 14, ""use_ha"": false}, ""r&s"": {""srb_left"": 10, ""srb_right"": 10}, ""atr"": {""atr_length"": 14, ""atr_mult"": 1.0}}",ESSENT GROUP LTD,1WK
2026-06-22 00:00:00,Long,IONS,81.18,9.53%,69.03,utb,参数一,"{""utb"": {""key_value"": 2, ""atr_period"": 14, ""use_ha"": false}, ""r&s"": {""srb_left"": 10, ""srb_right"": 10}, ""atr"": {""atr_length"": 14, ""atr_mult"": 1.0}}",IONIS PHARMACEUTICALS INC,1WK
2026-06-22 00:00:00,Long,MYGN,5.88,29.52%,3.62,utb,参数一,"{""utb"": {""key_value"": 2, ""atr_period"": 14, ""use_ha"": false}, ""r&s"": {""srb_left"": 10, ""srb_right"": 10}, ""atr"": {""atr_length"": 14, ""atr_mult"": 1.0}}",MYRIAD GENETICS INC,1WK
2026-06-22 00:00:00,Long,MYGN,5.88,29.52%,3.62,utb,参数二,"{""utb"": {""key_value"": 3, ""atr_period"": 14, ""use_ha"": false}, ""r&s"": {""srb_left"": 15, ""srb_right"": 15}, ""atr"": {""atr_length"": 14, ""atr_mult"": 1.0}}",MYRIAD GENETICS INC,1WK
2026-06-22 00:00:00,Short,VRSN,255.62,-3.41%,281.15,utb,参数二,"{""utb"": {""key_value"": 3, ""atr_period"": 14, ""use_ha"": false}, ""r&s"": {""srb_left"": 15, ""srb_right"": 15}, ""atr"": {""atr_length"": 14, ""atr_mult"": 1.0}}",VERISIGN INC,1WK
2026-06-22 00:00:00,Short,FANG,179.91,-1.96%,203.13,utb,参数一,"{""utb"": {""key_value"": 2, ""atr_period"": 14, ""use_ha"": false}, ""r&s"": {""srb_left"": 10, ""srb_right"": 10}, ""atr"": {""atr_length"": 14, ""atr_mult"": 1.0}}",DIAMONDBACK ENERGY INC,1WK
2026-06-22 00:00:00,Long,CWT,49.08,8.58%,42.65,utb,参数一,"{""utb"": {""key_value"": 2, ""atr_period"": 14, ""use_ha"": false}, ""r&s"": {""srb_left"": 10, ""srb_right"": 10}, ""atr"": {""atr_length"": 14, ""atr_mult"": 1.0}}",CALIFORNIA WATER SERVICE GRP,1WK
2026-06-22 00:00:00,Long,FND,59.61,12.41%,43.65,utb,参数一,"{""utb"": {""key_value"": 2, ""atr_period"": 14, ""use_ha"": false}, ""r&s"": {""srb_left"": 10, ""srb_right"": 10}, ""atr"": {""atr_length"": 14, ""atr_mult"": 1.0}}",FLOOR & DECOR HOLDINGS INC-A,1WK
2026-06-22 00:00:00,Long,FND,59.61,12.41%,43.65,mfa,参数一,"{""utb"": {""key_value"": 2, ""atr_period"": 14, ""use_ha"": false}, ""mfa"": {""mfa_all"": 17}}",FLOOR & DECOR HOLDINGS INC-A,1WK
2026-06-22 00:00:00,Long,GLBE,36.41,10.87%,27.78,utb,参数一,"{""utb"": {""key_value"": 2, ""atr_period"": 14, ""use_ha"": false}, ""r&s"": {""srb_left"": 10, ""srb_right"": 10}, ""atr"": {""atr_length"": 14, ""atr_mult"": 1.0}}",GLOBAL-E ONLINE LTD,1WK
2026-06-22 00:00:00,Short,RIG,5.11,-3.77%,6.06,utb,参数二,"{""utb"": {""key_value"": 3, ""atr_period"": 14, ""use_ha"": false}, ""r&s"": {""srb_left"": 15, ""srb_right"": 15}, ""atr"": {""atr_length"": 14, ""atr_mult"": 1.0}}",TRANSOCEAN LTD,1WK
2026-06-22 00:00:00,Long,ULTA,488.45,7.09%,418.78,suf,参数一,"{""suf"": {""timeframe"": ""w"", ""rsi_length"": 14, ""weekly_rsi_threshold"": 35, ""monthly_rsi_threshold"": 45}}",ULTA BEAUTY INC,1WK
2026-06-22 00:00:00,Long,ULTA,488.45,7.09%,418.78,suf,参数二,"{""suf"": {""timeframe"": ""w"", ""rsi_length"": 14, ""weekly_rsi_threshold"": 35, ""monthly_rsi_threshold"": 45}}",ULTA BEAUTY INC,1WK
2026-06-22 00:00:00,Long,BSY,30.0,2.11%,25.22,suf,参数一,"{""suf"": {""timeframe"": ""w"", ""rsi_length"": 14, ""weekly_rsi_threshold"": 35, ""monthly_rsi_threshold"": 45}}",BENTLEY SYSTEMS INC-CLASS B,1WK
2026-06-22 00:00:00,Long,BSY,30.0,2.11%,25.22,suf,参数二,"{""suf"": {""timeframe"": ""w"", ""rsi_length"": 14, ""weekly_rsi_threshold"": 35, ""monthly_rsi_threshold"": 45}}",BENTLEY SYSTEMS INC-CLASS B,1WK
2026-06-22 00:00:00,Short,RILY,7.55,-16.11%,10.97,utb,参数一,"{""utb"": {""key_value"": 2, ""atr_period"": 14, ""use_ha"": false}, ""r&s"": {""srb_left"": 10, ""srb_right"": 10}, ""atr"": {""atr_length"": 14, ""atr_mult"": 1.0}}",BRC GROUP HOLDINGS INC,1WK
2026-06-22 00:00:00,Long,HCA,391.68,4.61%,340.55,suf,参数一,"{""suf"": {""timeframe"": ""w"", ""rsi_length"": 14, ""weekly_rsi_threshold"": 35, ""monthly_rsi_threshold"": 45}}",HCA HEALTHCARE INC,1WK
2026-06-22 00:00:00,Long,HCA,391.68,4.61%,340.55,suf,参数二,"{""suf"": {""timeframe"": ""w"", ""rsi_length"": 14, ""weekly_rsi_threshold"": 35, ""monthly_rsi_threshold"": 45}}",HCA HEALTHCARE INC,1WK
2026-06-22 00:00:00,Short,FSLR,239.07,-7.23%,295.4,utb,参数一,"{""utb"": {""key_value"": 2, ""atr_period"": 14, ""use_ha"": false}, ""r&s"": {""srb_left"": 10, ""srb_right"": 10}, ""atr"": {""atr_length"": 14, ""atr_mult"": 1.0}}",FIRST SOLAR INC,1WK
2026-06-22 00:00:00,Long,RCUS,31.0,27.52%,21.51,utb,参数一,"{""utb"": {""key_value"": 2, ""atr_period"": 14, ""use_ha"": false}, ""r&s"": {""srb_left"": 10, ""srb_right"": 10}, ""atr"": {""atr_length"": 14, ""atr_mult"": 1.0}}",ARCUS BIOSCIENCES INC,1WK
2026-06-22 00:00:00,Long,AMPH,21.78,15.79%,15.89,utb,参数一,"{""utb"": {""key_value"": 2, ""atr_period"": 14, ""use_ha"": false}, ""r&s"": {""srb_left"": 10, ""srb_right"": 10}, ""atr"": {""atr_length"": 14, ""atr_mult"": 1.0}}",AMPHASTAR PHARMACEUTICALS IN,1WK
2026-06-22 00:00:00,Long,AMPH,21.78,15.79%,15.89,mfa,参数一,"{""utb"": {""key_value"": 2, ""atr_period"": 14, ""use_ha"": false}, ""mfa"": {""mfa_all"": 18}}",AMPHASTAR PHARMACEUTICALS IN,1WK
2026-06-22 00:00:00,Long,TRI,83.87,6.73%,66.75,suf,参数一,"{""suf"": {""timeframe"": ""w"", ""rsi_length"": 14, ""weekly_rsi_threshold"": 35, ""monthly_rsi_threshold"": 45}}",THOMSON REUTERS CORP,1WK
2026-06-22 00:00:00,Long,TRI,83.87,6.73%,66.75,suf,参数二,"{""suf"": {""timeframe"": ""w"", ""rsi_length"": 14, ""weekly_rsi_threshold"": 35, ""monthly_rsi_threshold"": 45}}",THOMSON REUTERS CORP,1WK
2026-06-22 00:00:00,Short,SHLS,9.0,-13.63%,12.93,utb,参数一,"{""utb"": {""key_value"": 2, ""atr_period"": 14, ""use_ha"": false}, ""r&s"": {""srb_left"": 10, ""srb_right"": 10}, ""atr"": {""atr_length"": 14, ""atr_mult"": 1.0}}",SHOALS TECHNOLOGIES GROUP -A,1WK
2026-06-22 00:00:00,Long,ASND,260.75,12.96%,199.58,utb,参数一,"{""utb"": {""key_value"": 2, ""atr_period"": 14, ""use_ha"": false}, ""r&s"": {""srb_left"": 10, ""srb_right"": 10}, ""atr"": {""atr_length"": 14, ""atr_mult"": 1.0}}",ASCENDIS PHARMA A/S,1WK
2026-06-22 00:00:00,Long,DOCU,45.21,4.00%,36.9,suf,参数一,"{""suf"": {""timeframe"": ""w"", ""rsi_length"": 14, ""weekly_rsi_threshold"": 35, ""monthly_rsi_threshold"": 45}}",DOCUSIGN INC,1WK
2026-06-22 00:00:00,Long,DOCU,45.21,4.00%,36.9,suf,参数二,"{""suf"": {""timeframe"": ""w"", ""rsi_length"": 14, ""weekly_rsi_threshold"": 35, ""monthly_rsi_threshold"": 45}}",DOCUSIGN INC,1WK
2026-06-22 00:00:00,Long,ROIV,34.07,8.40%,28.42,utb,参数二,"{""utb"": {""key_value"": 3, ""atr_period"": 14, ""use_ha"": false}, ""r&s"": {""srb_left"": 15, ""srb_right"": 15}, ""atr"": {""atr_length"": 14, ""atr_mult"": 1.0}}",ROIVANT SCIENCES LTD,1WK
2026-06-22 00:00:00,Short,AMC,2.16,-23.67%,3.36,utb,参数一,"{""utb"": {""key_value"": 2, ""atr_period"": 14, ""use_ha"": false}, ""r&s"": {""srb_left"": 10, ""srb_right"": 10}, ""atr"": {""atr_length"": 14, ""atr_mult"": 1.0}}",AMC ENTERTAINMENT HLDS-CL A,1WK
2026-06-22 00:00:00,Short,STNG,72.58,-9.93%,89.2,utb,参数一,"{""utb"": {""key_value"": 2, ""atr_period"": 14, ""use_ha"": false}, ""r&s"": {""srb_left"": 10, ""srb_right"": 10}, ""atr"": {""atr_length"": 14, ""atr_mult"": 1.0}}",SCORPIO TANKERS INC,1WK
2026-06-22 00:00:00,Short,ADTN,13.52,-10.94%,17.88,utb,参数二,"{""utb"": {""key_value"": 3, ""atr_period"": 14, ""use_ha"": false}, ""r&s"": {""srb_left"": 15, ""srb_right"": 15}, ""atr"": {""atr_length"": 14, ""atr_mult"": 1.0}}",ADTRAN HOLDINGS INC,1WK
2026-06-22 00:00:00,Long,LOAR,79.14,10.42%,63.04,utb,参数二,"{""utb"": {""key_value"": 3, ""atr_period"": 14, ""use_ha"": false}, ""r&s"": {""srb_left"": 15, ""srb_right"": 15}, ""atr"": {""atr_length"": 14, ""atr_mult"": 1.0}}",LOAR HOLDINGS INC,1WK
2026-06-22 00:00:00,Long,LOAR,79.14,10.42%,63.04,mfa,参数二,"{""utb"": {""key_value"": 3, ""atr_period"": 14, ""use_ha"": false}, ""mfa"": {""mfa_all"": 16}}",LOAR HOLDINGS INC,1WK
2026-06-22 00:00:00,Short,INOD,73.9,-22.62%,110.62,utb,参数一,"{""utb"": {""key_value"": 2, ""atr_period"": 14, ""use_ha"": false}, ""r&s"": {""srb_left"": 10, ""srb_right"": 10}, ""atr"": {""atr_length"": 14, ""atr_mult"": 1.0}}",INNODATA INC,1WK
2026-06-22 00:00:00,Long,EFX,158.48,2.96%,135.49,suf,参数一,"{""suf"": {""timeframe"": ""w"", ""rsi_length"": 14, ""weekly_rsi_threshold"": 35, ""monthly_rsi_threshold"": 45}}",EQUIFAX INC,1WK
2026-06-22 00:00:00,Long,EFX,158.48,2.96%,135.49,suf,参数二,"{""suf"": {""timeframe"": ""w"", ""rsi_length"": 14, ""weekly_rsi_threshold"": 35, ""monthly_rsi_threshold"": 45}}",EQUIFAX INC,1WK
2026-06-22 00:00:00,Long,MRK,128.66,13.80%,105.97,utb,参数一,"{""utb"": {""key_value"": 2, ""atr_period"": 14, ""use_ha"": false}, ""r&s"": {""srb_left"": 10, ""srb_right"": 10}, ""atr"": {""atr_length"": 14, ""atr_mult"": 1.0}}",MERCK & CO. INC.,1WK
2026-06-22 00:00:00,Long,MRK,128.66,13.80%,105.97,utb,参数二,"{""utb"": {""key_value"": 3, ""atr_period"": 14, ""use_ha"": false}, ""r&s"": {""srb_left"": 15, ""srb_right"": 15}, ""atr"": {""atr_length"": 14, ""atr_mult"": 1.0}}",MERCK & CO. INC.,1WK
2026-06-22 00:00:00,Long,MAX,11.88,17.28%,8.59,utb,参数一,"{""utb"": {""key_value"": 2, ""atr_period"": 14, ""use_ha"": false}, ""r&s"": {""srb_left"": 10, ""srb_right"": 10}, ""atr"": {""atr_length"": 14, ""atr_mult"": 1.0}}",MEDIAALPHA INC-CLASS A,1WK
2026-06-22 00:00:00,Long,MAX,11.88,17.28%,8.59,utb,参数二,"{""utb"": {""key_value"": 3, ""atr_period"": 14, ""use_ha"": false}, ""r&s"": {""srb_left"": 15, ""srb_right"": 15}, ""atr"": {""atr_length"": 14, ""atr_mult"": 1.0}}",MEDIAALPHA INC-CLASS A,1WK
2026-06-22 00:00:00,Long,KBH,62.23,14.82%,47.39,utb,参数二,"{""utb"": {""key_value"": 3, ""atr_period"": 14, ""use_ha"": false}, ""r&s"": {""srb_left"": 15, ""srb_right"": 15}, ""atr"": {""atr_length"": 14, ""atr_mult"": 1.0}}",KB HOME,1WK
2026-06-22 00:00:00,Long,KBH,62.23,14.82%,47.39,mfa,参数二,"{""utb"": {""key_value"": 3, ""atr_period"": 14, ""use_ha"": false}, ""mfa"": {""mfa_all"": 16}}",KB HOME,1WK
2026-06-22 00:00:00,Short,GILT,11.81,-10.46%,15.6,utb,参数二,"{""utb"": {""key_value"": 3, ""atr_period"": 14, ""use_ha"": false}, ""r&s"": {""srb_left"": 15, ""srb_right"": 15}, ""atr"": {""atr_length"": 14, ""atr_mult"": 1.0}}",GILAT SATELLITE NETWORKS LTD,1WK
2026-06-22 00:00:00,Long,WAY,19.9,7.74%,14.47,suf,参数一,"{""suf"": {""timeframe"": ""w"", ""rsi_length"": 14, ""weekly_rsi_threshold"": 35, ""monthly_rsi_threshold"": 45}}",WAYSTAR HOLDING CORP,1WK
2026-06-22 00:00:00,Long,WAY,19.9,7.74%,14.47,suf,参数二,"{""suf"": {""timeframe"": ""w"", ""rsi_length"": 14, ""weekly_rsi_threshold"": 35, ""monthly_rsi_threshold"": 45}}",WAYSTAR HOLDING CORP,1WK
2026-06-22 00:00:00,Long,STUB,12.4,6.16%,9.47,utb,参数二,"{""utb"": {""key_value"": 3, ""atr_period"": 14, ""use_ha"": false}, ""r&s"": {""srb_left"": 15, ""srb_right"": 15}, ""atr"": {""atr_length"": 14, ""atr_mult"": 1.0}}",STUBHUB HOLDINGS INC-CLASS A,1WK
2026-06-22 00:00:00,Long,AROC,41.95,13.47%,34.04,utb,参数一,"{""utb"": {""key_value"": 2, ""atr_period"": 14, ""use_ha"": false}, ""r&s"": {""srb_left"": 10, ""srb_right"": 10}, ""atr"": {""atr_length"": 14, ""atr_mult"": 1.0}}",ARCHROCK INC,1WK
2026-06-22 00:00:00,Long,AROC,41.95,13.47%,34.04,utb,参数二,"{""utb"": {""key_value"": 3, ""atr_period"": 14, ""use_ha"": false}, ""r&s"": {""srb_left"": 15, ""srb_right"": 15}, ""atr"": {""atr_length"": 14, ""atr_mult"": 1.0}}",ARCHROCK INC,1WK
2026-06-22 00:00:00,Long,BILL,35.52,9.39%,26.53,suf,参数一,"{""suf"": {""timeframe"": ""w"", ""rsi_length"": 14, ""weekly_rsi_threshold"": 35, ""monthly_rsi_threshold"": 45}}",BILL HOLDINGS INC,1WK
2026-06-22 00:00:00,Long,BILL,35.52,9.39%,26.53,suf,参数二,"{""suf"": {""timeframe"": ""w"", ""rsi_length"": 14, ""weekly_rsi_threshold"": 35, ""monthly_rsi_threshold"": 45}}",BILL HOLDINGS INC,1WK
2026-06-22 00:00:00,Long,VTAK,1.09,29.76%,0.47,suf,参数一,"{""suf"": {""timeframe"": ""w"", ""rsi_length"": 14, ""weekly_rsi_threshold"": 35, ""monthly_rsi_threshold"": 45}}",CATHETER PRECISION INC,1WK
2026-06-22 00:00:00,Long,VTAK,1.09,29.76%,0.47,suf,参数二,"{""suf"": {""timeframe"": ""w"", ""rsi_length"": 14, ""weekly_rsi_threshold"": 35, ""monthly_rsi_threshold"": 45}}",CATHETER PRECISION INC,1WK
2026-06-22 00:00:00,Long,MEDP,527.07,14.53%,401.43,utb,参数一,"{""utb"": {""key_value"": 2, ""atr_period"": 14, ""use_ha"": false}, ""r&s"": {""srb_left"": 10, ""srb_right"": 10}, ""atr"": {""atr_length"": 14, ""atr_mult"": 1.0}}",MEDPACE HOLDINGS INC,1WK
2026-06-22 00:00:00,Long,MEDP,527.07,14.53%,401.43,mfa,参数一,"{""utb"": {""key_value"": 2, ""atr_period"": 14, ""use_ha"": false}, ""mfa"": {""mfa_all"": 21}}",MEDPACE HOLDINGS INC,1WK
2026-06-22 00:00:00,Long,FTS,58.21,3.78%,53.88,utb,参数一,"{""utb"": {""key_value"": 2, ""atr_period"": 14, ""use_ha"": false}, ""r&s"": {""srb_left"": 10, ""srb_right"": 10}, ""atr"": {""atr_length"": 14, ""atr_mult"": 1.0}}",FORTIS INC,1WK
2026-06-22 00:00:00,Short,LPG,36.06,-8.85%,44.91,utb,参数二,"{""utb"": {""key_value"": 3, ""atr_period"": 14, ""use_ha"": false}, ""r&s"": {""srb_left"": 15, ""srb_right"": 15}, ""atr"": {""atr_length"": 14, ""atr_mult"": 1.0}}",DORIAN LPG LTD,1WK
2026-06-22 00:00:00,Long,BBNX,16.82,21.18%,10.44,utb,参数二,"{""utb"": {""key_value"": 3, ""atr_period"": 14, ""use_ha"": false}, ""r&s"": {""srb_left"": 15, ""srb_right"": 15}, ""atr"": {""atr_length"": 14, ""atr_mult"": 1.0}}",BETA BIONICS INC,1WK
2026-06-22 00:00:00,Long,BBNX,16.82,21.18%,10.44,mfa,参数二,"{""utb"": {""key_value"": 3, ""atr_period"": 14, ""use_ha"": false}, ""mfa"": {""mfa_all"": 13}}",BETA BIONICS INC,1WK
2026-06-22 00:00:00,Long,AVAH,8.66,11.17%,6.98,utb,参数二,"{""utb"": {""key_value"": 3, ""atr_period"": 14, ""use_ha"": false}, ""r&s"": {""srb_left"": 15, ""srb_right"": 15}, ""atr"": {""atr_length"": 14, ""atr_mult"": 1.0}}",AVEANNA HEALTHCARE HOLDINGS,1WK
2026-06-22 00:00:00,Long,OMF,60.44,3.88%,54.25,utb,参数一,"{""utb"": {""key_value"": 2, ""atr_period"": 14, ""use_ha"": false}, ""r&s"": {""srb_left"": 10, ""srb_right"": 10}, ""atr"": {""atr_length"": 14, ""atr_mult"": 1.0}}",ONEMAIN HOLDINGS INC,1WK
2026-06-22 00:00:00,Long,OMF,60.44,3.88%,54.25,mfa,参数一,"{""utb"": {""key_value"": 2, ""atr_period"": 14, ""use_ha"": false}, ""mfa"": {""mfa_all"": 23}}",ONEMAIN HOLDINGS INC,1WK
2026-06-22 00:00:00,Long,ARHS,8.41,15.84%,5.93,utb,参数一,"{""utb"": {""key_value"": 2, ""atr_period"": 14, ""use_ha"": false}, ""r&s"": {""srb_left"": 10, ""srb_right"": 10}, ""atr"": {""atr_length"": 14, ""atr_mult"": 1.0}}",ARHAUS INC,1WK
2026-06-22 00:00:00,Long,ARHS,8.41,15.84%,5.93,utb,参数二,"{""utb"": {""key_value"": 3, ""atr_period"": 14, ""use_ha"": false}, ""r&s"": {""srb_left"": 15, ""srb_right"": 15}, ""atr"": {""atr_length"": 14, ""atr_mult"": 1.0}}",ARHAUS INC,1WK
2026-06-22 00:00:00,Long,ETD,22.53,6.42%,19.49,utb,参数二,"{""utb"": {""key_value"": 3, ""atr_period"": 14, ""use_ha"": false}, ""r&s"": {""srb_left"": 15, ""srb_right"": 15}, ""atr"": {""atr_length"": 14, ""atr_mult"": 1.0}}",ETHAN ALLEN INTERIORS INC,1WK
2026-06-22 00:00:00,Long,ETD,22.53,6.42%,19.49,mfa,参数二,"{""utb"": {""key_value"": 3, ""atr_period"": 14, ""use_ha"": false}, ""mfa"": {""mfa_all"": 22}}",ETHAN ALLEN INTERIORS INC,1WK
2026-06-22 00:00:00,Long,ERAS,16.01,17.12%,11.23,utb,参数一,"{""utb"": {""key_value"": 2, ""atr_period"": 14, ""use_ha"": false}, ""r&s"": {""srb_left"": 10, ""srb_right"": 10}, ""atr"": {""atr_length"": 14, ""atr_mult"": 1.0}}",ERASCA INC,1WK
2026-06-22 00:00:00,Long,SLGN,46.23,11.00%,38.23,utb,参数一,"{""utb"": {""key_value"": 2, ""atr_period"": 14, ""use_ha"": false}, ""r&s"": {""srb_left"": 10, ""srb_right"": 10}, ""atr"": {""atr_length"": 14, ""atr_mult"": 1.0}}",SILGAN HOLDINGS INC,1WK
2026-06-22 00:00:00,Long,SLGN,46.23,11.00%,38.23,mfa,参数一,"{""utb"": {""key_value"": 2, ""atr_period"": 14, ""use_ha"": false}, ""mfa"": {""mfa_all"": 13}}",SILGAN HOLDINGS INC,1WK
2026-06-22 00:00:00,Long,SLGN,46.23,11.00%,38.23,utb,参数二,"{""utb"": {""key_value"": 3, ""atr_period"": 14, ""use_ha"": false}, ""r&s"": {""srb_left"": 15, ""srb_right"": 15}, ""atr"": {""atr_length"": 14, ""atr_mult"": 1.0}}",SILGAN HOLDINGS INC,1WK
2026-06-22 00:00:00,Long,SLGN,46.23,11.00%,38.23,mfa,参数二,"{""utb"": {""key_value"": 3, ""atr_period"": 14, ""use_ha"": false}, ""mfa"": {""mfa_all"": 13}}",SILGAN HOLDINGS INC,1WK
2026-06-22 00:00:00,Long,BKD,15.71,15.09%,12.42,utb,参数一,"{""utb"": {""key_value"": 2, ""atr_period"": 14, ""use_ha"": false}, ""r&s"": {""srb_left"": 10, ""srb_right"": 10}, ""atr"": {""atr_length"": 14, ""atr_mult"": 1.0}}",BROOKDALE SENIOR LIVING INC,1WK
2026-06-22 00:00:00,Long,BKD,15.71,15.09%,12.42,utb,参数二,"{""utb"": {""key_value"": 3, ""atr_period"": 14, ""use_ha"": false}, ""r&s"": {""srb_left"": 15, ""srb_right"": 15}, ""atr"": {""atr_length"": 14, ""atr_mult"": 1.0}}",BROOKDALE SENIOR LIVING INC,1WK
2026-06-22 00:00:00,Long,JKHY,135.0,6.95%,110.83,suf,参数一,"{""suf"": {""timeframe"": ""w"", ""rsi_length"": 14, ""weekly_rsi_threshold"": 35, ""monthly_rsi_threshold"": 45}}",JACK HENRY & ASSOCIATES INC,1WK
2026-06-22 00:00:00,Long,JKHY,135.0,6.95%,110.83,suf,参数二,"{""suf"": {""timeframe"": ""w"", ""rsi_length"": 14, ""weekly_rsi_threshold"": 35, ""monthly_rsi_threshold"": 45}}",JACK HENRY & ASSOCIATES INC,1WK
2026-06-22 00:00:00,Long,BWIN,26.22,29.55%,19.65,utb,参数一,"{""utb"": {""key_value"": 2, ""atr_period"": 14, ""use_ha"": false}, ""r&s"": {""srb_left"": 10, ""srb_right"": 10}, ""atr"": {""atr_length"": 14, ""atr_mult"": 1.0}}",BALDWIN INSURANCE GROUP INC/,1WK
2026-06-22 00:00:00,Long,GPC,116.02,6.73%,96.78,utb,参数一,"{""utb"": {""key_value"": 2, ""atr_period"": 14, ""use_ha"": false}, ""r&s"": {""srb_left"": 10, ""srb_right"": 10}, ""atr"": {""atr_length"": 14, ""atr_mult"": 1.0}}",GENUINE PARTS CO,1WK
2026-06-22 00:00:00,Long,GPC,116.02,6.73%,96.78,mfa,参数一,"{""utb"": {""key_value"": 2, ""atr_period"": 14, ""use_ha"": false}, ""mfa"": {""mfa_all"": 19}}",GENUINE PARTS CO,1WK
2026-06-22 00:00:00,Long,PEG,83.58,4.62%,76.36,utb,参数一,"{""utb"": {""key_value"": 2, ""atr_period"": 14, ""use_ha"": false}, ""r&s"": {""srb_left"": 10, ""srb_right"": 10}, ""atr"": {""atr_length"": 14, ""atr_mult"": 1.0}}",PUBLIC SERVICE ENTERPRISE GP,1WK
2026-06-22 00:00:00,Long,APPN,21.97,4.87%,16.24,suf,参数一,"{""suf"": {""timeframe"": ""w"", ""rsi_length"": 14, ""weekly_rsi_threshold"": 35, ""monthly_rsi_threshold"": 45}}",APPIAN CORP-A,1WK
2026-06-22 00:00:00,Long,APPN,21.97,4.87%,16.24,suf,参数二,"{""suf"": {""timeframe"": ""w"", ""rsi_length"": 14, ""weekly_rsi_threshold"": 35, ""monthly_rsi_threshold"": 45}}",APPIAN CORP-A,1WK
2026-06-22 00:00:00,Long,RPD,7.61,13.08%,5.08,suf,参数一,"{""suf"": {""timeframe"": ""w"", ""rsi_length"": 14, ""weekly_rsi_threshold"": 35, ""monthly_rsi_threshold"": 45}}",RAPID7 INC,1WK
2026-06-22 00:00:00,Long,RPD,7.61,13.08%,5.08,suf,参数二,"{""suf"": {""timeframe"": ""w"", ""rsi_length"": 14, ""weekly_rsi_threshold"": 35, ""monthly_rsi_threshold"": 45}}",RAPID7 INC,1WK
2026-06-22 00:00:00,Long,AZTA,25.5,9.40%,18.64,utb,参数一,"{""utb"": {""key_value"": 2, ""atr_period"": 14, ""use_ha"": false}, ""r&s"": {""srb_left"": 10, ""srb_right"": 10}, ""atr"": {""atr_length"": 14, ""atr_mult"": 1.0}}",AZENTA INC,1WK
2026-06-22 00:00:00,Long,AZTA,25.5,9.40%,18.64,mfa,参数一,"{""utb"": {""key_value"": 2, ""atr_period"": 14, ""use_ha"": false}, ""mfa"": {""mfa_all"": 21}}",AZENTA INC,1WK
2026-06-22 00:00:00,Long,HALO,74.96,9.35%,63.07,utb,参数二,"{""utb"": {""key_value"": 3, ""atr_period"": 14, ""use_ha"": false}, ""r&s"": {""srb_left"": 15, ""srb_right"": 15}, ""atr"": {""atr_length"": 14, ""atr_mult"": 1.0}}",HALOZYME THERAPEUTICS INC,1WK
2026-06-22 00:00:00,Long,MTD,1263.75,10.39%,1045.38,utb,参数一,"{""utb"": {""key_value"": 2, ""atr_period"": 14, ""use_ha"": false}, ""r&s"": {""srb_left"": 10, ""srb_right"": 10}, ""atr"": {""atr_length"": 14, ""atr_mult"": 1.0}}",METTLER-TOLEDO INTERNATIONAL,1WK
2026-06-22 00:00:00,Long,MITK,19.29,11.76%,15.06,utb,参数二,"{""utb"": {""key_value"": 3, ""atr_period"": 14, ""use_ha"": false}, ""r&s"": {""srb_left"": 15, ""srb_right"": 15}, ""atr"": {""atr_length"": 14, ""atr_mult"": 1.0}}",MITEK SYSTEMS INC,1WK
2026-06-22 00:00:00,Long,ZS,132.26,5.94%,101.0,suf,参数一,"{""suf"": {""timeframe"": ""w"", ""rsi_length"": 14, ""weekly_rsi_threshold"": 35, ""monthly_rsi_threshold"": 45}}",ZSCALER INC,1WK
2026-06-22 00:00:00,Long,ZS,132.26,5.94%,101.0,suf,参数二,"{""suf"": {""timeframe"": ""w"", ""rsi_length"": 14, ""weekly_rsi_threshold"": 35, ""monthly_rsi_threshold"": 45}}",ZSCALER INC,1WK
2026-06-22 00:00:00,Short,AU,81.62,-10.18%,99.12,utb,参数一,"{""utb"": {""key_value"": 2, ""atr_period"": 14, ""use_ha"": false}, ""r&s"": {""srb_left"": 10, ""srb_right"": 10}, ""atr"": {""atr_length"": 14, ""atr_mult"": 1.0}}",ANGLOGOLD ASHANTI PLC,1WK
2026-06-22 00:00:00,Long,TNL,78.04,1.73%,68.48,utb,参数二,"{""utb"": {""key_value"": 3, ""atr_period"": 14, ""use_ha"": false}, ""r&s"": {""srb_left"": 15, ""srb_right"": 15}, ""atr"": {""atr_length"": 14, ""atr_mult"": 1.0}}",TRAVEL + LEISURE CO,1WK
2026-06-22 00:00:00,Long,TNL,78.04,1.73%,68.48,mfa,参数二,"{""utb"": {""key_value"": 3, ""atr_period"": 14, ""use_ha"": false}, ""mfa"": {""mfa_all"": 10}}",TRAVEL + LEISURE CO,1WK
2026-06-22 00:00:00,Long,OSBC,23.38,6.81%,20.6,utb,参数二,"{""utb"": {""key_value"": 3, ""atr_period"": 14, ""use_ha"": false}, ""r&s"": {""srb_left"": 15, ""srb_right"": 15}, ""atr"": {""atr_length"": 14, ""atr_mult"": 1.0}}",OLD SECOND BANCORP INC,1WK
2026-06-22 00:00:00,Long,OSK,151.6,8.64%,124.43,utb,参数一,"{""utb"": {""key_value"": 2, ""atr_period"": 14, ""use_ha"": false}, ""r&s"": {""srb_left"": 10, ""srb_right"": 10}, ""atr"": {""atr_length"": 14, ""atr_mult"": 1.0}}",OSHKOSH CORP,1WK
2026-06-22 00:00:00,Long,BBT,31.33,5.84%,27.51,utb,参数一,"{""utb"": {""key_value"": 2, ""atr_period"": 14, ""use_ha"": false}, ""r&s"": {""srb_left"": 10, ""srb_right"": 10}, ""atr"": {""atr_length"": 14, ""atr_mult"": 1.0}}",BEACON FINANCIAL CORP,1WK
2026-06-22 00:00:00,Long,SPB,87.49,4.19%,76.78,utb,参数二,"{""utb"": {""key_value"": 3, ""atr_period"": 14, ""use_ha"": false}, ""r&s"": {""srb_left"": 15, ""srb_right"": 15}, ""atr"": {""atr_length"": 14, ""atr_mult"": 1.0}}",SPECTRUM BRANDS HOLDINGS INC,1WK
2026-06-22 00:00:00,Short,TROX,6.69,-9.59%,8.59,utb,参数二,"{""utb"": {""key_value"": 3, ""atr_period"": 14, ""use_ha"": false}, ""r&s"": {""srb_left"": 15, ""srb_right"": 15}, ""atr"": {""atr_length"": 14, ""atr_mult"": 1.0}}",TRONOX HOLDINGS PLC,1WK
2026-06-22 00:00:00,Long,BIOA,23.76,14.40%,17.62,utb,参数一,"{""utb"": {""key_value"": 2, ""atr_period"": 14, ""use_ha"": false}, ""r&s"": {""srb_left"": 10, ""srb_right"": 10}, ""atr"": {""atr_length"": 14, ""atr_mult"": 1.0}}",BIOAGE LABS INC,1WK
2026-06-22 00:00:00,Long,BIOA,23.76,14.40%,17.62,utb,参数二,"{""utb"": {""key_value"": 3, ""atr_period"": 14, ""use_ha"": false}, ""r&s"": {""srb_left"": 15, ""srb_right"": 15}, ""atr"": {""atr_length"": 14, ""atr_mult"": 1.0}}",BIOAGE LABS INC,1WK
2026-06-22 00:00:00,Long,ACT,45.24,6.72%,39.93,utb,参数一,"{""utb"": {""key_value"": 2, ""atr_period"": 14, ""use_ha"": false}, ""r&s"": {""srb_left"": 10, ""srb_right"": 10}, ""atr"": {""atr_length"": 14, ""atr_mult"": 1.0}}",ENACT HOLDINGS INC,1WK
2026-06-22 00:00:00,Long,POOL,211.61,6.34%,176.46,utb,参数一,"{""utb"": {""key_value"": 2, ""atr_period"": 14, ""use_ha"": false}, ""r&s"": {""srb_left"": 10, ""srb_right"": 10}, ""atr"": {""atr_length"": 14, ""atr_mult"": 1.0}}",POOL CORP,1WK
2026-06-22 00:00:00,Long,POOL,211.61,6.34%,176.46,mfa,参数一,"{""utb"": {""key_value"": 2, ""atr_period"": 14, ""use_ha"": false}, ""mfa"": {""mfa_all"": 19}}",POOL CORP,1WK
2026-06-22 00:00:00,Long,GRND,14.34,7.42%,11.7,utb,参数二,"{""utb"": {""key_value"": 3, ""atr_period"": 14, ""use_ha"": false}, ""r&s"": {""srb_left"": 15, ""srb_right"": 15}, ""atr"": {""atr_length"": 14, ""atr_mult"": 1.0}}",GRINDR INC,1WK
2026-06-22 00:00:00,Long,EVER,23.2,15.08%,17.15,utb,参数二,"{""utb"": {""key_value"": 3, ""atr_period"": 14, ""use_ha"": false}, ""r&s"": {""srb_left"": 15, ""srb_right"": 15}, ""atr"": {""atr_length"": 14, ""atr_mult"": 1.0}}",EVERQUOTE INC - CLASS A,1WK
2026-06-22 00:00:00,Long,CFR,155.31,6.63%,138.7,utb,参数二,"{""utb"": {""key_value"": 3, ""atr_period"": 14, ""use_ha"": false}, ""r&s"": {""srb_left"": 15, ""srb_right"": 15}, ""atr"": {""atr_length"": 14, ""atr_mult"": 1.0}}",CULLEN/FROST BANKERS INC,1WK
2026-06-22 00:00:00,Short,LAC,3.79,-13.27%,5.17,utb,参数一,"{""utb"": {""key_value"": 2, ""atr_period"": 14, ""use_ha"": false}, ""r&s"": {""srb_left"": 10, ""srb_right"": 10}, ""atr"": {""atr_length"": 14, ""atr_mult"": 1.0}}",LITHIUM AMERICAS CORP,1WK
2026-06-22 00:00:00,Long,MBC,9.88,9.05%,7.26,utb,参数一,"{""utb"": {""key_value"": 2, ""atr_period"": 14, ""use_ha"": false}, ""r&s"": {""srb_left"": 10, ""srb_right"": 10}, ""atr"": {""atr_length"": 14, ""atr_mult"": 1.0}}",MASTERBRAND INC,1WK
2026-06-22 00:00:00,Long,MBC,9.88,9.05%,7.26,mfa,参数一,"{""utb"": {""key_value"": 2, ""atr_period"": 14, ""use_ha"": false}, ""mfa"": {""mfa_all"": 18}}",MASTERBRAND INC,1WK
2026-06-22 00:00:00,Long,PAR,16.9,10.53%,12.02,suf,参数一,"{""suf"": {""timeframe"": ""w"", ""rsi_length"": 14, ""weekly_rsi_threshold"": 35, ""monthly_rsi_threshold"": 45}}",PAR TECHNOLOGY CORP/DEL,1WK
2026-06-22 00:00:00,Long,PAR,16.9,10.53%,12.02,suf,参数二,"{""suf"": {""timeframe"": ""w"", ""rsi_length"": 14, ""weekly_rsi_threshold"": 35, ""monthly_rsi_threshold"": 45}}",PAR TECHNOLOGY CORP/DEL,1WK
2026-06-22 00:00:00,Long,RYTM,109.84,13.48%,87.1,utb,参数一,"{""utb"": {""key_value"": 2, ""atr_period"": 14, ""use_ha"": false}, ""r&s"": {""srb_left"": 10, ""srb_right"": 10}, ""atr"": {""atr_length"": 14, ""atr_mult"": 1.0}}",RHYTHM PHARMACEUTICALS INC,1WK
2026-06-22 00:00:00,Long,KMB,109.37,6.64%,95.43,utb,参数一,"{""utb"": {""key_value"": 2, ""atr_period"": 14, ""use_ha"": false}, ""r&s"": {""srb_left"": 10, ""srb_right"": 10}, ""atr"": {""atr_length"": 14, ""atr_mult"": 1.0}}",KIMBERLY-CLARK CORP,1WK
2026-06-22 00:00:00,Long,KMB,109.37,6.64%,95.43,mfa,参数一,"{""utb"": {""key_value"": 2, ""atr_period"": 14, ""use_ha"": false}, ""mfa"": {""mfa_all"": 13}}",KIMBERLY-CLARK CORP,1WK
2026-06-22 00:00:00,Long,KMB,109.37,6.64%,95.43,utb,参数二,"{""utb"": {""key_value"": 3, ""atr_period"": 14, ""use_ha"": false}, ""r&s"": {""srb_left"": 15, ""srb_right"": 15}, ""atr"": {""atr_length"": 14, ""atr_mult"": 1.0}}",KIMBERLY-CLARK CORP,1WK
2026-06-22 00:00:00,Long,KMB,109.37,6.64%,95.43,mfa,参数二,"{""utb"": {""key_value"": 3, ""atr_period"": 14, ""use_ha"": false}, ""mfa"": {""mfa_all"": 13}}",KIMBERLY-CLARK CORP,1WK
2026-06-22 00:00:00,Short,ECHO,97.3,-10.87%,124.29,utb,参数一,"{""utb"": {""key_value"": 2, ""atr_period"": 14, ""use_ha"": false}, ""r&s"": {""srb_left"": 10, ""srb_right"": 10}, ""atr"": {""atr_length"": 14, ""atr_mult"": 1.0}}",ECHOSTAR CORP-A,1WK
2026-06-22 00:00:00,Long,BWB,20.84,5.57%,18.55,utb,参数二,"{""utb"": {""key_value"": 3, ""atr_period"": 14, ""use_ha"": false}, ""r&s"": {""srb_left"": 15, ""srb_right"": 15}, ""atr"": {""atr_length"": 14, ""atr_mult"": 1.0}}",BRIDGEWATER BANCSHARES INC,1WK
2026-06-22 00:00:00,Long,IVF,2.45,63.33%,-0.07,suf,参数一,"{""suf"": {""timeframe"": ""w"", ""rsi_length"": 14, ""weekly_rsi_threshold"": 35, ""monthly_rsi_threshold"": 45}}",INVO FERTILITY INC,1WK
2026-06-22 00:00:00,Long,IVF,2.45,63.33%,-0.07,suf,参数二,"{""suf"": {""timeframe"": ""w"", ""rsi_length"": 14, ""weekly_rsi_threshold"": 35, ""monthly_rsi_threshold"": 45}}",INVO FERTILITY INC,1WK
2026-06-22 00:00:00,Long,UFPI,92.2,6.49%,77.79,utb,参数一,"{""utb"": {""key_value"": 2, ""atr_period"": 14, ""use_ha"": false}, ""r&s"": {""srb_left"": 10, ""srb_right"": 10}, ""atr"": {""atr_length"": 14, ""atr_mult"": 1.0}}",UFP INDUSTRIES INC,1WK
2026-06-22 00:00:00,Long,UFPI,92.2,6.49%,77.79,mfa,参数一,"{""utb"": {""key_value"": 2, ""atr_period"": 14, ""use_ha"": false}, ""mfa"": {""mfa_all"": 15}}",UFP INDUSTRIES INC,1WK
2026-06-22 00:00:00,Short,ONDS,7.83,-15.53%,11.81,utb,参数一,"{""utb"": {""key_value"": 2, ""atr_period"": 14, ""use_ha"": false}, ""r&s"": {""srb_left"": 10, ""srb_right"": 10}, ""atr"": {""atr_length"": 14, ""atr_mult"": 1.0}}",ONDAS INC,1WK
2026-06-22 00:00:00,Short,NVDA,192.53,-8.62%,229.35,utb,参数一,"{""utb"": {""key_value"": 2, ""atr_period"": 14, ""use_ha"": false}, ""r&s"": {""srb_left"": 10, ""srb_right"": 10}, ""atr"": {""atr_length"": 14, ""atr_mult"": 1.0}}",NVIDIA CORP,1WK
2026-06-22 00:00:00,Long,SFBS,88.52,10.02%,75.86,utb,参数二,"{""utb"": {""key_value"": 3, ""atr_period"": 14, ""use_ha"": false}, ""r&s"": {""srb_left"": 15, ""srb_right"": 15}, ""atr"": {""atr_length"": 14, ""atr_mult"": 1.0}}",SERVISFIRST BANCSHARES INC,1WK
2026-06-22 00:00:00,Long,EXC,47.4,3.47%,43.7,utb,参数一,"{""utb"": {""key_value"": 2, ""atr_period"": 14, ""use_ha"": false}, ""r&s"": {""srb_left"": 10, ""srb_right"": 10}, ""atr"": {""atr_length"": 14, ""atr_mult"": 1.0}}",EXELON CORP,1WK
2026-06-22 00:00:00,Long,WRB,71.27,7.04%,63.89,utb,参数一,"{""utb"": {""key_value"": 2, ""atr_period"": 14, ""use_ha"": false}, ""r&s"": {""srb_left"": 10, ""srb_right"": 10}, ""atr"": {""atr_length"": 14, ""atr_mult"": 1.0}}",WR BERKLEY CORP,1WK
2026-06-22 00:00:00,Long,WRB,71.27,7.04%,63.89,mfa,参数一,"{""utb"": {""key_value"": 2, ""atr_period"": 14, ""use_ha"": false}, ""mfa"": {""mfa_all"": 22}}",WR BERKLEY CORP,1WK
2026-06-22 00:00:00,Long,GIB,64.46,5.19%,55.22,suf,参数一,"{""suf"": {""timeframe"": ""w"", ""rsi_length"": 14, ""weekly_rsi_threshold"": 35, ""monthly_rsi_threshold"": 45}}",CGI INC,1WK
2026-06-22 00:00:00,Long,GIB,64.46,5.19%,55.22,suf,参数二,"{""suf"": {""timeframe"": ""w"", ""rsi_length"": 14, ""weekly_rsi_threshold"": 35, ""monthly_rsi_threshold"": 45}}",CGI INC,1WK
2026-06-22 00:00:00,Long,ALGT,116.1,15.22%,86.34,utb,参数二,"{""utb"": {""key_value"": 3, ""atr_period"": 14, ""use_ha"": false}, ""r&s"": {""srb_left"": 15, ""srb_right"": 15}, ""atr"": {""atr_length"": 14, ""atr_mult"": 1.0}}",ALLEGIANT TRAVEL CO,1WK
2026-06-22 00:00:00,Long,ALGT,116.1,15.22%,86.34,mfa,参数二,"{""utb"": {""key_value"": 3, ""atr_period"": 14, ""use_ha"": false}, ""mfa"": {""mfa_all"": 17}}",ALLEGIANT TRAVEL CO,1WK
2026-06-22 00:00:00,Long,BFC,147.91,4.06%,131.37,utb,参数一,"{""utb"": {""key_value"": 2, ""atr_period"": 14, ""use_ha"": false}, ""r&s"": {""srb_left"": 10, ""srb_right"": 10}, ""atr"": {""atr_length"": 14, ""atr_mult"": 1.0}}",BANK FIRST CORP,1WK
2026-06-22 00:00:00,Short,ASTS,71.45,-11.42%,98.97,utb,参数一,"{""utb"": {""key_value"": 2, ""atr_period"": 14, ""use_ha"": false}, ""r&s"": {""srb_left"": 10, ""srb_right"": 10}, ""atr"": {""atr_length"": 14, ""atr_mult"": 1.0}}",AST SPACEMOBILE INC,1WK
2026-06-22 00:00:00,Long,ABBV,253.35,17.03%,207.67,utb,参数二,"{""utb"": {""key_value"": 3, ""atr_period"": 14, ""use_ha"": false}, ""r&s"": {""srb_left"": 15, ""srb_right"": 15}, ""atr"": {""atr_length"": 14, ""atr_mult"": 1.0}}",ABBVIE INC,1WK
2026-06-22 00:00:00,Long,ABBV,253.35,17.03%,207.67,mfa,参数二,"{""utb"": {""key_value"": 3, ""atr_period"": 14, ""use_ha"": false}, ""mfa"": {""mfa_all"": 21}}",ABBVIE INC,1WK
2026-06-22 00:00:00,Long,SON,55.11,8.74%,46.36,utb,参数一,"{""utb"": {""key_value"": 2, ""atr_period"": 14, ""use_ha"": false}, ""r&s"": {""srb_left"": 10, ""srb_right"": 10}, ""atr"": {""atr_length"": 14, ""atr_mult"": 1.0}}",SONOCO PRODUCTS CO,1WK
2026-06-22 00:00:00,Long,BV,14.63,12.11%,12.04,utb,参数一,"{""utb"": {""key_value"": 2, ""atr_period"": 14, ""use_ha"": false}, ""r&s"": {""srb_left"": 10, ""srb_right"": 10}, ""atr"": {""atr_length"": 14, ""atr_mult"": 1.0}}",BRIGHTVIEW HOLDINGS INC,1WK
2026-06-22 00:00:00,Long,BV,14.63,12.11%,12.04,utb,参数二,"{""utb"": {""key_value"": 3, ""atr_period"": 14, ""use_ha"": false}, ""r&s"": {""srb_left"": 15, ""srb_right"": 15}, ""atr"": {""atr_length"": 14, ""atr_mult"": 1.0}}",BRIGHTVIEW HOLDINGS INC,1WK
2026-06-22 00:00:00,Long,EBC,22.09,7.23%,19.24,utb,参数一,"{""utb"": {""key_value"": 2, ""atr_period"": 14, ""use_ha"": false}, ""r&s"": {""srb_left"": 10, ""srb_right"": 10}, ""atr"": {""atr_length"": 14, ""atr_mult"": 1.0}}",EASTERN BANKSHARES INC,1WK
2026-06-22 00:00:00,Long,CTMX,3.4,15.25%,2.28,suf,参数一,"{""suf"": {""timeframe"": ""w"", ""rsi_length"": 14, ""weekly_rsi_threshold"": 35, ""monthly_rsi_threshold"": 45}}",CYTOMX THERAPEUTICS INC,1WK
2026-06-22 00:00:00,Long,CTMX,3.4,15.25%,2.28,suf,参数二,"{""suf"": {""timeframe"": ""w"", ""rsi_length"": 14, ""weekly_rsi_threshold"": 35, ""monthly_rsi_threshold"": 45}}",CYTOMX THERAPEUTICS INC,1WK
2026-06-22 00:00:00,Short,RGR,38.33,-4.63%,43.79,utb,参数一,"{""utb"": {""key_value"": 2, ""atr_period"": 14, ""use_ha"": false}, ""r&s"": {""srb_left"": 10, ""srb_right"": 10}, ""atr"": {""atr_length"": 14, ""atr_mult"": 1.0}}",STURM RUGER & CO INC,1WK
2026-06-22 00:00:00,Long,PRCT,22.56,3.87%,16.24,suf,参数一,"{""suf"": {""timeframe"": ""w"", ""rsi_length"": 14, ""weekly_rsi_threshold"": 35, ""monthly_rsi_threshold"": 45}}",PROCEPT BIOROBOTICS CORP,1WK
2026-06-22 00:00:00,Long,PRCT,22.56,3.87%,16.24,suf,参数二,"{""suf"": {""timeframe"": ""w"", ""rsi_length"": 14, ""weekly_rsi_threshold"": 35, ""monthly_rsi_threshold"": 45}}",PROCEPT BIOROBOTICS CORP,1WK
2026-06-22 00:00:00,Long,AMGN,358.33,6.14%,317.95,utb,参数一,"{""utb"": {""key_value"": 2, ""atr_period"": 14, ""use_ha"": false}, ""r&s"": {""srb_left"": 10, ""srb_right"": 10}, ""atr"": {""atr_length"": 14, ""atr_mult"": 1.0}}",AMGEN INC,1WK
2026-06-22 00:00:00,Long,LCII,95.87,4.30%,81.02,suf,参数一,"{""suf"": {""timeframe"": ""w"", ""rsi_length"": 14, ""weekly_rsi_threshold"": 35, ""monthly_rsi_threshold"": 45}}",LCI INDUSTRIES,1WK
2026-06-22 00:00:00,Long,LCII,95.87,4.30%,81.02,suf,参数二,"{""suf"": {""timeframe"": ""w"", ""rsi_length"": 14, ""weekly_rsi_threshold"": 35, ""monthly_rsi_threshold"": 45}}",LCI INDUSTRIES,1WK
2026-06-22 00:00:00,Short,BKSY,24.76,-14.59%,36.24,utb,参数二,"{""utb"": {""key_value"": 3, ""atr_period"": 14, ""use_ha"": false}, ""r&s"": {""srb_left"": 15, ""srb_right"": 15}, ""atr"": {""atr_length"": 14, ""atr_mult"": 1.0}}",BLACKSKY TECHNOLOGY INC,1WK
2026-06-22 00:00:00,Long,VRDN,17.9,7.64%,14.35,suf,参数一,"{""suf"": {""timeframe"": ""w"", ""rsi_length"": 14, ""weekly_rsi_threshold"": 35, ""monthly_rsi_threshold"": 45}}",VIRIDIAN THERAPEUTICS INC,1WK
2026-06-22 00:00:00,Long,VRDN,17.9,7.64%,14.35,suf,参数二,"{""suf"": {""timeframe"": ""w"", ""rsi_length"": 14, ""weekly_rsi_threshold"": 35, ""monthly_rsi_threshold"": 45}}",VIRIDIAN THERAPEUTICS INC,1WK
2026-06-22 00:00:00,Long,UCB,35.61,9.19%,30.97,utb,参数二,"{""utb"": {""key_value"": 3, ""atr_period"": 14, ""use_ha"": false}, ""r&s"": {""srb_left"": 15, ""srb_right"": 15}, ""atr"": {""atr_length"": 14, ""atr_mult"": 1.0}}",UNITED COMMUNITY BANKS/GA,1WK
2026-06-22 00:00:00,Long,CINF,184.08,8.75%,162.69,utb,参数二,"{""utb"": {""key_value"": 3, ""atr_period"": 14, ""use_ha"": false}, ""r&s"": {""srb_left"": 15, ""srb_right"": 15}, ""atr"": {""atr_length"": 14, ""atr_mult"": 1.0}}",CINCINNATI FINANCIAL CORP,1WK
2026-06-22 00:00:00,Long,SLDB,9.29,11.52%,7.0,utb,参数一,"{""utb"": {""key_value"": 2, ""atr_period"": 14, ""use_ha"": false}, ""r&s"": {""srb_left"": 10, ""srb_right"": 10}, ""atr"": {""atr_length"": 14, ""atr_mult"": 1.0}}",SOLID BIOSCIENCES INC,1WK
2026-06-22 00:00:00,Short,MEOH,48.12,-9.22%,59.64,utb,参数二,"{""utb"": {""key_value"": 3, ""atr_period"": 14, ""use_ha"": false}, ""r&s"": {""srb_left"": 15, ""srb_right"": 15}, ""atr"": {""atr_length"": 14, ""atr_mult"": 1.0}}",METHANEX CORP,1WK
2026-06-22 00:00:00,Short,CRUS,146.5,-11.37%,182.08,utb,参数一,"{""utb"": {""key_value"": 2, ""atr_period"": 14, ""use_ha"": false}, ""r&s"": {""srb_left"": 10, ""srb_right"": 10}, ""atr"": {""atr_length"": 14, ""atr_mult"": 1.0}}",CIRRUS LOGIC INC,1WK
2026-06-22 00:00:00,Long,BHRB,71.34,8.90%,61.81,utb,参数二,"{""utb"": {""key_value"": 3, ""atr_period"": 14, ""use_ha"": false}, ""r&s"": {""srb_left"": 15, ""srb_right"": 15}, ""atr"": {""atr_length"": 14, ""atr_mult"": 1.0}}",BURKE & HERBERT FINANCIAL SE,1WK
2026-06-22 00:00:00,Long,LBRDK,31.33,5.77%,24.65,suf,参数一,"{""suf"": {""timeframe"": ""w"", ""rsi_length"": 14, ""weekly_rsi_threshold"": 35, ""monthly_rsi_threshold"": 45}}",LIBERTY BROADBAND-C,1WK
2026-06-22 00:00:00,Long,LBRDK,31.33,5.77%,24.65,suf,参数二,"{""suf"": {""timeframe"": ""w"", ""rsi_length"": 14, ""weekly_rsi_threshold"": 35, ""monthly_rsi_threshold"": 45}}",LIBERTY BROADBAND-C,1WK
2026-06-22 00:00:00,Long,BH,403.99,21.41%,282.37,utb,参数一,"{""utb"": {""key_value"": 2, ""atr_period"": 14, ""use_ha"": false}, ""r&s"": {""srb_left"": 10, ""srb_right"": 10}, ""atr"": {""atr_length"": 14, ""atr_mult"": 1.0}}",BIGLARI HOLDINGS INC-B,1WK
2026-06-22 00:00:00,Long,BH,403.99,21.41%,282.37,mfa,参数一,"{""utb"": {""key_value"": 2, ""atr_period"": 14, ""use_ha"": false}, ""mfa"": {""mfa_all"": 17}}",BIGLARI HOLDINGS INC-B,1WK
2026-06-22 00:00:00,Long,BH,403.99,21.41%,282.37,utb,参数二,"{""utb"": {""key_value"": 3, ""atr_period"": 14, ""use_ha"": false}, ""r&s"": {""srb_left"": 15, ""srb_right"": 15}, ""atr"": {""atr_length"": 14, ""atr_mult"": 1.0}}",BIGLARI HOLDINGS INC-B,1WK
2026-06-22 00:00:00,Long,BH,403.99,21.41%,282.37,mfa,参数二,"{""utb"": {""key_value"": 3, ""atr_period"": 14, ""use_ha"": false}, ""mfa"": {""mfa_all"": 17}}",BIGLARI HOLDINGS INC-B,1WK
2026-06-22 00:00:00,Short,AMPG,6.55,-27.14%,10.28,utb,参数一,"{""utb"": {""key_value"": 2, ""atr_period"": 14, ""use_ha"": false}, ""r&s"": {""srb_left"": 10, ""srb_right"": 10}, ""atr"": {""atr_length"": 14, ""atr_mult"": 1.0}}",AMPLITECH GROUP INC,1WK
2026-06-22 00:00:00,Long,FBNC,63.53,4.56%,57.51,utb,参数二,"{""utb"": {""key_value"": 3, ""atr_period"": 14, ""use_ha"": false}, ""r&s"": {""srb_left"": 15, ""srb_right"": 15}, ""atr"": {""atr_length"": 14, ""atr_mult"": 1.0}}",FIRST BANCORP/NC,1WK
2026-06-22 00:00:00,Short,AAPL,283.78,-4.78%,317.66,utb,参数一,"{""utb"": {""key_value"": 2, ""atr_period"": 14, ""use_ha"": false}, ""r&s"": {""srb_left"": 10, ""srb_right"": 10}, ""atr"": {""atr_length"": 14, ""atr_mult"": 1.0}}",APPLE INC,1WK
2026-06-22 00:00:00,Long,GDDY,84.55,9.75%,64.54,suf,参数一,"{""suf"": {""timeframe"": ""w"", ""rsi_length"": 14, ""weekly_rsi_threshold"": 35, ""monthly_rsi_threshold"": 45}}",GODADDY INC - CLASS A,1WK
2026-06-22 00:00:00,Long,GDDY,84.55,9.75%,64.54,suf,参数二,"{""suf"": {""timeframe"": ""w"", ""rsi_length"": 14, ""weekly_rsi_threshold"": 35, ""monthly_rsi_threshold"": 45}}",GODADDY INC - CLASS A,1WK
2026-06-22 00:00:00,Short,TEAM,78.74,-4.81%,100.66,utb,参数一,"{""utb"": {""key_value"": 2, ""atr_period"": 14, ""use_ha"": false}, ""r&s"": {""srb_left"": 10, ""srb_right"": 10}, ""atr"": {""atr_length"": 14, ""atr_mult"": 1.0}}",ATLASSIAN CORP-CL A,1WK
2026-06-22 00:00:00,Short,IONQ,49.31,-12.80%,71.93,utb,参数一,"{""utb"": {""key_value"": 2, ""atr_period"": 14, ""use_ha"": false}, ""r&s"": {""srb_left"": 10, ""srb_right"": 10}, ""atr"": {""atr_length"": 14, ""atr_mult"": 1.0}}",IONQ INC,1WK
2026-06-22 00:00:00,Long,VMC,311.35,2.81%,280.22,utb,参数二,"{""utb"": {""key_value"": 3, ""atr_period"": 14, ""use_ha"": false}, ""r&s"": {""srb_left"": 15, ""srb_right"": 15}, ""atr"": {""atr_length"": 14, ""atr_mult"": 1.0}}",VULCAN MATERIALS CO,1WK
2026-06-22 00:00:00,Long,QTWO,47.91,11.81%,35.51,suf,参数一,"{""suf"": {""timeframe"": ""w"", ""rsi_length"": 14, ""weekly_rsi_threshold"": 35, ""monthly_rsi_threshold"": 45}}",Q2 HOLDINGS INC,1WK
2026-06-22 00:00:00,Long,QTWO,47.91,11.81%,35.51,suf,参数二,"{""suf"": {""timeframe"": ""w"", ""rsi_length"": 14, ""weekly_rsi_threshold"": 35, ""monthly_rsi_threshold"": 45}}",Q2 HOLDINGS INC,1WK
2026-06-22 00:00:00,Long,BXC,65.28,13.41%,46.71,utb,参数一,"{""utb"": {""key_value"": 2, ""atr_period"": 14, ""use_ha"": false}, ""r&s"": {""srb_left"": 10, ""srb_right"": 10}, ""atr"": {""atr_length"": 14, ""atr_mult"": 1.0}}",BLUELINX HOLDINGS INC,1WK
2026-06-22 00:00:00,Short,HPQ,22.88,-2.64%,26.55,utb,参数一,"{""utb"": {""key_value"": 2, ""atr_period"": 14, ""use_ha"": false}, ""r&s"": {""srb_left"": 10, ""srb_right"": 10}, ""atr"": {""atr_length"": 14, ""atr_mult"": 1.0}}",HP INC,1WK
2026-06-22 00:00:00,Long,ACIW,49.26,11.73%,38.82,utb,参数一,"{""utb"": {""key_value"": 2, ""atr_period"": 14, ""use_ha"": false}, ""r&s"": {""srb_left"": 10, ""srb_right"": 10}, ""atr"": {""atr_length"": 14, ""atr_mult"": 1.0}}",ACI WORLDWIDE INC,1WK
2026-06-22 00:00:00,Long,ACIW,49.26,11.73%,38.82,utb,参数二,"{""utb"": {""key_value"": 3, ""atr_period"": 14, ""use_ha"": false}, ""r&s"": {""srb_left"": 15, ""srb_right"": 15}, ""atr"": {""atr_length"": 14, ""atr_mult"": 1.0}}",ACI WORLDWIDE INC,1WK
2026-06-22 00:00:00,Long,OTEX,22.09,6.77%,17.57,suf,参数一,"{""suf"": {""timeframe"": ""w"", ""rsi_length"": 14, ""weekly_rsi_threshold"": 35, ""monthly_rsi_threshold"": 45}}",OPEN TEXT CORP,1WK
2026-06-22 00:00:00,Long,OTEX,22.09,6.77%,17.57,suf,参数二,"{""suf"": {""timeframe"": ""w"", ""rsi_length"": 14, ""weekly_rsi_threshold"": 35, ""monthly_rsi_threshold"": 45}}",OPEN TEXT CORP,1WK
2026-06-22 00:00:00,Short,BTG,3.94,-8.37%,4.86,utb,参数一,"{""utb"": {""key_value"": 2, ""atr_period"": 14, ""use_ha"": false}, ""r&s"": {""srb_left"": 10, ""srb_right"": 10}, ""atr"": {""atr_length"": 14, ""atr_mult"": 1.0}}",B2GOLD CORP,1WK
2026-06-22 00:00:00,Long,CSL,388.38,7.60%,324.78,utb,参数一,"{""utb"": {""key_value"": 2, ""atr_period"": 14, ""use_ha"": false}, ""r&s"": {""srb_left"": 10, ""srb_right"": 10}, ""atr"": {""atr_length"": 14, ""atr_mult"": 1.0}}",CARLISLE COS INC,1WK
2026-06-22 00:00:00,Long,AMBP,4.61,6.22%,4.04,utb,参数一,"{""utb"": {""key_value"": 2, ""atr_period"": 14, ""use_ha"": false}, ""r&s"": {""srb_left"": 10, ""srb_right"": 10}, ""atr"": {""atr_length"": 14, ""atr_mult"": 1.0}}",ARDAGH METAL PACKAGING SA,1WK
2026-06-22 00:00:00,Short,CE,49.42,-3.40%,57.01,utb,参数二,"{""utb"": {""key_value"": 3, ""atr_period"": 14, ""use_ha"": false}, ""r&s"": {""srb_left"": 15, ""srb_right"": 15}, ""atr"": {""atr_length"": 14, ""atr_mult"": 1.0}}",CELANESE CORP,1WK
2026-06-22 00:00:00,Long,REGN,632.9,3.76%,550.0,suf,参数一,"{""suf"": {""timeframe"": ""w"", ""rsi_length"": 14, ""weekly_rsi_threshold"": 35, ""monthly_rsi_threshold"": 45}}",REGENERON PHARMACEUTICALS,1WK
2026-06-22 00:00:00,Long,REGN,632.9,3.76%,550.0,suf,参数二,"{""suf"": {""timeframe"": ""w"", ""rsi_length"": 14, ""weekly_rsi_threshold"": 35, ""monthly_rsi_threshold"": 45}}",REGENERON PHARMACEUTICALS,1WK
2026-06-22 00:00:00,Short,JEF,49.1,-20.93%,68.47,utb,参数一,"{""utb"": {""key_value"": 2, ""atr_period"": 14, ""use_ha"": false}, ""r&s"": {""srb_left"": 10, ""srb_right"": 10}, ""atr"": {""atr_length"": 14, ""atr_mult"": 1.0}}",JEFFERIES FINANCIAL GROUP IN,1WK
2026-06-22 00:00:00,Short,JEF,49.1,-20.93%,68.47,utb,参数二,"{""utb"": {""key_value"": 3, ""atr_period"": 14, ""use_ha"": false}, ""r&s"": {""srb_left"": 15, ""srb_right"": 15}, ""atr"": {""atr_length"": 14, ""atr_mult"": 1.0}}",JEFFERIES FINANCIAL GROUP IN,1WK
2026-06-22 00:00:00,Long,MCY,107.47,4.68%,96.82,utb,参数二,"{""utb"": {""key_value"": 3, ""atr_period"": 14, ""use_ha"": false}, ""r&s"": {""srb_left"": 15, ""srb_right"": 15}, ""atr"": {""atr_length"": 14, ""atr_mult"": 1.0}}",MERCURY GENERAL CORP,1WK
2026-06-22 00:00:00,Long,SNA,397.1,2.54%,366.93,utb,参数二,"{""utb"": {""key_value"": 3, ""atr_period"": 14, ""use_ha"": false}, ""r&s"": {""srb_left"": 15, ""srb_right"": 15}, ""atr"": {""atr_length"": 14, ""atr_mult"": 1.0}}",SNAP-ON INC,1WK
2026-06-22 00:00:00,Short,ESLT,715.72,-9.08%,861.22,utb,参数一,"{""utb"": {""key_value"": 2, ""atr_period"": 14, ""use_ha"": false}, ""r&s"": {""srb_left"": 10, ""srb_right"": 10}, ""atr"": {""atr_length"": 14, ""atr_mult"": 1.0}}",ELBIT SYSTEMS LTD,1WK
2026-06-22 00:00:00,Long,RF,30.06,5.03%,27.1,utb,参数二,"{""utb"": {""key_value"": 3, ""atr_period"": 14, ""use_ha"": false}, ""r&s"": {""srb_left"": 15, ""srb_right"": 15}, ""atr"": {""atr_length"": 14, ""atr_mult"": 1.0}}",REGIONS FINANCIAL CORP,1WK
2026-06-22 00:00:00,Long,UTZ,7.71,10.35%,6.09,suf,参数一,"{""suf"": {""timeframe"": ""w"", ""rsi_length"": 14, ""weekly_rsi_threshold"": 35, ""monthly_rsi_threshold"": 45}}",UTZ BRANDS INC,1WK
2026-06-22 00:00:00,Long,UTZ,7.71,10.35%,6.09,suf,参数二,"{""suf"": {""timeframe"": ""w"", ""rsi_length"": 14, ""weekly_rsi_threshold"": 35, ""monthly_rsi_threshold"": 45}}",UTZ BRANDS INC,1WK
2026-06-22 00:00:00,Short,UMAC,19.1,-23.54%,29.72,utb,参数一,"{""utb"": {""key_value"": 2, ""atr_period"": 14, ""use_ha"": false}, ""r&s"": {""srb_left"": 10, ""srb_right"": 10}, ""atr"": {""atr_length"": 14, ""atr_mult"": 1.0}}",UNUSUAL MACHINES INC /US,1WK
2026-06-22 00:00:00,Short,UMAC,19.1,-23.54%,29.72,utb,参数二,"{""utb"": {""key_value"": 3, ""atr_period"": 14, ""use_ha"": false}, ""r&s"": {""srb_left"": 15, ""srb_right"": 15}, ""atr"": {""atr_length"": 14, ""atr_mult"": 1.0}}",UNUSUAL MACHINES INC /US,1WK
2026-06-22 00:00:00,Short,VVX,72.48,-15.28%,94.26,utb,参数一,"{""utb"": {""key_value"": 2, ""atr_period"": 14, ""use_ha"": false}, ""r&s"": {""srb_left"": 10, ""srb_right"": 10}, ""atr"": {""atr_length"": 14, ""atr_mult"": 1.0}}",V2X INC,1WK
2026-06-22 00:00:00,Short,VVX,72.48,-15.28%,94.26,utb,参数二,"{""utb"": {""key_value"": 3, ""atr_period"": 14, ""use_ha"": false}, ""r&s"": {""srb_left"": 15, ""srb_right"": 15}, ""atr"": {""atr_length"": 14, ""atr_mult"": 1.0}}",V2X INC,1WK
2026-06-22 00:00:00,Long,DTE,154.43,5.49%,140.18,utb,参数一,"{""utb"": {""key_value"": 2, ""atr_period"": 14, ""use_ha"": false}, ""r&s"": {""srb_left"": 10, ""srb_right"": 10}, ""atr"": {""atr_length"": 14, ""atr_mult"": 1.0}}",DTE ENERGY COMPANY,1WK
2026-06-22 00:00:00,Long,TOL,164.14,5.44%,139.15,utb,参数二,"{""utb"": {""key_value"": 3, ""atr_period"": 14, ""use_ha"": false}, ""r&s"": {""srb_left"": 15, ""srb_right"": 15}, ""atr"": {""atr_length"": 14, ""atr_mult"": 1.0}}",TOLL BROTHERS INC,1WK
2026-06-22 00:00:00,Short,INDI,3.55,-16.47%,4.95,utb,参数一,"{""utb"": {""key_value"": 2, ""atr_period"": 14, ""use_ha"": false}, ""r&s"": {""srb_left"": 10, ""srb_right"": 10}, ""atr"": {""atr_length"": 14, ""atr_mult"": 1.0}}",INDIE SEMICONDUCTOR INC-A,1WK
2026-06-22 00:00:00,Long,VERX,11.37,2.25%,8.39,suf,参数一,"{""suf"": {""timeframe"": ""w"", ""rsi_length"": 14, ""weekly_rsi_threshold"": 35, ""monthly_rsi_threshold"": 45}}",VERTEX INC - CLASS A,1WK
2026-06-22 00:00:00,Long,VERX,11.37,2.25%,8.39,suf,参数二,"{""suf"": {""timeframe"": ""w"", ""rsi_length"": 14, ""weekly_rsi_threshold"": 35, ""monthly_rsi_threshold"": 45}}",VERTEX INC - CLASS A,1WK
2026-06-22 00:00:00,Long,DFH,17.2,10.26%,12.3,utb,参数一,"{""utb"": {""key_value"": 2, ""atr_period"": 14, ""use_ha"": false}, ""r&s"": {""srb_left"": 10, ""srb_right"": 10}, ""atr"": {""atr_length"": 14, ""atr_mult"": 1.0}}",DREAM FINDERS HOMES INC - A,1WK
2026-06-22 00:00:00,Long,DFH,17.2,10.26%,12.3,mfa,参数一,"{""utb"": {""key_value"": 2, ""atr_period"": 14, ""use_ha"": false}, ""mfa"": {""mfa_all"": 17}}",DREAM FINDERS HOMES INC - A,1WK
2026-06-22 00:00:00,Long,ZBIO,25.87,30.79%,15.58,utb,参数一,"{""utb"": {""key_value"": 2, ""atr_period"": 14, ""use_ha"": false}, ""r&s"": {""srb_left"": 10, ""srb_right"": 10}, ""atr"": {""atr_length"": 14, ""atr_mult"": 1.0}}",ZENAS BIOPHARMA INC,1WK
2026-06-22 00:00:00,Long,NUWE,3.3,2438.46%,-0.54,utb,参数一,"{""utb"": {""key_value"": 2, ""atr_period"": 14, ""use_ha"": false}, ""r&s"": {""srb_left"": 10, ""srb_right"": 10}, ""atr"": {""atr_length"": 14, ""atr_mult"": 1.0}}",NUWELLIS INC,1WK
2026-06-22 00:00:00,Long,NUWE,3.3,2438.46%,-0.54,mfa,参数一,"{""utb"": {""key_value"": 2, ""atr_period"": 14, ""use_ha"": false}, ""mfa"": {""mfa_all"": 18}}",NUWELLIS INC,1WK
2026-06-22 00:00:00,Long,NUWE,3.3,2438.46%,-0.54,suf,参数一,"{""suf"": {""timeframe"": ""w"", ""rsi_length"": 14, ""weekly_rsi_threshold"": 35, ""monthly_rsi_threshold"": 45}}",NUWELLIS INC,1WK
2026-06-22 00:00:00,Long,NUWE,3.3,2438.46%,-0.54,utb,参数二,"{""utb"": {""key_value"": 3, ""atr_period"": 14, ""use_ha"": false}, ""r&s"": {""srb_left"": 15, ""srb_right"": 15}, ""atr"": {""atr_length"": 14, ""atr_mult"": 1.0}}",NUWELLIS INC,1WK
2026-06-22 00:00:00,Long,NUWE,3.3,2438.46%,-0.54,mfa,参数二,"{""utb"": {""key_value"": 3, ""atr_period"": 14, ""use_ha"": false}, ""mfa"": {""mfa_all"": 18}}",NUWELLIS INC,1WK
2026-06-22 00:00:00,Long,NUWE,3.3,2438.46%,-0.54,suf,参数二,"{""suf"": {""timeframe"": ""w"", ""rsi_length"": 14, ""weekly_rsi_threshold"": 35, ""monthly_rsi_threshold"": 45}}",NUWELLIS INC,1WK
2026-06-22 00:00:00,Long,PAY,23.43,11.20%,17.39,suf,参数一,"{""suf"": {""timeframe"": ""w"", ""rsi_length"": 14, ""weekly_rsi_threshold"": 35, ""monthly_rsi_threshold"": 45}}",PAYMENTUS HOLDINGS INC-A,1WK
2026-06-22 00:00:00,Long,PAY,23.43,11.20%,17.39,suf,参数二,"{""suf"": {""timeframe"": ""w"", ""rsi_length"": 14, ""weekly_rsi_threshold"": 35, ""monthly_rsi_threshold"": 45}}",PAYMENTUS HOLDINGS INC-A,1WK
