日期,代码,名称,信号,现价,涨幅,止损,策略,参组,参数,SMA,相距SMA,周期,释放类型,支撑压力价格,支撑压力趋势,支撑压力涨幅,区间K线数量,区间K线振幅
2026-10-05 00:00:00,FICO,FAIR ISAAC CORP,Long,689.61,4.29%,591.03,suf,参数一,"{""suf"": {""timeframe"": ""d""}}",200.0,-43.16,1D,,,,,,
2026-10-05 00:00:00,FICO,FAIR ISAAC CORP,Long,689.61,4.29%,591.03,suf,参数二,"{""suf"": {""timeframe"": ""d""}}",200.0,-43.16,1D,,,,,,
2026-10-05 00:00:00,BIXI,BITCOIN INFRASTRUCTURE-CL A,Short,10.08,-0.20%,10.13,sqz,参数一,"{""sqz"": {""bb_length"": 15, ""bb_mult"": 1.5, ""kc_length"": 15, ""kc_mult"": 1.2, ""min_sqz_bars"": 4}, ""r&s"": {""srb_left"": 10, ""srb_right"": 10}, ""atr"": {""atr_length"": 14, ""atr_mult"": 1.0}}",,,1D,一直亮红,9.89-9.89-9.98-10.0-10.08,高-高-高-高,0.05%-0.91%-0.20%-0.80%,11.0,2.48
2026-10-05 00:00:00,BBDO,BANCO BRADESCO-ADR,Long,3.76,19.10%,3.25,sqz,参数一,"{""sqz"": {""bb_length"": 15, ""bb_mult"": 1.5, ""kc_length"": 15, ""kc_mult"": 1.2, ""min_sqz_bars"": 4}, ""r&s"": {""srb_left"": 10, ""srb_right"": 10}, ""atr"": {""atr_length"": 14, ""atr_mult"": 1.0}}",,,1D,压力释放,3.6-3.7-3.24-3.43-3.22,高-低-高-低,2.57%-12.29%-5.71%-6.02%,29.0,11.38
2026-10-05 00:00:00,BBDO,BANCO BRADESCO-ADR,Long,3.76,19.10%,3.25,sqz,参数二,"{""sqz"": {""bb_length"": 20, ""bb_mult"": 1.8, ""kc_length"": 20, ""kc_mult"": 1.5, ""min_sqz_bars"": 4}, ""r&s"": {""srb_left"": 15, ""srb_right"": 15}, ""atr"": {""atr_length"": 14, ""atr_mult"": 1.0}}",,,1D,压力释放,nan-3.6-3.7-3.43,低-高-低,nan%-2.57%-7.29%,44.0,18.51
2026-10-05 00:00:00,FSP,FRANKLIN STREET PROPERTIES C,Short,0.3,-9.09%,0.35,sqz,参数二,"{""sqz"": {""bb_length"": 20, ""bb_mult"": 1.8, ""kc_length"": 20, ""kc_mult"": 1.5, ""min_sqz_bars"": 4}, ""r&s"": {""srb_left"": 15, ""srb_right"": 15}, ""atr"": {""atr_length"": 14, ""atr_mult"": 1.0}}",,,1D,一直释放,nan-0.56-0.5,低-低,nan%-10.71%,90.0,48.0
2026-10-05 00:00:00,SNES,SENESTECH INC,Long,0.83,7.19%,0.71,utb,参数一,"{""utb"": {""key_value"": 2.5, ""atr_period"": 14, ""use_ha"": false}, ""r&s"": {""srb_left"": 10, ""srb_right"": 10}, ""atr"": {""atr_length"": 14, ""atr_mult"": 1.0}}",,,1D,,,,,,
2026-10-05 00:00:00,PSNY,POLESTAR AUTOMOTIVE-CL A ADS,Short,6.1,-2.09%,6.81,sqz,参数一,"{""sqz"": {""bb_length"": 15, ""bb_mult"": 1.5, ""kc_length"": 15, ""kc_mult"": 1.2, ""min_sqz_bars"": 4}, ""r&s"": {""srb_left"": 10, ""srb_right"": 10}, ""atr"": {""atr_length"": 14, ""atr_mult"": 1.0}}",,,1D,一直释放,12.34-14.79-16.85-18.29-12.87,高-高-高-低,19.85%-13.93%-8.55%-29.63%,47.0,16.63
2026-10-05 00:00:00,ETSY,ETSY INC,Long,70.89,-2.58%,67.49,mfa,参数一,"{""mfa"": {""mfa_all"": 21}}",200.0,7.79,1D,,,,,,
2026-10-05 00:00:00,ETSY,ETSY INC,Long,70.89,-2.58%,67.49,mfa,参数二,"{""mfa"": {""mfa_all"": 21}}",200.0,7.79,1D,,,,,,
2026-10-05 00:00:00,KOCT,INNOVATOR U.S. SMALL CAP POW,Long,38.03,0.28%,37.7,mfa,参数一,"{""mfa"": {""mfa_all"": 8}}",200.0,5.52,1D,,,,,,
2026-10-05 00:00:00,KOCT,INNOVATOR U.S. SMALL CAP POW,Long,38.03,0.28%,37.7,mfa,参数二,"{""mfa"": {""mfa_all"": 8}}",200.0,5.52,1D,,,,,,
2026-10-05 00:00:00,BFRI,BIOFRONTERA INC,Short,0.89,-12.22%,1.1,sqz,参数一,"{""sqz"": {""bb_length"": 15, ""bb_mult"": 1.5, ""kc_length"": 15, ""kc_mult"": 1.2, ""min_sqz_bars"": 4}, ""r&s"": {""srb_left"": 10, ""srb_right"": 10}, ""atr"": {""atr_length"": 14, ""atr_mult"": 1.0}}",,,1D,一直释放,0.56-0.65-0.76-0.73-1.0,高-高-低-高,17.30%-16.74%-3.95%-36.30%,48.0,66.83
2026-10-05 00:00:00,BFRI,BIOFRONTERA INC,Short,0.89,-12.22%,1.1,sqz,参数二,"{""sqz"": {""bb_length"": 20, ""bb_mult"": 1.8, ""kc_length"": 20, ""kc_mult"": 1.5, ""min_sqz_bars"": 4}, ""r&s"": {""srb_left"": 15, ""srb_right"": 15}, ""atr"": {""atr_length"": 14, ""atr_mult"": 1.0}}",,,1D,一直亮红,nan-0.65-0.76-0.73-1.0,低-高-低-高,nan%-16.74%-3.95%-36.30%,48.0,66.83
2026-10-05 00:00:00,ODHY,OBRA DEFENSIVE HIGH,Long,9.69,0.17%,9.68,suf,参数一,"{""suf"": {""timeframe"": ""d""}}",200.0,-0.71,1D,,,,,,
2026-10-05 00:00:00,ODHY,OBRA DEFENSIVE HIGH,Long,9.69,0.17%,9.68,suf,参数二,"{""suf"": {""timeframe"": ""d""}}",200.0,-0.71,1D,,,,,,
2026-10-05 00:00:00,NAMI,JINXIN TECHNOLOGY HOLDIN-ADR,Short,2.15,-5.70%,2.67,sqz,参数一,"{""sqz"": {""bb_length"": 15, ""bb_mult"": 1.5, ""kc_length"": 15, ""kc_mult"": 1.2, ""min_sqz_bars"": 4}, ""r&s"": {""srb_left"": 10, ""srb_right"": 10}, ""atr"": {""atr_length"": 14, ""atr_mult"": 1.0}}",,,1D,一直释放,10.25-11.32-5.93-3.1-2.39,高-低-低-低,10.49%-47.68%-47.68%-22.90%,47.0,296.23
2026-10-05 00:00:00,ACTU,ACTUATE THERAPEUTICS INC,Long,0.88,6.84%,0.65,mfa,参数一,"{""mfa"": {""mfa_all"": 11}}",200.0,-67.66,1D,,,,,,
2026-10-05 00:00:00,ACTU,ACTUATE THERAPEUTICS INC,Long,0.88,6.84%,0.65,mfa,参数二,"{""mfa"": {""mfa_all"": 11}}",200.0,-67.66,1D,,,,,,
2026-10-05 00:00:00,WSO,WATSCO INC,Short,292.15,-1.79%,304.45,sqz,参数一,"{""sqz"": {""bb_length"": 15, ""bb_mult"": 1.5, ""kc_length"": 15, ""kc_mult"": 1.2, ""min_sqz_bars"": 4}, ""r&s"": {""srb_left"": 10, ""srb_right"": 10}, ""atr"": {""atr_length"": 14, ""atr_mult"": 1.0}}",,,1D,一直亮红,328.69-334.44-352.11-300.66-295.75,高-高-低-低,1.75%-5.29%-14.61%-1.63%,28.0,11.44
2026-10-05 00:00:00,LSAK,LESAKA TECHNOLOGIES INC,Long,4.58,5.77%,4.11,mfa,参数一,"{""mfa"": {""mfa_all"": 23}}",200.0,-2.5,1D,,,,,,
2026-10-05 00:00:00,LSAK,LESAKA TECHNOLOGIES INC,Long,4.58,5.77%,4.11,mfa,参数二,"{""mfa"": {""mfa_all"": 23}}",200.0,-2.5,1D,,,,,,
2026-10-05 00:00:00,GGAL,GRUPO FINANCIERO GALICIA-ADR,Long,38.25,6.58%,35.57,suf,参数一,"{""suf"": {""timeframe"": ""d""}}",200.0,-17.89,1D,,,,,,
2026-10-05 00:00:00,GGAL,GRUPO FINANCIERO GALICIA-ADR,Long,38.25,6.58%,35.57,suf,参数二,"{""suf"": {""timeframe"": ""d""}}",200.0,-17.89,1D,,,,,,
2026-10-05 00:00:00,IOCT,INNOVATOR INT DEV POWER BUFF,Long,37.87,0.24%,37.46,mfa,参数一,"{""mfa"": {""mfa_all"": 8}}",200.0,3.75,1D,,,,,,
2026-10-05 00:00:00,IOCT,INNOVATOR INT DEV POWER BUFF,Long,37.87,0.24%,37.46,mfa,参数二,"{""mfa"": {""mfa_all"": 8}}",200.0,3.75,1D,,,,,,
2026-10-05 00:00:00,KRRO,KORRO BIO INC,Long,9.97,3.42%,8.56,mfa,参数一,"{""mfa"": {""mfa_all"": 12}}",200.0,-14.78,1D,,,,,,
2026-10-05 00:00:00,KRRO,KORRO BIO INC,Long,9.97,3.42%,8.56,mfa,参数二,"{""mfa"": {""mfa_all"": 12}}",200.0,-14.78,1D,,,,,,
2026-10-05 00:00:00,UEVM,VICTORYSHARES EMERGING MARKE,Long,58.85,1.24%,58.16,mfa,参数一,"{""mfa"": {""mfa_all"": 14}}",200.0,0.72,1D,,,,,,
2026-10-05 00:00:00,UEVM,VICTORYSHARES EMERGING MARKE,Long,58.85,1.24%,58.16,mfa,参数二,"{""mfa"": {""mfa_all"": 14}}",200.0,0.72,1D,,,,,,
2026-10-05 00:00:00,EIG,EMPLOYERS HOLDINGS INC,Long,48.79,-0.69%,47.73,mfa,参数一,"{""mfa"": {""mfa_all"": 7}}",200.0,9.17,1D,,,,,,
2026-10-05 00:00:00,EIG,EMPLOYERS HOLDINGS INC,Long,48.79,-0.69%,47.73,mfa,参数二,"{""mfa"": {""mfa_all"": 7}}",200.0,9.17,1D,,,,,,
2026-10-05 00:00:00,TCHI,ISHARES MSCI CHINA TECH,Long,21.9,2.30%,21.35,suf,参数一,"{""suf"": {""timeframe"": ""d""}}",200.0,-7.72,1D,,,,,,
2026-10-05 00:00:00,TCHI,ISHARES MSCI CHINA TECH,Long,21.9,2.30%,21.35,suf,参数二,"{""suf"": {""timeframe"": ""d""}}",200.0,-7.72,1D,,,,,,
2026-10-05 00:00:00,ARKW,ARK NEXT GENERATION TECHNOLO,Long,165.9,1.85%,160.36,sqz,参数一,"{""sqz"": {""bb_length"": 15, ""bb_mult"": 1.5, ""kc_length"": 15, ""kc_mult"": 1.2, ""min_sqz_bars"": 4}, ""r&s"": {""srb_left"": 10, ""srb_right"": 10}, ""atr"": {""atr_length"": 14, ""atr_mult"": 1.0}}",,,1D,一直释放,132.87-149.68-155.07-150.7-160.96,高-高-低-高,12.65%-3.60%-2.82%-6.81%,21.0,5.86
2026-10-05 00:00:00,BCYC,BICYCLE THERAPEUTICS PLC-ADR,Long,4.01,18.64%,3.39,utb,参数一,"{""utb"": {""key_value"": 2.5, ""atr_period"": 14, ""use_ha"": false}, ""r&s"": {""srb_left"": 10, ""srb_right"": 10}, ""atr"": {""atr_length"": 14, ""atr_mult"": 1.0}}",,,1D,,,,,,
2026-10-05 00:00:00,BCYC,BICYCLE THERAPEUTICS PLC-ADR,Long,4.01,18.64%,3.39,utb,参数二,"{""utb"": {""key_value"": 3, ""atr_period"": 14, ""use_ha"": false}, ""r&s"": {""srb_left"": 15, ""srb_right"": 15}, ""atr"": {""atr_length"": 14, ""atr_mult"": 1.0}}",,,1D,,,,,,
2026-10-05 00:00:00,UPLD,UPLAND SOFTWARE INC,Long,3.8,1.88%,3.29,mfa,参数一,"{""mfa"": {""mfa_all"": 22}}",200.0,-49.66,1D,,,,,,
2026-10-05 00:00:00,UPLD,UPLAND SOFTWARE INC,Long,3.8,1.88%,3.29,mfa,参数二,"{""mfa"": {""mfa_all"": 22}}",200.0,-49.66,1D,,,,,,
2026-10-05 00:00:00,AIG,AMERICAN INTERNATIONAL GROUP,Long,75.12,0.25%,73.12,mfa,参数一,"{""mfa"": {""mfa_all"": 7}}",200.0,-1.34,1D,,,,,,
2026-10-05 00:00:00,AIG,AMERICAN INTERNATIONAL GROUP,Long,75.12,0.25%,73.12,mfa,参数二,"{""mfa"": {""mfa_all"": 7}}",200.0,-1.34,1D,,,,,,
2026-10-05 00:00:00,PYXS,PYXIS ONCOLOGY INC,Long,2.24,4.67%,1.77,suf,参数一,"{""suf"": {""timeframe"": ""d""}}",200.0,5.45,1D,,,,,,
2026-10-05 00:00:00,PYXS,PYXIS ONCOLOGY INC,Long,2.24,4.67%,1.77,suf,参数二,"{""suf"": {""timeframe"": ""d""}}",200.0,5.45,1D,,,,,,
2026-10-05 00:00:00,TIGR,UP FINTECH HOLDING LTD - ADR,Long,4.4,5.77%,4.02,suf,参数一,"{""suf"": {""timeframe"": ""d""}}",200.0,-30.71,1D,,,,,,
2026-10-05 00:00:00,TIGR,UP FINTECH HOLDING LTD - ADR,Long,4.4,5.77%,4.02,suf,参数二,"{""suf"": {""timeframe"": ""d""}}",200.0,-30.71,1D,,,,,,
2026-10-05 00:00:00,BL,BLACKLINE INC,Long,28.13,2.63%,26.22,mfa,参数一,"{""mfa"": {""mfa_all"": 13}}",200.0,-20.27,1D,,,,,,
2026-10-05 00:00:00,BL,BLACKLINE INC,Long,28.13,2.63%,26.22,mfa,参数二,"{""mfa"": {""mfa_all"": 13}}",200.0,-20.27,1D,,,,,,
2026-10-05 00:00:00,SKYY,FIRST TRUST CLOUD COMPUTING,Long,169.84,1.01%,164.6,sqz,参数二,"{""sqz"": {""bb_length"": 20, ""bb_mult"": 1.8, ""kc_length"": 20, ""kc_mult"": 1.5, ""min_sqz_bars"": 4}, ""r&s"": {""srb_left"": 15, ""srb_right"": 15}, ""atr"": {""atr_length"": 14, ""atr_mult"": 1.0}}",,,1D,一直亮绿,nan-155.76-143.65-169.05,低-低-高,nan%-7.77%-17.68%,36.0,8.15
2026-10-05 00:00:00,CETX,CEMTREX INC,Short,1.95,-4.41%,2.22,sqz,参数一,"{""sqz"": {""bb_length"": 15, ""bb_mult"": 1.5, ""kc_length"": 15, ""kc_mult"": 1.2, ""min_sqz_bars"": 4}, ""r&s"": {""srb_left"": 10, ""srb_right"": 10}, ""atr"": {""atr_length"": 14, ""atr_mult"": 1.0}}",,,1D,一直释放,20.95-5.1-7.43-2.38-2.42,低-高-低-高,75.66%-45.69%-67.97%-1.68%,45.0,28.1
2026-10-05 00:00:00,CETX,CEMTREX INC,Short,1.95,-4.41%,2.22,sqz,参数二,"{""sqz"": {""bb_length"": 20, ""bb_mult"": 1.8, ""kc_length"": 20, ""kc_mult"": 1.5, ""min_sqz_bars"": 4}, ""r&s"": {""srb_left"": 15, ""srb_right"": 15}, ""atr"": {""atr_length"": 14, ""atr_mult"": 1.0}}",,,1D,一直释放,nan-5.1-2.38-2.42,低-低-高,nan%-53.33%-1.68%,45.0,28.1
2026-10-05 00:00:00,RADX,RADIOPHARM THERANOSTICS LTD,Short,1.27,-10.56%,1.64,sqz,参数二,"{""sqz"": {""bb_length"": 20, ""bb_mult"": 1.8, ""kc_length"": 20, ""kc_mult"": 1.5, ""min_sqz_bars"": 4}, ""r&s"": {""srb_left"": 15, ""srb_right"": 15}, ""atr"": {""atr_length"": 14, ""atr_mult"": 1.0}}",,,1D,一直释放,4.67-4.69-3.9-3.96-3.95,高-低-高-低,0.43%-16.84%-1.54%-0.25%,69.0,13.67
2026-10-05 00:00:00,DEEF,XTRACK FTSE DEV EX US MULTI,Long,38.89,-0.14%,38.6,mfa,参数一,"{""mfa"": {""mfa_all"": 12}}",200.0,0.85,1D,,,,,,
2026-10-05 00:00:00,DEEF,XTRACK FTSE DEV EX US MULTI,Long,38.89,-0.14%,38.6,mfa,参数二,"{""mfa"": {""mfa_all"": 12}}",200.0,0.85,1D,,,,,,
2026-10-05 00:00:00,THM,INTL TOWER HILL MINES LTD,Short,2.43,-1.22%,2.64,utb,参数二,"{""utb"": {""key_value"": 3, ""atr_period"": 14, ""use_ha"": false}, ""r&s"": {""srb_left"": 15, ""srb_right"": 15}, ""atr"": {""atr_length"": 14, ""atr_mult"": 1.0}}",,,1D,,,,,,
2026-10-05 00:00:00,TNET,TRINET GROUP INC,Long,63.9,1.04%,60.66,mfa,参数一,"{""mfa"": {""mfa_all"": 8}}",200.0,22.84,1D,,,,,,
2026-10-05 00:00:00,TNET,TRINET GROUP INC,Long,63.9,1.04%,60.66,mfa,参数二,"{""mfa"": {""mfa_all"": 8}}",200.0,22.84,1D,,,,,,
2026-10-05 00:00:00,ZETA,ZETA GLOBAL HOLDINGS CORP-A,Long,32.88,0.77%,30.93,sqz,参数一,"{""sqz"": {""bb_length"": 15, ""bb_mult"": 1.5, ""kc_length"": 15, ""kc_mult"": 1.2, ""min_sqz_bars"": 4}, ""r&s"": {""srb_left"": 10, ""srb_right"": 10}, ""atr"": {""atr_length"": 14, ""atr_mult"": 1.0}}",,,1D,压力释放,19.88-25.95-23.34-29.89-32.81,高-低-高-高,30.53%-10.06%-28.06%-9.77%,20.0,17.05
2026-10-05 00:00:00,ALK,ALASKA AIR GROUP INC,Long,39.19,-0.86%,37.62,mfa,参数一,"{""mfa"": {""mfa_all"": 18}}",200.0,-13.61,1D,,,,,,
2026-10-05 00:00:00,ALK,ALASKA AIR GROUP INC,Long,39.19,-0.86%,37.62,mfa,参数二,"{""mfa"": {""mfa_all"": 18}}",200.0,-13.61,1D,,,,,,
2026-10-05 00:00:00,HERD,PACER CASH COWS FUND OF FUND,Long,49.08,0.18%,48.38,mfa,参数一,"{""mfa"": {""mfa_all"": 9}}",200.0,4.01,1D,,,,,,
2026-10-05 00:00:00,HERD,PACER CASH COWS FUND OF FUND,Long,49.08,0.18%,48.38,mfa,参数二,"{""mfa"": {""mfa_all"": 9}}",200.0,4.01,1D,,,,,,
2026-10-05 00:00:00,SNDR,SCHNEIDER NATIONAL INC-CL B,Long,32.32,-1.73%,30.63,mfa,参数一,"{""mfa"": {""mfa_all"": 24}}",200.0,2.77,1D,,,,,,
2026-10-05 00:00:00,SNDR,SCHNEIDER NATIONAL INC-CL B,Long,32.32,-1.73%,30.63,mfa,参数二,"{""mfa"": {""mfa_all"": 24}}",200.0,2.77,1D,,,,,,
2026-10-05 00:00:00,KMDA,KAMADA LTD,Short,8.0,-3.73%,8.38,utb,参数二,"{""utb"": {""key_value"": 3, ""atr_period"": 14, ""use_ha"": false}, ""r&s"": {""srb_left"": 15, ""srb_right"": 15}, ""atr"": {""atr_length"": 14, ""atr_mult"": 1.0}}",,,1D,,,,,,
2026-10-05 00:00:00,VCEB,VANGUARD ESG US CORP BOND,Long,59.36,0.02%,58.92,suf,参数一,"{""suf"": {""timeframe"": ""d""}}",200.0,-3.12,1D,,,,,,
2026-10-05 00:00:00,VCEB,VANGUARD ESG US CORP BOND,Long,59.36,0.02%,58.92,suf,参数二,"{""suf"": {""timeframe"": ""d""}}",200.0,-3.12,1D,,,,,,
2026-10-05 00:00:00,ZVRA,ZEVRA THERAPEUTICS INC,Long,10.7,7.11%,9.53,suf,参数一,"{""suf"": {""timeframe"": ""d""}}",200.0,1.23,1D,,,,,,
2026-10-05 00:00:00,ZVRA,ZEVRA THERAPEUTICS INC,Long,10.7,7.11%,9.53,suf,参数二,"{""suf"": {""timeframe"": ""d""}}",200.0,1.23,1D,,,,,,
2026-10-05 00:00:00,YOLO,ADVISORSHARES PURE CANNABIS,Short,2.8,-3.25%,3.09,sqz,参数一,"{""sqz"": {""bb_length"": 15, ""bb_mult"": 1.5, ""kc_length"": 15, ""kc_mult"": 1.2, ""min_sqz_bars"": 4}, ""r&s"": {""srb_left"": 10, ""srb_right"": 10}, ""atr"": {""atr_length"": 14, ""atr_mult"": 1.0}}",,,1D,支撑释放,nan-2.44-2.39-2.4-2.9,低-低-高-高,nan%-2.05%-0.42%-20.83%,16.0,17.24
2026-10-05 00:00:00,IART,INTEGRA LIFESCIENCES HOLDING,Long,13.29,4.81%,11.46,suf,参数一,"{""suf"": {""timeframe"": ""d""}}",200.0,-5.43,1D,,,,,,
2026-10-05 00:00:00,IART,INTEGRA LIFESCIENCES HOLDING,Long,13.29,4.81%,11.46,suf,参数二,"{""suf"": {""timeframe"": ""d""}}",200.0,-5.43,1D,,,,,,
2026-10-05 00:00:00,MMSD,NYLIM MACKAY MUNI SHORT DURA,Long,24.7,0.06%,24.6,mfa,参数一,"{""mfa"": {""mfa_all"": 18}}",200.0,-1.04,1D,,,,,,
2026-10-05 00:00:00,MMSD,NYLIM MACKAY MUNI SHORT DURA,Long,24.7,0.06%,24.6,mfa,参数二,"{""mfa"": {""mfa_all"": 18}}",200.0,-1.04,1D,,,,,,
2026-10-05 00:00:00,DFAU,DIMENSIONAL US CORE EQUITY M,Long,53.27,0.74%,52.44,utb,参数二,"{""utb"": {""key_value"": 3, ""atr_period"": 14, ""use_ha"": false}, ""r&s"": {""srb_left"": 15, ""srb_right"": 15}, ""atr"": {""atr_length"": 14, ""atr_mult"": 1.0}}",,,1D,,,,,,
2026-10-05 00:00:00,TZOO,TRAVELZOO,Long,5.38,3.26%,4.96,suf,参数一,"{""suf"": {""timeframe"": ""d""}}",200.0,-29.35,1D,,,,,,
2026-10-05 00:00:00,TZOO,TRAVELZOO,Long,5.38,3.26%,4.96,suf,参数二,"{""suf"": {""timeframe"": ""d""}}",200.0,-29.35,1D,,,,,,
2026-10-05 00:00:00,FDTS,FIRST TRUST DEVELOPED MARKET,Long,71.98,0.11%,71.05,sqz,参数二,"{""sqz"": {""bb_length"": 20, ""bb_mult"": 1.8, ""kc_length"": 20, ""kc_mult"": 1.5, ""min_sqz_bars"": 4}, ""r&s"": {""srb_left"": 15, ""srb_right"": 15}, ""atr"": {""atr_length"": 14, ""atr_mult"": 1.0}}",,,1D,压力释放,nan-71.25-71.51-71.37,低-高-低,nan%-0.38%-0.20%,34.0,3.15
2026-10-05 00:00:00,U,UNITY SOFTWARE INC,Long,45.68,4.75%,41.43,utb,参数一,"{""utb"": {""key_value"": 2.5, ""atr_period"": 14, ""use_ha"": false}, ""r&s"": {""srb_left"": 10, ""srb_right"": 10}, ""atr"": {""atr_length"": 14, ""atr_mult"": 1.0}}",,,1D,,,,,,
2026-10-05 00:00:00,U,UNITY SOFTWARE INC,Long,45.68,4.75%,41.43,mfa,参数一,"{""mfa"": {""mfa_all"": 8}}",200.0,43.08,1D,,,,,,
2026-10-05 00:00:00,U,UNITY SOFTWARE INC,Long,45.68,4.75%,41.43,mfa,参数二,"{""mfa"": {""mfa_all"": 8}}",200.0,43.08,1D,,,,,,
2026-10-05 00:00:00,FNGU,MS FANG+ 3X LEVERAGED ETN,Long,35.74,2.52%,33.58,sqz,参数一,"{""sqz"": {""bb_length"": 15, ""bb_mult"": 1.5, ""kc_length"": 15, ""kc_mult"": 1.2, ""min_sqz_bars"": 4}, ""r&s"": {""srb_left"": 10, ""srb_right"": 10}, ""atr"": {""atr_length"": 14, ""atr_mult"": 1.0}}",,,1D,一直释放,21.05-36.78-29.88-34.5-34.56,高-低-高-高,74.77%-18.76%-15.46%-0.17%,25.0,12.46
2026-10-05 00:00:00,POR,PORTLAND GENERAL ELECTRIC CO,Long,44.25,-0.67%,43.22,mfa,参数一,"{""mfa"": {""mfa_all"": 15}}",200.0,-10.21,1D,,,,,,
2026-10-05 00:00:00,POR,PORTLAND GENERAL ELECTRIC CO,Long,44.25,-0.67%,43.22,mfa,参数二,"{""mfa"": {""mfa_all"": 15}}",200.0,-10.21,1D,,,,,,
2026-10-05 00:00:00,JOET,VIRTUS TERRANOVA US QUAL MOM,Long,45.97,0.68%,45.22,utb,参数二,"{""utb"": {""key_value"": 3, ""atr_period"": 14, ""use_ha"": false}, ""r&s"": {""srb_left"": 15, ""srb_right"": 15}, ""atr"": {""atr_length"": 14, ""atr_mult"": 1.0}}",,,1D,,,,,,
2026-10-05 00:00:00,DVND,TOUCHSTONE DIVIDEND SELECT,Long,38.41,0.29%,38.13,mfa,参数一,"{""mfa"": {""mfa_all"": 14}}",200.0,2.56,1D,,,,,,
2026-10-05 00:00:00,DVND,TOUCHSTONE DIVIDEND SELECT,Long,38.41,0.29%,38.13,mfa,参数二,"{""mfa"": {""mfa_all"": 14}}",200.0,2.56,1D,,,,,,
2026-10-05 00:00:00,SAGP,STRATEGAS GLOBAL POLICY OPP,Long,35.17,0.45%,34.48,suf,参数一,"{""suf"": {""timeframe"": ""d""}}",200.0,-1.32,1D,,,,,,
2026-10-05 00:00:00,SAGP,STRATEGAS GLOBAL POLICY OPP,Long,35.17,0.45%,34.48,suf,参数二,"{""suf"": {""timeframe"": ""d""}}",200.0,-1.32,1D,,,,,,
2026-10-05 00:00:00,HVMC,HIGHVIEW MERGER CORP-CL A,Long,10.29,0.19%,10.28,utb,参数二,"{""utb"": {""key_value"": 3, ""atr_period"": 14, ""use_ha"": false}, ""r&s"": {""srb_left"": 15, ""srb_right"": 15}, ""atr"": {""atr_length"": 14, ""atr_mult"": 1.0}}",,,1D,,,,,,
2026-10-05 00:00:00,KCCA,KRANESHARES CALIFORNIA CARBO,Long,16.88,0.90%,16.59,utb,参数一,"{""utb"": {""key_value"": 2.5, ""atr_period"": 14, ""use_ha"": false}, ""r&s"": {""srb_left"": 10, ""srb_right"": 10}, ""atr"": {""atr_length"": 14, ""atr_mult"": 1.0}}",,,1D,,,,,,
2026-10-05 00:00:00,NVDA,NVIDIA CORP,Long,238.9,2.12%,229.23,sqz,参数一,"{""sqz"": {""bb_length"": 15, ""bb_mult"": 1.5, ""kc_length"": 15, ""kc_mult"": 1.2, ""min_sqz_bars"": 4}, ""r&s"": {""srb_left"": 10, ""srb_right"": 10}, ""atr"": {""atr_length"": 14, ""atr_mult"": 1.0}}",,,1D,一直亮绿,197.17-188.45-236.0-231.75-234.5,低-高-低-高,4.42%-25.23%-1.80%-1.19%,20.0,12.24
2026-10-05 00:00:00,NVDA,NVIDIA CORP,Long,238.9,2.12%,229.23,sqz,参数二,"{""sqz"": {""bb_length"": 20, ""bb_mult"": 1.8, ""kc_length"": 20, ""kc_mult"": 1.5, ""min_sqz_bars"": 4}, ""r&s"": {""srb_left"": 15, ""srb_right"": 15}, ""atr"": {""atr_length"": 14, ""atr_mult"": 1.0}}",,,1D,一直亮绿,193.18-194.04-197.17-236.0-234.5,高-高-高-低,0.44%-1.61%-19.69%-0.64%,20.0,12.24
2026-10-05 00:00:00,IDEC,INNO INT DEV POWER BUFF DEC,Long,34.56,0.09%,34.34,mfa,参数一,"{""mfa"": {""mfa_all"": 9}}",200.0,2.08,1D,,,,,,
2026-10-05 00:00:00,IDEC,INNO INT DEV POWER BUFF DEC,Long,34.56,0.09%,34.34,mfa,参数二,"{""mfa"": {""mfa_all"": 9}}",200.0,2.08,1D,,,,,,
2026-10-05 00:00:00,IZRL,ARK ISRAEL INNOVATIVE TECHNO,Long,28.89,0.31%,28.06,mfa,参数一,"{""mfa"": {""mfa_all"": 19}}",200.0,-2.31,1D,,,,,,
2026-10-05 00:00:00,IZRL,ARK ISRAEL INNOVATIVE TECHNO,Long,28.89,0.31%,28.06,mfa,参数二,"{""mfa"": {""mfa_all"": 19}}",200.0,-2.31,1D,,,,,,
2026-10-05 00:00:00,KWY,KINGSWAY CORP,Long,9.32,-1.17%,8.94,mfa,参数一,"{""mfa"": {""mfa_all"": 9}}",200.0,-14.87,1D,,,,,,
2026-10-05 00:00:00,KWY,KINGSWAY CORP,Long,9.32,-1.17%,8.94,mfa,参数二,"{""mfa"": {""mfa_all"": 9}}",200.0,-14.87,1D,,,,,,
2026-10-05 00:00:00,ICMB,INVESTCORP CREDIT MANAGEMENT,Short,0.71,-10.38%,0.82,sqz,参数一,"{""sqz"": {""bb_length"": 15, ""bb_mult"": 1.5, ""kc_length"": 15, ""kc_mult"": 1.2, ""min_sqz_bars"": 4}, ""r&s"": {""srb_left"": 10, ""srb_right"": 10}, ""atr"": {""atr_length"": 14, ""atr_mult"": 1.0}}",,,1D,支撑释放,2.66-1.29-0.99-0.73-0.82,低-低-低-高,51.50%-23.26%-26.16%-12.18%,22.0,9.76
2026-10-05 00:00:00,ICMB,INVESTCORP CREDIT MANAGEMENT,Short,0.71,-10.38%,0.82,sqz,参数二,"{""sqz"": {""bb_length"": 20, ""bb_mult"": 1.8, ""kc_length"": 20, ""kc_mult"": 1.5, ""min_sqz_bars"": 4}, ""r&s"": {""srb_left"": 15, ""srb_right"": 15}, ""atr"": {""atr_length"": 14, ""atr_mult"": 1.0}}",,,1D,支撑释放,nan-2.66-1.29-0.99-0.73,低-低-低-低,nan%-51.50%-23.26%-26.16%,58.0,23.12
2026-10-05 00:00:00,PSCE,INVESCO S&P SMALLCAP ENERGY,Long,60.11,1.71%,57.84,mfa,参数一,"{""mfa"": {""mfa_all"": 7}}",200.0,7.03,1D,,,,,,
2026-10-05 00:00:00,PSCE,INVESCO S&P SMALLCAP ENERGY,Long,60.11,1.71%,57.84,mfa,参数二,"{""mfa"": {""mfa_all"": 7}}",200.0,7.03,1D,,,,,,
2026-10-05 00:00:00,QDEL,QUIDELORTHO CORP,Long,12.14,12.72%,9.73,utb,参数一,"{""utb"": {""key_value"": 2.5, ""atr_period"": 14, ""use_ha"": false}, ""r&s"": {""srb_left"": 10, ""srb_right"": 10}, ""atr"": {""atr_length"": 14, ""atr_mult"": 1.0}}",,,1D,,,,,,
2026-10-05 00:00:00,XEUR,CORGI EUROPE EQUITIES 2X DLY,Long,23.14,-0.30%,22.79,mfa,参数一,"{""mfa"": {""mfa_all"": 18}}",200.0,,1D,,,,,,
2026-10-05 00:00:00,XEUR,CORGI EUROPE EQUITIES 2X DLY,Long,23.14,-0.30%,22.79,mfa,参数二,"{""mfa"": {""mfa_all"": 18}}",200.0,,1D,,,,,,
2026-10-05 00:00:00,MMS,MAXIMUS INC,Long,54.41,3.34%,50.77,mfa,参数一,"{""mfa"": {""mfa_all"": 8}}",200.0,-18.79,1D,,,,,,
2026-10-05 00:00:00,MMS,MAXIMUS INC,Long,54.41,3.34%,50.77,mfa,参数二,"{""mfa"": {""mfa_all"": 8}}",200.0,-18.79,1D,,,,,,
2026-10-05 00:00:00,RWAY,RUNWAY GROWTH FINANCE CORP,Short,6.44,-1.68%,6.77,utb,参数一,"{""utb"": {""key_value"": 2.5, ""atr_period"": 14, ""use_ha"": false}, ""r&s"": {""srb_left"": 10, ""srb_right"": 10}, ""atr"": {""atr_length"": 14, ""atr_mult"": 1.0}}",,,1D,,,,,,
2026-10-05 00:00:00,CDL,VICTORYSHARES US LARGE CAP H,Long,75.14,0.21%,73.87,suf,参数一,"{""suf"": {""timeframe"": ""d""}}",200.0,0.1,1D,,,,,,
2026-10-05 00:00:00,CDL,VICTORYSHARES US LARGE CAP H,Long,75.14,0.21%,73.87,suf,参数二,"{""suf"": {""timeframe"": ""d""}}",200.0,0.1,1D,,,,,,
2026-10-05 00:00:00,JULI,ALLIANZIM INTL BF15 UNCP JUL,Long,24.86,0.00%,24.7,mfa,参数一,"{""mfa"": {""mfa_all"": 15}}",200.0,,1D,,,,,,
2026-10-05 00:00:00,JULI,ALLIANZIM INTL BF15 UNCP JUL,Long,24.86,0.00%,24.7,mfa,参数二,"{""mfa"": {""mfa_all"": 15}}",200.0,,1D,,,,,,
2026-10-05 00:00:00,BALI,IS US LRG CP PRE INC ACT-USD,Long,34.77,0.70%,34.24,utb,参数二,"{""utb"": {""key_value"": 3, ""atr_period"": 14, ""use_ha"": false}, ""r&s"": {""srb_left"": 15, ""srb_right"": 15}, ""atr"": {""atr_length"": 14, ""atr_mult"": 1.0}}",,,1D,,,,,,
2026-10-05 00:00:00,ARKR,ARK RESTAURANTS CORP,Long,4.5,0.00%,4.36,mfa,参数一,"{""mfa"": {""mfa_all"": 17}}",200.0,-27.57,1D,,,,,,
2026-10-05 00:00:00,ARKR,ARK RESTAURANTS CORP,Long,4.5,0.00%,4.36,mfa,参数二,"{""mfa"": {""mfa_all"": 17}}",200.0,-27.57,1D,,,,,,
2026-10-05 00:00:00,IAGG,ISHARES INTL AGGREGATE BOND,Long,49.03,0.08%,48.81,suf,参数一,"{""suf"": {""timeframe"": ""d""}}",200.0,-1.26,1D,,,,,,
2026-10-05 00:00:00,IAGG,ISHARES INTL AGGREGATE BOND,Long,49.03,0.08%,48.81,suf,参数二,"{""suf"": {""timeframe"": ""d""}}",200.0,-1.26,1D,,,,,,
2026-10-05 00:00:00,BLUW,BLUE WATER ACQUISITION C-A,Long,10.39,0.10%,10.39,sqz,参数一,"{""sqz"": {""bb_length"": 15, ""bb_mult"": 1.5, ""kc_length"": 15, ""kc_mult"": 1.2, ""min_sqz_bars"": 4}, ""r&s"": {""srb_left"": 10, ""srb_right"": 10}, ""atr"": {""atr_length"": 14, ""atr_mult"": 1.0}}",,,1D,一直亮绿,10.38-10.3-10.36-10.37-10.39,低-高-高-高,0.77%-0.58%-0.10%-0.14%,20.0,0.24
2026-10-05 00:00:00,OXY,OCCIDENTAL PETROLEUM CORP,Long,58.31,0.40%,55.72,mfa,参数一,"{""mfa"": {""mfa_all"": 6}}",200.0,8.6,1D,,,,,,
2026-10-05 00:00:00,OXY,OCCIDENTAL PETROLEUM CORP,Long,58.31,0.40%,55.72,mfa,参数二,"{""mfa"": {""mfa_all"": 6}}",200.0,8.6,1D,,,,,,
2026-10-05 00:00:00,TAC,TRANSALTA CORP,Long,12.47,0.97%,11.82,utb,参数一,"{""utb"": {""key_value"": 2.5, ""atr_period"": 14, ""use_ha"": false}, ""r&s"": {""srb_left"": 10, ""srb_right"": 10}, ""atr"": {""atr_length"": 14, ""atr_mult"": 1.0}}",,,1D,,,,,,
2026-10-05 00:00:00,BSJU,INVESCO BULLETSHARES 2030 HY,Long,24.99,0.18%,24.83,suf,参数一,"{""suf"": {""timeframe"": ""d""}}",200.0,-0.53,1D,,,,,,
2026-10-05 00:00:00,BSJU,INVESCO BULLETSHARES 2030 HY,Long,24.99,0.18%,24.83,suf,参数二,"{""suf"": {""timeframe"": ""d""}}",200.0,-0.53,1D,,,,,,
2026-10-05 00:00:00,MSFD,DIRXN DLY MSFT BEAR 1X E-USI,Short,9.74,-1.49%,10.05,sqz,参数一,"{""sqz"": {""bb_length"": 15, ""bb_mult"": 1.5, ""kc_length"": 15, ""kc_mult"": 1.2, ""min_sqz_bars"": 4}, ""r&s"": {""srb_left"": 10, ""srb_right"": 10}, ""atr"": {""atr_length"": 14, ""atr_mult"": 1.0}}",,,1D,支撑释放,12.96-12.33-11.39-9.96-9.87,低-低-低-低,4.88%-7.64%-12.53%-0.92%,25.0,6.54
2026-10-05 00:00:00,MSFD,DIRXN DLY MSFT BEAR 1X E-USI,Short,9.74,-1.49%,10.05,sqz,参数二,"{""sqz"": {""bb_length"": 20, ""bb_mult"": 1.8, ""kc_length"": 20, ""kc_mult"": 1.5, ""min_sqz_bars"": 4}, ""r&s"": {""srb_left"": 15, ""srb_right"": 15}, ""atr"": {""atr_length"": 14, ""atr_mult"": 1.0}}",,,1D,支撑释放,nan-12.96-12.33-11.39-9.87,低-低-低-低,nan%-4.88%-7.64%-13.33%,25.0,6.54
2026-10-05 00:00:00,PTC,PTC INC,Long,192.26,33.49%,183.54,sqz,参数一,"{""sqz"": {""bb_length"": 15, ""bb_mult"": 1.5, ""kc_length"": 15, ""kc_mult"": 1.2, ""min_sqz_bars"": 4}, ""r&s"": {""srb_left"": 10, ""srb_right"": 10}, ""atr"": {""atr_length"": 14, ""atr_mult"": 1.0}}",,,1D,一直亮绿,nan-168.55-153.98-159.46,低-低-高,nan%-8.64%-3.56%,25.0,25.77
2026-10-05 00:00:00,JUNM,FT VEST US EQ MAX BUF JUNE,Long,35.52,0.13%,35.42,sqz,参数一,"{""sqz"": {""bb_length"": 15, ""bb_mult"": 1.5, ""kc_length"": 15, ""kc_mult"": 1.2, ""min_sqz_bars"": 4}, ""r&s"": {""srb_left"": 10, ""srb_right"": 10}, ""atr"": {""atr_length"": 14, ""atr_mult"": 1.0}}",,,1D,压力释放,nan-34.48-35.22-35.49,低-高-高,nan%-2.15%-0.77%,27.0,0.71
2026-10-05 00:00:00,DTI,DRILLING TOOLS INTERNATIONAL,Long,2.36,3.06%,2.2,mfa,参数一,"{""mfa"": {""mfa_all"": 6}}",200.0,-20.15,1D,,,,,,
2026-10-05 00:00:00,DTI,DRILLING TOOLS INTERNATIONAL,Long,2.36,3.06%,2.2,mfa,参数二,"{""mfa"": {""mfa_all"": 6}}",200.0,-20.15,1D,,,,,,
2026-10-05 00:00:00,IDMY,CORGI INTL DEV EQ 15%-MAY,Long,25.34,1.40%,24.84,mfa,参数一,"{""mfa"": {""mfa_all"": 12}}",200.0,,1D,,,,,,
2026-10-05 00:00:00,IDMY,CORGI INTL DEV EQ 15%-MAY,Long,25.34,1.40%,24.84,mfa,参数二,"{""mfa"": {""mfa_all"": 12}}",200.0,,1D,,,,,,
2026-10-05 00:00:00,WERN,WERNER ENTERPRISES INC,Long,34.15,-3.01%,32.39,mfa,参数一,"{""mfa"": {""mfa_all"": 14}}",200.0,-4.77,1D,,,,,,
2026-10-05 00:00:00,WERN,WERNER ENTERPRISES INC,Long,34.15,-3.01%,32.39,mfa,参数二,"{""mfa"": {""mfa_all"": 14}}",200.0,-4.77,1D,,,,,,
2026-10-05 00:00:00,PRSU,PURSUIT ATTRACTIONS AND HOSP,Long,52.29,-0.17%,50.2,sqz,参数一,"{""sqz"": {""bb_length"": 15, ""bb_mult"": 1.5, ""kc_length"": 15, ""kc_mult"": 1.2, ""min_sqz_bars"": 4}, ""r&s"": {""srb_left"": 10, ""srb_right"": 10}, ""atr"": {""atr_length"": 14, ""atr_mult"": 1.0}}",,,1D,压力释放,42.8-45.47-56.52-54.24-50.51,高-高-低-低,6.24%-24.30%-4.03%-6.88%,27.0,7.31
2026-10-05 00:00:00,PIE,INVESCO DORSEY WRIGHT EMERGI,Long,35.48,2.04%,34.66,sqz,参数二,"{""sqz"": {""bb_length"": 20, ""bb_mult"": 1.8, ""kc_length"": 20, ""kc_mult"": 1.5, ""min_sqz_bars"": 4}, ""r&s"": {""srb_left"": 15, ""srb_right"": 15}, ""atr"": {""atr_length"": 14, ""atr_mult"": 1.0}}",,,1D,一直亮绿,nan-28.07-34.9,低-高,nan%-24.37%,73.0,24.06
2026-10-05 00:00:00,DDL,DINGDONG CAYMAN LTD -SPN ADR,Short,2.1,-2.33%,2.23,sqz,参数二,"{""sqz"": {""bb_length"": 20, ""bb_mult"": 1.8, ""kc_length"": 20, ""kc_mult"": 1.5, ""min_sqz_bars"": 4}, ""r&s"": {""srb_left"": 15, ""srb_right"": 15}, ""atr"": {""atr_length"": 14, ""atr_mult"": 1.0}}",,,1D,支撑释放,2.43-2.41-1.86-2.18-2.1,低-低-高-低,0.82%-22.82%-17.47%-3.89%,17.0,10.95
2026-10-05 00:00:00,FLCC,FED HERMES LARGE CAP CORE,Long,36.89,0.76%,36.34,utb,参数一,"{""utb"": {""key_value"": 2.5, ""atr_period"": 14, ""use_ha"": false}, ""r&s"": {""srb_left"": 10, ""srb_right"": 10}, ""atr"": {""atr_length"": 14, ""atr_mult"": 1.0}}",,,1D,,,,,,
2026-10-05 00:00:00,SVAL,ISHARES US SMALL CAP VAL FAC,Long,42.29,0.53%,41.66,utb,参数一,"{""utb"": {""key_value"": 2.5, ""atr_period"": 14, ""use_ha"": false}, ""r&s"": {""srb_left"": 10, ""srb_right"": 10}, ""atr"": {""atr_length"": 14, ""atr_mult"": 1.0}}",,,1D,,,,,,
2026-10-05 00:00:00,RGNT,REGENTIS BIOMATERIALS LTD/IS,Short,1.67,-9.73%,2.02,sqz,参数一,"{""sqz"": {""bb_length"": 15, ""bb_mult"": 1.5, ""kc_length"": 15, ""kc_mult"": 1.2, ""min_sqz_bars"": 4}, ""r&s"": {""srb_left"": 10, ""srb_right"": 10}, ""atr"": {""atr_length"": 14, ""atr_mult"": 1.0}}",,,1D,一直亮红,4.37-2.8-1.23-1.7-1.73,低-低-高-高,35.93%-56.00%-37.99%-1.76%,11.0,43.35
2026-10-05 00:00:00,AIVI,WISDOMTREE INTERNATIONAL AI,Long,57.39,-0.03%,56.83,mfa,参数一,"{""mfa"": {""mfa_all"": 9}}",200.0,3.84,1D,,,,,,
2026-10-05 00:00:00,AIVI,WISDOMTREE INTERNATIONAL AI,Long,57.39,-0.03%,56.83,mfa,参数二,"{""mfa"": {""mfa_all"": 9}}",200.0,3.84,1D,,,,,,
2026-10-05 00:00:00,NRC,NRC HEALTH,Long,20.78,2.11%,19.25,mfa,参数一,"{""mfa"": {""mfa_all"": 7}}",200.0,11.18,1D,,,,,,
2026-10-05 00:00:00,NRC,NRC HEALTH,Long,20.78,2.11%,19.25,mfa,参数二,"{""mfa"": {""mfa_all"": 7}}",200.0,11.18,1D,,,,,,
2026-10-05 00:00:00,IHE,ISHARES US PHARMACEUTICALS E,Short,98.22,-0.44%,100.58,sqz,参数一,"{""sqz"": {""bb_length"": 15, ""bb_mult"": 1.5, ""kc_length"": 15, ""kc_mult"": 1.2, ""min_sqz_bars"": 4}, ""r&s"": {""srb_left"": 10, ""srb_right"": 10}, ""atr"": {""atr_length"": 14, ""atr_mult"": 1.0}}",,,1D,支撑释放,82.28-82.99-84.11-90.61-100.34,高-高-高-高,0.86%-1.35%-7.72%-10.74%,14.0,3.29
2026-10-05 00:00:00,EDN,EMP DISTRIB Y COMERC NOR-ADR,Long,20.83,4.46%,19.39,suf,参数一,"{""suf"": {""timeframe"": ""d""}}",200.0,-20.96,1D,,,,,,
2026-10-05 00:00:00,EDN,EMP DISTRIB Y COMERC NOR-ADR,Long,20.83,4.46%,19.39,suf,参数二,"{""suf"": {""timeframe"": ""d""}}",200.0,-20.96,1D,,,,,,
2026-10-05 00:00:00,ON,ON SEMICONDUCTOR,Long,85.93,1.23%,80.37,sqz,参数一,"{""sqz"": {""bb_length"": 15, ""bb_mult"": 1.5, ""kc_length"": 15, ""kc_mult"": 1.2, ""min_sqz_bars"": 4}, ""r&s"": {""srb_left"": 10, ""srb_right"": 10}, ""atr"": {""atr_length"": 14, ""atr_mult"": 1.0}}",,,1D,一直亮绿,nan-73.76-134.92-132.42-85.55,低-高-低-低,nan%-82.92%-1.85%-35.39%,34.0,30.02
2026-10-05 00:00:00,JPNU,MICROSECTORS 3X LNG JP ETN,Long,27.71,1.09%,26.99,sqz,参数一,"{""sqz"": {""bb_length"": 15, ""bb_mult"": 1.5, ""kc_length"": 15, ""kc_mult"": 1.2, ""min_sqz_bars"": 4}, ""r&s"": {""srb_left"": 10, ""srb_right"": 10}, ""atr"": {""atr_length"": 14, ""atr_mult"": 1.0}}",,,1D,压力释放,nan-27.65,低,nan%,16.0,11.09
2026-10-05 00:00:00,MYCJ,STATE STREET MY2030 CORPORAT,Long,23.9,0.13%,23.81,mfa,参数一,"{""mfa"": {""mfa_all"": 18}}",200.0,-1.3,1D,,,,,,
2026-10-05 00:00:00,MYCJ,STATE STREET MY2030 CORPORAT,Long,23.9,0.13%,23.81,mfa,参数二,"{""mfa"": {""mfa_all"": 18}}",200.0,-1.3,1D,,,,,,
2026-10-05 00:00:00,ENVX,ENOVIX CORP,Short,2.67,-4.64%,3.05,sqz,参数二,"{""sqz"": {""bb_length"": 20, ""bb_mult"": 1.8, ""kc_length"": 20, ""kc_mult"": 1.5, ""min_sqz_bars"": 4}, ""r&s"": {""srb_left"": 15, ""srb_right"": 15}, ""atr"": {""atr_length"": 14, ""atr_mult"": 1.0}}",,,1D,一直释放,nan-4.61-5.39-3.06,低-高-低,nan%-16.79%-43.23%,33.0,18.3
2026-10-05 00:00:00,WB,WEIBO CORP-SPON ADR,Long,6.48,2.37%,6.23,suf,参数一,"{""suf"": {""timeframe"": ""d""}}",200.0,-21.59,1D,,,,,,
2026-10-05 00:00:00,WB,WEIBO CORP-SPON ADR,Long,6.48,2.37%,6.23,suf,参数二,"{""suf"": {""timeframe"": ""d""}}",200.0,-21.59,1D,,,,,,
2026-10-05 00:00:00,EZGO,EZGO TECHNOLOGIES LTD,Long,0.92,8.00%,0.69,mfa,参数一,"{""mfa"": {""mfa_all"": 25}}",200.0,-99.2,1D,,,,,,
2026-10-05 00:00:00,EZGO,EZGO TECHNOLOGIES LTD,Long,0.92,8.00%,0.69,mfa,参数二,"{""mfa"": {""mfa_all"": 25}}",200.0,-99.2,1D,,,,,,
2026-10-05 00:00:00,NESR,NATIONAL ENERGY SERVICES REU,Short,24.08,-2.39%,26.7,sqz,参数一,"{""sqz"": {""bb_length"": 15, ""bb_mult"": 1.5, ""kc_length"": 15, ""kc_mult"": 1.2, ""min_sqz_bars"": 4}, ""r&s"": {""srb_left"": 10, ""srb_right"": 10}, ""atr"": {""atr_length"": 14, ""atr_mult"": 1.0}}",,,1D,一直亮红,18.46-20.57-23.07-23.41-24.37,高-高-高-高,11.44%-12.12%-1.50%-4.10%,47.0,51.58
2026-10-05 00:00:00,NESR,NATIONAL ENERGY SERVICES REU,Short,24.08,-2.39%,26.7,sqz,参数二,"{""sqz"": {""bb_length"": 20, ""bb_mult"": 1.8, ""kc_length"": 20, ""kc_mult"": 1.5, ""min_sqz_bars"": 4}, ""r&s"": {""srb_left"": 15, ""srb_right"": 15}, ""atr"": {""atr_length"": 14, ""atr_mult"": 1.0}}",,,1D,一直亮红,nan-18.46-23.07-23.41-24.37,低-高-高-高,nan%-24.95%-1.50%-4.10%,47.0,51.58
2026-10-05 00:00:00,NPWR,NET POWER INC,Short,1.29,-7.19%,1.49,sqz,参数一,"{""sqz"": {""bb_length"": 15, ""bb_mult"": 1.5, ""kc_length"": 15, ""kc_mult"": 1.2, ""min_sqz_bars"": 4}, ""r&s"": {""srb_left"": 10, ""srb_right"": 10}, ""atr"": {""atr_length"": 14, ""atr_mult"": 1.0}}",,,1D,一直亮红,2.1-1.69-1.46-1.75-1.35,低-低-高-低,19.33%-13.91%-19.93%-22.64%,47.0,57.04
2026-10-05 00:00:00,NPWR,NET POWER INC,Short,1.29,-7.19%,1.49,sqz,参数二,"{""sqz"": {""bb_length"": 20, ""bb_mult"": 1.8, ""kc_length"": 20, ""kc_mult"": 1.5, ""min_sqz_bars"": 4}, ""r&s"": {""srb_left"": 15, ""srb_right"": 15}, ""atr"": {""atr_length"": 14, ""atr_mult"": 1.0}}",,,1D,一直亮红,nan-1.46-1.35,低-低,nan%-7.22%,47.0,57.04
2026-10-05 00:00:00,FLQS,FRANKLIN U.S. SMALL CAP MULT,Long,47.56,0.32%,46.91,utb,参数一,"{""utb"": {""key_value"": 2.5, ""atr_period"": 14, ""use_ha"": false}, ""r&s"": {""srb_left"": 10, ""srb_right"": 10}, ""atr"": {""atr_length"": 14, ""atr_mult"": 1.0}}",,,1D,,,,,,
2026-10-05 00:00:00,YCY,AA MISSION ACQUISITION-A,Long,10.26,0.00%,10.24,mfa,参数一,"{""mfa"": {""mfa_all"": 6}}",200.0,1.35,1D,,,,,,
2026-10-05 00:00:00,YCY,AA MISSION ACQUISITION-A,Long,10.26,0.00%,10.24,mfa,参数二,"{""mfa"": {""mfa_all"": 6}}",200.0,1.35,1D,,,,,,
2026-10-05 00:00:00,REMC,COLUMBIA RESEAR ENH MID CAP,Long,23.0,0.58%,22.74,utb,参数一,"{""utb"": {""key_value"": 2.5, ""atr_period"": 14, ""use_ha"": false}, ""r&s"": {""srb_left"": 10, ""srb_right"": 10}, ""atr"": {""atr_length"": 14, ""atr_mult"": 1.0}}",,,1D,,,,,,
2026-10-05 00:00:00,REMC,COLUMBIA RESEAR ENH MID CAP,Long,23.0,0.58%,22.74,utb,参数二,"{""utb"": {""key_value"": 3, ""atr_period"": 14, ""use_ha"": false}, ""r&s"": {""srb_left"": 15, ""srb_right"": 15}, ""atr"": {""atr_length"": 14, ""atr_mult"": 1.0}}",,,1D,,,,,,
2026-10-05 00:00:00,RDNW,RIDENOW GROUP INC,Short,4.95,-7.99%,5.73,sqz,参数一,"{""sqz"": {""bb_length"": 15, ""bb_mult"": 1.5, ""kc_length"": 15, ""kc_mult"": 1.2, ""min_sqz_bars"": 4}, ""r&s"": {""srb_left"": 10, ""srb_right"": 10}, ""atr"": {""atr_length"": 14, ""atr_mult"": 1.0}}",,,1D,支撑释放,4.68-5.66-5.62-5.71-5.38,高-低-高-低,20.83%-0.62%-1.65%-5.83%,24.0,29.35
2026-10-05 00:00:00,RDNW,RIDENOW GROUP INC,Short,4.95,-7.99%,5.73,sqz,参数二,"{""sqz"": {""bb_length"": 20, ""bb_mult"": 1.8, ""kc_length"": 20, ""kc_mult"": 1.5, ""min_sqz_bars"": 4}, ""r&s"": {""srb_left"": 15, ""srb_right"": 15}, ""atr"": {""atr_length"": 14, ""atr_mult"": 1.0}}",,,1D,支撑释放,nan-4.68-5.62-5.71-5.38,低-高-高-低,nan%-20.09%-1.65%-5.83%,24.0,29.35
2026-10-05 00:00:00,VNCE,VINCE HOLDING CORP,Long,11.44,8.95%,9.54,sqz,参数二,"{""sqz"": {""bb_length"": 20, ""bb_mult"": 1.8, ""kc_length"": 20, ""kc_mult"": 1.5, ""min_sqz_bars"": 4}, ""r&s"": {""srb_left"": 15, ""srb_right"": 15}, ""atr"": {""atr_length"": 14, ""atr_mult"": 1.0}}",,,1D,一直释放,nan-3.25-5.9-8.2,低-高-高,nan%-81.54%-38.98%,70.0,67.01
2026-10-05 00:00:00,USSH,WISDOMTREE 1-3 Y LAD TRY FD,Long,3.31,9.60%,2.89,sqz,参数一,"{""sqz"": {""bb_length"": 15, ""bb_mult"": 1.5, ""kc_length"": 15, ""kc_mult"": 1.2, ""min_sqz_bars"": 4}, ""r&s"": {""srb_left"": 10, ""srb_right"": 10}, ""atr"": {""atr_length"": 14, ""atr_mult"": 1.0}}",,,1D,一直亮绿,nan-4.25-4.15-7.81-3.2,低-低-高-低,nan%-2.35%-88.19%-59.03%,38.0,33.33
2026-10-05 00:00:00,USSH,WISDOMTREE 1-3 Y LAD TRY FD,Long,3.31,9.60%,2.89,sqz,参数二,"{""sqz"": {""bb_length"": 20, ""bb_mult"": 1.8, ""kc_length"": 20, ""kc_mult"": 1.5, ""min_sqz_bars"": 4}, ""r&s"": {""srb_left"": 15, ""srb_right"": 15}, ""atr"": {""atr_length"": 14, ""atr_mult"": 1.0}}",,,1D,一直亮绿,nan-7.81-3.2,低-低,nan%-59.03%,38.0,33.33
2026-10-05 00:00:00,SMCI,SUPER MICRO COMPUTER INC,Long,5.23,0.58%,4.91,mfa,参数一,"{""mfa"": {""mfa_all"": 19}}",200.0,-12.53,1D,,,,,,
2026-10-05 00:00:00,SMCI,SUPER MICRO COMPUTER INC,Long,5.23,0.58%,4.91,mfa,参数二,"{""mfa"": {""mfa_all"": 19}}",200.0,-12.53,1D,,,,,,
2026-10-05 00:00:00,GENT,GENTER CAPITAL TAXABLE,Long,9.89,0.13%,9.82,suf,参数一,"{""suf"": {""timeframe"": ""d""}}",200.0,-1.81,1D,,,,,,
2026-10-05 00:00:00,GENT,GENTER CAPITAL TAXABLE,Long,9.89,0.13%,9.82,suf,参数二,"{""suf"": {""timeframe"": ""d""}}",200.0,-1.81,1D,,,,,,
2026-10-05 00:00:00,STI,SOLIDION TECHNOLOGY INC,Long,5.43,2.26%,4.57,suf,参数一,"{""suf"": {""timeframe"": ""d""}}",200.0,-27.98,1D,,,,,,
2026-10-05 00:00:00,STI,SOLIDION TECHNOLOGY INC,Long,5.43,2.26%,4.57,suf,参数二,"{""suf"": {""timeframe"": ""d""}}",200.0,-27.98,1D,,,,,,
2026-10-05 00:00:00,RM,REGIONAL MANAGEMENT CORP,Long,32.77,3.05%,30.66,utb,参数一,"{""utb"": {""key_value"": 2.5, ""atr_period"": 14, ""use_ha"": false}, ""r&s"": {""srb_left"": 10, ""srb_right"": 10}, ""atr"": {""atr_length"": 14, ""atr_mult"": 1.0}}",,,1D,,,,,,
2026-10-05 00:00:00,TBLA,TABOOLA.COM LTD,Long,3.27,1.24%,3.08,suf,参数一,"{""suf"": {""timeframe"": ""d""}}",200.0,-19.99,1D,,,,,,
2026-10-05 00:00:00,TBLA,TABOOLA.COM LTD,Long,3.27,1.24%,3.08,suf,参数二,"{""suf"": {""timeframe"": ""d""}}",200.0,-19.99,1D,,,,,,
2026-10-05 00:00:00,IQDG,WISDOMTREE INTL QLTY DVD GRW,Long,42.4,-0.13%,41.74,mfa,参数一,"{""mfa"": {""mfa_all"": 15}}",200.0,0.24,1D,,,,,,
2026-10-05 00:00:00,IQDG,WISDOMTREE INTL QLTY DVD GRW,Long,42.4,-0.13%,41.74,mfa,参数二,"{""mfa"": {""mfa_all"": 15}}",200.0,0.24,1D,,,,,,
2026-10-05 00:00:00,TEN,TSAKOS ENERGY NAVIGATION LTD,Long,51.29,2.48%,47.08,sqz,参数二,"{""sqz"": {""bb_length"": 20, ""bb_mult"": 1.8, ""kc_length"": 20, ""kc_mult"": 1.5, ""min_sqz_bars"": 4}, ""r&s"": {""srb_left"": 15, ""srb_right"": 15}, ""atr"": {""atr_length"": 14, ""atr_mult"": 1.0}}",,,1D,一直释放,nan-40.2-44.69-40.31,低-高-低,nan%-11.15%-9.79%,72.0,18.54
2026-10-05 00:00:00,TNXP,TONIX PHARMACEUTICALS HOLDIN,Short,8.07,-9.43%,9.47,sqz,参数一,"{""sqz"": {""bb_length"": 15, ""bb_mult"": 1.5, ""kc_length"": 15, ""kc_mult"": 1.2, ""min_sqz_bars"": 4}, ""r&s"": {""srb_left"": 10, ""srb_right"": 10}, ""atr"": {""atr_length"": 14, ""atr_mult"": 1.0}}",,,1D,一直释放,13.07-11.6-12.0-10.03-9.4,低-高-低-低,11.25%-3.45%-16.42%-6.28%,46.0,54.26
2026-10-05 00:00:00,TNXP,TONIX PHARMACEUTICALS HOLDIN,Short,8.07,-9.43%,9.47,sqz,参数二,"{""sqz"": {""bb_length"": 20, ""bb_mult"": 1.8, ""kc_length"": 20, ""kc_mult"": 1.5, ""min_sqz_bars"": 4}, ""r&s"": {""srb_left"": 15, ""srb_right"": 15}, ""atr"": {""atr_length"": 14, ""atr_mult"": 1.0}}",,,1D,一直释放,14.94-11.6-12.0-10.03-9.4,低-高-低-低,22.36%-3.45%-16.42%-6.28%,46.0,54.26
2026-10-05 00:00:00,GMEX,GMEX ROBOTICS CORPORATION,Short,2.31,-5.71%,2.82,utb,参数一,"{""utb"": {""key_value"": 2.5, ""atr_period"": 14, ""use_ha"": false}, ""r&s"": {""srb_left"": 10, ""srb_right"": 10}, ""atr"": {""atr_length"": 14, ""atr_mult"": 1.0}}",,,1D,,,,,,
2026-10-05 00:00:00,SLDB,SOLID BIOSCIENCES INC,Long,7.06,3.07%,6.3,suf,参数一,"{""suf"": {""timeframe"": ""d""}}",200.0,-7.07,1D,,,,,,
2026-10-05 00:00:00,SLDB,SOLID BIOSCIENCES INC,Long,7.06,3.07%,6.3,suf,参数二,"{""suf"": {""timeframe"": ""d""}}",200.0,-7.07,1D,,,,,,
2026-10-05 00:00:00,KLAR,KLARNA GROUP PLC,Long,13.09,4.64%,11.97,suf,参数一,"{""suf"": {""timeframe"": ""d""}}",200.0,-27.1,1D,,,,,,
2026-10-05 00:00:00,KLAR,KLARNA GROUP PLC,Long,13.09,4.64%,11.97,suf,参数二,"{""suf"": {""timeframe"": ""d""}}",200.0,-27.1,1D,,,,,,
2026-10-05 00:00:00,CRL,CHARLES RIVER LABORATORIES,Long,310.77,7.09%,281.61,sqz,参数二,"{""sqz"": {""bb_length"": 20, ""bb_mult"": 1.8, ""kc_length"": 20, ""kc_mult"": 1.5, ""min_sqz_bars"": 4}, ""r&s"": {""srb_left"": 15, ""srb_right"": 15}, ""atr"": {""atr_length"": 14, ""atr_mult"": 1.0}}",,,1D,一直亮绿,nan-228.88-194.57-303.31,低-低-高,nan%-14.99%-55.89%,26.0,13.48
2026-10-05 00:00:00,IBDY,ISHARES IBONDS DEC 2033 CORP,Long,24.41,0.08%,24.21,suf,参数一,"{""suf"": {""timeframe"": ""d""}}",200.0,-3.02,1D,,,,,,
2026-10-05 00:00:00,IBDY,ISHARES IBONDS DEC 2033 CORP,Long,24.41,0.08%,24.21,suf,参数二,"{""suf"": {""timeframe"": ""d""}}",200.0,-3.02,1D,,,,,,
2026-10-05 00:00:00,XTLB,XTL BIOPHARMACEUTICALS-ADR,Long,2.18,0.93%,2.0,mfa,参数一,"{""mfa"": {""mfa_all"": 28}}",200.0,-22.34,1D,,,,,,
2026-10-05 00:00:00,XTLB,XTL BIOPHARMACEUTICALS-ADR,Long,2.18,0.93%,2.0,mfa,参数二,"{""mfa"": {""mfa_all"": 28}}",200.0,-22.34,1D,,,,,,
2026-10-05 00:00:00,WTMU,WISDOMTREE CORE LADR MUNI FD,Long,24.34,0.07%,24.25,mfa,参数一,"{""mfa"": {""mfa_all"": 26}}",200.0,-3.66,1D,,,,,,
2026-10-05 00:00:00,WTMU,WISDOMTREE CORE LADR MUNI FD,Long,24.34,0.07%,24.25,mfa,参数二,"{""mfa"": {""mfa_all"": 26}}",200.0,-3.66,1D,,,,,,
2026-10-05 00:00:00,PATX,TRADR 2X LONG PATH,Long,9.69,0.94%,8.12,mfa,参数一,"{""mfa"": {""mfa_all"": 12}}",200.0,,1D,,,,,,
2026-10-05 00:00:00,PATX,TRADR 2X LONG PATH,Long,9.69,0.94%,8.12,mfa,参数二,"{""mfa"": {""mfa_all"": 12}}",200.0,,1D,,,,,,
2026-10-05 00:00:00,SMWB,SIMILARWEB LTD,Long,8.08,1.51%,7.43,mfa,参数一,"{""mfa"": {""mfa_all"": 6}}",200.0,50.8,1D,,,,,,
2026-10-05 00:00:00,SMWB,SIMILARWEB LTD,Long,8.08,1.51%,7.43,mfa,参数二,"{""mfa"": {""mfa_all"": 6}}",200.0,50.8,1D,,,,,,
2026-10-05 00:00:00,ARI,APOLLO COMMERCIAL REAL ESTAT,Long,6.23,0.48%,5.99,suf,参数一,"{""suf"": {""timeframe"": ""d""}}",200.0,-7.22,1D,,,,,,
2026-10-05 00:00:00,ARI,APOLLO COMMERCIAL REAL ESTAT,Long,6.23,0.48%,5.99,suf,参数二,"{""suf"": {""timeframe"": ""d""}}",200.0,-7.22,1D,,,,,,
2026-10-05 00:00:00,OMAH,VISTASHARES TRG 15 BERKSHIRE,Long,17.58,0.29%,17.31,suf,参数一,"{""suf"": {""timeframe"": ""d""}}",200.0,-0.21,1D,,,,,,
2026-10-05 00:00:00,OMAH,VISTASHARES TRG 15 BERKSHIRE,Long,17.58,0.29%,17.31,suf,参数二,"{""suf"": {""timeframe"": ""d""}}",200.0,-0.21,1D,,,,,,
2026-10-05 00:00:00,EWTX,EDGEWISE THERAPEUTICS INC,Long,40.3,-2.66%,37.86,mfa,参数一,"{""mfa"": {""mfa_all"": 9}}",200.0,15.51,1D,,,,,,
2026-10-05 00:00:00,EWTX,EDGEWISE THERAPEUTICS INC,Short,40.3,-2.66%,43.91,sqz,参数二,"{""sqz"": {""bb_length"": 20, ""bb_mult"": 1.8, ""kc_length"": 20, ""kc_mult"": 1.5, ""min_sqz_bars"": 4}, ""r&s"": {""srb_left"": 15, ""srb_right"": 15}, ""atr"": {""atr_length"": 14, ""atr_mult"": 1.0}}",,,1D,一直亮红,26.82-30.12-30.84-36.88-40.64,高-高-高-高,12.29%-2.39%-19.58%-10.20%,24.0,19.37
2026-10-05 00:00:00,EWTX,EDGEWISE THERAPEUTICS INC,Long,40.3,-2.66%,37.86,mfa,参数二,"{""mfa"": {""mfa_all"": 9}}",200.0,15.51,1D,,,,,,
2026-10-05 00:00:00,NBSD,NEUBERGER SHORT DURATION INC,Long,49.92,0.04%,49.73,mfa,参数一,"{""mfa"": {""mfa_all"": 16}}",200.0,0.2,1D,,,,,,
2026-10-05 00:00:00,NBSD,NEUBERGER SHORT DURATION INC,Long,49.92,0.04%,49.73,mfa,参数二,"{""mfa"": {""mfa_all"": 16}}",200.0,0.2,1D,,,,,,
2026-10-05 00:00:00,BOOT,BOOT BARN HOLDINGS INC,Long,122.88,0.82%,115.62,mfa,参数一,"{""mfa"": {""mfa_all"": 19}}",200.0,-25.43,1D,,,,,,
2026-10-05 00:00:00,BOOT,BOOT BARN HOLDINGS INC,Long,122.88,0.82%,115.62,mfa,参数二,"{""mfa"": {""mfa_all"": 19}}",200.0,-25.43,1D,,,,,,
2026-10-05 00:00:00,TRU,TRANSUNION,Long,63.82,0.60%,60.02,suf,参数一,"{""suf"": {""timeframe"": ""d""}}",200.0,-15.06,1D,,,,,,
2026-10-05 00:00:00,TRU,TRANSUNION,Long,63.82,0.60%,60.02,suf,参数二,"{""suf"": {""timeframe"": ""d""}}",200.0,-15.06,1D,,,,,,
2026-10-05 00:00:00,WOMN,IMPACT SHARES WOMEN'S EMPOWE,Long,44.36,0.57%,44.01,mfa,参数一,"{""mfa"": {""mfa_all"": 12}}",200.0,4.85,1D,,,,,,
2026-10-05 00:00:00,WOMN,IMPACT SHARES WOMEN'S EMPOWE,Long,44.36,0.57%,44.01,mfa,参数二,"{""mfa"": {""mfa_all"": 12}}",200.0,4.85,1D,,,,,,
2026-10-05 00:00:00,ILIT,ISHARES LITH MNRS AND PROD,Long,12.57,1.05%,12.12,suf,参数一,"{""suf"": {""timeframe"": ""d""}}",200.0,-26.17,1D,,,,,,
2026-10-05 00:00:00,ILIT,ISHARES LITH MNRS AND PROD,Long,12.57,1.05%,12.12,suf,参数二,"{""suf"": {""timeframe"": ""d""}}",200.0,-26.17,1D,,,,,,
2026-10-05 00:00:00,MYCN,STATE STREET MY2034 CORPORAT,Long,23.08,0.01%,23.01,mfa,参数一,"{""mfa"": {""mfa_all"": 24}}",200.0,-3.43,1D,,,,,,
2026-10-05 00:00:00,MYCN,STATE STREET MY2034 CORPORAT,Long,23.08,0.01%,23.01,mfa,参数二,"{""mfa"": {""mfa_all"": 24}}",200.0,-3.43,1D,,,,,,
2026-10-05 00:00:00,TLN,TALEN ENERGY CORP,Long,331.87,3.46%,304.86,utb,参数二,"{""utb"": {""key_value"": 3, ""atr_period"": 14, ""use_ha"": false}, ""r&s"": {""srb_left"": 15, ""srb_right"": 15}, ""atr"": {""atr_length"": 14, ""atr_mult"": 1.0}}",,,1D,,,,,,
2026-10-05 00:00:00,SJCP,SANJAC ALP CR PLUS BD,Long,24.66,-0.06%,24.61,mfa,参数一,"{""mfa"": {""mfa_all"": 7}}",200.0,-0.13,1D,,,,,,
2026-10-05 00:00:00,SJCP,SANJAC ALP CR PLUS BD,Long,24.66,-0.06%,24.61,mfa,参数二,"{""mfa"": {""mfa_all"": 7}}",200.0,-0.13,1D,,,,,,
2026-10-05 00:00:00,BMA,BANCO MACRO SA-ADR,Long,68.78,6.55%,64.05,suf,参数一,"{""suf"": {""timeframe"": ""d""}}",200.0,-16.01,1D,,,,,,
2026-10-05 00:00:00,BMA,BANCO MACRO SA-ADR,Long,68.78,6.55%,64.05,suf,参数二,"{""suf"": {""timeframe"": ""d""}}",200.0,-16.01,1D,,,,,,
2026-10-05 00:00:00,AQMS,AQUA METALS INC,Short,2.1,-9.87%,2.51,sqz,参数二,"{""sqz"": {""bb_length"": 20, ""bb_mult"": 1.8, ""kc_length"": 20, ""kc_mult"": 1.5, ""min_sqz_bars"": 4}, ""r&s"": {""srb_left"": 15, ""srb_right"": 15}, ""atr"": {""atr_length"": 14, ""atr_mult"": 1.0}}",,,1D,一直释放,4.01-3.52-2.51-2.46-2.16,低-低-低-低,12.22%-28.69%-1.95%-12.23%,17.0,24.07
2026-10-05 00:00:00,CGSD,CAP GROUP SHORT DURATION,Long,25.29,0.04%,25.21,mfa,参数一,"{""mfa"": {""mfa_all"": 17}}",200.0,-0.23,1D,,,,,,
2026-10-05 00:00:00,CGSD,CAP GROUP SHORT DURATION,Long,25.29,0.04%,25.21,mfa,参数二,"{""mfa"": {""mfa_all"": 17}}",200.0,-0.23,1D,,,,,,
2026-10-05 00:00:00,ELPC,CIA PARANAENSE DE ENER-ADR,Long,13.92,8.24%,13.49,sqz,参数一,"{""sqz"": {""bb_length"": 15, ""bb_mult"": 1.5, ""kc_length"": 15, ""kc_mult"": 1.2, ""min_sqz_bars"": 4}, ""r&s"": {""srb_left"": 10, ""srb_right"": 10}, ""atr"": {""atr_length"": 14, ""atr_mult"": 1.0}}",,,1D,压力释放,nan-13.49-11.96-12.18-12.8,低-低-高-高,nan%-11.37%-1.85%-5.04%,17.0,6.98
2026-10-05 00:00:00,ELPC,CIA PARANAENSE DE ENER-ADR,Long,13.92,8.24%,13.49,sqz,参数二,"{""sqz"": {""bb_length"": 20, ""bb_mult"": 1.8, ""kc_length"": 20, ""kc_mult"": 1.5, ""min_sqz_bars"": 4}, ""r&s"": {""srb_left"": 15, ""srb_right"": 15}, ""atr"": {""atr_length"": 14, ""atr_mult"": 1.0}}",,,1D,压力释放,nan-13.49-11.96-12.18-12.8,低-低-高-高,nan%-11.37%-1.85%-5.04%,17.0,6.98
2026-10-05 00:00:00,OALC,ONEASCENT LARGE CAP CORE,Long,41.78,0.58%,41.19,utb,参数二,"{""utb"": {""key_value"": 3, ""atr_period"": 14, ""use_ha"": false}, ""r&s"": {""srb_left"": 15, ""srb_right"": 15}, ""atr"": {""atr_length"": 14, ""atr_mult"": 1.0}}",,,1D,,,,,,
2026-10-05 00:00:00,HEEM,ISHARES CRNCY HEDGD MSCI EM,Long,43.26,1.72%,42.39,sqz,参数二,"{""sqz"": {""bb_length"": 20, ""bb_mult"": 1.8, ""kc_length"": 20, ""kc_mult"": 1.5, ""min_sqz_bars"": 4}, ""r&s"": {""srb_left"": 15, ""srb_right"": 15}, ""atr"": {""atr_length"": 14, ""atr_mult"": 1.0}}",,,1D,一直释放,nan-39.83-46.25-43.16,低-高-低,nan%-16.11%-6.67%,36.0,5.29
2026-10-05 00:00:00,ANAB,ANAPTYSBIO INC,Long,49.2,1.38%,45.14,suf,参数一,"{""suf"": {""timeframe"": ""d""}}",200.0,0.63,1D,,,,,,
2026-10-05 00:00:00,ANAB,ANAPTYSBIO INC,Long,49.2,1.38%,45.14,suf,参数二,"{""suf"": {""timeframe"": ""d""}}",200.0,0.63,1D,,,,,,
2026-10-05 00:00:00,DBJP,XTRACKERS MSCI JAPAN HEDGED,Long,119.64,0.55%,117.42,sqz,参数二,"{""sqz"": {""bb_length"": 20, ""bb_mult"": 1.8, ""kc_length"": 20, ""kc_mult"": 1.5, ""min_sqz_bars"": 4}, ""r&s"": {""srb_left"": 15, ""srb_right"": 15}, ""atr"": {""atr_length"": 14, ""atr_mult"": 1.0}}",,,1D,一直亮绿,nan-107.77-118.75-119.16,低-高-高,nan%-10.18%-0.35%,36.0,5.62
2026-10-05 00:00:00,IDMO,INVESCO S&P INTERNATIONAL DE,Long,61.58,0.10%,60.4,mfa,参数一,"{""mfa"": {""mfa_all"": 8}}",200.0,5.25,1D,,,,,,
2026-10-05 00:00:00,IDMO,INVESCO S&P INTERNATIONAL DE,Long,61.58,0.10%,60.4,mfa,参数二,"{""mfa"": {""mfa_all"": 8}}",200.0,5.25,1D,,,,,,
2026-10-05 00:00:00,RYLG,GLOBAL X RUSS 2000 CC & GR,Long,23.77,0.55%,23.58,mfa,参数一,"{""mfa"": {""mfa_all"": 15}}",200.0,3.63,1D,,,,,,
2026-10-05 00:00:00,RYLG,GLOBAL X RUSS 2000 CC & GR,Long,23.77,0.55%,23.58,mfa,参数二,"{""mfa"": {""mfa_all"": 15}}",200.0,3.63,1D,,,,,,
2026-10-05 00:00:00,OKUR,ONKURE THERAPEUTICS INC-A,Long,2.63,2.73%,2.17,suf,参数一,"{""suf"": {""timeframe"": ""d""}}",200.0,-28.19,1D,,,,,,
2026-10-05 00:00:00,OKUR,ONKURE THERAPEUTICS INC-A,Long,2.63,2.73%,2.17,suf,参数二,"{""suf"": {""timeframe"": ""d""}}",200.0,-28.19,1D,,,,,,
2026-10-05 00:00:00,CAT,CATERPILLAR INC,Long,848.14,0.32%,797.55,utb,参数一,"{""utb"": {""key_value"": 2.5, ""atr_period"": 14, ""use_ha"": false}, ""r&s"": {""srb_left"": 10, ""srb_right"": 10}, ""atr"": {""atr_length"": 14, ""atr_mult"": 1.0}}",,,1D,,,,,,
2026-10-05 00:00:00,RACC,RESEARCH ALLIANCE CORP CL A,Long,10.37,-3.26%,9.53,mfa,参数一,"{""mfa"": {""mfa_all"": 14}}",200.0,,1D,,,,,,
2026-10-05 00:00:00,RACC,RESEARCH ALLIANCE CORP CL A,Long,10.37,-3.26%,9.53,mfa,参数二,"{""mfa"": {""mfa_all"": 14}}",200.0,,1D,,,,,,
2026-10-05 00:00:00,AFMC,FIRST TRUST ACTIVE FACTOR MI,Long,40.69,0.49%,39.83,utb,参数一,"{""utb"": {""key_value"": 2.5, ""atr_period"": 14, ""use_ha"": false}, ""r&s"": {""srb_left"": 10, ""srb_right"": 10}, ""atr"": {""atr_length"": 14, ""atr_mult"": 1.0}}",,,1D,,,,,,
2026-10-05 00:00:00,AFMC,FIRST TRUST ACTIVE FACTOR MI,Long,40.69,0.49%,39.83,mfa,参数一,"{""mfa"": {""mfa_all"": 14}}",200.0,5.73,1D,,,,,,
2026-10-05 00:00:00,AFMC,FIRST TRUST ACTIVE FACTOR MI,Long,40.69,0.49%,39.83,mfa,参数二,"{""mfa"": {""mfa_all"": 14}}",200.0,5.73,1D,,,,,,
2026-10-05 00:00:00,LRMR,LARIMAR THERAPEUTICS INC,Short,2.86,-3.38%,3.25,sqz,参数一,"{""sqz"": {""bb_length"": 15, ""bb_mult"": 1.5, ""kc_length"": 15, ""kc_mult"": 1.2, ""min_sqz_bars"": 4}, ""r&s"": {""srb_left"": 10, ""srb_right"": 10}, ""atr"": {""atr_length"": 14, ""atr_mult"": 1.0}}",,,1D,一直亮红,3.05-2.71-4.2-3.04-2.92,低-高-低-低,10.98%-54.70%-27.74%-3.79%,68.0,52.91
2026-10-05 00:00:00,LRMR,LARIMAR THERAPEUTICS INC,Short,2.86,-3.38%,3.25,sqz,参数二,"{""sqz"": {""bb_length"": 20, ""bb_mult"": 1.8, ""kc_length"": 20, ""kc_mult"": 1.5, ""min_sqz_bars"": 4}, ""r&s"": {""srb_left"": 15, ""srb_right"": 15}, ""atr"": {""atr_length"": 14, ""atr_mult"": 1.0}}",,,1D,一直亮红,nan-3.05-2.71-4.2-2.92,低-低-高-低,nan%-10.98%-54.70%-30.48%,68.0,52.91
2026-10-05 00:00:00,AEO,AMERICAN EAGLE OUTFITTERS,Long,18.11,2.26%,16.65,sqz,参数一,"{""sqz"": {""bb_length"": 15, ""bb_mult"": 1.5, ""kc_length"": 15, ""kc_mult"": 1.2, ""min_sqz_bars"": 4}, ""r&s"": {""srb_left"": 10, ""srb_right"": 10}, ""atr"": {""atr_length"": 14, ""atr_mult"": 1.0}}",,,1D,一直亮绿,20.35-18.32-19.14-18.46-17.8,低-高-低-低,9.95%-4.44%-3.53%-3.58%,27.0,26.24
2026-10-05 00:00:00,LAKE,LAKELAND INDUSTRIES INC,Long,11.77,14.61%,9.9,utb,参数一,"{""utb"": {""key_value"": 2.5, ""atr_period"": 14, ""use_ha"": false}, ""r&s"": {""srb_left"": 10, ""srb_right"": 10}, ""atr"": {""atr_length"": 14, ""atr_mult"": 1.0}}",,,1D,,,,,,
2026-10-05 00:00:00,LAKE,LAKELAND INDUSTRIES INC,Long,11.77,14.61%,9.9,utb,参数二,"{""utb"": {""key_value"": 3, ""atr_period"": 14, ""use_ha"": false}, ""r&s"": {""srb_left"": 15, ""srb_right"": 15}, ""atr"": {""atr_length"": 14, ""atr_mult"": 1.0}}",,,1D,,,,,,
2026-10-05 00:00:00,EVX,VANECK ENVIRONMENTAL SERVICE,Long,39.41,0.95%,38.6,utb,参数一,"{""utb"": {""key_value"": 2.5, ""atr_period"": 14, ""use_ha"": false}, ""r&s"": {""srb_left"": 10, ""srb_right"": 10}, ""atr"": {""atr_length"": 14, ""atr_mult"": 1.0}}",,,1D,,,,,,
2026-10-05 00:00:00,CEPU,CENTRAL PUERTO-SPONSORED ADR,Long,12.43,6.42%,11.4,suf,参数一,"{""suf"": {""timeframe"": ""d""}}",200.0,-17.35,1D,,,,,,
2026-10-05 00:00:00,CEPU,CENTRAL PUERTO-SPONSORED ADR,Long,12.43,6.42%,11.4,suf,参数二,"{""suf"": {""timeframe"": ""d""}}",200.0,-17.35,1D,,,,,,
2026-10-05 00:00:00,NWCL,NEWCLEO PLC,Long,8.53,6.76%,7.12,utb,参数一,"{""utb"": {""key_value"": 2.5, ""atr_period"": 14, ""use_ha"": false}, ""r&s"": {""srb_left"": 10, ""srb_right"": 10}, ""atr"": {""atr_length"": 14, ""atr_mult"": 1.0}}",,,1D,,,,,,
2026-10-05 00:00:00,YMAR,FT VT INT EQU M B- MAR-US I,Long,29.06,-0.07%,28.76,mfa,参数一,"{""mfa"": {""mfa_all"": 8}}",200.0,2.98,1D,,,,,,
2026-10-05 00:00:00,YMAR,FT VT INT EQU M B- MAR-US I,Long,29.06,-0.07%,28.76,mfa,参数二,"{""mfa"": {""mfa_all"": 8}}",200.0,2.98,1D,,,,,,
2026-10-05 00:00:00,LONA,LEONABIO INC,Long,5.58,15.77%,3.59,utb,参数一,"{""utb"": {""key_value"": 2.5, ""atr_period"": 14, ""use_ha"": false}, ""r&s"": {""srb_left"": 10, ""srb_right"": 10}, ""atr"": {""atr_length"": 14, ""atr_mult"": 1.0}}",,,1D,,,,,,
2026-10-05 00:00:00,LONA,LEONABIO INC,Long,5.58,15.77%,3.59,utb,参数二,"{""utb"": {""key_value"": 3, ""atr_period"": 14, ""use_ha"": false}, ""r&s"": {""srb_left"": 15, ""srb_right"": 15}, ""atr"": {""atr_length"": 14, ""atr_mult"": 1.0}}",,,1D,,,,,,
2026-10-05 00:00:00,PENN,PENN ENTERTAINMENT INC,Long,15.1,2.23%,14.05,suf,参数一,"{""suf"": {""timeframe"": ""d""}}",200.0,-9.84,1D,,,,,,
2026-10-05 00:00:00,PENN,PENN ENTERTAINMENT INC,Long,15.1,2.23%,14.05,suf,参数二,"{""suf"": {""timeframe"": ""d""}}",200.0,-9.84,1D,,,,,,
2026-10-05 00:00:00,FNGS,MICROSECTORS FANG+ ETNS,Long,83.5,0.99%,81.59,sqz,参数一,"{""sqz"": {""bb_length"": 15, ""bb_mult"": 1.5, ""kc_length"": 15, ""kc_mult"": 1.2, ""min_sqz_bars"": 4}, ""r&s"": {""srb_left"": 10, ""srb_right"": 10}, ""atr"": {""atr_length"": 14, ""atr_mult"": 1.0}}",,,1D,一直释放,65.33-80.76-76.93-81.41-81.81,高-低-高-高,23.62%-4.74%-5.82%-0.50%,25.0,3.62
2026-10-05 00:00:00,TNDM,TANDEM DIABETES CARE INC,Long,16.52,0.12%,15.09,mfa,参数一,"{""mfa"": {""mfa_all"": 17}}",200.0,-14.9,1D,,,,,,
2026-10-05 00:00:00,TNDM,TANDEM DIABETES CARE INC,Long,16.52,0.12%,15.09,mfa,参数二,"{""mfa"": {""mfa_all"": 17}}",200.0,-14.9,1D,,,,,,
2026-10-05 00:00:00,SOCA,SOLARIUS CAPITAL ACQUIS-CL A,Long,10.36,0.19%,10.36,utb,参数一,"{""utb"": {""key_value"": 2.5, ""atr_period"": 14, ""use_ha"": false}, ""r&s"": {""srb_left"": 10, ""srb_right"": 10}, ""atr"": {""atr_length"": 14, ""atr_mult"": 1.0}}",,,1D,,,,,,
2026-10-05 00:00:00,IROC,INVESCO ROCHESTER HIGH YIELD,Long,47.92,0.25%,47.33,suf,参数一,"{""suf"": {""timeframe"": ""d""}}",200.0,-3.3,1D,,,,,,
2026-10-05 00:00:00,IROC,INVESCO ROCHESTER HIGH YIELD,Long,47.92,0.25%,47.33,suf,参数二,"{""suf"": {""timeframe"": ""d""}}",200.0,-3.3,1D,,,,,,
2026-10-05 00:00:00,ROP,ROPER TECHNOLOGIES INC,Long,363.38,2.56%,344.16,mfa,参数一,"{""mfa"": {""mfa_all"": 14}}",200.0,-0.94,1D,,,,,,
2026-10-05 00:00:00,ROP,ROPER TECHNOLOGIES INC,Long,363.38,2.56%,344.16,mfa,参数二,"{""mfa"": {""mfa_all"": 14}}",200.0,-0.94,1D,,,,,,
2026-10-05 00:00:00,CHE,CHEMED CORP,Long,511.3,0.75%,488.19,mfa,参数一,"{""mfa"": {""mfa_all"": 15}}",200.0,12.47,1D,,,,,,
2026-10-05 00:00:00,CHE,CHEMED CORP,Long,511.3,0.75%,488.19,mfa,参数二,"{""mfa"": {""mfa_all"": 15}}",200.0,12.47,1D,,,,,,
2026-10-05 00:00:00,MCO,MOODY'S CORP,Long,448.15,1.54%,428.13,suf,参数一,"{""suf"": {""timeframe"": ""d""}}",200.0,-4.52,1D,,,,,,
2026-10-05 00:00:00,MCO,MOODY'S CORP,Long,448.15,1.54%,428.13,suf,参数二,"{""suf"": {""timeframe"": ""d""}}",200.0,-4.52,1D,,,,,,
2026-10-05 00:00:00,FKWL,FRANKLIN WIRELESS CORP,Short,2.31,-3.35%,2.45,utb,参数一,"{""utb"": {""key_value"": 2.5, ""atr_period"": 14, ""use_ha"": false}, ""r&s"": {""srb_left"": 10, ""srb_right"": 10}, ""atr"": {""atr_length"": 14, ""atr_mult"": 1.0}}",,,1D,,,,,,
2026-10-05 00:00:00,ALVO,ALVOTECH SA,Long,6.11,12.11%,5.55,sqz,参数二,"{""sqz"": {""bb_length"": 20, ""bb_mult"": 1.8, ""kc_length"": 20, ""kc_mult"": 1.5, ""min_sqz_bars"": 4}, ""r&s"": {""srb_left"": 15, ""srb_right"": 15}, ""atr"": {""atr_length"": 14, ""atr_mult"": 1.0}}",,,1D,一直释放,nan-5.58-3.92-3.73-4.59,低-低-低-高,nan%-29.66%-4.84%-22.89%,81.0,50.99
2026-10-05 00:00:00,SHYG,ISHARES 0-5 YR HY CORP BOND,Long,41.1,0.07%,40.91,suf,参数一,"{""suf"": {""timeframe"": ""d""}}",200.0,-0.14,1D,,,,,,
2026-10-05 00:00:00,SHYG,ISHARES 0-5 YR HY CORP BOND,Long,41.1,0.07%,40.91,suf,参数二,"{""suf"": {""timeframe"": ""d""}}",200.0,-0.14,1D,,,,,,
2026-10-05 00:00:00,XIMR,FT EQBUFF&PREMINC  - MARCH,Long,31.28,0.05%,31.19,sqz,参数一,"{""sqz"": {""bb_length"": 15, ""bb_mult"": 1.5, ""kc_length"": 15, ""kc_mult"": 1.2, ""min_sqz_bars"": 4}, ""r&s"": {""srb_left"": 10, ""srb_right"": 10}, ""atr"": {""atr_length"": 14, ""atr_mult"": 1.0}}",,,1D,一直亮绿,30.63-30.83-30.95-31.14-31.28,高-高-高-高,0.64%-0.39%-0.61%-0.45%,21.0,0.61
2026-10-05 00:00:00,XIMR,FT EQBUFF&PREMINC  - MARCH,Long,31.28,0.05%,31.19,sqz,参数二,"{""sqz"": {""bb_length"": 20, ""bb_mult"": 1.8, ""kc_length"": 20, ""kc_mult"": 1.5, ""min_sqz_bars"": 4}, ""r&s"": {""srb_left"": 15, ""srb_right"": 15}, ""atr"": {""atr_length"": 14, ""atr_mult"": 1.0}}",,,1D,一直亮绿,29.56-30.83-30.95-31.14-31.28,高-高-高-高,4.30%-0.39%-0.61%-0.45%,21.0,0.61
2026-10-05 00:00:00,ADSK,AUTODESK INC,Long,221.56,4.51%,209.77,mfa,参数一,"{""mfa"": {""mfa_all"": 6}}",200.0,-7.14,1D,,,,,,
2026-10-05 00:00:00,ADSK,AUTODESK INC,Long,221.56,4.51%,209.77,mfa,参数二,"{""mfa"": {""mfa_all"": 6}}",200.0,-7.14,1D,,,,,,
2026-10-05 00:00:00,HELE,HELEN OF TROY LTD,Short,25.64,-4.11%,28.19,sqz,参数二,"{""sqz"": {""bb_length"": 20, ""bb_mult"": 1.8, ""kc_length"": 20, ""kc_mult"": 1.5, ""min_sqz_bars"": 4}, ""r&s"": {""srb_left"": 15, ""srb_right"": 15}, ""atr"": {""atr_length"": 14, ""atr_mult"": 1.0}}",,,1D,支撑释放,nan-16.29-13.85-25.13-26.3,低-低-高-高,nan%-14.98%-81.44%-4.66%,17.0,14.45
2026-10-05 00:00:00,ONCO,ONCONETIX INC,Short,0.67,-8.31%,0.87,utb,参数一,"{""utb"": {""key_value"": 2.5, ""atr_period"": 14, ""use_ha"": false}, ""r&s"": {""srb_left"": 10, ""srb_right"": 10}, ""atr"": {""atr_length"": 14, ""atr_mult"": 1.0}}",,,1D,,,,,,
2026-10-05 00:00:00,NRES,XTRACKERS RREEF GLB NAT RES,Long,33.91,0.79%,33.5,mfa,参数一,"{""mfa"": {""mfa_all"": 7}}",200.0,2.33,1D,,,,,,
2026-10-05 00:00:00,NRES,XTRACKERS RREEF GLB NAT RES,Long,33.91,0.79%,33.5,mfa,参数二,"{""mfa"": {""mfa_all"": 7}}",200.0,2.33,1D,,,,,,
2026-10-05 00:00:00,CMPR,CIMPRESS PLC,Long,76.35,1.75%,71.01,suf,参数一,"{""suf"": {""timeframe"": ""d""}}",200.0,-9.24,1D,,,,,,
2026-10-05 00:00:00,CMPR,CIMPRESS PLC,Long,76.35,1.75%,71.01,suf,参数二,"{""suf"": {""timeframe"": ""d""}}",200.0,-9.24,1D,,,,,,
2026-10-05 00:00:00,HAIN,HAIN CELESTIAL GROUP INC,Long,0.51,-1.92%,0.46,mfa,参数一,"{""mfa"": {""mfa_all"": 7}}",200.0,-33.66,1D,,,,,,
2026-10-05 00:00:00,HAIN,HAIN CELESTIAL GROUP INC,Long,0.51,-1.92%,0.46,mfa,参数二,"{""mfa"": {""mfa_all"": 7}}",200.0,-33.66,1D,,,,,,
2026-10-05 00:00:00,SCHL,SCHOLASTIC CORP,Long,37.41,3.34%,34.68,mfa,参数一,"{""mfa"": {""mfa_all"": 27}}",200.0,-1.3,1D,,,,,,
2026-10-05 00:00:00,SCHL,SCHOLASTIC CORP,Long,37.41,3.34%,34.68,utb,参数二,"{""utb"": {""key_value"": 3, ""atr_period"": 14, ""use_ha"": false}, ""r&s"": {""srb_left"": 15, ""srb_right"": 15}, ""atr"": {""atr_length"": 14, ""atr_mult"": 1.0}}",,,1D,,,,,,
2026-10-05 00:00:00,SCHL,SCHOLASTIC CORP,Long,37.41,3.34%,34.68,mfa,参数二,"{""mfa"": {""mfa_all"": 27}}",200.0,-1.3,1D,,,,,,
2026-10-05 00:00:00,TXT,TEXTRON INC,Long,75.75,-1.95%,73.79,mfa,参数一,"{""mfa"": {""mfa_all"": 32}}",200.0,-15.38,1D,,,,,,
2026-10-05 00:00:00,TXT,TEXTRON INC,Long,75.75,-1.95%,73.79,mfa,参数二,"{""mfa"": {""mfa_all"": 32}}",200.0,-15.38,1D,,,,,,
2026-10-05 00:00:00,FDRX,CORGI FOUNDER-LED 2X DLY,Long,25.97,2.51%,25.45,sqz,参数一,"{""sqz"": {""bb_length"": 15, ""bb_mult"": 1.5, ""kc_length"": 15, ""kc_mult"": 1.2, ""min_sqz_bars"": 4}, ""r&s"": {""srb_left"": 10, ""srb_right"": 10}, ""atr"": {""atr_length"": 14, ""atr_mult"": 1.0}}",,,1D,一直释放,21.84-26.2-22.48-24.45-24.42,高-低-高-低,19.96%-14.20%-8.76%-0.13%,21.0,7.35
2026-10-05 00:00:00,TIL,INSTIL BIO INC,Short,6.95,-3.74%,7.59,sqz,参数二,"{""sqz"": {""bb_length"": 20, ""bb_mult"": 1.8, ""kc_length"": 20, ""kc_mult"": 1.5, ""min_sqz_bars"": 4}, ""r&s"": {""srb_left"": 15, ""srb_right"": 15}, ""atr"": {""atr_length"": 14, ""atr_mult"": 1.0}}",,,1D,一直释放,nan-5.67-7.51-7.62-7.02,低-高-高-低,nan%-32.45%-1.46%-7.85%,43.0,12.36
2026-10-05 00:00:00,TULP,BLOOMIA HOLDINGS INC,Long,2.71,0.37%,2.55,mfa,参数一,"{""mfa"": {""mfa_all"": 10}}",200.0,-27.49,1D,,,,,,
2026-10-05 00:00:00,TULP,BLOOMIA HOLDINGS INC,Long,2.71,0.37%,2.55,mfa,参数二,"{""mfa"": {""mfa_all"": 10}}",200.0,-27.49,1D,,,,,,
2026-10-05 00:00:00,CXAI,CXAPP INC,Short,2.09,-10.30%,2.68,sqz,参数二,"{""sqz"": {""bb_length"": 20, ""bb_mult"": 1.8, ""kc_length"": 20, ""kc_mult"": 1.5, ""min_sqz_bars"": 4}, ""r&s"": {""srb_left"": 15, ""srb_right"": 15}, ""atr"": {""atr_length"": 14, ""atr_mult"": 1.0}}",,,1D,一直释放,nan-8.1-7.1-6.55,低-低-低,nan%-12.35%-7.75%,98.0,155.73
2026-10-05 00:00:00,ZKH,ZKH GROUP LTD,Short,2.47,-9.85%,2.85,utb,参数一,"{""utb"": {""key_value"": 2.5, ""atr_period"": 14, ""use_ha"": false}, ""r&s"": {""srb_left"": 10, ""srb_right"": 10}, ""atr"": {""atr_length"": 14, ""atr_mult"": 1.0}}",,,1D,,,,,,
2026-10-05 00:00:00,ZKH,ZKH GROUP LTD,Short,2.47,-9.85%,2.85,utb,参数二,"{""utb"": {""key_value"": 3, ""atr_period"": 14, ""use_ha"": false}, ""r&s"": {""srb_left"": 15, ""srb_right"": 15}, ""atr"": {""atr_length"": 14, ""atr_mult"": 1.0}}",,,1D,,,,,,
2026-10-05 00:00:00,ZKH,ZKH GROUP LTD,Short,2.47,-9.85%,2.85,sqz,参数二,"{""sqz"": {""bb_length"": 20, ""bb_mult"": 1.8, ""kc_length"": 20, ""kc_mult"": 1.5, ""min_sqz_bars"": 4}, ""r&s"": {""srb_left"": 15, ""srb_right"": 15}, ""atr"": {""atr_length"": 14, ""atr_mult"": 1.0}}",,,1D,支撑释放,nan-3.09-2.2-2.47-2.51,低-低-高-高,nan%-28.80%-12.27%-1.62%,66.0,21.12
2026-10-05 00:00:00,FTCI,FTC SOLAR INC,Short,1.94,-9.77%,2.46,sqz,参数二,"{""sqz"": {""bb_length"": 20, ""bb_mult"": 1.8, ""kc_length"": 20, ""kc_mult"": 1.5, ""min_sqz_bars"": 4}, ""r&s"": {""srb_left"": 15, ""srb_right"": 15}, ""atr"": {""atr_length"": 14, ""atr_mult"": 1.0}}",,,1D,支撑释放,nan-3.4-3.2-1.99,低-低-低,nan%-5.76%-38.07%,28.0,46.1
2026-10-05 00:00:00,SIXP,ALLIAN US EQU 6 MON BU10-USD,Long,34.76,0.20%,34.58,utb,参数二,"{""utb"": {""key_value"": 3, ""atr_period"": 14, ""use_ha"": false}, ""r&s"": {""srb_left"": 15, ""srb_right"": 15}, ""atr"": {""atr_length"": 14, ""atr_mult"": 1.0}}",,,1D,,,,,,
2026-10-05 00:00:00,OSPN,ONESPAN INC,Long,18.42,1.66%,17.5,sqz,参数二,"{""sqz"": {""bb_length"": 20, ""bb_mult"": 1.8, ""kc_length"": 20, ""kc_mult"": 1.5, ""min_sqz_bars"": 4}, ""r&s"": {""srb_left"": 15, ""srb_right"": 15}, ""atr"": {""atr_length"": 14, ""atr_mult"": 1.0}}",,,1D,一直释放,nan-12.85-15.59-18.34,低-高-高,nan%-21.33%-17.63%,42.0,21.77
2026-10-05 00:00:00,PZA,INVESCO NATIONAL AMT-FREE MU,Long,21.44,0.61%,21.02,suf,参数一,"{""suf"": {""timeframe"": ""d""}}",200.0,-5.59,1D,,,,,,
2026-10-05 00:00:00,PZA,INVESCO NATIONAL AMT-FREE MU,Long,21.44,0.61%,21.02,suf,参数二,"{""suf"": {""timeframe"": ""d""}}",200.0,-5.59,1D,,,,,,
2026-10-05 00:00:00,XEL,XCEL ENERGY INC,Long,71.49,0.13%,69.46,mfa,参数一,"{""mfa"": {""mfa_all"": 26}}",200.0,-7.08,1D,,,,,,
2026-10-05 00:00:00,XEL,XCEL ENERGY INC,Long,71.49,0.13%,69.46,mfa,参数二,"{""mfa"": {""mfa_all"": 26}}",200.0,-7.08,1D,,,,,,
2026-10-05 00:00:00,IZM,ICZOOM GROUP INC -CLASS A,Short,1.05,-12.50%,1.34,utb,参数一,"{""utb"": {""key_value"": 2.5, ""atr_period"": 14, ""use_ha"": false}, ""r&s"": {""srb_left"": 10, ""srb_right"": 10}, ""atr"": {""atr_length"": 14, ""atr_mult"": 1.0}}",,,1D,,,,,,
2026-10-05 00:00:00,IZM,ICZOOM GROUP INC -CLASS A,Short,1.05,-12.50%,1.34,utb,参数二,"{""utb"": {""key_value"": 3, ""atr_period"": 14, ""use_ha"": false}, ""r&s"": {""srb_left"": 15, ""srb_right"": 15}, ""atr"": {""atr_length"": 14, ""atr_mult"": 1.0}}",,,1D,,,,,,
2026-10-05 00:00:00,SSII,SS INNOVATIONS INTERNATIONAL,Long,2.77,3.75%,2.42,suf,参数一,"{""suf"": {""timeframe"": ""d""}}",200.0,-33.7,1D,,,,,,
2026-10-05 00:00:00,SSII,SS INNOVATIONS INTERNATIONAL,Long,2.77,3.75%,2.42,suf,参数二,"{""suf"": {""timeframe"": ""d""}}",200.0,-33.7,1D,,,,,,
2026-10-05 00:00:00,SRZN,SURROZEN INC,Long,29.13,-0.65%,24.1,mfa,参数一,"{""mfa"": {""mfa_all"": 16}}",200.0,18.5,1D,,,,,,
2026-10-05 00:00:00,SRZN,SURROZEN INC,Long,29.13,-0.65%,24.1,mfa,参数二,"{""mfa"": {""mfa_all"": 16}}",200.0,18.5,1D,,,,,,
2026-10-05 00:00:00,BNTC,BENITEC BIOPHARMA INC,Long,9.23,2.78%,7.71,suf,参数一,"{""suf"": {""timeframe"": ""d""}}",200.0,-22.37,1D,,,,,,
2026-10-05 00:00:00,BNTC,BENITEC BIOPHARMA INC,Long,9.23,2.78%,7.71,suf,参数二,"{""suf"": {""timeframe"": ""d""}}",200.0,-22.37,1D,,,,,,
2026-10-05 00:00:00,IGPT,INVESCO AI AND NEXT GEN SOFT,Long,103.71,0.58%,101.14,sqz,参数二,"{""sqz"": {""bb_length"": 20, ""bb_mult"": 1.8, ""kc_length"": 20, ""kc_mult"": 1.5, ""min_sqz_bars"": 4}, ""r&s"": {""srb_left"": 15, ""srb_right"": 15}, ""atr"": {""atr_length"": 14, ""atr_mult"": 1.0}}",,,1D,一直释放,nan-67.01-65.13-109.32-97.97,低-低-高-低,nan%-2.81%-67.85%-10.38%,34.0,10.34
2026-10-05 00:00:00,CGHM,CAP GROUP MUNI HIGH-INCOME,Long,24.12,0.17%,23.82,suf,参数一,"{""suf"": {""timeframe"": ""d""}}",200.0,-3.48,1D,,,,,,
2026-10-05 00:00:00,CGHM,CAP GROUP MUNI HIGH-INCOME,Long,24.12,0.17%,23.82,suf,参数二,"{""suf"": {""timeframe"": ""d""}}",200.0,-3.48,1D,,,,,,
2026-10-05 00:00:00,GXAI,GAXOS.AI INC,Short,0.49,-5.62%,0.56,sqz,参数二,"{""sqz"": {""bb_length"": 20, ""bb_mult"": 1.8, ""kc_length"": 20, ""kc_mult"": 1.5, ""min_sqz_bars"": 4}, ""r&s"": {""srb_left"": 15, ""srb_right"": 15}, ""atr"": {""atr_length"": 14, ""atr_mult"": 1.0}}",,,1D,一直释放,nan-1.02-1.13-1.08-0.74,低-高-低-低,nan%-10.78%-4.42%-31.94%,45.0,95.92
2026-10-05 00:00:00,TE,T1 ENERGY INC,Long,3.7,-5.61%,3.28,mfa,参数一,"{""mfa"": {""mfa_all"": 14}}",200.0,-42.84,1D,,,,,,
2026-10-05 00:00:00,TE,T1 ENERGY INC,Long,3.7,-5.61%,3.28,mfa,参数二,"{""mfa"": {""mfa_all"": 14}}",200.0,-42.84,1D,,,,,,
2026-10-05 00:00:00,FPXE,FIRST TRUST IPOX EUROPE EQUI,Long,32.15,-0.09%,31.83,mfa,参数一,"{""mfa"": {""mfa_all"": 15}}",200.0,-2.22,1D,,,,,,
2026-10-05 00:00:00,FPXE,FIRST TRUST IPOX EUROPE EQUI,Long,32.15,-0.09%,31.83,mfa,参数二,"{""mfa"": {""mfa_all"": 15}}",200.0,-2.22,1D,,,,,,
2026-10-05 00:00:00,INFL,HORIZON KINETICS INFL BENEF,Long,50.82,0.81%,49.43,suf,参数一,"{""suf"": {""timeframe"": ""d""}}",200.0,-0.75,1D,,,,,,
2026-10-05 00:00:00,INFL,HORIZON KINETICS INFL BENEF,Long,50.82,0.81%,49.43,suf,参数二,"{""suf"": {""timeframe"": ""d""}}",200.0,-0.75,1D,,,,,,
2026-10-05 00:00:00,FNGG,DIREXION DAILY NYSE FANG+ BU,Long,281.98,1.53%,274.14,sqz,参数一,"{""sqz"": {""bb_length"": 15, ""bb_mult"": 1.5, ""kc_length"": 15, ""kc_mult"": 1.2, ""min_sqz_bars"": 4}, ""r&s"": {""srb_left"": 10, ""srb_right"": 10}, ""atr"": {""atr_length"": 14, ""atr_mult"": 1.0}}",,,1D,一直释放,183.28-274.54-244.05-270.76-273.37,高-低-高-高,49.79%-11.11%-10.95%-0.96%,25.0,6.95
2026-10-05 00:00:00,ESNT,ESSENT GROUP LTD,Long,61.09,1.44%,58.48,suf,参数一,"{""suf"": {""timeframe"": ""d""}}",200.0,-2.01,1D,,,,,,
2026-10-05 00:00:00,ESNT,ESSENT GROUP LTD,Long,61.09,1.44%,58.48,suf,参数二,"{""suf"": {""timeframe"": ""d""}}",200.0,-2.01,1D,,,,,,
2026-10-05 00:00:00,LKSP,LAKE SUPERIOR ACQUISITI-CL A,Long,10.26,0.00%,10.26,sqz,参数一,"{""sqz"": {""bb_length"": 15, ""bb_mult"": 1.5, ""kc_length"": 15, ""kc_mult"": 1.2, ""min_sqz_bars"": 4}, ""r&s"": {""srb_left"": 10, ""srb_right"": 10}, ""atr"": {""atr_length"": 14, ""atr_mult"": 1.0}}",,,1D,一直释放,nan-10.03,低,nan%,167.0,0.3
2026-10-05 00:00:00,TLK,TELKOM INDONESIA PERSERO-ADR,Long,12.89,2.71%,12.45,suf,参数一,"{""suf"": {""timeframe"": ""d""}}",200.0,-21.1,1D,,,,,,
2026-10-05 00:00:00,TLK,TELKOM INDONESIA PERSERO-ADR,Long,12.89,2.71%,12.45,suf,参数二,"{""suf"": {""timeframe"": ""d""}}",200.0,-21.1,1D,,,,,,
2026-10-05 00:00:00,ARCB,ARCBEST CORP,Long,131.14,-1.11%,123.88,mfa,参数一,"{""mfa"": {""mfa_all"": 48}}",200.0,9.39,1D,,,,,,
2026-10-05 00:00:00,ARCB,ARCBEST CORP,Long,131.14,-1.11%,123.88,mfa,参数二,"{""mfa"": {""mfa_all"": 48}}",200.0,9.39,1D,,,,,,
2026-10-05 00:00:00,ICSH,ISHARES ULTRA SHORT DURATION,Long,50.28,0.04%,50.24,sqz,参数一,"{""sqz"": {""bb_length"": 15, ""bb_mult"": 1.5, ""kc_length"": 15, ""kc_mult"": 1.2, ""min_sqz_bars"": 4}, ""r&s"": {""srb_left"": 10, ""srb_right"": 10}, ""atr"": {""atr_length"": 14, ""atr_mult"": 1.0}}",,,1D,压力释放,nan-49.41-50.25,低-高,nan%-1.70%,18.0,0.1
2026-10-05 00:00:00,ICSH,ISHARES ULTRA SHORT DURATION,Long,50.28,0.04%,50.24,sqz,参数二,"{""sqz"": {""bb_length"": 20, ""bb_mult"": 1.8, ""kc_length"": 20, ""kc_mult"": 1.5, ""min_sqz_bars"": 4}, ""r&s"": {""srb_left"": 15, ""srb_right"": 15}, ""atr"": {""atr_length"": 14, ""atr_mult"": 1.0}}",,,1D,压力释放,nan-50.25,低,nan%,18.0,0.1
2026-10-05 00:00:00,USAU,US GOLD CORP,Short,14.28,-1.31%,15.27,sqz,参数一,"{""sqz"": {""bb_length"": 15, ""bb_mult"": 1.5, ""kc_length"": 15, ""kc_mult"": 1.2, ""min_sqz_bars"": 4}, ""r&s"": {""srb_left"": 10, ""srb_right"": 10}, ""atr"": {""atr_length"": 14, ""atr_mult"": 1.0}}",,,1D,支撑释放,15.13-14.71-13.49-12.23-14.36,低-低-低-高,2.78%-8.29%-9.34%-17.42%,14.0,13.93
2026-10-05 00:00:00,CTOR,CITIUS ONCOLOGY INC,Short,0.87,-8.00%,1.03,utb,参数一,"{""utb"": {""key_value"": 2.5, ""atr_period"": 14, ""use_ha"": false}, ""r&s"": {""srb_left"": 10, ""srb_right"": 10}, ""atr"": {""atr_length"": 14, ""atr_mult"": 1.0}}",,,1D,,,,,,
2026-10-05 00:00:00,OPFI,OPPFI INC,Long,6.04,1.17%,5.7,suf,参数一,"{""suf"": {""timeframe"": ""d""}}",200.0,-30.46,1D,,,,,,
2026-10-05 00:00:00,OPFI,OPPFI INC,Long,6.04,1.17%,5.7,suf,参数二,"{""suf"": {""timeframe"": ""d""}}",200.0,-30.46,1D,,,,,,
2026-10-05 00:00:00,RSPS,INVESCO S&P 500 EQUAL WEIGHT,Long,28.78,0.49%,28.18,suf,参数一,"{""suf"": {""timeframe"": ""d""}}",200.0,-3.99,1D,,,,,,
2026-10-05 00:00:00,RSPS,INVESCO S&P 500 EQUAL WEIGHT,Long,28.78,0.49%,28.18,suf,参数二,"{""suf"": {""timeframe"": ""d""}}",200.0,-3.99,1D,,,,,,
2026-10-05 00:00:00,OKTA,OKTA INC,Long,218.29,3.22%,201.58,sqz,参数二,"{""sqz"": {""bb_length"": 20, ""bb_mult"": 1.8, ""kc_length"": 20, ""kc_mult"": 1.5, ""min_sqz_bars"": 4}, ""r&s"": {""srb_left"": 15, ""srb_right"": 15}, ""atr"": {""atr_length"": 14, ""atr_mult"": 1.0}}",,,1D,一直释放,nan-97.45-142.35-157.0,低-高-高,nan%-46.07%-10.29%,57.0,23.04
2026-10-05 00:00:00,MGX,METAGENOMI THERAPEUTICS INC,Short,1.04,1.96%,1.11,sqz,参数二,"{""sqz"": {""bb_length"": 20, ""bb_mult"": 1.8, ""kc_length"": 20, ""kc_mult"": 1.5, ""min_sqz_bars"": 4}, ""r&s"": {""srb_left"": 15, ""srb_right"": 15}, ""atr"": {""atr_length"": 14, ""atr_mult"": 1.0}}",,,1D,支撑释放,nan-1.39-1.25-1.13,低-低-低,nan%-10.07%-9.60%,75.0,20.8
2026-10-05 00:00:00,EWZS,ISHARES MSCI BRAZIL SMALL-CA,Long,15.73,14.82%,15.03,sqz,参数一,"{""sqz"": {""bb_length"": 15, ""bb_mult"": 1.5, ""kc_length"": 15, ""kc_mult"": 1.2, ""min_sqz_bars"": 4}, ""r&s"": {""srb_left"": 10, ""srb_right"": 10}, ""atr"": {""atr_length"": 14, ""atr_mult"": 1.0}}",,,1D,压力释放,15.87-16.29-13.69-13.44-13.82,高-低-低-高,2.68%-15.98%-1.83%-2.83%,21.0,8.73
2026-10-05 00:00:00,EWZS,ISHARES MSCI BRAZIL SMALL-CA,Long,15.73,14.82%,15.03,sqz,参数二,"{""sqz"": {""bb_length"": 20, ""bb_mult"": 1.8, ""kc_length"": 20, ""kc_mult"": 1.5, ""min_sqz_bars"": 4}, ""r&s"": {""srb_left"": 15, ""srb_right"": 15}, ""atr"": {""atr_length"": 14, ""atr_mult"": 1.0}}",,,1D,压力释放,nan-15.87-16.29-13.69-13.82,低-高-低-高,nan%-2.68%-15.98%-0.95%,21.0,8.73
2026-10-05 00:00:00,EFAX,STATE STREET SPDR MSCI EAFE,Long,53.69,0.07%,52.8,mfa,参数一,"{""mfa"": {""mfa_all"": 14}}",200.0,1.8,1D,,,,,,
2026-10-05 00:00:00,EFAX,STATE STREET SPDR MSCI EAFE,Long,53.69,0.07%,52.8,mfa,参数二,"{""mfa"": {""mfa_all"": 14}}",200.0,1.8,1D,,,,,,
2026-10-05 00:00:00,CVKD,CADRENAL THERAPEUTICS INC,Long,0.95,0.64%,0.81,suf,参数一,"{""suf"": {""timeframe"": ""d""}}",200.0,-79.28,1D,,,,,,
2026-10-05 00:00:00,CVKD,CADRENAL THERAPEUTICS INC,Long,0.95,0.64%,0.81,suf,参数二,"{""suf"": {""timeframe"": ""d""}}",200.0,-79.28,1D,,,,,,
2026-10-05 00:00:00,PAMC,PACER LUNT MIDCAP MULT-FACT,Long,52.7,0.47%,52.19,utb,参数一,"{""utb"": {""key_value"": 2.5, ""atr_period"": 14, ""use_ha"": false}, ""r&s"": {""srb_left"": 10, ""srb_right"": 10}, ""atr"": {""atr_length"": 14, ""atr_mult"": 1.0}}",,,1D,,,,,,
2026-10-05 00:00:00,SOGP,SOUND GROUP INC,Short,10.9,0.83%,11.43,sqz,参数一,"{""sqz"": {""bb_length"": 15, ""bb_mult"": 1.5, ""kc_length"": 15, ""kc_mult"": 1.2, ""min_sqz_bars"": 4}, ""r&s"": {""srb_left"": 10, ""srb_right"": 10}, ""atr"": {""atr_length"": 14, ""atr_mult"": 1.0}}",,,1D,支撑释放,11.21-13.46-9.8-10.8-10.9,高-低-高-高,20.05%-27.19%-10.23%-0.90%,15.0,16.06
2026-10-05 00:00:00,DALI,ISHRS MS WR CO DI SA UCI-USD,Long,28.47,0.27%,28.03,mfa,参数一,"{""mfa"": {""mfa_all"": 8}}",200.0,-2.27,1D,,,,,,
2026-10-05 00:00:00,DALI,ISHRS MS WR CO DI SA UCI-USD,Long,28.47,0.27%,28.03,mfa,参数二,"{""mfa"": {""mfa_all"": 8}}",200.0,-2.27,1D,,,,,,
2026-10-05 00:00:00,EJH,E-HOME HOUSEHOLD SERVICE,Short,1.24,-16.78%,1.81,utb,参数一,"{""utb"": {""key_value"": 2.5, ""atr_period"": 14, ""use_ha"": false}, ""r&s"": {""srb_left"": 10, ""srb_right"": 10}, ""atr"": {""atr_length"": 14, ""atr_mult"": 1.0}}",,,1D,,,,,,
2026-10-05 00:00:00,MRKR,MARKER THERAPEUTICS INC,Short,1.06,0.95%,1.17,sqz,参数一,"{""sqz"": {""bb_length"": 15, ""bb_mult"": 1.5, ""kc_length"": 15, ""kc_mult"": 1.2, ""min_sqz_bars"": 4}, ""r&s"": {""srb_left"": 10, ""srb_right"": 10}, ""atr"": {""atr_length"": 14, ""atr_mult"": 1.0}}",,,1D,支撑释放,1.36-1.37-1.31-1.05-1.1,高-低-低-高,0.74%-4.38%-19.85%-4.76%,16.0,19.09
2026-10-05 00:00:00,RDFI,RAREVIEW DYNAMIC FIXED INCOM,Short,21.29,-1.08%,21.76,sqz,参数一,"{""sqz"": {""bb_length"": 15, ""bb_mult"": 1.5, ""kc_length"": 15, ""kc_mult"": 1.2, ""min_sqz_bars"": 4}, ""r&s"": {""srb_left"": 10, ""srb_right"": 10}, ""atr"": {""atr_length"": 14, ""atr_mult"": 1.0}}",,,1D,一直释放,21.43-22.3-21.8-21.99-22.78,高-低-高-高,4.03%-2.22%-0.88%-3.57%,47.0,3.0
2026-10-05 00:00:00,SMOM,SYMMETRY PANORAMIC SCTR MMNT,Long,29.42,0.58%,29.13,utb,参数二,"{""utb"": {""key_value"": 3, ""atr_period"": 14, ""use_ha"": false}, ""r&s"": {""srb_left"": 15, ""srb_right"": 15}, ""atr"": {""atr_length"": 14, ""atr_mult"": 1.0}}",,,1D,,,,,,
2026-10-05 00:00:00,AIRO,AIRO GROUP HOLDINGS INC,Short,6.49,-1.52%,7.09,sqz,参数一,"{""sqz"": {""bb_length"": 15, ""bb_mult"": 1.5, ""kc_length"": 15, ""kc_mult"": 1.2, ""min_sqz_bars"": 4}, ""r&s"": {""srb_left"": 10, ""srb_right"": 10}, ""atr"": {""atr_length"": 14, ""atr_mult"": 1.0}}",,,1D,支撑释放,7.3-5.71-5.99-6.12-6.71,低-高-高-高,21.78%-4.90%-2.17%-9.64%,17.0,12.67
2026-10-05 00:00:00,QMID,WISDOMTREE U.S. MDCP QTY G F,Long,29.22,1.13%,28.98,utb,参数一,"{""utb"": {""key_value"": 2.5, ""atr_period"": 14, ""use_ha"": false}, ""r&s"": {""srb_left"": 10, ""srb_right"": 10}, ""atr"": {""atr_length"": 14, ""atr_mult"": 1.0}}",,,1D,,,,,,
2026-10-05 00:00:00,QMID,WISDOMTREE U.S. MDCP QTY G F,Long,29.22,1.13%,28.98,utb,参数二,"{""utb"": {""key_value"": 3, ""atr_period"": 14, ""use_ha"": false}, ""r&s"": {""srb_left"": 15, ""srb_right"": 15}, ""atr"": {""atr_length"": 14, ""atr_mult"": 1.0}}",,,1D,,,,,,
2026-10-05 00:00:00,NOVT,NOVANTA INC,Long,150.61,0.90%,140.31,utb,参数二,"{""utb"": {""key_value"": 3, ""atr_period"": 14, ""use_ha"": false}, ""r&s"": {""srb_left"": 15, ""srb_right"": 15}, ""atr"": {""atr_length"": 14, ""atr_mult"": 1.0}}",,,1D,,,,,,
2026-10-05 00:00:00,FTXG,FIRST TRUST NASDAQ FOOD & BE,Long,21.29,0.49%,20.9,suf,参数一,"{""suf"": {""timeframe"": ""d""}}",200.0,-3.91,1D,,,,,,
2026-10-05 00:00:00,FTXG,FIRST TRUST NASDAQ FOOD & BE,Long,21.29,0.49%,20.9,suf,参数二,"{""suf"": {""timeframe"": ""d""}}",200.0,-3.91,1D,,,,,,
2026-10-05 00:00:00,FDX,FEDEX CORP,Long,289.13,-0.42%,278.39,mfa,参数一,"{""mfa"": {""mfa_all"": 14}}",200.0,-2.75,1D,,,,,,
2026-10-05 00:00:00,FDX,FEDEX CORP,Long,289.13,-0.42%,278.39,mfa,参数二,"{""mfa"": {""mfa_all"": 14}}",200.0,-2.75,1D,,,,,,
2026-10-05 00:00:00,UDR,UDR INC,Long,33.84,1.71%,32.5,suf,参数一,"{""suf"": {""timeframe"": ""d""}}",200.0,-7.09,1D,,,,,,
2026-10-05 00:00:00,UDR,UDR INC,Long,33.84,1.71%,32.5,suf,参数二,"{""suf"": {""timeframe"": ""d""}}",200.0,-7.09,1D,,,,,,
2026-10-05 00:00:00,ASPI,ASP ISOTOPES INC,Long,2.93,0.69%,2.61,mfa,参数一,"{""mfa"": {""mfa_all"": 17}}",200.0,-44.0,1D,,,,,,
2026-10-05 00:00:00,ASPI,ASP ISOTOPES INC,Long,2.93,0.69%,2.61,mfa,参数二,"{""mfa"": {""mfa_all"": 17}}",200.0,-44.0,1D,,,,,,
2026-10-05 00:00:00,AIIO,ROBO.AI INC,Short,1.11,-6.72%,1.33,sqz,参数二,"{""sqz"": {""bb_length"": 20, ""bb_mult"": 1.8, ""kc_length"": 20, ""kc_mult"": 1.5, ""min_sqz_bars"": 4}, ""r&s"": {""srb_left"": 15, ""srb_right"": 15}, ""atr"": {""atr_length"": 14, ""atr_mult"": 1.0}}",,,1D,一直释放,nan-2.16-0.54-2.6,低-低-高,nan%-75.00%-380.56%,50.0,27.94
2026-10-05 00:00:00,OEFA,ALPS O'SHARES INTL DEV QLTY,Long,34.33,-0.36%,33.93,mfa,参数一,"{""mfa"": {""mfa_all"": 12}}",200.0,1.18,1D,,,,,,
2026-10-05 00:00:00,OEFA,ALPS O'SHARES INTL DEV QLTY,Long,34.33,-0.36%,33.93,mfa,参数二,"{""mfa"": {""mfa_all"": 12}}",200.0,1.18,1D,,,,,,
2026-10-05 00:00:00,AIVL,WISDOMTREE US AI ENHANCED VA,Long,129.89,0.96%,128.72,utb,参数一,"{""utb"": {""key_value"": 2.5, ""atr_period"": 14, ""use_ha"": false}, ""r&s"": {""srb_left"": 10, ""srb_right"": 10}, ""atr"": {""atr_length"": 14, ""atr_mult"": 1.0}}",,,1D,,,,,,
2026-10-05 00:00:00,ZNTL,ZENTALIS PHARMACEUTICALS INC,Long,2.78,10.32%,2.41,suf,参数一,"{""suf"": {""timeframe"": ""d""}}",200.0,-18.8,1D,,,,,,
2026-10-05 00:00:00,ZNTL,ZENTALIS PHARMACEUTICALS INC,Long,2.78,10.32%,2.41,suf,参数二,"{""suf"": {""timeframe"": ""d""}}",200.0,-18.8,1D,,,,,,
2026-10-05 00:00:00,SXTP,60 DEGREES PHARMA INC,Long,1.44,3.60%,1.23,mfa,参数一,"{""mfa"": {""mfa_all"": 47}}",200.0,-24.91,1D,,,,,,
2026-10-05 00:00:00,SXTP,60 DEGREES PHARMA INC,Long,1.44,3.60%,1.23,mfa,参数二,"{""mfa"": {""mfa_all"": 47}}",200.0,-24.91,1D,,,,,,
2026-10-05 00:00:00,FNGO,MICROSECTORS FANG INDEX 2X L,Long,161.72,1.40%,155.99,sqz,参数一,"{""sqz"": {""bb_length"": 15, ""bb_mult"": 1.5, ""kc_length"": 15, ""kc_mult"": 1.2, ""min_sqz_bars"": 4}, ""r&s"": {""srb_left"": 10, ""srb_right"": 10}, ""atr"": {""atr_length"": 14, ""atr_mult"": 1.0}}",,,1D,一直释放,105.2-157.5-139.72-154.96-155.97,高-低-高-高,49.71%-11.29%-10.91%-0.65%,25.0,6.39
2026-10-05 00:00:00,IOPP,SIMPLIFY TARA INDIA OPPORTUN,Long,25.13,0.37%,24.93,mfa,参数一,"{""mfa"": {""mfa_all"": 15}}",200.0,-2.58,1D,,,,,,
2026-10-05 00:00:00,IOPP,SIMPLIFY TARA INDIA OPPORTUN,Long,25.13,0.37%,24.93,suf,参数一,"{""suf"": {""timeframe"": ""d""}}",200.0,-2.58,1D,,,,,,
2026-10-05 00:00:00,IOPP,SIMPLIFY TARA INDIA OPPORTUN,Long,25.13,0.37%,24.93,mfa,参数二,"{""mfa"": {""mfa_all"": 15}}",200.0,-2.58,1D,,,,,,
2026-10-05 00:00:00,IOPP,SIMPLIFY TARA INDIA OPPORTUN,Long,25.13,0.37%,24.93,suf,参数二,"{""suf"": {""timeframe"": ""d""}}",200.0,-2.58,1D,,,,,,
2026-10-05 00:00:00,SOS,SOS LTD-A,Long,0.32,1.88%,0.2,mfa,参数一,"{""mfa"": {""mfa_all"": 23}}",200.0,-70.82,1D,,,,,,
2026-10-05 00:00:00,SOS,SOS LTD-A,Long,0.32,1.88%,0.2,mfa,参数二,"{""mfa"": {""mfa_all"": 23}}",200.0,-70.82,1D,,,,,,
2026-10-05 00:00:00,MI,NFT LTD-A,Long,7.0,683.00%,0.96,utb,参数一,"{""utb"": {""key_value"": 2.5, ""atr_period"": 14, ""use_ha"": false}, ""r&s"": {""srb_left"": 10, ""srb_right"": 10}, ""atr"": {""atr_length"": 14, ""atr_mult"": 1.0}}",,,1D,,,,,,
2026-10-05 00:00:00,MI,NFT LTD-A,Long,7.0,683.00%,0.96,utb,参数二,"{""utb"": {""key_value"": 3, ""atr_period"": 14, ""use_ha"": false}, ""r&s"": {""srb_left"": 15, ""srb_right"": 15}, ""atr"": {""atr_length"": 14, ""atr_mult"": 1.0}}",,,1D,,,,,,
2026-10-05 00:00:00,NVDB,PROSHARES ULTRA NVDA,Long,37.19,4.20%,34.75,sqz,参数一,"{""sqz"": {""bb_length"": 15, ""bb_mult"": 1.5, ""kc_length"": 15, ""kc_mult"": 1.2, ""min_sqz_bars"": 4}, ""r&s"": {""srb_left"": 10, ""srb_right"": 10}, ""atr"": {""atr_length"": 14, ""atr_mult"": 1.0}}",,,1D,一直亮绿,29.46-29.81-40.29-38.22-36.26,高-高-低-低,1.20%-35.16%-5.15%-5.14%,20.0,25.79
2026-10-05 00:00:00,NVDB,PROSHARES ULTRA NVDA,Long,37.19,4.20%,34.75,sqz,参数二,"{""sqz"": {""bb_length"": 20, ""bb_mult"": 1.8, ""kc_length"": 20, ""kc_mult"": 1.5, ""min_sqz_bars"": 4}, ""r&s"": {""srb_left"": 15, ""srb_right"": 15}, ""atr"": {""atr_length"": 14, ""atr_mult"": 1.0}}",,,1D,一直亮绿,29.34-29.46-29.81-40.29-36.26,高-高-高-低,0.40%-1.20%-35.16%-10.02%,20.0,25.79
2026-10-05 00:00:00,STAX,NOMURA TAX-FREE USA SHORT TE,Long,24.81,-0.02%,24.72,mfa,参数一,"{""mfa"": {""mfa_all"": 18}}",200.0,-1.1,1D,,,,,,
2026-10-05 00:00:00,STAX,NOMURA TAX-FREE USA SHORT TE,Long,24.81,-0.02%,24.72,mfa,参数二,"{""mfa"": {""mfa_all"": 18}}",200.0,-1.1,1D,,,,,,
2026-10-05 00:00:00,SXQG,ETC 6 MERIDIAN QUALITY GROWT,Long,34.05,1.04%,33.5,sqz,参数二,"{""sqz"": {""bb_length"": 20, ""bb_mult"": 1.8, ""kc_length"": 20, ""kc_mult"": 1.5, ""min_sqz_bars"": 4}, ""r&s"": {""srb_left"": 15, ""srb_right"": 15}, ""atr"": {""atr_length"": 14, ""atr_mult"": 1.0}}",,,1D,一直亮绿,nan-32.14-32.81-32.62-33.9,低-高-低-高,nan%-2.08%-0.57%-3.92%,25.0,4.73
2026-10-05 00:00:00,WDAI,PCR SP WLD 3AI300,Long,28.13,0.25%,27.96,mfa,参数一,"{""mfa"": {""mfa_all"": 9}}",200.0,,1D,,,,,,
2026-10-05 00:00:00,WDAI,PCR SP WLD 3AI300,Long,28.13,0.25%,27.96,mfa,参数二,"{""mfa"": {""mfa_all"": 9}}",200.0,,1D,,,,,,
2026-10-05 00:00:00,WS,WORTHINGTON STEEL INC,Long,39.12,5.82%,35.48,sqz,参数二,"{""sqz"": {""bb_length"": 20, ""bb_mult"": 1.8, ""kc_length"": 20, ""kc_mult"": 1.5, ""min_sqz_bars"": 4}, ""r&s"": {""srb_left"": 15, ""srb_right"": 15}, ""atr"": {""atr_length"": 14, ""atr_mult"": 1.0}}",,,1D,一直亮绿,nan-48.51-42.31-44.72-39.02,低-低-高-低,nan%-12.77%-5.68%-12.75%,39.0,21.7
2026-10-05 00:00:00,APO,APOLLO GLOBAL MANAGEMENT INC,Long,115.35,1.17%,108.92,suf,参数一,"{""suf"": {""timeframe"": ""d""}}",200.0,-8.19,1D,,,,,,
2026-10-05 00:00:00,APO,APOLLO GLOBAL MANAGEMENT INC,Long,115.35,1.17%,108.92,suf,参数二,"{""suf"": {""timeframe"": ""d""}}",200.0,-8.19,1D,,,,,,
2026-10-05 00:00:00,MMTX,MILUNA ACQUISITION CL A,Long,10.21,0.05%,10.2,sqz,参数一,"{""sqz"": {""bb_length"": 15, ""bb_mult"": 1.5, ""kc_length"": 15, ""kc_mult"": 1.2, ""min_sqz_bars"": 4}, ""r&s"": {""srb_left"": 10, ""srb_right"": 10}, ""atr"": {""atr_length"": 14, ""atr_mult"": 1.0}}",,,1D,一直亮绿,10.02-9.99-10.09-10.15-10.21,低-高-高-高,0.25%-0.95%-0.59%-0.59%,20.0,0.49
2026-10-05 00:00:00,UMDD,PROSHARES ULTRAPRO MIDCAP400,Long,31.8,0.98%,30.15,utb,参数一,"{""utb"": {""key_value"": 2.5, ""atr_period"": 14, ""use_ha"": false}, ""r&s"": {""srb_left"": 10, ""srb_right"": 10}, ""atr"": {""atr_length"": 14, ""atr_mult"": 1.0}}",,,1D,,,,,,
2026-10-05 00:00:00,VIXM,PROSHARES VIX MID-TERM FUT,Short,12.84,-0.62%,13.09,sqz,参数二,"{""sqz"": {""bb_length"": 20, ""bb_mult"": 1.8, ""kc_length"": 20, ""kc_mult"": 1.5, ""min_sqz_bars"": 4}, ""r&s"": {""srb_left"": 15, ""srb_right"": 15}, ""atr"": {""atr_length"": 14, ""atr_mult"": 1.0}}",,,1D,一直释放,nan-14.77-15.53-14.17,低-高-低,nan%-5.15%-8.76%,64.0,4.3
2026-10-05 00:00:00,FNKO,FUNKO INC-CLASS A,Long,6.07,3.58%,5.44,utb,参数一,"{""utb"": {""key_value"": 2.5, ""atr_period"": 14, ""use_ha"": false}, ""r&s"": {""srb_left"": 10, ""srb_right"": 10}, ""atr"": {""atr_length"": 14, ""atr_mult"": 1.0}}",,,1D,,,,,,
2026-10-05 00:00:00,APT,ALPHA PRO TECH LTD,Long,5.75,12.97%,5.01,sqz,参数一,"{""sqz"": {""bb_length"": 15, ""bb_mult"": 1.5, ""kc_length"": 15, ""kc_mult"": 1.2, ""min_sqz_bars"": 4}, ""r&s"": {""srb_left"": 10, ""srb_right"": 10}, ""atr"": {""atr_length"": 14, ""atr_mult"": 1.0}}",,,1D,压力释放,5.39-4.83-7.5-5.77-5.62,低-高-低-低,10.39%-55.28%-23.07%-2.60%,34.0,12.85
2026-10-05 00:00:00,APT,ALPHA PRO TECH LTD,Long,5.75,12.97%,5.01,mfa,参数一,"{""mfa"": {""mfa_all"": 8}}",200.0,13.06,1D,,,,,,
2026-10-05 00:00:00,APT,ALPHA PRO TECH LTD,Long,5.75,12.97%,5.01,mfa,参数二,"{""mfa"": {""mfa_all"": 8}}",200.0,13.06,1D,,,,,,
2026-10-05 00:00:00,SHOP,SHOPIFY INC - CLASS A,Long,160.11,5.76%,144.89,sqz,参数一,"{""sqz"": {""bb_length"": 15, ""bb_mult"": 1.5, ""kc_length"": 15, ""kc_mult"": 1.2, ""min_sqz_bars"": 4}, ""r&s"": {""srb_left"": 10, ""srb_right"": 10}, ""atr"": {""atr_length"": 14, ""atr_mult"": 1.0}}",,,1D,一直亮绿,135.96-137.3-124.62-130.75-158.87,高-低-高-高,0.99%-9.23%-4.91%-21.51%,35.0,28.09
2026-10-05 00:00:00,SHOP,SHOPIFY INC - CLASS A,Long,160.11,5.76%,144.89,sqz,参数二,"{""sqz"": {""bb_length"": 20, ""bb_mult"": 1.8, ""kc_length"": 20, ""kc_mult"": 1.5, ""min_sqz_bars"": 4}, ""r&s"": {""srb_left"": 15, ""srb_right"": 15}, ""atr"": {""atr_length"": 14, ""atr_mult"": 1.0}}",,,1D,一直亮绿,nan-137.3-124.62-158.87,低-低-高,nan%-9.23%-27.48%,35.0,28.09
2026-10-05 00:00:00,PDN,INV RAFI DEV MKT US SM-USDIN,Long,46.01,0.13%,45.38,mfa,参数一,"{""mfa"": {""mfa_all"": 8}}",200.0,2.54,1D,,,,,,
2026-10-05 00:00:00,PDN,INV RAFI DEV MKT US SM-USDIN,Long,46.01,0.13%,45.38,mfa,参数二,"{""mfa"": {""mfa_all"": 8}}",200.0,2.54,1D,,,,,,
2026-10-05 00:00:00,HTO,H2O AMERICA,Short,58.44,-2.81%,61.4,sqz,参数一,"{""sqz"": {""bb_length"": 15, ""bb_mult"": 1.5, ""kc_length"": 15, ""kc_mult"": 1.2, ""min_sqz_bars"": 4}, ""r&s"": {""srb_left"": 10, ""srb_right"": 10}, ""atr"": {""atr_length"": 14, ""atr_mult"": 1.0}}",,,1D,支撑释放,56.01-55.01-54.69-55.61-59.68,低-低-高-高,1.79%-0.57%-1.67%-7.32%,43.0,9.24
2026-10-05 00:00:00,SCJL,CORGI US S/C 15% STR BUF-JUL,Long,24.57,0.41%,24.47,utb,参数一,"{""utb"": {""key_value"": 2.5, ""atr_period"": 14, ""use_ha"": false}, ""r&s"": {""srb_left"": 10, ""srb_right"": 10}, ""atr"": {""atr_length"": 14, ""atr_mult"": 1.0}}",,,1D,,,,,,
2026-10-05 00:00:00,SCJL,CORGI US S/C 15% STR BUF-JUL,Long,24.57,0.41%,24.47,mfa,参数一,"{""mfa"": {""mfa_all"": 15}}",200.0,,1D,,,,,,
2026-10-05 00:00:00,SCJL,CORGI US S/C 15% STR BUF-JUL,Long,24.57,0.41%,24.47,mfa,参数二,"{""mfa"": {""mfa_all"": 15}}",200.0,,1D,,,,,,
2026-10-05 00:00:00,LDRH,ISH IBONDS 1-5Y HY & INC LAD,Long,23.97,0.19%,23.81,suf,参数一,"{""suf"": {""timeframe"": ""d""}}",200.0,-0.13,1D,,,,,,
2026-10-05 00:00:00,LDRH,ISH IBONDS 1-5Y HY & INC LAD,Long,23.97,0.19%,23.81,suf,参数二,"{""suf"": {""timeframe"": ""d""}}",200.0,-0.13,1D,,,,,,
2026-10-05 00:00:00,MAXJ,ISHARES LG CAP MAX BUFF JUN,Long,29.6,0.16%,29.4,sqz,参数一,"{""sqz"": {""bb_length"": 15, ""bb_mult"": 1.5, ""kc_length"": 15, ""kc_mult"": 1.2, ""min_sqz_bars"": 4}, ""r&s"": {""srb_left"": 10, ""srb_right"": 10}, ""atr"": {""atr_length"": 14, ""atr_mult"": 1.0}}",,,1D,压力释放,nan-28.46-29.21-29.26-29.53,低-高-高-高,nan%-2.64%-0.17%-0.92%,35.0,0.82
2026-10-05 00:00:00,PRME,PRIME MEDICINE INC,Long,3.21,7.72%,2.63,mfa,参数一,"{""mfa"": {""mfa_all"": 7}}",200.0,-7.7,1D,,,,,,
2026-10-05 00:00:00,PRME,PRIME MEDICINE INC,Long,3.21,7.72%,2.63,mfa,参数二,"{""mfa"": {""mfa_all"": 7}}",200.0,-7.7,1D,,,,,,
2026-10-05 00:00:00,CSIQ,CANADIAN SOLAR INC,Long,11.19,0.00%,10.18,mfa,参数一,"{""mfa"": {""mfa_all"": 25}}",200.0,-32.7,1D,,,,,,
2026-10-05 00:00:00,CSIQ,CANADIAN SOLAR INC,Long,11.19,0.00%,10.18,mfa,参数二,"{""mfa"": {""mfa_all"": 25}}",200.0,-32.7,1D,,,,,,
2026-10-05 00:00:00,DYLG,GLOBAL X DOW 30 CC & GR,Long,27.78,0.15%,27.42,mfa,参数一,"{""mfa"": {""mfa_all"": 14}}",200.0,3.28,1D,,,,,,
2026-10-05 00:00:00,DYLG,GLOBAL X DOW 30 CC & GR,Long,27.78,0.15%,27.42,mfa,参数二,"{""mfa"": {""mfa_all"": 14}}",200.0,3.28,1D,,,,,,
2026-10-05 00:00:00,IGSB,ISHARES 1-5Y INV GRADE CORP,Long,51.12,0.10%,50.94,mfa,参数一,"{""mfa"": {""mfa_all"": 18}}",200.0,-0.51,1D,,,,,,
2026-10-05 00:00:00,IGSB,ISHARES 1-5Y INV GRADE CORP,Long,51.12,0.10%,50.94,mfa,参数二,"{""mfa"": {""mfa_all"": 18}}",200.0,-0.51,1D,,,,,,
2026-10-05 00:00:00,CPT,CAMDEN PROPERTY TRUST,Long,97.37,1.47%,93.79,suf,参数一,"{""suf"": {""timeframe"": ""d""}}",200.0,-7.01,1D,,,,,,
2026-10-05 00:00:00,CPT,CAMDEN PROPERTY TRUST,Long,97.37,1.47%,93.79,suf,参数二,"{""suf"": {""timeframe"": ""d""}}",200.0,-7.01,1D,,,,,,
2026-10-05 00:00:00,AFYA,AFYA LTD-CLASS A,Long,13.31,8.92%,12.21,utb,参数一,"{""utb"": {""key_value"": 2.5, ""atr_period"": 14, ""use_ha"": false}, ""r&s"": {""srb_left"": 10, ""srb_right"": 10}, ""atr"": {""atr_length"": 14, ""atr_mult"": 1.0}}",,,1D,,,,,,
2026-10-05 00:00:00,AFYA,AFYA LTD-CLASS A,Long,13.31,8.92%,12.21,utb,参数二,"{""utb"": {""key_value"": 3, ""atr_period"": 14, ""use_ha"": false}, ""r&s"": {""srb_left"": 15, ""srb_right"": 15}, ""atr"": {""atr_length"": 14, ""atr_mult"": 1.0}}",,,1D,,,,,,
2026-10-05 00:00:00,FV,FIRST TRUST DW FOCUS 5 FUND,Long,74.74,0.86%,72.93,sqz,参数二,"{""sqz"": {""bb_length"": 20, ""bb_mult"": 1.8, ""kc_length"": 20, ""kc_mult"": 1.5, ""min_sqz_bars"": 4}, ""r&s"": {""srb_left"": 15, ""srb_right"": 15}, ""atr"": {""atr_length"": 14, ""atr_mult"": 1.0}}",,,1D,一直亮绿,nan-68.03-74.54-76.08-74.62,低-高-高-低,nan%-9.56%-2.07%-1.92%,26.0,4.97
2026-10-05 00:00:00,IMCB,ISHARES MORNINGSTAR MID-CAP,Long,96.54,0.77%,94.73,utb,参数一,"{""utb"": {""key_value"": 2.5, ""atr_period"": 14, ""use_ha"": false}, ""r&s"": {""srb_left"": 10, ""srb_right"": 10}, ""atr"": {""atr_length"": 14, ""atr_mult"": 1.0}}",,,1D,,,,,,
2026-10-05 00:00:00,VFQY,VANGUARD U.S. QUALITY FACTOR,Long,172.87,0.65%,170.23,mfa,参数一,"{""mfa"": {""mfa_all"": 7}}",200.0,6.32,1D,,,,,,
2026-10-05 00:00:00,VFQY,VANGUARD U.S. QUALITY FACTOR,Long,172.87,0.65%,170.23,mfa,参数二,"{""mfa"": {""mfa_all"": 7}}",200.0,6.32,1D,,,,,,
2026-10-05 00:00:00,VIVS,VIVOSIM LABS INC,Long,0.21,5.00%,0.17,suf,参数一,"{""suf"": {""timeframe"": ""d""}}",200.0,-83.13,1D,,,,,,
2026-10-05 00:00:00,VIVS,VIVOSIM LABS INC,Long,0.21,5.00%,0.17,suf,参数二,"{""suf"": {""timeframe"": ""d""}}",200.0,-83.13,1D,,,,,,
2026-10-05 00:00:00,DVLU,FIRST TRUST DRSY WRIGHT MOME,Long,39.45,0.20%,38.81,mfa,参数一,"{""mfa"": {""mfa_all"": 14}}",200.0,4.02,1D,,,,,,
2026-10-05 00:00:00,DVLU,FIRST TRUST DRSY WRIGHT MOME,Long,39.45,0.20%,38.81,mfa,参数二,"{""mfa"": {""mfa_all"": 14}}",200.0,4.02,1D,,,,,,
2026-10-05 00:00:00,GP,GREENPOWER MOTOR CO INC,Long,0.56,0.18%,0.47,mfa,参数一,"{""mfa"": {""mfa_all"": 27}}",200.0,-49.62,1D,,,,,,
2026-10-05 00:00:00,GP,GREENPOWER MOTOR CO INC,Long,0.56,0.18%,0.47,mfa,参数二,"{""mfa"": {""mfa_all"": 27}}",200.0,-49.62,1D,,,,,,
2026-10-05 00:00:00,EFOI,ENERGY FOCUS INC,Long,3.05,2.01%,2.81,utb,参数二,"{""utb"": {""key_value"": 3, ""atr_period"": 14, ""use_ha"": false}, ""r&s"": {""srb_left"": 15, ""srb_right"": 15}, ""atr"": {""atr_length"": 14, ""atr_mult"": 1.0}}",,,1D,,,,,,
2026-10-05 00:00:00,PICS,PICS NV,Long,11.62,27.83%,9.28,utb,参数一,"{""utb"": {""key_value"": 2.5, ""atr_period"": 14, ""use_ha"": false}, ""r&s"": {""srb_left"": 10, ""srb_right"": 10}, ""atr"": {""atr_length"": 14, ""atr_mult"": 1.0}}",,,1D,,,,,,
2026-10-05 00:00:00,PICS,PICS NV,Long,11.62,27.83%,9.28,utb,参数二,"{""utb"": {""key_value"": 3, ""atr_period"": 14, ""use_ha"": false}, ""r&s"": {""srb_left"": 15, ""srb_right"": 15}, ""atr"": {""atr_length"": 14, ""atr_mult"": 1.0}}",,,1D,,,,,,
2026-10-05 00:00:00,QBIV,ALLIANZIM INTL EQ BUFFER5,Long,26.55,0.04%,26.38,mfa,参数一,"{""mfa"": {""mfa_all"": 14}}",200.0,,1D,,,,,,
2026-10-05 00:00:00,QBIV,ALLIANZIM INTL EQ BUFFER5,Long,26.55,0.04%,26.38,mfa,参数二,"{""mfa"": {""mfa_all"": 14}}",200.0,,1D,,,,,,
2026-10-05 00:00:00,APMD,APNIMED INC,Long,21.75,1.12%,18.46,mfa,参数一,"{""mfa"": {""mfa_all"": 9}}",200.0,,1D,,,,,,
2026-10-05 00:00:00,APMD,APNIMED INC,Long,21.75,1.12%,18.46,mfa,参数二,"{""mfa"": {""mfa_all"": 9}}",200.0,,1D,,,,,,
2026-10-05 00:00:00,KGRN,KRANESHARES MSCI CHINA CLEAN,Long,21.19,0.45%,20.74,suf,参数一,"{""suf"": {""timeframe"": ""d""}}",200.0,-18.93,1D,,,,,,
2026-10-05 00:00:00,KGRN,KRANESHARES MSCI CHINA CLEAN,Long,21.19,0.45%,20.74,suf,参数二,"{""suf"": {""timeframe"": ""d""}}",200.0,-18.93,1D,,,,,,
2026-10-05 00:00:00,AAMI,ACADIAN ASSET MANAGEMENT INC,Long,96.16,2.11%,90.41,utb,参数一,"{""utb"": {""key_value"": 2.5, ""atr_period"": 14, ""use_ha"": false}, ""r&s"": {""srb_left"": 10, ""srb_right"": 10}, ""atr"": {""atr_length"": 14, ""atr_mult"": 1.0}}",,,1D,,,,,,
2026-10-05 00:00:00,NVDD,DIREXION DAILY NVDA BEAR 1X,Short,27.49,-2.14%,28.64,sqz,参数一,"{""sqz"": {""bb_length"": 15, ""bb_mult"": 1.5, ""kc_length"": 15, ""kc_mult"": 1.2, ""min_sqz_bars"": 4}, ""r&s"": {""srb_left"": 10, ""srb_right"": 10}, ""atr"": {""atr_length"": 14, ""atr_mult"": 1.0}}",,,1D,一直亮红,36.36-28.67-29.06-31.36-27.99,低-高-高-低,21.15%-1.34%-7.92%-10.76%,20.0,12.08
2026-10-05 00:00:00,NVDD,DIREXION DAILY NVDA BEAR 1X,Short,27.49,-2.14%,28.64,sqz,参数二,"{""sqz"": {""bb_length"": 20, ""bb_mult"": 1.8, ""kc_length"": 20, ""kc_mult"": 1.5, ""min_sqz_bars"": 4}, ""r&s"": {""srb_left"": 15, ""srb_right"": 15}, ""atr"": {""atr_length"": 14, ""atr_mult"": 1.0}}",,,1D,一直亮红,nan-35.84-34.9-28.67-27.99,低-低-低-低,nan%-2.62%-17.84%-2.40%,20.0,12.08
2026-10-05 00:00:00,KARO,KAROOOOO LTD,Long,61.0,1.67%,57.84,mfa,参数一,"{""mfa"": {""mfa_all"": 6}}",200.0,17.01,1D,,,,,,
2026-10-05 00:00:00,KARO,KAROOOOO LTD,Long,61.0,1.67%,57.84,mfa,参数二,"{""mfa"": {""mfa_all"": 6}}",200.0,17.01,1D,,,,,,
2026-10-05 00:00:00,TVRD,TVARDI THERAPEUTICS INC,Long,1.14,-0.87%,0.97,mfa,参数一,"{""mfa"": {""mfa_all"": 13}}",200.0,-62.78,1D,,,,,,
2026-10-05 00:00:00,TVRD,TVARDI THERAPEUTICS INC,Long,1.14,-0.87%,0.97,mfa,参数二,"{""mfa"": {""mfa_all"": 13}}",200.0,-62.78,1D,,,,,,
2026-10-05 00:00:00,PSQH,PSQ HOLDINGS INC,Short,4.12,-12.34%,5.07,sqz,参数一,"{""sqz"": {""bb_length"": 15, ""bb_mult"": 1.5, ""kc_length"": 15, ""kc_mult"": 1.2, ""min_sqz_bars"": 4}, ""r&s"": {""srb_left"": 10, ""srb_right"": 10}, ""atr"": {""atr_length"": 14, ""atr_mult"": 1.0}}",,,1D,支撑释放,8.86-7.23-8.25-2.95-4.71,低-高-低-高,18.44%-14.11%-64.24%-59.66%,13.0,22.08
2026-10-05 00:00:00,CNXN,PC CONNECTION INC,Long,92.4,0.02%,89.7,sqz,参数二,"{""sqz"": {""bb_length"": 20, ""bb_mult"": 1.8, ""kc_length"": 20, ""kc_mult"": 1.5, ""min_sqz_bars"": 4}, ""r&s"": {""srb_left"": 15, ""srb_right"": 15}, ""atr"": {""atr_length"": 14, ""atr_mult"": 1.0}}",,,1D,一直释放,nan-68.29-88.1,低-高,nan%-29.00%,46.0,15.61
2026-10-05 00:00:00,HWSM,HOT & WILEY SMID CAP DIVD VA,Long,30.11,0.44%,29.91,mfa,参数一,"{""mfa"": {""mfa_all"": 19}}",200.0,2.11,1D,,,,,,
2026-10-05 00:00:00,HWSM,HOT & WILEY SMID CAP DIVD VA,Long,30.11,0.44%,29.91,mfa,参数二,"{""mfa"": {""mfa_all"": 19}}",200.0,2.11,1D,,,,,,
2026-10-05 00:00:00,TNUK,TORTOISE NUCLEAR RENAISSANCE,Long,22.25,0.98%,21.87,mfa,参数一,"{""mfa"": {""mfa_all"": 15}}",200.0,,1D,,,,,,
2026-10-05 00:00:00,TNUK,TORTOISE NUCLEAR RENAISSANCE,Long,22.25,0.98%,21.87,mfa,参数二,"{""mfa"": {""mfa_all"": 15}}",200.0,,1D,,,,,,
2026-10-05 00:00:00,MRSK,TOEWS AGILITY SHARES MANAGED,Long,40.01,0.56%,39.55,utb,参数二,"{""utb"": {""key_value"": 3, ""atr_period"": 14, ""use_ha"": false}, ""r&s"": {""srb_left"": 15, ""srb_right"": 15}, ""atr"": {""atr_length"": 14, ""atr_mult"": 1.0}}",,,1D,,,,,,
2026-10-05 00:00:00,GOGO,GOGO INC,Long,2.14,1.42%,1.92,suf,参数一,"{""suf"": {""timeframe"": ""d""}}",200.0,-45.28,1D,,,,,,
2026-10-05 00:00:00,GOGO,GOGO INC,Long,2.14,1.42%,1.92,suf,参数二,"{""suf"": {""timeframe"": ""d""}}",200.0,-45.28,1D,,,,,,
2026-10-05 00:00:00,EFRA,ISHARES ENV INFR AND INDUST,Long,34.72,1.12%,34.17,utb,参数一,"{""utb"": {""key_value"": 2.5, ""atr_period"": 14, ""use_ha"": false}, ""r&s"": {""srb_left"": 10, ""srb_right"": 10}, ""atr"": {""atr_length"": 14, ""atr_mult"": 1.0}}",,,1D,,,,,,
2026-10-05 00:00:00,CLPR,CLIPPER REALTY INC,Short,3.14,0.00%,3.33,sqz,参数一,"{""sqz"": {""bb_length"": 15, ""bb_mult"": 1.5, ""kc_length"": 15, ""kc_mult"": 1.2, ""min_sqz_bars"": 4}, ""r&s"": {""srb_left"": 10, ""srb_right"": 10}, ""atr"": {""atr_length"": 14, ""atr_mult"": 1.0}}",,,1D,支撑释放,2.66-2.71-2.62-2.62-3.18,高-低-高-高,1.77%-3.37%-0.30%-21.22%,15.0,11.01
2026-10-05 00:00:00,DRVR,AMPLIFY S&P 500 DVD DRIVER,Long,23.99,0.17%,23.78,mfa,参数一,"{""mfa"": {""mfa_all"": 19}}",200.0,,1D,,,,,,
2026-10-05 00:00:00,DRVR,AMPLIFY S&P 500 DVD DRIVER,Long,23.99,0.17%,23.78,mfa,参数二,"{""mfa"": {""mfa_all"": 19}}",200.0,,1D,,,,,,
2026-10-05 00:00:00,UPV,PROSHARES ULTRA FTSE EUROPE,Long,91.81,-0.31%,88.48,mfa,参数一,"{""mfa"": {""mfa_all"": 16}}",200.0,-4.2,1D,,,,,,
2026-10-05 00:00:00,UPV,PROSHARES ULTRA FTSE EUROPE,Long,91.81,-0.31%,88.48,mfa,参数二,"{""mfa"": {""mfa_all"": 16}}",200.0,-4.2,1D,,,,,,
2026-10-05 00:00:00,ESEA,EUROSEAS LTD,Long,73.05,0.87%,69.85,mfa,参数一,"{""mfa"": {""mfa_all"": 8}}",200.0,10.98,1D,,,,,,
2026-10-05 00:00:00,ESEA,EUROSEAS LTD,Long,73.05,0.87%,69.85,mfa,参数二,"{""mfa"": {""mfa_all"": 8}}",200.0,10.98,1D,,,,,,
2026-10-05 00:00:00,SNOV,FT VEST US SMALL CAP MODERAT,Long,27.49,0.33%,27.31,mfa,参数一,"{""mfa"": {""mfa_all"": 8}}",200.0,4.75,1D,,,,,,
2026-10-05 00:00:00,SNOV,FT VEST US SMALL CAP MODERAT,Long,27.49,0.33%,27.31,mfa,参数二,"{""mfa"": {""mfa_all"": 8}}",200.0,4.75,1D,,,,,,
2026-10-05 00:00:00,EMEQ,NOMURA FOCUSED EMERGING MARK,Long,68.41,1.80%,66.24,sqz,参数一,"{""sqz"": {""bb_length"": 15, ""bb_mult"": 1.5, ""kc_length"": 15, ""kc_mult"": 1.2, ""min_sqz_bars"": 4}, ""r&s"": {""srb_left"": 10, ""srb_right"": 10}, ""atr"": {""atr_length"": 14, ""atr_mult"": 1.0}}",,,1D,一直亮绿,nan-53.37-72.66-78.71-67.28,低-高-高-低,nan%-36.14%-8.33%-14.53%,34.0,6.94
2026-10-05 00:00:00,RNRG,GLOBAL X RENEWABLE ENER PROD,Long,32.18,0.62%,31.82,mfa,参数一,"{""mfa"": {""mfa_all"": 16}}",200.0,-9.8,1D,,,,,,
2026-10-05 00:00:00,RNRG,GLOBAL X RENEWABLE ENER PROD,Long,32.18,0.62%,31.82,mfa,参数二,"{""mfa"": {""mfa_all"": 16}}",200.0,-9.8,1D,,,,,,
2026-10-05 00:00:00,ITDB,ISHARES LIFEPATH TARGET 2030,Long,34.85,0.27%,34.47,mfa,参数一,"{""mfa"": {""mfa_all"": 14}}",200.0,1.78,1D,,,,,,
2026-10-05 00:00:00,ITDB,ISHARES LIFEPATH TARGET 2030,Long,34.85,0.27%,34.47,mfa,参数二,"{""mfa"": {""mfa_all"": 14}}",200.0,1.78,1D,,,,,,
2026-10-05 00:00:00,GEN,GEN DIGITAL INC,Long,22.28,1.32%,20.78,suf,参数一,"{""suf"": {""timeframe"": ""d""}}",200.0,-8.69,1D,,,,,,
2026-10-05 00:00:00,GEN,GEN DIGITAL INC,Long,22.28,1.32%,20.78,suf,参数二,"{""suf"": {""timeframe"": ""d""}}",200.0,-8.69,1D,,,,,,
2026-10-05 00:00:00,VFF,VILLAGE FARMS INTERNATIONAL,Short,2.72,-4.23%,2.99,utb,参数二,"{""utb"": {""key_value"": 3, ""atr_period"": 14, ""use_ha"": false}, ""r&s"": {""srb_left"": 15, ""srb_right"": 15}, ""atr"": {""atr_length"": 14, ""atr_mult"": 1.0}}",,,1D,,,,,,
2026-10-05 00:00:00,SFL,SFL CORP LTD,Long,13.5,0.37%,12.75,sqz,参数二,"{""sqz"": {""bb_length"": 20, ""bb_mult"": 1.8, ""kc_length"": 20, ""kc_mult"": 1.5, ""min_sqz_bars"": 4}, ""r&s"": {""srb_left"": 15, ""srb_right"": 15}, ""atr"": {""atr_length"": 14, ""atr_mult"": 1.0}}",,,1D,一直释放,nan-10.67-12.48-11.36,低-高-低,nan%-16.93%-9.01%,72.0,14.8
2026-10-05 00:00:00,WDNA,WISDOMTREE BIOREVOLUTION FND,Long,24.31,2.64%,23.32,sqz,参数二,"{""sqz"": {""bb_length"": 20, ""bb_mult"": 1.8, ""kc_length"": 20, ""kc_mult"": 1.5, ""min_sqz_bars"": 4}, ""r&s"": {""srb_left"": 15, ""srb_right"": 15}, ""atr"": {""atr_length"": 14, ""atr_mult"": 1.0}}",,,1D,一直亮绿,nan-18.88-18.67-21.7-24.2,低-低-高-高,nan%-1.10%-16.23%-11.52%,28.0,9.45
2026-10-05 00:00:00,MOOD,RELATIVE SENTIMENT TACT ALLO,Long,44.94,0.33%,44.7,sqz,参数二,"{""sqz"": {""bb_length"": 20, ""bb_mult"": 1.8, ""kc_length"": 20, ""kc_mult"": 1.5, ""min_sqz_bars"": 4}, ""r&s"": {""srb_left"": 15, ""srb_right"": 15}, ""atr"": {""atr_length"": 14, ""atr_mult"": 1.0}}",,,1D,一直亮绿,nan-44.89-43.75-44.82-44.84,低-低-高-高,nan%-2.54%-2.45%-0.04%,22.0,1.36
2026-10-05 00:00:00,IDJN,CORGI INTL DEV EQ 15%-JUN,Long,24.89,0.24%,24.76,mfa,参数一,"{""mfa"": {""mfa_all"": 8}}",200.0,,1D,,,,,,
2026-10-05 00:00:00,IDJN,CORGI INTL DEV EQ 15%-JUN,Long,24.89,0.24%,24.76,mfa,参数二,"{""mfa"": {""mfa_all"": 8}}",200.0,,1D,,,,,,
2026-10-05 00:00:00,GRC,GORMAN-RUPP CO,Long,77.55,0.38%,74.11,utb,参数一,"{""utb"": {""key_value"": 2.5, ""atr_period"": 14, ""use_ha"": false}, ""r&s"": {""srb_left"": 10, ""srb_right"": 10}, ""atr"": {""atr_length"": 14, ""atr_mult"": 1.0}}",,,1D,,,,,,
2026-10-05 00:00:00,OVM,OVERLAY SHARES MUNICIPAL BON,Long,20.48,0.40%,20.16,mfa,参数一,"{""mfa"": {""mfa_all"": 20}}",200.0,-2.83,1D,,,,,,
2026-10-05 00:00:00,OVM,OVERLAY SHARES MUNICIPAL BON,Long,20.48,0.40%,20.16,mfa,参数二,"{""mfa"": {""mfa_all"": 20}}",200.0,-2.83,1D,,,,,,
2026-10-05 00:00:00,NCNO,NCINO INC,Long,19.28,3.21%,17.66,mfa,参数一,"{""mfa"": {""mfa_all"": 6}}",200.0,3.21,1D,,,,,,
2026-10-05 00:00:00,NCNO,NCINO INC,Long,19.28,3.21%,17.66,mfa,参数二,"{""mfa"": {""mfa_all"": 6}}",200.0,3.21,1D,,,,,,
2026-10-05 00:00:00,GNPX,GENPREX INC,Long,2.72,3.42%,2.27,suf,参数一,"{""suf"": {""timeframe"": ""d""}}",200.0,-88.89,1D,,,,,,
2026-10-05 00:00:00,GNPX,GENPREX INC,Long,2.72,3.42%,2.27,suf,参数二,"{""suf"": {""timeframe"": ""d""}}",200.0,-88.89,1D,,,,,,
2026-10-05 00:00:00,SOVF,SOVEREIGN'S CAPITAL FLOURISH,Long,30.37,0.85%,29.95,mfa,参数一,"{""mfa"": {""mfa_all"": 12}}",200.0,3.13,1D,,,,,,
2026-10-05 00:00:00,SOVF,SOVEREIGN'S CAPITAL FLOURISH,Long,30.37,0.85%,29.95,mfa,参数二,"{""mfa"": {""mfa_all"": 12}}",200.0,3.13,1D,,,,,,
2026-10-05 00:00:00,IBDZ,ISHARESIBONDSDEC2034TMCORP,Long,24.53,0.04%,24.33,suf,参数一,"{""suf"": {""timeframe"": ""d""}}",200.0,-3.42,1D,,,,,,
2026-10-05 00:00:00,IBDZ,ISHARESIBONDSDEC2034TMCORP,Long,24.53,0.04%,24.33,suf,参数二,"{""suf"": {""timeframe"": ""d""}}",200.0,-3.42,1D,,,,,,
2026-10-05 00:00:00,DFIS,DIMENSIONAL INTERNATIONAL SM,Long,36.16,-0.11%,35.45,mfa,参数一,"{""mfa"": {""mfa_all"": 8}}",200.0,2.87,1D,,,,,,
2026-10-05 00:00:00,DFIS,DIMENSIONAL INTERNATIONAL SM,Long,36.16,-0.11%,35.45,mfa,参数二,"{""mfa"": {""mfa_all"": 8}}",200.0,2.87,1D,,,,,,
2026-10-05 00:00:00,ABLS,ABACUS FCF SMALL CAP LDRS,Long,21.04,1.49%,20.69,utb,参数一,"{""utb"": {""key_value"": 2.5, ""atr_period"": 14, ""use_ha"": false}, ""r&s"": {""srb_left"": 10, ""srb_right"": 10}, ""atr"": {""atr_length"": 14, ""atr_mult"": 1.0}}",,,1D,,,,,,
2026-10-05 00:00:00,ABLS,ABACUS FCF SMALL CAP LDRS,Long,21.04,1.49%,20.69,utb,参数二,"{""utb"": {""key_value"": 3, ""atr_period"": 14, ""use_ha"": false}, ""r&s"": {""srb_left"": 15, ""srb_right"": 15}, ""atr"": {""atr_length"": 14, ""atr_mult"": 1.0}}",,,1D,,,,,,
2026-10-05 00:00:00,WIMA,WT INT ADPT MA FUND,Long,42.19,0.07%,41.67,mfa,参数一,"{""mfa"": {""mfa_all"": 14}}",200.0,,1D,,,,,,
2026-10-05 00:00:00,WIMA,WT INT ADPT MA FUND,Long,42.19,0.07%,41.67,mfa,参数二,"{""mfa"": {""mfa_all"": 14}}",200.0,,1D,,,,,,
2026-10-05 00:00:00,NVDX,T-REX 2X LNG NVIDIA DLY TRGT,Long,22.59,4.34%,20.86,sqz,参数一,"{""sqz"": {""bb_length"": 15, ""bb_mult"": 1.5, ""kc_length"": 15, ""kc_mult"": 1.2, ""min_sqz_bars"": 4}, ""r&s"": {""srb_left"": 10, ""srb_right"": 10}, ""atr"": {""atr_length"": 14, ""atr_mult"": 1.0}}",,,1D,一直亮绿,16.55-24.72-23.48-19.19-22.08,高-低-低-高,49.37%-5.04%-18.25%-15.09%,20.0,26.6
2026-10-05 00:00:00,NVDX,T-REX 2X LNG NVIDIA DLY TRGT,Long,22.59,4.34%,20.86,sqz,参数二,"{""sqz"": {""bb_length"": 20, ""bb_mult"": 1.8, ""kc_length"": 20, ""kc_mult"": 1.5, ""min_sqz_bars"": 4}, ""r&s"": {""srb_left"": 15, ""srb_right"": 15}, ""atr"": {""atr_length"": 14, ""atr_mult"": 1.0}}",,,1D,一直亮绿,18.43-18.3-18.49-24.72-22.08,低-高-高-低,0.72%-1.05%-33.69%-10.66%,20.0,26.6
2026-10-05 00:00:00,IBTK,ISHARES IBONDS DEC 2030 TREA,Long,18.95,0.11%,18.88,mfa,参数一,"{""mfa"": {""mfa_all"": 19}}",200.0,-1.64,1D,,,,,,
2026-10-05 00:00:00,IBTK,ISHARES IBONDS DEC 2030 TREA,Long,18.95,0.11%,18.88,mfa,参数二,"{""mfa"": {""mfa_all"": 19}}",200.0,-1.64,1D,,,,,,
2026-10-05 00:00:00,NVDG,LEVERAGE SHARES 2X NVDA,Long,22.88,4.36%,21.12,sqz,参数一,"{""sqz"": {""bb_length"": 15, ""bb_mult"": 1.5, ""kc_length"": 15, ""kc_mult"": 1.2, ""min_sqz_bars"": 4}, ""r&s"": {""srb_left"": 10, ""srb_right"": 10}, ""atr"": {""atr_length"": 14, ""atr_mult"": 1.0}}",,,1D,一直亮绿,18.25-16.38-24.71-23.5-22.27,低-高-低-低,10.27%-50.85%-4.89%-5.23%,20.0,26.21
2026-10-05 00:00:00,NVDG,LEVERAGE SHARES 2X NVDA,Long,22.88,4.36%,21.12,sqz,参数二,"{""sqz"": {""bb_length"": 20, ""bb_mult"": 1.8, ""kc_length"": 20, ""kc_mult"": 1.5, ""min_sqz_bars"": 4}, ""r&s"": {""srb_left"": 15, ""srb_right"": 15}, ""atr"": {""atr_length"": 14, ""atr_mult"": 1.0}}",,,1D,一直亮绿,18.08-18.02-18.25-24.71-22.27,低-高-高-低,0.35%-1.30%-35.35%-9.87%,20.0,26.21
2026-10-05 00:00:00,VVX,V2X INC,Short,70.87,0.11%,74.82,sqz,参数一,"{""sqz"": {""bb_length"": 15, ""bb_mult"": 1.5, ""kc_length"": 15, ""kc_mult"": 1.2, ""min_sqz_bars"": 4}, ""r&s"": {""srb_left"": 10, ""srb_right"": 10}, ""atr"": {""atr_length"": 14, ""atr_mult"": 1.0}}",,,1D,支撑释放,62.73-61.42-70.24-75.7-71.06,低-高-高-低,2.09%-14.36%-7.77%-6.13%,17.0,11.36
2026-10-05 00:00:00,CXSE,WISDOMTREE CHINA EX-ST OW,Long,35.1,1.65%,34.37,suf,参数一,"{""suf"": {""timeframe"": ""d""}}",200.0,-9.64,1D,,,,,,
2026-10-05 00:00:00,CXSE,WISDOMTREE CHINA EX-ST OW,Long,35.1,1.65%,34.37,suf,参数二,"{""suf"": {""timeframe"": ""d""}}",200.0,-9.64,1D,,,,,,
2026-10-05 00:00:00,BJDX,BLUEJAY DIAGNOSTICS INC,Short,0.76,-9.08%,0.93,sqz,参数二,"{""sqz"": {""bb_length"": 20, ""bb_mult"": 1.8, ""kc_length"": 20, ""kc_mult"": 1.5, ""min_sqz_bars"": 4}, ""r&s"": {""srb_left"": 15, ""srb_right"": 15}, ""atr"": {""atr_length"": 14, ""atr_mult"": 1.0}}",,,1D,支撑释放,nan-2.51-1.65-1.62-0.83,低-低-低-低,nan%-34.25%-1.58%-48.86%,46.0,103.61
2026-10-05 00:00:00,EXC,EXELON CORP,Long,40.82,0.22%,39.52,mfa,参数一,"{""mfa"": {""mfa_all"": 47}}",200.0,-9.09,1D,,,,,,
2026-10-05 00:00:00,EXC,EXELON CORP,Long,40.82,0.22%,39.52,mfa,参数二,"{""mfa"": {""mfa_all"": 47}}",200.0,-9.09,1D,,,,,,
2026-10-05 00:00:00,GRPM,INVESCO S&P MIDCAP 400 GARP,Long,138.03,0.86%,135.5,mfa,参数一,"{""mfa"": {""mfa_all"": 10}}",200.0,7.7,1D,,,,,,
2026-10-05 00:00:00,GRPM,INVESCO S&P MIDCAP 400 GARP,Long,138.03,0.86%,135.5,mfa,参数二,"{""mfa"": {""mfa_all"": 10}}",200.0,7.7,1D,,,,,,
2026-10-05 00:00:00,NVOH,NOVO NORDISK A/S B SHRS ADRH,Long,21.19,0.93%,20.47,suf,参数一,"{""suf"": {""timeframe"": ""d""}}",200.0,-12.53,1D,,,,,,
2026-10-05 00:00:00,NVOH,NOVO NORDISK A/S B SHRS ADRH,Long,21.19,0.93%,20.47,suf,参数二,"{""suf"": {""timeframe"": ""d""}}",200.0,-12.53,1D,,,,,,
2026-10-05 00:00:00,PCVX,VAXCYTE INC,Long,73.82,30.70%,67.15,sqz,参数一,"{""sqz"": {""bb_length"": 15, ""bb_mult"": 1.5, ""kc_length"": 15, ""kc_mult"": 1.2, ""min_sqz_bars"": 4}, ""r&s"": {""srb_left"": 10, ""srb_right"": 10}, ""atr"": {""atr_length"": 14, ""atr_mult"": 1.0}}",,,1D,压力释放,58.95-65.0-63.31-61.77-63.98,高-低-低-高,10.26%-2.60%-2.43%-3.58%,30.0,16.15
2026-10-05 00:00:00,FFIU,UVA UNCONSTRAINED MEDIUM-TER,Long,20.44,-0.11%,20.32,mfa,参数一,"{""mfa"": {""mfa_all"": 19}}",200.0,-4.29,1D,,,,,,
2026-10-05 00:00:00,FFIU,UVA UNCONSTRAINED MEDIUM-TER,Long,20.44,-0.11%,20.32,mfa,参数二,"{""mfa"": {""mfa_all"": 19}}",200.0,-4.29,1D,,,,,,
2026-10-05 00:00:00,USMX,CORGI US MID-CAP 2X DLY,Long,24.61,1.53%,24.33,utb,参数一,"{""utb"": {""key_value"": 2.5, ""atr_period"": 14, ""use_ha"": false}, ""r&s"": {""srb_left"": 10, ""srb_right"": 10}, ""atr"": {""atr_length"": 14, ""atr_mult"": 1.0}}",,,1D,,,,,,
2026-10-05 00:00:00,USMX,CORGI US MID-CAP 2X DLY,Long,24.61,1.53%,24.33,utb,参数二,"{""utb"": {""key_value"": 3, ""atr_period"": 14, ""use_ha"": false}, ""r&s"": {""srb_left"": 15, ""srb_right"": 15}, ""atr"": {""atr_length"": 14, ""atr_mult"": 1.0}}",,,1D,,,,,,
2026-10-05 00:00:00,MSFT,MICROSOFT CORP,Long,525.18,1.48%,509.66,sqz,参数一,"{""sqz"": {""bb_length"": 15, ""bb_mult"": 1.5, ""kc_length"": 15, ""kc_mult"": 1.2, ""min_sqz_bars"": 4}, ""r&s"": {""srb_left"": 10, ""srb_right"": 10}, ""atr"": {""atr_length"": 14, ""atr_mult"": 1.0}}",,,1D,压力释放,411.38-431.95-465.44-512.76-517.78,高-高-高-高,5.00%-7.75%-10.17%-0.98%,25.0,6.54
2026-10-05 00:00:00,MSFT,MICROSOFT CORP,Long,525.18,1.48%,509.66,sqz,参数二,"{""sqz"": {""bb_length"": 20, ""bb_mult"": 1.8, ""kc_length"": 20, ""kc_mult"": 1.5, ""min_sqz_bars"": 4}, ""r&s"": {""srb_left"": 15, ""srb_right"": 15}, ""atr"": {""atr_length"": 14, ""atr_mult"": 1.0}}",,,1D,压力释放,486.61-411.38-431.95-465.44-517.78,低-高-高-高,15.46%-5.00%-7.75%-11.24%,25.0,6.54
2026-10-05 00:00:00,HOLA,JPM INTLL HDG EQ LDDR OVRLY,Long,55.42,0.12%,54.54,mfa,参数一,"{""mfa"": {""mfa_all"": 14}}",200.0,1.6,1D,,,,,,
2026-10-05 00:00:00,HOLA,JPM INTLL HDG EQ LDDR OVRLY,Long,55.42,0.12%,54.54,mfa,参数二,"{""mfa"": {""mfa_all"": 14}}",200.0,1.6,1D,,,,,,
2026-10-05 00:00:00,HYHG,PROSHARES HIGH YIELD INTERES,Short,63.82,0.11%,64.31,sqz,参数一,"{""sqz"": {""bb_length"": 15, ""bb_mult"": 1.5, ""kc_length"": 15, ""kc_mult"": 1.2, ""min_sqz_bars"": 4}, ""r&s"": {""srb_left"": 10, ""srb_right"": 10}, ""atr"": {""atr_length"": 14, ""atr_mult"": 1.0}}",,,1D,支撑释放,nan-60.56-60.66-63.35-63.84,低-高-高-高,nan%-0.17%-4.42%-0.78%,27.0,1.42
2026-10-05 00:00:00,CONI,GRANITESHARES 2X SHORT COIN,Short,23.5,-5.81%,28.08,sqz,参数二,"{""sqz"": {""bb_length"": 20, ""bb_mult"": 1.8, ""kc_length"": 20, ""kc_mult"": 1.5, ""min_sqz_bars"": 4}, ""r&s"": {""srb_left"": 15, ""srb_right"": 15}, ""atr"": {""atr_length"": 14, ""atr_mult"": 1.0}}",,,1D,一直释放,48.39-44.86-38.0-31.78-36.94,低-低-低-高,7.29%-15.29%-16.37%-16.25%,53.0,58.56
2026-10-05 00:00:00,UCRD,VICTORYSHARES CORPORATE BOND,Long,20.49,0.05%,20.42,mfa,参数一,"{""mfa"": {""mfa_all"": 18}}",200.0,-2.98,1D,,,,,,
2026-10-05 00:00:00,UCRD,VICTORYSHARES CORPORATE BOND,Long,20.49,0.05%,20.42,mfa,参数二,"{""mfa"": {""mfa_all"": 18}}",200.0,-2.98,1D,,,,,,
2026-10-05 00:00:00,FMNY,FIRST TRUST NY MUNI HIGH INC,Long,24.93,0.32%,24.65,suf,参数一,"{""suf"": {""timeframe"": ""d""}}",200.0,-4.59,1D,,,,,,
2026-10-05 00:00:00,FMNY,FIRST TRUST NY MUNI HIGH INC,Long,24.93,0.32%,24.65,suf,参数二,"{""suf"": {""timeframe"": ""d""}}",200.0,-4.59,1D,,,,,,
2026-10-05 00:00:00,LITL,SIMPLIFY PPR SNDLR US SM CAP,Long,33.7,0.68%,33.43,utb,参数一,"{""utb"": {""key_value"": 2.5, ""atr_period"": 14, ""use_ha"": false}, ""r&s"": {""srb_left"": 10, ""srb_right"": 10}, ""atr"": {""atr_length"": 14, ""atr_mult"": 1.0}}",,,1D,,,,,,
2026-10-05 00:00:00,SMDD,PROSHARES ULTPRO SHRT MC400,Short,8.58,-1.04%,9.23,utb,参数一,"{""utb"": {""key_value"": 2.5, ""atr_period"": 14, ""use_ha"": false}, ""r&s"": {""srb_left"": 10, ""srb_right"": 10}, ""atr"": {""atr_length"": 14, ""atr_mult"": 1.0}}",,,1D,,,,,,
2026-10-05 00:00:00,ETHO,AMPLIFY ETHO CLIMATE LEADERS,Long,81.48,0.53%,80.56,utb,参数二,"{""utb"": {""key_value"": 3, ""atr_period"": 14, ""use_ha"": false}, ""r&s"": {""srb_left"": 15, ""srb_right"": 15}, ""atr"": {""atr_length"": 14, ""atr_mult"": 1.0}}",,,1D,,,,,,
2026-10-05 00:00:00,MCRP,MICROPOLIS AI ROBOTICS,Long,0.7,3.68%,0.57,suf,参数一,"{""suf"": {""timeframe"": ""d""}}",200.0,-66.73,1D,,,,,,
2026-10-05 00:00:00,MCRP,MICROPOLIS AI ROBOTICS,Long,0.7,3.68%,0.57,suf,参数二,"{""suf"": {""timeframe"": ""d""}}",200.0,-66.73,1D,,,,,,
2026-10-05 00:00:00,FNCL,FIDELITY MSCI FINANCIAL INDX,Long,76.54,0.79%,74.81,suf,参数一,"{""suf"": {""timeframe"": ""d""}}",200.0,0.86,1D,,,,,,
2026-10-05 00:00:00,FNCL,FIDELITY MSCI FINANCIAL INDX,Long,76.54,0.79%,74.81,suf,参数二,"{""suf"": {""timeframe"": ""d""}}",200.0,0.86,1D,,,,,,
2026-10-05 00:00:00,FLSA,FRANKLIN FTSE SAUDI ARABIA,Long,31.67,0.89%,31.48,mfa,参数一,"{""mfa"": {""mfa_all"": 11}}",200.0,-2.52,1D,,,,,,
2026-10-05 00:00:00,FLSA,FRANKLIN FTSE SAUDI ARABIA,Long,31.67,0.89%,31.48,mfa,参数二,"{""mfa"": {""mfa_all"": 11}}",200.0,-2.52,1D,,,,,,
2026-10-05 00:00:00,USMF,WISDOMTREE US MULTIFACTOR FU,Long,53.1,0.45%,52.24,utb,参数一,"{""utb"": {""key_value"": 2.5, ""atr_period"": 14, ""use_ha"": false}, ""r&s"": {""srb_left"": 10, ""srb_right"": 10}, ""atr"": {""atr_length"": 14, ""atr_mult"": 1.0}}",,,1D,,,,,,
2026-10-05 00:00:00,BBIN,JPM BETABUILDERS INTL EQTY,Long,78.07,0.04%,76.6,mfa,参数一,"{""mfa"": {""mfa_all"": 14}}",200.0,2.22,1D,,,,,,
2026-10-05 00:00:00,BBIN,JPM BETABUILDERS INTL EQTY,Long,78.07,0.04%,76.6,mfa,参数二,"{""mfa"": {""mfa_all"": 14}}",200.0,2.22,1D,,,,,,
2026-10-05 00:00:00,HSTM,HEALTHSTREAM INC,Long,31.54,2.34%,30.13,sqz,参数一,"{""sqz"": {""bb_length"": 15, ""bb_mult"": 1.5, ""kc_length"": 15, ""kc_mult"": 1.2, ""min_sqz_bars"": 4}, ""r&s"": {""srb_left"": 10, ""srb_right"": 10}, ""atr"": {""atr_length"": 14, ""atr_mult"": 1.0}}",,,1D,压力释放,23.33-21.86-29.96-31.07-30.3,低-高-高-低,6.30%-37.07%-3.70%-2.49%,21.0,7.64
2026-10-05 00:00:00,HSTM,HEALTHSTREAM INC,Long,31.54,2.34%,30.13,sqz,参数二,"{""sqz"": {""bb_length"": 20, ""bb_mult"": 1.8, ""kc_length"": 20, ""kc_mult"": 1.5, ""min_sqz_bars"": 4}, ""r&s"": {""srb_left"": 15, ""srb_right"": 15}, ""atr"": {""atr_length"": 14, ""atr_mult"": 1.0}}",,,1D,压力释放,nan-23.33-29.96-31.07-30.3,低-高-高-低,nan%-28.44%-3.70%-2.49%,21.0,7.64
2026-10-05 00:00:00,DSS,DSS INC,Short,0.62,-3.61%,0.71,utb,参数一,"{""utb"": {""key_value"": 2.5, ""atr_period"": 14, ""use_ha"": false}, ""r&s"": {""srb_left"": 10, ""srb_right"": 10}, ""atr"": {""atr_length"": 14, ""atr_mult"": 1.0}}",,,1D,,,,,,
2026-10-05 00:00:00,SPCH,LEVERAGE SHARES 2X SPCX,Long,12.74,14.98%,10.1,sqz,参数一,"{""sqz"": {""bb_length"": 15, ""bb_mult"": 1.5, ""kc_length"": 15, ""kc_mult"": 1.2, ""min_sqz_bars"": 4}, ""r&s"": {""srb_left"": 10, ""srb_right"": 10}, ""atr"": {""atr_length"": 14, ""atr_mult"": 1.0}}",,,1D,压力释放,nan-10.3,低,nan%,37.0,32.73
2026-10-05 00:00:00,CBL,CBL & ASSOCIATES PROPERTIES,Long,54.21,-0.90%,52.38,mfa,参数一,"{""mfa"": {""mfa_all"": 15}}",200.0,20.47,1D,,,,,,
2026-10-05 00:00:00,CBL,CBL & ASSOCIATES PROPERTIES,Long,54.21,-0.90%,52.38,mfa,参数二,"{""mfa"": {""mfa_all"": 15}}",200.0,20.47,1D,,,,,,
2026-10-05 00:00:00,FNGD,MICROSECTORS FANG+ INDEX -3X,Short,23.68,-2.43%,25.35,sqz,参数一,"{""sqz"": {""bb_length"": 15, ""bb_mult"": 1.5, ""kc_length"": 15, ""kc_mult"": 1.2, ""min_sqz_bars"": 4}, ""r&s"": {""srb_left"": 10, ""srb_right"": 10}, ""atr"": {""atr_length"": 14, ""atr_mult"": 1.0}}",,,1D,一直释放,nan-58.16-28.72-31.64-25.25,低-低-高-低,nan%-50.62%-10.17%-20.20%,25.0,11.21
2026-10-05 00:00:00,KEX,KIRBY CORP,Long,139.85,1.44%,132.96,mfa,参数一,"{""mfa"": {""mfa_all"": 9}}",200.0,3.78,1D,,,,,,
2026-10-05 00:00:00,KEX,KIRBY CORP,Long,139.85,1.44%,132.96,utb,参数二,"{""utb"": {""key_value"": 3, ""atr_period"": 14, ""use_ha"": false}, ""r&s"": {""srb_left"": 15, ""srb_right"": 15}, ""atr"": {""atr_length"": 14, ""atr_mult"": 1.0}}",,,1D,,,,,,
2026-10-05 00:00:00,KEX,KIRBY CORP,Long,139.85,1.44%,132.96,mfa,参数二,"{""mfa"": {""mfa_all"": 9}}",200.0,3.78,1D,,,,,,
2026-10-05 00:00:00,TRN,TRINITY INDUSTRIES INC,Long,26.39,1.00%,24.95,suf,参数一,"{""suf"": {""timeframe"": ""d""}}",200.0,-15.61,1D,,,,,,
2026-10-05 00:00:00,TRN,TRINITY INDUSTRIES INC,Long,26.39,1.00%,24.95,suf,参数二,"{""suf"": {""timeframe"": ""d""}}",200.0,-15.61,1D,,,,,,
2026-10-05 00:00:00,SHPP,PACER INDUSTRIALS AND LOGIS,Long,33.54,-0.33%,33.29,mfa,参数一,"{""mfa"": {""mfa_all"": 14}}",200.0,4.14,1D,,,,,,
2026-10-05 00:00:00,SHPP,PACER INDUSTRIALS AND LOGIS,Long,33.54,-0.33%,33.29,mfa,参数二,"{""mfa"": {""mfa_all"": 14}}",200.0,4.14,1D,,,,,,
2026-10-05 00:00:00,GAUZ,GAUZY LTD,Short,4.66,-9.43%,6.1,utb,参数二,"{""utb"": {""key_value"": 3, ""atr_period"": 14, ""use_ha"": false}, ""r&s"": {""srb_left"": 15, ""srb_right"": 15}, ""atr"": {""atr_length"": 14, ""atr_mult"": 1.0}}",,,1D,,,,,,
2026-10-05 00:00:00,QQQU,DIREXION DAILY MAGNIFICENT 7,Long,64.97,2.30%,61.72,sqz,参数一,"{""sqz"": {""bb_length"": 15, ""bb_mult"": 1.5, ""kc_length"": 15, ""kc_mult"": 1.2, ""min_sqz_bars"": 4}, ""r&s"": {""srb_left"": 10, ""srb_right"": 10}, ""atr"": {""atr_length"": 14, ""atr_mult"": 1.0}}",,,1D,一直释放,58.69-57.64-63.47-58.79-59.12,低-高-低-高,1.79%-10.13%-7.38%-0.57%,42.0,9.49
2026-10-05 00:00:00,MAGS,ROUNDHILL MAGNIFICENT SEVEN,Long,73.5,1.25%,71.47,sqz,参数一,"{""sqz"": {""bb_length"": 15, ""bb_mult"": 1.5, ""kc_length"": 15, ""kc_mult"": 1.2, ""min_sqz_bars"": 4}, ""r&s"": {""srb_left"": 10, ""srb_right"": 10}, ""atr"": {""atr_length"": 14, ""atr_mult"": 1.0}}",,,1D,一直释放,67.47-67.09-71.16-69.09-69.61,低-高-低-高,0.57%-6.07%-2.91%-0.75%,42.0,4.6
2026-10-05 00:00:00,SKYH,SKY HARBOUR GROUP CORP,Long,9.34,0.54%,8.83,suf,参数一,"{""suf"": {""timeframe"": ""d""}}",200.0,-4.04,1D,,,,,,
2026-10-05 00:00:00,SKYH,SKY HARBOUR GROUP CORP,Long,9.34,0.54%,8.83,suf,参数二,"{""suf"": {""timeframe"": ""d""}}",200.0,-4.04,1D,,,,,,
2026-10-05 00:00:00,BRBR,BELLRING BRANDS INC,Long,7.73,4.04%,6.93,suf,参数一,"{""suf"": {""timeframe"": ""d""}}",200.0,-48.47,1D,,,,,,
2026-10-05 00:00:00,BRBR,BELLRING BRANDS INC,Long,7.73,4.04%,6.93,suf,参数二,"{""suf"": {""timeframe"": ""d""}}",200.0,-48.47,1D,,,,,,
2026-10-05 00:00:00,GIL,GILDAN ACTIVEWEAR INC,Long,40.68,-0.78%,38.24,mfa,参数一,"{""mfa"": {""mfa_all"": 18}}",200.0,-29.13,1D,,,,,,
2026-10-05 00:00:00,GIL,GILDAN ACTIVEWEAR INC,Long,40.68,-0.78%,38.24,mfa,参数二,"{""mfa"": {""mfa_all"": 18}}",200.0,-29.13,1D,,,,,,
2026-10-05 00:00:00,WSM,WILLIAMS-SONOMA INC,Long,238.7,2.76%,224.72,utb,参数一,"{""utb"": {""key_value"": 2.5, ""atr_period"": 14, ""use_ha"": false}, ""r&s"": {""srb_left"": 10, ""srb_right"": 10}, ""atr"": {""atr_length"": 14, ""atr_mult"": 1.0}}",,,1D,,,,,,
2026-10-05 00:00:00,MKC,MCCORMICK & CO-NON VTG SHRS,Long,45.54,1.95%,42.39,suf,参数一,"{""suf"": {""timeframe"": ""d""}}",200.0,-16.9,1D,,,,,,
2026-10-05 00:00:00,MKC,MCCORMICK & CO-NON VTG SHRS,Long,45.54,1.95%,42.39,suf,参数二,"{""suf"": {""timeframe"": ""d""}}",200.0,-16.9,1D,,,,,,
2026-10-05 00:00:00,GSY,INVESCO ULTRA SHORT DURATION,Long,50.01,0.06%,49.94,sqz,参数一,"{""sqz"": {""bb_length"": 15, ""bb_mult"": 1.5, ""kc_length"": 15, ""kc_mult"": 1.2, ""min_sqz_bars"": 4}, ""r&s"": {""srb_left"": 10, ""srb_right"": 10}, ""atr"": {""atr_length"": 14, ""atr_mult"": 1.0}}",,,1D,压力释放,nan-49.99,低,nan%,18.0,0.19
2026-10-05 00:00:00,GSY,INVESCO ULTRA SHORT DURATION,Long,50.01,0.06%,49.94,utb,参数二,"{""utb"": {""key_value"": 3, ""atr_period"": 14, ""use_ha"": false}, ""r&s"": {""srb_left"": 15, ""srb_right"": 15}, ""atr"": {""atr_length"": 14, ""atr_mult"": 1.0}}",,,1D,,,,,,
2026-10-05 00:00:00,IMO,IMPERIAL OIL LTD,Long,123.51,-1.73%,120.21,mfa,参数一,"{""mfa"": {""mfa_all"": 7}}",200.0,3.8,1D,,,,,,
2026-10-05 00:00:00,IMO,IMPERIAL OIL LTD,Long,123.51,-1.73%,120.21,mfa,参数二,"{""mfa"": {""mfa_all"": 7}}",200.0,3.8,1D,,,,,,
2026-10-05 00:00:00,FSGS,FIRST TRUST SMID GROWTH STRE,Long,32.5,1.32%,32.15,utb,参数一,"{""utb"": {""key_value"": 2.5, ""atr_period"": 14, ""use_ha"": false}, ""r&s"": {""srb_left"": 10, ""srb_right"": 10}, ""atr"": {""atr_length"": 14, ""atr_mult"": 1.0}}",,,1D,,,,,,
2026-10-05 00:00:00,FSGS,FIRST TRUST SMID GROWTH STRE,Long,32.5,1.32%,32.15,utb,参数二,"{""utb"": {""key_value"": 3, ""atr_period"": 14, ""use_ha"": false}, ""r&s"": {""srb_left"": 15, ""srb_right"": 15}, ""atr"": {""atr_length"": 14, ""atr_mult"": 1.0}}",,,1D,,,,,,
2026-10-05 00:00:00,CLX,CLOROX COMPANY,Long,82.01,1.99%,78.41,suf,参数一,"{""suf"": {""timeframe"": ""d""}}",200.0,-17.66,1D,,,,,,
2026-10-05 00:00:00,CLX,CLOROX COMPANY,Long,82.01,1.99%,78.41,suf,参数二,"{""suf"": {""timeframe"": ""d""}}",200.0,-17.66,1D,,,,,,
2026-10-05 00:00:00,PGJ,INVESCO GOLDEN DRAGON CHINA,Long,21.63,1.79%,21.12,suf,参数一,"{""suf"": {""timeframe"": ""d""}}",200.0,-16.1,1D,,,,,,
2026-10-05 00:00:00,PGJ,INVESCO GOLDEN DRAGON CHINA,Long,21.63,1.79%,21.12,suf,参数二,"{""suf"": {""timeframe"": ""d""}}",200.0,-16.1,1D,,,,,,
2026-10-05 00:00:00,SRRK,SCHOLAR ROCK HOLDING CORP,Short,43.4,-7.28%,49.8,sqz,参数二,"{""sqz"": {""bb_length"": 20, ""bb_mult"": 1.8, ""kc_length"": 20, ""kc_mult"": 1.5, ""min_sqz_bars"": 4}, ""r&s"": {""srb_left"": 15, ""srb_right"": 15}, ""atr"": {""atr_length"": 14, ""atr_mult"": 1.0}}",,,1D,一直释放,40.62-38.75-45.0-43.23-45.73,低-高-低-高,4.62%-16.13%-3.93%-5.78%,44.0,35.05
2026-10-05 00:00:00,TTAN,SERVICETITAN INC-A,Long,72.16,7.56%,62.73,utb,参数二,"{""utb"": {""key_value"": 3, ""atr_period"": 14, ""use_ha"": false}, ""r&s"": {""srb_left"": 15, ""srb_right"": 15}, ""atr"": {""atr_length"": 14, ""atr_mult"": 1.0}}",,,1D,,,,,,
2026-10-05 00:00:00,CHRS,COHERUS ONCOLOGY INC,Short,1.12,-3.45%,1.25,sqz,参数二,"{""sqz"": {""bb_length"": 20, ""bb_mult"": 1.8, ""kc_length"": 20, ""kc_mult"": 1.5, ""min_sqz_bars"": 4}, ""r&s"": {""srb_left"": 15, ""srb_right"": 15}, ""atr"": {""atr_length"": 14, ""atr_mult"": 1.0}}",,,1D,一直亮红,nan-1.52-1.33-1.13,低-低-低,nan%-12.50%-15.04%,34.0,30.97
2026-10-05 00:00:00,NVDU,DIREXION DAILY NVDA BULL 2X,Long,159.37,4.43%,146.79,sqz,参数一,"{""sqz"": {""bb_length"": 15, ""bb_mult"": 1.5, ""kc_length"": 15, ""kc_mult"": 1.2, ""min_sqz_bars"": 4}, ""r&s"": {""srb_left"": 10, ""srb_right"": 10}, ""atr"": {""atr_length"": 14, ""atr_mult"": 1.0}}",,,1D,一直亮绿,126.09-113.25-171.15-162.66-154.98,低-高-低-低,10.18%-51.13%-4.96%-4.72%,20.0,26.34
2026-10-05 00:00:00,NVDU,DIREXION DAILY NVDA BULL 2X,Long,159.37,4.43%,146.79,sqz,参数二,"{""sqz"": {""bb_length"": 20, ""bb_mult"": 1.8, ""kc_length"": 20, ""kc_mult"": 1.5, ""min_sqz_bars"": 4}, ""r&s"": {""srb_left"": 15, ""srb_right"": 15}, ""atr"": {""atr_length"": 14, ""atr_mult"": 1.0}}",,,1D,一直亮绿,124.75-124.34-126.09-171.15-154.98,低-高-高-低,0.33%-1.41%-35.74%-9.45%,20.0,26.34
2026-10-05 00:00:00,XHOA,CORGI US REAL ESTATE 2X DLY,Long,21.57,-0.69%,21.28,mfa,参数一,"{""mfa"": {""mfa_all"": 25}}",200.0,,1D,,,,,,
2026-10-05 00:00:00,XHOA,CORGI US REAL ESTATE 2X DLY,Long,21.57,-0.69%,21.28,mfa,参数二,"{""mfa"": {""mfa_all"": 25}}",200.0,,1D,,,,,,
2026-10-05 00:00:00,CRS,CARPENTER TECHNOLOGY,Long,392.2,0.96%,367.52,suf,参数一,"{""suf"": {""timeframe"": ""d""}}",200.0,-11.17,1D,,,,,,
2026-10-05 00:00:00,CRS,CARPENTER TECHNOLOGY,Long,392.2,0.96%,367.52,suf,参数二,"{""suf"": {""timeframe"": ""d""}}",200.0,-11.17,1D,,,,,,
2026-10-05 00:00:00,USMV,ISHARES MSCI USA MIN VOL FAC,Long,98.98,0.78%,97.52,mfa,参数一,"{""mfa"": {""mfa_all"": 7}}",200.0,3.41,1D,,,,,,
2026-10-05 00:00:00,USMV,ISHARES MSCI USA MIN VOL FAC,Long,98.98,0.78%,97.52,mfa,参数二,"{""mfa"": {""mfa_all"": 7}}",200.0,3.41,1D,,,,,,
2026-10-05 00:00:00,CTEX,PROSHARES S&P KENSHO CLEANTC,Short,31.18,-0.39%,31.82,sqz,参数二,"{""sqz"": {""bb_length"": 20, ""bb_mult"": 1.8, ""kc_length"": 20, ""kc_mult"": 1.5, ""min_sqz_bars"": 4}, ""r&s"": {""srb_left"": 15, ""srb_right"": 15}, ""atr"": {""atr_length"": 14, ""atr_mult"": 1.0}}",,,1D,一直亮红,nan-33.68-32.89-31.25,低-低-低,nan%-2.36%-4.98%,47.0,17.12
2026-10-05 00:00:00,JHID,JOHN HANCOCK INTL HIGH DVD,Long,42.27,0.04%,42.0,mfa,参数一,"{""mfa"": {""mfa_all"": 12}}",200.0,2.64,1D,,,,,,
2026-10-05 00:00:00,JHID,JOHN HANCOCK INTL HIGH DVD,Long,42.27,0.04%,42.0,mfa,参数二,"{""mfa"": {""mfa_all"": 12}}",200.0,2.64,1D,,,,,,
2026-10-05 00:00:00,LCOW,PACER SP 500 Q FCF ARSTCRTS,Long,27.14,0.82%,26.85,sqz,参数二,"{""sqz"": {""bb_length"": 20, ""bb_mult"": 1.8, ""kc_length"": 20, ""kc_mult"": 1.5, ""min_sqz_bars"": 4}, ""r&s"": {""srb_left"": 15, ""srb_right"": 15}, ""atr"": {""atr_length"": 14, ""atr_mult"": 1.0}}",,,1D,一直亮绿,nan-24.96-25.55-27.01,低-高-高,nan%-2.34%-5.70%,25.0,3.39
2026-10-05 00:00:00,XLF,SS FINANCIAL SELECT SECTOR,Long,53.88,0.73%,52.6,suf,参数一,"{""suf"": {""timeframe"": ""d""}}",200.0,1.04,1D,,,,,,
2026-10-05 00:00:00,XLF,SS FINANCIAL SELECT SECTOR,Long,53.88,0.73%,52.6,suf,参数二,"{""suf"": {""timeframe"": ""d""}}",200.0,1.04,1D,,,,,,
2026-10-05 00:00:00,LSPD,LIGHTSPEED COMMERCE INC,Long,10.21,3.97%,9.55,utb,参数一,"{""utb"": {""key_value"": 2.5, ""atr_period"": 14, ""use_ha"": false}, ""r&s"": {""srb_left"": 10, ""srb_right"": 10}, ""atr"": {""atr_length"": 14, ""atr_mult"": 1.0}}",,,1D,,,,,,
2026-10-05 00:00:00,FGBI,FIRST GUARANTY BANCSHARES IN,Long,8.7,4.69%,7.83,utb,参数一,"{""utb"": {""key_value"": 2.5, ""atr_period"": 14, ""use_ha"": false}, ""r&s"": {""srb_left"": 10, ""srb_right"": 10}, ""atr"": {""atr_length"": 14, ""atr_mult"": 1.0}}",,,1D,,,,,,
2026-10-05 00:00:00,SFIX,STITCH FIX INC-CLASS A,Long,2.68,2.68%,2.41,utb,参数一,"{""utb"": {""key_value"": 2.5, ""atr_period"": 14, ""use_ha"": false}, ""r&s"": {""srb_left"": 10, ""srb_right"": 10}, ""atr"": {""atr_length"": 14, ""atr_mult"": 1.0}}",,,1D,,,,,,
2026-10-05 00:00:00,IEX,IDEX CORP,Long,235.29,0.99%,227.13,utb,参数二,"{""utb"": {""key_value"": 3, ""atr_period"": 14, ""use_ha"": false}, ""r&s"": {""srb_left"": 15, ""srb_right"": 15}, ""atr"": {""atr_length"": 14, ""atr_mult"": 1.0}}",,,1D,,,,,,
2026-10-05 00:00:00,DWM,WISDOMTREE INTERNATIONAL EQU,Long,73.55,0.10%,72.57,mfa,参数一,"{""mfa"": {""mfa_all"": 12}}",200.0,1.93,1D,,,,,,
2026-10-05 00:00:00,DWM,WISDOMTREE INTERNATIONAL EQU,Long,73.55,0.10%,72.57,mfa,参数二,"{""mfa"": {""mfa_all"": 12}}",200.0,1.93,1D,,,,,,
2026-10-05 00:00:00,CALM,CAL-MAINE FOODS INC,Short,64.99,-2.52%,68.71,sqz,参数二,"{""sqz"": {""bb_length"": 20, ""bb_mult"": 1.8, ""kc_length"": 20, ""kc_mult"": 1.5, ""min_sqz_bars"": 4}, ""r&s"": {""srb_left"": 15, ""srb_right"": 15}, ""atr"": {""atr_length"": 14, ""atr_mult"": 1.0}}",,,1D,一直释放,nan-70.97-72.44-73.77,低-高-高,nan%-2.06%-1.84%,85.0,29.12
2026-10-05 00:00:00,AMSF,AMERISAFE INC,Long,23.28,-1.31%,22.62,mfa,参数一,"{""mfa"": {""mfa_all"": 52}}",200.0,-25.6,1D,,,,,,
2026-10-05 00:00:00,AMSF,AMERISAFE INC,Long,23.28,-1.31%,22.62,mfa,参数二,"{""mfa"": {""mfa_all"": 52}}",200.0,-25.6,1D,,,,,,
2026-10-05 00:00:00,AVPT,AVEPOINT INC,Long,14.66,4.19%,13.41,sqz,参数一,"{""sqz"": {""bb_length"": 15, ""bb_mult"": 1.5, ""kc_length"": 15, ""kc_mult"": 1.2, ""min_sqz_bars"": 4}, ""r&s"": {""srb_left"": 10, ""srb_right"": 10}, ""atr"": {""atr_length"": 14, ""atr_mult"": 1.0}}",,,1D,压力释放,10.4-11.47-11.61-13.48-14.39,高-高-高-高,10.24%-1.31%-16.06%-6.71%,26.0,14.08
2026-10-05 00:00:00,LRN,STRIDE INC,Long,78.88,-0.01%,75.42,mfa,参数一,"{""mfa"": {""mfa_all"": 9}}",200.0,-6.83,1D,,,,,,
2026-10-05 00:00:00,LRN,STRIDE INC,Long,78.88,-0.01%,75.42,mfa,参数二,"{""mfa"": {""mfa_all"": 9}}",200.0,-6.83,1D,,,,,,
2026-10-05 00:00:00,SGLY,SINGULARITY FUTURE TECHNOLOG,Long,0.98,34.25%,0.46,suf,参数一,"{""suf"": {""timeframe"": ""d""}}",200.0,-81.5,1D,,,,,,
2026-10-05 00:00:00,SGLY,SINGULARITY FUTURE TECHNOLOG,Long,0.98,34.25%,0.46,suf,参数二,"{""suf"": {""timeframe"": ""d""}}",200.0,-81.5,1D,,,,,,
2026-10-05 00:00:00,VBK,VAN MORST SML-CAP GRO-USD IN,Long,347.6,1.13%,338.72,utb,参数一,"{""utb"": {""key_value"": 2.5, ""atr_period"": 14, ""use_ha"": false}, ""r&s"": {""srb_left"": 10, ""srb_right"": 10}, ""atr"": {""atr_length"": 14, ""atr_mult"": 1.0}}",,,1D,,,,,,
2026-10-05 00:00:00,ALTL,PACER LUNT LARGE CAP ALTERNA,Long,44.44,0.41%,43.98,utb,参数一,"{""utb"": {""key_value"": 2.5, ""atr_period"": 14, ""use_ha"": false}, ""r&s"": {""srb_left"": 10, ""srb_right"": 10}, ""atr"": {""atr_length"": 14, ""atr_mult"": 1.0}}",,,1D,,,,,,
2026-10-05 00:00:00,QBIF,ALLIANZIM INTL EQ BUFFER15,Long,26.02,0.19%,25.84,mfa,参数一,"{""mfa"": {""mfa_all"": 9}}",200.0,,1D,,,,,,
2026-10-05 00:00:00,QBIF,ALLIANZIM INTL EQ BUFFER15,Long,26.02,0.19%,25.84,mfa,参数二,"{""mfa"": {""mfa_all"": 9}}",200.0,,1D,,,,,,
2026-10-05 00:00:00,NVEC,NVE CORP,Long,114.13,2.43%,105.19,utb,参数二,"{""utb"": {""key_value"": 3, ""atr_period"": 14, ""use_ha"": false}, ""r&s"": {""srb_left"": 15, ""srb_right"": 15}, ""atr"": {""atr_length"": 14, ""atr_mult"": 1.0}}",,,1D,,,,,,
2026-10-05 00:00:00,IVF,INVO FERTILITY INC,Short,0.83,-3.04%,0.95,utb,参数二,"{""utb"": {""key_value"": 3, ""atr_period"": 14, ""use_ha"": false}, ""r&s"": {""srb_left"": 15, ""srb_right"": 15}, ""atr"": {""atr_length"": 14, ""atr_mult"": 1.0}}",,,1D,,,,,,
2026-10-05 00:00:00,QXL,QUANTUM X LABS INC,Short,4.16,-3.48%,5.03,sqz,参数一,"{""sqz"": {""bb_length"": 15, ""bb_mult"": 1.5, ""kc_length"": 15, ""kc_mult"": 1.2, ""min_sqz_bars"": 4}, ""r&s"": {""srb_left"": 10, ""srb_right"": 10}, ""atr"": {""atr_length"": 14, ""atr_mult"": 1.0}}",,,1D,一直亮红,1.39-1.56-4.0-4.05-4.23,高-高-高-高,12.23%-156.41%-1.25%-4.44%,15.0,45.63
2026-10-05 00:00:00,MYMK,STATE STREET MY2031 MUNICIPA,Long,24.19,-0.12%,24.13,mfa,参数一,"{""mfa"": {""mfa_all"": 19}}",200.0,-2.07,1D,,,,,,
2026-10-05 00:00:00,MYMK,STATE STREET MY2031 MUNICIPA,Long,24.19,-0.12%,24.13,mfa,参数二,"{""mfa"": {""mfa_all"": 19}}",200.0,-2.07,1D,,,,,,
2026-10-05 00:00:00,SIZE,ISHARES MSCI USA SIZE FACTOR,Long,176.84,0.76%,175.34,mfa,参数一,"{""mfa"": {""mfa_all"": 14}}",200.0,3.44,1D,,,,,,
2026-10-05 00:00:00,SIZE,ISHARES MSCI USA SIZE FACTOR,Long,176.84,0.76%,175.34,mfa,参数二,"{""mfa"": {""mfa_all"": 14}}",200.0,3.44,1D,,,,,,
2026-10-05 00:00:00,EFO,PROSHARES ULTRA MSCI EAFE,Long,71.5,0.11%,69.66,mfa,参数一,"{""mfa"": {""mfa_all"": 15}}",200.0,1.17,1D,,,,,,
2026-10-05 00:00:00,EFO,PROSHARES ULTRA MSCI EAFE,Long,71.5,0.11%,69.66,mfa,参数二,"{""mfa"": {""mfa_all"": 15}}",200.0,1.17,1D,,,,,,
2026-10-05 00:00:00,SABS,SAB BIOTHERAPEUTICS INC,Long,3.1,4.03%,2.67,suf,参数一,"{""suf"": {""timeframe"": ""d""}}",200.0,-17.79,1D,,,,,,
2026-10-05 00:00:00,SABS,SAB BIOTHERAPEUTICS INC,Long,3.1,4.03%,2.67,suf,参数二,"{""suf"": {""timeframe"": ""d""}}",200.0,-17.79,1D,,,,,,
2026-10-05 00:00:00,SE,SEA LTD-ADR,Long,96.85,1.74%,92.95,suf,参数一,"{""suf"": {""timeframe"": ""d""}}",200.0,-5.74,1D,,,,,,
2026-10-05 00:00:00,SE,SEA LTD-ADR,Long,96.85,1.74%,92.95,suf,参数二,"{""suf"": {""timeframe"": ""d""}}",200.0,-5.74,1D,,,,,,
2026-10-05 00:00:00,HWKN,HAWKINS INC,Long,132.06,0.49%,124.47,sqz,参数一,"{""sqz"": {""bb_length"": 15, ""bb_mult"": 1.5, ""kc_length"": 15, ""kc_mult"": 1.2, ""min_sqz_bars"": 4}, ""r&s"": {""srb_left"": 10, ""srb_right"": 10}, ""atr"": {""atr_length"": 14, ""atr_mult"": 1.0}}",,,1D,压力释放,156.72-173.64-169.83-148.18-130.52,高-低-低-低,10.80%-2.19%-12.75%-11.92%,19.0,9.95
2026-10-05 00:00:00,SPCU,DEFI DLY TAR 2X LNG SPCX-USD,Long,17.0,15.57%,13.48,sqz,参数一,"{""sqz"": {""bb_length"": 15, ""bb_mult"": 1.5, ""kc_length"": 15, ""kc_mult"": 1.2, ""min_sqz_bars"": 4}, ""r&s"": {""srb_left"": 10, ""srb_right"": 10}, ""atr"": {""atr_length"": 14, ""atr_mult"": 1.0}}",,,1D,压力释放,nan-13.75,低,nan%,34.0,32.72
2026-10-05 00:00:00,ALHC,ALIGNMENT HEALTHCARE INC,Long,8.5,7.05%,7.32,suf,参数一,"{""suf"": {""timeframe"": ""d""}}",200.0,-52.67,1D,,,,,,
2026-10-05 00:00:00,ALHC,ALIGNMENT HEALTHCARE INC,Long,8.5,7.05%,7.32,suf,参数二,"{""suf"": {""timeframe"": ""d""}}",200.0,-52.67,1D,,,,,,
2026-10-05 00:00:00,RLI,RLI CORP,Long,56.08,0.25%,53.97,mfa,参数一,"{""mfa"": {""mfa_all"": 12}}",200.0,-2.03,1D,,,,,,
2026-10-05 00:00:00,RLI,RLI CORP,Long,56.08,0.25%,53.97,mfa,参数二,"{""mfa"": {""mfa_all"": 12}}",200.0,-2.03,1D,,,,,,
2026-10-05 00:00:00,MIAX,MIAMI INTERNATIONAL HOLDINGS,Long,34.32,3.97%,31.21,suf,参数一,"{""suf"": {""timeframe"": ""d""}}",200.0,-19.43,1D,,,,,,
2026-10-05 00:00:00,MIAX,MIAMI INTERNATIONAL HOLDINGS,Long,34.32,3.97%,31.21,suf,参数二,"{""suf"": {""timeframe"": ""d""}}",200.0,-19.43,1D,,,,,,
2026-10-05 00:00:00,SDD,PROSHARES ULTRASHORT SC600,Short,9.13,-0.44%,9.27,utb,参数一,"{""utb"": {""key_value"": 2.5, ""atr_period"": 14, ""use_ha"": false}, ""r&s"": {""srb_left"": 10, ""srb_right"": 10}, ""atr"": {""atr_length"": 14, ""atr_mult"": 1.0}}",,,1D,,,,,,
2026-10-05 00:00:00,VRAX,VIRAX BIOLABS GROUP LTD,Long,2.4,9.09%,1.87,mfa,参数一,"{""mfa"": {""mfa_all"": 23}}",200.0,-48.25,1D,,,,,,
2026-10-05 00:00:00,VRAX,VIRAX BIOLABS GROUP LTD,Long,2.4,9.09%,1.87,mfa,参数二,"{""mfa"": {""mfa_all"": 23}}",200.0,-48.25,1D,,,,,,
2026-10-05 00:00:00,PRSO,PERASO INC,Short,0.45,-4.26%,0.5,sqz,参数二,"{""sqz"": {""bb_length"": 20, ""bb_mult"": 1.8, ""kc_length"": 20, ""kc_mult"": 1.5, ""min_sqz_bars"": 4}, ""r&s"": {""srb_left"": 15, ""srb_right"": 15}, ""atr"": {""atr_length"": 14, ""atr_mult"": 1.0}}",,,1D,一直释放,0.78-0.81-0.9-0.92-0.58,高-高-高-低,3.85%-11.11%-2.22%-36.96%,47.0,36.21
2026-10-05 00:00:00,FTLS,FIRST TRUST LONG/SHORT EQTY,Long,77.76,0.54%,76.86,sqz,参数二,"{""sqz"": {""bb_length"": 20, ""bb_mult"": 1.8, ""kc_length"": 20, ""kc_mult"": 1.5, ""min_sqz_bars"": 4}, ""r&s"": {""srb_left"": 15, ""srb_right"": 15}, ""atr"": {""atr_length"": 14, ""atr_mult"": 1.0}}",,,1D,压力释放,nan-71.95-77.34,低-高,nan%-7.48%,49.0,4.29
2026-10-05 00:00:00,CLDX,CELLDEX THERAPEUTICS INC,Long,32.59,2.97%,29.72,mfa,参数一,"{""mfa"": {""mfa_all"": 10}}",200.0,0.7,1D,,,,,,
2026-10-05 00:00:00,CLDX,CELLDEX THERAPEUTICS INC,Long,32.59,2.97%,29.72,mfa,参数二,"{""mfa"": {""mfa_all"": 10}}",200.0,0.7,1D,,,,,,
2026-10-05 00:00:00,GOLY,STRATEGY SHARES GOLD ENHANCE,Long,24.01,-0.04%,23.17,mfa,参数一,"{""mfa"": {""mfa_all"": 9}}",200.0,-18.92,1D,,,,,,
2026-10-05 00:00:00,GOLY,STRATEGY SHARES GOLD ENHANCE,Long,24.01,-0.04%,23.17,mfa,参数二,"{""mfa"": {""mfa_all"": 9}}",200.0,-18.92,1D,,,,,,
2026-10-05 00:00:00,KMB,KIMBERLY-CLARK CORP,Long,95.41,1.11%,91.86,suf,参数一,"{""suf"": {""timeframe"": ""d""}}",200.0,-4.95,1D,,,,,,
2026-10-05 00:00:00,KMB,KIMBERLY-CLARK CORP,Long,95.41,1.11%,91.86,suf,参数二,"{""suf"": {""timeframe"": ""d""}}",200.0,-4.95,1D,,,,,,
2026-10-05 00:00:00,AMX,AMERICA MOVIL SAB DE CV,Long,22.15,4.04%,20.99,utb,参数一,"{""utb"": {""key_value"": 2.5, ""atr_period"": 14, ""use_ha"": false}, ""r&s"": {""srb_left"": 10, ""srb_right"": 10}, ""atr"": {""atr_length"": 14, ""atr_mult"": 1.0}}",,,1D,,,,,,
2026-10-05 00:00:00,VFLO,VICTORYSHARES FREE CASH FLOW,Long,52.02,0.39%,50.97,mfa,参数一,"{""mfa"": {""mfa_all"": 7}}",200.0,16.33,1D,,,,,,
2026-10-05 00:00:00,VFLO,VICTORYSHARES FREE CASH FLOW,Long,52.02,0.39%,50.97,mfa,参数二,"{""mfa"": {""mfa_all"": 7}}",200.0,16.33,1D,,,,,,
2026-10-05 00:00:00,PASG,PASSAGE BIO INC,Short,4.09,-0.73%,4.48,sqz,参数二,"{""sqz"": {""bb_length"": 20, ""bb_mult"": 1.8, ""kc_length"": 20, ""kc_mult"": 1.5, ""min_sqz_bars"": 4}, ""r&s"": {""srb_left"": 15, ""srb_right"": 15}, ""atr"": {""atr_length"": 14, ""atr_mult"": 1.0}}",,,1D,支撑释放,nan-3.93-3.29-4.25,低-低-高,nan%-16.39%-29.18%,39.0,26.12
2026-10-05 00:00:00,FGL,FOUNDER GROUP LTD-A,Long,4.14,-5.05%,1.44,mfa,参数一,"{""mfa"": {""mfa_all"": 83}}",200.0,-99.18,1D,,,,,,
2026-10-05 00:00:00,FGL,FOUNDER GROUP LTD-A,Long,4.14,-5.05%,1.44,mfa,参数二,"{""mfa"": {""mfa_all"": 83}}",200.0,-99.18,1D,,,,,,
2026-10-05 00:00:00,ZM,ZOOM COMMUNICATIONS INC,Long,93.62,0.80%,89.86,mfa,参数一,"{""mfa"": {""mfa_all"": 13}}",200.0,2.71,1D,,,,,,
2026-10-05 00:00:00,ZM,ZOOM COMMUNICATIONS INC,Long,93.62,0.80%,89.86,mfa,参数二,"{""mfa"": {""mfa_all"": 13}}",200.0,2.71,1D,,,,,,
2026-10-05 00:00:00,PCR,SIMPLIFY VETTAFI PRV CRD STR,Short,18.0,-0.74%,18.21,sqz,参数一,"{""sqz"": {""bb_length"": 15, ""bb_mult"": 1.5, ""kc_length"": 15, ""kc_mult"": 1.2, ""min_sqz_bars"": 4}, ""r&s"": {""srb_left"": 10, ""srb_right"": 10}, ""atr"": {""atr_length"": 14, ""atr_mult"": 1.0}}",,,1D,一直释放,nan-20.3-17.89-18.34-18.23,低-低-高-低,nan%-11.86%-2.48%-0.57%,45.0,8.39
2026-10-05 00:00:00,LFS,LEIFRAS CO LTD-ADR,Long,2.18,1.87%,2.0,mfa,参数一,"{""mfa"": {""mfa_all"": 7}}",200.0,-8.98,1D,,,,,,
2026-10-05 00:00:00,LFS,LEIFRAS CO LTD-ADR,Long,2.18,1.87%,2.0,mfa,参数二,"{""mfa"": {""mfa_all"": 7}}",200.0,-8.98,1D,,,,,,
2026-10-05 00:00:00,JPEM,JPM DIVERSIFIED RET EM EQUIT,Long,64.44,1.79%,63.76,mfa,参数一,"{""mfa"": {""mfa_all"": 6}}",200.0,2.42,1D,,,,,,
2026-10-05 00:00:00,JPEM,JPM DIVERSIFIED RET EM EQUIT,Long,64.44,1.79%,63.76,mfa,参数二,"{""mfa"": {""mfa_all"": 6}}",200.0,2.42,1D,,,,,,
2026-10-05 00:00:00,REZ,ISHARS RES AND MULTI REALES,Short,87.17,-0.60%,89.04,sqz,参数二,"{""sqz"": {""bb_length"": 20, ""bb_mult"": 1.8, ""kc_length"": 20, ""kc_mult"": 1.5, ""min_sqz_bars"": 4}, ""r&s"": {""srb_left"": 15, ""srb_right"": 15}, ""atr"": {""atr_length"": 14, ""atr_mult"": 1.0}}",,,1D,一直释放,nan-81.44-81.16-86.53-92.46,低-低-高-高,nan%-0.34%-6.62%-6.86%,38.0,4.73
2026-10-05 00:00:00,FIS,FIDELITY NATIONAL INFO SERV,Long,33.58,3.51%,31.27,suf,参数一,"{""suf"": {""timeframe"": ""d""}}",200.0,-26.43,1D,,,,,,
2026-10-05 00:00:00,FIS,FIDELITY NATIONAL INFO SERV,Long,33.58,3.51%,31.27,suf,参数二,"{""suf"": {""timeframe"": ""d""}}",200.0,-26.43,1D,,,,,,
2026-10-05 00:00:00,QDIV,GLOBAL X S&P 500 QLTY DIV,Long,38.23,0.11%,37.98,mfa,参数一,"{""mfa"": {""mfa_all"": 10}}",200.0,2.64,1D,,,,,,
2026-10-05 00:00:00,QDIV,GLOBAL X S&P 500 QLTY DIV,Long,38.23,0.11%,37.98,mfa,参数二,"{""mfa"": {""mfa_all"": 10}}",200.0,2.64,1D,,,,,,
2026-10-05 00:00:00,LINE,LINEAGE INC,Long,34.98,1.86%,33.22,suf,参数一,"{""suf"": {""timeframe"": ""d""}}",200.0,-7.08,1D,,,,,,
2026-10-05 00:00:00,LINE,LINEAGE INC,Long,34.98,1.86%,33.22,suf,参数二,"{""suf"": {""timeframe"": ""d""}}",200.0,-7.08,1D,,,,,,
2026-10-05 00:00:00,KBA,KRANESHARES BOSERA MSCI CHIN,Long,30.87,0.42%,30.47,suf,参数一,"{""suf"": {""timeframe"": ""d""}}",200.0,-4.21,1D,,,,,,
2026-10-05 00:00:00,KBA,KRANESHARES BOSERA MSCI CHIN,Long,30.87,0.42%,30.47,suf,参数二,"{""suf"": {""timeframe"": ""d""}}",200.0,-4.21,1D,,,,,,
2026-10-05 00:00:00,CATG,LEVERAGE SHARES 2X CAT,Long,11.26,1.17%,10.0,utb,参数一,"{""utb"": {""key_value"": 2.5, ""atr_period"": 14, ""use_ha"": false}, ""r&s"": {""srb_left"": 10, ""srb_right"": 10}, ""atr"": {""atr_length"": 14, ""atr_mult"": 1.0}}",,,1D,,,,,,
2026-10-05 00:00:00,ABOS,ACUMEN PHARMACEUTICALS INC,Long,2.13,4.41%,1.83,suf,参数一,"{""suf"": {""timeframe"": ""d""}}",200.0,-15.09,1D,,,,,,
2026-10-05 00:00:00,ABOS,ACUMEN PHARMACEUTICALS INC,Long,2.13,4.41%,1.83,suf,参数二,"{""suf"": {""timeframe"": ""d""}}",200.0,-15.09,1D,,,,,,
2026-10-05 00:00:00,HTAX,NOMURA NATIONAL HIGH-YIELD M,Long,22.97,0.17%,22.65,mfa,参数一,"{""mfa"": {""mfa_all"": 24}}",200.0,-4.06,1D,,,,,,
2026-10-05 00:00:00,HTAX,NOMURA NATIONAL HIGH-YIELD M,Long,22.97,0.17%,22.65,suf,参数一,"{""suf"": {""timeframe"": ""d""}}",200.0,-4.06,1D,,,,,,
2026-10-05 00:00:00,HTAX,NOMURA NATIONAL HIGH-YIELD M,Long,22.97,0.17%,22.65,mfa,参数二,"{""mfa"": {""mfa_all"": 24}}",200.0,-4.06,1D,,,,,,
2026-10-05 00:00:00,HTAX,NOMURA NATIONAL HIGH-YIELD M,Long,22.97,0.17%,22.65,suf,参数二,"{""suf"": {""timeframe"": ""d""}}",200.0,-4.06,1D,,,,,,
2026-10-05 00:00:00,QVMS,INVESCO S&P SMALLCAP 600 QVM,Long,32.69,0.30%,32.42,utb,参数一,"{""utb"": {""key_value"": 2.5, ""atr_period"": 14, ""use_ha"": false}, ""r&s"": {""srb_left"": 10, ""srb_right"": 10}, ""atr"": {""atr_length"": 14, ""atr_mult"": 1.0}}",,,1D,,,,,,
2026-10-05 00:00:00,BBD,BANCO BRADESCO-ADR,Long,4.33,18.76%,4.03,sqz,参数一,"{""sqz"": {""bb_length"": 15, ""bb_mult"": 1.5, ""kc_length"": 15, ""kc_mult"": 1.2, ""min_sqz_bars"": 4}, ""r&s"": {""srb_left"": 10, ""srb_right"": 10}, ""atr"": {""atr_length"": 14, ""atr_mult"": 1.0}}",,,1D,压力释放,4.06-4.19-3.52-3.73-3.63,高-低-高-低,3.22%-16.10%-6.04%-2.72%,16.0,10.0
2026-10-05 00:00:00,BBD,BANCO BRADESCO-ADR,Long,4.33,18.76%,4.03,sqz,参数二,"{""sqz"": {""bb_length"": 20, ""bb_mult"": 1.8, ""kc_length"": 20, ""kc_mult"": 1.5, ""min_sqz_bars"": 4}, ""r&s"": {""srb_left"": 15, ""srb_right"": 15}, ""atr"": {""atr_length"": 14, ""atr_mult"": 1.0}}",,,1D,压力释放,4.1-4.06-4.19-3.52-3.73,低-高-低-高,1.07%-3.22%-16.10%-6.04%,52.0,25.36
2026-10-05 00:00:00,UCC,PROSHARES ULTRA CONSUMER DIS,Long,41.38,0.53%,40.19,mfa,参数一,"{""mfa"": {""mfa_all"": 15}}",200.0,-12.99,1D,,,,,,
2026-10-05 00:00:00,UCC,PROSHARES ULTRA CONSUMER DIS,Long,41.38,0.53%,40.19,mfa,参数二,"{""mfa"": {""mfa_all"": 15}}",200.0,-12.99,1D,,,,,,
2026-10-05 00:00:00,JCI,JOHNSON CONTROLS INTERNATION,Long,156.85,0.39%,150.68,sqz,参数一,"{""sqz"": {""bb_length"": 15, ""bb_mult"": 1.5, ""kc_length"": 15, ""kc_mult"": 1.2, ""min_sqz_bars"": 4}, ""r&s"": {""srb_left"": 10, ""srb_right"": 10}, ""atr"": {""atr_length"": 14, ""atr_mult"": 1.0}}",,,1D,一直亮绿,123.0-145.23-146.5-150.76-156.62,高-高-高-高,18.07%-0.88%-2.90%-3.89%,42.0,15.66
2026-10-05 00:00:00,JCI,JOHNSON CONTROLS INTERNATION,Long,156.85,0.39%,150.68,sqz,参数二,"{""sqz"": {""bb_length"": 20, ""bb_mult"": 1.8, ""kc_length"": 20, ""kc_mult"": 1.5, ""min_sqz_bars"": 4}, ""r&s"": {""srb_left"": 15, ""srb_right"": 15}, ""atr"": {""atr_length"": 14, ""atr_mult"": 1.0}}",,,1D,一直亮绿,123.0-145.23-146.5-150.76-156.62,高-高-高-高,18.07%-0.88%-2.90%-3.89%,42.0,15.66
2026-10-05 00:00:00,KMRK,K-TECH SOLUTIONS CO LTD-A,Long,1.17,1.74%,1.01,mfa,参数一,"{""mfa"": {""mfa_all"": 17}}",200.0,-28.52,1D,,,,,,
2026-10-05 00:00:00,KMRK,K-TECH SOLUTIONS CO LTD-A,Long,1.17,1.74%,1.01,mfa,参数二,"{""mfa"": {""mfa_all"": 17}}",200.0,-28.52,1D,,,,,,
2026-10-05 00:00:00,FLX,BINGEX LTD,Long,1.52,7.80%,1.22,mfa,参数一,"{""mfa"": {""mfa_all"": 43}}",200.0,-36.91,1D,,,,,,
2026-10-05 00:00:00,FLX,BINGEX LTD,Long,1.52,7.80%,1.22,mfa,参数二,"{""mfa"": {""mfa_all"": 43}}",200.0,-36.91,1D,,,,,,
2026-10-05 00:00:00,KREF,KKR REAL ESTATE FINANCE TRUS,Long,6.08,-1.30%,5.81,mfa,参数一,"{""mfa"": {""mfa_all"": 13}}",200.0,-10.88,1D,,,,,,
2026-10-05 00:00:00,KREF,KKR REAL ESTATE FINANCE TRUS,Long,6.08,-1.30%,5.81,mfa,参数二,"{""mfa"": {""mfa_all"": 13}}",200.0,-10.88,1D,,,,,,
2026-10-05 00:00:00,CFIT,CAMBRIA FIXED INCOME TREND,Long,25.2,-0.07%,25.12,mfa,参数一,"{""mfa"": {""mfa_all"": 15}}",200.0,-0.15,1D,,,,,,
2026-10-05 00:00:00,CFIT,CAMBRIA FIXED INCOME TREND,Long,25.2,-0.07%,25.12,mfa,参数二,"{""mfa"": {""mfa_all"": 15}}",200.0,-0.15,1D,,,,,,
2026-10-05 00:00:00,SBUX,STARBUCKS CORP,Long,94.43,-0.30%,91.56,mfa,参数一,"{""mfa"": {""mfa_all"": 19}}",200.0,-3.59,1D,,,,,,
2026-10-05 00:00:00,SBUX,STARBUCKS CORP,Long,94.43,-0.30%,91.56,mfa,参数二,"{""mfa"": {""mfa_all"": 19}}",200.0,-3.59,1D,,,,,,
2026-10-05 00:00:00,ODDS,PACER BLUESTAR DIG ENTERTAIN,Long,23.72,1.59%,23.45,mfa,参数一,"{""mfa"": {""mfa_all"": 12}}",200.0,-5.51,1D,,,,,,
2026-10-05 00:00:00,ODDS,PACER BLUESTAR DIG ENTERTAIN,Long,23.72,1.59%,23.45,mfa,参数二,"{""mfa"": {""mfa_all"": 12}}",200.0,-5.51,1D,,,,,,
2026-10-05 00:00:00,UYG,PROSHARES ULTRA FINANCIALS,Long,85.16,1.48%,81.62,suf,参数一,"{""suf"": {""timeframe"": ""d""}}",200.0,-1.06,1D,,,,,,
2026-10-05 00:00:00,UYG,PROSHARES ULTRA FINANCIALS,Long,85.16,1.48%,81.62,suf,参数二,"{""suf"": {""timeframe"": ""d""}}",200.0,-1.06,1D,,,,,,
2026-10-05 00:00:00,CDC,VICTORYSHARES US EQ INCOME E,Long,72.01,0.21%,70.96,suf,参数一,"{""suf"": {""timeframe"": ""d""}}",200.0,0.11,1D,,,,,,
2026-10-05 00:00:00,CDC,VICTORYSHARES US EQ INCOME E,Long,72.01,0.21%,70.96,suf,参数二,"{""suf"": {""timeframe"": ""d""}}",200.0,0.11,1D,,,,,,
2026-10-05 00:00:00,LFWD,LIFEWARD LTD,Long,6.67,14.02%,5.66,suf,参数一,"{""suf"": {""timeframe"": ""d""}}",200.0,-6.23,1D,,,,,,
2026-10-05 00:00:00,LFWD,LIFEWARD LTD,Long,6.67,14.02%,5.66,suf,参数二,"{""suf"": {""timeframe"": ""d""}}",200.0,-6.23,1D,,,,,,
2026-10-05 00:00:00,JAZZ,JAZZ PHARMACEUTICALS PLC,Long,236.04,0.16%,228.19,mfa,参数一,"{""mfa"": {""mfa_all"": 20}}",200.0,11.21,1D,,,,,,
2026-10-05 00:00:00,JAZZ,JAZZ PHARMACEUTICALS PLC,Long,236.04,0.16%,228.19,mfa,参数二,"{""mfa"": {""mfa_all"": 20}}",200.0,11.21,1D,,,,,,
2026-10-05 00:00:00,GSC,GOLDMAN SACHS SMALL CAP EQUI,Long,63.38,0.23%,62.4,mfa,参数一,"{""mfa"": {""mfa_all"": 25}}",200.0,3.66,1D,,,,,,
2026-10-05 00:00:00,GSC,GOLDMAN SACHS SMALL CAP EQUI,Long,63.38,0.23%,62.4,mfa,参数二,"{""mfa"": {""mfa_all"": 25}}",200.0,3.66,1D,,,,,,
2026-10-05 00:00:00,KTEC,KRANESHARES HANG SENG TECH,Long,11.79,2.79%,11.33,suf,参数一,"{""suf"": {""timeframe"": ""d""}}",200.0,-15.31,1D,,,,,,
2026-10-05 00:00:00,KTEC,KRANESHARES HANG SENG TECH,Long,11.79,2.79%,11.33,suf,参数二,"{""suf"": {""timeframe"": ""d""}}",200.0,-15.31,1D,,,,,,
2026-10-05 00:00:00,NUG,LEVERAGE SHARES 2X NU,Long,10.48,26.75%,9.37,mfa,参数一,"{""mfa"": {""mfa_all"": 14}}",200.0,-9.14,1D,,,,,,
2026-10-05 00:00:00,NUG,LEVERAGE SHARES 2X NU,Long,10.48,26.75%,9.37,mfa,参数二,"{""mfa"": {""mfa_all"": 14}}",200.0,-9.14,1D,,,,,,
2026-10-05 00:00:00,AUGM,FT VEST US EQ MAX BUF AUG,Long,35.51,0.07%,35.4,utb,参数一,"{""utb"": {""key_value"": 2.5, ""atr_period"": 14, ""use_ha"": false}, ""r&s"": {""srb_left"": 10, ""srb_right"": 10}, ""atr"": {""atr_length"": 14, ""atr_mult"": 1.0}}",,,1D,,,,,,
2026-10-05 00:00:00,RISN,INSPIRE CAPITAL APPRECIATION,Long,30.5,0.69%,30.11,utb,参数一,"{""utb"": {""key_value"": 2.5, ""atr_period"": 14, ""use_ha"": false}, ""r&s"": {""srb_left"": 10, ""srb_right"": 10}, ""atr"": {""atr_length"": 14, ""atr_mult"": 1.0}}",,,1D,,,,,,
2026-10-05 00:00:00,OCFC,OCEANFIRST FINANCIAL CORP,Long,16.82,0.24%,16.19,suf,参数一,"{""suf"": {""timeframe"": ""d""}}",200.0,-8.67,1D,,,,,,
2026-10-05 00:00:00,OCFC,OCEANFIRST FINANCIAL CORP,Long,16.82,0.24%,16.19,suf,参数二,"{""suf"": {""timeframe"": ""d""}}",200.0,-8.67,1D,,,,,,
2026-10-05 00:00:00,HYS,PIMCO 0-5 YEAR H/Y CORP BOND,Long,90.17,0.23%,89.45,suf,参数一,"{""suf"": {""timeframe"": ""d""}}",200.0,-0.57,1D,,,,,,
2026-10-05 00:00:00,HYS,PIMCO 0-5 YEAR H/Y CORP BOND,Long,90.17,0.23%,89.45,suf,参数二,"{""suf"": {""timeframe"": ""d""}}",200.0,-0.57,1D,,,,,,
2026-10-05 00:00:00,DXC,DXC TECHNOLOGY CO,Long,11.66,5.05%,10.45,mfa,参数一,"{""mfa"": {""mfa_all"": 6}}",200.0,0.21,1D,,,,,,
2026-10-05 00:00:00,DXC,DXC TECHNOLOGY CO,Long,11.66,5.05%,10.45,mfa,参数二,"{""mfa"": {""mfa_all"": 6}}",200.0,0.21,1D,,,,,,
2026-10-05 00:00:00,CLB,CORE LABORATORIES INC,Long,10.51,5.95%,9.41,suf,参数一,"{""suf"": {""timeframe"": ""d""}}",200.0,-27.68,1D,,,,,,
2026-10-05 00:00:00,CLB,CORE LABORATORIES INC,Long,10.51,5.95%,9.41,suf,参数二,"{""suf"": {""timeframe"": ""d""}}",200.0,-27.68,1D,,,,,,
2026-10-05 00:00:00,IBHI,ISHARES IBONDS 2029 TM HY IN,Long,22.75,0.20%,22.41,suf,参数一,"{""suf"": {""timeframe"": ""d""}}",200.0,0.07,1D,,,,,,
2026-10-05 00:00:00,IBHI,ISHARES IBONDS 2029 TM HY IN,Long,22.75,0.20%,22.41,suf,参数二,"{""suf"": {""timeframe"": ""d""}}",200.0,0.07,1D,,,,,,
2026-10-05 00:00:00,SURE,ADVISORSHARES INSIDER ADVANT,Long,147.25,0.75%,145.92,utb,参数一,"{""utb"": {""key_value"": 2.5, ""atr_period"": 14, ""use_ha"": false}, ""r&s"": {""srb_left"": 10, ""srb_right"": 10}, ""atr"": {""atr_length"": 14, ""atr_mult"": 1.0}}",,,1D,,,,,,
2026-10-05 00:00:00,SURE,ADVISORSHARES INSIDER ADVANT,Long,147.25,0.75%,145.92,utb,参数二,"{""utb"": {""key_value"": 3, ""atr_period"": 14, ""use_ha"": false}, ""r&s"": {""srb_left"": 15, ""srb_right"": 15}, ""atr"": {""atr_length"": 14, ""atr_mult"": 1.0}}",,,1D,,,,,,
2026-10-05 00:00:00,SEGG,SPORTS ENTERTAINMENT GAMING,Short,2.2,-6.18%,2.65,sqz,参数一,"{""sqz"": {""bb_length"": 15, ""bb_mult"": 1.5, ""kc_length"": 15, ""kc_mult"": 1.2, ""min_sqz_bars"": 4}, ""r&s"": {""srb_left"": 10, ""srb_right"": 10}, ""atr"": {""atr_length"": 14, ""atr_mult"": 1.0}}",,,1D,一直亮红,7.0-5.98-3.5-4.51-2.25,低-低-高-低,14.60%-41.45%-29.00%-50.17%,34.0,64.44
2026-10-05 00:00:00,SEGG,SPORTS ENTERTAINMENT GAMING,Short,2.2,-6.18%,2.65,sqz,参数二,"{""sqz"": {""bb_length"": 20, ""bb_mult"": 1.8, ""kc_length"": 20, ""kc_mult"": 1.5, ""min_sqz_bars"": 4}, ""r&s"": {""srb_left"": 15, ""srb_right"": 15}, ""atr"": {""atr_length"": 14, ""atr_mult"": 1.0}}",,,1D,一直亮红,nan-3.22-3.5-2.25,低-高-低,nan%-8.70%-35.71%,34.0,64.44
2026-10-05 00:00:00,TRIN,TRINITY CAPITAL INC,Long,17.43,-0.91%,17.07,mfa,参数一,"{""mfa"": {""mfa_all"": 8}}",200.0,9.96,1D,,,,,,
2026-10-05 00:00:00,TRIN,TRINITY CAPITAL INC,Long,17.43,-0.91%,17.07,mfa,参数二,"{""mfa"": {""mfa_all"": 8}}",200.0,9.96,1D,,,,,,
2026-10-05 00:00:00,ABXB,ABACUS FLEXIBLE BOND LEADERS,Long,18.62,0.07%,18.59,suf,参数一,"{""suf"": {""timeframe"": ""d""}}",200.0,-1.93,1D,,,,,,
2026-10-05 00:00:00,ABXB,ABACUS FLEXIBLE BOND LEADERS,Long,18.62,0.07%,18.59,suf,参数二,"{""suf"": {""timeframe"": ""d""}}",200.0,-1.93,1D,,,,,,
2026-10-05 00:00:00,EFAD,PROSHARES EAFE DVD GROWERS,Long,42.82,-0.35%,42.32,mfa,参数一,"{""mfa"": {""mfa_all"": 14}}",200.0,0.94,1D,,,,,,
2026-10-05 00:00:00,EFAD,PROSHARES EAFE DVD GROWERS,Long,42.82,-0.35%,42.32,mfa,参数二,"{""mfa"": {""mfa_all"": 14}}",200.0,0.94,1D,,,,,,
2026-10-05 00:00:00,TACO,BERTO ACQUISITION CORP,Long,10.46,0.00%,10.45,mfa,参数一,"{""mfa"": {""mfa_all"": 8}}",200.0,1.18,1D,,,,,,
2026-10-05 00:00:00,TACO,BERTO ACQUISITION CORP,Long,10.46,0.00%,10.45,mfa,参数二,"{""mfa"": {""mfa_all"": 8}}",200.0,1.18,1D,,,,,,
2026-10-05 00:00:00,HUM,HUMANA INC,Long,404.07,4.05%,371.12,utb,参数一,"{""utb"": {""key_value"": 2.5, ""atr_period"": 14, ""use_ha"": false}, ""r&s"": {""srb_left"": 10, ""srb_right"": 10}, ""atr"": {""atr_length"": 14, ""atr_mult"": 1.0}}",,,1D,,,,,,
2026-10-05 00:00:00,PSCM,INVESCO S&P SMALLCAP MATERIA,Long,97.18,1.17%,95.94,mfa,参数一,"{""mfa"": {""mfa_all"": 15}}",200.0,-0.94,1D,,,,,,
2026-10-05 00:00:00,PSCM,INVESCO S&P SMALLCAP MATERIA,Long,97.18,1.17%,95.94,utb,参数二,"{""utb"": {""key_value"": 3, ""atr_period"": 14, ""use_ha"": false}, ""r&s"": {""srb_left"": 15, ""srb_right"": 15}, ""atr"": {""atr_length"": 14, ""atr_mult"": 1.0}}",,,1D,,,,,,
2026-10-05 00:00:00,PSCM,INVESCO S&P SMALLCAP MATERIA,Long,97.18,1.17%,95.94,mfa,参数二,"{""mfa"": {""mfa_all"": 15}}",200.0,-0.94,1D,,,,,,
2026-10-05 00:00:00,SMST,DEFIANCE DLY TRG 2X SHR MSTR,Short,11.51,-5.35%,14.93,sqz,参数二,"{""sqz"": {""bb_length"": 20, ""bb_mult"": 1.8, ""kc_length"": 20, ""kc_mult"": 1.5, ""min_sqz_bars"": 4}, ""r&s"": {""srb_left"": 15, ""srb_right"": 15}, ""atr"": {""atr_length"": 14, ""atr_mult"": 1.0}}",,,1D,一直释放,nan-54.59-46.17-21.68,低-低-低,nan%-15.42%-53.04%,101.0,341.14
2026-10-05 00:00:00,VIRC,VIRCO MFG CORPORATION,Long,6.79,4.30%,6.36,sqz,参数二,"{""sqz"": {""bb_length"": 20, ""bb_mult"": 1.8, ""kc_length"": 20, ""kc_mult"": 1.5, ""min_sqz_bars"": 4}, ""r&s"": {""srb_left"": 15, ""srb_right"": 15}, ""atr"": {""atr_length"": 14, ""atr_mult"": 1.0}}",,,1D,一直释放,nan-7.03-6.4-6.82-6.19,低-低-高-低,nan%-9.03%-6.64%-9.34%,43.0,6.34
2026-10-05 00:00:00,RSJN,FT VEST US EQT EQ WGT BUF JN,Long,37.33,0.48%,37.02,mfa,参数一,"{""mfa"": {""mfa_all"": 14}}",200.0,3.09,1D,,,,,,
2026-10-05 00:00:00,RSJN,FT VEST US EQT EQ WGT BUF JN,Long,37.33,0.48%,37.02,mfa,参数二,"{""mfa"": {""mfa_all"": 14}}",200.0,3.09,1D,,,,,,
2026-10-05 00:00:00,ENTA,ENANTA PHARMACEUTICALS INC,Long,12.6,-2.78%,11.88,mfa,参数一,"{""mfa"": {""mfa_all"": 15}}",200.0,-6.56,1D,,,,,,
2026-10-05 00:00:00,ENTA,ENANTA PHARMACEUTICALS INC,Long,12.6,-2.78%,11.88,mfa,参数二,"{""mfa"": {""mfa_all"": 15}}",200.0,-6.56,1D,,,,,,
2026-10-05 00:00:00,RFV,INVESCO S&P MIDCAP 400 PURE,Long,145.87,0.50%,142.82,utb,参数二,"{""utb"": {""key_value"": 3, ""atr_period"": 14, ""use_ha"": false}, ""r&s"": {""srb_left"": 15, ""srb_right"": 15}, ""atr"": {""atr_length"": 14, ""atr_mult"": 1.0}}",,,1D,,,,,,
2026-10-05 00:00:00,INSE,INSPIRED ENTERTAINMENT INC,Long,3.98,14.86%,3.18,suf,参数一,"{""suf"": {""timeframe"": ""d""}}",200.0,-45.26,1D,,,,,,
2026-10-05 00:00:00,INSE,INSPIRED ENTERTAINMENT INC,Long,3.98,14.86%,3.18,suf,参数二,"{""suf"": {""timeframe"": ""d""}}",200.0,-45.26,1D,,,,,,
2026-10-05 00:00:00,DRIO,DARIOHEALTH CORP,Short,5.8,-10.22%,6.98,sqz,参数二,"{""sqz"": {""bb_length"": 20, ""bb_mult"": 1.8, ""kc_length"": 20, ""kc_mult"": 1.5, ""min_sqz_bars"": 4}, ""r&s"": {""srb_left"": 15, ""srb_right"": 15}, ""atr"": {""atr_length"": 14, ""atr_mult"": 1.0}}",,,1D,支撑释放,nan-9.59-6.2-5.84-6.45,低-低-低-高,nan%-35.35%-5.73%-10.35%,25.0,18.14
2026-10-05 00:00:00,XLPX,CORGI US CONSUM STAP 2X DLY,Long,24.18,1.04%,23.84,mfa,参数一,"{""mfa"": {""mfa_all"": 19}}",200.0,,1D,,,,,,
2026-10-05 00:00:00,XLPX,CORGI US CONSUM STAP 2X DLY,Long,24.18,1.04%,23.84,mfa,参数二,"{""mfa"": {""mfa_all"": 19}}",200.0,,1D,,,,,,
2026-10-05 00:00:00,REPL,REPLIMUNE GROUP INC,Long,13.15,0.61%,11.66,mfa,参数一,"{""mfa"": {""mfa_all"": 8}}",200.0,47.3,1D,,,,,,
2026-10-05 00:00:00,REPL,REPLIMUNE GROUP INC,Long,13.15,0.61%,11.66,mfa,参数二,"{""mfa"": {""mfa_all"": 8}}",200.0,47.3,1D,,,,,,
2026-10-05 00:00:00,SHYL,XTRACKERS SHRT DUR HIGH YIEL,Long,42.88,0.29%,42.61,suf,参数一,"{""suf"": {""timeframe"": ""d""}}",200.0,-0.57,1D,,,,,,
2026-10-05 00:00:00,SHYL,XTRACKERS SHRT DUR HIGH YIEL,Long,42.88,0.29%,42.61,suf,参数二,"{""suf"": {""timeframe"": ""d""}}",200.0,-0.57,1D,,,,,,
2026-10-05 00:00:00,RDAG,REPUBLIC DIGITAL ACQUIS-CL A,Long,10.44,0.00%,10.43,sqz,参数二,"{""sqz"": {""bb_length"": 20, ""bb_mult"": 1.8, ""kc_length"": 20, ""kc_mult"": 1.5, ""min_sqz_bars"": 4}, ""r&s"": {""srb_left"": 15, ""srb_right"": 15}, ""atr"": {""atr_length"": 14, ""atr_mult"": 1.0}}",,,1D,一直释放,nan-10.29-10.3-10.4,低-高-高,nan%-0.10%-0.97%,57.0,0.58
2026-10-05 00:00:00,ETOR,ETORO GROUP LTD-A,Long,25.69,1.06%,24.27,suf,参数一,"{""suf"": {""timeframe"": ""d""}}",200.0,-23.79,1D,,,,,,
2026-10-05 00:00:00,ETOR,ETORO GROUP LTD-A,Long,25.69,1.06%,24.27,suf,参数二,"{""suf"": {""timeframe"": ""d""}}",200.0,-23.79,1D,,,,,,
2026-10-05 00:00:00,TOCT,INNOVATOR ED P 2 YR TO OCT27,Long,27.36,0.07%,27.28,utb,参数二,"{""utb"": {""key_value"": 3, ""atr_period"": 14, ""use_ha"": false}, ""r&s"": {""srb_left"": 15, ""srb_right"": 15}, ""atr"": {""atr_length"": 14, ""atr_mult"": 1.0}}",,,1D,,,,,,
2026-10-05 00:00:00,MYCK,STATE STREET MY2031 CORPORAT,Short,23.82,0.03%,26.43,sqz,参数一,"{""sqz"": {""bb_length"": 15, ""bb_mult"": 1.5, ""kc_length"": 15, ""kc_mult"": 1.2, ""min_sqz_bars"": 4}, ""r&s"": {""srb_left"": 10, ""srb_right"": 10}, ""atr"": {""atr_length"": 14, ""atr_mult"": 1.0}}",,,1D,一直释放,24.22-24.01-24.28-24.12-24.19,低-高-低-高,0.87%-1.14%-0.68%-0.29%,51.0,8.28
2026-10-05 00:00:00,TGEN,TECOGEN INC/WALTHAM MA,Short,2.54,-4.15%,2.91,sqz,参数二,"{""sqz"": {""bb_length"": 20, ""bb_mult"": 1.8, ""kc_length"": 20, ""kc_mult"": 1.5, ""min_sqz_bars"": 4}, ""r&s"": {""srb_left"": 15, ""srb_right"": 15}, ""atr"": {""atr_length"": 14, ""atr_mult"": 1.0}}",,,1D,支撑释放,nan-1.94-3.65-2.91-2.75,低-高-低-低,nan%-88.14%-20.27%-5.50%,23.0,22.91
2026-10-05 00:00:00,RERE,ATRENEW INC,Long,3.76,3.30%,3.51,suf,参数一,"{""suf"": {""timeframe"": ""d""}}",200.0,-19.7,1D,,,,,,
2026-10-05 00:00:00,RERE,ATRENEW INC,Long,3.76,3.30%,3.51,suf,参数二,"{""suf"": {""timeframe"": ""d""}}",200.0,-19.7,1D,,,,,,
2026-10-05 00:00:00,STGW,STAGWELL INC,Long,8.53,2.03%,8.18,mfa,参数一,"{""mfa"": {""mfa_all"": 13}}",200.0,25.28,1D,,,,,,
2026-10-05 00:00:00,STGW,STAGWELL INC,Long,8.53,2.03%,8.18,mfa,参数二,"{""mfa"": {""mfa_all"": 13}}",200.0,25.28,1D,,,,,,
2026-10-05 00:00:00,TAFL,AB TAX AWARE LONG MUNI,Long,23.35,0.45%,23.05,suf,参数一,"{""suf"": {""timeframe"": ""d""}}",200.0,-4.81,1D,,,,,,
2026-10-05 00:00:00,TAFL,AB TAX AWARE LONG MUNI,Long,23.35,0.45%,23.05,suf,参数二,"{""suf"": {""timeframe"": ""d""}}",200.0,-4.81,1D,,,,,,
2026-10-05 00:00:00,EPP,ISHARES MSCI PACIFIC EX JAPA,Long,55.0,0.53%,54.05,mfa,参数一,"{""mfa"": {""mfa_all"": 15}}",200.0,1.34,1D,,,,,,
2026-10-05 00:00:00,EPP,ISHARES MSCI PACIFIC EX JAPA,Long,55.0,0.53%,54.05,mfa,参数二,"{""mfa"": {""mfa_all"": 15}}",200.0,1.34,1D,,,,,,
2026-10-05 00:00:00,RDN,RADIAN GROUP INC,Long,33.5,2.86%,31.77,utb,参数一,"{""utb"": {""key_value"": 2.5, ""atr_period"": 14, ""use_ha"": false}, ""r&s"": {""srb_left"": 10, ""srb_right"": 10}, ""atr"": {""atr_length"": 14, ""atr_mult"": 1.0}}",,,1D,,,,,,
2026-10-05 00:00:00,RDN,RADIAN GROUP INC,Long,33.5,2.86%,31.77,utb,参数二,"{""utb"": {""key_value"": 3, ""atr_period"": 14, ""use_ha"": false}, ""r&s"": {""srb_left"": 15, ""srb_right"": 15}, ""atr"": {""atr_length"": 14, ""atr_mult"": 1.0}}",,,1D,,,,,,
2026-10-05 00:00:00,SMTK,SMARTKEM INC,Short,1.22,-26.06%,1.8,sqz,参数二,"{""sqz"": {""bb_length"": 20, ""bb_mult"": 1.8, ""kc_length"": 20, ""kc_mult"": 1.5, ""min_sqz_bars"": 4}, ""r&s"": {""srb_left"": 15, ""srb_right"": 15}, ""atr"": {""atr_length"": 14, ""atr_mult"": 1.0}}",,,1D,一直释放,nan-11.05-10.5-7.35,低-低-低,nan%-4.98%-30.00%,109.0,685.71
2026-10-05 00:00:00,ADXN,ADDEX THERAPEUTICS LTD,Long,3.1,0.98%,2.79,mfa,参数一,"{""mfa"": {""mfa_all"": 32}}",200.0,-50.65,1D,,,,,,
2026-10-05 00:00:00,ADXN,ADDEX THERAPEUTICS LTD,Long,3.1,0.98%,2.79,mfa,参数二,"{""mfa"": {""mfa_all"": 32}}",200.0,-50.65,1D,,,,,,
2026-10-05 00:00:00,GIFT,GIFTIFY INC,Long,0.57,4.55%,0.4,mfa,参数一,"{""mfa"": {""mfa_all"": 31}}",200.0,-38.3,1D,,,,,,
2026-10-05 00:00:00,GIFT,GIFTIFY INC,Long,0.57,4.55%,0.4,mfa,参数二,"{""mfa"": {""mfa_all"": 31}}",200.0,-38.3,1D,,,,,,
2026-10-05 00:00:00,XMTR,XOMETRY INC-A,Long,107.7,5.04%,96.72,sqz,参数二,"{""sqz"": {""bb_length"": 20, ""bb_mult"": 1.8, ""kc_length"": 20, ""kc_mult"": 1.5, ""min_sqz_bars"": 4}, ""r&s"": {""srb_left"": 15, ""srb_right"": 15}, ""atr"": {""atr_length"": 14, ""atr_mult"": 1.0}}",,,1D,一直亮绿,nan-69.0-73.87-99.86-106.08,低-高-高-高,nan%-7.05%-35.19%-6.23%,53.0,31.55
2026-10-05 00:00:00,SPAQ,HORIZON KINETICS SPAC ACTIVE,Long,93.14,-0.03%,92.74,mfa,参数一,"{""mfa"": {""mfa_all"": 10}}",200.0,0.82,1D,,,,,,
2026-10-05 00:00:00,SPAQ,HORIZON KINETICS SPAC ACTIVE,Long,93.14,-0.03%,92.74,mfa,参数二,"{""mfa"": {""mfa_all"": 10}}",200.0,0.82,1D,,,,,,
2026-10-05 00:00:00,FISV,FISERV INC,Long,46.14,4.01%,42.48,suf,参数一,"{""suf"": {""timeframe"": ""d""}}",200.0,-18.54,1D,,,,,,
2026-10-05 00:00:00,FISV,FISERV INC,Long,46.14,4.01%,42.48,suf,参数二,"{""suf"": {""timeframe"": ""d""}}",200.0,-18.54,1D,,,,,,
2026-10-05 00:00:00,BRBI,BR ADVISORY PARTNERS PARTICI,Long,13.76,22.45%,12.73,sqz,参数二,"{""sqz"": {""bb_length"": 20, ""bb_mult"": 1.8, ""kc_length"": 20, ""kc_mult"": 1.5, ""min_sqz_bars"": 4}, ""r&s"": {""srb_left"": 15, ""srb_right"": 15}, ""atr"": {""atr_length"": 14, ""atr_mult"": 1.0}}",,,1D,一直释放,nan-16.18-16.09-11.79,低-低-低,nan%-0.60%-26.71%,59.0,29.71
2026-10-05 00:00:00,CATX,PERSPECTIVE THERAPEUTICS INC,Short,2.57,-6.88%,3.01,sqz,参数一,"{""sqz"": {""bb_length"": 15, ""bb_mult"": 1.5, ""kc_length"": 15, ""kc_mult"": 1.2, ""min_sqz_bars"": 4}, ""r&s"": {""srb_left"": 10, ""srb_right"": 10}, ""atr"": {""atr_length"": 14, ""atr_mult"": 1.0}}",,,1D,一直释放,2.25-3.81-3.52-2.85-2.69,高-低-低-低,69.33%-7.61%-19.03%-5.61%,48.0,32.34
2026-10-05 00:00:00,PBSC,PCR BRINGS SCUD CRDT FLEX,Long,24.87,0.04%,24.82,mfa,参数一,"{""mfa"": {""mfa_all"": 8}}",200.0,,1D,,,,,,
2026-10-05 00:00:00,PBSC,PCR BRINGS SCUD CRDT FLEX,Long,24.87,0.04%,24.82,mfa,参数二,"{""mfa"": {""mfa_all"": 8}}",200.0,,1D,,,,,,
2026-10-05 00:00:00,RSMC,ROCKEFELLER US SMALL-MID CAP,Long,28.0,0.34%,27.66,utb,参数一,"{""utb"": {""key_value"": 2.5, ""atr_period"": 14, ""use_ha"": false}, ""r&s"": {""srb_left"": 10, ""srb_right"": 10}, ""atr"": {""atr_length"": 14, ""atr_mult"": 1.0}}",,,1D,,,,,,
2026-10-05 00:00:00,BSCS,INVESCO BULLETSHARES 2028 CB,Long,20.16,0.10%,20.11,mfa,参数一,"{""mfa"": {""mfa_all"": 14}}",200.0,0.43,1D,,,,,,
2026-10-05 00:00:00,BSCS,INVESCO BULLETSHARES 2028 CB,Long,20.16,0.10%,20.11,mfa,参数二,"{""mfa"": {""mfa_all"": 14}}",200.0,0.43,1D,,,,,,
2026-10-05 00:00:00,CGEM,CULLINAN THERAPEUTICS INC,Long,16.04,3.42%,13.93,mfa,参数一,"{""mfa"": {""mfa_all"": 9}}",200.0,4.27,1D,,,,,,
2026-10-05 00:00:00,CGEM,CULLINAN THERAPEUTICS INC,Long,16.04,3.42%,13.93,mfa,参数二,"{""mfa"": {""mfa_all"": 9}}",200.0,4.27,1D,,,,,,
2026-10-05 00:00:00,APP,APPLOVIN CORP-CLASS A,Long,281.97,5.13%,254.11,suf,参数一,"{""suf"": {""timeframe"": ""d""}}",200.0,-37.92,1D,,,,,,
2026-10-05 00:00:00,APP,APPLOVIN CORP-CLASS A,Long,281.97,5.13%,254.11,suf,参数二,"{""suf"": {""timeframe"": ""d""}}",200.0,-37.92,1D,,,,,,
2026-10-05 00:00:00,ESMV,ISHARES ESG OPTIMIZED MSCI U,Long,31.21,0.82%,30.95,utb,参数一,"{""utb"": {""key_value"": 2.5, ""atr_period"": 14, ""use_ha"": false}, ""r&s"": {""srb_left"": 10, ""srb_right"": 10}, ""atr"": {""atr_length"": 14, ""atr_mult"": 1.0}}",,,1D,,,,,,
2026-10-05 00:00:00,ESMV,ISHARES ESG OPTIMIZED MSCI U,Long,31.21,0.82%,30.95,utb,参数二,"{""utb"": {""key_value"": 3, ""atr_period"": 14, ""use_ha"": false}, ""r&s"": {""srb_left"": 15, ""srb_right"": 15}, ""atr"": {""atr_length"": 14, ""atr_mult"": 1.0}}",,,1D,,,,,,
2026-10-05 00:00:00,ALKT,ALKAMI TECHNOLOGY INC,Long,14.15,1.87%,13.05,suf,参数一,"{""suf"": {""timeframe"": ""d""}}",200.0,-21.43,1D,,,,,,
2026-10-05 00:00:00,ALKT,ALKAMI TECHNOLOGY INC,Long,14.15,1.87%,13.05,suf,参数二,"{""suf"": {""timeframe"": ""d""}}",200.0,-21.43,1D,,,,,,
2026-10-05 00:00:00,MVV,PROSHARES ULTRA MIDCAP400,Long,82.91,0.67%,79.78,utb,参数一,"{""utb"": {""key_value"": 2.5, ""atr_period"": 14, ""use_ha"": false}, ""r&s"": {""srb_left"": 10, ""srb_right"": 10}, ""atr"": {""atr_length"": 14, ""atr_mult"": 1.0}}",,,1D,,,,,,
2026-10-05 00:00:00,SNAL,SNAIL INC - CLASS A,Long,2.3,5.99%,1.96,suf,参数一,"{""suf"": {""timeframe"": ""d""}}",200.0,-35.09,1D,,,,,,
2026-10-05 00:00:00,SNAL,SNAIL INC - CLASS A,Long,2.3,5.99%,1.96,suf,参数二,"{""suf"": {""timeframe"": ""d""}}",200.0,-35.09,1D,,,,,,
2026-10-05 00:00:00,QBKV,ALLIANZIM US SM CP BUFFER5,Long,27.1,0.37%,26.87,mfa,参数一,"{""mfa"": {""mfa_all"": 15}}",200.0,,1D,,,,,,
2026-10-05 00:00:00,QBKV,ALLIANZIM US SM CP BUFFER5,Long,27.1,0.37%,26.87,mfa,参数二,"{""mfa"": {""mfa_all"": 15}}",200.0,,1D,,,,,,
2026-10-05 00:00:00,PTEU,PACER TRENDPILOT EUROPEAN ET,Long,32.27,-0.33%,31.87,mfa,参数一,"{""mfa"": {""mfa_all"": 15}}",200.0,-0.26,1D,,,,,,
2026-10-05 00:00:00,PTEU,PACER TRENDPILOT EUROPEAN ET,Long,32.27,-0.33%,31.87,mfa,参数二,"{""mfa"": {""mfa_all"": 15}}",200.0,-0.26,1D,,,,,,
2026-10-05 00:00:00,HG,HAMILTON INSURANCE GROU-CL B,Long,34.16,0.09%,33.06,mfa,参数一,"{""mfa"": {""mfa_all"": 10}}",200.0,9.86,1D,,,,,,
2026-10-05 00:00:00,HG,HAMILTON INSURANCE GROU-CL B,Long,34.16,0.09%,33.06,mfa,参数二,"{""mfa"": {""mfa_all"": 10}}",200.0,9.86,1D,,,,,,
2026-10-05 00:00:00,BTSG,BRIGHTSPRING HEALTH SERVICES,Long,62.0,2.90%,57.94,utb,参数一,"{""utb"": {""key_value"": 2.5, ""atr_period"": 14, ""use_ha"": false}, ""r&s"": {""srb_left"": 10, ""srb_right"": 10}, ""atr"": {""atr_length"": 14, ""atr_mult"": 1.0}}",,,1D,,,,,,
2026-10-05 00:00:00,BTSG,BRIGHTSPRING HEALTH SERVICES,Long,62.0,2.90%,57.94,utb,参数二,"{""utb"": {""key_value"": 3, ""atr_period"": 14, ""use_ha"": false}, ""r&s"": {""srb_left"": 15, ""srb_right"": 15}, ""atr"": {""atr_length"": 14, ""atr_mult"": 1.0}}",,,1D,,,,,,
2026-10-05 00:00:00,AMCX,AMC GLOBAL MEDIA INC,Short,11.14,-0.18%,11.73,sqz,参数一,"{""sqz"": {""bb_length"": 15, ""bb_mult"": 1.5, ""kc_length"": 15, ""kc_mult"": 1.2, ""min_sqz_bars"": 4}, ""r&s"": {""srb_left"": 10, ""srb_right"": 10}, ""atr"": {""atr_length"": 14, ""atr_mult"": 1.0}}",,,1D,支撑释放,6.47-7.66-9.06-8.97-11.17,高-高-低-高,18.39%-18.28%-0.99%-24.53%,18.0,11.64
2026-10-05 00:00:00,ATI,ATI INC,Long,193.09,0.35%,181.69,mfa,参数一,"{""mfa"": {""mfa_all"": 13}}",200.0,15.29,1D,,,,,,
2026-10-05 00:00:00,ATI,ATI INC,Long,193.09,0.35%,181.69,mfa,参数二,"{""mfa"": {""mfa_all"": 13}}",200.0,15.29,1D,,,,,,
2026-10-05 00:00:00,BULD,PACER BLUESTAR ENG FUTURE,Long,38.21,1.77%,37.46,sqz,参数一,"{""sqz"": {""bb_length"": 15, ""bb_mult"": 1.5, ""kc_length"": 15, ""kc_mult"": 1.2, ""min_sqz_bars"": 4}, ""r&s"": {""srb_left"": 10, ""srb_right"": 10}, ""atr"": {""atr_length"": 14, ""atr_mult"": 1.0}}",,,1D,一直亮绿,nan-31.86-30.9-38.5-37.86,低-低-高-低,nan%-3.01%-24.60%-1.66%,34.0,14.73
2026-10-05 00:00:00,BULD,PACER BLUESTAR ENG FUTURE,Long,38.21,1.77%,37.46,sqz,参数二,"{""sqz"": {""bb_length"": 20, ""bb_mult"": 1.8, ""kc_length"": 20, ""kc_mult"": 1.5, ""min_sqz_bars"": 4}, ""r&s"": {""srb_left"": 15, ""srb_right"": 15}, ""atr"": {""atr_length"": 14, ""atr_mult"": 1.0}}",,,1D,一直亮绿,nan-31.86-38.5-37.86,低-高-低,nan%-20.84%-1.66%,34.0,14.73
2026-10-05 00:00:00,HQI,HIREQUEST INC,Long,19.07,1.38%,16.96,sqz,参数二,"{""sqz"": {""bb_length"": 20, ""bb_mult"": 1.8, ""kc_length"": 20, ""kc_mult"": 1.5, ""min_sqz_bars"": 4}, ""r&s"": {""srb_left"": 15, ""srb_right"": 15}, ""atr"": {""atr_length"": 14, ""atr_mult"": 1.0}}",,,1D,一直亮绿,nan-11.72-12.37-14.49-18.94,低-高-高-高,nan%-5.51%-17.13%-30.74%,36.0,29.94
2026-10-05 00:00:00,HEDJ,WISDOMTREE EUROPE HEDGED EQU,Long,55.69,0.09%,54.85,mfa,参数一,"{""mfa"": {""mfa_all"": 18}}",200.0,1.78,1D,,,,,,
2026-10-05 00:00:00,HEDJ,WISDOMTREE EUROPE HEDGED EQU,Long,55.69,0.09%,54.85,mfa,参数二,"{""mfa"": {""mfa_all"": 18}}",200.0,1.78,1D,,,,,,
2026-10-05 00:00:00,EVSD,EATON VANCE SHRT DUR INC,Long,49.88,0.06%,49.7,mfa,参数一,"{""mfa"": {""mfa_all"": 17}}",200.0,-0.35,1D,,,,,,
2026-10-05 00:00:00,EVSD,EATON VANCE SHRT DUR INC,Long,49.88,0.06%,49.7,mfa,参数二,"{""mfa"": {""mfa_all"": 17}}",200.0,-0.35,1D,,,,,,
2026-10-05 00:00:00,FINW,FINWISE BANCORP,Long,11.02,-1.34%,10.54,mfa,参数一,"{""mfa"": {""mfa_all"": 16}}",200.0,-27.5,1D,,,,,,
2026-10-05 00:00:00,FINW,FINWISE BANCORP,Long,11.02,-1.34%,10.54,mfa,参数二,"{""mfa"": {""mfa_all"": 16}}",200.0,-27.5,1D,,,,,,
2026-10-05 00:00:00,IPKW,INVESCO INTERNATIONAL BUYBAC,Long,59.19,0.46%,58.2,mfa,参数一,"{""mfa"": {""mfa_all"": 9}}",200.0,2.63,1D,,,,,,
2026-10-05 00:00:00,IPKW,INVESCO INTERNATIONAL BUYBAC,Long,59.19,0.46%,58.2,mfa,参数二,"{""mfa"": {""mfa_all"": 9}}",200.0,2.63,1D,,,,,,
2026-10-05 00:00:00,LOPP,Gabelli Love Our Planet & Pe,Long,35.79,0.12%,35.54,mfa,参数一,"{""mfa"": {""mfa_all"": 24}}",200.0,-2.19,1D,,,,,,
2026-10-05 00:00:00,LOPP,Gabelli Love Our Planet & Pe,Long,35.79,0.12%,35.54,mfa,参数二,"{""mfa"": {""mfa_all"": 24}}",200.0,-2.19,1D,,,,,,
2026-10-05 00:00:00,BIDU,BAIDU INC - SPON ADR,Long,86.99,3.17%,82.62,suf,参数一,"{""suf"": {""timeframe"": ""d""}}",200.0,-27.3,1D,,,,,,
2026-10-05 00:00:00,BIDU,BAIDU INC - SPON ADR,Long,86.99,3.17%,82.62,suf,参数二,"{""suf"": {""timeframe"": ""d""}}",200.0,-27.3,1D,,,,,,
2026-10-05 00:00:00,SPCF,PROSHARES ULTRA SPACEX,Long,21.21,15.27%,16.78,sqz,参数一,"{""sqz"": {""bb_length"": 15, ""bb_mult"": 1.5, ""kc_length"": 15, ""kc_mult"": 1.2, ""min_sqz_bars"": 4}, ""r&s"": {""srb_left"": 10, ""srb_right"": 10}, ""atr"": {""atr_length"": 14, ""atr_mult"": 1.0}}",,,1D,压力释放,nan-17.15,低,nan%,37.0,32.77
2026-10-05 00:00:00,ACSI,AMERICAN CUSTOMER SATISFACTI,Long,75.28,0.26%,74.77,mfa,参数一,"{""mfa"": {""mfa_all"": 9}}",200.0,5.54,1D,,,,,,
2026-10-05 00:00:00,ACSI,AMERICAN CUSTOMER SATISFACTI,Long,75.28,0.26%,74.77,mfa,参数二,"{""mfa"": {""mfa_all"": 9}}",200.0,5.54,1D,,,,,,
2026-10-05 00:00:00,SCKT,SOCKET MOBILE INC,Long,0.93,30.99%,0.64,mfa,参数一,"{""mfa"": {""mfa_all"": 8}}",200.0,10.39,1D,,,,,,
2026-10-05 00:00:00,SCKT,SOCKET MOBILE INC,Long,0.93,30.99%,0.64,mfa,参数二,"{""mfa"": {""mfa_all"": 8}}",200.0,10.39,1D,,,,,,
2026-10-05 00:00:00,SPOK,SPOK HOLDINGS INC,Long,10.97,0.73%,10.63,utb,参数二,"{""utb"": {""key_value"": 3, ""atr_period"": 14, ""use_ha"": false}, ""r&s"": {""srb_left"": 15, ""srb_right"": 15}, ""atr"": {""atr_length"": 14, ""atr_mult"": 1.0}}",,,1D,,,,,,
2026-10-05 00:00:00,MPT,MEDICAL PROPERTIES TRUST INC,Long,3.31,1.22%,3.07,suf,参数一,"{""suf"": {""timeframe"": ""d""}}",200.0,-27.82,1D,,,,,,
2026-10-05 00:00:00,MPT,MEDICAL PROPERTIES TRUST INC,Long,3.31,1.22%,3.07,suf,参数二,"{""suf"": {""timeframe"": ""d""}}",200.0,-27.82,1D,,,,,,
2026-10-05 00:00:00,INOV,INNO INT DEV POWER BUFF NOV,Long,36.84,0.08%,36.59,mfa,参数一,"{""mfa"": {""mfa_all"": 9}}",200.0,1.73,1D,,,,,,
2026-10-05 00:00:00,INOV,INNO INT DEV POWER BUFF NOV,Long,36.84,0.08%,36.59,mfa,参数二,"{""mfa"": {""mfa_all"": 9}}",200.0,1.73,1D,,,,,,
2026-10-05 00:00:00,ARCO,ARCOS DORADOS HOLDINGS INC-A,Long,8.1,13.92%,7.37,utb,参数一,"{""utb"": {""key_value"": 2.5, ""atr_period"": 14, ""use_ha"": false}, ""r&s"": {""srb_left"": 10, ""srb_right"": 10}, ""atr"": {""atr_length"": 14, ""atr_mult"": 1.0}}",,,1D,,,,,,
2026-10-05 00:00:00,ARCO,ARCOS DORADOS HOLDINGS INC-A,Long,8.1,13.92%,7.37,utb,参数二,"{""utb"": {""key_value"": 3, ""atr_period"": 14, ""use_ha"": false}, ""r&s"": {""srb_left"": 15, ""srb_right"": 15}, ""atr"": {""atr_length"": 14, ""atr_mult"": 1.0}}",,,1D,,,,,,
2026-10-05 00:00:00,SLAB,SILICON LABORATORIES INC,Long,222.8,0.02%,221.22,sqz,参数二,"{""sqz"": {""bb_length"": 20, ""bb_mult"": 1.8, ""kc_length"": 20, ""kc_mult"": 1.5, ""min_sqz_bars"": 4}, ""r&s"": {""srb_left"": 15, ""srb_right"": 15}, ""atr"": {""atr_length"": 14, ""atr_mult"": 1.0}}",,,1D,压力释放,nan-208.84-220.9-219.75-222.49,低-高-低-高,nan%-5.77%-0.52%-1.25%,20.0,2.59
2026-10-05 00:00:00,SBB,PROSHARES SHORT SMALLCAP600,Short,23.55,-0.30%,23.81,utb,参数一,"{""utb"": {""key_value"": 2.5, ""atr_period"": 14, ""use_ha"": false}, ""r&s"": {""srb_left"": 10, ""srb_right"": 10}, ""atr"": {""atr_length"": 14, ""atr_mult"": 1.0}}",,,1D,,,,,,
2026-10-05 00:00:00,BYD,BOYD GAMING CORP,Long,68.71,2.17%,65.12,suf,参数一,"{""suf"": {""timeframe"": ""d""}}",200.0,-17.16,1D,,,,,,
2026-10-05 00:00:00,BYD,BOYD GAMING CORP,Long,68.71,2.17%,65.12,suf,参数二,"{""suf"": {""timeframe"": ""d""}}",200.0,-17.16,1D,,,,,,
2026-10-05 00:00:00,VMI,VALMONT INDUSTRIES,Long,476.85,-0.39%,459.62,mfa,参数一,"{""mfa"": {""mfa_all"": 7}}",200.0,0.76,1D,,,,,,
2026-10-05 00:00:00,VMI,VALMONT INDUSTRIES,Long,476.85,-0.39%,459.62,mfa,参数二,"{""mfa"": {""mfa_all"": 7}}",200.0,0.76,1D,,,,,,
2026-10-05 00:00:00,TGLS,TECNOGLASS HOLDINGS INC,Long,34.91,0.49%,33.21,mfa,参数一,"{""mfa"": {""mfa_all"": 40}}",200.0,-20.86,1D,,,,,,
2026-10-05 00:00:00,TGLS,TECNOGLASS HOLDINGS INC,Long,34.91,0.49%,33.21,mfa,参数二,"{""mfa"": {""mfa_all"": 40}}",200.0,-20.86,1D,,,,,,
2026-10-05 00:00:00,DTRE,FIRST TRUST ALERIAN DISRUPTI,Long,39.72,0.25%,39.42,suf,参数一,"{""suf"": {""timeframe"": ""d""}}",200.0,-3.16,1D,,,,,,
2026-10-05 00:00:00,DTRE,FIRST TRUST ALERIAN DISRUPTI,Long,39.72,0.25%,39.42,suf,参数二,"{""suf"": {""timeframe"": ""d""}}",200.0,-3.16,1D,,,,,,
2026-10-05 00:00:00,LRGG,NOMURA FOCUSED LARGE GROWTH,Long,30.42,1.46%,29.97,sqz,参数二,"{""sqz"": {""bb_length"": 20, ""bb_mult"": 1.8, ""kc_length"": 20, ""kc_mult"": 1.5, ""min_sqz_bars"": 4}, ""r&s"": {""srb_left"": 15, ""srb_right"": 15}, ""atr"": {""atr_length"": 14, ""atr_mult"": 1.0}}",,,1D,一直亮绿,nan-29.98-29.02-30.34,低-低-高,nan%-3.22%-4.56%,26.0,3.88
2026-10-05 00:00:00,UBCP,UNITED BANCORP INC/OHIO,Short,14.06,-4.94%,15.07,sqz,参数二,"{""sqz"": {""bb_length"": 20, ""bb_mult"": 1.8, ""kc_length"": 20, ""kc_mult"": 1.5, ""min_sqz_bars"": 4}, ""r&s"": {""srb_left"": 15, ""srb_right"": 15}, ""atr"": {""atr_length"": 14, ""atr_mult"": 1.0}}",,,1D,一直亮红,nan-12.79-13.84-14.69,低-高-高,nan%-8.20%-6.20%,56.0,8.94
2026-10-05 00:00:00,JOUT,JOHNSON OUTDOORS INC-A,Long,44.5,-0.91%,42.48,mfa,参数一,"{""mfa"": {""mfa_all"": 24}}",200.0,-3.4,1D,,,,,,
2026-10-05 00:00:00,JOUT,JOHNSON OUTDOORS INC-A,Long,44.5,-0.91%,42.48,mfa,参数二,"{""mfa"": {""mfa_all"": 24}}",200.0,-3.4,1D,,,,,,
2026-10-05 00:00:00,SUPL,PROSHARES SUPPLY CHAIN LOGIS,Long,44.49,-0.73%,43.76,mfa,参数一,"{""mfa"": {""mfa_all"": 24}}",200.0,-0.02,1D,,,,,,
2026-10-05 00:00:00,SUPL,PROSHARES SUPPLY CHAIN LOGIS,Long,44.49,-0.73%,43.76,mfa,参数二,"{""mfa"": {""mfa_all"": 24}}",200.0,-0.02,1D,,,,,,
2026-10-05 00:00:00,SJ,SCIENJOY HOLDING CORP-A,Long,0.88,6.30%,0.72,utb,参数一,"{""utb"": {""key_value"": 2.5, ""atr_period"": 14, ""use_ha"": false}, ""r&s"": {""srb_left"": 10, ""srb_right"": 10}, ""atr"": {""atr_length"": 14, ""atr_mult"": 1.0}}",,,1D,,,,,,
2026-10-05 00:00:00,LUMN,LUMEN TECHNOLOGIES INC,Short,5.62,-2.26%,6.08,sqz,参数二,"{""sqz"": {""bb_length"": 20, ""bb_mult"": 1.8, ""kc_length"": 20, ""kc_mult"": 1.5, ""min_sqz_bars"": 4}, ""r&s"": {""srb_left"": 15, ""srb_right"": 15}, ""atr"": {""atr_length"": 14, ""atr_mult"": 1.0}}",,,1D,一直亮红,6.09-6.27-6.32-8.15-5.65,高-高-高-低,2.96%-0.80%-28.96%-30.67%,29.0,28.67
2026-10-05 00:00:00,VMAR,VISION MARINE TECHNOLOGIES,Short,5.95,-7.03%,7.26,sqz,参数一,"{""sqz"": {""bb_length"": 15, ""bb_mult"": 1.5, ""kc_length"": 15, ""kc_mult"": 1.2, ""min_sqz_bars"": 4}, ""r&s"": {""srb_left"": 10, ""srb_right"": 10}, ""atr"": {""atr_length"": 14, ""atr_mult"": 1.0}}",,,1D,支撑释放,222.2-189.0-5.16-5.56-6.5,低-低-高-高,14.94%-97.27%-7.75%-16.91%,16.0,28.46
2026-10-05 00:00:00,PSH,PGIM SHORT DURATION HIGH YLD,Long,48.82,0.18%,48.6,suf,参数一,"{""suf"": {""timeframe"": ""d""}}",200.0,0.07,1D,,,,,,
2026-10-05 00:00:00,PSH,PGIM SHORT DURATION HIGH YLD,Long,48.82,0.18%,48.6,suf,参数二,"{""suf"": {""timeframe"": ""d""}}",200.0,0.07,1D,,,,,,
2026-10-05 00:00:00,PKX,POSCO HOLDINGS INC -SPON ADR,Long,58.23,1.11%,56.44,mfa,参数一,"{""mfa"": {""mfa_all"": 9}}",200.0,-4.94,1D,,,,,,
2026-10-05 00:00:00,PKX,POSCO HOLDINGS INC -SPON ADR,Long,58.23,1.11%,56.44,mfa,参数二,"{""mfa"": {""mfa_all"": 9}}",200.0,-4.94,1D,,,,,,
2026-10-05 00:00:00,FMC,FMC CORP,Long,9.0,6.64%,7.85,suf,参数一,"{""suf"": {""timeframe"": ""d""}}",200.0,-30.68,1D,,,,,,
2026-10-05 00:00:00,FMC,FMC CORP,Long,9.0,6.64%,7.85,suf,参数二,"{""suf"": {""timeframe"": ""d""}}",200.0,-30.68,1D,,,,,,
2026-10-05 00:00:00,RCKT,ROCKET PHARMACEUTICALS INC,Long,2.61,1.95%,2.3,suf,参数一,"{""suf"": {""timeframe"": ""d""}}",200.0,-26.72,1D,,,,,,
2026-10-05 00:00:00,RCKT,ROCKET PHARMACEUTICALS INC,Long,2.61,1.95%,2.3,suf,参数二,"{""suf"": {""timeframe"": ""d""}}",200.0,-26.72,1D,,,,,,
2026-10-05 00:00:00,PTLO,PORTILLO'S INC-CL A,Long,3.55,1.14%,3.29,suf,参数一,"{""suf"": {""timeframe"": ""d""}}",200.0,-27.02,1D,,,,,,
2026-10-05 00:00:00,PTLO,PORTILLO'S INC-CL A,Long,3.55,1.14%,3.29,suf,参数二,"{""suf"": {""timeframe"": ""d""}}",200.0,-27.02,1D,,,,,,
2026-10-05 00:00:00,AHYB,AMERICAN CENTURY SELECT HY,Long,44.88,0.13%,44.68,suf,参数一,"{""suf"": {""timeframe"": ""d""}}",200.0,-0.87,1D,,,,,,
2026-10-05 00:00:00,AHYB,AMERICAN CENTURY SELECT HY,Long,44.88,0.13%,44.68,suf,参数二,"{""suf"": {""timeframe"": ""d""}}",200.0,-0.87,1D,,,,,,
2026-10-05 00:00:00,BHR,BRAEMAR HOTELS & RESORTS INC,Short,1.55,-6.63%,1.72,sqz,参数二,"{""sqz"": {""bb_length"": 20, ""bb_mult"": 1.8, ""kc_length"": 20, ""kc_mult"": 1.5, ""min_sqz_bars"": 4}, ""r&s"": {""srb_left"": 15, ""srb_right"": 15}, ""atr"": {""atr_length"": 14, ""atr_mult"": 1.0}}",,,1D,一直释放,nan-2.64-2.19-2.34-1.88,低-低-高-低,nan%-17.05%-6.85%-19.66%,68.0,29.79
2026-10-05 00:00:00,TTD,TRADE DESK INC/THE -CLASS A,Long,11.98,0.25%,11.19,suf,参数一,"{""suf"": {""timeframe"": ""d""}}",200.0,-46.7,1D,,,,,,
2026-10-05 00:00:00,TTD,TRADE DESK INC/THE -CLASS A,Long,11.98,0.25%,11.19,suf,参数二,"{""suf"": {""timeframe"": ""d""}}",200.0,-46.7,1D,,,,,,
2026-10-05 00:00:00,QIG,WISDOMTREE US CORPORATE BOND,Long,42.07,-0.02%,41.86,mfa,参数一,"{""mfa"": {""mfa_all"": 19}}",200.0,-3.07,1D,,,,,,
2026-10-05 00:00:00,QIG,WISDOMTREE US CORPORATE BOND,Long,42.07,-0.02%,41.86,mfa,参数二,"{""mfa"": {""mfa_all"": 19}}",200.0,-3.07,1D,,,,,,
2026-10-05 00:00:00,PRLD,PRELUDE THERAPEUTICS INC,Long,3.77,2.72%,3.22,suf,参数一,"{""suf"": {""timeframe"": ""d""}}",200.0,-3.18,1D,,,,,,
2026-10-05 00:00:00,PRLD,PRELUDE THERAPEUTICS INC,Long,3.77,2.72%,3.22,suf,参数二,"{""suf"": {""timeframe"": ""d""}}",200.0,-3.18,1D,,,,,,
2026-10-05 00:00:00,GWW,WW GRAINGER INC,Long,1286.84,0.51%,1241.43,mfa,参数一,"{""mfa"": {""mfa_all"": 14}}",200.0,6.83,1D,,,,,,
2026-10-05 00:00:00,GWW,WW GRAINGER INC,Long,1286.84,0.51%,1241.43,mfa,参数二,"{""mfa"": {""mfa_all"": 14}}",200.0,6.83,1D,,,,,,
2026-10-05 00:00:00,KYTX,KYVERNA THERAPEUTICS INC,Long,6.32,1.61%,5.55,suf,参数一,"{""suf"": {""timeframe"": ""d""}}",200.0,-24.2,1D,,,,,,
2026-10-05 00:00:00,KYTX,KYVERNA THERAPEUTICS INC,Long,6.32,1.61%,5.55,suf,参数二,"{""suf"": {""timeframe"": ""d""}}",200.0,-24.2,1D,,,,,,
2026-10-05 00:00:00,TGS,TRANSPORTADOR GAS-ADR SP B,Long,26.58,6.28%,24.6,suf,参数一,"{""suf"": {""timeframe"": ""d""}}",200.0,-12.07,1D,,,,,,
2026-10-05 00:00:00,TGS,TRANSPORTADOR GAS-ADR SP B,Long,26.58,6.28%,24.6,suf,参数二,"{""suf"": {""timeframe"": ""d""}}",200.0,-12.07,1D,,,,,,
2026-10-05 00:00:00,DXJ,WISDOMTREE JAPAN HEDGED EQ,Long,183.48,0.80%,180.08,sqz,参数二,"{""sqz"": {""bb_length"": 20, ""bb_mult"": 1.8, ""kc_length"": 20, ""kc_mult"": 1.5, ""min_sqz_bars"": 4}, ""r&s"": {""srb_left"": 15, ""srb_right"": 15}, ""atr"": {""atr_length"": 14, ""atr_mult"": 1.0}}",,,1D,一直亮绿,nan-169.34-166.69-179.67-183.03,低-低-高-高,nan%-1.57%-7.79%-1.87%,36.0,5.89
2026-10-05 00:00:00,COOK,TRAEGER INC,Long,53.44,0.64%,49.65,mfa,参数一,"{""mfa"": {""mfa_all"": 49}}",200.0,4.48,1D,,,,,,
2026-10-05 00:00:00,COOK,TRAEGER INC,Long,53.44,0.64%,49.65,utb,参数二,"{""utb"": {""key_value"": 3, ""atr_period"": 14, ""use_ha"": false}, ""r&s"": {""srb_left"": 15, ""srb_right"": 15}, ""atr"": {""atr_length"": 14, ""atr_mult"": 1.0}}",,,1D,,,,,,
2026-10-05 00:00:00,COOK,TRAEGER INC,Long,53.44,0.64%,49.65,mfa,参数二,"{""mfa"": {""mfa_all"": 49}}",200.0,4.48,1D,,,,,,
2026-10-05 00:00:00,USSX,CORGI US SMALL CAP 2X DLY,Long,23.26,1.31%,22.98,utb,参数一,"{""utb"": {""key_value"": 2.5, ""atr_period"": 14, ""use_ha"": false}, ""r&s"": {""srb_left"": 10, ""srb_right"": 10}, ""atr"": {""atr_length"": 14, ""atr_mult"": 1.0}}",,,1D,,,,,,
2026-10-05 00:00:00,USSX,CORGI US SMALL CAP 2X DLY,Long,23.26,1.31%,22.98,utb,参数二,"{""utb"": {""key_value"": 3, ""atr_period"": 14, ""use_ha"": false}, ""r&s"": {""srb_left"": 15, ""srb_right"": 15}, ""atr"": {""atr_length"": 14, ""atr_mult"": 1.0}}",,,1D,,,,,,
2026-10-05 00:00:00,STNE,STONECO LTD-A,Long,11.54,20.84%,10.34,utb,参数一,"{""utb"": {""key_value"": 2.5, ""atr_period"": 14, ""use_ha"": false}, ""r&s"": {""srb_left"": 10, ""srb_right"": 10}, ""atr"": {""atr_length"": 14, ""atr_mult"": 1.0}}",,,1D,,,,,,
2026-10-05 00:00:00,PRZO,PARAZERO TECHNOLOGIES LTD,Long,0.62,2.13%,0.56,mfa,参数一,"{""mfa"": {""mfa_all"": 6}}",200.0,-22.96,1D,,,,,,
2026-10-05 00:00:00,PRZO,PARAZERO TECHNOLOGIES LTD,Long,0.62,2.13%,0.56,mfa,参数二,"{""mfa"": {""mfa_all"": 6}}",200.0,-22.96,1D,,,,,,
2026-10-05 00:00:00,PTMC,PACER TRENDPILOT US MID CAP,Long,40.01,0.33%,39.23,utb,参数一,"{""utb"": {""key_value"": 2.5, ""atr_period"": 14, ""use_ha"": false}, ""r&s"": {""srb_left"": 10, ""srb_right"": 10}, ""atr"": {""atr_length"": 14, ""atr_mult"": 1.0}}",,,1D,,,,,,
2026-10-05 00:00:00,PABD,ISHARES PARIS-ALIGNED CLIMAT,Long,67.92,-0.16%,67.38,mfa,参数一,"{""mfa"": {""mfa_all"": 15}}",200.0,0.86,1D,,,,,,
2026-10-05 00:00:00,PABD,ISHARES PARIS-ALIGNED CLIMAT,Long,67.92,-0.16%,67.38,mfa,参数二,"{""mfa"": {""mfa_all"": 15}}",200.0,0.86,1D,,,,,,
2026-10-05 00:00:00,FXHO,UTIME LTD-A,Long,10.07,1.36%,8.64,mfa,参数一,"{""mfa"": {""mfa_all"": 6}}",200.0,-50.09,1D,,,,,,
2026-10-05 00:00:00,FXHO,UTIME LTD-A,Long,10.07,1.36%,8.64,mfa,参数二,"{""mfa"": {""mfa_all"": 6}}",200.0,-50.09,1D,,,,,,
2026-10-05 00:00:00,PEW,GRABAGUN DIGITAL HOLDINGS IN,Long,1.98,2.59%,1.86,suf,参数一,"{""suf"": {""timeframe"": ""d""}}",200.0,-27.99,1D,,,,,,
2026-10-05 00:00:00,PEW,GRABAGUN DIGITAL HOLDINGS IN,Long,1.98,2.59%,1.86,suf,参数二,"{""suf"": {""timeframe"": ""d""}}",200.0,-27.99,1D,,,,,,
2026-10-05 00:00:00,BA,BOEING CO/THE,Long,192.72,-0.43%,185.06,mfa,参数一,"{""mfa"": {""mfa_all"": 18}}",200.0,-12.67,1D,,,,,,
2026-10-05 00:00:00,BA,BOEING CO/THE,Long,192.72,-0.43%,185.06,mfa,参数二,"{""mfa"": {""mfa_all"": 18}}",200.0,-12.67,1D,,,,,,
2026-10-05 00:00:00,FEAC,FIDELITY ENH US ALL CAP EQ,Long,33.42,0.79%,32.97,utb,参数二,"{""utb"": {""key_value"": 3, ""atr_period"": 14, ""use_ha"": false}, ""r&s"": {""srb_left"": 15, ""srb_right"": 15}, ""atr"": {""atr_length"": 14, ""atr_mult"": 1.0}}",,,1D,,,,,,
2026-10-05 00:00:00,SEED,ORIGIN AGRITECH LTD,Long,0.84,13.51%,0.66,suf,参数一,"{""suf"": {""timeframe"": ""d""}}",200.0,-24.17,1D,,,,,,
2026-10-05 00:00:00,SEED,ORIGIN AGRITECH LTD,Long,0.84,13.51%,0.66,suf,参数二,"{""suf"": {""timeframe"": ""d""}}",200.0,-24.17,1D,,,,,,
2026-10-05 00:00:00,INDS,PACER INDUSTRIAL REAL ESTATE,Long,,nan%,,suf,参数一,"{""suf"": {""timeframe"": ""d""}}",200.0,,1D,,,,,,
2026-10-05 00:00:00,INDS,PACER INDUSTRIAL REAL ESTATE,Long,,nan%,,suf,参数二,"{""suf"": {""timeframe"": ""d""}}",200.0,,1D,,,,,,
2026-10-05 00:00:00,JFIN,JIAYIN GROUP INC-ADR,Long,1.41,7.63%,1.19,suf,参数一,"{""suf"": {""timeframe"": ""d""}}",200.0,-66.92,1D,,,,,,
2026-10-05 00:00:00,JFIN,JIAYIN GROUP INC-ADR,Long,1.41,7.63%,1.19,suf,参数二,"{""suf"": {""timeframe"": ""d""}}",200.0,-66.92,1D,,,,,,
2026-10-05 00:00:00,RDDT,REDDIT INC-CL A,Long,150.42,1.73%,140.82,mfa,参数一,"{""mfa"": {""mfa_all"": 6}}",200.0,-10.56,1D,,,,,,
2026-10-05 00:00:00,RDDT,REDDIT INC-CL A,Long,150.42,1.73%,140.82,mfa,参数二,"{""mfa"": {""mfa_all"": 6}}",200.0,-10.56,1D,,,,,,
2026-10-05 00:00:00,JIRE,JPMORGAN INT RES ENH EQTY,Long,82.31,0.10%,80.8,mfa,参数一,"{""mfa"": {""mfa_all"": 15}}",200.0,2.34,1D,,,,,,
2026-10-05 00:00:00,JIRE,JPMORGAN INT RES ENH EQTY,Long,82.31,0.10%,80.8,mfa,参数二,"{""mfa"": {""mfa_all"": 15}}",200.0,2.34,1D,,,,,,
2026-10-05 00:00:00,GLOB,GLOBANT SA,Long,35.75,1.85%,32.71,mfa,参数一,"{""mfa"": {""mfa_all"": 10}}",200.0,-19.99,1D,,,,,,
2026-10-05 00:00:00,GLOB,GLOBANT SA,Long,35.75,1.85%,32.71,mfa,参数二,"{""mfa"": {""mfa_all"": 10}}",200.0,-19.99,1D,,,,,,
2026-10-05 00:00:00,OBOR,KRANESHARES MSCI ONE BELT ON,Long,27.16,0.24%,27.01,mfa,参数一,"{""mfa"": {""mfa_all"": 6}}",200.0,-1.55,1D,,,,,,
2026-10-05 00:00:00,OBOR,KRANESHARES MSCI ONE BELT ON,Long,27.16,0.24%,27.01,mfa,参数二,"{""mfa"": {""mfa_all"": 6}}",200.0,-1.55,1D,,,,,,
2026-10-05 00:00:00,SCNI,SCINAI IMMUNOTHERAPEUTICS LT,Short,1.26,-5.26%,1.62,sqz,参数二,"{""sqz"": {""bb_length"": 20, ""bb_mult"": 1.8, ""kc_length"": 20, ""kc_mult"": 1.5, ""min_sqz_bars"": 4}, ""r&s"": {""srb_left"": 15, ""srb_right"": 15}, ""atr"": {""atr_length"": 14, ""atr_mult"": 1.0}}",,,1D,一直释放,nan-4.55-2.15,低-低,nan%-52.75%,41.0,66.51
2026-10-05 00:00:00,TAJX,CORGI INDIA 2X DAILY,Long,22.44,0.18%,22.14,mfa,参数一,"{""mfa"": {""mfa_all"": 18}}",200.0,,1D,,,,,,
2026-10-05 00:00:00,TAJX,CORGI INDIA 2X DAILY,Long,22.44,0.18%,22.14,mfa,参数二,"{""mfa"": {""mfa_all"": 18}}",200.0,,1D,,,,,,
2026-10-05 00:00:00,GLED,GALAXYEDGE ACQUISITION CORP,Long,10.06,0.20%,10.04,sqz,参数一,"{""sqz"": {""bb_length"": 15, ""bb_mult"": 1.5, ""kc_length"": 15, ""kc_mult"": 1.2, ""min_sqz_bars"": 4}, ""r&s"": {""srb_left"": 10, ""srb_right"": 10}, ""atr"": {""atr_length"": 14, ""atr_mult"": 1.0}}",,,1D,压力释放,nan-10.0-9.96-9.98-10.06,低-低-高-高,nan%-0.40%-0.20%-0.80%,23.0,0.9
2026-10-05 00:00:00,EVYM,EATON VANCE HIGH INCOME MUNI,Long,46.96,0.40%,46.43,suf,参数一,"{""suf"": {""timeframe"": ""d""}}",200.0,-4.12,1D,,,,,,
2026-10-05 00:00:00,EVYM,EATON VANCE HIGH INCOME MUNI,Long,46.96,0.40%,46.43,suf,参数二,"{""suf"": {""timeframe"": ""d""}}",200.0,-4.12,1D,,,,,,
2026-10-05 00:00:00,FVC,FIRST TRUST DORSEY WRIGHT DY,Long,43.08,0.80%,42.72,sqz,参数二,"{""sqz"": {""bb_length"": 20, ""bb_mult"": 1.8, ""kc_length"": 20, ""kc_mult"": 1.5, ""min_sqz_bars"": 4}, ""r&s"": {""srb_left"": 15, ""srb_right"": 15}, ""atr"": {""atr_length"": 14, ""atr_mult"": 1.0}}",,,1D,一直亮绿,nan-39.05-43.04-44.23-42.99,低-高-高-低,nan%-10.20%-2.77%-2.80%,26.0,4.5
2026-10-05 00:00:00,ENGS,ENERGYS GROUP LTD,Long,3.07,0.66%,2.9,sqz,参数一,"{""sqz"": {""bb_length"": 15, ""bb_mult"": 1.5, ""kc_length"": 15, ""kc_mult"": 1.2, ""min_sqz_bars"": 4}, ""r&s"": {""srb_left"": 10, ""srb_right"": 10}, ""atr"": {""atr_length"": 14, ""atr_mult"": 1.0}}",,,1D,压力释放,1.19-1.35-1.6-3.21-3.04,高-高-高-低,13.45%-18.52%-100.62%-5.30%,36.0,19.22
2026-10-05 00:00:00,PAX,PATRIA INVESTMENTS LTD-A,Long,11.1,8.72%,10.16,utb,参数一,"{""utb"": {""key_value"": 2.5, ""atr_period"": 14, ""use_ha"": false}, ""r&s"": {""srb_left"": 10, ""srb_right"": 10}, ""atr"": {""atr_length"": 14, ""atr_mult"": 1.0}}",,,1D,,,,,,
2026-10-05 00:00:00,PAX,PATRIA INVESTMENTS LTD-A,Long,11.1,8.72%,10.16,utb,参数二,"{""utb"": {""key_value"": 3, ""atr_period"": 14, ""use_ha"": false}, ""r&s"": {""srb_left"": 15, ""srb_right"": 15}, ""atr"": {""atr_length"": 14, ""atr_mult"": 1.0}}",,,1D,,,,,,
2026-10-05 00:00:00,BALL,BALL CORP,Long,57.11,1.31%,54.64,suf,参数一,"{""suf"": {""timeframe"": ""d""}}",200.0,-4.42,1D,,,,,,
2026-10-05 00:00:00,BALL,BALL CORP,Long,57.11,1.31%,54.64,suf,参数二,"{""suf"": {""timeframe"": ""d""}}",200.0,-4.42,1D,,,,,,
2026-10-05 00:00:00,IRS,IRSA -SP ADR,Long,13.95,4.42%,12.86,suf,参数一,"{""suf"": {""timeframe"": ""d""}}",200.0,-9.36,1D,,,,,,
2026-10-05 00:00:00,IRS,IRSA -SP ADR,Long,13.95,4.42%,12.86,suf,参数二,"{""suf"": {""timeframe"": ""d""}}",200.0,-9.36,1D,,,,,,
2026-10-05 00:00:00,MRK,MERCK & CO. INC.,Short,139.54,-3.30%,147.57,sqz,参数一,"{""sqz"": {""bb_length"": 15, ""bb_mult"": 1.5, ""kc_length"": 15, ""kc_mult"": 1.2, ""min_sqz_bars"": 4}, ""r&s"": {""srb_left"": 10, ""srb_right"": 10}, ""atr"": {""atr_length"": 14, ""atr_mult"": 1.0}}",,,1D,支撑释放,111.26-106.5-110.92-119.45-142.32,低-高-高-高,4.28%-4.14%-7.70%-19.14%,14.0,7.9
2026-10-05 00:00:00,AIRI,AIR INDUSTRIES GROUP,Short,2.47,-9.19%,2.74,utb,参数一,"{""utb"": {""key_value"": 2.5, ""atr_period"": 14, ""use_ha"": false}, ""r&s"": {""srb_left"": 10, ""srb_right"": 10}, ""atr"": {""atr_length"": 14, ""atr_mult"": 1.0}}",,,1D,,,,,,
2026-10-05 00:00:00,SCDS,JPMORGAN FUNDAMENTAL DTA SSC,Long,73.06,0.32%,72.5,utb,参数二,"{""utb"": {""key_value"": 3, ""atr_period"": 14, ""use_ha"": false}, ""r&s"": {""srb_left"": 15, ""srb_right"": 15}, ""atr"": {""atr_length"": 14, ""atr_mult"": 1.0}}",,,1D,,,,,,
2026-10-05 00:00:00,ONT,ONTERRIS INC,Long,14.21,11.80%,11.14,suf,参数一,"{""suf"": {""timeframe"": ""d""}}",200.0,-30.46,1D,,,,,,
2026-10-05 00:00:00,ONT,ONTERRIS INC,Long,14.21,11.80%,11.14,suf,参数二,"{""suf"": {""timeframe"": ""d""}}",200.0,-30.46,1D,,,,,,
2026-10-05 00:00:00,RAVE,RAVE RESTAURANT GROUP INC,Long,2.29,-0.87%,2.15,mfa,参数一,"{""mfa"": {""mfa_all"": 20}}",200.0,-22.53,1D,,,,,,
2026-10-05 00:00:00,RAVE,RAVE RESTAURANT GROUP INC,Long,2.29,-0.87%,2.15,mfa,参数二,"{""mfa"": {""mfa_all"": 20}}",200.0,-22.53,1D,,,,,,
2026-10-05 00:00:00,AADR,ADVISORSHARES DORSEY WRIGHT,Long,82.08,0.50%,80.97,mfa,参数一,"{""mfa"": {""mfa_all"": 8}}",200.0,-3.7,1D,,,,,,
2026-10-05 00:00:00,AADR,ADVISORSHARES DORSEY WRIGHT,Long,82.08,0.50%,80.97,mfa,参数二,"{""mfa"": {""mfa_all"": 8}}",200.0,-3.7,1D,,,,,,
2026-10-05 00:00:00,KOD,KODIAK SCIENCES INC,Long,93.81,-0.68%,80.01,mfa,参数一,"{""mfa"": {""mfa_all"": 25}}",200.0,160.74,1D,,,,,,
2026-10-05 00:00:00,KOD,KODIAK SCIENCES INC,Long,93.81,-0.68%,80.01,mfa,参数二,"{""mfa"": {""mfa_all"": 25}}",200.0,160.74,1D,,,,,,
2026-10-05 00:00:00,EPRF,INNOVAT S&P INVEST GRD PREF,Long,15.69,-0.61%,15.52,mfa,参数一,"{""mfa"": {""mfa_all"": 19}}",200.0,-5.09,1D,,,,,,
2026-10-05 00:00:00,EPRF,INNOVAT S&P INVEST GRD PREF,Long,15.69,-0.61%,15.52,mfa,参数二,"{""mfa"": {""mfa_all"": 19}}",200.0,-5.09,1D,,,,,,
2026-10-05 00:00:00,IMCG,ISHARES MORNINGSTAR MID-CAP,Long,96.48,0.79%,94.35,utb,参数一,"{""utb"": {""key_value"": 2.5, ""atr_period"": 14, ""use_ha"": false}, ""r&s"": {""srb_left"": 10, ""srb_right"": 10}, ""atr"": {""atr_length"": 14, ""atr_mult"": 1.0}}",,,1D,,,,,,
2026-10-05 00:00:00,AMPL,AMPLITUDE INC-CLASS A,Long,14.88,2.48%,13.81,sqz,参数二,"{""sqz"": {""bb_length"": 20, ""bb_mult"": 1.8, ""kc_length"": 20, ""kc_mult"": 1.5, ""min_sqz_bars"": 4}, ""r&s"": {""srb_left"": 15, ""srb_right"": 15}, ""atr"": {""atr_length"": 14, ""atr_mult"": 1.0}}",,,1D,压力释放,nan-8.05-8.28-8.87-14.76,低-高-高-高,nan%-2.86%-7.13%-66.40%,25.0,23.51
2026-10-05 00:00:00,DNL,WISDMTREE GB EX-US QL GR-USD,Long,45.51,0.60%,44.73,utb,参数一,"{""utb"": {""key_value"": 2.5, ""atr_period"": 14, ""use_ha"": false}, ""r&s"": {""srb_left"": 10, ""srb_right"": 10}, ""atr"": {""atr_length"": 14, ""atr_mult"": 1.0}}",,,1D,,,,,,
2026-10-05 00:00:00,OPPG,WISDOMTREE GEOALPHA OPPT FD,Long,36.52,0.60%,36.23,mfa,参数一,"{""mfa"": {""mfa_all"": 6}}",200.0,2.27,1D,,,,,,
2026-10-05 00:00:00,OPPG,WISDOMTREE GEOALPHA OPPT FD,Long,36.52,0.60%,36.23,mfa,参数二,"{""mfa"": {""mfa_all"": 6}}",200.0,2.27,1D,,,,,,
2026-10-05 00:00:00,TVA,TEXAS VENTURES ACQUISITION-A,Long,10.59,0.09%,10.58,sqz,参数二,"{""sqz"": {""bb_length"": 20, ""bb_mult"": 1.8, ""kc_length"": 20, ""kc_mult"": 1.5, ""min_sqz_bars"": 4}, ""r&s"": {""srb_left"": 15, ""srb_right"": 15}, ""atr"": {""atr_length"": 14, ""atr_mult"": 1.0}}",,,1D,一直亮绿,nan-11.44-10.59-10.55,低-低-低,nan%-7.43%-0.39%,62.0,2.32
2026-10-05 00:00:00,FCF,FIRST COMMONWEALTH FINL CORP,Short,20.38,-0.88%,20.95,sqz,参数二,"{""sqz"": {""bb_length"": 20, ""bb_mult"": 1.8, ""kc_length"": 20, ""kc_mult"": 1.5, ""min_sqz_bars"": 4}, ""r&s"": {""srb_left"": 15, ""srb_right"": 15}, ""atr"": {""atr_length"": 14, ""atr_mult"": 1.0}}",,,1D,一直亮红,nan-16.1-17.84-20.47,低-高-高,nan%-10.82%-14.72%,23.0,5.72
2026-10-05 00:00:00,FDLS,INSPIRE FIDELIS MULTI FACTOR,Long,42.26,0.28%,41.45,utb,参数一,"{""utb"": {""key_value"": 2.5, ""atr_period"": 14, ""use_ha"": false}, ""r&s"": {""srb_left"": 10, ""srb_right"": 10}, ""atr"": {""atr_length"": 14, ""atr_mult"": 1.0}}",,,1D,,,,,,
2026-10-05 00:00:00,GNLN,GREENLANE HOLDINGS INC - A,Long,3.5,31.58%,2.46,sqz,参数一,"{""sqz"": {""bb_length"": 15, ""bb_mult"": 1.5, ""kc_length"": 15, ""kc_mult"": 1.2, ""min_sqz_bars"": 4}, ""r&s"": {""srb_left"": 10, ""srb_right"": 10}, ""atr"": {""atr_length"": 14, ""atr_mult"": 1.0}}",,,1D,压力释放,7.11-7.06-2.75-3.9-3.37,低-低-高-低,0.73%-61.05%-41.82%-13.59%,16.0,69.35
2026-10-05 00:00:00,PUBM,PUBMATIC INC-CLASS A,Long,18.6,0.98%,17.52,sqz,参数二,"{""sqz"": {""bb_length"": 20, ""bb_mult"": 1.8, ""kc_length"": 20, ""kc_mult"": 1.5, ""min_sqz_bars"": 4}, ""r&s"": {""srb_left"": 15, ""srb_right"": 15}, ""atr"": {""atr_length"": 14, ""atr_mult"": 1.0}}",,,1D,一直亮绿,nan-9.18-12.34-14.04-18.44,低-高-高-高,nan%-34.44%-13.82%-31.34%,40.0,17.9
2026-10-05 00:00:00,UHT,UNIVERSAL HEALTH RLTY INCOME,Long,36.92,0.82%,35.22,suf,参数一,"{""suf"": {""timeframe"": ""d""}}",200.0,-7.31,1D,,,,,,
2026-10-05 00:00:00,UHT,UNIVERSAL HEALTH RLTY INCOME,Long,36.92,0.82%,35.22,suf,参数二,"{""suf"": {""timeframe"": ""d""}}",200.0,-7.31,1D,,,,,,
2026-10-05 00:00:00,KSS,KOHLS CORP,Long,19.53,3.83%,17.92,utb,参数二,"{""utb"": {""key_value"": 3, ""atr_period"": 14, ""use_ha"": false}, ""r&s"": {""srb_left"": 15, ""srb_right"": 15}, ""atr"": {""atr_length"": 14, ""atr_mult"": 1.0}}",,,1D,,,,,,
2026-10-05 00:00:00,IOR,INCOME OPP REALTY INVESTORS,Long,17.0,0.00%,16.67,mfa,参数一,"{""mfa"": {""mfa_all"": 24}}",200.0,-8.43,1D,,,,,,
2026-10-05 00:00:00,IOR,INCOME OPP REALTY INVESTORS,Long,17.0,0.00%,16.67,mfa,参数二,"{""mfa"": {""mfa_all"": 24}}",200.0,-8.43,1D,,,,,,
2026-10-05 00:00:00,STLD,STEEL DYNAMICS INC,Long,241.04,3.90%,224.97,utb,参数一,"{""utb"": {""key_value"": 2.5, ""atr_period"": 14, ""use_ha"": false}, ""r&s"": {""srb_left"": 10, ""srb_right"": 10}, ""atr"": {""atr_length"": 14, ""atr_mult"": 1.0}}",,,1D,,,,,,
2026-10-05 00:00:00,GMTL,GUARDIAN METAL RESOURCES,Short,8.55,-0.93%,9.67,sqz,参数一,"{""sqz"": {""bb_length"": 15, ""bb_mult"": 1.5, ""kc_length"": 15, ""kc_mult"": 1.2, ""min_sqz_bars"": 4}, ""r&s"": {""srb_left"": 10, ""srb_right"": 10}, ""atr"": {""atr_length"": 14, ""atr_mult"": 1.0}}",,,1D,一直亮红,nan-12.75-12.52-8.6,低-低-低,nan%-1.80%-31.31%,56.0,61.28
2026-10-05 00:00:00,GMTL,GUARDIAN METAL RESOURCES,Short,8.55,-0.93%,9.67,sqz,参数二,"{""sqz"": {""bb_length"": 20, ""bb_mult"": 1.8, ""kc_length"": 20, ""kc_mult"": 1.5, ""min_sqz_bars"": 4}, ""r&s"": {""srb_left"": 15, ""srb_right"": 15}, ""atr"": {""atr_length"": 14, ""atr_mult"": 1.0}}",,,1D,一直亮红,nan-12.75-12.52-8.6,低-低-低,nan%-1.80%-31.31%,56.0,61.28
2026-10-05 00:00:00,KLRS,KALARIS THERAPEUTICS INC,Long,2.83,4.81%,2.37,suf,参数一,"{""suf"": {""timeframe"": ""d""}}",200.0,-53.37,1D,,,,,,
2026-10-05 00:00:00,KLRS,KALARIS THERAPEUTICS INC,Long,2.83,4.81%,2.37,suf,参数二,"{""suf"": {""timeframe"": ""d""}}",200.0,-53.37,1D,,,,,,
2026-10-05 00:00:00,FTDS,FIRST TRUST DIVIDEND STRENGT,Long,62.3,0.10%,61.89,mfa,参数一,"{""mfa"": {""mfa_all"": 12}}",200.0,1.91,1D,,,,,,
2026-10-05 00:00:00,FTDS,FIRST TRUST DIVIDEND STRENGT,Long,62.3,0.10%,61.89,mfa,参数二,"{""mfa"": {""mfa_all"": 12}}",200.0,1.91,1D,,,,,,
2026-10-05 00:00:00,FGII,FG IMPERII ACQUISITION-CL A,Long,10.03,0.10%,10.02,sqz,参数一,"{""sqz"": {""bb_length"": 15, ""bb_mult"": 1.5, ""kc_length"": 15, ""kc_mult"": 1.2, ""min_sqz_bars"": 4}, ""r&s"": {""srb_left"": 10, ""srb_right"": 10}, ""atr"": {""atr_length"": 14, ""atr_mult"": 1.0}}",,,1D,一直释放,nan-9.91-9.99,低-高,nan%-0.81%,78.0,0.6
2026-10-05 00:00:00,FGII,FG IMPERII ACQUISITION-CL A,Long,10.03,0.10%,10.02,sqz,参数二,"{""sqz"": {""bb_length"": 20, ""bb_mult"": 1.8, ""kc_length"": 20, ""kc_mult"": 1.5, ""min_sqz_bars"": 4}, ""r&s"": {""srb_left"": 15, ""srb_right"": 15}, ""atr"": {""atr_length"": 14, ""atr_mult"": 1.0}}",,,1D,一直释放,nan-9.99,低,nan%,78.0,0.6
2026-10-05 00:00:00,CLIK,CLICK HOLDINGS LTD/BVI-A,Long,1.09,2.83%,0.97,suf,参数一,"{""suf"": {""timeframe"": ""d""}}",200.0,-56.72,1D,,,,,,
2026-10-05 00:00:00,CLIK,CLICK HOLDINGS LTD/BVI-A,Long,1.09,2.83%,0.97,suf,参数二,"{""suf"": {""timeframe"": ""d""}}",200.0,-56.72,1D,,,,,,
2026-10-05 00:00:00,DOCS,DOXIMITY INC-CLASS A,Long,28.58,2.33%,26.82,sqz,参数一,"{""sqz"": {""bb_length"": 15, ""bb_mult"": 1.5, ""kc_length"": 15, ""kc_mult"": 1.2, ""min_sqz_bars"": 4}, ""r&s"": {""srb_left"": 10, ""srb_right"": 10}, ""atr"": {""atr_length"": 14, ""atr_mult"": 1.0}}",,,1D,压力释放,26.69-22.65-23.57-40.0-27.32,低-高-高-低,15.14%-4.06%-69.71%-31.70%,21.0,14.05
2026-10-05 00:00:00,PARK,PARK DENTAL PARTNERS INC,Long,21.09,6.30%,18.82,mfa,参数一,"{""mfa"": {""mfa_all"": 7}}",200.0,14.28,1D,,,,,,
2026-10-05 00:00:00,PARK,PARK DENTAL PARTNERS INC,Long,21.09,6.30%,18.82,mfa,参数二,"{""mfa"": {""mfa_all"": 7}}",200.0,14.28,1D,,,,,,
2026-10-05 00:00:00,AIZ,ASSURANT INC,Long,266.41,-0.34%,260.24,mfa,参数一,"{""mfa"": {""mfa_all"": 10}}",200.0,6.87,1D,,,,,,
2026-10-05 00:00:00,AIZ,ASSURANT INC,Long,266.41,-0.34%,260.24,mfa,参数二,"{""mfa"": {""mfa_all"": 10}}",200.0,6.87,1D,,,,,,
2026-10-05 00:00:00,SPCX,SPACE EXPLORATION TECHN-CL A,Long,171.09,7.63%,151.3,sqz,参数一,"{""sqz"": {""bb_length"": 15, ""bb_mult"": 1.5, ""kc_length"": 15, ""kc_mult"": 1.2, ""min_sqz_bars"": 4}, ""r&s"": {""srb_left"": 10, ""srb_right"": 10}, ""atr"": {""atr_length"": 14, ""atr_mult"": 1.0}}",,,1D,压力释放,nan-149.8,低,nan%,34.0,14.89
2026-10-05 00:00:00,QGEN,QIAGEN N.V.,Long,45.79,2.32%,43.06,sqz,参数二,"{""sqz"": {""bb_length"": 20, ""bb_mult"": 1.8, ""kc_length"": 20, ""kc_mult"": 1.5, ""min_sqz_bars"": 4}, ""r&s"": {""srb_left"": 15, ""srb_right"": 15}, ""atr"": {""atr_length"": 14, ""atr_mult"": 1.0}}",,,1D,压力释放,nan-57.3-41.95-44.03-45.53,低-低-高-高,nan%-26.79%-4.95%-3.41%,31.0,9.92
2026-10-05 00:00:00,EVRG,EVERGY INC,Long,79.09,-0.10%,77.35,mfa,参数一,"{""mfa"": {""mfa_all"": 12}}",200.0,-1.18,1D,,,,,,
2026-10-05 00:00:00,EVRG,EVERGY INC,Long,79.09,-0.10%,77.35,mfa,参数二,"{""mfa"": {""mfa_all"": 12}}",200.0,-1.18,1D,,,,,,
2026-10-05 00:00:00,PSTL,POSTAL REALTY TRUST INC- A,Short,22.38,-1.37%,23.18,sqz,参数一,"{""sqz"": {""bb_length"": 15, ""bb_mult"": 1.5, ""kc_length"": 15, ""kc_mult"": 1.2, ""min_sqz_bars"": 4}, ""r&s"": {""srb_left"": 10, ""srb_right"": 10}, ""atr"": {""atr_length"": 14, ""atr_mult"": 1.0}}",,,1D,支撑释放,nan-17.64-21.84-21.77-22.93,低-高-低-高,nan%-23.79%-0.32%-5.34%,16.0,7.37
2026-10-05 00:00:00,EUDV,PROSHARES MSCI EUROPE DIVIDE,Long,51.36,-0.81%,50.98,mfa,参数一,"{""mfa"": {""mfa_all"": 18}}",200.0,-2.51,1D,,,,,,
2026-10-05 00:00:00,EUDV,PROSHARES MSCI EUROPE DIVIDE,Long,51.36,-0.81%,50.98,mfa,参数二,"{""mfa"": {""mfa_all"": 18}}",200.0,-2.51,1D,,,,,,
2026-10-05 00:00:00,NCNA,NUCANA PLC-ADR,Short,1.06,-2.75%,1.24,sqz,参数二,"{""sqz"": {""bb_length"": 20, ""bb_mult"": 1.8, ""kc_length"": 20, ""kc_mult"": 1.5, ""min_sqz_bars"": 4}, ""r&s"": {""srb_left"": 15, ""srb_right"": 15}, ""atr"": {""atr_length"": 14, ""atr_mult"": 1.0}}",,,1D,支撑释放,nan-1.33-1.83-1.21,低-高-低,nan%-37.59%-33.88%,47.0,57.02
2026-10-05 00:00:00,IBO,IMPACT BIOMEDICAL INC,Short,4.84,-9.02%,6.06,sqz,参数二,"{""sqz"": {""bb_length"": 20, ""bb_mult"": 1.8, ""kc_length"": 20, ""kc_mult"": 1.5, ""min_sqz_bars"": 4}, ""r&s"": {""srb_left"": 15, ""srb_right"": 15}, ""atr"": {""atr_length"": 14, ""atr_mult"": 1.0}}",,,1D,支撑释放,nan-4.68-5.95-5.06,低-高-低,nan%-27.03%-14.89%,56.0,60.0
2026-10-05 00:00:00,QQQJ,INVESCO NASDAQ NEXT GEN 100,Long,44.94,1.10%,43.95,utb,参数一,"{""utb"": {""key_value"": 2.5, ""atr_period"": 14, ""use_ha"": false}, ""r&s"": {""srb_left"": 10, ""srb_right"": 10}, ""atr"": {""atr_length"": 14, ""atr_mult"": 1.0}}",,,1D,,,,,,
2026-10-05 00:00:00,GHG,GREENTREE HOSPITALITY GR-ADR,Long,1.0,6.38%,0.91,suf,参数一,"{""suf"": {""timeframe"": ""d""}}",200.0,-21.0,1D,,,,,,
2026-10-05 00:00:00,GHG,GREENTREE HOSPITALITY GR-ADR,Long,1.0,6.38%,0.91,suf,参数二,"{""suf"": {""timeframe"": ""d""}}",200.0,-21.0,1D,,,,,,
2026-10-05 00:00:00,ROBT,FIRST TRUST NASDAQ ARTIFICIA,Long,61.06,1.45%,59.49,sqz,参数一,"{""sqz"": {""bb_length"": 15, ""bb_mult"": 1.5, ""kc_length"": 15, ""kc_mult"": 1.2, ""min_sqz_bars"": 4}, ""r&s"": {""srb_left"": 10, ""srb_right"": 10}, ""atr"": {""atr_length"": 14, ""atr_mult"": 1.0}}",,,1D,一直释放,nan-55.83-60.43-57.54-60.97,低-高-低-高,nan%-8.24%-4.78%-5.96%,35.0,7.58
2026-10-05 00:00:00,ROBT,FIRST TRUST NASDAQ ARTIFICIA,Long,61.06,1.45%,59.49,sqz,参数二,"{""sqz"": {""bb_length"": 20, ""bb_mult"": 1.8, ""kc_length"": 20, ""kc_mult"": 1.5, ""min_sqz_bars"": 4}, ""r&s"": {""srb_left"": 15, ""srb_right"": 15}, ""atr"": {""atr_length"": 14, ""atr_mult"": 1.0}}",,,1D,一直亮绿,nan-55.83-60.43-60.97,低-高-高,nan%-8.24%-0.89%,35.0,7.58
2026-10-05 00:00:00,JPIN,JPM DIVERSIFIED RET INTL EQ,Long,73.6,-0.12%,72.53,mfa,参数一,"{""mfa"": {""mfa_all"": 12}}",200.0,1.69,1D,,,,,,
2026-10-05 00:00:00,JPIN,JPM DIVERSIFIED RET INTL EQ,Long,73.6,-0.12%,72.53,mfa,参数二,"{""mfa"": {""mfa_all"": 12}}",200.0,1.69,1D,,,,,,
2026-10-05 00:00:00,UFIV,F/M US TREASURY 5 YEAR NOTE,Long,46.51,0.01%,46.29,mfa,参数一,"{""mfa"": {""mfa_all"": 19}}",200.0,-2.48,1D,,,,,,
2026-10-05 00:00:00,UFIV,F/M US TREASURY 5 YEAR NOTE,Long,46.51,0.01%,46.29,mfa,参数二,"{""mfa"": {""mfa_all"": 19}}",200.0,-2.48,1D,,,,,,
2026-10-05 00:00:00,REF,REFORMATION INC,Long,13.02,1.32%,11.63,mfa,参数一,"{""mfa"": {""mfa_all"": 9}}",200.0,,1D,,,,,,
2026-10-05 00:00:00,REF,REFORMATION INC,Long,13.02,1.32%,11.63,mfa,参数二,"{""mfa"": {""mfa_all"": 9}}",200.0,,1D,,,,,,
2026-10-05 00:00:00,CIRC,CIRCLE8 GROUP INC,Long,0.54,5.28%,0.42,mfa,参数一,"{""mfa"": {""mfa_all"": 15}}",200.0,-68.92,1D,,,,,,
2026-10-05 00:00:00,CIRC,CIRCLE8 GROUP INC,Long,0.54,5.28%,0.42,mfa,参数二,"{""mfa"": {""mfa_all"": 15}}",200.0,-68.92,1D,,,,,,
2026-10-05 00:00:00,WDFC,WD-40 CO,Long,205.86,1.40%,197.19,utb,参数二,"{""utb"": {""key_value"": 3, ""atr_period"": 14, ""use_ha"": false}, ""r&s"": {""srb_left"": 15, ""srb_right"": 15}, ""atr"": {""atr_length"": 14, ""atr_mult"": 1.0}}",,,1D,,,,,,
2026-10-05 00:00:00,IBTL,ISHARES IBONDS DEC 2031 TERM,Long,19.42,0.05%,19.32,mfa,参数一,"{""mfa"": {""mfa_all"": 19}}",200.0,-2.3,1D,,,,,,
2026-10-05 00:00:00,IBTL,ISHARES IBONDS DEC 2031 TERM,Long,19.42,0.05%,19.32,mfa,参数二,"{""mfa"": {""mfa_all"": 19}}",200.0,-2.3,1D,,,,,,
2026-10-05 00:00:00,BILD,NOMURA GLOBAL LISTED INFRAST,Long,27.68,0.01%,27.55,suf,参数一,"{""suf"": {""timeframe"": ""d""}}",200.0,-4.56,1D,,,,,,
2026-10-05 00:00:00,BILD,NOMURA GLOBAL LISTED INFRAST,Long,27.68,0.01%,27.55,suf,参数二,"{""suf"": {""timeframe"": ""d""}}",200.0,-4.56,1D,,,,,,
2026-10-05 00:00:00,TFX,TELEFLEX INC,Long,125.24,0.90%,119.36,mfa,参数一,"{""mfa"": {""mfa_all"": 17}}",200.0,1.37,1D,,,,,,
2026-10-05 00:00:00,TFX,TELEFLEX INC,Long,125.24,0.90%,119.36,mfa,参数二,"{""mfa"": {""mfa_all"": 17}}",200.0,1.37,1D,,,,,,
2026-10-05 00:00:00,CCPX,CORGI CHINA 2X DAILY,Long,20.97,3.76%,20.55,mfa,参数一,"{""mfa"": {""mfa_all"": 19}}",200.0,,1D,,,,,,
2026-10-05 00:00:00,CCPX,CORGI CHINA 2X DAILY,Long,20.97,3.76%,20.55,mfa,参数二,"{""mfa"": {""mfa_all"": 19}}",200.0,,1D,,,,,,
2026-10-05 00:00:00,CHIQ,GLOBAL X MSCI CHINA CONSUMER,Long,15.79,1.54%,15.32,suf,参数一,"{""suf"": {""timeframe"": ""d""}}",200.0,-16.65,1D,,,,,,
2026-10-05 00:00:00,CHIQ,GLOBAL X MSCI CHINA CONSUMER,Long,15.79,1.54%,15.32,suf,参数二,"{""suf"": {""timeframe"": ""d""}}",200.0,-16.65,1D,,,,,,
2026-10-05 00:00:00,IVOG,VANGUARD S&P MID-CAP 400 GRO,Long,140.3,0.67%,137.11,utb,参数一,"{""utb"": {""key_value"": 2.5, ""atr_period"": 14, ""use_ha"": false}, ""r&s"": {""srb_left"": 10, ""srb_right"": 10}, ""atr"": {""atr_length"": 14, ""atr_mult"": 1.0}}",,,1D,,,,,,
2026-10-05 00:00:00,BBLG,BONE BIOLOGICS CORP,Long,0.49,2.11%,0.42,suf,参数一,"{""suf"": {""timeframe"": ""d""}}",200.0,-58.91,1D,,,,,,
2026-10-05 00:00:00,BBLG,BONE BIOLOGICS CORP,Long,0.49,2.11%,0.42,suf,参数二,"{""suf"": {""timeframe"": ""d""}}",200.0,-58.91,1D,,,,,,
2026-10-05 00:00:00,LIND,LINDBLAD EXPEDITIONS HOLDING,Long,35.6,2.36%,33.2,sqz,参数一,"{""sqz"": {""bb_length"": 15, ""bb_mult"": 1.5, ""kc_length"": 15, ""kc_mult"": 1.2, ""min_sqz_bars"": 4}, ""r&s"": {""srb_left"": 10, ""srb_right"": 10}, ""atr"": {""atr_length"": 14, ""atr_mult"": 1.0}}",,,1D,一直亮绿,21.6-22.34-23.78-30.0-35.0,高-高-高-高,3.43%-6.45%-26.16%-16.67%,35.0,43.97
2026-10-05 00:00:00,LIND,LINDBLAD EXPEDITIONS HOLDING,Long,35.6,2.36%,33.2,sqz,参数二,"{""sqz"": {""bb_length"": 20, ""bb_mult"": 1.8, ""kc_length"": 20, ""kc_mult"": 1.5, ""min_sqz_bars"": 4}, ""r&s"": {""srb_left"": 15, ""srb_right"": 15}, ""atr"": {""atr_length"": 14, ""atr_mult"": 1.0}}",,,1D,一直亮绿,nan-21.23-30.0-35.0,低-高-高,nan%-41.31%-16.67%,35.0,43.97
2026-10-05 00:00:00,BNDW,VANGUARD TOTAL WORLD BOND ET,Short,65.7,-0.08%,66.0,sqz,参数一,"{""sqz"": {""bb_length"": 15, ""bb_mult"": 1.5, ""kc_length"": 15, ""kc_mult"": 1.2, ""min_sqz_bars"": 4}, ""r&s"": {""srb_left"": 10, ""srb_right"": 10}, ""atr"": {""atr_length"": 14, ""atr_mult"": 1.0}}",,,1D,一直释放,66.34-66.87-66.42-67.06-66.79,高-低-高-低,0.81%-0.67%-0.96%-0.40%,51.0,0.89
2026-10-05 00:00:00,NMIH,NMI HOLDINGS INC,Long,39.39,1.44%,37.58,suf,参数一,"{""suf"": {""timeframe"": ""d""}}",200.0,-1.96,1D,,,,,,
2026-10-05 00:00:00,NMIH,NMI HOLDINGS INC,Long,39.39,1.44%,37.58,suf,参数二,"{""suf"": {""timeframe"": ""d""}}",200.0,-1.96,1D,,,,,,
2026-10-05 00:00:00,SBAC,SBA COMMUNICATIONS CORP,Long,161.82,2.10%,151.68,suf,参数一,"{""suf"": {""timeframe"": ""d""}}",200.0,-14.38,1D,,,,,,
2026-10-05 00:00:00,SBAC,SBA COMMUNICATIONS CORP,Long,161.82,2.10%,151.68,suf,参数二,"{""suf"": {""timeframe"": ""d""}}",200.0,-14.38,1D,,,,,,
2026-10-05 00:00:00,VYX,NCR VOYIX CORP,Long,6.84,2.09%,6.19,mfa,参数一,"{""mfa"": {""mfa_all"": 15}}",200.0,-15.33,1D,,,,,,
2026-10-05 00:00:00,VYX,NCR VOYIX CORP,Long,6.84,2.09%,6.19,mfa,参数二,"{""mfa"": {""mfa_all"": 15}}",200.0,-15.33,1D,,,,,,
2026-10-05 00:00:00,OASC,ONEASCENT ENHANCED SMALL AND,Long,34.86,0.55%,34.3,utb,参数二,"{""utb"": {""key_value"": 3, ""atr_period"": 14, ""use_ha"": false}, ""r&s"": {""srb_left"": 15, ""srb_right"": 15}, ""atr"": {""atr_length"": 14, ""atr_mult"": 1.0}}",,,1D,,,,,,
2026-10-05 00:00:00,BUL,PACER US CASH COWS GROWTH,Long,61.35,0.50%,60.22,mfa,参数一,"{""mfa"": {""mfa_all"": 9}}",200.0,4.71,1D,,,,,,
2026-10-05 00:00:00,BUL,PACER US CASH COWS GROWTH,Long,61.35,0.50%,60.22,mfa,参数二,"{""mfa"": {""mfa_all"": 9}}",200.0,4.71,1D,,,,,,
2026-10-05 00:00:00,MAT,MATTEL INC,Long,16.05,5.11%,14.05,sqz,参数二,"{""sqz"": {""bb_length"": 20, ""bb_mult"": 1.8, ""kc_length"": 20, ""kc_mult"": 1.5, ""min_sqz_bars"": 4}, ""r&s"": {""srb_left"": 15, ""srb_right"": 15}, ""atr"": {""atr_length"": 14, ""atr_mult"": 1.0}}",,,1D,一直释放,nan-22.26-22.48-15.56-15.65,低-高-低-高,nan%-0.99%-30.78%-0.58%,42.0,26.21
2026-10-05 00:00:00,FWRG,FIRST WATCH RESTAURANT GROUP,Long,10.51,-0.57%,9.62,mfa,参数一,"{""mfa"": {""mfa_all"": 19}}",200.0,-18.15,1D,,,,,,
2026-10-05 00:00:00,FWRG,FIRST WATCH RESTAURANT GROUP,Long,10.51,-0.57%,9.62,mfa,参数二,"{""mfa"": {""mfa_all"": 19}}",200.0,-18.15,1D,,,,,,
2026-10-05 00:00:00,NUGO,NUVEEN GROWTH OPPORTUNITIES,Long,45.17,0.90%,44.36,sqz,参数二,"{""sqz"": {""bb_length"": 20, ""bb_mult"": 1.8, ""kc_length"": 20, ""kc_mult"": 1.5, ""min_sqz_bars"": 4}, ""r&s"": {""srb_left"": 15, ""srb_right"": 15}, ""atr"": {""atr_length"": 14, ""atr_mult"": 1.0}}",,,1D,一直亮绿,nan-40.43-44.54-44.83,低-高-高,nan%-10.17%-0.65%,36.0,6.3
2026-10-05 00:00:00,SCHW,SCHWAB (CHARLES) CORP,Long,97.96,1.30%,94.27,suf,参数一,"{""suf"": {""timeframe"": ""d""}}",200.0,0.08,1D,,,,,,
2026-10-05 00:00:00,SCHW,SCHWAB (CHARLES) CORP,Long,97.96,1.30%,94.27,suf,参数二,"{""suf"": {""timeframe"": ""d""}}",200.0,0.08,1D,,,,,,
2026-10-05 00:00:00,FLNT,FLUENT INC,Short,2.84,-4.70%,3.28,sqz,参数一,"{""sqz"": {""bb_length"": 15, ""bb_mult"": 1.5, ""kc_length"": 15, ""kc_mult"": 1.2, ""min_sqz_bars"": 4}, ""r&s"": {""srb_left"": 10, ""srb_right"": 10}, ""atr"": {""atr_length"": 14, ""atr_mult"": 1.0}}",,,1D,支撑释放,2.9-2.94-1.98-3.33-2.91,高-低-高-低,1.38%-32.65%-68.18%-12.61%,19.0,24.74
2026-10-05 00:00:00,FLNT,FLUENT INC,Short,2.84,-4.70%,3.28,sqz,参数二,"{""sqz"": {""bb_length"": 20, ""bb_mult"": 1.8, ""kc_length"": 20, ""kc_mult"": 1.5, ""min_sqz_bars"": 4}, ""r&s"": {""srb_left"": 15, ""srb_right"": 15}, ""atr"": {""atr_length"": 14, ""atr_mult"": 1.0}}",,,1D,支撑释放,2.9-2.94-1.98-3.33-2.91,高-低-高-低,1.38%-32.65%-68.18%-12.61%,19.0,24.74
2026-10-05 00:00:00,ESLA,ESTRELLA IMMUNOPHARMA INC,Short,0.44,-5.98%,0.52,sqz,参数二,"{""sqz"": {""bb_length"": 20, ""bb_mult"": 1.8, ""kc_length"": 20, ""kc_mult"": 1.5, ""min_sqz_bars"": 4}, ""r&s"": {""srb_left"": 15, ""srb_right"": 15}, ""atr"": {""atr_length"": 14, ""atr_mult"": 1.0}}",,,1D,一直释放,nan-0.9-0.97-0.68,低-高-低,nan%-7.78%-30.10%,44.0,25.37
2026-10-05 00:00:00,TSMY,YIELDMAX TSM OPT INC STRAT,Long,16.31,1.49%,15.84,sqz,参数二,"{""sqz"": {""bb_length"": 20, ""bb_mult"": 1.8, ""kc_length"": 20, ""kc_mult"": 1.5, ""min_sqz_bars"": 4}, ""r&s"": {""srb_left"": 15, ""srb_right"": 15}, ""atr"": {""atr_length"": 14, ""atr_mult"": 1.0}}",,,1D,一直亮绿,nan-12.19-13.42-16.11,低-高-高,nan%-10.10%-19.99%,67.0,22.33
2026-10-05 00:00:00,AGQI,FIRST TR ACT GLBL QLTY INC,Long,18.23,0.27%,18.01,mfa,参数一,"{""mfa"": {""mfa_all"": 14}}",200.0,3.0,1D,,,,,,
2026-10-05 00:00:00,AGQI,FIRST TR ACT GLBL QLTY INC,Long,18.23,0.27%,18.01,mfa,参数二,"{""mfa"": {""mfa_all"": 14}}",200.0,3.0,1D,,,,,,
2026-10-05 00:00:00,RSI,RUSH STREET INTERACTIVE INC,Long,20.99,4.90%,19.14,suf,参数一,"{""suf"": {""timeframe"": ""d""}}",200.0,-12.57,1D,,,,,,
2026-10-05 00:00:00,RSI,RUSH STREET INTERACTIVE INC,Long,20.99,4.90%,19.14,suf,参数二,"{""suf"": {""timeframe"": ""d""}}",200.0,-12.57,1D,,,,,,
2026-10-05 00:00:00,DSTL,DISTILLATE US FUNDAMENTAL ST,Long,64.69,0.65%,63.31,mfa,参数一,"{""mfa"": {""mfa_all"": 11}}",200.0,5.34,1D,,,,,,
2026-10-05 00:00:00,DSTL,DISTILLATE US FUNDAMENTAL ST,Long,64.69,0.65%,63.31,mfa,参数二,"{""mfa"": {""mfa_all"": 11}}",200.0,5.34,1D,,,,,,
2026-10-05 00:00:00,OPTX,SYNTEC OPTICS HOLDINGS INC,Long,9.8,7.22%,8.1,sqz,参数一,"{""sqz"": {""bb_length"": 15, ""bb_mult"": 1.5, ""kc_length"": 15, ""kc_mult"": 1.2, ""min_sqz_bars"": 4}, ""r&s"": {""srb_left"": 10, ""srb_right"": 10}, ""atr"": {""atr_length"": 14, ""atr_mult"": 1.0}}",,,1D,一直亮绿,6.7-9.15-12.2-14.92-9.25,高-高-高-低,36.57%-33.33%-22.30%-38.00%,34.0,49.92
2026-10-05 00:00:00,RNAZ,TRANSCODE THERAPEUTICS INC,Long,1.76,12.10%,1.32,suf,参数一,"{""suf"": {""timeframe"": ""d""}}",200.0,-73.76,1D,,,,,,
2026-10-05 00:00:00,RNAZ,TRANSCODE THERAPEUTICS INC,Long,1.76,12.10%,1.32,suf,参数二,"{""suf"": {""timeframe"": ""d""}}",200.0,-73.76,1D,,,,,,
2026-10-05 00:00:00,HSY,HERSHEY CO/THE,Long,161.01,0.51%,155.73,suf,参数一,"{""suf"": {""timeframe"": ""d""}}",200.0,-14.6,1D,,,,,,
2026-10-05 00:00:00,HSY,HERSHEY CO/THE,Long,161.01,0.51%,155.73,suf,参数二,"{""suf"": {""timeframe"": ""d""}}",200.0,-14.6,1D,,,,,,
2026-10-05 00:00:00,DLXY,DELIXY HOLDINGS LTD-A,Long,1.97,-2.24%,1.48,sqz,参数二,"{""sqz"": {""bb_length"": 20, ""bb_mult"": 1.8, ""kc_length"": 20, ""kc_mult"": 1.5, ""min_sqz_bars"": 4}, ""r&s"": {""srb_left"": 15, ""srb_right"": 15}, ""atr"": {""atr_length"": 14, ""atr_mult"": 1.0}}",,,1D,一直释放,1.12-1.64-0.99-0.68-0.47,高-低-低-低,46.43%-39.63%-31.31%-30.88%,34.0,34.29
2026-10-05 00:00:00,VCTR,VICTORY CAPITAL HOLDING - A,Long,115.28,1.81%,108.22,utb,参数一,"{""utb"": {""key_value"": 2.5, ""atr_period"": 14, ""use_ha"": false}, ""r&s"": {""srb_left"": 10, ""srb_right"": 10}, ""atr"": {""atr_length"": 14, ""atr_mult"": 1.0}}",,,1D,,,,,,
2026-10-05 00:00:00,ATR,APTARGROUP INC,Short,120.61,0.58%,123.73,sqz,参数一,"{""sqz"": {""bb_length"": 15, ""bb_mult"": 1.5, ""kc_length"": 15, ""kc_mult"": 1.2, ""min_sqz_bars"": 4}, ""r&s"": {""srb_left"": 10, ""srb_right"": 10}, ""atr"": {""atr_length"": 14, ""atr_mult"": 1.0}}",,,1D,支撑释放,121.05-119.41-110.56-129.56-120.74,低-低-高-低,1.35%-7.42%-17.19%-6.81%,17.0,4.56
2026-10-05 00:00:00,ATR,APTARGROUP INC,Long,120.61,0.58%,116.42,suf,参数一,"{""suf"": {""timeframe"": ""d""}}",200.0,-4.37,1D,,,,,,
2026-10-05 00:00:00,ATR,APTARGROUP INC,Long,120.61,0.58%,116.42,suf,参数二,"{""suf"": {""timeframe"": ""d""}}",200.0,-4.37,1D,,,,,,
2026-10-05 00:00:00,RYZ,RYERSON HOLDING CORP,Long,26.97,5.48%,24.76,utb,参数一,"{""utb"": {""key_value"": 2.5, ""atr_period"": 14, ""use_ha"": false}, ""r&s"": {""srb_left"": 10, ""srb_right"": 10}, ""atr"": {""atr_length"": 14, ""atr_mult"": 1.0}}",,,1D,,,,,,
2026-10-05 00:00:00,RYZ,RYERSON HOLDING CORP,Long,26.97,5.48%,24.76,sqz,参数一,"{""sqz"": {""bb_length"": 15, ""bb_mult"": 1.5, ""kc_length"": 15, ""kc_mult"": 1.2, ""min_sqz_bars"": 4}, ""r&s"": {""srb_left"": 10, ""srb_right"": 10}, ""atr"": {""atr_length"": 14, ""atr_mult"": 1.0}}",,,1D,压力释放,28.63-30.63-31.77-29.24-26.69,高-高-低-低,6.99%-3.73%-7.97%-8.72%,21.0,15.94
2026-10-05 00:00:00,RYZ,RYERSON HOLDING CORP,Long,26.97,5.48%,24.76,utb,参数二,"{""utb"": {""key_value"": 3, ""atr_period"": 14, ""use_ha"": false}, ""r&s"": {""srb_left"": 15, ""srb_right"": 15}, ""atr"": {""atr_length"": 14, ""atr_mult"": 1.0}}",,,1D,,,,,,
2026-10-05 00:00:00,MFEM,PIMCO RAFI DYNAMIC MULTI-FAC,Long,29.36,1.26%,28.9,sqz,参数一,"{""sqz"": {""bb_length"": 15, ""bb_mult"": 1.5, ""kc_length"": 15, ""kc_mult"": 1.2, ""min_sqz_bars"": 4}, ""r&s"": {""srb_left"": 10, ""srb_right"": 10}, ""atr"": {""atr_length"": 14, ""atr_mult"": 1.0}}",,,1D,一直亮绿,nan-27.36-30.16-29.27,低-高-低,nan%-10.22%-2.95%,18.0,5.71
2026-10-05 00:00:00,MYCL,STATE STREET MY2032 CORPORAT,Long,23.53,0.17%,23.45,mfa,参数一,"{""mfa"": {""mfa_all"": 24}}",200.0,-2.6,1D,,,,,,
2026-10-05 00:00:00,MYCL,STATE STREET MY2032 CORPORAT,Long,23.53,0.17%,23.45,mfa,参数二,"{""mfa"": {""mfa_all"": 24}}",200.0,-2.6,1D,,,,,,
2026-10-05 00:00:00,TPLC,TIMOTHY PLN US LRG/MID CAP,Long,49.4,0.90%,48.46,utb,参数一,"{""utb"": {""key_value"": 2.5, ""atr_period"": 14, ""use_ha"": false}, ""r&s"": {""srb_left"": 10, ""srb_right"": 10}, ""atr"": {""atr_length"": 14, ""atr_mult"": 1.0}}",,,1D,,,,,,
2026-10-05 00:00:00,SECZ,SECURITIZE CORP,Short,11.7,-9.93%,14.82,utb,参数二,"{""utb"": {""key_value"": 3, ""atr_period"": 14, ""use_ha"": false}, ""r&s"": {""srb_left"": 15, ""srb_right"": 15}, ""atr"": {""atr_length"": 14, ""atr_mult"": 1.0}}",,,1D,,,,,,
2026-10-05 00:00:00,ALL,ALLSTATE CORP,Long,224.71,0.43%,214.12,suf,参数一,"{""suf"": {""timeframe"": ""d""}}",200.0,0.7,1D,,,,,,
2026-10-05 00:00:00,ALL,ALLSTATE CORP,Long,224.71,0.43%,214.12,suf,参数二,"{""suf"": {""timeframe"": ""d""}}",200.0,0.7,1D,,,,,,
2026-10-05 00:00:00,SUPV,GRUPO SUPERVIELLE SA-SP ADR,Long,7.36,7.29%,6.74,suf,参数一,"{""suf"": {""timeframe"": ""d""}}",200.0,-22.54,1D,,,,,,
2026-10-05 00:00:00,SUPV,GRUPO SUPERVIELLE SA-SP ADR,Long,7.36,7.29%,6.74,suf,参数二,"{""suf"": {""timeframe"": ""d""}}",200.0,-22.54,1D,,,,,,
2026-10-05 00:00:00,GLPI,GAMING AND LEISURE PROPERTIE,Long,37.91,0.61%,36.63,suf,参数一,"{""suf"": {""timeframe"": ""d""}}",200.0,-13.02,1D,,,,,,
2026-10-05 00:00:00,GLPI,GAMING AND LEISURE PROPERTIE,Long,37.91,0.61%,36.63,suf,参数二,"{""suf"": {""timeframe"": ""d""}}",200.0,-13.02,1D,,,,,,
2026-10-05 00:00:00,ABT,ABBOTT LABORATORIES,Long,100.1,2.67%,95.02,suf,参数一,"{""suf"": {""timeframe"": ""d""}}",200.0,-2.84,1D,,,,,,
2026-10-05 00:00:00,ABT,ABBOTT LABORATORIES,Long,100.1,2.67%,95.02,suf,参数二,"{""suf"": {""timeframe"": ""d""}}",200.0,-2.84,1D,,,,,,
2026-10-05 00:00:00,SBS,CIA SANEAMENTO BASICO DE-ADR,Long,6.26,16.36%,5.96,sqz,参数一,"{""sqz"": {""bb_length"": 15, ""bb_mult"": 1.5, ""kc_length"": 15, ""kc_mult"": 1.2, ""min_sqz_bars"": 4}, ""r&s"": {""srb_left"": 10, ""srb_right"": 10}, ""atr"": {""atr_length"": 14, ""atr_mult"": 1.0}}",,,1D,压力释放,nan-6.09-7.16-6.09,低-高-低,nan%-17.49%-14.92%,60.0,36.85
2026-10-05 00:00:00,SBS,CIA SANEAMENTO BASICO DE-ADR,Long,6.26,16.36%,5.96,sqz,参数二,"{""sqz"": {""bb_length"": 20, ""bb_mult"": 1.8, ""kc_length"": 20, ""kc_mult"": 1.5, ""min_sqz_bars"": 4}, ""r&s"": {""srb_left"": 15, ""srb_right"": 15}, ""atr"": {""atr_length"": 14, ""atr_mult"": 1.0}}",,,1D,压力释放,nan-6.09-7.16-6.09,低-高-低,nan%-17.49%-14.92%,60.0,36.85
2026-10-05 00:00:00,PDSB,PDS BIOTECHNOLOGY CORP,Long,1.2,60.21%,0.64,sqz,参数一,"{""sqz"": {""bb_length"": 15, ""bb_mult"": 1.5, ""kc_length"": 15, ""kc_mult"": 1.2, ""min_sqz_bars"": 4}, ""r&s"": {""srb_left"": 10, ""srb_right"": 10}, ""atr"": {""atr_length"": 14, ""atr_mult"": 1.0}}",,,1D,一直释放,0.74-1.4-1.55-0.8-1.06,高-高-低-高,90.48%-10.71%-48.39%-32.50%,13.0,70.97
2026-10-05 00:00:00,PDSB,PDS BIOTECHNOLOGY CORP,Long,1.2,60.21%,0.64,sqz,参数二,"{""sqz"": {""bb_length"": 20, ""bb_mult"": 1.8, ""kc_length"": 20, ""kc_mult"": 1.5, ""min_sqz_bars"": 4}, ""r&s"": {""srb_left"": 15, ""srb_right"": 15}, ""atr"": {""atr_length"": 14, ""atr_mult"": 1.0}}",,,1D,一直释放,nan-1.15-1.4-1.55-0.8,低-高-高-低,nan%-21.74%-10.71%-48.39%,39.0,310.26
2026-10-05 00:00:00,DTSS,DATASEA INC,Short,0.68,-19.07%,1.14,utb,参数一,"{""utb"": {""key_value"": 2.5, ""atr_period"": 14, ""use_ha"": false}, ""r&s"": {""srb_left"": 10, ""srb_right"": 10}, ""atr"": {""atr_length"": 14, ""atr_mult"": 1.0}}",,,1D,,,,,,
2026-10-05 00:00:00,DKNG,DRAFTKINGS INC-CL A,Long,19.6,5.43%,17.77,suf,参数一,"{""suf"": {""timeframe"": ""d""}}",200.0,-23.57,1D,,,,,,
2026-10-05 00:00:00,DKNG,DRAFTKINGS INC-CL A,Long,19.6,5.43%,17.77,suf,参数二,"{""suf"": {""timeframe"": ""d""}}",200.0,-23.57,1D,,,,,,
2026-10-05 00:00:00,ECG,EVERUS CONSTRUCTION GROUP,Long,126.17,2.29%,115.81,utb,参数一,"{""utb"": {""key_value"": 2.5, ""atr_period"": 14, ""use_ha"": false}, ""r&s"": {""srb_left"": 10, ""srb_right"": 10}, ""atr"": {""atr_length"": 14, ""atr_mult"": 1.0}}",,,1D,,,,,,
2026-10-05 00:00:00,MTUS,METALLUS INC,Long,21.04,5.78%,19.45,utb,参数一,"{""utb"": {""key_value"": 2.5, ""atr_period"": 14, ""use_ha"": false}, ""r&s"": {""srb_left"": 10, ""srb_right"": 10}, ""atr"": {""atr_length"": 14, ""atr_mult"": 1.0}}",,,1D,,,,,,
2026-10-05 00:00:00,MTUS,METALLUS INC,Long,21.04,5.78%,19.45,utb,参数二,"{""utb"": {""key_value"": 3, ""atr_period"": 14, ""use_ha"": false}, ""r&s"": {""srb_left"": 15, ""srb_right"": 15}, ""atr"": {""atr_length"": 14, ""atr_mult"": 1.0}}",,,1D,,,,,,
2026-10-05 00:00:00,PBD,INVESCO GLOBAL CLEAN ENERGY,Long,16.97,-0.82%,16.6,mfa,参数一,"{""mfa"": {""mfa_all"": 15}}",200.0,-7.8,1D,,,,,,
2026-10-05 00:00:00,PBD,INVESCO GLOBAL CLEAN ENERGY,Long,16.97,-0.82%,16.6,mfa,参数二,"{""mfa"": {""mfa_all"": 15}}",200.0,-7.8,1D,,,,,,
2026-10-05 00:00:00,XLUX,CORGI US UTILITIES 2X DLY,Long,20.53,0.79%,19.58,mfa,参数一,"{""mfa"": {""mfa_all"": 46}}",200.0,,1D,,,,,,
2026-10-05 00:00:00,XLUX,CORGI US UTILITIES 2X DLY,Long,20.53,0.79%,19.58,mfa,参数二,"{""mfa"": {""mfa_all"": 46}}",200.0,,1D,,,,,,
2026-10-05 00:00:00,GOW,GOWELL ENERGY TECHNOLOGY,Long,4.33,11.89%,2.19,mfa,参数一,"{""mfa"": {""mfa_all"": 7}}",200.0,-57.06,1D,,,,,,
2026-10-05 00:00:00,GOW,GOWELL ENERGY TECHNOLOGY,Long,4.33,11.89%,2.19,mfa,参数二,"{""mfa"": {""mfa_all"": 7}}",200.0,-57.06,1D,,,,,,
2026-10-05 00:00:00,MDBH,MDB CAPITAL HOLDINGS LLC,Short,2.22,-7.50%,2.56,sqz,参数二,"{""sqz"": {""bb_length"": 20, ""bb_mult"": 1.8, ""kc_length"": 20, ""kc_mult"": 1.5, ""min_sqz_bars"": 4}, ""r&s"": {""srb_left"": 15, ""srb_right"": 15}, ""atr"": {""atr_length"": 14, ""atr_mult"": 1.0}}",,,1D,一直释放,nan-3.0-2.75-2.45-2.85,低-低-低-高,nan%-8.37%-10.88%-16.33%,43.0,13.33
2026-10-05 00:00:00,CLST,CATALYST BANCORP INC,Long,16.75,2.76%,16.33,suf,参数一,"{""suf"": {""timeframe"": ""d""}}",200.0,1.73,1D,,,,,,
2026-10-05 00:00:00,CLST,CATALYST BANCORP INC,Long,16.75,2.76%,16.33,suf,参数二,"{""suf"": {""timeframe"": ""d""}}",200.0,1.73,1D,,,,,,
2026-10-05 00:00:00,SVIA,SILVIA INC,Long,4.47,4.44%,3.79,sqz,参数一,"{""sqz"": {""bb_length"": 15, ""bb_mult"": 1.5, ""kc_length"": 15, ""kc_mult"": 1.2, ""min_sqz_bars"": 4}, ""r&s"": {""srb_left"": 10, ""srb_right"": 10}, ""atr"": {""atr_length"": 14, ""atr_mult"": 1.0}}",,,1D,一直释放,3.78-3.09-2.21-2.43-2.17,低-低-高-低,18.25%-28.48%-9.95%-10.70%,57.0,33.95
2026-10-05 00:00:00,GJUN,FT VEST US EQUITY MODERATE B,Long,42.24,0.23%,41.97,sqz,参数二,"{""sqz"": {""bb_length"": 20, ""bb_mult"": 1.8, ""kc_length"": 20, ""kc_mult"": 1.5, ""min_sqz_bars"": 4}, ""r&s"": {""srb_left"": 15, ""srb_right"": 15}, ""atr"": {""atr_length"": 14, ""atr_mult"": 1.0}}",,,1D,压力释放,nan-40.04-42.22,低-高,nan%-5.44%,19.0,1.61
2026-10-05 00:00:00,GTOS,INVESCO SHORT DURATION TOTAL,Long,24.64,0.02%,24.61,mfa,参数一,"{""mfa"": {""mfa_all"": 15}}",200.0,0.38,1D,,,,,,
2026-10-05 00:00:00,GTOS,INVESCO SHORT DURATION TOTAL,Long,24.64,0.02%,24.61,mfa,参数二,"{""mfa"": {""mfa_all"": 15}}",200.0,0.38,1D,,,,,,
2026-10-05 00:00:00,IDJL,CORGI INTL DEV EQ 15%-JUL,Long,24.69,0.12%,24.35,mfa,参数一,"{""mfa"": {""mfa_all"": 12}}",200.0,,1D,,,,,,
2026-10-05 00:00:00,IDJL,CORGI INTL DEV EQ 15%-JUL,Long,24.69,0.12%,24.35,mfa,参数二,"{""mfa"": {""mfa_all"": 12}}",200.0,,1D,,,,,,
2026-10-05 00:00:00,YSPC,YIELDMAX SPCX OPTI INC STRGY,Long,50.36,6.22%,45.89,sqz,参数一,"{""sqz"": {""bb_length"": 15, ""bb_mult"": 1.5, ""kc_length"": 15, ""kc_mult"": 1.2, ""min_sqz_bars"": 4}, ""r&s"": {""srb_left"": 10, ""srb_right"": 10}, ""atr"": {""atr_length"": 14, ""atr_mult"": 1.0}}",,,1D,压力释放,nan-47.08,低,nan%,36.0,14.29
2026-10-05 00:00:00,YSPC,YIELDMAX SPCX OPTI INC STRGY,Long,50.36,6.22%,45.89,sqz,参数二,"{""sqz"": {""bb_length"": 20, ""bb_mult"": 1.8, ""kc_length"": 20, ""kc_mult"": 1.5, ""min_sqz_bars"": 4}, ""r&s"": {""srb_left"": 15, ""srb_right"": 15}, ""atr"": {""atr_length"": 14, ""atr_mult"": 1.0}}",,,1D,压力释放,nan-47.08,低,nan%,36.0,14.29
2026-10-05 00:00:00,URBN,URBAN OUTFITTERS INC,Long,81.6,0.99%,77.26,utb,参数一,"{""utb"": {""key_value"": 2.5, ""atr_period"": 14, ""use_ha"": false}, ""r&s"": {""srb_left"": 10, ""srb_right"": 10}, ""atr"": {""atr_length"": 14, ""atr_mult"": 1.0}}",,,1D,,,,,,
2026-10-05 00:00:00,CCI,CROWN CASTLE INC,Long,67.58,1.72%,63.41,suf,参数一,"{""suf"": {""timeframe"": ""d""}}",200.0,-16.43,1D,,,,,,
2026-10-05 00:00:00,CCI,CROWN CASTLE INC,Long,67.58,1.72%,63.41,suf,参数二,"{""suf"": {""timeframe"": ""d""}}",200.0,-16.43,1D,,,,,,
2026-10-05 00:00:00,MSCI,MSCI INC,Long,552.35,3.06%,522.82,mfa,参数一,"{""mfa"": {""mfa_all"": 19}}",200.0,-3.03,1D,,,,,,
2026-10-05 00:00:00,MSCI,MSCI INC,Long,552.35,3.06%,522.82,mfa,参数二,"{""mfa"": {""mfa_all"": 19}}",200.0,-3.03,1D,,,,,,
2026-10-05 00:00:00,TOPP,TOPPOINT HOLDINGS INC,Short,0.11,-11.20%,0.14,sqz,参数一,"{""sqz"": {""bb_length"": 15, ""bb_mult"": 1.5, ""kc_length"": 15, ""kc_mult"": 1.2, ""min_sqz_bars"": 4}, ""r&s"": {""srb_left"": 10, ""srb_right"": 10}, ""atr"": {""atr_length"": 14, ""atr_mult"": 1.0}}",,,1D,一直亮红,0.67-0.68-0.73-0.78-0.12,高-高-高-低,1.49%-6.76%-7.44%-85.26%,21.0,44.35
2026-10-05 00:00:00,EDIT,EDITAS MEDICINE INC,Long,2.79,6.49%,2.37,mfa,参数一,"{""mfa"": {""mfa_all"": 8}}",200.0,5.7,1D,,,,,,
2026-10-05 00:00:00,EDIT,EDITAS MEDICINE INC,Long,2.79,6.49%,2.37,mfa,参数二,"{""mfa"": {""mfa_all"": 8}}",200.0,5.7,1D,,,,,,
2026-10-05 00:00:00,WSML,ISHARES MSCI WORLD SMALL CAP,Long,34.4,0.56%,33.71,mfa,参数一,"{""mfa"": {""mfa_all"": 8}}",200.0,2.95,1D,,,,,,
2026-10-05 00:00:00,WSML,ISHARES MSCI WORLD SMALL CAP,Long,34.4,0.56%,33.71,mfa,参数二,"{""mfa"": {""mfa_all"": 8}}",200.0,2.95,1D,,,,,,
2026-10-05 00:00:00,WDIG,WISDOMTREE EFF RARE EAR STR,Long,41.26,0.95%,40.2,mfa,参数一,"{""mfa"": {""mfa_all"": 6}}",200.0,,1D,,,,,,
2026-10-05 00:00:00,WDIG,WISDOMTREE EFF RARE EAR STR,Long,41.26,0.95%,40.2,mfa,参数二,"{""mfa"": {""mfa_all"": 6}}",200.0,,1D,,,,,,
2026-10-05 00:00:00,TACT,TRANSACT TECHNOLOGIES INC,Short,4.53,-5.82%,5.09,sqz,参数二,"{""sqz"": {""bb_length"": 20, ""bb_mult"": 1.8, ""kc_length"": 20, ""kc_mult"": 1.5, ""min_sqz_bars"": 4}, ""r&s"": {""srb_left"": 15, ""srb_right"": 15}, ""atr"": {""atr_length"": 14, ""atr_mult"": 1.0}}",,,1D,一直亮红,3.46-3.06-3.22-4.71-4.65,低-高-高-低,11.56%-5.23%-46.27%-1.27%,31.0,16.34
2026-10-05 00:00:00,XXI,TWENTY ONE CAPITAL INC-CL A,Long,6.68,1.21%,6.19,sqz,参数二,"{""sqz"": {""bb_length"": 20, ""bb_mult"": 1.8, ""kc_length"": 20, ""kc_mult"": 1.5, ""min_sqz_bars"": 4}, ""r&s"": {""srb_left"": 15, ""srb_right"": 15}, ""atr"": {""atr_length"": 14, ""atr_mult"": 1.0}}",,,1D,一直亮绿,nan-9.34-6.67,低-低,nan%-28.59%,26.0,28.27
2026-10-05 00:00:00,INDO,INDONESIA ENERGY CORP LTD,Long,2.78,4.12%,2.55,mfa,参数一,"{""mfa"": {""mfa_all"": 6}}",200.0,-17.12,1D,,,,,,
2026-10-05 00:00:00,INDO,INDONESIA ENERGY CORP LTD,Long,2.78,4.12%,2.55,mfa,参数二,"{""mfa"": {""mfa_all"": 6}}",200.0,-17.12,1D,,,,,,
2026-10-05 00:00:00,BRAI,BRAIIN LTD,Short,4.54,-1.94%,5.38,sqz,参数一,"{""sqz"": {""bb_length"": 15, ""bb_mult"": 1.5, ""kc_length"": 15, ""kc_mult"": 1.2, ""min_sqz_bars"": 4}, ""r&s"": {""srb_left"": 10, ""srb_right"": 10}, ""atr"": {""atr_length"": 14, ""atr_mult"": 1.0}}",,,1D,支撑释放,6.17-6.8-5.15-5.21-5.06,高-低-高-低,10.27%-24.26%-1.17%-2.88%,29.0,17.39
2026-10-05 00:00:00,BRAI,BRAIIN LTD,Short,4.54,-1.94%,5.38,sqz,参数二,"{""sqz"": {""bb_length"": 20, ""bb_mult"": 1.8, ""kc_length"": 20, ""kc_mult"": 1.5, ""min_sqz_bars"": 4}, ""r&s"": {""srb_left"": 15, ""srb_right"": 15}, ""atr"": {""atr_length"": 14, ""atr_mult"": 1.0}}",,,1D,支撑释放,nan-6.17-5.15-5.06,低-低-低,nan%-16.49%-1.75%,29.0,17.39
2026-10-05 00:00:00,J,JACOBS SOLUTIONS INC,Long,138.67,0.44%,133.27,mfa,参数一,"{""mfa"": {""mfa_all"": 8}}",200.0,4.6,1D,,,,,,
2026-10-05 00:00:00,J,JACOBS SOLUTIONS INC,Long,138.67,0.44%,133.27,mfa,参数二,"{""mfa"": {""mfa_all"": 8}}",200.0,4.6,1D,,,,,,
2026-10-05 00:00:00,EXTR,EXTREME NETWORKS INC,Long,23.33,0.91%,21.9,sqz,参数一,"{""sqz"": {""bb_length"": 15, ""bb_mult"": 1.5, ""kc_length"": 15, ""kc_mult"": 1.2, ""min_sqz_bars"": 4}, ""r&s"": {""srb_left"": 10, ""srb_right"": 10}, ""atr"": {""atr_length"": 14, ""atr_mult"": 1.0}}",,,1D,压力释放,nan-15.8-33.73-32.41-22.92,低-高-低-低,nan%-113.48%-3.91%-29.28%,12.0,10.4
2026-10-05 00:00:00,EXTR,EXTREME NETWORKS INC,Long,23.33,0.91%,21.9,mfa,参数一,"{""mfa"": {""mfa_all"": 43}}",200.0,8.89,1D,,,,,,
2026-10-05 00:00:00,EXTR,EXTREME NETWORKS INC,Long,23.33,0.91%,21.9,mfa,参数二,"{""mfa"": {""mfa_all"": 43}}",200.0,8.89,1D,,,,,,
2026-10-05 00:00:00,KNF,KNIFE RIVER CORP,Long,51.97,3.26%,46.74,suf,参数一,"{""suf"": {""timeframe"": ""d""}}",200.0,-31.92,1D,,,,,,
2026-10-05 00:00:00,KNF,KNIFE RIVER CORP,Long,51.97,3.26%,46.74,suf,参数二,"{""suf"": {""timeframe"": ""d""}}",200.0,-31.92,1D,,,,,,
2026-10-05 00:00:00,RL,RALPH LAUREN CORP,Long,365.54,0.60%,351.39,utb,参数二,"{""utb"": {""key_value"": 3, ""atr_period"": 14, ""use_ha"": false}, ""r&s"": {""srb_left"": 15, ""srb_right"": 15}, ""atr"": {""atr_length"": 14, ""atr_mult"": 1.0}}",,,1D,,,,,,
2026-10-05 00:00:00,CEFD,ETRACS 150% CL END FUND ETN,Short,17.59,-1.58%,18.22,sqz,参数一,"{""sqz"": {""bb_length"": 15, ""bb_mult"": 1.5, ""kc_length"": 15, ""kc_mult"": 1.2, ""min_sqz_bars"": 4}, ""r&s"": {""srb_left"": 10, ""srb_right"": 10}, ""atr"": {""atr_length"": 14, ""atr_mult"": 1.0}}",,,1D,一直释放,14.38-17.18-17.24-17.63-17.93,高-高-高-高,19.46%-0.40%-2.24%-1.70%,46.0,6.53
2026-10-05 00:00:00,AUSF,GLOBAL X ADAPTIVE US FACTOR,Long,49.07,0.47%,48.31,suf,参数一,"{""suf"": {""timeframe"": ""d""}}",200.0,0.11,1D,,,,,,
2026-10-05 00:00:00,AUSF,GLOBAL X ADAPTIVE US FACTOR,Long,49.07,0.47%,48.31,suf,参数二,"{""suf"": {""timeframe"": ""d""}}",200.0,0.11,1D,,,,,,
2026-10-05 00:00:00,SPLV,INVESCO S&P 500 LOW VOLATILI,Long,71.09,0.28%,69.81,suf,参数一,"{""suf"": {""timeframe"": ""d""}}",200.0,-3.21,1D,,,,,,
2026-10-05 00:00:00,SPLV,INVESCO S&P 500 LOW VOLATILI,Long,71.09,0.28%,69.81,suf,参数二,"{""suf"": {""timeframe"": ""d""}}",200.0,-3.21,1D,,,,,,
2026-10-05 00:00:00,FTCS,FIRST TRUST CAPITAL STRENGTH,Long,94.31,0.66%,92.41,suf,参数一,"{""suf"": {""timeframe"": ""d""}}",200.0,-0.9,1D,,,,,,
2026-10-05 00:00:00,FTCS,FIRST TRUST CAPITAL STRENGTH,Long,94.31,0.66%,92.41,suf,参数二,"{""suf"": {""timeframe"": ""d""}}",200.0,-0.9,1D,,,,,,
2026-10-05 00:00:00,HEWJ,ISHA CURR HEDGED MSCI JAPAN,Long,66.78,0.56%,65.69,sqz,参数二,"{""sqz"": {""bb_length"": 20, ""bb_mult"": 1.8, ""kc_length"": 20, ""kc_mult"": 1.5, ""min_sqz_bars"": 4}, ""r&s"": {""srb_left"": 15, ""srb_right"": 15}, ""atr"": {""atr_length"": 14, ""atr_mult"": 1.0}}",,,1D,一直亮绿,nan-60.61-66.56-66.72,低-高-高,nan%-9.81%-0.24%,36.0,5.85
2026-10-05 00:00:00,ZSB,USCF SUST BATTERY METAL FUND,Long,20.54,0.22%,20.36,mfa,参数一,"{""mfa"": {""mfa_all"": 16}}",200.0,-8.18,1D,,,,,,
2026-10-05 00:00:00,ZSB,USCF SUST BATTERY METAL FUND,Long,20.54,0.22%,20.36,suf,参数一,"{""suf"": {""timeframe"": ""d""}}",200.0,-8.18,1D,,,,,,
2026-10-05 00:00:00,ZSB,USCF SUST BATTERY METAL FUND,Long,20.54,0.22%,20.36,mfa,参数二,"{""mfa"": {""mfa_all"": 16}}",200.0,-8.18,1D,,,,,,
2026-10-05 00:00:00,ZSB,USCF SUST BATTERY METAL FUND,Long,20.54,0.22%,20.36,suf,参数二,"{""suf"": {""timeframe"": ""d""}}",200.0,-8.18,1D,,,,,,
2026-10-05 00:00:00,TAXM,BONDBLOXX IR+M TAX-AWARE MAS,Long,47.38,0.05%,47.09,mfa,参数一,"{""mfa"": {""mfa_all"": 24}}",200.0,-4.08,1D,,,,,,
2026-10-05 00:00:00,TAXM,BONDBLOXX IR+M TAX-AWARE MAS,Long,47.38,0.05%,47.09,mfa,参数二,"{""mfa"": {""mfa_all"": 24}}",200.0,-4.08,1D,,,,,,
2026-10-05 00:00:00,KBUF,KRANESHARES 90% KWEB DEFINED,Long,25.49,0.89%,25.34,suf,参数一,"{""suf"": {""timeframe"": ""d""}}",200.0,-9.36,1D,,,,,,
2026-10-05 00:00:00,KBUF,KRANESHARES 90% KWEB DEFINED,Long,25.49,0.89%,25.34,suf,参数二,"{""suf"": {""timeframe"": ""d""}}",200.0,-9.36,1D,,,,,,
2026-10-05 00:00:00,AMG,AFFILIATED MANAGERS GROUP,Long,380.7,2.50%,360.55,sqz,参数一,"{""sqz"": {""bb_length"": 15, ""bb_mult"": 1.5, ""kc_length"": 15, ""kc_mult"": 1.2, ""min_sqz_bars"": 4}, ""r&s"": {""srb_left"": 10, ""srb_right"": 10}, ""atr"": {""atr_length"": 14, ""atr_mult"": 1.0}}",,,1D,一直亮绿,317.79-363.88-382.74-392.91-376.75,高-高-高-低,14.50%-5.18%-2.66%-4.11%,25.0,10.85
2026-10-05 00:00:00,AMG,AFFILIATED MANAGERS GROUP,Long,380.7,2.50%,360.55,utb,参数二,"{""utb"": {""key_value"": 3, ""atr_period"": 14, ""use_ha"": false}, ""r&s"": {""srb_left"": 15, ""srb_right"": 15}, ""atr"": {""atr_length"": 14, ""atr_mult"": 1.0}}",,,1D,,,,,,
2026-10-05 00:00:00,RDVI,FT VEST RISING DIVIDEND ACHI,Long,28.25,0.32%,27.79,mfa,参数一,"{""mfa"": {""mfa_all"": 18}}",200.0,5.24,1D,,,,,,
2026-10-05 00:00:00,RDVI,FT VEST RISING DIVIDEND ACHI,Long,28.25,0.32%,27.79,mfa,参数二,"{""mfa"": {""mfa_all"": 18}}",200.0,5.24,1D,,,,,,
2026-10-05 00:00:00,RBLD,FIRST TRUST ALERIAN US NEXTG,Long,84.56,0.68%,83.73,utb,参数一,"{""utb"": {""key_value"": 2.5, ""atr_period"": 14, ""use_ha"": false}, ""r&s"": {""srb_left"": 10, ""srb_right"": 10}, ""atr"": {""atr_length"": 14, ""atr_mult"": 1.0}}",,,1D,,,,,,
2026-10-05 00:00:00,RBLD,FIRST TRUST ALERIAN US NEXTG,Long,84.56,0.68%,83.73,mfa,参数一,"{""mfa"": {""mfa_all"": 25}}",200.0,0.3,1D,,,,,,
2026-10-05 00:00:00,RBLD,FIRST TRUST ALERIAN US NEXTG,Long,84.56,0.68%,83.73,utb,参数二,"{""utb"": {""key_value"": 3, ""atr_period"": 14, ""use_ha"": false}, ""r&s"": {""srb_left"": 15, ""srb_right"": 15}, ""atr"": {""atr_length"": 14, ""atr_mult"": 1.0}}",,,1D,,,,,,
2026-10-05 00:00:00,RBLD,FIRST TRUST ALERIAN US NEXTG,Long,84.56,0.68%,83.73,mfa,参数二,"{""mfa"": {""mfa_all"": 25}}",200.0,0.3,1D,,,,,,
2026-10-05 00:00:00,PATH,UIPATH INC - CLASS A,Long,13.16,0.30%,12.09,mfa,参数一,"{""mfa"": {""mfa_all"": 9}}",200.0,3.92,1D,,,,,,
2026-10-05 00:00:00,PATH,UIPATH INC - CLASS A,Long,13.16,0.30%,12.09,mfa,参数二,"{""mfa"": {""mfa_all"": 9}}",200.0,3.92,1D,,,,,,
2026-10-05 00:00:00,BZ,KANZHUN LTD - ADR,Long,15.1,1.82%,14.18,utb,参数一,"{""utb"": {""key_value"": 2.5, ""atr_period"": 14, ""use_ha"": false}, ""r&s"": {""srb_left"": 10, ""srb_right"": 10}, ""atr"": {""atr_length"": 14, ""atr_mult"": 1.0}}",,,1D,,,,,,
2026-10-05 00:00:00,QNC,QUANTUM EMOTION CORP,Short,1.64,3.14%,1.88,sqz,参数一,"{""sqz"": {""bb_length"": 15, ""bb_mult"": 1.5, ""kc_length"": 15, ""kc_mult"": 1.2, ""min_sqz_bars"": 4}, ""r&s"": {""srb_left"": 10, ""srb_right"": 10}, ""atr"": {""atr_length"": 14, ""atr_mult"": 1.0}}",,,1D,支撑释放,2.57-2.6-2.72-1.91-1.64,高-高-低-低,1.17%-4.62%-29.78%-14.14%,15.0,34.76
2026-10-05 00:00:00,SBET,SHARPLINK INC,Long,9.59,2.57%,8.82,sqz,参数二,"{""sqz"": {""bb_length"": 20, ""bb_mult"": 1.8, ""kc_length"": 20, ""kc_mult"": 1.5, ""min_sqz_bars"": 4}, ""r&s"": {""srb_left"": 15, ""srb_right"": 15}, ""atr"": {""atr_length"": 14, ""atr_mult"": 1.0}}",,,1D,一直释放,nan-11.1-8.41-8.09-8.01,低-低-低-低,nan%-24.23%-3.80%-0.99%,101.0,79.6
2026-10-05 00:00:00,FMDE,FIDELITY ENHANCED MID CAP CO,Long,41.33,0.83%,40.46,utb,参数一,"{""utb"": {""key_value"": 2.5, ""atr_period"": 14, ""use_ha"": false}, ""r&s"": {""srb_left"": 10, ""srb_right"": 10}, ""atr"": {""atr_length"": 14, ""atr_mult"": 1.0}}",,,1D,,,,,,
2026-10-05 00:00:00,PBR,PETROLEO BRASILEIRO-SPON ADR,Long,24.14,11.50%,22.77,sqz,参数一,"{""sqz"": {""bb_length"": 15, ""bb_mult"": 1.5, ""kc_length"": 15, ""kc_mult"": 1.2, ""min_sqz_bars"": 4}, ""r&s"": {""srb_left"": 10, ""srb_right"": 10}, ""atr"": {""atr_length"": 14, ""atr_mult"": 1.0}}",,,1D,压力释放,nan-21.13-21.44-18.91-21.99,低-高-低-高,nan%-1.45%-11.83%-16.32%,14.0,8.86
2026-10-05 00:00:00,SVIV,SPRING VALLEY ACQUISITIO-A,Long,10.09,0.00%,10.07,mfa,参数一,"{""mfa"": {""mfa_all"": 13}}",200.0,,1D,,,,,,
2026-10-05 00:00:00,SVIV,SPRING VALLEY ACQUISITIO-A,Long,10.09,0.00%,10.07,mfa,参数二,"{""mfa"": {""mfa_all"": 13}}",200.0,,1D,,,,,,
2026-10-05 00:00:00,CGUS,CAP GROUP CORE EQUITY,Long,45.29,0.78%,44.58,utb,参数二,"{""utb"": {""key_value"": 3, ""atr_period"": 14, ""use_ha"": false}, ""r&s"": {""srb_left"": 15, ""srb_right"": 15}, ""atr"": {""atr_length"": 14, ""atr_mult"": 1.0}}",,,1D,,,,,,
2026-10-05 00:00:00,TEAD,TEADS HOLDING CO,Long,0.57,1.25%,0.47,utb,参数一,"{""utb"": {""key_value"": 2.5, ""atr_period"": 14, ""use_ha"": false}, ""r&s"": {""srb_left"": 10, ""srb_right"": 10}, ""atr"": {""atr_length"": 14, ""atr_mult"": 1.0}}",,,1D,,,,,,
2026-10-05 00:00:00,GMAY,FT VEST U.S. EQUITY MODERATE,Long,44.21,0.20%,43.92,sqz,参数一,"{""sqz"": {""bb_length"": 15, ""bb_mult"": 1.5, ""kc_length"": 15, ""kc_mult"": 1.2, ""min_sqz_bars"": 4}, ""r&s"": {""srb_left"": 10, ""srb_right"": 10}, ""atr"": {""atr_length"": 14, ""atr_mult"": 1.0}}",,,1D,压力释放,nan-41.78-44.99-43.4-44.14,低-高-低-高,nan%-7.68%-3.53%-1.71%,35.0,2.97
2026-10-05 00:00:00,MOBI,MOBIA MEDICAL INC,Long,9.59,4.47%,7.95,mfa,参数一,"{""mfa"": {""mfa_all"": 18}}",200.0,,1D,,,,,,
2026-10-05 00:00:00,MOBI,MOBIA MEDICAL INC,Long,9.59,4.47%,7.95,mfa,参数二,"{""mfa"": {""mfa_all"": 18}}",200.0,,1D,,,,,,
2026-10-05 00:00:00,SIHY,HARBOR ARES SYSTEMT HI YD-US,Long,44.07,0.16%,43.72,suf,参数一,"{""suf"": {""timeframe"": ""d""}}",200.0,-0.29,1D,,,,,,
2026-10-05 00:00:00,SIHY,HARBOR ARES SYSTEMT HI YD-US,Long,44.07,0.16%,43.72,suf,参数二,"{""suf"": {""timeframe"": ""d""}}",200.0,-0.29,1D,,,,,,
2026-10-05 00:00:00,PSCI,INVESCO S&P SMALLCAP INDUSTR,Long,164.75,0.49%,161.88,utb,参数一,"{""utb"": {""key_value"": 2.5, ""atr_period"": 14, ""use_ha"": false}, ""r&s"": {""srb_left"": 10, ""srb_right"": 10}, ""atr"": {""atr_length"": 14, ""atr_mult"": 1.0}}",,,1D,,,,,,
2026-10-05 00:00:00,GYLD,ARROW DOW JONES GLOBAL YIELD,Short,13.33,0.08%,13.68,sqz,参数二,"{""sqz"": {""bb_length"": 20, ""bb_mult"": 1.8, ""kc_length"": 20, ""kc_mult"": 1.5, ""min_sqz_bars"": 4}, ""r&s"": {""srb_left"": 15, ""srb_right"": 15}, ""atr"": {""atr_length"": 14, ""atr_mult"": 1.0}}",,,1D,支撑释放,nan-12.34-13.04-13.41-13.52,低-高-高-高,nan%-5.69%-2.83%-0.77%,71.0,9.57
2026-10-05 00:00:00,EP,EMPIRE PETROLEUM CORP,Long,2.68,2.68%,2.34,utb,参数二,"{""utb"": {""key_value"": 3, ""atr_period"": 14, ""use_ha"": false}, ""r&s"": {""srb_left"": 15, ""srb_right"": 15}, ""atr"": {""atr_length"": 14, ""atr_mult"": 1.0}}",,,1D,,,,,,
2026-10-05 00:00:00,QB,PROSHARES NDX DYNAMIC BUFFER,Long,49.47,0.28%,49.29,sqz,参数二,"{""sqz"": {""bb_length"": 20, ""bb_mult"": 1.8, ""kc_length"": 20, ""kc_mult"": 1.5, ""min_sqz_bars"": 4}, ""r&s"": {""srb_left"": 15, ""srb_right"": 15}, ""atr"": {""atr_length"": 14, ""atr_mult"": 1.0}}",,,1D,一直释放,nan-42.72-43.28-49.2,低-高-高,nan%-1.31%-13.67%,39.0,1.57
2026-10-05 00:00:00,SCZ,ISHARES MSCI EAFE SMALL-CAP,Long,84.34,0.02%,82.74,mfa,参数一,"{""mfa"": {""mfa_all"": 8}}",200.0,2.34,1D,,,,,,
2026-10-05 00:00:00,SCZ,ISHARES MSCI EAFE SMALL-CAP,Long,84.34,0.02%,82.74,mfa,参数二,"{""mfa"": {""mfa_all"": 8}}",200.0,2.34,1D,,,,,,
2026-10-05 00:00:00,VINP,VINCI COMPASS INVESTMENTS LT,Long,10.72,13.44%,9.6,sqz,参数一,"{""sqz"": {""bb_length"": 15, ""bb_mult"": 1.5, ""kc_length"": 15, ""kc_mult"": 1.2, ""min_sqz_bars"": 4}, ""r&s"": {""srb_left"": 10, ""srb_right"": 10}, ""atr"": {""atr_length"": 14, ""atr_mult"": 1.0}}",,,1D,压力释放,11.28-10.61-10.16-10.03-10.0,低-低-低-低,5.95%-4.23%-1.29%-0.30%,21.0,9.53
2026-10-05 00:00:00,VINP,VINCI COMPASS INVESTMENTS LT,Long,10.72,13.44%,9.6,sqz,参数二,"{""sqz"": {""bb_length"": 20, ""bb_mult"": 1.8, ""kc_length"": 20, ""kc_mult"": 1.5, ""min_sqz_bars"": 4}, ""r&s"": {""srb_left"": 15, ""srb_right"": 15}, ""atr"": {""atr_length"": 14, ""atr_mult"": 1.0}}",,,1D,压力释放,12.93-11.28-10.61-10.16-10.03,低-低-低-低,12.78%-5.95%-4.23%-1.29%,40.0,11.1
2026-10-05 00:00:00,BNKK,BONK INC,Short,1.53,-12.57%,1.99,utb,参数一,"{""utb"": {""key_value"": 2.5, ""atr_period"": 14, ""use_ha"": false}, ""r&s"": {""srb_left"": 10, ""srb_right"": 10}, ""atr"": {""atr_length"": 14, ""atr_mult"": 1.0}}",,,1D,,,,,,
2026-10-05 00:00:00,NWG,NATWEST GROUP PLC -SPON ADR,Long,17.5,-0.96%,16.99,mfa,参数一,"{""mfa"": {""mfa_all"": 9}}",200.0,5.15,1D,,,,,,
2026-10-05 00:00:00,NWG,NATWEST GROUP PLC -SPON ADR,Long,17.5,-0.96%,16.99,mfa,参数二,"{""mfa"": {""mfa_all"": 9}}",200.0,5.15,1D,,,,,,
2026-10-05 00:00:00,CSHR,COINSHARES PLC,Short,4.84,-2.22%,5.35,utb,参数一,"{""utb"": {""key_value"": 2.5, ""atr_period"": 14, ""use_ha"": false}, ""r&s"": {""srb_left"": 10, ""srb_right"": 10}, ""atr"": {""atr_length"": 14, ""atr_mult"": 1.0}}",,,1D,,,,,,
2026-10-05 00:00:00,HOS,HORNBECK OFFSHORE SERVICES I,Long,7.85,3.43%,7.25,suf,参数一,"{""suf"": {""timeframe"": ""d""}}",200.0,-12.79,1D,,,,,,
2026-10-05 00:00:00,HOS,HORNBECK OFFSHORE SERVICES I,Long,7.85,3.43%,7.25,suf,参数二,"{""suf"": {""timeframe"": ""d""}}",200.0,-12.79,1D,,,,,,
2026-10-05 00:00:00,MYMI,STATE STREET MY2029 MUNICIPA,Long,23.84,-0.02%,23.76,mfa,参数一,"{""mfa"": {""mfa_all"": 23}}",200.0,-1.98,1D,,,,,,
2026-10-05 00:00:00,MYMI,STATE STREET MY2029 MUNICIPA,Long,23.84,-0.02%,23.76,mfa,参数二,"{""mfa"": {""mfa_all"": 23}}",200.0,-1.98,1D,,,,,,
2026-10-05 00:00:00,MNKD,MANNKIND CORP,Long,3.82,0.53%,3.48,mfa,参数一,"{""mfa"": {""mfa_all"": 15}}",200.0,-3.8,1D,,,,,,
2026-10-05 00:00:00,MNKD,MANNKIND CORP,Long,3.82,0.53%,3.48,mfa,参数二,"{""mfa"": {""mfa_all"": 15}}",200.0,-3.8,1D,,,,,,
2026-10-05 00:00:00,LCNB,LCNB CORPORATION,Long,18.92,-0.11%,18.26,mfa,参数一,"{""mfa"": {""mfa_all"": 11}}",200.0,10.03,1D,,,,,,
2026-10-05 00:00:00,LCNB,LCNB CORPORATION,Long,18.92,-0.11%,18.26,mfa,参数二,"{""mfa"": {""mfa_all"": 11}}",200.0,10.03,1D,,,,,,
2026-10-05 00:00:00,BFAM,BRIGHT HORIZONS FAMILY SOLUT,Long,64.21,-0.08%,61.73,mfa,参数一,"{""mfa"": {""mfa_all"": 21}}",200.0,-16.85,1D,,,,,,
2026-10-05 00:00:00,BFAM,BRIGHT HORIZONS FAMILY SOLUT,Long,64.21,-0.08%,61.73,mfa,参数二,"{""mfa"": {""mfa_all"": 21}}",200.0,-16.85,1D,,,,,,
2026-10-05 00:00:00,SRBK,SR BANCORP INC,Long,18.56,0.32%,17.88,suf,参数一,"{""suf"": {""timeframe"": ""d""}}",200.0,2.56,1D,,,,,,
2026-10-05 00:00:00,SRBK,SR BANCORP INC,Long,18.56,0.32%,17.88,suf,参数二,"{""suf"": {""timeframe"": ""d""}}",200.0,2.56,1D,,,,,,
2026-10-05 00:00:00,TOLZ,PROSHARES GLB INFRASTRUCTURE,Long,55.05,0.29%,54.12,suf,参数一,"{""suf"": {""timeframe"": ""d""}}",200.0,-4.97,1D,,,,,,
2026-10-05 00:00:00,TOLZ,PROSHARES GLB INFRASTRUCTURE,Long,55.05,0.29%,54.12,suf,参数二,"{""suf"": {""timeframe"": ""d""}}",200.0,-4.97,1D,,,,,,
2026-10-05 00:00:00,RESM,COLUMBIA RESEAR ENH SM CAP,Long,23.47,0.74%,23.28,utb,参数一,"{""utb"": {""key_value"": 2.5, ""atr_period"": 14, ""use_ha"": false}, ""r&s"": {""srb_left"": 10, ""srb_right"": 10}, ""atr"": {""atr_length"": 14, ""atr_mult"": 1.0}}",,,1D,,,,,,
2026-10-05 00:00:00,RESM,COLUMBIA RESEAR ENH SM CAP,Long,23.47,0.74%,23.28,mfa,参数一,"{""mfa"": {""mfa_all"": 18}}",200.0,4.54,1D,,,,,,
2026-10-05 00:00:00,RESM,COLUMBIA RESEAR ENH SM CAP,Long,23.47,0.74%,23.28,utb,参数二,"{""utb"": {""key_value"": 3, ""atr_period"": 14, ""use_ha"": false}, ""r&s"": {""srb_left"": 15, ""srb_right"": 15}, ""atr"": {""atr_length"": 14, ""atr_mult"": 1.0}}",,,1D,,,,,,
2026-10-05 00:00:00,RESM,COLUMBIA RESEAR ENH SM CAP,Long,23.47,0.74%,23.28,mfa,参数二,"{""mfa"": {""mfa_all"": 18}}",200.0,4.54,1D,,,,,,
2026-10-05 00:00:00,WDEF,WT EUROPE DEFENSED FD,Long,28.04,1.12%,27.32,suf,参数一,"{""suf"": {""timeframe"": ""d""}}",200.0,-8.75,1D,,,,,,
2026-10-05 00:00:00,WDEF,WT EUROPE DEFENSED FD,Long,28.04,1.12%,27.32,suf,参数二,"{""suf"": {""timeframe"": ""d""}}",200.0,-8.75,1D,,,,,,
2026-10-05 00:00:00,REAI,TIDAL TRUST I INTELLIGENT RE,Long,19.74,0.10%,19.63,mfa,参数一,"{""mfa"": {""mfa_all"": 25}}",200.0,-3.29,1D,,,,,,
2026-10-05 00:00:00,REAI,TIDAL TRUST I INTELLIGENT RE,Long,19.74,0.10%,19.63,mfa,参数二,"{""mfa"": {""mfa_all"": 25}}",200.0,-3.29,1D,,,,,,
2026-10-05 00:00:00,PLTK,PLAYTIKA HOLDING CORP,Long,2.18,0.00%,2.03,mfa,参数一,"{""mfa"": {""mfa_all"": 6}}",200.0,-32.92,1D,,,,,,
2026-10-05 00:00:00,PLTK,PLAYTIKA HOLDING CORP,Long,2.18,0.00%,2.03,mfa,参数二,"{""mfa"": {""mfa_all"": 6}}",200.0,-32.92,1D,,,,,,
2026-10-05 00:00:00,FVRR,FIVERR INTERNATIONAL LTD,Long,8.59,0.59%,8.16,mfa,参数一,"{""mfa"": {""mfa_all"": 12}}",200.0,-26.53,1D,,,,,,
2026-10-05 00:00:00,FVRR,FIVERR INTERNATIONAL LTD,Long,8.59,0.59%,8.16,mfa,参数二,"{""mfa"": {""mfa_all"": 12}}",200.0,-26.53,1D,,,,,,
2026-10-05 00:00:00,GTEK,GS FUTURE TECH LEADERS EQ,Long,61.88,1.36%,60.37,sqz,参数一,"{""sqz"": {""bb_length"": 15, ""bb_mult"": 1.5, ""kc_length"": 15, ""kc_mult"": 1.2, ""min_sqz_bars"": 4}, ""r&s"": {""srb_left"": 10, ""srb_right"": 10}, ""atr"": {""atr_length"": 14, ""atr_mult"": 1.0}}",,,1D,一直亮绿,44.36-42.83-61.97-63.22-61.08,低-高-高-低,3.44%-44.67%-2.02%-3.39%,34.0,11.49
2026-10-05 00:00:00,GTEK,GS FUTURE TECH LEADERS EQ,Long,61.88,1.36%,60.37,sqz,参数二,"{""sqz"": {""bb_length"": 20, ""bb_mult"": 1.8, ""kc_length"": 20, ""kc_mult"": 1.5, ""min_sqz_bars"": 4}, ""r&s"": {""srb_left"": 15, ""srb_right"": 15}, ""atr"": {""atr_length"": 14, ""atr_mult"": 1.0}}",,,1D,一直亮绿,nan-43.78-44.36-63.22-61.08,低-高-高-低,nan%-1.32%-42.52%-3.39%,34.0,11.49
2026-10-05 00:00:00,CENX,CENTURY ALUMINUM COMPANY,Long,36.94,3.71%,33.86,suf,参数一,"{""suf"": {""timeframe"": ""d""}}",200.0,-26.88,1D,,,,,,
2026-10-05 00:00:00,CENX,CENTURY ALUMINUM COMPANY,Long,36.94,3.71%,33.86,suf,参数二,"{""suf"": {""timeframe"": ""d""}}",200.0,-26.88,1D,,,,,,
2026-10-05 00:00:00,USIN,WT 7-10 YR LDR TRSY FD,Long,46.79,-0.11%,46.57,mfa,参数一,"{""mfa"": {""mfa_all"": 24}}",200.0,-4.18,1D,,,,,,
2026-10-05 00:00:00,USIN,WT 7-10 YR LDR TRSY FD,Long,46.79,-0.11%,46.57,mfa,参数二,"{""mfa"": {""mfa_all"": 24}}",200.0,-4.18,1D,,,,,,
2026-10-05 00:00:00,TDOC,TELADOC HEALTH INC,Long,5.79,4.89%,5.23,suf,参数一,"{""suf"": {""timeframe"": ""d""}}",200.0,-11.7,1D,,,,,,
2026-10-05 00:00:00,TDOC,TELADOC HEALTH INC,Long,5.79,4.89%,5.23,suf,参数二,"{""suf"": {""timeframe"": ""d""}}",200.0,-11.7,1D,,,,,,
2026-10-05 00:00:00,BKKT,BAKKT INC,Short,7.57,-2.32%,8.56,utb,参数二,"{""utb"": {""key_value"": 3, ""atr_period"": 14, ""use_ha"": false}, ""r&s"": {""srb_left"": 15, ""srb_right"": 15}, ""atr"": {""atr_length"": 14, ""atr_mult"": 1.0}}",,,1D,,,,,,
2026-10-05 00:00:00,FMST,FOREMOST CLEAN ENERGY LTD,Short,0.54,-7.51%,0.68,sqz,参数二,"{""sqz"": {""bb_length"": 20, ""bb_mult"": 1.8, ""kc_length"": 20, ""kc_mult"": 1.5, ""min_sqz_bars"": 4}, ""r&s"": {""srb_left"": 15, ""srb_right"": 15}, ""atr"": {""atr_length"": 14, ""atr_mult"": 1.0}}",,,1D,一直释放,nan-1.73-1.54-1.33,低-低-低,nan%-10.98%-13.64%,66.0,52.63
2026-10-05 00:00:00,DBD,DIEBOLD NIXDORF INC,Long,65.63,2.92%,61.59,utb,参数一,"{""utb"": {""key_value"": 2.5, ""atr_period"": 14, ""use_ha"": false}, ""r&s"": {""srb_left"": 10, ""srb_right"": 10}, ""atr"": {""atr_length"": 14, ""atr_mult"": 1.0}}",,,1D,,,,,,
2026-10-05 00:00:00,ACI,ALBERTSONS COS INC - CLASS A,Short,11.51,-2.04%,12.14,sqz,参数一,"{""sqz"": {""bb_length"": 15, ""bb_mult"": 1.5, ""kc_length"": 15, ""kc_mult"": 1.2, ""min_sqz_bars"": 4}, ""r&s"": {""srb_left"": 10, ""srb_right"": 10}, ""atr"": {""atr_length"": 14, ""atr_mult"": 1.0}}",,,1D,一直亮红,15.54-15.31-12.97-10.86-11.63,低-低-低-高,1.48%-15.31%-16.29%-7.12%,17.0,12.04
2026-10-05 00:00:00,PID,INVESCO INTERNATIONAL DIVIDE,Long,21.48,1.13%,21.18,suf,参数一,"{""suf"": {""timeframe"": ""d""}}",200.0,-3.5,1D,,,,,,
2026-10-05 00:00:00,PID,INVESCO INTERNATIONAL DIVIDE,Long,21.48,1.13%,21.18,suf,参数二,"{""suf"": {""timeframe"": ""d""}}",200.0,-3.5,1D,,,,,,
2026-10-05 00:00:00,BUDA,BUDA JUICE INC,Long,7.2,-6.61%,6.68,mfa,参数一,"{""mfa"": {""mfa_all"": 11}}",200.0,,1D,,,,,,
2026-10-05 00:00:00,BUDA,BUDA JUICE INC,Long,7.2,-6.61%,6.68,mfa,参数二,"{""mfa"": {""mfa_all"": 11}}",200.0,,1D,,,,,,
2026-10-05 00:00:00,BJRI,BJ'S RESTAURANTS INC,Long,61.66,-0.44%,58.53,mfa,参数一,"{""mfa"": {""mfa_all"": 24}}",200.0,25.39,1D,,,,,,
2026-10-05 00:00:00,BJRI,BJ'S RESTAURANTS INC,Long,61.66,-0.44%,58.53,mfa,参数二,"{""mfa"": {""mfa_all"": 24}}",200.0,25.39,1D,,,,,,
2026-10-05 00:00:00,IYG,ISHARES U.S. FINANCIAL SERVI,Long,90.76,0.65%,88.79,suf,参数一,"{""suf"": {""timeframe"": ""d""}}",200.0,0.82,1D,,,,,,
2026-10-05 00:00:00,IYG,ISHARES U.S. FINANCIAL SERVI,Long,90.76,0.65%,88.79,suf,参数二,"{""suf"": {""timeframe"": ""d""}}",200.0,0.82,1D,,,,,,
2026-10-05 00:00:00,IDAU,CORGI INTL DEV EQ 15%-AUG,Long,24.29,0.21%,24.16,mfa,参数一,"{""mfa"": {""mfa_all"": 8}}",200.0,,1D,,,,,,
2026-10-05 00:00:00,IDAU,CORGI INTL DEV EQ 15%-AUG,Long,24.29,0.21%,24.16,mfa,参数二,"{""mfa"": {""mfa_all"": 8}}",200.0,,1D,,,,,,
2026-10-05 00:00:00,CNX,CNX RESOURCES CORP,Long,32.24,2.35%,30.23,suf,参数一,"{""suf"": {""timeframe"": ""d""}}",200.0,-11.7,1D,,,,,,
2026-10-05 00:00:00,CNX,CNX RESOURCES CORP,Long,32.24,2.35%,30.23,suf,参数二,"{""suf"": {""timeframe"": ""d""}}",200.0,-11.7,1D,,,,,,
2026-10-05 00:00:00,CWCO,CONSOLIDATED WATER CO-ORD SH,Long,30.32,0.56%,28.9,mfa,参数一,"{""mfa"": {""mfa_all"": 20}}",200.0,-5.07,1D,,,,,,
2026-10-05 00:00:00,CWCO,CONSOLIDATED WATER CO-ORD SH,Long,30.32,0.56%,28.9,mfa,参数二,"{""mfa"": {""mfa_all"": 20}}",200.0,-5.07,1D,,,,,,
2026-10-05 00:00:00,DFH,DREAM FINDERS HOMES INC - A,Short,9.88,-8.09%,11.42,sqz,参数一,"{""sqz"": {""bb_length"": 15, ""bb_mult"": 1.5, ""kc_length"": 15, ""kc_mult"": 1.2, ""min_sqz_bars"": 4}, ""r&s"": {""srb_left"": 10, ""srb_right"": 10}, ""atr"": {""atr_length"": 14, ""atr_mult"": 1.0}}",,,1D,一直释放,16.59-17.78-13.22-12.2-12.5,高-低-低-高,7.17%-25.65%-7.72%-2.46%,45.0,29.12
2026-10-05 00:00:00,SAFX,XCF GLOBAL INC-A,Short,0.3,-8.81%,0.37,sqz,参数一,"{""sqz"": {""bb_length"": 15, ""bb_mult"": 1.5, ""kc_length"": 15, ""kc_mult"": 1.2, ""min_sqz_bars"": 4}, ""r&s"": {""srb_left"": 10, ""srb_right"": 10}, ""atr"": {""atr_length"": 14, ""atr_mult"": 1.0}}",,,1D,一直亮红,0.15-0.33-0.32-0.34-0.32,高-低-高-低,121.19%-3.59%-5.59%-5.59%,32.0,65.11
2026-10-05 00:00:00,SAFX,XCF GLOBAL INC-A,Short,0.3,-8.81%,0.37,sqz,参数二,"{""sqz"": {""bb_length"": 20, ""bb_mult"": 1.8, ""kc_length"": 20, ""kc_mult"": 1.5, ""min_sqz_bars"": 4}, ""r&s"": {""srb_left"": 15, ""srb_right"": 15}, ""atr"": {""atr_length"": 14, ""atr_mult"": 1.0}}",,,1D,一直亮红,0.12-0.15-0.32-0.34-0.32,高-高-高-低,26.89%-113.25%-5.59%-5.59%,32.0,65.11
2026-10-05 00:00:00,ILCG,ISHARES MORNINGSTAR GROWTH E,Long,119.83,0.91%,117.53,sqz,参数二,"{""sqz"": {""bb_length"": 20, ""bb_mult"": 1.8, ""kc_length"": 20, ""kc_mult"": 1.5, ""min_sqz_bars"": 4}, ""r&s"": {""srb_left"": 15, ""srb_right"": 15}, ""atr"": {""atr_length"": 14, ""atr_mult"": 1.0}}",,,1D,一直亮绿,nan-106.08-120.32-118.96,低-高-低,nan%-13.43%-1.13%,36.0,6.39
2026-10-05 00:00:00,OLOX,OLENOX INDUSTRIES INC,Long,0.88,4.51%,0.66,suf,参数一,"{""suf"": {""timeframe"": ""d""}}",200.0,-88.76,1D,,,,,,
2026-10-05 00:00:00,OLOX,OLENOX INDUSTRIES INC,Long,0.88,4.51%,0.66,suf,参数二,"{""suf"": {""timeframe"": ""d""}}",200.0,-88.76,1D,,,,,,
2026-10-05 00:00:00,DLS,WISDOMTREE INTL S/C DVD FUND,Long,86.55,-0.15%,85.06,mfa,参数一,"{""mfa"": {""mfa_all"": 8}}",200.0,2.82,1D,,,,,,
2026-10-05 00:00:00,DLS,WISDOMTREE INTL S/C DVD FUND,Long,86.55,-0.15%,85.06,mfa,参数二,"{""mfa"": {""mfa_all"": 8}}",200.0,2.82,1D,,,,,,
2026-10-05 00:00:00,UAVS,AGEAGLE AERIAL SYSTEMS INC,Short,0.88,-8.33%,1.02,utb,参数一,"{""utb"": {""key_value"": 2.5, ""atr_period"": 14, ""use_ha"": false}, ""r&s"": {""srb_left"": 10, ""srb_right"": 10}, ""atr"": {""atr_length"": 14, ""atr_mult"": 1.0}}",,,1D,,,,,,
2026-10-05 00:00:00,NRIX,NURIX THERAPEUTICS INC,Long,22.88,-0.48%,21.46,mfa,参数一,"{""mfa"": {""mfa_all"": 9}}",200.0,16.68,1D,,,,,,
2026-10-05 00:00:00,NRIX,NURIX THERAPEUTICS INC,Long,22.88,-0.48%,21.46,mfa,参数二,"{""mfa"": {""mfa_all"": 9}}",200.0,16.68,1D,,,,,,
2026-10-05 00:00:00,GKOS,GLAUKOS CORP,Long,164.01,0.16%,156.76,mfa,参数一,"{""mfa"": {""mfa_all"": 14}}",200.0,21.23,1D,,,,,,
2026-10-05 00:00:00,GKOS,GLAUKOS CORP,Long,164.01,0.16%,156.76,mfa,参数二,"{""mfa"": {""mfa_all"": 14}}",200.0,21.23,1D,,,,,,
2026-10-05 00:00:00,CGIE,CAP GROUP INTL EQUITY,Long,36.81,0.25%,36.14,mfa,参数一,"{""mfa"": {""mfa_all"": 8}}",200.0,2.41,1D,,,,,,
2026-10-05 00:00:00,CGIE,CAP GROUP INTL EQUITY,Long,36.81,0.25%,36.14,mfa,参数二,"{""mfa"": {""mfa_all"": 8}}",200.0,2.41,1D,,,,,,
2026-10-05 00:00:00,MICC,MAGNUM ICE CREAM CO NV/THE,Short,17.11,-2.12%,17.69,sqz,参数一,"{""sqz"": {""bb_length"": 15, ""bb_mult"": 1.5, ""kc_length"": 15, ""kc_mult"": 1.2, ""min_sqz_bars"": 4}, ""r&s"": {""srb_left"": 10, ""srb_right"": 10}, ""atr"": {""atr_length"": 14, ""atr_mult"": 1.0}}",,,1D,一直亮红,14.87-14.89-12.94-16.05-17.39,高-低-高-高,0.13%-13.10%-24.03%-8.35%,51.0,18.95
2026-10-05 00:00:00,MICC,MAGNUM ICE CREAM CO NV/THE,Short,17.11,-2.12%,17.69,sqz,参数二,"{""sqz"": {""bb_length"": 20, ""bb_mult"": 1.8, ""kc_length"": 20, ""kc_mult"": 1.5, ""min_sqz_bars"": 4}, ""r&s"": {""srb_left"": 15, ""srb_right"": 15}, ""atr"": {""atr_length"": 14, ""atr_mult"": 1.0}}",,,1D,一直亮红,nan-14.87-12.94-17.39,低-低-高,nan%-12.98%-34.39%,51.0,18.95
2026-10-05 00:00:00,ALP,ALPHA COMPUTE CORP,Short,4.39,-4.57%,5.08,utb,参数一,"{""utb"": {""key_value"": 2.5, ""atr_period"": 14, ""use_ha"": false}, ""r&s"": {""srb_left"": 10, ""srb_right"": 10}, ""atr"": {""atr_length"": 14, ""atr_mult"": 1.0}}",,,1D,,,,,,
2026-10-05 00:00:00,SFM,SPROUTS FARMERS MARKET INC,Long,64.92,0.70%,60.41,mfa,参数一,"{""mfa"": {""mfa_all"": 18}}",200.0,-16.57,1D,,,,,,
2026-10-05 00:00:00,SFM,SPROUTS FARMERS MARKET INC,Long,64.92,0.70%,60.41,mfa,参数二,"{""mfa"": {""mfa_all"": 18}}",200.0,-16.57,1D,,,,,,
2026-10-05 00:00:00,CCAQ,COLLECTIVE ACQUISITION CORP,Short,10.49,-1.87%,10.52,utb,参数一,"{""utb"": {""key_value"": 2.5, ""atr_period"": 14, ""use_ha"": false}, ""r&s"": {""srb_left"": 10, ""srb_right"": 10}, ""atr"": {""atr_length"": 14, ""atr_mult"": 1.0}}",,,1D,,,,,,
2026-10-05 00:00:00,CCAQ,COLLECTIVE ACQUISITION CORP,Short,10.49,-1.87%,10.52,utb,参数二,"{""utb"": {""key_value"": 3, ""atr_period"": 14, ""use_ha"": false}, ""r&s"": {""srb_left"": 15, ""srb_right"": 15}, ""atr"": {""atr_length"": 14, ""atr_mult"": 1.0}}",,,1D,,,,,,
2026-10-05 00:00:00,MRTN,MARTEN TRANSPORT LTD,Long,13.05,-2.17%,12.65,mfa,参数一,"{""mfa"": {""mfa_all"": 51}}",200.0,-8.99,1D,,,,,,
2026-10-05 00:00:00,MRTN,MARTEN TRANSPORT LTD,Long,13.05,-2.17%,12.65,mfa,参数二,"{""mfa"": {""mfa_all"": 51}}",200.0,-8.99,1D,,,,,,
2026-10-05 00:00:00,ABUS,ARBUTUS BIOPHARMA CORP,Long,4.67,4.94%,4.24,suf,参数一,"{""suf"": {""timeframe"": ""d""}}",200.0,2.89,1D,,,,,,
2026-10-05 00:00:00,ABUS,ARBUTUS BIOPHARMA CORP,Long,4.67,4.94%,4.24,suf,参数二,"{""suf"": {""timeframe"": ""d""}}",200.0,2.89,1D,,,,,,
2026-10-05 00:00:00,LULU,LULULEMON ATHLETICA INC,Short,93.14,-1.40%,98.24,sqz,参数一,"{""sqz"": {""bb_length"": 15, ""bb_mult"": 1.5, ""kc_length"": 15, ""kc_mult"": 1.2, ""min_sqz_bars"": 4}, ""r&s"": {""srb_left"": 10, ""srb_right"": 10}, ""atr"": {""atr_length"": 14, ""atr_mult"": 1.0}}",,,1D,支撑释放,116.63-104.44-109.2-114.69-95.35,低-高-高-低,10.45%-4.56%-5.03%-16.86%,12.0,9.32
2026-10-05 00:00:00,LGLV,SPDR US LC LOW VOL IDX,Long,175.71,0.48%,173.1,suf,参数一,"{""suf"": {""timeframe"": ""d""}}",200.0,-2.39,1D,,,,,,
2026-10-05 00:00:00,LGLV,SPDR US LC LOW VOL IDX,Long,175.71,0.48%,173.1,suf,参数二,"{""suf"": {""timeframe"": ""d""}}",200.0,-2.39,1D,,,,,,
2026-10-05 00:00:00,PJUN,INNOVATOR U.S. EQUITY POWER,Long,44.35,0.34%,44.02,sqz,参数二,"{""sqz"": {""bb_length"": 20, ""bb_mult"": 1.8, ""kc_length"": 20, ""kc_mult"": 1.5, ""min_sqz_bars"": 4}, ""r&s"": {""srb_left"": 15, ""srb_right"": 15}, ""atr"": {""atr_length"": 14, ""atr_mult"": 1.0}}",,,1D,压力释放,nan-42.35-47.56-44.32-44.35,低-高-低-高,nan%-12.30%-6.81%-0.07%,20.0,1.94
2026-10-05 00:00:00,AUPH,AURINIA PHARMACEUTICALS INC,Short,15.72,-0.69%,16.2,sqz,参数一,"{""sqz"": {""bb_length"": 15, ""bb_mult"": 1.5, ""kc_length"": 15, ""kc_mult"": 1.2, ""min_sqz_bars"": 4}, ""r&s"": {""srb_left"": 10, ""srb_right"": 10}, ""atr"": {""atr_length"": 14, ""atr_mult"": 1.0}}",,,1D,支撑释放,14.4-14.97-15.19-14.36-15.85,高-高-低-高,3.91%-1.50%-5.44%-10.35%,18.0,8.26
2026-10-05 00:00:00,WBIL,WBI BULLBEAR QUALITY 3000 ET,Long,40.0,0.82%,39.74,utb,参数一,"{""utb"": {""key_value"": 2.5, ""atr_period"": 14, ""use_ha"": false}, ""r&s"": {""srb_left"": 10, ""srb_right"": 10}, ""atr"": {""atr_length"": 14, ""atr_mult"": 1.0}}",,,1D,,,,,,
2026-10-05 00:00:00,NOC,NORTHROP GRUMMAN CORP,Short,476.11,-0.40%,492.12,sqz,参数二,"{""sqz"": {""bb_length"": 20, ""bb_mult"": 1.8, ""kc_length"": 20, ""kc_mult"": 1.5, ""min_sqz_bars"": 4}, ""r&s"": {""srb_left"": 15, ""srb_right"": 15}, ""atr"": {""atr_length"": 14, ""atr_mult"": 1.0}}",,,1D,一直亮红,nan-476.85,低,nan%,53.0,24.11
2026-10-05 00:00:00,PRAY,FIS TRUST - FIS CHRISTIAN ST,Long,35.43,0.70%,34.63,utb,参数一,"{""utb"": {""key_value"": 2.5, ""atr_period"": 14, ""use_ha"": false}, ""r&s"": {""srb_left"": 10, ""srb_right"": 10}, ""atr"": {""atr_length"": 14, ""atr_mult"": 1.0}}",,,1D,,,,,,
2026-10-05 00:00:00,SSTK,SHUTTERSTOCK INC,Long,4.01,5.25%,3.44,suf,参数一,"{""suf"": {""timeframe"": ""d""}}",200.0,-68.7,1D,,,,,,
2026-10-05 00:00:00,SSTK,SHUTTERSTOCK INC,Long,4.01,5.25%,3.44,suf,参数二,"{""suf"": {""timeframe"": ""d""}}",200.0,-68.7,1D,,,,,,
2026-10-05 00:00:00,MSFX,T-REX 2X LNG MICROSOFT DLY,Long,27.43,3.20%,26.02,sqz,参数一,"{""sqz"": {""bb_length"": 15, ""bb_mult"": 1.5, ""kc_length"": 15, ""kc_mult"": 1.2, ""min_sqz_bars"": 4}, ""r&s"": {""srb_left"": 10, ""srb_right"": 10}, ""atr"": {""atr_length"": 14, ""atr_mult"": 1.0}}",,,1D,压力释放,19.12-20.61-23.43-26.66-27.0,高-高-高-高,7.79%-13.67%-13.81%-1.26%,25.0,13.78
2026-10-05 00:00:00,MSFX,T-REX 2X LNG MICROSOFT DLY,Long,27.43,3.20%,26.02,sqz,参数二,"{""sqz"": {""bb_length"": 20, ""bb_mult"": 1.8, ""kc_length"": 20, ""kc_mult"": 1.5, ""min_sqz_bars"": 4}, ""r&s"": {""srb_left"": 15, ""srb_right"": 15}, ""atr"": {""atr_length"": 14, ""atr_mult"": 1.0}}",,,1D,压力释放,nan-19.12-20.61-23.43-27.0,低-高-高-高,nan%-7.79%-13.67%-15.25%,25.0,13.78
2026-10-05 00:00:00,RSPF,INVESCO S&P 500 EQUAL WEIGHT,Long,78.18,0.83%,76.42,suf,参数一,"{""suf"": {""timeframe"": ""d""}}",200.0,0.83,1D,,,,,,
2026-10-05 00:00:00,RSPF,INVESCO S&P 500 EQUAL WEIGHT,Long,78.18,0.83%,76.42,suf,参数二,"{""suf"": {""timeframe"": ""d""}}",200.0,0.83,1D,,,,,,
2026-10-05 00:00:00,XIWC,CORGI US MICRO-CAP 2X DLY,Long,22.68,0.44%,22.35,mfa,参数一,"{""mfa"": {""mfa_all"": 15}}",200.0,,1D,,,,,,
2026-10-05 00:00:00,XIWC,CORGI US MICRO-CAP 2X DLY,Long,22.68,0.44%,22.35,mfa,参数二,"{""mfa"": {""mfa_all"": 15}}",200.0,,1D,,,,,,
2026-10-05 00:00:00,WOK,WORK MEDICAL TECHNOLOGY GR-A,Short,1.47,-14.33%,1.94,sqz,参数一,"{""sqz"": {""bb_length"": 15, ""bb_mult"": 1.5, ""kc_length"": 15, ""kc_mult"": 1.2, ""min_sqz_bars"": 4}, ""r&s"": {""srb_left"": 10, ""srb_right"": 10}, ""atr"": {""atr_length"": 14, ""atr_mult"": 1.0}}",,,1D,支撑释放,123.0-105.0-112.0-1.78-1.8,低-高-低-高,14.63%-6.67%-98.41%-1.12%,52.0,76.67
2026-10-05 00:00:00,WOK,WORK MEDICAL TECHNOLOGY GR-A,Short,1.47,-14.33%,1.94,sqz,参数二,"{""sqz"": {""bb_length"": 20, ""bb_mult"": 1.8, ""kc_length"": 20, ""kc_mult"": 1.5, ""min_sqz_bars"": 4}, ""r&s"": {""srb_left"": 15, ""srb_right"": 15}, ""atr"": {""atr_length"": 14, ""atr_mult"": 1.0}}",,,1D,一直释放,nan-123.0-105.0-1.78-1.8,低-低-低-高,nan%-14.63%-98.30%-1.12%,52.0,76.67
2026-10-05 00:00:00,NEGG,NEWEGG COMMERCE INC,Long,11.94,3.92%,10.43,suf,参数一,"{""suf"": {""timeframe"": ""d""}}",200.0,-60.92,1D,,,,,,
2026-10-05 00:00:00,NEGG,NEWEGG COMMERCE INC,Long,11.94,3.92%,10.43,suf,参数二,"{""suf"": {""timeframe"": ""d""}}",200.0,-60.92,1D,,,,,,
2026-10-05 00:00:00,BBAR,BBVA ARGENTINA SA-ADR,Long,13.27,7.19%,12.23,suf,参数一,"{""suf"": {""timeframe"": ""d""}}",200.0,-19.82,1D,,,,,,
2026-10-05 00:00:00,BBAR,BBVA ARGENTINA SA-ADR,Long,13.27,7.19%,12.23,suf,参数二,"{""suf"": {""timeframe"": ""d""}}",200.0,-19.82,1D,,,,,,
2026-10-05 00:00:00,QSIG,WISDOMTREE US SHORT TERM COR,Long,47.31,0.14%,47.17,mfa,参数一,"{""mfa"": {""mfa_all"": 18}}",200.0,-0.65,1D,,,,,,
2026-10-05 00:00:00,QSIG,WISDOMTREE US SHORT TERM COR,Long,47.31,0.14%,47.17,mfa,参数二,"{""mfa"": {""mfa_all"": 18}}",200.0,-0.65,1D,,,,,,
2026-10-05 00:00:00,XP,XP INC - CLASS A,Long,28.15,30.93%,24.55,sqz,参数一,"{""sqz"": {""bb_length"": 15, ""bb_mult"": 1.5, ""kc_length"": 15, ""kc_mult"": 1.2, ""min_sqz_bars"": 4}, ""r&s"": {""srb_left"": 10, ""srb_right"": 10}, ""atr"": {""atr_length"": 14, ""atr_mult"": 1.0}}",,,1D,压力释放,22.83-21.51-16.85-17.44-20.75,低-低-高-高,5.81%-21.65%-3.53%-18.95%,21.0,10.43
2026-10-05 00:00:00,XP,XP INC - CLASS A,Long,28.15,30.93%,24.55,sqz,参数二,"{""sqz"": {""bb_length"": 20, ""bb_mult"": 1.8, ""kc_length"": 20, ""kc_mult"": 1.5, ""min_sqz_bars"": 4}, ""r&s"": {""srb_left"": 15, ""srb_right"": 15}, ""atr"": {""atr_length"": 14, ""atr_mult"": 1.0}}",,,1D,压力释放,nan-22.83-21.51,低-低,nan%-5.81%,117.0,45.31
2026-10-05 00:00:00,OBDC,BLUE OWL CAPITAL CORP,Short,10.17,-1.26%,10.67,sqz,参数一,"{""sqz"": {""bb_length"": 15, ""bb_mult"": 1.5, ""kc_length"": 15, ""kc_mult"": 1.2, ""min_sqz_bars"": 4}, ""r&s"": {""srb_left"": 10, ""srb_right"": 10}, ""atr"": {""atr_length"": 14, ""atr_mult"": 1.0}}",,,1D,一直亮红,9.74-9.9-9.81-9.99-10.3,高-低-高-高,1.59%-0.92%-1.88%-3.05%,45.0,12.76
2026-10-05 00:00:00,HTEC,ROBO GLOBAL HEALTHCARE TECH,Long,44.54,2.51%,42.61,sqz,参数二,"{""sqz"": {""bb_length"": 20, ""bb_mult"": 1.8, ""kc_length"": 20, ""kc_mult"": 1.5, ""min_sqz_bars"": 4}, ""r&s"": {""srb_left"": 15, ""srb_right"": 15}, ""atr"": {""atr_length"": 14, ""atr_mult"": 1.0}}",,,1D,一直亮绿,nan-38.5-35.08-39.15-43.78,低-低-高-高,nan%-8.87%-11.60%-11.81%,26.0,8.42
2026-10-05 00:00:00,TRDA,ENTRADA THERAPEUTICS INC,Long,5.48,1.86%,4.7,suf,参数一,"{""suf"": {""timeframe"": ""d""}}",200.0,-41.08,1D,,,,,,
2026-10-05 00:00:00,TRDA,ENTRADA THERAPEUTICS INC,Long,5.48,1.86%,4.7,suf,参数二,"{""suf"": {""timeframe"": ""d""}}",200.0,-41.08,1D,,,,,,
2026-10-05 00:00:00,SLI,STANDARD LITHIUM LTD,Short,1.72,-1.15%,1.88,sqz,参数一,"{""sqz"": {""bb_length"": 15, ""bb_mult"": 1.5, ""kc_length"": 15, ""kc_mult"": 1.2, ""min_sqz_bars"": 4}, ""r&s"": {""srb_left"": 10, ""srb_right"": 10}, ""atr"": {""atr_length"": 14, ""atr_mult"": 1.0}}",,,1D,一直释放,nan-4.45-3.88-3.16-1.91,低-低-低-低,nan%-12.81%-18.56%-39.56%,47.0,47.12
2026-10-05 00:00:00,OMFL,INVESCO RUSSELL 1000 DYN M/F,Long,70.81,0.72%,69.69,utb,参数二,"{""utb"": {""key_value"": 3, ""atr_period"": 14, ""use_ha"": false}, ""r&s"": {""srb_left"": 15, ""srb_right"": 15}, ""atr"": {""atr_length"": 14, ""atr_mult"": 1.0}}",,,1D,,,,,,
2026-10-05 00:00:00,ITUB,ITAU UNIBANCO H-SPON PRF ADR,Long,9.92,15.48%,9.46,sqz,参数一,"{""sqz"": {""bb_length"": 15, ""bb_mult"": 1.5, ""kc_length"": 15, ""kc_mult"": 1.2, ""min_sqz_bars"": 4}, ""r&s"": {""srb_left"": 10, ""srb_right"": 10}, ""atr"": {""atr_length"": 14, ""atr_mult"": 1.0}}",,,1D,压力释放,nan-9.4-9.46-8.66-8.56,低-高-低-低,nan%-0.63%-8.46%-1.15%,45.0,19.65
2026-10-05 00:00:00,ITUB,ITAU UNIBANCO H-SPON PRF ADR,Long,9.92,15.48%,9.46,sqz,参数二,"{""sqz"": {""bb_length"": 20, ""bb_mult"": 1.8, ""kc_length"": 20, ""kc_mult"": 1.5, ""min_sqz_bars"": 4}, ""r&s"": {""srb_left"": 15, ""srb_right"": 15}, ""atr"": {""atr_length"": 14, ""atr_mult"": 1.0}}",,,1D,压力释放,nan-9.4-9.46-8.66,低-高-低,nan%-0.63%-8.46%,60.0,21.05
2026-10-05 00:00:00,KVLE,KRANESHARES VALUE LINE DYNAM,Long,27.91,0.24%,27.67,mfa,参数一,"{""mfa"": {""mfa_all"": 14}}",200.0,2.94,1D,,,,,,
2026-10-05 00:00:00,KVLE,KRANESHARES VALUE LINE DYNAM,Long,27.91,0.24%,27.67,mfa,参数二,"{""mfa"": {""mfa_all"": 14}}",200.0,2.94,1D,,,,,,
2026-10-05 00:00:00,CING,CINGULATE INC,Long,4.75,-0.21%,4.37,mfa,参数一,"{""mfa"": {""mfa_all"": 6}}",200.0,-12.07,1D,,,,,,
2026-10-05 00:00:00,CING,CINGULATE INC,Long,4.75,-0.21%,4.37,mfa,参数二,"{""mfa"": {""mfa_all"": 6}}",200.0,-12.07,1D,,,,,,
2026-10-05 00:00:00,LQDB,ISHARES BBB RATE CORP BOND,Long,81.99,0.04%,81.68,suf,参数一,"{""suf"": {""timeframe"": ""d""}}",200.0,-2.66,1D,,,,,,
2026-10-05 00:00:00,LQDB,ISHARES BBB RATE CORP BOND,Long,81.99,0.04%,81.68,suf,参数二,"{""suf"": {""timeframe"": ""d""}}",200.0,-2.66,1D,,,,,,
2026-10-05 00:00:00,BWLP,BW LPG LTD,Long,25.94,1.17%,24.27,sqz,参数二,"{""sqz"": {""bb_length"": 20, ""bb_mult"": 1.8, ""kc_length"": 20, ""kc_mult"": 1.5, ""min_sqz_bars"": 4}, ""r&s"": {""srb_left"": 15, ""srb_right"": 15}, ""atr"": {""atr_length"": 14, ""atr_mult"": 1.0}}",,,1D,一直释放,nan-16.92-21.39,低-高,nan%-26.45%,79.0,29.3
