日期,信号,代码,现价,涨幅,止损,策略,参组,参数,SMA,相距SMA,名称,周期,释放类型,支撑压力价格,支撑压力趋势,支撑压力涨幅,区间K线数量,区间K线振幅
2026-10-05 00:00:00,Long,FICO,689.61,4.29%,508.25,mfa,参数一,"{""mfa"": {""mfa_all"": 3}}",200.0,-48.34,FAIR ISAAC CORP,1WK,,,,,,
2026-10-05 00:00:00,Long,FICO,689.61,4.29%,508.25,mfa,参数二,"{""mfa"": {""mfa_all"": 3}}",200.0,-48.34,FAIR ISAAC CORP,1WK,,,,,,
2026-10-05 00:00:00,Long,SNES,0.83,7.19%,0.56,mfa,参数一,"{""mfa"": {""mfa_all"": 43}}",200.0,-98.19,SENESTECH INC,1WK,,,,,,
2026-10-05 00:00:00,Long,SNES,0.83,7.19%,0.56,mfa,参数二,"{""mfa"": {""mfa_all"": 43}}",200.0,-98.19,SENESTECH INC,1WK,,,,,,
2026-10-05 00:00:00,Long,SCHR,23.64,0.00%,23.42,mfa,参数一,"{""mfa"": {""mfa_all"": 5}}",200.0,2.98,SCHWAB INTERMEDIATE-TERM US,1WK,,,,,,
2026-10-05 00:00:00,Long,SCHR,23.64,0.00%,23.42,mfa,参数二,"{""mfa"": {""mfa_all"": 5}}",200.0,2.98,SCHWAB INTERMEDIATE-TERM US,1WK,,,,,,
2026-10-05 00:00:00,Short,SLRC,11.44,-0.95%,12.14,sqz,参数一,"{""sqz"": {""bb_length"": 15, ""bb_mult"": 1.5, ""kc_length"": 15, ""kc_mult"": 1.2, ""min_sqz_bars"": 4}, ""r&s"": {""srb_left"": 10, ""srb_right"": 10}, ""atr"": {""atr_length"": 14, ""atr_mult"": 1.0}}",,,SLR INVESTMENT CORP,1WK,支撑释放,11.09-11.45-11.69-12.56-11.82,高-高-高-低,3.19%-2.13%-7.45%-5.85%,15.0,10.22
2026-10-05 00:00:00,Long,AGGM,99.16,-0.13%,98.38,mfa,参数一,"{""mfa"": {""mfa_all"": 5}}",200.0,2.84,ISHARES 1-10 YEAR U.S. AGGRE,1WK,,,,,,
2026-10-05 00:00:00,Long,AGGM,99.16,-0.13%,98.38,mfa,参数二,"{""mfa"": {""mfa_all"": 5}}",200.0,2.84,ISHARES 1-10 YEAR U.S. AGGRE,1WK,,,,,,
2026-10-05 00:00:00,Long,NVX,2.57,-2.28%,1.55,mfa,参数一,"{""mfa"": {""mfa_all"": 36}}",200.0,-85.76,NOVONIX LTD-ADR,1WK,,,,,,
2026-10-05 00:00:00,Long,NVX,2.57,-2.28%,1.55,mfa,参数二,"{""mfa"": {""mfa_all"": 36}}",200.0,-85.76,NOVONIX LTD-ADR,1WK,,,,,,
2026-10-05 00:00:00,Long,BSSX,24.13,0.10%,23.66,mfa,参数一,"{""mfa"": {""mfa_all"": 6}}",200.0,,INVESCO BULLETSHARES 2033 MB,1WK,,,,,,
2026-10-05 00:00:00,Long,BSSX,24.13,0.10%,23.66,mfa,参数二,"{""mfa"": {""mfa_all"": 6}}",200.0,,INVESCO BULLETSHARES 2033 MB,1WK,,,,,,
2026-10-05 00:00:00,Short,POLA,1.15,-0.86%,1.49,sqz,参数一,"{""sqz"": {""bb_length"": 15, ""bb_mult"": 1.5, ""kc_length"": 15, ""kc_mult"": 1.2, ""min_sqz_bars"": 4}, ""r&s"": {""srb_left"": 10, ""srb_right"": 10}, ""atr"": {""atr_length"": 14, ""atr_mult"": 1.0}}",,,POLAR POWER INC,1WK,支撑释放,2.31-2.52-2.57-1.53-1.31,高-高-低-低,9.09%-1.98%-40.47%-14.38%,38.0,185.5
2026-10-05 00:00:00,Long,POLA,1.15,-0.86%,0.83,mfa,参数一,"{""mfa"": {""mfa_all"": 6}}",200.0,-72.06,POLAR POWER INC,1WK,,,,,,
2026-10-05 00:00:00,Long,POLA,1.15,-0.86%,0.83,mfa,参数二,"{""mfa"": {""mfa_all"": 6}}",200.0,-72.06,POLAR POWER INC,1WK,,,,,,
2026-10-05 00:00:00,Long,ACTU,0.88,6.84%,0.31,mfa,参数一,"{""mfa"": {""mfa_all"": 39}}",200.0,,ACTUATE THERAPEUTICS INC,1WK,,,,,,
2026-10-05 00:00:00,Long,ACTU,0.88,6.84%,0.31,mfa,参数二,"{""mfa"": {""mfa_all"": 39}}",200.0,,ACTUATE THERAPEUTICS INC,1WK,,,,,,
2026-10-05 00:00:00,Long,TECB,79.88,0.66%,77.4,sqz,参数二,"{""sqz"": {""bb_length"": 20, ""bb_mult"": 1.8, ""kc_length"": 20, ""kc_mult"": 1.5, ""min_sqz_bars"": 4}, ""r&s"": {""srb_left"": 15, ""srb_right"": 15}, ""atr"": {""atr_length"": 14, ""atr_mult"": 1.0}}",,,ISHARES US TECH BREAKTHROUGH,1WK,一直释放,nan-39.54-56.57-64.09,低-高-高,nan%-43.08%-13.29%,49.0,20.35
2026-10-05 00:00:00,Long,FNF,39.0,-0.66%,36.02,mfa,参数一,"{""mfa"": {""mfa_all"": 3}}",200.0,-14.09,FIDELITY NATIONAL FINANCIAL,1WK,,,,,,
2026-10-05 00:00:00,Long,FNF,39.0,-0.66%,36.02,mfa,参数二,"{""mfa"": {""mfa_all"": 3}}",200.0,-14.09,FIDELITY NATIONAL FINANCIAL,1WK,,,,,,
2026-10-05 00:00:00,Short,LBRX,34.62,-6.41%,41.11,utb,参数二,"{""utb"": {""key_value"": 3, ""atr_period"": 14, ""use_ha"": false}, ""r&s"": {""srb_left"": 15, ""srb_right"": 15}, ""atr"": {""atr_length"": 14, ""atr_mult"": 1.0}}",,,LB PHARMACEUTICALS INC,1WK,,,,,,
2026-10-05 00:00:00,Long,IBHF,22.48,0.00%,22.39,sqz,参数一,"{""sqz"": {""bb_length"": 15, ""bb_mult"": 1.5, ""kc_length"": 15, ""kc_mult"": 1.2, ""min_sqz_bars"": 4}, ""r&s"": {""srb_left"": 10, ""srb_right"": 10}, ""atr"": {""atr_length"": 14, ""atr_mult"": 1.0}}",,,ISHARES IBOND 2026 HY & INC,1WK,压力释放,nan-19.08-22.45,低-高,nan%-17.63%,23.0,0.94
2026-10-05 00:00:00,Long,PMAY,42.49,0.30%,42.06,sqz,参数二,"{""sqz"": {""bb_length"": 20, ""bb_mult"": 1.8, ""kc_length"": 20, ""kc_mult"": 1.5, ""min_sqz_bars"": 4}, ""r&s"": {""srb_left"": 15, ""srb_right"": 15}, ""atr"": {""atr_length"": 14, ""atr_mult"": 1.0}}",,,INNOVATOR U.S. EQUITY POWER,1WK,一直释放,nan-30.29,低,nan%,167.0,5.25
2026-10-05 00:00:00,Long,QJUN,34.79,0.68%,33.96,sqz,参数一,"{""sqz"": {""bb_length"": 15, ""bb_mult"": 1.5, ""kc_length"": 15, ""kc_mult"": 1.2, ""min_sqz_bars"": 4}, ""r&s"": {""srb_left"": 10, ""srb_right"": 10}, ""atr"": {""atr_length"": 14, ""atr_mult"": 1.0}}",,,FT VEST NASDAQ-100 BUFFER ET,1WK,压力释放,nan-22.91-27.23-29.23-34.05,低-高-高-高,nan%-18.86%-7.34%-16.49%,15.0,7.86
2026-10-05 00:00:00,Short,UCON,23.76,-0.08%,24.08,sqz,参数二,"{""sqz"": {""bb_length"": 20, ""bb_mult"": 1.8, ""kc_length"": 20, ""kc_mult"": 1.5, ""min_sqz_bars"": 4}, ""r&s"": {""srb_left"": 15, ""srb_right"": 15}, ""atr"": {""atr_length"": 14, ""atr_mult"": 1.0}}",,,FIRST TRUST SMITH UNCONSTRAI,1WK,支撑释放,nan-20.37-21.51-23.86,低-高-高,nan%-5.63%-10.90%,27.0,3.53
2026-10-05 00:00:00,Long,SHAG,46.42,0.08%,46.17,mfa,参数一,"{""mfa"": {""mfa_all"": 3}}",200.0,6.28,WSDMTREE YLD EN US ST AGG,1WK,,,,,,
2026-10-05 00:00:00,Long,SHAG,46.42,0.08%,46.17,mfa,参数二,"{""mfa"": {""mfa_all"": 3}}",200.0,6.28,WSDMTREE YLD EN US ST AGG,1WK,,,,,,
2026-10-05 00:00:00,Long,BCYC,4.01,18.64%,3.13,mfa,参数一,"{""mfa"": {""mfa_all"": 49}}",200.0,-73.45,BICYCLE THERAPEUTICS PLC-ADR,1WK,,,,,,
2026-10-05 00:00:00,Long,BCYC,4.01,18.64%,3.13,suf,参数一,"{""suf"": {""timeframe"": ""w""}}",200.0,-73.45,BICYCLE THERAPEUTICS PLC-ADR,1WK,,,,,,
2026-10-05 00:00:00,Long,BCYC,4.01,18.64%,3.13,mfa,参数二,"{""mfa"": {""mfa_all"": 49}}",200.0,-73.45,BICYCLE THERAPEUTICS PLC-ADR,1WK,,,,,,
2026-10-05 00:00:00,Long,BCYC,4.01,18.64%,3.13,suf,参数二,"{""suf"": {""timeframe"": ""w""}}",200.0,-73.45,BICYCLE THERAPEUTICS PLC-ADR,1WK,,,,,,
2026-10-05 00:00:00,Long,TIGR,4.4,5.77%,3.65,suf,参数一,"{""suf"": {""timeframe"": ""w""}}",200.0,-25.38,UP FINTECH HOLDING LTD - ADR,1WK,,,,,,
2026-10-05 00:00:00,Long,TIGR,4.4,5.77%,3.65,suf,参数二,"{""suf"": {""timeframe"": ""w""}}",200.0,-25.38,UP FINTECH HOLDING LTD - ADR,1WK,,,,,,
2026-10-05 00:00:00,Long,YDDL,1.41,-1.40%,0.74,mfa,参数一,"{""mfa"": {""mfa_all"": 21}}",200.0,,ONE AND ONE GREEN TECH-CL A,1WK,,,,,,
2026-10-05 00:00:00,Long,YDDL,1.41,-1.40%,0.74,mfa,参数二,"{""mfa"": {""mfa_all"": 21}}",200.0,,ONE AND ONE GREEN TECH-CL A,1WK,,,,,,
2026-10-05 00:00:00,Long,SRG,1.75,-3.31%,1.55,mfa,参数一,"{""mfa"": {""mfa_all"": 31}}",200.0,-68.86,SERITAGE GROWTH PROP- A,1WK,,,,,,
2026-10-05 00:00:00,Long,SRG,1.75,-3.31%,1.55,mfa,参数二,"{""mfa"": {""mfa_all"": 31}}",200.0,-68.86,SERITAGE GROWTH PROP- A,1WK,,,,,,
2026-10-05 00:00:00,Long,MLTX,11.38,-0.26%,9.26,mfa,参数一,"{""mfa"": {""mfa_all"": 5}}",200.0,-68.25,MOONLAKE IMMUNOTHERAPEUTICS,1WK,,,,,,
2026-10-05 00:00:00,Long,MLTX,11.38,-0.26%,9.26,mfa,参数二,"{""mfa"": {""mfa_all"": 5}}",200.0,-68.25,MOONLAKE IMMUNOTHERAPEUTICS,1WK,,,,,,
2026-10-05 00:00:00,Short,HIT,0.82,4.73%,1.04,sqz,参数一,"{""sqz"": {""bb_length"": 15, ""bb_mult"": 1.5, ""kc_length"": 15, ""kc_mult"": 1.2, ""min_sqz_bars"": 4}, ""r&s"": {""srb_left"": 10, ""srb_right"": 10}, ""atr"": {""atr_length"": 14, ""atr_mult"": 1.0}}",,,HEALTH IN TECH INC-CLASS A,1WK,支撑释放,nan-0.51-0.99-0.85,低-高-低,nan%-94.14%-14.49%,20.0,41.18
2026-10-05 00:00:00,Long,WIT,1.69,-1.74%,1.51,mfa,参数一,"{""mfa"": {""mfa_all"": 37}}",200.0,-34.18,WIPRO LTD-ADR,1WK,,,,,,
2026-10-05 00:00:00,Long,WIT,1.69,-1.74%,1.51,mfa,参数二,"{""mfa"": {""mfa_all"": 37}}",200.0,-34.18,WIPRO LTD-ADR,1WK,,,,,,
2026-10-05 00:00:00,Long,DAVA,1.91,-0.52%,1.42,mfa,参数一,"{""mfa"": {""mfa_all"": 85}}",200.0,-93.96,ENDAVA PLC- SPON ADR,1WK,,,,,,
2026-10-05 00:00:00,Long,DAVA,1.91,-0.52%,1.42,mfa,参数二,"{""mfa"": {""mfa_all"": 85}}",200.0,-93.96,ENDAVA PLC- SPON ADR,1WK,,,,,,
2026-10-05 00:00:00,Long,CRMT,0.98,-6.67%,-0.46,mfa,参数一,"{""mfa"": {""mfa_all"": 58}}",200.0,-98.09,AMERICA'S CAR-MART INC,1WK,,,,,,
2026-10-05 00:00:00,Long,CRMT,0.98,-6.67%,-0.46,mfa,参数二,"{""mfa"": {""mfa_all"": 58}}",200.0,-98.09,AMERICA'S CAR-MART INC,1WK,,,,,,
2026-10-05 00:00:00,Long,USIG,48.54,0.00%,47.96,mfa,参数一,"{""mfa"": {""mfa_all"": 4}}",200.0,4.58,ISHARES BROAD USD INVESTMENT,1WK,,,,,,
2026-10-05 00:00:00,Long,USIG,48.54,0.00%,47.96,mfa,参数二,"{""mfa"": {""mfa_all"": 4}}",200.0,4.58,ISHARES BROAD USD INVESTMENT,1WK,,,,,,
2026-10-05 00:00:00,Long,SLVM,33.37,2.74%,29.11,suf,参数一,"{""suf"": {""timeframe"": ""w""}}",200.0,-32.69,SYLVAMO CORP,1WK,,,,,,
2026-10-05 00:00:00,Long,SLVM,33.37,2.74%,29.11,suf,参数二,"{""suf"": {""timeframe"": ""w""}}",200.0,-32.69,SYLVAMO CORP,1WK,,,,,,
2026-10-05 00:00:00,Long,VCEB,59.36,0.02%,58.66,mfa,参数一,"{""mfa"": {""mfa_all"": 5}}",200.0,3.69,VANGUARD ESG US CORP BOND,1WK,,,,,,
2026-10-05 00:00:00,Long,VCEB,59.36,0.02%,58.66,mfa,参数二,"{""mfa"": {""mfa_all"": 5}}",200.0,3.69,VANGUARD ESG US CORP BOND,1WK,,,,,,
2026-10-05 00:00:00,Long,FLJJ,34.65,0.29%,34.39,sqz,参数一,"{""sqz"": {""bb_length"": 15, ""bb_mult"": 1.5, ""kc_length"": 15, ""kc_mult"": 1.2, ""min_sqz_bars"": 4}, ""r&s"": {""srb_left"": 10, ""srb_right"": 10}, ""atr"": {""atr_length"": 14, ""atr_mult"": 1.0}}",,,ALLIANZIM US 6M FLR5 JAN-JUL,1WK,一直释放,nan-29.41,低,nan%,85.0,7.97
2026-10-05 00:00:00,Long,ESRT,4.23,1.44%,3.69,suf,参数一,"{""suf"": {""timeframe"": ""w""}}",200.0,-44.03,EMPIRE STATE REALTY TRUST-A,1WK,,,,,,
2026-10-05 00:00:00,Long,ESRT,4.23,1.44%,3.69,suf,参数二,"{""suf"": {""timeframe"": ""w""}}",200.0,-44.03,EMPIRE STATE REALTY TRUST-A,1WK,,,,,,
2026-10-05 00:00:00,Long,CABO,11.25,-7.86%,1.64,mfa,参数一,"{""mfa"": {""mfa_all"": 49}}",200.0,-96.65,CABLE ONE INC,1WK,,,,,,
2026-10-05 00:00:00,Long,CABO,11.25,-7.86%,1.64,mfa,参数二,"{""mfa"": {""mfa_all"": 49}}",200.0,-96.65,CABLE ONE INC,1WK,,,,,,
2026-10-05 00:00:00,Long,TAFM,24.03,0.00%,23.65,mfa,参数一,"{""mfa"": {""mfa_all"": 5}}",200.0,,AB TAX AWARE INTER MUNI,1WK,,,,,,
2026-10-05 00:00:00,Long,TAFM,24.03,0.00%,23.65,mfa,参数二,"{""mfa"": {""mfa_all"": 5}}",200.0,,AB TAX AWARE INTER MUNI,1WK,,,,,,
2026-10-05 00:00:00,Short,OGS,72.57,0.00%,76.46,sqz,参数一,"{""sqz"": {""bb_length"": 15, ""bb_mult"": 1.5, ""kc_length"": 15, ""kc_mult"": 1.2, ""min_sqz_bars"": 4}, ""r&s"": {""srb_left"": 10, ""srb_right"": 10}, ""atr"": {""atr_length"": 14, ""atr_mult"": 1.0}}",,,ONE GAS INC,1WK,支撑释放,50.23-53.9-62.51-73.45-74.72,高-高-高-高,7.32%-15.97%-17.50%-1.72%,16.0,10.26
2026-10-05 00:00:00,Long,OGS,72.57,0.00%,68.5,mfa,参数一,"{""mfa"": {""mfa_all"": 4}}",200.0,4.53,ONE GAS INC,1WK,,,,,,
2026-10-05 00:00:00,Long,OGS,72.57,0.00%,68.5,mfa,参数二,"{""mfa"": {""mfa_all"": 4}}",200.0,4.53,ONE GAS INC,1WK,,,,,,
2026-10-05 00:00:00,Long,UCYB,101.56,2.55%,90.1,sqz,参数二,"{""sqz"": {""bb_length"": 20, ""bb_mult"": 1.8, ""kc_length"": 20, ""kc_mult"": 1.5, ""min_sqz_bars"": 4}, ""r&s"": {""srb_left"": 15, ""srb_right"": 15}, ""atr"": {""atr_length"": 14, ""atr_mult"": 1.0}}",,,PROSHARES ULTRA NASDAQ CYBR,1WK,一直释放,nan-30.5-45.57-59.16-63.44,低-高-高-高,nan%-49.40%-29.84%-7.22%,52.0,77.26
2026-10-05 00:00:00,Long,CCHH,0.99,-2.75%,-1.45,mfa,参数一,"{""mfa"": {""mfa_all"": 18}}",200.0,,CCH HOLDINGS LTD-A,1WK,,,,,,
2026-10-05 00:00:00,Long,CCHH,0.99,-2.75%,-1.45,mfa,参数二,"{""mfa"": {""mfa_all"": 18}}",200.0,,CCH HOLDINGS LTD-A,1WK,,,,,,
2026-10-05 00:00:00,Long,TSN,51.71,-0.35%,48.55,mfa,参数一,"{""mfa"": {""mfa_all"": 10}}",200.0,-3.75,TYSON FOODS INC-CL A,1WK,,,,,,
2026-10-05 00:00:00,Long,TSN,51.71,-0.35%,48.55,mfa,参数二,"{""mfa"": {""mfa_all"": 10}}",200.0,-3.75,TYSON FOODS INC-CL A,1WK,,,,,,
2026-10-05 00:00:00,Long,IGM,173.2,0.68%,165.25,sqz,参数一,"{""sqz"": {""bb_length"": 15, ""bb_mult"": 1.5, ""kc_length"": 15, ""kc_mult"": 1.2, ""min_sqz_bars"": 4}, ""r&s"": {""srb_left"": 10, ""srb_right"": 10}, ""atr"": {""atr_length"": 14, ""atr_mult"": 1.0}}",,,ISHARES EXPANDED TECH SECTOR,1WK,压力释放,68.51-98.26-108.4-135.6-171.35,高-高-高-高,43.42%-10.32%-25.09%-26.37%,18.0,17.35
2026-10-05 00:00:00,Long,UA,4.57,-0.44%,3.88,mfa,参数一,"{""mfa"": {""mfa_all"": 3}}",200.0,-32.24,UNDER ARMOUR INC-CLASS C,1WK,,,,,,
2026-10-05 00:00:00,Long,UA,4.57,-0.44%,3.88,mfa,参数二,"{""mfa"": {""mfa_all"": 3}}",200.0,-32.24,UNDER ARMOUR INC-CLASS C,1WK,,,,,,
2026-10-05 00:00:00,Long,AIRR,106.19,-0.50%,98.8,mfa,参数一,"{""mfa"": {""mfa_all"": 6}}",200.0,36.66,FIRST TRUST RBA AMERICAN IND,1WK,,,,,,
2026-10-05 00:00:00,Long,AIRR,106.19,-0.50%,98.8,mfa,参数二,"{""mfa"": {""mfa_all"": 6}}",200.0,36.66,FIRST TRUST RBA AMERICAN IND,1WK,,,,,,
2026-10-05 00:00:00,Long,POR,44.25,-0.67%,42.25,mfa,参数一,"{""mfa"": {""mfa_all"": 3}}",200.0,5.25,PORTLAND GENERAL ELECTRIC CO,1WK,,,,,,
2026-10-05 00:00:00,Long,POR,44.25,-0.67%,42.25,mfa,参数二,"{""mfa"": {""mfa_all"": 3}}",200.0,5.25,PORTLAND GENERAL ELECTRIC CO,1WK,,,,,,
2026-10-05 00:00:00,Short,VC,89.27,0.56%,98.5,sqz,参数一,"{""sqz"": {""bb_length"": 15, ""bb_mult"": 1.5, ""kc_length"": 15, ""kc_mult"": 1.2, ""min_sqz_bars"": 4}, ""r&s"": {""srb_left"": 10, ""srb_right"": 10}, ""atr"": {""atr_length"": 14, ""atr_mult"": 1.0}}",,,VISTEON CORP,1WK,支撑释放,125.64-106.96-64.08-82.92-93.47,低-低-高-高,14.87%-40.09%-29.40%-12.73%,14.0,16.76
2026-10-05 00:00:00,Long,VC,89.27,0.56%,80.54,suf,参数一,"{""suf"": {""timeframe"": ""w""}}",200.0,-19.16,VISTEON CORP,1WK,,,,,,
2026-10-05 00:00:00,Long,VC,89.27,0.56%,80.54,suf,参数二,"{""suf"": {""timeframe"": ""w""}}",200.0,-19.16,VISTEON CORP,1WK,,,,,,
2026-10-05 00:00:00,Short,SVRE,1.24,-10.79%,3.19,sqz,参数二,"{""sqz"": {""bb_length"": 20, ""bb_mult"": 1.8, ""kc_length"": 20, ""kc_mult"": 1.5, ""min_sqz_bars"": 4}, ""r&s"": {""srb_left"": 15, ""srb_right"": 15}, ""atr"": {""atr_length"": 14, ""atr_mult"": 1.0}}",,,SAVERONE 2014 LTD -ADR,1WK,支撑释放,8035.2-2211.84-2.2,低-低,72.47%-99.90%,32.0,186.36
2026-10-05 00:00:00,Long,TDUP,2.17,0.00%,1.51,mfa,参数一,"{""mfa"": {""mfa_all"": 10}}",200.0,-40.95,THREDUP INC - CLASS A,1WK,,,,,,
2026-10-05 00:00:00,Long,TDUP,2.17,0.00%,1.51,mfa,参数二,"{""mfa"": {""mfa_all"": 10}}",200.0,-40.95,THREDUP INC - CLASS A,1WK,,,,,,
2026-10-05 00:00:00,Long,PJFG,123.25,0.93%,118.76,sqz,参数二,"{""sqz"": {""bb_length"": 20, ""bb_mult"": 1.8, ""kc_length"": 20, ""kc_mult"": 1.5, ""min_sqz_bars"": 4}, ""r&s"": {""srb_left"": 15, ""srb_right"": 15}, ""atr"": {""atr_length"": 14, ""atr_mult"": 1.0}}",,,PGIM JENNISON FOCUSED GROWTH,1WK,压力释放,67.46-93.27-100.99-123.0-121.63,高-高-高-低,38.26%-8.28%-21.79%-1.11%,18.0,10.68
2026-10-05 00:00:00,Long,CG,39.32,-1.26%,35.49,mfa,参数一,"{""mfa"": {""mfa_all"": 33}}",200.0,-6.57,CARLYLE GROUP INC/THE,1WK,,,,,,
2026-10-05 00:00:00,Long,CG,39.32,-1.26%,35.49,mfa,参数二,"{""mfa"": {""mfa_all"": 33}}",200.0,-6.57,CARLYLE GROUP INC/THE,1WK,,,,,,
2026-10-05 00:00:00,Long,UITB,44.64,-0.04%,44.18,mfa,参数一,"{""mfa"": {""mfa_all"": 5}}",200.0,3.44,VICTORYSHARES CORE INTERMEDI,1WK,,,,,,
2026-10-05 00:00:00,Long,UITB,44.64,-0.04%,44.18,mfa,参数二,"{""mfa"": {""mfa_all"": 5}}",200.0,3.44,VICTORYSHARES CORE INTERMEDI,1WK,,,,,,
2026-10-05 00:00:00,Long,MUNI,49.79,0.12%,49.16,mfa,参数一,"{""mfa"": {""mfa_all"": 5}}",200.0,1.92,PIMCO INTERMEDIATE MUNICIPAL,1WK,,,,,,
2026-10-05 00:00:00,Long,MUNI,49.79,0.12%,49.16,mfa,参数二,"{""mfa"": {""mfa_all"": 5}}",200.0,1.92,PIMCO INTERMEDIATE MUNICIPAL,1WK,,,,,,
2026-10-05 00:00:00,Long,JCPI,46.03,0.07%,45.44,mfa,参数一,"{""mfa"": {""mfa_all"": 4}}",200.0,5.11,JP MORGAN INFLATION MGD BOND,1WK,,,,,,
2026-10-05 00:00:00,Long,JCPI,46.03,0.07%,45.44,mfa,参数二,"{""mfa"": {""mfa_all"": 4}}",200.0,5.11,JP MORGAN INFLATION MGD BOND,1WK,,,,,,
2026-10-05 00:00:00,Long,PPA,155.46,-0.15%,148.07,mfa,参数一,"{""mfa"": {""mfa_all"": 4}}",200.0,29.88,INVESCO AEROSPACE & DEFENSE,1WK,,,,,,
2026-10-05 00:00:00,Long,PPA,155.46,-0.15%,148.07,mfa,参数二,"{""mfa"": {""mfa_all"": 4}}",200.0,29.88,INVESCO AEROSPACE & DEFENSE,1WK,,,,,,
2026-10-05 00:00:00,Long,GTO,44.51,-0.16%,44.11,mfa,参数一,"{""mfa"": {""mfa_all"": 4}}",200.0,3.86,INVESCO TOTAL RETURN BOND ET,1WK,,,,,,
2026-10-05 00:00:00,Long,GTO,44.51,-0.16%,44.11,mfa,参数二,"{""mfa"": {""mfa_all"": 4}}",200.0,3.86,INVESCO TOTAL RETURN BOND ET,1WK,,,,,,
2026-10-05 00:00:00,Short,KYNB,6.09,-3.49%,7.26,sqz,参数一,"{""sqz"": {""bb_length"": 15, ""bb_mult"": 1.5, ""kc_length"": 15, ""kc_mult"": 1.2, ""min_sqz_bars"": 4}, ""r&s"": {""srb_left"": 10, ""srb_right"": 10}, ""atr"": {""atr_length"": 14, ""atr_mult"": 1.0}}",,,KYNTRA BIO INC,1WK,支撑释放,nan-8.32-4.5-4.85-6.32,低-低-高-高,nan%-45.95%-7.78%-30.31%,27.0,37.18
2026-10-05 00:00:00,Long,BSCV,15.8,0.13%,15.66,mfa,参数一,"{""mfa"": {""mfa_all"": 3}}",200.0,6.34,INVESCO BULLETSHARES 2031 CB,1WK,,,,,,
2026-10-05 00:00:00,Long,BSCV,15.8,0.13%,15.66,mfa,参数二,"{""mfa"": {""mfa_all"": 3}}",200.0,6.34,INVESCO BULLETSHARES 2031 CB,1WK,,,,,,
2026-10-05 00:00:00,Long,GMNY,47.82,0.22%,47.32,mfa,参数一,"{""mfa"": {""mfa_all"": 5}}",200.0,,DYNAMIC NY MUNI INCOME,1WK,,,,,,
2026-10-05 00:00:00,Long,GMNY,47.82,0.22%,47.32,mfa,参数二,"{""mfa"": {""mfa_all"": 5}}",200.0,,DYNAMIC NY MUNI INCOME,1WK,,,,,,
2026-10-05 00:00:00,Long,ACB,4.46,13.78%,3.91,sqz,参数一,"{""sqz"": {""bb_length"": 15, ""bb_mult"": 1.5, ""kc_length"": 15, ""kc_mult"": 1.2, ""min_sqz_bars"": 4}, ""r&s"": {""srb_left"": 10, ""srb_right"": 10}, ""atr"": {""atr_length"": 14, ""atr_mult"": 1.0}}",,,AURORA CANNABIS INC,1WK,一直亮绿,7.2-6.91-6.25-6.66-4.13,低-低-高-低,4.03%-9.55%-6.64%-38.03%,24.0,61.33
2026-10-05 00:00:00,Long,MMS,54.41,3.34%,47.87,mfa,参数一,"{""mfa"": {""mfa_all"": 30}}",200.0,-27.41,MAXIMUS INC,1WK,,,,,,
2026-10-05 00:00:00,Long,MMS,54.41,3.34%,47.87,suf,参数一,"{""suf"": {""timeframe"": ""w""}}",200.0,-27.41,MAXIMUS INC,1WK,,,,,,
2026-10-05 00:00:00,Long,MMS,54.41,3.34%,47.87,mfa,参数二,"{""mfa"": {""mfa_all"": 30}}",200.0,-27.41,MAXIMUS INC,1WK,,,,,,
2026-10-05 00:00:00,Long,MMS,54.41,3.34%,47.87,suf,参数二,"{""suf"": {""timeframe"": ""w""}}",200.0,-27.41,MAXIMUS INC,1WK,,,,,,
2026-10-05 00:00:00,Long,CRGO,0.91,-6.38%,0.65,mfa,参数一,"{""mfa"": {""mfa_all"": 11}}",200.0,-67.12,FREIGHTOS LTD,1WK,,,,,,
2026-10-05 00:00:00,Long,CRGO,0.91,-6.38%,0.65,mfa,参数二,"{""mfa"": {""mfa_all"": 11}}",200.0,-67.12,FREIGHTOS LTD,1WK,,,,,,
2026-10-05 00:00:00,Short,ARKR,4.5,0.00%,4.93,sqz,参数一,"{""sqz"": {""bb_length"": 15, ""bb_mult"": 1.5, ""kc_length"": 15, ""kc_mult"": 1.2, ""min_sqz_bars"": 4}, ""r&s"": {""srb_left"": 10, ""srb_right"": 10}, ""atr"": {""atr_length"": 14, ""atr_mult"": 1.0}}",,,ARK RESTAURANTS CORP,1WK,一直释放,12.78-9.75-8.25-6.38-5.75,低-低-低-低,23.72%-15.38%-22.67%-9.87%,42.0,65.22
2026-10-05 00:00:00,Long,ARKR,4.5,0.00%,4.07,mfa,参数一,"{""mfa"": {""mfa_all"": 16}}",200.0,-60.93,ARK RESTAURANTS CORP,1WK,,,,,,
2026-10-05 00:00:00,Long,ARKR,4.5,0.00%,4.07,mfa,参数二,"{""mfa"": {""mfa_all"": 16}}",200.0,-60.93,ARK RESTAURANTS CORP,1WK,,,,,,
2026-10-05 00:00:00,Long,FIXD,41.26,-0.01%,40.28,suf,参数一,"{""suf"": {""timeframe"": ""w""}}",200.0,2.52,FIRST TRUST SMITH OPPORTUNIS,1WK,,,,,,
2026-10-05 00:00:00,Long,FIXD,41.26,-0.01%,40.28,suf,参数二,"{""suf"": {""timeframe"": ""w""}}",200.0,2.52,FIRST TRUST SMITH OPPORTUNIS,1WK,,,,,,
2026-10-05 00:00:00,Short,SDA,0.41,-4.90%,0.61,sqz,参数二,"{""sqz"": {""bb_length"": 20, ""bb_mult"": 1.8, ""kc_length"": 20, ""kc_mult"": 1.5, ""min_sqz_bars"": 4}, ""r&s"": {""srb_left"": 15, ""srb_right"": 15}, ""atr"": {""atr_length"": 14, ""atr_mult"": 1.0}}",,,SUNCAR TECHNOLOGY GROUP IN-A,1WK,支撑释放,nan-3.8-5.43-1.54-0.47,低-高-低-低,nan%-42.76%-71.61%-69.48%,20.0,214.89
2026-10-05 00:00:00,Long,PGF,12.7,-0.86%,12.5,mfa,参数一,"{""mfa"": {""mfa_all"": 8}}",200.0,-1.42,INVESCO FINANCIAL PREFERRED,1WK,,,,,,
2026-10-05 00:00:00,Long,PGF,12.7,-0.86%,12.5,mfa,参数二,"{""mfa"": {""mfa_all"": 8}}",200.0,-1.42,INVESCO FINANCIAL PREFERRED,1WK,,,,,,
2026-10-05 00:00:00,Long,OXM,25.38,1.81%,20.72,mfa,参数一,"{""mfa"": {""mfa_all"": 6}}",200.0,-61.21,OXFORD INDUSTRIES INC,1WK,,,,,,
2026-10-05 00:00:00,Long,OXM,25.38,1.81%,20.72,mfa,参数二,"{""mfa"": {""mfa_all"": 6}}",200.0,-61.21,OXFORD INDUSTRIES INC,1WK,,,,,,
2026-10-05 00:00:00,Long,CNTB,0.9,-3.13%,0.41,mfa,参数一,"{""mfa"": {""mfa_all"": 6}}",200.0,-39.13,CONNECT BIOPHARMA HOLDINGS L,1WK,,,,,,
2026-10-05 00:00:00,Long,CNTB,0.9,-3.13%,0.41,mfa,参数二,"{""mfa"": {""mfa_all"": 6}}",200.0,-39.13,CONNECT BIOPHARMA HOLDINGS L,1WK,,,,,,
2026-10-05 00:00:00,Long,PICB,22.16,-0.31%,21.76,mfa,参数一,"{""mfa"": {""mfa_all"": 3}}",200.0,4.09,INVESCO INTERNATIONAL CORPOR,1WK,,,,,,
2026-10-05 00:00:00,Long,PICB,22.16,-0.31%,21.76,mfa,参数二,"{""mfa"": {""mfa_all"": 3}}",200.0,4.09,INVESCO INTERNATIONAL CORPOR,1WK,,,,,,
2026-10-05 00:00:00,Long,HII,266.48,-0.77%,244.45,mfa,参数一,"{""mfa"": {""mfa_all"": 17}}",200.0,5.77,HUNTINGTON INGALLS INDUSTRIE,1WK,,,,,,
2026-10-05 00:00:00,Long,HII,266.48,-0.77%,244.45,mfa,参数二,"{""mfa"": {""mfa_all"": 17}}",200.0,5.77,HUNTINGTON INGALLS INDUSTRIE,1WK,,,,,,
2026-10-05 00:00:00,Long,ITP,0.14,0.00%,0.11,mfa,参数一,"{""mfa"": {""mfa_all"": 11}}",200.0,-52.72,IT TECH PACKAGING INC,1WK,,,,,,
2026-10-05 00:00:00,Long,ITP,0.14,0.00%,0.11,mfa,参数二,"{""mfa"": {""mfa_all"": 11}}",200.0,-52.72,IT TECH PACKAGING INC,1WK,,,,,,
2026-10-05 00:00:00,Long,UECG,2.75,0.00%,1.31,mfa,参数一,"{""mfa"": {""mfa_all"": 3}}",200.0,,LEVERAGE SHARES 2X UEC,1WK,,,,,,
2026-10-05 00:00:00,Long,UECG,2.75,0.00%,1.31,mfa,参数二,"{""mfa"": {""mfa_all"": 3}}",200.0,,LEVERAGE SHARES 2X UEC,1WK,,,,,,
2026-10-05 00:00:00,Long,SSG,9.73,-2.11%,7.49,mfa,参数一,"{""mfa"": {""mfa_all"": 74}}",200.0,-97.04,PROSHARES ULTSHRT SEMICONDUC,1WK,,,,,,
2026-10-05 00:00:00,Long,SSG,9.73,-2.11%,7.49,mfa,参数二,"{""mfa"": {""mfa_all"": 74}}",200.0,-97.04,PROSHARES ULTSHRT SEMICONDUC,1WK,,,,,,
2026-10-05 00:00:00,Long,LMUB,46.59,0.50%,45.56,mfa,参数一,"{""mfa"": {""mfa_all"": 6}}",200.0,,ISHARES LT NATIONAL MUNI BD,1WK,,,,,,
2026-10-05 00:00:00,Long,LMUB,46.59,0.50%,45.56,mfa,参数二,"{""mfa"": {""mfa_all"": 6}}",200.0,,ISHARES LT NATIONAL MUNI BD,1WK,,,,,,
2026-10-05 00:00:00,Long,UFPT,307.33,2.20%,277.53,sqz,参数一,"{""sqz"": {""bb_length"": 15, ""bb_mult"": 1.5, ""kc_length"": 15, ""kc_mult"": 1.2, ""min_sqz_bars"": 4}, ""r&s"": {""srb_left"": 10, ""srb_right"": 10}, ""atr"": {""atr_length"": 14, ""atr_mult"": 1.0}}",,,UFP TECHNOLOGIES INC,1WK,一直释放,nan-205.08-366.41-259.9-274.93,低-高-低-高,nan%-78.67%-29.07%-5.78%,34.0,58.13
2026-10-05 00:00:00,Long,NPB,15.36,0.07%,14.12,mfa,参数一,"{""mfa"": {""mfa_all"": 3}}",200.0,,NORTHPOINTE BANCSHARES INC,1WK,,,,,,
2026-10-05 00:00:00,Long,NPB,15.36,0.07%,14.12,mfa,参数二,"{""mfa"": {""mfa_all"": 3}}",200.0,,NORTHPOINTE BANCSHARES INC,1WK,,,,,,
2026-10-05 00:00:00,Short,ALDX,0.92,-21.03%,1.52,sqz,参数一,"{""sqz"": {""bb_length"": 15, ""bb_mult"": 1.5, ""kc_length"": 15, ""kc_mult"": 1.2, ""min_sqz_bars"": 4}, ""r&s"": {""srb_left"": 10, ""srb_right"": 10}, ""atr"": {""atr_length"": 14, ""atr_mult"": 1.0}}",,,ALDEYRA THERAPEUTICS INC,1WK,一直亮红,3.1-4.09-1.14-3.94-1.07,高-低-高-低,31.94%-72.13%-245.61%-72.84%,29.0,315.89
2026-10-05 00:00:00,Long,TRIB,5.77,1.41%,2.86,mfa,参数一,"{""mfa"": {""mfa_all"": 33}}",200.0,-90.36,TRINITY BIOTECH PLC-SPON ADR,1WK,,,,,,
2026-10-05 00:00:00,Long,TRIB,5.77,1.41%,2.86,mfa,参数二,"{""mfa"": {""mfa_all"": 33}}",200.0,-90.36,TRINITY BIOTECH PLC-SPON ADR,1WK,,,,,,
2026-10-05 00:00:00,Long,OGEN,0.49,0.00%,0.39,mfa,参数一,"{""mfa"": {""mfa_all"": 141}}",200.0,-98.98,ORAGENICS INC,1WK,,,,,,
2026-10-05 00:00:00,Long,OGEN,0.49,0.00%,0.39,mfa,参数二,"{""mfa"": {""mfa_all"": 141}}",200.0,-98.98,ORAGENICS INC,1WK,,,,,,
2026-10-05 00:00:00,Long,ORN,9.26,-0.43%,7.87,mfa,参数一,"{""mfa"": {""mfa_all"": 11}}",200.0,23.75,ORION GROUP HOLDINGS INC,1WK,,,,,,
2026-10-05 00:00:00,Long,ORN,9.26,-0.43%,7.87,mfa,参数二,"{""mfa"": {""mfa_all"": 11}}",200.0,23.75,ORION GROUP HOLDINGS INC,1WK,,,,,,
2026-10-05 00:00:00,Long,CPNG,14.2,3.05%,12.43,mfa,参数一,"{""mfa"": {""mfa_all"": 23}}",200.0,-31.35,COUPANG INC,1WK,,,,,,
2026-10-05 00:00:00,Long,CPNG,14.2,3.05%,12.43,suf,参数一,"{""suf"": {""timeframe"": ""w""}}",200.0,-31.35,COUPANG INC,1WK,,,,,,
2026-10-05 00:00:00,Long,CPNG,14.2,3.05%,12.43,mfa,参数二,"{""mfa"": {""mfa_all"": 23}}",200.0,-31.35,COUPANG INC,1WK,,,,,,
2026-10-05 00:00:00,Long,CPNG,14.2,3.05%,12.43,suf,参数二,"{""suf"": {""timeframe"": ""w""}}",200.0,-31.35,COUPANG INC,1WK,,,,,,
2026-10-05 00:00:00,Short,EDN,20.83,4.46%,23.86,sqz,参数一,"{""sqz"": {""bb_length"": 15, ""bb_mult"": 1.5, ""kc_length"": 15, ""kc_mult"": 1.2, ""min_sqz_bars"": 4}, ""r&s"": {""srb_left"": 10, ""srb_right"": 10}, ""atr"": {""atr_length"": 14, ""atr_mult"": 1.0}}",,,EMP DISTRIB Y COMERC NOR-ADR,1WK,支撑释放,14.2-13.78-22.23-14.38-22.21,低-高-低-高,2.96%-61.32%-35.31%-54.45%,20.0,31.02
2026-10-05 00:00:00,Long,EDN,20.83,4.46%,17.73,mfa,参数一,"{""mfa"": {""mfa_all"": 8}}",200.0,-5.22,EMP DISTRIB Y COMERC NOR-ADR,1WK,,,,,,
2026-10-05 00:00:00,Long,EDN,20.83,4.46%,17.73,mfa,参数二,"{""mfa"": {""mfa_all"": 8}}",200.0,-5.22,EMP DISTRIB Y COMERC NOR-ADR,1WK,,,,,,
2026-10-05 00:00:00,Long,MYCJ,23.9,0.13%,23.74,mfa,参数一,"{""mfa"": {""mfa_all"": 3}}",200.0,,STATE STREET MY2030 CORPORAT,1WK,,,,,,
2026-10-05 00:00:00,Long,MYCJ,23.9,0.13%,23.74,mfa,参数二,"{""mfa"": {""mfa_all"": 3}}",200.0,,STATE STREET MY2030 CORPORAT,1WK,,,,,,
2026-10-05 00:00:00,Long,ENVX,2.67,-4.64%,1.88,mfa,参数一,"{""mfa"": {""mfa_all"": 13}}",200.0,-72.66,ENOVIX CORP,1WK,,,,,,
2026-10-05 00:00:00,Long,ENVX,2.67,-4.64%,1.88,mfa,参数二,"{""mfa"": {""mfa_all"": 13}}",200.0,-72.66,ENOVIX CORP,1WK,,,,,,
2026-10-05 00:00:00,Long,WB,6.48,2.37%,5.96,mfa,参数一,"{""mfa"": {""mfa_all"": 31}}",200.0,-28.09,WEIBO CORP-SPON ADR,1WK,,,,,,
2026-10-05 00:00:00,Long,WB,6.48,2.37%,5.96,mfa,参数二,"{""mfa"": {""mfa_all"": 31}}",200.0,-28.09,WEIBO CORP-SPON ADR,1WK,,,,,,
2026-10-05 00:00:00,Long,SRVR,28.41,0.46%,26.94,mfa,参数一,"{""mfa"": {""mfa_all"": 3}}",200.0,0.36,PACER DATA & INFRASTRUCTURE,1WK,,,,,,
2026-10-05 00:00:00,Long,SRVR,28.41,0.46%,26.94,mfa,参数二,"{""mfa"": {""mfa_all"": 3}}",200.0,0.36,PACER DATA & INFRASTRUCTURE,1WK,,,,,,
2026-10-05 00:00:00,Short,NPWR,1.29,-7.19%,1.68,sqz,参数一,"{""sqz"": {""bb_length"": 15, ""bb_mult"": 1.5, ""kc_length"": 15, ""kc_mult"": 1.2, ""min_sqz_bars"": 4}, ""r&s"": {""srb_left"": 10, ""srb_right"": 10}, ""atr"": {""atr_length"": 14, ""atr_mult"": 1.0}}",,,NET POWER INC,1WK,支撑释放,7.55-6.57-1.48-2.07-1.46,低-低-高-低,12.98%-77.47%-39.86%-29.71%,26.0,72.51
2026-10-05 00:00:00,Short,SLN,10.14,-4.70%,12.21,utb,参数一,"{""utb"": {""key_value"": 2.5, ""atr_period"": 14, ""use_ha"": false}, ""r&s"": {""srb_left"": 10, ""srb_right"": 10}, ""atr"": {""atr_length"": 14, ""atr_mult"": 1.0}}",,,SILENCE THERAPEUTICS PLC-ADR,1WK,,,,,,
2026-10-05 00:00:00,Long,FSMB,19.52,0.00%,19.39,mfa,参数一,"{""mfa"": {""mfa_all"": 3}}",200.0,3.99,FIRST TRUST SHORT DUR MANAG,1WK,,,,,,
2026-10-05 00:00:00,Long,FSMB,19.52,0.00%,19.39,mfa,参数二,"{""mfa"": {""mfa_all"": 3}}",200.0,3.99,FIRST TRUST SHORT DUR MANAG,1WK,,,,,,
2026-10-05 00:00:00,Long,PSFE,5.63,4.45%,4.52,suf,参数一,"{""suf"": {""timeframe"": ""w""}}",200.0,-58.28,PAYSAFE LTD,1WK,,,,,,
2026-10-05 00:00:00,Long,PSFE,5.63,4.45%,4.52,suf,参数二,"{""suf"": {""timeframe"": ""w""}}",200.0,-58.28,PAYSAFE LTD,1WK,,,,,,
2026-10-05 00:00:00,Short,DXLG,0.4,-6.98%,0.54,sqz,参数一,"{""sqz"": {""bb_length"": 15, ""bb_mult"": 1.5, ""kc_length"": 15, ""kc_mult"": 1.2, ""min_sqz_bars"": 4}, ""r&s"": {""srb_left"": 10, ""srb_right"": 10}, ""atr"": {""atr_length"": 14, ""atr_mult"": 1.0}}",,,DESTINATION XL GROUP INC,1WK,支撑释放,3.64-2.19-2.15-0.9-0.44,低-低-低-低,39.84%-1.83%-58.14%-51.11%,27.0,86.36
2026-10-05 00:00:00,Short,DXLG,0.4,-6.98%,0.54,sqz,参数二,"{""sqz"": {""bb_length"": 20, ""bb_mult"": 1.8, ""kc_length"": 20, ""kc_mult"": 1.5, ""min_sqz_bars"": 4}, ""r&s"": {""srb_left"": 15, ""srb_right"": 15}, ""atr"": {""atr_length"": 14, ""atr_mult"": 1.0}}",,,DESTINATION XL GROUP INC,1WK,支撑释放,nan-3.69-2.19-0.9-0.44,低-低-低-低,nan%-40.65%-58.90%-51.11%,27.0,86.36
2026-10-05 00:00:00,Long,TAXE,48.63,0.06%,48.1,mfa,参数一,"{""mfa"": {""mfa_all"": 5}}",200.0,,T ROWE PRICE INTERMED MUNP B,1WK,,,,,,
2026-10-05 00:00:00,Long,TAXE,48.63,0.06%,48.1,mfa,参数二,"{""mfa"": {""mfa_all"": 5}}",200.0,,T ROWE PRICE INTERMED MUNP B,1WK,,,,,,
2026-10-05 00:00:00,Long,FPFD,20.49,-0.22%,20.31,mfa,参数一,"{""mfa"": {""mfa_all"": 4}}",200.0,6.18,FIDELITY PREFERRED SEC INC,1WK,,,,,,
2026-10-05 00:00:00,Long,FPFD,20.49,-0.22%,20.31,mfa,参数二,"{""mfa"": {""mfa_all"": 4}}",200.0,6.18,FIDELITY PREFERRED SEC INC,1WK,,,,,,
2026-10-05 00:00:00,Long,DTM,122.12,0.93%,114.06,mfa,参数一,"{""mfa"": {""mfa_all"": 3}}",200.0,44.99,DT MIDSTREAM INC,1WK,,,,,,
2026-10-05 00:00:00,Long,DTM,122.12,0.93%,114.06,mfa,参数二,"{""mfa"": {""mfa_all"": 3}}",200.0,44.99,DT MIDSTREAM INC,1WK,,,,,,
2026-10-05 00:00:00,Long,MLCO,4.23,0.95%,3.74,mfa,参数一,"{""mfa"": {""mfa_all"": 21}}",200.0,-46.77,MELCO RESORTS & ENTERT-ADR,1WK,,,,,,
2026-10-05 00:00:00,Long,MLCO,4.23,0.95%,3.74,mfa,参数二,"{""mfa"": {""mfa_all"": 21}}",200.0,-46.77,MELCO RESORTS & ENTERT-ADR,1WK,,,,,,
2026-10-05 00:00:00,Long,LVO,2.65,0.76%,1.63,mfa,参数一,"{""mfa"": {""mfa_all"": 9}}",200.0,-73.38,LIVEONE INC,1WK,,,,,,
2026-10-05 00:00:00,Long,LVO,2.65,0.76%,1.63,mfa,参数二,"{""mfa"": {""mfa_all"": 9}}",200.0,-73.38,LIVEONE INC,1WK,,,,,,
2026-10-05 00:00:00,Long,INSG,4.62,0.22%,3.12,mfa,参数一,"{""mfa"": {""mfa_all"": 14}}",200.0,-48.13,INSEEGO CORP,1WK,,,,,,
2026-10-05 00:00:00,Long,INSG,4.62,0.22%,3.12,suf,参数一,"{""suf"": {""timeframe"": ""w""}}",200.0,-48.13,INSEEGO CORP,1WK,,,,,,
2026-10-05 00:00:00,Long,INSG,4.62,0.22%,3.12,mfa,参数二,"{""mfa"": {""mfa_all"": 14}}",200.0,-48.13,INSEEGO CORP,1WK,,,,,,
2026-10-05 00:00:00,Long,INSG,4.62,0.22%,3.12,suf,参数二,"{""suf"": {""timeframe"": ""w""}}",200.0,-48.13,INSEEGO CORP,1WK,,,,,,
2026-10-05 00:00:00,Short,DOC,18.84,-3.34%,20.55,utb,参数一,"{""utb"": {""key_value"": 2.5, ""atr_period"": 14, ""use_ha"": false}, ""r&s"": {""srb_left"": 10, ""srb_right"": 10}, ""atr"": {""atr_length"": 14, ""atr_mult"": 1.0}}",,,HEALTHPEAK PROPERTIES INC,1WK,,,,,,
2026-10-05 00:00:00,Short,DOC,18.84,-3.34%,20.55,utb,参数二,"{""utb"": {""key_value"": 3, ""atr_period"": 14, ""use_ha"": false}, ""r&s"": {""srb_left"": 15, ""srb_right"": 15}, ""atr"": {""atr_length"": 14, ""atr_mult"": 1.0}}",,,HEALTHPEAK PROPERTIES INC,1WK,,,,,,
2026-10-05 00:00:00,Long,HYGM,23.69,0.08%,23.54,mfa,参数一,"{""mfa"": {""mfa_all"": 3}}",200.0,,AMPLIFY HYG HI YLD 10% TRGT,1WK,,,,,,
2026-10-05 00:00:00,Long,HYGM,23.69,0.08%,23.54,mfa,参数二,"{""mfa"": {""mfa_all"": 3}}",200.0,,AMPLIFY HYG HI YLD 10% TRGT,1WK,,,,,,
2026-10-05 00:00:00,Short,FPH,4.46,-1.76%,4.85,sqz,参数一,"{""sqz"": {""bb_length"": 15, ""bb_mult"": 1.5, ""kc_length"": 15, ""kc_mult"": 1.2, ""min_sqz_bars"": 4}, ""r&s"": {""srb_left"": 10, ""srb_right"": 10}, ""atr"": {""atr_length"": 14, ""atr_mult"": 1.0}}",,,FIVE POINT HOLDINGS LLC-CL A,1WK,支撑释放,2.88-3.42-4.58-5.17-4.6,高-高-高-低,18.75%-33.92%-12.88%-11.03%,20.0,21.85
2026-10-05 00:00:00,Long,JHCB,20.01,0.07%,19.73,mfa,参数一,"{""mfa"": {""mfa_all"": 3}}",200.0,4.08,JOHN HANCOCK CORPORATE BOND,1WK,,,,,,
2026-10-05 00:00:00,Long,JHCB,20.01,0.07%,19.73,mfa,参数二,"{""mfa"": {""mfa_all"": 3}}",200.0,4.08,JOHN HANCOCK CORPORATE BOND,1WK,,,,,,
2026-10-05 00:00:00,Long,AMTM,18.24,0.55%,16.23,mfa,参数一,"{""mfa"": {""mfa_all"": 17}}",200.0,,AMENTUM HOLDINGS INC,1WK,,,,,,
2026-10-05 00:00:00,Long,AMTM,18.24,0.55%,16.23,mfa,参数二,"{""mfa"": {""mfa_all"": 17}}",200.0,,AMENTUM HOLDINGS INC,1WK,,,,,,
2026-10-05 00:00:00,Short,GENT,9.89,0.13%,9.99,sqz,参数二,"{""sqz"": {""bb_length"": 20, ""bb_mult"": 1.8, ""kc_length"": 20, ""kc_mult"": 1.5, ""min_sqz_bars"": 4}, ""r&s"": {""srb_left"": 15, ""srb_right"": 15}, ""atr"": {""atr_length"": 14, ""atr_mult"": 1.0}}",,,GENTER CAPITAL TAXABLE,1WK,支撑释放,nan-9.33-9.94,低-高,nan%-6.50%,20.0,2.49
2026-10-05 00:00:00,Long,EUSB,41.42,-0.10%,41.0,mfa,参数一,"{""mfa"": {""mfa_all"": 5}}",200.0,3.67,ISHR ESG ADVN UNIVERSAL BD-$,1WK,,,,,,
2026-10-05 00:00:00,Long,EUSB,41.42,-0.10%,41.0,mfa,参数二,"{""mfa"": {""mfa_all"": 5}}",200.0,3.67,ISHR ESG ADVN UNIVERSAL BD-$,1WK,,,,,,
2026-10-05 00:00:00,Long,PAYS,14.81,4.08%,12.76,sqz,参数一,"{""sqz"": {""bb_length"": 15, ""bb_mult"": 1.5, ""kc_length"": 15, ""kc_mult"": 1.2, ""min_sqz_bars"": 4}, ""r&s"": {""srb_left"": 10, ""srb_right"": 10}, ""atr"": {""atr_length"": 14, ""atr_mult"": 1.0}}",,,PAYSIGN INC,1WK,一直释放,nan-3.99-5.59-8.88,低-高-高,nan%-40.10%-58.86%,63.0,188.31
2026-10-05 00:00:00,Long,IBDY,24.41,0.08%,24.1,mfa,参数一,"{""mfa"": {""mfa_all"": 5}}",200.0,,ISHARES IBONDS DEC 2033 CORP,1WK,,,,,,
2026-10-05 00:00:00,Long,IBDY,24.41,0.08%,24.1,mfa,参数二,"{""mfa"": {""mfa_all"": 5}}",200.0,,ISHARES IBONDS DEC 2033 CORP,1WK,,,,,,
2026-10-05 00:00:00,Long,CTNT,3.13,19.47%,-1796.5,mfa,参数一,"{""mfa"": {""mfa_all"": 38}}",200.0,,CHEETAH NET SUPPLY CHAIN SER,1WK,,,,,,
2026-10-05 00:00:00,Long,CTNT,3.13,19.47%,-1796.5,mfa,参数二,"{""mfa"": {""mfa_all"": 38}}",200.0,,CHEETAH NET SUPPLY CHAIN SER,1WK,,,,,,
2026-10-05 00:00:00,Long,NKE,33.96,0.27%,29.82,mfa,参数一,"{""mfa"": {""mfa_all"": 42}}",200.0,-55.78,NIKE INC -CL B,1WK,,,,,,
2026-10-05 00:00:00,Long,NKE,33.96,0.27%,29.82,mfa,参数二,"{""mfa"": {""mfa_all"": 42}}",200.0,-55.78,NIKE INC -CL B,1WK,,,,,,
2026-10-05 00:00:00,Long,WTMU,24.34,0.07%,24.07,mfa,参数一,"{""mfa"": {""mfa_all"": 3}}",200.0,,WISDOMTREE CORE LADR MUNI FD,1WK,,,,,,
2026-10-05 00:00:00,Long,WTMU,24.34,0.07%,24.07,mfa,参数二,"{""mfa"": {""mfa_all"": 3}}",200.0,,WISDOMTREE CORE LADR MUNI FD,1WK,,,,,,
2026-10-05 00:00:00,Long,IBDX,24.01,0.17%,23.74,mfa,参数一,"{""mfa"": {""mfa_all"": 5}}",200.0,5.83,ISHARES IBONDS DEC 2032 TC,1WK,,,,,,
2026-10-05 00:00:00,Long,IBDX,24.01,0.17%,23.74,mfa,参数二,"{""mfa"": {""mfa_all"": 5}}",200.0,5.83,ISHARES IBONDS DEC 2032 TC,1WK,,,,,,
2026-10-05 00:00:00,Long,ELS,58.49,0.41%,55.36,mfa,参数一,"{""mfa"": {""mfa_all"": 5}}",200.0,-4.86,EQUITY LIFESTYLE PROPERTIES,1WK,,,,,,
2026-10-05 00:00:00,Long,ELS,58.49,0.41%,55.36,mfa,参数二,"{""mfa"": {""mfa_all"": 5}}",200.0,-4.86,EQUITY LIFESTYLE PROPERTIES,1WK,,,,,,
2026-10-05 00:00:00,Long,ILIT,12.57,1.05%,11.2,mfa,参数一,"{""mfa"": {""mfa_all"": 13}}",200.0,,ISHARES LITH MNRS AND PROD,1WK,,,,,,
2026-10-05 00:00:00,Long,ILIT,12.57,1.05%,11.2,mfa,参数二,"{""mfa"": {""mfa_all"": 13}}",200.0,,ISHARES LITH MNRS AND PROD,1WK,,,,,,
2026-10-05 00:00:00,Long,MYCN,23.08,0.01%,22.89,mfa,参数一,"{""mfa"": {""mfa_all"": 5}}",200.0,,STATE STREET MY2034 CORPORAT,1WK,,,,,,
2026-10-05 00:00:00,Long,MYCN,23.08,0.01%,22.89,mfa,参数二,"{""mfa"": {""mfa_all"": 5}}",200.0,,STATE STREET MY2034 CORPORAT,1WK,,,,,,
2026-10-05 00:00:00,Long,BBUC,25.95,1.37%,23.17,mfa,参数一,"{""mfa"": {""mfa_all"": 15}}",200.0,3.13,BROOKFIELD BUSINESS CORP-A,1WK,,,,,,
2026-10-05 00:00:00,Long,BBUC,25.95,1.37%,23.17,suf,参数一,"{""suf"": {""timeframe"": ""w""}}",200.0,3.13,BROOKFIELD BUSINESS CORP-A,1WK,,,,,,
2026-10-05 00:00:00,Long,BBUC,25.95,1.37%,23.17,mfa,参数二,"{""mfa"": {""mfa_all"": 15}}",200.0,3.13,BROOKFIELD BUSINESS CORP-A,1WK,,,,,,
2026-10-05 00:00:00,Long,BBUC,25.95,1.37%,23.17,suf,参数二,"{""suf"": {""timeframe"": ""w""}}",200.0,3.13,BROOKFIELD BUSINESS CORP-A,1WK,,,,,,
2026-10-05 00:00:00,Long,AA,43.49,3.67%,36.5,mfa,参数一,"{""mfa"": {""mfa_all"": 11}}",200.0,11.45,ALCOA CORP,1WK,,,,,,
2026-10-05 00:00:00,Long,AA,43.49,3.67%,36.5,mfa,参数二,"{""mfa"": {""mfa_all"": 11}}",200.0,11.45,ALCOA CORP,1WK,,,,,,
2026-10-05 00:00:00,Long,AEC,3.44,0.00%,2.58,mfa,参数一,"{""mfa"": {""mfa_all"": 5}}",200.0,-26.79,ANFIELD ENERGY INC,1WK,,,,,,
2026-10-05 00:00:00,Long,AEC,3.44,0.00%,2.58,mfa,参数二,"{""mfa"": {""mfa_all"": 5}}",200.0,-26.79,ANFIELD ENERGY INC,1WK,,,,,,
2026-10-05 00:00:00,Long,ELPC,13.92,8.24%,13.07,sqz,参数二,"{""sqz"": {""bb_length"": 20, ""bb_mult"": 1.8, ""kc_length"": 20, ""kc_mult"": 1.5, ""min_sqz_bars"": 4}, ""r&s"": {""srb_left"": 15, ""srb_right"": 15}, ""atr"": {""atr_length"": 14, ""atr_mult"": 1.0}}",,,CIA PARANAENSE DE ENER-ADR,1WK,压力释放,nan-6.45-13.49,低-高,nan%-109.30%,24.0,31.79
2026-10-05 00:00:00,Long,FOA,13.51,0.07%,10.81,mfa,参数一,"{""mfa"": {""mfa_all"": 5}}",200.0,-19.74,FINANCE OF AMERICA COS INC-A,1WK,,,,,,
2026-10-05 00:00:00,Long,FOA,13.51,0.07%,10.81,mfa,参数二,"{""mfa"": {""mfa_all"": 5}}",200.0,-19.74,FINANCE OF AMERICA COS INC-A,1WK,,,,,,
2026-10-05 00:00:00,Long,PALI,1.46,1.39%,1.13,mfa,参数一,"{""mfa"": {""mfa_all"": 3}}",200.0,-82.25,PALISADE BIO INC,1WK,,,,,,
2026-10-05 00:00:00,Long,PALI,1.46,1.39%,1.13,mfa,参数二,"{""mfa"": {""mfa_all"": 3}}",200.0,-82.25,PALISADE BIO INC,1WK,,,,,,
2026-10-05 00:00:00,Long,TREE,24.51,-0.53%,20.22,mfa,参数一,"{""mfa"": {""mfa_all"": 11}}",200.0,-37.0,LENDINGTREE INC,1WK,,,,,,
2026-10-05 00:00:00,Long,TREE,24.51,-0.53%,20.22,mfa,参数二,"{""mfa"": {""mfa_all"": 11}}",200.0,-37.0,LENDINGTREE INC,1WK,,,,,,
2026-10-05 00:00:00,Long,EBS,7.24,14.38%,5.48,utb,参数一,"{""utb"": {""key_value"": 2.5, ""atr_period"": 14, ""use_ha"": false}, ""r&s"": {""srb_left"": 10, ""srb_right"": 10}, ""atr"": {""atr_length"": 14, ""atr_mult"": 1.0}}",,,EMERGENT BIOSOLUTIONS INC,1WK,,,,,,
2026-10-05 00:00:00,Long,ACR,10.29,-5.60%,8.87,mfa,参数一,"{""mfa"": {""mfa_all"": 17}}",200.0,-30.11,ACRES COMMERCIAL REALTY CORP,1WK,,,,,,
2026-10-05 00:00:00,Long,ACR,10.29,-5.60%,8.87,mfa,参数二,"{""mfa"": {""mfa_all"": 17}}",200.0,-30.11,ACRES COMMERCIAL REALTY CORP,1WK,,,,,,
2026-10-05 00:00:00,Long,FDN,293.83,0.71%,281.13,sqz,参数二,"{""sqz"": {""bb_length"": 20, ""bb_mult"": 1.8, ""kc_length"": 20, ""kc_mult"": 1.5, ""min_sqz_bars"": 4}, ""r&s"": {""srb_left"": 15, ""srb_right"": 15}, ""atr"": {""atr_length"": 14, ""atr_mult"": 1.0}}",,,FIRST TRUST DJ INTERNET IND,1WK,一直释放,nan-176.62-267.81-287.81,低-高-高,nan%-51.63%-7.47%,55.0,28.22
2026-10-05 00:00:00,Long,HIG,126.21,0.13%,120.13,mfa,参数一,"{""mfa"": {""mfa_all"": 3}}",200.0,20.93,HARTFORD INSURANCE GROUP INC,1WK,,,,,,
2026-10-05 00:00:00,Long,HIG,126.21,0.13%,120.13,mfa,参数二,"{""mfa"": {""mfa_all"": 3}}",200.0,20.93,HARTFORD INSURANCE GROUP INC,1WK,,,,,,
2026-10-05 00:00:00,Long,AGNT,3.87,6.03%,3.01,suf,参数一,"{""suf"": {""timeframe"": ""w""}}",200.0,-63.74,AGNT INC,1WK,,,,,,
2026-10-05 00:00:00,Long,AGNT,3.87,6.03%,3.01,suf,参数二,"{""suf"": {""timeframe"": ""w""}}",200.0,-63.74,AGNT INC,1WK,,,,,,
2026-10-05 00:00:00,Short,LAZ,35.28,-2.19%,40.05,sqz,参数一,"{""sqz"": {""bb_length"": 15, ""bb_mult"": 1.5, ""kc_length"": 15, ""kc_mult"": 1.2, ""min_sqz_bars"": 4}, ""r&s"": {""srb_left"": 10, ""srb_right"": 10}, ""atr"": {""atr_length"": 14, ""atr_mult"": 1.0}}",,,LAZARD INC,1WK,支撑释放,32.4-30.0-44.64-37.82-38.58,低-高-低-高,7.42%-48.79%-15.28%-2.02%,14.0,21.7
2026-10-05 00:00:00,Short,LAZ,35.28,-2.19%,40.05,sqz,参数二,"{""sqz"": {""bb_length"": 20, ""bb_mult"": 1.8, ""kc_length"": 20, ""kc_mult"": 1.5, ""min_sqz_bars"": 4}, ""r&s"": {""srb_left"": 15, ""srb_right"": 15}, ""atr"": {""atr_length"": 14, ""atr_mult"": 1.0}}",,,LAZARD INC,1WK,支撑释放,23.82-22.93-32.4-30.0-37.82,低-高-低-高,3.72%-41.31%-7.42%-26.06%,29.0,32.69
2026-10-05 00:00:00,Short,LRMR,2.86,-3.38%,3.58,sqz,参数一,"{""sqz"": {""bb_length"": 15, ""bb_mult"": 1.5, ""kc_length"": 15, ""kc_mult"": 1.2, ""min_sqz_bars"": 4}, ""r&s"": {""srb_left"": 10, ""srb_right"": 10}, ""atr"": {""atr_length"": 14, ""atr_mult"": 1.0}}",,,LARIMAR THERAPEUTICS INC,1WK,支撑释放,2.18-5.91-1.61-2.71-2.92,高-低-高-高,171.10%-72.76%-68.63%-7.55%,14.0,52.91
2026-10-05 00:00:00,Short,LRMR,2.86,-3.38%,3.58,utb,参数二,"{""utb"": {""key_value"": 3, ""atr_period"": 14, ""use_ha"": false}, ""r&s"": {""srb_left"": 15, ""srb_right"": 15}, ""atr"": {""atr_length"": 14, ""atr_mult"": 1.0}}",,,LARIMAR THERAPEUTICS INC,1WK,,,,,,
2026-10-05 00:00:00,Long,OARK,30.64,2.40%,28.58,sqz,参数二,"{""sqz"": {""bb_length"": 20, ""bb_mult"": 1.8, ""kc_length"": 20, ""kc_mult"": 1.5, ""min_sqz_bars"": 4}, ""r&s"": {""srb_left"": 15, ""srb_right"": 15}, ""atr"": {""atr_length"": 14, ""atr_mult"": 1.0}}",,,YIELDMAX INNOVATION OPTION I,1WK,压力释放,nan-22.33-21.39-25.87-30.51,低-低-高-高,nan%-4.19%-20.92%-17.94%,49.0,33.9
2026-10-05 00:00:00,Long,GIGB,43.38,0.05%,42.83,mfa,参数一,"{""mfa"": {""mfa_all"": 4}}",200.0,3.99,GOLDMAN SACHS INV GRD CORP,1WK,,,,,,
2026-10-05 00:00:00,Long,GIGB,43.38,0.05%,42.83,mfa,参数二,"{""mfa"": {""mfa_all"": 4}}",200.0,3.99,GOLDMAN SACHS INV GRD CORP,1WK,,,,,,
2026-10-05 00:00:00,Long,FXU,44.44,0.18%,42.55,mfa,参数一,"{""mfa"": {""mfa_all"": 4}}",200.0,19.85,FIRST TRUST UTILITIES ALPHAD,1WK,,,,,,
2026-10-05 00:00:00,Long,FXU,44.44,0.18%,42.55,mfa,参数二,"{""mfa"": {""mfa_all"": 4}}",200.0,19.85,FIRST TRUST UTILITIES ALPHAD,1WK,,,,,,
2026-10-05 00:00:00,Long,MINO,42.63,0.24%,41.99,mfa,参数一,"{""mfa"": {""mfa_all"": 5}}",200.0,2.22,PIMCO MUNICIPAL INCOME OPPOR,1WK,,,,,,
2026-10-05 00:00:00,Long,MINO,42.63,0.24%,41.99,mfa,参数二,"{""mfa"": {""mfa_all"": 5}}",200.0,2.22,PIMCO MUNICIPAL INCOME OPPOR,1WK,,,,,,
2026-10-05 00:00:00,Long,CYD,31.87,-0.25%,26.93,mfa,参数一,"{""mfa"": {""mfa_all"": 5}}",200.0,61.23,CHINA YUCHAI INTL LTD,1WK,,,,,,
2026-10-05 00:00:00,Long,CYD,31.87,-0.25%,26.93,mfa,参数二,"{""mfa"": {""mfa_all"": 5}}",200.0,61.23,CHINA YUCHAI INTL LTD,1WK,,,,,,
2026-10-05 00:00:00,Long,CCOI,8.88,4.96%,5.56,mfa,参数一,"{""mfa"": {""mfa_all"": 23}}",200.0,-81.27,COGENT COMMUNICATIONS HOLDIN,1WK,,,,,,
2026-10-05 00:00:00,Long,CCOI,8.88,4.96%,5.56,suf,参数一,"{""suf"": {""timeframe"": ""w""}}",200.0,-81.27,COGENT COMMUNICATIONS HOLDIN,1WK,,,,,,
2026-10-05 00:00:00,Long,CCOI,8.88,4.96%,5.56,mfa,参数二,"{""mfa"": {""mfa_all"": 23}}",200.0,-81.27,COGENT COMMUNICATIONS HOLDIN,1WK,,,,,,
2026-10-05 00:00:00,Long,CCOI,8.88,4.96%,5.56,suf,参数二,"{""suf"": {""timeframe"": ""w""}}",200.0,-81.27,COGENT COMMUNICATIONS HOLDIN,1WK,,,,,,
2026-10-05 00:00:00,Long,KRMN,33.02,-3.28%,24.56,mfa,参数一,"{""mfa"": {""mfa_all"": 22}}",200.0,,KARMAN HOLDINGS INC,1WK,,,,,,
2026-10-05 00:00:00,Long,KRMN,33.02,-3.28%,24.56,mfa,参数二,"{""mfa"": {""mfa_all"": 22}}",200.0,,KARMAN HOLDINGS INC,1WK,,,,,,
2026-10-05 00:00:00,Long,JRVR,3.43,-1.72%,2.99,mfa,参数一,"{""mfa"": {""mfa_all"": 23}}",200.0,-61.61,JAMES RIVER GROUP HOLDINGS I,1WK,,,,,,
2026-10-05 00:00:00,Long,JRVR,3.43,-1.72%,2.99,mfa,参数二,"{""mfa"": {""mfa_all"": 23}}",200.0,-61.61,JAMES RIVER GROUP HOLDINGS I,1WK,,,,,,
2026-10-05 00:00:00,Long,IBMT,24.75,-0.06%,24.54,mfa,参数一,"{""mfa"": {""mfa_all"": 5}}",200.0,,ISHARES IBONDS DEC 2031 MUNI,1WK,,,,,,
2026-10-05 00:00:00,Long,IBMT,24.75,-0.06%,24.54,mfa,参数二,"{""mfa"": {""mfa_all"": 5}}",200.0,,ISHARES IBONDS DEC 2031 MUNI,1WK,,,,,,
2026-10-05 00:00:00,Long,EVIM,50.44,0.30%,49.85,mfa,参数一,"{""mfa"": {""mfa_all"": 5}}",200.0,,EATON VANCE INT MUNI INCOME,1WK,,,,,,
2026-10-05 00:00:00,Long,EVIM,50.44,0.30%,49.85,mfa,参数二,"{""mfa"": {""mfa_all"": 5}}",200.0,,EATON VANCE INT MUNI INCOME,1WK,,,,,,
2026-10-05 00:00:00,Long,NWCL,8.53,6.76%,7.16,mfa,参数一,"{""mfa"": {""mfa_all"": 4}}",200.0,,NEWCLEO PLC,1WK,,,,,,
2026-10-05 00:00:00,Long,NWCL,8.53,6.76%,7.16,mfa,参数二,"{""mfa"": {""mfa_all"": 4}}",200.0,,NEWCLEO PLC,1WK,,,,,,
2026-10-05 00:00:00,Short,FUSE,0.41,-17.14%,0.79,sqz,参数一,"{""sqz"": {""bb_length"": 15, ""bb_mult"": 1.5, ""kc_length"": 15, ""kc_mult"": 1.2, ""min_sqz_bars"": 4}, ""r&s"": {""srb_left"": 10, ""srb_right"": 10}, ""atr"": {""atr_length"": 14, ""atr_mult"": 1.0}}",,,FUSEMACHINES INC,1WK,一直释放,nan-11.18-11.15-2.56-0.8,低-低-低-低,nan%-0.27%-77.04%-68.75%,26.0,182.5
2026-10-05 00:00:00,Long,FXG,58.73,0.53%,56.33,mfa,参数一,"{""mfa"": {""mfa_all"": 3}}",200.0,-4.01,FIRST TRUST CONSUMER STAPLES,1WK,,,,,,
2026-10-05 00:00:00,Long,FXG,58.73,0.53%,56.33,suf,参数一,"{""suf"": {""timeframe"": ""w""}}",200.0,-4.01,FIRST TRUST CONSUMER STAPLES,1WK,,,,,,
2026-10-05 00:00:00,Long,FXG,58.73,0.53%,56.33,mfa,参数二,"{""mfa"": {""mfa_all"": 3}}",200.0,-4.01,FIRST TRUST CONSUMER STAPLES,1WK,,,,,,
2026-10-05 00:00:00,Long,FXG,58.73,0.53%,56.33,suf,参数二,"{""suf"": {""timeframe"": ""w""}}",200.0,-4.01,FIRST TRUST CONSUMER STAPLES,1WK,,,,,,
2026-10-05 00:00:00,Long,LONA,5.58,15.77%,2.81,mfa,参数一,"{""mfa"": {""mfa_all"": 3}}",200.0,-63.48,LEONABIO INC,1WK,,,,,,
2026-10-05 00:00:00,Long,LONA,5.58,15.77%,2.81,mfa,参数二,"{""mfa"": {""mfa_all"": 3}}",200.0,-63.48,LEONABIO INC,1WK,,,,,,
2026-10-05 00:00:00,Long,TMUS,164.64,0.61%,151.07,mfa,参数一,"{""mfa"": {""mfa_all"": 19}}",200.0,-9.95,T-MOBILE US INC,1WK,,,,,,
2026-10-05 00:00:00,Long,TMUS,164.64,0.61%,151.07,mfa,参数二,"{""mfa"": {""mfa_all"": 19}}",200.0,-9.95,T-MOBILE US INC,1WK,,,,,,
2026-10-05 00:00:00,Long,IBMR,24.76,0.00%,24.6,mfa,参数一,"{""mfa"": {""mfa_all"": 3}}",200.0,,ISHARES IBONDS DEC 2029 M BD,1WK,,,,,,
2026-10-05 00:00:00,Long,IBMR,24.76,0.00%,24.6,mfa,参数二,"{""mfa"": {""mfa_all"": 3}}",200.0,,ISHARES IBONDS DEC 2029 M BD,1WK,,,,,,
2026-10-05 00:00:00,Long,GLAS,5.35,-2.55%,3.97,mfa,参数一,"{""mfa"": {""mfa_all"": 3}}",200.0,-18.2,GLASS HOUSE BRANDS INC,1WK,,,,,,
2026-10-05 00:00:00,Long,GLAS,5.35,-2.55%,3.97,mfa,参数二,"{""mfa"": {""mfa_all"": 3}}",200.0,-18.2,GLASS HOUSE BRANDS INC,1WK,,,,,,
2026-10-05 00:00:00,Long,HELX,45.19,3.21%,43.69,sqz,参数一,"{""sqz"": {""bb_length"": 15, ""bb_mult"": 1.5, ""kc_length"": 15, ""kc_mult"": 1.2, ""min_sqz_bars"": 4}, ""r&s"": {""srb_left"": 10, ""srb_right"": 10}, ""atr"": {""atr_length"": 14, ""atr_mult"": 1.0}}",,,FRANKLIN GENOMIC ADVANCEMENT,1WK,一直释放,nan-31.38-32.79-33.84-38.17,低-高-高-高,nan%-4.51%-3.20%-12.78%,39.0,22.18
2026-10-05 00:00:00,Short,EMLP,41.74,0.48%,43.08,sqz,参数一,"{""sqz"": {""bb_length"": 15, ""bb_mult"": 1.5, ""kc_length"": 15, ""kc_mult"": 1.2, ""min_sqz_bars"": 4}, ""r&s"": {""srb_left"": 10, ""srb_right"": 10}, ""atr"": {""atr_length"": 14, ""atr_mult"": 1.0}}",,,FIRST TRUST NORTH AMERICAN E,1WK,支撑释放,22.14-22.75-24.48-31.17-41.87,高-高-高-高,2.76%-7.60%-27.32%-34.35%,18.0,7.19
2026-10-05 00:00:00,Long,CWEN,29.52,0.61%,27.14,mfa,参数一,"{""mfa"": {""mfa_all"": 11}}",200.0,10.0,CLEARWAY ENERGY INC-C,1WK,,,,,,
2026-10-05 00:00:00,Long,CWEN,29.52,0.61%,27.14,mfa,参数二,"{""mfa"": {""mfa_all"": 11}}",200.0,10.0,CLEARWAY ENERGY INC-C,1WK,,,,,,
2026-10-05 00:00:00,Short,LPX,65.29,0.29%,72.84,sqz,参数二,"{""sqz"": {""bb_length"": 20, ""bb_mult"": 1.8, ""kc_length"": 20, ""kc_mult"": 1.5, ""min_sqz_bars"": 4}, ""r&s"": {""srb_left"": 15, ""srb_right"": 15}, ""atr"": {""atr_length"": 14, ""atr_mult"": 1.0}}",,,LOUISIANA-PACIFIC CORP,1WK,支撑释放,49.2-47.53-77.15-72.55-65.85,低-高-低-低,3.40%-62.33%-5.97%-9.23%,20.0,26.66
2026-10-05 00:00:00,Long,CMS,64.03,0.45%,60.57,mfa,参数一,"{""mfa"": {""mfa_all"": 6}}",200.0,2.11,CMS ENERGY CORP,1WK,,,,,,
2026-10-05 00:00:00,Long,CMS,64.03,0.45%,60.57,suf,参数一,"{""suf"": {""timeframe"": ""w""}}",200.0,2.11,CMS ENERGY CORP,1WK,,,,,,
2026-10-05 00:00:00,Long,CMS,64.03,0.45%,60.57,mfa,参数二,"{""mfa"": {""mfa_all"": 6}}",200.0,2.11,CMS ENERGY CORP,1WK,,,,,,
2026-10-05 00:00:00,Long,CMS,64.03,0.45%,60.57,suf,参数二,"{""suf"": {""timeframe"": ""w""}}",200.0,2.11,CMS ENERGY CORP,1WK,,,,,,
2026-10-05 00:00:00,Long,IROC,47.92,0.25%,47.21,mfa,参数一,"{""mfa"": {""mfa_all"": 3}}",200.0,3.6,INVESCO ROCHESTER HIGH YIELD,1WK,,,,,,
2026-10-05 00:00:00,Long,IROC,47.92,0.25%,47.21,mfa,参数二,"{""mfa"": {""mfa_all"": 3}}",200.0,3.6,INVESCO ROCHESTER HIGH YIELD,1WK,,,,,,
2026-10-05 00:00:00,Long,DVQQ,34.26,1.21%,33.17,sqz,参数二,"{""sqz"": {""bb_length"": 20, ""bb_mult"": 1.8, ""kc_length"": 20, ""kc_mult"": 1.5, ""min_sqz_bars"": 4}, ""r&s"": {""srb_left"": 15, ""srb_right"": 15}, ""atr"": {""atr_length"": 14, ""atr_mult"": 1.0}}",,,WEBS QQQ DEFINED VOLATIL-USD,1WK,压力释放,nan-29.13-33.28,低-高,nan%-14.24%,18.0,14.2
2026-10-05 00:00:00,Short,TSMZ,6.73,-2.46%,7.43,sqz,参数一,"{""sqz"": {""bb_length"": 15, ""bb_mult"": 1.5, ""kc_length"": 15, ""kc_mult"": 1.2, ""min_sqz_bars"": 4}, ""r&s"": {""srb_left"": 10, ""srb_right"": 10}, ""atr"": {""atr_length"": 14, ""atr_mult"": 1.0}}",,,DIREXION DAILY TSM BEAR 1X E,1WK,支撑释放,nan-17.69-6.99,低-低,nan%-60.50%,14.0,26.29
2026-10-05 00:00:00,Short,FXED,16.49,-0.54%,16.89,sqz,参数一,"{""sqz"": {""bb_length"": 15, ""bb_mult"": 1.5, ""kc_length"": 15, ""kc_mult"": 1.2, ""min_sqz_bars"": 4}, ""r&s"": {""srb_left"": 10, ""srb_right"": 10}, ""atr"": {""atr_length"": 14, ""atr_mult"": 1.0}}",,,SOUND ENHANCED FIXED INCOME,1WK,支撑释放,15.17-15.96-15.32-16.75-16.57,高-低-高-低,5.23%-4.04%-9.32%-1.06%,28.0,5.33
2026-10-05 00:00:00,Long,VTAK,1.62,8.00%,-0.67,mfa,参数一,"{""mfa"": {""mfa_all"": 119}}",200.0,-99.83,CATHETER PRECISION INC,1WK,,,,,,
2026-10-05 00:00:00,Long,VTAK,1.62,8.00%,-0.67,mfa,参数二,"{""mfa"": {""mfa_all"": 119}}",200.0,-99.83,CATHETER PRECISION INC,1WK,,,,,,
2026-10-05 00:00:00,Long,MTRX,10.42,1.36%,9.22,mfa,参数一,"{""mfa"": {""mfa_all"": 6}}",200.0,-3.97,MATRIX SERVICE CO,1WK,,,,,,
2026-10-05 00:00:00,Long,MTRX,10.42,1.36%,9.22,mfa,参数二,"{""mfa"": {""mfa_all"": 6}}",200.0,-3.97,MATRIX SERVICE CO,1WK,,,,,,
2026-10-05 00:00:00,Long,TROX,3.91,-0.51%,3.01,mfa,参数一,"{""mfa"": {""mfa_all"": 6}}",200.0,-58.28,TRONOX HOLDINGS PLC,1WK,,,,,,
2026-10-05 00:00:00,Long,TROX,3.91,-0.51%,3.01,mfa,参数二,"{""mfa"": {""mfa_all"": 6}}",200.0,-58.28,TRONOX HOLDINGS PLC,1WK,,,,,,
2026-10-05 00:00:00,Long,MINN,20.91,0.53%,20.35,mfa,参数一,"{""mfa"": {""mfa_all"": 5}}",200.0,0.12,MAIRS & POWER MN MUNI BOND,1WK,,,,,,
2026-10-05 00:00:00,Long,MINN,20.91,0.53%,20.35,mfa,参数二,"{""mfa"": {""mfa_all"": 5}}",200.0,0.12,MAIRS & POWER MN MUNI BOND,1WK,,,,,,
2026-10-05 00:00:00,Long,HAIN,0.51,-1.92%,0.37,mfa,参数一,"{""mfa"": {""mfa_all"": 52}}",200.0,-92.39,HAIN CELESTIAL GROUP INC,1WK,,,,,,
2026-10-05 00:00:00,Long,HAIN,0.51,-1.92%,0.37,mfa,参数二,"{""mfa"": {""mfa_all"": 52}}",200.0,-92.39,HAIN CELESTIAL GROUP INC,1WK,,,,,,
2026-10-05 00:00:00,Long,TXT,75.75,-1.95%,71.03,mfa,参数一,"{""mfa"": {""mfa_all"": 8}}",200.0,-6.43,TEXTRON INC,1WK,,,,,,
2026-10-05 00:00:00,Long,TXT,75.75,-1.95%,71.03,mfa,参数二,"{""mfa"": {""mfa_all"": 8}}",200.0,-6.43,TEXTRON INC,1WK,,,,,,
2026-10-05 00:00:00,Long,FTAI,164.7,-1.39%,136.98,mfa,参数一,"{""mfa"": {""mfa_all"": 5}}",200.0,41.25,FTAI AVIATION LTD,1WK,,,,,,
2026-10-05 00:00:00,Long,FTAI,164.7,-1.39%,136.98,mfa,参数二,"{""mfa"": {""mfa_all"": 5}}",200.0,41.25,FTAI AVIATION LTD,1WK,,,,,,
2026-10-05 00:00:00,Short,TULP,2.71,0.37%,3.12,sqz,参数一,"{""sqz"": {""bb_length"": 15, ""bb_mult"": 1.5, ""kc_length"": 15, ""kc_mult"": 1.2, ""min_sqz_bars"": 4}, ""r&s"": {""srb_left"": 10, ""srb_right"": 10}, ""atr"": {""atr_length"": 14, ""atr_mult"": 1.0}}",,,BLOOMIA HOLDINGS INC,1WK,支撑释放,4.17-3.72-3.02-3.56-3.11,低-低-高-低,10.79%-18.82%-17.88%-12.64%,43.0,73.63
2026-10-05 00:00:00,Long,TULP,2.71,0.37%,2.3,mfa,参数一,"{""mfa"": {""mfa_all"": 11}}",200.0,-46.23,BLOOMIA HOLDINGS INC,1WK,,,,,,
2026-10-05 00:00:00,Short,TULP,2.71,0.37%,3.12,sqz,参数二,"{""sqz"": {""bb_length"": 20, ""bb_mult"": 1.8, ""kc_length"": 20, ""kc_mult"": 1.5, ""min_sqz_bars"": 4}, ""r&s"": {""srb_left"": 15, ""srb_right"": 15}, ""atr"": {""atr_length"": 14, ""atr_mult"": 1.0}}",,,BLOOMIA HOLDINGS INC,1WK,支撑释放,4.05-4.17-3.02-3.56-3.11,高-低-高-低,2.96%-27.58%-17.88%-12.64%,43.0,73.63
2026-10-05 00:00:00,Long,TULP,2.71,0.37%,2.3,mfa,参数二,"{""mfa"": {""mfa_all"": 11}}",200.0,-46.23,BLOOMIA HOLDINGS INC,1WK,,,,,,
2026-10-05 00:00:00,Long,VENU,1.43,2.14%,0.85,mfa,参数一,"{""mfa"": {""mfa_all"": 37}}",200.0,,VENU HOLDING CORP,1WK,,,,,,
2026-10-05 00:00:00,Long,VENU,1.43,2.14%,0.85,mfa,参数二,"{""mfa"": {""mfa_all"": 37}}",200.0,,VENU HOLDING CORP,1WK,,,,,,
2026-10-05 00:00:00,Long,PANG,40.21,1.60%,33.6,sqz,参数二,"{""sqz"": {""bb_length"": 20, ""bb_mult"": 1.8, ""kc_length"": 20, ""kc_mult"": 1.5, ""min_sqz_bars"": 4}, ""r&s"": {""srb_left"": 15, ""srb_right"": 15}, ""atr"": {""atr_length"": 14, ""atr_mult"": 1.0}}",,,LEVERAGE SHARES 2X PANW,1WK,一直释放,nan-16.83,低,nan%,49.0,178.23
2026-10-05 00:00:00,Long,ODDZ,21.14,1.59%,20.21,mfa,参数一,"{""mfa"": {""mfa_all"": 6}}",200.0,,CORGI SPORT BETTING & GAMBL,1WK,,,,,,
2026-10-05 00:00:00,Long,ODDZ,21.14,1.59%,20.21,mfa,参数二,"{""mfa"": {""mfa_all"": 6}}",200.0,,CORGI SPORT BETTING & GAMBL,1WK,,,,,,
2026-10-05 00:00:00,Long,BDRX,0.61,-0.97%,-0.87,mfa,参数一,"{""mfa"": {""mfa_all"": 147}}",200.0,-100.0,BIODEXA PHARMACEUTICALS-ADR,1WK,,,,,,
2026-10-05 00:00:00,Long,BDRX,0.61,-0.97%,-0.87,mfa,参数二,"{""mfa"": {""mfa_all"": 147}}",200.0,-100.0,BIODEXA PHARMACEUTICALS-ADR,1WK,,,,,,
2026-10-05 00:00:00,Long,GYRO,4.5,-1.32%,4.19,mfa,参数一,"{""mfa"": {""mfa_all"": 30}}",200.0,-47.84,GYRODYNE LLC,1WK,,,,,,
2026-10-05 00:00:00,Long,GYRO,4.5,-1.32%,4.19,mfa,参数二,"{""mfa"": {""mfa_all"": 30}}",200.0,-47.84,GYRODYNE LLC,1WK,,,,,,
2026-10-05 00:00:00,Short,FTCI,1.94,-9.77%,3.07,sqz,参数二,"{""sqz"": {""bb_length"": 20, ""bb_mult"": 1.8, ""kc_length"": 20, ""kc_mult"": 1.5, ""min_sqz_bars"": 4}, ""r&s"": {""srb_left"": 15, ""srb_right"": 15}, ""atr"": {""atr_length"": 14, ""atr_mult"": 1.0}}",,,FTC SOLAR INC,1WK,一直亮红,nan-19.8-2.82-1.76-2.13,低-低-低-高,nan%-85.76%-37.59%-21.02%,78.0,498.59
2026-10-05 00:00:00,Long,GBLI,24.52,0.70%,22.11,mfa,参数一,"{""mfa"": {""mfa_all"": 16}}",200.0,-12.23,GLOBAL INDEMNITY GROUP LLC-A,1WK,,,,,,
2026-10-05 00:00:00,Long,GBLI,24.52,0.70%,22.11,mfa,参数二,"{""mfa"": {""mfa_all"": 16}}",200.0,-12.23,GLOBAL INDEMNITY GROUP LLC-A,1WK,,,,,,
2026-10-05 00:00:00,Long,NHI,65.02,-1.07%,61.41,mfa,参数一,"{""mfa"": {""mfa_all"": 3}}",200.0,5.8,NATL HEALTH INVESTORS INC,1WK,,,,,,
2026-10-05 00:00:00,Long,NHI,65.02,-1.07%,61.41,mfa,参数二,"{""mfa"": {""mfa_all"": 3}}",200.0,5.8,NATL HEALTH INVESTORS INC,1WK,,,,,,
2026-10-05 00:00:00,Long,AOTG,69.22,1.22%,66.06,sqz,参数一,"{""sqz"": {""bb_length"": 15, ""bb_mult"": 1.5, ""kc_length"": 15, ""kc_mult"": 1.2, ""min_sqz_bars"": 4}, ""r&s"": {""srb_left"": 10, ""srb_right"": 10}, ""atr"": {""atr_length"": 14, ""atr_mult"": 1.0}}",,,AOT GROWTH AND INNOVATION,1WK,压力释放,33.3-39.69-48.4-59.42-67.08,高-高-高-高,19.19%-21.95%-22.77%-12.90%,18.0,16.43
2026-10-05 00:00:00,Long,VCIT,77.99,0.01%,77.06,mfa,参数一,"{""mfa"": {""mfa_all"": 5}}",200.0,5.2,VANGUARD INT-TERM CORPORATE,1WK,,,,,,
2026-10-05 00:00:00,Long,VCIT,77.99,0.01%,77.06,mfa,参数二,"{""mfa"": {""mfa_all"": 5}}",200.0,5.2,VANGUARD INT-TERM CORPORATE,1WK,,,,,,
2026-10-05 00:00:00,Long,OSPN,18.42,1.66%,16.93,sqz,参数二,"{""sqz"": {""bb_length"": 20, ""bb_mult"": 1.8, ""kc_length"": 20, ""kc_mult"": 1.5, ""min_sqz_bars"": 4}, ""r&s"": {""srb_left"": 15, ""srb_right"": 15}, ""atr"": {""atr_length"": 14, ""atr_mult"": 1.0}}",,,ONESPAN INC,1WK,一直释放,nan-19.24-17.26,低-低,nan%-10.29%,65.0,75.2
2026-10-05 00:00:00,Long,PZA,21.44,0.61%,20.93,mfa,参数一,"{""mfa"": {""mfa_all"": 5}}",200.0,-1.53,INVESCO NATIONAL AMT-FREE MU,1WK,,,,,,
2026-10-05 00:00:00,Long,PZA,21.44,0.61%,20.93,mfa,参数二,"{""mfa"": {""mfa_all"": 5}}",200.0,-1.53,INVESCO NATIONAL AMT-FREE MU,1WK,,,,,,
2026-10-05 00:00:00,Long,BETR,11.13,-5.60%,5.63,mfa,参数一,"{""mfa"": {""mfa_all"": 21}}",200.0,-91.95,BETTER HOME & FINANCE HOLDIN,1WK,,,,,,
2026-10-05 00:00:00,Long,BETR,11.13,-5.60%,5.63,mfa,参数二,"{""mfa"": {""mfa_all"": 21}}",200.0,-91.95,BETTER HOME & FINANCE HOLDIN,1WK,,,,,,
2026-10-05 00:00:00,Short,SSII,2.77,3.75%,3.37,sqz,参数一,"{""sqz"": {""bb_length"": 15, ""bb_mult"": 1.5, ""kc_length"": 15, ""kc_mult"": 1.2, ""min_sqz_bars"": 4}, ""r&s"": {""srb_left"": 10, ""srb_right"": 10}, ""atr"": {""atr_length"": 14, ""atr_mult"": 1.0}}",,,SS INNOVATIONS INTERNATIONAL,1WK,支撑释放,nan-2.48-3.02-3.11-3.22,低-高-高-高,nan%-21.57%-3.15%-3.54%,15.0,30.43
2026-10-05 00:00:00,Short,BNTC,9.23,2.78%,11.59,sqz,参数一,"{""sqz"": {""bb_length"": 15, ""bb_mult"": 1.5, ""kc_length"": 15, ""kc_mult"": 1.2, ""min_sqz_bars"": 4}, ""r&s"": {""srb_left"": 10, ""srb_right"": 10}, ""atr"": {""atr_length"": 14, ""atr_mult"": 1.0}}",,,BENITEC BIOPHARMA INC,1WK,支撑释放,nan-1.86-2.69-10.52-9.85,低-高-高-低,nan%-44.62%-291.26%-6.41%,33.0,45.48
2026-10-05 00:00:00,Short,BNTC,9.23,2.78%,11.59,sqz,参数二,"{""sqz"": {""bb_length"": 20, ""bb_mult"": 1.8, ""kc_length"": 20, ""kc_mult"": 1.5, ""min_sqz_bars"": 4}, ""r&s"": {""srb_left"": 15, ""srb_right"": 15}, ""atr"": {""atr_length"": 14, ""atr_mult"": 1.0}}",,,BENITEC BIOPHARMA INC,1WK,支撑释放,nan-1.86-2.69-10.52-9.85,低-高-高-低,nan%-44.62%-291.26%-6.41%,33.0,45.48
2026-10-05 00:00:00,Long,TOMZ,1.58,14.49%,1.0,mfa,参数一,"{""mfa"": {""mfa_all"": 34}}",200.0,-34.45,TOMI ENVIRONMENTAL SOLUTIONS,1WK,,,,,,
2026-10-05 00:00:00,Long,TOMZ,1.58,14.49%,1.0,mfa,参数二,"{""mfa"": {""mfa_all"": 34}}",200.0,-34.45,TOMI ENVIRONMENTAL SOLUTIONS,1WK,,,,,,
2026-10-05 00:00:00,Long,CGHM,24.12,0.17%,23.69,mfa,参数一,"{""mfa"": {""mfa_all"": 3}}",200.0,,CAP GROUP MUNI HIGH-INCOME,1WK,,,,,,
2026-10-05 00:00:00,Long,CGHM,24.12,0.17%,23.69,mfa,参数二,"{""mfa"": {""mfa_all"": 3}}",200.0,,CAP GROUP MUNI HIGH-INCOME,1WK,,,,,,
2026-10-05 00:00:00,Short,TE,3.7,-5.61%,5.23,sqz,参数二,"{""sqz"": {""bb_length"": 20, ""bb_mult"": 1.8, ""kc_length"": 20, ""kc_mult"": 1.5, ""min_sqz_bars"": 4}, ""r&s"": {""srb_left"": 15, ""srb_right"": 15}, ""atr"": {""atr_length"": 14, ""atr_mult"": 1.0}}",,,T1 ENERGY INC,1WK,一直亮红,nan-1.21-0.91-0.92-3.74,低-低-高-高,nan%-24.79%-1.10%-306.52%,26.0,233.96
2026-10-05 00:00:00,Long,XOVR,22.43,3.08%,20.71,sqz,参数二,"{""sqz"": {""bb_length"": 20, ""bb_mult"": 1.8, ""kc_length"": 20, ""kc_mult"": 1.5, ""min_sqz_bars"": 4}, ""r&s"": {""srb_left"": 15, ""srb_right"": 15}, ""atr"": {""atr_length"": 14, ""atr_mult"": 1.0}}",,,ERSHARES PRIVATE-PUBLIC CROS,1WK,压力释放,nan-13.01-19.59-21.78,低-高-高,nan%-50.58%-11.18%,49.0,33.05
2026-10-05 00:00:00,Long,PBRG,60.29,23.20%,53.0,sqz,参数一,"{""sqz"": {""bb_length"": 15, ""bb_mult"": 1.5, ""kc_length"": 15, ""kc_mult"": 1.2, ""min_sqz_bars"": 4}, ""r&s"": {""srb_left"": 10, ""srb_right"": 10}, ""atr"": {""atr_length"": 14, ""atr_mult"": 1.0}}",,,LEVERAGE SHARES 2X PBR,1WK,一直亮绿,nan-52.49,低,nan%,22.0,94.99
2026-10-05 00:00:00,Short,PFFL,6.76,-0.88%,7.01,sqz,参数一,"{""sqz"": {""bb_length"": 15, ""bb_mult"": 1.5, ""kc_length"": 15, ""kc_mult"": 1.2, ""min_sqz_bars"": 4}, ""r&s"": {""srb_left"": 10, ""srb_right"": 10}, ""atr"": {""atr_length"": 14, ""atr_mult"": 1.0}}",,,ETRACS MON PAY 2XLEV PREFER,1WK,支撑释放,5.55-6.85-6.46-7.2-7.02,高-低-高-低,23.38%-5.69%-11.41%-2.46%,29.0,12.56
2026-10-05 00:00:00,Long,PFFL,6.76,-0.88%,6.5,mfa,参数一,"{""mfa"": {""mfa_all"": 5}}",200.0,-7.91,ETRACS MON PAY 2XLEV PREFER,1WK,,,,,,
2026-10-05 00:00:00,Long,PFFL,6.76,-0.88%,6.5,mfa,参数二,"{""mfa"": {""mfa_all"": 5}}",200.0,-7.91,ETRACS MON PAY 2XLEV PREFER,1WK,,,,,,
2026-10-05 00:00:00,Long,FMB,48.1,0.08%,47.41,mfa,参数一,"{""mfa"": {""mfa_all"": 5}}",200.0,1.14,FIRST TRUST MANAGED MUNICIPA,1WK,,,,,,
2026-10-05 00:00:00,Long,FMB,48.1,0.08%,47.41,suf,参数一,"{""suf"": {""timeframe"": ""w""}}",200.0,1.14,FIRST TRUST MANAGED MUNICIPA,1WK,,,,,,
2026-10-05 00:00:00,Long,FMB,48.1,0.08%,47.41,mfa,参数二,"{""mfa"": {""mfa_all"": 5}}",200.0,1.14,FIRST TRUST MANAGED MUNICIPA,1WK,,,,,,
2026-10-05 00:00:00,Long,FMB,48.1,0.08%,47.41,suf,参数二,"{""suf"": {""timeframe"": ""w""}}",200.0,1.14,FIRST TRUST MANAGED MUNICIPA,1WK,,,,,,
2026-10-05 00:00:00,Long,UAA,4.7,-0.21%,3.97,mfa,参数一,"{""mfa"": {""mfa_all"": 5}}",200.0,-34.51,UNDER ARMOUR INC-CLASS A,1WK,,,,,,
2026-10-05 00:00:00,Long,UAA,4.7,-0.21%,3.97,mfa,参数二,"{""mfa"": {""mfa_all"": 5}}",200.0,-34.51,UNDER ARMOUR INC-CLASS A,1WK,,,,,,
2026-10-05 00:00:00,Long,XSVN,44.47,-0.11%,43.9,mfa,参数一,"{""mfa"": {""mfa_all"": 5}}",200.0,0.57,BONDBLOXX BBG 7 YR US TREAS,1WK,,,,,,
2026-10-05 00:00:00,Long,XSVN,44.47,-0.11%,43.9,mfa,参数二,"{""mfa"": {""mfa_all"": 5}}",200.0,0.57,BONDBLOXX BBG 7 YR US TREAS,1WK,,,,,,
2026-10-05 00:00:00,Long,QQMG,52.8,0.72%,50.83,sqz,参数一,"{""sqz"": {""bb_length"": 15, ""bb_mult"": 1.5, ""kc_length"": 15, ""kc_mult"": 1.2, ""min_sqz_bars"": 4}, ""r&s"": {""srb_left"": 10, ""srb_right"": 10}, ""atr"": {""atr_length"": 14, ""atr_mult"": 1.0}}",,,INVESCO ESG NASDAQ 100,1WK,压力释放,34.47-36.41-43.86-43.85-51.84,高-高-低-高,5.65%-20.46%-0.03%-18.21%,18.0,12.95
2026-10-05 00:00:00,Long,SECR,24.03,-0.32%,23.81,mfa,参数一,"{""mfa"": {""mfa_all"": 5}}",200.0,,NYLIM MACKAY SECURITIZED INC,1WK,,,,,,
2026-10-05 00:00:00,Long,SECR,24.03,-0.32%,23.81,mfa,参数二,"{""mfa"": {""mfa_all"": 5}}",200.0,,NYLIM MACKAY SECURITIZED INC,1WK,,,,,,
2026-10-05 00:00:00,Long,WIMI,0.76,-1.43%,0.52,mfa,参数一,"{""mfa"": {""mfa_all"": 37}}",200.0,-88.65,WIMI HOLOGRAM CLOUD INC-B,1WK,,,,,,
2026-10-05 00:00:00,Long,WIMI,0.76,-1.43%,0.52,mfa,参数二,"{""mfa"": {""mfa_all"": 37}}",200.0,-88.65,WIMI HOLOGRAM CLOUD INC-B,1WK,,,,,,
2026-10-05 00:00:00,Long,DEED,20.26,0.10%,19.98,mfa,参数一,"{""mfa"": {""mfa_all"": 4}}",200.0,5.09,FIRST TRUST SECURITIZED PLUS,1WK,,,,,,
2026-10-05 00:00:00,Long,DEED,20.26,0.10%,19.98,mfa,参数二,"{""mfa"": {""mfa_all"": 4}}",200.0,5.09,FIRST TRUST SECURITIZED PLUS,1WK,,,,,,
2026-10-05 00:00:00,Short,CEPV,10.27,-0.19%,10.34,utb,参数一,"{""utb"": {""key_value"": 2.5, ""atr_period"": 14, ""use_ha"": false}, ""r&s"": {""srb_left"": 10, ""srb_right"": 10}, ""atr"": {""atr_length"": 14, ""atr_mult"": 1.0}}",,,CANTOR EQUITY PARTNERS-CL A,1WK,,,,,,
2026-10-05 00:00:00,Long,CPLB,19.97,-0.02%,19.76,mfa,参数一,"{""mfa"": {""mfa_all"": 3}}",200.0,5.5,NYLIM MACKAY CORE PLUS BOND,1WK,,,,,,
2026-10-05 00:00:00,Long,CPLB,19.97,-0.02%,19.76,mfa,参数二,"{""mfa"": {""mfa_all"": 3}}",200.0,5.5,NYLIM MACKAY CORE PLUS BOND,1WK,,,,,,
2026-10-05 00:00:00,Long,AVMU,43.02,0.42%,42.25,mfa,参数一,"{""mfa"": {""mfa_all"": 6}}",200.0,-0.17,AVANTIS CORE MUNICIPAL FIXED,1WK,,,,,,
2026-10-05 00:00:00,Long,AVMU,43.02,0.42%,42.25,mfa,参数二,"{""mfa"": {""mfa_all"": 6}}",200.0,-0.17,AVANTIS CORE MUNICIPAL FIXED,1WK,,,,,,
2026-10-05 00:00:00,Long,SLQT,0.42,1.95%,0.27,mfa,参数一,"{""mfa"": {""mfa_all"": 7}}",200.0,-78.03,SELECTQUOTE INC,1WK,,,,,,
2026-10-05 00:00:00,Long,SLQT,0.42,1.95%,0.27,mfa,参数二,"{""mfa"": {""mfa_all"": 7}}",200.0,-78.03,SELECTQUOTE INC,1WK,,,,,,
2026-10-05 00:00:00,Long,VTC,72.54,0.03%,71.61,mfa,参数一,"{""mfa"": {""mfa_all"": 4}}",200.0,4.1,VANGUARD TOTAL CORPORATE BND,1WK,,,,,,
2026-10-05 00:00:00,Long,VTC,72.54,0.03%,71.61,mfa,参数二,"{""mfa"": {""mfa_all"": 4}}",200.0,4.1,VANGUARD TOTAL CORPORATE BND,1WK,,,,,,
2026-10-05 00:00:00,Long,PXH,29.72,2.17%,28.79,sqz,参数一,"{""sqz"": {""bb_length"": 15, ""bb_mult"": 1.5, ""kc_length"": 15, ""kc_mult"": 1.2, ""min_sqz_bars"": 4}, ""r&s"": {""srb_left"": 10, ""srb_right"": 10}, ""atr"": {""atr_length"": 14, ""atr_mult"": 1.0}}",,,INVES RAFI EMER MRKT-USD INC,1WK,一直亮绿,nan-17.2-19.23-21.5-29.41,低-高-高-高,nan%-11.86%-11.76%-36.79%,18.0,8.7
2026-10-05 00:00:00,Long,PLUR,1.04,2.97%,0.67,mfa,参数一,"{""mfa"": {""mfa_all"": 21}}",200.0,-78.84,PLURI INC,1WK,,,,,,
2026-10-05 00:00:00,Long,PLUR,1.04,2.97%,0.67,mfa,参数二,"{""mfa"": {""mfa_all"": 21}}",200.0,-78.84,PLURI INC,1WK,,,,,,
2026-10-05 00:00:00,Long,ORC,5.05,-1.17%,4.7,mfa,参数一,"{""mfa"": {""mfa_all"": 4}}",200.0,-10.69,ORCHID ISLAND CAPITAL INC,1WK,,,,,,
2026-10-05 00:00:00,Long,ORC,5.05,-1.17%,4.7,mfa,参数二,"{""mfa"": {""mfa_all"": 4}}",200.0,-10.69,ORCHID ISLAND CAPITAL INC,1WK,,,,,,
2026-10-05 00:00:00,Long,OPFI,6.04,1.17%,5.14,mfa,参数一,"{""mfa"": {""mfa_all"": 9}}",200.0,-3.26,OPPFI INC,1WK,,,,,,
2026-10-05 00:00:00,Long,OPFI,6.04,1.17%,5.14,mfa,参数二,"{""mfa"": {""mfa_all"": 9}}",200.0,-3.26,OPPFI INC,1WK,,,,,,
2026-10-05 00:00:00,Long,MNDR,1.28,-2.95%,0.06,mfa,参数一,"{""mfa"": {""mfa_all"": 81}}",200.0,,MOBILE-HEALTH NETWORK SOLUTI,1WK,,,,,,
2026-10-05 00:00:00,Long,MNDR,1.28,-2.95%,0.06,mfa,参数二,"{""mfa"": {""mfa_all"": 81}}",200.0,,MOBILE-HEALTH NETWORK SOLUTI,1WK,,,,,,
2026-10-05 00:00:00,Long,SHYD,22.0,0.09%,21.68,mfa,参数一,"{""mfa"": {""mfa_all"": 3}}",200.0,4.65,VANECK SH HI YLD MUNI,1WK,,,,,,
2026-10-05 00:00:00,Long,SHYD,22.0,0.09%,21.68,mfa,参数二,"{""mfa"": {""mfa_all"": 3}}",200.0,4.65,VANECK SH HI YLD MUNI,1WK,,,,,,
2026-10-05 00:00:00,Long,ZTS,71.41,2.47%,63.57,mfa,参数一,"{""mfa"": {""mfa_all"": 31}}",200.0,-51.94,ZOETIS INC,1WK,,,,,,
2026-10-05 00:00:00,Long,ZTS,71.41,2.47%,63.57,mfa,参数二,"{""mfa"": {""mfa_all"": 31}}",200.0,-51.94,ZOETIS INC,1WK,,,,,,
2026-10-05 00:00:00,Long,INTR,6.56,19.71%,5.83,mfa,参数一,"{""mfa"": {""mfa_all"": 24}}",200.0,17.26,INTER & CO INC - CL A,1WK,,,,,,
2026-10-05 00:00:00,Long,INTR,6.56,19.71%,5.83,mfa,参数二,"{""mfa"": {""mfa_all"": 24}}",200.0,17.26,INTER & CO INC - CL A,1WK,,,,,,
2026-10-05 00:00:00,Long,BSCU,16.17,0.12%,16.01,mfa,参数一,"{""mfa"": {""mfa_all"": 3}}",200.0,6.79,INVESCO BULLETSHARES 2030 CB,1WK,,,,,,
2026-10-05 00:00:00,Long,BSCU,16.17,0.12%,16.01,mfa,参数二,"{""mfa"": {""mfa_all"": 3}}",200.0,6.79,INVESCO BULLETSHARES 2030 CB,1WK,,,,,,
2026-10-05 00:00:00,Long,BYLD,21.46,-0.05%,21.22,mfa,参数一,"{""mfa"": {""mfa_all"": 3}}",200.0,6.37,ISHARES YIELD OPTIMIZED BOND,1WK,,,,,,
2026-10-05 00:00:00,Long,BYLD,21.46,-0.05%,21.22,mfa,参数二,"{""mfa"": {""mfa_all"": 3}}",200.0,6.37,ISHARES YIELD OPTIMIZED BOND,1WK,,,,,,
2026-10-05 00:00:00,Short,CLVT,1.45,-2.03%,1.82,sqz,参数一,"{""sqz"": {""bb_length"": 15, ""bb_mult"": 1.5, ""kc_length"": 15, ""kc_mult"": 1.2, ""min_sqz_bars"": 4}, ""r&s"": {""srb_left"": 10, ""srb_right"": 10}, ""atr"": {""atr_length"": 14, ""atr_mult"": 1.0}}",,,CLARIVATE PLC,1WK,支撑释放,4.97-4.25-3.04-3.2-1.66,低-低-高-低,14.49%-28.47%-5.26%-48.13%,32.0,83.73
2026-10-05 00:00:00,Long,JBS,11.89,1.89%,10.78,mfa,参数一,"{""mfa"": {""mfa_all"": 3}}",200.0,,JBS NV-A,1WK,,,,,,
2026-10-05 00:00:00,Long,JBS,11.89,1.89%,10.78,mfa,参数二,"{""mfa"": {""mfa_all"": 3}}",200.0,,JBS NV-A,1WK,,,,,,
2026-10-05 00:00:00,Long,UPBD,15.72,-1.19%,14.05,mfa,参数一,"{""mfa"": {""mfa_all"": 3}}",200.0,-32.38,UPBOUND GROUP INC,1WK,,,,,,
2026-10-05 00:00:00,Long,UPBD,15.72,-1.19%,14.05,mfa,参数二,"{""mfa"": {""mfa_all"": 3}}",200.0,-32.38,UPBOUND GROUP INC,1WK,,,,,,
2026-10-05 00:00:00,Long,CMCT,4.66,22.63%,-16.52,mfa,参数一,"{""mfa"": {""mfa_all"": 47}}",200.0,-99.89,CREATIVE MEDIA & COMMUNITY T,1WK,,,,,,
2026-10-05 00:00:00,Long,CMCT,4.66,22.63%,-16.52,mfa,参数二,"{""mfa"": {""mfa_all"": 47}}",200.0,-99.89,CREATIVE MEDIA & COMMUNITY T,1WK,,,,,,
2026-10-05 00:00:00,Long,OPEG,0.93,-8.39%,-0.11,mfa,参数一,"{""mfa"": {""mfa_all"": 37}}",200.0,,LEVERAGE SHARES 2X OPEN,1WK,,,,,,
2026-10-05 00:00:00,Long,OPEG,0.93,-8.39%,-0.11,mfa,参数二,"{""mfa"": {""mfa_all"": 37}}",200.0,,LEVERAGE SHARES 2X OPEN,1WK,,,,,,
2026-10-05 00:00:00,Long,AURE,1.07,3.88%,0.58,mfa,参数一,"{""mfa"": {""mfa_all"": 14}}",200.0,,AURELION INC,1WK,,,,,,
2026-10-05 00:00:00,Long,AURE,1.07,3.88%,0.58,mfa,参数二,"{""mfa"": {""mfa_all"": 14}}",200.0,,AURELION INC,1WK,,,,,,
2026-10-05 00:00:00,Long,LOAN,3.87,2.38%,3.59,mfa,参数一,"{""mfa"": {""mfa_all"": 11}}",200.0,-9.28,MANHATTAN BRIDGE CAPITAL INC,1WK,,,,,,
2026-10-05 00:00:00,Long,LOAN,3.87,2.38%,3.59,suf,参数一,"{""suf"": {""timeframe"": ""w""}}",200.0,-9.28,MANHATTAN BRIDGE CAPITAL INC,1WK,,,,,,
2026-10-05 00:00:00,Long,LOAN,3.87,2.38%,3.59,mfa,参数二,"{""mfa"": {""mfa_all"": 11}}",200.0,-9.28,MANHATTAN BRIDGE CAPITAL INC,1WK,,,,,,
2026-10-05 00:00:00,Long,LOAN,3.87,2.38%,3.59,suf,参数二,"{""suf"": {""timeframe"": ""w""}}",200.0,-9.28,MANHATTAN BRIDGE CAPITAL INC,1WK,,,,,,
2026-10-05 00:00:00,Long,BNT,36.82,-0.27%,34.6,mfa,参数一,"{""mfa"": {""mfa_all"": 6}}",200.0,9.89,BROOKFIELD WEALTH SOLUTIONS,1WK,,,,,,
2026-10-05 00:00:00,Long,BNT,36.82,-0.27%,34.6,mfa,参数二,"{""mfa"": {""mfa_all"": 6}}",200.0,9.89,BROOKFIELD WEALTH SOLUTIONS,1WK,,,,,,
2026-10-05 00:00:00,Long,NERV,3.32,1.22%,2.42,mfa,参数一,"{""mfa"": {""mfa_all"": 4}}",200.0,-17.31,MINERVA NEUROSCIENCES INC,1WK,,,,,,
2026-10-05 00:00:00,Long,NERV,3.32,1.22%,2.42,mfa,参数二,"{""mfa"": {""mfa_all"": 4}}",200.0,-17.31,MINERVA NEUROSCIENCES INC,1WK,,,,,,
2026-10-05 00:00:00,Long,UDR,33.84,1.71%,31.67,suf,参数一,"{""suf"": {""timeframe"": ""w""}}",200.0,-6.64,UDR INC,1WK,,,,,,
2026-10-05 00:00:00,Long,UDR,33.84,1.71%,31.67,suf,参数二,"{""suf"": {""timeframe"": ""w""}}",200.0,-6.64,UDR INC,1WK,,,,,,
2026-10-05 00:00:00,Long,FAPR,48.17,0.23%,47.53,sqz,参数二,"{""sqz"": {""bb_length"": 20, ""bb_mult"": 1.8, ""kc_length"": 20, ""kc_mult"": 1.5, ""min_sqz_bars"": 4}, ""r&s"": {""srb_left"": 15, ""srb_right"": 15}, ""atr"": {""atr_length"": 14, ""atr_mult"": 1.0}}",,,FT VEST U.S. EQUITY BUFFER E,1WK,一直释放,nan-33.52-42.29,低-高,nan%-26.16%,85.0,15.14
2026-10-05 00:00:00,Long,ERII,6.83,0.89%,5.88,mfa,参数一,"{""mfa"": {""mfa_all"": 33}}",200.0,-57.73,ENERGY RECOVERY INC,1WK,,,,,,
2026-10-05 00:00:00,Long,ERII,6.83,0.89%,5.88,mfa,参数二,"{""mfa"": {""mfa_all"": 33}}",200.0,-57.73,ENERGY RECOVERY INC,1WK,,,,,,
2026-10-05 00:00:00,Long,ASPI,2.93,0.69%,2.02,mfa,参数一,"{""mfa"": {""mfa_all"": 13}}",200.0,-31.12,ASP ISOTOPES INC,1WK,,,,,,
2026-10-05 00:00:00,Long,ASPI,2.93,0.69%,2.02,mfa,参数二,"{""mfa"": {""mfa_all"": 13}}",200.0,-31.12,ASP ISOTOPES INC,1WK,,,,,,
2026-10-05 00:00:00,Long,ACGR,72.39,0.60%,70.55,sqz,参数二,"{""sqz"": {""bb_length"": 20, ""bb_mult"": 1.8, ""kc_length"": 20, ""kc_mult"": 1.5, ""min_sqz_bars"": 4}, ""r&s"": {""srb_left"": 15, ""srb_right"": 15}, ""atr"": {""atr_length"": 14, ""atr_mult"": 1.0}}",,,AMERICAN CENTURY LARGE CAP G,1WK,压力释放,nan-56.92-60.54-68.12-72.23,低-高-高-高,nan%-6.36%-12.52%-6.04%,18.0,11.75
2026-10-05 00:00:00,Long,ADNT,17.24,-0.40%,15.24,mfa,参数一,"{""mfa"": {""mfa_all"": 4}}",200.0,-34.72,ADIENT PLC,1WK,,,,,,
2026-10-05 00:00:00,Long,ADNT,17.24,-0.40%,15.24,mfa,参数二,"{""mfa"": {""mfa_all"": 4}}",200.0,-34.72,ADIENT PLC,1WK,,,,,,
2026-10-05 00:00:00,Long,PPCB,0.5,-1.48%,-1.89,mfa,参数一,"{""mfa"": {""mfa_all"": 50}}",200.0,-98.2,PROPANC BIOPHARMA INC,1WK,,,,,,
2026-10-05 00:00:00,Long,PPCB,0.5,-1.48%,-1.89,mfa,参数二,"{""mfa"": {""mfa_all"": 50}}",200.0,-98.2,PROPANC BIOPHARMA INC,1WK,,,,,,
2026-10-05 00:00:00,Long,CREX,2.48,-0.80%,2.04,mfa,参数一,"{""mfa"": {""mfa_all"": 8}}",200.0,-16.47,CREATIVE REALITIES INC,1WK,,,,,,
2026-10-05 00:00:00,Long,CREX,2.48,-0.80%,2.04,mfa,参数二,"{""mfa"": {""mfa_all"": 8}}",200.0,-16.47,CREATIVE REALITIES INC,1WK,,,,,,
2026-10-05 00:00:00,Long,SFD,18.73,-0.69%,17.43,mfa,参数一,"{""mfa"": {""mfa_all"": 6}}",200.0,,SMITHFIELD FOODS INC,1WK,,,,,,
2026-10-05 00:00:00,Long,SFD,18.73,-0.69%,17.43,mfa,参数二,"{""mfa"": {""mfa_all"": 6}}",200.0,,SMITHFIELD FOODS INC,1WK,,,,,,
2026-10-05 00:00:00,Long,KLXE,1.37,-0.72%,0.97,mfa,参数一,"{""mfa"": {""mfa_all"": 9}}",200.0,-77.24,KLX ENERGY SERVICES HOLDING,1WK,,,,,,
2026-10-05 00:00:00,Long,KLXE,1.37,-0.72%,0.97,mfa,参数二,"{""mfa"": {""mfa_all"": 9}}",200.0,-77.24,KLX ENERGY SERVICES HOLDING,1WK,,,,,,
2026-10-05 00:00:00,Long,PAL,3.59,0.84%,2.6,mfa,参数一,"{""mfa"": {""mfa_all"": 7}}",200.0,,PROFICIENT AUTO LOGISTICS IN,1WK,,,,,,
2026-10-05 00:00:00,Long,PAL,3.59,0.84%,2.6,mfa,参数二,"{""mfa"": {""mfa_all"": 7}}",200.0,,PROFICIENT AUTO LOGISTICS IN,1WK,,,,,,
2026-10-05 00:00:00,Long,MI,7.0,683.00%,-0.47,suf,参数一,"{""suf"": {""timeframe"": ""w""}}",200.0,-26.15,NFT LTD-A,1WK,,,,,,
2026-10-05 00:00:00,Long,MI,7.0,683.00%,-0.47,suf,参数二,"{""suf"": {""timeframe"": ""w""}}",200.0,-26.15,NFT LTD-A,1WK,,,,,,
2026-10-05 00:00:00,Long,STAX,24.81,-0.02%,24.67,mfa,参数一,"{""mfa"": {""mfa_all"": 4}}",200.0,,NOMURA TAX-FREE USA SHORT TE,1WK,,,,,,
2026-10-05 00:00:00,Long,STAX,24.81,-0.02%,24.67,mfa,参数二,"{""mfa"": {""mfa_all"": 4}}",200.0,,NOMURA TAX-FREE USA SHORT TE,1WK,,,,,,
2026-10-05 00:00:00,Long,DFNM,46.2,-0.13%,45.8,mfa,参数一,"{""mfa"": {""mfa_all"": 5}}",200.0,1.86,DIMENSIONAL NATIONAL MUNI BD,1WK,,,,,,
2026-10-05 00:00:00,Long,DFNM,46.2,-0.13%,45.8,mfa,参数二,"{""mfa"": {""mfa_all"": 5}}",200.0,1.86,DIMENSIONAL NATIONAL MUNI BD,1WK,,,,,,
2026-10-05 00:00:00,Long,TYA,10.92,-0.27%,10.53,mfa,参数一,"{""mfa"": {""mfa_all"": 30}}",200.0,-13.03,SIMPLIFY INTERMEDIATE TERM,1WK,,,,,,
2026-10-05 00:00:00,Long,TYA,10.92,-0.27%,10.53,mfa,参数二,"{""mfa"": {""mfa_all"": 30}}",200.0,-13.03,SIMPLIFY INTERMEDIATE TERM,1WK,,,,,,
2026-10-05 00:00:00,Long,EPRT,25.64,-1.00%,24.31,mfa,参数一,"{""mfa"": {""mfa_all"": 4}}",200.0,-2.85,ESSENTIAL PROPERTIES REALTY,1WK,,,,,,
2026-10-05 00:00:00,Long,EPRT,25.64,-1.00%,24.31,mfa,参数二,"{""mfa"": {""mfa_all"": 4}}",200.0,-2.85,ESSENTIAL PROPERTIES REALTY,1WK,,,,,,
2026-10-05 00:00:00,Long,SXQG,34.05,1.04%,33.09,sqz,参数一,"{""sqz"": {""bb_length"": 15, ""bb_mult"": 1.5, ""kc_length"": 15, ""kc_mult"": 1.2, ""min_sqz_bars"": 4}, ""r&s"": {""srb_left"": 10, ""srb_right"": 10}, ""atr"": {""atr_length"": 14, ""atr_mult"": 1.0}}",,,ETC 6 MERIDIAN QUALITY GROWT,1WK,一直亮绿,24.83-28.93-30.62-33.35-33.92,高-高-高-高,16.51%-5.87%-8.90%-1.73%,49.0,16.58
2026-10-05 00:00:00,Long,IEI,113.17,0.00%,112.28,mfa,参数一,"{""mfa"": {""mfa_all"": 5}}",200.0,3.36,ISHARES 3-7 YEAR TREASURY BO,1WK,,,,,,
2026-10-05 00:00:00,Long,IEI,113.17,0.00%,112.28,mfa,参数二,"{""mfa"": {""mfa_all"": 5}}",200.0,3.36,ISHARES 3-7 YEAR TREASURY BO,1WK,,,,,,
2026-10-05 00:00:00,Long,IBDW,20.01,0.15%,19.8,mfa,参数一,"{""mfa"": {""mfa_all"": 3}}",200.0,6.54,ISHARES IBONDS DEC 2031 CORP,1WK,,,,,,
2026-10-05 00:00:00,Long,IBDW,20.01,0.15%,19.8,mfa,参数二,"{""mfa"": {""mfa_all"": 3}}",200.0,6.54,ISHARES IBONDS DEC 2031 CORP,1WK,,,,,,
2026-10-05 00:00:00,Long,JZ,0.47,8.03%,-4.7,mfa,参数一,"{""mfa"": {""mfa_all"": 79}}",200.0,-99.88,JIANZHI EDUCATION TECHNOLOGY,1WK,,,,,,
2026-10-05 00:00:00,Long,JZ,0.47,8.03%,-4.7,mfa,参数二,"{""mfa"": {""mfa_all"": 79}}",200.0,-99.88,JIANZHI EDUCATION TECHNOLOGY,1WK,,,,,,
2026-10-05 00:00:00,Long,IDRV,33.2,0.78%,31.35,mfa,参数一,"{""mfa"": {""mfa_all"": 13}}",200.0,-0.83,ISHARES SELF-DRIVING EV&TECH,1WK,,,,,,
2026-10-05 00:00:00,Long,IDRV,33.2,0.78%,31.35,suf,参数一,"{""suf"": {""timeframe"": ""w""}}",200.0,-0.83,ISHARES SELF-DRIVING EV&TECH,1WK,,,,,,
2026-10-05 00:00:00,Long,IDRV,33.2,0.78%,31.35,mfa,参数二,"{""mfa"": {""mfa_all"": 13}}",200.0,-0.83,ISHARES SELF-DRIVING EV&TECH,1WK,,,,,,
2026-10-05 00:00:00,Long,IDRV,33.2,0.78%,31.35,suf,参数二,"{""suf"": {""timeframe"": ""w""}}",200.0,-0.83,ISHARES SELF-DRIVING EV&TECH,1WK,,,,,,
2026-10-05 00:00:00,Long,VTEL,95.9,0.02%,94.29,mfa,参数一,"{""mfa"": {""mfa_all"": 5}}",200.0,,VANGUARD LT TAX-EX BOND,1WK,,,,,,
2026-10-05 00:00:00,Long,VTEL,95.9,0.02%,94.29,mfa,参数二,"{""mfa"": {""mfa_all"": 5}}",200.0,,VANGUARD LT TAX-EX BOND,1WK,,,,,,
2026-10-05 00:00:00,Long,VALG,15.84,5.97%,13.95,mfa,参数一,"{""mfa"": {""mfa_all"": 9}}",200.0,,LEVERAGE SHARES 2X VALE,1WK,,,,,,
2026-10-05 00:00:00,Long,VALG,15.84,5.97%,13.95,mfa,参数二,"{""mfa"": {""mfa_all"": 9}}",200.0,,LEVERAGE SHARES 2X VALE,1WK,,,,,,
2026-10-05 00:00:00,Long,DAKT,17.8,-0.89%,16.13,mfa,参数一,"{""mfa"": {""mfa_all"": 5}}",200.0,32.51,DAKTRONICS INC,1WK,,,,,,
2026-10-05 00:00:00,Long,DAKT,17.8,-0.89%,16.13,mfa,参数二,"{""mfa"": {""mfa_all"": 5}}",200.0,32.51,DAKTRONICS INC,1WK,,,,,,
2026-10-05 00:00:00,Long,BXDC,17.22,-0.29%,15.52,mfa,参数一,"{""mfa"": {""mfa_all"": 13}}",200.0,,BLACKSTONE DIGITAL INFRASTRU,1WK,,,,,,
2026-10-05 00:00:00,Long,BXDC,17.22,-0.29%,15.52,mfa,参数二,"{""mfa"": {""mfa_all"": 13}}",200.0,,BLACKSTONE DIGITAL INFRASTRU,1WK,,,,,,
2026-10-05 00:00:00,Long,AGO,69.13,0.96%,64.53,mfa,参数一,"{""mfa"": {""mfa_all"": 5}}",200.0,-7.39,ASSURED GUARANTY LTD,1WK,,,,,,
2026-10-05 00:00:00,Long,AGO,69.13,0.96%,64.53,mfa,参数二,"{""mfa"": {""mfa_all"": 5}}",200.0,-7.39,ASSURED GUARANTY LTD,1WK,,,,,,
2026-10-05 00:00:00,Long,MIG,20.17,0.05%,19.98,mfa,参数一,"{""mfa"": {""mfa_all"": 5}}",200.0,4.19,VANECK MOODY'S ANALYTICS IG,1WK,,,,,,
2026-10-05 00:00:00,Long,MIG,20.17,0.05%,19.98,mfa,参数二,"{""mfa"": {""mfa_all"": 5}}",200.0,4.19,VANECK MOODY'S ANALYTICS IG,1WK,,,,,,
2026-10-05 00:00:00,Long,WVVI,2.0,1.52%,1.64,mfa,参数一,"{""mfa"": {""mfa_all"": 16}}",200.0,-55.19,WILLAMETTE VALLEY VINEYARDS,1WK,,,,,,
2026-10-05 00:00:00,Long,WVVI,2.0,1.52%,1.64,suf,参数一,"{""suf"": {""timeframe"": ""w""}}",200.0,-55.19,WILLAMETTE VALLEY VINEYARDS,1WK,,,,,,
2026-10-05 00:00:00,Long,WVVI,2.0,1.52%,1.64,mfa,参数二,"{""mfa"": {""mfa_all"": 16}}",200.0,-55.19,WILLAMETTE VALLEY VINEYARDS,1WK,,,,,,
2026-10-05 00:00:00,Long,WVVI,2.0,1.52%,1.64,suf,参数二,"{""suf"": {""timeframe"": ""w""}}",200.0,-55.19,WILLAMETTE VALLEY VINEYARDS,1WK,,,,,,
2026-10-05 00:00:00,Long,YELP,18.5,1.31%,15.87,mfa,参数一,"{""mfa"": {""mfa_all"": 4}}",200.0,-45.2,YELP INC,1WK,,,,,,
2026-10-05 00:00:00,Long,YELP,18.5,1.31%,15.87,mfa,参数二,"{""mfa"": {""mfa_all"": 4}}",200.0,-45.2,YELP INC,1WK,,,,,,
2026-10-05 00:00:00,Long,MUST,19.19,0.37%,18.79,mfa,参数一,"{""mfa"": {""mfa_all"": 6}}",200.0,-0.18,COLUMBIA MULTI-SECT MUNI INC,1WK,,,,,,
2026-10-05 00:00:00,Long,MUST,19.19,0.37%,18.79,mfa,参数二,"{""mfa"": {""mfa_all"": 6}}",200.0,-0.18,COLUMBIA MULTI-SECT MUNI INC,1WK,,,,,,
2026-10-05 00:00:00,Long,LNT,64.29,-0.06%,61.35,mfa,参数一,"{""mfa"": {""mfa_all"": 3}}",200.0,14.24,ALLIANT ENERGY CORP,1WK,,,,,,
2026-10-05 00:00:00,Long,LNT,64.29,-0.06%,61.35,mfa,参数二,"{""mfa"": {""mfa_all"": 3}}",200.0,14.24,ALLIANT ENERGY CORP,1WK,,,,,,
2026-10-05 00:00:00,Long,MFSB,23.79,-0.08%,23.52,mfa,参数一,"{""mfa"": {""mfa_all"": 3}}",200.0,,MFS ACTIVE CORE PLUS BOND,1WK,,,,,,
2026-10-05 00:00:00,Long,MFSB,23.79,-0.08%,23.52,mfa,参数二,"{""mfa"": {""mfa_all"": 3}}",200.0,,MFS ACTIVE CORE PLUS BOND,1WK,,,,,,
2026-10-05 00:00:00,Long,QLTA,44.87,0.02%,44.28,mfa,参数一,"{""mfa"": {""mfa_all"": 5}}",200.0,3.01,ISHARES AAA - A RATED CORPOR,1WK,,,,,,
2026-10-05 00:00:00,Long,QLTA,44.87,0.02%,44.28,mfa,参数二,"{""mfa"": {""mfa_all"": 5}}",200.0,3.01,ISHARES AAA - A RATED CORPOR,1WK,,,,,,
2026-10-05 00:00:00,Short,MHO,132.0,-2.05%,143.38,utb,参数二,"{""utb"": {""key_value"": 3, ""atr_period"": 14, ""use_ha"": false}, ""r&s"": {""srb_left"": 15, ""srb_right"": 15}, ""atr"": {""atr_length"": 14, ""atr_mult"": 1.0}}",,,M/I HOMES INC,1WK,,,,,,
2026-10-05 00:00:00,Long,MAXJ,29.6,0.16%,29.33,sqz,参数一,"{""sqz"": {""bb_length"": 15, ""bb_mult"": 1.5, ""kc_length"": 15, ""kc_mult"": 1.2, ""min_sqz_bars"": 4}, ""r&s"": {""srb_left"": 10, ""srb_right"": 10}, ""atr"": {""atr_length"": 14, ""atr_mult"": 1.0}}",,,ISHARES LG CAP MAX BUFF JUN,1WK,一直释放,nan-26.42-28.49,低-高,nan%-7.82%,41.0,1.9
2026-10-05 00:00:00,Long,FCAL,46.35,-0.22%,45.67,mfa,参数一,"{""mfa"": {""mfa_all"": 5}}",200.0,0.54,FIRST TRUST CALIFORNIA MUNIC,1WK,,,,,,
2026-10-05 00:00:00,Long,FCAL,46.35,-0.22%,45.67,suf,参数一,"{""suf"": {""timeframe"": ""w""}}",200.0,0.54,FIRST TRUST CALIFORNIA MUNIC,1WK,,,,,,
2026-10-05 00:00:00,Long,FCAL,46.35,-0.22%,45.67,mfa,参数二,"{""mfa"": {""mfa_all"": 5}}",200.0,0.54,FIRST TRUST CALIFORNIA MUNIC,1WK,,,,,,
2026-10-05 00:00:00,Long,FCAL,46.35,-0.22%,45.67,suf,参数二,"{""suf"": {""timeframe"": ""w""}}",200.0,0.54,FIRST TRUST CALIFORNIA MUNIC,1WK,,,,,,
2026-10-05 00:00:00,Long,STOK,25.32,-1.17%,21.71,mfa,参数一,"{""mfa"": {""mfa_all"": 3}}",200.0,60.1,STOKE THERAPEUTICS INC,1WK,,,,,,
2026-10-05 00:00:00,Long,STOK,25.32,-1.17%,21.71,mfa,参数二,"{""mfa"": {""mfa_all"": 3}}",200.0,60.1,STOKE THERAPEUTICS INC,1WK,,,,,,
2026-10-05 00:00:00,Long,RXRX,4.78,16.02%,3.5,sqz,参数一,"{""sqz"": {""bb_length"": 15, ""bb_mult"": 1.5, ""kc_length"": 15, ""kc_mult"": 1.2, ""min_sqz_bars"": 4}, ""r&s"": {""srb_left"": 10, ""srb_right"": 10}, ""atr"": {""atr_length"": 14, ""atr_mult"": 1.0}}",,,RECURSION PHARMACEUTICALS-A,1WK,压力释放,12.36-7.15-7.18-5.24-4.09,低-高-低-低,42.15%-0.42%-27.02%-21.95%,13.0,44.01
2026-10-05 00:00:00,Long,XLUI,21.49,0.19%,20.66,mfa,参数一,"{""mfa"": {""mfa_all"": 3}}",200.0,,SS UTILITIES SS SPDR PRM INC,1WK,,,,,,
2026-10-05 00:00:00,Long,XLUI,21.49,0.19%,20.66,mfa,参数二,"{""mfa"": {""mfa_all"": 3}}",200.0,,SS UTILITIES SS SPDR PRM INC,1WK,,,,,,
2026-10-05 00:00:00,Long,AMRZ,37.2,-0.16%,33.51,mfa,参数一,"{""mfa"": {""mfa_all"": 10}}",200.0,,AMRIZE LTD,1WK,,,,,,
2026-10-05 00:00:00,Long,AMRZ,37.2,-0.16%,33.51,mfa,参数二,"{""mfa"": {""mfa_all"": 10}}",200.0,,AMRIZE LTD,1WK,,,,,,
2026-10-05 00:00:00,Long,BND,69.88,-0.09%,69.14,mfa,参数一,"{""mfa"": {""mfa_all"": 5}}",200.0,3.19,VANGUARD TOTAL BOND MARKET,1WK,,,,,,
2026-10-05 00:00:00,Long,BND,69.88,-0.09%,69.14,mfa,参数二,"{""mfa"": {""mfa_all"": 5}}",200.0,3.19,VANGUARD TOTAL BOND MARKET,1WK,,,,,,
2026-10-05 00:00:00,Long,BSCX,20.02,0.02%,19.8,mfa,参数一,"{""mfa"": {""mfa_all"": 5}}",200.0,,INVESCO BULLETSHARES 2033 CB,1WK,,,,,,
2026-10-05 00:00:00,Long,BSCX,20.02,0.02%,19.8,mfa,参数二,"{""mfa"": {""mfa_all"": 5}}",200.0,,INVESCO BULLETSHARES 2033 CB,1WK,,,,,,
2026-10-05 00:00:00,Long,CSIQ,11.19,0.00%,8.67,mfa,参数一,"{""mfa"": {""mfa_all"": 4}}",200.0,-44.32,CANADIAN SOLAR INC,1WK,,,,,,
2026-10-05 00:00:00,Long,CSIQ,11.19,0.00%,8.67,mfa,参数二,"{""mfa"": {""mfa_all"": 4}}",200.0,-44.32,CANADIAN SOLAR INC,1WK,,,,,,
2026-10-05 00:00:00,Long,CPT,97.37,1.47%,91.38,suf,参数一,"{""suf"": {""timeframe"": ""w""}}",200.0,-3.06,CAMDEN PROPERTY TRUST,1WK,,,,,,
2026-10-05 00:00:00,Long,CPT,97.37,1.47%,91.38,suf,参数二,"{""suf"": {""timeframe"": ""w""}}",200.0,-3.06,CAMDEN PROPERTY TRUST,1WK,,,,,,
2026-10-05 00:00:00,Long,MASK,0.81,-4.02%,-0.13,mfa,参数一,"{""mfa"": {""mfa_all"": 4}}",200.0,,3 E NETWORK TECHNOLOGY GRP-A,1WK,,,,,,
2026-10-05 00:00:00,Long,MASK,0.81,-4.02%,-0.13,mfa,参数二,"{""mfa"": {""mfa_all"": 4}}",200.0,,3 E NETWORK TECHNOLOGY GRP-A,1WK,,,,,,
2026-10-05 00:00:00,Long,IPW,1.22,8.93%,-26.18,mfa,参数一,"{""mfa"": {""mfa_all"": 50}}",200.0,-99.91,IPOWER INC,1WK,,,,,,
2026-10-05 00:00:00,Long,IPW,1.22,8.93%,-26.18,mfa,参数二,"{""mfa"": {""mfa_all"": 50}}",200.0,-99.91,IPOWER INC,1WK,,,,,,
2026-10-05 00:00:00,Long,GGTL,42.11,0.84%,40.61,sqz,参数一,"{""sqz"": {""bb_length"": 15, ""bb_mult"": 1.5, ""kc_length"": 15, ""kc_mult"": 1.2, ""min_sqz_bars"": 4}, ""r&s"": {""srb_left"": 10, ""srb_right"": 10}, ""atr"": {""atr_length"": 14, ""atr_mult"": 1.0}}",,,GABELLI GLOBAL TECHNOLOGY LE,1WK,压力释放,26.22-26.92-28.59-33.62-41.55,高-高-高-高,2.67%-6.20%-17.61%-23.58%,15.0,21.91
2026-10-05 00:00:00,Long,AFYA,13.31,8.92%,11.74,suf,参数一,"{""suf"": {""timeframe"": ""w""}}",200.0,-12.39,AFYA LTD-CLASS A,1WK,,,,,,
2026-10-05 00:00:00,Long,AFYA,13.31,8.92%,11.74,suf,参数二,"{""suf"": {""timeframe"": ""w""}}",200.0,-12.39,AFYA LTD-CLASS A,1WK,,,,,,
2026-10-05 00:00:00,Long,CGCB,24.92,-0.08%,24.65,mfa,参数一,"{""mfa"": {""mfa_all"": 5}}",200.0,,CAP GROUP CORE BOND,1WK,,,,,,
2026-10-05 00:00:00,Long,CGCB,24.92,-0.08%,24.65,mfa,参数二,"{""mfa"": {""mfa_all"": 5}}",200.0,,CAP GROUP CORE BOND,1WK,,,,,,
2026-10-05 00:00:00,Long,BGSI,78.17,-0.33%,68.28,mfa,参数一,"{""mfa"": {""mfa_all"": 30}}",200.0,,BOYD GROUP SERVICES INC,1WK,,,,,,
2026-10-05 00:00:00,Long,BGSI,78.17,-0.33%,68.28,mfa,参数二,"{""mfa"": {""mfa_all"": 30}}",200.0,,BOYD GROUP SERVICES INC,1WK,,,,,,
2026-10-05 00:00:00,Short,TROW,103.93,-0.66%,109.44,utb,参数一,"{""utb"": {""key_value"": 2.5, ""atr_period"": 14, ""use_ha"": false}, ""r&s"": {""srb_left"": 10, ""srb_right"": 10}, ""atr"": {""atr_length"": 14, ""atr_mult"": 1.0}}",,,T ROWE PRICE GROUP INC,1WK,,,,,,
2026-10-05 00:00:00,Long,NEE,76.28,-0.72%,72.48,mfa,参数一,"{""mfa"": {""mfa_all"": 6}}",200.0,6.98,NEXTERA ENERGY INC,1WK,,,,,,
2026-10-05 00:00:00,Long,NEE,76.28,-0.72%,72.48,mfa,参数二,"{""mfa"": {""mfa_all"": 6}}",200.0,6.98,NEXTERA ENERGY INC,1WK,,,,,,
2026-10-05 00:00:00,Long,CDLX,2.76,9.09%,1.37,mfa,参数一,"{""mfa"": {""mfa_all"": 36}}",200.0,-94.25,CARDLYTICS INC,1WK,,,,,,
2026-10-05 00:00:00,Long,CDLX,2.76,9.09%,1.37,mfa,参数二,"{""mfa"": {""mfa_all"": 36}}",200.0,-94.25,CARDLYTICS INC,1WK,,,,,,
2026-10-05 00:00:00,Long,FUTY,51.69,0.33%,49.34,mfa,参数一,"{""mfa"": {""mfa_all"": 6}}",200.0,10.63,FIDELITY MSCI US UTILITIES,1WK,,,,,,
2026-10-05 00:00:00,Long,FUTY,51.69,0.33%,49.34,mfa,参数二,"{""mfa"": {""mfa_all"": 6}}",200.0,10.63,FIDELITY MSCI US UTILITIES,1WK,,,,,,
2026-10-05 00:00:00,Short,LADR,8.52,-1.16%,9.08,sqz,参数一,"{""sqz"": {""bb_length"": 15, ""bb_mult"": 1.5, ""kc_length"": 15, ""kc_mult"": 1.2, ""min_sqz_bars"": 4}, ""r&s"": {""srb_left"": 10, ""srb_right"": 10}, ""atr"": {""atr_length"": 14, ""atr_mult"": 1.0}}",,,LADDER CAPITAL CORP-REIT,1WK,支撑释放,9.13-9.12-8.46-9.43-9.0,低-低-高-低,0.07%-7.25%-11.51%-4.63%,28.0,14.72
2026-10-05 00:00:00,Short,LADR,8.52,-1.16%,9.08,sqz,参数二,"{""sqz"": {""bb_length"": 20, ""bb_mult"": 1.8, ""kc_length"": 20, ""kc_mult"": 1.5, ""min_sqz_bars"": 4}, ""r&s"": {""srb_left"": 15, ""srb_right"": 15}, ""atr"": {""atr_length"": 14, ""atr_mult"": 1.0}}",,,LADDER CAPITAL CORP-REIT,1WK,支撑释放,nan-6.33-7.03-8.46-9.0,低-高-高-高,nan%-11.03%-20.41%-6.34%,28.0,14.72
2026-10-05 00:00:00,Long,LCTX,0.93,0.00%,0.77,mfa,参数一,"{""mfa"": {""mfa_all"": 23}}",200.0,-19.67,LINEAGE CELL THERAPEUTICS IN,1WK,,,,,,
2026-10-05 00:00:00,Long,LCTX,0.93,0.00%,0.77,mfa,参数二,"{""mfa"": {""mfa_all"": 23}}",200.0,-19.67,LINEAGE CELL THERAPEUTICS IN,1WK,,,,,,
2026-10-05 00:00:00,Long,MMIN,22.43,0.36%,21.92,mfa,参数一,"{""mfa"": {""mfa_all"": 5}}",200.0,1.43,NYLIM MACKAY MUNI INSURED ET,1WK,,,,,,
2026-10-05 00:00:00,Long,MMIN,22.43,0.36%,21.92,mfa,参数二,"{""mfa"": {""mfa_all"": 5}}",200.0,1.43,NYLIM MACKAY MUNI INSURED ET,1WK,,,,,,
2026-10-05 00:00:00,Long,TAXF,47.82,0.10%,47.1,mfa,参数一,"{""mfa"": {""mfa_all"": 5}}",200.0,2.24,AMERICAN CENTURY DIVER MUNI,1WK,,,,,,
2026-10-05 00:00:00,Long,TAXF,47.82,0.10%,47.1,mfa,参数二,"{""mfa"": {""mfa_all"": 5}}",200.0,2.24,AMERICAN CENTURY DIVER MUNI,1WK,,,,,,
2026-10-05 00:00:00,Long,BSMV,19.99,0.00%,19.74,mfa,参数一,"{""mfa"": {""mfa_all"": 5}}",200.0,0.72,INVESCO BULLETSHARES 2031 MB,1WK,,,,,,
2026-10-05 00:00:00,Long,BSMV,19.99,0.00%,19.74,suf,参数一,"{""suf"": {""timeframe"": ""w""}}",200.0,0.72,INVESCO BULLETSHARES 2031 MB,1WK,,,,,,
2026-10-05 00:00:00,Long,BSMV,19.99,0.00%,19.74,mfa,参数二,"{""mfa"": {""mfa_all"": 5}}",200.0,0.72,INVESCO BULLETSHARES 2031 MB,1WK,,,,,,
2026-10-05 00:00:00,Long,BSMV,19.99,0.00%,19.74,suf,参数二,"{""suf"": {""timeframe"": ""w""}}",200.0,0.72,INVESCO BULLETSHARES 2031 MB,1WK,,,,,,
2026-10-05 00:00:00,Short,KGRN,21.19,0.45%,22.27,sqz,参数一,"{""sqz"": {""bb_length"": 15, ""bb_mult"": 1.5, ""kc_length"": 15, ""kc_mult"": 1.2, ""min_sqz_bars"": 4}, ""r&s"": {""srb_left"": 10, ""srb_right"": 10}, ""atr"": {""atr_length"": 14, ""atr_mult"": 1.0}}",,,KRANESHARES MSCI CHINA CLEAN,1WK,一直释放,17.15-18.31-20.74-21.13-26.02,高-高-高-高,6.74%-13.27%-1.89%-23.15%,31.0,15.27
2026-10-05 00:00:00,Long,KGRN,21.19,0.45%,20.08,mfa,参数一,"{""mfa"": {""mfa_all"": 20}}",200.0,-14.06,KRANESHARES MSCI CHINA CLEAN,1WK,,,,,,
2026-10-05 00:00:00,Long,KGRN,21.19,0.45%,20.08,mfa,参数二,"{""mfa"": {""mfa_all"": 20}}",200.0,-14.06,KRANESHARES MSCI CHINA CLEAN,1WK,,,,,,
2026-10-05 00:00:00,Long,POST,72.68,0.17%,66.4,mfa,参数一,"{""mfa"": {""mfa_all"": 50}}",200.0,-27.07,POST HOLDINGS INC,1WK,,,,,,
2026-10-05 00:00:00,Long,POST,72.68,0.17%,66.4,mfa,参数二,"{""mfa"": {""mfa_all"": 50}}",200.0,-27.07,POST HOLDINGS INC,1WK,,,,,,
2026-10-05 00:00:00,Long,DFCF,40.1,-0.02%,39.63,mfa,参数一,"{""mfa"": {""mfa_all"": 5}}",200.0,3.79,DIMENSIONAL CORE FIXED INC,1WK,,,,,,
2026-10-05 00:00:00,Long,DFCF,40.1,-0.02%,39.63,mfa,参数二,"{""mfa"": {""mfa_all"": 5}}",200.0,3.79,DIMENSIONAL CORE FIXED INC,1WK,,,,,,
2026-10-05 00:00:00,Long,QQQP,241.35,1.63%,228.79,sqz,参数一,"{""sqz"": {""bb_length"": 15, ""bb_mult"": 1.5, ""kc_length"": 15, ""kc_mult"": 1.2, ""min_sqz_bars"": 4}, ""r&s"": {""srb_left"": 10, ""srb_right"": 10}, ""atr"": {""atr_length"": 14, ""atr_mult"": 1.0}}",,,TRADR 2X LONG INNOVATION 100,1WK,压力释放,nan-151.05-190.01-186.69-239.8,低-高-低-高,nan%-25.79%-1.75%-28.45%,18.0,29.85
2026-10-05 00:00:00,Long,NYT,64.0,2.07%,57.16,mfa,参数一,"{""mfa"": {""mfa_all"": 3}}",200.0,21.53,NEW YORK TIMES CO-A,1WK,,,,,,
2026-10-05 00:00:00,Long,NYT,64.0,2.07%,57.16,mfa,参数二,"{""mfa"": {""mfa_all"": 3}}",200.0,21.53,NEW YORK TIMES CO-A,1WK,,,,,,
2026-10-05 00:00:00,Long,VTES,98.67,-0.02%,98.07,mfa,参数一,"{""mfa"": {""mfa_all"": 4}}",200.0,,VANGUARD SH TERM TAX-EX BOND,1WK,,,,,,
2026-10-05 00:00:00,Long,VTES,98.67,-0.02%,98.07,mfa,参数二,"{""mfa"": {""mfa_all"": 4}}",200.0,,VANGUARD SH TERM TAX-EX BOND,1WK,,,,,,
2026-10-05 00:00:00,Long,AMD,631.75,-0.34%,563.27,sqz,参数一,"{""sqz"": {""bb_length"": 15, ""bb_mult"": 1.5, ""kc_length"": 15, ""kc_mult"": 1.2, ""min_sqz_bars"": 4}, ""r&s"": {""srb_left"": 10, ""srb_right"": 10}, ""atr"": {""atr_length"": 14, ""atr_mult"": 1.0}}",,,ADVANCED MICRO DEVICES,1WK,压力释放,187.28-174.05-267.08-266.96-584.73,低-高-低-高,7.06%-53.45%-0.04%-119.03%,14.0,37.9
2026-10-05 00:00:00,Short,GEOS,4.75,-1.04%,6.0,sqz,参数一,"{""sqz"": {""bb_length"": 15, ""bb_mult"": 1.5, ""kc_length"": 15, ""kc_mult"": 1.2, ""min_sqz_bars"": 4}, ""r&s"": {""srb_left"": 10, ""srb_right"": 10}, ""atr"": {""atr_length"": 14, ""atr_mult"": 1.0}}",,,GEOSPACE TECHNOLOGIES CORP,1WK,一直释放,nan-6.6-10.35-8.09-5.51,低-高-低-低,nan%-56.82%-21.84%-31.89%,71.0,442.47
2026-10-05 00:00:00,Long,NIOG,5.45,2.12%,3.39,mfa,参数一,"{""mfa"": {""mfa_all"": 16}}",200.0,,LEVERAGE SHARES 2X NIO,1WK,,,,,,
2026-10-05 00:00:00,Long,NIOG,5.45,2.12%,3.39,mfa,参数二,"{""mfa"": {""mfa_all"": 16}}",200.0,,LEVERAGE SHARES 2X NIO,1WK,,,,,,
2026-10-05 00:00:00,Long,INVG,24.08,0.02%,23.87,mfa,参数一,"{""mfa"": {""mfa_all"": 3}}",200.0,,GMO INVESTMENT GRADE CREDIT,1WK,,,,,,
2026-10-05 00:00:00,Long,INVG,24.08,0.02%,23.87,mfa,参数二,"{""mfa"": {""mfa_all"": 3}}",200.0,,GMO INVESTMENT GRADE CREDIT,1WK,,,,,,
2026-10-05 00:00:00,Long,BSMU,20.93,0.05%,20.7,mfa,参数一,"{""mfa"": {""mfa_all"": 5}}",200.0,1.14,INVESCO BULLETSHARES 2030 MB,1WK,,,,,,
2026-10-05 00:00:00,Long,BSMU,20.93,0.05%,20.7,suf,参数一,"{""suf"": {""timeframe"": ""w""}}",200.0,1.14,INVESCO BULLETSHARES 2030 MB,1WK,,,,,,
2026-10-05 00:00:00,Long,BSMU,20.93,0.05%,20.7,mfa,参数二,"{""mfa"": {""mfa_all"": 5}}",200.0,1.14,INVESCO BULLETSHARES 2030 MB,1WK,,,,,,
2026-10-05 00:00:00,Long,BSMU,20.93,0.05%,20.7,suf,参数二,"{""suf"": {""timeframe"": ""w""}}",200.0,1.14,INVESCO BULLETSHARES 2030 MB,1WK,,,,,,
2026-10-05 00:00:00,Long,O,53.77,-0.67%,51.26,mfa,参数一,"{""mfa"": {""mfa_all"": 4}}",200.0,1.96,REALTY INCOME CORP,1WK,,,,,,
2026-10-05 00:00:00,Long,O,53.77,-0.67%,51.26,mfa,参数二,"{""mfa"": {""mfa_all"": 4}}",200.0,1.96,REALTY INCOME CORP,1WK,,,,,,
2026-10-05 00:00:00,Long,AIMD,1.33,-1.70%,1.01,mfa,参数一,"{""mfa"": {""mfa_all"": 3}}",200.0,-81.44,AINOS INC,1WK,,,,,,
2026-10-05 00:00:00,Long,AIMD,1.33,-1.70%,1.01,mfa,参数二,"{""mfa"": {""mfa_all"": 3}}",200.0,-81.44,AINOS INC,1WK,,,,,,
2026-10-05 00:00:00,Long,HE,8.81,-1.01%,8.03,mfa,参数一,"{""mfa"": {""mfa_all"": 9}}",200.0,-46.39,HAWAIIAN ELECTRIC INDS,1WK,,,,,,
2026-10-05 00:00:00,Long,HE,8.81,-1.01%,8.03,mfa,参数二,"{""mfa"": {""mfa_all"": 9}}",200.0,-46.39,HAWAIIAN ELECTRIC INDS,1WK,,,,,,
2026-10-05 00:00:00,Long,AVD,1.72,-1.15%,1.35,mfa,参数一,"{""mfa"": {""mfa_all"": 9}}",200.0,-79.8,AMERICAN VANGUARD CORP,1WK,,,,,,
2026-10-05 00:00:00,Long,AVD,1.72,-1.15%,1.35,mfa,参数二,"{""mfa"": {""mfa_all"": 9}}",200.0,-79.8,AMERICAN VANGUARD CORP,1WK,,,,,,
2026-10-05 00:00:00,Long,SUSC,21.89,0.05%,21.56,mfa,参数一,"{""mfa"": {""mfa_all"": 4}}",200.0,3.87,ISHARES ESG AWARE USD CORPOR,1WK,,,,,,
2026-10-05 00:00:00,Long,SUSC,21.89,0.05%,21.56,mfa,参数二,"{""mfa"": {""mfa_all"": 4}}",200.0,3.87,ISHARES ESG AWARE USD CORPOR,1WK,,,,,,
2026-10-05 00:00:00,Long,EFX,142.6,1.86%,122.79,mfa,参数一,"{""mfa"": {""mfa_all"": 37}}",200.0,-35.45,EQUIFAX INC,1WK,,,,,,
2026-10-05 00:00:00,Long,EFX,142.6,1.86%,122.79,suf,参数一,"{""suf"": {""timeframe"": ""w""}}",200.0,-35.45,EQUIFAX INC,1WK,,,,,,
2026-10-05 00:00:00,Long,EFX,142.6,1.86%,122.79,mfa,参数二,"{""mfa"": {""mfa_all"": 37}}",200.0,-35.45,EQUIFAX INC,1WK,,,,,,
2026-10-05 00:00:00,Long,EFX,142.6,1.86%,122.79,suf,参数二,"{""suf"": {""timeframe"": ""w""}}",200.0,-35.45,EQUIFAX INC,1WK,,,,,,
2026-10-05 00:00:00,Short,MTEK,0.72,-2.83%,0.99,sqz,参数一,"{""sqz"": {""bb_length"": 15, ""bb_mult"": 1.5, ""kc_length"": 15, ""kc_mult"": 1.2, ""min_sqz_bars"": 4}, ""r&s"": {""srb_left"": 10, ""srb_right"": 10}, ""atr"": {""atr_length"": 14, ""atr_mult"": 1.0}}",,,MARIS - TECH LTD,1WK,支撑释放,0.71-1.13-1.73-1.03-0.94,高-高-低-低,59.30%-52.96%-40.46%-8.74%,14.0,32.98
2026-10-05 00:00:00,Short,PEBO,37.11,-0.99%,39.15,utb,参数一,"{""utb"": {""key_value"": 2.5, ""atr_period"": 14, ""use_ha"": false}, ""r&s"": {""srb_left"": 10, ""srb_right"": 10}, ""atr"": {""atr_length"": 14, ""atr_mult"": 1.0}}",,,PEOPLES BANCORP INC,1WK,,,,,,
2026-10-05 00:00:00,Long,AMDG,142.57,-0.83%,116.72,sqz,参数一,"{""sqz"": {""bb_length"": 15, ""bb_mult"": 1.5, ""kc_length"": 15, ""kc_mult"": 1.2, ""min_sqz_bars"": 4}, ""r&s"": {""srb_left"": 10, ""srb_right"": 10}, ""atr"": {""atr_length"": 14, ""atr_mult"": 1.0}}",,,LEVERAGE SHARES 2X AMD,1WK,压力释放,nan-44.12-141.38,低-高,nan%-220.45%,14.0,100.23
2026-10-05 00:00:00,Short,CARU,17.61,1.63%,20.04,sqz,参数二,"{""sqz"": {""bb_length"": 20, ""bb_mult"": 1.8, ""kc_length"": 20, ""kc_mult"": 1.5, ""min_sqz_bars"": 4}, ""r&s"": {""srb_left"": 15, ""srb_right"": 15}, ""atr"": {""atr_length"": 14, ""atr_mult"": 1.0}}",,,MAX AUTO 3X LEVERAGED,1WK,支撑释放,nan-14.01-18.49,低-高,nan%-31.97%,29.0,51.7
2026-10-05 00:00:00,Long,IGIB,50.17,0.04%,49.58,mfa,参数一,"{""mfa"": {""mfa_all"": 5}}",200.0,5.49,ISHARES 5-10Y INV GRADE CORP,1WK,,,,,,
2026-10-05 00:00:00,Long,IGIB,50.17,0.04%,49.58,mfa,参数二,"{""mfa"": {""mfa_all"": 5}}",200.0,5.49,ISHARES 5-10Y INV GRADE CORP,1WK,,,,,,
2026-10-05 00:00:00,Long,HBNB,4.55,-4.41%,3.9,mfa,参数一,"{""mfa"": {""mfa_all"": 15}}",200.0,,HOTEL101 GLOBAL HOLDINGS C-A,1WK,,,,,,
2026-10-05 00:00:00,Long,HBNB,4.55,-4.41%,3.9,mfa,参数二,"{""mfa"": {""mfa_all"": 15}}",200.0,,HOTEL101 GLOBAL HOLDINGS C-A,1WK,,,,,,
2026-10-05 00:00:00,Short,GOLF,83.39,-0.31%,90.57,sqz,参数一,"{""sqz"": {""bb_length"": 15, ""bb_mult"": 1.5, ""kc_length"": 15, ""kc_mult"": 1.2, ""min_sqz_bars"": 4}, ""r&s"": {""srb_left"": 10, ""srb_right"": 10}, ""atr"": {""atr_length"": 14, ""atr_mult"": 1.0}}",,,ACUSHNET HOLDINGS CORP,1WK,一直亮红,58.22-58.06-57.15-54.34-83.46,低-低-低-高,0.27%-1.56%-4.92%-53.59%,21.0,42.93
2026-10-05 00:00:00,Short,GOLF,83.39,-0.31%,90.57,sqz,参数二,"{""sqz"": {""bb_length"": 20, ""bb_mult"": 1.8, ""kc_length"": 20, ""kc_mult"": 1.5, ""min_sqz_bars"": 4}, ""r&s"": {""srb_left"": 15, ""srb_right"": 15}, ""atr"": {""atr_length"": 14, ""atr_mult"": 1.0}}",,,ACUSHNET HOLDINGS CORP,1WK,一直亮红,47.61-58.06-57.15-54.34-83.46,高-低-低-高,21.95%-1.56%-4.92%-53.59%,21.0,42.93
2026-10-05 00:00:00,Long,DFIP,39.04,-0.10%,38.67,mfa,参数一,"{""mfa"": {""mfa_all"": 5}}",200.0,3.05,DIMENSIONAL INFLATION-PROTEC,1WK,,,,,,
2026-10-05 00:00:00,Long,DFIP,39.04,-0.10%,38.67,mfa,参数二,"{""mfa"": {""mfa_all"": 5}}",200.0,3.05,DIMENSIONAL INFLATION-PROTEC,1WK,,,,,,
2026-10-05 00:00:00,Long,CASH,73.42,-0.73%,68.07,mfa,参数一,"{""mfa"": {""mfa_all"": 4}}",200.0,11.57,PATHWARD FINANCIAL INC,1WK,,,,,,
2026-10-05 00:00:00,Long,CASH,73.42,-0.73%,68.07,mfa,参数二,"{""mfa"": {""mfa_all"": 4}}",200.0,11.57,PATHWARD FINANCIAL INC,1WK,,,,,,
2026-10-05 00:00:00,Long,GMAB,38.48,10.73%,32.82,sqz,参数二,"{""sqz"": {""bb_length"": 20, ""bb_mult"": 1.8, ""kc_length"": 20, ""kc_mult"": 1.5, ""min_sqz_bars"": 4}, ""r&s"": {""srb_left"": 15, ""srb_right"": 15}, ""atr"": {""atr_length"": 14, ""atr_mult"": 1.0}}",,,GENMAB A/S -SP ADR,1WK,一直亮绿,nan-24.33-35.43,低-高,nan%-45.65%,38.0,50.0
2026-10-05 00:00:00,Long,AN,161.67,-0.49%,140.36,mfa,参数一,"{""mfa"": {""mfa_all"": 4}}",200.0,-5.85,AUTONATION INC,1WK,,,,,,
2026-10-05 00:00:00,Long,AN,161.67,-0.49%,140.36,mfa,参数二,"{""mfa"": {""mfa_all"": 4}}",200.0,-5.85,AUTONATION INC,1WK,,,,,,
2026-10-05 00:00:00,Long,RNRG,32.18,0.62%,31.18,mfa,参数一,"{""mfa"": {""mfa_all"": 4}}",200.0,2.19,GLOBAL X RENEWABLE ENER PROD,1WK,,,,,,
2026-10-05 00:00:00,Long,RNRG,32.18,0.62%,31.18,mfa,参数二,"{""mfa"": {""mfa_all"": 4}}",200.0,2.19,GLOBAL X RENEWABLE ENER PROD,1WK,,,,,,
2026-10-05 00:00:00,Long,PCG,12.35,0.24%,11.0,mfa,参数一,"{""mfa"": {""mfa_all"": 6}}",200.0,-25.61,P G & E CORP,1WK,,,,,,
2026-10-05 00:00:00,Long,PCG,12.35,0.24%,11.0,mfa,参数二,"{""mfa"": {""mfa_all"": 6}}",200.0,-25.61,P G & E CORP,1WK,,,,,,
2026-10-05 00:00:00,Long,OLN,16.27,2.33%,13.55,mfa,参数一,"{""mfa"": {""mfa_all"": 11}}",200.0,-54.09,OLIN CORP,1WK,,,,,,
2026-10-05 00:00:00,Long,OLN,16.27,2.33%,13.55,suf,参数一,"{""suf"": {""timeframe"": ""w""}}",200.0,-54.09,OLIN CORP,1WK,,,,,,
2026-10-05 00:00:00,Long,OLN,16.27,2.33%,13.55,mfa,参数二,"{""mfa"": {""mfa_all"": 11}}",200.0,-54.09,OLIN CORP,1WK,,,,,,
2026-10-05 00:00:00,Long,OLN,16.27,2.33%,13.55,suf,参数二,"{""suf"": {""timeframe"": ""w""}}",200.0,-54.09,OLIN CORP,1WK,,,,,,
2026-10-05 00:00:00,Short,AGGA,24.4,-0.04%,24.58,sqz,参数一,"{""sqz"": {""bb_length"": 15, ""bb_mult"": 1.5, ""kc_length"": 15, ""kc_mult"": 1.2, ""min_sqz_bars"": 4}, ""r&s"": {""srb_left"": 10, ""srb_right"": 10}, ""atr"": {""atr_length"": 14, ""atr_mult"": 1.0}}",,,EA ASTORIA BEACON DYNAMIC CO,1WK,支撑释放,nan-24.46,低,nan%,28.0,2.94
2026-10-05 00:00:00,Long,AGGA,24.4,-0.04%,24.19,mfa,参数一,"{""mfa"": {""mfa_all"": 3}}",200.0,,EA ASTORIA BEACON DYNAMIC CO,1WK,,,,,,
2026-10-05 00:00:00,Long,AGGA,24.4,-0.04%,24.19,mfa,参数二,"{""mfa"": {""mfa_all"": 3}}",200.0,,EA ASTORIA BEACON DYNAMIC CO,1WK,,,,,,
2026-10-05 00:00:00,Long,MYCM,23.35,0.03%,23.17,mfa,参数一,"{""mfa"": {""mfa_all"": 5}}",200.0,,STATE STREET MY2033 CORPORAT,1WK,,,,,,
2026-10-05 00:00:00,Long,MYCM,23.35,0.03%,23.17,mfa,参数二,"{""mfa"": {""mfa_all"": 5}}",200.0,,STATE STREET MY2033 CORPORAT,1WK,,,,,,
2026-10-05 00:00:00,Long,NYF,50.57,0.10%,49.88,mfa,参数一,"{""mfa"": {""mfa_all"": 5}}",200.0,0.81,ISHARES NEW YORK MUNI BOND E,1WK,,,,,,
2026-10-05 00:00:00,Long,NYF,50.57,0.10%,49.88,suf,参数一,"{""suf"": {""timeframe"": ""w""}}",200.0,0.81,ISHARES NEW YORK MUNI BOND E,1WK,,,,,,
2026-10-05 00:00:00,Long,NYF,50.57,0.10%,49.88,mfa,参数二,"{""mfa"": {""mfa_all"": 5}}",200.0,0.81,ISHARES NEW YORK MUNI BOND E,1WK,,,,,,
2026-10-05 00:00:00,Long,NYF,50.57,0.10%,49.88,suf,参数二,"{""suf"": {""timeframe"": ""w""}}",200.0,0.81,ISHARES NEW YORK MUNI BOND E,1WK,,,,,,
2026-10-05 00:00:00,Long,AVA,35.13,-0.51%,33.45,mfa,参数一,"{""mfa"": {""mfa_all"": 6}}",200.0,0.74,AVISTA CORP,1WK,,,,,,
2026-10-05 00:00:00,Long,AVA,35.13,-0.51%,33.45,suf,参数一,"{""suf"": {""timeframe"": ""w""}}",200.0,0.74,AVISTA CORP,1WK,,,,,,
2026-10-05 00:00:00,Long,AVA,35.13,-0.51%,33.45,mfa,参数二,"{""mfa"": {""mfa_all"": 6}}",200.0,0.74,AVISTA CORP,1WK,,,,,,
2026-10-05 00:00:00,Long,AVA,35.13,-0.51%,33.45,suf,参数二,"{""suf"": {""timeframe"": ""w""}}",200.0,0.74,AVISTA CORP,1WK,,,,,,
2026-10-05 00:00:00,Short,XSLV,49.38,-0.46%,50.9,utb,参数二,"{""utb"": {""key_value"": 3, ""atr_period"": 14, ""use_ha"": false}, ""r&s"": {""srb_left"": 15, ""srb_right"": 15}, ""atr"": {""atr_length"": 14, ""atr_mult"": 1.0}}",,,INVESCO S&P SMALLCAP LOW VOL,1WK,,,,,,
2026-10-05 00:00:00,Long,USVN,45.28,-0.08%,44.94,mfa,参数一,"{""mfa"": {""mfa_all"": 5}}",200.0,,F/M US TREASURY 7 YEAR NOTE,1WK,,,,,,
2026-10-05 00:00:00,Long,USVN,45.28,-0.08%,44.94,mfa,参数二,"{""mfa"": {""mfa_all"": 5}}",200.0,,F/M US TREASURY 7 YEAR NOTE,1WK,,,,,,
2026-10-05 00:00:00,Long,DFDV,5.47,4.19%,4.17,sqz,参数一,"{""sqz"": {""bb_length"": 15, ""bb_mult"": 1.5, ""kc_length"": 15, ""kc_mult"": 1.2, ""min_sqz_bars"": 4}, ""r&s"": {""srb_left"": 10, ""srb_right"": 10}, ""atr"": {""atr_length"": 14, ""atr_mult"": 1.0}}",,,DEFI DEVELOPMENT CORP,1WK,一直亮绿,2.1-1.69-1.03-53.88-5.33,低-低-高-低,19.57%-39.19%-5138.34%-90.11%,21.0,118.44
2026-10-05 00:00:00,Long,CGCP,21.15,-0.14%,20.92,mfa,参数一,"{""mfa"": {""mfa_all"": 4}}",200.0,3.95,CAP GROUP CORE PLUS INCOME,1WK,,,,,,
2026-10-05 00:00:00,Long,CGCP,21.15,-0.14%,20.92,mfa,参数二,"{""mfa"": {""mfa_all"": 4}}",200.0,3.95,CAP GROUP CORE PLUS INCOME,1WK,,,,,,
2026-10-05 00:00:00,Short,IBDV,21.09,0.09%,21.25,sqz,参数一,"{""sqz"": {""bb_length"": 15, ""bb_mult"": 1.5, ""kc_length"": 15, ""kc_mult"": 1.2, ""min_sqz_bars"": 4}, ""r&s"": {""srb_left"": 10, ""srb_right"": 10}, ""atr"": {""atr_length"": 14, ""atr_mult"": 1.0}}",,,ISHARES IBONDS DEC 2030 CORP,1WK,支撑释放,17.26-18.51-19.48-19.69-21.13,高-高-高-高,7.27%-5.26%-1.07%-7.29%,28.0,3.2
2026-10-05 00:00:00,Long,IBDV,21.09,0.09%,20.91,mfa,参数一,"{""mfa"": {""mfa_all"": 3}}",200.0,6.86,ISHARES IBONDS DEC 2030 CORP,1WK,,,,,,
2026-10-05 00:00:00,Short,IBDV,21.09,0.09%,21.25,sqz,参数二,"{""sqz"": {""bb_length"": 20, ""bb_mult"": 1.8, ""kc_length"": 20, ""kc_mult"": 1.5, ""min_sqz_bars"": 4}, ""r&s"": {""srb_left"": 15, ""srb_right"": 15}, ""atr"": {""atr_length"": 14, ""atr_mult"": 1.0}}",,,ISHARES IBONDS DEC 2030 CORP,1WK,支撑释放,nan-17.26-18.51-19.48-21.13,低-高-高-高,nan%-7.27%-5.26%-8.44%,28.0,3.2
2026-10-05 00:00:00,Long,IBDV,21.09,0.09%,20.91,mfa,参数二,"{""mfa"": {""mfa_all"": 3}}",200.0,6.86,ISHARES IBONDS DEC 2030 CORP,1WK,,,,,,
2026-10-05 00:00:00,Long,OVM,20.48,0.40%,20.05,mfa,参数一,"{""mfa"": {""mfa_all"": 3}}",200.0,4.48,OVERLAY SHARES MUNICIPAL BON,1WK,,,,,,
2026-10-05 00:00:00,Long,OVM,20.48,0.40%,20.05,mfa,参数二,"{""mfa"": {""mfa_all"": 3}}",200.0,4.48,OVERLAY SHARES MUNICIPAL BON,1WK,,,,,,
2026-10-05 00:00:00,Short,ARWR,62.35,-2.87%,72.46,utb,参数二,"{""utb"": {""key_value"": 3, ""atr_period"": 14, ""use_ha"": false}, ""r&s"": {""srb_left"": 15, ""srb_right"": 15}, ""atr"": {""atr_length"": 14, ""atr_mult"": 1.0}}",,,ARROWHEAD PHARMACEUTICALS IN,1WK,,,,,,
2026-10-05 00:00:00,Long,NKLR,3.44,-1.99%,2.4,mfa,参数一,"{""mfa"": {""mfa_all"": 3}}",200.0,,TERRA INNOVATUM GLOBAL NV,1WK,,,,,,
2026-10-05 00:00:00,Long,NKLR,3.44,-1.99%,2.4,mfa,参数二,"{""mfa"": {""mfa_all"": 3}}",200.0,,TERRA INNOVATUM GLOBAL NV,1WK,,,,,,
2026-10-05 00:00:00,Long,GNPX,2.72,3.42%,-5.1,mfa,参数一,"{""mfa"": {""mfa_all"": 81}}",200.0,-99.97,GENPREX INC,1WK,,,,,,
2026-10-05 00:00:00,Long,GNPX,2.72,3.42%,-5.1,mfa,参数二,"{""mfa"": {""mfa_all"": 81}}",200.0,-99.97,GENPREX INC,1WK,,,,,,
2026-10-05 00:00:00,Short,LNAI,1.14,-12.31%,2.32,sqz,参数一,"{""sqz"": {""bb_length"": 15, ""bb_mult"": 1.5, ""kc_length"": 15, ""kc_mult"": 1.2, ""min_sqz_bars"": 4}, ""r&s"": {""srb_left"": 10, ""srb_right"": 10}, ""atr"": {""atr_length"": 14, ""atr_mult"": 1.0}}",,,LUNAI BIOWORKS INC,1WK,支撑释放,31.44-65.6-31.6-6.48-1.21,高-低-低-低,108.65%-51.83%-79.49%-81.36%,30.0,527.81
2026-10-05 00:00:00,Long,GENM,9.9,0.10%,9.76,mfa,参数一,"{""mfa"": {""mfa_all"": 4}}",200.0,,GENTER CAPITAL MUNICIPAL,1WK,,,,,,
2026-10-05 00:00:00,Long,GENM,9.9,0.10%,9.76,mfa,参数二,"{""mfa"": {""mfa_all"": 4}}",200.0,,GENTER CAPITAL MUNICIPAL,1WK,,,,,,
2026-10-05 00:00:00,Long,TRIP,8.79,3.29%,7.36,suf,参数一,"{""suf"": {""timeframe"": ""w""}}",200.0,-45.8,TRIPADVISOR INC,1WK,,,,,,
2026-10-05 00:00:00,Long,TRIP,8.79,3.29%,7.36,suf,参数二,"{""suf"": {""timeframe"": ""w""}}",200.0,-45.8,TRIPADVISOR INC,1WK,,,,,,
2026-10-05 00:00:00,Long,VVOS,0.15,1.32%,-0.01,mfa,参数一,"{""mfa"": {""mfa_all"": 45}}",200.0,-97.04,VIVOS THERAPEUTICS INC,1WK,,,,,,
2026-10-05 00:00:00,Long,VVOS,0.15,1.32%,-0.01,mfa,参数二,"{""mfa"": {""mfa_all"": 45}}",200.0,-97.04,VIVOS THERAPEUTICS INC,1WK,,,,,,
2026-10-05 00:00:00,Long,IBDZ,24.53,0.04%,24.21,mfa,参数一,"{""mfa"": {""mfa_all"": 5}}",200.0,,ISHARESIBONDSDEC2034TMCORP,1WK,,,,,,
2026-10-05 00:00:00,Long,IBDZ,24.53,0.04%,24.21,mfa,参数二,"{""mfa"": {""mfa_all"": 5}}",200.0,,ISHARESIBONDSDEC2034TMCORP,1WK,,,,,,
2026-10-05 00:00:00,Long,DDC,0.22,1.82%,-0.1,mfa,参数一,"{""mfa"": {""mfa_all"": 29}}",200.0,,DDC ENTERPRISE LTD-A,1WK,,,,,,
2026-10-05 00:00:00,Long,DDC,0.22,1.82%,-0.1,mfa,参数二,"{""mfa"": {""mfa_all"": 29}}",200.0,,DDC ENTERPRISE LTD-A,1WK,,,,,,
2026-10-05 00:00:00,Long,WU,6.1,1.67%,5.42,mfa,参数一,"{""mfa"": {""mfa_all"": 19}}",200.0,-29.23,WESTERN UNION CO,1WK,,,,,,
2026-10-05 00:00:00,Long,WU,6.1,1.67%,5.42,mfa,参数二,"{""mfa"": {""mfa_all"": 19}}",200.0,-29.23,WESTERN UNION CO,1WK,,,,,,
2026-10-05 00:00:00,Long,IBTK,18.95,0.11%,18.82,mfa,参数一,"{""mfa"": {""mfa_all"": 5}}",200.0,4.02,ISHARES IBONDS DEC 2030 TREA,1WK,,,,,,
2026-10-05 00:00:00,Long,IBTK,18.95,0.11%,18.82,mfa,参数二,"{""mfa"": {""mfa_all"": 5}}",200.0,4.02,ISHARES IBONDS DEC 2030 TREA,1WK,,,,,,
2026-10-05 00:00:00,Short,NMG,1.14,-3.39%,1.4,sqz,参数一,"{""sqz"": {""bb_length"": 15, ""bb_mult"": 1.5, ""kc_length"": 15, ""kc_mult"": 1.2, ""min_sqz_bars"": 4}, ""r&s"": {""srb_left"": 10, ""srb_right"": 10}, ""atr"": {""atr_length"": 14, ""atr_mult"": 1.0}}",,,NOUVEAU MONDE GRAPHITE INC,1WK,支撑释放,1.85-1.88-1.24-1.22-1.3,高-低-低-高,1.62%-34.04%-1.61%-6.56%,78.0,366.15
2026-10-05 00:00:00,Long,RPGL,34.89,-6.18%,-816.37,mfa,参数一,"{""mfa"": {""mfa_all"": 33}}",200.0,,REPUBLIC POWER GROUP LTD,1WK,,,,,,
2026-10-05 00:00:00,Long,RPGL,34.89,-6.18%,-816.37,mfa,参数二,"{""mfa"": {""mfa_all"": 33}}",200.0,,REPUBLIC POWER GROUP LTD,1WK,,,,,,
2026-10-05 00:00:00,Long,ARKO,4.21,0.96%,3.46,mfa,参数一,"{""mfa"": {""mfa_all"": 6}}",200.0,-31.1,ARKO CORP,1WK,,,,,,
2026-10-05 00:00:00,Long,ARKO,4.21,0.96%,3.46,mfa,参数二,"{""mfa"": {""mfa_all"": 6}}",200.0,-31.1,ARKO CORP,1WK,,,,,,
2026-10-05 00:00:00,Long,FLUX,0.51,-19.53%,0.24,mfa,参数一,"{""mfa"": {""mfa_all"": 43}}",200.0,-81.92,FLUX POWER HOLDINGS INC,1WK,,,,,,
2026-10-05 00:00:00,Long,FLUX,0.51,-19.53%,0.24,mfa,参数二,"{""mfa"": {""mfa_all"": 43}}",200.0,-81.92,FLUX POWER HOLDINGS INC,1WK,,,,,,
2026-10-05 00:00:00,Long,GII,70.52,0.47%,68.54,mfa,参数一,"{""mfa"": {""mfa_all"": 4}}",200.0,20.49,STATE STREET SPDR S&P GLOBAL,1WK,,,,,,
2026-10-05 00:00:00,Long,GII,70.52,0.47%,68.54,mfa,参数二,"{""mfa"": {""mfa_all"": 4}}",200.0,20.49,STATE STREET SPDR S&P GLOBAL,1WK,,,,,,
2026-10-05 00:00:00,Long,MNBD,25.02,0.27%,24.62,mfa,参数一,"{""mfa"": {""mfa_all"": 11}}",200.0,4.17,ALPS BBH INTERMEDIATE MUN-US,1WK,,,,,,
2026-10-05 00:00:00,Long,MNBD,25.02,0.27%,24.62,mfa,参数二,"{""mfa"": {""mfa_all"": 11}}",200.0,4.17,ALPS BBH INTERMEDIATE MUN-US,1WK,,,,,,
2026-10-05 00:00:00,Long,QTOP,40.12,0.84%,38.34,sqz,参数一,"{""sqz"": {""bb_length"": 15, ""bb_mult"": 1.5, ""kc_length"": 15, ""kc_mult"": 1.2, ""min_sqz_bars"": 4}, ""r&s"": {""srb_left"": 10, ""srb_right"": 10}, ""atr"": {""atr_length"": 14, ""atr_mult"": 1.0}}",,,ISHARES NSDQ TOP 30 STOCKS,1WK,压力释放,nan-33.12-33.08-39.35,低-低-高,nan%-0.11%-18.96%,18.0,15.43
2026-10-05 00:00:00,Long,FFIU,20.44,-0.11%,20.14,mfa,参数一,"{""mfa"": {""mfa_all"": 5}}",200.0,1.34,UVA UNCONSTRAINED MEDIUM-TER,1WK,,,,,,
2026-10-05 00:00:00,Long,FFIU,20.44,-0.11%,20.14,mfa,参数二,"{""mfa"": {""mfa_all"": 5}}",200.0,1.34,UVA UNCONSTRAINED MEDIUM-TER,1WK,,,,,,
2026-10-05 00:00:00,Long,UCRD,20.49,0.05%,20.32,mfa,参数一,"{""mfa"": {""mfa_all"": 5}}",200.0,4.6,VICTORYSHARES CORPORATE BOND,1WK,,,,,,
2026-10-05 00:00:00,Long,UCRD,20.49,0.05%,20.32,mfa,参数二,"{""mfa"": {""mfa_all"": 5}}",200.0,4.6,VICTORYSHARES CORPORATE BOND,1WK,,,,,,
2026-10-05 00:00:00,Long,UPW,18.31,0.72%,16.52,mfa,参数一,"{""mfa"": {""mfa_all"": 7}}",200.0,2.77,PROSHARES ULTRA UTILITIES,1WK,,,,,,
2026-10-05 00:00:00,Long,UPW,18.31,0.72%,16.52,suf,参数一,"{""suf"": {""timeframe"": ""w""}}",200.0,2.77,PROSHARES ULTRA UTILITIES,1WK,,,,,,
2026-10-05 00:00:00,Long,UPW,18.31,0.72%,16.52,mfa,参数二,"{""mfa"": {""mfa_all"": 7}}",200.0,2.77,PROSHARES ULTRA UTILITIES,1WK,,,,,,
2026-10-05 00:00:00,Long,UPW,18.31,0.72%,16.52,suf,参数二,"{""suf"": {""timeframe"": ""w""}}",200.0,2.77,PROSHARES ULTRA UTILITIES,1WK,,,,,,
2026-10-05 00:00:00,Long,PSN,42.11,3.24%,35.78,suf,参数一,"{""suf"": {""timeframe"": ""w""}}",200.0,-36.91,PARSONS CORP,1WK,,,,,,
2026-10-05 00:00:00,Long,PSN,42.11,3.24%,35.78,suf,参数二,"{""suf"": {""timeframe"": ""w""}}",200.0,-36.91,PARSONS CORP,1WK,,,,,,
2026-10-05 00:00:00,Long,IGEB,42.63,0.00%,42.12,mfa,参数一,"{""mfa"": {""mfa_all"": 4}}",200.0,4.96,ISHARES INVESTMENT GRADE SYS,1WK,,,,,,
2026-10-05 00:00:00,Long,IGEB,42.63,0.00%,42.12,mfa,参数二,"{""mfa"": {""mfa_all"": 4}}",200.0,4.96,ISHARES INVESTMENT GRADE SYS,1WK,,,,,,
2026-10-05 00:00:00,Short,LGIH,46.45,-3.51%,53.27,utb,参数二,"{""utb"": {""key_value"": 3, ""atr_period"": 14, ""use_ha"": false}, ""r&s"": {""srb_left"": 15, ""srb_right"": 15}, ""atr"": {""atr_length"": 14, ""atr_mult"": 1.0}}",,,LGI HOMES INC,1WK,,,,,,
2026-10-05 00:00:00,Long,FMNY,24.93,0.32%,24.52,mfa,参数一,"{""mfa"": {""mfa_all"": 6}}",200.0,0.61,FIRST TRUST NY MUNI HIGH INC,1WK,,,,,,
2026-10-05 00:00:00,Long,FMNY,24.93,0.32%,24.52,suf,参数一,"{""suf"": {""timeframe"": ""w""}}",200.0,0.61,FIRST TRUST NY MUNI HIGH INC,1WK,,,,,,
2026-10-05 00:00:00,Long,FMNY,24.93,0.32%,24.52,mfa,参数二,"{""mfa"": {""mfa_all"": 6}}",200.0,0.61,FIRST TRUST NY MUNI HIGH INC,1WK,,,,,,
2026-10-05 00:00:00,Long,FMNY,24.93,0.32%,24.52,suf,参数二,"{""suf"": {""timeframe"": ""w""}}",200.0,0.61,FIRST TRUST NY MUNI HIGH INC,1WK,,,,,,
2026-10-05 00:00:00,Long,MCRP,0.7,3.68%,0.28,mfa,参数一,"{""mfa"": {""mfa_all"": 9}}",200.0,,MICROPOLIS AI ROBOTICS,1WK,,,,,,
2026-10-05 00:00:00,Long,MCRP,0.7,3.68%,0.28,mfa,参数二,"{""mfa"": {""mfa_all"": 9}}",200.0,,MICROPOLIS AI ROBOTICS,1WK,,,,,,
2026-10-05 00:00:00,Long,BKV,21.79,1.02%,19.05,mfa,参数一,"{""mfa"": {""mfa_all"": 11}}",200.0,,BKV CORPORATION,1WK,,,,,,
2026-10-05 00:00:00,Long,BKV,21.79,1.02%,19.05,mfa,参数二,"{""mfa"": {""mfa_all"": 11}}",200.0,,BKV CORPORATION,1WK,,,,,,
2026-10-05 00:00:00,Long,BOEG,10.0,-0.79%,8.33,mfa,参数一,"{""mfa"": {""mfa_all"": 4}}",200.0,,LEVERAGE SHARES 2X BA,1WK,,,,,,
2026-10-05 00:00:00,Long,BOEG,10.0,-0.79%,8.33,mfa,参数二,"{""mfa"": {""mfa_all"": 4}}",200.0,,LEVERAGE SHARES 2X BA,1WK,,,,,,
2026-10-05 00:00:00,Long,DMAC,8.42,2.31%,7.38,utb,参数二,"{""utb"": {""key_value"": 3, ""atr_period"": 14, ""use_ha"": false}, ""r&s"": {""srb_left"": 15, ""srb_right"": 15}, ""atr"": {""atr_length"": 14, ""atr_mult"": 1.0}}",,,DIAMEDICA THERAPEUTICS INC,1WK,,,,,,
2026-10-05 00:00:00,Long,BIDG,6.03,6.23%,3.96,mfa,参数一,"{""mfa"": {""mfa_all"": 33}}",200.0,,LEVERAGE SHARES 2X BIDU,1WK,,,,,,
2026-10-05 00:00:00,Long,BIDG,6.03,6.23%,3.96,mfa,参数二,"{""mfa"": {""mfa_all"": 33}}",200.0,,LEVERAGE SHARES 2X BIDU,1WK,,,,,,
2026-10-05 00:00:00,Long,AMTD,0.77,3.76%,0.63,mfa,参数一,"{""mfa"": {""mfa_all"": 12}}",200.0,-61.38,AMTD IDEA GROUP,1WK,,,,,,
2026-10-05 00:00:00,Long,AMTD,0.77,3.76%,0.63,suf,参数一,"{""suf"": {""timeframe"": ""w""}}",200.0,-61.38,AMTD IDEA GROUP,1WK,,,,,,
2026-10-05 00:00:00,Long,AMTD,0.77,3.76%,0.63,mfa,参数二,"{""mfa"": {""mfa_all"": 12}}",200.0,-61.38,AMTD IDEA GROUP,1WK,,,,,,
2026-10-05 00:00:00,Long,AMTD,0.77,3.76%,0.63,suf,参数二,"{""suf"": {""timeframe"": ""w""}}",200.0,-61.38,AMTD IDEA GROUP,1WK,,,,,,
2026-10-05 00:00:00,Long,FCSH,23.64,0.06%,23.48,mfa,参数一,"{""mfa"": {""mfa_all"": 3}}",200.0,6.63,FED HERMES SHORT DUR CORP,1WK,,,,,,
2026-10-05 00:00:00,Long,FCSH,23.64,0.06%,23.48,mfa,参数二,"{""mfa"": {""mfa_all"": 3}}",200.0,6.63,FED HERMES SHORT DUR CORP,1WK,,,,,,
2026-10-05 00:00:00,Long,TRN,26.39,1.00%,23.57,mfa,参数一,"{""mfa"": {""mfa_all"": 3}}",200.0,-2.0,TRINITY INDUSTRIES INC,1WK,,,,,,
2026-10-05 00:00:00,Long,TRN,26.39,1.00%,23.57,mfa,参数二,"{""mfa"": {""mfa_all"": 3}}",200.0,-2.0,TRINITY INDUSTRIES INC,1WK,,,,,,
2026-10-05 00:00:00,Long,RILY,4.88,0.41%,3.8,mfa,参数一,"{""mfa"": {""mfa_all"": 4}}",200.0,-69.21,BRC GROUP HOLDINGS INC,1WK,,,,,,
2026-10-05 00:00:00,Long,RILY,4.88,0.41%,3.8,mfa,参数二,"{""mfa"": {""mfa_all"": 4}}",200.0,-69.21,BRC GROUP HOLDINGS INC,1WK,,,,,,
2026-10-05 00:00:00,Long,HUN,8.84,3.63%,7.19,mfa,参数一,"{""mfa"": {""mfa_all"": 11}}",200.0,-48.03,HUNTSMAN CORP,1WK,,,,,,
2026-10-05 00:00:00,Long,HUN,8.84,3.63%,7.19,mfa,参数二,"{""mfa"": {""mfa_all"": 11}}",200.0,-48.03,HUNTSMAN CORP,1WK,,,,,,
2026-10-05 00:00:00,Long,ALMS,6.84,-0.15%,3.58,mfa,参数一,"{""mfa"": {""mfa_all"": 6}}",200.0,,ALUMIS INC,1WK,,,,,,
2026-10-05 00:00:00,Long,ALMS,6.84,-0.15%,3.58,mfa,参数二,"{""mfa"": {""mfa_all"": 6}}",200.0,,ALUMIS INC,1WK,,,,,,
2026-10-05 00:00:00,Long,DUK,113.84,-0.25%,109.13,mfa,参数一,"{""mfa"": {""mfa_all"": 3}}",200.0,10.61,DUKE ENERGY CORP,1WK,,,,,,
2026-10-05 00:00:00,Long,DUK,113.84,-0.25%,109.13,mfa,参数二,"{""mfa"": {""mfa_all"": 3}}",200.0,10.61,DUKE ENERGY CORP,1WK,,,,,,
2026-10-05 00:00:00,Short,MCHX,1.28,-0.78%,1.61,sqz,参数二,"{""sqz"": {""bb_length"": 20, ""bb_mult"": 1.8, ""kc_length"": 20, ""kc_mult"": 1.5, ""min_sqz_bars"": 4}, ""r&s"": {""srb_left"": 15, ""srb_right"": 15}, ""atr"": {""atr_length"": 14, ""atr_mult"": 1.0}}",,,MARCHEX INC-CLASS B,1WK,支撑释放,1.22-1.11-1.26-1.32-1.34,低-高-高-高,9.02%-13.51%-4.76%-1.52%,29.0,49.25
2026-10-05 00:00:00,Long,DOCK,25.43,-0.43%,24.61,mfa,参数一,"{""mfa"": {""mfa_all"": 3}}",200.0,,CORGI PORTS RAIL & FREIGHT,1WK,,,,,,
2026-10-05 00:00:00,Long,DOCK,25.43,-0.43%,24.61,mfa,参数二,"{""mfa"": {""mfa_all"": 3}}",200.0,,CORGI PORTS RAIL & FREIGHT,1WK,,,,,,
2026-10-05 00:00:00,Long,BRBR,7.73,4.04%,5.69,mfa,参数一,"{""mfa"": {""mfa_all"": 4}}",200.0,-82.0,BELLRING BRANDS INC,1WK,,,,,,
2026-10-05 00:00:00,Long,BRBR,7.73,4.04%,5.69,mfa,参数二,"{""mfa"": {""mfa_all"": 4}}",200.0,-82.0,BELLRING BRANDS INC,1WK,,,,,,
2026-10-05 00:00:00,Long,GIL,40.68,-0.78%,35.64,mfa,参数一,"{""mfa"": {""mfa_all"": 4}}",200.0,-5.52,GILDAN ACTIVEWEAR INC,1WK,,,,,,
2026-10-05 00:00:00,Long,GIL,40.68,-0.78%,35.64,mfa,参数二,"{""mfa"": {""mfa_all"": 4}}",200.0,-5.52,GILDAN ACTIVEWEAR INC,1WK,,,,,,
2026-10-05 00:00:00,Long,FLMI,23.3,-0.04%,23.0,mfa,参数一,"{""mfa"": {""mfa_all"": 5}}",200.0,3.43,FRANKLIN DYNAMIC MUNICIPAL B,1WK,,,,,,
2026-10-05 00:00:00,Long,FLMI,23.3,-0.04%,23.0,mfa,参数二,"{""mfa"": {""mfa_all"": 5}}",200.0,3.43,FRANKLIN DYNAMIC MUNICIPAL B,1WK,,,,,,
2026-10-05 00:00:00,Long,IBIO,1.12,-0.88%,0.84,mfa,参数一,"{""mfa"": {""mfa_all"": 6}}",200.0,-78.38,IBIO INC,1WK,,,,,,
2026-10-05 00:00:00,Long,IBIO,1.12,-0.88%,0.84,mfa,参数二,"{""mfa"": {""mfa_all"": 6}}",200.0,-78.38,IBIO INC,1WK,,,,,,
2026-10-05 00:00:00,Long,MKC,45.54,1.95%,40.48,suf,参数一,"{""suf"": {""timeframe"": ""w""}}",200.0,-32.49,MCCORMICK & CO-NON VTG SHRS,1WK,,,,,,
2026-10-05 00:00:00,Long,MKC,45.54,1.95%,40.48,suf,参数二,"{""suf"": {""timeframe"": ""w""}}",200.0,-32.49,MCCORMICK & CO-NON VTG SHRS,1WK,,,,,,
2026-10-05 00:00:00,Long,CLX,82.01,1.99%,74.34,mfa,参数一,"{""mfa"": {""mfa_all"": 4}}",200.0,-34.17,CLOROX COMPANY,1WK,,,,,,
2026-10-05 00:00:00,Long,CLX,82.01,1.99%,74.34,suf,参数一,"{""suf"": {""timeframe"": ""w""}}",200.0,-34.17,CLOROX COMPANY,1WK,,,,,,
2026-10-05 00:00:00,Long,CLX,82.01,1.99%,74.34,mfa,参数二,"{""mfa"": {""mfa_all"": 4}}",200.0,-34.17,CLOROX COMPANY,1WK,,,,,,
2026-10-05 00:00:00,Long,CLX,82.01,1.99%,74.34,suf,参数二,"{""suf"": {""timeframe"": ""w""}}",200.0,-34.17,CLOROX COMPANY,1WK,,,,,,
2026-10-05 00:00:00,Long,WETO,1.05,-2.78%,-17.19,mfa,参数一,"{""mfa"": {""mfa_all"": 73}}",200.0,,WETOUR ROBOTICS LTD,1WK,,,,,,
2026-10-05 00:00:00,Long,WETO,1.05,-2.78%,-17.19,mfa,参数二,"{""mfa"": {""mfa_all"": 73}}",200.0,,WETOUR ROBOTICS LTD,1WK,,,,,,
2026-10-05 00:00:00,Long,PGJ,21.63,1.79%,20.36,suf,参数一,"{""suf"": {""timeframe"": ""w""}}",200.0,-14.97,INVESCO GOLDEN DRAGON CHINA,1WK,,,,,,
2026-10-05 00:00:00,Long,PGJ,21.63,1.79%,20.36,suf,参数二,"{""suf"": {""timeframe"": ""w""}}",200.0,-14.97,INVESCO GOLDEN DRAGON CHINA,1WK,,,,,,
2026-10-05 00:00:00,Short,NREF,15.47,-2.15%,16.73,utb,参数一,"{""utb"": {""key_value"": 2.5, ""atr_period"": 14, ""use_ha"": false}, ""r&s"": {""srb_left"": 10, ""srb_right"": 10}, ""atr"": {""atr_length"": 14, ""atr_mult"": 1.0}}",,,NEXPOINT REAL ESTATE FINANCE,1WK,,,,,,
2026-10-05 00:00:00,Long,POWR,24.88,0.53%,23.57,mfa,参数一,"{""mfa"": {""mfa_all"": 3}}",200.0,9.35,ISHARES US POWER INFRASTRUCT,1WK,,,,,,
2026-10-05 00:00:00,Long,POWR,24.88,0.53%,23.57,mfa,参数二,"{""mfa"": {""mfa_all"": 3}}",200.0,9.35,ISHARES US POWER INFRASTRUCT,1WK,,,,,,
2026-10-05 00:00:00,Short,TDTH,0.95,-3.06%,2.07,sqz,参数一,"{""sqz"": {""bb_length"": 15, ""bb_mult"": 1.5, ""kc_length"": 15, ""kc_mult"": 1.2, ""min_sqz_bars"": 4}, ""r&s"": {""srb_left"": 10, ""srb_right"": 10}, ""atr"": {""atr_length"": 14, ""atr_mult"": 1.0}}",,,TRIDENT DIGITAL TECH HLDGS-B,1WK,支撑释放,nan-5.16-1.27,低-低,nan%-75.39%,14.0,148.82
2026-10-05 00:00:00,Long,CTEX,31.18,-0.39%,28.75,mfa,参数一,"{""mfa"": {""mfa_all"": 11}}",200.0,12.47,PROSHARES S&P KENSHO CLEANTC,1WK,,,,,,
2026-10-05 00:00:00,Long,CTEX,31.18,-0.39%,28.75,mfa,参数二,"{""mfa"": {""mfa_all"": 11}}",200.0,12.47,PROSHARES S&P KENSHO CLEANTC,1WK,,,,,,
2026-10-05 00:00:00,Long,AHG,1.16,0.87%,0.81,mfa,参数一,"{""mfa"": {""mfa_all"": 17}}",200.0,2.12,AKSO HEALTH GROUP,1WK,,,,,,
2026-10-05 00:00:00,Long,AHG,1.16,0.87%,0.81,mfa,参数二,"{""mfa"": {""mfa_all"": 17}}",200.0,2.12,AKSO HEALTH GROUP,1WK,,,,,,
2026-10-05 00:00:00,Short,WOOF,2.18,-0.46%,2.5,sqz,参数一,"{""sqz"": {""bb_length"": 15, ""bb_mult"": 1.5, ""kc_length"": 15, ""kc_mult"": 1.2, ""min_sqz_bars"": 4}, ""r&s"": {""srb_left"": 10, ""srb_right"": 10}, ""atr"": {""atr_length"": 14, ""atr_mult"": 1.0}}",,,PETCO HEALTH AND WELLNESS CO,1WK,支撑释放,1.41-2.23-2.28-2.38-2.24,高-高-高-低,57.71%-2.24%-4.39%-5.88%,46.0,68.75
2026-10-05 00:00:00,Long,GVI,102.84,0.06%,102.16,mfa,参数一,"{""mfa"": {""mfa_all"": 5}}",200.0,4.76,ISHARES INTERMEDIATE GOVERNM,1WK,,,,,,
2026-10-05 00:00:00,Long,GVI,102.84,0.06%,102.16,mfa,参数二,"{""mfa"": {""mfa_all"": 5}}",200.0,4.76,ISHARES INTERMEDIATE GOVERNM,1WK,,,,,,
2026-10-05 00:00:00,Long,VIXY,16.54,-1.08%,14.22,mfa,参数一,"{""mfa"": {""mfa_all"": 20}}",200.0,-74.96,PROSHARES VIX SHORT-TERM FUT,1WK,,,,,,
2026-10-05 00:00:00,Long,VIXY,16.54,-1.08%,14.22,mfa,参数二,"{""mfa"": {""mfa_all"": 20}}",200.0,-74.96,PROSHARES VIX SHORT-TERM FUT,1WK,,,,,,
2026-10-05 00:00:00,Long,CC,13.89,1.31%,11.55,mfa,参数一,"{""mfa"": {""mfa_all"": 4}}",200.0,-32.43,CHEMOURS CO/THE,1WK,,,,,,
2026-10-05 00:00:00,Long,CC,13.89,1.31%,11.55,suf,参数一,"{""suf"": {""timeframe"": ""w""}}",200.0,-32.43,CHEMOURS CO/THE,1WK,,,,,,
2026-10-05 00:00:00,Long,CC,13.89,1.31%,11.55,mfa,参数二,"{""mfa"": {""mfa_all"": 4}}",200.0,-32.43,CHEMOURS CO/THE,1WK,,,,,,
2026-10-05 00:00:00,Long,CC,13.89,1.31%,11.55,suf,参数二,"{""suf"": {""timeframe"": ""w""}}",200.0,-32.43,CHEMOURS CO/THE,1WK,,,,,,
2026-10-05 00:00:00,Long,ELAB,3.27,-2.68%,-119.99,mfa,参数一,"{""mfa"": {""mfa_all"": 44}}",200.0,,PMGC HOLDINGS INC,1WK,,,,,,
2026-10-05 00:00:00,Long,ELAB,3.27,-2.68%,-119.99,mfa,参数二,"{""mfa"": {""mfa_all"": 44}}",200.0,,PMGC HOLDINGS INC,1WK,,,,,,
2026-10-05 00:00:00,Long,NI,39.55,0.30%,37.59,mfa,参数一,"{""mfa"": {""mfa_all"": 7}}",200.0,17.97,NISOURCE INC,1WK,,,,,,
2026-10-05 00:00:00,Long,NI,39.55,0.30%,37.59,mfa,参数二,"{""mfa"": {""mfa_all"": 7}}",200.0,17.97,NISOURCE INC,1WK,,,,,,
2026-10-05 00:00:00,Long,CALM,64.99,-2.52%,58.57,mfa,参数一,"{""mfa"": {""mfa_all"": 3}}",200.0,-4.78,CAL-MAINE FOODS INC,1WK,,,,,,
2026-10-05 00:00:00,Long,CALM,64.99,-2.52%,58.57,mfa,参数二,"{""mfa"": {""mfa_all"": 3}}",200.0,-4.78,CAL-MAINE FOODS INC,1WK,,,,,,
2026-10-05 00:00:00,Long,AMSF,23.28,-1.31%,21.54,mfa,参数一,"{""mfa"": {""mfa_all"": 71}}",200.0,-40.3,AMERISAFE INC,1WK,,,,,,
2026-10-05 00:00:00,Long,AMSF,23.28,-1.31%,21.54,mfa,参数二,"{""mfa"": {""mfa_all"": 71}}",200.0,-40.3,AMERISAFE INC,1WK,,,,,,
2026-10-05 00:00:00,Long,SEVN,6.84,1.33%,6.37,mfa,参数一,"{""mfa"": {""mfa_all"": 11}}",200.0,-22.27,SEVEN HILLS REALTY TRUST,1WK,,,,,,
2026-10-05 00:00:00,Long,SEVN,6.84,1.33%,6.37,mfa,参数二,"{""mfa"": {""mfa_all"": 11}}",200.0,-22.27,SEVEN HILLS REALTY TRUST,1WK,,,,,,
2026-10-05 00:00:00,Long,LRN,78.88,-0.01%,70.95,mfa,参数一,"{""mfa"": {""mfa_all"": 3}}",200.0,-3.78,STRIDE INC,1WK,,,,,,
2026-10-05 00:00:00,Long,LRN,78.88,-0.01%,70.95,mfa,参数二,"{""mfa"": {""mfa_all"": 3}}",200.0,-3.78,STRIDE INC,1WK,,,,,,
2026-10-05 00:00:00,Long,NMRK,12.58,-0.55%,11.32,mfa,参数一,"{""mfa"": {""mfa_all"": 3}}",200.0,6.15,NEWMARK GROUP INC-CLASS A,1WK,,,,,,
2026-10-05 00:00:00,Short,NMRK,12.58,-0.55%,13.89,sqz,参数二,"{""sqz"": {""bb_length"": 20, ""bb_mult"": 1.8, ""kc_length"": 20, ""kc_mult"": 1.5, ""min_sqz_bars"": 4}, ""r&s"": {""srb_left"": 15, ""srb_right"": 15}, ""atr"": {""atr_length"": 14, ""atr_mult"": 1.0}}",,,NEWMARK GROUP INC-CLASS A,1WK,支撑释放,nan-4.86-4.93-9.49-13.23,低-高-高-高,nan%-1.34%-92.71%-39.36%,34.0,32.41
2026-10-05 00:00:00,Long,NMRK,12.58,-0.55%,11.32,mfa,参数二,"{""mfa"": {""mfa_all"": 3}}",200.0,6.15,NEWMARK GROUP INC-CLASS A,1WK,,,,,,
2026-10-05 00:00:00,Long,DGCB,51.96,0.04%,51.35,mfa,参数一,"{""mfa"": {""mfa_all"": 3}}",200.0,,DIMENSIONAL GLOBAL CREDIT,1WK,,,,,,
2026-10-05 00:00:00,Long,DGCB,51.96,0.04%,51.35,mfa,参数二,"{""mfa"": {""mfa_all"": 3}}",200.0,,DIMENSIONAL GLOBAL CREDIT,1WK,,,,,,
2026-10-05 00:00:00,Short,MFIC,8.51,-1.28%,9.2,sqz,参数一,"{""sqz"": {""bb_length"": 15, ""bb_mult"": 1.5, ""kc_length"": 15, ""kc_mult"": 1.2, ""min_sqz_bars"": 4}, ""r&s"": {""srb_left"": 10, ""srb_right"": 10}, ""atr"": {""atr_length"": 14, ""atr_mult"": 1.0}}",,,MIDCAP FINANCIAL INVESTMENT,1WK,支撑释放,9.37-10.27-8.47-10.0-8.64,高-低-高-低,9.61%-17.54%-18.09%-13.63%,31.0,33.33
2026-10-05 00:00:00,Long,GTY,27.87,-1.17%,26.39,mfa,参数一,"{""mfa"": {""mfa_all"": 3}}",200.0,3.46,GETTY REALTY CORP,1WK,,,,,,
2026-10-05 00:00:00,Long,GTY,27.87,-1.17%,26.39,mfa,参数二,"{""mfa"": {""mfa_all"": 3}}",200.0,3.46,GETTY REALTY CORP,1WK,,,,,,
2026-10-05 00:00:00,Long,AGG,94.13,-0.13%,93.13,mfa,参数一,"{""mfa"": {""mfa_all"": 5}}",200.0,3.15,ISHARES CORE U.S. AGGREGATE,1WK,,,,,,
2026-10-05 00:00:00,Long,AGG,94.13,-0.13%,93.13,mfa,参数二,"{""mfa"": {""mfa_all"": 5}}",200.0,3.15,ISHARES CORE U.S. AGGREGATE,1WK,,,,,,
2026-10-05 00:00:00,Long,BSCZ,19.24,0.00%,18.97,mfa,参数一,"{""mfa"": {""mfa_all"": 5}}",200.0,,INVESCO BULLETSHARES 2035 CB,1WK,,,,,,
2026-10-05 00:00:00,Long,BSCZ,19.24,0.00%,18.97,mfa,参数二,"{""mfa"": {""mfa_all"": 5}}",200.0,,INVESCO BULLETSHARES 2035 CB,1WK,,,,,,
2026-10-05 00:00:00,Long,IEF,88.92,-0.15%,87.8,mfa,参数一,"{""mfa"": {""mfa_all"": 5}}",200.0,0.53,ISHARES 7-10 YEAR TREASURY B,1WK,,,,,,
2026-10-05 00:00:00,Long,IEF,88.92,-0.15%,87.8,mfa,参数二,"{""mfa"": {""mfa_all"": 5}}",200.0,0.53,ISHARES 7-10 YEAR TREASURY B,1WK,,,,,,
2026-10-05 00:00:00,Long,COUR,5.18,3.19%,4.36,mfa,参数一,"{""mfa"": {""mfa_all"": 3}}",200.0,-49.75,COURSERA INC,1WK,,,,,,
2026-10-05 00:00:00,Long,COUR,5.18,3.19%,4.36,mfa,参数二,"{""mfa"": {""mfa_all"": 3}}",200.0,-49.75,COURSERA INC,1WK,,,,,,
2026-10-05 00:00:00,Long,TPL,344.67,1.32%,304.11,mfa,参数一,"{""mfa"": {""mfa_all"": 3}}",200.0,16.37,TEXAS PACIFIC LAND CORP,1WK,,,,,,
2026-10-05 00:00:00,Long,TPL,344.67,1.32%,304.11,mfa,参数二,"{""mfa"": {""mfa_all"": 3}}",200.0,16.37,TEXAS PACIFIC LAND CORP,1WK,,,,,,
2026-10-05 00:00:00,Long,SSTI,8.32,-0.12%,7.25,mfa,参数一,"{""mfa"": {""mfa_all"": 9}}",200.0,-47.52,SOUNDTHINKING INC,1WK,,,,,,
2026-10-05 00:00:00,Long,SSTI,8.32,-0.12%,7.25,mfa,参数二,"{""mfa"": {""mfa_all"": 9}}",200.0,-47.52,SOUNDTHINKING INC,1WK,,,,,,
2026-10-05 00:00:00,Long,ACIC,9.28,-0.54%,8.57,mfa,参数一,"{""mfa"": {""mfa_all"": 12}}",200.0,3.41,AMERICAN COASTAL INSURANCE C,1WK,,,,,,
2026-10-05 00:00:00,Long,ACIC,9.28,-0.54%,8.57,mfa,参数二,"{""mfa"": {""mfa_all"": 12}}",200.0,3.41,AMERICAN COASTAL INSURANCE C,1WK,,,,,,
2026-10-05 00:00:00,Long,EDVA,0.17,4.40%,-0.23,mfa,参数一,"{""mfa"": {""mfa_all"": 47}}",200.0,-99.72,ENDOVIA HEALTH SCIENCES INC,1WK,,,,,,
2026-10-05 00:00:00,Long,EDVA,0.17,4.40%,-0.23,mfa,参数二,"{""mfa"": {""mfa_all"": 47}}",200.0,-99.72,ENDOVIA HEALTH SCIENCES INC,1WK,,,,,,
2026-10-05 00:00:00,Short,RHI,34.32,-4.98%,39.66,utb,参数一,"{""utb"": {""key_value"": 2.5, ""atr_period"": 14, ""use_ha"": false}, ""r&s"": {""srb_left"": 10, ""srb_right"": 10}, ""atr"": {""atr_length"": 14, ""atr_mult"": 1.0}}",,,ROBERT HALF INC,1WK,,,,,,
2026-10-05 00:00:00,Long,MYMK,24.19,-0.12%,24.07,mfa,参数一,"{""mfa"": {""mfa_all"": 5}}",200.0,,STATE STREET MY2031 MUNICIPA,1WK,,,,,,
2026-10-05 00:00:00,Long,MYMK,24.19,-0.12%,24.07,mfa,参数二,"{""mfa"": {""mfa_all"": 5}}",200.0,,STATE STREET MY2031 MUNICIPA,1WK,,,,,,
2026-10-05 00:00:00,Long,WYNN,77.17,1.70%,69.16,mfa,参数一,"{""mfa"": {""mfa_all"": 32}}",200.0,-20.37,WYNN RESORTS LTD,1WK,,,,,,
2026-10-05 00:00:00,Long,WYNN,77.17,1.70%,69.16,mfa,参数二,"{""mfa"": {""mfa_all"": 32}}",200.0,-20.37,WYNN RESORTS LTD,1WK,,,,,,
2026-10-05 00:00:00,Long,NCT,1.73,2.98%,-39.45,mfa,参数一,"{""mfa"": {""mfa_all"": 62}}",200.0,,INTERCONT CAYMAN LTD CLASS A,1WK,,,,,,
2026-10-05 00:00:00,Long,NCT,1.73,2.98%,-39.45,mfa,参数二,"{""mfa"": {""mfa_all"": 62}}",200.0,,INTERCONT CAYMAN LTD CLASS A,1WK,,,,,,
2026-10-05 00:00:00,Long,SLGB,0.3,4.86%,0.0,mfa,参数一,"{""mfa"": {""mfa_all"": 24}}",200.0,,SMART LOGISTICS GLOBAL LTD-A,1WK,,,,,,
2026-10-05 00:00:00,Long,SLGB,0.3,4.86%,0.0,mfa,参数二,"{""mfa"": {""mfa_all"": 24}}",200.0,,SMART LOGISTICS GLOBAL LTD-A,1WK,,,,,,
2026-10-05 00:00:00,Long,ECNS,27.32,0.85%,26.19,mfa,参数一,"{""mfa"": {""mfa_all"": 30}}",200.0,1.28,ISHARES MSCI CHINA SMALL-CAP,1WK,,,,,,
2026-10-05 00:00:00,Long,ECNS,27.32,0.85%,26.19,mfa,参数二,"{""mfa"": {""mfa_all"": 30}}",200.0,1.28,ISHARES MSCI CHINA SMALL-CAP,1WK,,,,,,
2026-10-05 00:00:00,Long,VCRM,71.51,-0.10%,70.63,mfa,参数一,"{""mfa"": {""mfa_all"": 5}}",200.0,,VANGUARD CORE TAX-EX BOND,1WK,,,,,,
2026-10-05 00:00:00,Long,VCRM,71.51,-0.10%,70.63,mfa,参数二,"{""mfa"": {""mfa_all"": 5}}",200.0,,VANGUARD CORE TAX-EX BOND,1WK,,,,,,
2026-10-05 00:00:00,Long,EVSM,49.25,0.06%,48.98,mfa,参数一,"{""mfa"": {""mfa_all"": 3}}",200.0,,EATON VANCE SHRT DUR MUNI,1WK,,,,,,
2026-10-05 00:00:00,Long,EVSM,49.25,0.06%,48.98,mfa,参数二,"{""mfa"": {""mfa_all"": 3}}",200.0,,EATON VANCE SHRT DUR MUNI,1WK,,,,,,
2026-10-05 00:00:00,Short,SABS,3.1,4.03%,3.66,sqz,参数一,"{""sqz"": {""bb_length"": 15, ""bb_mult"": 1.5, ""kc_length"": 15, ""kc_mult"": 1.2, ""min_sqz_bars"": 4}, ""r&s"": {""srb_left"": 10, ""srb_right"": 10}, ""atr"": {""atr_length"": 14, ""atr_mult"": 1.0}}",,,SAB BIOTHERAPEUTICS INC,1WK,支撑释放,2.36-2.16-1.0-1.85-3.28,低-低-高-高,8.47%-53.70%-85.00%-77.30%,18.0,27.74
2026-10-05 00:00:00,Long,ARTW,3.3,5.43%,2.64,sqz,参数一,"{""sqz"": {""bb_length"": 15, ""bb_mult"": 1.5, ""kc_length"": 15, ""kc_mult"": 1.2, ""min_sqz_bars"": 4}, ""r&s"": {""srb_left"": 10, ""srb_right"": 10}, ""atr"": {""atr_length"": 14, ""atr_mult"": 1.0}}",,,ART'S-WAY MANUFACTURING CO,1WK,一直亮绿,2.29-4.15-4.71-2.99-3.18,高-高-低-高,81.22%-13.49%-36.52%-6.35%,24.0,53.62
2026-10-05 00:00:00,Long,ARTW,3.3,5.43%,2.64,sqz,参数二,"{""sqz"": {""bb_length"": 20, ""bb_mult"": 1.8, ""kc_length"": 20, ""kc_mult"": 1.5, ""min_sqz_bars"": 4}, ""r&s"": {""srb_left"": 15, ""srb_right"": 15}, ""atr"": {""atr_length"": 14, ""atr_mult"": 1.0}}",,,ART'S-WAY MANUFACTURING CO,1WK,一直亮绿,2.37-2.29-4.15-4.71-3.18,低-高-高-低,3.38%-81.22%-13.49%-32.48%,24.0,53.62
2026-10-05 00:00:00,Short,SNY,39.51,-1.03%,41.74,sqz,参数一,"{""sqz"": {""bb_length"": 15, ""bb_mult"": 1.5, ""kc_length"": 15, ""kc_mult"": 1.2, ""min_sqz_bars"": 4}, ""r&s"": {""srb_left"": 10, ""srb_right"": 10}, ""atr"": {""atr_length"": 14, ""atr_mult"": 1.0}}",,,SANOFI-ADR,1WK,支撑释放,41.55-43.28-42.27-41.04-40.89,高-低-低-低,4.15%-2.31%-2.91%-0.37%,15.0,12.77
2026-10-05 00:00:00,Long,BN,36.83,-0.24%,34.45,mfa,参数一,"{""mfa"": {""mfa_all"": 5}}",200.0,10.32,BROOKFIELD CORP,1WK,,,,,,
2026-10-05 00:00:00,Long,BN,36.83,-0.24%,34.45,mfa,参数二,"{""mfa"": {""mfa_all"": 5}}",200.0,10.32,BROOKFIELD CORP,1WK,,,,,,
2026-10-05 00:00:00,Long,UNIT,7.95,-1.12%,7.04,suf,参数一,"{""suf"": {""timeframe"": ""w""}}",200.0,0.37,UNITI GROUP INC,1WK,,,,,,
2026-10-05 00:00:00,Long,UNIT,7.95,-1.12%,7.04,suf,参数二,"{""suf"": {""timeframe"": ""w""}}",200.0,0.37,UNITI GROUP INC,1WK,,,,,,
2026-10-05 00:00:00,Long,VRAX,2.4,9.09%,0.65,mfa,参数一,"{""mfa"": {""mfa_all"": 4}}",200.0,-95.11,VIRAX BIOLABS GROUP LTD,1WK,,,,,,
2026-10-05 00:00:00,Long,VRAX,2.4,9.09%,0.65,mfa,参数二,"{""mfa"": {""mfa_all"": 4}}",200.0,-95.11,VIRAX BIOLABS GROUP LTD,1WK,,,,,,
2026-10-05 00:00:00,Short,CALC,1.54,-3.75%,2.7,sqz,参数二,"{""sqz"": {""bb_length"": 20, ""bb_mult"": 1.8, ""kc_length"": 20, ""kc_mult"": 1.5, ""min_sqz_bars"": 4}, ""r&s"": {""srb_left"": 15, ""srb_right"": 15}, ""atr"": {""atr_length"": 14, ""atr_mult"": 1.0}}",,,CALCIMEDICA INC,1WK,一直释放,nan-8.75-7.1-2.31,低-低-低,nan%-18.86%-67.54%,31.0,149.46
2026-10-05 00:00:00,Long,ADTN,7.15,1.56%,5.62,mfa,参数一,"{""mfa"": {""mfa_all"": 11}}",200.0,-22.62,ADTRAN HOLDINGS INC,1WK,,,,,,
2026-10-05 00:00:00,Long,ADTN,7.15,1.56%,5.62,mfa,参数二,"{""mfa"": {""mfa_all"": 11}}",200.0,-22.62,ADTRAN HOLDINGS INC,1WK,,,,,,
2026-10-05 00:00:00,Short,PRSO,0.45,-4.26%,0.61,sqz,参数一,"{""sqz"": {""bb_length"": 15, ""bb_mult"": 1.5, ""kc_length"": 15, ""kc_mult"": 1.2, ""min_sqz_bars"": 4}, ""r&s"": {""srb_left"": 10, ""srb_right"": 10}, ""atr"": {""atr_length"": 14, ""atr_mult"": 1.0}}",,,PERASO INC,1WK,一直释放,0.73-0.52-0.77-0.8-0.78,低-高-高-低,28.77%-48.08%-3.90%-2.50%,35.0,176.92
2026-10-05 00:00:00,Short,TME,7.87,1.68%,8.65,sqz,参数一,"{""sqz"": {""bb_length"": 15, ""bb_mult"": 1.5, ""kc_length"": 15, ""kc_mult"": 1.2, ""min_sqz_bars"": 4}, ""r&s"": {""srb_left"": 10, ""srb_right"": 10}, ""atr"": {""atr_length"": 14, ""atr_mult"": 1.0}}",,,TENCENT MUSIC ENTERTAINM-ADR,1WK,支撑释放,nan-5.43-9.05-7.94,低-高-低,nan%-66.59%-12.27%,15.0,25.19
2026-10-05 00:00:00,Short,VGLT,49.68,-0.48%,50.74,sqz,参数一,"{""sqz"": {""bb_length"": 15, ""bb_mult"": 1.5, ""kc_length"": 15, ""kc_mult"": 1.2, ""min_sqz_bars"": 4}, ""r&s"": {""srb_left"": 10, ""srb_right"": 10}, ""atr"": {""atr_length"": 14, ""atr_mult"": 1.0}}",,,VANGUARD LONG-TERM TREASURY,1WK,一直亮红,52.57-45.6-49.21-49.71-49.84,低-高-高-高,13.27%-7.92%-1.03%-0.26%,72.0,12.61
2026-10-05 00:00:00,Short,VGLT,49.68,-0.48%,50.74,sqz,参数二,"{""sqz"": {""bb_length"": 20, ""bb_mult"": 1.8, ""kc_length"": 20, ""kc_mult"": 1.5, ""min_sqz_bars"": 4}, ""r&s"": {""srb_left"": 15, ""srb_right"": 15}, ""atr"": {""atr_length"": 14, ""atr_mult"": 1.0}}",,,VANGUARD LONG-TERM TREASURY,1WK,一直亮红,nan-45.6-49.21-49.71-49.84,低-高-高-高,nan%-7.92%-1.03%-0.26%,72.0,12.61
2026-10-05 00:00:00,Long,WVE,3.75,-0.79%,2.89,mfa,参数一,"{""mfa"": {""mfa_all"": 9}}",200.0,-47.94,WAVE LIFE SCIENCES INC,1WK,,,,,,
2026-10-05 00:00:00,Long,WVE,3.75,-0.79%,2.89,mfa,参数二,"{""mfa"": {""mfa_all"": 9}}",200.0,-47.94,WAVE LIFE SCIENCES INC,1WK,,,,,,
2026-10-05 00:00:00,Long,LINC,22.2,1.32%,17.34,mfa,参数一,"{""mfa"": {""mfa_all"": 6}}",200.0,25.53,LINCOLN EDUCATIONAL SERVICES,1WK,,,,,,
2026-10-05 00:00:00,Long,LINC,22.2,1.32%,17.34,mfa,参数二,"{""mfa"": {""mfa_all"": 6}}",200.0,25.53,LINCOLN EDUCATIONAL SERVICES,1WK,,,,,,
2026-10-05 00:00:00,Long,BC,64.83,-0.92%,58.81,mfa,参数一,"{""mfa"": {""mfa_all"": 3}}",200.0,-9.99,BRUNSWICK CORP,1WK,,,,,,
2026-10-05 00:00:00,Long,BC,64.83,-0.92%,58.81,mfa,参数二,"{""mfa"": {""mfa_all"": 3}}",200.0,-9.99,BRUNSWICK CORP,1WK,,,,,,
2026-10-05 00:00:00,Long,UBND,20.62,-0.15%,20.41,mfa,参数一,"{""mfa"": {""mfa_all"": 5}}",200.0,4.07,VICTORYSHARES CORE PLUS BOND,1WK,,,,,,
2026-10-05 00:00:00,Long,UBND,20.62,-0.15%,20.41,mfa,参数二,"{""mfa"": {""mfa_all"": 5}}",200.0,4.07,VICTORYSHARES CORE PLUS BOND,1WK,,,,,,
2026-10-05 00:00:00,Long,XLK,200.93,0.56%,191.37,sqz,参数一,"{""sqz"": {""bb_length"": 15, ""bb_mult"": 1.5, ""kc_length"": 15, ""kc_mult"": 1.2, ""min_sqz_bars"": 4}, ""r&s"": {""srb_left"": 10, ""srb_right"": 10}, ""atr"": {""atr_length"": 14, ""atr_mult"": 1.0}}",,,SS TECHNOLOGY SELECT SECTOR,1WK,压力释放,214.58-120.38-152.21-149.36-198.26,低-高-低-高,43.90%-26.44%-1.87%-32.74%,18.0,19.24
2026-10-05 00:00:00,Long,FIS,33.58,3.51%,29.13,mfa,参数一,"{""mfa"": {""mfa_all"": 37}}",200.0,-44.64,FIDELITY NATIONAL INFO SERV,1WK,,,,,,
2026-10-05 00:00:00,Long,FIS,33.58,3.51%,29.13,mfa,参数二,"{""mfa"": {""mfa_all"": 37}}",200.0,-44.64,FIDELITY NATIONAL INFO SERV,1WK,,,,,,
2026-10-05 00:00:00,Long,EMA,47.88,-0.31%,46.17,mfa,参数一,"{""mfa"": {""mfa_all"": 3}}",200.0,21.34,EMERA INC,1WK,,,,,,
2026-10-05 00:00:00,Long,EMA,47.88,-0.31%,46.17,mfa,参数二,"{""mfa"": {""mfa_all"": 3}}",200.0,21.34,EMERA INC,1WK,,,,,,
2026-10-05 00:00:00,Long,AEI,0.7,-6.20%,0.36,mfa,参数一,"{""mfa"": {""mfa_all"": 24}}",200.0,-53.33,ALSET INC,1WK,,,,,,
2026-10-05 00:00:00,Long,AEI,0.7,-6.20%,0.36,mfa,参数二,"{""mfa"": {""mfa_all"": 24}}",200.0,-53.33,ALSET INC,1WK,,,,,,
2026-10-05 00:00:00,Long,AHT,2.25,-1.32%,1.94,mfa,参数一,"{""mfa"": {""mfa_all"": 3}}",200.0,-85.0,ASHFORD HOSPITALITY TRUST,1WK,,,,,,
2026-10-05 00:00:00,Long,AHT,2.25,-1.32%,1.94,mfa,参数二,"{""mfa"": {""mfa_all"": 3}}",200.0,-85.0,ASHFORD HOSPITALITY TRUST,1WK,,,,,,
2026-10-05 00:00:00,Short,PEP,125.65,-0.19%,131.9,sqz,参数一,"{""sqz"": {""bb_length"": 15, ""bb_mult"": 1.5, ""kc_length"": 15, ""kc_mult"": 1.2, ""min_sqz_bars"": 4}, ""r&s"": {""srb_left"": 10, ""srb_right"": 10}, ""atr"": {""atr_length"": 14, ""atr_mult"": 1.0}}",,,PEPSICO INC,1WK,支撑释放,147.43-145.12-132.05-120.27-131.99,低-低-低-高,1.57%-9.00%-8.93%-9.75%,39.0,26.08
2026-10-05 00:00:00,Long,HTAX,22.97,0.17%,22.55,mfa,参数一,"{""mfa"": {""mfa_all"": 3}}",200.0,,NOMURA NATIONAL HIGH-YIELD M,1WK,,,,,,
2026-10-05 00:00:00,Long,HTAX,22.97,0.17%,22.55,mfa,参数二,"{""mfa"": {""mfa_all"": 3}}",200.0,,NOMURA NATIONAL HIGH-YIELD M,1WK,,,,,,
2026-10-05 00:00:00,Long,HISF,42.31,0.00%,41.88,mfa,参数一,"{""mfa"": {""mfa_all"": 3}}",200.0,4.54,FIRST TR HI INC STRAT FOC,1WK,,,,,,
2026-10-05 00:00:00,Long,HISF,42.31,0.00%,41.88,mfa,参数二,"{""mfa"": {""mfa_all"": 3}}",200.0,4.54,FIRST TR HI INC STRAT FOC,1WK,,,,,,
2026-10-05 00:00:00,Long,FENG,1.43,2.14%,1.3,suf,参数一,"{""suf"": {""timeframe"": ""w""}}",200.0,-31.08,PHOENIX NEW MEDIA LTD -ADR,1WK,,,,,,
2026-10-05 00:00:00,Long,FENG,1.43,2.14%,1.3,suf,参数二,"{""suf"": {""timeframe"": ""w""}}",200.0,-31.08,PHOENIX NEW MEDIA LTD -ADR,1WK,,,,,,
2026-10-05 00:00:00,Long,BBD,4.33,18.76%,3.91,sqz,参数一,"{""sqz"": {""bb_length"": 15, ""bb_mult"": 1.5, ""kc_length"": 15, ""kc_mult"": 1.2, ""min_sqz_bars"": 4}, ""r&s"": {""srb_left"": 10, ""srb_right"": 10}, ""atr"": {""atr_length"": 14, ""atr_mult"": 1.0}}",,,BANCO BRADESCO-ADR,1WK,压力释放,3.06-2.59-4.1-4.19-3.73,低-高-高-低,15.49%-58.40%-2.11%-11.03%,11.0,25.36
2026-10-05 00:00:00,Long,BBD,4.33,18.76%,3.91,sqz,参数二,"{""sqz"": {""bb_length"": 20, ""bb_mult"": 1.8, ""kc_length"": 20, ""kc_mult"": 1.5, ""min_sqz_bars"": 4}, ""r&s"": {""srb_left"": 15, ""srb_right"": 15}, ""atr"": {""atr_length"": 14, ""atr_mult"": 1.0}}",,,BANCO BRADESCO-ADR,1WK,压力释放,nan-2.92-3.06-2.59-4.19,低-高-低-高,nan%-5.08%-15.49%-61.75%,25.0,40.9
2026-10-05 00:00:00,Long,BSMW,23.67,-0.34%,23.4,mfa,参数一,"{""mfa"": {""mfa_all"": 5}}",200.0,,INVESCO BULLETSHARES 2032 MB,1WK,,,,,,
2026-10-05 00:00:00,Long,BSMW,23.67,-0.34%,23.4,mfa,参数二,"{""mfa"": {""mfa_all"": 5}}",200.0,,INVESCO BULLETSHARES 2032 MB,1WK,,,,,,
2026-10-05 00:00:00,Long,ARAI,0.21,-3.70%,-0.01,mfa,参数一,"{""mfa"": {""mfa_all"": 58}}",200.0,,ARRIVE AI INC,1WK,,,,,,
2026-10-05 00:00:00,Long,ARAI,0.21,-3.70%,-0.01,mfa,参数二,"{""mfa"": {""mfa_all"": 58}}",200.0,,ARRIVE AI INC,1WK,,,,,,
2026-10-05 00:00:00,Short,MYHD,24.16,-0.17%,24.43,utb,参数二,"{""utb"": {""key_value"": 3, ""atr_period"": 14, ""use_ha"": false}, ""r&s"": {""srb_left"": 15, ""srb_right"": 15}, ""atr"": {""atr_length"": 14, ""atr_mult"": 1.0}}",,,STATE STREET MY2030 HIGH YLD,1WK,,,,,,
2026-10-05 00:00:00,Long,MBI,4.47,1.59%,3.94,mfa,参数一,"{""mfa"": {""mfa_all"": 29}}",200.0,-16.26,MBIA INC,1WK,,,,,,
2026-10-05 00:00:00,Long,MBI,4.47,1.59%,3.94,mfa,参数二,"{""mfa"": {""mfa_all"": 29}}",200.0,-16.26,MBIA INC,1WK,,,,,,
2026-10-05 00:00:00,Long,ORKT,0.99,-2.07%,0.7,mfa,参数一,"{""mfa"": {""mfa_all"": 3}}",200.0,,ORANGEKLOUD TECHNOLOGY INC,1WK,,,,,,
2026-10-05 00:00:00,Long,ORKT,0.99,-2.07%,0.7,mfa,参数二,"{""mfa"": {""mfa_all"": 3}}",200.0,,ORANGEKLOUD TECHNOLOGY INC,1WK,,,,,,
2026-10-05 00:00:00,Long,BAER,0.66,-3.09%,0.39,mfa,参数一,"{""mfa"": {""mfa_all"": 10}}",200.0,-81.95,BRIDGER AEROSPACE GROUP HOLD,1WK,,,,,,
2026-10-05 00:00:00,Long,BAER,0.66,-3.09%,0.39,mfa,参数二,"{""mfa"": {""mfa_all"": 10}}",200.0,-81.95,BRIDGER AEROSPACE GROUP HOLD,1WK,,,,,,
2026-10-05 00:00:00,Long,PZT,20.42,-0.49%,20.04,mfa,参数一,"{""mfa"": {""mfa_all"": 6}}",200.0,-2.78,INVESCO NEW YORK AMT-FREE MU,1WK,,,,,,
2026-10-05 00:00:00,Long,PZT,20.42,-0.49%,20.04,mfa,参数二,"{""mfa"": {""mfa_all"": 6}}",200.0,-2.78,INVESCO NEW YORK AMT-FREE MU,1WK,,,,,,
2026-10-05 00:00:00,Long,AMOD,3.78,8.31%,0.73,mfa,参数一,"{""mfa"": {""mfa_all"": 102}}",200.0,-98.45,ALPHA MODUS HOLDINGS INC,1WK,,,,,,
2026-10-05 00:00:00,Long,AMOD,3.78,8.31%,0.73,suf,参数一,"{""suf"": {""timeframe"": ""w""}}",200.0,-98.45,ALPHA MODUS HOLDINGS INC,1WK,,,,,,
2026-10-05 00:00:00,Long,AMOD,3.78,8.31%,0.73,mfa,参数二,"{""mfa"": {""mfa_all"": 102}}",200.0,-98.45,ALPHA MODUS HOLDINGS INC,1WK,,,,,,
2026-10-05 00:00:00,Long,AMOD,3.78,8.31%,0.73,suf,参数二,"{""suf"": {""timeframe"": ""w""}}",200.0,-98.45,ALPHA MODUS HOLDINGS INC,1WK,,,,,,
2026-10-05 00:00:00,Long,JULM,35.06,0.10%,34.89,sqz,参数一,"{""sqz"": {""bb_length"": 15, ""bb_mult"": 1.5, ""kc_length"": 15, ""kc_mult"": 1.2, ""min_sqz_bars"": 4}, ""r&s"": {""srb_left"": 10, ""srb_right"": 10}, ""atr"": {""atr_length"": 14, ""atr_mult"": 1.0}}",,,FT VEST US EQ MAX BUF JULY,1WK,一直释放,nan-31.85,低,nan%,85.0,5.29
2026-10-05 00:00:00,Long,MWA,21.76,0.46%,20.08,mfa,参数一,"{""mfa"": {""mfa_all"": 6}}",200.0,8.03,MUELLER WATER PRODUCTS INC-A,1WK,,,,,,
2026-10-05 00:00:00,Long,MWA,21.76,0.46%,20.08,mfa,参数二,"{""mfa"": {""mfa_all"": 6}}",200.0,8.03,MUELLER WATER PRODUCTS INC-A,1WK,,,,,,
2026-10-05 00:00:00,Long,GLIX,25.33,-0.24%,24.44,mfa,参数一,"{""mfa"": {""mfa_all"": 3}}",200.0,,LAZARD LISTED INFRASTRUCTURE,1WK,,,,,,
2026-10-05 00:00:00,Long,GLIX,25.33,-0.24%,24.44,mfa,参数二,"{""mfa"": {""mfa_all"": 3}}",200.0,,LAZARD LISTED INFRASTRUCTURE,1WK,,,,,,
2026-10-05 00:00:00,Long,JBI,4.34,3.09%,3.7,mfa,参数一,"{""mfa"": {""mfa_all"": 4}}",200.0,-53.1,JANUS INTERNATIONAL GROUP IN,1WK,,,,,,
2026-10-05 00:00:00,Long,JBI,4.34,3.09%,3.7,suf,参数一,"{""suf"": {""timeframe"": ""w""}}",200.0,-53.1,JANUS INTERNATIONAL GROUP IN,1WK,,,,,,
2026-10-05 00:00:00,Long,JBI,4.34,3.09%,3.7,mfa,参数二,"{""mfa"": {""mfa_all"": 4}}",200.0,-53.1,JANUS INTERNATIONAL GROUP IN,1WK,,,,,,
2026-10-05 00:00:00,Long,JBI,4.34,3.09%,3.7,suf,参数二,"{""suf"": {""timeframe"": ""w""}}",200.0,-53.1,JANUS INTERNATIONAL GROUP IN,1WK,,,,,,
2026-10-05 00:00:00,Long,APEI,44.41,1.55%,39.49,mfa,参数一,"{""mfa"": {""mfa_all"": 3}}",200.0,87.79,AMERICAN PUBLIC EDUCATION,1WK,,,,,,
2026-10-05 00:00:00,Long,APEI,44.41,1.55%,39.49,mfa,参数二,"{""mfa"": {""mfa_all"": 3}}",200.0,87.79,AMERICAN PUBLIC EDUCATION,1WK,,,,,,
2026-10-05 00:00:00,Long,VGIT,56.51,-0.04%,56.01,mfa,参数一,"{""mfa"": {""mfa_all"": 5}}",200.0,2.96,VANGUARD INTERMEDIATE-TERM T,1WK,,,,,,
2026-10-05 00:00:00,Long,VGIT,56.51,-0.04%,56.01,mfa,参数二,"{""mfa"": {""mfa_all"": 5}}",200.0,2.96,VANGUARD INTERMEDIATE-TERM T,1WK,,,,,,
2026-10-05 00:00:00,Long,CITR,2.85,-3.39%,1.65,mfa,参数一,"{""mfa"": {""mfa_all"": 3}}",200.0,,CITROTECH INC,1WK,,,,,,
2026-10-05 00:00:00,Long,CITR,2.85,-3.39%,1.65,mfa,参数二,"{""mfa"": {""mfa_all"": 3}}",200.0,,CITROTECH INC,1WK,,,,,,
2026-10-05 00:00:00,Short,PRFD,48.6,-0.02%,49.37,sqz,参数二,"{""sqz"": {""bb_length"": 20, ""bb_mult"": 1.8, ""kc_length"": 20, ""kc_mult"": 1.5, ""min_sqz_bars"": 4}, ""r&s"": {""srb_left"": 15, ""srb_right"": 15}, ""atr"": {""atr_length"": 14, ""atr_mult"": 1.0}}",,,PIMCO PREF AND CAP SEC ACT,1WK,支撑释放,nan-44.02-48.61,低-高,nan%-10.42%,28.0,4.78
2026-10-05 00:00:00,Long,RIME,0.17,6.25%,-0.05,mfa,参数一,"{""mfa"": {""mfa_all"": 23}}",200.0,-99.88,ALGORHYTHM HOLDINGS INC,1WK,,,,,,
2026-10-05 00:00:00,Long,RIME,0.17,6.25%,-0.05,mfa,参数二,"{""mfa"": {""mfa_all"": 23}}",200.0,-99.88,ALGORHYTHM HOLDINGS INC,1WK,,,,,,
2026-10-05 00:00:00,Long,Z,27.41,0.00%,23.31,mfa,参数一,"{""mfa"": {""mfa_all"": 40}}",200.0,-50.04,ZILLOW GROUP INC - C,1WK,,,,,,
2026-10-05 00:00:00,Long,Z,27.41,0.00%,23.31,mfa,参数二,"{""mfa"": {""mfa_all"": 40}}",200.0,-50.04,ZILLOW GROUP INC - C,1WK,,,,,,
2026-10-05 00:00:00,Long,ACXP,1.31,3.15%,0.86,mfa,参数一,"{""mfa"": {""mfa_all"": 9}}",200.0,-95.84,ACURX PHARMACEUTICALS INC,1WK,,,,,,
2026-10-05 00:00:00,Long,ACXP,1.31,3.15%,0.86,mfa,参数二,"{""mfa"": {""mfa_all"": 9}}",200.0,-95.84,ACURX PHARMACEUTICALS INC,1WK,,,,,,
2026-10-05 00:00:00,Long,TGL,1.26,-2.33%,-0.78,mfa,参数一,"{""mfa"": {""mfa_all"": 150}}",200.0,-99.99,TREASURE GLOBAL INC,1WK,,,,,,
2026-10-05 00:00:00,Long,TGL,1.26,-2.33%,-0.78,mfa,参数二,"{""mfa"": {""mfa_all"": 150}}",200.0,-99.99,TREASURE GLOBAL INC,1WK,,,,,,
2026-10-05 00:00:00,Long,CUVL,5.74,-4.81%,4.92,mfa,参数一,"{""mfa"": {""mfa_all"": 6}}",200.0,-38.16,CLINUVEL PHARMACUTIC-SP ADR,1WK,,,,,,
2026-10-05 00:00:00,Long,CUVL,5.74,-4.81%,4.92,mfa,参数二,"{""mfa"": {""mfa_all"": 6}}",200.0,-38.16,CLINUVEL PHARMACUTIC-SP ADR,1WK,,,,,,
2026-10-05 00:00:00,Long,LEND,24.14,0.02%,23.92,mfa,参数一,"{""mfa"": {""mfa_all"": 3}}",200.0,,SEI HY BND&ALT CRDT,1WK,,,,,,
2026-10-05 00:00:00,Long,LEND,24.14,0.02%,23.92,mfa,参数二,"{""mfa"": {""mfa_all"": 3}}",200.0,,SEI HY BND&ALT CRDT,1WK,,,,,,
2026-10-05 00:00:00,Long,KTEC,11.79,2.79%,10.9,suf,参数一,"{""suf"": {""timeframe"": ""w""}}",200.0,-10.59,KRANESHARES HANG SENG TECH,1WK,,,,,,
2026-10-05 00:00:00,Long,KTEC,11.79,2.79%,10.9,suf,参数二,"{""suf"": {""timeframe"": ""w""}}",200.0,-10.59,KRANESHARES HANG SENG TECH,1WK,,,,,,
2026-10-05 00:00:00,Long,BRFH,0.86,1.18%,0.59,mfa,参数一,"{""mfa"": {""mfa_all"": 30}}",200.0,-62.38,BARFRESH FOOD GROUP INC,1WK,,,,,,
2026-10-05 00:00:00,Long,BRFH,0.86,1.18%,0.59,mfa,参数二,"{""mfa"": {""mfa_all"": 30}}",200.0,-62.38,BARFRESH FOOD GROUP INC,1WK,,,,,,
2026-10-05 00:00:00,Long,ERTH,42.32,-0.02%,40.89,mfa,参数一,"{""mfa"": {""mfa_all"": 11}}",200.0,-2.86,INVESCO MSCI SUSTAINABLE FUT,1WK,,,,,,
2026-10-05 00:00:00,Long,ERTH,42.32,-0.02%,40.89,mfa,参数二,"{""mfa"": {""mfa_all"": 11}}",200.0,-2.86,INVESCO MSCI SUSTAINABLE FUT,1WK,,,,,,
2026-10-05 00:00:00,Long,OCFC,16.82,0.24%,15.65,mfa,参数一,"{""mfa"": {""mfa_all"": 3}}",200.0,3.46,OCEANFIRST FINANCIAL CORP,1WK,,,,,,
2026-10-05 00:00:00,Long,OCFC,16.82,0.24%,15.65,mfa,参数二,"{""mfa"": {""mfa_all"": 3}}",200.0,3.46,OCEANFIRST FINANCIAL CORP,1WK,,,,,,
2026-10-05 00:00:00,Long,WTBN,23.93,-0.02%,23.63,mfa,参数一,"{""mfa"": {""mfa_all"": 21}}",200.0,,WISDOMTREE BIANCO TR FUND,1WK,,,,,,
2026-10-05 00:00:00,Long,WTBN,23.93,-0.02%,23.63,mfa,参数二,"{""mfa"": {""mfa_all"": 21}}",200.0,,WISDOMTREE BIANCO TR FUND,1WK,,,,,,
2026-10-05 00:00:00,Long,CLB,10.51,5.95%,8.63,suf,参数一,"{""suf"": {""timeframe"": ""w""}}",200.0,-39.49,CORE LABORATORIES INC,1WK,,,,,,
2026-10-05 00:00:00,Long,CLB,10.51,5.95%,8.63,suf,参数二,"{""suf"": {""timeframe"": ""w""}}",200.0,-39.49,CORE LABORATORIES INC,1WK,,,,,,
2026-10-05 00:00:00,Long,SWAG,1.42,-3.40%,1.22,mfa,参数一,"{""mfa"": {""mfa_all"": 3}}",200.0,-3.05,STRAN & CO INC,1WK,,,,,,
2026-10-05 00:00:00,Long,SWAG,1.42,-3.40%,1.22,mfa,参数二,"{""mfa"": {""mfa_all"": 3}}",200.0,-3.05,STRAN & CO INC,1WK,,,,,,
2026-10-05 00:00:00,Long,CMPX,0.96,12.14%,0.47,mfa,参数一,"{""mfa"": {""mfa_all"": 3}}",200.0,-64.74,COMPASS THERAPEUTICS INC,1WK,,,,,,
2026-10-05 00:00:00,Long,CMPX,0.96,12.14%,0.47,mfa,参数二,"{""mfa"": {""mfa_all"": 3}}",200.0,-64.74,COMPASS THERAPEUTICS INC,1WK,,,,,,
2026-10-05 00:00:00,Long,SRE,78.16,-0.28%,73.72,mfa,参数一,"{""mfa"": {""mfa_all"": 8}}",200.0,3.12,SEMPRA,1WK,,,,,,
2026-10-05 00:00:00,Long,SRE,78.16,-0.28%,73.72,mfa,参数二,"{""mfa"": {""mfa_all"": 8}}",200.0,3.12,SEMPRA,1WK,,,,,,
2026-10-05 00:00:00,Long,OFAL,0.46,2.90%,-0.54,mfa,参数一,"{""mfa"": {""mfa_all"": 43}}",200.0,,OFA GROUP-A,1WK,,,,,,
2026-10-05 00:00:00,Long,OFAL,0.46,2.90%,-0.54,mfa,参数二,"{""mfa"": {""mfa_all"": 43}}",200.0,,OFA GROUP-A,1WK,,,,,,
2026-10-05 00:00:00,Long,CYAB,0.21,5.00%,-0.06,mfa,参数一,"{""mfa"": {""mfa_all"": 3}}",200.0,,CYABRA INC,1WK,,,,,,
2026-10-05 00:00:00,Long,CYAB,0.21,5.00%,-0.06,mfa,参数二,"{""mfa"": {""mfa_all"": 3}}",200.0,,CYABRA INC,1WK,,,,,,
2026-10-05 00:00:00,Long,HAYW,12.43,0.24%,11.3,mfa,参数一,"{""mfa"": {""mfa_all"": 5}}",200.0,-10.98,HAYWARD HOLDINGS INC,1WK,,,,,,
2026-10-05 00:00:00,Long,HAYW,12.43,0.24%,11.3,mfa,参数二,"{""mfa"": {""mfa_all"": 5}}",200.0,-10.98,HAYWARD HOLDINGS INC,1WK,,,,,,
2026-10-05 00:00:00,Long,XCNY,34.59,1.85%,33.66,sqz,参数一,"{""sqz"": {""bb_length"": 15, ""bb_mult"": 1.5, ""kc_length"": 15, ""kc_mult"": 1.2, ""min_sqz_bars"": 4}, ""r&s"": {""srb_left"": 10, ""srb_right"": 10}, ""atr"": {""atr_length"": 14, ""atr_mult"": 1.0}}",,,STATE STREET SPDR S&P EMERGI,1WK,压力释放,nan-34.51,低,nan%,15.0,11.24
2026-10-05 00:00:00,Long,NBP,1.36,0.37%,1.06,mfa,参数一,"{""mfa"": {""mfa_all"": 30}}",200.0,-42.16,NOVABRIDGE BIOSCIENCES,1WK,,,,,,
2026-10-05 00:00:00,Long,NBP,1.36,0.37%,1.06,mfa,参数二,"{""mfa"": {""mfa_all"": 30}}",200.0,-42.16,NOVABRIDGE BIOSCIENCES,1WK,,,,,,
2026-10-05 00:00:00,Long,PRKS,34.39,5.95%,27.83,suf,参数一,"{""suf"": {""timeframe"": ""w""}}",200.0,-29.28,UNITED PARKS & RESORTS INC,1WK,,,,,,
2026-10-05 00:00:00,Long,PRKS,34.39,5.95%,27.83,suf,参数二,"{""suf"": {""timeframe"": ""w""}}",200.0,-29.28,UNITED PARKS & RESORTS INC,1WK,,,,,,
2026-10-05 00:00:00,Long,CABA,2.08,4.00%,1.47,mfa,参数一,"{""mfa"": {""mfa_all"": 3}}",200.0,-71.51,CABALETTA BIO INC,1WK,,,,,,
2026-10-05 00:00:00,Long,CABA,2.08,4.00%,1.47,mfa,参数二,"{""mfa"": {""mfa_all"": 3}}",200.0,-71.51,CABALETTA BIO INC,1WK,,,,,,
2026-10-05 00:00:00,Long,DRUP,71.81,1.08%,69.63,sqz,参数二,"{""sqz"": {""bb_length"": 20, ""bb_mult"": 1.8, ""kc_length"": 20, ""kc_mult"": 1.5, ""min_sqz_bars"": 4}, ""r&s"": {""srb_left"": 15, ""srb_right"": 15}, ""atr"": {""atr_length"": 14, ""atr_mult"": 1.0}}",,,GRANITESHARES NASDAQ SELECT,1WK,一直释放,nan-41.47-61.09-68.88,低-高-高,nan%-47.32%-12.75%,49.0,30.37
2026-10-05 00:00:00,Long,FLGV,19.37,-0.10%,19.18,mfa,参数一,"{""mfa"": {""mfa_all"": 5}}",200.0,2.22,FRANKLIN U.S. TREASURY BOND,1WK,,,,,,
2026-10-05 00:00:00,Long,FLGV,19.37,-0.10%,19.18,mfa,参数二,"{""mfa"": {""mfa_all"": 5}}",200.0,2.22,FRANKLIN U.S. TREASURY BOND,1WK,,,,,,
2026-10-05 00:00:00,Long,IVR,5.7,-0.18%,5.32,mfa,参数一,"{""mfa"": {""mfa_all"": 5}}",200.0,-7.72,INVESCO MORTGAGE CAPITAL,1WK,,,,,,
2026-10-05 00:00:00,Long,IVR,5.7,-0.18%,5.32,mfa,参数二,"{""mfa"": {""mfa_all"": 5}}",200.0,-7.72,INVESCO MORTGAGE CAPITAL,1WK,,,,,,
2026-10-05 00:00:00,Long,AAP,39.65,2.51%,32.64,suf,参数一,"{""suf"": {""timeframe"": ""w""}}",200.0,-35.25,ADVANCE AUTO PARTS INC,1WK,,,,,,
2026-10-05 00:00:00,Long,AAP,39.65,2.51%,32.64,suf,参数二,"{""suf"": {""timeframe"": ""w""}}",200.0,-35.25,ADVANCE AUTO PARTS INC,1WK,,,,,,
2026-10-05 00:00:00,Long,PFSI,62.95,1.53%,55.55,mfa,参数一,"{""mfa"": {""mfa_all"": 36}}",200.0,-28.77,PENNYMAC FINANCIAL SERVICES,1WK,,,,,,
2026-10-05 00:00:00,Long,PFSI,62.95,1.53%,55.55,mfa,参数二,"{""mfa"": {""mfa_all"": 36}}",200.0,-28.77,PENNYMAC FINANCIAL SERVICES,1WK,,,,,,
2026-10-05 00:00:00,Long,ABXB,18.62,0.07%,18.5,mfa,参数一,"{""mfa"": {""mfa_all"": 3}}",200.0,6.64,ABACUS FLEXIBLE BOND LEADERS,1WK,,,,,,
2026-10-05 00:00:00,Long,ABXB,18.62,0.07%,18.5,mfa,参数二,"{""mfa"": {""mfa_all"": 3}}",200.0,6.64,ABACUS FLEXIBLE BOND LEADERS,1WK,,,,,,
2026-10-05 00:00:00,Long,OCS,8.56,-1.95%,6.62,mfa,参数一,"{""mfa"": {""mfa_all"": 5}}",200.0,-44.32,OCULIS HOLDING AG,1WK,,,,,,
2026-10-05 00:00:00,Long,OCS,8.56,-1.95%,6.62,mfa,参数二,"{""mfa"": {""mfa_all"": 5}}",200.0,-44.32,OCULIS HOLDING AG,1WK,,,,,,
2026-10-05 00:00:00,Long,SCHI,21.36,0.05%,21.09,mfa,参数一,"{""mfa"": {""mfa_all"": 5}}",200.0,5.29,SCHWAB 5-10 YEAR CORPORATE B,1WK,,,,,,
2026-10-05 00:00:00,Long,SCHI,21.36,0.05%,21.09,mfa,参数二,"{""mfa"": {""mfa_all"": 5}}",200.0,5.29,SCHWAB 5-10 YEAR CORPORATE B,1WK,,,,,,
2026-10-05 00:00:00,Long,FXF,105.96,-0.25%,104.41,mfa,参数一,"{""mfa"": {""mfa_all"": 16}}",200.0,1.88,INVESCO CURRENCYSHARES SWISS,1WK,,,,,,
2026-10-05 00:00:00,Long,FXF,105.96,-0.25%,104.41,mfa,参数二,"{""mfa"": {""mfa_all"": 16}}",200.0,1.88,INVESCO CURRENCYSHARES SWISS,1WK,,,,,,
2026-10-05 00:00:00,Short,OMAB,94.98,0.84%,102.33,sqz,参数一,"{""sqz"": {""bb_length"": 15, ""bb_mult"": 1.5, ""kc_length"": 15, ""kc_mult"": 1.2, ""min_sqz_bars"": 4}, ""r&s"": {""srb_left"": 10, ""srb_right"": 10}, ""atr"": {""atr_length"": 14, ""atr_mult"": 1.0}}",,,GRUPO AEROPORTUARIO CEN-ADR,1WK,支撑释放,57.51-52.91-65.1-90.82-95.69,低-高-高-高,8.00%-23.05%-39.50%-5.36%,17.0,20.78
2026-10-05 00:00:00,Short,OMAB,94.98,0.84%,102.33,sqz,参数二,"{""sqz"": {""bb_length"": 20, ""bb_mult"": 1.8, ""kc_length"": 20, ""kc_mult"": 1.5, ""min_sqz_bars"": 4}, ""r&s"": {""srb_left"": 15, ""srb_right"": 15}, ""atr"": {""atr_length"": 14, ""atr_mult"": 1.0}}",,,GRUPO AEROPORTUARIO CEN-ADR,1WK,支撑释放,43.69-57.51-52.91-90.82-95.69,高-低-高-高,31.63%-8.00%-71.66%-5.36%,17.0,20.78
2026-10-05 00:00:00,Long,INUV,0.53,-7.02%,0.31,mfa,参数一,"{""mfa"": {""mfa_all"": 50}}",200.0,-82.15,INUVO INC,1WK,,,,,,
2026-10-05 00:00:00,Long,INUV,0.53,-7.02%,0.31,mfa,参数二,"{""mfa"": {""mfa_all"": 50}}",200.0,-82.15,INUVO INC,1WK,,,,,,
2026-10-05 00:00:00,Long,DJUL,51.56,0.25%,50.94,sqz,参数一,"{""sqz"": {""bb_length"": 15, ""bb_mult"": 1.5, ""kc_length"": 15, ""kc_mult"": 1.2, ""min_sqz_bars"": 4}, ""r&s"": {""srb_left"": 10, ""srb_right"": 10}, ""atr"": {""atr_length"": 14, ""atr_mult"": 1.0}}",,,FT VEST US EQUITY DEEP BUFFE,1WK,一直释放,nan-35.43-43.17,低-高,nan%-21.85%,85.0,14.3
2026-10-05 00:00:00,Long,SMST,11.51,-5.35%,-2.31,mfa,参数一,"{""mfa"": {""mfa_all"": 6}}",200.0,,DEFIANCE DLY TRG 2X SHR MSTR,1WK,,,,,,
2026-10-05 00:00:00,Long,SMST,11.51,-5.35%,-2.31,mfa,参数二,"{""mfa"": {""mfa_all"": 6}}",200.0,,DEFIANCE DLY TRG 2X SHR MSTR,1WK,,,,,,
2026-10-05 00:00:00,Short,SXTC,2.08,-13.69%,567.49,sqz,参数二,"{""sqz"": {""bb_length"": 20, ""bb_mult"": 1.8, ""kc_length"": 20, ""kc_mult"": 1.5, ""min_sqz_bars"": 4}, ""r&s"": {""srb_left"": 15, ""srb_right"": 15}, ""atr"": {""atr_length"": 14, ""atr_mult"": 1.0}}",,,CHINA SXT PHARMACEUTICALS-A,1WK,一直释放,nan-3600.0-100.0,低-低,nan%-97.22%,27.0,134.24
2026-10-05 00:00:00,Long,FSLR,176.16,0.89%,148.83,mfa,参数一,"{""mfa"": {""mfa_all"": 3}}",200.0,-9.82,FIRST SOLAR INC,1WK,,,,,,
2026-10-05 00:00:00,Long,FSLR,176.16,0.89%,148.83,mfa,参数二,"{""mfa"": {""mfa_all"": 3}}",200.0,-9.82,FIRST SOLAR INC,1WK,,,,,,
2026-10-05 00:00:00,Long,JMSI,47.33,0.15%,46.58,mfa,参数一,"{""mfa"": {""mfa_all"": 5}}",200.0,,JPM SUS MUNICIPAL INCOME,1WK,,,,,,
2026-10-05 00:00:00,Long,JMSI,47.33,0.15%,46.58,mfa,参数二,"{""mfa"": {""mfa_all"": 5}}",200.0,,JPM SUS MUNICIPAL INCOME,1WK,,,,,,
2026-10-05 00:00:00,Long,INSE,3.98,14.86%,2.75,mfa,参数一,"{""mfa"": {""mfa_all"": 9}}",200.0,-58.28,INSPIRED ENTERTAINMENT INC,1WK,,,,,,
2026-10-05 00:00:00,Long,INSE,3.98,14.86%,2.75,mfa,参数二,"{""mfa"": {""mfa_all"": 9}}",200.0,-58.28,INSPIRED ENTERTAINMENT INC,1WK,,,,,,
2026-10-05 00:00:00,Long,FE,43.64,0.69%,41.28,mfa,参数一,"{""mfa"": {""mfa_all"": 3}}",200.0,12.21,FIRSTENERGY CORP,1WK,,,,,,
2026-10-05 00:00:00,Long,FE,43.64,0.69%,41.28,mfa,参数二,"{""mfa"": {""mfa_all"": 3}}",200.0,12.21,FIRSTENERGY CORP,1WK,,,,,,
2026-10-05 00:00:00,Long,DNN,2.63,2.33%,2.19,mfa,参数一,"{""mfa"": {""mfa_all"": 3}}",200.0,25.06,DENISON MINES CORP,1WK,,,,,,
2026-10-05 00:00:00,Long,DNN,2.63,2.33%,2.19,mfa,参数二,"{""mfa"": {""mfa_all"": 3}}",200.0,25.06,DENISON MINES CORP,1WK,,,,,,
2026-10-05 00:00:00,Long,IBII,24.43,-0.04%,24.21,mfa,参数一,"{""mfa"": {""mfa_all"": 5}}",200.0,,ISHARES IBONDS OCT 2032 TT,1WK,,,,,,
2026-10-05 00:00:00,Long,IBII,24.43,-0.04%,24.21,mfa,参数二,"{""mfa"": {""mfa_all"": 5}}",200.0,,ISHARES IBONDS OCT 2032 TT,1WK,,,,,,
2026-10-05 00:00:00,Long,UBR,43.58,25.34%,39.75,sqz,参数一,"{""sqz"": {""bb_length"": 15, ""bb_mult"": 1.5, ""kc_length"": 15, ""kc_mult"": 1.2, ""min_sqz_bars"": 4}, ""r&s"": {""srb_left"": 10, ""srb_right"": 10}, ""atr"": {""atr_length"": 14, ""atr_mult"": 1.0}}",,,PROSHARES ULTRA MSCI BRAZIL,1WK,一直亮绿,nan-29.22-31.47-23.98-43.48,低-高-低-高,nan%-7.72%-23.81%-81.33%,25.0,60.35
2026-10-05 00:00:00,Long,ETOR,25.69,1.06%,21.98,mfa,参数一,"{""mfa"": {""mfa_all"": 3}}",200.0,,ETORO GROUP LTD-A,1WK,,,,,,
2026-10-05 00:00:00,Long,ETOR,25.69,1.06%,21.98,mfa,参数二,"{""mfa"": {""mfa_all"": 3}}",200.0,,ETORO GROUP LTD-A,1WK,,,,,,
2026-10-05 00:00:00,Long,DAT,52.23,0.91%,49.7,sqz,参数二,"{""sqz"": {""bb_length"": 20, ""bb_mult"": 1.8, ""kc_length"": 20, ""kc_mult"": 1.5, ""min_sqz_bars"": 4}, ""r&s"": {""srb_left"": 15, ""srb_right"": 15}, ""atr"": {""atr_length"": 14, ""atr_mult"": 1.0}}",,,PROSHARES BIG DATA REFINERS,1WK,一直释放,nan-31.25-38.3-49.1-49.14,低-高-高-高,nan%-22.56%-28.20%-0.08%,53.0,54.16
2026-10-05 00:00:00,Long,ADC,65.58,-0.46%,62.53,mfa,参数一,"{""mfa"": {""mfa_all"": 4}}",200.0,2.23,AGREE REALTY CORP,1WK,,,,,,
2026-10-05 00:00:00,Long,ADC,65.58,-0.46%,62.53,mfa,参数二,"{""mfa"": {""mfa_all"": 4}}",200.0,2.23,AGREE REALTY CORP,1WK,,,,,,
2026-10-05 00:00:00,Long,ZBAO,0.09,-7.29%,-0.06,mfa,参数一,"{""mfa"": {""mfa_all"": 40}}",200.0,,ZHIBAO TECHNOLOGY INC,1WK,,,,,,
2026-10-05 00:00:00,Long,ZBAO,0.09,-7.29%,-0.06,mfa,参数二,"{""mfa"": {""mfa_all"": 40}}",200.0,,ZHIBAO TECHNOLOGY INC,1WK,,,,,,
2026-10-05 00:00:00,Long,AIBD,41.16,-0.68%,35.29,mfa,参数一,"{""mfa"": {""mfa_all"": 3}}",200.0,,DIRXN DLY AI & BDA BR2-PR UI,1WK,,,,,,
2026-10-05 00:00:00,Long,AIBD,41.16,-0.68%,35.29,mfa,参数二,"{""mfa"": {""mfa_all"": 3}}",200.0,,DIRXN DLY AI & BDA BR2-PR UI,1WK,,,,,,
2026-10-05 00:00:00,Long,DYN,15.44,1.58%,12.72,suf,参数一,"{""suf"": {""timeframe"": ""w""}}",200.0,-17.08,DYNE THERAPEUTICS INC,1WK,,,,,,
2026-10-05 00:00:00,Long,DYN,15.44,1.58%,12.72,suf,参数二,"{""suf"": {""timeframe"": ""w""}}",200.0,-17.08,DYNE THERAPEUTICS INC,1WK,,,,,,
2026-10-05 00:00:00,Long,MBUU,22.78,-1.00%,19.93,mfa,参数一,"{""mfa"": {""mfa_all"": 4}}",200.0,-41.95,MALIBU BOATS INC - A,1WK,,,,,,
2026-10-05 00:00:00,Short,MBUU,22.78,-1.00%,25.45,sqz,参数二,"{""sqz"": {""bb_length"": 20, ""bb_mult"": 1.8, ""kc_length"": 20, ""kc_mult"": 1.5, ""min_sqz_bars"": 4}, ""r&s"": {""srb_left"": 15, ""srb_right"": 15}, ""atr"": {""atr_length"": 14, ""atr_mult"": 1.0}}",,,MALIBU BOATS INC - A,1WK,支撑释放,nan-30.2-24.42-24.07-23.84,低-低-低-低,nan%-19.12%-1.45%-0.96%,22.0,34.23
2026-10-05 00:00:00,Long,MBUU,22.78,-1.00%,19.93,mfa,参数二,"{""mfa"": {""mfa_all"": 4}}",200.0,-41.95,MALIBU BOATS INC - A,1WK,,,,,,
2026-10-05 00:00:00,Long,MYCK,23.82,0.03%,23.47,mfa,参数一,"{""mfa"": {""mfa_all"": 4}}",200.0,,STATE STREET MY2031 CORPORAT,1WK,,,,,,
2026-10-05 00:00:00,Long,MYCK,23.82,0.03%,23.47,mfa,参数二,"{""mfa"": {""mfa_all"": 4}}",200.0,,STATE STREET MY2031 CORPORAT,1WK,,,,,,
2026-10-05 00:00:00,Long,HTAB,17.94,0.22%,17.69,mfa,参数一,"{""mfa"": {""mfa_all"": 5}}",200.0,0.38,HARTFORD SCHRODERS TAX AWARE,1WK,,,,,,
2026-10-05 00:00:00,Long,HTAB,17.94,0.22%,17.69,suf,参数一,"{""suf"": {""timeframe"": ""w""}}",200.0,0.38,HARTFORD SCHRODERS TAX AWARE,1WK,,,,,,
2026-10-05 00:00:00,Long,HTAB,17.94,0.22%,17.69,mfa,参数二,"{""mfa"": {""mfa_all"": 5}}",200.0,0.38,HARTFORD SCHRODERS TAX AWARE,1WK,,,,,,
2026-10-05 00:00:00,Long,HTAB,17.94,0.22%,17.69,suf,参数二,"{""suf"": {""timeframe"": ""w""}}",200.0,0.38,HARTFORD SCHRODERS TAX AWARE,1WK,,,,,,
2026-10-05 00:00:00,Long,TAFL,23.35,0.45%,22.96,mfa,参数一,"{""mfa"": {""mfa_all"": 5}}",200.0,,AB TAX AWARE LONG MUNI,1WK,,,,,,
2026-10-05 00:00:00,Long,TAFL,23.35,0.45%,22.96,mfa,参数二,"{""mfa"": {""mfa_all"": 5}}",200.0,,AB TAX AWARE LONG MUNI,1WK,,,,,,
2026-10-05 00:00:00,Short,PONY,6.11,0.66%,7.48,sqz,参数一,"{""sqz"": {""bb_length"": 15, ""bb_mult"": 1.5, ""kc_length"": 15, ""kc_mult"": 1.2, ""min_sqz_bars"": 4}, ""r&s"": {""srb_left"": 10, ""srb_right"": 10}, ""atr"": {""atr_length"": 14, ""atr_mult"": 1.0}}",,,PONY AI INC,1WK,支撑释放,nan-4.11-10.48-6.36,低-高-低,nan%-155.06%-39.28%,12.0,35.51
2026-10-05 00:00:00,Long,RKT,11.68,-0.17%,9.9,mfa,参数一,"{""mfa"": {""mfa_all"": 3}}",200.0,-10.69,ROCKET COS INC-CLASS A,1WK,,,,,,
2026-10-05 00:00:00,Long,RKT,11.68,-0.17%,9.9,mfa,参数二,"{""mfa"": {""mfa_all"": 3}}",200.0,-10.69,ROCKET COS INC-CLASS A,1WK,,,,,,
2026-10-05 00:00:00,Long,TKLF,1.5,0.00%,1.18,mfa,参数一,"{""mfa"": {""mfa_all"": 28}}",200.0,-72.52,TOKYO LIFESTYLE CO LTD,1WK,,,,,,
2026-10-05 00:00:00,Long,TKLF,1.5,0.00%,1.18,mfa,参数二,"{""mfa"": {""mfa_all"": 28}}",200.0,-72.52,TOKYO LIFESTYLE CO LTD,1WK,,,,,,
2026-10-05 00:00:00,Long,FISV,46.14,4.01%,39.82,mfa,参数一,"{""mfa"": {""mfa_all"": 74}}",200.0,-63.89,FISERV INC,1WK,,,,,,
2026-10-05 00:00:00,Long,FISV,46.14,4.01%,39.82,mfa,参数二,"{""mfa"": {""mfa_all"": 74}}",200.0,-63.89,FISERV INC,1WK,,,,,,
2026-10-05 00:00:00,Long,DFGP,51.98,-0.04%,51.37,mfa,参数一,"{""mfa"": {""mfa_all"": 3}}",200.0,,DIMENSIONAL GLBL CORE PL FIX,1WK,,,,,,
2026-10-05 00:00:00,Long,DFGP,51.98,-0.04%,51.37,mfa,参数二,"{""mfa"": {""mfa_all"": 3}}",200.0,,DIMENSIONAL GLBL CORE PL FIX,1WK,,,,,,
2026-10-05 00:00:00,Long,MGM,30.17,-1.02%,27.25,mfa,参数一,"{""mfa"": {""mfa_all"": 3}}",200.0,-22.52,MGM RESORTS INTERNATIONAL,1WK,,,,,,
2026-10-05 00:00:00,Long,MGM,30.17,-1.02%,27.25,mfa,参数二,"{""mfa"": {""mfa_all"": 3}}",200.0,-22.52,MGM RESORTS INTERNATIONAL,1WK,,,,,,
2026-10-05 00:00:00,Long,TAFI,24.64,0.00%,24.49,mfa,参数一,"{""mfa"": {""mfa_all"": 3}}",200.0,4.17,AB TAX AWARE SHORT DUR MUNI,1WK,,,,,,
2026-10-05 00:00:00,Long,TAFI,24.64,0.00%,24.49,mfa,参数二,"{""mfa"": {""mfa_all"": 3}}",200.0,4.17,AB TAX AWARE SHORT DUR MUNI,1WK,,,,,,
2026-10-05 00:00:00,Long,DY,274.41,0.24%,231.17,mfa,参数一,"{""mfa"": {""mfa_all"": 7}}",200.0,30.9,DYCOM INDUSTRIES INC,1WK,,,,,,
2026-10-05 00:00:00,Long,DY,274.41,0.24%,231.17,mfa,参数二,"{""mfa"": {""mfa_all"": 7}}",200.0,30.9,DYCOM INDUSTRIES INC,1WK,,,,,,
2026-10-05 00:00:00,Long,LXEO,3.41,-3.40%,2.64,mfa,参数一,"{""mfa"": {""mfa_all"": 22}}",200.0,,LEXEO THERAPEUTICS INC,1WK,,,,,,
2026-10-05 00:00:00,Long,LXEO,3.41,-3.40%,2.64,mfa,参数二,"{""mfa"": {""mfa_all"": 22}}",200.0,,LEXEO THERAPEUTICS INC,1WK,,,,,,
2026-10-05 00:00:00,Long,CX,9.54,0.10%,8.64,mfa,参数一,"{""mfa"": {""mfa_all"": 3}}",200.0,21.3,CEMEX SAB-SPONS ADR PART CER,1WK,,,,,,
2026-10-05 00:00:00,Long,CX,9.54,0.10%,8.64,mfa,参数二,"{""mfa"": {""mfa_all"": 3}}",200.0,21.3,CEMEX SAB-SPONS ADR PART CER,1WK,,,,,,
2026-10-05 00:00:00,Short,BZQ,13.55,-25.14%,16.02,sqz,参数一,"{""sqz"": {""bb_length"": 15, ""bb_mult"": 1.5, ""kc_length"": 15, ""kc_mult"": 1.2, ""min_sqz_bars"": 4}, ""r&s"": {""srb_left"": 10, ""srb_right"": 10}, ""atr"": {""atr_length"": 14, ""atr_mult"": 1.0}}",,,PROSHARES ULTRASHORT MSCI BR,1WK,一直亮红,nan-40.69-34.42-11.1-15.86,低-低-低-高,nan%-15.41%-67.76%-42.88%,25.0,54.16
2026-10-05 00:00:00,Long,MMIT,23.01,0.00%,22.68,mfa,参数一,"{""mfa"": {""mfa_all"": 5}}",200.0,2.0,NYLIM MACKAY MUNI INTERMEDIA,1WK,,,,,,
2026-10-05 00:00:00,Long,MMIT,23.01,0.00%,22.68,mfa,参数二,"{""mfa"": {""mfa_all"": 5}}",200.0,2.0,NYLIM MACKAY MUNI INTERMEDIA,1WK,,,,,,
2026-10-05 00:00:00,Long,CGSM,25.76,-0.08%,25.59,mfa,参数一,"{""mfa"": {""mfa_all"": 3}}",200.0,,CAP GROUP SHORT MUNI INCOME,1WK,,,,,,
2026-10-05 00:00:00,Long,CGSM,25.76,-0.08%,25.59,mfa,参数二,"{""mfa"": {""mfa_all"": 3}}",200.0,,CAP GROUP SHORT MUNI INCOME,1WK,,,,,,
2026-10-05 00:00:00,Long,FLWS,2.54,-0.78%,1.97,mfa,参数一,"{""mfa"": {""mfa_all"": 4}}",200.0,-63.77,1-800-FLOWERS.COM INC-CL A,1WK,,,,,,
2026-10-05 00:00:00,Long,FLWS,2.54,-0.78%,1.97,mfa,参数二,"{""mfa"": {""mfa_all"": 4}}",200.0,-63.77,1-800-FLOWERS.COM INC-CL A,1WK,,,,,,
2026-10-05 00:00:00,Long,ALKT,14.15,1.87%,11.85,mfa,参数一,"{""mfa"": {""mfa_all"": 16}}",200.0,-38.27,ALKAMI TECHNOLOGY INC,1WK,,,,,,
2026-10-05 00:00:00,Long,ALKT,14.15,1.87%,11.85,mfa,参数二,"{""mfa"": {""mfa_all"": 16}}",200.0,-38.27,ALKAMI TECHNOLOGY INC,1WK,,,,,,
2026-10-05 00:00:00,Long,BTCZ,2.79,-3.46%,2.06,mfa,参数一,"{""mfa"": {""mfa_all"": 7}}",200.0,,T-REX 2X INVERSE BITCOIN DLY,1WK,,,,,,
2026-10-05 00:00:00,Long,BTCZ,2.79,-3.46%,2.06,mfa,参数二,"{""mfa"": {""mfa_all"": 7}}",200.0,,T-REX 2X INVERSE BITCOIN DLY,1WK,,,,,,
2026-10-05 00:00:00,Long,AEE,99.7,-0.24%,95.27,mfa,参数一,"{""mfa"": {""mfa_all"": 3}}",200.0,15.56,AMEREN CORPORATION,1WK,,,,,,
2026-10-05 00:00:00,Long,AEE,99.7,-0.24%,95.27,mfa,参数二,"{""mfa"": {""mfa_all"": 3}}",200.0,15.56,AMEREN CORPORATION,1WK,,,,,,
2026-10-05 00:00:00,Long,ATO,158.05,0.56%,150.61,mfa,参数一,"{""mfa"": {""mfa_all"": 4}}",200.0,16.52,ATMOS ENERGY CORP,1WK,,,,,,
2026-10-05 00:00:00,Long,ATO,158.05,0.56%,150.61,mfa,参数二,"{""mfa"": {""mfa_all"": 4}}",200.0,16.52,ATMOS ENERGY CORP,1WK,,,,,,
2026-10-05 00:00:00,Long,RRR,51.06,1.49%,45.95,mfa,参数一,"{""mfa"": {""mfa_all"": 3}}",200.0,4.36,RED ROCK RESORTS INC-CLASS A,1WK,,,,,,
2026-10-05 00:00:00,Long,RRR,51.06,1.49%,45.95,mfa,参数二,"{""mfa"": {""mfa_all"": 3}}",200.0,4.36,RED ROCK RESORTS INC-CLASS A,1WK,,,,,,
2026-10-05 00:00:00,Long,PNR,52.78,-0.47%,47.3,mfa,参数一,"{""mfa"": {""mfa_all"": 36}}",200.0,-33.79,PENTAIR PLC,1WK,,,,,,
2026-10-05 00:00:00,Long,PNR,52.78,-0.47%,47.3,mfa,参数二,"{""mfa"": {""mfa_all"": 36}}",200.0,-33.79,PENTAIR PLC,1WK,,,,,,
2026-10-05 00:00:00,Long,MDU,18.69,0.43%,17.57,mfa,参数一,"{""mfa"": {""mfa_all"": 5}}",200.0,25.27,MDU RESOURCES GROUP INC,1WK,,,,,,
2026-10-05 00:00:00,Long,MDU,18.69,0.43%,17.57,mfa,参数二,"{""mfa"": {""mfa_all"": 5}}",200.0,25.27,MDU RESOURCES GROUP INC,1WK,,,,,,
2026-10-05 00:00:00,Long,PALD,9.06,-0.76%,7.62,mfa,参数一,"{""mfa"": {""mfa_all"": 22}}",200.0,,DIREXION DAILY PANW BEAR 1X,1WK,,,,,,
2026-10-05 00:00:00,Long,PALD,9.06,-0.76%,7.62,mfa,参数二,"{""mfa"": {""mfa_all"": 22}}",200.0,,DIREXION DAILY PANW BEAR 1X,1WK,,,,,,
2026-10-05 00:00:00,Short,PFFA,19.75,-0.10%,20.19,sqz,参数一,"{""sqz"": {""bb_length"": 15, ""bb_mult"": 1.5, ""kc_length"": 15, ""kc_mult"": 1.2, ""min_sqz_bars"": 4}, ""r&s"": {""srb_left"": 10, ""srb_right"": 10}, ""atr"": {""atr_length"": 14, ""atr_mult"": 1.0}}",,,VIRTUS INFRACAP US PREF STCK,1WK,支撑释放,18.15-16.6-19.36-19.26-19.92,低-高-低-高,8.52%-16.62%-0.54%-3.41%,15.0,5.62
2026-10-05 00:00:00,Long,CALX,34.34,-1.35%,30.87,mfa,参数一,"{""mfa"": {""mfa_all"": 37}}",200.0,-21.95,CALIX INC,1WK,,,,,,
2026-10-05 00:00:00,Long,CALX,34.34,-1.35%,30.87,mfa,参数二,"{""mfa"": {""mfa_all"": 37}}",200.0,-21.95,CALIX INC,1WK,,,,,,
2026-10-05 00:00:00,Long,IBTM,21.68,0.00%,21.47,mfa,参数一,"{""mfa"": {""mfa_all"": 5}}",200.0,2.29,ISHARES IBNDS DEC 2032 TT,1WK,,,,,,
2026-10-05 00:00:00,Long,IBTM,21.68,0.00%,21.47,mfa,参数二,"{""mfa"": {""mfa_all"": 5}}",200.0,2.29,ISHARES IBNDS DEC 2032 TT,1WK,,,,,,
2026-10-05 00:00:00,Long,ASR,238.47,1.73%,217.08,mfa,参数一,"{""mfa"": {""mfa_all"": 19}}",200.0,-11.02,GRUPO AEROPORTUARIO SUR-ADR,1WK,,,,,,
2026-10-05 00:00:00,Long,ASR,238.47,1.73%,217.08,mfa,参数二,"{""mfa"": {""mfa_all"": 19}}",200.0,-11.02,GRUPO AEROPORTUARIO SUR-ADR,1WK,,,,,,
2026-10-05 00:00:00,Long,REKR,0.36,-1.89%,0.25,mfa,参数一,"{""mfa"": {""mfa_all"": 36}}",200.0,-77.2,REKOR SYSTEMS INC,1WK,,,,,,
2026-10-05 00:00:00,Long,REKR,0.36,-1.89%,0.25,mfa,参数二,"{""mfa"": {""mfa_all"": 36}}",200.0,-77.2,REKOR SYSTEMS INC,1WK,,,,,,
2026-10-05 00:00:00,Long,FULC,3.71,0.54%,3.14,suf,参数一,"{""suf"": {""timeframe"": ""w""}}",200.0,-40.35,FULCRUM THERAPEUTICS INC,1WK,,,,,,
2026-10-05 00:00:00,Long,FULC,3.71,0.54%,3.14,suf,参数二,"{""suf"": {""timeframe"": ""w""}}",200.0,-40.35,FULCRUM THERAPEUTICS INC,1WK,,,,,,
2026-10-05 00:00:00,Long,SHYM,21.28,-0.23%,21.07,mfa,参数一,"{""mfa"": {""mfa_all"": 3}}",200.0,4.46,ISHARES SHORT DURATION HIGH,1WK,,,,,,
2026-10-05 00:00:00,Long,SHYM,21.28,-0.23%,21.07,mfa,参数二,"{""mfa"": {""mfa_all"": 3}}",200.0,4.46,ISHARES SHORT DURATION HIGH,1WK,,,,,,
2026-10-05 00:00:00,Long,BIDU,86.99,3.17%,75.81,mfa,参数一,"{""mfa"": {""mfa_all"": 16}}",200.0,-21.68,BAIDU INC - SPON ADR,1WK,,,,,,
2026-10-05 00:00:00,Long,BIDU,86.99,3.17%,75.81,suf,参数一,"{""suf"": {""timeframe"": ""w""}}",200.0,-21.68,BAIDU INC - SPON ADR,1WK,,,,,,
2026-10-05 00:00:00,Long,BIDU,86.99,3.17%,75.81,mfa,参数二,"{""mfa"": {""mfa_all"": 16}}",200.0,-21.68,BAIDU INC - SPON ADR,1WK,,,,,,
2026-10-05 00:00:00,Long,BIDU,86.99,3.17%,75.81,suf,参数二,"{""suf"": {""timeframe"": ""w""}}",200.0,-21.68,BAIDU INC - SPON ADR,1WK,,,,,,
2026-10-05 00:00:00,Long,SO,83.79,0.08%,79.9,mfa,参数一,"{""mfa"": {""mfa_all"": 4}}",200.0,8.1,SOUTHERN CO/THE,1WK,,,,,,
2026-10-05 00:00:00,Long,SO,83.79,0.08%,79.9,mfa,参数二,"{""mfa"": {""mfa_all"": 4}}",200.0,8.1,SOUTHERN CO/THE,1WK,,,,,,
2026-10-05 00:00:00,Long,VSDM,74.38,-0.08%,73.94,mfa,参数一,"{""mfa"": {""mfa_all"": 3}}",200.0,,VANGUARD SHORT TAX-EX BOND,1WK,,,,,,
2026-10-05 00:00:00,Long,VSDM,74.38,-0.08%,73.94,mfa,参数二,"{""mfa"": {""mfa_all"": 3}}",200.0,,VANGUARD SHORT TAX-EX BOND,1WK,,,,,,
2026-10-05 00:00:00,Long,MUNY,97.46,0.37%,95.96,mfa,参数一,"{""mfa"": {""mfa_all"": 5}}",200.0,,VANGUARD NY TAX-EX BOND,1WK,,,,,,
2026-10-05 00:00:00,Long,MUNY,97.46,0.37%,95.96,mfa,参数二,"{""mfa"": {""mfa_all"": 5}}",200.0,,VANGUARD NY TAX-EX BOND,1WK,,,,,,
2026-10-05 00:00:00,Long,KG,4.91,-6.30%,3.37,mfa,参数一,"{""mfa"": {""mfa_all"": 9}}",200.0,-82.68,KESTREL GROUP,1WK,,,,,,
2026-10-05 00:00:00,Long,KG,4.91,-6.30%,3.37,mfa,参数二,"{""mfa"": {""mfa_all"": 9}}",200.0,-82.68,KESTREL GROUP,1WK,,,,,,
2026-10-05 00:00:00,Long,ARCO,8.1,13.92%,7.07,mfa,参数一,"{""mfa"": {""mfa_all"": 3}}",200.0,-1.63,ARCOS DORADOS HOLDINGS INC-A,1WK,,,,,,
2026-10-05 00:00:00,Long,ARCO,8.1,13.92%,7.07,mfa,参数二,"{""mfa"": {""mfa_all"": 3}}",200.0,-1.63,ARCOS DORADOS HOLDINGS INC-A,1WK,,,,,,
2026-10-05 00:00:00,Long,KBSX,1.71,17.59%,1.22,sqz,参数二,"{""sqz"": {""bb_length"": 20, ""bb_mult"": 1.8, ""kc_length"": 20, ""kc_mult"": 1.5, ""min_sqz_bars"": 4}, ""r&s"": {""srb_left"": 15, ""srb_right"": 15}, ""atr"": {""atr_length"": 14, ""atr_mult"": 1.0}}",,,FST CORP,1WK,一直释放,nan-11.42-11.76-15.48-1.66,低-高-高-低,nan%-2.98%-31.63%-89.28%,28.0,104.94
2026-10-05 00:00:00,Long,BYD,68.71,2.17%,62.48,mfa,参数一,"{""mfa"": {""mfa_all"": 6}}",200.0,-1.22,BOYD GAMING CORP,1WK,,,,,,
2026-10-05 00:00:00,Long,BYD,68.71,2.17%,62.48,mfa,参数二,"{""mfa"": {""mfa_all"": 6}}",200.0,-1.22,BOYD GAMING CORP,1WK,,,,,,
2026-10-05 00:00:00,Long,SAFE,11.9,-1.33%,10.84,mfa,参数一,"{""mfa"": {""mfa_all"": 3}}",200.0,-37.02,SAFEHOLD INC,1WK,,,,,,
2026-10-05 00:00:00,Long,SAFE,11.9,-1.33%,10.84,mfa,参数二,"{""mfa"": {""mfa_all"": 3}}",200.0,-37.02,SAFEHOLD INC,1WK,,,,,,
2026-10-05 00:00:00,Long,SUB,104.5,-0.04%,104.0,mfa,参数一,"{""mfa"": {""mfa_all"": 3}}",200.0,3.74,ISHARES SHORT-TERM NATIONAL,1WK,,,,,,
2026-10-05 00:00:00,Long,SUB,104.5,-0.04%,104.0,mfa,参数二,"{""mfa"": {""mfa_all"": 3}}",200.0,3.74,ISHARES SHORT-TERM NATIONAL,1WK,,,,,,
2026-10-05 00:00:00,Short,SMDV,72.81,-0.22%,75.25,utb,参数一,"{""utb"": {""key_value"": 2.5, ""atr_period"": 14, ""use_ha"": false}, ""r&s"": {""srb_left"": 10, ""srb_right"": 10}, ""atr"": {""atr_length"": 14, ""atr_mult"": 1.0}}",,,PROSHARES S&P SMALLCAP 600 D,1WK,,,,,,
2026-10-05 00:00:00,Short,BLRX,2.32,-2.11%,2.72,utb,参数二,"{""utb"": {""key_value"": 3, ""atr_period"": 14, ""use_ha"": false}, ""r&s"": {""srb_left"": 15, ""srb_right"": 15}, ""atr"": {""atr_length"": 14, ""atr_mult"": 1.0}}",,,BIOLINERX LTD-SPONS ADR,1WK,,,,,,
2026-10-05 00:00:00,Long,PWZ,22.32,0.31%,21.89,mfa,参数一,"{""mfa"": {""mfa_all"": 5}}",200.0,-1.74,INVESCO CALIFORNIA AMT-FREE,1WK,,,,,,
2026-10-05 00:00:00,Long,PWZ,22.32,0.31%,21.89,mfa,参数二,"{""mfa"": {""mfa_all"": 5}}",200.0,-1.74,INVESCO CALIFORNIA AMT-FREE,1WK,,,,,,
2026-10-05 00:00:00,Long,SSBI,12.21,0.16%,11.45,mfa,参数一,"{""mfa"": {""mfa_all"": 5}}",200.0,4.91,SUMMIT STATE BANK,1WK,,,,,,
2026-10-05 00:00:00,Long,SSBI,12.21,0.16%,11.45,mfa,参数二,"{""mfa"": {""mfa_all"": 5}}",200.0,4.91,SUMMIT STATE BANK,1WK,,,,,,
2026-10-05 00:00:00,Short,ITB,85.58,-1.22%,91.75,utb,参数二,"{""utb"": {""key_value"": 3, ""atr_period"": 14, ""use_ha"": false}, ""r&s"": {""srb_left"": 15, ""srb_right"": 15}, ""atr"": {""atr_length"": 14, ""atr_mult"": 1.0}}",,,ISHARES U.S. HOME CONSTRUCTI,1WK,,,,,,
2026-10-05 00:00:00,Long,IHAK,69.64,1.37%,64.78,sqz,参数二,"{""sqz"": {""bb_length"": 20, ""bb_mult"": 1.8, ""kc_length"": 20, ""kc_mult"": 1.5, ""min_sqz_bars"": 4}, ""r&s"": {""srb_left"": 15, ""srb_right"": 15}, ""atr"": {""atr_length"": 14, ""atr_mult"": 1.0}}",,,ISHARES CYBERSECURITY & TECH,1WK,一直释放,nan-49.36-52.96-53.93,低-高-高,nan%-7.29%-1.84%,65.0,31.66
2026-10-05 00:00:00,Long,FMHI,44.9,0.09%,44.09,mfa,参数一,"{""mfa"": {""mfa_all"": 5}}",200.0,2.28,FIRST TRUST MUNICIPAL HIGH I,1WK,,,,,,
2026-10-05 00:00:00,Long,FMHI,44.9,0.09%,44.09,mfa,参数二,"{""mfa"": {""mfa_all"": 5}}",200.0,2.28,FIRST TRUST MUNICIPAL HIGH I,1WK,,,,,,
2026-10-05 00:00:00,Long,ACM,59.76,0.17%,53.62,mfa,参数一,"{""mfa"": {""mfa_all"": 43}}",200.0,-34.67,AECOM,1WK,,,,,,
2026-10-05 00:00:00,Long,ACM,59.76,0.17%,53.62,mfa,参数二,"{""mfa"": {""mfa_all"": 43}}",200.0,-34.67,AECOM,1WK,,,,,,
2026-10-05 00:00:00,Long,VITL,9.25,2.10%,7.04,suf,参数一,"{""suf"": {""timeframe"": ""w""}}",200.0,-62.4,VITAL FARMS INC,1WK,,,,,,
2026-10-05 00:00:00,Long,VITL,9.25,2.10%,7.04,suf,参数二,"{""suf"": {""timeframe"": ""w""}}",200.0,-62.4,VITAL FARMS INC,1WK,,,,,,
2026-10-05 00:00:00,Long,NC,36.7,1.24%,32.79,suf,参数一,"{""suf"": {""timeframe"": ""w""}}",200.0,2.33,NACCO INDUSTRIES-CL A,1WK,,,,,,
2026-10-05 00:00:00,Long,NC,36.7,1.24%,32.79,suf,参数二,"{""suf"": {""timeframe"": ""w""}}",200.0,2.33,NACCO INDUSTRIES-CL A,1WK,,,,,,
2026-10-05 00:00:00,Long,FMC,9.0,6.64%,6.9,mfa,参数一,"{""mfa"": {""mfa_all"": 19}}",200.0,-81.54,FMC CORP,1WK,,,,,,
2026-10-05 00:00:00,Long,FMC,9.0,6.64%,6.9,suf,参数一,"{""suf"": {""timeframe"": ""w""}}",200.0,-81.54,FMC CORP,1WK,,,,,,
2026-10-05 00:00:00,Long,FMC,9.0,6.64%,6.9,mfa,参数二,"{""mfa"": {""mfa_all"": 19}}",200.0,-81.54,FMC CORP,1WK,,,,,,
2026-10-05 00:00:00,Long,FMC,9.0,6.64%,6.9,suf,参数二,"{""suf"": {""timeframe"": ""w""}}",200.0,-81.54,FMC CORP,1WK,,,,,,
2026-10-05 00:00:00,Long,ANTA,2.55,9.91%,1.22,mfa,参数一,"{""mfa"": {""mfa_all"": 48}}",200.0,,ANTALPHA PLATFORM HLDNG CO-A,1WK,,,,,,
2026-10-05 00:00:00,Long,ANTA,2.55,9.91%,1.22,mfa,参数二,"{""mfa"": {""mfa_all"": 48}}",200.0,,ANTALPHA PLATFORM HLDNG CO-A,1WK,,,,,,
2026-10-05 00:00:00,Short,SPTL,23.64,-0.46%,24.15,sqz,参数一,"{""sqz"": {""bb_length"": 15, ""bb_mult"": 1.5, ""kc_length"": 15, ""kc_mult"": 1.2, ""min_sqz_bars"": 4}, ""r&s"": {""srb_left"": 10, ""srb_right"": 10}, ""atr"": {""atr_length"": 14, ""atr_mult"": 1.0}}",,,SS SPDR PF LNG TRM TSY E-USD,1WK,一直亮红,25.02-21.7-23.42-23.65-23.72,低-高-高-高,13.28%-7.95%-1.00%-0.26%,72.0,12.63
2026-10-05 00:00:00,Short,SPTL,23.64,-0.46%,24.15,sqz,参数二,"{""sqz"": {""bb_length"": 20, ""bb_mult"": 1.8, ""kc_length"": 20, ""kc_mult"": 1.5, ""min_sqz_bars"": 4}, ""r&s"": {""srb_left"": 15, ""srb_right"": 15}, ""atr"": {""atr_length"": 14, ""atr_mult"": 1.0}}",,,SS SPDR PF LNG TRM TSY E-USD,1WK,一直亮红,nan-21.7-23.42-23.65-23.72,低-高-高-高,nan%-7.95%-1.00%-0.26%,72.0,12.63
2026-10-05 00:00:00,Long,EAGG,45.07,-0.11%,44.58,mfa,参数一,"{""mfa"": {""mfa_all"": 5}}",200.0,3.0,ISHARES ESG AWARE US AGGREGA,1WK,,,,,,
2026-10-05 00:00:00,Long,EAGG,45.07,-0.11%,44.58,mfa,参数二,"{""mfa"": {""mfa_all"": 5}}",200.0,3.0,ISHARES ESG AWARE US AGGREGA,1WK,,,,,,
2026-10-05 00:00:00,Long,KEYS,384.17,-0.12%,357.27,sqz,参数一,"{""sqz"": {""bb_length"": 15, ""bb_mult"": 1.5, ""kc_length"": 15, ""kc_mult"": 1.2, ""min_sqz_bars"": 4}, ""r&s"": {""srb_left"": 10, ""srb_right"": 10}, ""atr"": {""atr_length"": 14, ""atr_mult"": 1.0}}",,,KEYSIGHT TECHNOLOGIES IN,1WK,压力释放,162.51-161.08-186.2-174.98-374.96,低-高-低-高,0.88%-15.59%-6.03%-114.29%,15.0,27.73
2026-10-05 00:00:00,Short,CRWS,2.46,-0.81%,2.66,utb,参数二,"{""utb"": {""key_value"": 3, ""atr_period"": 14, ""use_ha"": false}, ""r&s"": {""srb_left"": 15, ""srb_right"": 15}, ""atr"": {""atr_length"": 14, ""atr_mult"": 1.0}}",,,CROWN CRAFTS INC,1WK,,,,,,
2026-10-05 00:00:00,Long,PTLO,3.55,1.14%,2.94,mfa,参数一,"{""mfa"": {""mfa_all"": 4}}",200.0,-69.88,PORTILLO'S INC-CL A,1WK,,,,,,
2026-10-05 00:00:00,Long,PTLO,3.55,1.14%,2.94,mfa,参数二,"{""mfa"": {""mfa_all"": 4}}",200.0,-69.88,PORTILLO'S INC-CL A,1WK,,,,,,
2026-10-05 00:00:00,Long,DCOY,1.67,-5.65%,-0.96,mfa,参数一,"{""mfa"": {""mfa_all"": 149}}",200.0,-99.77,DECOY THERAPEUTICS INC,1WK,,,,,,
2026-10-05 00:00:00,Long,DCOY,1.67,-5.65%,-0.96,mfa,参数二,"{""mfa"": {""mfa_all"": 149}}",200.0,-99.77,DECOY THERAPEUTICS INC,1WK,,,,,,
2026-10-05 00:00:00,Long,SYK,285.22,3.55%,255.64,suf,参数一,"{""suf"": {""timeframe"": ""w""}}",200.0,-12.46,STRYKER CORP,1WK,,,,,,
2026-10-05 00:00:00,Long,SYK,285.22,3.55%,255.64,suf,参数二,"{""suf"": {""timeframe"": ""w""}}",200.0,-12.46,STRYKER CORP,1WK,,,,,,
2026-10-05 00:00:00,Long,VTEI,95.51,0.06%,94.26,mfa,参数一,"{""mfa"": {""mfa_all"": 5}}",200.0,,VANGUARD INT TAX-EXEMPT BOND,1WK,,,,,,
2026-10-05 00:00:00,Long,VTEI,95.51,0.06%,94.26,mfa,参数二,"{""mfa"": {""mfa_all"": 5}}",200.0,,VANGUARD INT TAX-EXEMPT BOND,1WK,,,,,,
2026-10-05 00:00:00,Long,BLDX,24.71,0.45%,24.06,mfa,参数一,"{""mfa"": {""mfa_all"": 3}}",200.0,,IMPAX GLOBAL SUSTAINABLE INF,1WK,,,,,,
2026-10-05 00:00:00,Long,BLDX,24.71,0.45%,24.06,mfa,参数二,"{""mfa"": {""mfa_all"": 3}}",200.0,,IMPAX GLOBAL SUSTAINABLE INF,1WK,,,,,,
2026-10-05 00:00:00,Short,IGOV,39.77,-0.10%,40.51,sqz,参数一,"{""sqz"": {""bb_length"": 15, ""bb_mult"": 1.5, ""kc_length"": 15, ""kc_mult"": 1.2, ""min_sqz_bars"": 4}, ""r&s"": {""srb_left"": 10, ""srb_right"": 10}, ""atr"": {""atr_length"": 14, ""atr_mult"": 1.0}}",,,ISHARES INTERNATIONAL TREASU,1WK,支撑释放,35.82-37.41-36.78-40.99-40.36,高-低-高-低,4.43%-1.69%-11.45%-1.54%,28.0,5.28
2026-10-05 00:00:00,Short,IGOV,39.77,-0.10%,40.51,sqz,参数二,"{""sqz"": {""bb_length"": 20, ""bb_mult"": 1.8, ""kc_length"": 20, ""kc_mult"": 1.5, ""min_sqz_bars"": 4}, ""r&s"": {""srb_left"": 15, ""srb_right"": 15}, ""atr"": {""atr_length"": 14, ""atr_mult"": 1.0}}",,,ISHARES INTERNATIONAL TREASU,1WK,支撑释放,35.82-37.41-36.78-40.99-40.36,高-低-高-低,4.43%-1.69%-11.45%-1.54%,28.0,5.28
2026-10-05 00:00:00,Long,QIG,42.07,-0.02%,41.66,mfa,参数一,"{""mfa"": {""mfa_all"": 5}}",200.0,4.12,WISDOMTREE US CORPORATE BOND,1WK,,,,,,
2026-10-05 00:00:00,Long,QIG,42.07,-0.02%,41.66,mfa,参数二,"{""mfa"": {""mfa_all"": 5}}",200.0,4.12,WISDOMTREE US CORPORATE BOND,1WK,,,,,,
2026-10-05 00:00:00,Long,DRUG,49.79,-1.78%,40.24,mfa,参数一,"{""mfa"": {""mfa_all"": 3}}",200.0,66.63,BRIGHT MINDS BIOSCIENCES INC,1WK,,,,,,
2026-10-05 00:00:00,Long,DRUG,49.79,-1.78%,40.24,mfa,参数二,"{""mfa"": {""mfa_all"": 3}}",200.0,66.63,BRIGHT MINDS BIOSCIENCES INC,1WK,,,,,,
2026-10-05 00:00:00,Long,TGS,26.58,6.28%,23.15,mfa,参数一,"{""mfa"": {""mfa_all"": 9}}",200.0,23.77,TRANSPORTADOR GAS-ADR SP B,1WK,,,,,,
2026-10-05 00:00:00,Long,TGS,26.58,6.28%,23.15,mfa,参数二,"{""mfa"": {""mfa_all"": 9}}",200.0,23.77,TRANSPORTADOR GAS-ADR SP B,1WK,,,,,,
2026-10-05 00:00:00,Short,CAPS,0.14,-6.67%,0.22,sqz,参数一,"{""sqz"": {""bb_length"": 15, ""bb_mult"": 1.5, ""kc_length"": 15, ""kc_mult"": 1.2, ""min_sqz_bars"": 4}, ""r&s"": {""srb_left"": 10, ""srb_right"": 10}, ""atr"": {""atr_length"": 14, ""atr_mult"": 1.0}}",,,CAPSTONE HOLDING CORP,1WK,一直释放,4.9-0.96,低,80.41%,59.0,115.62
2026-10-05 00:00:00,Long,YXT,2.27,5.84%,0.15,mfa,参数一,"{""mfa"": {""mfa_all"": 28}}",200.0,,YXT.COM GROUP HOLDING LTD,1WK,,,,,,
2026-10-05 00:00:00,Long,YXT,2.27,5.84%,0.15,mfa,参数二,"{""mfa"": {""mfa_all"": 28}}",200.0,,YXT.COM GROUP HOLDING LTD,1WK,,,,,,
2026-10-05 00:00:00,Long,CD,7.51,11.42%,5.07,utb,参数二,"{""utb"": {""key_value"": 3, ""atr_period"": 14, ""use_ha"": false}, ""r&s"": {""srb_left"": 15, ""srb_right"": 15}, ""atr"": {""atr_length"": 14, ""atr_mult"": 1.0}}",,,CHAINCE DIGITAL HOLDINGS INC,1WK,,,,,,
2026-10-05 00:00:00,Long,STNE,11.54,20.84%,9.76,mfa,参数一,"{""mfa"": {""mfa_all"": 9}}",200.0,5.93,STONECO LTD-A,1WK,,,,,,
2026-10-05 00:00:00,Long,STNE,11.54,20.84%,9.76,mfa,参数二,"{""mfa"": {""mfa_all"": 9}}",200.0,5.93,STONECO LTD-A,1WK,,,,,,
2026-10-05 00:00:00,Short,SCHQ,28.21,-0.39%,28.78,sqz,参数一,"{""sqz"": {""bb_length"": 15, ""bb_mult"": 1.5, ""kc_length"": 15, ""kc_mult"": 1.2, ""min_sqz_bars"": 4}, ""r&s"": {""srb_left"": 10, ""srb_right"": 10}, ""atr"": {""atr_length"": 14, ""atr_mult"": 1.0}}",,,SCHWAB LONG-TERM US TREASURY,1WK,一直亮红,29.85-25.88-27.93-28.21-28.29,低-高-高-高,13.29%-7.93%-1.00%-0.28%,72.0,12.6
2026-10-05 00:00:00,Short,SCHQ,28.21,-0.39%,28.78,sqz,参数二,"{""sqz"": {""bb_length"": 20, ""bb_mult"": 1.8, ""kc_length"": 20, ""kc_mult"": 1.5, ""min_sqz_bars"": 4}, ""r&s"": {""srb_left"": 15, ""srb_right"": 15}, ""atr"": {""atr_length"": 14, ""atr_mult"": 1.0}}",,,SCHWAB LONG-TERM US TREASURY,1WK,一直亮红,nan-25.88-27.93-28.21-28.29,低-高-高-高,nan%-7.93%-1.00%-0.28%,72.0,12.6
2026-10-05 00:00:00,Short,AVR,7.55,-2.08%,8.65,utb,参数一,"{""utb"": {""key_value"": 2.5, ""atr_period"": 14, ""use_ha"": false}, ""r&s"": {""srb_left"": 10, ""srb_right"": 10}, ""atr"": {""atr_length"": 14, ""atr_mult"": 1.0}}",,,ANTERIS TECHNOLOGIES GLOBAL,1WK,,,,,,
2026-10-05 00:00:00,Long,CW,540.79,-0.89%,491.89,mfa,参数一,"{""mfa"": {""mfa_all"": 7}}",200.0,42.39,CURTISS-WRIGHT CORP,1WK,,,,,,
2026-10-05 00:00:00,Long,CW,540.79,-0.89%,491.89,mfa,参数二,"{""mfa"": {""mfa_all"": 7}}",200.0,42.39,CURTISS-WRIGHT CORP,1WK,,,,,,
2026-10-05 00:00:00,Long,IMTX,7.73,1.84%,6.42,mfa,参数一,"{""mfa"": {""mfa_all"": 11}}",200.0,-16.01,IMMATICS NV,1WK,,,,,,
2026-10-05 00:00:00,Long,IMTX,7.73,1.84%,6.42,mfa,参数二,"{""mfa"": {""mfa_all"": 11}}",200.0,-16.01,IMMATICS NV,1WK,,,,,,
2026-10-05 00:00:00,Long,LQDM,22.8,0.09%,22.53,mfa,参数一,"{""mfa"": {""mfa_all"": 12}}",200.0,,AMPLIFY LQD INV GR 12% TRGT,1WK,,,,,,
2026-10-05 00:00:00,Long,LQDM,22.8,0.09%,22.53,mfa,参数二,"{""mfa"": {""mfa_all"": 12}}",200.0,,AMPLIFY LQD INV GR 12% TRGT,1WK,,,,,,
2026-10-05 00:00:00,Short,UONEK,3.44,-3.64%,4.31,sqz,参数一,"{""sqz"": {""bb_length"": 15, ""bb_mult"": 1.5, ""kc_length"": 15, ""kc_mult"": 1.2, ""min_sqz_bars"": 4}, ""r&s"": {""srb_left"": 10, ""srb_right"": 10}, ""atr"": {""atr_length"": 14, ""atr_mult"": 1.0}}",,,URBAN ONE INC,1WK,支撑释放,nan-46.0-4.4-4.5-3.58,低-低-高-低,nan%-90.43%-2.27%-20.44%,12.0,61.17
2026-10-05 00:00:00,Long,NMTC,1.12,-0.45%,0.56,mfa,参数一,"{""mfa"": {""mfa_all"": 18}}",200.0,-80.54,NEUROONE MEDICAL TECHNOLOGIE,1WK,,,,,,
2026-10-05 00:00:00,Long,NMTC,1.12,-0.45%,0.56,mfa,参数二,"{""mfa"": {""mfa_all"": 18}}",200.0,-80.54,NEUROONE MEDICAL TECHNOLOGIE,1WK,,,,,,
2026-10-05 00:00:00,Long,JMHI,46.85,0.11%,46.1,mfa,参数一,"{""mfa"": {""mfa_all"": 5}}",200.0,,JPMORGAN HIGH YIELD MUNICPL,1WK,,,,,,
2026-10-05 00:00:00,Long,JMHI,46.85,0.11%,46.1,mfa,参数二,"{""mfa"": {""mfa_all"": 5}}",200.0,,JPMORGAN HIGH YIELD MUNICPL,1WK,,,,,,
2026-10-05 00:00:00,Long,SBIT,28.85,-3.41%,21.38,mfa,参数一,"{""mfa"": {""mfa_all"": 6}}",200.0,,PROSHARES ULTRASHORT BITCOIN,1WK,,,,,,
2026-10-05 00:00:00,Long,SBIT,28.85,-3.41%,21.38,mfa,参数二,"{""mfa"": {""mfa_all"": 6}}",200.0,,PROSHARES ULTRASHORT BITCOIN,1WK,,,,,,
2026-10-05 00:00:00,Long,SEED,0.84,13.51%,0.59,suf,参数一,"{""suf"": {""timeframe"": ""w""}}",200.0,-69.97,ORIGIN AGRITECH LTD,1WK,,,,,,
2026-10-05 00:00:00,Long,SEED,0.84,13.51%,0.59,suf,参数二,"{""suf"": {""timeframe"": ""w""}}",200.0,-69.97,ORIGIN AGRITECH LTD,1WK,,,,,,
2026-10-05 00:00:00,Long,PKB,92.53,-0.11%,86.96,mfa,参数一,"{""mfa"": {""mfa_all"": 5}}",200.0,23.55,INVESCO BUILDING & CONSTRUCT,1WK,,,,,,
2026-10-05 00:00:00,Long,PKB,92.53,-0.11%,86.96,mfa,参数二,"{""mfa"": {""mfa_all"": 5}}",200.0,23.55,INVESCO BUILDING & CONSTRUCT,1WK,,,,,,
2026-10-05 00:00:00,Long,MUB,101.12,0.16%,99.67,mfa,参数一,"{""mfa"": {""mfa_all"": 5}}",200.0,0.98,ISHARES NATIONAL MUNI BOND E,1WK,,,,,,
2026-10-05 00:00:00,Long,MUB,101.12,0.16%,99.67,suf,参数一,"{""suf"": {""timeframe"": ""w""}}",200.0,0.98,ISHARES NATIONAL MUNI BOND E,1WK,,,,,,
2026-10-05 00:00:00,Long,MUB,101.12,0.16%,99.67,mfa,参数二,"{""mfa"": {""mfa_all"": 5}}",200.0,0.98,ISHARES NATIONAL MUNI BOND E,1WK,,,,,,
2026-10-05 00:00:00,Long,MUB,101.12,0.16%,99.67,suf,参数二,"{""suf"": {""timeframe"": ""w""}}",200.0,0.98,ISHARES NATIONAL MUNI BOND E,1WK,,,,,,
2026-10-05 00:00:00,Short,MAMA,12.82,-0.85%,14.56,sqz,参数一,"{""sqz"": {""bb_length"": 15, ""bb_mult"": 1.5, ""kc_length"": 15, ""kc_mult"": 1.2, ""min_sqz_bars"": 4}, ""r&s"": {""srb_left"": 10, ""srb_right"": 10}, ""atr"": {""atr_length"": 14, ""atr_mult"": 1.0}}",,,MAMA'S CREATIONS INC,1WK,一直亮红,nan-1.35-5.5-12.85,低-高-高,nan%-307.41%-133.64%,22.0,63.42
2026-10-05 00:00:00,Short,MAMA,12.82,-0.85%,14.56,sqz,参数二,"{""sqz"": {""bb_length"": 20, ""bb_mult"": 1.8, ""kc_length"": 20, ""kc_mult"": 1.5, ""min_sqz_bars"": 4}, ""r&s"": {""srb_left"": 15, ""srb_right"": 15}, ""atr"": {""atr_length"": 14, ""atr_mult"": 1.0}}",,,MAMA'S CREATIONS INC,1WK,一直亮红,nan-5.5-12.85,低-高,nan%-133.64%,22.0,63.42
2026-10-05 00:00:00,Long,BBCB,42.8,0.04%,42.36,mfa,参数一,"{""mfa"": {""mfa_all"": 4}}",200.0,4.1,JPMORGAN BETABUILDERS USD IN,1WK,,,,,,
2026-10-05 00:00:00,Long,BBCB,42.8,0.04%,42.36,mfa,参数二,"{""mfa"": {""mfa_all"": 4}}",200.0,4.1,JPMORGAN BETABUILDERS USD IN,1WK,,,,,,
2026-10-05 00:00:00,Long,UVV,42.13,-0.17%,39.15,mfa,参数一,"{""mfa"": {""mfa_all"": 9}}",200.0,-10.92,UNIVERSAL CORP/VA,1WK,,,,,,
2026-10-05 00:00:00,Long,UVV,42.13,-0.17%,39.15,mfa,参数二,"{""mfa"": {""mfa_all"": 9}}",200.0,-10.92,UNIVERSAL CORP/VA,1WK,,,,,,
2026-10-05 00:00:00,Long,CAFX,23.92,0.04%,23.75,mfa,参数一,"{""mfa"": {""mfa_all"": 5}}",200.0,,CONGRESS INTERMEDIATE BOND,1WK,,,,,,
2026-10-05 00:00:00,Long,CAFX,23.92,0.04%,23.75,mfa,参数二,"{""mfa"": {""mfa_all"": 5}}",200.0,,CONGRESS INTERMEDIATE BOND,1WK,,,,,,
2026-10-05 00:00:00,Long,NUBD,21.08,-0.05%,20.85,mfa,参数一,"{""mfa"": {""mfa_all"": 5}}",200.0,2.98,NUVEEN ESG US AGGREGATE BOND,1WK,,,,,,
2026-10-05 00:00:00,Long,NUBD,21.08,-0.05%,20.85,mfa,参数二,"{""mfa"": {""mfa_all"": 5}}",200.0,2.98,NUVEEN ESG US AGGREGATE BOND,1WK,,,,,,
2026-10-05 00:00:00,Long,EVYM,46.96,0.40%,46.19,mfa,参数一,"{""mfa"": {""mfa_all"": 5}}",200.0,,EATON VANCE HIGH INCOME MUNI,1WK,,,,,,
2026-10-05 00:00:00,Long,EVYM,46.96,0.40%,46.19,mfa,参数二,"{""mfa"": {""mfa_all"": 5}}",200.0,,EATON VANCE HIGH INCOME MUNI,1WK,,,,,,
2026-10-05 00:00:00,Long,TPB,57.61,3.54%,46.58,mfa,参数一,"{""mfa"": {""mfa_all"": 3}}",200.0,5.1,TURNING POINT BRANDS INC,1WK,,,,,,
2026-10-05 00:00:00,Long,TPB,57.61,3.54%,46.58,mfa,参数二,"{""mfa"": {""mfa_all"": 3}}",200.0,5.1,TURNING POINT BRANDS INC,1WK,,,,,,
2026-10-05 00:00:00,Long,IBIH,24.92,0.06%,24.71,mfa,参数一,"{""mfa"": {""mfa_all"": 4}}",200.0,,ISHARES IBONDS OCT 2031 TT,1WK,,,,,,
2026-10-05 00:00:00,Long,IBIH,24.92,0.06%,24.71,mfa,参数二,"{""mfa"": {""mfa_all"": 4}}",200.0,,ISHARES IBONDS OCT 2031 TT,1WK,,,,,,
2026-10-05 00:00:00,Long,AFGR,38.73,0.97%,37.57,sqz,参数二,"{""sqz"": {""bb_length"": 20, ""bb_mult"": 1.8, ""kc_length"": 20, ""kc_mult"": 1.5, ""min_sqz_bars"": 4}, ""r&s"": {""srb_left"": 15, ""srb_right"": 15}, ""atr"": {""atr_length"": 14, ""atr_mult"": 1.0}}",,,FIRST TRUST ACTIVE FACTOR LA,1WK,压力释放,nan-22.83-33.23-37.65,低-高-高,nan%-45.53%-13.32%,49.0,25.21
2026-10-05 00:00:00,Long,KRMD,3.01,1.69%,2.54,mfa,参数一,"{""mfa"": {""mfa_all"": 12}}",200.0,-11.45,KORU MEDICAL SYSTEMS INC,1WK,,,,,,
2026-10-05 00:00:00,Long,KRMD,3.01,1.69%,2.54,mfa,参数二,"{""mfa"": {""mfa_all"": 12}}",200.0,-11.45,KORU MEDICAL SYSTEMS INC,1WK,,,,,,
2026-10-05 00:00:00,Long,PUMP,9.59,3.45%,7.82,mfa,参数一,"{""mfa"": {""mfa_all"": 3}}",200.0,5.6,PROPETRO HOLDING CORP,1WK,,,,,,
2026-10-05 00:00:00,Long,PUMP,9.59,3.45%,7.82,mfa,参数二,"{""mfa"": {""mfa_all"": 3}}",200.0,5.6,PROPETRO HOLDING CORP,1WK,,,,,,
2026-10-05 00:00:00,Long,JBGS,10.83,2.56%,9.45,mfa,参数一,"{""mfa"": {""mfa_all"": 35}}",200.0,-26.95,JBG SMITH PROPERTIES,1WK,,,,,,
2026-10-05 00:00:00,Long,JBGS,10.83,2.56%,9.45,mfa,参数二,"{""mfa"": {""mfa_all"": 35}}",200.0,-26.95,JBG SMITH PROPERTIES,1WK,,,,,,
2026-10-05 00:00:00,Long,PMT,7.87,0.90%,7.13,mfa,参数一,"{""mfa"": {""mfa_all"": 22}}",200.0,-22.53,PENNYMAC MORTGAGE INVESTMENT,1WK,,,,,,
2026-10-05 00:00:00,Long,PMT,7.87,0.90%,7.13,mfa,参数二,"{""mfa"": {""mfa_all"": 22}}",200.0,-22.53,PENNYMAC MORTGAGE INVESTMENT,1WK,,,,,,
2026-10-05 00:00:00,Long,WEC,101.3,-0.29%,96.92,mfa,参数一,"{""mfa"": {""mfa_all"": 4}}",200.0,10.2,WEC ENERGY GROUP INC,1WK,,,,,,
2026-10-05 00:00:00,Long,WEC,101.3,-0.29%,96.92,mfa,参数二,"{""mfa"": {""mfa_all"": 4}}",200.0,10.2,WEC ENERGY GROUP INC,1WK,,,,,,
2026-10-05 00:00:00,Long,RDHL,0.49,-1.40%,0.33,mfa,参数一,"{""mfa"": {""mfa_all"": 14}}",200.0,-98.01,REDHILL BIOPHARMA LTD-SP ADR,1WK,,,,,,
2026-10-05 00:00:00,Long,RDHL,0.49,-1.40%,0.33,mfa,参数二,"{""mfa"": {""mfa_all"": 14}}",200.0,-98.01,REDHILL BIOPHARMA LTD-SP ADR,1WK,,,,,,
2026-10-05 00:00:00,Long,BSMY,22.91,0.10%,22.46,mfa,参数一,"{""mfa"": {""mfa_all"": 6}}",200.0,,INVESCO BULLETSHARES 2034 MB,1WK,,,,,,
2026-10-05 00:00:00,Long,BSMY,22.91,0.10%,22.46,mfa,参数二,"{""mfa"": {""mfa_all"": 6}}",200.0,,INVESCO BULLETSHARES 2034 MB,1WK,,,,,,
2026-10-05 00:00:00,Short,BGSF,4.78,-2.85%,5.52,sqz,参数一,"{""sqz"": {""bb_length"": 15, ""bb_mult"": 1.5, ""kc_length"": 15, ""kc_mult"": 1.2, ""min_sqz_bars"": 4}, ""r&s"": {""srb_left"": 10, ""srb_right"": 10}, ""atr"": {""atr_length"": 14, ""atr_mult"": 1.0}}",,,BGSF INC,1WK,支撑释放,6.27-4.6-2.09-3.25-4.92,低-低-高-高,26.72%-54.53%-55.48%-51.38%,17.0,21.95
2026-10-05 00:00:00,Short,BGSF,4.78,-2.85%,5.52,utb,参数二,"{""utb"": {""key_value"": 3, ""atr_period"": 14, ""use_ha"": false}, ""r&s"": {""srb_left"": 15, ""srb_right"": 15}, ""atr"": {""atr_length"": 14, ""atr_mult"": 1.0}}",,,BGSF INC,1WK,,,,,,
2026-10-05 00:00:00,Long,VCLT,68.13,-0.12%,66.56,mfa,参数一,"{""mfa"": {""mfa_all"": 11}}",200.0,-0.77,VANGUARD LONG-TERM CORP BOND,1WK,,,,,,
2026-10-05 00:00:00,Long,VCLT,68.13,-0.12%,66.56,mfa,参数二,"{""mfa"": {""mfa_all"": 11}}",200.0,-0.77,VANGUARD LONG-TERM CORP BOND,1WK,,,,,,
2026-10-05 00:00:00,Short,AIRI,2.47,-9.19%,2.85,sqz,参数二,"{""sqz"": {""bb_length"": 20, ""bb_mult"": 1.8, ""kc_length"": 20, ""kc_mult"": 1.5, ""min_sqz_bars"": 4}, ""r&s"": {""srb_left"": 15, ""srb_right"": 15}, ""atr"": {""atr_length"": 14, ""atr_mult"": 1.0}}",,,AIR INDUSTRIES GROUP,1WK,一直释放,nan-2.6-3.03-3.0-2.55,低-高-低-低,nan%-16.54%-0.99%-15.00%,33.0,41.18
2026-10-05 00:00:00,Long,CPS,22.03,0.92%,18.76,mfa,参数一,"{""mfa"": {""mfa_all"": 6}}",200.0,9.3,COOPER-STANDARD HOLDING,1WK,,,,,,
2026-10-05 00:00:00,Long,CPS,22.03,0.92%,18.76,mfa,参数二,"{""mfa"": {""mfa_all"": 6}}",200.0,9.3,COOPER-STANDARD HOLDING,1WK,,,,,,
2026-10-05 00:00:00,Long,AGGY,41.13,-0.10%,40.6,mfa,参数一,"{""mfa"": {""mfa_all"": 5}}",200.0,3.23,WISDOMTREE YIELD ENHANCED US,1WK,,,,,,
2026-10-05 00:00:00,Long,AGGY,41.13,-0.10%,40.6,mfa,参数二,"{""mfa"": {""mfa_all"": 5}}",200.0,3.23,WISDOMTREE YIELD ENHANCED US,1WK,,,,,,
2026-10-05 00:00:00,Long,IH,1.15,0.88%,1.01,mfa,参数一,"{""mfa"": {""mfa_all"": 41}}",200.0,-43.56,IHUMAN INC,1WK,,,,,,
2026-10-05 00:00:00,Long,IH,1.15,0.88%,1.01,mfa,参数二,"{""mfa"": {""mfa_all"": 41}}",200.0,-43.56,IHUMAN INC,1WK,,,,,,
2026-10-05 00:00:00,Long,ES,64.69,0.29%,61.12,mfa,参数一,"{""mfa"": {""mfa_all"": 3}}",200.0,6.58,EVERSOURCE ENERGY,1WK,,,,,,
2026-10-05 00:00:00,Long,ES,64.69,0.29%,61.12,mfa,参数二,"{""mfa"": {""mfa_all"": 3}}",200.0,6.58,EVERSOURCE ENERGY,1WK,,,,,,
2026-10-05 00:00:00,Long,EPOW,3.77,-10.66%,0.8,mfa,参数一,"{""mfa"": {""mfa_all"": 36}}",200.0,-87.81,E-POWER INC,1WK,,,,,,
2026-10-05 00:00:00,Long,EPOW,3.77,-10.66%,0.8,mfa,参数二,"{""mfa"": {""mfa_all"": 36}}",200.0,-87.81,E-POWER INC,1WK,,,,,,
2026-10-05 00:00:00,Long,ONT,14.21,11.80%,9.5,suf,参数一,"{""suf"": {""timeframe"": ""w""}}",200.0,-50.57,ONTERRIS INC,1WK,,,,,,
2026-10-05 00:00:00,Long,ONT,14.21,11.80%,9.5,suf,参数二,"{""suf"": {""timeframe"": ""w""}}",200.0,-50.57,ONTERRIS INC,1WK,,,,,,
2026-10-05 00:00:00,Long,IWFG,56.88,1.07%,54.6,sqz,参数一,"{""sqz"": {""bb_length"": 15, ""bb_mult"": 1.5, ""kc_length"": 15, ""kc_mult"": 1.2, ""min_sqz_bars"": 4}, ""r&s"": {""srb_left"": 10, ""srb_right"": 10}, ""atr"": {""atr_length"": 14, ""atr_mult"": 1.0}}",,,NYLIM WINSLOW FOCUSED LARGE,1WK,压力释放,nan-31.62-44.58-51.57-56.28,低-高-高-高,nan%-40.99%-15.68%-9.14%,49.0,25.6
2026-10-05 00:00:00,Long,RCAT,6.34,-0.86%,4.55,mfa,参数一,"{""mfa"": {""mfa_all"": 11}}",200.0,18.65,RED CAT HOLDINGS INC,1WK,,,,,,
2026-10-05 00:00:00,Long,RCAT,6.34,-0.86%,4.55,mfa,参数二,"{""mfa"": {""mfa_all"": 11}}",200.0,18.65,RED CAT HOLDINGS INC,1WK,,,,,,
2026-10-05 00:00:00,Short,REW,9.79,-1.31%,11.18,sqz,参数一,"{""sqz"": {""bb_length"": 15, ""bb_mult"": 1.5, ""kc_length"": 15, ""kc_mult"": 1.2, ""min_sqz_bars"": 4}, ""r&s"": {""srb_left"": 10, ""srb_right"": 10}, ""atr"": {""atr_length"": 14, ""atr_mult"": 1.0}}",,,PROSHARES ULTRASHORT TECH,1WK,支撑释放,10.82-34.13-19.07-19.72-10.78,高-低-高-低,215.47%-44.13%-3.41%-45.36%,18.0,34.83
2026-10-05 00:00:00,Long,REW,9.79,-1.31%,8.48,mfa,参数一,"{""mfa"": {""mfa_all"": 26}}",200.0,-79.15,PROSHARES ULTRASHORT TECH,1WK,,,,,,
2026-10-05 00:00:00,Long,REW,9.79,-1.31%,8.48,mfa,参数二,"{""mfa"": {""mfa_all"": 26}}",200.0,-79.15,PROSHARES ULTRASHORT TECH,1WK,,,,,,
2026-10-05 00:00:00,Short,MTGP,41.92,-0.12%,42.54,sqz,参数一,"{""sqz"": {""bb_length"": 15, ""bb_mult"": 1.5, ""kc_length"": 15, ""kc_mult"": 1.2, ""min_sqz_bars"": 4}, ""r&s"": {""srb_left"": 10, ""srb_right"": 10}, ""atr"": {""atr_length"": 14, ""atr_mult"": 1.0}}",,,WISDOMTREE MTGE PLUS BOND,1WK,支撑释放,37.35-35.78-37.94-39.47-42.74,低-高-高-高,4.19%-6.04%-4.01%-8.29%,28.0,6.8
2026-10-05 00:00:00,Long,MTGP,41.92,-0.12%,41.32,mfa,参数一,"{""mfa"": {""mfa_all"": 5}}",200.0,3.62,WISDOMTREE MTGE PLUS BOND,1WK,,,,,,
2026-10-05 00:00:00,Short,MTGP,41.92,-0.12%,42.54,sqz,参数二,"{""sqz"": {""bb_length"": 20, ""bb_mult"": 1.8, ""kc_length"": 20, ""kc_mult"": 1.5, ""min_sqz_bars"": 4}, ""r&s"": {""srb_left"": 15, ""srb_right"": 15}, ""atr"": {""atr_length"": 14, ""atr_mult"": 1.0}}",,,WISDOMTREE MTGE PLUS BOND,1WK,支撑释放,nan-35.78-37.94-39.47-42.74,低-高-高-高,nan%-6.04%-4.01%-8.29%,28.0,6.8
2026-10-05 00:00:00,Long,MTGP,41.92,-0.12%,41.32,mfa,参数二,"{""mfa"": {""mfa_all"": 5}}",200.0,3.62,WISDOMTREE MTGE PLUS BOND,1WK,,,,,,
2026-10-05 00:00:00,Long,FHTX,2.0,-0.99%,1.08,mfa,参数一,"{""mfa"": {""mfa_all"": 3}}",200.0,-64.73,FOGHORN THERAPEUTICS INC,1WK,,,,,,
2026-10-05 00:00:00,Long,FHTX,2.0,-0.99%,1.08,mfa,参数二,"{""mfa"": {""mfa_all"": 3}}",200.0,-64.73,FOGHORN THERAPEUTICS INC,1WK,,,,,,
2026-10-05 00:00:00,Long,CIG,2.38,10.70%,2.22,utb,参数一,"{""utb"": {""key_value"": 2.5, ""atr_period"": 14, ""use_ha"": false}, ""r&s"": {""srb_left"": 10, ""srb_right"": 10}, ""atr"": {""atr_length"": 14, ""atr_mult"": 1.0}}",,,CIA ENERGETICA DE-SPON ADR,1WK,,,,,,
2026-10-05 00:00:00,Long,CIG,2.38,10.70%,2.22,utb,参数二,"{""utb"": {""key_value"": 3, ""atr_period"": 14, ""use_ha"": false}, ""r&s"": {""srb_left"": 15, ""srb_right"": 15}, ""atr"": {""atr_length"": 14, ""atr_mult"": 1.0}}",,,CIA ENERGETICA DE-SPON ADR,1WK,,,,,,
2026-10-05 00:00:00,Long,LBTYK,8.8,0.57%,8.05,mfa,参数一,"{""mfa"": {""mfa_all"": 12}}",200.0,-17.13,LIBERTY GLOBAL LTD-C,1WK,,,,,,
2026-10-05 00:00:00,Long,LBTYK,8.8,0.57%,8.05,mfa,参数二,"{""mfa"": {""mfa_all"": 12}}",200.0,-17.13,LIBERTY GLOBAL LTD-C,1WK,,,,,,
2026-10-05 00:00:00,Short,EPRF,15.69,-0.61%,15.97,sqz,参数二,"{""sqz"": {""bb_length"": 20, ""bb_mult"": 1.8, ""kc_length"": 20, ""kc_mult"": 1.5, ""min_sqz_bars"": 4}, ""r&s"": {""srb_left"": 15, ""srb_right"": 15}, ""atr"": {""atr_length"": 14, ""atr_mult"": 1.0}}",,,INNOVAT S&P INVEST GRD PREF,1WK,支撑释放,13.7-15.7-15.27-16.42-15.85,高-低-高-低,14.60%-2.73%-7.52%-3.46%,26.0,6.75
2026-10-05 00:00:00,Short,WGO,25.0,-4.94%,28.67,sqz,参数一,"{""sqz"": {""bb_length"": 15, ""bb_mult"": 1.5, ""kc_length"": 15, ""kc_mult"": 1.2, ""min_sqz_bars"": 4}, ""r&s"": {""srb_left"": 10, ""srb_right"": 10}, ""atr"": {""atr_length"": 14, ""atr_mult"": 1.0}}",,,WINNEBAGO INDUSTRIES,1WK,支撑释放,50.48-45.53-26.27-26.57-26.48,低-低-高-低,9.82%-42.29%-1.11%-0.34%,15.0,23.84
2026-10-05 00:00:00,Long,IBTO,22.91,-0.06%,22.65,mfa,参数一,"{""mfa"": {""mfa_all"": 5}}",200.0,,ISHARES IBONDS DEC 2033 TRES,1WK,,,,,,
2026-10-05 00:00:00,Long,IBTO,22.91,-0.06%,22.65,mfa,参数二,"{""mfa"": {""mfa_all"": 5}}",200.0,,ISHARES IBONDS DEC 2033 TRES,1WK,,,,,,
2026-10-05 00:00:00,Long,STLA,4.49,2.05%,3.89,mfa,参数一,"{""mfa"": {""mfa_all"": 16}}",200.0,-65.07,STELLANTIS NV,1WK,,,,,,
2026-10-05 00:00:00,Long,STLA,4.49,2.05%,3.89,mfa,参数二,"{""mfa"": {""mfa_all"": 16}}",200.0,-65.07,STELLANTIS NV,1WK,,,,,,
2026-10-05 00:00:00,Long,XAIR,2.84,0.71%,0.56,mfa,参数一,"{""mfa"": {""mfa_all"": 85}}",200.0,-99.53,BEYOND AIR INC,1WK,,,,,,
2026-10-05 00:00:00,Long,XAIR,2.84,0.71%,0.56,mfa,参数二,"{""mfa"": {""mfa_all"": 85}}",200.0,-99.53,BEYOND AIR INC,1WK,,,,,,
2026-10-05 00:00:00,Long,IMXI,11.78,2.35%,10.49,suf,参数一,"{""suf"": {""timeframe"": ""w""}}",200.0,-34.42,INTERNATIONAL MONEY EXPRESS,1WK,,,,,,
2026-10-05 00:00:00,Long,IMXI,11.78,2.35%,10.49,suf,参数二,"{""suf"": {""timeframe"": ""w""}}",200.0,-34.42,INTERNATIONAL MONEY EXPRESS,1WK,,,,,,
2026-10-05 00:00:00,Long,XFIV,46.56,-0.03%,46.12,mfa,参数一,"{""mfa"": {""mfa_all"": 5}}",200.0,2.59,BONDBLOXX BBG 5 YR US TREAS,1WK,,,,,,
2026-10-05 00:00:00,Long,XFIV,46.56,-0.03%,46.12,mfa,参数二,"{""mfa"": {""mfa_all"": 5}}",200.0,2.59,BONDBLOXX BBG 5 YR US TREAS,1WK,,,,,,
2026-10-05 00:00:00,Long,FINV,2.92,0.69%,2.51,mfa,参数一,"{""mfa"": {""mfa_all"": 7}}",200.0,-43.86,FINVOLUTION GROUP-ADR,1WK,,,,,,
2026-10-05 00:00:00,Long,FINV,2.92,0.69%,2.51,mfa,参数二,"{""mfa"": {""mfa_all"": 7}}",200.0,-43.86,FINVOLUTION GROUP-ADR,1WK,,,,,,
2026-10-05 00:00:00,Long,NAMM,1.25,-1.19%,0.71,mfa,参数一,"{""mfa"": {""mfa_all"": 4}}",200.0,,NAMIB MINERALS,1WK,,,,,,
2026-10-05 00:00:00,Long,NAMM,1.25,-1.19%,0.71,mfa,参数二,"{""mfa"": {""mfa_all"": 4}}",200.0,,NAMIB MINERALS,1WK,,,,,,
2026-10-05 00:00:00,Long,EHLD,13.92,17.57%,10.27,sqz,参数二,"{""sqz"": {""bb_length"": 20, ""bb_mult"": 1.8, ""kc_length"": 20, ""kc_mult"": 1.5, ""min_sqz_bars"": 4}, ""r&s"": {""srb_left"": 15, ""srb_right"": 15}, ""atr"": {""atr_length"": 14, ""atr_mult"": 1.0}}",,,EURO-HOLDINGS LTD,1WK,一直亮绿,nan-12.01,低,nan%,20.0,63.47
2026-10-05 00:00:00,Long,KWEB,24.56,2.93%,22.74,suf,参数一,"{""suf"": {""timeframe"": ""w""}}",200.0,-13.46,KRANESH CSI CHINA INTERNET,1WK,,,,,,
2026-10-05 00:00:00,Long,KWEB,24.56,2.93%,22.74,suf,参数二,"{""suf"": {""timeframe"": ""w""}}",200.0,-13.46,KRANESH CSI CHINA INTERNET,1WK,,,,,,
2026-10-05 00:00:00,Long,ZG,28.13,0.11%,24.01,mfa,参数一,"{""mfa"": {""mfa_all"": 43}}",200.0,-47.51,ZILLOW GROUP INC - A,1WK,,,,,,
2026-10-05 00:00:00,Long,ZG,28.13,0.11%,24.01,mfa,参数二,"{""mfa"": {""mfa_all"": 43}}",200.0,-47.51,ZILLOW GROUP INC - A,1WK,,,,,,
2026-10-05 00:00:00,Long,QFIN,6.55,1.47%,5.24,mfa,参数一,"{""mfa"": {""mfa_all"": 63}}",200.0,-66.04,QFIN HOLDINGS INC-ADR,1WK,,,,,,
2026-10-05 00:00:00,Long,QFIN,6.55,1.47%,5.24,mfa,参数二,"{""mfa"": {""mfa_all"": 63}}",200.0,-66.04,QFIN HOLDINGS INC-ADR,1WK,,,,,,
2026-10-05 00:00:00,Long,KLRS,2.83,4.81%,1.81,mfa,参数一,"{""mfa"": {""mfa_all"": 18}}",200.0,-90.59,KALARIS THERAPEUTICS INC,1WK,,,,,,
2026-10-05 00:00:00,Long,KLRS,2.83,4.81%,1.81,mfa,参数二,"{""mfa"": {""mfa_all"": 18}}",200.0,-90.59,KALARIS THERAPEUTICS INC,1WK,,,,,,
2026-10-05 00:00:00,Long,GCOR,39.07,-0.13%,38.63,mfa,参数一,"{""mfa"": {""mfa_all"": 5}}",200.0,2.78,GOLDMAN SACHS ACCESS US AGG,1WK,,,,,,
2026-10-05 00:00:00,Long,GCOR,39.07,-0.13%,38.63,mfa,参数二,"{""mfa"": {""mfa_all"": 5}}",200.0,2.78,GOLDMAN SACHS ACCESS US AGG,1WK,,,,,,
2026-10-05 00:00:00,Long,VIR,11.78,5.46%,9.81,sqz,参数二,"{""sqz"": {""bb_length"": 20, ""bb_mult"": 1.8, ""kc_length"": 20, ""kc_mult"": 1.5, ""min_sqz_bars"": 4}, ""r&s"": {""srb_left"": 15, ""srb_right"": 15}, ""atr"": {""atr_length"": 14, ""atr_mult"": 1.0}}",,,VIR BIOTECHNOLOGY INC,1WK,压力释放,nan-27.48-13.09-14.45-11.66,低-低-高-低,nan%-52.37%-10.39%-19.31%,24.0,42.89
2026-10-05 00:00:00,Long,FENY,35.01,1.07%,32.76,sqz,参数二,"{""sqz"": {""bb_length"": 20, ""bb_mult"": 1.8, ""kc_length"": 20, ""kc_mult"": 1.5, ""min_sqz_bars"": 4}, ""r&s"": {""srb_left"": 15, ""srb_right"": 15}, ""atr"": {""atr_length"": 14, ""atr_mult"": 1.0}}",,,FIDELITY MSCI ENERGY INDEX,1WK,一直亮绿,nan-23.56-25.19-25.52-34.81,低-高-高-高,nan%-6.94%-1.31%-36.40%,27.0,19.55
2026-10-05 00:00:00,Long,BYND,8.06,-2.30%,3.81,mfa,参数一,"{""mfa"": {""mfa_all"": 12}}",200.0,-95.54,BEYOND MEAT INC,1WK,,,,,,
2026-10-05 00:00:00,Long,BYND,8.06,-2.30%,3.81,mfa,参数二,"{""mfa"": {""mfa_all"": 12}}",200.0,-95.54,BEYOND MEAT INC,1WK,,,,,,
2026-10-05 00:00:00,Long,KORP,44.39,0.09%,43.84,mfa,参数一,"{""mfa"": {""mfa_all"": 3}}",200.0,4.86,AMERICAN CENTURY DIVERSIFIED,1WK,,,,,,
2026-10-05 00:00:00,Long,KORP,44.39,0.09%,43.84,mfa,参数二,"{""mfa"": {""mfa_all"": 3}}",200.0,4.86,AMERICAN CENTURY DIVERSIFIED,1WK,,,,,,
2026-10-05 00:00:00,Long,APMU,24.02,-0.05%,23.77,mfa,参数一,"{""mfa"": {""mfa_all"": 5}}",200.0,,ACTIVEPASSIVE INTERM MUNI BD,1WK,,,,,,
2026-10-05 00:00:00,Long,APMU,24.02,-0.05%,23.77,mfa,参数二,"{""mfa"": {""mfa_all"": 5}}",200.0,,ACTIVEPASSIVE INTERM MUNI BD,1WK,,,,,,
2026-10-05 00:00:00,Long,SPXC,176.8,2.14%,153.83,mfa,参数一,"{""mfa"": {""mfa_all"": 4}}",200.0,22.11,SPX TECHNOLOGIES INC,1WK,,,,,,
2026-10-05 00:00:00,Long,SPXC,176.8,2.14%,153.83,mfa,参数二,"{""mfa"": {""mfa_all"": 4}}",200.0,22.11,SPX TECHNOLOGIES INC,1WK,,,,,,
2026-10-05 00:00:00,Long,LMB,49.94,1.71%,40.3,suf,参数一,"{""suf"": {""timeframe"": ""w""}}",200.0,-22.05,LIMBACH HOLDINGS INC,1WK,,,,,,
2026-10-05 00:00:00,Long,LMB,49.94,1.71%,40.3,suf,参数二,"{""suf"": {""timeframe"": ""w""}}",200.0,-22.05,LIMBACH HOLDINGS INC,1WK,,,,,,
2026-10-05 00:00:00,Long,AIM,0.19,5.56%,0.01,mfa,参数一,"{""mfa"": {""mfa_all"": 151}}",200.0,-99.23,AIM IMMUNOTECH INC,1WK,,,,,,
2026-10-05 00:00:00,Long,AIM,0.19,5.56%,0.01,mfa,参数二,"{""mfa"": {""mfa_all"": 151}}",200.0,-99.23,AIM IMMUNOTECH INC,1WK,,,,,,
2026-10-05 00:00:00,Long,IMTB,41.19,-0.10%,40.66,mfa,参数一,"{""mfa"": {""mfa_all"": 10}}",200.0,3.86,ISHARES CORE 5-10 YEAR USD,1WK,,,,,,
2026-10-05 00:00:00,Long,IMTB,41.19,-0.10%,40.66,mfa,参数二,"{""mfa"": {""mfa_all"": 10}}",200.0,3.86,ISHARES CORE 5-10 YEAR USD,1WK,,,,,,
2026-10-05 00:00:00,Long,MMMA,23.94,0.34%,23.64,mfa,参数一,"{""mfa"": {""mfa_all"": 5}}",200.0,,NYLIM MACKAY MUNI ALLOCATION,1WK,,,,,,
2026-10-05 00:00:00,Long,MMMA,23.94,0.34%,23.64,mfa,参数二,"{""mfa"": {""mfa_all"": 5}}",200.0,,NYLIM MACKAY MUNI ALLOCATION,1WK,,,,,,
2026-10-05 00:00:00,Long,NCNA,1.06,-2.75%,0.27,mfa,参数一,"{""mfa"": {""mfa_all"": 37}}",200.0,-99.92,NUCANA PLC-ADR,1WK,,,,,,
2026-10-05 00:00:00,Long,NCNA,1.06,-2.75%,0.27,mfa,参数二,"{""mfa"": {""mfa_all"": 37}}",200.0,-99.92,NUCANA PLC-ADR,1WK,,,,,,
2026-10-05 00:00:00,Long,BMGL,3.17,-3.35%,1.3,mfa,参数一,"{""mfa"": {""mfa_all"": 19}}",200.0,,BASEL MEDICAL GROUP LTD,1WK,,,,,,
2026-10-05 00:00:00,Long,BMGL,3.17,-3.35%,1.3,mfa,参数二,"{""mfa"": {""mfa_all"": 19}}",200.0,,BASEL MEDICAL GROUP LTD,1WK,,,,,,
2026-10-05 00:00:00,Long,PHIN,60.18,0.67%,53.93,mfa,参数一,"{""mfa"": {""mfa_all"": 4}}",200.0,,PHINIA INC,1WK,,,,,,
2026-10-05 00:00:00,Long,PHIN,60.18,0.67%,53.93,mfa,参数二,"{""mfa"": {""mfa_all"": 4}}",200.0,,PHINIA INC,1WK,,,,,,
2026-10-05 00:00:00,Long,AUUD,1.33,9.92%,0.47,suf,参数一,"{""suf"": {""timeframe"": ""w""}}",200.0,-99.77,AUDDIA INC,1WK,,,,,,
2026-10-05 00:00:00,Long,AUUD,1.33,9.92%,0.47,suf,参数二,"{""suf"": {""timeframe"": ""w""}}",200.0,-99.77,AUDDIA INC,1WK,,,,,,
2026-10-05 00:00:00,Long,VALE,14.15,2.83%,12.95,mfa,参数一,"{""mfa"": {""mfa_all"": 3}}",200.0,28.4,VALE SA-SP ADR,1WK,,,,,,
2026-10-05 00:00:00,Long,VALE,14.15,2.83%,12.95,mfa,参数二,"{""mfa"": {""mfa_all"": 3}}",200.0,28.4,VALE SA-SP ADR,1WK,,,,,,
2026-10-05 00:00:00,Long,AOMR,7.25,-0.96%,6.84,mfa,参数一,"{""mfa"": {""mfa_all"": 3}}",200.0,0.04,ANGEL OAK MORTGAGE REIT INC,1WK,,,,,,
2026-10-05 00:00:00,Long,AOMR,7.25,-0.96%,6.84,mfa,参数二,"{""mfa"": {""mfa_all"": 3}}",200.0,0.04,ANGEL OAK MORTGAGE REIT INC,1WK,,,,,,
2026-10-05 00:00:00,Long,UFIV,46.51,0.01%,46.15,mfa,参数一,"{""mfa"": {""mfa_all"": 5}}",200.0,,F/M US TREASURY 5 YEAR NOTE,1WK,,,,,,
2026-10-05 00:00:00,Long,UFIV,46.51,0.01%,46.15,mfa,参数二,"{""mfa"": {""mfa_all"": 5}}",200.0,,F/M US TREASURY 5 YEAR NOTE,1WK,,,,,,
2026-10-05 00:00:00,Long,CCAP,9.02,0.00%,8.42,mfa,参数一,"{""mfa"": {""mfa_all"": 7}}",200.0,-24.97,CRESCENT CAPITAL BDC INC,1WK,,,,,,
2026-10-05 00:00:00,Long,CCAP,9.02,0.00%,8.42,mfa,参数二,"{""mfa"": {""mfa_all"": 7}}",200.0,-24.97,CRESCENT CAPITAL BDC INC,1WK,,,,,,
2026-10-05 00:00:00,Long,NIVF,0.11,-14.73%,-68.26,mfa,参数一,"{""mfa"": {""mfa_all"": 68}}",200.0,-100.0,NEWGENIVF GROUP LTD-A,1WK,,,,,,
2026-10-05 00:00:00,Long,NIVF,0.11,-14.73%,-68.26,mfa,参数二,"{""mfa"": {""mfa_all"": 68}}",200.0,-100.0,NEWGENIVF GROUP LTD-A,1WK,,,,,,
2026-10-05 00:00:00,Long,IBTL,19.42,0.05%,19.26,mfa,参数一,"{""mfa"": {""mfa_all"": 5}}",200.0,3.1,ISHARES IBONDS DEC 2031 TERM,1WK,,,,,,
2026-10-05 00:00:00,Long,IBTL,19.42,0.05%,19.26,mfa,参数二,"{""mfa"": {""mfa_all"": 5}}",200.0,3.1,ISHARES IBONDS DEC 2031 TERM,1WK,,,,,,
2026-10-05 00:00:00,Long,FLO,5.6,0.54%,4.8,mfa,参数一,"{""mfa"": {""mfa_all"": 95}}",200.0,-65.11,FLOWERS FOODS INC,1WK,,,,,,
2026-10-05 00:00:00,Long,FLO,5.6,0.54%,4.8,mfa,参数二,"{""mfa"": {""mfa_all"": 95}}",200.0,-65.11,FLOWERS FOODS INC,1WK,,,,,,
2026-10-05 00:00:00,Long,INMU,22.93,0.04%,22.62,mfa,参数一,"{""mfa"": {""mfa_all"": 5}}",200.0,3.48,ISHARES INTERMEDIATE MUNI IN,1WK,,,,,,
2026-10-05 00:00:00,Long,INMU,22.93,0.04%,22.62,mfa,参数二,"{""mfa"": {""mfa_all"": 5}}",200.0,3.48,ISHARES INTERMEDIATE MUNI IN,1WK,,,,,,
2026-10-05 00:00:00,Long,BILD,27.68,0.01%,27.21,mfa,参数一,"{""mfa"": {""mfa_all"": 3}}",200.0,,NOMURA GLOBAL LISTED INFRAST,1WK,,,,,,
2026-10-05 00:00:00,Long,BILD,27.68,0.01%,27.21,mfa,参数二,"{""mfa"": {""mfa_all"": 3}}",200.0,,NOMURA GLOBAL LISTED INFRAST,1WK,,,,,,
2026-10-05 00:00:00,Long,HDL,11.9,5.22%,11.14,mfa,参数一,"{""mfa"": {""mfa_all"": 50}}",200.0,,SUPER HI INTERNATIONAL HOLDI,1WK,,,,,,
2026-10-05 00:00:00,Long,HDL,11.9,5.22%,11.14,mfa,参数二,"{""mfa"": {""mfa_all"": 50}}",200.0,,SUPER HI INTERNATIONAL HOLDI,1WK,,,,,,
2026-10-05 00:00:00,Long,CHIQ,15.79,1.54%,14.77,suf,参数一,"{""suf"": {""timeframe"": ""w""}}",200.0,-15.99,GLOBAL X MSCI CHINA CONSUMER,1WK,,,,,,
2026-10-05 00:00:00,Long,CHIQ,15.79,1.54%,14.77,suf,参数二,"{""suf"": {""timeframe"": ""w""}}",200.0,-15.99,GLOBAL X MSCI CHINA CONSUMER,1WK,,,,,,
2026-10-05 00:00:00,Long,NRG,96.8,1.65%,82.68,mfa,参数一,"{""mfa"": {""mfa_all"": 28}}",200.0,4.18,NRG ENERGY INC,1WK,,,,,,
2026-10-05 00:00:00,Long,NRG,96.8,1.65%,82.68,mfa,参数二,"{""mfa"": {""mfa_all"": 28}}",200.0,4.18,NRG ENERGY INC,1WK,,,,,,
2026-10-05 00:00:00,Long,XXII,0.91,-0.22%,-319.76,mfa,参数一,"{""mfa"": {""mfa_all"": 187}}",200.0,-100.0,22ND CENTURY GROUP INC,1WK,,,,,,
2026-10-05 00:00:00,Long,XXII,0.91,-0.22%,-319.76,mfa,参数二,"{""mfa"": {""mfa_all"": 187}}",200.0,-100.0,22ND CENTURY GROUP INC,1WK,,,,,,
2026-10-05 00:00:00,Long,AAPG,14.6,-4.95%,12.6,mfa,参数一,"{""mfa"": {""mfa_all"": 38}}",200.0,,ASCENTAGE PHARMA GR-ADR,1WK,,,,,,
2026-10-05 00:00:00,Long,AAPG,14.6,-4.95%,12.6,mfa,参数二,"{""mfa"": {""mfa_all"": 38}}",200.0,,ASCENTAGE PHARMA GR-ADR,1WK,,,,,,
2026-10-05 00:00:00,Long,ARMP,3.66,3.98%,2.2,suf,参数一,"{""suf"": {""timeframe"": ""w""}}",200.0,2.72,ARMATA PHARMACEUTICALS INC,1WK,,,,,,
2026-10-05 00:00:00,Long,ARMP,3.66,3.98%,2.2,suf,参数二,"{""suf"": {""timeframe"": ""w""}}",200.0,2.72,ARMATA PHARMACEUTICALS INC,1WK,,,,,,
2026-10-05 00:00:00,Long,BNDW,65.7,-0.08%,65.09,mfa,参数一,"{""mfa"": {""mfa_all"": 5}}",200.0,3.47,VANGUARD TOTAL WORLD BOND ET,1WK,,,,,,
2026-10-05 00:00:00,Long,BNDW,65.7,-0.08%,65.09,mfa,参数二,"{""mfa"": {""mfa_all"": 5}}",200.0,3.47,VANGUARD TOTAL WORLD BOND ET,1WK,,,,,,
2026-10-05 00:00:00,Long,SBAC,161.82,2.10%,145.05,suf,参数一,"{""suf"": {""timeframe"": ""w""}}",200.0,-22.37,SBA COMMUNICATIONS CORP,1WK,,,,,,
2026-10-05 00:00:00,Long,SBAC,161.82,2.10%,145.05,suf,参数二,"{""suf"": {""timeframe"": ""w""}}",200.0,-22.37,SBA COMMUNICATIONS CORP,1WK,,,,,,
2026-10-05 00:00:00,Long,PUI,41.49,0.10%,40.19,mfa,参数一,"{""mfa"": {""mfa_all"": 6}}",200.0,11.29,INVESCO DORSEY WRIGHT UTILIT,1WK,,,,,,
2026-10-05 00:00:00,Long,PUI,41.49,0.10%,40.19,mfa,参数二,"{""mfa"": {""mfa_all"": 6}}",200.0,11.29,INVESCO DORSEY WRIGHT UTILIT,1WK,,,,,,
2026-10-05 00:00:00,Long,ASTE,41.6,-0.95%,36.65,mfa,参数一,"{""mfa"": {""mfa_all"": 9}}",200.0,1.87,ASTEC INDUSTRIES INC,1WK,,,,,,
2026-10-05 00:00:00,Long,ASTE,41.6,-0.95%,36.65,mfa,参数二,"{""mfa"": {""mfa_all"": 9}}",200.0,1.87,ASTEC INDUSTRIES INC,1WK,,,,,,
2026-10-05 00:00:00,Long,MAT,16.05,5.11%,13.52,utb,参数一,"{""utb"": {""key_value"": 2.5, ""atr_period"": 14, ""use_ha"": false}, ""r&s"": {""srb_left"": 10, ""srb_right"": 10}, ""atr"": {""atr_length"": 14, ""atr_mult"": 1.0}}",,,MATTEL INC,1WK,,,,,,
2026-10-05 00:00:00,Long,FWRG,10.51,-0.57%,8.83,mfa,参数一,"{""mfa"": {""mfa_all"": 4}}",200.0,-37.7,FIRST WATCH RESTAURANT GROUP,1WK,,,,,,
2026-10-05 00:00:00,Long,FWRG,10.51,-0.57%,8.83,mfa,参数二,"{""mfa"": {""mfa_all"": 4}}",200.0,-37.7,FIRST WATCH RESTAURANT GROUP,1WK,,,,,,
2026-10-05 00:00:00,Long,BSMT,22.32,0.09%,22.07,mfa,参数一,"{""mfa"": {""mfa_all"": 5}}",200.0,2.21,INVESCO BULLETSHARES 2029 MB,1WK,,,,,,
2026-10-05 00:00:00,Long,BSMT,22.32,0.09%,22.07,mfa,参数二,"{""mfa"": {""mfa_all"": 5}}",200.0,2.21,INVESCO BULLETSHARES 2029 MB,1WK,,,,,,
2026-10-05 00:00:00,Short,SDCP,25.08,-0.06%,25.17,utb,参数二,"{""utb"": {""key_value"": 3, ""atr_period"": 14, ""use_ha"": false}, ""r&s"": {""srb_left"": 15, ""srb_right"": 15}, ""atr"": {""atr_length"": 14, ""atr_mult"": 1.0}}",,,VIRTUS NEWFLEET SD,1WK,,,,,,
2026-10-05 00:00:00,Long,FLCO,20.24,-0.02%,19.98,mfa,参数一,"{""mfa"": {""mfa_all"": 5}}",200.0,3.28,FRANKLIN INVESTMENT GRADE CO,1WK,,,,,,
2026-10-05 00:00:00,Long,FLCO,20.24,-0.02%,19.98,mfa,参数二,"{""mfa"": {""mfa_all"": 5}}",200.0,3.28,FRANKLIN INVESTMENT GRADE CO,1WK,,,,,,
2026-10-05 00:00:00,Short,PARA,0.59,13.60%,3.07,sqz,参数一,"{""sqz"": {""bb_length"": 15, ""bb_mult"": 1.5, ""kc_length"": 15, ""kc_mult"": 1.2, ""min_sqz_bars"": 4}, ""r&s"": {""srb_left"": 10, ""srb_right"": 10}, ""atr"": {""atr_length"": 14, ""atr_mult"": 1.0}}",,,BANZAI INTERNATIONAL INC,1WK,一直释放,nan-76178.36-120.15-18.32,低-低-低,nan%-99.84%-84.75%,40.0,113.97
2026-10-05 00:00:00,Long,GGME,66.54,0.94%,64.53,sqz,参数一,"{""sqz"": {""bb_length"": 15, ""bb_mult"": 1.5, ""kc_length"": 15, ""kc_mult"": 1.2, ""min_sqz_bars"": 4}, ""r&s"": {""srb_left"": 10, ""srb_right"": 10}, ""atr"": {""atr_length"": 14, ""atr_mult"": 1.0}}",,,INVESCO NEXT GEN MEDIA AND G,1WK,一直亮绿,nan-37.0-58.95-66.13,低-高-高,nan%-59.32%-12.18%,49.0,35.01
2026-10-05 00:00:00,Long,ESLA,0.44,-5.98%,0.25,mfa,参数一,"{""mfa"": {""mfa_all"": 16}}",200.0,-86.01,ESTRELLA IMMUNOPHARMA INC,1WK,,,,,,
2026-10-05 00:00:00,Long,ESLA,0.44,-5.98%,0.25,mfa,参数二,"{""mfa"": {""mfa_all"": 16}}",200.0,-86.01,ESTRELLA IMMUNOPHARMA INC,1WK,,,,,,
2026-10-05 00:00:00,Long,VIVK,4.84,4.22%,-491.81,mfa,参数一,"{""mfa"": {""mfa_all"": 19}}",200.0,-99.99,VIVAKOR INC,1WK,,,,,,
2026-10-05 00:00:00,Long,VIVK,4.84,4.22%,-491.81,mfa,参数二,"{""mfa"": {""mfa_all"": 19}}",200.0,-99.99,VIVAKOR INC,1WK,,,,,,
2026-10-05 00:00:00,Long,MATW,19.33,0.21%,17.14,mfa,参数一,"{""mfa"": {""mfa_all"": 10}}",200.0,-28.24,MATTHEWS INTL CORP-CLASS A,1WK,,,,,,
2026-10-05 00:00:00,Long,MATW,19.33,0.21%,17.14,mfa,参数二,"{""mfa"": {""mfa_all"": 10}}",200.0,-28.24,MATTHEWS INTL CORP-CLASS A,1WK,,,,,,
2026-10-05 00:00:00,Long,FBGL,3.55,-6.82%,2.06,mfa,参数一,"{""mfa"": {""mfa_all"": 3}}",200.0,,FBS GLOBAL LTD,1WK,,,,,,
2026-10-05 00:00:00,Long,FBGL,3.55,-6.82%,2.06,mfa,参数二,"{""mfa"": {""mfa_all"": 3}}",200.0,,FBS GLOBAL LTD,1WK,,,,,,
2026-10-05 00:00:00,Long,LBTYA,8.99,0.78%,8.19,mfa,参数一,"{""mfa"": {""mfa_all"": 12}}",200.0,-12.78,LIBERTY GLOBAL LTD-A,1WK,,,,,,
2026-10-05 00:00:00,Long,LBTYA,8.99,0.78%,8.19,mfa,参数二,"{""mfa"": {""mfa_all"": 12}}",200.0,-12.78,LIBERTY GLOBAL LTD-A,1WK,,,,,,
2026-10-05 00:00:00,Long,PSQL,6.19,2.31%,4.18,mfa,参数一,"{""mfa"": {""mfa_all"": 8}}",200.0,,PASQAL HOLDING SA,1WK,,,,,,
2026-10-05 00:00:00,Long,PSQL,6.19,2.31%,4.18,mfa,参数二,"{""mfa"": {""mfa_all"": 8}}",200.0,,PASQAL HOLDING SA,1WK,,,,,,
2026-10-05 00:00:00,Long,QMAR,38.65,0.23%,38.18,sqz,参数二,"{""sqz"": {""bb_length"": 20, ""bb_mult"": 1.8, ""kc_length"": 20, ""kc_mult"": 1.5, ""min_sqz_bars"": 4}, ""r&s"": {""srb_left"": 15, ""srb_right"": 15}, ""atr"": {""atr_length"": 14, ""atr_mult"": 1.0}}",,,FT VEST NASDAQ-100 BUFFER ET,1WK,一直释放,nan-30.96,低,nan%,85.0,21.2
2026-10-05 00:00:00,Long,PEG,68.68,0.90%,64.55,mfa,参数一,"{""mfa"": {""mfa_all"": 22}}",200.0,-1.55,PUBLIC SERVICE ENTERPRISE GP,1WK,,,,,,
2026-10-05 00:00:00,Long,PEG,68.68,0.90%,64.55,mfa,参数二,"{""mfa"": {""mfa_all"": 22}}",200.0,-1.55,PUBLIC SERVICE ENTERPRISE GP,1WK,,,,,,
2026-10-05 00:00:00,Long,OTIS,65.88,2.86%,60.33,mfa,参数一,"{""mfa"": {""mfa_all"": 5}}",200.0,-22.6,OTIS WORLDWIDE CORP,1WK,,,,,,
2026-10-05 00:00:00,Long,OTIS,65.88,2.86%,60.33,mfa,参数二,"{""mfa"": {""mfa_all"": 5}}",200.0,-22.6,OTIS WORLDWIDE CORP,1WK,,,,,,
2026-10-05 00:00:00,Short,HSY,161.01,0.51%,172.45,sqz,参数一,"{""sqz"": {""bb_length"": 15, ""bb_mult"": 1.5, ""kc_length"": 15, ""kc_mult"": 1.2, ""min_sqz_bars"": 4}, ""r&s"": {""srb_left"": 10, ""srb_right"": 10}, ""atr"": {""atr_length"": 14, ""atr_mult"": 1.0}}",,,HERSHEY CO/THE,1WK,支撑释放,167.23-132.72-144.54-156.7-166.46,低-高-高-高,20.63%-8.90%-8.42%-6.23%,15.0,14.42
2026-10-05 00:00:00,Long,HSY,161.01,0.51%,149.62,mfa,参数一,"{""mfa"": {""mfa_all"": 3}}",200.0,-12.96,HERSHEY CO/THE,1WK,,,,,,
2026-10-05 00:00:00,Long,HSY,161.01,0.51%,149.62,mfa,参数二,"{""mfa"": {""mfa_all"": 3}}",200.0,-12.96,HERSHEY CO/THE,1WK,,,,,,
2026-10-05 00:00:00,Long,AGBK,6.74,23.44%,5.22,mfa,参数一,"{""mfa"": {""mfa_all"": 31}}",200.0,,AGI INC-CL A,1WK,,,,,,
2026-10-05 00:00:00,Long,AGBK,6.74,23.44%,5.22,mfa,参数二,"{""mfa"": {""mfa_all"": 31}}",200.0,,AGI INC-CL A,1WK,,,,,,
2026-10-05 00:00:00,Long,KRYP,24.75,2.36%,23.16,sqz,参数一,"{""sqz"": {""bb_length"": 15, ""bb_mult"": 1.5, ""kc_length"": 15, ""kc_mult"": 1.2, ""min_sqz_bars"": 4}, ""r&s"": {""srb_left"": 10, ""srb_right"": 10}, ""atr"": {""atr_length"": 14, ""atr_mult"": 1.0}}",,,PROSHARES COINDESK 20 CRYPTO,1WK,一直亮绿,nan-24.44,低,nan%,24.0,50.73
2026-10-05 00:00:00,Long,JMTG,48.07,-0.04%,47.58,mfa,参数一,"{""mfa"": {""mfa_all"": 5}}",200.0,,MORTGAGE-BACKED SECURITIES,1WK,,,,,,
2026-10-05 00:00:00,Long,JMTG,48.07,-0.04%,47.58,mfa,参数二,"{""mfa"": {""mfa_all"": 5}}",200.0,,MORTGAGE-BACKED SECURITIES,1WK,,,,,,
2026-10-05 00:00:00,Long,FLUT,75.73,1.23%,64.04,mfa,参数一,"{""mfa"": {""mfa_all"": 48}}",200.0,-60.85,FLUTTER ENTERTAINMENT PLC-DI,1WK,,,,,,
2026-10-05 00:00:00,Long,FLUT,75.73,1.23%,64.04,mfa,参数二,"{""mfa"": {""mfa_all"": 48}}",200.0,-60.85,FLUTTER ENTERTAINMENT PLC-DI,1WK,,,,,,
2026-10-05 00:00:00,Long,HRTX,0.37,5.71%,0.25,suf,参数一,"{""suf"": {""timeframe"": ""w""}}",200.0,-78.22,HERON THERAPEUTICS INC,1WK,,,,,,
2026-10-05 00:00:00,Long,HRTX,0.37,5.71%,0.25,suf,参数二,"{""suf"": {""timeframe"": ""w""}}",200.0,-78.22,HERON THERAPEUTICS INC,1WK,,,,,,
2026-10-05 00:00:00,Long,BAK,1.61,3.87%,1.16,suf,参数一,"{""suf"": {""timeframe"": ""w""}}",200.0,-72.08,BRASKEM SA-CLASS A- ADR,1WK,,,,,,
2026-10-05 00:00:00,Long,BAK,1.61,3.87%,1.16,suf,参数二,"{""suf"": {""timeframe"": ""w""}}",200.0,-72.08,BRASKEM SA-CLASS A- ADR,1WK,,,,,,
2026-10-05 00:00:00,Long,SPSK,17.39,0.12%,17.2,mfa,参数一,"{""mfa"": {""mfa_all"": 3}}",200.0,3.33,SP FUNDS DOW JONES GLOBAL SU,1WK,,,,,,
2026-10-05 00:00:00,Long,SPSK,17.39,0.12%,17.2,mfa,参数二,"{""mfa"": {""mfa_all"": 3}}",200.0,3.33,SP FUNDS DOW JONES GLOBAL SU,1WK,,,,,,
2026-10-05 00:00:00,Long,MYCL,23.53,0.17%,23.35,mfa,参数一,"{""mfa"": {""mfa_all"": 5}}",200.0,,STATE STREET MY2032 CORPORAT,1WK,,,,,,
2026-10-05 00:00:00,Long,MYCL,23.53,0.17%,23.35,mfa,参数二,"{""mfa"": {""mfa_all"": 5}}",200.0,,STATE STREET MY2032 CORPORAT,1WK,,,,,,
2026-10-05 00:00:00,Long,RETO,1.95,25.81%,-41.71,mfa,参数一,"{""mfa"": {""mfa_all"": 50}}",200.0,-99.99,RETO ECO-SOLUTIONS INC-A,1WK,,,,,,
2026-10-05 00:00:00,Long,RETO,1.95,25.81%,-41.71,mfa,参数二,"{""mfa"": {""mfa_all"": 50}}",200.0,-99.99,RETO ECO-SOLUTIONS INC-A,1WK,,,,,,
2026-10-05 00:00:00,Short,CAG,13.19,-1.27%,14.46,utb,参数二,"{""utb"": {""key_value"": 3, ""atr_period"": 14, ""use_ha"": false}, ""r&s"": {""srb_left"": 15, ""srb_right"": 15}, ""atr"": {""atr_length"": 14, ""atr_mult"": 1.0}}",,,CONAGRA BRANDS INC,1WK,,,,,,
2026-10-05 00:00:00,Long,DOUG,1.56,0.65%,1.34,mfa,参数一,"{""mfa"": {""mfa_all"": 3}}",200.0,-29.79,DOUGLAS ELLIMAN INC,1WK,,,,,,
2026-10-05 00:00:00,Long,DOUG,1.56,0.65%,1.34,mfa,参数二,"{""mfa"": {""mfa_all"": 3}}",200.0,-29.79,DOUGLAS ELLIMAN INC,1WK,,,,,,
2026-10-05 00:00:00,Long,TSM,485.8,2.75%,447.97,sqz,参数一,"{""sqz"": {""bb_length"": 15, ""bb_mult"": 1.5, ""kc_length"": 15, ""kc_mult"": 1.2, ""min_sqz_bars"": 4}, ""r&s"": {""srb_left"": 10, ""srb_right"": 10}, ""atr"": {""atr_length"": 14, ""atr_mult"": 1.0}}",,,TAIWAN SEMICONDUCTOR-SP ADR,1WK,压力释放,152.91-188.11-207.48-221.65-477.72,高-高-高-高,23.02%-10.29%-6.83%-115.53%,14.0,28.51
2026-10-05 00:00:00,Long,HMR,1.72,2.99%,1.43,sqz,参数一,"{""sqz"": {""bb_length"": 15, ""bb_mult"": 1.5, ""kc_length"": 15, ""kc_mult"": 1.2, ""min_sqz_bars"": 4}, ""r&s"": {""srb_left"": 10, ""srb_right"": 10}, ""atr"": {""atr_length"": 14, ""atr_mult"": 1.0}}",,,HEIDMAR MARITIME HOLDINGS CO,1WK,一直亮绿,nan-1.24-1.71,低-高,nan%-37.90%,19.0,71.0
2026-10-05 00:00:00,Long,HMR,1.72,2.99%,1.43,sqz,参数二,"{""sqz"": {""bb_length"": 20, ""bb_mult"": 1.8, ""kc_length"": 20, ""kc_mult"": 1.5, ""min_sqz_bars"": 4}, ""r&s"": {""srb_left"": 15, ""srb_right"": 15}, ""atr"": {""atr_length"": 14, ""atr_mult"": 1.0}}",,,HEIDMAR MARITIME HOLDINGS CO,1WK,压力释放,nan-1.71,低,nan%,19.0,71.0
2026-10-05 00:00:00,Long,SUPV,7.36,7.29%,6.06,mfa,参数一,"{""mfa"": {""mfa_all"": 3}}",200.0,-1.64,GRUPO SUPERVIELLE SA-SP ADR,1WK,,,,,,
2026-10-05 00:00:00,Long,SUPV,7.36,7.29%,6.06,mfa,参数二,"{""mfa"": {""mfa_all"": 3}}",200.0,-1.64,GRUPO SUPERVIELLE SA-SP ADR,1WK,,,,,,
2026-10-05 00:00:00,Long,ENHA,1.45,-1.36%,0.4,mfa,参数一,"{""mfa"": {""mfa_all"": 9}}",200.0,,ENHANCED GROUP INC,1WK,,,,,,
2026-10-05 00:00:00,Long,ENHA,1.45,-1.36%,0.4,mfa,参数二,"{""mfa"": {""mfa_all"": 9}}",200.0,,ENHANCED GROUP INC,1WK,,,,,,
2026-10-05 00:00:00,Long,ODYS,2.78,-1.07%,2.01,mfa,参数一,"{""mfa"": {""mfa_all"": 3}}",200.0,-42.29,ODYSIGHT.AI INC,1WK,,,,,,
2026-10-05 00:00:00,Long,ODYS,2.78,-1.07%,2.01,mfa,参数二,"{""mfa"": {""mfa_all"": 3}}",200.0,-42.29,ODYSIGHT.AI INC,1WK,,,,,,
2026-10-05 00:00:00,Long,ONEQ,108.34,1.15%,103.95,sqz,参数一,"{""sqz"": {""bb_length"": 15, ""bb_mult"": 1.5, ""kc_length"": 15, ""kc_mult"": 1.2, ""min_sqz_bars"": 4}, ""r&s"": {""srb_left"": 10, ""srb_right"": 10}, ""atr"": {""atr_length"": 14, ""atr_mult"": 1.0}}",,,FIDELITY NASDAQ COMP INDX,1WK,压力释放,72.59-78.98-93.98-94.0-106.81,高-高-高-高,8.80%-19.00%-0.01%-13.63%,18.0,11.14
2026-10-05 00:00:00,Short,AVLN,27.03,-3.91%,32.64,utb,参数一,"{""utb"": {""key_value"": 2.5, ""atr_period"": 14, ""use_ha"": false}, ""r&s"": {""srb_left"": 10, ""srb_right"": 10}, ""atr"": {""atr_length"": 14, ""atr_mult"": 1.0}}",,,AVALYN PHARMA INC,1WK,,,,,,
2026-10-05 00:00:00,Long,IGLB,45.4,-0.13%,44.37,mfa,参数一,"{""mfa"": {""mfa_all"": 11}}",200.0,-0.4,ISHARES 10+ YEAR INV GR CORP,1WK,,,,,,
2026-10-05 00:00:00,Long,IGLB,45.4,-0.13%,44.37,mfa,参数二,"{""mfa"": {""mfa_all"": 11}}",200.0,-0.4,ISHARES 10+ YEAR INV GR CORP,1WK,,,,,,
2026-10-05 00:00:00,Long,MLM,485.5,0.67%,444.03,mfa,参数一,"{""mfa"": {""mfa_all"": 30}}",200.0,-6.45,MARTIN MARIETTA MATERIALS,1WK,,,,,,
2026-10-05 00:00:00,Long,MLM,485.5,0.67%,444.03,mfa,参数二,"{""mfa"": {""mfa_all"": 30}}",200.0,-6.45,MARTIN MARIETTA MATERIALS,1WK,,,,,,
2026-10-05 00:00:00,Long,NAII,1.43,-3.38%,1.11,mfa,参数一,"{""mfa"": {""mfa_all"": 14}}",200.0,-71.44,NATURAL ALTERNATIVES INTL,1WK,,,,,,
2026-10-05 00:00:00,Long,NAII,1.43,-3.38%,1.11,mfa,参数二,"{""mfa"": {""mfa_all"": 14}}",200.0,-71.44,NATURAL ALTERNATIVES INTL,1WK,,,,,,
2026-10-05 00:00:00,Long,MMCA,20.59,-0.24%,20.36,mfa,参数一,"{""mfa"": {""mfa_all"": 5}}",200.0,2.2,NYLIM MACKAY CALIFORNIA MUNI,1WK,,,,,,
2026-10-05 00:00:00,Long,MMCA,20.59,-0.24%,20.36,mfa,参数二,"{""mfa"": {""mfa_all"": 5}}",200.0,2.2,NYLIM MACKAY CALIFORNIA MUNI,1WK,,,,,,
2026-10-05 00:00:00,Long,BOEU,25.19,-1.06%,20.98,mfa,参数一,"{""mfa"": {""mfa_all"": 4}}",200.0,,DIREXION DAILY BA BULL 2X ET,1WK,,,,,,
2026-10-05 00:00:00,Long,BOEU,25.19,-1.06%,20.98,mfa,参数二,"{""mfa"": {""mfa_all"": 4}}",200.0,,DIREXION DAILY BA BULL 2X ET,1WK,,,,,,
2026-10-05 00:00:00,Long,IGF,62.01,0.40%,60.15,mfa,参数一,"{""mfa"": {""mfa_all"": 4}}",200.0,20.2,ISHARES GLOBAL INFRASTRUCTUR,1WK,,,,,,
2026-10-05 00:00:00,Long,IGF,62.01,0.40%,60.15,mfa,参数二,"{""mfa"": {""mfa_all"": 4}}",200.0,20.2,ISHARES GLOBAL INFRASTRUCTUR,1WK,,,,,,
2026-10-05 00:00:00,Long,BIV,72.59,-0.03%,71.76,mfa,参数一,"{""mfa"": {""mfa_all"": 5}}",200.0,3.23,VANGUARD INTERMEDIATE-TERM B,1WK,,,,,,
2026-10-05 00:00:00,Long,BIV,72.59,-0.03%,71.76,mfa,参数二,"{""mfa"": {""mfa_all"": 5}}",200.0,3.23,VANGUARD INTERMEDIATE-TERM B,1WK,,,,,,
2026-10-05 00:00:00,Short,DKNG,19.6,5.43%,22.96,sqz,参数一,"{""sqz"": {""bb_length"": 15, ""bb_mult"": 1.5, ""kc_length"": 15, ""kc_mult"": 1.2, ""min_sqz_bars"": 4}, ""r&s"": {""srb_left"": 10, ""srb_right"": 10}, ""atr"": {""atr_length"": 14, ""atr_mult"": 1.0}}",,,DRAFTKINGS INC-CL A,1WK,支撑释放,nan-28.69-29.64-26.23-20.46,低-高-低-低,nan%-3.31%-11.50%-22.00%,27.0,47.26
2026-10-05 00:00:00,Long,DKNG,19.6,5.43%,16.22,mfa,参数一,"{""mfa"": {""mfa_all"": 3}}",200.0,-39.42,DRAFTKINGS INC-CL A,1WK,,,,,,
2026-10-05 00:00:00,Long,DKNG,19.6,5.43%,16.22,suf,参数一,"{""suf"": {""timeframe"": ""w""}}",200.0,-39.42,DRAFTKINGS INC-CL A,1WK,,,,,,
2026-10-05 00:00:00,Short,DKNG,19.6,5.43%,22.96,sqz,参数二,"{""sqz"": {""bb_length"": 20, ""bb_mult"": 1.8, ""kc_length"": 20, ""kc_mult"": 1.5, ""min_sqz_bars"": 4}, ""r&s"": {""srb_left"": 15, ""srb_right"": 15}, ""atr"": {""atr_length"": 14, ""atr_mult"": 1.0}}",,,DRAFTKINGS INC-CL A,1WK,支撑释放,nan-28.69-29.64-20.46,低-高-低,nan%-3.31%-30.97%,27.0,47.26
2026-10-05 00:00:00,Long,DKNG,19.6,5.43%,16.22,mfa,参数二,"{""mfa"": {""mfa_all"": 3}}",200.0,-39.42,DRAFTKINGS INC-CL A,1WK,,,,,,
2026-10-05 00:00:00,Long,DKNG,19.6,5.43%,16.22,suf,参数二,"{""suf"": {""timeframe"": ""w""}}",200.0,-39.42,DRAFTKINGS INC-CL A,1WK,,,,,,
2026-10-05 00:00:00,Long,REZI,18.56,1.14%,15.93,mfa,参数一,"{""mfa"": {""mfa_all"": 5}}",200.0,11.12,RESIDEO TECHNOLOGIES INC,1WK,,,,,,
2026-10-05 00:00:00,Long,REZI,18.56,1.14%,15.93,mfa,参数二,"{""mfa"": {""mfa_all"": 5}}",200.0,11.12,RESIDEO TECHNOLOGIES INC,1WK,,,,,,
2026-10-05 00:00:00,Long,TYGO,0.86,-0.46%,0.45,mfa,参数一,"{""mfa"": {""mfa_all"": 10}}",200.0,-78.64,TIGO ENERGY INC,1WK,,,,,,
2026-10-05 00:00:00,Long,TYGO,0.86,-0.46%,0.45,mfa,参数二,"{""mfa"": {""mfa_all"": 10}}",200.0,-78.64,TIGO ENERGY INC,1WK,,,,,,
2026-10-05 00:00:00,Short,COGT,30.87,-0.48%,34.46,sqz,参数一,"{""sqz"": {""bb_length"": 15, ""bb_mult"": 1.5, ""kc_length"": 15, ""kc_mult"": 1.2, ""min_sqz_bars"": 4}, ""r&s"": {""srb_left"": 10, ""srb_right"": 10}, ""atr"": {""atr_length"": 14, ""atr_mult"": 1.0}}",,,COGENT BIOSCIENCES INC,1WK,一直亮红,nan-9.65-3.67-3.72-30.87,低-低-高-高,nan%-61.97%-1.36%-729.84%,20.0,40.56
2026-10-05 00:00:00,Long,FTRB,23.93,-0.04%,23.65,mfa,参数一,"{""mfa"": {""mfa_all"": 4}}",200.0,,FED HERMES TTL RTRN BND,1WK,,,,,,
2026-10-05 00:00:00,Long,FTRB,23.93,-0.04%,23.65,mfa,参数二,"{""mfa"": {""mfa_all"": 4}}",200.0,,FED HERMES TTL RTRN BND,1WK,,,,,,
2026-10-05 00:00:00,Long,RKDA,0.29,-0.35%,0.04,mfa,参数一,"{""mfa"": {""mfa_all"": 42}}",200.0,-92.35,ARCADIA BIOSCIENCES INC,1WK,,,,,,
2026-10-05 00:00:00,Long,RKDA,0.29,-0.35%,0.04,mfa,参数二,"{""mfa"": {""mfa_all"": 42}}",200.0,-92.35,ARCADIA BIOSCIENCES INC,1WK,,,,,,
2026-10-05 00:00:00,Long,DBND,43.29,-0.08%,42.87,mfa,参数一,"{""mfa"": {""mfa_all"": 5}}",200.0,3.65,DOUBLELINE OPPOR COR BND-USD,1WK,,,,,,
2026-10-05 00:00:00,Long,DBND,43.29,-0.08%,42.87,mfa,参数二,"{""mfa"": {""mfa_all"": 5}}",200.0,3.65,DOUBLELINE OPPOR COR BND-USD,1WK,,,,,,
2026-10-05 00:00:00,Long,PBD,16.97,-0.82%,16.06,mfa,参数一,"{""mfa"": {""mfa_all"": 3}}",200.0,13.1,INVESCO GLOBAL CLEAN ENERGY,1WK,,,,,,
2026-10-05 00:00:00,Long,PBD,16.97,-0.82%,16.06,mfa,参数二,"{""mfa"": {""mfa_all"": 3}}",200.0,13.1,INVESCO GLOBAL CLEAN ENERGY,1WK,,,,,,
2026-10-05 00:00:00,Long,GOW,4.33,11.89%,2.17,mfa,参数一,"{""mfa"": {""mfa_all"": 6}}",200.0,,GOWELL ENERGY TECHNOLOGY,1WK,,,,,,
2026-10-05 00:00:00,Long,GOW,4.33,11.89%,2.17,mfa,参数二,"{""mfa"": {""mfa_all"": 6}}",200.0,,GOWELL ENERGY TECHNOLOGY,1WK,,,,,,
2026-10-05 00:00:00,Long,EIX,54.24,0.65%,48.34,mfa,参数一,"{""mfa"": {""mfa_all"": 6}}",200.0,-11.73,EDISON INTERNATIONAL,1WK,,,,,,
2026-10-05 00:00:00,Long,EIX,54.24,0.65%,48.34,mfa,参数二,"{""mfa"": {""mfa_all"": 6}}",200.0,-11.73,EDISON INTERNATIONAL,1WK,,,,,,
2026-10-05 00:00:00,Short,PAVM,2.66,-7.32%,4.07,sqz,参数一,"{""sqz"": {""bb_length"": 15, ""bb_mult"": 1.5, ""kc_length"": 15, ""kc_mult"": 1.2, ""min_sqz_bars"": 4}, ""r&s"": {""srb_left"": 10, ""srb_right"": 10}, ""atr"": {""atr_length"": 14, ""atr_mult"": 1.0}}",,,PAVMED INC,1WK,支撑释放,17.16-16.5-9.12-6.0-3.85,低-低-低-低,3.85%-44.73%-34.21%-35.83%,16.0,72.73
2026-10-05 00:00:00,Long,JAGU,1.17,-1.68%,0.7,mfa,参数一,"{""mfa"": {""mfa_all"": 16}}",200.0,,JAGUAR URANIUM CORP-CL A,1WK,,,,,,
2026-10-05 00:00:00,Long,JAGU,1.17,-1.68%,0.7,mfa,参数二,"{""mfa"": {""mfa_all"": 16}}",200.0,,JAGUAR URANIUM CORP-CL A,1WK,,,,,,
2026-10-05 00:00:00,Long,JBSS,68.03,-0.72%,62.97,mfa,参数一,"{""mfa"": {""mfa_all"": 5}}",200.0,-14.1,JOHN B. SANFILIPPO & SON INC,1WK,,,,,,
2026-10-05 00:00:00,Long,JBSS,68.03,-0.72%,62.97,mfa,参数二,"{""mfa"": {""mfa_all"": 5}}",200.0,-14.1,JOHN B. SANFILIPPO & SON INC,1WK,,,,,,
2026-10-05 00:00:00,Long,IMA,4.7,2.17%,3.98,suf,参数一,"{""suf"": {""timeframe"": ""w""}}",200.0,-80.24,IMAGENEBIO INC,1WK,,,,,,
2026-10-05 00:00:00,Long,IMA,4.7,2.17%,3.98,suf,参数二,"{""suf"": {""timeframe"": ""w""}}",200.0,-80.24,IMAGENEBIO INC,1WK,,,,,,
2026-10-05 00:00:00,Long,RSPU,70.95,0.28%,67.89,mfa,参数一,"{""mfa"": {""mfa_all"": 4}}",200.0,12.88,INVESCO S&P 500 EQUAL WEIGHT,1WK,,,,,,
2026-10-05 00:00:00,Long,RSPU,70.95,0.28%,67.89,mfa,参数二,"{""mfa"": {""mfa_all"": 4}}",200.0,12.88,INVESCO S&P 500 EQUAL WEIGHT,1WK,,,,,,
2026-10-05 00:00:00,Long,IZEA,2.43,-0.82%,2.13,mfa,参数一,"{""mfa"": {""mfa_all"": 12}}",200.0,-16.2,IZEA WORLDWIDE INC,1WK,,,,,,
2026-10-05 00:00:00,Long,IZEA,2.43,-0.82%,2.13,mfa,参数二,"{""mfa"": {""mfa_all"": 12}}",200.0,-16.2,IZEA WORLDWIDE INC,1WK,,,,,,
2026-10-05 00:00:00,Long,ARR,13.53,-0.44%,12.77,mfa,参数一,"{""mfa"": {""mfa_all"": 3}}",200.0,-3.57,ARMOUR RESIDENTIAL REIT INC,1WK,,,,,,
2026-10-05 00:00:00,Long,ARR,13.53,-0.44%,12.77,mfa,参数二,"{""mfa"": {""mfa_all"": 3}}",200.0,-3.57,ARMOUR RESIDENTIAL REIT INC,1WK,,,,,,
2026-10-05 00:00:00,Short,URG,1.06,0.95%,1.24,sqz,参数二,"{""sqz"": {""bb_length"": 20, ""bb_mult"": 1.8, ""kc_length"": 20, ""kc_mult"": 1.5, ""min_sqz_bars"": 4}, ""r&s"": {""srb_left"": 15, ""srb_right"": 15}, ""atr"": {""atr_length"": 14, ""atr_mult"": 1.0}}",,,UR-ENERGY INC,1WK,支撑释放,nan-0.82-0.96-0.55-1.12,低-高-低-高,nan%-17.07%-42.71%-103.64%,46.0,91.96
2026-10-05 00:00:00,Long,FISR,24.37,0.00%,24.04,mfa,参数一,"{""mfa"": {""mfa_all"": 5}}",200.0,2.38,SS FI SECTOR ROTATION,1WK,,,,,,
2026-10-05 00:00:00,Long,FISR,24.37,0.00%,24.04,mfa,参数二,"{""mfa"": {""mfa_all"": 5}}",200.0,2.38,SS FI SECTOR ROTATION,1WK,,,,,,
2026-10-05 00:00:00,Long,XPEG,2.4,3.53%,1.41,mfa,参数一,"{""mfa"": {""mfa_all"": 32}}",200.0,,LEVERAGE SHARES 2X XPEV,1WK,,,,,,
2026-10-05 00:00:00,Long,XPEG,2.4,3.53%,1.41,mfa,参数二,"{""mfa"": {""mfa_all"": 32}}",200.0,,LEVERAGE SHARES 2X XPEV,1WK,,,,,,
2026-10-05 00:00:00,Long,KTCC,2.18,-3.54%,1.79,mfa,参数一,"{""mfa"": {""mfa_all"": 6}}",200.0,-46.81,KEY TRONIC CORP,1WK,,,,,,
2026-10-05 00:00:00,Long,KTCC,2.18,-3.54%,1.79,mfa,参数二,"{""mfa"": {""mfa_all"": 6}}",200.0,-46.81,KEY TRONIC CORP,1WK,,,,,,
2026-10-05 00:00:00,Long,TPET,1.55,-3.73%,0.69,mfa,参数一,"{""mfa"": {""mfa_all"": 61}}",200.0,,TRIO PETROLEUM CORP,1WK,,,,,,
2026-10-05 00:00:00,Long,TPET,1.55,-3.73%,0.69,mfa,参数二,"{""mfa"": {""mfa_all"": 61}}",200.0,,TRIO PETROLEUM CORP,1WK,,,,,,
2026-10-05 00:00:00,Long,SDST,0.09,8.24%,-0.27,mfa,参数一,"{""mfa"": {""mfa_all"": 30}}",200.0,-99.84,STARDUST POWER INC,1WK,,,,,,
2026-10-05 00:00:00,Long,SDST,0.09,8.24%,-0.27,mfa,参数二,"{""mfa"": {""mfa_all"": 30}}",200.0,-99.84,STARDUST POWER INC,1WK,,,,,,
2026-10-05 00:00:00,Long,SMG,49.1,0.16%,43.63,mfa,参数一,"{""mfa"": {""mfa_all"": 4}}",200.0,-16.41,SCOTTS MIRACLE-GRO CO,1WK,,,,,,
2026-10-05 00:00:00,Long,SMG,49.1,0.16%,43.63,mfa,参数二,"{""mfa"": {""mfa_all"": 4}}",200.0,-16.41,SCOTTS MIRACLE-GRO CO,1WK,,,,,,
2026-10-05 00:00:00,Long,XAR,231.28,-0.78%,215.79,mfa,参数一,"{""mfa"": {""mfa_all"": 4}}",200.0,30.81,SS SPDR S&P AEROSPACE DEF,1WK,,,,,,
2026-10-05 00:00:00,Long,XAR,231.28,-0.78%,215.79,mfa,参数二,"{""mfa"": {""mfa_all"": 4}}",200.0,30.81,SS SPDR S&P AEROSPACE DEF,1WK,,,,,,
2026-10-05 00:00:00,Long,NAPR,61.15,0.18%,60.58,sqz,参数二,"{""sqz"": {""bb_length"": 20, ""bb_mult"": 1.8, ""kc_length"": 20, ""kc_mult"": 1.5, ""min_sqz_bars"": 4}, ""r&s"": {""srb_left"": 15, ""srb_right"": 15}, ""atr"": {""atr_length"": 14, ""atr_mult"": 1.0}}",,,INNOVATOR GROWTH 100 POWER B,1WK,一直释放,nan-52.1,低,nan%,85.0,18.95
2026-10-05 00:00:00,Short,BARK,8.1,-0.25%,9.55,sqz,参数一,"{""sqz"": {""bb_length"": 15, ""bb_mult"": 1.5, ""kc_length"": 15, ""kc_mult"": 1.2, ""min_sqz_bars"": 4}, ""r&s"": {""srb_left"": 10, ""srb_right"": 10}, ""atr"": {""atr_length"": 14, ""atr_mult"": 1.0}}",,,BARK INC,1WK,支撑释放,20.2-26.4-15.4-10.6-8.15,高-低-低-低,30.69%-41.67%-31.17%-23.11%,25.0,38.9
2026-10-05 00:00:00,Long,NITE,39.47,1.78%,37.53,sqz,参数二,"{""sqz"": {""bb_length"": 20, ""bb_mult"": 1.8, ""kc_length"": 20, ""kc_mult"": 1.5, ""min_sqz_bars"": 4}, ""r&s"": {""srb_left"": 15, ""srb_right"": 15}, ""atr"": {""atr_length"": 14, ""atr_mult"": 1.0}}",,,THE NIGHTVIEW FUND,1WK,一直释放,nan-31.89-38.42,低-高,nan%-20.48%,38.0,18.13
2026-10-05 00:00:00,Long,CNP,37.75,-0.11%,35.82,mfa,参数一,"{""mfa"": {""mfa_all"": 4}}",200.0,17.05,CENTERPOINT ENERGY INC,1WK,,,,,,
2026-10-05 00:00:00,Long,CNP,37.75,-0.11%,35.82,mfa,参数二,"{""mfa"": {""mfa_all"": 4}}",200.0,17.05,CENTERPOINT ENERGY INC,1WK,,,,,,
2026-10-05 00:00:00,Long,BROS,38.23,-1.14%,32.18,mfa,参数一,"{""mfa"": {""mfa_all"": 5}}",200.0,-15.17,DUTCH BROS INC-CLASS A,1WK,,,,,,
2026-10-05 00:00:00,Long,BROS,38.23,-1.14%,32.18,mfa,参数二,"{""mfa"": {""mfa_all"": 5}}",200.0,-15.17,DUTCH BROS INC-CLASS A,1WK,,,,,,
2026-10-05 00:00:00,Long,DTE,125.04,0.47%,118.23,mfa,参数一,"{""mfa"": {""mfa_all"": 4}}",200.0,7.42,DTE ENERGY COMPANY,1WK,,,,,,
2026-10-05 00:00:00,Long,DTE,125.04,0.47%,118.23,mfa,参数二,"{""mfa"": {""mfa_all"": 4}}",200.0,7.42,DTE ENERGY COMPANY,1WK,,,,,,
2026-10-05 00:00:00,Long,QQXL,62.07,1.63%,58.11,sqz,参数一,"{""sqz"": {""bb_length"": 15, ""bb_mult"": 1.5, ""kc_length"": 15, ""kc_mult"": 1.2, ""min_sqz_bars"": 4}, ""r&s"": {""srb_left"": 10, ""srb_right"": 10}, ""atr"": {""atr_length"": 14, ""atr_mult"": 1.0}}",,,PROSHARES ULTRA QQQ TOP 30,1WK,压力释放,nan-47.08-45.59-61.76,低-低-高,nan%-3.17%-35.48%,18.0,36.55
2026-10-05 00:00:00,Long,GRSD,1.55,2.65%,1.18,mfa,参数一,"{""mfa"": {""mfa_all"": 64}}",200.0,-82.52,GRANDSTAND LTD,1WK,,,,,,
2026-10-05 00:00:00,Long,GRSD,1.55,2.65%,1.18,mfa,参数二,"{""mfa"": {""mfa_all"": 64}}",200.0,-82.52,GRANDSTAND LTD,1WK,,,,,,
2026-10-05 00:00:00,Long,PBJN,31.57,0.22%,31.31,sqz,参数一,"{""sqz"": {""bb_length"": 15, ""bb_mult"": 1.5, ""kc_length"": 15, ""kc_mult"": 1.2, ""min_sqz_bars"": 4}, ""r&s"": {""srb_left"": 10, ""srb_right"": 10}, ""atr"": {""atr_length"": 14, ""atr_mult"": 1.0}}",,,PGIM S&P 500 BUFFER 20-JUN,1WK,一直亮绿,nan-27.33-31.56,低-高,nan%-15.47%,18.0,4.02
2026-10-05 00:00:00,Long,OPEN,2.31,-5.33%,1.71,mfa,参数一,"{""mfa"": {""mfa_all"": 18}}",200.0,-26.01,OPENDOOR TECHNOLOGIES INC,1WK,,,,,,
2026-10-05 00:00:00,Long,OPEN,2.31,-5.33%,1.71,mfa,参数二,"{""mfa"": {""mfa_all"": 18}}",200.0,-26.01,OPENDOOR TECHNOLOGIES INC,1WK,,,,,,
2026-10-05 00:00:00,Long,IMUX,8.07,1.38%,5.62,suf,参数一,"{""suf"": {""timeframe"": ""w""}}",200.0,-35.89,IMMUNIC INC,1WK,,,,,,
2026-10-05 00:00:00,Long,IMUX,8.07,1.38%,5.62,suf,参数二,"{""suf"": {""timeframe"": ""w""}}",200.0,-35.89,IMMUNIC INC,1WK,,,,,,
2026-10-05 00:00:00,Long,GXPE,37.21,0.82%,35.92,sqz,参数二,"{""sqz"": {""bb_length"": 20, ""bb_mult"": 1.8, ""kc_length"": 20, ""kc_mult"": 1.5, ""min_sqz_bars"": 4}, ""r&s"": {""srb_left"": 15, ""srb_right"": 15}, ""atr"": {""atr_length"": 14, ""atr_mult"": 1.0}}",,,GLOBAL X PURECAP ENERGY,1WK,一直亮绿,nan-36.98,低,nan%,27.0,20.33
2026-10-05 00:00:00,Long,TAOP,0.4,-2.44%,0.12,mfa,参数一,"{""mfa"": {""mfa_all"": 171}}",200.0,-99.17,TAOPING INC,1WK,,,,,,
2026-10-05 00:00:00,Long,TAOP,0.4,-2.44%,0.12,mfa,参数二,"{""mfa"": {""mfa_all"": 171}}",200.0,-99.17,TAOPING INC,1WK,,,,,,
2026-10-05 00:00:00,Long,SARO,21.04,-0.05%,18.9,mfa,参数一,"{""mfa"": {""mfa_all"": 5}}",200.0,,STANDARDAERO INC,1WK,,,,,,
2026-10-05 00:00:00,Long,SARO,21.04,-0.05%,18.9,mfa,参数二,"{""mfa"": {""mfa_all"": 5}}",200.0,,STANDARDAERO INC,1WK,,,,,,
2026-10-05 00:00:00,Long,APC,15.77,1.74%,14.0,mfa,参数一,"{""mfa"": {""mfa_all"": 3}}",200.0,,ARKO PETROLEUM CORP,1WK,,,,,,
2026-10-05 00:00:00,Long,APC,15.77,1.74%,14.0,mfa,参数二,"{""mfa"": {""mfa_all"": 3}}",200.0,,ARKO PETROLEUM CORP,1WK,,,,,,
2026-10-05 00:00:00,Long,METCB,4.42,2.08%,3.13,mfa,参数一,"{""mfa"": {""mfa_all"": 21}}",200.0,,RAMACO RESOURCES INC-B,1WK,,,,,,
2026-10-05 00:00:00,Long,METCB,4.42,2.08%,3.13,mfa,参数二,"{""mfa"": {""mfa_all"": 21}}",200.0,,RAMACO RESOURCES INC-B,1WK,,,,,,
2026-10-05 00:00:00,Long,JLQD,38.91,0.03%,38.62,mfa,参数一,"{""mfa"": {""mfa_all"": 5}}",200.0,4.31,JANUS HENDERSON CORPORATE BO,1WK,,,,,,
2026-10-05 00:00:00,Long,JLQD,38.91,0.03%,38.62,mfa,参数二,"{""mfa"": {""mfa_all"": 5}}",200.0,4.31,JANUS HENDERSON CORPORATE BO,1WK,,,,,,
2026-10-05 00:00:00,Long,TAXM,47.38,0.05%,46.95,mfa,参数一,"{""mfa"": {""mfa_all"": 5}}",200.0,,BONDBLOXX IR+M TAX-AWARE MAS,1WK,,,,,,
2026-10-05 00:00:00,Long,TAXM,47.38,0.05%,46.95,mfa,参数二,"{""mfa"": {""mfa_all"": 5}}",200.0,,BONDBLOXX IR+M TAX-AWARE MAS,1WK,,,,,,
2026-10-05 00:00:00,Long,SPRY,4.29,5.41%,3.02,mfa,参数一,"{""mfa"": {""mfa_all"": 13}}",200.0,-54.44,ARS PHARMACEUTICALS INC,1WK,,,,,,
2026-10-05 00:00:00,Long,SPRY,4.29,5.41%,3.02,mfa,参数二,"{""mfa"": {""mfa_all"": 13}}",200.0,-54.44,ARS PHARMACEUTICALS INC,1WK,,,,,,
2026-10-05 00:00:00,Long,ALBG,4.15,-0.53%,2.35,mfa,参数一,"{""mfa"": {""mfa_all"": 32}}",200.0,,LEVERAGE SHARES 2X ALB,1WK,,,,,,
2026-10-05 00:00:00,Long,ALBG,4.15,-0.53%,2.35,mfa,参数二,"{""mfa"": {""mfa_all"": 32}}",200.0,,LEVERAGE SHARES 2X ALB,1WK,,,,,,
2026-10-05 00:00:00,Long,BSCW,19.61,0.15%,19.4,mfa,参数一,"{""mfa"": {""mfa_all"": 5}}",200.0,5.61,INVESCO BULLETSHARES 2032 CB,1WK,,,,,,
2026-10-05 00:00:00,Long,BSCW,19.61,0.15%,19.4,mfa,参数二,"{""mfa"": {""mfa_all"": 5}}",200.0,5.61,INVESCO BULLETSHARES 2032 CB,1WK,,,,,,
2026-10-05 00:00:00,Long,NPKI,11.81,0.17%,10.6,mfa,参数一,"{""mfa"": {""mfa_all"": 11}}",200.0,38.16,NPK INTERNATIONAL INC,1WK,,,,,,
2026-10-05 00:00:00,Long,NPKI,11.81,0.17%,10.6,mfa,参数二,"{""mfa"": {""mfa_all"": 11}}",200.0,38.16,NPK INTERNATIONAL INC,1WK,,,,,,
2026-10-05 00:00:00,Long,BBAG,43.6,-0.08%,43.13,mfa,参数一,"{""mfa"": {""mfa_all"": 12}}",200.0,3.06,JPMORGAN BETABUILDERS US AGG,1WK,,,,,,
2026-10-05 00:00:00,Long,BBAG,43.6,-0.08%,43.13,mfa,参数二,"{""mfa"": {""mfa_all"": 12}}",200.0,3.06,JPMORGAN BETABUILDERS US AGG,1WK,,,,,,
2026-10-05 00:00:00,Long,ASX,47.53,0.17%,42.74,sqz,参数一,"{""sqz"": {""bb_length"": 15, ""bb_mult"": 1.5, ""kc_length"": 15, ""kc_mult"": 1.2, ""min_sqz_bars"": 4}, ""r&s"": {""srb_left"": 10, ""srb_right"": 10}, ""atr"": {""atr_length"": 14, ""atr_mult"": 1.0}}",,,ASE TECHNOLOGY HOLDING -ADR,1WK,压力释放,10.85-12.29-10.42-10.87-45.27,高-低-高-高,13.32%-15.24%-4.31%-316.61%,13.0,45.47
2026-10-05 00:00:00,Long,CHDN,77.57,2.00%,68.61,mfa,参数一,"{""mfa"": {""mfa_all"": 11}}",200.0,-31.92,CHURCHILL DOWNS INC,1WK,,,,,,
2026-10-05 00:00:00,Long,CHDN,77.57,2.00%,68.61,suf,参数一,"{""suf"": {""timeframe"": ""w""}}",200.0,-31.92,CHURCHILL DOWNS INC,1WK,,,,,,
2026-10-05 00:00:00,Long,CHDN,77.57,2.00%,68.61,mfa,参数二,"{""mfa"": {""mfa_all"": 11}}",200.0,-31.92,CHURCHILL DOWNS INC,1WK,,,,,,
2026-10-05 00:00:00,Long,CHDN,77.57,2.00%,68.61,suf,参数二,"{""suf"": {""timeframe"": ""w""}}",200.0,-31.92,CHURCHILL DOWNS INC,1WK,,,,,,
2026-10-05 00:00:00,Short,GPCR,27.59,-0.29%,34.2,sqz,参数二,"{""sqz"": {""bb_length"": 20, ""bb_mult"": 1.8, ""kc_length"": 20, ""kc_mult"": 1.5, ""min_sqz_bars"": 4}, ""r&s"": {""srb_left"": 15, ""srb_right"": 15}, ""atr"": {""atr_length"": 14, ""atr_mult"": 1.0}}",,,STRUCTURE THERAPEUTICS INC,1WK,一直释放,nan-26.61-13.22-15.8-35.78,低-低-高-高,nan%-50.32%-19.52%-126.46%,20.0,59.51
2026-10-05 00:00:00,Long,EVR,265.35,1.40%,235.62,mfa,参数一,"{""mfa"": {""mfa_all"": 4}}",200.0,16.7,EVERCORE INC - A,1WK,,,,,,
2026-10-05 00:00:00,Long,EVR,265.35,1.40%,235.62,mfa,参数二,"{""mfa"": {""mfa_all"": 4}}",200.0,16.7,EVERCORE INC - A,1WK,,,,,,
2026-10-05 00:00:00,Long,BCG,1.05,3.96%,0.8,mfa,参数一,"{""mfa"": {""mfa_all"": 14}}",200.0,,BINAH CAPITAL GROUP INC,1WK,,,,,,
2026-10-05 00:00:00,Long,BCG,1.05,3.96%,0.8,mfa,参数二,"{""mfa"": {""mfa_all"": 14}}",200.0,,BINAH CAPITAL GROUP INC,1WK,,,,,,
2026-10-05 00:00:00,Short,QQDN,19.12,-2.18%,20.63,sqz,参数一,"{""sqz"": {""bb_length"": 15, ""bb_mult"": 1.5, ""kc_length"": 15, ""kc_mult"": 1.2, ""min_sqz_bars"": 4}, ""r&s"": {""srb_left"": 10, ""srb_right"": 10}, ""atr"": {""atr_length"": 14, ""atr_mult"": 1.0}}",,,PROSHARES ULTRASHORT QQQ MEG,1WK,一直亮红,nan-22.51-19.28,低-低,nan%-14.34%,21.0,34.27
2026-10-05 00:00:00,Long,IVOL,17.21,1.18%,16.68,utb,参数二,"{""utb"": {""key_value"": 3, ""atr_period"": 14, ""use_ha"": false}, ""r&s"": {""srb_left"": 15, ""srb_right"": 15}, ""atr"": {""atr_length"": 14, ""atr_mult"": 1.0}}",,,QUADRATIC INT RTE VOL INFL H,1WK,,,,,,
2026-10-05 00:00:00,Long,INTM,49.44,0.19%,49.0,mfa,参数一,"{""mfa"": {""mfa_all"": 4}}",200.0,,INVESCO INTERMEDIATE MUNI,1WK,,,,,,
2026-10-05 00:00:00,Long,INTM,49.44,0.19%,49.0,mfa,参数二,"{""mfa"": {""mfa_all"": 4}}",200.0,,INVESCO INTERMEDIATE MUNI,1WK,,,,,,
2026-10-05 00:00:00,Long,CGMU,26.01,0.00%,25.71,mfa,参数一,"{""mfa"": {""mfa_all"": 5}}",200.0,2.97,CAP GROUP MUNICIPAL INCOME,1WK,,,,,,
2026-10-05 00:00:00,Long,CGMU,26.01,0.00%,25.71,mfa,参数二,"{""mfa"": {""mfa_all"": 5}}",200.0,2.97,CAP GROUP MUNICIPAL INCOME,1WK,,,,,,
2026-10-05 00:00:00,Short,TAP,36.52,-0.92%,39.45,sqz,参数一,"{""sqz"": {""bb_length"": 15, ""bb_mult"": 1.5, ""kc_length"": 15, ""kc_mult"": 1.2, ""min_sqz_bars"": 4}, ""r&s"": {""srb_left"": 10, ""srb_right"": 10}, ""atr"": {""atr_length"": 14, ""atr_mult"": 1.0}}",,,MOLSON COORS BEVERAGE CO - B,1WK,支撑释放,45.15-48.39-44.49-41.09-37.6,高-低-低-低,7.17%-8.05%-7.65%-8.48%,18.0,16.98
2026-10-05 00:00:00,Long,TAP,36.52,-0.92%,33.43,mfa,参数一,"{""mfa"": {""mfa_all"": 4}}",200.0,-26.76,MOLSON COORS BEVERAGE CO - B,1WK,,,,,,
2026-10-05 00:00:00,Long,TAP,36.52,-0.92%,33.43,mfa,参数二,"{""mfa"": {""mfa_all"": 4}}",200.0,-26.76,MOLSON COORS BEVERAGE CO - B,1WK,,,,,,
2026-10-05 00:00:00,Long,IBCA,23.97,-0.08%,23.63,mfa,参数一,"{""mfa"": {""mfa_all"": 5}}",200.0,,ISHARES IBONDS DEC 2035 TC,1WK,,,,,,
2026-10-05 00:00:00,Long,IBCA,23.97,-0.08%,23.63,mfa,参数二,"{""mfa"": {""mfa_all"": 5}}",200.0,,ISHARES IBONDS DEC 2035 TC,1WK,,,,,,
2026-10-05 00:00:00,Long,WM,206.66,1.08%,193.55,mfa,参数一,"{""mfa"": {""mfa_all"": 3}}",200.0,4.99,WASTE MANAGEMENT INC,1WK,,,,,,
2026-10-05 00:00:00,Long,WM,206.66,1.08%,193.55,mfa,参数二,"{""mfa"": {""mfa_all"": 3}}",200.0,4.99,WASTE MANAGEMENT INC,1WK,,,,,,
2026-10-05 00:00:00,Long,EP,2.68,2.68%,2.14,mfa,参数一,"{""mfa"": {""mfa_all"": 53}}",200.0,-57.08,EMPIRE PETROLEUM CORP,1WK,,,,,,
2026-10-05 00:00:00,Long,EP,2.68,2.68%,2.14,mfa,参数二,"{""mfa"": {""mfa_all"": 53}}",200.0,-57.08,EMPIRE PETROLEUM CORP,1WK,,,,,,
2026-10-05 00:00:00,Long,DVYE,35.01,2.82%,33.9,sqz,参数二,"{""sqz"": {""bb_length"": 20, ""bb_mult"": 1.8, ""kc_length"": 20, ""kc_mult"": 1.5, ""min_sqz_bars"": 4}, ""r&s"": {""srb_left"": 15, ""srb_right"": 15}, ""atr"": {""atr_length"": 14, ""atr_mult"": 1.0}}",,,ISHARES EMERGING MARKETS DIV,1WK,一直亮绿,nan-24.16-25.62-34.72,低-高-高,nan%-6.06%-35.48%,24.0,10.96
2026-10-05 00:00:00,Long,IGBH,24.54,0.29%,24.26,sqz,参数二,"{""sqz"": {""bb_length"": 20, ""bb_mult"": 1.8, ""kc_length"": 20, ""kc_mult"": 1.5, ""min_sqz_bars"": 4}, ""r&s"": {""srb_left"": 15, ""srb_right"": 15}, ""atr"": {""atr_length"": 14, ""atr_mult"": 1.0}}",,,ISHARES INTEREST RATE HEDGED,1WK,一直释放,nan-22.47-24.09,低-高,nan%-7.22%,37.0,4.57
2026-10-05 00:00:00,Long,HOS,7.85,3.43%,6.86,mfa,参数一,"{""mfa"": {""mfa_all"": 3}}",200.0,-10.27,HORNBECK OFFSHORE SERVICES I,1WK,,,,,,
2026-10-05 00:00:00,Long,HOS,7.85,3.43%,6.86,mfa,参数二,"{""mfa"": {""mfa_all"": 3}}",200.0,-10.27,HORNBECK OFFSHORE SERVICES I,1WK,,,,,,
2026-10-05 00:00:00,Long,MYMI,23.84,-0.02%,23.71,mfa,参数一,"{""mfa"": {""mfa_all"": 5}}",200.0,,STATE STREET MY2029 MUNICIPA,1WK,,,,,,
2026-10-05 00:00:00,Long,MYMI,23.84,-0.02%,23.71,mfa,参数二,"{""mfa"": {""mfa_all"": 5}}",200.0,,STATE STREET MY2029 MUNICIPA,1WK,,,,,,
2026-10-05 00:00:00,Long,PLBY,1.03,-0.96%,0.86,mfa,参数一,"{""mfa"": {""mfa_all"": 21}}",200.0,-26.91,PLAYBOY INC,1WK,,,,,,
2026-10-05 00:00:00,Long,PLBY,1.03,-0.96%,0.86,mfa,参数二,"{""mfa"": {""mfa_all"": 21}}",200.0,-26.91,PLAYBOY INC,1WK,,,,,,
2026-10-05 00:00:00,Short,ACRE,3.7,-3.39%,4.13,sqz,参数一,"{""sqz"": {""bb_length"": 15, ""bb_mult"": 1.5, ""kc_length"": 15, ""kc_mult"": 1.2, ""min_sqz_bars"": 4}, ""r&s"": {""srb_left"": 10, ""srb_right"": 10}, ""atr"": {""atr_length"": 14, ""atr_mult"": 1.0}}",,,ARES COMMERCIAL REAL ESTATE,1WK,支撑释放,5.75-4.51-2.75-3.43-3.79,低-低-高-高,21.62%-38.94%-24.69%-10.40%,48.0,40.29
2026-10-05 00:00:00,Long,TOLZ,55.05,0.29%,53.37,mfa,参数一,"{""mfa"": {""mfa_all"": 3}}",200.0,16.63,PROSHARES GLB INFRASTRUCTURE,1WK,,,,,,
2026-10-05 00:00:00,Long,TOLZ,55.05,0.29%,53.37,mfa,参数二,"{""mfa"": {""mfa_all"": 3}}",200.0,16.63,PROSHARES GLB INFRASTRUCTURE,1WK,,,,,,
2026-10-05 00:00:00,Long,XPEV,9.4,1.62%,8.08,mfa,参数一,"{""mfa"": {""mfa_all"": 36}}",200.0,-33.97,XPENG INC - ADR,1WK,,,,,,
2026-10-05 00:00:00,Long,XPEV,9.4,1.62%,8.08,mfa,参数二,"{""mfa"": {""mfa_all"": 36}}",200.0,-33.97,XPENG INC - ADR,1WK,,,,,,
2026-10-05 00:00:00,Long,BSMS,22.89,0.18%,22.7,mfa,参数一,"{""mfa"": {""mfa_all"": 3}}",200.0,3.29,INVESCO BULLETSHARES 2028 MB,1WK,,,,,,
2026-10-05 00:00:00,Long,BSMS,22.89,0.18%,22.7,mfa,参数二,"{""mfa"": {""mfa_all"": 3}}",200.0,3.29,INVESCO BULLETSHARES 2028 MB,1WK,,,,,,
2026-10-05 00:00:00,Long,DLHC,4.08,0.74%,3.61,mfa,参数一,"{""mfa"": {""mfa_all"": 16}}",200.0,-53.34,DLH HOLDINGS CORP,1WK,,,,,,
2026-10-05 00:00:00,Long,DLHC,4.08,0.74%,3.61,mfa,参数二,"{""mfa"": {""mfa_all"": 16}}",200.0,-53.34,DLH HOLDINGS CORP,1WK,,,,,,
2026-10-05 00:00:00,Long,VTEC,94.2,0.01%,92.9,mfa,参数一,"{""mfa"": {""mfa_all"": 5}}",200.0,,VANGUARD CA TAX-EX BOND,1WK,,,,,,
2026-10-05 00:00:00,Long,VTEC,94.2,0.01%,92.9,mfa,参数二,"{""mfa"": {""mfa_all"": 5}}",200.0,,VANGUARD CA TAX-EX BOND,1WK,,,,,,
2026-10-05 00:00:00,Long,RTO,20.02,0.35%,18.36,mfa,参数一,"{""mfa"": {""mfa_all"": 11}}",200.0,-27.75,RENTOKIL INITIAL PLC-SP ADR,1WK,,,,,,
2026-10-05 00:00:00,Long,RTO,20.02,0.35%,18.36,mfa,参数二,"{""mfa"": {""mfa_all"": 11}}",200.0,-27.75,RENTOKIL INITIAL PLC-SP ADR,1WK,,,,,,
2026-10-05 00:00:00,Long,FRMI,4.06,0.74%,2.43,mfa,参数一,"{""mfa"": {""mfa_all"": 3}}",200.0,,FERMI INC,1WK,,,,,,
2026-10-05 00:00:00,Long,FRMI,4.06,0.74%,2.43,mfa,参数二,"{""mfa"": {""mfa_all"": 3}}",200.0,,FERMI INC,1WK,,,,,,
2026-10-05 00:00:00,Long,FBIO,2.09,2.96%,1.67,suf,参数一,"{""suf"": {""timeframe"": ""w""}}",200.0,-45.39,FORTRESS BIOTECH INC,1WK,,,,,,
2026-10-05 00:00:00,Long,FBIO,2.09,2.96%,1.67,suf,参数二,"{""suf"": {""timeframe"": ""w""}}",200.0,-45.39,FORTRESS BIOTECH INC,1WK,,,,,,
2026-10-05 00:00:00,Long,GXPT,36.21,0.81%,34.7,sqz,参数二,"{""sqz"": {""bb_length"": 20, ""bb_mult"": 1.8, ""kc_length"": 20, ""kc_mult"": 1.5, ""min_sqz_bars"": 4}, ""r&s"": {""srb_left"": 15, ""srb_right"": 15}, ""atr"": {""atr_length"": 14, ""atr_mult"": 1.0}}",,,GLOBAL X PURECAP INFO TECH,1WK,压力释放,nan-35.06,低,nan%,18.0,15.57
2026-10-05 00:00:00,Long,FVRR,8.59,0.59%,7.43,mfa,参数一,"{""mfa"": {""mfa_all"": 49}}",200.0,-63.92,FIVERR INTERNATIONAL LTD,1WK,,,,,,
2026-10-05 00:00:00,Long,FVRR,8.59,0.59%,7.43,mfa,参数二,"{""mfa"": {""mfa_all"": 49}}",200.0,-63.92,FIVERR INTERNATIONAL LTD,1WK,,,,,,
2026-10-05 00:00:00,Long,MBAI,3.06,-6.99%,1.3,mfa,参数一,"{""mfa"": {""mfa_all"": 16}}",200.0,-75.8,MBODY AI LTD,1WK,,,,,,
2026-10-05 00:00:00,Long,MBAI,3.06,-6.99%,1.3,mfa,参数二,"{""mfa"": {""mfa_all"": 16}}",200.0,-75.8,MBODY AI LTD,1WK,,,,,,
2026-10-05 00:00:00,Long,CENX,36.94,3.71%,29.8,mfa,参数一,"{""mfa"": {""mfa_all"": 4}}",200.0,62.74,CENTURY ALUMINUM COMPANY,1WK,,,,,,
2026-10-05 00:00:00,Long,CENX,36.94,3.71%,29.8,mfa,参数二,"{""mfa"": {""mfa_all"": 4}}",200.0,62.74,CENTURY ALUMINUM COMPANY,1WK,,,,,,
2026-10-05 00:00:00,Long,USIN,46.79,-0.11%,46.33,mfa,参数一,"{""mfa"": {""mfa_all"": 5}}",200.0,,WT 7-10 YR LDR TRSY FD,1WK,,,,,,
2026-10-05 00:00:00,Long,USIN,46.79,-0.11%,46.33,mfa,参数二,"{""mfa"": {""mfa_all"": 5}}",200.0,,WT 7-10 YR LDR TRSY FD,1WK,,,,,,
2026-10-05 00:00:00,Short,FMST,0.54,-7.51%,0.86,sqz,参数一,"{""sqz"": {""bb_length"": 15, ""bb_mult"": 1.5, ""kc_length"": 15, ""kc_mult"": 1.2, ""min_sqz_bars"": 4}, ""r&s"": {""srb_left"": 10, ""srb_right"": 10}, ""atr"": {""atr_length"": 14, ""atr_mult"": 1.0}}",,,FOREMOST CLEAN ENERGY LTD,1WK,一直亮红,nan-1.77-1.99-2.15-0.55,低-高-高-低,nan%-12.15%-8.31%-74.42%,82.0,943.45
2026-10-05 00:00:00,Short,FMST,0.54,-7.51%,0.86,sqz,参数二,"{""sqz"": {""bb_length"": 20, ""bb_mult"": 1.8, ""kc_length"": 20, ""kc_mult"": 1.5, ""min_sqz_bars"": 4}, ""r&s"": {""srb_left"": 15, ""srb_right"": 15}, ""atr"": {""atr_length"": 14, ""atr_mult"": 1.0}}",,,FOREMOST CLEAN ENERGY LTD,1WK,一直亮红,nan-1.77-1.99-0.55,低-高-低,nan%-12.15%-72.29%,82.0,943.45
2026-10-05 00:00:00,Long,BEAT,0.65,50.34%,0.43,suf,参数一,"{""suf"": {""timeframe"": ""w""}}",200.0,-66.4,HEARTBEAM INC,1WK,,,,,,
2026-10-05 00:00:00,Long,BEAT,0.65,50.34%,0.43,suf,参数二,"{""suf"": {""timeframe"": ""w""}}",200.0,-66.4,HEARTBEAM INC,1WK,,,,,,
2026-10-05 00:00:00,Long,YMT,1.25,11.61%,-14.72,mfa,参数一,"{""mfa"": {""mfa_all"": 49}}",200.0,,YIMUTIAN INC,1WK,,,,,,
2026-10-05 00:00:00,Long,YMT,1.25,11.61%,-14.72,mfa,参数二,"{""mfa"": {""mfa_all"": 49}}",200.0,,YIMUTIAN INC,1WK,,,,,,
2026-10-05 00:00:00,Long,FPWR,34.87,0.46%,33.79,mfa,参数一,"{""mfa"": {""mfa_all"": 3}}",200.0,23.54,FIRST TRUST EIP POWER SOLUTI,1WK,,,,,,
2026-10-05 00:00:00,Long,FPWR,34.87,0.46%,33.79,mfa,参数二,"{""mfa"": {""mfa_all"": 3}}",200.0,23.54,FIRST TRUST EIP POWER SOLUTI,1WK,,,,,,
2026-10-05 00:00:00,Long,CMF,54.14,0.20%,53.38,mfa,参数一,"{""mfa"": {""mfa_all"": 5}}",200.0,0.7,ISHARES CALIFORNIA MUNI BOND,1WK,,,,,,
2026-10-05 00:00:00,Long,CMF,54.14,0.20%,53.38,suf,参数一,"{""suf"": {""timeframe"": ""w""}}",200.0,0.7,ISHARES CALIFORNIA MUNI BOND,1WK,,,,,,
2026-10-05 00:00:00,Long,CMF,54.14,0.20%,53.38,mfa,参数二,"{""mfa"": {""mfa_all"": 5}}",200.0,0.7,ISHARES CALIFORNIA MUNI BOND,1WK,,,,,,
2026-10-05 00:00:00,Long,CMF,54.14,0.20%,53.38,suf,参数二,"{""suf"": {""timeframe"": ""w""}}",200.0,0.7,ISHARES CALIFORNIA MUNI BOND,1WK,,,,,,
2026-10-05 00:00:00,Long,CWCO,30.32,0.56%,27.88,mfa,参数一,"{""mfa"": {""mfa_all"": 5}}",200.0,13.18,CONSOLIDATED WATER CO-ORD SH,1WK,,,,,,
2026-10-05 00:00:00,Long,CWCO,30.32,0.56%,27.88,mfa,参数二,"{""mfa"": {""mfa_all"": 5}}",200.0,13.18,CONSOLIDATED WATER CO-ORD SH,1WK,,,,,,
2026-10-05 00:00:00,Long,IIGD,23.83,0.13%,23.69,mfa,参数一,"{""mfa"": {""mfa_all"": 3}}",200.0,6.07,INVESCO INV GRADE DEFENSIVE,1WK,,,,,,
2026-10-05 00:00:00,Long,IIGD,23.83,0.13%,23.69,mfa,参数二,"{""mfa"": {""mfa_all"": 3}}",200.0,6.07,INVESCO INV GRADE DEFENSIVE,1WK,,,,,,
2026-10-05 00:00:00,Short,ACON,2.34,-1.68%,4.38,sqz,参数二,"{""sqz"": {""bb_length"": 20, ""bb_mult"": 1.8, ""kc_length"": 20, ""kc_mult"": 1.5, ""min_sqz_bars"": 4}, ""r&s"": {""srb_left"": 15, ""srb_right"": 15}, ""atr"": {""atr_length"": 14, ""atr_mult"": 1.0}}",,,ACLARION INC,1WK,一直亮红,nan-2415.01-6.2-2.34,低-低-低,nan%-99.74%-62.26%,35.0,68.38
2026-10-05 00:00:00,Long,MKL,1726.58,-0.61%,1653.88,mfa,参数一,"{""mfa"": {""mfa_all"": 3}}",200.0,2.78,MARKEL GROUP INC,1WK,,,,,,
2026-10-05 00:00:00,Long,MKL,1726.58,-0.61%,1653.88,mfa,参数二,"{""mfa"": {""mfa_all"": 3}}",200.0,2.78,MARKEL GROUP INC,1WK,,,,,,
2026-10-05 00:00:00,Long,KPLT,4.5,-0.44%,3.09,mfa,参数一,"{""mfa"": {""mfa_all"": 8}}",200.0,-61.57,KATAPULT HOLDINGS INC,1WK,,,,,,
2026-10-05 00:00:00,Long,KPLT,4.5,-0.44%,3.09,mfa,参数二,"{""mfa"": {""mfa_all"": 8}}",200.0,-61.57,KATAPULT HOLDINGS INC,1WK,,,,,,
2026-10-05 00:00:00,Long,EVTR,48.14,-0.06%,47.54,mfa,参数一,"{""mfa"": {""mfa_all"": 4}}",200.0,,EATON VANCE TOTAL RETURN,1WK,,,,,,
2026-10-05 00:00:00,Long,EVTR,48.14,-0.06%,47.54,mfa,参数二,"{""mfa"": {""mfa_all"": 4}}",200.0,,EATON VANCE TOTAL RETURN,1WK,,,,,,
2026-10-05 00:00:00,Long,BWXT,135.35,0.36%,120.77,mfa,参数一,"{""mfa"": {""mfa_all"": 11}}",200.0,13.02,BWX TECHNOLOGIES INC,1WK,,,,,,
2026-10-05 00:00:00,Long,BWXT,135.35,0.36%,120.77,mfa,参数二,"{""mfa"": {""mfa_all"": 11}}",200.0,13.02,BWX TECHNOLOGIES INC,1WK,,,,,,
2026-10-05 00:00:00,Long,TIPZ,49.55,-0.08%,49.07,mfa,参数一,"{""mfa"": {""mfa_all"": 5}}",200.0,2.65,PIMCO BROAD US TIPS INDEX,1WK,,,,,,
2026-10-05 00:00:00,Long,TIPZ,49.55,-0.08%,49.07,mfa,参数二,"{""mfa"": {""mfa_all"": 5}}",200.0,2.65,PIMCO BROAD US TIPS INDEX,1WK,,,,,,
2026-10-05 00:00:00,Long,LZB,29.52,-1.40%,26.35,mfa,参数一,"{""mfa"": {""mfa_all"": 5}}",200.0,-13.53,LA-Z-BOY INC,1WK,,,,,,
2026-10-05 00:00:00,Long,LZB,29.52,-1.40%,26.35,mfa,参数二,"{""mfa"": {""mfa_all"": 5}}",200.0,-13.53,LA-Z-BOY INC,1WK,,,,,,
2026-10-05 00:00:00,Short,MICC,17.11,-2.12%,18.37,utb,参数一,"{""utb"": {""key_value"": 2.5, ""atr_period"": 14, ""use_ha"": false}, ""r&s"": {""srb_left"": 10, ""srb_right"": 10}, ""atr"": {""atr_length"": 14, ""atr_mult"": 1.0}}",,,MAGNUM ICE CREAM CO NV/THE,1WK,,,,,,
2026-10-05 00:00:00,Long,WLK,64.61,1.75%,55.69,mfa,参数一,"{""mfa"": {""mfa_all"": 11}}",200.0,-38.9,WESTLAKE CORP,1WK,,,,,,
2026-10-05 00:00:00,Long,WLK,64.61,1.75%,55.69,mfa,参数二,"{""mfa"": {""mfa_all"": 11}}",200.0,-38.9,WESTLAKE CORP,1WK,,,,,,
2026-10-05 00:00:00,Long,SFM,64.92,0.70%,55.41,mfa,参数一,"{""mfa"": {""mfa_all"": 3}}",200.0,-23.73,SPROUTS FARMERS MARKET INC,1WK,,,,,,
2026-10-05 00:00:00,Long,SFM,64.92,0.70%,55.41,mfa,参数二,"{""mfa"": {""mfa_all"": 3}}",200.0,-23.73,SPROUTS FARMERS MARKET INC,1WK,,,,,,
2026-10-05 00:00:00,Long,BSCY,19.52,0.00%,19.28,mfa,参数一,"{""mfa"": {""mfa_all"": 5}}",200.0,,INVESCO BULLETSHARES 2034 CB,1WK,,,,,,
2026-10-05 00:00:00,Long,BSCY,19.52,0.00%,19.28,mfa,参数二,"{""mfa"": {""mfa_all"": 5}}",200.0,,INVESCO BULLETSHARES 2034 CB,1WK,,,,,,
2026-10-05 00:00:00,Long,PFIG,23.03,0.00%,22.75,mfa,参数一,"{""mfa"": {""mfa_all"": 4}}",200.0,5.44,INVESCO FUNDAMENTAL INVESTME,1WK,,,,,,
2026-10-05 00:00:00,Long,PFIG,23.03,0.00%,22.75,mfa,参数二,"{""mfa"": {""mfa_all"": 4}}",200.0,5.44,INVESCO FUNDAMENTAL INVESTME,1WK,,,,,,
2026-10-05 00:00:00,Long,LI,10.85,1.50%,9.64,mfa,参数一,"{""mfa"": {""mfa_all"": 21}}",200.0,-55.92,LI AUTO INC - ADR,1WK,,,,,,
2026-10-05 00:00:00,Long,LI,10.85,1.50%,9.64,mfa,参数二,"{""mfa"": {""mfa_all"": 21}}",200.0,-55.92,LI AUTO INC - ADR,1WK,,,,,,
2026-10-05 00:00:00,Short,CCAQ,10.49,-1.87%,10.56,utb,参数一,"{""utb"": {""key_value"": 2.5, ""atr_period"": 14, ""use_ha"": false}, ""r&s"": {""srb_left"": 10, ""srb_right"": 10}, ""atr"": {""atr_length"": 14, ""atr_mult"": 1.0}}",,,COLLECTIVE ACQUISITION CORP,1WK,,,,,,
2026-10-05 00:00:00,Short,CCAQ,10.49,-1.87%,10.56,utb,参数二,"{""utb"": {""key_value"": 3, ""atr_period"": 14, ""use_ha"": false}, ""r&s"": {""srb_left"": 15, ""srb_right"": 15}, ""atr"": {""atr_length"": 14, ""atr_mult"": 1.0}}",,,COLLECTIVE ACQUISITION CORP,1WK,,,,,,
2026-10-05 00:00:00,Short,BWX,21.14,-0.05%,21.5,sqz,参数一,"{""sqz"": {""bb_length"": 15, ""bb_mult"": 1.5, ""kc_length"": 15, ""kc_mult"": 1.2, ""min_sqz_bars"": 4}, ""r&s"": {""srb_left"": 10, ""srb_right"": 10}, ""atr"": {""atr_length"": 14, ""atr_mult"": 1.0}}",,,SS SPDR BB INTL TREASURY BD,1WK,支撑释放,19.55-20.26-20.08-21.84-21.34,高-低-高-低,3.63%-0.90%-8.77%-2.27%,28.0,4.42
2026-10-05 00:00:00,Long,BWX,21.14,-0.05%,20.68,mfa,参数一,"{""mfa"": {""mfa_all"": 14}}",200.0,-1.24,SS SPDR BB INTL TREASURY BD,1WK,,,,,,
2026-10-05 00:00:00,Long,BWX,21.14,-0.05%,20.68,mfa,参数二,"{""mfa"": {""mfa_all"": 14}}",200.0,-1.24,SS SPDR BB INTL TREASURY BD,1WK,,,,,,
2026-10-05 00:00:00,Long,XDQQ,41.72,0.62%,40.34,sqz,参数一,"{""sqz"": {""bb_length"": 15, ""bb_mult"": 1.5, ""kc_length"": 15, ""kc_mult"": 1.2, ""min_sqz_bars"": 4}, ""r&s"": {""srb_left"": 10, ""srb_right"": 10}, ""atr"": {""atr_length"": 14, ""atr_mult"": 1.0}}",,,INNOVATOR GRW 100 ACCEL QTR,1WK,压力释放,nan-31.89-36.73-40.61,低-高-高,nan%-15.18%-10.56%,36.0,14.04
2026-10-05 00:00:00,Long,LDI,0.61,-4.57%,0.41,mfa,参数一,"{""mfa"": {""mfa_all"": 29}}",200.0,-69.07,LOANDEPOT INC -CLASS A,1WK,,,,,,
2026-10-05 00:00:00,Long,LDI,0.61,-4.57%,0.41,mfa,参数二,"{""mfa"": {""mfa_all"": 29}}",200.0,-69.07,LOANDEPOT INC -CLASS A,1WK,,,,,,
2026-10-05 00:00:00,Short,CDRE,25.0,0.00%,28.69,sqz,参数二,"{""sqz"": {""bb_length"": 20, ""bb_mult"": 1.8, ""kc_length"": 20, ""kc_mult"": 1.5, ""min_sqz_bars"": 4}, ""r&s"": {""srb_left"": 15, ""srb_right"": 15}, ""atr"": {""atr_length"": 14, ""atr_mult"": 1.0}}",,,CADRE HOLDINGS INC,1WK,支撑释放,28.47-29.86-26.61-27.9-25.65,高-低-高-低,4.89%-10.90%-4.87%-8.08%,21.0,45.72
2026-10-05 00:00:00,Long,MBBB,20.2,0.08%,19.99,mfa,参数一,"{""mfa"": {""mfa_all"": 3}}",200.0,4.68,VANECK MOODY'S ANALYTICS BBB,1WK,,,,,,
2026-10-05 00:00:00,Long,MBBB,20.2,0.08%,19.99,mfa,参数二,"{""mfa"": {""mfa_all"": 3}}",200.0,4.68,VANECK MOODY'S ANALYTICS BBB,1WK,,,,,,
2026-10-05 00:00:00,Long,LHX,236.88,0.12%,220.15,mfa,参数一,"{""mfa"": {""mfa_all"": 12}}",200.0,1.97,L3HARRIS TECHNOLOGIES INC,1WK,,,,,,
2026-10-05 00:00:00,Long,LHX,236.88,0.12%,220.15,mfa,参数二,"{""mfa"": {""mfa_all"": 12}}",200.0,1.97,L3HARRIS TECHNOLOGIES INC,1WK,,,,,,
2026-10-05 00:00:00,Long,KARS,27.8,0.05%,26.07,mfa,参数一,"{""mfa"": {""mfa_all"": 13}}",200.0,5.58,KRANESHARES ELECTRIC VEHICLE,1WK,,,,,,
2026-10-05 00:00:00,Long,KARS,27.8,0.05%,26.07,mfa,参数二,"{""mfa"": {""mfa_all"": 13}}",200.0,5.58,KRANESHARES ELECTRIC VEHICLE,1WK,,,,,,
2026-10-05 00:00:00,Long,ONEN,2.13,13.90%,0.36,mfa,参数一,"{""mfa"": {""mfa_all"": 8}}",200.0,,ONE NUCLEAR ENERGY INC,1WK,,,,,,
2026-10-05 00:00:00,Long,ONEN,2.13,13.90%,0.36,mfa,参数二,"{""mfa"": {""mfa_all"": 8}}",200.0,,ONE NUCLEAR ENERGY INC,1WK,,,,,,
2026-10-05 00:00:00,Long,XP,28.15,30.93%,23.79,sqz,参数一,"{""sqz"": {""bb_length"": 15, ""bb_mult"": 1.5, ""kc_length"": 15, ""kc_mult"": 1.2, ""min_sqz_bars"": 4}, ""r&s"": {""srb_left"": 10, ""srb_right"": 10}, ""atr"": {""atr_length"": 14, ""atr_mult"": 1.0}}",,,XP INC - CLASS A,1WK,一直亮绿,25.14-18.96-20.17-19.89-22.83,低-高-低-高,24.55%-6.37%-1.41%-14.81%,33.0,54.29
2026-10-05 00:00:00,Long,XP,28.15,30.93%,23.79,sqz,参数二,"{""sqz"": {""bb_length"": 20, ""bb_mult"": 1.8, ""kc_length"": 20, ""kc_mult"": 1.5, ""min_sqz_bars"": 4}, ""r&s"": {""srb_left"": 15, ""srb_right"": 15}, ""atr"": {""atr_length"": 14, ""atr_mult"": 1.0}}",,,XP INC - CLASS A,1WK,一直亮绿,24.38-25.14-18.96-20.17-22.83,高-低-高-高,3.08%-24.55%-6.37%-13.19%,33.0,54.29
2026-10-05 00:00:00,Long,RIFR,26.81,0.03%,26.13,mfa,参数一,"{""mfa"": {""mfa_all"": 3}}",200.0,,RUSSELL INVESTMENTS GLOBAL I,1WK,,,,,,
2026-10-05 00:00:00,Long,RIFR,26.81,0.03%,26.13,mfa,参数二,"{""mfa"": {""mfa_all"": 3}}",200.0,,RUSSELL INVESTMENTS GLOBAL I,1WK,,,,,,
2026-10-05 00:00:00,Long,STPZ,51.96,0.06%,51.68,mfa,参数一,"{""mfa"": {""mfa_all"": 3}}",200.0,6.38,PIMCO 1-5 YEAR US TIPS INDEX,1WK,,,,,,
2026-10-05 00:00:00,Long,STPZ,51.96,0.06%,51.68,mfa,参数二,"{""mfa"": {""mfa_all"": 3}}",200.0,6.38,PIMCO 1-5 YEAR US TIPS INDEX,1WK,,,,,,
2026-10-05 00:00:00,Long,STUB,5.53,2.22%,4.17,mfa,参数一,"{""mfa"": {""mfa_all"": 3}}",200.0,,STUBHUB HOLDINGS INC-CLASS A,1WK,,,,,,
2026-10-05 00:00:00,Long,STUB,5.53,2.22%,4.17,mfa,参数二,"{""mfa"": {""mfa_all"": 3}}",200.0,,STUBHUB HOLDINGS INC-CLASS A,1WK,,,,,,
2026-10-05 00:00:00,Long,XYL,102.42,0.62%,94.71,mfa,参数一,"{""mfa"": {""mfa_all"": 3}}",200.0,-13.33,XYLEM INC,1WK,,,,,,
2026-10-05 00:00:00,Long,XYL,102.42,0.62%,94.71,mfa,参数二,"{""mfa"": {""mfa_all"": 3}}",200.0,-13.33,XYLEM INC,1WK,,,,,,
2026-10-05 00:00:00,Long,ADGM,0.14,-7.84%,-0.04,mfa,参数一,"{""mfa"": {""mfa_all"": 20}}",200.0,,ADAGIO MEDICAL HOLDINGS INC,1WK,,,,,,
2026-10-05 00:00:00,Long,ADGM,0.14,-7.84%,-0.04,mfa,参数二,"{""mfa"": {""mfa_all"": 20}}",200.0,,ADAGIO MEDICAL HOLDINGS INC,1WK,,,,,,
2026-10-05 00:00:00,Long,IBRX,10.38,0.92%,9.01,sqz,参数一,"{""sqz"": {""bb_length"": 15, ""bb_mult"": 1.5, ""kc_length"": 15, ""kc_mult"": 1.2, ""min_sqz_bars"": 4}, ""r&s"": {""srb_left"": 10, ""srb_right"": 10}, ""atr"": {""atr_length"": 14, ""atr_mult"": 1.0}}",,,IMMUNITYBIO INC,1WK,压力释放,10.53-7.48-3.76-12.43-9.6,低-低-高-低,28.96%-49.73%-230.59%-22.77%,14.0,44.36
2026-10-05 00:00:00,Long,CMP,22.66,2.07%,19.46,suf,参数一,"{""suf"": {""timeframe"": ""w""}}",200.0,1.7,COMPASS MINERALS INTERNATION,1WK,,,,,,
2026-10-05 00:00:00,Long,CMP,22.66,2.07%,19.46,suf,参数二,"{""suf"": {""timeframe"": ""w""}}",200.0,1.7,COMPASS MINERALS INTERNATION,1WK,,,,,,
2026-10-05 00:00:00,Long,FLMB,21.92,0.09%,21.61,mfa,参数一,"{""mfa"": {""mfa_all"": 5}}",200.0,0.19,FRANKLIN MUNICIPAL GREEN BON,1WK,,,,,,
2026-10-05 00:00:00,Long,FLMB,21.92,0.09%,21.61,mfa,参数二,"{""mfa"": {""mfa_all"": 5}}",200.0,0.19,FRANKLIN MUNICIPAL GREEN BON,1WK,,,,,,
2026-10-05 00:00:00,Long,ZLAB,25.62,5.30%,21.84,sqz,参数二,"{""sqz"": {""bb_length"": 20, ""bb_mult"": 1.8, ""kc_length"": 20, ""kc_mult"": 1.5, ""min_sqz_bars"": 4}, ""r&s"": {""srb_left"": 15, ""srb_right"": 15}, ""atr"": {""atr_length"": 14, ""atr_mult"": 1.0}}",,,ZAI LAB LTD-ADR,1WK,一直亮绿,nan-31.22-36.6-44.34-25.28,低-高-高-低,nan%-17.23%-21.15%-42.99%,24.0,55.47
2026-10-05 00:00:00,Long,QQQY,22.85,0.71%,22.05,sqz,参数一,"{""sqz"": {""bb_length"": 15, ""bb_mult"": 1.5, ""kc_length"": 15, ""kc_mult"": 1.2, ""min_sqz_bars"": 4}, ""r&s"": {""srb_left"": 10, ""srb_right"": 10}, ""atr"": {""atr_length"": 14, ""atr_mult"": 1.0}}",,,DEFIANCE NASDAQ 100 WEEKLY D,1WK,压力释放,nan-16.41-17.86-19.49-22.61,低-高-高-高,nan%-8.81%-9.13%-16.03%,18.0,11.89
2026-10-05 00:00:00,Long,FDXF,111.58,-1.16%,94.3,mfa,参数一,"{""mfa"": {""mfa_all"": 8}}",200.0,,FEDEX FREIGHT HOLDING CO,1WK,,,,,,
2026-10-05 00:00:00,Long,FDXF,111.58,-1.16%,94.3,mfa,参数二,"{""mfa"": {""mfa_all"": 8}}",200.0,,FEDEX FREIGHT HOLDING CO,1WK,,,,,,
2026-10-05 00:00:00,Short,XIFR,10.19,-1.92%,11.27,utb,参数一,"{""utb"": {""key_value"": 2.5, ""atr_period"": 14, ""use_ha"": false}, ""r&s"": {""srb_left"": 10, ""srb_right"": 10}, ""atr"": {""atr_length"": 14, ""atr_mult"": 1.0}}",,,XPLR INFRASTRUCTURE LP,1WK,,,,,,
2026-10-05 00:00:00,Long,APYX,2.6,1.96%,1.99,suf,参数一,"{""suf"": {""timeframe"": ""w""}}",200.0,-4.59,APYX MEDICAL CORP,1WK,,,,,,
2026-10-05 00:00:00,Long,APYX,2.6,1.96%,1.99,suf,参数二,"{""suf"": {""timeframe"": ""w""}}",200.0,-4.59,APYX MEDICAL CORP,1WK,,,,,,
2026-10-05 00:00:00,Long,GBFH,17.66,-1.51%,15.16,mfa,参数一,"{""mfa"": {""mfa_all"": 11}}",200.0,,GBANK FINANCIAL HOLDINGS INC,1WK,,,,,,
2026-10-05 00:00:00,Long,GBFH,17.66,-1.51%,15.16,mfa,参数二,"{""mfa"": {""mfa_all"": 11}}",200.0,,GBANK FINANCIAL HOLDINGS INC,1WK,,,,,,
2026-10-05 00:00:00,Long,IBIJ,24.29,-0.10%,24.03,mfa,参数一,"{""mfa"": {""mfa_all"": 5}}",200.0,,ISHRS IBNDS OCT 2033 TRM,1WK,,,,,,
2026-10-05 00:00:00,Long,IBIJ,24.29,-0.10%,24.03,mfa,参数二,"{""mfa"": {""mfa_all"": 5}}",200.0,,ISHRS IBNDS OCT 2033 TRM,1WK,,,,,,
2026-10-05 00:00:00,Long,TTI,6.03,0.50%,5.02,mfa,参数一,"{""mfa"": {""mfa_all"": 11}}",200.0,16.82,TETRA TECHNOLOGIES INC,1WK,,,,,,
2026-10-05 00:00:00,Long,TTI,6.03,0.50%,5.02,mfa,参数二,"{""mfa"": {""mfa_all"": 11}}",200.0,16.82,TETRA TECHNOLOGIES INC,1WK,,,,,,
2026-10-05 00:00:00,Long,ITUB,9.92,15.48%,9.22,sqz,参数一,"{""sqz"": {""bb_length"": 15, ""bb_mult"": 1.5, ""kc_length"": 15, ""kc_mult"": 1.2, ""min_sqz_bars"": 4}, ""r&s"": {""srb_left"": 10, ""srb_right"": 10}, ""atr"": {""atr_length"": 14, ""atr_mult"": 1.0}}",,,ITAU UNIBANCO H-SPON PRF ADR,1WK,压力释放,nan-4.25-5.3-5.17-9.46,低-高-低-高,nan%-24.74%-2.40%-82.88%,25.0,32.23
2026-10-05 00:00:00,Long,ITUB,9.92,15.48%,9.22,sqz,参数二,"{""sqz"": {""bb_length"": 20, ""bb_mult"": 1.8, ""kc_length"": 20, ""kc_mult"": 1.5, ""min_sqz_bars"": 4}, ""r&s"": {""srb_left"": 15, ""srb_right"": 15}, ""atr"": {""atr_length"": 14, ""atr_mult"": 1.0}}",,,ITAU UNIBANCO H-SPON PRF ADR,1WK,压力释放,nan-5.3-5.17-9.46,低-低-高,nan%-2.40%-82.88%,25.0,32.23
2026-10-05 00:00:00,Short,MZTI,99.49,-0.04%,107.2,sqz,参数一,"{""sqz"": {""bb_length"": 15, ""bb_mult"": 1.5, ""kc_length"": 15, ""kc_mult"": 1.2, ""min_sqz_bars"": 4}, ""r&s"": {""srb_left"": 10, ""srb_right"": 10}, ""atr"": {""atr_length"": 14, ""atr_mult"": 1.0}}",,,MARZETTI COMPANY/THE,1WK,支撑释放,157.96-155.71-149.72-148.26-103.29,低-低-低-低,1.42%-3.85%-0.97%-30.33%,15.0,16.02
2026-10-05 00:00:00,Long,BEPC,28.32,-0.70%,25.97,mfa,参数一,"{""mfa"": {""mfa_all"": 13}}",200.0,-3.05,BROOKFIELD RENEWABLE CORP,1WK,,,,,,
2026-10-05 00:00:00,Long,BEPC,28.32,-0.70%,25.97,mfa,参数二,"{""mfa"": {""mfa_all"": 13}}",200.0,-3.05,BROOKFIELD RENEWABLE CORP,1WK,,,,,,
2026-10-05 00:00:00,Long,LQDB,81.99,0.04%,81.31,mfa,参数一,"{""mfa"": {""mfa_all"": 3}}",200.0,4.83,ISHARES BBB RATE CORP BOND,1WK,,,,,,
2026-10-05 00:00:00,Long,LQDB,81.99,0.04%,81.31,mfa,参数二,"{""mfa"": {""mfa_all"": 3}}",200.0,4.83,ISHARES BBB RATE CORP BOND,1WK,,,,,,
2026-10-05 00:00:00,Long,VTSI,2.84,1.79%,2.47,mfa,参数一,"{""mfa"": {""mfa_all"": 41}}",200.0,-54.35,VIRTRA INC,1WK,,,,,,
2026-10-05 00:00:00,Long,VTSI,2.84,1.79%,2.47,mfa,参数二,"{""mfa"": {""mfa_all"": 41}}",200.0,-54.35,VIRTRA INC,1WK,,,,,,
2026-10-05 00:00:00,Long,UPST,24.35,6.75%,19.11,mfa,参数一,"{""mfa"": {""mfa_all"": 3}}",200.0,-36.56,UPSTART HOLDINGS INC,1WK,,,,,,
2026-10-05 00:00:00,Long,UPST,24.35,6.75%,19.11,suf,参数一,"{""suf"": {""timeframe"": ""w""}}",200.0,-36.56,UPSTART HOLDINGS INC,1WK,,,,,,
2026-10-05 00:00:00,Long,UPST,24.35,6.75%,19.11,mfa,参数二,"{""mfa"": {""mfa_all"": 3}}",200.0,-36.56,UPSTART HOLDINGS INC,1WK,,,,,,
2026-10-05 00:00:00,Long,UPST,24.35,6.75%,19.11,suf,参数二,"{""suf"": {""timeframe"": ""w""}}",200.0,-36.56,UPSTART HOLDINGS INC,1WK,,,,,,
