日期,信号,代码,现价,涨幅,止损,策略,参组,参数,名称,周期,释放类型,支撑压力价格,支撑压力趋势,支撑压力涨幅,区间K线数量,区间K线振幅
2026-08-24 00:00:00,Short,TTWO,233.5,-2.55%,250.62,utb,参数一,"{""utb"": {""key_value"": 2, ""atr_period"": 14, ""use_ha"": false}, ""r&s"": {""srb_left"": 10, ""srb_right"": 10}, ""atr"": {""atr_length"": 14, ""atr_mult"": 1.0}}",TAKE-TWO INTERACTIVE SOFTWRE,1D,,,,,,
2026-08-24 00:00:00,Short,CUE,23.18,-3.34%,27.71,utb,参数二,"{""utb"": {""key_value"": 3, ""atr_period"": 14, ""use_ha"": false}, ""r&s"": {""srb_left"": 15, ""srb_right"": 15}, ""atr"": {""atr_length"": 14, ""atr_mult"": 1.0}}",CUE BIOPHARMA INC,1D,,,,,,
2026-08-24 00:00:00,Short,BWXT,149.52,-4.63%,163.17,sqz,参数二,"{""sqz"": {""bb_length"": 20, ""bb_mult"": 1.8, ""kc_length"": 20, ""kc_mult"": 1.5, ""min_sqz_bars"": 4}, ""r&s"": {""srb_left"": 15, ""srb_right"": 15}, ""atr"": {""atr_length"": 14, ""atr_mult"": 1.0}}",BWX TECHNOLOGIES INC,1D,支撑释放,166.31-182.72-188.29-179.18-156.85,高-高-低-低,9.87%-3.05%-4.84%-12.46%,18.0,13.62
2026-08-24 00:00:00,Long,QNBC,44.75,1.54%,43.52,utb,参数二,"{""utb"": {""key_value"": 3, ""atr_period"": 14, ""use_ha"": false}, ""r&s"": {""srb_left"": 15, ""srb_right"": 15}, ""atr"": {""atr_length"": 14, ""atr_mult"": 1.0}}",QNB CORP,1D,,,,,,
2026-08-24 00:00:00,Short,RACE,424.44,-2.77%,438.82,suf,参数一,"{""suf"": {""timeframe"": ""d""}}",FERRARI NV,1D,,,,,,
2026-08-24 00:00:00,Short,RACE,424.44,-2.77%,438.82,suf,参数二,"{""suf"": {""timeframe"": ""d""}}",FERRARI NV,1D,,,,,,
2026-08-24 00:00:00,Short,FNB,18.48,-0.27%,19.04,utb,参数二,"{""utb"": {""key_value"": 3, ""atr_period"": 14, ""use_ha"": false}, ""r&s"": {""srb_left"": 15, ""srb_right"": 15}, ""atr"": {""atr_length"": 14, ""atr_mult"": 1.0}}",FNB CORP,1D,,,,,,
2026-08-24 00:00:00,Short,KOD,37.22,-2.90%,41.75,sqz,参数一,"{""sqz"": {""bb_length"": 15, ""bb_mult"": 1.5, ""kc_length"": 15, ""kc_mult"": 1.2, ""min_sqz_bars"": 4}, ""r&s"": {""srb_left"": 10, ""srb_right"": 10}, ""atr"": {""atr_length"": 14, ""atr_mult"": 1.0}}",KODIAK SCIENCES INC,1D,支撑释放,23.92-20.88-21.0-29.21-38.07,低-高-高-高,12.71%-0.57%-39.10%-30.33%,18.0,23.12
2026-08-24 00:00:00,Short,FGI,7.02,-9.13%,8.96,utb,参数二,"{""utb"": {""key_value"": 3, ""atr_period"": 14, ""use_ha"": false}, ""r&s"": {""srb_left"": 15, ""srb_right"": 15}, ""atr"": {""atr_length"": 14, ""atr_mult"": 1.0}}",FGI INDUSTRIES LTD,1D,,,,,,
2026-08-24 00:00:00,Short,KIDS,25.07,-2.26%,27.42,suf,参数一,"{""suf"": {""timeframe"": ""d""}}",ORTHOPEDIATRICS CORP,1D,,,,,,
2026-08-24 00:00:00,Short,KIDS,25.07,-2.26%,27.42,suf,参数二,"{""suf"": {""timeframe"": ""d""}}",ORTHOPEDIATRICS CORP,1D,,,,,,
2026-08-24 00:00:00,Short,EP,3.21,-1.83%,3.49,suf,参数一,"{""suf"": {""timeframe"": ""d""}}",EMPIRE PETROLEUM CORP,1D,,,,,,
2026-08-24 00:00:00,Short,EP,3.21,-1.83%,3.49,suf,参数二,"{""suf"": {""timeframe"": ""d""}}",EMPIRE PETROLEUM CORP,1D,,,,,,
2026-08-24 00:00:00,Short,CCEL,4.39,-3.73%,5.0,suf,参数一,"{""suf"": {""timeframe"": ""d""}}",CRYO-CELL INTL INC,1D,,,,,,
2026-08-24 00:00:00,Short,CCEL,4.39,-3.73%,5.0,suf,参数二,"{""suf"": {""timeframe"": ""d""}}",CRYO-CELL INTL INC,1D,,,,,,
2026-08-24 00:00:00,Long,CHH,111.12,1.37%,104.36,utb,参数一,"{""utb"": {""key_value"": 2, ""atr_period"": 14, ""use_ha"": false}, ""r&s"": {""srb_left"": 10, ""srb_right"": 10}, ""atr"": {""atr_length"": 14, ""atr_mult"": 1.0}}",CHOICE HOTELS INTL INC,1D,,,,,,
2026-08-24 00:00:00,Long,CHH,111.12,1.37%,104.36,mfa,参数一,"{""utb"": {""key_value"": 2, ""atr_period"": 14, ""use_ha"": false}, ""mfa"": {""mfa_all"": 11}}",CHOICE HOTELS INTL INC,1D,,,,,,
2026-08-24 00:00:00,Short,HOPE,13.95,-0.14%,14.33,utb,参数一,"{""utb"": {""key_value"": 2, ""atr_period"": 14, ""use_ha"": false}, ""r&s"": {""srb_left"": 10, ""srb_right"": 10}, ""atr"": {""atr_length"": 14, ""atr_mult"": 1.0}}",HOPE BANCORP INC,1D,,,,,,
2026-08-24 00:00:00,Short,FHTX,6.87,-2.83%,7.83,suf,参数一,"{""suf"": {""timeframe"": ""d""}}",FOGHORN THERAPEUTICS INC,1D,,,,,,
2026-08-24 00:00:00,Short,FHTX,6.87,-2.83%,7.83,suf,参数二,"{""suf"": {""timeframe"": ""d""}}",FOGHORN THERAPEUTICS INC,1D,,,,,,
2026-08-24 00:00:00,Short,MDB,402.69,-6.53%,446.78,utb,参数二,"{""utb"": {""key_value"": 3, ""atr_period"": 14, ""use_ha"": false}, ""r&s"": {""srb_left"": 15, ""srb_right"": 15}, ""atr"": {""atr_length"": 14, ""atr_mult"": 1.0}}",MONGODB INC,1D,,,,,,
2026-08-24 00:00:00,Long,FMC,11.28,2.36%,10.42,utb,参数一,"{""utb"": {""key_value"": 2, ""atr_period"": 14, ""use_ha"": false}, ""r&s"": {""srb_left"": 10, ""srb_right"": 10}, ""atr"": {""atr_length"": 14, ""atr_mult"": 1.0}}",FMC CORP,1D,,,,,,
2026-08-24 00:00:00,Long,BKD,12.12,2.71%,11.22,suf,参数一,"{""suf"": {""timeframe"": ""d""}}",BROOKDALE SENIOR LIVING INC,1D,,,,,,
2026-08-24 00:00:00,Long,BKD,12.12,2.71%,11.22,suf,参数二,"{""suf"": {""timeframe"": ""d""}}",BROOKDALE SENIOR LIVING INC,1D,,,,,,
2026-08-24 00:00:00,Short,GSUN,0.29,-6.37%,0.41,utb,参数二,"{""utb"": {""key_value"": 3, ""atr_period"": 14, ""use_ha"": false}, ""r&s"": {""srb_left"": 15, ""srb_right"": 15}, ""atr"": {""atr_length"": 14, ""atr_mult"": 1.0}}",GOLDEN SUN TECHNOLOGY GRO-A,1D,,,,,,
2026-08-24 00:00:00,Long,NCPL,0.26,7.11%,0.18,suf,参数一,"{""suf"": {""timeframe"": ""d""}}",NETCAPITAL INC,1D,,,,,,
2026-08-24 00:00:00,Long,NCPL,0.26,7.11%,0.18,suf,参数二,"{""suf"": {""timeframe"": ""d""}}",NETCAPITAL INC,1D,,,,,,
2026-08-24 00:00:00,Short,GFS,45.95,-4.37%,50.33,sqz,参数一,"{""sqz"": {""bb_length"": 15, ""bb_mult"": 1.5, ""kc_length"": 15, ""kc_mult"": 1.2, ""min_sqz_bars"": 4}, ""r&s"": {""srb_left"": 10, ""srb_right"": 10}, ""atr"": {""atr_length"": 14, ""atr_mult"": 1.0}}",GLOBALFOUNDRIES INC,1D,支撑释放,40.94-40.48-65.42-70.38-46.39,低-高-高-低,1.11%-61.59%-7.59%-34.09%,18.0,19.81
2026-08-24 00:00:00,Long,SKYA,1.34,3.08%,1.11,utb,参数二,"{""utb"": {""key_value"": 3, ""atr_period"": 14, ""use_ha"": false}, ""r&s"": {""srb_left"": 15, ""srb_right"": 15}, ""atr"": {""atr_length"": 14, ""atr_mult"": 1.0}}",SKYAI INC,1D,,,,,,
2026-08-24 00:00:00,Long,NGEN,2.0,7.53%,1.71,utb,参数二,"{""utb"": {""key_value"": 3, ""atr_period"": 14, ""use_ha"": false}, ""r&s"": {""srb_left"": 15, ""srb_right"": 15}, ""atr"": {""atr_length"": 14, ""atr_mult"": 1.0}}",NERVGEN PHARMA CORP,1D,,,,,,
2026-08-24 00:00:00,Short,A,153.43,-3.50%,161.89,suf,参数一,"{""suf"": {""timeframe"": ""d""}}",AGILENT TECHNOLOGIES INC,1D,,,,,,
2026-08-24 00:00:00,Short,A,153.43,-3.50%,161.89,suf,参数二,"{""suf"": {""timeframe"": ""d""}}",AGILENT TECHNOLOGIES INC,1D,,,,,,
2026-08-24 00:00:00,Long,AGCO,110.13,3.11%,103.75,utb,参数二,"{""utb"": {""key_value"": 3, ""atr_period"": 14, ""use_ha"": false}, ""r&s"": {""srb_left"": 15, ""srb_right"": 15}, ""atr"": {""atr_length"": 14, ""atr_mult"": 1.0}}",AGCO CORP,1D,,,,,,
2026-08-24 00:00:00,Long,AGCO,110.13,3.11%,103.75,mfa,参数二,"{""utb"": {""key_value"": 3, ""atr_period"": 14, ""use_ha"": false}, ""mfa"": {""mfa_all"": 18}}",AGCO CORP,1D,,,,,,
2026-08-24 00:00:00,Long,LSE,5.6,0.00%,5.21,sqz,参数二,"{""sqz"": {""bb_length"": 20, ""bb_mult"": 1.8, ""kc_length"": 20, ""kc_mult"": 1.5, ""min_sqz_bars"": 4}, ""r&s"": {""srb_left"": 15, ""srb_right"": 15}, ""atr"": {""atr_length"": 14, ""atr_mult"": 1.0}}",LEISHEN ENERGY HOLDING -A,1D,压力释放,6.86-5.69-6.98-4.99-5.5,低-高-低-高,17.06%-22.67%-28.51%-10.22%,19.0,34.15
2026-08-24 00:00:00,Short,VHC,12.36,-1.90%,13.91,utb,参数二,"{""utb"": {""key_value"": 3, ""atr_period"": 14, ""use_ha"": false}, ""r&s"": {""srb_left"": 15, ""srb_right"": 15}, ""atr"": {""atr_length"": 14, ""atr_mult"": 1.0}}",VIRNETX HOLDING CORP,1D,,,,,,
2026-08-24 00:00:00,Short,FNGR,0.19,-11.36%,0.27,utb,参数二,"{""utb"": {""key_value"": 3, ""atr_period"": 14, ""use_ha"": false}, ""r&s"": {""srb_left"": 15, ""srb_right"": 15}, ""atr"": {""atr_length"": 14, ""atr_mult"": 1.0}}",FINGERMOTION INC,1D,,,,,,
2026-08-24 00:00:00,Long,NMP,10.34,0.10%,10.34,sqz,参数一,"{""sqz"": {""bb_length"": 15, ""bb_mult"": 1.5, ""kc_length"": 15, ""kc_mult"": 1.2, ""min_sqz_bars"": 4}, ""r&s"": {""srb_left"": 10, ""srb_right"": 10}, ""atr"": {""atr_length"": 14, ""atr_mult"": 1.0}}",NMP ACQUISITION CORP - A,1D,一直释放,nan-10.07-10.1,低-高,nan%-0.30%,144.0,0.2
2026-08-24 00:00:00,Long,TJGC,6.1,30.90%,4.07,sqz,参数一,"{""sqz"": {""bb_length"": 15, ""bb_mult"": 1.5, ""kc_length"": 15, ""kc_mult"": 1.2, ""min_sqz_bars"": 4}, ""r&s"": {""srb_left"": 10, ""srb_right"": 10}, ""atr"": {""atr_length"": 14, ""atr_mult"": 1.0}}",TJGC GROUP LTD-A,1D,一直释放,3.87-4.65-3.54-7.07-5.54,高-低-高-低,20.16%-23.87%-99.72%-21.64%,13.0,74.21
2026-08-24 00:00:00,Long,TJGC,6.1,30.90%,4.07,utb,参数二,"{""utb"": {""key_value"": 3, ""atr_period"": 14, ""use_ha"": false}, ""r&s"": {""srb_left"": 15, ""srb_right"": 15}, ""atr"": {""atr_length"": 14, ""atr_mult"": 1.0}}",TJGC GROUP LTD-A,1D,,,,,,
2026-08-24 00:00:00,Long,CAKE,114.61,1.13%,107.01,utb,参数一,"{""utb"": {""key_value"": 2, ""atr_period"": 14, ""use_ha"": false}, ""r&s"": {""srb_left"": 10, ""srb_right"": 10}, ""atr"": {""atr_length"": 14, ""atr_mult"": 1.0}}",CHEESECAKE FACTORY INC/THE,1D,,,,,,
2026-08-24 00:00:00,Short,FORM,107.9,-5.48%,122.08,utb,参数二,"{""utb"": {""key_value"": 3, ""atr_period"": 14, ""use_ha"": false}, ""r&s"": {""srb_left"": 15, ""srb_right"": 15}, ""atr"": {""atr_length"": 14, ""atr_mult"": 1.0}}",FORMFACTOR INC,1D,,,,,,
2026-08-24 00:00:00,Long,KBSX,1.1,5.77%,0.88,utb,参数一,"{""utb"": {""key_value"": 2, ""atr_period"": 14, ""use_ha"": false}, ""r&s"": {""srb_left"": 10, ""srb_right"": 10}, ""atr"": {""atr_length"": 14, ""atr_mult"": 1.0}}",FST CORP,1D,,,,,,
2026-08-24 00:00:00,Short,NPO,304.52,-2.58%,328.86,utb,参数二,"{""utb"": {""key_value"": 3, ""atr_period"": 14, ""use_ha"": false}, ""r&s"": {""srb_left"": 15, ""srb_right"": 15}, ""atr"": {""atr_length"": 14, ""atr_mult"": 1.0}}",ENPRO INC,1D,,,,,,
2026-08-24 00:00:00,Short,HLIO,73.98,-2.89%,79.93,sqz,参数一,"{""sqz"": {""bb_length"": 15, ""bb_mult"": 1.5, ""kc_length"": 15, ""kc_mult"": 1.2, ""min_sqz_bars"": 4}, ""r&s"": {""srb_left"": 10, ""srb_right"": 10}, ""atr"": {""atr_length"": 14, ""atr_mult"": 1.0}}",HELIOS TECHNOLOGIES INC,1D,支撑释放,61.85-65.03-79.86-77.47-74.64,高-高-低-低,5.14%-22.80%-2.99%-3.66%,18.0,13.56
2026-08-24 00:00:00,Short,TXN,258.94,-2.05%,273.8,sqz,参数一,"{""sqz"": {""bb_length"": 15, ""bb_mult"": 1.5, ""kc_length"": 15, ""kc_mult"": 1.2, ""min_sqz_bars"": 4}, ""r&s"": {""srb_left"": 10, ""srb_right"": 10}, ""atr"": {""atr_length"": 14, ""atr_mult"": 1.0}}",TEXAS INSTRUMENTS INC,1D,支撑释放,170.57-183.03-272.48-274.38-264.74,高-高-高-低,7.30%-48.88%-0.69%-3.51%,15.0,9.4
2026-08-24 00:00:00,Short,ORKA,102.42,-5.13%,112.87,utb,参数一,"{""utb"": {""key_value"": 2, ""atr_period"": 14, ""use_ha"": false}, ""r&s"": {""srb_left"": 10, ""srb_right"": 10}, ""atr"": {""atr_length"": 14, ""atr_mult"": 1.0}}",ORUKA THERAPEUTICS INC,1D,,,,,,
2026-08-24 00:00:00,Long,EML,25.62,2.07%,24.23,utb,参数一,"{""utb"": {""key_value"": 2, ""atr_period"": 14, ""use_ha"": false}, ""r&s"": {""srb_left"": 10, ""srb_right"": 10}, ""atr"": {""atr_length"": 14, ""atr_mult"": 1.0}}",EASTERN CO/THE,1D,,,,,,
2026-08-24 00:00:00,Short,IOVA,8.06,-2.77%,8.99,suf,参数一,"{""suf"": {""timeframe"": ""d""}}",IOVANCE BIOTHERAPEUTICS INC,1D,,,,,,
2026-08-24 00:00:00,Short,IOVA,8.06,-2.77%,8.99,suf,参数二,"{""suf"": {""timeframe"": ""d""}}",IOVANCE BIOTHERAPEUTICS INC,1D,,,,,,
2026-08-24 00:00:00,Short,QGEN,41.78,-5.20%,45.33,utb,参数一,"{""utb"": {""key_value"": 2, ""atr_period"": 14, ""use_ha"": false}, ""r&s"": {""srb_left"": 10, ""srb_right"": 10}, ""atr"": {""atr_length"": 14, ""atr_mult"": 1.0}}",QIAGEN N.V.,1D,,,,,,
2026-08-24 00:00:00,Long,FTH,34.71,8.47%,27.0,utb,参数二,"{""utb"": {""key_value"": 3, ""atr_period"": 14, ""use_ha"": false}, ""r&s"": {""srb_left"": 15, ""srb_right"": 15}, ""atr"": {""atr_length"": 14, ""atr_mult"": 1.0}}",FAETH THERAPEUTICS INC,1D,,,,,,
2026-08-24 00:00:00,Short,RMAX,12.36,-9.25%,14.31,utb,参数一,"{""utb"": {""key_value"": 2, ""atr_period"": 14, ""use_ha"": false}, ""r&s"": {""srb_left"": 10, ""srb_right"": 10}, ""atr"": {""atr_length"": 14, ""atr_mult"": 1.0}}",RE/MAX HOLDINGS INC-CL A,1D,,,,,,
2026-08-24 00:00:00,Short,ESTC,83.24,-3.14%,89.59,suf,参数一,"{""suf"": {""timeframe"": ""d""}}",ELASTIC NV,1D,,,,,,
2026-08-24 00:00:00,Short,ESTC,83.24,-3.14%,89.59,suf,参数二,"{""suf"": {""timeframe"": ""d""}}",ELASTIC NV,1D,,,,,,
2026-08-24 00:00:00,Short,FURY,0.66,-2.35%,0.73,suf,参数一,"{""suf"": {""timeframe"": ""d""}}",FURY GOLD MINES LTD,1D,,,,,,
2026-08-24 00:00:00,Short,FURY,0.66,-2.35%,0.73,suf,参数二,"{""suf"": {""timeframe"": ""d""}}",FURY GOLD MINES LTD,1D,,,,,,
2026-08-24 00:00:00,Short,DRCT,2.35,-4.47%,2.63,utb,参数一,"{""utb"": {""key_value"": 2, ""atr_period"": 14, ""use_ha"": false}, ""r&s"": {""srb_left"": 10, ""srb_right"": 10}, ""atr"": {""atr_length"": 14, ""atr_mult"": 1.0}}",DIRECT DIGITAL HOLDINGS IN-A,1D,,,,,,
2026-08-24 00:00:00,Short,NTAP,186.86,-2.81%,202.38,utb,参数一,"{""utb"": {""key_value"": 2, ""atr_period"": 14, ""use_ha"": false}, ""r&s"": {""srb_left"": 10, ""srb_right"": 10}, ""atr"": {""atr_length"": 14, ""atr_mult"": 1.0}}",NETAPP INC,1D,,,,,,
2026-08-24 00:00:00,Long,MRSH,194.67,1.39%,188.49,utb,参数一,"{""utb"": {""key_value"": 2, ""atr_period"": 14, ""use_ha"": false}, ""r&s"": {""srb_left"": 10, ""srb_right"": 10}, ""atr"": {""atr_length"": 14, ""atr_mult"": 1.0}}",MARSH & MCLENNAN COS,1D,,,,,,
2026-08-24 00:00:00,Short,AKAM,105.66,-4.31%,115.79,utb,参数二,"{""utb"": {""key_value"": 3, ""atr_period"": 14, ""use_ha"": false}, ""r&s"": {""srb_left"": 15, ""srb_right"": 15}, ""atr"": {""atr_length"": 14, ""atr_mult"": 1.0}}",AKAMAI TECHNOLOGIES INC,1D,,,,,,
2026-08-24 00:00:00,Short,YAAS,2.66,-9.68%,3.3,suf,参数一,"{""suf"": {""timeframe"": ""d""}}",YOUXIN TECHNOLOGY LTD-CL A,1D,,,,,,
2026-08-24 00:00:00,Short,YAAS,2.66,-9.68%,3.3,suf,参数二,"{""suf"": {""timeframe"": ""d""}}",YOUXIN TECHNOLOGY LTD-CL A,1D,,,,,,
2026-08-24 00:00:00,Short,WENN,10.39,-0.05%,10.39,suf,参数一,"{""suf"": {""timeframe"": ""d""}}",WEN ACQUISITION CORP-A,1D,,,,,,
2026-08-24 00:00:00,Short,WENN,10.39,-0.05%,10.39,suf,参数二,"{""suf"": {""timeframe"": ""d""}}",WEN ACQUISITION CORP-A,1D,,,,,,
2026-08-24 00:00:00,Long,PMI,5.13,59.81%,3.27,utb,参数一,"{""utb"": {""key_value"": 2, ""atr_period"": 14, ""use_ha"": false}, ""r&s"": {""srb_left"": 10, ""srb_right"": 10}, ""atr"": {""atr_length"": 14, ""atr_mult"": 1.0}}",PICARD MEDICAL INC,1D,,,,,,
2026-08-24 00:00:00,Short,DTIL,8.45,-4.52%,9.32,suf,参数一,"{""suf"": {""timeframe"": ""d""}}",PRECISION BIOSCIENCES INC,1D,,,,,,
2026-08-24 00:00:00,Short,DTIL,8.45,-4.52%,9.32,suf,参数二,"{""suf"": {""timeframe"": ""d""}}",PRECISION BIOSCIENCES INC,1D,,,,,,
2026-08-24 00:00:00,Short,KLAC,181.57,-1.32%,194.18,utb,参数一,"{""utb"": {""key_value"": 2, ""atr_period"": 14, ""use_ha"": false}, ""r&s"": {""srb_left"": 10, ""srb_right"": 10}, ""atr"": {""atr_length"": 14, ""atr_mult"": 1.0}}",KLA CORP,1D,,,,,,
2026-08-24 00:00:00,Long,SUJA,9.05,17.84%,6.81,utb,参数一,"{""utb"": {""key_value"": 2, ""atr_period"": 14, ""use_ha"": false}, ""r&s"": {""srb_left"": 10, ""srb_right"": 10}, ""atr"": {""atr_length"": 14, ""atr_mult"": 1.0}}",SUJA LIFE INC CL A,1D,,,,,,
2026-08-24 00:00:00,Long,SUJA,9.05,17.84%,6.81,mfa,参数一,"{""utb"": {""key_value"": 2, ""atr_period"": 14, ""use_ha"": false}, ""mfa"": {""mfa_all"": 14}}",SUJA LIFE INC CL A,1D,,,,,,
2026-08-24 00:00:00,Long,SUJA,9.05,17.84%,6.81,utb,参数二,"{""utb"": {""key_value"": 3, ""atr_period"": 14, ""use_ha"": false}, ""r&s"": {""srb_left"": 15, ""srb_right"": 15}, ""atr"": {""atr_length"": 14, ""atr_mult"": 1.0}}",SUJA LIFE INC CL A,1D,,,,,,
2026-08-24 00:00:00,Long,SUJA,9.05,17.84%,6.81,mfa,参数二,"{""utb"": {""key_value"": 3, ""atr_period"": 14, ""use_ha"": false}, ""mfa"": {""mfa_all"": 14}}",SUJA LIFE INC CL A,1D,,,,,,
2026-08-24 00:00:00,Short,NN,15.79,-10.03%,18.94,utb,参数一,"{""utb"": {""key_value"": 2, ""atr_period"": 14, ""use_ha"": false}, ""r&s"": {""srb_left"": 10, ""srb_right"": 10}, ""atr"": {""atr_length"": 14, ""atr_mult"": 1.0}}",NEXTNAV INC,1D,,,,,,
2026-08-24 00:00:00,Long,LUCY,1.12,63.74%,0.77,utb,参数一,"{""utb"": {""key_value"": 2, ""atr_period"": 14, ""use_ha"": false}, ""r&s"": {""srb_left"": 10, ""srb_right"": 10}, ""atr"": {""atr_length"": 14, ""atr_mult"": 1.0}}",INNOVATIVE EYEWEAR INC,1D,,,,,,
2026-08-24 00:00:00,Long,LUCY,1.12,63.74%,0.77,utb,参数二,"{""utb"": {""key_value"": 3, ""atr_period"": 14, ""use_ha"": false}, ""r&s"": {""srb_left"": 15, ""srb_right"": 15}, ""atr"": {""atr_length"": 14, ""atr_mult"": 1.0}}",INNOVATIVE EYEWEAR INC,1D,,,,,,
2026-08-24 00:00:00,Long,SLDE,23.64,3.96%,21.68,sqz,参数一,"{""sqz"": {""bb_length"": 15, ""bb_mult"": 1.5, ""kc_length"": 15, ""kc_mult"": 1.2, ""min_sqz_bars"": 4}, ""r&s"": {""srb_left"": 10, ""srb_right"": 10}, ""atr"": {""atr_length"": 14, ""atr_mult"": 1.0}}",SLIDE INSURANCE HOLDINGS INC,1D,一直亮绿,19.87-20.1-19.21-21.72-22.93,高-低-高-高,1.18%-4.44%-13.05%-5.55%,18.0,17.11
2026-08-24 00:00:00,Long,SLDE,23.64,3.96%,21.68,sqz,参数二,"{""sqz"": {""bb_length"": 20, ""bb_mult"": 1.8, ""kc_length"": 20, ""kc_mult"": 1.5, ""min_sqz_bars"": 4}, ""r&s"": {""srb_left"": 15, ""srb_right"": 15}, ""atr"": {""atr_length"": 14, ""atr_mult"": 1.0}}",SLIDE INSURANCE HOLDINGS INC,1D,一直亮绿,19.83-19.87-20.1-21.72-22.93,高-高-高-高,0.23%-1.18%-8.03%-5.55%,18.0,17.11
2026-08-24 00:00:00,Long,PUSA,3.78,10.20%,3.42,utb,参数二,"{""utb"": {""key_value"": 3, ""atr_period"": 14, ""use_ha"": false}, ""r&s"": {""srb_left"": 15, ""srb_right"": 15}, ""atr"": {""atr_length"": 14, ""atr_mult"": 1.0}}",AUREUS GREENWAY HOLDINGS INC,1D,,,,,,
2026-08-24 00:00:00,Short,SITM,580.97,-5.51%,651.18,utb,参数二,"{""utb"": {""key_value"": 3, ""atr_period"": 14, ""use_ha"": false}, ""r&s"": {""srb_left"": 15, ""srb_right"": 15}, ""atr"": {""atr_length"": 14, ""atr_mult"": 1.0}}",SITIME CORP,1D,,,,,,
2026-08-24 00:00:00,Short,AVR,8.8,-2.00%,9.48,utb,参数一,"{""utb"": {""key_value"": 2, ""atr_period"": 14, ""use_ha"": false}, ""r&s"": {""srb_left"": 10, ""srb_right"": 10}, ""atr"": {""atr_length"": 14, ""atr_mult"": 1.0}}",ANTERIS TECHNOLOGIES GLOBAL,1D,,,,,,
2026-08-24 00:00:00,Short,ORA,105.4,-2.75%,111.29,utb,参数一,"{""utb"": {""key_value"": 2, ""atr_period"": 14, ""use_ha"": false}, ""r&s"": {""srb_left"": 10, ""srb_right"": 10}, ""atr"": {""atr_length"": 14, ""atr_mult"": 1.0}}",ORMAT TECHNOLOGIES INC,1D,,,,,,
2026-08-24 00:00:00,Short,FDXF,131.27,-4.41%,144.66,sqz,参数一,"{""sqz"": {""bb_length"": 15, ""bb_mult"": 1.5, ""kc_length"": 15, ""kc_mult"": 1.2, ""min_sqz_bars"": 4}, ""r&s"": {""srb_left"": 10, ""srb_right"": 10}, ""atr"": {""atr_length"": 14, ""atr_mult"": 1.0}}",FEDEX FREIGHT HOLDING CO,1D,支撑释放,nan-139.57-135.64,低-低,nan%-2.82%,17.0,12.56
2026-08-24 00:00:00,Long,MTCH,41.73,2.10%,39.34,sqz,参数二,"{""sqz"": {""bb_length"": 20, ""bb_mult"": 1.8, ""kc_length"": 20, ""kc_mult"": 1.5, ""min_sqz_bars"": 4}, ""r&s"": {""srb_left"": 15, ""srb_right"": 15}, ""atr"": {""atr_length"": 14, ""atr_mult"": 1.0}}",MATCH GROUP INC,1D,一直释放,nan-34.15-33.02-38.73,低-低-高,nan%-3.32%-17.30%,78.0,15.23
2026-08-24 00:00:00,Short,UHAL,71.1,-0.43%,73.68,utb,参数一,"{""utb"": {""key_value"": 2, ""atr_period"": 14, ""use_ha"": false}, ""r&s"": {""srb_left"": 10, ""srb_right"": 10}, ""atr"": {""atr_length"": 14, ""atr_mult"": 1.0}}",U-HAUL HOLDING CO,1D,,,,,,
2026-08-24 00:00:00,Long,GGR,2.93,29.07%,1.73,utb,参数一,"{""utb"": {""key_value"": 2, ""atr_period"": 14, ""use_ha"": false}, ""r&s"": {""srb_left"": 10, ""srb_right"": 10}, ""atr"": {""atr_length"": 14, ""atr_mult"": 1.0}}",GOGORO INC,1D,,,,,,
2026-08-24 00:00:00,Long,GGR,2.93,29.07%,1.73,mfa,参数一,"{""utb"": {""key_value"": 2, ""atr_period"": 14, ""use_ha"": false}, ""mfa"": {""mfa_all"": 33}}",GOGORO INC,1D,,,,,,
2026-08-24 00:00:00,Long,GGR,2.93,29.07%,1.73,utb,参数二,"{""utb"": {""key_value"": 3, ""atr_period"": 14, ""use_ha"": false}, ""r&s"": {""srb_left"": 15, ""srb_right"": 15}, ""atr"": {""atr_length"": 14, ""atr_mult"": 1.0}}",GOGORO INC,1D,,,,,,
2026-08-24 00:00:00,Long,GGR,2.93,29.07%,1.73,mfa,参数二,"{""utb"": {""key_value"": 3, ""atr_period"": 14, ""use_ha"": false}, ""mfa"": {""mfa_all"": 33}}",GOGORO INC,1D,,,,,,
2026-08-24 00:00:00,Short,MSGE,79.59,-0.38%,84.17,utb,参数二,"{""utb"": {""key_value"": 3, ""atr_period"": 14, ""use_ha"": false}, ""r&s"": {""srb_left"": 15, ""srb_right"": 15}, ""atr"": {""atr_length"": 14, ""atr_mult"": 1.0}}",MADISON SQUARE GARDEN ENTERT,1D,,,,,,
2026-08-24 00:00:00,Long,SPOT,537.84,0.77%,506.53,sqz,参数一,"{""sqz"": {""bb_length"": 15, ""bb_mult"": 1.5, ""kc_length"": 15, ""kc_mult"": 1.2, ""min_sqz_bars"": 4}, ""r&s"": {""srb_left"": 10, ""srb_right"": 10}, ""atr"": {""atr_length"": 14, ""atr_mult"": 1.0}}",SPOTIFY TECHNOLOGY SA,1D,压力释放,609.2-570.64-543.69-534.0-528.09,低-低-低-低,6.33%-4.72%-1.78%-1.11%,18.0,14.31
2026-08-24 00:00:00,Long,SPOT,537.84,0.77%,506.53,sqz,参数二,"{""sqz"": {""bb_length"": 20, ""bb_mult"": 1.8, ""kc_length"": 20, ""kc_mult"": 1.5, ""min_sqz_bars"": 4}, ""r&s"": {""srb_left"": 15, ""srb_right"": 15}, ""atr"": {""atr_length"": 14, ""atr_mult"": 1.0}}",SPOTIFY TECHNOLOGY SA,1D,压力释放,nan-570.64-543.69-534.0,低-低-低,nan%-4.72%-1.78%,62.0,21.72
2026-08-24 00:00:00,Short,IFBD,0.95,-5.94%,1.11,utb,参数一,"{""utb"": {""key_value"": 2, ""atr_period"": 14, ""use_ha"": false}, ""r&s"": {""srb_left"": 10, ""srb_right"": 10}, ""atr"": {""atr_length"": 14, ""atr_mult"": 1.0}}",INFOBIRD CO LTD,1D,,,,,,
2026-08-24 00:00:00,Short,QNC,2.04,-4.23%,2.27,utb,参数一,"{""utb"": {""key_value"": 2, ""atr_period"": 14, ""use_ha"": false}, ""r&s"": {""srb_left"": 10, ""srb_right"": 10}, ""atr"": {""atr_length"": 14, ""atr_mult"": 1.0}}",QUANTUM EMOTION CORP,1D,,,,,,
2026-08-24 00:00:00,Long,TWFG,30.27,4.52%,28.01,sqz,参数一,"{""sqz"": {""bb_length"": 15, ""bb_mult"": 1.5, ""kc_length"": 15, ""kc_mult"": 1.2, ""min_sqz_bars"": 4}, ""r&s"": {""srb_left"": 10, ""srb_right"": 10}, ""atr"": {""atr_length"": 14, ""atr_mult"": 1.0}}",TWFG INC,1D,压力释放,27.0-21.3-20.56-21.0-29.59,低-低-高-高,21.11%-3.47%-2.14%-40.90%,12.0,14.71
2026-08-24 00:00:00,Long,ENTA,14.1,4.68%,12.16,utb,参数一,"{""utb"": {""key_value"": 2, ""atr_period"": 14, ""use_ha"": false}, ""r&s"": {""srb_left"": 10, ""srb_right"": 10}, ""atr"": {""atr_length"": 14, ""atr_mult"": 1.0}}",ENANTA PHARMACEUTICALS INC,1D,,,,,,
2026-08-24 00:00:00,Short,CVBF,22.44,-0.58%,23.11,utb,参数一,"{""utb"": {""key_value"": 2, ""atr_period"": 14, ""use_ha"": false}, ""r&s"": {""srb_left"": 10, ""srb_right"": 10}, ""atr"": {""atr_length"": 14, ""atr_mult"": 1.0}}",CVB FINANCIAL CORP,1D,,,,,,
2026-08-24 00:00:00,Long,KMX,62.8,1.08%,59.24,sqz,参数一,"{""sqz"": {""bb_length"": 15, ""bb_mult"": 1.5, ""kc_length"": 15, ""kc_mult"": 1.2, ""min_sqz_bars"": 4}, ""r&s"": {""srb_left"": 10, ""srb_right"": 10}, ""atr"": {""atr_length"": 14, ""atr_mult"": 1.0}}",CARMAX INC,1D,压力释放,42.06-49.89-45.44-49.44-61.15,高-低-高-高,18.62%-8.92%-8.80%-23.69%,18.0,8.77
2026-08-24 00:00:00,Short,GYRO,5.4,-1.82%,5.55,utb,参数一,"{""utb"": {""key_value"": 2, ""atr_period"": 14, ""use_ha"": false}, ""r&s"": {""srb_left"": 10, ""srb_right"": 10}, ""atr"": {""atr_length"": 14, ""atr_mult"": 1.0}}",GYRODYNE LLC,1D,,,,,,
2026-08-24 00:00:00,Long,KDP,32.51,1.47%,31.24,utb,参数二,"{""utb"": {""key_value"": 3, ""atr_period"": 14, ""use_ha"": false}, ""r&s"": {""srb_left"": 15, ""srb_right"": 15}, ""atr"": {""atr_length"": 14, ""atr_mult"": 1.0}}",KEURIG DR PEPPER INC,1D,,,,,,
2026-08-24 00:00:00,Long,KDP,32.51,1.47%,31.24,mfa,参数二,"{""utb"": {""key_value"": 3, ""atr_period"": 14, ""use_ha"": false}, ""mfa"": {""mfa_all"": 23}}",KEURIG DR PEPPER INC,1D,,,,,,
2026-08-24 00:00:00,Long,DRMA,1.63,14.79%,1.26,sqz,参数二,"{""sqz"": {""bb_length"": 20, ""bb_mult"": 1.8, ""kc_length"": 20, ""kc_mult"": 1.5, ""min_sqz_bars"": 4}, ""r&s"": {""srb_left"": 15, ""srb_right"": 15}, ""atr"": {""atr_length"": 14, ""atr_mult"": 1.0}}",DERMATA THERAPEUTICS INC,1D,一直亮绿,4.66-1.84-1.41-1.4-1.52,低-低-低-高,60.52%-23.37%-0.71%-8.57%,34.0,59.83
2026-08-24 00:00:00,Long,AIRT,32.33,12.45%,26.39,utb,参数一,"{""utb"": {""key_value"": 2, ""atr_period"": 14, ""use_ha"": false}, ""r&s"": {""srb_left"": 10, ""srb_right"": 10}, ""atr"": {""atr_length"": 14, ""atr_mult"": 1.0}}",AIR T INC,1D,,,,,,
2026-08-24 00:00:00,Short,CR,206.33,-1.00%,219.57,utb,参数二,"{""utb"": {""key_value"": 3, ""atr_period"": 14, ""use_ha"": false}, ""r&s"": {""srb_left"": 15, ""srb_right"": 15}, ""atr"": {""atr_length"": 14, ""atr_mult"": 1.0}}",CRANE CO,1D,,,,,,
2026-08-24 00:00:00,Short,SSTI,6.02,-2.43%,6.63,sqz,参数二,"{""sqz"": {""bb_length"": 20, ""bb_mult"": 1.8, ""kc_length"": 20, ""kc_mult"": 1.5, ""min_sqz_bars"": 4}, ""r&s"": {""srb_left"": 15, ""srb_right"": 15}, ""atr"": {""atr_length"": 14, ""atr_mult"": 1.0}}",SOUNDTHINKING INC,1D,一直亮红,5.78-6.45-6.04-6.18-6.13,高-低-高-低,11.59%-6.36%-2.32%-0.81%,68.0,63.62
2026-08-24 00:00:00,Long,BHAV,10.01,0.10%,10.0,utb,参数一,"{""utb"": {""key_value"": 2, ""atr_period"": 14, ""use_ha"": false}, ""r&s"": {""srb_left"": 10, ""srb_right"": 10}, ""atr"": {""atr_length"": 14, ""atr_mult"": 1.0}}",BHAV ACQUISITION CORP - CL A,1D,,,,,,
2026-08-24 00:00:00,Long,CHD,102.53,3.78%,97.17,utb,参数一,"{""utb"": {""key_value"": 2, ""atr_period"": 14, ""use_ha"": false}, ""r&s"": {""srb_left"": 10, ""srb_right"": 10}, ""atr"": {""atr_length"": 14, ""atr_mult"": 1.0}}",CHURCH & DWIGHT CO INC,1D,,,,,,
2026-08-24 00:00:00,Long,ETSY,87.03,7.40%,76.88,utb,参数一,"{""utb"": {""key_value"": 2, ""atr_period"": 14, ""use_ha"": false}, ""r&s"": {""srb_left"": 10, ""srb_right"": 10}, ""atr"": {""atr_length"": 14, ""atr_mult"": 1.0}}",ETSY INC,1D,,,,,,
2026-08-24 00:00:00,Short,VIRT,66.29,-2.41%,70.81,suf,参数一,"{""suf"": {""timeframe"": ""d""}}",VIRTU FINANCIAL INC-CLASS A,1D,,,,,,
2026-08-24 00:00:00,Short,VIRT,66.29,-2.41%,70.81,suf,参数二,"{""suf"": {""timeframe"": ""d""}}",VIRTU FINANCIAL INC-CLASS A,1D,,,,,,
2026-08-24 00:00:00,Short,HWH,1.89,-9.13%,2.21,suf,参数一,"{""suf"": {""timeframe"": ""d""}}",HWH INTERNATIONAL INC,1D,,,,,,
2026-08-24 00:00:00,Short,HWH,1.89,-9.13%,2.21,suf,参数二,"{""suf"": {""timeframe"": ""d""}}",HWH INTERNATIONAL INC,1D,,,,,,
2026-08-24 00:00:00,Short,BTQ,3.29,-6.53%,3.8,utb,参数二,"{""utb"": {""key_value"": 3, ""atr_period"": 14, ""use_ha"": false}, ""r&s"": {""srb_left"": 15, ""srb_right"": 15}, ""atr"": {""atr_length"": 14, ""atr_mult"": 1.0}}",BTQ TECHNOLOGIES CORP,1D,,,,,,
2026-08-24 00:00:00,Short,PCT,6.61,-2.79%,7.31,utb,参数一,"{""utb"": {""key_value"": 2, ""atr_period"": 14, ""use_ha"": false}, ""r&s"": {""srb_left"": 10, ""srb_right"": 10}, ""atr"": {""atr_length"": 14, ""atr_mult"": 1.0}}",PURECYCLE TECHNOLOGIES INC,1D,,,,,,
2026-08-24 00:00:00,Long,V,382.41,3.06%,364.88,sqz,参数一,"{""sqz"": {""bb_length"": 15, ""bb_mult"": 1.5, ""kc_length"": 15, ""kc_mult"": 1.2, ""min_sqz_bars"": 4}, ""r&s"": {""srb_left"": 10, ""srb_right"": 10}, ""atr"": {""atr_length"": 14, ""atr_mult"": 1.0}}",VISA INC-CLASS A SHARES,1D,压力释放,335.57-324.49-340.64-334.55-373.28,低-高-低-高,3.30%-4.98%-1.79%-11.58%,18.0,5.2
2026-08-24 00:00:00,Short,NTRP,1.26,-5.24%,1.51,sqz,参数二,"{""sqz"": {""bb_length"": 20, ""bb_mult"": 1.8, ""kc_length"": 20, ""kc_mult"": 1.5, ""min_sqz_bars"": 4}, ""r&s"": {""srb_left"": 15, ""srb_right"": 15}, ""atr"": {""atr_length"": 14, ""atr_mult"": 1.0}}",NEXTTRIP INC,1D,一直释放,2.94-2.63-2.7-2.1-1.8,低-高-低-低,10.54%-2.66%-22.22%-14.29%,45.0,21.67
2026-08-24 00:00:00,Long,CIA,3.94,4.79%,3.5,suf,参数一,"{""suf"": {""timeframe"": ""d""}}",CITIZENS INC,1D,,,,,,
2026-08-24 00:00:00,Long,CIA,3.94,4.79%,3.5,suf,参数二,"{""suf"": {""timeframe"": ""d""}}",CITIZENS INC,1D,,,,,,
2026-08-24 00:00:00,Long,PEG,73.53,1.27%,71.18,suf,参数一,"{""suf"": {""timeframe"": ""d""}}",PUBLIC SERVICE ENTERPRISE GP,1D,,,,,,
2026-08-24 00:00:00,Long,PEG,73.53,1.27%,71.18,suf,参数二,"{""suf"": {""timeframe"": ""d""}}",PUBLIC SERVICE ENTERPRISE GP,1D,,,,,,
2026-08-24 00:00:00,Long,NVGS,22.33,0.81%,21.35,utb,参数二,"{""utb"": {""key_value"": 3, ""atr_period"": 14, ""use_ha"": false}, ""r&s"": {""srb_left"": 15, ""srb_right"": 15}, ""atr"": {""atr_length"": 14, ""atr_mult"": 1.0}}",NAVIGATOR HOLDINGS LTD,1D,,,,,,
2026-08-24 00:00:00,Long,ROST,241.52,1.04%,229.05,utb,参数一,"{""utb"": {""key_value"": 2, ""atr_period"": 14, ""use_ha"": false}, ""r&s"": {""srb_left"": 10, ""srb_right"": 10}, ""atr"": {""atr_length"": 14, ""atr_mult"": 1.0}}",ROSS STORES INC,1D,,,,,,
2026-08-24 00:00:00,Short,BLIV,2.1,0.00%,2.21,sqz,参数一,"{""sqz"": {""bb_length"": 15, ""bb_mult"": 1.5, ""kc_length"": 15, ""kc_mult"": 1.2, ""min_sqz_bars"": 4}, ""r&s"": {""srb_left"": 10, ""srb_right"": 10}, ""atr"": {""atr_length"": 14, ""atr_mult"": 1.0}}",BELIVE HOLDINGS,1D,支撑释放,2.8-1.91-2.08-2.07-2.1,低-高-低-高,31.79%-8.90%-0.48%-1.45%,32.0,24.29
2026-08-24 00:00:00,Short,MGYR,19.26,-1.73%,20.1,suf,参数一,"{""suf"": {""timeframe"": ""d""}}",MAGYAR BANCORP INC,1D,,,,,,
2026-08-24 00:00:00,Short,MGYR,19.26,-1.73%,20.1,suf,参数二,"{""suf"": {""timeframe"": ""d""}}",MAGYAR BANCORP INC,1D,,,,,,
2026-08-24 00:00:00,Short,TWIN,22.62,-3.42%,24.93,utb,参数一,"{""utb"": {""key_value"": 2, ""atr_period"": 14, ""use_ha"": false}, ""r&s"": {""srb_left"": 10, ""srb_right"": 10}, ""atr"": {""atr_length"": 14, ""atr_mult"": 1.0}}",TWIN DISC INC,1D,,,,,,
2026-08-24 00:00:00,Short,NCEW,16.35,-1.75%,16.88,utb,参数一,"{""utb"": {""key_value"": 2, ""atr_period"": 14, ""use_ha"": false}, ""r&s"": {""srb_left"": 10, ""srb_right"": 10}, ""atr"": {""atr_length"": 14, ""atr_mult"": 1.0}}",NEW CENTURY LOGISTICS BVI LT,1D,,,,,,
2026-08-24 00:00:00,Short,VELO,12.47,-6.21%,14.22,utb,参数一,"{""utb"": {""key_value"": 2, ""atr_period"": 14, ""use_ha"": false}, ""r&s"": {""srb_left"": 10, ""srb_right"": 10}, ""atr"": {""atr_length"": 14, ""atr_mult"": 1.0}}",VELO3D INC,1D,,,,,,
2026-08-24 00:00:00,Short,ASTL,4.01,-13.76%,4.81,utb,参数一,"{""utb"": {""key_value"": 2, ""atr_period"": 14, ""use_ha"": false}, ""r&s"": {""srb_left"": 10, ""srb_right"": 10}, ""atr"": {""atr_length"": 14, ""atr_mult"": 1.0}}",ALGOMA STEEL GROUP INC,1D,,,,,,
2026-08-24 00:00:00,Short,HUBB,466.76,-0.70%,487.91,utb,参数二,"{""utb"": {""key_value"": 3, ""atr_period"": 14, ""use_ha"": false}, ""r&s"": {""srb_left"": 15, ""srb_right"": 15}, ""atr"": {""atr_length"": 14, ""atr_mult"": 1.0}}",HUBBELL INC,1D,,,,,,
2026-08-24 00:00:00,Short,CVX,203.09,-1.06%,209.33,suf,参数一,"{""suf"": {""timeframe"": ""d""}}",CHEVRON CORP,1D,,,,,,
2026-08-24 00:00:00,Short,CVX,203.09,-1.06%,209.33,suf,参数二,"{""suf"": {""timeframe"": ""d""}}",CHEVRON CORP,1D,,,,,,
2026-08-24 00:00:00,Long,SMWB,8.99,9.10%,7.78,sqz,参数一,"{""sqz"": {""bb_length"": 15, ""bb_mult"": 1.5, ""kc_length"": 15, ""kc_mult"": 1.2, ""min_sqz_bars"": 4}, ""r&s"": {""srb_left"": 10, ""srb_right"": 10}, ""atr"": {""atr_length"": 14, ""atr_mult"": 1.0}}",SIMILARWEB LTD,1D,一直释放,nan-7.94-7.7-2.97-7.54,低-低-低-高,nan%-3.02%-61.44%-153.96%,28.0,26.72
2026-08-24 00:00:00,Short,CRNC,7.57,-6.08%,8.5,sqz,参数一,"{""sqz"": {""bb_length"": 15, ""bb_mult"": 1.5, ""kc_length"": 15, ""kc_mult"": 1.2, ""min_sqz_bars"": 4}, ""r&s"": {""srb_left"": 10, ""srb_right"": 10}, ""atr"": {""atr_length"": 14, ""atr_mult"": 1.0}}",CERENCE INC,1D,支撑释放,6.41-5.85-8.97-9.4-7.8,低-高-高-低,8.74%-53.33%-4.83%-17.05%,18.0,22.88
2026-08-24 00:00:00,Short,CRNC,7.57,-6.08%,8.5,sqz,参数二,"{""sqz"": {""bb_length"": 20, ""bb_mult"": 1.8, ""kc_length"": 20, ""kc_mult"": 1.5, ""min_sqz_bars"": 4}, ""r&s"": {""srb_left"": 15, ""srb_right"": 15}, ""atr"": {""atr_length"": 14, ""atr_mult"": 1.0}}",CERENCE INC,1D,支撑释放,nan-10.57-6.41-5.85-7.8,低-低-低-高,nan%-39.36%-8.74%-33.33%,18.0,22.88
2026-08-24 00:00:00,Short,DOO,63.77,-6.28%,70.13,utb,参数一,"{""utb"": {""key_value"": 2, ""atr_period"": 14, ""use_ha"": false}, ""r&s"": {""srb_left"": 10, ""srb_right"": 10}, ""atr"": {""atr_length"": 14, ""atr_mult"": 1.0}}",BRP INC/CA- SUB VOTING,1D,,,,,,
2026-08-24 00:00:00,Short,GILT,9.95,-5.24%,10.8,sqz,参数一,"{""sqz"": {""bb_length"": 15, ""bb_mult"": 1.5, ""kc_length"": 15, ""kc_mult"": 1.2, ""min_sqz_bars"": 4}, ""r&s"": {""srb_left"": 10, ""srb_right"": 10}, ""atr"": {""atr_length"": 14, ""atr_mult"": 1.0}}",GILAT SATELLITE NETWORKS LTD,1D,支撑释放,12.91-14.19-16.1-14.9-10.1,高-高-低-低,9.91%-13.46%-7.45%-32.21%,18.0,22.08
2026-08-24 00:00:00,Short,SM,36.46,-1.99%,38.36,suf,参数一,"{""suf"": {""timeframe"": ""d""}}",SM ENERGY CO,1D,,,,,,
2026-08-24 00:00:00,Short,SM,36.46,-1.99%,38.36,suf,参数二,"{""suf"": {""timeframe"": ""d""}}",SM ENERGY CO,1D,,,,,,
2026-08-24 00:00:00,Short,EME,764.9,-1.51%,803.33,utb,参数二,"{""utb"": {""key_value"": 3, ""atr_period"": 14, ""use_ha"": false}, ""r&s"": {""srb_left"": 15, ""srb_right"": 15}, ""atr"": {""atr_length"": 14, ""atr_mult"": 1.0}}",EMCOR GROUP INC,1D,,,,,,
2026-08-24 00:00:00,Short,PDYN,5.78,-5.71%,6.42,utb,参数一,"{""utb"": {""key_value"": 2, ""atr_period"": 14, ""use_ha"": false}, ""r&s"": {""srb_left"": 10, ""srb_right"": 10}, ""atr"": {""atr_length"": 14, ""atr_mult"": 1.0}}",PALLADYNE AI CORP,1D,,,,,,
2026-08-24 00:00:00,Long,ATOS,2.64,3.94%,2.25,sqz,参数二,"{""sqz"": {""bb_length"": 20, ""bb_mult"": 1.8, ""kc_length"": 20, ""kc_mult"": 1.5, ""min_sqz_bars"": 4}, ""r&s"": {""srb_left"": 15, ""srb_right"": 15}, ""atr"": {""atr_length"": 14, ""atr_mult"": 1.0}}",ATOSSA THERAPEUTICS INC,1D,一直亮绿,14.85-10.95-6.09-6.28-2.6,低-低-高-低,26.26%-44.38%-3.12%-58.60%,24.0,26.83
2026-08-24 00:00:00,Short,PCAP,10.35,-0.10%,10.36,suf,参数一,"{""suf"": {""timeframe"": ""d""}}",PROCAP ACQUISITION CORP - A,1D,,,,,,
2026-08-24 00:00:00,Short,PCAP,10.35,-0.10%,10.36,suf,参数二,"{""suf"": {""timeframe"": ""d""}}",PROCAP ACQUISITION CORP - A,1D,,,,,,
2026-08-24 00:00:00,Short,TGEN,3.11,-9.06%,3.74,utb,参数二,"{""utb"": {""key_value"": 3, ""atr_period"": 14, ""use_ha"": false}, ""r&s"": {""srb_left"": 15, ""srb_right"": 15}, ""atr"": {""atr_length"": 14, ""atr_mult"": 1.0}}",TECOGEN INC/WALTHAM MA,1D,,,,,,
2026-08-24 00:00:00,Long,XZO,17.46,3.50%,16.02,utb,参数二,"{""utb"": {""key_value"": 3, ""atr_period"": 14, ""use_ha"": false}, ""r&s"": {""srb_left"": 15, ""srb_right"": 15}, ""atr"": {""atr_length"": 14, ""atr_mult"": 1.0}}",EXZEO GROUP INC,1D,,,,,,
2026-08-24 00:00:00,Long,CPB,24.16,0.88%,23.16,sqz,参数一,"{""sqz"": {""bb_length"": 15, ""bb_mult"": 1.5, ""kc_length"": 15, ""kc_mult"": 1.2, ""min_sqz_bars"": 4}, ""r&s"": {""srb_left"": 10, ""srb_right"": 10}, ""atr"": {""atr_length"": 14, ""atr_mult"": 1.0}}",THE CAMPBELL'S COMPANY,1D,压力释放,21.84-21.11-22.85-23.67-23.44,低-高-高-低,3.33%-8.24%-3.57%-0.97%,19.0,7.82
2026-08-24 00:00:00,Long,CPB,24.16,0.88%,23.16,sqz,参数二,"{""sqz"": {""bb_length"": 20, ""bb_mult"": 1.8, ""kc_length"": 20, ""kc_mult"": 1.5, ""min_sqz_bars"": 4}, ""r&s"": {""srb_left"": 15, ""srb_right"": 15}, ""atr"": {""atr_length"": 14, ""atr_mult"": 1.0}}",THE CAMPBELL'S COMPANY,1D,压力释放,30.5-28.98-21.84-21.11-23.67,低-低-低-高,4.99%-24.63%-3.33%-12.11%,34.0,11.23
2026-08-24 00:00:00,Long,RFAM,9.96,0.50%,9.93,utb,参数一,"{""utb"": {""key_value"": 2, ""atr_period"": 14, ""use_ha"": false}, ""r&s"": {""srb_left"": 10, ""srb_right"": 10}, ""atr"": {""atr_length"": 14, ""atr_mult"": 1.0}}",RF ACQUISITION CORP III,1D,,,,,,
2026-08-24 00:00:00,Short,CLOV,4.11,-0.96%,4.42,sqz,参数一,"{""sqz"": {""bb_length"": 15, ""bb_mult"": 1.5, ""kc_length"": 15, ""kc_mult"": 1.2, ""min_sqz_bars"": 4}, ""r&s"": {""srb_left"": 10, ""srb_right"": 10}, ""atr"": {""atr_length"": 14, ""atr_mult"": 1.0}}",CLOVER HEALTH INVESTMENTS CO,1D,支撑释放,nan-2.16-2.31-1.58-4.12,低-高-低-高,nan%-6.94%-31.60%-160.76%,13.0,25.97
2026-08-24 00:00:00,Short,TEM,66.17,-8.97%,76.6,suf,参数一,"{""suf"": {""timeframe"": ""d""}}",TEMPUS AI INC-CL A,1D,,,,,,
2026-08-24 00:00:00,Short,TEM,66.17,-8.97%,76.6,suf,参数二,"{""suf"": {""timeframe"": ""d""}}",TEMPUS AI INC-CL A,1D,,,,,,
2026-08-24 00:00:00,Long,BMEA,1.59,16.06%,1.4,utb,参数二,"{""utb"": {""key_value"": 3, ""atr_period"": 14, ""use_ha"": false}, ""r&s"": {""srb_left"": 15, ""srb_right"": 15}, ""atr"": {""atr_length"": 14, ""atr_mult"": 1.0}}",BIOMEA FUSION INC,1D,,,,,,
2026-08-24 00:00:00,Long,FIVE,262.72,4.99%,237.27,sqz,参数二,"{""sqz"": {""bb_length"": 20, ""bb_mult"": 1.8, ""kc_length"": 20, ""kc_mult"": 1.5, ""min_sqz_bars"": 4}, ""r&s"": {""srb_left"": 15, ""srb_right"": 15}, ""atr"": {""atr_length"": 14, ""atr_mult"": 1.0}}",FIVE BELOW,1D,一直释放,nan-205.22-251.63-232.5,低-高-低,nan%-22.61%-7.60%,58.0,34.32
2026-08-24 00:00:00,Short,PEW,2.43,-2.80%,2.64,utb,参数一,"{""utb"": {""key_value"": 2, ""atr_period"": 14, ""use_ha"": false}, ""r&s"": {""srb_left"": 10, ""srb_right"": 10}, ""atr"": {""atr_length"": 14, ""atr_mult"": 1.0}}",GRABAGUN DIGITAL HOLDINGS IN,1D,,,,,,
2026-08-24 00:00:00,Short,FDMT,15.39,-2.78%,16.9,suf,参数一,"{""suf"": {""timeframe"": ""d""}}",4D MOLECULAR THERAPEUTICS IN,1D,,,,,,
2026-08-24 00:00:00,Short,FDMT,15.39,-2.78%,16.9,suf,参数二,"{""suf"": {""timeframe"": ""d""}}",4D MOLECULAR THERAPEUTICS IN,1D,,,,,,
2026-08-24 00:00:00,Short,LTRX,5.74,-4.01%,6.28,utb,参数一,"{""utb"": {""key_value"": 2, ""atr_period"": 14, ""use_ha"": false}, ""r&s"": {""srb_left"": 10, ""srb_right"": 10}, ""atr"": {""atr_length"": 14, ""atr_mult"": 1.0}}",LANTRONIX INC,1D,,,,,,
2026-08-24 00:00:00,Long,WTW,350.75,2.56%,335.09,utb,参数一,"{""utb"": {""key_value"": 2, ""atr_period"": 14, ""use_ha"": false}, ""r&s"": {""srb_left"": 10, ""srb_right"": 10}, ""atr"": {""atr_length"": 14, ""atr_mult"": 1.0}}",WILLIS TOWERS WATSON PLC,1D,,,,,,
2026-08-24 00:00:00,Long,WBTN,9.59,8.98%,8.23,utb,参数一,"{""utb"": {""key_value"": 2, ""atr_period"": 14, ""use_ha"": false}, ""r&s"": {""srb_left"": 10, ""srb_right"": 10}, ""atr"": {""atr_length"": 14, ""atr_mult"": 1.0}}",WEBTOON ENTERTAINMENT INC,1D,,,,,,
2026-08-24 00:00:00,Long,WBTN,9.59,8.98%,8.23,mfa,参数一,"{""utb"": {""key_value"": 2, ""atr_period"": 14, ""use_ha"": false}, ""mfa"": {""mfa_all"": 29}}",WEBTOON ENTERTAINMENT INC,1D,,,,,,
2026-08-24 00:00:00,Long,ATAI,7.38,0.00%,7.17,sqz,参数一,"{""sqz"": {""bb_length"": 15, ""bb_mult"": 1.5, ""kc_length"": 15, ""kc_mult"": 1.2, ""min_sqz_bars"": 4}, ""r&s"": {""srb_left"": 10, ""srb_right"": 10}, ""atr"": {""atr_length"": 14, ""atr_mult"": 1.0}}",ATAIBECKLEY INC,1D,一直释放,4.17-4.4-5.51-5.0-7.22,高-高-低-高,5.52%-25.23%-9.26%-44.40%,26.0,1.98
2026-08-24 00:00:00,Short,AIXC,0.94,-16.34%,1.34,utb,参数一,"{""utb"": {""key_value"": 2, ""atr_period"": 14, ""use_ha"": false}, ""r&s"": {""srb_left"": 10, ""srb_right"": 10}, ""atr"": {""atr_length"": 14, ""atr_mult"": 1.0}}",AIXCRYPTO HOLDINGS INC,1D,,,,,,
2026-08-24 00:00:00,Long,UVV,45.62,1.38%,43.88,suf,参数一,"{""suf"": {""timeframe"": ""d""}}",UNIVERSAL CORP/VA,1D,,,,,,
2026-08-24 00:00:00,Long,UVV,45.62,1.38%,43.88,suf,参数二,"{""suf"": {""timeframe"": ""d""}}",UNIVERSAL CORP/VA,1D,,,,,,
2026-08-24 00:00:00,Long,CING,5.68,2.34%,5.01,utb,参数二,"{""utb"": {""key_value"": 3, ""atr_period"": 14, ""use_ha"": false}, ""r&s"": {""srb_left"": 15, ""srb_right"": 15}, ""atr"": {""atr_length"": 14, ""atr_mult"": 1.0}}",CINGULATE INC,1D,,,,,,
2026-08-24 00:00:00,Long,BTG,5.72,3.62%,5.36,sqz,参数二,"{""sqz"": {""bb_length"": 20, ""bb_mult"": 1.8, ""kc_length"": 20, ""kc_mult"": 1.5, ""min_sqz_bars"": 4}, ""r&s"": {""srb_left"": 15, ""srb_right"": 15}, ""atr"": {""atr_length"": 14, ""atr_mult"": 1.0}}",B2GOLD CORP,1D,一直亮绿,nan-4.82-5.86-6.23-5.56,低-高-高-低,nan%-21.60%-6.43%-10.79%,72.0,55.8
2026-08-24 00:00:00,Short,DOCN,111.54,-3.55%,126.05,utb,参数一,"{""utb"": {""key_value"": 2, ""atr_period"": 14, ""use_ha"": false}, ""r&s"": {""srb_left"": 10, ""srb_right"": 10}, ""atr"": {""atr_length"": 14, ""atr_mult"": 1.0}}",DIGITALOCEAN HOLDINGS INC,1D,,,,,,
2026-08-24 00:00:00,Short,TCRT,1.72,-2.27%,1.88,sqz,参数一,"{""sqz"": {""bb_length"": 15, ""bb_mult"": 1.5, ""kc_length"": 15, ""kc_mult"": 1.2, ""min_sqz_bars"": 4}, ""r&s"": {""srb_left"": 10, ""srb_right"": 10}, ""atr"": {""atr_length"": 14, ""atr_mult"": 1.0}}",ALAUNOS THERAPEUTICS INC,1D,支撑释放,2.34-2.67-2.37-1.92-1.81,高-低-低-低,14.10%-11.24%-18.99%-5.73%,21.0,13.26
2026-08-24 00:00:00,Short,TCRT,1.72,-2.27%,1.88,sqz,参数二,"{""sqz"": {""bb_length"": 20, ""bb_mult"": 1.8, ""kc_length"": 20, ""kc_mult"": 1.5, ""min_sqz_bars"": 4}, ""r&s"": {""srb_left"": 15, ""srb_right"": 15}, ""atr"": {""atr_length"": 14, ""atr_mult"": 1.0}}",ALAUNOS THERAPEUTICS INC,1D,支撑释放,nan-2.34-2.67-1.92-1.81,低-高-低-低,nan%-14.10%-28.09%-5.73%,21.0,13.26
2026-08-24 00:00:00,Long,LTH,45.73,1.37%,44.08,utb,参数一,"{""utb"": {""key_value"": 2, ""atr_period"": 14, ""use_ha"": false}, ""r&s"": {""srb_left"": 10, ""srb_right"": 10}, ""atr"": {""atr_length"": 14, ""atr_mult"": 1.0}}",LIFE TIME GROUP HOLDINGS INC,1D,,,,,,
2026-08-24 00:00:00,Short,ADGM,0.59,-9.09%,0.75,utb,参数一,"{""utb"": {""key_value"": 2, ""atr_period"": 14, ""use_ha"": false}, ""r&s"": {""srb_left"": 10, ""srb_right"": 10}, ""atr"": {""atr_length"": 14, ""atr_mult"": 1.0}}",ADAGIO MEDICAL HOLDINGS INC,1D,,,,,,
2026-08-24 00:00:00,Short,APXT,10.1,-0.05%,10.13,utb,参数一,"{""utb"": {""key_value"": 2, ""atr_period"": 14, ""use_ha"": false}, ""r&s"": {""srb_left"": 10, ""srb_right"": 10}, ""atr"": {""atr_length"": 14, ""atr_mult"": 1.0}}",APEX TREASURY CORP-CL A,1D,,,,,,
2026-08-24 00:00:00,Long,IFF,85.81,1.82%,81.94,utb,参数一,"{""utb"": {""key_value"": 2, ""atr_period"": 14, ""use_ha"": false}, ""r&s"": {""srb_left"": 10, ""srb_right"": 10}, ""atr"": {""atr_length"": 14, ""atr_mult"": 1.0}}",INTL FLAVORS & FRAGRANCES,1D,,,,,,
2026-08-24 00:00:00,Long,CGEN,2.59,-1.15%,2.37,sqz,参数二,"{""sqz"": {""bb_length"": 20, ""bb_mult"": 1.8, ""kc_length"": 20, ""kc_mult"": 1.5, ""min_sqz_bars"": 4}, ""r&s"": {""srb_left"": 15, ""srb_right"": 15}, ""atr"": {""atr_length"": 14, ""atr_mult"": 1.0}}",COMPUGEN LTD,1D,压力释放,1.72-2.38-2.35-3.24-2.56,高-低-高-低,38.37%-1.26%-37.87%-20.99%,32.0,17.97
2026-08-24 00:00:00,Short,NTR,74.29,-1.30%,78.04,suf,参数一,"{""suf"": {""timeframe"": ""d""}}",NUTRIEN LTD,1D,,,,,,
2026-08-24 00:00:00,Short,NTR,74.29,-1.30%,78.04,suf,参数二,"{""suf"": {""timeframe"": ""d""}}",NUTRIEN LTD,1D,,,,,,
2026-08-24 00:00:00,Short,KTOS,53.07,-7.17%,60.33,utb,参数二,"{""utb"": {""key_value"": 3, ""atr_period"": 14, ""use_ha"": false}, ""r&s"": {""srb_left"": 15, ""srb_right"": 15}, ""atr"": {""atr_length"": 14, ""atr_mult"": 1.0}}",KRATOS DEFENSE & SECURITY,1D,,,,,,
2026-08-24 00:00:00,Short,CTKB,4.44,-7.69%,5.08,utb,参数一,"{""utb"": {""key_value"": 2, ""atr_period"": 14, ""use_ha"": false}, ""r&s"": {""srb_left"": 10, ""srb_right"": 10}, ""atr"": {""atr_length"": 14, ""atr_mult"": 1.0}}",CYTEK BIOSCIENCES INC,1D,,,,,,
2026-08-24 00:00:00,Short,ISPR,1.37,-8.05%,1.63,utb,参数一,"{""utb"": {""key_value"": 2, ""atr_period"": 14, ""use_ha"": false}, ""r&s"": {""srb_left"": 10, ""srb_right"": 10}, ""atr"": {""atr_length"": 14, ""atr_mult"": 1.0}}",ISPIRE TECHNOLOGY INC,1D,,,,,,
2026-08-24 00:00:00,Long,SFM,86.13,6.23%,77.44,utb,参数一,"{""utb"": {""key_value"": 2, ""atr_period"": 14, ""use_ha"": false}, ""r&s"": {""srb_left"": 10, ""srb_right"": 10}, ""atr"": {""atr_length"": 14, ""atr_mult"": 1.0}}",SPROUTS FARMERS MARKET INC,1D,,,,,,
2026-08-24 00:00:00,Short,OKLO,39.69,-5.70%,44.45,utb,参数一,"{""utb"": {""key_value"": 2, ""atr_period"": 14, ""use_ha"": false}, ""r&s"": {""srb_left"": 10, ""srb_right"": 10}, ""atr"": {""atr_length"": 14, ""atr_mult"": 1.0}}",OKLO INC,1D,,,,,,
2026-08-24 00:00:00,Short,RKLB,68.28,-5.91%,76.88,utb,参数一,"{""utb"": {""key_value"": 2, ""atr_period"": 14, ""use_ha"": false}, ""r&s"": {""srb_left"": 10, ""srb_right"": 10}, ""atr"": {""atr_length"": 14, ""atr_mult"": 1.0}}",ROCKET LAB CORP,1D,,,,,,
2026-08-24 00:00:00,Long,MCO,511.35,1.60%,492.08,utb,参数二,"{""utb"": {""key_value"": 3, ""atr_period"": 14, ""use_ha"": false}, ""r&s"": {""srb_left"": 15, ""srb_right"": 15}, ""atr"": {""atr_length"": 14, ""atr_mult"": 1.0}}",MOODY'S CORP,1D,,,,,,
2026-08-24 00:00:00,Short,LTGR,9.92,-0.70%,9.94,utb,参数一,"{""utb"": {""key_value"": 2, ""atr_period"": 14, ""use_ha"": false}, ""r&s"": {""srb_left"": 10, ""srb_right"": 10}, ""atr"": {""atr_length"": 14, ""atr_mult"": 1.0}}",LONG TABLE GROWTH CORP-A,1D,,,,,,
2026-08-24 00:00:00,Short,LTGR,9.92,-0.70%,9.94,utb,参数二,"{""utb"": {""key_value"": 3, ""atr_period"": 14, ""use_ha"": false}, ""r&s"": {""srb_left"": 15, ""srb_right"": 15}, ""atr"": {""atr_length"": 14, ""atr_mult"": 1.0}}",LONG TABLE GROWTH CORP-A,1D,,,,,,
2026-08-24 00:00:00,Short,ASPC,11.52,-7.47%,12.52,utb,参数一,"{""utb"": {""key_value"": 2, ""atr_period"": 14, ""use_ha"": false}, ""r&s"": {""srb_left"": 10, ""srb_right"": 10}, ""atr"": {""atr_length"": 14, ""atr_mult"": 1.0}}",A SPAC III ACQUISITION-CL A,1D,,,,,,
2026-08-24 00:00:00,Short,ASPC,11.52,-7.47%,12.52,suf,参数一,"{""suf"": {""timeframe"": ""d""}}",A SPAC III ACQUISITION-CL A,1D,,,,,,
2026-08-24 00:00:00,Short,ASPC,11.52,-7.47%,12.52,utb,参数二,"{""utb"": {""key_value"": 3, ""atr_period"": 14, ""use_ha"": false}, ""r&s"": {""srb_left"": 15, ""srb_right"": 15}, ""atr"": {""atr_length"": 14, ""atr_mult"": 1.0}}",A SPAC III ACQUISITION-CL A,1D,,,,,,
2026-08-24 00:00:00,Short,ASPC,11.52,-7.47%,12.52,suf,参数二,"{""suf"": {""timeframe"": ""d""}}",A SPAC III ACQUISITION-CL A,1D,,,,,,
2026-08-24 00:00:00,Long,SGHC,13.99,5.11%,12.84,utb,参数一,"{""utb"": {""key_value"": 2, ""atr_period"": 14, ""use_ha"": false}, ""r&s"": {""srb_left"": 10, ""srb_right"": 10}, ""atr"": {""atr_length"": 14, ""atr_mult"": 1.0}}",SUPER GROUP SGHC LTD,1D,,,,,,
2026-08-24 00:00:00,Long,SGHC,13.99,5.11%,12.84,mfa,参数一,"{""utb"": {""key_value"": 2, ""atr_period"": 14, ""use_ha"": false}, ""mfa"": {""mfa_all"": 14}}",SUPER GROUP SGHC LTD,1D,,,,,,
2026-08-24 00:00:00,Short,ARQQ,20.13,-4.78%,22.67,utb,参数一,"{""utb"": {""key_value"": 2, ""atr_period"": 14, ""use_ha"": false}, ""r&s"": {""srb_left"": 10, ""srb_right"": 10}, ""atr"": {""atr_length"": 14, ""atr_mult"": 1.0}}",ARQIT QUANTUM INC,1D,,,,,,
2026-08-24 00:00:00,Short,MRNA,138.89,-4.30%,160.43,suf,参数一,"{""suf"": {""timeframe"": ""d""}}",MODERNA INC,1D,,,,,,
2026-08-24 00:00:00,Short,MRNA,138.89,-4.30%,160.43,suf,参数二,"{""suf"": {""timeframe"": ""d""}}",MODERNA INC,1D,,,,,,
2026-08-24 00:00:00,Long,AAP,43.63,2.47%,39.13,suf,参数一,"{""suf"": {""timeframe"": ""d""}}",ADVANCE AUTO PARTS INC,1D,,,,,,
2026-08-24 00:00:00,Long,AAP,43.63,2.47%,39.13,suf,参数二,"{""suf"": {""timeframe"": ""d""}}",ADVANCE AUTO PARTS INC,1D,,,,,,
2026-08-24 00:00:00,Long,VCIG,,nan%,,suf,参数一,"{""suf"": {""timeframe"": ""d""}}",VCI GLOBAL LTD,1D,,,,,,
2026-08-24 00:00:00,Long,VCIG,,nan%,,suf,参数二,"{""suf"": {""timeframe"": ""d""}}",VCI GLOBAL LTD,1D,,,,,,
2026-08-24 00:00:00,Long,TACH,10.52,0.43%,10.5,utb,参数一,"{""utb"": {""key_value"": 2, ""atr_period"": 14, ""use_ha"": false}, ""r&s"": {""srb_left"": 10, ""srb_right"": 10}, ""atr"": {""atr_length"": 14, ""atr_mult"": 1.0}}",TITAN ACQUISITION CORP-CL A,1D,,,,,,
2026-08-24 00:00:00,Long,SCPQ,10.02,0.10%,10.02,utb,参数一,"{""utb"": {""key_value"": 2, ""atr_period"": 14, ""use_ha"": false}, ""r&s"": {""srb_left"": 10, ""srb_right"": 10}, ""atr"": {""atr_length"": 14, ""atr_mult"": 1.0}}",SOCIAL COMMERCE PARTNER CL-A,1D,,,,,,
2026-08-24 00:00:00,Long,KEYY,9.9,0.20%,9.89,utb,参数一,"{""utb"": {""key_value"": 2, ""atr_period"": 14, ""use_ha"": false}, ""r&s"": {""srb_left"": 10, ""srb_right"": 10}, ""atr"": {""atr_length"": 14, ""atr_mult"": 1.0}}",KEYSTONE ACQUISITION CO-CL A,1D,,,,,,
2026-08-24 00:00:00,Short,CTRM,2.45,-0.81%,2.62,suf,参数一,"{""suf"": {""timeframe"": ""d""}}",CASTOR MARITIME INC,1D,,,,,,
2026-08-24 00:00:00,Short,CTRM,2.45,-0.81%,2.62,suf,参数二,"{""suf"": {""timeframe"": ""d""}}",CASTOR MARITIME INC,1D,,,,,,
2026-08-24 00:00:00,Short,HP,42.49,-2.43%,44.82,suf,参数一,"{""suf"": {""timeframe"": ""d""}}",HELMERICH & PAYNE,1D,,,,,,
2026-08-24 00:00:00,Short,HP,42.49,-2.43%,44.82,suf,参数二,"{""suf"": {""timeframe"": ""d""}}",HELMERICH & PAYNE,1D,,,,,,
2026-08-24 00:00:00,Short,INTC,87.26,-3.12%,95.3,utb,参数一,"{""utb"": {""key_value"": 2, ""atr_period"": 14, ""use_ha"": false}, ""r&s"": {""srb_left"": 10, ""srb_right"": 10}, ""atr"": {""atr_length"": 14, ""atr_mult"": 1.0}}",INTEL CORP,1D,,,,,,
2026-08-24 00:00:00,Short,ASYS,14.0,-4.31%,15.62,utb,参数一,"{""utb"": {""key_value"": 2, ""atr_period"": 14, ""use_ha"": false}, ""r&s"": {""srb_left"": 10, ""srb_right"": 10}, ""atr"": {""atr_length"": 14, ""atr_mult"": 1.0}}",AMTECH SYSTEMS INC,1D,,,,,,
2026-08-24 00:00:00,Long,AMST,1.16,8.41%,0.94,utb,参数一,"{""utb"": {""key_value"": 2, ""atr_period"": 14, ""use_ha"": false}, ""r&s"": {""srb_left"": 10, ""srb_right"": 10}, ""atr"": {""atr_length"": 14, ""atr_mult"": 1.0}}",AMESITE INC,1D,,,,,,
2026-08-24 00:00:00,Long,AMST,1.16,8.41%,0.94,utb,参数二,"{""utb"": {""key_value"": 3, ""atr_period"": 14, ""use_ha"": false}, ""r&s"": {""srb_left"": 15, ""srb_right"": 15}, ""atr"": {""atr_length"": 14, ""atr_mult"": 1.0}}",AMESITE INC,1D,,,,,,
2026-08-24 00:00:00,Long,CHPG,10.47,0.19%,10.45,sqz,参数二,"{""sqz"": {""bb_length"": 20, ""bb_mult"": 1.8, ""kc_length"": 20, ""kc_mult"": 1.5, ""min_sqz_bars"": 4}, ""r&s"": {""srb_left"": 15, ""srb_right"": 15}, ""atr"": {""atr_length"": 14, ""atr_mult"": 1.0}}",CHAMPIONSGATE ACQUISITIO-A,1D,一直释放,nan-10.32,低,nan%,140.0,1.08
2026-08-24 00:00:00,Long,ZJK,2.55,13.33%,1.92,sqz,参数一,"{""sqz"": {""bb_length"": 15, ""bb_mult"": 1.5, ""kc_length"": 15, ""kc_mult"": 1.2, ""min_sqz_bars"": 4}, ""r&s"": {""srb_left"": 10, ""srb_right"": 10}, ""atr"": {""atr_length"": 14, ""atr_mult"": 1.0}}",ZJK INDUSTRIAL CO LTD-A,1D,一直亮绿,2.3-3.41-3.75-3.09-2.29,高-高-低-低,48.26%-9.97%-17.60%-25.89%,28.0,48.6
2026-08-24 00:00:00,Long,ZKP,10.03,0.30%,10.02,utb,参数一,"{""utb"": {""key_value"": 2, ""atr_period"": 14, ""use_ha"": false}, ""r&s"": {""srb_left"": 10, ""srb_right"": 10}, ""atr"": {""atr_length"": 14, ""atr_mult"": 1.0}}",LAFAYETTE DIGITAL ACQUISITIO,1D,,,,,,
2026-08-24 00:00:00,Short,LAES,2.48,-2.36%,2.69,utb,参数二,"{""utb"": {""key_value"": 3, ""atr_period"": 14, ""use_ha"": false}, ""r&s"": {""srb_left"": 15, ""srb_right"": 15}, ""atr"": {""atr_length"": 14, ""atr_mult"": 1.0}}",SEALSQ CORP,1D,,,,,,
2026-08-24 00:00:00,Long,LITS,1.03,4.04%,0.92,utb,参数一,"{""utb"": {""key_value"": 2, ""atr_period"": 14, ""use_ha"": false}, ""r&s"": {""srb_left"": 10, ""srb_right"": 10}, ""atr"": {""atr_length"": 14, ""atr_mult"": 1.0}}",LITE STRATEGY INC,1D,,,,,,
2026-08-24 00:00:00,Short,COAG,46.67,-5.07%,54.22,utb,参数一,"{""utb"": {""key_value"": 2, ""atr_period"": 14, ""use_ha"": false}, ""r&s"": {""srb_left"": 10, ""srb_right"": 10}, ""atr"": {""atr_length"": 14, ""atr_mult"": 1.0}}",HEMAB THERAPEUTICS HOLDINGS,1D,,,,,,
2026-08-24 00:00:00,Short,MMSI,90.28,-0.55%,93.73,suf,参数一,"{""suf"": {""timeframe"": ""d""}}",MERIT MEDICAL SYSTEMS INC,1D,,,,,,
2026-08-24 00:00:00,Short,MMSI,90.28,-0.55%,93.73,suf,参数二,"{""suf"": {""timeframe"": ""d""}}",MERIT MEDICAL SYSTEMS INC,1D,,,,,,
2026-08-24 00:00:00,Long,MTC,3.58,10.84%,2.79,utb,参数一,"{""utb"": {""key_value"": 2, ""atr_period"": 14, ""use_ha"": false}, ""r&s"": {""srb_left"": 10, ""srb_right"": 10}, ""atr"": {""atr_length"": 14, ""atr_mult"": 1.0}}",MMTEC INC,1D,,,,,,
2026-08-24 00:00:00,Long,HUBS,244.17,1.73%,221.18,utb,参数一,"{""utb"": {""key_value"": 2, ""atr_period"": 14, ""use_ha"": false}, ""r&s"": {""srb_left"": 10, ""srb_right"": 10}, ""atr"": {""atr_length"": 14, ""atr_mult"": 1.0}}",HUBSPOT INC,1D,,,,,,
2026-08-24 00:00:00,Long,HAVA,10.19,0.30%,10.16,utb,参数一,"{""utb"": {""key_value"": 2, ""atr_period"": 14, ""use_ha"": false}, ""r&s"": {""srb_left"": 10, ""srb_right"": 10}, ""atr"": {""atr_length"": 14, ""atr_mult"": 1.0}}",HARVARD AVE ACQUISITION-CL A,1D,,,,,,
2026-08-24 00:00:00,Long,HAVA,10.19,0.30%,10.16,utb,参数二,"{""utb"": {""key_value"": 3, ""atr_period"": 14, ""use_ha"": false}, ""r&s"": {""srb_left"": 15, ""srb_right"": 15}, ""atr"": {""atr_length"": 14, ""atr_mult"": 1.0}}",HARVARD AVE ACQUISITION-CL A,1D,,,,,,
2026-08-24 00:00:00,Long,OYSE,10.38,0.29%,10.37,sqz,参数一,"{""sqz"": {""bb_length"": 15, ""bb_mult"": 1.5, ""kc_length"": 15, ""kc_mult"": 1.2, ""min_sqz_bars"": 4}, ""r&s"": {""srb_left"": 10, ""srb_right"": 10}, ""atr"": {""atr_length"": 14, ""atr_mult"": 1.0}}",OYSTER ENTERPRISES II ACQ-A,1D,一直释放,10.15-10.24-10.25-10.28-10.34,高-高-高-高,0.89%-0.10%-0.29%-0.58%,38.0,0.58
2026-08-24 00:00:00,Short,OPHC,9.11,-2.04%,9.9,utb,参数一,"{""utb"": {""key_value"": 2, ""atr_period"": 14, ""use_ha"": false}, ""r&s"": {""srb_left"": 10, ""srb_right"": 10}, ""atr"": {""atr_length"": 14, ""atr_mult"": 1.0}}",OPTIMUMBANK HOLDINGS INC,1D,,,,,,
2026-08-24 00:00:00,Long,GIPR,0.75,151.00%,0.1,utb,参数一,"{""utb"": {""key_value"": 2, ""atr_period"": 14, ""use_ha"": false}, ""r&s"": {""srb_left"": 10, ""srb_right"": 10}, ""atr"": {""atr_length"": 14, ""atr_mult"": 1.0}}",GENERATION INCOME PROPERTIES,1D,,,,,,
2026-08-24 00:00:00,Long,GIPR,0.75,151.00%,0.1,mfa,参数一,"{""utb"": {""key_value"": 2, ""atr_period"": 14, ""use_ha"": false}, ""mfa"": {""mfa_all"": 43}}",GENERATION INCOME PROPERTIES,1D,,,,,,
2026-08-24 00:00:00,Long,GIPR,0.75,151.00%,0.1,suf,参数一,"{""suf"": {""timeframe"": ""d""}}",GENERATION INCOME PROPERTIES,1D,,,,,,
2026-08-24 00:00:00,Long,GIPR,0.75,151.00%,0.1,utb,参数二,"{""utb"": {""key_value"": 3, ""atr_period"": 14, ""use_ha"": false}, ""r&s"": {""srb_left"": 15, ""srb_right"": 15}, ""atr"": {""atr_length"": 14, ""atr_mult"": 1.0}}",GENERATION INCOME PROPERTIES,1D,,,,,,
2026-08-24 00:00:00,Long,GIPR,0.75,151.00%,0.1,mfa,参数二,"{""utb"": {""key_value"": 3, ""atr_period"": 14, ""use_ha"": false}, ""mfa"": {""mfa_all"": 43}}",GENERATION INCOME PROPERTIES,1D,,,,,,
2026-08-24 00:00:00,Long,GIPR,0.75,151.00%,0.1,suf,参数二,"{""suf"": {""timeframe"": ""d""}}",GENERATION INCOME PROPERTIES,1D,,,,,,
2026-08-24 00:00:00,Short,GHM,97.16,-4.27%,106.68,utb,参数二,"{""utb"": {""key_value"": 3, ""atr_period"": 14, ""use_ha"": false}, ""r&s"": {""srb_left"": 15, ""srb_right"": 15}, ""atr"": {""atr_length"": 14, ""atr_mult"": 1.0}}",GRAHAM CORP,1D,,,,,,
2026-08-24 00:00:00,Long,GALT,3.88,5.43%,3.27,utb,参数一,"{""utb"": {""key_value"": 2, ""atr_period"": 14, ""use_ha"": false}, ""r&s"": {""srb_left"": 10, ""srb_right"": 10}, ""atr"": {""atr_length"": 14, ""atr_mult"": 1.0}}",GALECTIN THERAPEUTICS INC,1D,,,,,,
2026-08-24 00:00:00,Long,SKYE,,nan%,,suf,参数一,"{""suf"": {""timeframe"": ""d""}}",SKYE BIOSCIENCE INC,1D,,,,,,
2026-08-24 00:00:00,Long,SKYE,,nan%,,suf,参数二,"{""suf"": {""timeframe"": ""d""}}",SKYE BIOSCIENCE INC,1D,,,,,,
2026-08-24 00:00:00,Short,P,100.44,-7.47%,113.45,utb,参数一,"{""utb"": {""key_value"": 2, ""atr_period"": 14, ""use_ha"": false}, ""r&s"": {""srb_left"": 10, ""srb_right"": 10}, ""atr"": {""atr_length"": 14, ""atr_mult"": 1.0}}",EVERPURE INC-A,1D,,,,,,
2026-08-24 00:00:00,Short,P,100.44,-7.47%,113.45,utb,参数二,"{""utb"": {""key_value"": 3, ""atr_period"": 14, ""use_ha"": false}, ""r&s"": {""srb_left"": 15, ""srb_right"": 15}, ""atr"": {""atr_length"": 14, ""atr_mult"": 1.0}}",EVERPURE INC-A,1D,,,,,,
2026-08-24 00:00:00,Short,SOUL,10.45,-0.17%,10.47,suf,参数一,"{""suf"": {""timeframe"": ""d""}}",SOULPOWER ACQUISITION CO-A,1D,,,,,,
2026-08-24 00:00:00,Short,SOUL,10.45,-0.17%,10.47,suf,参数二,"{""suf"": {""timeframe"": ""d""}}",SOULPOWER ACQUISITION CO-A,1D,,,,,,
2026-08-24 00:00:00,Short,MLR,56.75,-0.79%,59.11,suf,参数一,"{""suf"": {""timeframe"": ""d""}}",MILLER INDUSTRIES INC/TENN,1D,,,,,,
2026-08-24 00:00:00,Short,MLR,56.75,-0.79%,59.11,suf,参数二,"{""suf"": {""timeframe"": ""d""}}",MILLER INDUSTRIES INC/TENN,1D,,,,,,
2026-08-24 00:00:00,Long,BOLT,3.74,2.05%,3.35,utb,参数一,"{""utb"": {""key_value"": 2, ""atr_period"": 14, ""use_ha"": false}, ""r&s"": {""srb_left"": 10, ""srb_right"": 10}, ""atr"": {""atr_length"": 14, ""atr_mult"": 1.0}}",BOLT BIOTHERAPEUTICS INC,1D,,,,,,
2026-08-24 00:00:00,Long,SHIP,17.82,1.83%,16.65,utb,参数一,"{""utb"": {""key_value"": 2, ""atr_period"": 14, ""use_ha"": false}, ""r&s"": {""srb_left"": 10, ""srb_right"": 10}, ""atr"": {""atr_length"": 14, ""atr_mult"": 1.0}}",SEANERGY MARITIME HOLDINGS,1D,,,,,,
2026-08-24 00:00:00,Short,DAR,62.32,-5.20%,67.25,utb,参数一,"{""utb"": {""key_value"": 2, ""atr_period"": 14, ""use_ha"": false}, ""r&s"": {""srb_left"": 10, ""srb_right"": 10}, ""atr"": {""atr_length"": 14, ""atr_mult"": 1.0}}",DARLING INGREDIENTS INC,1D,,,,,,
2026-08-24 00:00:00,Short,SNX,243.65,-2.59%,256.4,utb,参数一,"{""utb"": {""key_value"": 2, ""atr_period"": 14, ""use_ha"": false}, ""r&s"": {""srb_left"": 10, ""srb_right"": 10}, ""atr"": {""atr_length"": 14, ""atr_mult"": 1.0}}",TD SYNNEX CORP,1D,,,,,,
2026-08-24 00:00:00,Short,STRT,77.67,-5.04%,85.24,utb,参数二,"{""utb"": {""key_value"": 3, ""atr_period"": 14, ""use_ha"": false}, ""r&s"": {""srb_left"": 15, ""srb_right"": 15}, ""atr"": {""atr_length"": 14, ""atr_mult"": 1.0}}",STRATTEC SECURITY CORP,1D,,,,,,
2026-08-24 00:00:00,Short,SMHI,9.75,-2.11%,10.29,suf,参数一,"{""suf"": {""timeframe"": ""d""}}",SEACOR MARINE HOLDINGS INC,1D,,,,,,
2026-08-24 00:00:00,Short,SMHI,9.75,-2.11%,10.29,suf,参数二,"{""suf"": {""timeframe"": ""d""}}",SEACOR MARINE HOLDINGS INC,1D,,,,,,
2026-08-24 00:00:00,Short,CSTL,33.47,-2.13%,36.34,suf,参数一,"{""suf"": {""timeframe"": ""d""}}",CASTLE BIOSCIENCES INC,1D,,,,,,
2026-08-24 00:00:00,Short,CSTL,33.47,-2.13%,36.34,suf,参数二,"{""suf"": {""timeframe"": ""d""}}",CASTLE BIOSCIENCES INC,1D,,,,,,
2026-08-24 00:00:00,Long,SOLV,91.25,1.88%,86.69,sqz,参数一,"{""sqz"": {""bb_length"": 15, ""bb_mult"": 1.5, ""kc_length"": 15, ""kc_mult"": 1.2, ""min_sqz_bars"": 4}, ""r&s"": {""srb_left"": 10, ""srb_right"": 10}, ""atr"": {""atr_length"": 14, ""atr_mult"": 1.0}}",SOLVENTUM CORP,1D,压力释放,86.36-82.0-71.42-83.42-90.0,低-低-高-高,5.05%-12.90%-16.80%-7.89%,12.0,10.81
2026-08-24 00:00:00,Long,BEBE,10.04,0.50%,10.03,utb,参数一,"{""utb"": {""key_value"": 2, ""atr_period"": 14, ""use_ha"": false}, ""r&s"": {""srb_left"": 10, ""srb_right"": 10}, ""atr"": {""atr_length"": 14, ""atr_mult"": 1.0}}",TGE VALUE CREATIVE SOLU-CL A,1D,,,,,,
2026-08-24 00:00:00,Long,BEBE,10.04,0.50%,10.03,utb,参数二,"{""utb"": {""key_value"": 3, ""atr_period"": 14, ""use_ha"": false}, ""r&s"": {""srb_left"": 15, ""srb_right"": 15}, ""atr"": {""atr_length"": 14, ""atr_mult"": 1.0}}",TGE VALUE CREATIVE SOLU-CL A,1D,,,,,,
2026-08-24 00:00:00,Short,UMAC,24.57,-10.43%,29.65,utb,参数二,"{""utb"": {""key_value"": 3, ""atr_period"": 14, ""use_ha"": false}, ""r&s"": {""srb_left"": 15, ""srb_right"": 15}, ""atr"": {""atr_length"": 14, ""atr_mult"": 1.0}}",UNUSUAL MACHINES INC /US,1D,,,,,,
2026-08-24 00:00:00,Short,ROAD,108.49,-3.28%,117.5,utb,参数一,"{""utb"": {""key_value"": 2, ""atr_period"": 14, ""use_ha"": false}, ""r&s"": {""srb_left"": 10, ""srb_right"": 10}, ""atr"": {""atr_length"": 14, ""atr_mult"": 1.0}}",CONSTRUCTION PARTNERS INC-A,1D,,,,,,
2026-08-24 00:00:00,Long,FOXX,3.1,4.38%,2.54,utb,参数一,"{""utb"": {""key_value"": 2, ""atr_period"": 14, ""use_ha"": false}, ""r&s"": {""srb_left"": 10, ""srb_right"": 10}, ""atr"": {""atr_length"": 14, ""atr_mult"": 1.0}}",FOXX DEVELOPMENT HOLDINGS IN,1D,,,,,,
2026-08-24 00:00:00,Long,FOXX,3.1,4.38%,2.54,mfa,参数一,"{""utb"": {""key_value"": 2, ""atr_period"": 14, ""use_ha"": false}, ""mfa"": {""mfa_all"": 22}}",FOXX DEVELOPMENT HOLDINGS IN,1D,,,,,,
2026-08-24 00:00:00,Long,BWIV,9.94,0.30%,9.91,utb,参数一,"{""utb"": {""key_value"": 2, ""atr_period"": 14, ""use_ha"": false}, ""r&s"": {""srb_left"": 10, ""srb_right"": 10}, ""atr"": {""atr_length"": 14, ""atr_mult"": 1.0}}",BLUE WATER ACQUISITION-CL A,1D,,,,,,
2026-08-24 00:00:00,Short,NPKI,13.16,-3.80%,14.15,utb,参数一,"{""utb"": {""key_value"": 2, ""atr_period"": 14, ""use_ha"": false}, ""r&s"": {""srb_left"": 10, ""srb_right"": 10}, ""atr"": {""atr_length"": 14, ""atr_mult"": 1.0}}",NPK INTERNATIONAL INC,1D,,,,,,
2026-08-24 00:00:00,Long,BNGO,1.22,1.67%,1.12,sqz,参数二,"{""sqz"": {""bb_length"": 20, ""bb_mult"": 1.8, ""kc_length"": 20, ""kc_mult"": 1.5, ""min_sqz_bars"": 4}, ""r&s"": {""srb_left"": 15, ""srb_right"": 15}, ""atr"": {""atr_length"": 14, ""atr_mult"": 1.0}}",BIONANO GENOMICS INC,1D,一直亮绿,1.75-1.47-1.38-1.21,低-低-低,16.00%-6.12%-12.32%,31.0,21.0
2026-08-24 00:00:00,Long,FCFS,236.43,4.95%,214.38,sqz,参数一,"{""sqz"": {""bb_length"": 15, ""bb_mult"": 1.5, ""kc_length"": 15, ""kc_mult"": 1.2, ""min_sqz_bars"": 4}, ""r&s"": {""srb_left"": 10, ""srb_right"": 10}, ""atr"": {""atr_length"": 14, ""atr_mult"": 1.0}}",FIRSTCASH HOLDINGS INC,1D,压力释放,164.29-187.6-198.83-235.07-232.03,高-高-高-低,14.19%-5.99%-18.22%-1.29%,43.0,23.06
2026-08-24 00:00:00,Long,FCFS,236.43,4.95%,214.38,sqz,参数二,"{""sqz"": {""bb_length"": 20, ""bb_mult"": 1.8, ""kc_length"": 20, ""kc_mult"": 1.5, ""min_sqz_bars"": 4}, ""r&s"": {""srb_left"": 15, ""srb_right"": 15}, ""atr"": {""atr_length"": 14, ""atr_mult"": 1.0}}",FIRSTCASH HOLDINGS INC,1D,压力释放,nan-198.83-235.07-232.03,低-高-低,nan%-18.22%-1.29%,43.0,23.06
2026-08-24 00:00:00,Long,CHRW,142.86,0.87%,136.03,suf,参数一,"{""suf"": {""timeframe"": ""d""}}",C.H. ROBINSON WORLDWIDE INC,1D,,,,,,
2026-08-24 00:00:00,Long,CHRW,142.86,0.87%,136.03,suf,参数二,"{""suf"": {""timeframe"": ""d""}}",C.H. ROBINSON WORLDWIDE INC,1D,,,,,,
2026-08-24 00:00:00,Short,OTGA,10.22,-0.10%,10.23,suf,参数一,"{""suf"": {""timeframe"": ""d""}}",OTG ACQUISITION CORP I-CL A,1D,,,,,,
2026-08-24 00:00:00,Short,OTGA,10.22,-0.10%,10.23,suf,参数二,"{""suf"": {""timeframe"": ""d""}}",OTG ACQUISITION CORP I-CL A,1D,,,,,,
2026-08-24 00:00:00,Short,QNT,52.07,-8.00%,61.02,utb,参数二,"{""utb"": {""key_value"": 3, ""atr_period"": 14, ""use_ha"": false}, ""r&s"": {""srb_left"": 15, ""srb_right"": 15}, ""atr"": {""atr_length"": 14, ""atr_mult"": 1.0}}",QUANTINUUM INC-A,1D,,,,,,
2026-08-24 00:00:00,Short,PESI,16.3,-5.78%,18.75,utb,参数一,"{""utb"": {""key_value"": 2, ""atr_period"": 14, ""use_ha"": false}, ""r&s"": {""srb_left"": 10, ""srb_right"": 10}, ""atr"": {""atr_length"": 14, ""atr_mult"": 1.0}}",PERMA-FIX ENVIRONMENTAL SVCS,1D,,,,,,
2026-08-24 00:00:00,Short,REAX,2.4,-9.09%,2.81,utb,参数一,"{""utb"": {""key_value"": 2, ""atr_period"": 14, ""use_ha"": false}, ""r&s"": {""srb_left"": 10, ""srb_right"": 10}, ""atr"": {""atr_length"": 14, ""atr_mult"": 1.0}}",REAL BROKERAGE INC/THE,1D,,,,,,
2026-08-24 00:00:00,Short,REAX,2.4,-9.09%,2.81,suf,参数一,"{""suf"": {""timeframe"": ""d""}}",REAL BROKERAGE INC/THE,1D,,,,,,
2026-08-24 00:00:00,Short,REAX,2.4,-9.09%,2.81,suf,参数二,"{""suf"": {""timeframe"": ""d""}}",REAL BROKERAGE INC/THE,1D,,,,,,
2026-08-24 00:00:00,Short,BREZ,9.95,-0.50%,9.97,utb,参数一,"{""utb"": {""key_value"": 2, ""atr_period"": 14, ""use_ha"": false}, ""r&s"": {""srb_left"": 10, ""srb_right"": 10}, ""atr"": {""atr_length"": 14, ""atr_mult"": 1.0}}",BREEZE ACQUISITION COR -ORD,1D,,,,,,
2026-08-24 00:00:00,Short,BREZ,9.95,-0.50%,9.97,utb,参数二,"{""utb"": {""key_value"": 3, ""atr_period"": 14, ""use_ha"": false}, ""r&s"": {""srb_left"": 15, ""srb_right"": 15}, ""atr"": {""atr_length"": 14, ""atr_mult"": 1.0}}",BREEZE ACQUISITION COR -ORD,1D,,,,,,
2026-08-24 00:00:00,Long,VRSN,290.79,3.19%,273.14,utb,参数一,"{""utb"": {""key_value"": 2, ""atr_period"": 14, ""use_ha"": false}, ""r&s"": {""srb_left"": 10, ""srb_right"": 10}, ""atr"": {""atr_length"": 14, ""atr_mult"": 1.0}}",VERISIGN INC,1D,,,,,,
2026-08-24 00:00:00,Short,ERO,38.55,-2.21%,41.71,suf,参数一,"{""suf"": {""timeframe"": ""d""}}",ERO COPPER CORP,1D,,,,,,
2026-08-24 00:00:00,Short,ERO,38.55,-2.21%,41.71,suf,参数二,"{""suf"": {""timeframe"": ""d""}}",ERO COPPER CORP,1D,,,,,,
2026-08-24 00:00:00,Short,WS,33.38,-4.44%,37.86,utb,参数二,"{""utb"": {""key_value"": 3, ""atr_period"": 14, ""use_ha"": false}, ""r&s"": {""srb_left"": 15, ""srb_right"": 15}, ""atr"": {""atr_length"": 14, ""atr_mult"": 1.0}}",WORTHINGTON STEEL INC,1D,,,,,,
2026-08-24 00:00:00,Long,MITQ,0.59,9.26%,0.5,utb,参数一,"{""utb"": {""key_value"": 2, ""atr_period"": 14, ""use_ha"": false}, ""r&s"": {""srb_left"": 10, ""srb_right"": 10}, ""atr"": {""atr_length"": 14, ""atr_mult"": 1.0}}",MOVING IMAGE TECHNOLOGIES IN,1D,,,,,,
2026-08-24 00:00:00,Short,AMCI,4.83,-25.69%,6.32,utb,参数一,"{""utb"": {""key_value"": 2, ""atr_period"": 14, ""use_ha"": false}, ""r&s"": {""srb_left"": 10, ""srb_right"": 10}, ""atr"": {""atr_length"": 14, ""atr_mult"": 1.0}}",AMC ROBOTICS CORP,1D,,,,,,
2026-08-24 00:00:00,Short,AZTA,32.88,-12.09%,36.02,utb,参数一,"{""utb"": {""key_value"": 2, ""atr_period"": 14, ""use_ha"": false}, ""r&s"": {""srb_left"": 10, ""srb_right"": 10}, ""atr"": {""atr_length"": 14, ""atr_mult"": 1.0}}",AZENTA INC,1D,,,,,,
2026-08-24 00:00:00,Short,AZTA,32.88,-12.09%,36.02,suf,参数一,"{""suf"": {""timeframe"": ""d""}}",AZENTA INC,1D,,,,,,
2026-08-24 00:00:00,Short,AZTA,32.88,-12.09%,36.02,utb,参数二,"{""utb"": {""key_value"": 3, ""atr_period"": 14, ""use_ha"": false}, ""r&s"": {""srb_left"": 15, ""srb_right"": 15}, ""atr"": {""atr_length"": 14, ""atr_mult"": 1.0}}",AZENTA INC,1D,,,,,,
2026-08-24 00:00:00,Short,AZTA,32.88,-12.09%,36.02,suf,参数二,"{""suf"": {""timeframe"": ""d""}}",AZENTA INC,1D,,,,,,
2026-08-24 00:00:00,Short,FRVO,15.47,-8.57%,19.4,sqz,参数一,"{""sqz"": {""bb_length"": 15, ""bb_mult"": 1.5, ""kc_length"": 15, ""kc_mult"": 1.2, ""min_sqz_bars"": 4}, ""r&s"": {""srb_left"": 10, ""srb_right"": 10}, ""atr"": {""atr_length"": 14, ""atr_mult"": 1.0}}",FERVO ENERGY CO-A,1D,一直亮红,nan-16.89,低,nan%,18.0,58.08
2026-08-24 00:00:00,Short,FRVO,15.47,-8.57%,19.4,sqz,参数二,"{""sqz"": {""bb_length"": 20, ""bb_mult"": 1.8, ""kc_length"": 20, ""kc_mult"": 1.5, ""min_sqz_bars"": 4}, ""r&s"": {""srb_left"": 15, ""srb_right"": 15}, ""atr"": {""atr_length"": 14, ""atr_mult"": 1.0}}",FERVO ENERGY CO-A,1D,一直亮红,nan-16.89,低,nan%,18.0,58.08
2026-08-24 00:00:00,Short,CLYM,16.4,-5.09%,18.52,suf,参数一,"{""suf"": {""timeframe"": ""d""}}",CLIMB BIO INC,1D,,,,,,
2026-08-24 00:00:00,Short,CLYM,16.4,-5.09%,18.52,suf,参数二,"{""suf"": {""timeframe"": ""d""}}",CLIMB BIO INC,1D,,,,,,
2026-08-24 00:00:00,Short,IMO,136.95,-0.80%,141.02,suf,参数一,"{""suf"": {""timeframe"": ""d""}}",IMPERIAL OIL LTD,1D,,,,,,
2026-08-24 00:00:00,Short,IMO,136.95,-0.80%,141.02,suf,参数二,"{""suf"": {""timeframe"": ""d""}}",IMPERIAL OIL LTD,1D,,,,,,
2026-08-24 00:00:00,Short,BB,7.65,-4.85%,8.42,sqz,参数一,"{""sqz"": {""bb_length"": 15, ""bb_mult"": 1.5, ""kc_length"": 15, ""kc_mult"": 1.2, ""min_sqz_bars"": 4}, ""r&s"": {""srb_left"": 10, ""srb_right"": 10}, ""atr"": {""atr_length"": 14, ""atr_mult"": 1.0}}",BLACKBERRY LTD,1D,支撑释放,3.71-3.34-3.27-3.12-7.71,低-低-低-高,9.97%-2.10%-4.59%-147.12%,19.0,21.14
2026-08-24 00:00:00,Long,IAUX,1.92,6.08%,1.77,sqz,参数一,"{""sqz"": {""bb_length"": 15, ""bb_mult"": 1.5, ""kc_length"": 15, ""kc_mult"": 1.2, ""min_sqz_bars"": 4}, ""r&s"": {""srb_left"": 10, ""srb_right"": 10}, ""atr"": {""atr_length"": 14, ""atr_mult"": 1.0}}",I-80 GOLD CORP,1D,一直释放,2.24-2.15-1.76-1.65-1.62,低-低-低-低,4.02%-18.14%-6.25%-1.82%,46.0,31.17
2026-08-24 00:00:00,Short,EDTK,0.9,-7.86%,1.0,utb,参数一,"{""utb"": {""key_value"": 2, ""atr_period"": 14, ""use_ha"": false}, ""r&s"": {""srb_left"": 10, ""srb_right"": 10}, ""atr"": {""atr_length"": 14, ""atr_mult"": 1.0}}",SKILLFUL CRAFTSMAN EDUCATION,1D,,,,,,
2026-08-24 00:00:00,Long,DAIC,1.73,306.10%,0.7,utb,参数一,"{""utb"": {""key_value"": 2, ""atr_period"": 14, ""use_ha"": false}, ""r&s"": {""srb_left"": 10, ""srb_right"": 10}, ""atr"": {""atr_length"": 14, ""atr_mult"": 1.0}}",CID HOLDCO INC,1D,,,,,,
2026-08-24 00:00:00,Long,DAIC,1.73,306.10%,0.7,mfa,参数一,"{""utb"": {""key_value"": 2, ""atr_period"": 14, ""use_ha"": false}, ""mfa"": {""mfa_all"": 61}}",CID HOLDCO INC,1D,,,,,,
2026-08-24 00:00:00,Long,DAIC,1.73,306.10%,0.7,suf,参数一,"{""suf"": {""timeframe"": ""d""}}",CID HOLDCO INC,1D,,,,,,
2026-08-24 00:00:00,Long,DAIC,1.73,306.10%,0.7,utb,参数二,"{""utb"": {""key_value"": 3, ""atr_period"": 14, ""use_ha"": false}, ""r&s"": {""srb_left"": 15, ""srb_right"": 15}, ""atr"": {""atr_length"": 14, ""atr_mult"": 1.0}}",CID HOLDCO INC,1D,,,,,,
2026-08-24 00:00:00,Long,DAIC,1.73,306.10%,0.7,mfa,参数二,"{""utb"": {""key_value"": 3, ""atr_period"": 14, ""use_ha"": false}, ""mfa"": {""mfa_all"": 61}}",CID HOLDCO INC,1D,,,,,,
2026-08-24 00:00:00,Long,DAIC,1.73,306.10%,0.7,suf,参数二,"{""suf"": {""timeframe"": ""d""}}",CID HOLDCO INC,1D,,,,,,
2026-08-24 00:00:00,Short,COHR,275.49,-4.85%,311.9,utb,参数二,"{""utb"": {""key_value"": 3, ""atr_period"": 14, ""use_ha"": false}, ""r&s"": {""srb_left"": 15, ""srb_right"": 15}, ""atr"": {""atr_length"": 14, ""atr_mult"": 1.0}}",COHERENT CORP,1D,,,,,,
2026-08-24 00:00:00,Short,QNME,0.31,-7.29%,0.44,utb,参数二,"{""utb"": {""key_value"": 3, ""atr_period"": 14, ""use_ha"": false}, ""r&s"": {""srb_left"": 15, ""srb_right"": 15}, ""atr"": {""atr_length"": 14, ""atr_mult"": 1.0}}",QUANOME TECHNOLOGIES INC,1D,,,,,,
2026-08-24 00:00:00,Long,RSG,223.08,1.09%,217.3,utb,参数二,"{""utb"": {""key_value"": 3, ""atr_period"": 14, ""use_ha"": false}, ""r&s"": {""srb_left"": 15, ""srb_right"": 15}, ""atr"": {""atr_length"": 14, ""atr_mult"": 1.0}}",REPUBLIC SERVICES INC,1D,,,,,,
2026-08-24 00:00:00,Short,UCB,35.4,-0.51%,36.59,utb,参数一,"{""utb"": {""key_value"": 2, ""atr_period"": 14, ""use_ha"": false}, ""r&s"": {""srb_left"": 10, ""srb_right"": 10}, ""atr"": {""atr_length"": 14, ""atr_mult"": 1.0}}",UNITED COMMUNITY BANKS/GA,1D,,,,,,
2026-08-24 00:00:00,Long,SPRB,58.65,13.71%,47.85,sqz,参数二,"{""sqz"": {""bb_length"": 20, ""bb_mult"": 1.8, ""kc_length"": 20, ""kc_mult"": 1.5, ""min_sqz_bars"": 4}, ""r&s"": {""srb_left"": 15, ""srb_right"": 15}, ""atr"": {""atr_length"": 14, ""atr_mult"": 1.0}}",SPRUCE BIOSCIENCES INC,1D,一直亮绿,nan-80.0-57.0,低-低,nan%-28.75%,39.0,41.35
2026-08-24 00:00:00,Short,BCTX,3.46,-14.99%,4.32,utb,参数一,"{""utb"": {""key_value"": 2, ""atr_period"": 14, ""use_ha"": false}, ""r&s"": {""srb_left"": 10, ""srb_right"": 10}, ""atr"": {""atr_length"": 14, ""atr_mult"": 1.0}}",BRIACELL THERAPEUTICS CORP,1D,,,,,,
2026-08-24 00:00:00,Short,CBRS,185.43,-5.46%,215.45,utb,参数二,"{""utb"": {""key_value"": 3, ""atr_period"": 14, ""use_ha"": false}, ""r&s"": {""srb_left"": 15, ""srb_right"": 15}, ""atr"": {""atr_length"": 14, ""atr_mult"": 1.0}}",CEREBRAS SYSTEMS INC - A,1D,,,,,,
2026-08-24 00:00:00,Long,BCDA,1.06,4.95%,0.9,utb,参数二,"{""utb"": {""key_value"": 3, ""atr_period"": 14, ""use_ha"": false}, ""r&s"": {""srb_left"": 15, ""srb_right"": 15}, ""atr"": {""atr_length"": 14, ""atr_mult"": 1.0}}",BIOCARDIA INC,1D,,,,,,
2026-08-24 00:00:00,Short,FIBK,37.24,-0.67%,38.61,utb,参数二,"{""utb"": {""key_value"": 3, ""atr_period"": 14, ""use_ha"": false}, ""r&s"": {""srb_left"": 15, ""srb_right"": 15}, ""atr"": {""atr_length"": 14, ""atr_mult"": 1.0}}",FIRST INTERSTATE BANCSYS-A,1D,,,,,,
2026-08-24 00:00:00,Short,HAWK,20.34,-5.17%,23.02,utb,参数二,"{""utb"": {""key_value"": 3, ""atr_period"": 14, ""use_ha"": false}, ""r&s"": {""srb_left"": 15, ""srb_right"": 15}, ""atr"": {""atr_length"": 14, ""atr_mult"": 1.0}}",HAWKEYE 360 INC,1D,,,,,,
2026-08-24 00:00:00,Long,BRFH,1.29,4.03%,1.11,suf,参数一,"{""suf"": {""timeframe"": ""d""}}",BARFRESH FOOD GROUP INC,1D,,,,,,
2026-08-24 00:00:00,Long,BRFH,1.29,4.03%,1.11,suf,参数二,"{""suf"": {""timeframe"": ""d""}}",BARFRESH FOOD GROUP INC,1D,,,,,,
2026-08-24 00:00:00,Short,BEEM,1.43,-8.92%,1.67,suf,参数一,"{""suf"": {""timeframe"": ""d""}}",BEAM GLOBAL,1D,,,,,,
2026-08-24 00:00:00,Short,BEEM,1.43,-8.92%,1.67,suf,参数二,"{""suf"": {""timeframe"": ""d""}}",BEAM GLOBAL,1D,,,,,,
2026-08-24 00:00:00,Short,LTRN,2.11,-9.83%,2.65,sqz,参数一,"{""sqz"": {""bb_length"": 15, ""bb_mult"": 1.5, ""kc_length"": 15, ""kc_mult"": 1.2, ""min_sqz_bars"": 4}, ""r&s"": {""srb_left"": 10, ""srb_right"": 10}, ""atr"": {""atr_length"": 14, ""atr_mult"": 1.0}}",LANTERN PHARMA INC,1D,支撑释放,2.53-2.45-1.11-1.96-2.51,低-低-高-高,3.16%-54.69%-76.58%-28.06%,17.0,16.33
2026-08-24 00:00:00,Long,KR,59.08,2.04%,56.7,utb,参数一,"{""utb"": {""key_value"": 2, ""atr_period"": 14, ""use_ha"": false}, ""r&s"": {""srb_left"": 10, ""srb_right"": 10}, ""atr"": {""atr_length"": 14, ""atr_mult"": 1.0}}",KROGER CO,1D,,,,,,
2026-08-24 00:00:00,Long,NOMD,12.1,2.46%,11.62,utb,参数一,"{""utb"": {""key_value"": 2, ""atr_period"": 14, ""use_ha"": false}, ""r&s"": {""srb_left"": 10, ""srb_right"": 10}, ""atr"": {""atr_length"": 14, ""atr_mult"": 1.0}}",NOMAD FOODS LTD,1D,,,,,,
2026-08-24 00:00:00,Short,MCHP,74.21,-1.87%,78.99,utb,参数一,"{""utb"": {""key_value"": 2, ""atr_period"": 14, ""use_ha"": false}, ""r&s"": {""srb_left"": 10, ""srb_right"": 10}, ""atr"": {""atr_length"": 14, ""atr_mult"": 1.0}}",MICROCHIP TECHNOLOGY INC,1D,,,,,,
2026-08-24 00:00:00,Short,NVDA,208.48,-2.91%,222.0,utb,参数一,"{""utb"": {""key_value"": 2, ""atr_period"": 14, ""use_ha"": false}, ""r&s"": {""srb_left"": 10, ""srb_right"": 10}, ""atr"": {""atr_length"": 14, ""atr_mult"": 1.0}}",NVIDIA CORP,1D,,,,,,
2026-08-24 00:00:00,Short,BW,7.69,-7.13%,9.2,utb,参数一,"{""utb"": {""key_value"": 2, ""atr_period"": 14, ""use_ha"": false}, ""r&s"": {""srb_left"": 10, ""srb_right"": 10}, ""atr"": {""atr_length"": 14, ""atr_mult"": 1.0}}",BABCOCK & WILCOX ENTERPR,1D,,,,,,
2026-08-24 00:00:00,Short,HLIT,12.01,-3.69%,13.0,utb,参数一,"{""utb"": {""key_value"": 2, ""atr_period"": 14, ""use_ha"": false}, ""r&s"": {""srb_left"": 10, ""srb_right"": 10}, ""atr"": {""atr_length"": 14, ""atr_mult"": 1.0}}",HARMONIC INC,1D,,,,,,
2026-08-24 00:00:00,Long,SOCA,10.34,0.10%,10.33,sqz,参数一,"{""sqz"": {""bb_length"": 15, ""bb_mult"": 1.5, ""kc_length"": 15, ""kc_mult"": 1.2, ""min_sqz_bars"": 4}, ""r&s"": {""srb_left"": 10, ""srb_right"": 10}, ""atr"": {""atr_length"": 14, ""atr_mult"": 1.0}}",SOLARIUS CAPITAL ACQUIS-CL A,1D,一直释放,nan-10.15-10.17,低-高,nan%-0.20%,95.0,0.3
2026-08-24 00:00:00,Long,SOCA,10.34,0.10%,10.33,sqz,参数二,"{""sqz"": {""bb_length"": 20, ""bb_mult"": 1.8, ""kc_length"": 20, ""kc_mult"": 1.5, ""min_sqz_bars"": 4}, ""r&s"": {""srb_left"": 15, ""srb_right"": 15}, ""atr"": {""atr_length"": 14, ""atr_mult"": 1.0}}",SOLARIUS CAPITAL ACQUIS-CL A,1D,一直释放,nan-10.15,低,nan%,127.0,1.4
2026-08-24 00:00:00,Long,QTI,3.31,13.75%,2.63,utb,参数一,"{""utb"": {""key_value"": 2, ""atr_period"": 14, ""use_ha"": false}, ""r&s"": {""srb_left"": 10, ""srb_right"": 10}, ""atr"": {""atr_length"": 14, ""atr_mult"": 1.0}}",QT IMAGING HOLDINGS INC,1D,,,,,,
2026-08-24 00:00:00,Long,AGIG,0.98,2.08%,0.83,utb,参数一,"{""utb"": {""key_value"": 2, ""atr_period"": 14, ""use_ha"": false}, ""r&s"": {""srb_left"": 10, ""srb_right"": 10}, ""atr"": {""atr_length"": 14, ""atr_mult"": 1.0}}",ABUNDIA GLOBAL IMPACT GROUP,1D,,,,,,
2026-08-24 00:00:00,Long,AGIG,0.98,2.08%,0.83,mfa,参数一,"{""utb"": {""key_value"": 2, ""atr_period"": 14, ""use_ha"": false}, ""mfa"": {""mfa_all"": 12}}",ABUNDIA GLOBAL IMPACT GROUP,1D,,,,,,
2026-08-24 00:00:00,Long,NCI,14.85,14.32%,12.02,sqz,参数一,"{""sqz"": {""bb_length"": 15, ""bb_mult"": 1.5, ""kc_length"": 15, ""kc_mult"": 1.2, ""min_sqz_bars"": 4}, ""r&s"": {""srb_left"": 10, ""srb_right"": 10}, ""atr"": {""atr_length"": 14, ""atr_mult"": 1.0}}",NEO-CONCEPT INTL GROUP HLD-A,1D,压力释放,10.56-110.48-9.92-11.29-12.56,高-低-高-高,946.21%-91.02%-13.81%-11.25%,31.0,18.38
2026-08-24 00:00:00,Long,NCI,14.85,14.32%,12.02,utb,参数二,"{""utb"": {""key_value"": 3, ""atr_period"": 14, ""use_ha"": false}, ""r&s"": {""srb_left"": 15, ""srb_right"": 15}, ""atr"": {""atr_length"": 14, ""atr_mult"": 1.0}}",NEO-CONCEPT INTL GROUP HLD-A,1D,,,,,,
2026-08-24 00:00:00,Long,EVER,26.62,5.47%,24.12,utb,参数一,"{""utb"": {""key_value"": 2, ""atr_period"": 14, ""use_ha"": false}, ""r&s"": {""srb_left"": 10, ""srb_right"": 10}, ""atr"": {""atr_length"": 14, ""atr_mult"": 1.0}}",EVERQUOTE INC - CLASS A,1D,,,,,,
2026-08-24 00:00:00,Short,STEX,0.76,-8.16%,0.92,utb,参数二,"{""utb"": {""key_value"": 3, ""atr_period"": 14, ""use_ha"": false}, ""r&s"": {""srb_left"": 15, ""srb_right"": 15}, ""atr"": {""atr_length"": 14, ""atr_mult"": 1.0}}",STREAMEX CORP,1D,,,,,,
2026-08-24 00:00:00,Short,NTRA,327.72,-1.30%,344.58,suf,参数一,"{""suf"": {""timeframe"": ""d""}}",NATERA INC,1D,,,,,,
2026-08-24 00:00:00,Short,NTRA,327.72,-1.30%,344.58,suf,参数二,"{""suf"": {""timeframe"": ""d""}}",NATERA INC,1D,,,,,,
2026-08-24 00:00:00,Long,FWRG,13.17,1.07%,12.4,utb,参数一,"{""utb"": {""key_value"": 2, ""atr_period"": 14, ""use_ha"": false}, ""r&s"": {""srb_left"": 10, ""srb_right"": 10}, ""atr"": {""atr_length"": 14, ""atr_mult"": 1.0}}",FIRST WATCH RESTAURANT GROUP,1D,,,,,,
2026-08-24 00:00:00,Long,FWRG,13.17,1.07%,12.4,mfa,参数一,"{""utb"": {""key_value"": 2, ""atr_period"": 14, ""use_ha"": false}, ""mfa"": {""mfa_all"": 10}}",FIRST WATCH RESTAURANT GROUP,1D,,,,,,
2026-08-24 00:00:00,Short,GYRE,6.44,-6.80%,7.23,utb,参数一,"{""utb"": {""key_value"": 2, ""atr_period"": 14, ""use_ha"": false}, ""r&s"": {""srb_left"": 10, ""srb_right"": 10}, ""atr"": {""atr_length"": 14, ""atr_mult"": 1.0}}",GYRE THERAPEUTICS INC,1D,,,,,,
2026-08-24 00:00:00,Short,SUPN,45.11,-1.61%,47.69,utb,参数一,"{""utb"": {""key_value"": 2, ""atr_period"": 14, ""use_ha"": false}, ""r&s"": {""srb_left"": 10, ""srb_right"": 10}, ""atr"": {""atr_length"": 14, ""atr_mult"": 1.0}}",SUPERNUS PHARMACEUTICALS INC,1D,,,,,,
2026-08-24 00:00:00,Short,CVE,32.17,-2.31%,33.62,suf,参数一,"{""suf"": {""timeframe"": ""d""}}",CENOVUS ENERGY INC,1D,,,,,,
2026-08-24 00:00:00,Short,CVE,32.17,-2.31%,33.62,suf,参数二,"{""suf"": {""timeframe"": ""d""}}",CENOVUS ENERGY INC,1D,,,,,,
2026-08-24 00:00:00,Short,RPID,1.66,-1.19%,1.84,sqz,参数二,"{""sqz"": {""bb_length"": 20, ""bb_mult"": 1.8, ""kc_length"": 20, ""kc_mult"": 1.5, ""min_sqz_bars"": 4}, ""r&s"": {""srb_left"": 15, ""srb_right"": 15}, ""atr"": {""atr_length"": 14, ""atr_mult"": 1.0}}",RAPID MICRO BIOSYSTEMS INC-A,1D,一直亮红,nan-2.7-2.01-1.66,低-低-低,nan%-25.56%-17.41%,47.0,36.14
2026-08-24 00:00:00,Short,HWM,263.29,-3.09%,280.33,utb,参数二,"{""utb"": {""key_value"": 3, ""atr_period"": 14, ""use_ha"": false}, ""r&s"": {""srb_left"": 15, ""srb_right"": 15}, ""atr"": {""atr_length"": 14, ""atr_mult"": 1.0}}",HOWMET AEROSPACE INC,1D,,,,,,
2026-08-24 00:00:00,Short,RAIL,7.15,-2.99%,7.76,sqz,参数二,"{""sqz"": {""bb_length"": 20, ""bb_mult"": 1.8, ""kc_length"": 20, ""kc_mult"": 1.5, ""min_sqz_bars"": 4}, ""r&s"": {""srb_left"": 15, ""srb_right"": 15}, ""atr"": {""atr_length"": 14, ""atr_mult"": 1.0}}",FREIGHTCAR AMERICA INC,1D,一直亮红,nan-7.27-7.66-7.45-7.33,低-高-低-低,nan%-5.36%-2.74%-1.61%,56.0,40.38
2026-08-24 00:00:00,Short,LKSP,10.2,-0.20%,10.21,utb,参数一,"{""utb"": {""key_value"": 2, ""atr_period"": 14, ""use_ha"": false}, ""r&s"": {""srb_left"": 10, ""srb_right"": 10}, ""atr"": {""atr_length"": 14, ""atr_mult"": 1.0}}",LAKE SUPERIOR ACQUISITI-CL A,1D,,,,,,
2026-08-24 00:00:00,Short,LKSP,10.2,-0.20%,10.21,utb,参数二,"{""utb"": {""key_value"": 3, ""atr_period"": 14, ""use_ha"": false}, ""r&s"": {""srb_left"": 15, ""srb_right"": 15}, ""atr"": {""atr_length"": 14, ""atr_mult"": 1.0}}",LAKE SUPERIOR ACQUISITI-CL A,1D,,,,,,
2026-08-24 00:00:00,Short,DIT,67.05,-5.24%,68.42,utb,参数一,"{""utb"": {""key_value"": 2, ""atr_period"": 14, ""use_ha"": false}, ""r&s"": {""srb_left"": 10, ""srb_right"": 10}, ""atr"": {""atr_length"": 14, ""atr_mult"": 1.0}}",AMCON DISTRIBUTING CO,1D,,,,,,
2026-08-24 00:00:00,Short,DIT,67.05,-5.24%,68.42,utb,参数二,"{""utb"": {""key_value"": 3, ""atr_period"": 14, ""use_ha"": false}, ""r&s"": {""srb_left"": 15, ""srb_right"": 15}, ""atr"": {""atr_length"": 14, ""atr_mult"": 1.0}}",AMCON DISTRIBUTING CO,1D,,,,,,
2026-08-24 00:00:00,Short,TRNS,87.38,-5.54%,98.49,utb,参数一,"{""utb"": {""key_value"": 2, ""atr_period"": 14, ""use_ha"": false}, ""r&s"": {""srb_left"": 10, ""srb_right"": 10}, ""atr"": {""atr_length"": 14, ""atr_mult"": 1.0}}",TRANSCAT INC,1D,,,,,,
2026-08-24 00:00:00,Long,MPLT,11.36,1.34%,8.67,suf,参数一,"{""suf"": {""timeframe"": ""d""}}",MAPLIGHT THERAPEUTICS INC,1D,,,,,,
2026-08-24 00:00:00,Long,MPLT,11.36,1.34%,8.67,suf,参数二,"{""suf"": {""timeframe"": ""d""}}",MAPLIGHT THERAPEUTICS INC,1D,,,,,,
2026-08-24 00:00:00,Short,CEPS,10.34,-0.58%,10.35,utb,参数二,"{""utb"": {""key_value"": 3, ""atr_period"": 14, ""use_ha"": false}, ""r&s"": {""srb_left"": 15, ""srb_right"": 15}, ""atr"": {""atr_length"": 14, ""atr_mult"": 1.0}}",CANTOR EQUITY PARTNERS VI -A,1D,,,,,,
2026-08-24 00:00:00,Long,APAM,42.98,1.70%,41.25,sqz,参数二,"{""sqz"": {""bb_length"": 20, ""bb_mult"": 1.8, ""kc_length"": 20, ""kc_mult"": 1.5, ""min_sqz_bars"": 4}, ""r&s"": {""srb_left"": 15, ""srb_right"": 15}, ""atr"": {""atr_length"": 14, ""atr_mult"": 1.0}}",ARTISAN PARTNERS ASSET MA -A,1D,一直释放,nan-43.09-37.23-37.51,低-低-高,nan%-13.60%-0.77%,61.0,12.6
2026-08-24 00:00:00,Short,LUNR,16.66,-9.06%,19.26,utb,参数一,"{""utb"": {""key_value"": 2, ""atr_period"": 14, ""use_ha"": false}, ""r&s"": {""srb_left"": 10, ""srb_right"": 10}, ""atr"": {""atr_length"": 14, ""atr_mult"": 1.0}}",INTUITIVE MACHINES INC,1D,,,,,,
2026-08-24 00:00:00,Short,HWC,74.86,-0.69%,77.56,utb,参数二,"{""utb"": {""key_value"": 3, ""atr_period"": 14, ""use_ha"": false}, ""r&s"": {""srb_left"": 15, ""srb_right"": 15}, ""atr"": {""atr_length"": 14, ""atr_mult"": 1.0}}",HANCOCK WHITNEY CORP,1D,,,,,,
2026-08-24 00:00:00,Long,BBCQ,10.45,7.62%,9.91,utb,参数一,"{""utb"": {""key_value"": 2, ""atr_period"": 14, ""use_ha"": false}, ""r&s"": {""srb_left"": 10, ""srb_right"": 10}, ""atr"": {""atr_length"": 14, ""atr_mult"": 1.0}}",BLEICHROEDER ACQUIS II-CL A,1D,,,,,,
2026-08-24 00:00:00,Long,BBCQ,10.45,7.62%,9.91,mfa,参数一,"{""utb"": {""key_value"": 2, ""atr_period"": 14, ""use_ha"": false}, ""mfa"": {""mfa_all"": 34}}",BLEICHROEDER ACQUIS II-CL A,1D,,,,,,
2026-08-24 00:00:00,Long,BBCQ,10.45,7.62%,9.91,utb,参数二,"{""utb"": {""key_value"": 3, ""atr_period"": 14, ""use_ha"": false}, ""r&s"": {""srb_left"": 15, ""srb_right"": 15}, ""atr"": {""atr_length"": 14, ""atr_mult"": 1.0}}",BLEICHROEDER ACQUIS II-CL A,1D,,,,,,
2026-08-24 00:00:00,Long,BBCQ,10.45,7.62%,9.91,mfa,参数二,"{""utb"": {""key_value"": 3, ""atr_period"": 14, ""use_ha"": false}, ""mfa"": {""mfa_all"": 34}}",BLEICHROEDER ACQUIS II-CL A,1D,,,,,,
2026-08-24 00:00:00,Short,NBHC,41.8,-0.12%,42.91,sqz,参数一,"{""sqz"": {""bb_length"": 15, ""bb_mult"": 1.5, ""kc_length"": 15, ""kc_mult"": 1.2, ""min_sqz_bars"": 4}, ""r&s"": {""srb_left"": 10, ""srb_right"": 10}, ""atr"": {""atr_length"": 14, ""atr_mult"": 1.0}}",NATIONAL BANK HOLD-CL A,1D,支撑释放,38.06-37.14-40.35-40.29-42.13,低-高-低-高,2.40%-8.63%-0.15%-4.57%,22.0,4.37
2026-08-24 00:00:00,Short,ETS,1.0,-13.30%,1.24,utb,参数一,"{""utb"": {""key_value"": 2, ""atr_period"": 14, ""use_ha"": false}, ""r&s"": {""srb_left"": 10, ""srb_right"": 10}, ""atr"": {""atr_length"": 14, ""atr_mult"": 1.0}}",ELITE EXPRESS HOLDING INC,1D,,,,,,
2026-08-24 00:00:00,Short,CERT,7.96,-5.58%,8.85,utb,参数一,"{""utb"": {""key_value"": 2, ""atr_period"": 14, ""use_ha"": false}, ""r&s"": {""srb_left"": 10, ""srb_right"": 10}, ""atr"": {""atr_length"": 14, ""atr_mult"": 1.0}}",CERTARA INC,1D,,,,,,
2026-08-24 00:00:00,Short,UPB,6.61,-5.16%,7.56,utb,参数一,"{""utb"": {""key_value"": 2, ""atr_period"": 14, ""use_ha"": false}, ""r&s"": {""srb_left"": 10, ""srb_right"": 10}, ""atr"": {""atr_length"": 14, ""atr_mult"": 1.0}}",UPSTREAM BIO INC,1D,,,,,,
2026-08-24 00:00:00,Short,LEXX,10.54,-3.44%,12.23,suf,参数一,"{""suf"": {""timeframe"": ""d""}}",LEXARIA BIOSCIENCE CORP,1D,,,,,,
2026-08-24 00:00:00,Short,LEXX,10.54,-3.44%,12.23,suf,参数二,"{""suf"": {""timeframe"": ""d""}}",LEXARIA BIOSCIENCE CORP,1D,,,,,,
2026-08-24 00:00:00,Short,RTB,12.31,-9.42%,16.67,utb,参数二,"{""utb"": {""key_value"": 3, ""atr_period"": 14, ""use_ha"": false}, ""r&s"": {""srb_left"": 15, ""srb_right"": 15}, ""atr"": {""atr_length"": 14, ""atr_mult"": 1.0}}",RTB DIGITAL INC,1D,,,,,,
2026-08-24 00:00:00,Long,CNP,39.1,0.85%,37.53,suf,参数一,"{""suf"": {""timeframe"": ""d""}}",CENTERPOINT ENERGY INC,1D,,,,,,
2026-08-24 00:00:00,Long,CNP,39.1,0.85%,37.53,suf,参数二,"{""suf"": {""timeframe"": ""d""}}",CENTERPOINT ENERGY INC,1D,,,,,,
2026-08-24 00:00:00,Long,TRGS,9.95,0.20%,9.94,utb,参数一,"{""utb"": {""key_value"": 2, ""atr_period"": 14, ""use_ha"": false}, ""r&s"": {""srb_left"": 10, ""srb_right"": 10}, ""atr"": {""atr_length"": 14, ""atr_mult"": 1.0}}",TRG LATIN AMERICA CL A,1D,,,,,,
2026-08-24 00:00:00,Short,ECOR,9.65,-8.27%,11.4,suf,参数一,"{""suf"": {""timeframe"": ""d""}}",ELECTROCORE INC,1D,,,,,,
2026-08-24 00:00:00,Short,ECOR,9.65,-8.27%,11.4,suf,参数二,"{""suf"": {""timeframe"": ""d""}}",ELECTROCORE INC,1D,,,,,,
2026-08-24 00:00:00,Long,ZOOZ,6.09,8.40%,5.35,utb,参数一,"{""utb"": {""key_value"": 2, ""atr_period"": 14, ""use_ha"": false}, ""r&s"": {""srb_left"": 10, ""srb_right"": 10}, ""atr"": {""atr_length"": 14, ""atr_mult"": 1.0}}",ZOOZ STRATEGY LTD,1D,,,,,,
2026-08-24 00:00:00,Long,ZOOZ,6.09,8.40%,5.35,sqz,参数一,"{""sqz"": {""bb_length"": 15, ""bb_mult"": 1.5, ""kc_length"": 15, ""kc_mult"": 1.2, ""min_sqz_bars"": 4}, ""r&s"": {""srb_left"": 10, ""srb_right"": 10}, ""atr"": {""atr_length"": 14, ""atr_mult"": 1.0}}",ZOOZ STRATEGY LTD,1D,压力释放,7.0-6.8-6.2-5.65,低-低-低,2.86%-8.82%-8.87%,17.0,11.88
2026-08-24 00:00:00,Long,ZOOZ,6.09,8.40%,5.35,utb,参数二,"{""utb"": {""key_value"": 3, ""atr_period"": 14, ""use_ha"": false}, ""r&s"": {""srb_left"": 15, ""srb_right"": 15}, ""atr"": {""atr_length"": 14, ""atr_mult"": 1.0}}",ZOOZ STRATEGY LTD,1D,,,,,,
2026-08-24 00:00:00,Long,ZOOZ,6.09,8.40%,5.35,sqz,参数二,"{""sqz"": {""bb_length"": 20, ""bb_mult"": 1.8, ""kc_length"": 20, ""kc_mult"": 1.5, ""min_sqz_bars"": 4}, ""r&s"": {""srb_left"": 15, ""srb_right"": 15}, ""atr"": {""atr_length"": 14, ""atr_mult"": 1.0}}",ZOOZ STRATEGY LTD,1D,压力释放,10.8-8.4-7.0-6.2-5.65,低-低-低-低,22.22%-16.67%-11.43%-8.87%,17.0,11.88
2026-08-24 00:00:00,Short,TVIV,9.9,-0.30%,9.94,utb,参数一,"{""utb"": {""key_value"": 2, ""atr_period"": 14, ""use_ha"": false}, ""r&s"": {""srb_left"": 10, ""srb_right"": 10}, ""atr"": {""atr_length"": 14, ""atr_mult"": 1.0}}",TEXAS VENTURES ACQUISITION-A,1D,,,,,,
2026-08-24 00:00:00,Short,HUHU,4.55,-1.73%,5.32,utb,参数一,"{""utb"": {""key_value"": 2, ""atr_period"": 14, ""use_ha"": false}, ""r&s"": {""srb_left"": 10, ""srb_right"": 10}, ""atr"": {""atr_length"": 14, ""atr_mult"": 1.0}}",HUHUTECH INTERNATIONAL GROUP,1D,,,,,,
2026-08-24 00:00:00,Short,ALNT,93.08,-2.88%,101.31,utb,参数二,"{""utb"": {""key_value"": 3, ""atr_period"": 14, ""use_ha"": false}, ""r&s"": {""srb_left"": 15, ""srb_right"": 15}, ""atr"": {""atr_length"": 14, ""atr_mult"": 1.0}}",ALLIENT INC,1D,,,,,,
2026-08-24 00:00:00,Long,RAND,10.73,4.99%,10.15,utb,参数一,"{""utb"": {""key_value"": 2, ""atr_period"": 14, ""use_ha"": false}, ""r&s"": {""srb_left"": 10, ""srb_right"": 10}, ""atr"": {""atr_length"": 14, ""atr_mult"": 1.0}}",RAND CAPITAL CORP,1D,,,,,,
2026-08-24 00:00:00,Long,RAND,10.73,4.99%,10.15,sqz,参数一,"{""sqz"": {""bb_length"": 15, ""bb_mult"": 1.5, ""kc_length"": 15, ""kc_mult"": 1.2, ""min_sqz_bars"": 4}, ""r&s"": {""srb_left"": 10, ""srb_right"": 10}, ""atr"": {""atr_length"": 14, ""atr_mult"": 1.0}}",RAND CAPITAL CORP,1D,压力释放,11.97-10.93-11.56-10.49-10.38,低-高-低-低,8.72%-5.80%-9.25%-1.05%,14.0,3.8
2026-08-24 00:00:00,Short,SURG,0.17,-1.17%,0.22,sqz,参数一,"{""sqz"": {""bb_length"": 15, ""bb_mult"": 1.5, ""kc_length"": 15, ""kc_mult"": 1.2, ""min_sqz_bars"": 4}, ""r&s"": {""srb_left"": 10, ""srb_right"": 10}, ""atr"": {""atr_length"": 14, ""atr_mult"": 1.0}}",SURGEPAYS INC,1D,支撑释放,1.4-0.75-0.46-0.47-0.2,低-低-高-低,46.29%-38.83%-1.96%-56.93%,14.0,112.87
2026-08-24 00:00:00,Short,OSIS,204.05,-1.30%,219.15,sqz,参数一,"{""sqz"": {""bb_length"": 15, ""bb_mult"": 1.5, ""kc_length"": 15, ""kc_mult"": 1.2, ""min_sqz_bars"": 4}, ""r&s"": {""srb_left"": 10, ""srb_right"": 10}, ""atr"": {""atr_length"": 14, ""atr_mult"": 1.0}}",OSI SYSTEMS INC,1D,一直亮红,256.55-255.12-197.27-210.79-205.87,低-低-高-低,0.56%-22.68%-6.85%-2.33%,22.0,17.02
2026-08-24 00:00:00,Short,ADIL,5.4,-13.18%,6.76,suf,参数一,"{""suf"": {""timeframe"": ""d""}}",ADIAL PHARMACEUTICALS INC,1D,,,,,,
2026-08-24 00:00:00,Short,ADIL,5.4,-13.18%,6.76,suf,参数二,"{""suf"": {""timeframe"": ""d""}}",ADIAL PHARMACEUTICALS INC,1D,,,,,,
2026-08-24 00:00:00,Short,RDW,11.38,-5.32%,12.72,utb,参数一,"{""utb"": {""key_value"": 2, ""atr_period"": 14, ""use_ha"": false}, ""r&s"": {""srb_left"": 10, ""srb_right"": 10}, ""atr"": {""atr_length"": 14, ""atr_mult"": 1.0}}",REDWIRE CORP,1D,,,,,,
2026-08-24 00:00:00,Short,SENEB,188.25,-3.65%,191.43,utb,参数一,"{""utb"": {""key_value"": 2, ""atr_period"": 14, ""use_ha"": false}, ""r&s"": {""srb_left"": 10, ""srb_right"": 10}, ""atr"": {""atr_length"": 14, ""atr_mult"": 1.0}}",SENECA FOODS CORP - CL B,1D,,,,,,
2026-08-24 00:00:00,Short,SENEB,188.25,-3.65%,191.43,suf,参数一,"{""suf"": {""timeframe"": ""d""}}",SENECA FOODS CORP - CL B,1D,,,,,,
2026-08-24 00:00:00,Short,SENEB,188.25,-3.65%,191.43,suf,参数二,"{""suf"": {""timeframe"": ""d""}}",SENECA FOODS CORP - CL B,1D,,,,,,
2026-08-24 00:00:00,Short,SAIA,349.54,-3.48%,381.52,utb,参数一,"{""utb"": {""key_value"": 2, ""atr_period"": 14, ""use_ha"": false}, ""r&s"": {""srb_left"": 10, ""srb_right"": 10}, ""atr"": {""atr_length"": 14, ""atr_mult"": 1.0}}",SAIA INC,1D,,,,,,
2026-08-24 00:00:00,Short,MATV,12.25,-1.76%,13.32,suf,参数一,"{""suf"": {""timeframe"": ""d""}}",MATIV HOLDINGS INC,1D,,,,,,
2026-08-24 00:00:00,Short,MATV,12.25,-1.76%,13.32,suf,参数二,"{""suf"": {""timeframe"": ""d""}}",MATIV HOLDINGS INC,1D,,,,,,
2026-08-24 00:00:00,Short,CARL,15.8,-1.56%,17.28,suf,参数一,"{""suf"": {""timeframe"": ""d""}}",CARLSMED INC,1D,,,,,,
2026-08-24 00:00:00,Short,CARL,15.8,-1.56%,17.28,suf,参数二,"{""suf"": {""timeframe"": ""d""}}",CARLSMED INC,1D,,,,,,
2026-08-24 00:00:00,Long,DJT,9.3,2.20%,8.42,utb,参数一,"{""utb"": {""key_value"": 2, ""atr_period"": 14, ""use_ha"": false}, ""r&s"": {""srb_left"": 10, ""srb_right"": 10}, ""atr"": {""atr_length"": 14, ""atr_mult"": 1.0}}",TRUMP MEDIA & TECHNOLOGY GRO,1D,,,,,,
2026-08-24 00:00:00,Long,AZTR,0.15,12.78%,0.12,utb,参数一,"{""utb"": {""key_value"": 2, ""atr_period"": 14, ""use_ha"": false}, ""r&s"": {""srb_left"": 10, ""srb_right"": 10}, ""atr"": {""atr_length"": 14, ""atr_mult"": 1.0}}",AZITRA INC,1D,,,,,,
2026-08-24 00:00:00,Long,MA,599.86,3.31%,572.77,sqz,参数一,"{""sqz"": {""bb_length"": 15, ""bb_mult"": 1.5, ""kc_length"": 15, ""kc_mult"": 1.2, ""min_sqz_bars"": 4}, ""r&s"": {""srb_left"": 10, ""srb_right"": 10}, ""atr"": {""atr_length"": 14, ""atr_mult"": 1.0}}",MASTERCARD INC - A,1D,压力释放,586.79-560.02-533.32-512.04-583.71,低-低-低-高,4.56%-4.77%-3.99%-14.00%,15.0,4.97
2026-08-24 00:00:00,Short,ACIU,2.86,-1.38%,3.15,suf,参数一,"{""suf"": {""timeframe"": ""d""}}",AC IMMUNE SA,1D,,,,,,
2026-08-24 00:00:00,Short,ACIU,2.86,-1.38%,3.15,suf,参数二,"{""suf"": {""timeframe"": ""d""}}",AC IMMUNE SA,1D,,,,,,
2026-08-24 00:00:00,Short,TMS,6.11,-16.76%,8.11,utb,参数二,"{""utb"": {""key_value"": 3, ""atr_period"": 14, ""use_ha"": false}, ""r&s"": {""srb_left"": 15, ""srb_right"": 15}, ""atr"": {""atr_length"": 14, ""atr_mult"": 1.0}}",TEAMSHARES INC,1D,,,,,,
2026-08-24 00:00:00,Long,VMD,9.09,2.71%,8.55,suf,参数一,"{""suf"": {""timeframe"": ""d""}}",VIEMED HEALTHCARE INC,1D,,,,,,
2026-08-24 00:00:00,Long,VMD,9.09,2.71%,8.55,suf,参数二,"{""suf"": {""timeframe"": ""d""}}",VIEMED HEALTHCARE INC,1D,,,,,,
2026-08-24 00:00:00,Short,SDGR,18.77,-4.77%,20.5,suf,参数一,"{""suf"": {""timeframe"": ""d""}}",SCHRODINGER INC,1D,,,,,,
2026-08-24 00:00:00,Short,SDGR,18.77,-4.77%,20.5,suf,参数二,"{""suf"": {""timeframe"": ""d""}}",SCHRODINGER INC,1D,,,,,,
2026-08-24 00:00:00,Short,CPS,26.51,-5.42%,29.71,utb,参数二,"{""utb"": {""key_value"": 3, ""atr_period"": 14, ""use_ha"": false}, ""r&s"": {""srb_left"": 15, ""srb_right"": 15}, ""atr"": {""atr_length"": 14, ""atr_mult"": 1.0}}",COOPER-STANDARD HOLDING,1D,,,,,,
2026-08-24 00:00:00,Short,PWR,616.78,-3.53%,667.35,utb,参数二,"{""utb"": {""key_value"": 3, ""atr_period"": 14, ""use_ha"": false}, ""r&s"": {""srb_left"": 15, ""srb_right"": 15}, ""atr"": {""atr_length"": 14, ""atr_mult"": 1.0}}",QUANTA SERVICES INC,1D,,,,,,
2026-08-24 00:00:00,Long,AMSF,26.42,1.58%,25.13,suf,参数一,"{""suf"": {""timeframe"": ""d""}}",AMERISAFE INC,1D,,,,,,
2026-08-24 00:00:00,Long,AMSF,26.42,1.58%,25.13,suf,参数二,"{""suf"": {""timeframe"": ""d""}}",AMERISAFE INC,1D,,,,,,
2026-08-24 00:00:00,Short,AUR,5.69,-8.81%,6.63,utb,参数二,"{""utb"": {""key_value"": 3, ""atr_period"": 14, ""use_ha"": false}, ""r&s"": {""srb_left"": 15, ""srb_right"": 15}, ""atr"": {""atr_length"": 14, ""atr_mult"": 1.0}}",AURORA INNOVATION INC,1D,,,,,,
2026-08-24 00:00:00,Short,TSSI,8.38,-4.23%,9.45,sqz,参数一,"{""sqz"": {""bb_length"": 15, ""bb_mult"": 1.5, ""kc_length"": 15, ""kc_mult"": 1.2, ""min_sqz_bars"": 4}, ""r&s"": {""srb_left"": 10, ""srb_right"": 10}, ""atr"": {""atr_length"": 14, ""atr_mult"": 1.0}}",TSS INC,1D,一直亮红,6.87-7.42-10.31-10.74-8.66,高-高-高-低,8.01%-38.95%-4.17%-19.37%,18.0,48.27
2026-08-24 00:00:00,Short,WWD,333.15,-2.95%,355.95,sqz,参数一,"{""sqz"": {""bb_length"": 15, ""bb_mult"": 1.5, ""kc_length"": 15, ""kc_mult"": 1.2, ""min_sqz_bars"": 4}, ""r&s"": {""srb_left"": 10, ""srb_right"": 10}, ""atr"": {""atr_length"": 14, ""atr_mult"": 1.0}}",WOODWARD INC,1D,支撑释放,314.08-338.17-346.46-336.76-343.34,高-高-低-高,7.67%-2.45%-2.80%-1.96%,17.0,11.44
2026-08-24 00:00:00,Long,NG,9.35,7.22%,8.38,sqz,参数二,"{""sqz"": {""bb_length"": 20, ""bb_mult"": 1.8, ""kc_length"": 20, ""kc_mult"": 1.5, ""min_sqz_bars"": 4}, ""r&s"": {""srb_left"": 15, ""srb_right"": 15}, ""atr"": {""atr_length"": 14, ""atr_mult"": 1.0}}",NOVAGOLD RESOURCES INC,1D,一直亮绿,10.47-12.09-14.4-11.3-8.81,高-高-低-低,15.47%-19.11%-21.53%-22.04%,46.0,73.43
2026-08-24 00:00:00,Short,CNQ,50.68,-1.40%,52.4,suf,参数一,"{""suf"": {""timeframe"": ""d""}}",CANADIAN NATURAL RESOURCES,1D,,,,,,
2026-08-24 00:00:00,Short,CNQ,50.68,-1.40%,52.4,suf,参数二,"{""suf"": {""timeframe"": ""d""}}",CANADIAN NATURAL RESOURCES,1D,,,,,,
2026-08-24 00:00:00,Short,SHPH,3.52,-6.38%,4.19,utb,参数一,"{""utb"": {""key_value"": 2, ""atr_period"": 14, ""use_ha"": false}, ""r&s"": {""srb_left"": 10, ""srb_right"": 10}, ""atr"": {""atr_length"": 14, ""atr_mult"": 1.0}}",SHUTTLE PHARMACEUTICALS HOLD,1D,,,,,,
2026-08-24 00:00:00,Short,SPRY,5.35,-2.82%,5.92,utb,参数一,"{""utb"": {""key_value"": 2, ""atr_period"": 14, ""use_ha"": false}, ""r&s"": {""srb_left"": 10, ""srb_right"": 10}, ""atr"": {""atr_length"": 14, ""atr_mult"": 1.0}}",ARS PHARMACEUTICALS INC,1D,,,,,,
2026-08-24 00:00:00,Short,THRM,39.45,-2.52%,42.32,utb,参数二,"{""utb"": {""key_value"": 3, ""atr_period"": 14, ""use_ha"": false}, ""r&s"": {""srb_left"": 15, ""srb_right"": 15}, ""atr"": {""atr_length"": 14, ""atr_mult"": 1.0}}",GENTHERM INC,1D,,,,,,
2026-08-24 00:00:00,Short,FRNM,13.78,-0.22%,14.66,suf,参数一,"{""suf"": {""timeframe"": ""d""}}",FREENOME INC,1D,,,,,,
2026-08-24 00:00:00,Short,FRNM,13.78,-0.22%,14.66,suf,参数二,"{""suf"": {""timeframe"": ""d""}}",FREENOME INC,1D,,,,,,
2026-08-24 00:00:00,Long,AIFU,22.2,20.00%,12.37,utb,参数一,"{""utb"": {""key_value"": 2, ""atr_period"": 14, ""use_ha"": false}, ""r&s"": {""srb_left"": 10, ""srb_right"": 10}, ""atr"": {""atr_length"": 14, ""atr_mult"": 1.0}}",AIFU INC - CL A,1D,,,,,,
2026-08-24 00:00:00,Long,T,25.69,1.58%,24.64,sqz,参数一,"{""sqz"": {""bb_length"": 15, ""bb_mult"": 1.5, ""kc_length"": 15, ""kc_mult"": 1.2, ""min_sqz_bars"": 4}, ""r&s"": {""srb_left"": 10, ""srb_right"": 10}, ""atr"": {""atr_length"": 14, ""atr_mult"": 1.0}}",AT&T INC,1D,一直亮绿,24.1-28.61-28.39-28.75-25.32,高-低-高-低,18.72%-0.78%-1.27%-11.93%,19.0,12.28
2026-08-24 00:00:00,Long,KFII,10.65,0.28%,10.61,utb,参数一,"{""utb"": {""key_value"": 2, ""atr_period"": 14, ""use_ha"": false}, ""r&s"": {""srb_left"": 10, ""srb_right"": 10}, ""atr"": {""atr_length"": 14, ""atr_mult"": 1.0}}",K&F GROWTH ACQUISITION COR-A,1D,,,,,,
2026-08-24 00:00:00,Short,KDK,3.79,-3.81%,4.18,sqz,参数一,"{""sqz"": {""bb_length"": 15, ""bb_mult"": 1.5, ""kc_length"": 15, ""kc_mult"": 1.2, ""min_sqz_bars"": 4}, ""r&s"": {""srb_left"": 10, ""srb_right"": 10}, ""atr"": {""atr_length"": 14, ""atr_mult"": 1.0}}",KODIAK AI INC,1D,支撑释放,8.66-7.5-6.35-5.88-3.97,低-低-低-低,13.39%-15.33%-7.40%-32.48%,19.0,17.38
2026-08-24 00:00:00,Short,VGZ,2.41,-3.21%,2.67,suf,参数一,"{""suf"": {""timeframe"": ""d""}}",VISTA GOLD CORP,1D,,,,,,
2026-08-24 00:00:00,Short,VGZ,2.41,-3.21%,2.67,suf,参数二,"{""suf"": {""timeframe"": ""d""}}",VISTA GOLD CORP,1D,,,,,,
2026-08-24 00:00:00,Short,BBGI,19.72,-2.52%,23.2,utb,参数二,"{""utb"": {""key_value"": 3, ""atr_period"": 14, ""use_ha"": false}, ""r&s"": {""srb_left"": 15, ""srb_right"": 15}, ""atr"": {""atr_length"": 14, ""atr_mult"": 1.0}}",BEASLEY BROADCAST GRP INC -A,1D,,,,,,
2026-08-24 00:00:00,Short,EPOW,0.43,-4.69%,0.51,utb,参数一,"{""utb"": {""key_value"": 2, ""atr_period"": 14, ""use_ha"": false}, ""r&s"": {""srb_left"": 10, ""srb_right"": 10}, ""atr"": {""atr_length"": 14, ""atr_mult"": 1.0}}",E-POWER INC,1D,,,,,,
2026-08-24 00:00:00,Long,AJG,271.99,3.10%,254.54,sqz,参数一,"{""sqz"": {""bb_length"": 15, ""bb_mult"": 1.5, ""kc_length"": 15, ""kc_mult"": 1.2, ""min_sqz_bars"": 4}, ""r&s"": {""srb_left"": 10, ""srb_right"": 10}, ""atr"": {""atr_length"": 14, ""atr_mult"": 1.0}}",ARTHUR J GALLAGHER & CO,1D,压力释放,229.63-225.25-209.54-225.34-269.99,低-低-高-高,1.91%-6.97%-7.54%-19.81%,17.0,12.11
2026-08-24 00:00:00,Short,WLDS,2.27,-12.36%,3.22,utb,参数一,"{""utb"": {""key_value"": 2, ""atr_period"": 14, ""use_ha"": false}, ""r&s"": {""srb_left"": 10, ""srb_right"": 10}, ""atr"": {""atr_length"": 14, ""atr_mult"": 1.0}}",WEARABLE DEVICES LTD,1D,,,,,,
2026-08-24 00:00:00,Short,WLDS,2.27,-12.36%,3.22,utb,参数二,"{""utb"": {""key_value"": 3, ""atr_period"": 14, ""use_ha"": false}, ""r&s"": {""srb_left"": 15, ""srb_right"": 15}, ""atr"": {""atr_length"": 14, ""atr_mult"": 1.0}}",WEARABLE DEVICES LTD,1D,,,,,,
2026-08-24 00:00:00,Long,ACFN,21.0,11.64%,16.46,utb,参数一,"{""utb"": {""key_value"": 2, ""atr_period"": 14, ""use_ha"": false}, ""r&s"": {""srb_left"": 10, ""srb_right"": 10}, ""atr"": {""atr_length"": 14, ""atr_mult"": 1.0}}",ACORN ENERGY INC,1D,,,,,,
2026-08-24 00:00:00,Short,SCZM,9.57,-1.09%,10.39,suf,参数一,"{""suf"": {""timeframe"": ""d""}}",SANTACRUZ SILVER MINING LTD,1D,,,,,,
2026-08-24 00:00:00,Short,SCZM,9.57,-1.09%,10.39,suf,参数二,"{""suf"": {""timeframe"": ""d""}}",SANTACRUZ SILVER MINING LTD,1D,,,,,,
2026-08-24 00:00:00,Short,RNGR,16.01,-6.54%,17.64,utb,参数一,"{""utb"": {""key_value"": 2, ""atr_period"": 14, ""use_ha"": false}, ""r&s"": {""srb_left"": 10, ""srb_right"": 10}, ""atr"": {""atr_length"": 14, ""atr_mult"": 1.0}}",RANGER ENERGY SERVICES-CL A,1D,,,,,,
2026-08-24 00:00:00,Short,RNGR,16.01,-6.54%,17.64,utb,参数二,"{""utb"": {""key_value"": 3, ""atr_period"": 14, ""use_ha"": false}, ""r&s"": {""srb_left"": 15, ""srb_right"": 15}, ""atr"": {""atr_length"": 14, ""atr_mult"": 1.0}}",RANGER ENERGY SERVICES-CL A,1D,,,,,,
2026-08-24 00:00:00,Short,ERII,7.8,-1.27%,8.26,sqz,参数一,"{""sqz"": {""bb_length"": 15, ""bb_mult"": 1.5, ""kc_length"": 15, ""kc_mult"": 1.2, ""min_sqz_bars"": 4}, ""r&s"": {""srb_left"": 10, ""srb_right"": 10}, ""atr"": {""atr_length"": 14, ""atr_mult"": 1.0}}",ENERGY RECOVERY INC,1D,一直亮红,9.59-9.35-10.23-8.14-7.83,低-高-低-低,2.50%-9.41%-20.43%-3.81%,50.0,26.56
2026-08-24 00:00:00,Short,ERII,7.8,-1.27%,8.26,sqz,参数二,"{""sqz"": {""bb_length"": 20, ""bb_mult"": 1.8, ""kc_length"": 20, ""kc_mult"": 1.5, ""min_sqz_bars"": 4}, ""r&s"": {""srb_left"": 15, ""srb_right"": 15}, ""atr"": {""atr_length"": 14, ""atr_mult"": 1.0}}",ENERGY RECOVERY INC,1D,一直亮红,nan-13.27-13.31-9.35-7.83,低-高-低-低,nan%-0.30%-29.75%-16.26%,50.0,26.56
2026-08-24 00:00:00,Short,DPC,42.83,-5.76%,49.72,utb,参数二,"{""utb"": {""key_value"": 3, ""atr_period"": 14, ""use_ha"": false}, ""r&s"": {""srb_left"": 15, ""srb_right"": 15}, ""atr"": {""atr_length"": 14, ""atr_mult"": 1.0}}",DPC HOLDINGS PLC,1D,,,,,,
2026-08-24 00:00:00,Short,MKSI,269.06,-3.60%,293.93,utb,参数一,"{""utb"": {""key_value"": 2, ""atr_period"": 14, ""use_ha"": false}, ""r&s"": {""srb_left"": 10, ""srb_right"": 10}, ""atr"": {""atr_length"": 14, ""atr_mult"": 1.0}}",MKS INC,1D,,,,,,
2026-08-24 00:00:00,Long,LBTYB,13.66,4.67%,11.84,utb,参数二,"{""utb"": {""key_value"": 3, ""atr_period"": 14, ""use_ha"": false}, ""r&s"": {""srb_left"": 15, ""srb_right"": 15}, ""atr"": {""atr_length"": 14, ""atr_mult"": 1.0}}",LIBERTY GLOBAL LTD-B,1D,,,,,,
2026-08-24 00:00:00,Short,STRL,496.66,-3.90%,557.26,utb,参数一,"{""utb"": {""key_value"": 2, ""atr_period"": 14, ""use_ha"": false}, ""r&s"": {""srb_left"": 10, ""srb_right"": 10}, ""atr"": {""atr_length"": 14, ""atr_mult"": 1.0}}",STERLING INFRASTRUCTURE INC,1D,,,,,,
2026-08-24 00:00:00,Short,PCOR,62.09,-2.21%,66.27,suf,参数一,"{""suf"": {""timeframe"": ""d""}}",PROCORE TECHNOLOGIES INC,1D,,,,,,
2026-08-24 00:00:00,Short,PCOR,62.09,-2.21%,66.27,suf,参数二,"{""suf"": {""timeframe"": ""d""}}",PROCORE TECHNOLOGIES INC,1D,,,,,,
2026-08-24 00:00:00,Long,HGTY,13.4,2.45%,12.57,sqz,参数二,"{""sqz"": {""bb_length"": 20, ""bb_mult"": 1.8, ""kc_length"": 20, ""kc_mult"": 1.5, ""min_sqz_bars"": 4}, ""r&s"": {""srb_left"": 15, ""srb_right"": 15}, ""atr"": {""atr_length"": 14, ""atr_mult"": 1.0}}",HAGERTY INC-A,1D,一直释放,nan-14.0-11.42-11.24-12.57,低-低-低-高,nan%-18.43%-1.58%-11.88%,30.0,11.78
2026-08-24 00:00:00,Short,LUMN,5.67,-4.55%,6.38,utb,参数一,"{""utb"": {""key_value"": 2, ""atr_period"": 14, ""use_ha"": false}, ""r&s"": {""srb_left"": 10, ""srb_right"": 10}, ""atr"": {""atr_length"": 14, ""atr_mult"": 1.0}}",LUMEN TECHNOLOGIES INC,1D,,,,,,
2026-08-24 00:00:00,Short,BELFB,247.98,-2.93%,267.15,utb,参数二,"{""utb"": {""key_value"": 3, ""atr_period"": 14, ""use_ha"": false}, ""r&s"": {""srb_left"": 15, ""srb_right"": 15}, ""atr"": {""atr_length"": 14, ""atr_mult"": 1.0}}",BEL FUSE INC-CL B,1D,,,,,,
2026-08-24 00:00:00,Short,WTG,10.53,-0.28%,10.56,suf,参数一,"{""suf"": {""timeframe"": ""d""}}",WINTERGREEN ACQUISITION CORP,1D,,,,,,
2026-08-24 00:00:00,Short,WTG,10.53,-0.28%,10.56,suf,参数二,"{""suf"": {""timeframe"": ""d""}}",WINTERGREEN ACQUISITION CORP,1D,,,,,,
2026-08-24 00:00:00,Short,ENLT,77.64,-2.86%,83.72,sqz,参数一,"{""sqz"": {""bb_length"": 15, ""bb_mult"": 1.5, ""kc_length"": 15, ""kc_mult"": 1.2, ""min_sqz_bars"": 4}, ""r&s"": {""srb_left"": 10, ""srb_right"": 10}, ""atr"": {""atr_length"": 14, ""atr_mult"": 1.0}}",ENLIGHT RENEWABLE ENERGY LTD,1D,支撑释放,63.77-80.7-80.51-80.68-80.15,高-低-高-低,26.55%-0.24%-0.21%-0.66%,18.0,14.65
2026-08-24 00:00:00,Long,SBXD,11.2,3.42%,11.16,utb,参数一,"{""utb"": {""key_value"": 2, ""atr_period"": 14, ""use_ha"": false}, ""r&s"": {""srb_left"": 10, ""srb_right"": 10}, ""atr"": {""atr_length"": 14, ""atr_mult"": 1.0}}",SILVERBOX CORP IV-A,1D,,,,,,
2026-08-24 00:00:00,Long,SBXD,11.2,3.42%,11.16,sqz,参数二,"{""sqz"": {""bb_length"": 20, ""bb_mult"": 1.8, ""kc_length"": 20, ""kc_mult"": 1.5, ""min_sqz_bars"": 4}, ""r&s"": {""srb_left"": 15, ""srb_right"": 15}, ""atr"": {""atr_length"": 14, ""atr_mult"": 1.0}}",SILVERBOX CORP IV-A,1D,一直释放,10.8-10.82-11.08-10.99,高-高-低,0.19%-2.40%-0.81%,25.0,1.67
2026-08-24 00:00:00,Short,MRAM,16.14,-5.67%,18.18,utb,参数一,"{""utb"": {""key_value"": 2, ""atr_period"": 14, ""use_ha"": false}, ""r&s"": {""srb_left"": 10, ""srb_right"": 10}, ""atr"": {""atr_length"": 14, ""atr_mult"": 1.0}}",EVERSPIN TECHNOLOGIES INC,1D,,,,,,
2026-08-24 00:00:00,Long,BMRA,1.68,4.35%,1.53,utb,参数一,"{""utb"": {""key_value"": 2, ""atr_period"": 14, ""use_ha"": false}, ""r&s"": {""srb_left"": 10, ""srb_right"": 10}, ""atr"": {""atr_length"": 14, ""atr_mult"": 1.0}}",BIOMERICA INC,1D,,,,,,
2026-08-24 00:00:00,Long,NAMM,1.56,3.31%,1.39,utb,参数一,"{""utb"": {""key_value"": 2, ""atr_period"": 14, ""use_ha"": false}, ""r&s"": {""srb_left"": 10, ""srb_right"": 10}, ""atr"": {""atr_length"": 14, ""atr_mult"": 1.0}}",NAMIB MINERALS,1D,,,,,,
2026-08-24 00:00:00,Short,DXCM,91.06,-1.39%,95.31,suf,参数一,"{""suf"": {""timeframe"": ""d""}}",DEXCOM INC,1D,,,,,,
2026-08-24 00:00:00,Short,DXCM,91.06,-1.39%,95.31,suf,参数二,"{""suf"": {""timeframe"": ""d""}}",DEXCOM INC,1D,,,,,,
2026-08-24 00:00:00,Short,VRT,254.97,-2.66%,274.71,utb,参数一,"{""utb"": {""key_value"": 2, ""atr_period"": 14, ""use_ha"": false}, ""r&s"": {""srb_left"": 10, ""srb_right"": 10}, ""atr"": {""atr_length"": 14, ""atr_mult"": 1.0}}",VERTIV HOLDINGS CO-A,1D,,,,,,
2026-08-24 00:00:00,Short,TLNC,10.21,-0.10%,10.23,sqz,参数二,"{""sqz"": {""bb_length"": 20, ""bb_mult"": 1.8, ""kc_length"": 20, ""kc_mult"": 1.5, ""min_sqz_bars"": 4}, ""r&s"": {""srb_left"": 15, ""srb_right"": 15}, ""atr"": {""atr_length"": 14, ""atr_mult"": 1.0}}",TALON CAPITAL CORP-CL A,1D,一直释放,nan-10.04-10.1-10.15-10.21,低-高-高-高,nan%-0.60%-0.50%-0.59%,44.0,2.15
2026-08-24 00:00:00,Short,GGG,80.16,-0.60%,83.42,utb,参数一,"{""utb"": {""key_value"": 2, ""atr_period"": 14, ""use_ha"": false}, ""r&s"": {""srb_left"": 10, ""srb_right"": 10}, ""atr"": {""atr_length"": 14, ""atr_mult"": 1.0}}",GRACO INC,1D,,,,,,
2026-08-24 00:00:00,Short,LSTR,179.92,-3.57%,196.14,utb,参数一,"{""utb"": {""key_value"": 2, ""atr_period"": 14, ""use_ha"": false}, ""r&s"": {""srb_left"": 10, ""srb_right"": 10}, ""atr"": {""atr_length"": 14, ""atr_mult"": 1.0}}",LANDSTAR SYSTEM INC,1D,,,,,,
2026-08-24 00:00:00,Short,ITT,204.96,-1.51%,215.16,utb,参数一,"{""utb"": {""key_value"": 2, ""atr_period"": 14, ""use_ha"": false}, ""r&s"": {""srb_left"": 10, ""srb_right"": 10}, ""atr"": {""atr_length"": 14, ""atr_mult"": 1.0}}",ITT INC,1D,,,,,,
2026-08-24 00:00:00,Long,BIAF,,nan%,,suf,参数一,"{""suf"": {""timeframe"": ""d""}}",BIOAFFINITY TECHNOLOGIES INC,1D,,,,,,
2026-08-24 00:00:00,Long,BIAF,,nan%,,suf,参数二,"{""suf"": {""timeframe"": ""d""}}",BIOAFFINITY TECHNOLOGIES INC,1D,,,,,,
2026-08-24 00:00:00,Long,BAFN,7.61,4.10%,6.33,sqz,参数一,"{""sqz"": {""bb_length"": 15, ""bb_mult"": 1.5, ""kc_length"": 15, ""kc_mult"": 1.2, ""min_sqz_bars"": 4}, ""r&s"": {""srb_left"": 10, ""srb_right"": 10}, ""atr"": {""atr_length"": 14, ""atr_mult"": 1.0}}",BAYFIRST FINANCIAL CORP,1D,压力释放,8.49-8.06-8.44-8.99-7.59,低-高-高-低,5.11%-4.77%-6.49%-15.55%,15.0,26.29
2026-08-24 00:00:00,Short,SRFM,0.66,-8.47%,0.79,sqz,参数一,"{""sqz"": {""bb_length"": 15, ""bb_mult"": 1.5, ""kc_length"": 15, ""kc_mult"": 1.2, ""min_sqz_bars"": 4}, ""r&s"": {""srb_left"": 10, ""srb_right"": 10}, ""atr"": {""atr_length"": 14, ""atr_mult"": 1.0}}",SURF AIR MOBILITY INC,1D,一直亮红,1.89-1.04-1.01-0.84-0.67,低-低-低-低,44.97%-2.88%-16.63%-21.02%,26.0,41.2
2026-08-24 00:00:00,Short,TACT,4.76,-2.86%,5.35,sqz,参数一,"{""sqz"": {""bb_length"": 15, ""bb_mult"": 1.5, ""kc_length"": 15, ""kc_mult"": 1.2, ""min_sqz_bars"": 4}, ""r&s"": {""srb_left"": 10, ""srb_right"": 10}, ""atr"": {""atr_length"": 14, ""atr_mult"": 1.0}}",TRANSACT TECHNOLOGIES INC,1D,支撑释放,3.06-3.22-4.71-4.79,高-高-高,5.23%-46.27%-1.70%,17.0,25.05
2026-08-24 00:00:00,Short,TACT,4.76,-2.86%,5.35,utb,参数二,"{""utb"": {""key_value"": 3, ""atr_period"": 14, ""use_ha"": false}, ""r&s"": {""srb_left"": 15, ""srb_right"": 15}, ""atr"": {""atr_length"": 14, ""atr_mult"": 1.0}}",TRANSACT TECHNOLOGIES INC,1D,,,,,,
2026-08-24 00:00:00,Short,AYI,336.59,-1.90%,353.65,utb,参数一,"{""utb"": {""key_value"": 2, ""atr_period"": 14, ""use_ha"": false}, ""r&s"": {""srb_left"": 10, ""srb_right"": 10}, ""atr"": {""atr_length"": 14, ""atr_mult"": 1.0}}",ACUITY INC,1D,,,,,,
2026-08-24 00:00:00,Long,TSCO,35.92,3.40%,33.57,sqz,参数二,"{""sqz"": {""bb_length"": 20, ""bb_mult"": 1.8, ""kc_length"": 20, ""kc_mult"": 1.5, ""min_sqz_bars"": 4}, ""r&s"": {""srb_left"": 15, ""srb_right"": 15}, ""atr"": {""atr_length"": 14, ""atr_mult"": 1.0}}",TRACTOR SUPPLY COMPANY,1D,一直释放,nan-55.2-31.57-32.42,低-低-高,nan%-42.80%-2.67%,36.0,12.82
2026-08-24 00:00:00,Short,MYO,1.39,-19.65%,1.93,utb,参数一,"{""utb"": {""key_value"": 2, ""atr_period"": 14, ""use_ha"": false}, ""r&s"": {""srb_left"": 10, ""srb_right"": 10}, ""atr"": {""atr_length"": 14, ""atr_mult"": 1.0}}",MYOMO INC,1D,,,,,,
2026-08-24 00:00:00,Short,MYO,1.39,-19.65%,1.93,utb,参数二,"{""utb"": {""key_value"": 3, ""atr_period"": 14, ""use_ha"": false}, ""r&s"": {""srb_left"": 15, ""srb_right"": 15}, ""atr"": {""atr_length"": 14, ""atr_mult"": 1.0}}",MYOMO INC,1D,,,,,,
2026-08-24 00:00:00,Long,XPON,6.2,80.49%,5.25,utb,参数一,"{""utb"": {""key_value"": 2, ""atr_period"": 14, ""use_ha"": false}, ""r&s"": {""srb_left"": 10, ""srb_right"": 10}, ""atr"": {""atr_length"": 14, ""atr_mult"": 1.0}}",EXPION360 INC,1D,,,,,,
2026-08-24 00:00:00,Long,XPON,6.2,80.49%,5.25,utb,参数二,"{""utb"": {""key_value"": 3, ""atr_period"": 14, ""use_ha"": false}, ""r&s"": {""srb_left"": 15, ""srb_right"": 15}, ""atr"": {""atr_length"": 14, ""atr_mult"": 1.0}}",EXPION360 INC,1D,,,,,,
2026-08-24 00:00:00,Short,FULT,23.59,-0.21%,24.35,utb,参数二,"{""utb"": {""key_value"": 3, ""atr_period"": 14, ""use_ha"": false}, ""r&s"": {""srb_left"": 15, ""srb_right"": 15}, ""atr"": {""atr_length"": 14, ""atr_mult"": 1.0}}",FULTON FINANCIAL CORP,1D,,,,,,
2026-08-24 00:00:00,Short,FLR,51.28,-2.17%,55.5,utb,参数一,"{""utb"": {""key_value"": 2, ""atr_period"": 14, ""use_ha"": false}, ""r&s"": {""srb_left"": 10, ""srb_right"": 10}, ""atr"": {""atr_length"": 14, ""atr_mult"": 1.0}}",FLUOR CORP,1D,,,,,,
2026-08-24 00:00:00,Long,EPRX,7.28,8.17%,6.27,utb,参数二,"{""utb"": {""key_value"": 3, ""atr_period"": 14, ""use_ha"": false}, ""r&s"": {""srb_left"": 15, ""srb_right"": 15}, ""atr"": {""atr_length"": 14, ""atr_mult"": 1.0}}",EUPRAXIA PHARMACEUTICALS INC,1D,,,,,,
2026-08-24 00:00:00,Short,HCIC,10.0,-0.10%,10.01,utb,参数一,"{""utb"": {""key_value"": 2, ""atr_period"": 14, ""use_ha"": false}, ""r&s"": {""srb_left"": 10, ""srb_right"": 10}, ""atr"": {""atr_length"": 14, ""atr_mult"": 1.0}}",HENNESSY CAPITAL INVEST-A,1D,,,,,,
2026-08-24 00:00:00,Short,PRHI,7.25,-7.05%,8.46,suf,参数一,"{""suf"": {""timeframe"": ""d""}}",PRESURANCE HOLDINGS INC,1D,,,,,,
2026-08-24 00:00:00,Short,PRHI,7.25,-7.05%,8.46,suf,参数二,"{""suf"": {""timeframe"": ""d""}}",PRESURANCE HOLDINGS INC,1D,,,,,,
2026-08-24 00:00:00,Short,CIEN,371.95,-6.02%,416.72,utb,参数一,"{""utb"": {""key_value"": 2, ""atr_period"": 14, ""use_ha"": false}, ""r&s"": {""srb_left"": 10, ""srb_right"": 10}, ""atr"": {""atr_length"": 14, ""atr_mult"": 1.0}}",CIENA CORP,1D,,,,,,
2026-08-24 00:00:00,Long,SPNT,24.02,1.65%,23.01,utb,参数一,"{""utb"": {""key_value"": 2, ""atr_period"": 14, ""use_ha"": false}, ""r&s"": {""srb_left"": 10, ""srb_right"": 10}, ""atr"": {""atr_length"": 14, ""atr_mult"": 1.0}}",SIRIUSPOINT LTD,1D,,,,,,
2026-08-24 00:00:00,Long,SPNT,24.02,1.65%,23.01,mfa,参数一,"{""utb"": {""key_value"": 2, ""atr_period"": 14, ""use_ha"": false}, ""mfa"": {""mfa_all"": 11}}",SIRIUSPOINT LTD,1D,,,,,,
2026-08-24 00:00:00,Short,DRS,39.01,-4.15%,42.35,sqz,参数二,"{""sqz"": {""bb_length"": 20, ""bb_mult"": 1.8, ""kc_length"": 20, ""kc_mult"": 1.5, ""min_sqz_bars"": 4}, ""r&s"": {""srb_left"": 15, ""srb_right"": 15}, ""atr"": {""atr_length"": 14, ""atr_mult"": 1.0}}",LEONARDO DRS INC,1D,一直亮红,32.24-36.86-42.6-38.39-40.32,高-高-低-高,14.34%-15.56%-9.87%-5.02%,39.0,22.2
2026-08-24 00:00:00,Long,MAN,61.39,-0.10%,58.51,sqz,参数二,"{""sqz"": {""bb_length"": 20, ""bb_mult"": 1.8, ""kc_length"": 20, ""kc_mult"": 1.5, ""min_sqz_bars"": 4}, ""r&s"": {""srb_left"": 15, ""srb_right"": 15}, ""atr"": {""atr_length"": 14, ""atr_mult"": 1.0}}",MANPOWERGROUP INC,1D,一直释放,nan-36.73-32.31,低-低,nan%-12.05%,86.0,31.24
2026-08-24 00:00:00,Short,LBRT,18.48,-4.55%,20.35,utb,参数二,"{""utb"": {""key_value"": 3, ""atr_period"": 14, ""use_ha"": false}, ""r&s"": {""srb_left"": 15, ""srb_right"": 15}, ""atr"": {""atr_length"": 14, ""atr_mult"": 1.0}}",LIBERTY ENERGY INC,1D,,,,,,
2026-08-24 00:00:00,Long,UAVS,1.08,6.93%,0.9,utb,参数一,"{""utb"": {""key_value"": 2, ""atr_period"": 14, ""use_ha"": false}, ""r&s"": {""srb_left"": 10, ""srb_right"": 10}, ""atr"": {""atr_length"": 14, ""atr_mult"": 1.0}}",AGEAGLE AERIAL SYSTEMS INC,1D,,,,,,
2026-08-24 00:00:00,Short,BLIN,0.96,-3.03%,1.11,sqz,参数一,"{""sqz"": {""bb_length"": 15, ""bb_mult"": 1.5, ""kc_length"": 15, ""kc_mult"": 1.2, ""min_sqz_bars"": 4}, ""r&s"": {""srb_left"": 10, ""srb_right"": 10}, ""atr"": {""atr_length"": 14, ""atr_mult"": 1.0}}",BRIDGELINE DIGITAL INC,1D,一直亮红,0.69-0.7-0.79-0.85-0.96,高-高-高-高,1.45%-12.86%-7.59%-12.94%,43.0,47.92
2026-08-24 00:00:00,Short,FSHP,11.18,-1.41%,11.86,utb,参数一,"{""utb"": {""key_value"": 2, ""atr_period"": 14, ""use_ha"": false}, ""r&s"": {""srb_left"": 10, ""srb_right"": 10}, ""atr"": {""atr_length"": 14, ""atr_mult"": 1.0}}",FLAG SHIP ACQUISITION CORP,1D,,,,,,
2026-08-24 00:00:00,Short,FSHP,11.18,-1.41%,11.86,suf,参数一,"{""suf"": {""timeframe"": ""d""}}",FLAG SHIP ACQUISITION CORP,1D,,,,,,
2026-08-24 00:00:00,Short,FSHP,11.18,-1.41%,11.86,utb,参数二,"{""utb"": {""key_value"": 3, ""atr_period"": 14, ""use_ha"": false}, ""r&s"": {""srb_left"": 15, ""srb_right"": 15}, ""atr"": {""atr_length"": 14, ""atr_mult"": 1.0}}",FLAG SHIP ACQUISITION CORP,1D,,,,,,
2026-08-24 00:00:00,Short,FSHP,11.18,-1.41%,11.86,suf,参数二,"{""suf"": {""timeframe"": ""d""}}",FLAG SHIP ACQUISITION CORP,1D,,,,,,
2026-08-24 00:00:00,Long,NPWR,1.99,17.06%,1.66,utb,参数一,"{""utb"": {""key_value"": 2, ""atr_period"": 14, ""use_ha"": false}, ""r&s"": {""srb_left"": 10, ""srb_right"": 10}, ""atr"": {""atr_length"": 14, ""atr_mult"": 1.0}}",NET POWER INC,1D,,,,,,
2026-08-24 00:00:00,Short,INTZ,0.62,-3.12%,0.71,sqz,参数二,"{""sqz"": {""bb_length"": 20, ""bb_mult"": 1.8, ""kc_length"": 20, ""kc_mult"": 1.5, ""min_sqz_bars"": 4}, ""r&s"": {""srb_left"": 15, ""srb_right"": 15}, ""atr"": {""atr_length"": 14, ""atr_mult"": 1.0}}",INTRUSION INC,1D,一直释放,1.2-1.13-0.75-0.76-0.66,低-低-高-低,5.83%-33.63%-1.33%-13.16%,40.0,63.64
2026-08-24 00:00:00,Long,NEXM,2.59,4.44%,2.28,utb,参数二,"{""utb"": {""key_value"": 3, ""atr_period"": 14, ""use_ha"": false}, ""r&s"": {""srb_left"": 15, ""srb_right"": 15}, ""atr"": {""atr_length"": 14, ""atr_mult"": 1.0}}",NEXMETALS MINING CORP,1D,,,,,,
2026-08-24 00:00:00,Long,CTVA,82.81,1.25%,79.0,utb,参数二,"{""utb"": {""key_value"": 3, ""atr_period"": 14, ""use_ha"": false}, ""r&s"": {""srb_left"": 15, ""srb_right"": 15}, ""atr"": {""atr_length"": 14, ""atr_mult"": 1.0}}",CORTEVA INC,1D,,,,,,
2026-08-24 00:00:00,Long,YUM,157.35,2.85%,149.61,utb,参数一,"{""utb"": {""key_value"": 2, ""atr_period"": 14, ""use_ha"": false}, ""r&s"": {""srb_left"": 10, ""srb_right"": 10}, ""atr"": {""atr_length"": 14, ""atr_mult"": 1.0}}",YUM! BRANDS INC,1D,,,,,,
2026-08-24 00:00:00,Long,YUM,157.35,2.85%,149.61,mfa,参数一,"{""utb"": {""key_value"": 2, ""atr_period"": 14, ""use_ha"": false}, ""mfa"": {""mfa_all"": 10}}",YUM! BRANDS INC,1D,,,,,,
2026-08-24 00:00:00,Short,DFSC,1.6,3.23%,2.03,sqz,参数一,"{""sqz"": {""bb_length"": 15, ""bb_mult"": 1.5, ""kc_length"": 15, ""kc_mult"": 1.2, ""min_sqz_bars"": 4}, ""r&s"": {""srb_left"": 10, ""srb_right"": 10}, ""atr"": {""atr_length"": 14, ""atr_mult"": 1.0}}",DEFSEC TECHNOLOGIES INC,1D,一直释放,nan-2.99-1.62-1.69-1.85,低-低-高-高,nan%-45.82%-4.32%-9.47%,101.0,175.14
2026-08-24 00:00:00,Long,EAT,253.94,3.20%,235.48,sqz,参数二,"{""sqz"": {""bb_length"": 20, ""bb_mult"": 1.8, ""kc_length"": 20, ""kc_mult"": 1.5, ""min_sqz_bars"": 4}, ""r&s"": {""srb_left"": 15, ""srb_right"": 15}, ""atr"": {""atr_length"": 14, ""atr_mult"": 1.0}}",BRINKER INTERNATIONAL INC,1D,一直释放,nan-155.18-175.29-161.71,低-高-低,nan%-12.96%-7.75%,88.0,29.41
2026-08-24 00:00:00,Short,LINK,4.84,-4.63%,5.68,utb,参数一,"{""utb"": {""key_value"": 2, ""atr_period"": 14, ""use_ha"": false}, ""r&s"": {""srb_left"": 10, ""srb_right"": 10}, ""atr"": {""atr_length"": 14, ""atr_mult"": 1.0}}",INTERLINK ELECTRONICS INC,1D,,,,,,
2026-08-24 00:00:00,Long,GLED,10.0,0.20%,9.96,utb,参数一,"{""utb"": {""key_value"": 2, ""atr_period"": 14, ""use_ha"": false}, ""r&s"": {""srb_left"": 10, ""srb_right"": 10}, ""atr"": {""atr_length"": 14, ""atr_mult"": 1.0}}",GALAXYEDGE ACQUISITION CORP,1D,,,,,,
2026-08-24 00:00:00,Short,HII,294.63,-1.20%,307.63,utb,参数二,"{""utb"": {""key_value"": 3, ""atr_period"": 14, ""use_ha"": false}, ""r&s"": {""srb_left"": 15, ""srb_right"": 15}, ""atr"": {""atr_length"": 14, ""atr_mult"": 1.0}}",HUNTINGTON INGALLS INDUSTRIE,1D,,,,,,
2026-08-24 00:00:00,Long,KPRX,2.75,3.38%,2.55,utb,参数一,"{""utb"": {""key_value"": 2, ""atr_period"": 14, ""use_ha"": false}, ""r&s"": {""srb_left"": 10, ""srb_right"": 10}, ""atr"": {""atr_length"": 14, ""atr_mult"": 1.0}}",KIORA PHARMACEUTICALS INC,1D,,,,,,
2026-08-24 00:00:00,Long,COST,971.4,2.50%,932.36,utb,参数一,"{""utb"": {""key_value"": 2, ""atr_period"": 14, ""use_ha"": false}, ""r&s"": {""srb_left"": 10, ""srb_right"": 10}, ""atr"": {""atr_length"": 14, ""atr_mult"": 1.0}}",COSTCO WHOLESALE CORP,1D,,,,,,
2026-08-24 00:00:00,Long,WIX,84.42,2.86%,76.53,sqz,参数二,"{""sqz"": {""bb_length"": 20, ""bb_mult"": 1.8, ""kc_length"": 20, ""kc_mult"": 1.5, ""min_sqz_bars"": 4}, ""r&s"": {""srb_left"": 15, ""srb_right"": 15}, ""atr"": {""atr_length"": 14, ""atr_mult"": 1.0}}",WIX.COM LTD,1D,一直亮绿,nan-108.7-94.83-82.48,低-低-低,nan%-12.76%-13.02%,72.0,105.38
2026-08-24 00:00:00,Long,DE,648.64,0.18%,625.24,sqz,参数一,"{""sqz"": {""bb_length"": 15, ""bb_mult"": 1.5, ""kc_length"": 15, ""kc_mult"": 1.2, ""min_sqz_bars"": 4}, ""r&s"": {""srb_left"": 10, ""srb_right"": 10}, ""atr"": {""atr_length"": 14, ""atr_mult"": 1.0}}",DEERE & CO,1D,压力释放,670.49-617.64-602.95-638.99-643.99,低-低-高-高,7.88%-2.38%-5.98%-0.78%,19.0,11.17
2026-08-24 00:00:00,Long,DE,648.64,0.18%,625.24,sqz,参数二,"{""sqz"": {""bb_length"": 20, ""bb_mult"": 1.8, ""kc_length"": 20, ""kc_mult"": 1.5, ""min_sqz_bars"": 4}, ""r&s"": {""srb_left"": 15, ""srb_right"": 15}, ""atr"": {""atr_length"": 14, ""atr_mult"": 1.0}}",DEERE & CO,1D,压力释放,496.05-670.49-617.64-638.99-643.99,高-低-高-高,35.16%-7.88%-3.46%-0.78%,19.0,11.17
2026-08-24 00:00:00,Long,FIG,27.44,1.25%,24.87,utb,参数一,"{""utb"": {""key_value"": 2, ""atr_period"": 14, ""use_ha"": false}, ""r&s"": {""srb_left"": 10, ""srb_right"": 10}, ""atr"": {""atr_length"": 14, ""atr_mult"": 1.0}}",FIGMA INC-CL A,1D,,,,,,
2026-08-24 00:00:00,Long,VBIO,0.17,34.96%,0.02,suf,参数一,"{""suf"": {""timeframe"": ""d""}}",VALION BIO INC,1D,,,,,,
2026-08-24 00:00:00,Long,VBIO,0.17,34.96%,0.02,suf,参数二,"{""suf"": {""timeframe"": ""d""}}",VALION BIO INC,1D,,,,,,
2026-08-24 00:00:00,Long,APRE,0.81,25.78%,0.62,utb,参数一,"{""utb"": {""key_value"": 2, ""atr_period"": 14, ""use_ha"": false}, ""r&s"": {""srb_left"": 10, ""srb_right"": 10}, ""atr"": {""atr_length"": 14, ""atr_mult"": 1.0}}",APREA THERAPEUTICS INC,1D,,,,,,
2026-08-24 00:00:00,Long,APRE,0.81,25.78%,0.62,mfa,参数一,"{""utb"": {""key_value"": 2, ""atr_period"": 14, ""use_ha"": false}, ""mfa"": {""mfa_all"": 30}}",APREA THERAPEUTICS INC,1D,,,,,,
2026-08-24 00:00:00,Long,APRE,0.81,25.78%,0.62,utb,参数二,"{""utb"": {""key_value"": 3, ""atr_period"": 14, ""use_ha"": false}, ""r&s"": {""srb_left"": 15, ""srb_right"": 15}, ""atr"": {""atr_length"": 14, ""atr_mult"": 1.0}}",APREA THERAPEUTICS INC,1D,,,,,,
2026-08-24 00:00:00,Long,APRE,0.81,25.78%,0.62,mfa,参数二,"{""utb"": {""key_value"": 3, ""atr_period"": 14, ""use_ha"": false}, ""mfa"": {""mfa_all"": 30}}",APREA THERAPEUTICS INC,1D,,,,,,
2026-08-24 00:00:00,Long,MO,68.47,3.60%,64.93,utb,参数一,"{""utb"": {""key_value"": 2, ""atr_period"": 14, ""use_ha"": false}, ""r&s"": {""srb_left"": 10, ""srb_right"": 10}, ""atr"": {""atr_length"": 14, ""atr_mult"": 1.0}}",ALTRIA GROUP INC,1D,,,,,,
2026-08-24 00:00:00,Long,MO,68.47,3.60%,64.93,mfa,参数一,"{""utb"": {""key_value"": 2, ""atr_period"": 14, ""use_ha"": false}, ""mfa"": {""mfa_all"": 18}}",ALTRIA GROUP INC,1D,,,,,,
2026-08-24 00:00:00,Long,SVRN,8.52,7.30%,7.32,utb,参数二,"{""utb"": {""key_value"": 3, ""atr_period"": 14, ""use_ha"": false}, ""r&s"": {""srb_left"": 15, ""srb_right"": 15}, ""atr"": {""atr_length"": 14, ""atr_mult"": 1.0}}",OCEANPAL INC,1D,,,,,,
2026-08-24 00:00:00,Short,ENTG,138.25,-3.77%,149.18,utb,参数一,"{""utb"": {""key_value"": 2, ""atr_period"": 14, ""use_ha"": false}, ""r&s"": {""srb_left"": 10, ""srb_right"": 10}, ""atr"": {""atr_length"": 14, ""atr_mult"": 1.0}}",ENTEGRIS INC,1D,,,,,,
2026-08-24 00:00:00,Long,NAK,1.78,2.30%,1.61,utb,参数二,"{""utb"": {""key_value"": 3, ""atr_period"": 14, ""use_ha"": false}, ""r&s"": {""srb_left"": 15, ""srb_right"": 15}, ""atr"": {""atr_length"": 14, ""atr_mult"": 1.0}}",NORTHERN DYNASTY MINERALS,1D,,,,,,
2026-08-24 00:00:00,Short,AVTR,14.26,-1.38%,14.86,suf,参数一,"{""suf"": {""timeframe"": ""d""}}",AVANTOR INC,1D,,,,,,
2026-08-24 00:00:00,Short,AVTR,14.26,-1.38%,14.86,suf,参数二,"{""suf"": {""timeframe"": ""d""}}",AVANTOR INC,1D,,,,,,
2026-08-24 00:00:00,Short,JBHT,259.88,-5.65%,284.71,utb,参数一,"{""utb"": {""key_value"": 2, ""atr_period"": 14, ""use_ha"": false}, ""r&s"": {""srb_left"": 10, ""srb_right"": 10}, ""atr"": {""atr_length"": 14, ""atr_mult"": 1.0}}",HUNT (JB) TRANSPRT SVCS INC,1D,,,,,,
2026-08-24 00:00:00,Short,VLO,346.0,-0.82%,363.68,suf,参数一,"{""suf"": {""timeframe"": ""d""}}",VALERO ENERGY CORP,1D,,,,,,
2026-08-24 00:00:00,Short,VLO,346.0,-0.82%,363.68,suf,参数二,"{""suf"": {""timeframe"": ""d""}}",VALERO ENERGY CORP,1D,,,,,,
2026-08-24 00:00:00,Short,ATMU,48.13,-3.35%,52.06,sqz,参数一,"{""sqz"": {""bb_length"": 15, ""bb_mult"": 1.5, ""kc_length"": 15, ""kc_mult"": 1.2, ""min_sqz_bars"": 4}, ""r&s"": {""srb_left"": 10, ""srb_right"": 10}, ""atr"": {""atr_length"": 14, ""atr_mult"": 1.0}}",ATMUS FILTRATION TECHNOLOGIE,1D,一直亮红,51.66-54.24-49.85-44.13-48.71,高-低-低-高,5.00%-8.08%-11.48%-10.38%,33.0,14.46
2026-08-24 00:00:00,Short,ATMU,48.13,-3.35%,52.06,sqz,参数二,"{""sqz"": {""bb_length"": 20, ""bb_mult"": 1.8, ""kc_length"": 20, ""kc_mult"": 1.5, ""min_sqz_bars"": 4}, ""r&s"": {""srb_left"": 15, ""srb_right"": 15}, ""atr"": {""atr_length"": 14, ""atr_mult"": 1.0}}",ATMUS FILTRATION TECHNOLOGIE,1D,一直亮红,nan-54.24-44.13-48.71,低-低-高,nan%-18.64%-10.38%,33.0,14.46
2026-08-24 00:00:00,Short,MAMO,0.95,-8.27%,1.1,utb,参数一,"{""utb"": {""key_value"": 2, ""atr_period"": 14, ""use_ha"": false}, ""r&s"": {""srb_left"": 10, ""srb_right"": 10}, ""atr"": {""atr_length"": 14, ""atr_mult"": 1.0}}",MASSIMO GROUP,1D,,,,,,
2026-08-24 00:00:00,Short,TPC,88.32,-3.23%,95.45,utb,参数一,"{""utb"": {""key_value"": 2, ""atr_period"": 14, ""use_ha"": false}, ""r&s"": {""srb_left"": 10, ""srb_right"": 10}, ""atr"": {""atr_length"": 14, ""atr_mult"": 1.0}}",TUTOR PERINI CORP,1D,,,,,,
2026-08-24 00:00:00,Short,OIS,8.31,-3.93%,9.05,utb,参数一,"{""utb"": {""key_value"": 2, ""atr_period"": 14, ""use_ha"": false}, ""r&s"": {""srb_left"": 10, ""srb_right"": 10}, ""atr"": {""atr_length"": 14, ""atr_mult"": 1.0}}",OIL STATES INTERNATIONAL INC,1D,,,,,,
2026-08-24 00:00:00,Short,UAC,9.95,-0.10%,9.98,utb,参数一,"{""utb"": {""key_value"": 2, ""atr_period"": 14, ""use_ha"": false}, ""r&s"": {""srb_left"": 10, ""srb_right"": 10}, ""atr"": {""atr_length"": 14, ""atr_mult"": 1.0}}",UNITED ACQUISITION CORP I-A,1D,,,,,,
2026-08-24 00:00:00,Short,UAC,9.95,-0.10%,9.98,utb,参数二,"{""utb"": {""key_value"": 3, ""atr_period"": 14, ""use_ha"": false}, ""r&s"": {""srb_left"": 15, ""srb_right"": 15}, ""atr"": {""atr_length"": 14, ""atr_mult"": 1.0}}",UNITED ACQUISITION CORP I-A,1D,,,,,,
2026-08-24 00:00:00,Long,BALL,64.42,1.31%,62.24,utb,参数一,"{""utb"": {""key_value"": 2, ""atr_period"": 14, ""use_ha"": false}, ""r&s"": {""srb_left"": 10, ""srb_right"": 10}, ""atr"": {""atr_length"": 14, ""atr_mult"": 1.0}}",BALL CORP,1D,,,,,,
2026-08-24 00:00:00,Long,KURA,12.4,4.29%,10.72,sqz,参数一,"{""sqz"": {""bb_length"": 15, ""bb_mult"": 1.5, ""kc_length"": 15, ""kc_mult"": 1.2, ""min_sqz_bars"": 4}, ""r&s"": {""srb_left"": 10, ""srb_right"": 10}, ""atr"": {""atr_length"": 14, ""atr_mult"": 1.0}}",KURA ONCOLOGY INC,1D,一直亮绿,12.32-9.6-10.03-11.52-12.22,低-高-高-高,22.08%-4.53%-14.80%-6.08%,32.0,38.55
2026-08-24 00:00:00,Long,KURA,12.4,4.29%,10.72,sqz,参数二,"{""sqz"": {""bb_length"": 20, ""bb_mult"": 1.8, ""kc_length"": 20, ""kc_mult"": 1.5, ""min_sqz_bars"": 4}, ""r&s"": {""srb_left"": 15, ""srb_right"": 15}, ""atr"": {""atr_length"": 14, ""atr_mult"": 1.0}}",KURA ONCOLOGY INC,1D,一直亮绿,nan-9.6-10.03-11.52-12.22,低-高-高-高,nan%-4.53%-14.80%-6.08%,32.0,38.55
2026-08-24 00:00:00,Short,TFII,135.82,-3.91%,145.78,utb,参数一,"{""utb"": {""key_value"": 2, ""atr_period"": 14, ""use_ha"": false}, ""r&s"": {""srb_left"": 10, ""srb_right"": 10}, ""atr"": {""atr_length"": 14, ""atr_mult"": 1.0}}",TFI INTERNATIONAL INC,1D,,,,,,
2026-08-24 00:00:00,Short,LWLG,5.81,-6.14%,6.75,utb,参数二,"{""utb"": {""key_value"": 3, ""atr_period"": 14, ""use_ha"": false}, ""r&s"": {""srb_left"": 15, ""srb_right"": 15}, ""atr"": {""atr_length"": 14, ""atr_mult"": 1.0}}",LIGHTWAVE LOGIC INC,1D,,,,,,
2026-08-24 00:00:00,Long,KYNB,7.98,6.12%,7.33,sqz,参数一,"{""sqz"": {""bb_length"": 15, ""bb_mult"": 1.5, ""kc_length"": 15, ""kc_mult"": 1.2, ""min_sqz_bars"": 4}, ""r&s"": {""srb_left"": 10, ""srb_right"": 10}, ""atr"": {""atr_length"": 14, ""atr_mult"": 1.0}}",KYNTRA BIO INC,1D,压力释放,9.75-8.99-7.45-7.95-7.82,低-低-高-低,7.79%-17.07%-6.64%-1.64%,34.0,17.42
2026-08-24 00:00:00,Long,KYNB,7.98,6.12%,7.33,sqz,参数二,"{""sqz"": {""bb_length"": 20, ""bb_mult"": 1.8, ""kc_length"": 20, ""kc_mult"": 1.5, ""min_sqz_bars"": 4}, ""r&s"": {""srb_left"": 15, ""srb_right"": 15}, ""atr"": {""atr_length"": 14, ""atr_mult"": 1.0}}",KYNTRA BIO INC,1D,压力释放,nan-10.47-7.45-7.95,低-低-高,nan%-28.80%-6.64%,49.0,19.49
2026-08-24 00:00:00,Long,ALCO,41.22,2.26%,39.6,utb,参数一,"{""utb"": {""key_value"": 2, ""atr_period"": 14, ""use_ha"": false}, ""r&s"": {""srb_left"": 10, ""srb_right"": 10}, ""atr"": {""atr_length"": 14, ""atr_mult"": 1.0}}",ALICO INC,1D,,,,,,
2026-08-24 00:00:00,Long,BRO,74.62,2.33%,71.22,utb,参数一,"{""utb"": {""key_value"": 2, ""atr_period"": 14, ""use_ha"": false}, ""r&s"": {""srb_left"": 10, ""srb_right"": 10}, ""atr"": {""atr_length"": 14, ""atr_mult"": 1.0}}",BROWN & BROWN INC,1D,,,,,,
2026-08-24 00:00:00,Long,FVN,19.84,52.62%,9.94,sqz,参数一,"{""sqz"": {""bb_length"": 15, ""bb_mult"": 1.5, ""kc_length"": 15, ""kc_mult"": 1.2, ""min_sqz_bars"": 4}, ""r&s"": {""srb_left"": 10, ""srb_right"": 10}, ""atr"": {""atr_length"": 14, ""atr_mult"": 1.0}}",FUTURE VISION II ACQUISITION,1D,压力释放,10.57-10.63-10.85-11.99-17.0,高-高-高-高,0.57%-2.07%-10.51%-41.78%,12.0,98.83
2026-08-24 00:00:00,Long,FVN,19.84,52.62%,9.94,sqz,参数二,"{""sqz"": {""bb_length"": 20, ""bb_mult"": 1.8, ""kc_length"": 20, ""kc_mult"": 1.5, ""min_sqz_bars"": 4}, ""r&s"": {""srb_left"": 15, ""srb_right"": 15}, ""atr"": {""atr_length"": 14, ""atr_mult"": 1.0}}",FUTURE VISION II ACQUISITION,1D,压力释放,nan-10.85-11.99,低-高,nan%-10.51%,38.0,51.75
2026-08-24 00:00:00,Long,ELV,402.63,0.52%,387.79,utb,参数一,"{""utb"": {""key_value"": 2, ""atr_period"": 14, ""use_ha"": false}, ""r&s"": {""srb_left"": 10, ""srb_right"": 10}, ""atr"": {""atr_length"": 14, ""atr_mult"": 1.0}}",ELEVANCE HEALTH INC,1D,,,,,,
2026-08-24 00:00:00,Short,CDT,2.49,-12.94%,3.36,utb,参数一,"{""utb"": {""key_value"": 2, ""atr_period"": 14, ""use_ha"": false}, ""r&s"": {""srb_left"": 10, ""srb_right"": 10}, ""atr"": {""atr_length"": 14, ""atr_mult"": 1.0}}",CDT EQUITY INC,1D,,,,,,
2026-08-24 00:00:00,Short,KUST,0.94,-6.00%,1.19,utb,参数一,"{""utb"": {""key_value"": 2, ""atr_period"": 14, ""use_ha"": false}, ""r&s"": {""srb_left"": 10, ""srb_right"": 10}, ""atr"": {""atr_length"": 14, ""atr_mult"": 1.0}}",KUSTOM ENTERTAINMENT INC,1D,,,,,,
2026-08-24 00:00:00,Short,APLM,23.11,-5.02%,26.95,suf,参数一,"{""suf"": {""timeframe"": ""d""}}",APOLLOMICS INC,1D,,,,,,
2026-08-24 00:00:00,Short,APLM,23.11,-5.02%,26.95,suf,参数二,"{""suf"": {""timeframe"": ""d""}}",APOLLOMICS INC,1D,,,,,,
2026-08-24 00:00:00,Short,RACC,21.05,-5.48%,27.08,utb,参数二,"{""utb"": {""key_value"": 3, ""atr_period"": 14, ""use_ha"": false}, ""r&s"": {""srb_left"": 15, ""srb_right"": 15}, ""atr"": {""atr_length"": 14, ""atr_mult"": 1.0}}",RESEARCH ALLIANCE CORP CL A,1D,,,,,,
2026-08-24 00:00:00,Short,MDA,29.69,-3.98%,32.5,utb,参数二,"{""utb"": {""key_value"": 3, ""atr_period"": 14, ""use_ha"": false}, ""r&s"": {""srb_left"": 15, ""srb_right"": 15}, ""atr"": {""atr_length"": 14, ""atr_mult"": 1.0}}",MDA SPACE LTD,1D,,,,,,
2026-08-24 00:00:00,Long,RLI,66.62,1.90%,64.07,utb,参数一,"{""utb"": {""key_value"": 2, ""atr_period"": 14, ""use_ha"": false}, ""r&s"": {""srb_left"": 10, ""srb_right"": 10}, ""atr"": {""atr_length"": 14, ""atr_mult"": 1.0}}",RLI CORP,1D,,,,,,
2026-08-24 00:00:00,Short,SMP,37.52,-2.82%,39.73,utb,参数一,"{""utb"": {""key_value"": 2, ""atr_period"": 14, ""use_ha"": false}, ""r&s"": {""srb_left"": 10, ""srb_right"": 10}, ""atr"": {""atr_length"": 14, ""atr_mult"": 1.0}}",STANDARD MOTOR PRODS,1D,,,,,,
2026-08-24 00:00:00,Short,LCFY,2.29,-9.31%,2.68,utb,参数一,"{""utb"": {""key_value"": 2, ""atr_period"": 14, ""use_ha"": false}, ""r&s"": {""srb_left"": 10, ""srb_right"": 10}, ""atr"": {""atr_length"": 14, ""atr_mult"": 1.0}}",LOCAFY LTD,1D,,,,,,
2026-08-24 00:00:00,Short,ARBE,0.68,-5.31%,0.77,utb,参数一,"{""utb"": {""key_value"": 2, ""atr_period"": 14, ""use_ha"": false}, ""r&s"": {""srb_left"": 10, ""srb_right"": 10}, ""atr"": {""atr_length"": 14, ""atr_mult"": 1.0}}",ARBE ROBOTICS LTD,1D,,,,,,
2026-08-24 00:00:00,Short,ABCL,10.61,-6.27%,11.83,suf,参数一,"{""suf"": {""timeframe"": ""d""}}",ABCELLERA BIOLOGICS INC,1D,,,,,,
2026-08-24 00:00:00,Short,ABCL,10.61,-6.27%,11.83,suf,参数二,"{""suf"": {""timeframe"": ""d""}}",ABCELLERA BIOLOGICS INC,1D,,,,,,
2026-08-24 00:00:00,Short,NTNX,66.68,-1.42%,71.01,suf,参数一,"{""suf"": {""timeframe"": ""d""}}",NUTANIX INC - A,1D,,,,,,
2026-08-24 00:00:00,Short,NTNX,66.68,-1.42%,71.01,suf,参数二,"{""suf"": {""timeframe"": ""d""}}",NUTANIX INC - A,1D,,,,,,
2026-08-24 00:00:00,Short,RPM,106.36,-2.09%,112.94,utb,参数二,"{""utb"": {""key_value"": 3, ""atr_period"": 14, ""use_ha"": false}, ""r&s"": {""srb_left"": 15, ""srb_right"": 15}, ""atr"": {""atr_length"": 14, ""atr_mult"": 1.0}}",RPM INTERNATIONAL INC,1D,,,,,,
2026-08-24 00:00:00,Long,GORO,3.53,10.66%,2.82,utb,参数二,"{""utb"": {""key_value"": 3, ""atr_period"": 14, ""use_ha"": false}, ""r&s"": {""srb_left"": 15, ""srb_right"": 15}, ""atr"": {""atr_length"": 14, ""atr_mult"": 1.0}}",GOLDGROUP MINING INC,1D,,,,,,
2026-08-24 00:00:00,Short,APG,40.72,-1.07%,42.39,utb,参数二,"{""utb"": {""key_value"": 3, ""atr_period"": 14, ""use_ha"": false}, ""r&s"": {""srb_left"": 15, ""srb_right"": 15}, ""atr"": {""atr_length"": 14, ""atr_mult"": 1.0}}",API GROUP CORP,1D,,,,,,
2026-08-24 00:00:00,Short,INOD,57.13,-11.03%,68.61,utb,参数一,"{""utb"": {""key_value"": 2, ""atr_period"": 14, ""use_ha"": false}, ""r&s"": {""srb_left"": 10, ""srb_right"": 10}, ""atr"": {""atr_length"": 14, ""atr_mult"": 1.0}}",INNODATA INC,1D,,,,,,
2026-08-24 00:00:00,Long,UGI,38.19,1.60%,36.37,sqz,参数一,"{""sqz"": {""bb_length"": 15, ""bb_mult"": 1.5, ""kc_length"": 15, ""kc_mult"": 1.2, ""min_sqz_bars"": 4}, ""r&s"": {""srb_left"": 10, ""srb_right"": 10}, ""atr"": {""atr_length"": 14, ""atr_mult"": 1.0}}",UGI CORP,1D,一直亮绿,40.48-38.05-37.46-35.73-37.62,低-低-低-高,6.02%-1.53%-4.62%-5.28%,19.0,12.16
2026-08-24 00:00:00,Short,WKSP,0.55,-6.80%,0.69,sqz,参数一,"{""sqz"": {""bb_length"": 15, ""bb_mult"": 1.5, ""kc_length"": 15, ""kc_mult"": 1.2, ""min_sqz_bars"": 4}, ""r&s"": {""srb_left"": 10, ""srb_right"": 10}, ""atr"": {""atr_length"": 14, ""atr_mult"": 1.0}}",WORKSPORT LTD,1D,支撑释放,2.1-1.0-0.82-0.57-0.57,低-低-低-高,52.38%-17.50%-31.03%-0.18%,19.0,35.09
2026-08-24 00:00:00,Short,ORIQ,10.35,-0.29%,10.36,utb,参数一,"{""utb"": {""key_value"": 2, ""atr_period"": 14, ""use_ha"": false}, ""r&s"": {""srb_left"": 10, ""srb_right"": 10}, ""atr"": {""atr_length"": 14, ""atr_mult"": 1.0}}",ORIGIN INVESTMENT CORP I,1D,,,,,,
2026-08-24 00:00:00,Short,ORIQ,10.35,-0.29%,10.36,utb,参数二,"{""utb"": {""key_value"": 3, ""atr_period"": 14, ""use_ha"": false}, ""r&s"": {""srb_left"": 15, ""srb_right"": 15}, ""atr"": {""atr_length"": 14, ""atr_mult"": 1.0}}",ORIGIN INVESTMENT CORP I,1D,,,,,,
2026-08-24 00:00:00,Short,JOBY,7.19,-4.52%,7.94,utb,参数二,"{""utb"": {""key_value"": 3, ""atr_period"": 14, ""use_ha"": false}, ""r&s"": {""srb_left"": 15, ""srb_right"": 15}, ""atr"": {""atr_length"": 14, ""atr_mult"": 1.0}}",JOBY AVIATION INC,1D,,,,,,
2026-08-24 00:00:00,Long,EU,1.24,3.33%,1.1,utb,参数一,"{""utb"": {""key_value"": 2, ""atr_period"": 14, ""use_ha"": false}, ""r&s"": {""srb_left"": 10, ""srb_right"": 10}, ""atr"": {""atr_length"": 14, ""atr_mult"": 1.0}}",ENCORE ENERGY CORP,1D,,,,,,
2026-08-24 00:00:00,Long,PBAM,88.5,0.90%,86.63,sqz,参数一,"{""sqz"": {""bb_length"": 15, ""bb_mult"": 1.5, ""kc_length"": 15, ""kc_mult"": 1.2, ""min_sqz_bars"": 4}, ""r&s"": {""srb_left"": 10, ""srb_right"": 10}, ""atr"": {""atr_length"": 14, ""atr_mult"": 1.0}}",PRIVATE BANCORP OF AMERICA I,1D,一直释放,nan-57.54-78.53-75.97,低-高-低,nan%-36.48%-3.26%,42.0,4.0
2026-08-24 00:00:00,Short,ESE,275.62,-4.05%,298.78,sqz,参数一,"{""sqz"": {""bb_length"": 15, ""bb_mult"": 1.5, ""kc_length"": 15, ""kc_mult"": 1.2, ""min_sqz_bars"": 4}, ""r&s"": {""srb_left"": 10, ""srb_right"": 10}, ""atr"": {""atr_length"": 14, ""atr_mult"": 1.0}}",ESCO TECHNOLOGIES INC,1D,一直亮红,nan-193.5-194.26-255.61-282.91,低-高-高-高,nan%-0.39%-31.58%-10.68%,58.0,27.98
2026-08-24 00:00:00,Short,ESE,275.62,-4.05%,298.78,sqz,参数二,"{""sqz"": {""bb_length"": 20, ""bb_mult"": 1.8, ""kc_length"": 20, ""kc_mult"": 1.5, ""min_sqz_bars"": 4}, ""r&s"": {""srb_left"": 15, ""srb_right"": 15}, ""atr"": {""atr_length"": 14, ""atr_mult"": 1.0}}",ESCO TECHNOLOGIES INC,1D,一直亮红,nan-193.5-194.26-255.61-282.91,低-高-高-高,nan%-0.39%-31.58%-10.68%,58.0,27.98
2026-08-24 00:00:00,Long,NNNN,7.9,16.01%,4.89,suf,参数一,"{""suf"": {""timeframe"": ""d""}}",ANBIO BIOTECHNOLOGY LTD,1D,,,,,,
2026-08-24 00:00:00,Long,NNNN,7.9,16.01%,4.89,suf,参数二,"{""suf"": {""timeframe"": ""d""}}",ANBIO BIOTECHNOLOGY LTD,1D,,,,,,
2026-08-24 00:00:00,Long,GOLF,89.67,0.96%,85.69,suf,参数一,"{""suf"": {""timeframe"": ""d""}}",ACUSHNET HOLDINGS CORP,1D,,,,,,
2026-08-24 00:00:00,Long,GOLF,89.67,0.96%,85.69,suf,参数二,"{""suf"": {""timeframe"": ""d""}}",ACUSHNET HOLDINGS CORP,1D,,,,,,
2026-08-24 00:00:00,Long,VERA,33.72,4.48%,30.06,utb,参数一,"{""utb"": {""key_value"": 2, ""atr_period"": 14, ""use_ha"": false}, ""r&s"": {""srb_left"": 10, ""srb_right"": 10}, ""atr"": {""atr_length"": 14, ""atr_mult"": 1.0}}",VERA THERAPEUTICS INC,1D,,,,,,
2026-08-24 00:00:00,Long,VERA,33.72,4.48%,30.06,mfa,参数一,"{""utb"": {""key_value"": 2, ""atr_period"": 14, ""use_ha"": false}, ""mfa"": {""mfa_all"": 17}}",VERA THERAPEUTICS INC,1D,,,,,,
2026-08-24 00:00:00,Short,RCAT,8.93,-7.17%,10.23,utb,参数一,"{""utb"": {""key_value"": 2, ""atr_period"": 14, ""use_ha"": false}, ""r&s"": {""srb_left"": 10, ""srb_right"": 10}, ""atr"": {""atr_length"": 14, ""atr_mult"": 1.0}}",RED CAT HOLDINGS INC,1D,,,,,,
2026-08-24 00:00:00,Short,CDNA,47.5,-2.28%,50.66,suf,参数一,"{""suf"": {""timeframe"": ""d""}}",CAREDX INC,1D,,,,,,
2026-08-24 00:00:00,Short,CDNA,47.5,-2.28%,50.66,suf,参数二,"{""suf"": {""timeframe"": ""d""}}",CAREDX INC,1D,,,,,,
2026-08-24 00:00:00,Long,USNA,13.58,0.22%,12.48,suf,参数一,"{""suf"": {""timeframe"": ""d""}}",USANA HEALTH SCIENCES INC,1D,,,,,,
2026-08-24 00:00:00,Long,USNA,13.58,0.22%,12.48,suf,参数二,"{""suf"": {""timeframe"": ""d""}}",USANA HEALTH SCIENCES INC,1D,,,,,,
2026-08-24 00:00:00,Short,STVN,22.27,-1.46%,23.94,suf,参数一,"{""suf"": {""timeframe"": ""d""}}",STEVANATO GROUP SPA,1D,,,,,,
2026-08-24 00:00:00,Short,STVN,22.27,-1.46%,23.94,suf,参数二,"{""suf"": {""timeframe"": ""d""}}",STEVANATO GROUP SPA,1D,,,,,,
2026-08-24 00:00:00,Long,XP,17.07,1.55%,15.94,utb,参数二,"{""utb"": {""key_value"": 3, ""atr_period"": 14, ""use_ha"": false}, ""r&s"": {""srb_left"": 15, ""srb_right"": 15}, ""atr"": {""atr_length"": 14, ""atr_mult"": 1.0}}",XP INC - CLASS A,1D,,,,,,
2026-08-24 00:00:00,Short,RGNX,8.06,-24.86%,9.6,utb,参数一,"{""utb"": {""key_value"": 2, ""atr_period"": 14, ""use_ha"": false}, ""r&s"": {""srb_left"": 10, ""srb_right"": 10}, ""atr"": {""atr_length"": 14, ""atr_mult"": 1.0}}",REGENXBIO INC,1D,,,,,,
2026-08-24 00:00:00,Short,LOB,40.3,-1.66%,42.51,utb,参数二,"{""utb"": {""key_value"": 3, ""atr_period"": 14, ""use_ha"": false}, ""r&s"": {""srb_left"": 15, ""srb_right"": 15}, ""atr"": {""atr_length"": 14, ""atr_mult"": 1.0}}",LIVE OAK BANCSHARES INC,1D,,,,,,
2026-08-24 00:00:00,Short,VSH,30.43,-3.79%,33.85,utb,参数一,"{""utb"": {""key_value"": 2, ""atr_period"": 14, ""use_ha"": false}, ""r&s"": {""srb_left"": 10, ""srb_right"": 10}, ""atr"": {""atr_length"": 14, ""atr_mult"": 1.0}}",VISHAY INTERTECHNOLOGY INC,1D,,,,,,
2026-08-24 00:00:00,Long,SEIC,110.75,1.11%,107.58,sqz,参数二,"{""sqz"": {""bb_length"": 20, ""bb_mult"": 1.8, ""kc_length"": 20, ""kc_mult"": 1.5, ""min_sqz_bars"": 4}, ""r&s"": {""srb_left"": 15, ""srb_right"": 15}, ""atr"": {""atr_length"": 14, ""atr_mult"": 1.0}}",SEI INVESTMENTS COMPANY,1D,一直释放,nan-87.74-90.89-92.96,低-高-高,nan%-3.59%-2.28%,69.0,8.39
2026-08-24 00:00:00,Short,ZENA,1.79,-11.82%,2.17,utb,参数一,"{""utb"": {""key_value"": 2, ""atr_period"": 14, ""use_ha"": false}, ""r&s"": {""srb_left"": 10, ""srb_right"": 10}, ""atr"": {""atr_length"": 14, ""atr_mult"": 1.0}}",ZENATECH INC,1D,,,,,,
2026-08-24 00:00:00,Short,EWBC,128.91,-0.82%,134.01,utb,参数二,"{""utb"": {""key_value"": 3, ""atr_period"": 14, ""use_ha"": false}, ""r&s"": {""srb_left"": 15, ""srb_right"": 15}, ""atr"": {""atr_length"": 14, ""atr_mult"": 1.0}}",EAST WEST BANCORP INC,1D,,,,,,
2026-08-24 00:00:00,Short,FISN,7.13,-13.58%,9.13,utb,参数一,"{""utb"": {""key_value"": 2, ""atr_period"": 14, ""use_ha"": false}, ""r&s"": {""srb_left"": 10, ""srb_right"": 10}, ""atr"": {""atr_length"": 14, ""atr_mult"": 1.0}}",DEEP FISSION INC,1D,,,,,,
2026-08-24 00:00:00,Short,ALTO,4.19,-4.34%,4.64,sqz,参数二,"{""sqz"": {""bb_length"": 20, ""bb_mult"": 1.8, ""kc_length"": 20, ""kc_mult"": 1.5, ""min_sqz_bars"": 4}, ""r&s"": {""srb_left"": 15, ""srb_right"": 15}, ""atr"": {""atr_length"": 14, ""atr_mult"": 1.0}}",ALTO INGREDIENTS INC,1D,一直释放,nan-2.34-2.25-4.3-4.81,低-低-高-高,nan%-3.85%-91.11%-11.86%,45.0,27.03
2026-08-24 00:00:00,Long,LSTA,1.76,13.55%,1.38,utb,参数二,"{""utb"": {""key_value"": 3, ""atr_period"": 14, ""use_ha"": false}, ""r&s"": {""srb_left"": 15, ""srb_right"": 15}, ""atr"": {""atr_length"": 14, ""atr_mult"": 1.0}}",LISATA THERAPEUTICS INC,1D,,,,,,
2026-08-24 00:00:00,Short,ARXS,53.06,-0.38%,57.4,utb,参数一,"{""utb"": {""key_value"": 2, ""atr_period"": 14, ""use_ha"": false}, ""r&s"": {""srb_left"": 10, ""srb_right"": 10}, ""atr"": {""atr_length"": 14, ""atr_mult"": 1.0}}",ARXIS INC-A,1D,,,,,,
2026-08-24 00:00:00,Short,GCTS,1.86,-8.82%,2.19,utb,参数二,"{""utb"": {""key_value"": 3, ""atr_period"": 14, ""use_ha"": false}, ""r&s"": {""srb_left"": 15, ""srb_right"": 15}, ""atr"": {""atr_length"": 14, ""atr_mult"": 1.0}}",GCT SEMICONDUCTOR HOLDING IN,1D,,,,,,
2026-08-24 00:00:00,Long,TIL,7.81,3.03%,7.38,utb,参数二,"{""utb"": {""key_value"": 3, ""atr_period"": 14, ""use_ha"": false}, ""r&s"": {""srb_left"": 15, ""srb_right"": 15}, ""atr"": {""atr_length"": 14, ""atr_mult"": 1.0}}",INSTIL BIO INC,1D,,,,,,
2026-08-24 00:00:00,Long,TIL,7.81,3.03%,7.38,mfa,参数二,"{""utb"": {""key_value"": 3, ""atr_period"": 14, ""use_ha"": false}, ""mfa"": {""mfa_all"": 48}}",INSTIL BIO INC,1D,,,,,,
2026-08-24 00:00:00,Long,ODYS,3.68,8.24%,3.02,suf,参数一,"{""suf"": {""timeframe"": ""d""}}",ODYSIGHT.AI INC,1D,,,,,,
2026-08-24 00:00:00,Long,ODYS,3.68,8.24%,3.02,suf,参数二,"{""suf"": {""timeframe"": ""d""}}",ODYSIGHT.AI INC,1D,,,,,,
2026-08-24 00:00:00,Short,QXO,13.41,-2.54%,14.66,sqz,参数二,"{""sqz"": {""bb_length"": 20, ""bb_mult"": 1.8, ""kc_length"": 20, ""kc_mult"": 1.5, ""min_sqz_bars"": 4}, ""r&s"": {""srb_left"": 15, ""srb_right"": 15}, ""atr"": {""atr_length"": 14, ""atr_mult"": 1.0}}",QXO INC,1D,一直释放,nan-19.01-20.91-18.05-14.75,低-高-低-低,nan%-9.99%-13.68%-18.28%,51.0,26.1
2026-08-24 00:00:00,Short,OSRH,0.25,-9.75%,0.4,sqz,参数二,"{""sqz"": {""bb_length"": 20, ""bb_mult"": 1.8, ""kc_length"": 20, ""kc_mult"": 1.5, ""min_sqz_bars"": 4}, ""r&s"": {""srb_left"": 15, ""srb_right"": 15}, ""atr"": {""atr_length"": 14, ""atr_mult"": 1.0}}",OSR HEALTH INC,1D,支撑释放,nan-0.46-0.54-0.42-0.3,低-高-低-低,nan%-18.42%-22.22%-28.57%,37.0,180.0
2026-08-24 00:00:00,Short,KELYA,16.79,-1.76%,17.89,suf,参数一,"{""suf"": {""timeframe"": ""d""}}",KELLY SERVICES INC -A,1D,,,,,,
2026-08-24 00:00:00,Short,KELYA,16.79,-1.76%,17.89,suf,参数二,"{""suf"": {""timeframe"": ""d""}}",KELLY SERVICES INC -A,1D,,,,,,
2026-08-24 00:00:00,Long,ALPX,9.95,0.20%,9.93,utb,参数一,"{""utb"": {""key_value"": 2, ""atr_period"": 14, ""use_ha"": false}, ""r&s"": {""srb_left"": 10, ""srb_right"": 10}, ""atr"": {""atr_length"": 14, ""atr_mult"": 1.0}}",ALPEX ACQUISITION CORP-CL A,1D,,,,,,
2026-08-24 00:00:00,Short,PSNL,17.06,-7.18%,18.44,suf,参数一,"{""suf"": {""timeframe"": ""d""}}",PERSONALIS INC,1D,,,,,,
2026-08-24 00:00:00,Short,PSNL,17.06,-7.18%,18.44,suf,参数二,"{""suf"": {""timeframe"": ""d""}}",PERSONALIS INC,1D,,,,,,
2026-08-24 00:00:00,Long,TIPT,18.54,2.32%,17.74,utb,参数一,"{""utb"": {""key_value"": 2, ""atr_period"": 14, ""use_ha"": false}, ""r&s"": {""srb_left"": 10, ""srb_right"": 10}, ""atr"": {""atr_length"": 14, ""atr_mult"": 1.0}}",TIPTREE INC,1D,,,,,,
2026-08-24 00:00:00,Short,CATO,2.79,-4.45%,3.11,sqz,参数二,"{""sqz"": {""bb_length"": 20, ""bb_mult"": 1.8, ""kc_length"": 20, ""kc_mult"": 1.5, ""min_sqz_bars"": 4}, ""r&s"": {""srb_left"": 15, ""srb_right"": 15}, ""atr"": {""atr_length"": 14, ""atr_mult"": 1.0}}",CATO CORP-CLASS A,1D,支撑释放,nan-2.78-2.81-2.59-2.94,低-高-低-高,nan%-1.08%-7.83%-13.51%,33.0,28.57
2026-08-24 00:00:00,Short,HL,20.4,-1.54%,22.08,suf,参数一,"{""suf"": {""timeframe"": ""d""}}",HECLA MINING CO,1D,,,,,,
2026-08-24 00:00:00,Short,HL,20.4,-1.54%,22.08,suf,参数二,"{""suf"": {""timeframe"": ""d""}}",HECLA MINING CO,1D,,,,,,
2026-08-24 00:00:00,Long,YOU,44.7,3.26%,40.87,suf,参数一,"{""suf"": {""timeframe"": ""d""}}",CLEAR SECURE INC -CLASS A,1D,,,,,,
2026-08-24 00:00:00,Long,YOU,44.7,3.26%,40.87,suf,参数二,"{""suf"": {""timeframe"": ""d""}}",CLEAR SECURE INC -CLASS A,1D,,,,,,
2026-08-24 00:00:00,Long,SDOT,23.16,75.72%,15.81,utb,参数一,"{""utb"": {""key_value"": 2, ""atr_period"": 14, ""use_ha"": false}, ""r&s"": {""srb_left"": 10, ""srb_right"": 10}, ""atr"": {""atr_length"": 14, ""atr_mult"": 1.0}}",SADOT GROUP INC,1D,,,,,,
2026-08-24 00:00:00,Long,SDOT,23.16,75.72%,15.81,utb,参数二,"{""utb"": {""key_value"": 3, ""atr_period"": 14, ""use_ha"": false}, ""r&s"": {""srb_left"": 15, ""srb_right"": 15}, ""atr"": {""atr_length"": 14, ""atr_mult"": 1.0}}",SADOT GROUP INC,1D,,,,,,
2026-08-24 00:00:00,Short,CTS,56.13,-2.79%,59.6,sqz,参数一,"{""sqz"": {""bb_length"": 15, ""bb_mult"": 1.5, ""kc_length"": 15, ""kc_mult"": 1.2, ""min_sqz_bars"": 4}, ""r&s"": {""srb_left"": 10, ""srb_right"": 10}, ""atr"": {""atr_length"": 14, ""atr_mult"": 1.0}}",CTS CORP,1D,一直亮红,40.06-42.59-45.44-55.54-56.97,高-高-高-高,6.32%-6.68%-22.23%-2.58%,34.0,19.34
2026-08-24 00:00:00,Short,CTS,56.13,-2.79%,59.6,sqz,参数二,"{""sqz"": {""bb_length"": 20, ""bb_mult"": 1.8, ""kc_length"": 20, ""kc_mult"": 1.5, ""min_sqz_bars"": 4}, ""r&s"": {""srb_left"": 15, ""srb_right"": 15}, ""atr"": {""atr_length"": 14, ""atr_mult"": 1.0}}",CTS CORP,1D,一直亮红,nan-40.06-45.44-56.97,低-高-高,nan%-13.43%-25.39%,34.0,19.34
2026-08-24 00:00:00,Short,TROX,5.39,-3.06%,5.91,utb,参数二,"{""utb"": {""key_value"": 3, ""atr_period"": 14, ""use_ha"": false}, ""r&s"": {""srb_left"": 15, ""srb_right"": 15}, ""atr"": {""atr_length"": 14, ""atr_mult"": 1.0}}",TRONOX HOLDINGS PLC,1D,,,,,,
2026-08-24 00:00:00,Long,CELH,35.03,5.01%,31.93,sqz,参数一,"{""sqz"": {""bb_length"": 15, ""bb_mult"": 1.5, ""kc_length"": 15, ""kc_mult"": 1.2, ""min_sqz_bars"": 4}, ""r&s"": {""srb_left"": 10, ""srb_right"": 10}, ""atr"": {""atr_length"": 14, ""atr_mult"": 1.0}}",CELSIUS HOLDINGS INC,1D,一直亮绿,57.85-59.31-35.75-33.49-34.19,高-低-低-高,2.52%-39.72%-6.32%-2.09%,35.0,45.12
2026-08-24 00:00:00,Long,CELH,35.03,5.01%,31.93,sqz,参数二,"{""sqz"": {""bb_length"": 20, ""bb_mult"": 1.8, ""kc_length"": 20, ""kc_mult"": 1.5, ""min_sqz_bars"": 4}, ""r&s"": {""srb_left"": 15, ""srb_right"": 15}, ""atr"": {""atr_length"": 14, ""atr_mult"": 1.0}}",CELSIUS HOLDINGS INC,1D,一直亮绿,nan-57.85-59.31-34.19,低-高-低,nan%-2.52%-42.35%,35.0,45.12
2026-08-24 00:00:00,Short,AVD,2.17,-5.65%,2.51,sqz,参数一,"{""sqz"": {""bb_length"": 15, ""bb_mult"": 1.5, ""kc_length"": 15, ""kc_mult"": 1.2, ""min_sqz_bars"": 4}, ""r&s"": {""srb_left"": 10, ""srb_right"": 10}, ""atr"": {""atr_length"": 14, ""atr_mult"": 1.0}}",AMERICAN VANGUARD CORP,1D,一直释放,nan-3.73-2.05-2.44-2.41,低-低-高-低,nan%-45.04%-19.02%-1.23%,43.0,34.02
2026-08-24 00:00:00,Long,MBVI,10.23,0.10%,10.22,sqz,参数一,"{""sqz"": {""bb_length"": 15, ""bb_mult"": 1.5, ""kc_length"": 15, ""kc_mult"": 1.2, ""min_sqz_bars"": 4}, ""r&s"": {""srb_left"": 10, ""srb_right"": 10}, ""atr"": {""atr_length"": 14, ""atr_mult"": 1.0}}",M3-BRIGADE ACQUISITION-CL A,1D,一直释放,nan-10.1-10.18-10.16,低-高-低,nan%-0.79%-0.20%,56.0,0.3
2026-08-24 00:00:00,Short,MTUS,18.73,-4.39%,21.12,utb,参数二,"{""utb"": {""key_value"": 3, ""atr_period"": 14, ""use_ha"": false}, ""r&s"": {""srb_left"": 15, ""srb_right"": 15}, ""atr"": {""atr_length"": 14, ""atr_mult"": 1.0}}",METALLUS INC,1D,,,,,,
2026-08-24 00:00:00,Short,PECE,9.93,-0.40%,9.94,utb,参数一,"{""utb"": {""key_value"": 2, ""atr_period"": 14, ""use_ha"": false}, ""r&s"": {""srb_left"": 10, ""srb_right"": 10}, ""atr"": {""atr_length"": 14, ""atr_mult"": 1.0}}",PEACE ACQUISITION CORP,1D,,,,,,
2026-08-24 00:00:00,Short,PECE,9.93,-0.40%,9.94,utb,参数二,"{""utb"": {""key_value"": 3, ""atr_period"": 14, ""use_ha"": false}, ""r&s"": {""srb_left"": 15, ""srb_right"": 15}, ""atr"": {""atr_length"": 14, ""atr_mult"": 1.0}}",PEACE ACQUISITION CORP,1D,,,,,,
2026-08-24 00:00:00,Short,COHU,51.3,-5.65%,57.11,utb,参数一,"{""utb"": {""key_value"": 2, ""atr_period"": 14, ""use_ha"": false}, ""r&s"": {""srb_left"": 10, ""srb_right"": 10}, ""atr"": {""atr_length"": 14, ""atr_mult"": 1.0}}",COHU INC,1D,,,,,,
2026-08-24 00:00:00,Short,TSEM,211.1,-5.16%,239.67,utb,参数一,"{""utb"": {""key_value"": 2, ""atr_period"": 14, ""use_ha"": false}, ""r&s"": {""srb_left"": 10, ""srb_right"": 10}, ""atr"": {""atr_length"": 14, ""atr_mult"": 1.0}}",TOWER SEMICONDUCTOR LTD,1D,,,,,,
2026-08-24 00:00:00,Long,AKTS,25.98,7.94%,21.36,utb,参数一,"{""utb"": {""key_value"": 2, ""atr_period"": 14, ""use_ha"": false}, ""r&s"": {""srb_left"": 10, ""srb_right"": 10}, ""atr"": {""atr_length"": 14, ""atr_mult"": 1.0}}",AKTIS ONCOLOGY INC,1D,,,,,,
2026-08-24 00:00:00,Long,GAU,2.42,3.42%,2.19,sqz,参数二,"{""sqz"": {""bb_length"": 20, ""bb_mult"": 1.8, ""kc_length"": 20, ""kc_mult"": 1.5, ""min_sqz_bars"": 4}, ""r&s"": {""srb_left"": 15, ""srb_right"": 15}, ""atr"": {""atr_length"": 14, ""atr_mult"": 1.0}}",GALIANO GOLD INC,1D,一直亮绿,3.26-3.62-2.76-2.74-2.37,高-低-低-低,11.04%-23.76%-0.72%-13.50%,46.0,42.77
2026-08-24 00:00:00,Short,FIGR,38.64,-1.18%,41.98,suf,参数一,"{""suf"": {""timeframe"": ""d""}}",FIGURE TECHNOLOGY SOLUT-CL A,1D,,,,,,
2026-08-24 00:00:00,Short,FIGR,38.64,-1.18%,41.98,suf,参数二,"{""suf"": {""timeframe"": ""d""}}",FIGURE TECHNOLOGY SOLUT-CL A,1D,,,,,,
2026-08-24 00:00:00,Long,GFAI,0.4,8.77%,0.32,utb,参数一,"{""utb"": {""key_value"": 2, ""atr_period"": 14, ""use_ha"": false}, ""r&s"": {""srb_left"": 10, ""srb_right"": 10}, ""atr"": {""atr_length"": 14, ""atr_mult"": 1.0}}",GUARDFORCE AI CO LTD,1D,,,,,,
2026-08-24 00:00:00,Long,GFAI,0.4,8.77%,0.32,utb,参数二,"{""utb"": {""key_value"": 3, ""atr_period"": 14, ""use_ha"": false}, ""r&s"": {""srb_left"": 15, ""srb_right"": 15}, ""atr"": {""atr_length"": 14, ""atr_mult"": 1.0}}",GUARDFORCE AI CO LTD,1D,,,,,,
2026-08-24 00:00:00,Short,INDI,3.92,-5.54%,4.57,utb,参数一,"{""utb"": {""key_value"": 2, ""atr_period"": 14, ""use_ha"": false}, ""r&s"": {""srb_left"": 10, ""srb_right"": 10}, ""atr"": {""atr_length"": 14, ""atr_mult"": 1.0}}",INDIE SEMICONDUCTOR INC-A,1D,,,,,,
2026-08-24 00:00:00,Short,ONB,25.77,-0.15%,26.54,utb,参数二,"{""utb"": {""key_value"": 3, ""atr_period"": 14, ""use_ha"": false}, ""r&s"": {""srb_left"": 15, ""srb_right"": 15}, ""atr"": {""atr_length"": 14, ""atr_mult"": 1.0}}",OLD NATIONAL BANCORP,1D,,,,,,
2026-08-24 00:00:00,Short,GLW,145.55,-2.86%,157.76,utb,参数一,"{""utb"": {""key_value"": 2, ""atr_period"": 14, ""use_ha"": false}, ""r&s"": {""srb_left"": 10, ""srb_right"": 10}, ""atr"": {""atr_length"": 14, ""atr_mult"": 1.0}}",CORNING INC,1D,,,,,,
2026-08-24 00:00:00,Short,MGA,67.8,-7.19%,74.32,utb,参数一,"{""utb"": {""key_value"": 2, ""atr_period"": 14, ""use_ha"": false}, ""r&s"": {""srb_left"": 10, ""srb_right"": 10}, ""atr"": {""atr_length"": 14, ""atr_mult"": 1.0}}",MAGNA INTERNATIONAL INC,1D,,,,,,
2026-08-24 00:00:00,Long,GROW,3.33,1.22%,3.17,sqz,参数二,"{""sqz"": {""bb_length"": 20, ""bb_mult"": 1.8, ""kc_length"": 20, ""kc_mult"": 1.5, ""min_sqz_bars"": 4}, ""r&s"": {""srb_left"": 15, ""srb_right"": 15}, ""atr"": {""atr_length"": 14, ""atr_mult"": 1.0}}",U.S. GLOBAL INVESTORS INC-A,1D,一直亮绿,nan-3.58-3.37-2.85-3.29,低-低-低-高,nan%-5.78%-15.56%-15.59%,46.0,16.24
2026-08-24 00:00:00,Long,GSHD,73.0,0.66%,69.0,sqz,参数一,"{""sqz"": {""bb_length"": 15, ""bb_mult"": 1.5, ""kc_length"": 15, ""kc_mult"": 1.2, ""min_sqz_bars"": 4}, ""r&s"": {""srb_left"": 10, ""srb_right"": 10}, ""atr"": {""atr_length"": 14, ""atr_mult"": 1.0}}",GOOSEHEAD INSURANCE INC -A,1D,压力释放,77.82-55.54-54.94-44.78-70.88,低-低-低-高,28.63%-1.09%-18.49%-58.28%,18.0,15.16
2026-08-24 00:00:00,Long,HTGC,17.5,2.16%,16.82,sqz,参数一,"{""sqz"": {""bb_length"": 15, ""bb_mult"": 1.5, ""kc_length"": 15, ""kc_mult"": 1.2, ""min_sqz_bars"": 4}, ""r&s"": {""srb_left"": 10, ""srb_right"": 10}, ""atr"": {""atr_length"": 14, ""atr_mult"": 1.0}}",HERCULES CAPITAL INC,1D,一直释放,nan-17.49-17.4-16.09,低-低-低,nan%-0.52%-7.52%,75.0,9.79
2026-08-24 00:00:00,Long,PRE,21.82,8.02%,17.38,utb,参数一,"{""utb"": {""key_value"": 2, ""atr_period"": 14, ""use_ha"": false}, ""r&s"": {""srb_left"": 10, ""srb_right"": 10}, ""atr"": {""atr_length"": 14, ""atr_mult"": 1.0}}",PRENETICS GLOBAL LTD-CL A,1D,,,,,,
2026-08-24 00:00:00,Long,DTSQ,11.33,0.27%,11.31,utb,参数二,"{""utb"": {""key_value"": 3, ""atr_period"": 14, ""use_ha"": false}, ""r&s"": {""srb_left"": 15, ""srb_right"": 15}, ""atr"": {""atr_length"": 14, ""atr_mult"": 1.0}}",DT CLOUD STAR ACQUISITION CO,1D,,,,,,
2026-08-24 00:00:00,Short,PLUN,10.01,-0.30%,10.02,utb,参数一,"{""utb"": {""key_value"": 2, ""atr_period"": 14, ""use_ha"": false}, ""r&s"": {""srb_left"": 10, ""srb_right"": 10}, ""atr"": {""atr_length"": 14, ""atr_mult"": 1.0}}",PLUTONIAN ACQIN CORP II-CL A,1D,,,,,,
2026-08-24 00:00:00,Long,AWR,91.1,2.79%,87.17,sqz,参数一,"{""sqz"": {""bb_length"": 15, ""bb_mult"": 1.5, ""kc_length"": 15, ""kc_mult"": 1.2, ""min_sqz_bars"": 4}, ""r&s"": {""srb_left"": 10, ""srb_right"": 10}, ""atr"": {""atr_length"": 14, ""atr_mult"": 1.0}}",AMERICAN STATES WATER CO,1D,一直亮绿,73.23-75.05-76.42-80.2-89.56,高-高-高-高,2.49%-1.83%-4.95%-11.66%,25.0,8.31
2026-08-24 00:00:00,Short,POET,7.75,-6.06%,8.73,utb,参数一,"{""utb"": {""key_value"": 2, ""atr_period"": 14, ""use_ha"": false}, ""r&s"": {""srb_left"": 10, ""srb_right"": 10}, ""atr"": {""atr_length"": 14, ""atr_mult"": 1.0}}",POET TECHNOLOGIES INC,1D,,,,,,
