日期,信号,代码,现价,涨幅,止损,策略,参组,参数,名称,周期,释放类型,支撑压力价格,支撑压力趋势,支撑压力涨幅,区间K线数量,区间K线振幅
2026-08-31 00:00:00,Short,MTH,67.37,-5.19%,75.8,utb,参数二,"{""utb"": {""key_value"": 3, ""atr_period"": 14, ""use_ha"": false}, ""r&s"": {""srb_left"": 15, ""srb_right"": 15}, ""atr"": {""atr_length"": 14, ""atr_mult"": 1.0}}",MERITAGE HOMES CORP,1WK,,,,,,
2026-08-31 00:00:00,Short,BIRK,33.79,-5.22%,40.38,utb,参数二,"{""utb"": {""key_value"": 3, ""atr_period"": 14, ""use_ha"": false}, ""r&s"": {""srb_left"": 15, ""srb_right"": 15}, ""atr"": {""atr_length"": 14, ""atr_mult"": 1.0}}",BIRKENSTOCK HOLDING PLC,1WK,,,,,,
2026-08-31 00:00:00,Short,TFIN,68.94,-4.06%,77.66,utb,参数一,"{""utb"": {""key_value"": 2, ""atr_period"": 14, ""use_ha"": false}, ""r&s"": {""srb_left"": 10, ""srb_right"": 10}, ""atr"": {""atr_length"": 14, ""atr_mult"": 1.0}}",TRIUMPH FINANCIAL INC,1WK,,,,,,
2026-08-31 00:00:00,Short,HURC,21.28,-7.20%,24.65,suf,参数一,"{""suf"": {""timeframe"": ""w""}}",HURCO COMPANIES INC,1WK,,,,,,
2026-08-31 00:00:00,Short,HURC,21.28,-7.20%,24.65,suf,参数二,"{""suf"": {""timeframe"": ""w""}}",HURCO COMPANIES INC,1WK,,,,,,
2026-08-31 00:00:00,Long,SBC,4.23,4.44%,3.57,utb,参数二,"{""utb"": {""key_value"": 3, ""atr_period"": 14, ""use_ha"": false}, ""r&s"": {""srb_left"": 15, ""srb_right"": 15}, ""atr"": {""atr_length"": 14, ""atr_mult"": 1.0}}",SBC MEDICAL GROUP HOLDINGS I,1WK,,,,,,
2026-08-31 00:00:00,Long,VAI,2.02,18.13%,1.21,utb,参数一,"{""utb"": {""key_value"": 2, ""atr_period"": 14, ""use_ha"": false}, ""r&s"": {""srb_left"": 10, ""srb_right"": 10}, ""atr"": {""atr_length"": 14, ""atr_mult"": 1.0}}",VALOR ENERGY INCORPORATED,1WK,,,,,,
2026-08-31 00:00:00,Short,THC,258.53,-3.10%,294.0,suf,参数一,"{""suf"": {""timeframe"": ""w""}}",TENET HEALTHCARE CORP,1WK,,,,,,
2026-08-31 00:00:00,Short,THC,258.53,-3.10%,294.0,suf,参数二,"{""suf"": {""timeframe"": ""w""}}",TENET HEALTHCARE CORP,1WK,,,,,,
2026-08-31 00:00:00,Long,LAB,0.67,5.20%,0.51,suf,参数一,"{""suf"": {""timeframe"": ""w""}}",STANDARD BIOTOOLS INC,1WK,,,,,,
2026-08-31 00:00:00,Long,LAB,0.67,5.20%,0.51,suf,参数二,"{""suf"": {""timeframe"": ""w""}}",STANDARD BIOTOOLS INC,1WK,,,,,,
2026-08-31 00:00:00,Short,PFX,46.31,-12.14%,55.19,suf,参数一,"{""suf"": {""timeframe"": ""w""}}",PHENIXFIN CORP,1WK,,,,,,
2026-08-31 00:00:00,Short,PFX,46.31,-12.14%,55.19,suf,参数二,"{""suf"": {""timeframe"": ""w""}}",PHENIXFIN CORP,1WK,,,,,,
2026-08-31 00:00:00,Short,THFF,78.77,-0.59%,83.8,suf,参数一,"{""suf"": {""timeframe"": ""w""}}",FIRST FINANCIAL CORP,1WK,,,,,,
2026-08-31 00:00:00,Short,THFF,78.77,-0.59%,83.8,suf,参数二,"{""suf"": {""timeframe"": ""w""}}",FIRST FINANCIAL CORP,1WK,,,,,,
2026-08-31 00:00:00,Short,XPL,0.57,-30.43%,0.92,utb,参数一,"{""utb"": {""key_value"": 2, ""atr_period"": 14, ""use_ha"": false}, ""r&s"": {""srb_left"": 10, ""srb_right"": 10}, ""atr"": {""atr_length"": 14, ""atr_mult"": 1.0}}",SOLITARIO RESOURCES CORP,1WK,,,,,,
2026-08-31 00:00:00,Short,XPL,0.57,-30.43%,0.92,utb,参数二,"{""utb"": {""key_value"": 3, ""atr_period"": 14, ""use_ha"": false}, ""r&s"": {""srb_left"": 15, ""srb_right"": 15}, ""atr"": {""atr_length"": 14, ""atr_mult"": 1.0}}",SOLITARIO RESOURCES CORP,1WK,,,,,,
2026-08-31 00:00:00,Short,WKC,35.13,-0.90%,38.3,utb,参数一,"{""utb"": {""key_value"": 2, ""atr_period"": 14, ""use_ha"": false}, ""r&s"": {""srb_left"": 10, ""srb_right"": 10}, ""atr"": {""atr_length"": 14, ""atr_mult"": 1.0}}",WORLD KINECT CORP,1WK,,,,,,
2026-08-31 00:00:00,Long,WTRG,41.55,1.09%,38.72,sqz,参数二,"{""sqz"": {""bb_length"": 20, ""bb_mult"": 1.8, ""kc_length"": 20, ""kc_mult"": 1.5, ""min_sqz_bars"": 4}, ""r&s"": {""srb_left"": 15, ""srb_right"": 15}, ""atr"": {""atr_length"": 14, ""atr_mult"": 1.0}}",ESSENTIAL UTILITIES INC,1WK,压力释放,35.34-38.6-39.48-40.86-41.08,高-高-高-高,9.20%-2.30%-3.49%-0.54%,25.0,14.81
2026-08-31 00:00:00,Short,KO,88.24,-1.58%,93.24,suf,参数一,"{""suf"": {""timeframe"": ""w""}}",COCA-COLA CO/THE,1WK,,,,,,
2026-08-31 00:00:00,Short,KO,88.24,-1.58%,93.24,suf,参数二,"{""suf"": {""timeframe"": ""w""}}",COCA-COLA CO/THE,1WK,,,,,,
2026-08-31 00:00:00,Long,BG,122.86,6.39%,100.72,utb,参数一,"{""utb"": {""key_value"": 2, ""atr_period"": 14, ""use_ha"": false}, ""r&s"": {""srb_left"": 10, ""srb_right"": 10}, ""atr"": {""atr_length"": 14, ""atr_mult"": 1.0}}",BUNGE GLOBAL SA,1WK,,,,,,
2026-08-31 00:00:00,Short,EYE,16.82,-3.22%,20.45,utb,参数一,"{""utb"": {""key_value"": 2, ""atr_period"": 14, ""use_ha"": false}, ""r&s"": {""srb_left"": 10, ""srb_right"": 10}, ""atr"": {""atr_length"": 14, ""atr_mult"": 1.0}}",NATIONAL VISION HOLDINGS INC,1WK,,,,,,
2026-08-31 00:00:00,Long,KYNB,8.53,6.36%,6.86,utb,参数一,"{""utb"": {""key_value"": 2, ""atr_period"": 14, ""use_ha"": false}, ""r&s"": {""srb_left"": 10, ""srb_right"": 10}, ""atr"": {""atr_length"": 14, ""atr_mult"": 1.0}}",KYNTRA BIO INC,1WK,,,,,,
2026-08-31 00:00:00,Short,KBH,52.08,-5.07%,58.62,utb,参数一,"{""utb"": {""key_value"": 2, ""atr_period"": 14, ""use_ha"": false}, ""r&s"": {""srb_left"": 10, ""srb_right"": 10}, ""atr"": {""atr_length"": 14, ""atr_mult"": 1.0}}",KB HOME,1WK,,,,,,
2026-08-31 00:00:00,Short,UNP,289.73,-5.31%,320.15,suf,参数一,"{""suf"": {""timeframe"": ""w""}}",UNION PACIFIC CORP,1WK,,,,,,
2026-08-31 00:00:00,Short,UNP,289.73,-5.31%,320.15,suf,参数二,"{""suf"": {""timeframe"": ""w""}}",UNION PACIFIC CORP,1WK,,,,,,
2026-08-31 00:00:00,Short,RDIB,14.87,-18.79%,21.97,suf,参数一,"{""suf"": {""timeframe"": ""w""}}",READING INTERNATIONAL INC-B,1WK,,,,,,
2026-08-31 00:00:00,Short,RDIB,14.87,-18.79%,21.97,suf,参数二,"{""suf"": {""timeframe"": ""w""}}",READING INTERNATIONAL INC-B,1WK,,,,,,
2026-08-31 00:00:00,Short,DDOG,209.23,-11.71%,268.74,utb,参数一,"{""utb"": {""key_value"": 2, ""atr_period"": 14, ""use_ha"": false}, ""r&s"": {""srb_left"": 10, ""srb_right"": 10}, ""atr"": {""atr_length"": 14, ""atr_mult"": 1.0}}",DATADOG INC - CLASS A,1WK,,,,,,
2026-08-31 00:00:00,Short,HGV,42.17,-3.74%,47.35,utb,参数二,"{""utb"": {""key_value"": 3, ""atr_period"": 14, ""use_ha"": false}, ""r&s"": {""srb_left"": 15, ""srb_right"": 15}, ""atr"": {""atr_length"": 14, ""atr_mult"": 1.0}}",HILTON GRAND VACATIONS INC,1WK,,,,,,
2026-08-31 00:00:00,Long,EPSN,6.31,4.82%,5.59,utb,参数一,"{""utb"": {""key_value"": 2, ""atr_period"": 14, ""use_ha"": false}, ""r&s"": {""srb_left"": 10, ""srb_right"": 10}, ""atr"": {""atr_length"": 14, ""atr_mult"": 1.0}}",EPSILON ENERGY LTD,1WK,,,,,,
2026-08-31 00:00:00,Short,NEWP,6.68,-5.25%,7.84,suf,参数一,"{""suf"": {""timeframe"": ""w""}}",NEW PACIFIC METALS CORP,1WK,,,,,,
2026-08-31 00:00:00,Short,NEWP,6.68,-5.25%,7.84,suf,参数二,"{""suf"": {""timeframe"": ""w""}}",NEW PACIFIC METALS CORP,1WK,,,,,,
2026-08-31 00:00:00,Short,MAMA,15.63,-4.58%,18.17,utb,参数一,"{""utb"": {""key_value"": 2, ""atr_period"": 14, ""use_ha"": false}, ""r&s"": {""srb_left"": 10, ""srb_right"": 10}, ""atr"": {""atr_length"": 14, ""atr_mult"": 1.0}}",MAMA'S CREATIONS INC,1WK,,,,,,
2026-08-31 00:00:00,Short,REYN,22.53,-6.32%,25.75,utb,参数二,"{""utb"": {""key_value"": 3, ""atr_period"": 14, ""use_ha"": false}, ""r&s"": {""srb_left"": 15, ""srb_right"": 15}, ""atr"": {""atr_length"": 14, ""atr_mult"": 1.0}}",REYNOLDS CONSUMER PRODUCTS I,1WK,,,,,,
2026-08-31 00:00:00,Short,CXM,6.95,-14.83%,8.91,utb,参数一,"{""utb"": {""key_value"": 2, ""atr_period"": 14, ""use_ha"": false}, ""r&s"": {""srb_left"": 10, ""srb_right"": 10}, ""atr"": {""atr_length"": 14, ""atr_mult"": 1.0}}",SPRINKLR INC-A,1WK,,,,,,
2026-08-31 00:00:00,Short,TILE,36.85,-4.48%,41.16,suf,参数一,"{""suf"": {""timeframe"": ""w""}}",INTERFACE INC,1WK,,,,,,
2026-08-31 00:00:00,Short,TILE,36.85,-4.48%,41.16,suf,参数二,"{""suf"": {""timeframe"": ""w""}}",INTERFACE INC,1WK,,,,,,
2026-08-31 00:00:00,Long,DH,1.04,29.68%,0.6,utb,参数一,"{""utb"": {""key_value"": 2, ""atr_period"": 14, ""use_ha"": false}, ""r&s"": {""srb_left"": 10, ""srb_right"": 10}, ""atr"": {""atr_length"": 14, ""atr_mult"": 1.0}}",DEFINITIVE HEALTHCARE CORP,1WK,,,,,,
2026-08-31 00:00:00,Long,DH,1.04,29.68%,0.6,mfa,参数一,"{""utb"": {""key_value"": 2, ""atr_period"": 14, ""use_ha"": false}, ""mfa"": {""mfa_all"": 40}}",DEFINITIVE HEALTHCARE CORP,1WK,,,,,,
2026-08-31 00:00:00,Short,AJG,264.46,-1.16%,282.5,suf,参数一,"{""suf"": {""timeframe"": ""w""}}",ARTHUR J GALLAGHER & CO,1WK,,,,,,
2026-08-31 00:00:00,Short,AJG,264.46,-1.16%,282.5,suf,参数二,"{""suf"": {""timeframe"": ""w""}}",ARTHUR J GALLAGHER & CO,1WK,,,,,,
2026-08-31 00:00:00,Long,DXC,11.63,3.75%,9.75,utb,参数一,"{""utb"": {""key_value"": 2, ""atr_period"": 14, ""use_ha"": false}, ""r&s"": {""srb_left"": 10, ""srb_right"": 10}, ""atr"": {""atr_length"": 14, ""atr_mult"": 1.0}}",DXC TECHNOLOGY CO,1WK,,,,,,
2026-08-31 00:00:00,Short,BTQ,3.27,-1.80%,4.33,utb,参数一,"{""utb"": {""key_value"": 2, ""atr_period"": 14, ""use_ha"": false}, ""r&s"": {""srb_left"": 10, ""srb_right"": 10}, ""atr"": {""atr_length"": 14, ""atr_mult"": 1.0}}",BTQ TECHNOLOGIES CORP,1WK,,,,,,
2026-08-31 00:00:00,Short,GE,329.5,-3.82%,361.79,utb,参数一,"{""utb"": {""key_value"": 2, ""atr_period"": 14, ""use_ha"": false}, ""r&s"": {""srb_left"": 10, ""srb_right"": 10}, ""atr"": {""atr_length"": 14, ""atr_mult"": 1.0}}",GENERAL ELECTRIC,1WK,,,,,,
2026-08-31 00:00:00,Short,GIII,28.47,-14.91%,35.84,utb,参数一,"{""utb"": {""key_value"": 2, ""atr_period"": 14, ""use_ha"": false}, ""r&s"": {""srb_left"": 10, ""srb_right"": 10}, ""atr"": {""atr_length"": 14, ""atr_mult"": 1.0}}",G-III APPAREL GROUP LTD,1WK,,,,,,
2026-08-31 00:00:00,Short,GIII,28.47,-14.91%,35.84,utb,参数二,"{""utb"": {""key_value"": 3, ""atr_period"": 14, ""use_ha"": false}, ""r&s"": {""srb_left"": 15, ""srb_right"": 15}, ""atr"": {""atr_length"": 14, ""atr_mult"": 1.0}}",G-III APPAREL GROUP LTD,1WK,,,,,,
2026-08-31 00:00:00,Short,CYN,0.97,-6.73%,1.9,sqz,参数二,"{""sqz"": {""bb_length"": 20, ""bb_mult"": 1.8, ""kc_length"": 20, ""kc_mult"": 1.5, ""min_sqz_bars"": 4}, ""r&s"": {""srb_left"": 15, ""srb_right"": 15}, ""atr"": {""atr_length"": 14, ""atr_mult"": 1.0}}",CYNGN INC,1WK,一直释放,nan-3.62,低,nan%,77.0,1047.51
2026-08-31 00:00:00,Short,BBDC,9.11,-2.57%,9.94,suf,参数一,"{""suf"": {""timeframe"": ""w""}}",BARINGS BDC INC,1WK,,,,,,
2026-08-31 00:00:00,Short,BBDC,9.11,-2.57%,9.94,suf,参数二,"{""suf"": {""timeframe"": ""w""}}",BARINGS BDC INC,1WK,,,,,,
2026-08-31 00:00:00,Short,OPY,117.36,-1.39%,131.46,suf,参数一,"{""suf"": {""timeframe"": ""w""}}",OPPENHEIMER HOLDINGS-CL A,1WK,,,,,,
2026-08-31 00:00:00,Short,OPY,117.36,-1.39%,131.46,suf,参数二,"{""suf"": {""timeframe"": ""w""}}",OPPENHEIMER HOLDINGS-CL A,1WK,,,,,,
2026-08-31 00:00:00,Long,CAAS,5.41,8.52%,4.7,sqz,参数一,"{""sqz"": {""bb_length"": 15, ""bb_mult"": 1.5, ""kc_length"": 15, ""kc_mult"": 1.2, ""min_sqz_bars"": 4}, ""r&s"": {""srb_left"": 10, ""srb_right"": 10}, ""atr"": {""atr_length"": 14, ""atr_mult"": 1.0}}",CHINA AUTOMOTIVE SYSTEMS INC,1WK,压力释放,4.97-5.37-5.15-4.98,高-低-低,8.05%-4.10%-3.30%,15.0,17.22
2026-08-31 00:00:00,Long,ARTL,6.52,883.41%,4.23,utb,参数一,"{""utb"": {""key_value"": 2, ""atr_period"": 14, ""use_ha"": false}, ""r&s"": {""srb_left"": 10, ""srb_right"": 10}, ""atr"": {""atr_length"": 14, ""atr_mult"": 1.0}}",ARTELO BIOSCIENCES INC,1WK,,,,,,
2026-08-31 00:00:00,Long,ARTL,6.52,883.41%,4.23,mfa,参数一,"{""utb"": {""key_value"": 2, ""atr_period"": 14, ""use_ha"": false}, ""mfa"": {""mfa_all"": 53}}",ARTELO BIOSCIENCES INC,1WK,,,,,,
2026-08-31 00:00:00,Long,ARTL,6.52,883.41%,4.23,suf,参数一,"{""suf"": {""timeframe"": ""w""}}",ARTELO BIOSCIENCES INC,1WK,,,,,,
2026-08-31 00:00:00,Long,ARTL,6.52,883.41%,4.23,utb,参数二,"{""utb"": {""key_value"": 3, ""atr_period"": 14, ""use_ha"": false}, ""r&s"": {""srb_left"": 15, ""srb_right"": 15}, ""atr"": {""atr_length"": 14, ""atr_mult"": 1.0}}",ARTELO BIOSCIENCES INC,1WK,,,,,,
2026-08-31 00:00:00,Long,ARTL,6.52,883.41%,4.23,mfa,参数二,"{""utb"": {""key_value"": 3, ""atr_period"": 14, ""use_ha"": false}, ""mfa"": {""mfa_all"": 53}}",ARTELO BIOSCIENCES INC,1WK,,,,,,
2026-08-31 00:00:00,Long,ARTL,6.52,883.41%,4.23,suf,参数二,"{""suf"": {""timeframe"": ""w""}}",ARTELO BIOSCIENCES INC,1WK,,,,,,
2026-08-31 00:00:00,Short,RRGB,8.46,-9.13%,10.54,suf,参数一,"{""suf"": {""timeframe"": ""w""}}",RED ROBIN GOURMET BURGERS,1WK,,,,,,
2026-08-31 00:00:00,Short,RRGB,8.46,-9.13%,10.54,suf,参数二,"{""suf"": {""timeframe"": ""w""}}",RED ROBIN GOURMET BURGERS,1WK,,,,,,
2026-08-31 00:00:00,Short,YARW,29.98,-18.97%,43.93,utb,参数一,"{""utb"": {""key_value"": 2, ""atr_period"": 14, ""use_ha"": false}, ""r&s"": {""srb_left"": 10, ""srb_right"": 10}, ""atr"": {""atr_length"": 14, ""atr_mult"": 1.0}}",YARROW BIOSCIENCE INC,1WK,,,,,,
2026-08-31 00:00:00,Long,CTNM,17.24,1.11%,13.79,sqz,参数一,"{""sqz"": {""bb_length"": 15, ""bb_mult"": 1.5, ""kc_length"": 15, ""kc_mult"": 1.2, ""min_sqz_bars"": 4}, ""r&s"": {""srb_left"": 10, ""srb_right"": 10}, ""atr"": {""atr_length"": 14, ""atr_mult"": 1.0}}",CONTINEUM THERAPEUTICS INC-A,1WK,压力释放,nan-22.0-13.49-16.33,低-低-高,nan%-38.68%-21.05%,27.0,46.2
2026-08-31 00:00:00,Short,TTWO,216.14,-8.18%,252.23,utb,参数一,"{""utb"": {""key_value"": 2, ""atr_period"": 14, ""use_ha"": false}, ""r&s"": {""srb_left"": 10, ""srb_right"": 10}, ""atr"": {""atr_length"": 14, ""atr_mult"": 1.0}}",TAKE-TWO INTERACTIVE SOFTWRE,1WK,,,,,,
2026-08-31 00:00:00,Short,AURE,1.45,-8.89%,2.11,sqz,参数一,"{""sqz"": {""bb_length"": 15, ""bb_mult"": 1.5, ""kc_length"": 15, ""kc_mult"": 1.2, ""min_sqz_bars"": 4}, ""r&s"": {""srb_left"": 10, ""srb_right"": 10}, ""atr"": {""atr_length"": 14, ""atr_mult"": 1.0}}",AURELION INC,1WK,一直亮红,nan-6.68-3.1-1.5,低-低-低,nan%-53.59%-51.61%,27.0,135.33
2026-08-31 00:00:00,Short,AURE,1.45,-8.89%,2.11,sqz,参数二,"{""sqz"": {""bb_length"": 20, ""bb_mult"": 1.8, ""kc_length"": 20, ""kc_mult"": 1.5, ""min_sqz_bars"": 4}, ""r&s"": {""srb_left"": 15, ""srb_right"": 15}, ""atr"": {""atr_length"": 14, ""atr_mult"": 1.0}}",AURELION INC,1WK,一直亮红,nan-6.68-3.1-1.5,低-低-低,nan%-53.59%-51.61%,27.0,135.33
2026-08-31 00:00:00,Short,VMI,463.92,-2.60%,509.33,utb,参数二,"{""utb"": {""key_value"": 3, ""atr_period"": 14, ""use_ha"": false}, ""r&s"": {""srb_left"": 15, ""srb_right"": 15}, ""atr"": {""atr_length"": 14, ""atr_mult"": 1.0}}",VALMONT INDUSTRIES,1WK,,,,,,
2026-08-31 00:00:00,Short,DY,296.98,0.90%,346.65,sqz,参数二,"{""sqz"": {""bb_length"": 20, ""bb_mult"": 1.8, ""kc_length"": 20, ""kc_mult"": 1.5, ""min_sqz_bars"": 4}, ""r&s"": {""srb_left"": 15, ""srb_right"": 15}, ""atr"": {""atr_length"": 14, ""atr_mult"": 1.0}}",DYCOM INDUSTRIES INC,1WK,支撑释放,nan-77.33-78.42-131.37-323.79,低-高-高-高,nan%-1.41%-67.52%-146.47%,22.0,74.95
2026-08-31 00:00:00,Long,BLCO,18.0,4.96%,15.96,utb,参数二,"{""utb"": {""key_value"": 3, ""atr_period"": 14, ""use_ha"": false}, ""r&s"": {""srb_left"": 15, ""srb_right"": 15}, ""atr"": {""atr_length"": 14, ""atr_mult"": 1.0}}",BAUSCH + LOMB CORP,1WK,,,,,,
2026-08-31 00:00:00,Short,ITIC,291.71,-2.40%,315.78,suf,参数一,"{""suf"": {""timeframe"": ""w""}}",INVESTORS TITLE CO,1WK,,,,,,
2026-08-31 00:00:00,Short,ITIC,291.71,-2.40%,315.78,suf,参数二,"{""suf"": {""timeframe"": ""w""}}",INVESTORS TITLE CO,1WK,,,,,,
2026-08-31 00:00:00,Short,NDSN,316.63,-2.45%,339.89,suf,参数一,"{""suf"": {""timeframe"": ""w""}}",NORDSON CORP,1WK,,,,,,
2026-08-31 00:00:00,Short,NDSN,316.63,-2.45%,339.89,suf,参数二,"{""suf"": {""timeframe"": ""w""}}",NORDSON CORP,1WK,,,,,,
2026-08-31 00:00:00,Long,BIAF,9.75,100.21%,3.26,sqz,参数一,"{""sqz"": {""bb_length"": 15, ""bb_mult"": 1.5, ""kc_length"": 15, ""kc_mult"": 1.2, ""min_sqz_bars"": 4}, ""r&s"": {""srb_left"": 10, ""srb_right"": 10}, ""atr"": {""atr_length"": 14, ""atr_mult"": 1.0}}",BIOAFFINITY TECHNOLOGIES INC,1WK,一直释放,108.6-89.67-46.53-13.5-5.38,低-低-低-低,17.43%-48.11%-70.99%-60.15%,23.0,1555.38
2026-08-31 00:00:00,Short,APPF,224.27,-4.36%,255.27,suf,参数一,"{""suf"": {""timeframe"": ""w""}}",APPFOLIO INC - A,1WK,,,,,,
2026-08-31 00:00:00,Short,APPF,224.27,-4.36%,255.27,suf,参数二,"{""suf"": {""timeframe"": ""w""}}",APPFOLIO INC - A,1WK,,,,,,
2026-08-31 00:00:00,Long,ZYME,31.05,9.83%,25.06,sqz,参数一,"{""sqz"": {""bb_length"": 15, ""bb_mult"": 1.5, ""kc_length"": 15, ""kc_mult"": 1.2, ""min_sqz_bars"": 4}, ""r&s"": {""srb_left"": 10, ""srb_right"": 10}, ""atr"": {""atr_length"": 14, ""atr_mult"": 1.0}}",ZYMEWORKS INC,1WK,压力释放,10.35-13.14-17.7-28.49-29.75,高-高-高-高,26.96%-34.70%-60.96%-4.42%,18.0,38.24
2026-08-31 00:00:00,Long,ZYME,31.05,9.83%,25.06,sqz,参数二,"{""sqz"": {""bb_length"": 20, ""bb_mult"": 1.8, ""kc_length"": 20, ""kc_mult"": 1.5, ""min_sqz_bars"": 4}, ""r&s"": {""srb_left"": 15, ""srb_right"": 15}, ""atr"": {""atr_length"": 14, ""atr_mult"": 1.0}}",ZYMEWORKS INC,1WK,压力释放,nan-13.14-17.7-28.49-29.75,低-高-高-高,nan%-34.70%-60.96%-4.42%,18.0,38.24
2026-08-31 00:00:00,Short,PSNL,16.73,-1.99%,19.39,suf,参数一,"{""suf"": {""timeframe"": ""w""}}",PERSONALIS INC,1WK,,,,,,
2026-08-31 00:00:00,Short,PSNL,16.73,-1.99%,19.39,suf,参数二,"{""suf"": {""timeframe"": ""w""}}",PERSONALIS INC,1WK,,,,,,
2026-08-31 00:00:00,Short,PCG,13.33,-19.70%,16.02,sqz,参数一,"{""sqz"": {""bb_length"": 15, ""bb_mult"": 1.5, ""kc_length"": 15, ""kc_mult"": 1.2, ""min_sqz_bars"": 4}, ""r&s"": {""srb_left"": 10, ""srb_right"": 10}, ""atr"": {""atr_length"": 14, ""atr_mult"": 1.0}}",P G & E CORP,1WK,支撑释放,15.68-14.78-12.83-14.62-15.24,低-低-高-高,5.68%-13.19%-13.91%-4.21%,15.0,21.03
2026-08-31 00:00:00,Long,BSX,48.37,3.27%,41.96,suf,参数一,"{""suf"": {""timeframe"": ""w""}}",BOSTON SCIENTIFIC CORP,1WK,,,,,,
2026-08-31 00:00:00,Long,BSX,48.37,3.27%,41.96,suf,参数二,"{""suf"": {""timeframe"": ""w""}}",BOSTON SCIENTIFIC CORP,1WK,,,,,,
2026-08-31 00:00:00,Short,AZZ,135.15,-2.31%,149.71,utb,参数一,"{""utb"": {""key_value"": 2, ""atr_period"": 14, ""use_ha"": false}, ""r&s"": {""srb_left"": 10, ""srb_right"": 10}, ""atr"": {""atr_length"": 14, ""atr_mult"": 1.0}}",AZZ INC,1WK,,,,,,
2026-08-31 00:00:00,Long,CNQ,51.81,5.76%,46.33,sqz,参数一,"{""sqz"": {""bb_length"": 15, ""bb_mult"": 1.5, ""kc_length"": 15, ""kc_mult"": 1.2, ""min_sqz_bars"": 4}, ""r&s"": {""srb_left"": 10, ""srb_right"": 10}, ""atr"": {""atr_length"": 14, ""atr_mult"": 1.0}}",CANADIAN NATURAL RESOURCES,1WK,一直亮绿,27.46-38.05-35.75-33.67-50.8,高-低-低-高,38.55%-6.03%-5.82%-50.86%,24.0,30.82
2026-08-31 00:00:00,Short,LUV,38.61,-2.60%,43.06,utb,参数二,"{""utb"": {""key_value"": 3, ""atr_period"": 14, ""use_ha"": false}, ""r&s"": {""srb_left"": 15, ""srb_right"": 15}, ""atr"": {""atr_length"": 14, ""atr_mult"": 1.0}}",SOUTHWEST AIRLINES CO,1WK,,,,,,
2026-08-31 00:00:00,Short,AAL,13.11,-3.89%,14.92,utb,参数二,"{""utb"": {""key_value"": 3, ""atr_period"": 14, ""use_ha"": false}, ""r&s"": {""srb_left"": 15, ""srb_right"": 15}, ""atr"": {""atr_length"": 14, ""atr_mult"": 1.0}}",AMERICAN AIRLINES GROUP INC,1WK,,,,,,
2026-08-31 00:00:00,Long,CNXC,32.37,10.18%,24.17,utb,参数一,"{""utb"": {""key_value"": 2, ""atr_period"": 14, ""use_ha"": false}, ""r&s"": {""srb_left"": 10, ""srb_right"": 10}, ""atr"": {""atr_length"": 14, ""atr_mult"": 1.0}}",CONCENTRIX CORP,1WK,,,,,,
2026-08-31 00:00:00,Long,CNXC,32.37,10.18%,24.17,mfa,参数一,"{""utb"": {""key_value"": 2, ""atr_period"": 14, ""use_ha"": false}, ""mfa"": {""mfa_all"": 45}}",CONCENTRIX CORP,1WK,,,,,,
2026-08-31 00:00:00,Short,HUBB,450.08,-1.78%,491.4,utb,参数二,"{""utb"": {""key_value"": 3, ""atr_period"": 14, ""use_ha"": false}, ""r&s"": {""srb_left"": 15, ""srb_right"": 15}, ""atr"": {""atr_length"": 14, ""atr_mult"": 1.0}}",HUBBELL INC,1WK,,,,,,
2026-08-31 00:00:00,Long,CNH,13.65,16.87%,10.57,utb,参数二,"{""utb"": {""key_value"": 3, ""atr_period"": 14, ""use_ha"": false}, ""r&s"": {""srb_left"": 15, ""srb_right"": 15}, ""atr"": {""atr_length"": 14, ""atr_mult"": 1.0}}",CNH INDUSTRIAL NV,1WK,,,,,,
2026-08-31 00:00:00,Short,CRWD,203.42,-6.86%,256.15,suf,参数一,"{""suf"": {""timeframe"": ""w""}}",CROWDSTRIKE HOLDINGS INC - A,1WK,,,,,,
2026-08-31 00:00:00,Short,CRWD,203.42,-6.86%,256.15,suf,参数二,"{""suf"": {""timeframe"": ""w""}}",CROWDSTRIKE HOLDINGS INC - A,1WK,,,,,,
2026-08-31 00:00:00,Short,CPIX,6.52,-22.93%,9.6,suf,参数一,"{""suf"": {""timeframe"": ""w""}}",CUMBERLAND PHARMACEUTICALS,1WK,,,,,,
2026-08-31 00:00:00,Short,CPIX,6.52,-22.93%,9.6,suf,参数二,"{""suf"": {""timeframe"": ""w""}}",CUMBERLAND PHARMACEUTICALS,1WK,,,,,,
2026-08-31 00:00:00,Short,TFII,128.97,-3.26%,145.12,utb,参数二,"{""utb"": {""key_value"": 3, ""atr_period"": 14, ""use_ha"": false}, ""r&s"": {""srb_left"": 15, ""srb_right"": 15}, ""atr"": {""atr_length"": 14, ""atr_mult"": 1.0}}",TFI INTERNATIONAL INC,1WK,,,,,,
2026-08-31 00:00:00,Long,CCOI,10.22,7.81%,5.99,suf,参数一,"{""suf"": {""timeframe"": ""w""}}",COGENT COMMUNICATIONS HOLDIN,1WK,,,,,,
2026-08-31 00:00:00,Long,CCOI,10.22,7.81%,5.99,suf,参数二,"{""suf"": {""timeframe"": ""w""}}",COGENT COMMUNICATIONS HOLDIN,1WK,,,,,,
2026-08-31 00:00:00,Short,AMAL,48.14,-1.13%,51.59,suf,参数一,"{""suf"": {""timeframe"": ""w""}}",AMALGAMATED FINANCIAL CORP,1WK,,,,,,
2026-08-31 00:00:00,Short,AMAL,48.14,-1.13%,51.59,suf,参数二,"{""suf"": {""timeframe"": ""w""}}",AMALGAMATED FINANCIAL CORP,1WK,,,,,,
2026-08-31 00:00:00,Long,VZLA,4.15,3.75%,3.35,utb,参数一,"{""utb"": {""key_value"": 2, ""atr_period"": 14, ""use_ha"": false}, ""r&s"": {""srb_left"": 10, ""srb_right"": 10}, ""atr"": {""atr_length"": 14, ""atr_mult"": 1.0}}",VIZSLA SILVER CORP,1WK,,,,,,
2026-08-31 00:00:00,Short,UHAL,66.56,-2.96%,72.24,utb,参数一,"{""utb"": {""key_value"": 2, ""atr_period"": 14, ""use_ha"": false}, ""r&s"": {""srb_left"": 10, ""srb_right"": 10}, ""atr"": {""atr_length"": 14, ""atr_mult"": 1.0}}",U-HAUL HOLDING CO,1WK,,,,,,
2026-08-31 00:00:00,Short,EXLS,36.91,-3.88%,41.31,suf,参数一,"{""suf"": {""timeframe"": ""w""}}",EXLSERVICE HOLDINGS INC,1WK,,,,,,
2026-08-31 00:00:00,Short,EXLS,36.91,-3.88%,41.31,suf,参数二,"{""suf"": {""timeframe"": ""w""}}",EXLSERVICE HOLDINGS INC,1WK,,,,,,
2026-08-31 00:00:00,Short,TCMD,22.41,-3.24%,26.08,utb,参数二,"{""utb"": {""key_value"": 3, ""atr_period"": 14, ""use_ha"": false}, ""r&s"": {""srb_left"": 15, ""srb_right"": 15}, ""atr"": {""atr_length"": 14, ""atr_mult"": 1.0}}",TACTILE SYSTEMS TECHNOLOGY I,1WK,,,,,,
2026-08-31 00:00:00,Short,TRV,366.18,-1.01%,386.26,suf,参数一,"{""suf"": {""timeframe"": ""w""}}",TRAVELERS COS INC/THE,1WK,,,,,,
2026-08-31 00:00:00,Short,TRV,366.18,-1.01%,386.26,suf,参数二,"{""suf"": {""timeframe"": ""w""}}",TRAVELERS COS INC/THE,1WK,,,,,,
2026-08-31 00:00:00,Short,DASH,226.24,-4.44%,257.22,suf,参数一,"{""suf"": {""timeframe"": ""w""}}",DOORDASH INC - A,1WK,,,,,,
2026-08-31 00:00:00,Short,DASH,226.24,-4.44%,257.22,suf,参数二,"{""suf"": {""timeframe"": ""w""}}",DOORDASH INC - A,1WK,,,,,,
2026-08-31 00:00:00,Short,SCKT,0.61,-7.64%,0.94,utb,参数一,"{""utb"": {""key_value"": 2, ""atr_period"": 14, ""use_ha"": false}, ""r&s"": {""srb_left"": 10, ""srb_right"": 10}, ""atr"": {""atr_length"": 14, ""atr_mult"": 1.0}}",SOCKET MOBILE INC,1WK,,,,,,
2026-08-31 00:00:00,Long,GME,18.97,6.16%,16.69,suf,参数一,"{""suf"": {""timeframe"": ""w""}}",GAMESTOP CORP-CLASS A,1WK,,,,,,
2026-08-31 00:00:00,Long,GME,18.97,6.16%,16.69,suf,参数二,"{""suf"": {""timeframe"": ""w""}}",GAMESTOP CORP-CLASS A,1WK,,,,,,
2026-08-31 00:00:00,Short,CSX,48.65,-4.87%,53.41,utb,参数一,"{""utb"": {""key_value"": 2, ""atr_period"": 14, ""use_ha"": false}, ""r&s"": {""srb_left"": 10, ""srb_right"": 10}, ""atr"": {""atr_length"": 14, ""atr_mult"": 1.0}}",CSX CORP,1WK,,,,,,
2026-08-31 00:00:00,Short,CSX,48.65,-4.87%,53.41,suf,参数一,"{""suf"": {""timeframe"": ""w""}}",CSX CORP,1WK,,,,,,
2026-08-31 00:00:00,Short,CSX,48.65,-4.87%,53.41,suf,参数二,"{""suf"": {""timeframe"": ""w""}}",CSX CORP,1WK,,,,,,
2026-08-31 00:00:00,Long,FWDI,6.26,6.28%,4.66,utb,参数一,"{""utb"": {""key_value"": 2, ""atr_period"": 14, ""use_ha"": false}, ""r&s"": {""srb_left"": 10, ""srb_right"": 10}, ""atr"": {""atr_length"": 14, ""atr_mult"": 1.0}}",FORWARD INDUSTRIES INC,1WK,,,,,,
2026-08-31 00:00:00,Long,FWDI,6.26,6.28%,4.66,mfa,参数一,"{""utb"": {""key_value"": 2, ""atr_period"": 14, ""use_ha"": false}, ""mfa"": {""mfa_all"": 14}}",FORWARD INDUSTRIES INC,1WK,,,,,,
2026-08-31 00:00:00,Long,SSRM,37.75,1.23%,31.77,sqz,参数二,"{""sqz"": {""bb_length"": 20, ""bb_mult"": 1.8, ""kc_length"": 20, ""kc_mult"": 1.5, ""min_sqz_bars"": 4}, ""r&s"": {""srb_left"": 15, ""srb_right"": 15}, ""atr"": {""atr_length"": 14, ""atr_mult"": 1.0}}",SSR MINING INC,1WK,压力释放,nan-17.52-36.49,低-高,nan%-108.30%,21.0,51.1
2026-08-31 00:00:00,Short,MAR,333.14,-5.11%,368.72,utb,参数二,"{""utb"": {""key_value"": 3, ""atr_period"": 14, ""use_ha"": false}, ""r&s"": {""srb_left"": 15, ""srb_right"": 15}, ""atr"": {""atr_length"": 14, ""atr_mult"": 1.0}}",MARRIOTT INTERNATIONAL -CL A,1WK,,,,,,
2026-08-31 00:00:00,Short,HLIO,70.51,-3.52%,79.28,utb,参数二,"{""utb"": {""key_value"": 3, ""atr_period"": 14, ""use_ha"": false}, ""r&s"": {""srb_left"": 15, ""srb_right"": 15}, ""atr"": {""atr_length"": 14, ""atr_mult"": 1.0}}",HELIOS TECHNOLOGIES INC,1WK,,,,,,
2026-08-31 00:00:00,Long,DE,698.37,10.79%,597.52,sqz,参数二,"{""sqz"": {""bb_length"": 20, ""bb_mult"": 1.8, ""kc_length"": 20, ""kc_mult"": 1.5, ""min_sqz_bars"": 4}, ""r&s"": {""srb_left"": 15, ""srb_right"": 15}, ""atr"": {""atr_length"": 14, ""atr_mult"": 1.0}}",DEERE & CO,1WK,压力释放,nan-431.82-404.99-525.51-670.49,低-低-高-高,nan%-6.21%-29.76%-27.59%,28.0,30.49
2026-08-31 00:00:00,Long,HLX,10.6,4.54%,9.48,sqz,参数一,"{""sqz"": {""bb_length"": 15, ""bb_mult"": 1.5, ""kc_length"": 15, ""kc_mult"": 1.2, ""min_sqz_bars"": 4}, ""r&s"": {""srb_left"": 10, ""srb_right"": 10}, ""atr"": {""atr_length"": 14, ""atr_mult"": 1.0}}",HELIX ENERGY SOLUTIONS GROUP,1WK,压力释放,13.05-7.3-7.97-10.75-10.6,低-高-高-低,44.06%-9.18%-34.88%-1.40%,15.0,25.89
2026-08-31 00:00:00,Short,BSBK,9.05,-2.16%,9.6,suf,参数一,"{""suf"": {""timeframe"": ""w""}}",BOGOTA FINANCIAL CORP,1WK,,,,,,
2026-08-31 00:00:00,Short,BSBK,9.05,-2.16%,9.6,suf,参数二,"{""suf"": {""timeframe"": ""w""}}",BOGOTA FINANCIAL CORP,1WK,,,,,,
2026-08-31 00:00:00,Long,GBLI,30.0,1.28%,26.58,sqz,参数一,"{""sqz"": {""bb_length"": 15, ""bb_mult"": 1.5, ""kc_length"": 15, ""kc_mult"": 1.2, ""min_sqz_bars"": 4}, ""r&s"": {""srb_left"": 10, ""srb_right"": 10}, ""atr"": {""atr_length"": 14, ""atr_mult"": 1.0}}",GLOBAL INDEMNITY GROUP LLC-A,1WK,压力释放,32.73-29.89-34.81-32.33-29.6,低-高-低-低,8.70%-16.46%-7.11%-8.46%,24.0,21.9
2026-08-31 00:00:00,Short,NTAP,180.77,-3.34%,204.98,suf,参数一,"{""suf"": {""timeframe"": ""w""}}",NETAPP INC,1WK,,,,,,
2026-08-31 00:00:00,Short,NTAP,180.77,-3.34%,204.98,suf,参数二,"{""suf"": {""timeframe"": ""w""}}",NETAPP INC,1WK,,,,,,
2026-08-31 00:00:00,Long,BTE,5.07,6.96%,4.36,utb,参数二,"{""utb"": {""key_value"": 3, ""atr_period"": 14, ""use_ha"": false}, ""r&s"": {""srb_left"": 15, ""srb_right"": 15}, ""atr"": {""atr_length"": 14, ""atr_mult"": 1.0}}",BAYTEX ENERGY CORP,1WK,,,,,,
2026-08-31 00:00:00,Short,FBIN,42.89,-5.74%,49.3,utb,参数一,"{""utb"": {""key_value"": 2, ""atr_period"": 14, ""use_ha"": false}, ""r&s"": {""srb_left"": 10, ""srb_right"": 10}, ""atr"": {""atr_length"": 14, ""atr_mult"": 1.0}}",FORTUNE BRANDS INNOVATIONS I,1WK,,,,,,
2026-08-31 00:00:00,Short,GSHD,68.8,-3.45%,77.88,suf,参数一,"{""suf"": {""timeframe"": ""w""}}",GOOSEHEAD INSURANCE INC -A,1WK,,,,,,
2026-08-31 00:00:00,Short,GSHD,68.8,-3.45%,77.88,suf,参数二,"{""suf"": {""timeframe"": ""w""}}",GOOSEHEAD INSURANCE INC -A,1WK,,,,,,
2026-08-31 00:00:00,Long,SDRL,50.49,6.07%,44.47,utb,参数二,"{""utb"": {""key_value"": 3, ""atr_period"": 14, ""use_ha"": false}, ""r&s"": {""srb_left"": 15, ""srb_right"": 15}, ""atr"": {""atr_length"": 14, ""atr_mult"": 1.0}}",SEADRILL LIMITED,1WK,,,,,,
2026-08-31 00:00:00,Long,REPX,41.22,7.68%,35.45,utb,参数一,"{""utb"": {""key_value"": 2, ""atr_period"": 14, ""use_ha"": false}, ""r&s"": {""srb_left"": 10, ""srb_right"": 10}, ""atr"": {""atr_length"": 14, ""atr_mult"": 1.0}}",RILEY EXPLORATION PERMIAN IN,1WK,,,,,,
2026-08-31 00:00:00,Long,REPX,41.22,7.68%,35.45,sqz,参数一,"{""sqz"": {""bb_length"": 15, ""bb_mult"": 1.5, ""kc_length"": 15, ""kc_mult"": 1.2, ""min_sqz_bars"": 4}, ""r&s"": {""srb_left"": 10, ""srb_right"": 10}, ""atr"": {""atr_length"": 14, ""atr_mult"": 1.0}}",RILEY EXPLORATION PERMIAN IN,1WK,压力释放,30.61-27.9-34.62-28.6-41.03,低-高-低-高,8.87%-24.09%-17.37%-43.43%,15.0,31.22
2026-08-31 00:00:00,Short,RFAI,43.0,-17.39%,65.93,utb,参数一,"{""utb"": {""key_value"": 2, ""atr_period"": 14, ""use_ha"": false}, ""r&s"": {""srb_left"": 10, ""srb_right"": 10}, ""atr"": {""atr_length"": 14, ""atr_mult"": 1.0}}",RF ACQUISITION CORP II,1WK,,,,,,
2026-08-31 00:00:00,Short,RFAI,43.0,-17.39%,65.93,utb,参数二,"{""utb"": {""key_value"": 3, ""atr_period"": 14, ""use_ha"": false}, ""r&s"": {""srb_left"": 15, ""srb_right"": 15}, ""atr"": {""atr_length"": 14, ""atr_mult"": 1.0}}",RF ACQUISITION CORP II,1WK,,,,,,
2026-08-31 00:00:00,Short,DFSC,1.56,-9.30%,2.65,sqz,参数二,"{""sqz"": {""bb_length"": 20, ""bb_mult"": 1.8, ""kc_length"": 20, ""kc_mult"": 1.5, ""min_sqz_bars"": 4}, ""r&s"": {""srb_left"": 15, ""srb_right"": 15}, ""atr"": {""atr_length"": 14, ""atr_mult"": 1.0}}",DEFSEC TECHNOLOGIES INC,1WK,一直亮红,nan-130.2-0.22-1.62,低-低-高,nan%-99.83%-646.54%,36.0,214.2
2026-08-31 00:00:00,Short,CRI,32.41,-2.65%,36.95,utb,参数二,"{""utb"": {""key_value"": 3, ""atr_period"": 14, ""use_ha"": false}, ""r&s"": {""srb_left"": 15, ""srb_right"": 15}, ""atr"": {""atr_length"": 14, ""atr_mult"": 1.0}}",CARTER'S INC,1WK,,,,,,
2026-08-31 00:00:00,Long,INO,1.36,5.43%,0.98,utb,参数二,"{""utb"": {""key_value"": 3, ""atr_period"": 14, ""use_ha"": false}, ""r&s"": {""srb_left"": 15, ""srb_right"": 15}, ""atr"": {""atr_length"": 14, ""atr_mult"": 1.0}}",INOVIO PHARMACEUTICALS INC,1WK,,,,,,
2026-08-31 00:00:00,Short,SDHC,11.1,-10.05%,14.54,utb,参数一,"{""utb"": {""key_value"": 2, ""atr_period"": 14, ""use_ha"": false}, ""r&s"": {""srb_left"": 10, ""srb_right"": 10}, ""atr"": {""atr_length"": 14, ""atr_mult"": 1.0}}",SMITH DOUGLAS HOMES CORP,1WK,,,,,,
2026-08-31 00:00:00,Short,QURE,46.23,-5.11%,56.97,suf,参数一,"{""suf"": {""timeframe"": ""w""}}",UNIQURE NV,1WK,,,,,,
2026-08-31 00:00:00,Short,QURE,46.23,-5.11%,56.97,suf,参数二,"{""suf"": {""timeframe"": ""w""}}",UNIQURE NV,1WK,,,,,,
2026-08-31 00:00:00,Short,IMMR,7.54,-1.44%,8.18,suf,参数一,"{""suf"": {""timeframe"": ""w""}}",IMMERSION CORPORATION,1WK,,,,,,
2026-08-31 00:00:00,Short,IMMR,7.54,-1.44%,8.18,suf,参数二,"{""suf"": {""timeframe"": ""w""}}",IMMERSION CORPORATION,1WK,,,,,,
2026-08-31 00:00:00,Long,IIIV,16.8,3.19%,13.61,suf,参数一,"{""suf"": {""timeframe"": ""w""}}",I3 VERTICALS INC-CLASS A,1WK,,,,,,
2026-08-31 00:00:00,Long,IIIV,16.8,3.19%,13.61,suf,参数二,"{""suf"": {""timeframe"": ""w""}}",I3 VERTICALS INC-CLASS A,1WK,,,,,,
2026-08-31 00:00:00,Short,EXPD,186.16,-2.52%,200.63,suf,参数一,"{""suf"": {""timeframe"": ""w""}}",EXPEDITORS INTL WASH INC,1WK,,,,,,
2026-08-31 00:00:00,Short,EXPD,186.16,-2.52%,200.63,suf,参数二,"{""suf"": {""timeframe"": ""w""}}",EXPEDITORS INTL WASH INC,1WK,,,,,,
2026-08-31 00:00:00,Long,KG,7.76,2.44%,5.39,suf,参数一,"{""suf"": {""timeframe"": ""w""}}",KESTREL GROUP,1WK,,,,,,
2026-08-31 00:00:00,Long,KG,7.76,2.44%,5.39,suf,参数二,"{""suf"": {""timeframe"": ""w""}}",KESTREL GROUP,1WK,,,,,,
2026-08-31 00:00:00,Long,MAYS,42.6,0.71%,40.23,utb,参数一,"{""utb"": {""key_value"": 2, ""atr_period"": 14, ""use_ha"": false}, ""r&s"": {""srb_left"": 10, ""srb_right"": 10}, ""atr"": {""atr_length"": 14, ""atr_mult"": 1.0}}",MAYS (J.W.) INC,1WK,,,,,,
2026-08-31 00:00:00,Short,BEN,33.01,-4.73%,36.47,suf,参数一,"{""suf"": {""timeframe"": ""w""}}",FRANKLIN TEMPLETON INC,1WK,,,,,,
2026-08-31 00:00:00,Short,BEN,33.01,-4.73%,36.47,suf,参数二,"{""suf"": {""timeframe"": ""w""}}",FRANKLIN TEMPLETON INC,1WK,,,,,,
2026-08-31 00:00:00,Short,IOSP,93.76,-1.70%,100.41,suf,参数一,"{""suf"": {""timeframe"": ""w""}}",INNOSPEC INC,1WK,,,,,,
2026-08-31 00:00:00,Short,IOSP,93.76,-1.70%,100.41,suf,参数二,"{""suf"": {""timeframe"": ""w""}}",INNOSPEC INC,1WK,,,,,,
2026-08-31 00:00:00,Long,IRD,4.45,20.60%,2.86,utb,参数一,"{""utb"": {""key_value"": 2, ""atr_period"": 14, ""use_ha"": false}, ""r&s"": {""srb_left"": 10, ""srb_right"": 10}, ""atr"": {""atr_length"": 14, ""atr_mult"": 1.0}}",OPUS GENETICS INC,1WK,,,,,,
2026-08-31 00:00:00,Short,FVN,10.46,-3.24%,13.36,utb,参数二,"{""utb"": {""key_value"": 3, ""atr_period"": 14, ""use_ha"": false}, ""r&s"": {""srb_left"": 15, ""srb_right"": 15}, ""atr"": {""atr_length"": 14, ""atr_mult"": 1.0}}",FUTURE VISION II ACQUISITION,1WK,,,,,,
2026-08-31 00:00:00,Long,ADCT,1.32,15.79%,0.73,suf,参数一,"{""suf"": {""timeframe"": ""w""}}",ADC THERAPEUTICS SA,1WK,,,,,,
2026-08-31 00:00:00,Long,ADCT,1.32,15.79%,0.73,suf,参数二,"{""suf"": {""timeframe"": ""w""}}",ADC THERAPEUTICS SA,1WK,,,,,,
2026-08-31 00:00:00,Short,DRS,37.02,-3.94%,42.31,utb,参数二,"{""utb"": {""key_value"": 3, ""atr_period"": 14, ""use_ha"": false}, ""r&s"": {""srb_left"": 15, ""srb_right"": 15}, ""atr"": {""atr_length"": 14, ""atr_mult"": 1.0}}",LEONARDO DRS INC,1WK,,,,,,
2026-08-31 00:00:00,Short,ALAB,274.13,-5.30%,356.31,utb,参数二,"{""utb"": {""key_value"": 3, ""atr_period"": 14, ""use_ha"": false}, ""r&s"": {""srb_left"": 15, ""srb_right"": 15}, ""atr"": {""atr_length"": 14, ""atr_mult"": 1.0}}",ASTERA LABS INC,1WK,,,,,,
2026-08-31 00:00:00,Short,LTRN,1.93,-6.76%,2.72,utb,参数二,"{""utb"": {""key_value"": 3, ""atr_period"": 14, ""use_ha"": false}, ""r&s"": {""srb_left"": 15, ""srb_right"": 15}, ""atr"": {""atr_length"": 14, ""atr_mult"": 1.0}}",LANTERN PHARMA INC,1WK,,,,,,
2026-08-31 00:00:00,Short,STLN,6.09,-1.30%,7.05,suf,参数一,"{""suf"": {""timeframe"": ""w""}}",STARLING ONCOLOGY INC,1WK,,,,,,
2026-08-31 00:00:00,Short,STLN,6.09,-1.30%,7.05,suf,参数二,"{""suf"": {""timeframe"": ""w""}}",STARLING ONCOLOGY INC,1WK,,,,,,
2026-08-31 00:00:00,Short,GWRE,192.76,-6.36%,227.82,suf,参数一,"{""suf"": {""timeframe"": ""w""}}",GUIDEWIRE SOFTWARE INC,1WK,,,,,,
2026-08-31 00:00:00,Short,GWRE,192.76,-6.36%,227.82,suf,参数二,"{""suf"": {""timeframe"": ""w""}}",GUIDEWIRE SOFTWARE INC,1WK,,,,,,
2026-08-31 00:00:00,Short,VNCE,6.24,-17.46%,8.48,suf,参数一,"{""suf"": {""timeframe"": ""w""}}",VINCE HOLDING CORP,1WK,,,,,,
2026-08-31 00:00:00,Short,VNCE,6.24,-17.46%,8.48,suf,参数二,"{""suf"": {""timeframe"": ""w""}}",VINCE HOLDING CORP,1WK,,,,,,
2026-08-31 00:00:00,Short,RJF,175.95,-1.90%,188.41,suf,参数一,"{""suf"": {""timeframe"": ""w""}}",RAYMOND JAMES FINANCIAL INC,1WK,,,,,,
2026-08-31 00:00:00,Short,RJF,175.95,-1.90%,188.41,suf,参数二,"{""suf"": {""timeframe"": ""w""}}",RAYMOND JAMES FINANCIAL INC,1WK,,,,,,
2026-08-31 00:00:00,Short,CSWC,24.74,-2.87%,26.61,suf,参数一,"{""suf"": {""timeframe"": ""w""}}",CAPITAL SOUTHWEST CORP,1WK,,,,,,
2026-08-31 00:00:00,Short,CSWC,24.74,-2.87%,26.61,suf,参数二,"{""suf"": {""timeframe"": ""w""}}",CAPITAL SOUTHWEST CORP,1WK,,,,,,
2026-08-31 00:00:00,Long,HAFN,8.88,4.84%,7.78,utb,参数二,"{""utb"": {""key_value"": 3, ""atr_period"": 14, ""use_ha"": false}, ""r&s"": {""srb_left"": 15, ""srb_right"": 15}, ""atr"": {""atr_length"": 14, ""atr_mult"": 1.0}}",HAFNIA LTD,1WK,,,,,,
2026-08-31 00:00:00,Short,NTRS,183.98,-1.50%,194.81,suf,参数一,"{""suf"": {""timeframe"": ""w""}}",NORTHERN TRUST CORP,1WK,,,,,,
2026-08-31 00:00:00,Short,NTRS,183.98,-1.50%,194.81,suf,参数二,"{""suf"": {""timeframe"": ""w""}}",NORTHERN TRUST CORP,1WK,,,,,,
2026-08-31 00:00:00,Short,WEX,192.84,-2.27%,210.73,suf,参数一,"{""suf"": {""timeframe"": ""w""}}",WEX INC,1WK,,,,,,
2026-08-31 00:00:00,Short,WEX,192.84,-2.27%,210.73,suf,参数二,"{""suf"": {""timeframe"": ""w""}}",WEX INC,1WK,,,,,,
2026-08-31 00:00:00,Short,FELE,97.59,-2.95%,105.83,utb,参数一,"{""utb"": {""key_value"": 2, ""atr_period"": 14, ""use_ha"": false}, ""r&s"": {""srb_left"": 10, ""srb_right"": 10}, ""atr"": {""atr_length"": 14, ""atr_mult"": 1.0}}",FRANKLIN ELECTRIC CO INC,1WK,,,,,,
2026-08-31 00:00:00,Short,PSQL,12.19,-36.21%,26.5,utb,参数一,"{""utb"": {""key_value"": 2, ""atr_period"": 14, ""use_ha"": false}, ""r&s"": {""srb_left"": 10, ""srb_right"": 10}, ""atr"": {""atr_length"": 14, ""atr_mult"": 1.0}}",PASQAL HOLDING SA,1WK,,,,,,
2026-08-31 00:00:00,Short,PSQL,12.19,-36.21%,26.5,utb,参数二,"{""utb"": {""key_value"": 3, ""atr_period"": 14, ""use_ha"": false}, ""r&s"": {""srb_left"": 15, ""srb_right"": 15}, ""atr"": {""atr_length"": 14, ""atr_mult"": 1.0}}",PASQAL HOLDING SA,1WK,,,,,,
2026-08-31 00:00:00,Long,HCWC,7.18,2879.25%,6.38,utb,参数一,"{""utb"": {""key_value"": 2, ""atr_period"": 14, ""use_ha"": false}, ""r&s"": {""srb_left"": 10, ""srb_right"": 10}, ""atr"": {""atr_length"": 14, ""atr_mult"": 1.0}}",HEALTHY CHOICE WELLNESS CORP,1WK,,,,,,
2026-08-31 00:00:00,Long,HCWC,7.18,2879.25%,6.38,sqz,参数一,"{""sqz"": {""bb_length"": 15, ""bb_mult"": 1.5, ""kc_length"": 15, ""kc_mult"": 1.2, ""min_sqz_bars"": 4}, ""r&s"": {""srb_left"": 10, ""srb_right"": 10}, ""atr"": {""atr_length"": 14, ""atr_mult"": 1.0}}",HEALTHY CHOICE WELLNESS CORP,1WK,压力释放,nan-2.35-0.98-0.38,低-低-低,nan%-58.30%-61.53%,27.0,121.76
2026-08-31 00:00:00,Long,HCWC,7.18,2879.25%,6.38,mfa,参数一,"{""utb"": {""key_value"": 2, ""atr_period"": 14, ""use_ha"": false}, ""mfa"": {""mfa_all"": 11}}",HEALTHY CHOICE WELLNESS CORP,1WK,,,,,,
2026-08-31 00:00:00,Long,HCWC,7.18,2879.25%,6.38,utb,参数二,"{""utb"": {""key_value"": 3, ""atr_period"": 14, ""use_ha"": false}, ""r&s"": {""srb_left"": 15, ""srb_right"": 15}, ""atr"": {""atr_length"": 14, ""atr_mult"": 1.0}}",HEALTHY CHOICE WELLNESS CORP,1WK,,,,,,
2026-08-31 00:00:00,Long,HCWC,7.18,2879.25%,6.38,sqz,参数二,"{""sqz"": {""bb_length"": 20, ""bb_mult"": 1.8, ""kc_length"": 20, ""kc_mult"": 1.5, ""min_sqz_bars"": 4}, ""r&s"": {""srb_left"": 15, ""srb_right"": 15}, ""atr"": {""atr_length"": 14, ""atr_mult"": 1.0}}",HEALTHY CHOICE WELLNESS CORP,1WK,压力释放,nan-0.98,低,nan%,50.0,476.47
2026-08-31 00:00:00,Long,HCWC,7.18,2879.25%,6.38,mfa,参数二,"{""utb"": {""key_value"": 3, ""atr_period"": 14, ""use_ha"": false}, ""mfa"": {""mfa_all"": 11}}",HEALTHY CHOICE WELLNESS CORP,1WK,,,,,,
2026-08-31 00:00:00,Short,UTSI,2.27,-2.16%,2.73,utb,参数二,"{""utb"": {""key_value"": 3, ""atr_period"": 14, ""use_ha"": false}, ""r&s"": {""srb_left"": 15, ""srb_right"": 15}, ""atr"": {""atr_length"": 14, ""atr_mult"": 1.0}}",UTSTARCOM HOLDINGS CORP,1WK,,,,,,
2026-08-31 00:00:00,Short,HOV,117.69,-9.31%,143.63,utb,参数一,"{""utb"": {""key_value"": 2, ""atr_period"": 14, ""use_ha"": false}, ""r&s"": {""srb_left"": 10, ""srb_right"": 10}, ""atr"": {""atr_length"": 14, ""atr_mult"": 1.0}}",HOVNANIAN ENTERPRISES-A,1WK,,,,,,
2026-08-31 00:00:00,Short,AMBP,5.08,-1.17%,5.57,suf,参数一,"{""suf"": {""timeframe"": ""w""}}",ARDAGH METAL PACKAGING SA,1WK,,,,,,
2026-08-31 00:00:00,Short,AMBP,5.08,-1.17%,5.57,suf,参数二,"{""suf"": {""timeframe"": ""w""}}",ARDAGH METAL PACKAGING SA,1WK,,,,,,
2026-08-31 00:00:00,Short,POR,48.69,-1.83%,51.5,utb,参数一,"{""utb"": {""key_value"": 2, ""atr_period"": 14, ""use_ha"": false}, ""r&s"": {""srb_left"": 10, ""srb_right"": 10}, ""atr"": {""atr_length"": 14, ""atr_mult"": 1.0}}",PORTLAND GENERAL ELECTRIC CO,1WK,,,,,,
2026-08-31 00:00:00,Short,ATEX,86.61,-6.20%,104.72,utb,参数一,"{""utb"": {""key_value"": 2, ""atr_period"": 14, ""use_ha"": false}, ""r&s"": {""srb_left"": 10, ""srb_right"": 10}, ""atr"": {""atr_length"": 14, ""atr_mult"": 1.0}}",ANTERIX INC,1WK,,,,,,
2026-08-31 00:00:00,Short,ATEX,86.61,-6.20%,104.72,suf,参数一,"{""suf"": {""timeframe"": ""w""}}",ANTERIX INC,1WK,,,,,,
2026-08-31 00:00:00,Short,ATEX,86.61,-6.20%,104.72,suf,参数二,"{""suf"": {""timeframe"": ""w""}}",ANTERIX INC,1WK,,,,,,
2026-08-31 00:00:00,Long,DSX,3.01,8.27%,2.47,sqz,参数二,"{""sqz"": {""bb_length"": 20, ""bb_mult"": 1.8, ""kc_length"": 20, ""kc_mult"": 1.5, ""min_sqz_bars"": 4}, ""r&s"": {""srb_left"": 15, ""srb_right"": 15}, ""atr"": {""atr_length"": 14, ""atr_mult"": 1.0}}",DIANA SHIPPING INC,1WK,一直释放,nan-3.95-2.94-2.9,低-低-低,nan%-25.65%-1.44%,16.0,45.37
2026-08-31 00:00:00,Short,HD,318.51,-3.54%,348.52,utb,参数一,"{""utb"": {""key_value"": 2, ""atr_period"": 14, ""use_ha"": false}, ""r&s"": {""srb_left"": 10, ""srb_right"": 10}, ""atr"": {""atr_length"": 14, ""atr_mult"": 1.0}}",HOME DEPOT INC,1WK,,,,,,
2026-08-31 00:00:00,Short,NIVF,1.21,-4.42%,100.34,sqz,参数二,"{""sqz"": {""bb_length"": 20, ""bb_mult"": 1.8, ""kc_length"": 20, ""kc_mult"": 1.5, ""min_sqz_bars"": 4}, ""r&s"": {""srb_left"": 15, ""srb_right"": 15}, ""atr"": {""atr_length"": 14, ""atr_mult"": 1.0}}",NEWGENIVF GROUP LTD-A,1WK,一直释放,nan-272430.0-17145.0-2943.0,低-低-低,nan%-93.71%-82.83%,82.0,2548.62
2026-08-31 00:00:00,Long,KURA,13.11,3.55%,11.1,sqz,参数一,"{""sqz"": {""bb_length"": 15, ""bb_mult"": 1.5, ""kc_length"": 15, ""kc_mult"": 1.2, ""min_sqz_bars"": 4}, ""r&s"": {""srb_left"": 10, ""srb_right"": 10}, ""atr"": {""atr_length"": 14, ""atr_mult"": 1.0}}",KURA ONCOLOGY INC,1WK,压力释放,nan-14.32-24.17-23.48-12.49,低-高-低-低,nan%-68.78%-2.85%-46.81%,42.0,69.75
2026-08-31 00:00:00,Long,HTOO,2.3,8.80%,1.65,suf,参数一,"{""suf"": {""timeframe"": ""w""}}",FUSION FUEL GREEN PLC-A,1WK,,,,,,
2026-08-31 00:00:00,Long,HTOO,2.3,8.80%,1.65,suf,参数二,"{""suf"": {""timeframe"": ""w""}}",FUSION FUEL GREEN PLC-A,1WK,,,,,,
2026-08-31 00:00:00,Short,PJT,181.15,-0.90%,197.11,suf,参数一,"{""suf"": {""timeframe"": ""w""}}",PJT PARTNERS INC - A,1WK,,,,,,
2026-08-31 00:00:00,Short,PJT,181.15,-0.90%,197.11,suf,参数二,"{""suf"": {""timeframe"": ""w""}}",PJT PARTNERS INC - A,1WK,,,,,,
2026-08-31 00:00:00,Short,CMS,68.06,-0.22%,71.71,sqz,参数一,"{""sqz"": {""bb_length"": 15, ""bb_mult"": 1.5, ""kc_length"": 15, ""kc_mult"": 1.2, ""min_sqz_bars"": 4}, ""r&s"": {""srb_left"": 10, ""srb_right"": 10}, ""atr"": {""atr_length"": 14, ""atr_mult"": 1.0}}",CMS ENERGY CORP,1WK,支撑释放,45.34-54.61-60.64-67.06-68.29,高-高-高-高,20.44%-11.05%-10.59%-1.83%,13.0,14.57
2026-08-31 00:00:00,Long,JANX,19.7,9.26%,16.06,utb,参数二,"{""utb"": {""key_value"": 3, ""atr_period"": 14, ""use_ha"": false}, ""r&s"": {""srb_left"": 15, ""srb_right"": 15}, ""atr"": {""atr_length"": 14, ""atr_mult"": 1.0}}",JANUX THERAPEUTICS INC,1WK,,,,,,
2026-08-31 00:00:00,Short,BBAI,2.95,-3.28%,3.7,sqz,参数一,"{""sqz"": {""bb_length"": 15, ""bb_mult"": 1.5, ""kc_length"": 15, ""kc_mult"": 1.2, ""min_sqz_bars"": 4}, ""r&s"": {""srb_left"": 10, ""srb_right"": 10}, ""atr"": {""atr_length"": 14, ""atr_mult"": 1.0}}",BIGBEAR.AI HOLDINGS INC,1WK,一直亮红,1.16-1.16-2.36-4.65-3.01,高-高-高-低,0.43%-102.58%-97.03%-35.27%,22.0,81.4
2026-08-31 00:00:00,Short,FCEL,14.4,-18.92%,23.12,utb,参数二,"{""utb"": {""key_value"": 3, ""atr_period"": 14, ""use_ha"": false}, ""r&s"": {""srb_left"": 15, ""srb_right"": 15}, ""atr"": {""atr_length"": 14, ""atr_mult"": 1.0}}",FUELCELL ENERGY INC,1WK,,,,,,
2026-08-31 00:00:00,Long,SRPT,23.21,11.27%,17.36,utb,参数二,"{""utb"": {""key_value"": 3, ""atr_period"": 14, ""use_ha"": false}, ""r&s"": {""srb_left"": 15, ""srb_right"": 15}, ""atr"": {""atr_length"": 14, ""atr_mult"": 1.0}}",SAREPTA THERAPEUTICS INC,1WK,,,,,,
2026-08-31 00:00:00,Long,AR,39.59,2.96%,35.68,utb,参数一,"{""utb"": {""key_value"": 2, ""atr_period"": 14, ""use_ha"": false}, ""r&s"": {""srb_left"": 10, ""srb_right"": 10}, ""atr"": {""atr_length"": 14, ""atr_mult"": 1.0}}",ANTERO RESOURCES CORP,1WK,,,,,,
2026-08-31 00:00:00,Short,CREX,2.64,-7.37%,3.43,utb,参数二,"{""utb"": {""key_value"": 3, ""atr_period"": 14, ""use_ha"": false}, ""r&s"": {""srb_left"": 15, ""srb_right"": 15}, ""atr"": {""atr_length"": 14, ""atr_mult"": 1.0}}",CREATIVE REALITIES INC,1WK,,,,,,
2026-08-31 00:00:00,Long,GRNQ,14.34,6.22%,8.02,utb,参数一,"{""utb"": {""key_value"": 2, ""atr_period"": 14, ""use_ha"": false}, ""r&s"": {""srb_left"": 10, ""srb_right"": 10}, ""atr"": {""atr_length"": 14, ""atr_mult"": 1.0}}",GREENPRO CAPITAL CORP,1WK,,,,,,
2026-08-31 00:00:00,Long,GRNQ,14.34,6.22%,8.02,mfa,参数一,"{""utb"": {""key_value"": 2, ""atr_period"": 14, ""use_ha"": false}, ""mfa"": {""mfa_all"": 12}}",GREENPRO CAPITAL CORP,1WK,,,,,,
2026-08-31 00:00:00,Short,GENC,18.2,-3.75%,20.11,suf,参数一,"{""suf"": {""timeframe"": ""w""}}",GENCOR INDUSTRIES INC,1WK,,,,,,
2026-08-31 00:00:00,Short,GENC,18.2,-3.75%,20.11,suf,参数二,"{""suf"": {""timeframe"": ""w""}}",GENCOR INDUSTRIES INC,1WK,,,,,,
2026-08-31 00:00:00,Long,CVX,211.78,4.91%,193.5,sqz,参数一,"{""sqz"": {""bb_length"": 15, ""bb_mult"": 1.5, ""kc_length"": 15, ""kc_mult"": 1.2, ""min_sqz_bars"": 4}, ""r&s"": {""srb_left"": 10, ""srb_right"": 10}, ""atr"": {""atr_length"": 14, ""atr_mult"": 1.0}}",CHEVRON CORP,1WK,一直亮绿,151.91-153.11-158.83-155.72-210.92,高-高-低-高,0.79%-3.74%-1.96%-35.45%,22.0,29.12
2026-08-31 00:00:00,Short,DKI,2.87,-19.61%,4.55,utb,参数一,"{""utb"": {""key_value"": 2, ""atr_period"": 14, ""use_ha"": false}, ""r&s"": {""srb_left"": 10, ""srb_right"": 10}, ""atr"": {""atr_length"": 14, ""atr_mult"": 1.0}}",DARKIRIS INC-CL A,1WK,,,,,,
2026-08-31 00:00:00,Short,MYE,30.85,-5.95%,35.27,suf,参数一,"{""suf"": {""timeframe"": ""w""}}",MYERS INDUSTRIES INC,1WK,,,,,,
2026-08-31 00:00:00,Short,MYE,30.85,-5.95%,35.27,suf,参数二,"{""suf"": {""timeframe"": ""w""}}",MYERS INDUSTRIES INC,1WK,,,,,,
2026-08-31 00:00:00,Short,OSW,21.9,-13.30%,27.19,utb,参数一,"{""utb"": {""key_value"": 2, ""atr_period"": 14, ""use_ha"": false}, ""r&s"": {""srb_left"": 10, ""srb_right"": 10}, ""atr"": {""atr_length"": 14, ""atr_mult"": 1.0}}",ONESPAWORLD HOLDINGS LTD,1WK,,,,,,
2026-08-31 00:00:00,Short,OSW,21.9,-13.30%,27.19,utb,参数二,"{""utb"": {""key_value"": 3, ""atr_period"": 14, ""use_ha"": false}, ""r&s"": {""srb_left"": 15, ""srb_right"": 15}, ""atr"": {""atr_length"": 14, ""atr_mult"": 1.0}}",ONESPAWORLD HOLDINGS LTD,1WK,,,,,,
2026-08-31 00:00:00,Long,WFRD,97.71,4.18%,85.81,utb,参数一,"{""utb"": {""key_value"": 2, ""atr_period"": 14, ""use_ha"": false}, ""r&s"": {""srb_left"": 10, ""srb_right"": 10}, ""atr"": {""atr_length"": 14, ""atr_mult"": 1.0}}",WEATHERFORD INTERNATIONAL PL,1WK,,,,,,
2026-08-31 00:00:00,Long,EGY,6.14,6.41%,5.31,utb,参数一,"{""utb"": {""key_value"": 2, ""atr_period"": 14, ""use_ha"": false}, ""r&s"": {""srb_left"": 10, ""srb_right"": 10}, ""atr"": {""atr_length"": 14, ""atr_mult"": 1.0}}",VAALCO ENERGY INC,1WK,,,,,,
2026-08-31 00:00:00,Short,ROK,425.36,-1.28%,454.89,utb,参数一,"{""utb"": {""key_value"": 2, ""atr_period"": 14, ""use_ha"": false}, ""r&s"": {""srb_left"": 10, ""srb_right"": 10}, ""atr"": {""atr_length"": 14, ""atr_mult"": 1.0}}",ROCKWELL AUTOMATION INC,1WK,,,,,,
2026-08-31 00:00:00,Short,VAC,100.02,-9.15%,120.97,utb,参数一,"{""utb"": {""key_value"": 2, ""atr_period"": 14, ""use_ha"": false}, ""r&s"": {""srb_left"": 10, ""srb_right"": 10}, ""atr"": {""atr_length"": 14, ""atr_mult"": 1.0}}",MARRIOTT VACATIONS WORLD,1WK,,,,,,
2026-08-31 00:00:00,Short,STIM,2.77,-5.78%,3.42,suf,参数一,"{""suf"": {""timeframe"": ""w""}}",NEURONETICS INC,1WK,,,,,,
2026-08-31 00:00:00,Short,STIM,2.77,-5.78%,3.42,suf,参数二,"{""suf"": {""timeframe"": ""w""}}",NEURONETICS INC,1WK,,,,,,
2026-08-31 00:00:00,Short,MBOT,1.46,-1.35%,1.76,sqz,参数一,"{""sqz"": {""bb_length"": 15, ""bb_mult"": 1.5, ""kc_length"": 15, ""kc_mult"": 1.2, ""min_sqz_bars"": 4}, ""r&s"": {""srb_left"": 10, ""srb_right"": 10}, ""atr"": {""atr_length"": 14, ""atr_mult"": 1.0}}",MICROBOT MEDICAL INC,1WK,支撑释放,1.11-0.86-0.82-1.7-1.6,低-低-高-低,22.52%-4.65%-107.32%-5.88%,30.0,78.75
2026-08-31 00:00:00,Long,DDS,636.66,2.64%,564.91,utb,参数一,"{""utb"": {""key_value"": 2, ""atr_period"": 14, ""use_ha"": false}, ""r&s"": {""srb_left"": 10, ""srb_right"": 10}, ""atr"": {""atr_length"": 14, ""atr_mult"": 1.0}}",DILLARDS INC-CL A,1WK,,,,,,
2026-08-31 00:00:00,Long,DDS,636.66,2.64%,564.91,mfa,参数一,"{""utb"": {""key_value"": 2, ""atr_period"": 14, ""use_ha"": false}, ""mfa"": {""mfa_all"": 18}}",DILLARDS INC-CL A,1WK,,,,,,
2026-08-31 00:00:00,Short,ONDS,7.61,-3.67%,9.67,sqz,参数一,"{""sqz"": {""bb_length"": 15, ""bb_mult"": 1.5, ""kc_length"": 15, ""kc_mult"": 1.2, ""min_sqz_bars"": 4}, ""r&s"": {""srb_left"": 10, ""srb_right"": 10}, ""atr"": {""atr_length"": 14, ""atr_mult"": 1.0}}",ONDAS INC,1WK,一直释放,0.31-0.54-0.65-0.57-7.78,高-高-低-高,70.48%-21.97%-12.98%-1264.91%,22.0,82.01
2026-08-31 00:00:00,Short,WH,71.28,-6.24%,80.48,utb,参数二,"{""utb"": {""key_value"": 3, ""atr_period"": 14, ""use_ha"": false}, ""r&s"": {""srb_left"": 15, ""srb_right"": 15}, ""atr"": {""atr_length"": 14, ""atr_mult"": 1.0}}",WYNDHAM HOTELS & RESORTS INC,1WK,,,,,,
2026-08-31 00:00:00,Short,BOH,76.51,-0.10%,80.86,utb,参数一,"{""utb"": {""key_value"": 2, ""atr_period"": 14, ""use_ha"": false}, ""r&s"": {""srb_left"": 10, ""srb_right"": 10}, ""atr"": {""atr_length"": 14, ""atr_mult"": 1.0}}",BANK OF HAWAII CORP,1WK,,,,,,
2026-08-31 00:00:00,Long,CVRX,3.07,4.07%,1.69,suf,参数一,"{""suf"": {""timeframe"": ""w""}}",CVRX INC,1WK,,,,,,
2026-08-31 00:00:00,Long,CVRX,3.07,4.07%,1.69,suf,参数二,"{""suf"": {""timeframe"": ""w""}}",CVRX INC,1WK,,,,,,
2026-08-31 00:00:00,Short,JDZG,3.08,-12.00%,39.49,sqz,参数一,"{""sqz"": {""bb_length"": 15, ""bb_mult"": 1.5, ""kc_length"": 15, ""kc_mult"": 1.2, ""min_sqz_bars"": 4}, ""r&s"": {""srb_left"": 10, ""srb_right"": 10}, ""atr"": {""atr_length"": 14, ""atr_mult"": 1.0}}",JIADE LTD CL-A,1WK,一直释放,nan-898.0-1002.0-395.0-10.71,低-高-低-低,nan%-11.58%-60.58%-97.29%,19.0,525.58
2026-08-31 00:00:00,Short,FTNT,154.54,-6.90%,185.32,suf,参数一,"{""suf"": {""timeframe"": ""w""}}",FORTINET INC,1WK,,,,,,
2026-08-31 00:00:00,Short,FTNT,154.54,-6.90%,185.32,suf,参数二,"{""suf"": {""timeframe"": ""w""}}",FORTINET INC,1WK,,,,,,
2026-08-31 00:00:00,Long,GPRK,11.69,18.92%,9.27,utb,参数一,"{""utb"": {""key_value"": 2, ""atr_period"": 14, ""use_ha"": false}, ""r&s"": {""srb_left"": 10, ""srb_right"": 10}, ""atr"": {""atr_length"": 14, ""atr_mult"": 1.0}}",GEOPARK LTD,1WK,,,,,,
2026-08-31 00:00:00,Long,SIEB,2.46,12.33%,1.87,sqz,参数一,"{""sqz"": {""bb_length"": 15, ""bb_mult"": 1.5, ""kc_length"": 15, ""kc_mult"": 1.2, ""min_sqz_bars"": 4}, ""r&s"": {""srb_left"": 10, ""srb_right"": 10}, ""atr"": {""atr_length"": 14, ""atr_mult"": 1.0}}",SIEBERT FINANCIAL CORP,1WK,压力释放,2.54-3.34-5.77-4.14-2.35,高-高-低-低,31.50%-72.75%-28.25%-43.24%,13.0,53.59
2026-08-31 00:00:00,Long,SIEB,2.46,12.33%,1.87,utb,参数二,"{""utb"": {""key_value"": 3, ""atr_period"": 14, ""use_ha"": false}, ""r&s"": {""srb_left"": 15, ""srb_right"": 15}, ""atr"": {""atr_length"": 14, ""atr_mult"": 1.0}}",SIEBERT FINANCIAL CORP,1WK,,,,,,
2026-08-31 00:00:00,Long,SIEB,2.46,12.33%,1.87,mfa,参数二,"{""utb"": {""key_value"": 3, ""atr_period"": 14, ""use_ha"": false}, ""mfa"": {""mfa_all"": 29}}",SIEBERT FINANCIAL CORP,1WK,,,,,,
2026-08-31 00:00:00,Short,IBIO,1.31,-3.68%,1.66,utb,参数二,"{""utb"": {""key_value"": 3, ""atr_period"": 14, ""use_ha"": false}, ""r&s"": {""srb_left"": 15, ""srb_right"": 15}, ""atr"": {""atr_length"": 14, ""atr_mult"": 1.0}}",IBIO INC,1WK,,,,,,
2026-08-31 00:00:00,Short,PVH,72.29,-4.62%,83.23,utb,参数二,"{""utb"": {""key_value"": 3, ""atr_period"": 14, ""use_ha"": false}, ""r&s"": {""srb_left"": 15, ""srb_right"": 15}, ""atr"": {""atr_length"": 14, ""atr_mult"": 1.0}}",PVH CORP,1WK,,,,,,
2026-08-31 00:00:00,Short,HAYW,13.63,-3.67%,15.17,utb,参数二,"{""utb"": {""key_value"": 3, ""atr_period"": 14, ""use_ha"": false}, ""r&s"": {""srb_left"": 15, ""srb_right"": 15}, ""atr"": {""atr_length"": 14, ""atr_mult"": 1.0}}",HAYWARD HOLDINGS INC,1WK,,,,,,
2026-08-31 00:00:00,Short,GROW,3.23,-3.00%,3.59,suf,参数一,"{""suf"": {""timeframe"": ""w""}}",U.S. GLOBAL INVESTORS INC-A,1WK,,,,,,
2026-08-31 00:00:00,Short,GROW,3.23,-3.00%,3.59,suf,参数二,"{""suf"": {""timeframe"": ""w""}}",U.S. GLOBAL INVESTORS INC-A,1WK,,,,,,
2026-08-31 00:00:00,Short,JHX,28.46,-4.91%,32.04,suf,参数一,"{""suf"": {""timeframe"": ""w""}}",JAMES HARDIE IND PLC,1WK,,,,,,
2026-08-31 00:00:00,Short,JHX,28.46,-4.91%,32.04,suf,参数二,"{""suf"": {""timeframe"": ""w""}}",JAMES HARDIE IND PLC,1WK,,,,,,
2026-08-31 00:00:00,Long,BLZR,10.21,0.10%,10.16,sqz,参数一,"{""sqz"": {""bb_length"": 15, ""bb_mult"": 1.5, ""kc_length"": 15, ""kc_mult"": 1.2, ""min_sqz_bars"": 4}, ""r&s"": {""srb_left"": 10, ""srb_right"": 10}, ""atr"": {""atr_length"": 14, ""atr_mult"": 1.0}}",TRAILBLAZER ACQUISITION-CL A,1WK,一直释放,nan-10.12,低,nan%,30.0,1.2
2026-08-31 00:00:00,Short,MSFT,496.82,-3.25%,542.92,suf,参数一,"{""suf"": {""timeframe"": ""w""}}",MICROSOFT CORP,1WK,,,,,,
2026-08-31 00:00:00,Short,MSFT,496.82,-3.25%,542.92,suf,参数二,"{""suf"": {""timeframe"": ""w""}}",MICROSOFT CORP,1WK,,,,,,
2026-08-31 00:00:00,Long,CHCI,20.02,-0.15%,17.43,sqz,参数一,"{""sqz"": {""bb_length"": 15, ""bb_mult"": 1.5, ""kc_length"": 15, ""kc_mult"": 1.2, ""min_sqz_bars"": 4}, ""r&s"": {""srb_left"": 10, ""srb_right"": 10}, ""atr"": {""atr_length"": 14, ""atr_mult"": 1.0}}",COMSTOCK HOLDING COMPANIES,1WK,压力释放,4.95-8.56-14.48-18.99-19.72,高-高-高-高,72.93%-69.16%-31.15%-3.84%,22.0,48.94
2026-08-31 00:00:00,Short,LIND,25.39,-14.19%,32.64,utb,参数一,"{""utb"": {""key_value"": 2, ""atr_period"": 14, ""use_ha"": false}, ""r&s"": {""srb_left"": 10, ""srb_right"": 10}, ""atr"": {""atr_length"": 14, ""atr_mult"": 1.0}}",LINDBLAD EXPEDITIONS HOLDING,1WK,,,,,,
2026-08-31 00:00:00,Short,LIND,25.39,-14.19%,32.64,utb,参数二,"{""utb"": {""key_value"": 3, ""atr_period"": 14, ""use_ha"": false}, ""r&s"": {""srb_left"": 15, ""srb_right"": 15}, ""atr"": {""atr_length"": 14, ""atr_mult"": 1.0}}",LINDBLAD EXPEDITIONS HOLDING,1WK,,,,,,
2026-08-31 00:00:00,Short,BN,39.71,-3.92%,43.68,utb,参数一,"{""utb"": {""key_value"": 2, ""atr_period"": 14, ""use_ha"": false}, ""r&s"": {""srb_left"": 10, ""srb_right"": 10}, ""atr"": {""atr_length"": 14, ""atr_mult"": 1.0}}",BROOKFIELD CORP,1WK,,,,,,
2026-08-31 00:00:00,Short,FHI,60.73,-5.71%,67.86,suf,参数一,"{""suf"": {""timeframe"": ""w""}}",FEDERATED HERMES INC,1WK,,,,,,
2026-08-31 00:00:00,Short,FHI,60.73,-5.71%,67.86,suf,参数二,"{""suf"": {""timeframe"": ""w""}}",FEDERATED HERMES INC,1WK,,,,,,
2026-08-31 00:00:00,Long,AGCO,126.69,11.73%,106.36,utb,参数一,"{""utb"": {""key_value"": 2, ""atr_period"": 14, ""use_ha"": false}, ""r&s"": {""srb_left"": 10, ""srb_right"": 10}, ""atr"": {""atr_length"": 14, ""atr_mult"": 1.0}}",AGCO CORP,1WK,,,,,,
2026-08-31 00:00:00,Short,ALNT,88.69,-4.49%,107.44,utb,参数一,"{""utb"": {""key_value"": 2, ""atr_period"": 14, ""use_ha"": false}, ""r&s"": {""srb_left"": 10, ""srb_right"": 10}, ""atr"": {""atr_length"": 14, ""atr_mult"": 1.0}}",ALLIENT INC,1WK,,,,,,
2026-08-31 00:00:00,Short,CRDO,165.22,-29.01%,283.7,utb,参数二,"{""utb"": {""key_value"": 3, ""atr_period"": 14, ""use_ha"": false}, ""r&s"": {""srb_left"": 15, ""srb_right"": 15}, ""atr"": {""atr_length"": 14, ""atr_mult"": 1.0}}",CREDO TECHNOLOGY GROUP HOLDI,1WK,,,,,,
2026-08-31 00:00:00,Long,AMPY,5.0,5.04%,4.22,utb,参数一,"{""utb"": {""key_value"": 2, ""atr_period"": 14, ""use_ha"": false}, ""r&s"": {""srb_left"": 10, ""srb_right"": 10}, ""atr"": {""atr_length"": 14, ""atr_mult"": 1.0}}",AMPLIFY ENERGY CORP,1WK,,,,,,
2026-08-31 00:00:00,Long,AMPY,5.0,5.04%,4.22,mfa,参数一,"{""utb"": {""key_value"": 2, ""atr_period"": 14, ""use_ha"": false}, ""mfa"": {""mfa_all"": 12}}",AMPLIFY ENERGY CORP,1WK,,,,,,
2026-08-31 00:00:00,Long,DG,130.89,6.51%,113.0,utb,参数二,"{""utb"": {""key_value"": 3, ""atr_period"": 14, ""use_ha"": false}, ""r&s"": {""srb_left"": 15, ""srb_right"": 15}, ""atr"": {""atr_length"": 14, ""atr_mult"": 1.0}}",DOLLAR GENERAL CORP,1WK,,,,,,
2026-08-31 00:00:00,Short,HEI,322.9,-4.05%,357.36,utb,参数一,"{""utb"": {""key_value"": 2, ""atr_period"": 14, ""use_ha"": false}, ""r&s"": {""srb_left"": 10, ""srb_right"": 10}, ""atr"": {""atr_length"": 14, ""atr_mult"": 1.0}}",HEICO CORP,1WK,,,,,,
2026-08-31 00:00:00,Short,QLYS,170.83,-8.67%,207.71,suf,参数一,"{""suf"": {""timeframe"": ""w""}}",QUALYS INC,1WK,,,,,,
2026-08-31 00:00:00,Short,QLYS,170.83,-8.67%,207.71,suf,参数二,"{""suf"": {""timeframe"": ""w""}}",QUALYS INC,1WK,,,,,,
2026-08-31 00:00:00,Short,IMVT,39.49,-4.15%,44.61,suf,参数一,"{""suf"": {""timeframe"": ""w""}}",IMMUNOVANT INC,1WK,,,,,,
2026-08-31 00:00:00,Short,IMVT,39.49,-4.15%,44.61,suf,参数二,"{""suf"": {""timeframe"": ""w""}}",IMMUNOVANT INC,1WK,,,,,,
2026-08-31 00:00:00,Short,MTX,70.97,-1.54%,76.95,utb,参数一,"{""utb"": {""key_value"": 2, ""atr_period"": 14, ""use_ha"": false}, ""r&s"": {""srb_left"": 10, ""srb_right"": 10}, ""atr"": {""atr_length"": 14, ""atr_mult"": 1.0}}",MINERALS TECHNOLOGIES INC,1WK,,,,,,
2026-08-31 00:00:00,Short,SCHL,38.39,-0.83%,41.96,utb,参数二,"{""utb"": {""key_value"": 3, ""atr_period"": 14, ""use_ha"": false}, ""r&s"": {""srb_left"": 15, ""srb_right"": 15}, ""atr"": {""atr_length"": 14, ""atr_mult"": 1.0}}",SCHOLASTIC CORP,1WK,,,,,,
2026-08-31 00:00:00,Short,AXGN,48.3,-6.16%,55.88,suf,参数一,"{""suf"": {""timeframe"": ""w""}}",AXOGEN INC,1WK,,,,,,
2026-08-31 00:00:00,Short,AXGN,48.3,-6.16%,55.88,suf,参数二,"{""suf"": {""timeframe"": ""w""}}",AXOGEN INC,1WK,,,,,,
2026-08-31 00:00:00,Long,PAAC,10.1,1.30%,9.92,utb,参数一,"{""utb"": {""key_value"": 2, ""atr_period"": 14, ""use_ha"": false}, ""r&s"": {""srb_left"": 10, ""srb_right"": 10}, ""atr"": {""atr_length"": 14, ""atr_mult"": 1.0}}",PROEM ACQUISITION CORP I,1WK,,,,,,
2026-08-31 00:00:00,Short,ELDN,2.99,-6.56%,3.62,utb,参数一,"{""utb"": {""key_value"": 2, ""atr_period"": 14, ""use_ha"": false}, ""r&s"": {""srb_left"": 10, ""srb_right"": 10}, ""atr"": {""atr_length"": 14, ""atr_mult"": 1.0}}",ELEDON PHARMACEUTICALS INC,1WK,,,,,,
2026-08-31 00:00:00,Short,TOL,140.7,-3.78%,154.96,utb,参数一,"{""utb"": {""key_value"": 2, ""atr_period"": 14, ""use_ha"": false}, ""r&s"": {""srb_left"": 10, ""srb_right"": 10}, ""atr"": {""atr_length"": 14, ""atr_mult"": 1.0}}",TOLL BROTHERS INC,1WK,,,,,,
2026-08-31 00:00:00,Short,HLT,311.51,-3.21%,336.23,utb,参数一,"{""utb"": {""key_value"": 2, ""atr_period"": 14, ""use_ha"": false}, ""r&s"": {""srb_left"": 10, ""srb_right"": 10}, ""atr"": {""atr_length"": 14, ""atr_mult"": 1.0}}",HILTON WORLDWIDE HOLDINGS IN,1WK,,,,,,
2026-08-31 00:00:00,Short,NSC,330.06,-5.34%,364.85,suf,参数一,"{""suf"": {""timeframe"": ""w""}}",NORFOLK SOUTHERN CORP,1WK,,,,,,
2026-08-31 00:00:00,Short,NSC,330.06,-5.34%,364.85,suf,参数二,"{""suf"": {""timeframe"": ""w""}}",NORFOLK SOUTHERN CORP,1WK,,,,,,
2026-08-31 00:00:00,Short,RETO,1.24,-3.88%,2.89,sqz,参数一,"{""sqz"": {""bb_length"": 15, ""bb_mult"": 1.5, ""kc_length"": 15, ""kc_mult"": 1.2, ""min_sqz_bars"": 4}, ""r&s"": {""srb_left"": 10, ""srb_right"": 10}, ""atr"": {""atr_length"": 14, ""atr_mult"": 1.0}}",RETO ECO-SOLUTIONS INC-A,1WK,支撑释放,99.8-17.1-18.4-6.5-1.8,低-高-低-低,82.87%-7.60%-64.67%-72.31%,15.0,94.44
2026-08-31 00:00:00,Long,MWYN,1.39,10.32%,1.02,sqz,参数一,"{""sqz"": {""bb_length"": 15, ""bb_mult"": 1.5, ""kc_length"": 15, ""kc_mult"": 1.2, ""min_sqz_bars"": 4}, ""r&s"": {""srb_left"": 10, ""srb_right"": 10}, ""atr"": {""atr_length"": 14, ""atr_mult"": 1.0}}",MARWYNN HOLDINGS INC,1WK,压力释放,nan-11.2-2.35-1.3,低-低-低,nan%-79.02%-44.68%,12.0,166.39
2026-08-31 00:00:00,Long,MWYN,1.39,10.32%,1.02,utb,参数二,"{""utb"": {""key_value"": 3, ""atr_period"": 14, ""use_ha"": false}, ""r&s"": {""srb_left"": 15, ""srb_right"": 15}, ""atr"": {""atr_length"": 14, ""atr_mult"": 1.0}}",MARWYNN HOLDINGS INC,1WK,,,,,,
2026-08-31 00:00:00,Short,AROC,32.3,3.39%,35.2,sqz,参数一,"{""sqz"": {""bb_length"": 15, ""bb_mult"": 1.5, ""kc_length"": 15, ""kc_mult"": 1.2, ""min_sqz_bars"": 4}, ""r&s"": {""srb_left"": 10, ""srb_right"": 10}, ""atr"": {""atr_length"": 14, ""atr_mult"": 1.0}}",ARCHROCK INC,1WK,支撑释放,16.26-19.24-20.59-22.44-32.39,高-高-高-高,18.30%-7.05%-8.97%-44.32%,13.0,29.54
2026-08-31 00:00:00,Short,PMCB,0.48,-6.66%,0.64,utb,参数二,"{""utb"": {""key_value"": 3, ""atr_period"": 14, ""use_ha"": false}, ""r&s"": {""srb_left"": 15, ""srb_right"": 15}, ""atr"": {""atr_length"": 14, ""atr_mult"": 1.0}}",PHARMACYTE BIOTECH INC,1WK,,,,,,
2026-08-31 00:00:00,Short,EXPE,308.06,-6.49%,352.97,suf,参数一,"{""suf"": {""timeframe"": ""w""}}",EXPEDIA GROUP INC,1WK,,,,,,
2026-08-31 00:00:00,Short,EXPE,308.06,-6.49%,352.97,suf,参数二,"{""suf"": {""timeframe"": ""w""}}",EXPEDIA GROUP INC,1WK,,,,,,
2026-08-31 00:00:00,Short,TMO,608.54,-2.19%,656.21,suf,参数一,"{""suf"": {""timeframe"": ""w""}}",THERMO FISHER SCIENTIFIC INC,1WK,,,,,,
2026-08-31 00:00:00,Short,TMO,608.54,-2.19%,656.21,suf,参数二,"{""suf"": {""timeframe"": ""w""}}",THERMO FISHER SCIENTIFIC INC,1WK,,,,,,
2026-08-31 00:00:00,Short,TPR,123.14,-1.87%,136.87,sqz,参数一,"{""sqz"": {""bb_length"": 15, ""bb_mult"": 1.5, ""kc_length"": 15, ""kc_mult"": 1.2, ""min_sqz_bars"": 4}, ""r&s"": {""srb_left"": 10, ""srb_right"": 10}, ""atr"": {""atr_length"": 14, ""atr_mult"": 1.0}}",TAPESTRY INC,1WK,支撑释放,35.9-34.0-57.39-92.17-127.97,低-高-高-高,5.29%-68.81%-60.59%-38.85%,16.0,28.78
2026-08-31 00:00:00,Short,BBUC,27.12,-2.82%,30.17,sqz,参数一,"{""sqz"": {""bb_length"": 15, ""bb_mult"": 1.5, ""kc_length"": 15, ""kc_mult"": 1.2, ""min_sqz_bars"": 4}, ""r&s"": {""srb_left"": 10, ""srb_right"": 10}, ""atr"": {""atr_length"": 14, ""atr_mult"": 1.0}}",BROOKFIELD BUSINESS CORP-A,1WK,支撑释放,16.25-13.62-17.89-21.3-29.18,低-高-高-高,16.18%-31.33%-19.05%-37.02%,24.0,20.71
2026-08-31 00:00:00,Short,FNF,46.18,-2.88%,50.05,utb,参数一,"{""utb"": {""key_value"": 2, ""atr_period"": 14, ""use_ha"": false}, ""r&s"": {""srb_left"": 10, ""srb_right"": 10}, ""atr"": {""atr_length"": 14, ""atr_mult"": 1.0}}",FIDELITY NATIONAL FINANCIAL,1WK,,,,,,
2026-08-31 00:00:00,Short,FERG,221.23,-3.18%,243.93,utb,参数一,"{""utb"": {""key_value"": 2, ""atr_period"": 14, ""use_ha"": false}, ""r&s"": {""srb_left"": 10, ""srb_right"": 10}, ""atr"": {""atr_length"": 14, ""atr_mult"": 1.0}}",FERGUSON ENTERPRISES INC,1WK,,,,,,
2026-08-31 00:00:00,Short,DBI,5.25,-4.37%,6.39,utb,参数二,"{""utb"": {""key_value"": 3, ""atr_period"": 14, ""use_ha"": false}, ""r&s"": {""srb_left"": 15, ""srb_right"": 15}, ""atr"": {""atr_length"": 14, ""atr_mult"": 1.0}}",DESIGNER BRANDS INC-CLASS A,1WK,,,,,,
2026-08-31 00:00:00,Long,HTZ,2.31,7.94%,1.35,suf,参数一,"{""suf"": {""timeframe"": ""w""}}",HERTZ GLOBAL HLDGS INC,1WK,,,,,,
2026-08-31 00:00:00,Long,HTZ,2.31,7.94%,1.35,suf,参数二,"{""suf"": {""timeframe"": ""w""}}",HERTZ GLOBAL HLDGS INC,1WK,,,,,,
2026-08-31 00:00:00,Long,PBFS,18.13,2.84%,16.34,sqz,参数二,"{""sqz"": {""bb_length"": 20, ""bb_mult"": 1.8, ""kc_length"": 20, ""kc_mult"": 1.5, ""min_sqz_bars"": 4}, ""r&s"": {""srb_left"": 15, ""srb_right"": 15}, ""atr"": {""atr_length"": 14, ""atr_mult"": 1.0}}",PIONEER BANCORP INC/NY,1WK,一直释放,nan-10.03-11.0-15.18,低-高-高,nan%-9.67%-38.00%,30.0,13.2
2026-08-31 00:00:00,Long,VEEA,1.67,1521.36%,1.11,utb,参数一,"{""utb"": {""key_value"": 2, ""atr_period"": 14, ""use_ha"": false}, ""r&s"": {""srb_left"": 10, ""srb_right"": 10}, ""atr"": {""atr_length"": 14, ""atr_mult"": 1.0}}",VEEA INC,1WK,,,,,,
2026-08-31 00:00:00,Long,VEEA,1.67,1521.36%,1.11,mfa,参数一,"{""utb"": {""key_value"": 2, ""atr_period"": 14, ""use_ha"": false}, ""mfa"": {""mfa_all"": 57}}",VEEA INC,1WK,,,,,,
2026-08-31 00:00:00,Long,VEEA,1.67,1521.36%,1.11,suf,参数一,"{""suf"": {""timeframe"": ""w""}}",VEEA INC,1WK,,,,,,
2026-08-31 00:00:00,Long,VEEA,1.67,1521.36%,1.11,utb,参数二,"{""utb"": {""key_value"": 3, ""atr_period"": 14, ""use_ha"": false}, ""r&s"": {""srb_left"": 15, ""srb_right"": 15}, ""atr"": {""atr_length"": 14, ""atr_mult"": 1.0}}",VEEA INC,1WK,,,,,,
2026-08-31 00:00:00,Long,VEEA,1.67,1521.36%,1.11,mfa,参数二,"{""utb"": {""key_value"": 3, ""atr_period"": 14, ""use_ha"": false}, ""mfa"": {""mfa_all"": 57}}",VEEA INC,1WK,,,,,,
2026-08-31 00:00:00,Long,VEEA,1.67,1521.36%,1.11,suf,参数二,"{""suf"": {""timeframe"": ""w""}}",VEEA INC,1WK,,,,,,
2026-08-31 00:00:00,Long,DYNC,10.9,0.23%,10.76,sqz,参数一,"{""sqz"": {""bb_length"": 15, ""bb_mult"": 1.5, ""kc_length"": 15, ""kc_mult"": 1.2, ""min_sqz_bars"": 4}, ""r&s"": {""srb_left"": 10, ""srb_right"": 10}, ""atr"": {""atr_length"": 14, ""atr_mult"": 1.0}}",DYNAMIX CORP,1WK,压力释放,nan-15.24-10.88,低-低,nan%-28.61%,20.0,1.49
2026-08-31 00:00:00,Short,FTAI,185.61,-4.81%,223.97,sqz,参数一,"{""sqz"": {""bb_length"": 15, ""bb_mult"": 1.5, ""kc_length"": 15, ""kc_mult"": 1.2, ""min_sqz_bars"": 4}, ""r&s"": {""srb_left"": 10, ""srb_right"": 10}, ""atr"": {""atr_length"": 14, ""atr_mult"": 1.0}}",FTAI AVIATION LTD,1WK,支撑释放,31.49-73.91-80.44-148.67-202.04,高-高-高-高,134.71%-8.84%-84.81%-35.91%,18.0,42.57
2026-08-31 00:00:00,Long,HRMY,42.86,9.31%,35.91,sqz,参数二,"{""sqz"": {""bb_length"": 20, ""bb_mult"": 1.8, ""kc_length"": 20, ""kc_mult"": 1.5, ""min_sqz_bars"": 4}, ""r&s"": {""srb_left"": 15, ""srb_right"": 15}, ""atr"": {""atr_length"": 14, ""atr_mult"": 1.0}}",HARMONY BIOSCIENCES HOLDINGS,1WK,一直亮绿,nan-39.26-35.4-41.61-40.87,低-低-高-低,nan%-9.86%-17.56%-1.78%,37.0,57.79
2026-08-31 00:00:00,Short,MSM,116.47,-2.29%,126.39,suf,参数一,"{""suf"": {""timeframe"": ""w""}}",MSC INDUSTRIAL DIRECT CO-A,1WK,,,,,,
2026-08-31 00:00:00,Short,MSM,116.47,-2.29%,126.39,suf,参数二,"{""suf"": {""timeframe"": ""w""}}",MSC INDUSTRIAL DIRECT CO-A,1WK,,,,,,
2026-08-31 00:00:00,Long,LMNR,14.8,7.40%,12.82,utb,参数二,"{""utb"": {""key_value"": 3, ""atr_period"": 14, ""use_ha"": false}, ""r&s"": {""srb_left"": 15, ""srb_right"": 15}, ""atr"": {""atr_length"": 14, ""atr_mult"": 1.0}}",LIMONEIRA CO,1WK,,,,,,
2026-08-31 00:00:00,Long,LMNR,14.8,7.40%,12.82,mfa,参数二,"{""utb"": {""key_value"": 3, ""atr_period"": 14, ""use_ha"": false}, ""mfa"": {""mfa_all"": 14}}",LIMONEIRA CO,1WK,,,,,,
2026-08-31 00:00:00,Short,GYRO,4.95,-4.44%,5.4,sqz,参数二,"{""sqz"": {""bb_length"": 20, ""bb_mult"": 1.8, ""kc_length"": 20, ""kc_mult"": 1.5, ""min_sqz_bars"": 4}, ""r&s"": {""srb_left"": 15, ""srb_right"": 15}, ""atr"": {""atr_length"": 14, ""atr_mult"": 1.0}}",GYRODYNE LLC,1WK,一直释放,nan-7.65-6.8,低-低,nan%-11.11%,74.0,76.47
2026-08-31 00:00:00,Short,CNVS,2.28,-5.39%,2.82,utb,参数一,"{""utb"": {""key_value"": 2, ""atr_period"": 14, ""use_ha"": false}, ""r&s"": {""srb_left"": 10, ""srb_right"": 10}, ""atr"": {""atr_length"": 14, ""atr_mult"": 1.0}}",CINEVERSE CORP,1WK,,,,,,
2026-08-31 00:00:00,Short,OSPN,16.17,-2.24%,17.86,suf,参数一,"{""suf"": {""timeframe"": ""w""}}",ONESPAN INC,1WK,,,,,,
2026-08-31 00:00:00,Short,OSPN,16.17,-2.24%,17.86,suf,参数二,"{""suf"": {""timeframe"": ""w""}}",ONESPAN INC,1WK,,,,,,
2026-08-31 00:00:00,Short,PKOH,44.69,-2.34%,50.0,utb,参数一,"{""utb"": {""key_value"": 2, ""atr_period"": 14, ""use_ha"": false}, ""r&s"": {""srb_left"": 10, ""srb_right"": 10}, ""atr"": {""atr_length"": 14, ""atr_mult"": 1.0}}",PARK-OHIO HOLDINGS CORP,1WK,,,,,,
2026-08-31 00:00:00,Long,NVAX,10.32,11.45%,7.88,utb,参数一,"{""utb"": {""key_value"": 2, ""atr_period"": 14, ""use_ha"": false}, ""r&s"": {""srb_left"": 10, ""srb_right"": 10}, ""atr"": {""atr_length"": 14, ""atr_mult"": 1.0}}",NOVAVAX INC,1WK,,,,,,
2026-08-31 00:00:00,Long,XBIO,4.25,6.78%,3.49,sqz,参数二,"{""sqz"": {""bb_length"": 20, ""bb_mult"": 1.8, ""kc_length"": 20, ""kc_mult"": 1.5, ""min_sqz_bars"": 4}, ""r&s"": {""srb_left"": 15, ""srb_right"": 15}, ""atr"": {""atr_length"": 14, ""atr_mult"": 1.0}}",XENETIC BIOSCIENCES INC,1WK,压力释放,5.97-4.74-5.2-13.93-3.68,低-高-高-低,20.60%-9.70%-167.88%-73.58%,20.0,55.27
2026-08-31 00:00:00,Long,DBRG,15.97,0.25%,15.68,sqz,参数二,"{""sqz"": {""bb_length"": 20, ""bb_mult"": 1.8, ""kc_length"": 20, ""kc_mult"": 1.5, ""min_sqz_bars"": 4}, ""r&s"": {""srb_left"": 15, ""srb_right"": 15}, ""atr"": {""atr_length"": 14, ""atr_mult"": 1.0}}",DIGITALBRIDGE GROUP INC,1WK,一直释放,nan-18.27-20.83-17.23-15.52,低-高-低-低,nan%-13.99%-17.27%-9.93%,38.0,22.63
2026-08-31 00:00:00,Short,MLTX,15.06,0.47%,17.6,sqz,参数一,"{""sqz"": {""bb_length"": 15, ""bb_mult"": 1.5, ""kc_length"": 15, ""kc_mult"": 1.2, ""min_sqz_bars"": 4}, ""r&s"": {""srb_left"": 10, ""srb_right"": 10}, ""atr"": {""atr_length"": 14, ""atr_mult"": 1.0}}",MOONLAKE IMMUNOTHERAPEUTICS,1WK,支撑释放,35.11-37.55-31.42-5.95-15.76,高-低-低-高,6.95%-16.32%-81.06%-164.87%,15.0,47.78
2026-08-31 00:00:00,Short,ICUI,169.85,-3.00%,188.14,suf,参数一,"{""suf"": {""timeframe"": ""w""}}",ICU MEDICAL INC,1WK,,,,,,
2026-08-31 00:00:00,Short,ICUI,169.85,-3.00%,188.14,suf,参数二,"{""suf"": {""timeframe"": ""w""}}",ICU MEDICAL INC,1WK,,,,,,
2026-08-31 00:00:00,Short,KFFB,5.61,-8.63%,6.89,suf,参数一,"{""suf"": {""timeframe"": ""w""}}",KENTUCKY FIRST FEDERAL BANCO,1WK,,,,,,
2026-08-31 00:00:00,Short,KFFB,5.61,-8.63%,6.89,suf,参数二,"{""suf"": {""timeframe"": ""w""}}",KENTUCKY FIRST FEDERAL BANCO,1WK,,,,,,
2026-08-31 00:00:00,Long,BMEA,1.93,11.85%,1.42,utb,参数二,"{""utb"": {""key_value"": 3, ""atr_period"": 14, ""use_ha"": false}, ""r&s"": {""srb_left"": 15, ""srb_right"": 15}, ""atr"": {""atr_length"": 14, ""atr_mult"": 1.0}}",BIOMEA FUSION INC,1WK,,,,,,
2026-08-31 00:00:00,Long,CNDT,1.89,9.88%,1.46,utb,参数一,"{""utb"": {""key_value"": 2, ""atr_period"": 14, ""use_ha"": false}, ""r&s"": {""srb_left"": 10, ""srb_right"": 10}, ""atr"": {""atr_length"": 14, ""atr_mult"": 1.0}}",CONDUENT INC,1WK,,,,,,
2026-08-31 00:00:00,Short,LVLU,11.18,-20.99%,17.62,utb,参数一,"{""utb"": {""key_value"": 2, ""atr_period"": 14, ""use_ha"": false}, ""r&s"": {""srb_left"": 10, ""srb_right"": 10}, ""atr"": {""atr_length"": 14, ""atr_mult"": 1.0}}",LULU'S FASHION LOUNGE HOLDIN,1WK,,,,,,
2026-08-31 00:00:00,Long,TK,13.36,2.38%,11.88,sqz,参数一,"{""sqz"": {""bb_length"": 15, ""bb_mult"": 1.5, ""kc_length"": 15, ""kc_mult"": 1.2, ""min_sqz_bars"": 4}, ""r&s"": {""srb_left"": 10, ""srb_right"": 10}, ""atr"": {""atr_length"": 14, ""atr_mult"": 1.0}}",TEEKAY CORP LTD,1WK,压力释放,7.04-6.92-6.36-9.81-13.3,低-低-高-高,1.71%-8.04%-54.17%-35.66%,17.0,35.74
2026-08-31 00:00:00,Long,TK,13.36,2.38%,11.88,utb,参数二,"{""utb"": {""key_value"": 3, ""atr_period"": 14, ""use_ha"": false}, ""r&s"": {""srb_left"": 15, ""srb_right"": 15}, ""atr"": {""atr_length"": 14, ""atr_mult"": 1.0}}",TEEKAY CORP LTD,1WK,,,,,,
2026-08-31 00:00:00,Long,LPSN,3.1,9.93%,2.29,utb,参数二,"{""utb"": {""key_value"": 3, ""atr_period"": 14, ""use_ha"": false}, ""r&s"": {""srb_left"": 15, ""srb_right"": 15}, ""atr"": {""atr_length"": 14, ""atr_mult"": 1.0}}",LIVEPERSON INC,1WK,,,,,,
2026-08-31 00:00:00,Long,LPSN,3.1,9.93%,2.29,mfa,参数二,"{""utb"": {""key_value"": 3, ""atr_period"": 14, ""use_ha"": false}, ""mfa"": {""mfa_all"": 51}}",LIVEPERSON INC,1WK,,,,,,
2026-08-31 00:00:00,Short,CDNS,306.67,-9.91%,371.01,utb,参数二,"{""utb"": {""key_value"": 3, ""atr_period"": 14, ""use_ha"": false}, ""r&s"": {""srb_left"": 15, ""srb_right"": 15}, ""atr"": {""atr_length"": 14, ""atr_mult"": 1.0}}",CADENCE DESIGN SYS INC,1WK,,,,,,
2026-08-31 00:00:00,Short,HDSN,5.12,-5.71%,5.95,utb,参数一,"{""utb"": {""key_value"": 2, ""atr_period"": 14, ""use_ha"": false}, ""r&s"": {""srb_left"": 10, ""srb_right"": 10}, ""atr"": {""atr_length"": 14, ""atr_mult"": 1.0}}",HUDSON TECHNOLOGIES INC,1WK,,,,,,
2026-08-31 00:00:00,Long,SCWO,3.16,13.26%,2.18,utb,参数一,"{""utb"": {""key_value"": 2, ""atr_period"": 14, ""use_ha"": false}, ""r&s"": {""srb_left"": 10, ""srb_right"": 10}, ""atr"": {""atr_length"": 14, ""atr_mult"": 1.0}}",374WATER INC,1WK,,,,,,
2026-08-31 00:00:00,Long,EG,378.28,0.18%,357.36,sqz,参数二,"{""sqz"": {""bb_length"": 20, ""bb_mult"": 1.8, ""kc_length"": 20, ""kc_mult"": 1.5, ""min_sqz_bars"": 4}, ""r&s"": {""srb_left"": 15, ""srb_right"": 15}, ""atr"": {""atr_length"": 14, ""atr_mult"": 1.0}}",EVEREST GROUP LTD,1WK,一直释放,nan-399.23-395.74-363.83,低-低-低,nan%-0.87%-8.06%,47.0,21.77
2026-08-31 00:00:00,Short,ENVA,226.89,-2.51%,251.8,utb,参数一,"{""utb"": {""key_value"": 2, ""atr_period"": 14, ""use_ha"": false}, ""r&s"": {""srb_left"": 10, ""srb_right"": 10}, ""atr"": {""atr_length"": 14, ""atr_mult"": 1.0}}",ENOVA INTERNATIONAL INC,1WK,,,,,,
2026-08-31 00:00:00,Short,NOMA,2.02,-5.16%,3.16,sqz,参数一,"{""sqz"": {""bb_length"": 15, ""bb_mult"": 1.5, ""kc_length"": 15, ""kc_mult"": 1.2, ""min_sqz_bars"": 4}, ""r&s"": {""srb_left"": 10, ""srb_right"": 10}, ""atr"": {""atr_length"": 14, ""atr_mult"": 1.0}}",NOMADAR CORP-A,1WK,支撑释放,nan-2.55,低,nan%,15.0,74.51
2026-08-31 00:00:00,Short,EHTH,0.95,-20.77%,1.51,sqz,参数一,"{""sqz"": {""bb_length"": 15, ""bb_mult"": 1.5, ""kc_length"": 15, ""kc_mult"": 1.2, ""min_sqz_bars"": 4}, ""r&s"": {""srb_left"": 10, ""srb_right"": 10}, ""atr"": {""atr_length"": 14, ""atr_mult"": 1.0}}",EHEALTH INC,1WK,支撑释放,6.59-5.12-3.58-3.18-1.2,低-低-低-低,22.31%-30.08%-11.17%-62.26%,26.0,80.83
2026-08-31 00:00:00,Short,KFRC,54.04,-6.99%,62.81,suf,参数一,"{""suf"": {""timeframe"": ""w""}}",KFORCE INC,1WK,,,,,,
2026-08-31 00:00:00,Short,KFRC,54.04,-6.99%,62.81,suf,参数二,"{""suf"": {""timeframe"": ""w""}}",KFORCE INC,1WK,,,,,,
2026-08-31 00:00:00,Short,MASS,10.33,-3.73%,12.01,suf,参数一,"{""suf"": {""timeframe"": ""w""}}",908 DEVICES INC,1WK,,,,,,
2026-08-31 00:00:00,Short,MASS,10.33,-3.73%,12.01,suf,参数二,"{""suf"": {""timeframe"": ""w""}}",908 DEVICES INC,1WK,,,,,,
2026-08-31 00:00:00,Long,OMH,3.19,4457.14%,2.49,utb,参数一,"{""utb"": {""key_value"": 2, ""atr_period"": 14, ""use_ha"": false}, ""r&s"": {""srb_left"": 10, ""srb_right"": 10}, ""atr"": {""atr_length"": 14, ""atr_mult"": 1.0}}",OHMYHOME LTD-A,1WK,,,,,,
2026-08-31 00:00:00,Long,OMH,3.19,4457.14%,2.49,mfa,参数一,"{""utb"": {""key_value"": 2, ""atr_period"": 14, ""use_ha"": false}, ""mfa"": {""mfa_all"": 14}}",OHMYHOME LTD-A,1WK,,,,,,
2026-08-31 00:00:00,Long,OMH,3.19,4457.14%,2.49,utb,参数二,"{""utb"": {""key_value"": 3, ""atr_period"": 14, ""use_ha"": false}, ""r&s"": {""srb_left"": 15, ""srb_right"": 15}, ""atr"": {""atr_length"": 14, ""atr_mult"": 1.0}}",OHMYHOME LTD-A,1WK,,,,,,
2026-08-31 00:00:00,Long,OMH,3.19,4457.14%,2.49,mfa,参数二,"{""utb"": {""key_value"": 3, ""atr_period"": 14, ""use_ha"": false}, ""mfa"": {""mfa_all"": 14}}",OHMYHOME LTD-A,1WK,,,,,,
2026-08-31 00:00:00,Long,CTSO,0.38,14.23%,0.22,suf,参数一,"{""suf"": {""timeframe"": ""w""}}",CYTOSORBENTS CORP,1WK,,,,,,
2026-08-31 00:00:00,Long,CTSO,0.38,14.23%,0.22,suf,参数二,"{""suf"": {""timeframe"": ""w""}}",CYTOSORBENTS CORP,1WK,,,,,,
2026-08-31 00:00:00,Long,GCTK,3.53,1151.77%,1.98,utb,参数一,"{""utb"": {""key_value"": 2, ""atr_period"": 14, ""use_ha"": false}, ""r&s"": {""srb_left"": 10, ""srb_right"": 10}, ""atr"": {""atr_length"": 14, ""atr_mult"": 1.0}}",GLUCOTRACK INC,1WK,,,,,,
2026-08-31 00:00:00,Long,GCTK,3.53,1151.77%,1.98,mfa,参数一,"{""utb"": {""key_value"": 2, ""atr_period"": 14, ""use_ha"": false}, ""mfa"": {""mfa_all"": 37}}",GLUCOTRACK INC,1WK,,,,,,
2026-08-31 00:00:00,Long,GCTK,3.53,1151.77%,1.98,suf,参数一,"{""suf"": {""timeframe"": ""w""}}",GLUCOTRACK INC,1WK,,,,,,
2026-08-31 00:00:00,Long,GCTK,3.53,1151.77%,1.98,suf,参数二,"{""suf"": {""timeframe"": ""w""}}",GLUCOTRACK INC,1WK,,,,,,
2026-08-31 00:00:00,Short,NNVC,1.17,-5.65%,1.56,utb,参数一,"{""utb"": {""key_value"": 2, ""atr_period"": 14, ""use_ha"": false}, ""r&s"": {""srb_left"": 10, ""srb_right"": 10}, ""atr"": {""atr_length"": 14, ""atr_mult"": 1.0}}",NANOVIRICIDES INC,1WK,,,,,,
2026-08-31 00:00:00,Long,PXS,6.45,20.34%,4.82,sqz,参数二,"{""sqz"": {""bb_length"": 20, ""bb_mult"": 1.8, ""kc_length"": 20, ""kc_mult"": 1.5, ""min_sqz_bars"": 4}, ""r&s"": {""srb_left"": 15, ""srb_right"": 15}, ""atr"": {""atr_length"": 14, ""atr_mult"": 1.0}}",PYXIS TANKERS INC,1WK,压力释放,nan-6.26-5.53,低-低,nan%-11.66%,106.0,123.89
2026-08-31 00:00:00,Short,SKYW,94.96,-3.95%,105.61,utb,参数一,"{""utb"": {""key_value"": 2, ""atr_period"": 14, ""use_ha"": false}, ""r&s"": {""srb_left"": 10, ""srb_right"": 10}, ""atr"": {""atr_length"": 14, ""atr_mult"": 1.0}}",SKYWEST INC,1WK,,,,,,
2026-08-31 00:00:00,Short,TDY,606.36,-2.51%,658.33,utb,参数一,"{""utb"": {""key_value"": 2, ""atr_period"": 14, ""use_ha"": false}, ""r&s"": {""srb_left"": 10, ""srb_right"": 10}, ""atr"": {""atr_length"": 14, ""atr_mult"": 1.0}}",TELEDYNE TECHNOLOGIES INC,1WK,,,,,,
2026-08-31 00:00:00,Long,KNOP,11.29,3.58%,9.98,utb,参数一,"{""utb"": {""key_value"": 2, ""atr_period"": 14, ""use_ha"": false}, ""r&s"": {""srb_left"": 10, ""srb_right"": 10}, ""atr"": {""atr_length"": 14, ""atr_mult"": 1.0}}",KNOT OFFSHORE PARTNERS LP,1WK,,,,,,
2026-08-31 00:00:00,Long,THCH,1.39,6.92%,0.97,suf,参数一,"{""suf"": {""timeframe"": ""w""}}",TH INTERNATIONAL LTD/CAYMAN,1WK,,,,,,
2026-08-31 00:00:00,Long,THCH,1.39,6.92%,0.97,suf,参数二,"{""suf"": {""timeframe"": ""w""}}",TH INTERNATIONAL LTD/CAYMAN,1WK,,,,,,
2026-08-31 00:00:00,Long,QRVO,100.63,6.23%,86.83,utb,参数一,"{""utb"": {""key_value"": 2, ""atr_period"": 14, ""use_ha"": false}, ""r&s"": {""srb_left"": 10, ""srb_right"": 10}, ""atr"": {""atr_length"": 14, ""atr_mult"": 1.0}}",QORVO INC,1WK,,,,,,
2026-08-31 00:00:00,Short,GABC,49.58,-0.68%,52.3,suf,参数一,"{""suf"": {""timeframe"": ""w""}}",GERMAN AMERICAN BANCORP,1WK,,,,,,
2026-08-31 00:00:00,Short,GABC,49.58,-0.68%,52.3,suf,参数二,"{""suf"": {""timeframe"": ""w""}}",GERMAN AMERICAN BANCORP,1WK,,,,,,
2026-08-31 00:00:00,Short,XMAX,8.78,-1.68%,9.63,suf,参数一,"{""suf"": {""timeframe"": ""w""}}",XMAX INC,1WK,,,,,,
2026-08-31 00:00:00,Short,XMAX,8.78,-1.68%,9.63,suf,参数二,"{""suf"": {""timeframe"": ""w""}}",XMAX INC,1WK,,,,,,
2026-08-31 00:00:00,Long,USNA,14.56,3.70%,11.31,suf,参数一,"{""suf"": {""timeframe"": ""w""}}",USANA HEALTH SCIENCES INC,1WK,,,,,,
2026-08-31 00:00:00,Long,USNA,14.56,3.70%,11.31,suf,参数二,"{""suf"": {""timeframe"": ""w""}}",USANA HEALTH SCIENCES INC,1WK,,,,,,
2026-08-31 00:00:00,Short,ODFL,187.61,-5.55%,217.69,utb,参数二,"{""utb"": {""key_value"": 3, ""atr_period"": 14, ""use_ha"": false}, ""r&s"": {""srb_left"": 15, ""srb_right"": 15}, ""atr"": {""atr_length"": 14, ""atr_mult"": 1.0}}",OLD DOMINION FREIGHT LINE,1WK,,,,,,
2026-08-31 00:00:00,Long,CURR,4.01,18.99%,2.52,utb,参数一,"{""utb"": {""key_value"": 2, ""atr_period"": 14, ""use_ha"": false}, ""r&s"": {""srb_left"": 10, ""srb_right"": 10}, ""atr"": {""atr_length"": 14, ""atr_mult"": 1.0}}",CURRENC GROUP INC,1WK,,,,,,
2026-08-31 00:00:00,Long,LEXX,13.2,27.58%,7.73,utb,参数二,"{""utb"": {""key_value"": 3, ""atr_period"": 14, ""use_ha"": false}, ""r&s"": {""srb_left"": 15, ""srb_right"": 15}, ""atr"": {""atr_length"": 14, ""atr_mult"": 1.0}}",LEXARIA BIOSCIENCE CORP,1WK,,,,,,
2026-08-31 00:00:00,Short,AVA,37.25,-1.09%,39.33,utb,参数二,"{""utb"": {""key_value"": 3, ""atr_period"": 14, ""use_ha"": false}, ""r&s"": {""srb_left"": 15, ""srb_right"": 15}, ""atr"": {""atr_length"": 14, ""atr_mult"": 1.0}}",AVISTA CORP,1WK,,,,,,
2026-08-31 00:00:00,Short,PENG,47.59,-3.88%,60.49,utb,参数二,"{""utb"": {""key_value"": 3, ""atr_period"": 14, ""use_ha"": false}, ""r&s"": {""srb_left"": 15, ""srb_right"": 15}, ""atr"": {""atr_length"": 14, ""atr_mult"": 1.0}}",PENGUIN SOLUTIONS INC,1WK,,,,,,
2026-08-31 00:00:00,Short,VVX,74.99,-3.48%,85.96,utb,参数一,"{""utb"": {""key_value"": 2, ""atr_period"": 14, ""use_ha"": false}, ""r&s"": {""srb_left"": 10, ""srb_right"": 10}, ""atr"": {""atr_length"": 14, ""atr_mult"": 1.0}}",V2X INC,1WK,,,,,,
2026-08-31 00:00:00,Long,DHT,20.07,2.09%,18.03,sqz,参数二,"{""sqz"": {""bb_length"": 20, ""bb_mult"": 1.8, ""kc_length"": 20, ""kc_mult"": 1.5, ""min_sqz_bars"": 4}, ""r&s"": {""srb_left"": 15, ""srb_right"": 15}, ""atr"": {""atr_length"": 14, ""atr_mult"": 1.0}}",DHT HOLDINGS INC,1WK,压力释放,8.76-10.48-10.18-10.57-18.59,高-低-高-高,19.58%-2.89%-3.85%-75.90%,26.0,24.11
2026-08-31 00:00:00,Long,TALO,17.23,3.36%,15.31,sqz,参数一,"{""sqz"": {""bb_length"": 15, ""bb_mult"": 1.5, ""kc_length"": 15, ""kc_mult"": 1.2, ""min_sqz_bars"": 4}, ""r&s"": {""srb_left"": 10, ""srb_right"": 10}, ""atr"": {""atr_length"": 14, ""atr_mult"": 1.0}}",TALOS ENERGY INC,1WK,压力释放,nan-17.59-14.67-12.71-17.05,低-低-低-高,nan%-16.60%-13.36%-34.15%,15.0,32.79
2026-08-31 00:00:00,Long,KMDA,8.4,1.33%,7.66,utb,参数二,"{""utb"": {""key_value"": 3, ""atr_period"": 14, ""use_ha"": false}, ""r&s"": {""srb_left"": 15, ""srb_right"": 15}, ""atr"": {""atr_length"": 14, ""atr_mult"": 1.0}}",KAMADA LTD,1WK,,,,,,
2026-08-31 00:00:00,Short,CGAU,22.26,-5.03%,25.51,suf,参数一,"{""suf"": {""timeframe"": ""w""}}",CENTERRA GOLD INC,1WK,,,,,,
2026-08-31 00:00:00,Short,CGAU,22.26,-5.03%,25.51,suf,参数二,"{""suf"": {""timeframe"": ""w""}}",CENTERRA GOLD INC,1WK,,,,,,
2026-08-31 00:00:00,Long,BMRA,2.2,2.80%,1.68,utb,参数二,"{""utb"": {""key_value"": 3, ""atr_period"": 14, ""use_ha"": false}, ""r&s"": {""srb_left"": 15, ""srb_right"": 15}, ""atr"": {""atr_length"": 14, ""atr_mult"": 1.0}}",BIOMERICA INC,1WK,,,,,,
2026-08-31 00:00:00,Long,BMRA,2.2,2.80%,1.68,mfa,参数二,"{""utb"": {""key_value"": 3, ""atr_period"": 14, ""use_ha"": false}, ""mfa"": {""mfa_all"": 53}}",BIOMERICA INC,1WK,,,,,,
2026-08-31 00:00:00,Short,NPK,144.69,-5.20%,165.62,suf,参数一,"{""suf"": {""timeframe"": ""w""}}",NATIONAL PRESTO INDS INC,1WK,,,,,,
2026-08-31 00:00:00,Short,NPK,144.69,-5.20%,165.62,suf,参数二,"{""suf"": {""timeframe"": ""w""}}",NATIONAL PRESTO INDS INC,1WK,,,,,,
2026-08-31 00:00:00,Short,CLS,277.77,-7.01%,353.67,utb,参数二,"{""utb"": {""key_value"": 3, ""atr_period"": 14, ""use_ha"": false}, ""r&s"": {""srb_left"": 15, ""srb_right"": 15}, ""atr"": {""atr_length"": 14, ""atr_mult"": 1.0}}",CELESTICA INC,1WK,,,,,,
2026-08-31 00:00:00,Short,AGO,75.03,-0.66%,79.91,sqz,参数二,"{""sqz"": {""bb_length"": 20, ""bb_mult"": 1.8, ""kc_length"": 20, ""kc_mult"": 1.5, ""min_sqz_bars"": 4}, ""r&s"": {""srb_left"": 15, ""srb_right"": 15}, ""atr"": {""atr_length"": 14, ""atr_mult"": 1.0}}",ASSURED GUARANTY LTD,1WK,一直释放,nan-42.94-70.44-72.74-77.64,低-高-高-高,nan%-64.05%-3.26%-6.74%,46.0,17.3
2026-08-31 00:00:00,Short,NTCT,37.49,-4.02%,42.49,utb,参数一,"{""utb"": {""key_value"": 2, ""atr_period"": 14, ""use_ha"": false}, ""r&s"": {""srb_left"": 10, ""srb_right"": 10}, ""atr"": {""atr_length"": 14, ""atr_mult"": 1.0}}",NETSCOUT SYSTEMS INC,1WK,,,,,,
2026-08-31 00:00:00,Long,GERN,1.59,5.30%,1.26,utb,参数一,"{""utb"": {""key_value"": 2, ""atr_period"": 14, ""use_ha"": false}, ""r&s"": {""srb_left"": 10, ""srb_right"": 10}, ""atr"": {""atr_length"": 14, ""atr_mult"": 1.0}}",GERON CORP,1WK,,,,,,
2026-08-31 00:00:00,Long,TDW,100.61,8.63%,83.97,sqz,参数一,"{""sqz"": {""bb_length"": 15, ""bb_mult"": 1.5, ""kc_length"": 15, ""kc_mult"": 1.2, ""min_sqz_bars"": 4}, ""r&s"": {""srb_left"": 10, ""srb_right"": 10}, ""atr"": {""atr_length"": 14, ""atr_mult"": 1.0}}",TIDEWATER INC,1WK,一直亮绿,51.88-73.55-111.42-64.07-93.13,高-高-低-高,41.77%-51.49%-42.50%-45.36%,18.0,48.51
2026-08-31 00:00:00,Long,FTI,79.67,5.05%,71.42,sqz,参数一,"{""sqz"": {""bb_length"": 15, ""bb_mult"": 1.5, ""kc_length"": 15, ""kc_mult"": 1.2, ""min_sqz_bars"": 4}, ""r&s"": {""srb_left"": 10, ""srb_right"": 10}, ""atr"": {""atr_length"": 14, ""atr_mult"": 1.0}}",TECHNIPFMC PLC,1WK,压力释放,15.7-22.37-29.5-33.18-77.68,高-高-高-高,42.50%-31.87%-12.47%-134.10%,18.0,22.33
2026-08-31 00:00:00,Long,SLNG,6.4,11.30%,4.79,sqz,参数一,"{""sqz"": {""bb_length"": 15, ""bb_mult"": 1.5, ""kc_length"": 15, ""kc_mult"": 1.2, ""min_sqz_bars"": 4}, ""r&s"": {""srb_left"": 10, ""srb_right"": 10}, ""atr"": {""atr_length"": 14, ""atr_mult"": 1.0}}",STABILIS SOLUTIONS INC,1WK,压力释放,4.83-4.46-8.28-5.45-6.36,低-高-低-高,7.66%-85.65%-34.18%-16.70%,31.0,98.13
2026-08-31 00:00:00,Long,SLNG,6.4,11.30%,4.79,sqz,参数二,"{""sqz"": {""bb_length"": 20, ""bb_mult"": 1.8, ""kc_length"": 20, ""kc_mult"": 1.5, ""min_sqz_bars"": 4}, ""r&s"": {""srb_left"": 15, ""srb_right"": 15}, ""atr"": {""atr_length"": 14, ""atr_mult"": 1.0}}",STABILIS SOLUTIONS INC,1WK,压力释放,nan-6.4-8.28-5.45-6.36,低-高-低-高,nan%-29.37%-34.18%-16.70%,31.0,98.13
2026-08-31 00:00:00,Long,KRYS,369.23,5.06%,318.02,sqz,参数二,"{""sqz"": {""bb_length"": 20, ""bb_mult"": 1.8, ""kc_length"": 20, ""kc_mult"": 1.5, ""min_sqz_bars"": 4}, ""r&s"": {""srb_left"": 15, ""srb_right"": 15}, ""atr"": {""atr_length"": 14, ""atr_mult"": 1.0}}",KRYSTAL BIOTECH INC,1WK,一直释放,nan-132.68-219.34-197.94,低-高-低,nan%-65.32%-9.76%,75.0,61.19
2026-08-31 00:00:00,Short,ELVA,6.47,-2.71%,8.26,sqz,参数一,"{""sqz"": {""bb_length"": 15, ""bb_mult"": 1.5, ""kc_length"": 15, ""kc_mult"": 1.2, ""min_sqz_bars"": 4}, ""r&s"": {""srb_left"": 10, ""srb_right"": 10}, ""atr"": {""atr_length"": 14, ""atr_mult"": 1.0}}",ELECTROVAYA INC,1WK,支撑释放,1.67-1.73-1.8-4.1-7.05,高-高-高-高,3.59%-4.05%-127.78%-71.95%,22.0,81.28
2026-08-31 00:00:00,Short,FROG,91.73,-7.10%,111.8,suf,参数一,"{""suf"": {""timeframe"": ""w""}}",JFROG LTD,1WK,,,,,,
2026-08-31 00:00:00,Short,FROG,91.73,-7.10%,111.8,suf,参数二,"{""suf"": {""timeframe"": ""w""}}",JFROG LTD,1WK,,,,,,
2026-08-31 00:00:00,Short,RTX,200.78,-5.16%,222.13,utb,参数一,"{""utb"": {""key_value"": 2, ""atr_period"": 14, ""use_ha"": false}, ""r&s"": {""srb_left"": 10, ""srb_right"": 10}, ""atr"": {""atr_length"": 14, ""atr_mult"": 1.0}}",RTX CORP,1WK,,,,,,
2026-08-31 00:00:00,Short,WBD,28.39,-1.32%,29.81,suf,参数一,"{""suf"": {""timeframe"": ""w""}}",WARNER BROS DISCOVERY INC,1WK,,,,,,
2026-08-31 00:00:00,Short,WBD,28.39,-1.32%,29.81,suf,参数二,"{""suf"": {""timeframe"": ""w""}}",WARNER BROS DISCOVERY INC,1WK,,,,,,
2026-08-31 00:00:00,Short,URI,979.82,-4.89%,1119.97,utb,参数一,"{""utb"": {""key_value"": 2, ""atr_period"": 14, ""use_ha"": false}, ""r&s"": {""srb_left"": 10, ""srb_right"": 10}, ""atr"": {""atr_length"": 14, ""atr_mult"": 1.0}}",UNITED RENTALS INC,1WK,,,,,,
2026-08-31 00:00:00,Short,CSTE,3.0,-4.46%,3.65,suf,参数一,"{""suf"": {""timeframe"": ""w""}}",CAESARSTONE LTD,1WK,,,,,,
2026-08-31 00:00:00,Short,CSTE,3.0,-4.46%,3.65,suf,参数二,"{""suf"": {""timeframe"": ""w""}}",CAESARSTONE LTD,1WK,,,,,,
2026-08-31 00:00:00,Short,SCOR,5.06,-1.94%,6.9,sqz,参数一,"{""sqz"": {""bb_length"": 15, ""bb_mult"": 1.5, ""kc_length"": 15, ""kc_mult"": 1.2, ""min_sqz_bars"": 4}, ""r&s"": {""srb_left"": 10, ""srb_right"": 10}, ""atr"": {""atr_length"": 14, ""atr_mult"": 1.0}}",COMSCORE INC,1WK,支撑释放,9.6-4.89-4.39-6.1-6.13,低-低-高-高,49.06%-10.22%-38.95%-0.49%,15.0,48.45
2026-08-31 00:00:00,Short,LMT,531.55,-5.15%,598.54,utb,参数一,"{""utb"": {""key_value"": 2, ""atr_period"": 14, ""use_ha"": false}, ""r&s"": {""srb_left"": 10, ""srb_right"": 10}, ""atr"": {""atr_length"": 14, ""atr_mult"": 1.0}}",LOCKHEED MARTIN CORP,1WK,,,,,,
2026-08-31 00:00:00,Short,MAKO,9.89,-2.99%,11.31,suf,参数一,"{""suf"": {""timeframe"": ""w""}}",MAKO MINING CORP,1WK,,,,,,
2026-08-31 00:00:00,Short,MAKO,9.89,-2.99%,11.31,suf,参数二,"{""suf"": {""timeframe"": ""w""}}",MAKO MINING CORP,1WK,,,,,,
2026-08-31 00:00:00,Long,TARS,82.76,15.33%,63.42,utb,参数二,"{""utb"": {""key_value"": 3, ""atr_period"": 14, ""use_ha"": false}, ""r&s"": {""srb_left"": 15, ""srb_right"": 15}, ""atr"": {""atr_length"": 14, ""atr_mult"": 1.0}}",TARSUS PHARMACEUTICALS INC,1WK,,,,,,
2026-08-31 00:00:00,Long,TARS,82.76,15.33%,63.42,mfa,参数二,"{""utb"": {""key_value"": 3, ""atr_period"": 14, ""use_ha"": false}, ""mfa"": {""mfa_all"": 14}}",TARSUS PHARMACEUTICALS INC,1WK,,,,,,
2026-08-31 00:00:00,Long,EXE,99.32,1.18%,92.15,utb,参数一,"{""utb"": {""key_value"": 2, ""atr_period"": 14, ""use_ha"": false}, ""r&s"": {""srb_left"": 10, ""srb_right"": 10}, ""atr"": {""atr_length"": 14, ""atr_mult"": 1.0}}",EXPAND ENERGY CORP,1WK,,,,,,
2026-08-31 00:00:00,Long,EXE,99.32,1.18%,92.15,mfa,参数一,"{""utb"": {""key_value"": 2, ""atr_period"": 14, ""use_ha"": false}, ""mfa"": {""mfa_all"": 15}}",EXPAND ENERGY CORP,1WK,,,,,,
2026-08-31 00:00:00,Short,WLY,51.05,-4.95%,58.41,suf,参数一,"{""suf"": {""timeframe"": ""w""}}",WILEY (JOHN) & SONS-CLASS A,1WK,,,,,,
2026-08-31 00:00:00,Short,WLY,51.05,-4.95%,58.41,suf,参数二,"{""suf"": {""timeframe"": ""w""}}",WILEY (JOHN) & SONS-CLASS A,1WK,,,,,,
2026-08-31 00:00:00,Short,JBL,299.39,-0.68%,340.06,utb,参数二,"{""utb"": {""key_value"": 3, ""atr_period"": 14, ""use_ha"": false}, ""r&s"": {""srb_left"": 15, ""srb_right"": 15}, ""atr"": {""atr_length"": 14, ""atr_mult"": 1.0}}",JABIL INC,1WK,,,,,,
2026-08-31 00:00:00,Long,GGR,2.7,13.92%,1.83,suf,参数一,"{""suf"": {""timeframe"": ""w""}}",GOGORO INC,1WK,,,,,,
2026-08-31 00:00:00,Long,GGR,2.7,13.92%,1.83,suf,参数二,"{""suf"": {""timeframe"": ""w""}}",GOGORO INC,1WK,,,,,,
2026-08-31 00:00:00,Short,PAL,4.94,-3.70%,6.13,utb,参数二,"{""utb"": {""key_value"": 3, ""atr_period"": 14, ""use_ha"": false}, ""r&s"": {""srb_left"": 15, ""srb_right"": 15}, ""atr"": {""atr_length"": 14, ""atr_mult"": 1.0}}",PROFICIENT AUTO LOGISTICS IN,1WK,,,,,,
2026-08-31 00:00:00,Long,GWAV,5.8,23.93%,3.11,utb,参数一,"{""utb"": {""key_value"": 2, ""atr_period"": 14, ""use_ha"": false}, ""r&s"": {""srb_left"": 10, ""srb_right"": 10}, ""atr"": {""atr_length"": 14, ""atr_mult"": 1.0}}",GREENWAVE TECHNOLOGY SOLUTIO,1WK,,,,,,
2026-08-31 00:00:00,Long,GWAV,5.8,23.93%,3.11,mfa,参数一,"{""utb"": {""key_value"": 2, ""atr_period"": 14, ""use_ha"": false}, ""mfa"": {""mfa_all"": 169}}",GREENWAVE TECHNOLOGY SOLUTIO,1WK,,,,,,
2026-08-31 00:00:00,Long,PYPD,5.3,4.54%,4.41,utb,参数一,"{""utb"": {""key_value"": 2, ""atr_period"": 14, ""use_ha"": false}, ""r&s"": {""srb_left"": 10, ""srb_right"": 10}, ""atr"": {""atr_length"": 14, ""atr_mult"": 1.0}}",POLYPID LTD,1WK,,,,,,
2026-08-31 00:00:00,Short,UP,4.32,-11.66%,6.91,sqz,参数二,"{""sqz"": {""bb_length"": 20, ""bb_mult"": 1.8, ""kc_length"": 20, ""kc_mult"": 1.5, ""min_sqz_bars"": 4}, ""r&s"": {""srb_left"": 15, ""srb_right"": 15}, ""atr"": {""atr_length"": 14, ""atr_mult"": 1.0}}",WHEELS UP EXPERIENCE INC,1WK,支撑释放,nan-19.6-31.0-14.7-4.69,低-高-低-低,nan%-58.16%-52.58%-68.10%,18.0,115.14
2026-08-31 00:00:00,Short,DGII,69.61,-8.13%,83.26,utb,参数一,"{""utb"": {""key_value"": 2, ""atr_period"": 14, ""use_ha"": false}, ""r&s"": {""srb_left"": 10, ""srb_right"": 10}, ""atr"": {""atr_length"": 14, ""atr_mult"": 1.0}}",DIGI INTERNATIONAL INC,1WK,,,,,,
2026-08-31 00:00:00,Short,YORW,34.08,-0.12%,35.7,suf,参数一,"{""suf"": {""timeframe"": ""w""}}",YORK WATER CO,1WK,,,,,,
2026-08-31 00:00:00,Short,YORW,34.08,-0.12%,35.7,suf,参数二,"{""suf"": {""timeframe"": ""w""}}",YORK WATER CO,1WK,,,,,,
2026-08-31 00:00:00,Short,RMNI,5.15,-8.85%,6.1,suf,参数一,"{""suf"": {""timeframe"": ""w""}}",RIMINI STREET INC,1WK,,,,,,
2026-08-31 00:00:00,Short,RMNI,5.15,-8.85%,6.1,suf,参数二,"{""suf"": {""timeframe"": ""w""}}",RIMINI STREET INC,1WK,,,,,,
2026-08-31 00:00:00,Long,CF,139.27,10.72%,115.75,utb,参数二,"{""utb"": {""key_value"": 3, ""atr_period"": 14, ""use_ha"": false}, ""r&s"": {""srb_left"": 15, ""srb_right"": 15}, ""atr"": {""atr_length"": 14, ""atr_mult"": 1.0}}",CF INDUSTRIES HOLDINGS INC,1WK,,,,,,
2026-08-31 00:00:00,Short,FUL,53.91,-4.33%,60.85,utb,参数一,"{""utb"": {""key_value"": 2, ""atr_period"": 14, ""use_ha"": false}, ""r&s"": {""srb_left"": 10, ""srb_right"": 10}, ""atr"": {""atr_length"": 14, ""atr_mult"": 1.0}}",H.B. FULLER CO.,1WK,,,,,,
2026-08-31 00:00:00,Short,QTTB,13.59,-9.58%,17.79,suf,参数一,"{""suf"": {""timeframe"": ""w""}}",Q32 BIO INC,1WK,,,,,,
2026-08-31 00:00:00,Short,QTTB,13.59,-9.58%,17.79,suf,参数二,"{""suf"": {""timeframe"": ""w""}}",Q32 BIO INC,1WK,,,,,,
2026-08-31 00:00:00,Short,ACEL,11.64,-1.94%,12.66,utb,参数一,"{""utb"": {""key_value"": 2, ""atr_period"": 14, ""use_ha"": false}, ""r&s"": {""srb_left"": 10, ""srb_right"": 10}, ""atr"": {""atr_length"": 14, ""atr_mult"": 1.0}}",ACCEL ENTERTAINMENT INC,1WK,,,,,,
2026-08-31 00:00:00,Long,FSHP,11.54,2.67%,11.34,utb,参数一,"{""utb"": {""key_value"": 2, ""atr_period"": 14, ""use_ha"": false}, ""r&s"": {""srb_left"": 10, ""srb_right"": 10}, ""atr"": {""atr_length"": 14, ""atr_mult"": 1.0}}",FLAG SHIP ACQUISITION CORP,1WK,,,,,,
2026-08-31 00:00:00,Short,BJRI,60.71,-6.77%,70.82,suf,参数一,"{""suf"": {""timeframe"": ""w""}}",BJ'S RESTAURANTS INC,1WK,,,,,,
2026-08-31 00:00:00,Short,BJRI,60.71,-6.77%,70.82,suf,参数二,"{""suf"": {""timeframe"": ""w""}}",BJ'S RESTAURANTS INC,1WK,,,,,,
2026-08-31 00:00:00,Short,SCHW,108.24,-1.74%,115.22,suf,参数一,"{""suf"": {""timeframe"": ""w""}}",SCHWAB (CHARLES) CORP,1WK,,,,,,
2026-08-31 00:00:00,Short,SCHW,108.24,-1.74%,115.22,suf,参数二,"{""suf"": {""timeframe"": ""w""}}",SCHWAB (CHARLES) CORP,1WK,,,,,,
2026-08-31 00:00:00,Short,WTW,337.73,-1.75%,360.82,suf,参数一,"{""suf"": {""timeframe"": ""w""}}",WILLIS TOWERS WATSON PLC,1WK,,,,,,
2026-08-31 00:00:00,Short,WTW,337.73,-1.75%,360.82,suf,参数二,"{""suf"": {""timeframe"": ""w""}}",WILLIS TOWERS WATSON PLC,1WK,,,,,,
2026-08-31 00:00:00,Short,TPG,52.32,-3.06%,58.41,suf,参数一,"{""suf"": {""timeframe"": ""w""}}",TPG INC,1WK,,,,,,
2026-08-31 00:00:00,Short,TPG,52.32,-3.06%,58.41,suf,参数二,"{""suf"": {""timeframe"": ""w""}}",TPG INC,1WK,,,,,,
2026-08-31 00:00:00,Short,ALMS,10.35,-53.75%,26.65,utb,参数一,"{""utb"": {""key_value"": 2, ""atr_period"": 14, ""use_ha"": false}, ""r&s"": {""srb_left"": 10, ""srb_right"": 10}, ""atr"": {""atr_length"": 14, ""atr_mult"": 1.0}}",ALUMIS INC,1WK,,,,,,
2026-08-31 00:00:00,Short,ALMS,10.35,-53.75%,26.65,utb,参数二,"{""utb"": {""key_value"": 3, ""atr_period"": 14, ""use_ha"": false}, ""r&s"": {""srb_left"": 15, ""srb_right"": 15}, ""atr"": {""atr_length"": 14, ""atr_mult"": 1.0}}",ALUMIS INC,1WK,,,,,,
2026-08-31 00:00:00,Short,ICU,2.88,-6.80%,3.96,utb,参数一,"{""utb"": {""key_value"": 2, ""atr_period"": 14, ""use_ha"": false}, ""r&s"": {""srb_left"": 10, ""srb_right"": 10}, ""atr"": {""atr_length"": 14, ""atr_mult"": 1.0}}",SEASTAR MEDICAL HOLDING CORP,1WK,,,,,,
2026-08-31 00:00:00,Long,AQST,5.38,7.17%,4.38,utb,参数二,"{""utb"": {""key_value"": 3, ""atr_period"": 14, ""use_ha"": false}, ""r&s"": {""srb_left"": 15, ""srb_right"": 15}, ""atr"": {""atr_length"": 14, ""atr_mult"": 1.0}}",AQUESTIVE THERAPEUTICS INC,1WK,,,,,,
2026-08-31 00:00:00,Long,USEA,2.97,7.61%,2.54,sqz,参数二,"{""sqz"": {""bb_length"": 20, ""bb_mult"": 1.8, ""kc_length"": 20, ""kc_mult"": 1.5, ""min_sqz_bars"": 4}, ""r&s"": {""srb_left"": 15, ""srb_right"": 15}, ""atr"": {""atr_length"": 14, ""atr_mult"": 1.0}}",UNITED MARITIME CORP,1WK,一直释放,nan-2.31-2.27-1.72,低-低-低,nan%-1.85%-24.39%,64.0,56.25
2026-08-31 00:00:00,Long,VBIO,3.12,2478.51%,2.18,utb,参数一,"{""utb"": {""key_value"": 2, ""atr_period"": 14, ""use_ha"": false}, ""r&s"": {""srb_left"": 10, ""srb_right"": 10}, ""atr"": {""atr_length"": 14, ""atr_mult"": 1.0}}",VALION BIO INC,1WK,,,,,,
2026-08-31 00:00:00,Long,VBIO,3.12,2478.51%,2.18,mfa,参数一,"{""utb"": {""key_value"": 2, ""atr_period"": 14, ""use_ha"": false}, ""mfa"": {""mfa_all"": 45}}",VALION BIO INC,1WK,,,,,,
2026-08-31 00:00:00,Long,VBIO,3.12,2478.51%,2.18,suf,参数一,"{""suf"": {""timeframe"": ""w""}}",VALION BIO INC,1WK,,,,,,
2026-08-31 00:00:00,Long,VBIO,3.12,2478.51%,2.18,utb,参数二,"{""utb"": {""key_value"": 3, ""atr_period"": 14, ""use_ha"": false}, ""r&s"": {""srb_left"": 15, ""srb_right"": 15}, ""atr"": {""atr_length"": 14, ""atr_mult"": 1.0}}",VALION BIO INC,1WK,,,,,,
2026-08-31 00:00:00,Long,VBIO,3.12,2478.51%,2.18,mfa,参数二,"{""utb"": {""key_value"": 3, ""atr_period"": 14, ""use_ha"": false}, ""mfa"": {""mfa_all"": 45}}",VALION BIO INC,1WK,,,,,,
2026-08-31 00:00:00,Long,VBIO,3.12,2478.51%,2.18,suf,参数二,"{""suf"": {""timeframe"": ""w""}}",VALION BIO INC,1WK,,,,,,
2026-08-31 00:00:00,Long,VZ,50.22,0.24%,47.5,sqz,参数二,"{""sqz"": {""bb_length"": 20, ""bb_mult"": 1.8, ""kc_length"": 20, ""kc_mult"": 1.5, ""min_sqz_bars"": 4}, ""r&s"": {""srb_left"": 15, ""srb_right"": 15}, ""atr"": {""atr_length"": 14, ""atr_mult"": 1.0}}",VERIZON COMMUNICATIONS INC,1WK,压力释放,nan-42.94-42.82-50.06,低-低-高,nan%-0.26%-16.90%,23.0,24.91
2026-08-31 00:00:00,Short,NMIH,44.57,-0.54%,47.09,suf,参数一,"{""suf"": {""timeframe"": ""w""}}",NMI HOLDINGS INC,1WK,,,,,,
2026-08-31 00:00:00,Short,NMIH,44.57,-0.54%,47.09,suf,参数二,"{""suf"": {""timeframe"": ""w""}}",NMI HOLDINGS INC,1WK,,,,,,
2026-08-31 00:00:00,Long,DAR,67.62,5.13%,56.24,sqz,参数一,"{""sqz"": {""bb_length"": 15, ""bb_mult"": 1.5, ""kc_length"": 15, ""kc_mult"": 1.2, ""min_sqz_bars"": 4}, ""r&s"": {""srb_left"": 10, ""srb_right"": 10}, ""atr"": {""atr_length"": 14, ""atr_mult"": 1.0}}",DARLING INGREDIENTS INC,1WK,一直亮绿,41.97-43.49-42.15-39.55-66.02,高-低-低-高,3.62%-3.08%-6.17%-66.93%,17.0,29.73
2026-08-31 00:00:00,Short,EVCM,7.93,-13.80%,10.68,sqz,参数一,"{""sqz"": {""bb_length"": 15, ""bb_mult"": 1.5, ""kc_length"": 15, ""kc_mult"": 1.2, ""min_sqz_bars"": 4}, ""r&s"": {""srb_left"": 10, ""srb_right"": 10}, ""atr"": {""atr_length"": 14, ""atr_mult"": 1.0}}",EVERCOMMERCE INC,1WK,支撑释放,6.22-8.1-7.66-9.06-8.55,高-低-高-低,30.23%-5.43%-18.28%-5.68%,11.0,48.16
2026-08-31 00:00:00,Short,EVCM,7.93,-13.80%,10.68,utb,参数二,"{""utb"": {""key_value"": 3, ""atr_period"": 14, ""use_ha"": false}, ""r&s"": {""srb_left"": 15, ""srb_right"": 15}, ""atr"": {""atr_length"": 14, ""atr_mult"": 1.0}}",EVERCOMMERCE INC,1WK,,,,,,
2026-08-31 00:00:00,Short,SXI,277.93,-6.87%,324.02,utb,参数一,"{""utb"": {""key_value"": 2, ""atr_period"": 14, ""use_ha"": false}, ""r&s"": {""srb_left"": 10, ""srb_right"": 10}, ""atr"": {""atr_length"": 14, ""atr_mult"": 1.0}}",STANDEX INTERNATIONAL CORP,1WK,,,,,,
2026-08-31 00:00:00,Long,LENZ,5.8,13.50%,3.47,suf,参数一,"{""suf"": {""timeframe"": ""w""}}",LENZ THERAPEUTICS INC,1WK,,,,,,
2026-08-31 00:00:00,Long,LENZ,5.8,13.50%,3.47,suf,参数二,"{""suf"": {""timeframe"": ""w""}}",LENZ THERAPEUTICS INC,1WK,,,,,,
2026-08-31 00:00:00,Short,DT,50.87,-5.22%,58.92,suf,参数一,"{""suf"": {""timeframe"": ""w""}}",DYNATRACE INC,1WK,,,,,,
2026-08-31 00:00:00,Short,DT,50.87,-5.22%,58.92,suf,参数二,"{""suf"": {""timeframe"": ""w""}}",DYNATRACE INC,1WK,,,,,,
2026-08-31 00:00:00,Long,SSM,4.8,79.78%,1.53,utb,参数一,"{""utb"": {""key_value"": 2, ""atr_period"": 14, ""use_ha"": false}, ""r&s"": {""srb_left"": 10, ""srb_right"": 10}, ""atr"": {""atr_length"": 14, ""atr_mult"": 1.0}}",SONO GROUP NV,1WK,,,,,,
2026-08-31 00:00:00,Long,SSM,4.8,79.78%,1.53,mfa,参数一,"{""utb"": {""key_value"": 2, ""atr_period"": 14, ""use_ha"": false}, ""mfa"": {""mfa_all"": 18}}",SONO GROUP NV,1WK,,,,,,
2026-08-31 00:00:00,Long,SSM,4.8,79.78%,1.53,suf,参数一,"{""suf"": {""timeframe"": ""w""}}",SONO GROUP NV,1WK,,,,,,
2026-08-31 00:00:00,Long,SSM,4.8,79.78%,1.53,suf,参数二,"{""suf"": {""timeframe"": ""w""}}",SONO GROUP NV,1WK,,,,,,
2026-08-31 00:00:00,Long,NBRG,10.07,0.10%,10.01,utb,参数二,"{""utb"": {""key_value"": 3, ""atr_period"": 14, ""use_ha"": false}, ""r&s"": {""srb_left"": 15, ""srb_right"": 15}, ""atr"": {""atr_length"": 14, ""atr_mult"": 1.0}}",NEWBRIDGE ACQUISITION LTD-A,1WK,,,,,,
2026-08-31 00:00:00,Short,BURL,257.07,-5.82%,297.66,sqz,参数一,"{""sqz"": {""bb_length"": 15, ""bb_mult"": 1.5, ""kc_length"": 15, ""kc_mult"": 1.2, ""min_sqz_bars"": 4}, ""r&s"": {""srb_left"": 10, ""srb_right"": 10}, ""atr"": {""atr_length"": 14, ""atr_mult"": 1.0}}",BURLINGTON STORES INC,1WK,支撑释放,174.64-242.21-212.92-240.49-280.0,高-低-高-高,38.69%-12.09%-12.95%-16.43%,14.0,35.12
2026-08-31 00:00:00,Short,ITW,269.09,-3.93%,291.66,utb,参数一,"{""utb"": {""key_value"": 2, ""atr_period"": 14, ""use_ha"": false}, ""r&s"": {""srb_left"": 10, ""srb_right"": 10}, ""atr"": {""atr_length"": 14, ""atr_mult"": 1.0}}",ILLINOIS TOOL WORKS,1WK,,,,,,
2026-08-31 00:00:00,Short,FOR,27.19,-5.03%,30.55,utb,参数一,"{""utb"": {""key_value"": 2, ""atr_period"": 14, ""use_ha"": false}, ""r&s"": {""srb_left"": 10, ""srb_right"": 10}, ""atr"": {""atr_length"": 14, ""atr_mult"": 1.0}}",FORESTAR GROUP INC,1WK,,,,,,
2026-08-31 00:00:00,Short,TPCS,5.55,-2.46%,6.22,suf,参数一,"{""suf"": {""timeframe"": ""w""}}",TECHPRECISION CORP,1WK,,,,,,
2026-08-31 00:00:00,Short,TPCS,5.55,-2.46%,6.22,suf,参数二,"{""suf"": {""timeframe"": ""w""}}",TECHPRECISION CORP,1WK,,,,,,
2026-08-31 00:00:00,Short,ONON,27.8,-3.64%,32.39,sqz,参数二,"{""sqz"": {""bb_length"": 20, ""bb_mult"": 1.8, ""kc_length"": 20, ""kc_mult"": 1.5, ""min_sqz_bars"": 4}, ""r&s"": {""srb_left"": 15, ""srb_right"": 15}, ""atr"": {""atr_length"": 14, ""atr_mult"": 1.0}}",ON HOLDING AG-CLASS A,1WK,支撑释放,nan-23.41-34.59-34.38-31.41,低-高-低-低,nan%-47.76%-0.61%-8.64%,23.0,31.84
2026-08-31 00:00:00,Short,CHRW,145.2,-3.45%,165.88,sqz,参数一,"{""sqz"": {""bb_length"": 15, ""bb_mult"": 1.5, ""kc_length"": 15, ""kc_mult"": 1.2, ""min_sqz_bars"": 4}, ""r&s"": {""srb_left"": 10, ""srb_right"": 10}, ""atr"": {""atr_length"": 14, ""atr_mult"": 1.0}}",C.H. ROBINSON WORLDWIDE INC,1WK,一直亮红,73.87-61.99-82.82-148.34-149.89,低-高-高-高,16.09%-33.61%-79.11%-1.04%,16.0,40.33
2026-08-31 00:00:00,Long,XP,19.99,13.19%,16.53,utb,参数一,"{""utb"": {""key_value"": 2, ""atr_period"": 14, ""use_ha"": false}, ""r&s"": {""srb_left"": 10, ""srb_right"": 10}, ""atr"": {""atr_length"": 14, ""atr_mult"": 1.0}}",XP INC - CLASS A,1WK,,,,,,
2026-08-31 00:00:00,Long,XP,19.99,13.19%,16.53,mfa,参数一,"{""utb"": {""key_value"": 2, ""atr_period"": 14, ""use_ha"": false}, ""mfa"": {""mfa_all"": 14}}",XP INC - CLASS A,1WK,,,,,,
2026-08-31 00:00:00,Short,MLR,55.23,-2.64%,63.15,suf,参数一,"{""suf"": {""timeframe"": ""w""}}",MILLER INDUSTRIES INC/TENN,1WK,,,,,,
2026-08-31 00:00:00,Short,MLR,55.23,-2.64%,63.15,suf,参数二,"{""suf"": {""timeframe"": ""w""}}",MILLER INDUSTRIES INC/TENN,1WK,,,,,,
2026-08-31 00:00:00,Long,ARKO,4.74,8.47%,3.55,suf,参数一,"{""suf"": {""timeframe"": ""w""}}",ARKO CORP,1WK,,,,,,
2026-08-31 00:00:00,Long,ARKO,4.74,8.47%,3.55,suf,参数二,"{""suf"": {""timeframe"": ""w""}}",ARKO CORP,1WK,,,,,,
2026-08-31 00:00:00,Short,FND,47.95,-9.53%,58.29,utb,参数一,"{""utb"": {""key_value"": 2, ""atr_period"": 14, ""use_ha"": false}, ""r&s"": {""srb_left"": 10, ""srb_right"": 10}, ""atr"": {""atr_length"": 14, ""atr_mult"": 1.0}}",FLOOR & DECOR HOLDINGS INC-A,1WK,,,,,,
2026-08-31 00:00:00,Short,XTIA,0.95,-29.63%,1.77,sqz,参数一,"{""sqz"": {""bb_length"": 15, ""bb_mult"": 1.5, ""kc_length"": 15, ""kc_mult"": 1.2, ""min_sqz_bars"": 4}, ""r&s"": {""srb_left"": 10, ""srb_right"": 10}, ""atr"": {""atr_length"": 14, ""atr_mult"": 1.0}}",XTI AEROSPACE INC,1WK,支撑释放,nan-2700.0-0.96-1.22,低-低-高,nan%-99.96%-27.08%,35.0,161.48
2026-08-31 00:00:00,Short,HLMN,7.58,-2.45%,8.62,utb,参数一,"{""utb"": {""key_value"": 2, ""atr_period"": 14, ""use_ha"": false}, ""r&s"": {""srb_left"": 10, ""srb_right"": 10}, ""atr"": {""atr_length"": 14, ""atr_mult"": 1.0}}",HILLMAN SOLUTIONS CORP,1WK,,,,,,
2026-08-31 00:00:00,Long,CYCN,4.52,19.26%,2.91,utb,参数一,"{""utb"": {""key_value"": 2, ""atr_period"": 14, ""use_ha"": false}, ""r&s"": {""srb_left"": 10, ""srb_right"": 10}, ""atr"": {""atr_length"": 14, ""atr_mult"": 1.0}}",CYCLERION THERAPEUTICS INC,1WK,,,,,,
2026-08-31 00:00:00,Short,TNL,67.22,-5.60%,75.13,utb,参数一,"{""utb"": {""key_value"": 2, ""atr_period"": 14, ""use_ha"": false}, ""r&s"": {""srb_left"": 10, ""srb_right"": 10}, ""atr"": {""atr_length"": 14, ""atr_mult"": 1.0}}",TRAVEL + LEISURE CO,1WK,,,,,,
2026-08-31 00:00:00,Short,J,147.08,-3.22%,160.59,suf,参数一,"{""suf"": {""timeframe"": ""w""}}",JACOBS SOLUTIONS INC,1WK,,,,,,
2026-08-31 00:00:00,Short,J,147.08,-3.22%,160.59,suf,参数二,"{""suf"": {""timeframe"": ""w""}}",JACOBS SOLUTIONS INC,1WK,,,,,,
2026-08-31 00:00:00,Short,TAC,11.84,-2.46%,13.26,utb,参数一,"{""utb"": {""key_value"": 2, ""atr_period"": 14, ""use_ha"": false}, ""r&s"": {""srb_left"": 10, ""srb_right"": 10}, ""atr"": {""atr_length"": 14, ""atr_mult"": 1.0}}",TRANSALTA CORP,1WK,,,,,,
2026-08-31 00:00:00,Long,TXNM,58.07,0.75%,56.69,utb,参数一,"{""utb"": {""key_value"": 2, ""atr_period"": 14, ""use_ha"": false}, ""r&s"": {""srb_left"": 10, ""srb_right"": 10}, ""atr"": {""atr_length"": 14, ""atr_mult"": 1.0}}",TXNM ENERGY INC,1WK,,,,,,
2026-08-31 00:00:00,Long,TXNM,58.07,0.75%,56.69,mfa,参数一,"{""utb"": {""key_value"": 2, ""atr_period"": 14, ""use_ha"": false}, ""mfa"": {""mfa_all"": 10}}",TXNM ENERGY INC,1WK,,,,,,
2026-08-31 00:00:00,Short,PRLB,78.59,-1.44%,86.78,utb,参数一,"{""utb"": {""key_value"": 2, ""atr_period"": 14, ""use_ha"": false}, ""r&s"": {""srb_left"": 10, ""srb_right"": 10}, ""atr"": {""atr_length"": 14, ""atr_mult"": 1.0}}",PROTO LABS INC,1WK,,,,,,
2026-08-31 00:00:00,Long,MDWD,13.06,3.16%,11.46,suf,参数一,"{""suf"": {""timeframe"": ""w""}}",MEDIWOUND LTD,1WK,,,,,,
2026-08-31 00:00:00,Long,MDWD,13.06,3.16%,11.46,suf,参数二,"{""suf"": {""timeframe"": ""w""}}",MEDIWOUND LTD,1WK,,,,,,
2026-08-31 00:00:00,Short,ESE,266.9,-3.63%,301.27,utb,参数二,"{""utb"": {""key_value"": 3, ""atr_period"": 14, ""use_ha"": false}, ""r&s"": {""srb_left"": 15, ""srb_right"": 15}, ""atr"": {""atr_length"": 14, ""atr_mult"": 1.0}}",ESCO TECHNOLOGIES INC,1WK,,,,,,
2026-08-31 00:00:00,Short,DLTH,3.62,-1.63%,4.33,utb,参数一,"{""utb"": {""key_value"": 2, ""atr_period"": 14, ""use_ha"": false}, ""r&s"": {""srb_left"": 10, ""srb_right"": 10}, ""atr"": {""atr_length"": 14, ""atr_mult"": 1.0}}",DULUTH HOLDINGS INC - CL B,1WK,,,,,,
2026-08-31 00:00:00,Short,ACIC,9.4,-1.05%,10.32,sqz,参数一,"{""sqz"": {""bb_length"": 15, ""bb_mult"": 1.5, ""kc_length"": 15, ""kc_mult"": 1.2, ""min_sqz_bars"": 4}, ""r&s"": {""srb_left"": 10, ""srb_right"": 10}, ""atr"": {""atr_length"": 14, ""atr_mult"": 1.0}}",AMERICAN COASTAL INSURANCE C,1WK,支撑释放,9.14-7.99-9.38-10.31-9.8,低-高-高-低,12.59%-17.40%-9.94%-4.95%,17.0,21.73
2026-08-31 00:00:00,Short,ENOV,20.2,-18.88%,28.22,utb,参数一,"{""utb"": {""key_value"": 2, ""atr_period"": 14, ""use_ha"": false}, ""r&s"": {""srb_left"": 10, ""srb_right"": 10}, ""atr"": {""atr_length"": 14, ""atr_mult"": 1.0}}",ENOVIS CORP,1WK,,,,,,
2026-08-31 00:00:00,Short,SSNC,82.55,-0.68%,88.32,suf,参数一,"{""suf"": {""timeframe"": ""w""}}",SS&C TECHNOLOGIES HOLDINGS,1WK,,,,,,
2026-08-31 00:00:00,Short,SSNC,82.55,-0.68%,88.32,suf,参数二,"{""suf"": {""timeframe"": ""w""}}",SS&C TECHNOLOGIES HOLDINGS,1WK,,,,,,
2026-08-31 00:00:00,Long,EML,27.96,6.23%,24.25,utb,参数一,"{""utb"": {""key_value"": 2, ""atr_period"": 14, ""use_ha"": false}, ""r&s"": {""srb_left"": 10, ""srb_right"": 10}, ""atr"": {""atr_length"": 14, ""atr_mult"": 1.0}}",EASTERN CO/THE,1WK,,,,,,
2026-08-31 00:00:00,Short,APAM,41.17,-5.29%,45.91,suf,参数一,"{""suf"": {""timeframe"": ""w""}}",ARTISAN PARTNERS ASSET MA -A,1WK,,,,,,
2026-08-31 00:00:00,Short,APAM,41.17,-5.29%,45.91,suf,参数二,"{""suf"": {""timeframe"": ""w""}}",ARTISAN PARTNERS ASSET MA -A,1WK,,,,,,
2026-08-31 00:00:00,Short,DBGI,4.47,-33.58%,10.94,utb,参数二,"{""utb"": {""key_value"": 3, ""atr_period"": 14, ""use_ha"": false}, ""r&s"": {""srb_left"": 15, ""srb_right"": 15}, ""atr"": {""atr_length"": 14, ""atr_mult"": 1.0}}",DIGITAL BRANDS GROUP INC,1WK,,,,,,
2026-08-31 00:00:00,Long,CRBP,11.48,5.22%,9.03,utb,参数一,"{""utb"": {""key_value"": 2, ""atr_period"": 14, ""use_ha"": false}, ""r&s"": {""srb_left"": 10, ""srb_right"": 10}, ""atr"": {""atr_length"": 14, ""atr_mult"": 1.0}}",CORBUS PHARMACEUTICALS HOLDI,1WK,,,,,,
2026-08-31 00:00:00,Long,CALC,2.1,352.59%,1.59,utb,参数一,"{""utb"": {""key_value"": 2, ""atr_period"": 14, ""use_ha"": false}, ""r&s"": {""srb_left"": 10, ""srb_right"": 10}, ""atr"": {""atr_length"": 14, ""atr_mult"": 1.0}}",CALCIMEDICA INC,1WK,,,,,,
2026-08-31 00:00:00,Long,CALC,2.1,352.59%,1.59,utb,参数二,"{""utb"": {""key_value"": 3, ""atr_period"": 14, ""use_ha"": false}, ""r&s"": {""srb_left"": 15, ""srb_right"": 15}, ""atr"": {""atr_length"": 14, ""atr_mult"": 1.0}}",CALCIMEDICA INC,1WK,,,,,,
2026-08-31 00:00:00,Long,EXEL,58.53,7.49%,49.89,sqz,参数二,"{""sqz"": {""bb_length"": 20, ""bb_mult"": 1.8, ""kc_length"": 20, ""kc_mult"": 1.5, ""min_sqz_bars"": 4}, ""r&s"": {""srb_left"": 15, ""srb_right"": 15}, ""atr"": {""atr_length"": 14, ""atr_mult"": 1.0}}",EXELIXIS INC,1WK,一直释放,nan-20.56-24.34-49.62-47.24,低-高-高-低,nan%-18.39%-103.86%-4.80%,36.0,18.96
2026-08-31 00:00:00,Long,HAL,37.63,4.49%,33.88,utb,参数一,"{""utb"": {""key_value"": 2, ""atr_period"": 14, ""use_ha"": false}, ""r&s"": {""srb_left"": 10, ""srb_right"": 10}, ""atr"": {""atr_length"": 14, ""atr_mult"": 1.0}}",HALLIBURTON CO,1WK,,,,,,
2026-08-31 00:00:00,Short,APPS,9.78,-11.81%,13.16,utb,参数一,"{""utb"": {""key_value"": 2, ""atr_period"": 14, ""use_ha"": false}, ""r&s"": {""srb_left"": 10, ""srb_right"": 10}, ""atr"": {""atr_length"": 14, ""atr_mult"": 1.0}}",DIGITAL TURBINE INC,1WK,,,,,,
2026-08-31 00:00:00,Long,NXL,6.19,2376.00%,5.34,utb,参数一,"{""utb"": {""key_value"": 2, ""atr_period"": 14, ""use_ha"": false}, ""r&s"": {""srb_left"": 10, ""srb_right"": 10}, ""atr"": {""atr_length"": 14, ""atr_mult"": 1.0}}",NEXALIN TECHNOLOGY INC,1WK,,,,,,
2026-08-31 00:00:00,Long,NXL,6.19,2376.00%,5.34,sqz,参数一,"{""sqz"": {""bb_length"": 15, ""bb_mult"": 1.5, ""kc_length"": 15, ""kc_mult"": 1.2, ""min_sqz_bars"": 4}, ""r&s"": {""srb_left"": 10, ""srb_right"": 10}, ""atr"": {""atr_length"": 14, ""atr_mult"": 1.0}}",NEXALIN TECHNOLOGY INC,1WK,压力释放,3.4-4.05-4.49-2.0-0.64,高-高-低-低,19.12%-10.86%-55.46%-68.00%,13.0,190.91
2026-08-31 00:00:00,Long,NXL,6.19,2376.00%,5.34,utb,参数二,"{""utb"": {""key_value"": 3, ""atr_period"": 14, ""use_ha"": false}, ""r&s"": {""srb_left"": 15, ""srb_right"": 15}, ""atr"": {""atr_length"": 14, ""atr_mult"": 1.0}}",NEXALIN TECHNOLOGY INC,1WK,,,,,,
2026-08-31 00:00:00,Long,NXL,6.19,2376.00%,5.34,sqz,参数二,"{""sqz"": {""bb_length"": 20, ""bb_mult"": 1.8, ""kc_length"": 20, ""kc_mult"": 1.5, ""min_sqz_bars"": 4}, ""r&s"": {""srb_left"": 15, ""srb_right"": 15}, ""atr"": {""atr_length"": 14, ""atr_mult"": 1.0}}",NEXALIN TECHNOLOGY INC,1WK,压力释放,nan-4.05-4.49-2.0,低-高-低,nan%-10.86%-55.46%,47.0,809.09
2026-08-31 00:00:00,Short,BLZE,13.2,-7.89%,17.1,utb,参数一,"{""utb"": {""key_value"": 2, ""atr_period"": 14, ""use_ha"": false}, ""r&s"": {""srb_left"": 10, ""srb_right"": 10}, ""atr"": {""atr_length"": 14, ""atr_mult"": 1.0}}",BACKBLAZE INC-A,1WK,,,,,,
2026-08-31 00:00:00,Long,AWK,139.49,0.86%,130.09,sqz,参数一,"{""sqz"": {""bb_length"": 15, ""bb_mult"": 1.5, ""kc_length"": 15, ""kc_mult"": 1.2, ""min_sqz_bars"": 4}, ""r&s"": {""srb_left"": 10, ""srb_right"": 10}, ""atr"": {""atr_length"": 14, ""atr_mult"": 1.0}}",AMERICAN WATER WORKS CO INC,1WK,一直亮绿,128.48-143.26-149.61-143.94-139.28,高-高-低-低,11.50%-4.43%-3.79%-3.24%,25.0,16.29
2026-08-31 00:00:00,Long,AWK,139.49,0.86%,130.09,utb,参数二,"{""utb"": {""key_value"": 3, ""atr_period"": 14, ""use_ha"": false}, ""r&s"": {""srb_left"": 15, ""srb_right"": 15}, ""atr"": {""atr_length"": 14, ""atr_mult"": 1.0}}",AMERICAN WATER WORKS CO INC,1WK,,,,,,
2026-08-31 00:00:00,Long,AWK,139.49,0.86%,130.09,sqz,参数二,"{""sqz"": {""bb_length"": 20, ""bb_mult"": 1.8, ""kc_length"": 20, ""kc_mult"": 1.5, ""min_sqz_bars"": 4}, ""r&s"": {""srb_left"": 15, ""srb_right"": 15}, ""atr"": {""atr_length"": 14, ""atr_mult"": 1.0}}",AMERICAN WATER WORKS CO INC,1WK,压力释放,nan-143.26-149.61-139.28,低-高-低,nan%-4.43%-6.90%,25.0,16.29
2026-08-31 00:00:00,Short,IVZ,31.72,-3.47%,35.24,suf,参数一,"{""suf"": {""timeframe"": ""w""}}",INVESCO LTD,1WK,,,,,,
2026-08-31 00:00:00,Short,IVZ,31.72,-3.47%,35.24,suf,参数二,"{""suf"": {""timeframe"": ""w""}}",INVESCO LTD,1WK,,,,,,
2026-08-31 00:00:00,Long,ZD,56.69,1.56%,50.86,sqz,参数二,"{""sqz"": {""bb_length"": 20, ""bb_mult"": 1.8, ""kc_length"": 20, ""kc_mult"": 1.5, ""min_sqz_bars"": 4}, ""r&s"": {""srb_left"": 15, ""srb_right"": 15}, ""atr"": {""atr_length"": 14, ""atr_mult"": 1.0}}",ZIFF DAVIS INC,1WK,一直释放,nan-70.9-60.62-40.14-50.55,低-低-低-高,nan%-14.50%-33.78%-25.93%,26.0,93.38
2026-08-31 00:00:00,Short,ZGN,12.56,-8.52%,14.81,utb,参数一,"{""utb"": {""key_value"": 2, ""atr_period"": 14, ""use_ha"": false}, ""r&s"": {""srb_left"": 10, ""srb_right"": 10}, ""atr"": {""atr_length"": 14, ""atr_mult"": 1.0}}",ERMENEGILDO ZEGNA NV,1WK,,,,,,
2026-08-31 00:00:00,Short,BYD,76.7,-3.49%,84.09,utb,参数二,"{""utb"": {""key_value"": 3, ""atr_period"": 14, ""use_ha"": false}, ""r&s"": {""srb_left"": 15, ""srb_right"": 15}, ""atr"": {""atr_length"": 14, ""atr_mult"": 1.0}}",BOYD GAMING CORP,1WK,,,,,,
2026-08-31 00:00:00,Short,ATRO,73.46,-2.97%,84.16,utb,参数一,"{""utb"": {""key_value"": 2, ""atr_period"": 14, ""use_ha"": false}, ""r&s"": {""srb_left"": 10, ""srb_right"": 10}, ""atr"": {""atr_length"": 14, ""atr_mult"": 1.0}}",ASTRONICS CORP,1WK,,,,,,
2026-08-31 00:00:00,Short,ERO,34.76,-10.48%,43.13,suf,参数一,"{""suf"": {""timeframe"": ""w""}}",ERO COPPER CORP,1WK,,,,,,
2026-08-31 00:00:00,Short,ERO,34.76,-10.48%,43.13,suf,参数二,"{""suf"": {""timeframe"": ""w""}}",ERO COPPER CORP,1WK,,,,,,
2026-08-31 00:00:00,Short,FSLY,20.43,-11.33%,27.26,utb,参数一,"{""utb"": {""key_value"": 2, ""atr_period"": 14, ""use_ha"": false}, ""r&s"": {""srb_left"": 10, ""srb_right"": 10}, ""atr"": {""atr_length"": 14, ""atr_mult"": 1.0}}",FASTLY INC - CLASS A,1WK,,,,,,
2026-08-31 00:00:00,Long,BMRN,66.97,3.56%,60.45,sqz,参数二,"{""sqz"": {""bb_length"": 20, ""bb_mult"": 1.8, ""kc_length"": 20, ""kc_mult"": 1.5, ""min_sqz_bars"": 4}, ""r&s"": {""srb_left"": 15, ""srb_right"": 15}, ""atr"": {""atr_length"": 14, ""atr_mult"": 1.0}}",BIOMARIN PHARMACEUTICAL INC,1WK,一直亮绿,nan-99.56-94.85-73.51-66.28,低-低-低-低,nan%-4.73%-22.50%-9.84%,27.0,34.55
2026-08-31 00:00:00,Long,TITN,23.39,30.96%,16.65,utb,参数一,"{""utb"": {""key_value"": 2, ""atr_period"": 14, ""use_ha"": false}, ""r&s"": {""srb_left"": 10, ""srb_right"": 10}, ""atr"": {""atr_length"": 14, ""atr_mult"": 1.0}}",TITAN MACHINERY INC,1WK,,,,,,
2026-08-31 00:00:00,Long,MG,19.39,4.87%,16.6,utb,参数二,"{""utb"": {""key_value"": 3, ""atr_period"": 14, ""use_ha"": false}, ""r&s"": {""srb_left"": 15, ""srb_right"": 15}, ""atr"": {""atr_length"": 14, ""atr_mult"": 1.0}}",MISTRAS GROUP INC,1WK,,,,,,
2026-08-31 00:00:00,Long,LB,85.5,-1.66%,76.09,sqz,参数一,"{""sqz"": {""bb_length"": 15, ""bb_mult"": 1.5, ""kc_length"": 15, ""kc_mult"": 1.2, ""min_sqz_bars"": 4}, ""r&s"": {""srb_left"": 10, ""srb_right"": 10}, ""atr"": {""atr_length"": 14, ""atr_mult"": 1.0}}",LANDBRIDGE CO LLC-A,1WK,压力释放,nan-83.77-86.77-85.07,低-高-低,nan%-3.58%-1.96%,42.0,95.33
2026-08-31 00:00:00,Short,CCHH,1.25,3.31%,4.64,sqz,参数二,"{""sqz"": {""bb_length"": 20, ""bb_mult"": 1.8, ""kc_length"": 20, ""kc_mult"": 1.5, ""min_sqz_bars"": 4}, ""r&s"": {""srb_left"": 15, ""srb_right"": 15}, ""atr"": {""atr_length"": 14, ""atr_mult"": 1.0}}",CCH HOLDINGS LTD-A,1WK,一直释放,nan-3.6,低,nan%,30.0,397.22
2026-08-31 00:00:00,Long,CNX,37.58,3.81%,34.16,utb,参数一,"{""utb"": {""key_value"": 2, ""atr_period"": 14, ""use_ha"": false}, ""r&s"": {""srb_left"": 10, ""srb_right"": 10}, ""atr"": {""atr_length"": 14, ""atr_mult"": 1.0}}",CNX RESOURCES CORP,1WK,,,,,,
2026-08-31 00:00:00,Long,CNX,37.58,3.81%,34.16,mfa,参数一,"{""utb"": {""key_value"": 2, ""atr_period"": 14, ""use_ha"": false}, ""mfa"": {""mfa_all"": 12}}",CNX RESOURCES CORP,1WK,,,,,,
2026-08-31 00:00:00,Long,PCRX,26.58,3.18%,23.46,utb,参数二,"{""utb"": {""key_value"": 3, ""atr_period"": 14, ""use_ha"": false}, ""r&s"": {""srb_left"": 15, ""srb_right"": 15}, ""atr"": {""atr_length"": 14, ""atr_mult"": 1.0}}",PACIRA BIOSCIENCES INC,1WK,,,,,,
2026-08-31 00:00:00,Long,GPRO,1.69,181.67%,0.34,utb,参数一,"{""utb"": {""key_value"": 2, ""atr_period"": 14, ""use_ha"": false}, ""r&s"": {""srb_left"": 10, ""srb_right"": 10}, ""atr"": {""atr_length"": 14, ""atr_mult"": 1.0}}",GOPRO INC-CLASS A,1WK,,,,,,
2026-08-31 00:00:00,Long,GPRO,1.69,181.67%,0.34,utb,参数二,"{""utb"": {""key_value"": 3, ""atr_period"": 14, ""use_ha"": false}, ""r&s"": {""srb_left"": 15, ""srb_right"": 15}, ""atr"": {""atr_length"": 14, ""atr_mult"": 1.0}}",GOPRO INC-CLASS A,1WK,,,,,,
2026-08-31 00:00:00,Short,XYL,106.74,-4.11%,117.79,utb,参数一,"{""utb"": {""key_value"": 2, ""atr_period"": 14, ""use_ha"": false}, ""r&s"": {""srb_left"": 10, ""srb_right"": 10}, ""atr"": {""atr_length"": 14, ""atr_mult"": 1.0}}",XYLEM INC,1WK,,,,,,
2026-08-31 00:00:00,Short,SUNB,67.11,-8.32%,81.09,utb,参数一,"{""utb"": {""key_value"": 2, ""atr_period"": 14, ""use_ha"": false}, ""r&s"": {""srb_left"": 10, ""srb_right"": 10}, ""atr"": {""atr_length"": 14, ""atr_mult"": 1.0}}",SUNBELT RENTALS HOLDINGS INC,1WK,,,,,,
2026-08-31 00:00:00,Short,XEL,75.51,-1.23%,79.61,utb,参数一,"{""utb"": {""key_value"": 2, ""atr_period"": 14, ""use_ha"": false}, ""r&s"": {""srb_left"": 10, ""srb_right"": 10}, ""atr"": {""atr_length"": 14, ""atr_mult"": 1.0}}",XCEL ENERGY INC,1WK,,,,,,
2026-08-31 00:00:00,Long,INR,15.82,2.86%,13.87,utb,参数一,"{""utb"": {""key_value"": 2, ""atr_period"": 14, ""use_ha"": false}, ""r&s"": {""srb_left"": 10, ""srb_right"": 10}, ""atr"": {""atr_length"": 14, ""atr_mult"": 1.0}}",INFINITY NATURAL RESOUR-CL A,1WK,,,,,,
2026-08-31 00:00:00,Short,YEXT,6.55,-5.21%,8.55,suf,参数一,"{""suf"": {""timeframe"": ""w""}}",YEXT INC,1WK,,,,,,
2026-08-31 00:00:00,Short,YEXT,6.55,-5.21%,8.55,suf,参数二,"{""suf"": {""timeframe"": ""w""}}",YEXT INC,1WK,,,,,,
2026-08-31 00:00:00,Short,NGVC,27.0,-1.75%,31.39,utb,参数一,"{""utb"": {""key_value"": 2, ""atr_period"": 14, ""use_ha"": false}, ""r&s"": {""srb_left"": 10, ""srb_right"": 10}, ""atr"": {""atr_length"": 14, ""atr_mult"": 1.0}}",NATURAL GROCERS BY VITAMIN C,1WK,,,,,,
2026-08-31 00:00:00,Short,Q,117.69,-2.07%,136.87,utb,参数二,"{""utb"": {""key_value"": 3, ""atr_period"": 14, ""use_ha"": false}, ""r&s"": {""srb_left"": 15, ""srb_right"": 15}, ""atr"": {""atr_length"": 14, ""atr_mult"": 1.0}}",QNITY ELECTRONICS INC,1WK,,,,,,
2026-08-31 00:00:00,Long,GPOR,180.45,2.31%,165.18,utb,参数一,"{""utb"": {""key_value"": 2, ""atr_period"": 14, ""use_ha"": false}, ""r&s"": {""srb_left"": 10, ""srb_right"": 10}, ""atr"": {""atr_length"": 14, ""atr_mult"": 1.0}}",GULFPORT ENERGY CORP,1WK,,,,,,
2026-08-31 00:00:00,Long,GPOR,180.45,2.31%,165.18,mfa,参数一,"{""utb"": {""key_value"": 2, ""atr_period"": 14, ""use_ha"": false}, ""mfa"": {""mfa_all"": 15}}",GULFPORT ENERGY CORP,1WK,,,,,,
2026-08-31 00:00:00,Long,HGBL,1.36,9.68%,1.12,utb,参数一,"{""utb"": {""key_value"": 2, ""atr_period"": 14, ""use_ha"": false}, ""r&s"": {""srb_left"": 10, ""srb_right"": 10}, ""atr"": {""atr_length"": 14, ""atr_mult"": 1.0}}",HERITAGE GLOBAL INC,1WK,,,,,,
2026-08-31 00:00:00,Short,A,151.39,-1.59%,163.85,suf,参数一,"{""suf"": {""timeframe"": ""w""}}",AGILENT TECHNOLOGIES INC,1WK,,,,,,
2026-08-31 00:00:00,Short,A,151.39,-1.59%,163.85,suf,参数二,"{""suf"": {""timeframe"": ""w""}}",AGILENT TECHNOLOGIES INC,1WK,,,,,,
2026-08-31 00:00:00,Short,FHTX,5.17,-13.83%,6.9,utb,参数一,"{""utb"": {""key_value"": 2, ""atr_period"": 14, ""use_ha"": false}, ""r&s"": {""srb_left"": 10, ""srb_right"": 10}, ""atr"": {""atr_length"": 14, ""atr_mult"": 1.0}}",FOGHORN THERAPEUTICS INC,1WK,,,,,,
2026-08-31 00:00:00,Short,BBCP,8.88,-3.58%,10.01,utb,参数二,"{""utb"": {""key_value"": 3, ""atr_period"": 14, ""use_ha"": false}, ""r&s"": {""srb_left"": 15, ""srb_right"": 15}, ""atr"": {""atr_length"": 14, ""atr_mult"": 1.0}}",CONCRETE PUMPING HOLDINGS IN,1WK,,,,,,
2026-08-31 00:00:00,Long,BHF,53.62,1.09%,50.35,suf,参数一,"{""suf"": {""timeframe"": ""w""}}",BRIGHTHOUSE FINANCIAL INC,1WK,,,,,,
2026-08-31 00:00:00,Long,BHF,53.62,1.09%,50.35,suf,参数二,"{""suf"": {""timeframe"": ""w""}}",BRIGHTHOUSE FINANCIAL INC,1WK,,,,,,
2026-08-31 00:00:00,Long,COCP,1.16,5.45%,0.94,utb,参数一,"{""utb"": {""key_value"": 2, ""atr_period"": 14, ""use_ha"": false}, ""r&s"": {""srb_left"": 10, ""srb_right"": 10}, ""atr"": {""atr_length"": 14, ""atr_mult"": 1.0}}",COCRYSTAL PHARMA INC,1WK,,,,,,
2026-08-31 00:00:00,Short,JLL,349.93,-7.43%,399.99,suf,参数一,"{""suf"": {""timeframe"": ""w""}}",JONES LANG LASALLE INC,1WK,,,,,,
2026-08-31 00:00:00,Short,JLL,349.93,-7.43%,399.99,suf,参数二,"{""suf"": {""timeframe"": ""w""}}",JONES LANG LASALLE INC,1WK,,,,,,
2026-08-31 00:00:00,Short,CAE,23.72,-2.31%,25.9,utb,参数一,"{""utb"": {""key_value"": 2, ""atr_period"": 14, ""use_ha"": false}, ""r&s"": {""srb_left"": 10, ""srb_right"": 10}, ""atr"": {""atr_length"": 14, ""atr_mult"": 1.0}}",CAE INC,1WK,,,,,,
2026-08-31 00:00:00,Short,HWM,252.96,-4.49%,276.68,utb,参数一,"{""utb"": {""key_value"": 2, ""atr_period"": 14, ""use_ha"": false}, ""r&s"": {""srb_left"": 10, ""srb_right"": 10}, ""atr"": {""atr_length"": 14, ""atr_mult"": 1.0}}",HOWMET AEROSPACE INC,1WK,,,,,,
2026-08-31 00:00:00,Short,CROX,115.79,-5.27%,131.11,utb,参数一,"{""utb"": {""key_value"": 2, ""atr_period"": 14, ""use_ha"": false}, ""r&s"": {""srb_left"": 10, ""srb_right"": 10}, ""atr"": {""atr_length"": 14, ""atr_mult"": 1.0}}",CROCS INC,1WK,,,,,,
2026-08-31 00:00:00,Long,REGN,852.03,7.28%,729.56,sqz,参数一,"{""sqz"": {""bb_length"": 15, ""bb_mult"": 1.5, ""kc_length"": 15, ""kc_mult"": 1.2, ""min_sqz_bars"": 4}, ""r&s"": {""srb_left"": 10, ""srb_right"": 10}, ""atr"": {""atr_length"": 14, ""atr_mult"": 1.0}}",REGENERON PHARMACEUTICALS,1WK,一直亮绿,829.72-989.0-1199.88-742.25-817.95,高-高-低-高,19.20%-21.32%-38.14%-10.20%,34.0,38.44
2026-08-31 00:00:00,Long,REGN,852.03,7.28%,729.56,sqz,参数二,"{""sqz"": {""bb_length"": 20, ""bb_mult"": 1.8, ""kc_length"": 20, ""kc_mult"": 1.5, ""min_sqz_bars"": 4}, ""r&s"": {""srb_left"": 15, ""srb_right"": 15}, ""atr"": {""atr_length"": 14, ""atr_mult"": 1.0}}",REGENERON PHARMACEUTICALS,1WK,一直亮绿,nan-829.72-1199.88-817.95,低-高-低,nan%-44.61%-31.83%,34.0,38.44
2026-08-31 00:00:00,Short,UTI,20.92,-1.83%,27.94,sqz,参数一,"{""sqz"": {""bb_length"": 15, ""bb_mult"": 1.5, ""kc_length"": 15, ""kc_mult"": 1.2, ""min_sqz_bars"": 4}, ""r&s"": {""srb_left"": 10, ""srb_right"": 10}, ""atr"": {""atr_length"": 14, ""atr_mult"": 1.0}}",UNIVERSAL TECHNICAL INSTITUT,1WK,一直亮红,13.66-15.14-23.66-25.15-21.29,高-高-高-低,10.83%-56.27%-6.30%-15.35%,40.0,141.15
2026-08-31 00:00:00,Short,UTI,20.92,-1.83%,27.94,sqz,参数二,"{""sqz"": {""bb_length"": 20, ""bb_mult"": 1.8, ""kc_length"": 20, ""kc_mult"": 1.5, ""min_sqz_bars"": 4}, ""r&s"": {""srb_left"": 15, ""srb_right"": 15}, ""atr"": {""atr_length"": 14, ""atr_mult"": 1.0}}",UNIVERSAL TECHNICAL INSTITUT,1WK,一直亮红,nan-5.63-13.66-23.66-21.29,低-高-高-低,nan%-142.63%-73.21%-10.02%,40.0,141.15
2026-08-31 00:00:00,Short,VACI,9.84,-3.81%,13.14,utb,参数二,"{""utb"": {""key_value"": 3, ""atr_period"": 14, ""use_ha"": false}, ""r&s"": {""srb_left"": 15, ""srb_right"": 15}, ""atr"": {""atr_length"": 14, ""atr_mult"": 1.0}}",VIKING ACQUISITION CORP - A,1WK,,,,,,
2026-08-31 00:00:00,Short,AEVA,15.17,-2.94%,20.72,utb,参数一,"{""utb"": {""key_value"": 2, ""atr_period"": 14, ""use_ha"": false}, ""r&s"": {""srb_left"": 10, ""srb_right"": 10}, ""atr"": {""atr_length"": 14, ""atr_mult"": 1.0}}",AEVA TECHNOLOGIES INC,1WK,,,,,,
2026-08-31 00:00:00,Short,LOAR,67.74,-5.51%,77.65,utb,参数一,"{""utb"": {""key_value"": 2, ""atr_period"": 14, ""use_ha"": false}, ""r&s"": {""srb_left"": 10, ""srb_right"": 10}, ""atr"": {""atr_length"": 14, ""atr_mult"": 1.0}}",LOAR HOLDINGS INC,1WK,,,,,,
2026-08-31 00:00:00,Short,RMIX,16.16,-7.66%,20.29,utb,参数一,"{""utb"": {""key_value"": 2, ""atr_period"": 14, ""use_ha"": false}, ""r&s"": {""srb_left"": 10, ""srb_right"": 10}, ""atr"": {""atr_length"": 14, ""atr_mult"": 1.0}}",SUNCRETE INC-A,1WK,,,,,,
2026-08-31 00:00:00,Long,NDRA,6.46,29.07%,3.59,utb,参数一,"{""utb"": {""key_value"": 2, ""atr_period"": 14, ""use_ha"": false}, ""r&s"": {""srb_left"": 10, ""srb_right"": 10}, ""atr"": {""atr_length"": 14, ""atr_mult"": 1.0}}",ENDRA LIFE SCIENCES INC,1WK,,,,,,
2026-08-31 00:00:00,Short,RGEN,172.94,-1.89%,197.96,suf,参数一,"{""suf"": {""timeframe"": ""w""}}",REPLIGEN CORP,1WK,,,,,,
2026-08-31 00:00:00,Short,RGEN,172.94,-1.89%,197.96,suf,参数二,"{""suf"": {""timeframe"": ""w""}}",REPLIGEN CORP,1WK,,,,,,
2026-08-31 00:00:00,Short,NEXN,9.85,-3.71%,11.09,suf,参数一,"{""suf"": {""timeframe"": ""w""}}",NEXXEN INTERNATIONAL LTD,1WK,,,,,,
2026-08-31 00:00:00,Short,NEXN,9.85,-3.71%,11.09,suf,参数二,"{""suf"": {""timeframe"": ""w""}}",NEXXEN INTERNATIONAL LTD,1WK,,,,,,
2026-08-31 00:00:00,Short,SYRE,87.05,-3.66%,101.12,utb,参数一,"{""utb"": {""key_value"": 2, ""atr_period"": 14, ""use_ha"": false}, ""r&s"": {""srb_left"": 10, ""srb_right"": 10}, ""atr"": {""atr_length"": 14, ""atr_mult"": 1.0}}",SPYRE THERAPEUTICS INC,1WK,,,,,,
2026-08-31 00:00:00,Short,PH,949.38,-4.39%,1047.2,utb,参数一,"{""utb"": {""key_value"": 2, ""atr_period"": 14, ""use_ha"": false}, ""r&s"": {""srb_left"": 10, ""srb_right"": 10}, ""atr"": {""atr_length"": 14, ""atr_mult"": 1.0}}",PARKER HANNIFIN CORP,1WK,,,,,,
2026-08-31 00:00:00,Long,TPET,1.78,751.67%,1.47,utb,参数一,"{""utb"": {""key_value"": 2, ""atr_period"": 14, ""use_ha"": false}, ""r&s"": {""srb_left"": 10, ""srb_right"": 10}, ""atr"": {""atr_length"": 14, ""atr_mult"": 1.0}}",TRIO PETROLEUM CORP,1WK,,,,,,
2026-08-31 00:00:00,Long,TPET,1.78,751.67%,1.47,mfa,参数一,"{""utb"": {""key_value"": 2, ""atr_period"": 14, ""use_ha"": false}, ""mfa"": {""mfa_all"": 56}}",TRIO PETROLEUM CORP,1WK,,,,,,
2026-08-31 00:00:00,Long,TPET,1.78,751.67%,1.47,utb,参数二,"{""utb"": {""key_value"": 3, ""atr_period"": 14, ""use_ha"": false}, ""r&s"": {""srb_left"": 15, ""srb_right"": 15}, ""atr"": {""atr_length"": 14, ""atr_mult"": 1.0}}",TRIO PETROLEUM CORP,1WK,,,,,,
2026-08-31 00:00:00,Long,TPET,1.78,751.67%,1.47,mfa,参数二,"{""utb"": {""key_value"": 3, ""atr_period"": 14, ""use_ha"": false}, ""mfa"": {""mfa_all"": 56}}",TRIO PETROLEUM CORP,1WK,,,,,,
2026-08-31 00:00:00,Short,AGYS,113.51,-3.71%,129.59,suf,参数一,"{""suf"": {""timeframe"": ""w""}}",AGILYSYS INC,1WK,,,,,,
2026-08-31 00:00:00,Short,AGYS,113.51,-3.71%,129.59,suf,参数二,"{""suf"": {""timeframe"": ""w""}}",AGILYSYS INC,1WK,,,,,,
2026-08-31 00:00:00,Short,AWR,88.25,-1.81%,93.64,suf,参数一,"{""suf"": {""timeframe"": ""w""}}",AMERICAN STATES WATER CO,1WK,,,,,,
2026-08-31 00:00:00,Short,AWR,88.25,-1.81%,93.64,suf,参数二,"{""suf"": {""timeframe"": ""w""}}",AMERICAN STATES WATER CO,1WK,,,,,,
2026-08-31 00:00:00,Short,LEGH,27.77,-2.01%,31.15,suf,参数一,"{""suf"": {""timeframe"": ""w""}}",LEGACY HOUSING CORP,1WK,,,,,,
2026-08-31 00:00:00,Short,LEGH,27.77,-2.01%,31.15,suf,参数二,"{""suf"": {""timeframe"": ""w""}}",LEGACY HOUSING CORP,1WK,,,,,,
2026-08-31 00:00:00,Short,FC,18.87,-7.36%,22.91,utb,参数一,"{""utb"": {""key_value"": 2, ""atr_period"": 14, ""use_ha"": false}, ""r&s"": {""srb_left"": 10, ""srb_right"": 10}, ""atr"": {""atr_length"": 14, ""atr_mult"": 1.0}}",FRANKLIN COVEY CO,1WK,,,,,,
2026-08-31 00:00:00,Long,PVLA,152.95,1.99%,125.09,sqz,参数一,"{""sqz"": {""bb_length"": 15, ""bb_mult"": 1.5, ""kc_length"": 15, ""kc_mult"": 1.2, ""min_sqz_bars"": 4}, ""r&s"": {""srb_left"": 10, ""srb_right"": 10}, ""atr"": {""atr_length"": 14, ""atr_mult"": 1.0}}",PALVELLA THERAPEUTICS INC,1WK,一直亮绿,80.8-22.32-18.68-29.27-151.18,低-低-高-高,72.38%-16.31%-56.69%-416.50%,27.0,79.87
2026-08-31 00:00:00,Long,LATA,10.19,0.10%,10.15,utb,参数一,"{""utb"": {""key_value"": 2, ""atr_period"": 14, ""use_ha"": false}, ""r&s"": {""srb_left"": 10, ""srb_right"": 10}, ""atr"": {""atr_length"": 14, ""atr_mult"": 1.0}}",GALATA ACQU CORP II - CL A,1WK,,,,,,
2026-08-31 00:00:00,Long,LATA,10.19,0.10%,10.15,sqz,参数一,"{""sqz"": {""bb_length"": 15, ""bb_mult"": 1.5, ""kc_length"": 15, ""kc_mult"": 1.2, ""min_sqz_bars"": 4}, ""r&s"": {""srb_left"": 10, ""srb_right"": 10}, ""atr"": {""atr_length"": 14, ""atr_mult"": 1.0}}",GALATA ACQU CORP II - CL A,1WK,一直释放,nan-10.13,低,nan%,30.0,2.22
2026-08-31 00:00:00,Long,AGRO,11.78,9.68%,9.72,utb,参数一,"{""utb"": {""key_value"": 2, ""atr_period"": 14, ""use_ha"": false}, ""r&s"": {""srb_left"": 10, ""srb_right"": 10}, ""atr"": {""atr_length"": 14, ""atr_mult"": 1.0}}",ADECOAGRO SA,1WK,,,,,,
2026-08-31 00:00:00,Short,PANW,328.48,-11.60%,419.2,suf,参数一,"{""suf"": {""timeframe"": ""w""}}",PALO ALTO NETWORKS INC,1WK,,,,,,
2026-08-31 00:00:00,Short,PANW,328.48,-11.60%,419.2,suf,参数二,"{""suf"": {""timeframe"": ""w""}}",PALO ALTO NETWORKS INC,1WK,,,,,,
2026-08-31 00:00:00,Long,BSIN,1.55,6.16%,1.25,sqz,参数一,"{""sqz"": {""bb_length"": 15, ""bb_mult"": 1.5, ""kc_length"": 15, ""kc_mult"": 1.2, ""min_sqz_bars"": 4}, ""r&s"": {""srb_left"": 10, ""srb_right"": 10}, ""atr"": {""atr_length"": 14, ""atr_mult"": 1.0}}",BIG SKY INDUSTRIAL INC,1WK,一直亮绿,1.67-6.4-2.75-1.37-1.52,高-低-低-高,283.23%-57.03%-50.18%-10.95%,26.0,130.3
2026-08-31 00:00:00,Long,BSIN,1.55,6.16%,1.25,sqz,参数二,"{""sqz"": {""bb_length"": 20, ""bb_mult"": 1.8, ""kc_length"": 20, ""kc_mult"": 1.5, ""min_sqz_bars"": 4}, ""r&s"": {""srb_left"": 15, ""srb_right"": 15}, ""atr"": {""atr_length"": 14, ""atr_mult"": 1.0}}",BIG SKY INDUSTRIAL INC,1WK,一直亮绿,1.76-1.67-6.4-2.75-1.52,低-高-低-低,5.11%-283.23%-57.03%-44.73%,26.0,130.3
2026-08-31 00:00:00,Long,MNTK,2.13,20.34%,1.47,utb,参数二,"{""utb"": {""key_value"": 3, ""atr_period"": 14, ""use_ha"": false}, ""r&s"": {""srb_left"": 15, ""srb_right"": 15}, ""atr"": {""atr_length"": 14, ""atr_mult"": 1.0}}",MONTAUK RENEWABLES INC,1WK,,,,,,
2026-08-31 00:00:00,Short,CNA,48.56,-1.52%,51.56,utb,参数一,"{""utb"": {""key_value"": 2, ""atr_period"": 14, ""use_ha"": false}, ""r&s"": {""srb_left"": 10, ""srb_right"": 10}, ""atr"": {""atr_length"": 14, ""atr_mult"": 1.0}}",CNA FINANCIAL CORP,1WK,,,,,,
2026-08-31 00:00:00,Short,U,40.76,-5.89%,48.27,suf,参数一,"{""suf"": {""timeframe"": ""w""}}",UNITY SOFTWARE INC,1WK,,,,,,
2026-08-31 00:00:00,Short,U,40.76,-5.89%,48.27,suf,参数二,"{""suf"": {""timeframe"": ""w""}}",UNITY SOFTWARE INC,1WK,,,,,,
2026-08-31 00:00:00,Short,CRS,460.97,-3.24%,532.61,utb,参数二,"{""utb"": {""key_value"": 3, ""atr_period"": 14, ""use_ha"": false}, ""r&s"": {""srb_left"": 15, ""srb_right"": 15}, ""atr"": {""atr_length"": 14, ""atr_mult"": 1.0}}",CARPENTER TECHNOLOGY,1WK,,,,,,
