日期,信号,代码,现价,涨幅,止损,策略,参组,参数,释放类型,支撑压力价格,支撑压力趋势,支撑压力涨幅,区间K线数量,区间K线振幅,名称,周期,SMA,相距SMA
2026-09-28 00:00:00,Short,UTHY,36.7,-1.79%,37.85,sqz,参数一,"{""sqz"": {""bb_length"": 15, ""bb_mult"": 1.5, ""kc_length"": 15, ""kc_mult"": 1.2, ""min_sqz_bars"": 4}, ""r&s"": {""srb_left"": 10, ""srb_right"": 10}, ""atr"": {""atr_length"": 14, ""atr_mult"": 1.0}}",一直亮红,nan-34.95-37.35-37.29-37.05,低-高-低-低,nan%-6.87%-0.18%-0.65%,71.0,12.0,F/M US TREASURY 30 YEAR BOND,1WK,,
2026-09-28 00:00:00,Short,UTHY,36.7,-1.79%,37.85,sqz,参数二,"{""sqz"": {""bb_length"": 20, ""bb_mult"": 1.8, ""kc_length"": 20, ""kc_mult"": 1.5, ""min_sqz_bars"": 4}, ""r&s"": {""srb_left"": 15, ""srb_right"": 15}, ""atr"": {""atr_length"": 14, ""atr_mult"": 1.0}}",一直亮红,nan-34.95-37.35-37.29-37.05,低-高-低-低,nan%-6.87%-0.18%-0.65%,71.0,12.0,F/M US TREASURY 30 YEAR BOND,1WK,,
2026-09-28 00:00:00,Short,ELS,58.78,-0.75%,62.15,utb,参数二,"{""utb"": {""key_value"": 3, ""atr_period"": 14, ""use_ha"": false}, ""r&s"": {""srb_left"": 15, ""srb_right"": 15}, ""atr"": {""atr_length"": 14, ""atr_mult"": 1.0}}",,,,,,,EQUITY LIFESTYLE PROPERTIES,1WK,,
2026-09-28 00:00:00,Long,KOD,86.32,166.82%,51.08,sqz,参数一,"{""sqz"": {""bb_length"": 15, ""bb_mult"": 1.5, ""kc_length"": 15, ""kc_mult"": 1.2, ""min_sqz_bars"": 4}, ""r&s"": {""srb_left"": 10, ""srb_right"": 10}, ""atr"": {""atr_length"": 14, ""atr_mult"": 1.0}}",压力释放,9.8-7.77-11.6-31.18-47.84,低-高-高-高,20.71%-49.29%-168.79%-53.43%,23.0,63.78,KODIAK SCIENCES INC,1WK,,
2026-09-28 00:00:00,Long,KOD,86.32,166.82%,51.08,sqz,参数二,"{""sqz"": {""bb_length"": 20, ""bb_mult"": 1.8, ""kc_length"": 20, ""kc_mult"": 1.5, ""min_sqz_bars"": 4}, ""r&s"": {""srb_left"": 15, ""srb_right"": 15}, ""atr"": {""atr_length"": 14, ""atr_mult"": 1.0}}",压力释放,nan-9.8-7.77-11.6-47.84,低-低-高-高,nan%-20.71%-49.29%-312.41%,23.0,63.78,KODIAK SCIENCES INC,1WK,,
2026-09-28 00:00:00,Long,SANG,4.9,38.03%,3.06,utb,参数一,"{""utb"": {""key_value"": 2, ""atr_period"": 14, ""use_ha"": false}, ""r&s"": {""srb_left"": 10, ""srb_right"": 10}, ""atr"": {""atr_length"": 14, ""atr_mult"": 1.0}}",,,,,,,SANGOMA TECHNOLOGIES CORP,1WK,,
2026-09-28 00:00:00,Long,SANG,4.9,38.03%,3.06,utb,参数二,"{""utb"": {""key_value"": 3, ""atr_period"": 14, ""use_ha"": false}, ""r&s"": {""srb_left"": 15, ""srb_right"": 15}, ""atr"": {""atr_length"": 14, ""atr_mult"": 1.0}}",,,,,,,SANGOMA TECHNOLOGIES CORP,1WK,,
2026-09-28 00:00:00,Short,LILAK,8.34,-1.83%,9.2,suf,参数一,"{""suf"": {""timeframe"": ""w""}}",,,,,,,LIBERTY LATIN AMERIC-CL C,1WK,200.0,52.02
2026-09-28 00:00:00,Short,LILAK,8.34,-1.83%,9.2,suf,参数二,"{""suf"": {""timeframe"": ""w""}}",,,,,,,LIBERTY LATIN AMERIC-CL C,1WK,200.0,52.02
2026-09-28 00:00:00,Short,JBI,4.16,-1.20%,4.86,sqz,参数二,"{""sqz"": {""bb_length"": 20, ""bb_mult"": 1.8, ""kc_length"": 20, ""kc_mult"": 1.5, ""min_sqz_bars"": 4}, ""r&s"": {""srb_left"": 15, ""srb_right"": 15}, ""atr"": {""atr_length"": 14, ""atr_mult"": 1.0}}",支撑释放,8.66-9.16-6.68-5.99-4.26,高-低-低-低,5.82%-27.17%-10.34%-28.82%,20.0,34.74,JANUS INTERNATIONAL GROUP IN,1WK,,
2026-09-28 00:00:00,Short,PONY,6.61,-3.99%,8.47,sqz,参数二,"{""sqz"": {""bb_length"": 20, ""bb_mult"": 1.8, ""kc_length"": 20, ""kc_mult"": 1.5, ""min_sqz_bars"": 4}, ""r&s"": {""srb_left"": 15, ""srb_right"": 15}, ""atr"": {""atr_length"": 14, ""atr_mult"": 1.0}}",一直释放,nan-4.11-10.48,低-高,nan%-155.06%,45.0,68.52,PONY AI INC,1WK,,
2026-09-28 00:00:00,Long,ASR,240.65,-1.05%,224.53,mfa,参数一,"{""mfa"": {""mfa_all"": 18}}",,,,,,,GRUPO AEROPORTUARIO SUR-ADR,1WK,,
2026-09-28 00:00:00,Long,ASR,240.65,-1.05%,224.53,mfa,参数二,"{""mfa"": {""mfa_all"": 18}}",,,,,,,GRUPO AEROPORTUARIO SUR-ADR,1WK,,
2026-09-28 00:00:00,Short,ABXB,18.61,-1.57%,18.96,sqz,参数一,"{""sqz"": {""bb_length"": 15, ""bb_mult"": 1.5, ""kc_length"": 15, ""kc_mult"": 1.2, ""min_sqz_bars"": 4}, ""r&s"": {""srb_left"": 10, ""srb_right"": 10}, ""atr"": {""atr_length"": 14, ""atr_mult"": 1.0}}",一直亮红,15.81-15.68-16.78-16.04-18.89,低-高-低-高,0.82%-6.99%-4.43%-17.79%,27.0,2.87,ABACUS FLEXIBLE BOND LEADERS,1WK,,
2026-09-28 00:00:00,Short,DYLG,27.72,-0.95%,28.32,utb,参数一,"{""utb"": {""key_value"": 2, ""atr_period"": 14, ""use_ha"": false}, ""r&s"": {""srb_left"": 10, ""srb_right"": 10}, ""atr"": {""atr_length"": 14, ""atr_mult"": 1.0}}",,,,,,,GLOBAL X DOW 30 CC & GR,1WK,,
2026-09-28 00:00:00,Short,STT,176.55,-2.64%,189.69,utb,参数一,"{""utb"": {""key_value"": 2, ""atr_period"": 14, ""use_ha"": false}, ""r&s"": {""srb_left"": 10, ""srb_right"": 10}, ""atr"": {""atr_length"": 14, ""atr_mult"": 1.0}}",,,,,,,STATE STREET CORP,1WK,,
2026-09-28 00:00:00,Long,LCII,84.43,-0.09%,75.5,mfa,参数一,"{""mfa"": {""mfa_all"": 16}}",,,,,,,LCI INDUSTRIES,1WK,,
2026-09-28 00:00:00,Long,LCII,84.43,-0.09%,75.5,mfa,参数二,"{""mfa"": {""mfa_all"": 16}}",,,,,,,LCI INDUSTRIES,1WK,,
2026-09-28 00:00:00,Long,UNIY,47.07,1.51%,46.69,mfa,参数一,"{""mfa"": {""mfa_all"": 4}}",,,,,,,WT VOYA YLD ENH USD UNIV BND,1WK,,
2026-09-28 00:00:00,Long,UNIY,47.07,1.51%,46.69,mfa,参数二,"{""mfa"": {""mfa_all"": 4}}",,,,,,,WT VOYA YLD ENH USD UNIV BND,1WK,,
2026-09-28 00:00:00,Short,FSIG,18.35,-0.43%,18.48,sqz,参数二,"{""sqz"": {""bb_length"": 20, ""bb_mult"": 1.8, ""kc_length"": 20, ""kc_mult"": 1.5, ""min_sqz_bars"": 4}, ""r&s"": {""srb_left"": 15, ""srb_right"": 15}, ""atr"": {""atr_length"": 14, ""atr_mult"": 1.0}}",支撑释放,nan-15.89-16.59-17.31-18.44,低-高-高-高,nan%-4.35%-4.37%-6.49%,27.0,2.3,FT LTD DURATION INV GRADE,1WK,,
2026-09-28 00:00:00,Short,MATX,222.52,-0.95%,240.29,suf,参数一,"{""suf"": {""timeframe"": ""w""}}",,,,,,,MATSON INC,1WK,200.0,85.62
2026-09-28 00:00:00,Short,MATX,222.52,-0.95%,240.29,suf,参数二,"{""suf"": {""timeframe"": ""w""}}",,,,,,,MATSON INC,1WK,200.0,85.62
2026-09-28 00:00:00,Short,KUST,0.55,-13.29%,14.44,sqz,参数二,"{""sqz"": {""bb_length"": 20, ""bb_mult"": 1.8, ""kc_length"": 20, ""kc_mult"": 1.5, ""min_sqz_bars"": 4}, ""r&s"": {""srb_left"": 15, ""srb_right"": 15}, ""atr"": {""atr_length"": 14, ""atr_mult"": 1.0}}",一直释放,nan-92700.0-51900.0,低-低,nan%-44.01%,146.0,90.17,KUSTOM ENTERTAINMENT INC,1WK,,
2026-09-28 00:00:00,Short,TCBK,51.33,-2.00%,54.76,utb,参数二,"{""utb"": {""key_value"": 3, ""atr_period"": 14, ""use_ha"": false}, ""r&s"": {""srb_left"": 15, ""srb_right"": 15}, ""atr"": {""atr_length"": 14, ""atr_mult"": 1.0}}",,,,,,,TRICO BANCSHARES,1WK,,
2026-09-28 00:00:00,Short,GGME,65.75,-1.81%,68.07,suf,参数一,"{""suf"": {""timeframe"": ""w""}}",,,,,,,INVESCO NEXT GEN MEDIA AND G,1WK,200.0,36.44
2026-09-28 00:00:00,Short,GGME,65.75,-1.81%,68.07,suf,参数二,"{""suf"": {""timeframe"": ""w""}}",,,,,,,INVESCO NEXT GEN MEDIA AND G,1WK,200.0,36.44
2026-09-28 00:00:00,Short,UDI,35.19,-1.15%,36.16,utb,参数二,"{""utb"": {""key_value"": 3, ""atr_period"": 14, ""use_ha"": false}, ""r&s"": {""srb_left"": 15, ""srb_right"": 15}, ""atr"": {""atr_length"": 14, ""atr_mult"": 1.0}}",,,,,,,USCF DIVIDEND INCOME,1WK,,
2026-09-28 00:00:00,Long,CASY,596.72,-0.29%,536.61,mfa,参数一,"{""mfa"": {""mfa_all"": 4}}",,,,,,,CASEY'S GENERAL STORES INC,1WK,,
2026-09-28 00:00:00,Long,CASY,596.72,-0.29%,536.61,mfa,参数二,"{""mfa"": {""mfa_all"": 4}}",,,,,,,CASEY'S GENERAL STORES INC,1WK,,
2026-09-28 00:00:00,Long,BIPC,35.27,0.89%,32.35,suf,参数一,"{""suf"": {""timeframe"": ""w""}}",,,,,,,BROOKFIELD INFRASTRUCTURE-A,1WK,200.0,-4.63
2026-09-28 00:00:00,Long,BIPC,35.27,0.89%,32.35,suf,参数二,"{""suf"": {""timeframe"": ""w""}}",,,,,,,BROOKFIELD INFRASTRUCTURE-A,1WK,200.0,-4.63
2026-09-28 00:00:00,Long,EVO,1.62,3.53%,1.34,mfa,参数一,"{""mfa"": {""mfa_all"": 12}}",,,,,,,EVOTEC SE - SPON ADR,1WK,,
2026-09-28 00:00:00,Long,EVO,1.62,3.53%,1.34,mfa,参数二,"{""mfa"": {""mfa_all"": 12}}",,,,,,,EVOTEC SE - SPON ADR,1WK,,
2026-09-28 00:00:00,Short,LRE,1.11,0.91%,1.25,sqz,参数一,"{""sqz"": {""bb_length"": 15, ""bb_mult"": 1.5, ""kc_length"": 15, ""kc_mult"": 1.2, ""min_sqz_bars"": 4}, ""r&s"": {""srb_left"": 10, ""srb_right"": 10}, ""atr"": {""atr_length"": 14, ""atr_mult"": 1.0}}",支撑释放,1.19-1.1-1.0-1.17-1.14,低-低-高-低,7.56%-9.09%-17.00%-2.56%,20.0,26.32,LEAD REAL ESTATE CO LTD,1WK,,
2026-09-28 00:00:00,Long,LRE,1.11,0.91%,0.91,mfa,参数一,"{""mfa"": {""mfa_all"": 3}}",,,,,,,LEAD REAL ESTATE CO LTD,1WK,,
2026-09-28 00:00:00,Long,LRE,1.11,0.91%,0.91,mfa,参数二,"{""mfa"": {""mfa_all"": 3}}",,,,,,,LEAD REAL ESTATE CO LTD,1WK,,
2026-09-28 00:00:00,Long,PHAT,7.3,0.00%,5.75,mfa,参数一,"{""mfa"": {""mfa_all"": 23}}",,,,,,,PHATHOM PHARMACEUTICALS INC,1WK,,
2026-09-28 00:00:00,Long,PHAT,7.3,0.00%,5.75,mfa,参数二,"{""mfa"": {""mfa_all"": 23}}",,,,,,,PHATHOM PHARMACEUTICALS INC,1WK,,
2026-09-28 00:00:00,Short,SDCP,25.08,-0.10%,25.17,utb,参数二,"{""utb"": {""key_value"": 3, ""atr_period"": 14, ""use_ha"": false}, ""r&s"": {""srb_left"": 15, ""srb_right"": 15}, ""atr"": {""atr_length"": 14, ""atr_mult"": 1.0}}",,,,,,,VIRTUS NEWFLEET SD,1WK,,
2026-09-28 00:00:00,Short,VNQI,42.55,-1.28%,44.24,sqz,参数二,"{""sqz"": {""bb_length"": 20, ""bb_mult"": 1.8, ""kc_length"": 20, ""kc_mult"": 1.5, ""min_sqz_bars"": 4}, ""r&s"": {""srb_left"": 15, ""srb_right"": 15}, ""atr"": {""atr_length"": 14, ""atr_mult"": 1.0}}",支撑释放,nan-31.94-35.82-43.21,低-高-高,nan%-12.14%-20.64%,27.0,12.1,VANGUARD GLBL EX-US REAL EST,1WK,,
2026-09-28 00:00:00,Long,SCHL,34.83,7.67%,28.52,suf,参数一,"{""suf"": {""timeframe"": ""w""}}",,,,,,,SCHOLASTIC CORP,1WK,200.0,9.88
2026-09-28 00:00:00,Long,SCHL,34.83,7.67%,28.52,suf,参数二,"{""suf"": {""timeframe"": ""w""}}",,,,,,,SCHOLASTIC CORP,1WK,200.0,9.88
2026-09-28 00:00:00,Long,BZZ,22.48,-2.70%,20.63,mfa,参数一,"{""mfa"": {""mfa_all"": 15}}",,,,,,,CORGI DRONES & URBAN AIR MOB,1WK,,
2026-09-28 00:00:00,Long,BZZ,22.48,-2.70%,20.63,mfa,参数二,"{""mfa"": {""mfa_all"": 15}}",,,,,,,CORGI DRONES & URBAN AIR MOB,1WK,,
2026-09-28 00:00:00,Short,TG,7.01,-0.57%,7.73,sqz,参数一,"{""sqz"": {""bb_length"": 15, ""bb_mult"": 1.5, ""kc_length"": 15, ""kc_mult"": 1.2, ""min_sqz_bars"": 4}, ""r&s"": {""srb_left"": 10, ""srb_right"": 10}, ""atr"": {""atr_length"": 14, ""atr_mult"": 1.0}}",支撑释放,3.98-4.31-6.45-6.25-7.08,高-高-低-高,8.29%-49.65%-3.10%-13.28%,28.0,48.73,TREDEGAR CORP,1WK,,
2026-09-28 00:00:00,Short,HIW,29.15,-3.12%,31.62,utb,参数一,"{""utb"": {""key_value"": 2, ""atr_period"": 14, ""use_ha"": false}, ""r&s"": {""srb_left"": 10, ""srb_right"": 10}, ""atr"": {""atr_length"": 14, ""atr_mult"": 1.0}}",,,,,,,HIGHWOODS PROPERTIES INC,1WK,,
2026-09-28 00:00:00,Short,QWLD,154.3,-1.08%,157.51,utb,参数一,"{""utb"": {""key_value"": 2, ""atr_period"": 14, ""use_ha"": false}, ""r&s"": {""srb_left"": 10, ""srb_right"": 10}, ""atr"": {""atr_length"": 14, ""atr_mult"": 1.0}}",,,,,,,STATE STREET SPDR MSCI WORLD,1WK,,
2026-09-28 00:00:00,Long,KEP,11.05,0.32%,9.91,mfa,参数一,"{""mfa"": {""mfa_all"": 20}}",,,,,,,KOREA ELEC POWER CORP-SP ADR,1WK,,
2026-09-28 00:00:00,Long,KEP,11.05,0.32%,9.91,mfa,参数二,"{""mfa"": {""mfa_all"": 20}}",,,,,,,KOREA ELEC POWER CORP-SP ADR,1WK,,
2026-09-28 00:00:00,Short,OM,2.95,-3.25%,3.74,sqz,参数二,"{""sqz"": {""bb_length"": 20, ""bb_mult"": 1.8, ""kc_length"": 20, ""kc_mult"": 1.5, ""min_sqz_bars"": 4}, ""r&s"": {""srb_left"": 15, ""srb_right"": 15}, ""atr"": {""atr_length"": 14, ""atr_mult"": 1.0}}",支撑释放,nan-28.8-6.53-5.85-3.0,低-低-低-低,nan%-77.34%-10.34%-48.72%,29.0,84.33,OUTSET MEDICAL INC,1WK,,
2026-09-28 00:00:00,Short,AOTG,67.78,-0.95%,70.93,suf,参数一,"{""suf"": {""timeframe"": ""w""}}",,,,,,,AOT GROWTH AND INNOVATION,1WK,200.0,59.22
2026-09-28 00:00:00,Short,AOTG,67.78,-0.95%,70.93,suf,参数二,"{""suf"": {""timeframe"": ""w""}}",,,,,,,AOT GROWTH AND INNOVATION,1WK,200.0,59.22
2026-09-28 00:00:00,Long,MWA,21.42,-0.97%,19.95,mfa,参数一,"{""mfa"": {""mfa_all"": 5}}",,,,,,,MUELLER WATER PRODUCTS INC-A,1WK,,
2026-09-28 00:00:00,Long,MWA,21.42,-0.97%,19.95,mfa,参数二,"{""mfa"": {""mfa_all"": 5}}",,,,,,,MUELLER WATER PRODUCTS INC-A,1WK,,
2026-09-28 00:00:00,Short,BOUT,42.92,-1.40%,44.39,utb,参数二,"{""utb"": {""key_value"": 3, ""atr_period"": 14, ""use_ha"": false}, ""r&s"": {""srb_left"": 15, ""srb_right"": 15}, ""atr"": {""atr_length"": 14, ""atr_mult"": 1.0}}",,,,,,,CAPFORCE IBD BREAKOUT OPPORT,1WK,,
2026-09-28 00:00:00,Short,NJUL,78.46,-0.43%,79.84,suf,参数一,"{""suf"": {""timeframe"": ""w""}}",,,,,,,INNOVATOR GROWTH 100 POWER B,1WK,200.0,27.52
2026-09-28 00:00:00,Short,NJUL,78.46,-0.43%,79.84,suf,参数二,"{""suf"": {""timeframe"": ""w""}}",,,,,,,INNOVATOR GROWTH 100 POWER B,1WK,200.0,27.52
2026-09-28 00:00:00,Short,HYHG,64.42,-0.13%,65.22,suf,参数一,"{""suf"": {""timeframe"": ""w""}}",,,,,,,PROSHARES HIGH YIELD INTERES,1WK,200.0,14.69
2026-09-28 00:00:00,Short,HYHG,64.42,-0.13%,65.22,suf,参数二,"{""suf"": {""timeframe"": ""w""}}",,,,,,,PROSHARES HIGH YIELD INTERES,1WK,200.0,14.69
2026-09-28 00:00:00,Short,TAGS,27.52,-0.56%,28.44,suf,参数一,"{""suf"": {""timeframe"": ""w""}}",,,,,,,TEUCRIUM AGRICULTURAL FUND,1WK,200.0,2.16
2026-09-28 00:00:00,Short,TAGS,27.52,-0.56%,28.44,suf,参数二,"{""suf"": {""timeframe"": ""w""}}",,,,,,,TEUCRIUM AGRICULTURAL FUND,1WK,200.0,2.16
2026-09-28 00:00:00,Long,ANNX,4.21,15.66%,3.02,mfa,参数一,"{""mfa"": {""mfa_all"": 4}}",,,,,,,ANNEXON INC,1WK,,
2026-09-28 00:00:00,Long,ANNX,4.21,15.66%,3.02,mfa,参数二,"{""mfa"": {""mfa_all"": 4}}",,,,,,,ANNEXON INC,1WK,,
2026-09-28 00:00:00,Short,TLF,2.59,-1.52%,2.79,suf,参数一,"{""suf"": {""timeframe"": ""w""}}",,,,,,,TANDY LEATHER FACTORY INC,1WK,200.0,8.73
2026-09-28 00:00:00,Short,TLF,2.59,-1.52%,2.79,suf,参数二,"{""suf"": {""timeframe"": ""w""}}",,,,,,,TANDY LEATHER FACTORY INC,1WK,200.0,8.73
2026-09-28 00:00:00,Short,UDIV,61.28,-0.98%,63.33,suf,参数一,"{""suf"": {""timeframe"": ""w""}}",,,,,,,FRANKLIN U.S. CORE DIVIDEND,1WK,200.0,42.6
2026-09-28 00:00:00,Short,UDIV,61.28,-0.98%,63.33,suf,参数二,"{""suf"": {""timeframe"": ""w""}}",,,,,,,FRANKLIN U.S. CORE DIVIDEND,1WK,200.0,42.6
2026-09-28 00:00:00,Short,ALIT,9.35,-15.11%,14.23,sqz,参数二,"{""sqz"": {""bb_length"": 20, ""bb_mult"": 1.8, ""kc_length"": 20, ""kc_mult"": 1.5, ""min_sqz_bars"": 4}, ""r&s"": {""srb_left"": 15, ""srb_right"": 15}, ""atr"": {""atr_length"": 14, ""atr_mult"": 1.0}}",支撑释放,nan-120.9-117.46-86.7-9.58,低-低-低-低,nan%-2.84%-26.19%-88.95%,25.0,147.18,ALIGHT INC - CLASS A,1WK,,
2026-09-28 00:00:00,Short,AIOT,2.63,-5.89%,3.26,sqz,参数一,"{""sqz"": {""bb_length"": 15, ""bb_mult"": 1.5, ""kc_length"": 15, ""kc_mult"": 1.2, ""min_sqz_bars"": 4}, ""r&s"": {""srb_left"": 10, ""srb_right"": 10}, ""atr"": {""atr_length"": 14, ""atr_mult"": 1.0}}",一直亮红,3.99-3.7-3.79-4.24-2.78,低-高-高-低,7.27%-2.43%-11.87%-34.43%,28.0,62.23,POWERFLEET INC,1WK,,
2026-09-28 00:00:00,Short,AIOT,2.63,-5.89%,3.26,sqz,参数二,"{""sqz"": {""bb_length"": 20, ""bb_mult"": 1.8, ""kc_length"": 20, ""kc_mult"": 1.5, ""min_sqz_bars"": 4}, ""r&s"": {""srb_left"": 15, ""srb_right"": 15}, ""atr"": {""atr_length"": 14, ""atr_mult"": 1.0}}",一直亮红,nan-1.64-3.7-3.79-2.78,低-高-高-低,nan%-125.61%-2.43%-26.65%,28.0,62.23,POWERFLEET INC,1WK,,
2026-09-28 00:00:00,Long,AMRZ,37.48,-1.94%,34.07,mfa,参数一,"{""mfa"": {""mfa_all"": 9}}",,,,,,,AMRIZE LTD,1WK,,
2026-09-28 00:00:00,Long,AMRZ,37.48,-1.94%,34.07,mfa,参数二,"{""mfa"": {""mfa_all"": 9}}",,,,,,,AMRIZE LTD,1WK,,
2026-09-28 00:00:00,Short,CHMG,80.04,-2.39%,86.44,suf,参数一,"{""suf"": {""timeframe"": ""w""}}",,,,,,,CHEMUNG FINANCIAL CORP,1WK,200.0,64.82
2026-09-28 00:00:00,Short,CHMG,80.04,-2.39%,86.44,suf,参数二,"{""suf"": {""timeframe"": ""w""}}",,,,,,,CHEMUNG FINANCIAL CORP,1WK,200.0,64.82
2026-09-28 00:00:00,Long,ODFL,176.96,2.11%,158.2,mfa,参数一,"{""mfa"": {""mfa_all"": 3}}",,,,,,,OLD DOMINION FREIGHT LINE,1WK,,
2026-09-28 00:00:00,Long,ODFL,176.96,2.11%,158.2,mfa,参数二,"{""mfa"": {""mfa_all"": 3}}",,,,,,,OLD DOMINION FREIGHT LINE,1WK,,
2026-09-28 00:00:00,Short,IEZ,26.96,-2.85%,29.5,utb,参数一,"{""utb"": {""key_value"": 2, ""atr_period"": 14, ""use_ha"": false}, ""r&s"": {""srb_left"": 10, ""srb_right"": 10}, ""atr"": {""atr_length"": 14, ""atr_mult"": 1.0}}",,,,,,,ISHARES U.S. OIL EQUIPMENT &,1WK,,
2026-09-28 00:00:00,Short,NACP,60.92,-1.26%,62.42,suf,参数一,"{""suf"": {""timeframe"": ""w""}}",,,,,,,IMPACT SHARES NAACP MINORITY,1WK,200.0,50.98
2026-09-28 00:00:00,Short,NACP,60.92,-1.26%,62.42,suf,参数二,"{""suf"": {""timeframe"": ""w""}}",,,,,,,IMPACT SHARES NAACP MINORITY,1WK,200.0,50.98
2026-09-28 00:00:00,Long,SMTC,180.9,-0.77%,143.44,sqz,参数一,"{""sqz"": {""bb_length"": 15, ""bb_mult"": 1.5, ""kc_length"": 15, ""kc_mult"": 1.2, ""min_sqz_bars"": 4}, ""r&s"": {""srb_left"": 10, ""srb_right"": 10}, ""atr"": {""atr_length"": 14, ""atr_mult"": 1.0}}",压力释放,nan-29.97-46.86-79.52-177.35,低-高-高-高,nan%-56.36%-69.70%-123.03%,15.0,72.02,SEMTECH CORP,1WK,,
2026-09-28 00:00:00,Short,HUMA,0.54,-3.79%,0.73,sqz,参数二,"{""sqz"": {""bb_length"": 20, ""bb_mult"": 1.8, ""kc_length"": 20, ""kc_mult"": 1.5, ""min_sqz_bars"": 4}, ""r&s"": {""srb_left"": 15, ""srb_right"": 15}, ""atr"": {""atr_length"": 14, ""atr_mult"": 1.0}}",一直亮红,nan-1.96-1.15-0.55,低-低-低,nan%-41.33%-52.43%,26.0,178.79,HUMACYTE INC,1WK,,
2026-09-28 00:00:00,Long,BERZ,16.89,5.30%,11.16,mfa,参数一,"{""mfa"": {""mfa_all"": 74}}",,,,,,,MICROSECTORS FANG & INN -3X,1WK,,
2026-09-28 00:00:00,Long,BERZ,16.89,5.30%,11.16,mfa,参数二,"{""mfa"": {""mfa_all"": 74}}",,,,,,,MICROSECTORS FANG & INN -3X,1WK,,
2026-09-28 00:00:00,Short,PCT,4.47,-10.86%,6.14,sqz,参数二,"{""sqz"": {""bb_length"": 20, ""bb_mult"": 1.8, ""kc_length"": 20, ""kc_mult"": 1.5, ""min_sqz_bars"": 4}, ""r&s"": {""srb_left"": 15, ""srb_right"": 15}, ""atr"": {""atr_length"": 14, ""atr_mult"": 1.0}}",一直亮红,nan-2.38-4.5-5.4-4.93,低-高-高-低,nan%-88.68%-20.00%-8.70%,26.0,187.93,PURECYCLE TECHNOLOGIES INC,1WK,,
2026-09-28 00:00:00,Short,ABNB,155.73,-1.10%,169.96,utb,参数二,"{""utb"": {""key_value"": 3, ""atr_period"": 14, ""use_ha"": false}, ""r&s"": {""srb_left"": 15, ""srb_right"": 15}, ""atr"": {""atr_length"": 14, ""atr_mult"": 1.0}}",,,,,,,AIRBNB INC-CLASS A,1WK,,
2026-09-28 00:00:00,Short,PICS,8.2,-5.61%,10.45,sqz,参数一,"{""sqz"": {""bb_length"": 15, ""bb_mult"": 1.5, ""kc_length"": 15, ""kc_mult"": 1.2, ""min_sqz_bars"": 4}, ""r&s"": {""srb_left"": 10, ""srb_right"": 10}, ""atr"": {""atr_length"": 14, ""atr_mult"": 1.0}}",支撑释放,nan-8.32,低,nan%,17.0,65.26,PICS NV,1WK,,
2026-09-28 00:00:00,Long,ZLAB,26.04,4.24%,22.59,sqz,参数二,"{""sqz"": {""bb_length"": 20, ""bb_mult"": 1.8, ""kc_length"": 20, ""kc_mult"": 1.5, ""min_sqz_bars"": 4}, ""r&s"": {""srb_left"": 15, ""srb_right"": 15}, ""atr"": {""atr_length"": 14, ""atr_mult"": 1.0}}",一直亮绿,nan-31.22-36.6-44.34-25.28,低-高-高-低,nan%-17.23%-21.15%-42.99%,23.0,55.47,ZAI LAB LTD-ADR,1WK,,
2026-09-28 00:00:00,Long,NXTS,1.45,-1.36%,-0.46,mfa,参数一,"{""mfa"": {""mfa_all"": 55}}",,,,,,,NEXENTIS TECHNOLOGIES INC,1WK,,
2026-09-28 00:00:00,Long,NXTS,1.45,-1.36%,-0.46,mfa,参数二,"{""mfa"": {""mfa_all"": 55}}",,,,,,,NEXENTIS TECHNOLOGIES INC,1WK,,
2026-09-28 00:00:00,Long,SRZN,29.77,0.78%,24.21,mfa,参数一,"{""mfa"": {""mfa_all"": 3}}",,,,,,,SURROZEN INC,1WK,,
2026-09-28 00:00:00,Long,SRZN,29.77,0.78%,24.21,mfa,参数二,"{""mfa"": {""mfa_all"": 3}}",,,,,,,SURROZEN INC,1WK,,
2026-09-28 00:00:00,Short,KOCT,37.57,-1.18%,38.51,suf,参数一,"{""suf"": {""timeframe"": ""w""}}",,,,,,,INNOVATOR U.S. SMALL CAP POW,1WK,200.0,24.24
2026-09-28 00:00:00,Short,KOCT,37.57,-1.18%,38.51,suf,参数二,"{""suf"": {""timeframe"": ""w""}}",,,,,,,INNOVATOR U.S. SMALL CAP POW,1WK,200.0,24.24
2026-09-28 00:00:00,Long,IMMP,4.62,1676.92%,4.18,utb,参数一,"{""utb"": {""key_value"": 2, ""atr_period"": 14, ""use_ha"": false}, ""r&s"": {""srb_left"": 10, ""srb_right"": 10}, ""atr"": {""atr_length"": 14, ""atr_mult"": 1.0}}",,,,,,,IMMUTEP LTD-SP ADR,1WK,,
2026-09-28 00:00:00,Long,IMMP,4.62,1676.92%,4.18,mfa,参数一,"{""mfa"": {""mfa_all"": 3}}",,,,,,,IMMUTEP LTD-SP ADR,1WK,,
2026-09-28 00:00:00,Long,IMMP,4.62,1676.92%,4.18,utb,参数二,"{""utb"": {""key_value"": 3, ""atr_period"": 14, ""use_ha"": false}, ""r&s"": {""srb_left"": 15, ""srb_right"": 15}, ""atr"": {""atr_length"": 14, ""atr_mult"": 1.0}}",,,,,,,IMMUTEP LTD-SP ADR,1WK,,
2026-09-28 00:00:00,Long,IMMP,4.62,1676.92%,4.18,mfa,参数二,"{""mfa"": {""mfa_all"": 3}}",,,,,,,IMMUTEP LTD-SP ADR,1WK,,
2026-09-28 00:00:00,Short,DVLU,38.83,-1.58%,40.31,utb,参数二,"{""utb"": {""key_value"": 3, ""atr_period"": 14, ""use_ha"": false}, ""r&s"": {""srb_left"": 15, ""srb_right"": 15}, ""atr"": {""atr_length"": 14, ""atr_mult"": 1.0}}",,,,,,,FIRST TRUST DRSY WRIGHT MOME,1WK,,
2026-09-28 00:00:00,Long,VRME,7.56,687.58%,0.11,sqz,参数一,"{""sqz"": {""bb_length"": 15, ""bb_mult"": 1.5, ""kc_length"": 15, ""kc_mult"": 1.2, ""min_sqz_bars"": 4}, ""r&s"": {""srb_left"": 10, ""srb_right"": 10}, ""atr"": {""atr_length"": 14, ""atr_mult"": 1.0}}",压力释放,1.49-5.0-1.48-1.51,高-低-高,235.57%-70.40%-2.02%,37.0,155.92,VERIFYME INC,1WK,,
2026-09-28 00:00:00,Long,VRME,7.56,687.58%,0.11,sqz,参数二,"{""sqz"": {""bb_length"": 20, ""bb_mult"": 1.8, ""kc_length"": 20, ""kc_mult"": 1.5, ""min_sqz_bars"": 4}, ""r&s"": {""srb_left"": 15, ""srb_right"": 15}, ""atr"": {""atr_length"": 14, ""atr_mult"": 1.0}}",压力释放,2.27-1.61-2.45-5.0-1.51,低-高-高-低,29.07%-52.17%-104.08%-69.80%,37.0,155.92,VERIFYME INC,1WK,,
2026-09-28 00:00:00,Long,FIXD,41.25,-0.96%,40.41,suf,参数一,"{""suf"": {""timeframe"": ""w""}}",,,,,,,FIRST TRUST SMITH OPPORTUNIS,1WK,200.0,2.53
2026-09-28 00:00:00,Long,FIXD,41.25,-0.96%,40.41,suf,参数二,"{""suf"": {""timeframe"": ""w""}}",,,,,,,FIRST TRUST SMITH OPPORTUNIS,1WK,200.0,2.53
2026-09-28 00:00:00,Long,GXO,44.65,-1.23%,39.95,mfa,参数一,"{""mfa"": {""mfa_all"": 7}}",,,,,,,GXO LOGISTICS INC,1WK,,
2026-09-28 00:00:00,Long,GXO,44.65,-1.23%,39.95,mfa,参数二,"{""mfa"": {""mfa_all"": 7}}",,,,,,,GXO LOGISTICS INC,1WK,,
2026-09-28 00:00:00,Short,FFIV,431.37,-2.64%,476.33,suf,参数一,"{""suf"": {""timeframe"": ""w""}}",,,,,,,F5 INC,1WK,200.0,81.88
2026-09-28 00:00:00,Short,FFIV,431.37,-2.64%,476.33,suf,参数二,"{""suf"": {""timeframe"": ""w""}}",,,,,,,F5 INC,1WK,200.0,81.88
2026-09-28 00:00:00,Short,USCB,22.31,-1.41%,24.16,suf,参数一,"{""suf"": {""timeframe"": ""w""}}",,,,,,,USCB FINANCIAL HOLDINGS INC,1WK,200.0,50.64
2026-09-28 00:00:00,Short,USCB,22.31,-1.41%,24.16,suf,参数二,"{""suf"": {""timeframe"": ""w""}}",,,,,,,USCB FINANCIAL HOLDINGS INC,1WK,200.0,50.64
2026-09-28 00:00:00,Long,SIM,28.8,-0.17%,26.94,mfa,参数一,"{""mfa"": {""mfa_all"": 4}}",,,,,,,GRUPO SIMEC SAB-SPON ADR,1WK,,
2026-09-28 00:00:00,Long,SIM,28.8,-0.17%,26.94,mfa,参数二,"{""mfa"": {""mfa_all"": 4}}",,,,,,,GRUPO SIMEC SAB-SPON ADR,1WK,,
2026-09-28 00:00:00,Long,MCRP,0.78,0.14%,0.38,mfa,参数一,"{""mfa"": {""mfa_all"": 8}}",,,,,,,MICROPOLIS AI ROBOTICS,1WK,,
2026-09-28 00:00:00,Long,MCRP,0.78,0.14%,0.38,mfa,参数二,"{""mfa"": {""mfa_all"": 8}}",,,,,,,MICROPOLIS AI ROBOTICS,1WK,,
2026-09-28 00:00:00,Short,BRSL,9.79,-1.71%,10.82,sqz,参数一,"{""sqz"": {""bb_length"": 15, ""bb_mult"": 1.5, ""kc_length"": 15, ""kc_mult"": 1.2, ""min_sqz_bars"": 4}, ""r&s"": {""srb_left"": 10, ""srb_right"": 10}, ""atr"": {""atr_length"": 14, ""atr_mult"": 1.0}}",支撑释放,nan-13.85-10.44,低-低,nan%-24.61%,77.0,65.44,BRIGHTSTAR LOTTERY PLC,1WK,,
2026-09-28 00:00:00,Short,IYM,178.56,-2.25%,187.81,utb,参数一,"{""utb"": {""key_value"": 2, ""atr_period"": 14, ""use_ha"": false}, ""r&s"": {""srb_left"": 10, ""srb_right"": 10}, ""atr"": {""atr_length"": 14, ""atr_mult"": 1.0}}",,,,,,,ISHARES U.S. BASIC MATERIALS,1WK,,
2026-09-28 00:00:00,Short,ROSC,53.56,-0.70%,55.1,utb,参数一,"{""utb"": {""key_value"": 2, ""atr_period"": 14, ""use_ha"": false}, ""r&s"": {""srb_left"": 10, ""srb_right"": 10}, ""atr"": {""atr_length"": 14, ""atr_mult"": 1.0}}",,,,,,,HARTFORD MULTIFACT SMALL CAP,1WK,,
2026-09-28 00:00:00,Long,AZO,2856.47,-0.55%,2665.15,mfa,参数一,"{""mfa"": {""mfa_all"": 19}}",,,,,,,AUTOZONE INC,1WK,,
2026-09-28 00:00:00,Long,AZO,2856.47,-0.55%,2665.15,mfa,参数二,"{""mfa"": {""mfa_all"": 19}}",,,,,,,AUTOZONE INC,1WK,,
2026-09-28 00:00:00,Short,PFIS,68.22,-2.27%,74.13,suf,参数一,"{""suf"": {""timeframe"": ""w""}}",,,,,,,PEOPLES FINANCIAL SERVICES,1WK,200.0,50.54
2026-09-28 00:00:00,Short,PFIS,68.22,-2.27%,74.13,suf,参数二,"{""suf"": {""timeframe"": ""w""}}",,,,,,,PEOPLES FINANCIAL SERVICES,1WK,200.0,50.54
2026-09-28 00:00:00,Long,ROL,30.38,1.15%,27.1,mfa,参数一,"{""mfa"": {""mfa_all"": 29}}",,,,,,,ROLLINS INC,1WK,,
2026-09-28 00:00:00,Long,ROL,30.38,1.15%,27.1,mfa,参数二,"{""mfa"": {""mfa_all"": 29}}",,,,,,,ROLLINS INC,1WK,,
2026-09-28 00:00:00,Short,GGAL,36.87,-4.71%,42.87,sqz,参数一,"{""sqz"": {""bb_length"": 15, ""bb_mult"": 1.5, ""kc_length"": 15, ""kc_mult"": 1.2, ""min_sqz_bars"": 4}, ""r&s"": {""srb_left"": 10, ""srb_right"": 10}, ""atr"": {""atr_length"": 14, ""atr_mult"": 1.0}}",一直亮红,9.27-21.79-40.55-24.76-38.53,高-高-低-高,134.98%-86.07%-38.92%-55.57%,22.0,50.4,GRUPO FINANCIERO GALICIA-ADR,1WK,,
2026-09-28 00:00:00,Short,GGAL,36.87,-4.71%,42.87,sqz,参数二,"{""sqz"": {""bb_length"": 20, ""bb_mult"": 1.8, ""kc_length"": 20, ""kc_mult"": 1.5, ""min_sqz_bars"": 4}, ""r&s"": {""srb_left"": 15, ""srb_right"": 15}, ""atr"": {""atr_length"": 14, ""atr_mult"": 1.0}}",一直亮红,9.27-21.79-40.55-24.76-38.53,高-高-低-高,134.98%-86.07%-38.92%-55.57%,22.0,50.4,GRUPO FINANCIERO GALICIA-ADR,1WK,,
2026-09-28 00:00:00,Short,XLRI,22.0,-0.97%,22.71,utb,参数二,"{""utb"": {""key_value"": 3, ""atr_period"": 14, ""use_ha"": false}, ""r&s"": {""srb_left"": 15, ""srb_right"": 15}, ""atr"": {""atr_length"": 14, ""atr_mult"": 1.0}}",,,,,,,SS REAL EST SS SPDR PREM INC,1WK,,
2026-09-28 00:00:00,Short,RYN,18.75,-0.72%,20.04,sqz,参数一,"{""sqz"": {""bb_length"": 15, ""bb_mult"": 1.5, ""kc_length"": 15, ""kc_mult"": 1.2, ""min_sqz_bars"": 4}, ""r&s"": {""srb_left"": 10, ""srb_right"": 10}, ""atr"": {""atr_length"": 14, ""atr_mult"": 1.0}}",支撑释放,21.99-21.61-19.38-20.02-19.01,低-低-高-低,1.75%-10.31%-3.31%-5.05%,28.0,17.27,RAYONIER INC,1WK,,
2026-09-28 00:00:00,Short,TGLS,34.22,-3.44%,38.91,sqz,参数二,"{""sqz"": {""bb_length"": 20, ""bb_mult"": 1.8, ""kc_length"": 20, ""kc_mult"": 1.5, ""min_sqz_bars"": 4}, ""r&s"": {""srb_left"": 15, ""srb_right"": 15}, ""atr"": {""atr_length"": 14, ""atr_mult"": 1.0}}",支撑释放,nan-27.64-40.36-59.73-37.4,低-高-高-低,nan%-46.03%-47.99%-37.39%,20.0,30.43,TECNOGLASS HOLDINGS INC,1WK,,
2026-09-28 00:00:00,Long,CYD,32.73,-0.91%,27.08,mfa,参数一,"{""mfa"": {""mfa_all"": 4}}",,,,,,,CHINA YUCHAI INTL LTD,1WK,,
2026-09-28 00:00:00,Long,CYD,32.73,-0.91%,27.08,mfa,参数二,"{""mfa"": {""mfa_all"": 4}}",,,,,,,CHINA YUCHAI INTL LTD,1WK,,
2026-09-28 00:00:00,Short,LGCY,9.44,1.34%,10.49,sqz,参数一,"{""sqz"": {""bb_length"": 15, ""bb_mult"": 1.5, ""kc_length"": 15, ""kc_mult"": 1.2, ""min_sqz_bars"": 4}, ""r&s"": {""srb_left"": 10, ""srb_right"": 10}, ""atr"": {""atr_length"": 14, ""atr_mult"": 1.0}}",支撑释放,nan-5.83-7.94-9.83,低-高-高,nan%-36.31%-23.76%,23.0,39.37,LEGACY EDUCATION INC,1WK,,
2026-09-28 00:00:00,Short,CSTL,34.62,-3.34%,39.48,suf,参数一,"{""suf"": {""timeframe"": ""w""}}",,,,,,,CASTLE BIOSCIENCES INC,1WK,200.0,43.7
2026-09-28 00:00:00,Short,CSTL,34.62,-3.34%,39.48,suf,参数二,"{""suf"": {""timeframe"": ""w""}}",,,,,,,CASTLE BIOSCIENCES INC,1WK,200.0,43.7
2026-09-28 00:00:00,Long,CATX,2.55,0.99%,1.98,mfa,参数一,"{""mfa"": {""mfa_all"": 3}}",,,,,,,PERSPECTIVE THERAPEUTICS INC,1WK,,
2026-09-28 00:00:00,Long,CATX,2.55,0.99%,1.98,mfa,参数二,"{""mfa"": {""mfa_all"": 3}}",,,,,,,PERSPECTIVE THERAPEUTICS INC,1WK,,
2026-09-28 00:00:00,Long,SFD,19.13,0.47%,17.52,mfa,参数一,"{""mfa"": {""mfa_all"": 5}}",,,,,,,SMITHFIELD FOODS INC,1WK,,
2026-09-28 00:00:00,Long,SFD,19.13,0.47%,17.52,mfa,参数二,"{""mfa"": {""mfa_all"": 5}}",,,,,,,SMITHFIELD FOODS INC,1WK,,
2026-09-28 00:00:00,Short,CPS,20.67,-8.94%,25.97,sqz,参数一,"{""sqz"": {""bb_length"": 15, ""bb_mult"": 1.5, ""kc_length"": 15, ""kc_mult"": 1.2, ""min_sqz_bars"": 4}, ""r&s"": {""srb_left"": 10, ""srb_right"": 10}, ""atr"": {""atr_length"": 14, ""atr_mult"": 1.0}}",支撑释放,11.24-12.55-10.38-27.11-25.27,高-低-高-低,11.65%-17.29%-161.18%-6.79%,19.0,28.49,COOPER-STANDARD HOLDING,1WK,,
2026-09-28 00:00:00,Long,UAC,10.0,0.10%,9.96,sqz,参数一,"{""sqz"": {""bb_length"": 15, ""bb_mult"": 1.5, ""kc_length"": 15, ""kc_mult"": 1.2, ""min_sqz_bars"": 4}, ""r&s"": {""srb_left"": 10, ""srb_right"": 10}, ""atr"": {""atr_length"": 14, ""atr_mult"": 1.0}}",压力释放,nan-9.99,低,nan%,14.0,0.91,UNITED ACQUISITION CORP I-A,1WK,,
2026-09-28 00:00:00,Short,ANF,133.3,-1.77%,149.26,suf,参数一,"{""suf"": {""timeframe"": ""w""}}",,,,,,,ABERCROMBIE & FITCH CO-CL A,1WK,200.0,44.59
2026-09-28 00:00:00,Short,ANF,133.3,-1.77%,149.26,suf,参数二,"{""suf"": {""timeframe"": ""w""}}",,,,,,,ABERCROMBIE & FITCH CO-CL A,1WK,200.0,44.59
2026-09-28 00:00:00,Short,GRN,34.46,-0.95%,35.55,suf,参数一,"{""suf"": {""timeframe"": ""w""}}",,,,,,,IPATH SERIES B CARBON ETN,1WK,200.0,14.48
2026-09-28 00:00:00,Short,GRN,34.46,-0.95%,35.55,suf,参数二,"{""suf"": {""timeframe"": ""w""}}",,,,,,,IPATH SERIES B CARBON ETN,1WK,200.0,14.48
2026-09-28 00:00:00,Long,XENE,36.58,-0.99%,30.9,mfa,参数一,"{""mfa"": {""mfa_all"": 3}}",,,,,,,XENON PHARMACEUTICALS INC,1WK,,
2026-09-28 00:00:00,Long,XENE,36.58,-0.99%,30.9,mfa,参数二,"{""mfa"": {""mfa_all"": 3}}",,,,,,,XENON PHARMACEUTICALS INC,1WK,,
2026-09-28 00:00:00,Long,GLUE,11.66,-0.93%,9.15,mfa,参数一,"{""mfa"": {""mfa_all"": 6}}",,,,,,,MONTE ROSA THERAPEUTICS INC,1WK,,
2026-09-28 00:00:00,Long,GLUE,11.66,-0.93%,9.15,mfa,参数二,"{""mfa"": {""mfa_all"": 6}}",,,,,,,MONTE ROSA THERAPEUTICS INC,1WK,,
2026-09-28 00:00:00,Short,JHID,42.84,-0.98%,43.65,utb,参数一,"{""utb"": {""key_value"": 2, ""atr_period"": 14, ""use_ha"": false}, ""r&s"": {""srb_left"": 10, ""srb_right"": 10}, ""atr"": {""atr_length"": 14, ""atr_mult"": 1.0}}",,,,,,,JOHN HANCOCK INTL HIGH DVD,1WK,,
2026-09-28 00:00:00,Short,MCY,98.61,-0.80%,105.34,utb,参数一,"{""utb"": {""key_value"": 2, ""atr_period"": 14, ""use_ha"": false}, ""r&s"": {""srb_left"": 10, ""srb_right"": 10}, ""atr"": {""atr_length"": 14, ""atr_mult"": 1.0}}",,,,,,,MERCURY GENERAL CORP,1WK,,
2026-09-28 00:00:00,Long,HGV,35.6,-0.46%,31.42,mfa,参数一,"{""mfa"": {""mfa_all"": 3}}",,,,,,,HILTON GRAND VACATIONS INC,1WK,,
2026-09-28 00:00:00,Long,HGV,35.6,-0.46%,31.42,mfa,参数二,"{""mfa"": {""mfa_all"": 3}}",,,,,,,HILTON GRAND VACATIONS INC,1WK,,
2026-09-28 00:00:00,Short,ZECP,37.12,-0.94%,38.05,utb,参数一,"{""utb"": {""key_value"": 2, ""atr_period"": 14, ""use_ha"": false}, ""r&s"": {""srb_left"": 10, ""srb_right"": 10}, ""atr"": {""atr_length"": 14, ""atr_mult"": 1.0}}",,,,,,,ZACKS EARNINGS CONSISTENT PO,1WK,,
2026-09-28 00:00:00,Short,EAPR,33.84,-0.68%,34.58,suf,参数一,"{""suf"": {""timeframe"": ""w""}}",,,,,,,INNOVATOR EMERGING MARKETS P,1WK,200.0,24.88
2026-09-28 00:00:00,Short,EAPR,33.84,-0.68%,34.58,suf,参数二,"{""suf"": {""timeframe"": ""w""}}",,,,,,,INNOVATOR EMERGING MARKETS P,1WK,200.0,24.88
2026-09-28 00:00:00,Short,BSVO,28.06,-1.68%,29.31,utb,参数一,"{""utb"": {""key_value"": 2, ""atr_period"": 14, ""use_ha"": false}, ""r&s"": {""srb_left"": 10, ""srb_right"": 10}, ""atr"": {""atr_length"": 14, ""atr_mult"": 1.0}}",,,,,,,EA Bridgeway Omni Sm-Cp Val,1WK,,
2026-09-28 00:00:00,Short,KRE,69.6,-2.73%,74.46,utb,参数一,"{""utb"": {""key_value"": 2, ""atr_period"": 14, ""use_ha"": false}, ""r&s"": {""srb_left"": 10, ""srb_right"": 10}, ""atr"": {""atr_length"": 14, ""atr_mult"": 1.0}}",,,,,,,SS SPDR S&P REGIONAL BANK,1WK,,
2026-09-28 00:00:00,Short,MAN,55.5,-3.33%,62.8,suf,参数一,"{""suf"": {""timeframe"": ""w""}}",,,,,,,MANPOWERGROUP INC,1WK,200.0,2.27
2026-09-28 00:00:00,Short,MAN,55.5,-3.33%,62.8,suf,参数二,"{""suf"": {""timeframe"": ""w""}}",,,,,,,MANPOWERGROUP INC,1WK,200.0,2.27
2026-09-28 00:00:00,Short,IXG,127.64,-1.97%,133.22,utb,参数一,"{""utb"": {""key_value"": 2, ""atr_period"": 14, ""use_ha"": false}, ""r&s"": {""srb_left"": 10, ""srb_right"": 10}, ""atr"": {""atr_length"": 14, ""atr_mult"": 1.0}}",,,,,,,ISHARES GLOBAL FINANCIALS ET,1WK,,
2026-09-28 00:00:00,Short,DSTL,63.9,-1.41%,66.53,utb,参数二,"{""utb"": {""key_value"": 3, ""atr_period"": 14, ""use_ha"": false}, ""r&s"": {""srb_left"": 15, ""srb_right"": 15}, ""atr"": {""atr_length"": 14, ""atr_mult"": 1.0}}",,,,,,,DISTILLATE US FUNDAMENTAL ST,1WK,,
2026-09-28 00:00:00,Short,VONV,108.93,-1.43%,112.18,suf,参数一,"{""suf"": {""timeframe"": ""w""}}",,,,,,,VANGUARD RUSSELL 1000 VALUE,1WK,200.0,36.62
2026-09-28 00:00:00,Short,VONV,108.93,-1.43%,112.18,suf,参数二,"{""suf"": {""timeframe"": ""w""}}",,,,,,,VANGUARD RUSSELL 1000 VALUE,1WK,200.0,36.62
2026-09-28 00:00:00,Short,VLUE,198.54,-1.53%,208.04,suf,参数一,"{""suf"": {""timeframe"": ""w""}}",,,,,,,ISHARES MSCI USA VALUE FACTO,1WK,200.0,73.96
2026-09-28 00:00:00,Short,VLUE,198.54,-1.53%,208.04,suf,参数二,"{""suf"": {""timeframe"": ""w""}}",,,,,,,ISHARES MSCI USA VALUE FACTO,1WK,200.0,73.96
2026-09-28 00:00:00,Long,SCO,20.06,-1.67%,15.92,mfa,参数一,"{""mfa"": {""mfa_all"": 5}}",,,,,,,PROSHARES ULTRASHORT BLOOMBE,1WK,,
2026-09-28 00:00:00,Long,SCO,20.06,-1.67%,15.92,mfa,参数二,"{""mfa"": {""mfa_all"": 5}}",,,,,,,PROSHARES ULTRASHORT BLOOMBE,1WK,,
2026-09-28 00:00:00,Short,CXSE,35.05,-2.08%,36.7,sqz,参数一,"{""sqz"": {""bb_length"": 15, ""bb_mult"": 1.5, ""kc_length"": 15, ""kc_mult"": 1.2, ""min_sqz_bars"": 4}, ""r&s"": {""srb_left"": 10, ""srb_right"": 10}, ""atr"": {""atr_length"": 14, ""atr_mult"": 1.0}}",支撑释放,24.35-27.09-26.98-38.3-36.58,高-低-高-低,11.23%-0.39%-41.97%-4.49%,26.0,15.06,WISDOMTREE CHINA EX-ST OW,1WK,,
2026-09-28 00:00:00,Short,GENM,9.82,-0.81%,10.02,sqz,参数一,"{""sqz"": {""bb_length"": 15, ""bb_mult"": 1.5, ""kc_length"": 15, ""kc_mult"": 1.2, ""min_sqz_bars"": 4}, ""r&s"": {""srb_left"": 10, ""srb_right"": 10}, ""atr"": {""atr_length"": 14, ""atr_mult"": 1.0}}",支撑释放,nan-9.53-9.48-10.06,低-低-高,nan%-0.52%-6.07%,27.0,6.92,GENTER CAPITAL MUNICIPAL,1WK,,
2026-09-28 00:00:00,Short,EUFN,40.3,-1.68%,42.4,utb,参数一,"{""utb"": {""key_value"": 2, ""atr_period"": 14, ""use_ha"": false}, ""r&s"": {""srb_left"": 10, ""srb_right"": 10}, ""atr"": {""atr_length"": 14, ""atr_mult"": 1.0}}",,,,,,,ISHARES MSCI EUROPE FINANCIA,1WK,,
2026-09-28 00:00:00,Short,EFAS,21.94,-1.83%,22.85,utb,参数一,"{""utb"": {""key_value"": 2, ""atr_period"": 14, ""use_ha"": false}, ""r&s"": {""srb_left"": 10, ""srb_right"": 10}, ""atr"": {""atr_length"": 14, ""atr_mult"": 1.0}}",,,,,,,GLOBAL X MSCI SUPERDIVIDEND,1WK,,
2026-09-28 00:00:00,Short,SIXH,44.1,-0.68%,45.02,suf,参数一,"{""suf"": {""timeframe"": ""w""}}",,,,,,,ETC 6 MERIDIAN HEDGED EQUITY,1WK,200.0,23.69
2026-09-28 00:00:00,Short,SIXH,44.1,-0.68%,45.02,suf,参数二,"{""suf"": {""timeframe"": ""w""}}",,,,,,,ETC 6 MERIDIAN HEDGED EQUITY,1WK,200.0,23.69
2026-09-28 00:00:00,Long,IBGL,22.08,-0.01%,21.73,mfa,参数一,"{""mfa"": {""mfa_all"": 22}}",,,,,,,ISHARES IBONDS DEC 2055 TT,1WK,,
2026-09-28 00:00:00,Long,IBGL,22.08,-0.01%,21.73,mfa,参数二,"{""mfa"": {""mfa_all"": 22}}",,,,,,,ISHARES IBONDS DEC 2055 TT,1WK,,
2026-09-28 00:00:00,Long,NAUT,1.38,43.82%,0.66,suf,参数一,"{""suf"": {""timeframe"": ""w""}}",,,,,,,NAUTILUS BIOTECHNOLOGY INC,1WK,200.0,-35.52
2026-09-28 00:00:00,Long,NAUT,1.38,43.82%,0.66,suf,参数二,"{""suf"": {""timeframe"": ""w""}}",,,,,,,NAUTILUS BIOTECHNOLOGY INC,1WK,200.0,-35.52
2026-09-28 00:00:00,Long,DARE,0.82,5.04%,0.4,suf,参数一,"{""suf"": {""timeframe"": ""w""}}",,,,,,,DARE BIOSCIENCE INC,1WK,200.0,-82.84
2026-09-28 00:00:00,Long,DARE,0.82,5.04%,0.4,suf,参数二,"{""suf"": {""timeframe"": ""w""}}",,,,,,,DARE BIOSCIENCE INC,1WK,200.0,-82.84
2026-09-28 00:00:00,Short,PSCE,57.46,-1.66%,61.82,utb,参数一,"{""utb"": {""key_value"": 2, ""atr_period"": 14, ""use_ha"": false}, ""r&s"": {""srb_left"": 10, ""srb_right"": 10}, ""atr"": {""atr_length"": 14, ""atr_mult"": 1.0}}",,,,,,,INVESCO S&P SMALLCAP ENERGY,1WK,,
2026-09-28 00:00:00,Short,NVO,38.17,-1.62%,42.34,utb,参数二,"{""utb"": {""key_value"": 3, ""atr_period"": 14, ""use_ha"": false}, ""r&s"": {""srb_left"": 15, ""srb_right"": 15}, ""atr"": {""atr_length"": 14, ""atr_mult"": 1.0}}",,,,,,,NOVO-NORDISK A/S-SPONS ADR,1WK,,
2026-09-28 00:00:00,Long,DBVT,11.46,-0.89%,9.68,mfa,参数一,"{""mfa"": {""mfa_all"": 11}}",,,,,,,DBV TECHNOLOGIES SA-SPON ADR,1WK,,
2026-09-28 00:00:00,Long,DBVT,11.46,-0.89%,9.68,mfa,参数二,"{""mfa"": {""mfa_all"": 11}}",,,,,,,DBV TECHNOLOGIES SA-SPON ADR,1WK,,
2026-09-28 00:00:00,Short,PSCF,60.94,-1.92%,63.56,utb,参数二,"{""utb"": {""key_value"": 3, ""atr_period"": 14, ""use_ha"": false}, ""r&s"": {""srb_left"": 15, ""srb_right"": 15}, ""atr"": {""atr_length"": 14, ""atr_mult"": 1.0}}",,,,,,,INVESCO S&P SMALLCAP FINANCI,1WK,,
2026-09-28 00:00:00,Long,FINW,11.35,0.25%,10.16,mfa,参数一,"{""mfa"": {""mfa_all"": 4}}",,,,,,,FINWISE BANCORP,1WK,,
2026-09-28 00:00:00,Short,FINW,11.35,0.25%,12.43,sqz,参数二,"{""sqz"": {""bb_length"": 20, ""bb_mult"": 1.8, ""kc_length"": 20, ""kc_mult"": 1.5, ""min_sqz_bars"": 4}, ""r&s"": {""srb_left"": 15, ""srb_right"": 15}, ""atr"": {""atr_length"": 14, ""atr_mult"": 1.0}}",支撑释放,7.61-8.31-8.72-13.48-12.82,高-高-高-低,9.20%-4.93%-54.64%-4.93%,20.0,20.51,FINWISE BANCORP,1WK,,
2026-09-28 00:00:00,Long,FINW,11.35,0.25%,10.16,mfa,参数二,"{""mfa"": {""mfa_all"": 4}}",,,,,,,FINWISE BANCORP,1WK,,
2026-09-28 00:00:00,Short,CAC,55.76,-3.56%,61.05,suf,参数一,"{""suf"": {""timeframe"": ""w""}}",,,,,,,CAMDEN NATIONAL CORP,1WK,200.0,48.34
2026-09-28 00:00:00,Short,CAC,55.76,-3.56%,61.05,suf,参数二,"{""suf"": {""timeframe"": ""w""}}",,,,,,,CAMDEN NATIONAL CORP,1WK,200.0,48.34
2026-09-28 00:00:00,Long,VSA,2.2,-19.67%,-13.92,mfa,参数一,"{""mfa"": {""mfa_all"": 47}}",,,,,,,VISIONSYS AI INC,1WK,,
2026-09-28 00:00:00,Long,VSA,2.2,-19.67%,-13.92,mfa,参数二,"{""mfa"": {""mfa_all"": 47}}",,,,,,,VISIONSYS AI INC,1WK,,
2026-09-28 00:00:00,Short,WTBA,28.32,-2.98%,30.65,suf,参数一,"{""suf"": {""timeframe"": ""w""}}",,,,,,,WEST BANCORPORATION,1WK,200.0,47.52
2026-09-28 00:00:00,Short,WTBA,28.32,-2.98%,30.65,suf,参数二,"{""suf"": {""timeframe"": ""w""}}",,,,,,,WEST BANCORPORATION,1WK,200.0,47.52
2026-09-28 00:00:00,Long,COTG,11.92,-0.36%,10.58,mfa,参数一,"{""mfa"": {""mfa_all"": 5}}",,,,,,,LEVERAGE SHARES 2X COST,1WK,,
2026-09-28 00:00:00,Long,COTG,11.92,-0.36%,10.58,mfa,参数二,"{""mfa"": {""mfa_all"": 5}}",,,,,,,LEVERAGE SHARES 2X COST,1WK,,
2026-09-28 00:00:00,Short,PTH,60.99,-0.99%,64.89,suf,参数一,"{""suf"": {""timeframe"": ""w""}}",,,,,,,INVESCO DORSEY WRIGHT HEALTH,1WK,200.0,43.38
2026-09-28 00:00:00,Short,PTH,60.99,-0.99%,64.89,suf,参数二,"{""suf"": {""timeframe"": ""w""}}",,,,,,,INVESCO DORSEY WRIGHT HEALTH,1WK,200.0,43.38
2026-09-28 00:00:00,Long,FSP,0.35,0.86%,0.27,mfa,参数一,"{""mfa"": {""mfa_all"": 49}}",,,,,,,FRANKLIN STREET PROPERTIES C,1WK,,
2026-09-28 00:00:00,Long,FSP,0.35,0.86%,0.27,mfa,参数二,"{""mfa"": {""mfa_all"": 49}}",,,,,,,FRANKLIN STREET PROPERTIES C,1WK,,
2026-09-28 00:00:00,Long,PPL,32.29,0.83%,30.36,mfa,参数一,"{""mfa"": {""mfa_all"": 5}}",,,,,,,PPL CORP,1WK,,
2026-09-28 00:00:00,Short,PPL,32.29,0.83%,33.76,sqz,参数二,"{""sqz"": {""bb_length"": 20, ""bb_mult"": 1.8, ""kc_length"": 20, ""kc_mult"": 1.5, ""min_sqz_bars"": 4}, ""r&s"": {""srb_left"": 15, ""srb_right"": 15}, ""atr"": {""atr_length"": 14, ""atr_mult"": 1.0}}",支撑释放,nan-20.1-32.39,低-高,nan%-61.15%,42.0,21.83,PPL CORP,1WK,,
2026-09-28 00:00:00,Long,PPL,32.29,0.83%,30.36,mfa,参数二,"{""mfa"": {""mfa_all"": 5}}",,,,,,,PPL CORP,1WK,,
2026-09-28 00:00:00,Short,CABA,1.96,-5.31%,2.57,sqz,参数一,"{""sqz"": {""bb_length"": 15, ""bb_mult"": 1.5, ""kc_length"": 15, ""kc_mult"": 1.2, ""min_sqz_bars"": 4}, ""r&s"": {""srb_left"": 10, ""srb_right"": 10}, ""atr"": {""atr_length"": 14, ""atr_mult"": 1.0}}",支撑释放,3.47-1.76-0.99-1.26-2.0,低-低-高-高,49.29%-43.98%-27.79%-58.73%,38.0,111.5,CABALETTA BIO INC,1WK,,
2026-09-28 00:00:00,Short,CABA,1.96,-5.31%,2.57,sqz,参数二,"{""sqz"": {""bb_length"": 20, ""bb_mult"": 1.8, ""kc_length"": 20, ""kc_mult"": 1.5, ""min_sqz_bars"": 4}, ""r&s"": {""srb_left"": 15, ""srb_right"": 15}, ""atr"": {""atr_length"": 14, ""atr_mult"": 1.0}}",支撑释放,nan-9.55-0.99-2.0,低-低-高,nan%-89.68%-102.84%,38.0,111.5,CABALETTA BIO INC,1WK,,
2026-09-28 00:00:00,Short,ACGL,94.18,-0.51%,99.58,utb,参数一,"{""utb"": {""key_value"": 2, ""atr_period"": 14, ""use_ha"": false}, ""r&s"": {""srb_left"": 10, ""srb_right"": 10}, ""atr"": {""atr_length"": 14, ""atr_mult"": 1.0}}",,,,,,,ARCH CAPITAL GROUP LTD,1WK,,
2026-09-28 00:00:00,Long,MTNB,2.64,1550.00%,2.11,suf,参数一,"{""suf"": {""timeframe"": ""w""}}",,,,,,,MATINAS BIOPHARMA HOLDINGS I,1WK,200.0,-64.3
2026-09-28 00:00:00,Long,MTNB,2.64,1550.00%,2.11,suf,参数二,"{""suf"": {""timeframe"": ""w""}}",,,,,,,MATINAS BIOPHARMA HOLDINGS I,1WK,200.0,-64.3
2026-09-28 00:00:00,Short,MFC,43.14,-1.64%,45.45,suf,参数一,"{""suf"": {""timeframe"": ""w""}}",,,,,,,MANULIFE FINANCIAL CORP,1WK,200.0,60.69
2026-09-28 00:00:00,Short,MFC,43.14,-1.64%,45.45,suf,参数二,"{""suf"": {""timeframe"": ""w""}}",,,,,,,MANULIFE FINANCIAL CORP,1WK,200.0,60.69
2026-09-28 00:00:00,Short,RWK,139.32,-1.48%,144.98,utb,参数二,"{""utb"": {""key_value"": 3, ""atr_period"": 14, ""use_ha"": false}, ""r&s"": {""srb_left"": 15, ""srb_right"": 15}, ""atr"": {""atr_length"": 14, ""atr_mult"": 1.0}}",,,,,,,INVESCO S&P MIDCAP 400 REV,1WK,,
2026-09-28 00:00:00,Short,FHTX,3.47,-0.71%,4.47,sqz,参数二,"{""sqz"": {""bb_length"": 20, ""bb_mult"": 1.8, ""kc_length"": 20, ""kc_mult"": 1.5, ""min_sqz_bars"": 4}, ""r&s"": {""srb_left"": 15, ""srb_right"": 15}, ""atr"": {""atr_length"": 14, ""atr_mult"": 1.0}}",一直释放,2.7-4.77-2.94-3.27-3.54,高-低-高-高,76.67%-38.26%-11.04%-8.26%,17.0,114.97,FOGHORN THERAPEUTICS INC,1WK,,
2026-09-28 00:00:00,Short,TEQI,50.71,-1.84%,52.32,utb,参数一,"{""utb"": {""key_value"": 2, ""atr_period"": 14, ""use_ha"": false}, ""r&s"": {""srb_left"": 10, ""srb_right"": 10}, ""atr"": {""atr_length"": 14, ""atr_mult"": 1.0}}",,,,,,,T ROWE PRICE EQUITY INCOME E,1WK,,
2026-09-28 00:00:00,Short,WRD,5.24,-5.15%,6.49,sqz,参数二,"{""sqz"": {""bb_length"": 20, ""bb_mult"": 1.8, ""kc_length"": 20, ""kc_mult"": 1.5, ""min_sqz_bars"": 4}, ""r&s"": {""srb_left"": 15, ""srb_right"": 15}, ""atr"": {""atr_length"": 14, ""atr_mult"": 1.0}}",一直释放,nan-6.03,低,nan%,74.0,108.13,WERIDE INC-ADR,1WK,,
2026-09-28 00:00:00,Short,VFQY,169.99,-1.21%,174.62,utb,参数一,"{""utb"": {""key_value"": 2, ""atr_period"": 14, ""use_ha"": false}, ""r&s"": {""srb_left"": 10, ""srb_right"": 10}, ""atr"": {""atr_length"": 14, ""atr_mult"": 1.0}}",,,,,,,VANGUARD U.S. QUALITY FACTOR,1WK,,
2026-09-28 00:00:00,Short,CZNC,25.16,-2.10%,26.89,suf,参数一,"{""suf"": {""timeframe"": ""w""}}",,,,,,,CITIZENS & NORTHERN CORP,1WK,200.0,35.52
2026-09-28 00:00:00,Short,CZNC,25.16,-2.10%,26.89,suf,参数二,"{""suf"": {""timeframe"": ""w""}}",,,,,,,CITIZENS & NORTHERN CORP,1WK,200.0,35.52
2026-09-28 00:00:00,Short,MBAI,4.08,-11.11%,6.4,sqz,参数二,"{""sqz"": {""bb_length"": 20, ""bb_mult"": 1.8, ""kc_length"": 20, ""kc_mult"": 1.5, ""min_sqz_bars"": 4}, ""r&s"": {""srb_left"": 15, ""srb_right"": 15}, ""atr"": {""atr_length"": 14, ""atr_mult"": 1.0}}",一直亮红,nan-8.54-3.92-4.15,低-低-高,nan%-54.10%-5.89%,60.0,561.05,MBODY AI LTD,1WK,,
2026-09-28 00:00:00,Short,PDLB,19.92,-2.06%,21.12,suf,参数一,"{""suf"": {""timeframe"": ""w""}}",,,,,,,PONCE FINANCIAL GROUP INC,1WK,200.0,61.36
2026-09-28 00:00:00,Short,PDLB,19.92,-2.06%,21.12,suf,参数二,"{""suf"": {""timeframe"": ""w""}}",,,,,,,PONCE FINANCIAL GROUP INC,1WK,200.0,61.36
2026-09-28 00:00:00,Short,AGGA,24.36,-0.58%,24.73,sqz,参数一,"{""sqz"": {""bb_length"": 15, ""bb_mult"": 1.5, ""kc_length"": 15, ""kc_mult"": 1.2, ""min_sqz_bars"": 4}, ""r&s"": {""srb_left"": 10, ""srb_right"": 10}, ""atr"": {""atr_length"": 14, ""atr_mult"": 1.0}}",支撑释放,nan-24.46,低,nan%,27.0,2.94,EA ASTORIA BEACON DYNAMIC CO,1WK,,
2026-09-28 00:00:00,Short,FRMI,4.3,-4.98%,6.12,sqz,参数一,"{""sqz"": {""bb_length"": 15, ""bb_mult"": 1.5, ""kc_length"": 15, ""kc_mult"": 1.2, ""min_sqz_bars"": 4}, ""r&s"": {""srb_left"": 10, ""srb_right"": 10}, ""atr"": {""atr_length"": 14, ""atr_mult"": 1.0}}",一直亮红,nan-4.47,低,nan%,25.0,126.73,FERMI INC,1WK,,
2026-09-28 00:00:00,Long,ECNS,27.57,0.33%,26.4,mfa,参数一,"{""mfa"": {""mfa_all"": 29}}",,,,,,,ISHARES MSCI CHINA SMALL-CAP,1WK,,
2026-09-28 00:00:00,Long,ECNS,27.57,0.33%,26.4,mfa,参数二,"{""mfa"": {""mfa_all"": 29}}",,,,,,,ISHARES MSCI CHINA SMALL-CAP,1WK,,
2026-09-28 00:00:00,Short,SONO,17.61,-3.14%,19.73,suf,参数一,"{""suf"": {""timeframe"": ""w""}}",,,,,,,SONOS INC,1WK,200.0,17.78
2026-09-28 00:00:00,Short,SONO,17.61,-3.14%,19.73,suf,参数二,"{""suf"": {""timeframe"": ""w""}}",,,,,,,SONOS INC,1WK,200.0,17.78
2026-09-28 00:00:00,Short,AFYA,11.76,-9.54%,13.64,sqz,参数一,"{""sqz"": {""bb_length"": 15, ""bb_mult"": 1.5, ""kc_length"": 15, ""kc_mult"": 1.2, ""min_sqz_bars"": 4}, ""r&s"": {""srb_left"": 10, ""srb_right"": 10}, ""atr"": {""atr_length"": 14, ""atr_mult"": 1.0}}",支撑释放,9.13-14.83-13.73-12.9-12.45,高-低-低-低,62.42%-7.46%-6.02%-3.49%,30.0,29.8,AFYA LTD-CLASS A,1WK,,
2026-09-28 00:00:00,Short,TGTX,55.77,-2.89%,62.47,suf,参数一,"{""suf"": {""timeframe"": ""w""}}",,,,,,,TG THERAPEUTICS INC,1WK,200.0,105.62
2026-09-28 00:00:00,Short,TGTX,55.77,-2.89%,62.47,suf,参数二,"{""suf"": {""timeframe"": ""w""}}",,,,,,,TG THERAPEUTICS INC,1WK,200.0,105.62
2026-09-28 00:00:00,Short,UCON,23.8,-0.65%,24.19,sqz,参数一,"{""sqz"": {""bb_length"": 15, ""bb_mult"": 1.5, ""kc_length"": 15, ""kc_mult"": 1.2, ""min_sqz_bars"": 4}, ""r&s"": {""srb_left"": 10, ""srb_right"": 10}, ""atr"": {""atr_length"": 14, ""atr_mult"": 1.0}}",支撑释放,20.48-20.45-21.6-22.62-23.95,低-高-高-高,0.17%-5.63%-4.75%-5.87%,26.0,3.53,FIRST TRUST SMITH UNCONSTRAI,1WK,,
2026-09-28 00:00:00,Short,UCON,23.8,-0.65%,24.19,sqz,参数二,"{""sqz"": {""bb_length"": 20, ""bb_mult"": 1.8, ""kc_length"": 20, ""kc_mult"": 1.5, ""min_sqz_bars"": 4}, ""r&s"": {""srb_left"": 15, ""srb_right"": 15}, ""atr"": {""atr_length"": 14, ""atr_mult"": 1.0}}",支撑释放,nan-20.45-21.6-23.95,低-高-高,nan%-5.63%-10.90%,26.0,3.53,FIRST TRUST SMITH UNCONSTRAI,1WK,,
2026-09-28 00:00:00,Short,RC,1.26,-5.26%,1.56,sqz,参数二,"{""sqz"": {""bb_length"": 20, ""bb_mult"": 1.8, ""kc_length"": 20, ""kc_mult"": 1.5, ""min_sqz_bars"": 4}, ""r&s"": {""srb_left"": 15, ""srb_right"": 15}, ""atr"": {""atr_length"": 14, ""atr_mult"": 1.0}}",支撑释放,nan-6.39-1.48,低-低,nan%-76.79%,27.0,46.25,READY CAPITAL CORP,1WK,,
2026-09-28 00:00:00,Short,COMT,36.5,-1.28%,38.71,suf,参数一,"{""suf"": {""timeframe"": ""w""}}",,,,,,,ISHARES GSCI COMMODITY DYNAM,1WK,200.0,44.55
2026-09-28 00:00:00,Short,COMT,36.5,-1.28%,38.71,suf,参数二,"{""suf"": {""timeframe"": ""w""}}",,,,,,,ISHARES GSCI COMMODITY DYNAM,1WK,200.0,44.55
2026-09-28 00:00:00,Short,PICB,22.23,-0.76%,22.72,sqz,参数一,"{""sqz"": {""bb_length"": 15, ""bb_mult"": 1.5, ""kc_length"": 15, ""kc_mult"": 1.2, ""min_sqz_bars"": 4}, ""r&s"": {""srb_left"": 10, ""srb_right"": 10}, ""atr"": {""atr_length"": 14, ""atr_mult"": 1.0}}",支撑释放,18.59-20.01-19.81-22.62-22.36,高-低-高-低,7.65%-1.00%-14.17%-1.13%,26.0,5.49,INVESCO INTERNATIONAL CORPOR,1WK,,
2026-09-28 00:00:00,Short,PICB,22.23,-0.76%,22.72,sqz,参数二,"{""sqz"": {""bb_length"": 20, ""bb_mult"": 1.8, ""kc_length"": 20, ""kc_mult"": 1.5, ""min_sqz_bars"": 4}, ""r&s"": {""srb_left"": 15, ""srb_right"": 15}, ""atr"": {""atr_length"": 14, ""atr_mult"": 1.0}}",支撑释放,nan-18.59-20.01-19.81-22.36,低-高-低-高,nan%-7.65%-1.00%-12.88%,26.0,5.49,INVESCO INTERNATIONAL CORPOR,1WK,,
2026-09-28 00:00:00,Short,NBCM,30.78,-1.80%,32.39,suf,参数一,"{""suf"": {""timeframe"": ""w""}}",,,,,,,NEUBERGER COMMODITY STRATEGY,1WK,200.0,45.69
2026-09-28 00:00:00,Short,NBCM,30.78,-1.80%,32.39,suf,参数二,"{""suf"": {""timeframe"": ""w""}}",,,,,,,NEUBERGER COMMODITY STRATEGY,1WK,200.0,45.69
2026-09-28 00:00:00,Short,DJUN,50.19,-0.31%,50.75,suf,参数一,"{""suf"": {""timeframe"": ""w""}}",,,,,,,FT VEST US EQUITY DEEP BUFFE,1WK,200.0,20.0
2026-09-28 00:00:00,Short,DJUN,50.19,-0.31%,50.75,suf,参数二,"{""suf"": {""timeframe"": ""w""}}",,,,,,,FT VEST US EQUITY DEEP BUFFE,1WK,200.0,20.0
2026-09-28 00:00:00,Long,LENZ,3.89,-0.64%,2.35,mfa,参数一,"{""mfa"": {""mfa_all"": 43}}",,,,,,,LENZ THERAPEUTICS INC,1WK,,
2026-09-28 00:00:00,Long,LENZ,3.89,-0.64%,2.35,mfa,参数二,"{""mfa"": {""mfa_all"": 43}}",,,,,,,LENZ THERAPEUTICS INC,1WK,,
2026-09-28 00:00:00,Short,IOYY,5.86,-0.34%,6.31,sqz,参数二,"{""sqz"": {""bb_length"": 20, ""bb_mult"": 1.8, ""kc_length"": 20, ""kc_mult"": 1.5, ""min_sqz_bars"": 4}, ""r&s"": {""srb_left"": 15, ""srb_right"": 15}, ""atr"": {""atr_length"": 14, ""atr_mult"": 1.0}}",一直亮红,nan-5.88,低,nan%,26.0,21.25,GRANITESH YIELDBOOST IONQ,1WK,,
2026-09-28 00:00:00,Short,FYX,134.67,-1.54%,140.75,utb,参数一,"{""utb"": {""key_value"": 2, ""atr_period"": 14, ""use_ha"": false}, ""r&s"": {""srb_left"": 10, ""srb_right"": 10}, ""atr"": {""atr_length"": 14, ""atr_mult"": 1.0}}",,,,,,,FIRST TRUST SMALL CAP CORE A,1WK,,
2026-09-28 00:00:00,Short,GWAV,2.5,4.60%,3.91,sqz,参数一,"{""sqz"": {""bb_length"": 15, ""bb_mult"": 1.5, ""kc_length"": 15, ""kc_mult"": 1.2, ""min_sqz_bars"": 4}, ""r&s"": {""srb_left"": 10, ""srb_right"": 10}, ""atr"": {""atr_length"": 14, ""atr_mult"": 1.0}}",支撑释放,nan-6451.5-31.35-13.2-3.24,低-低-低-低,nan%-99.51%-57.89%-75.45%,27.0,91.98,GREENWAVE TECHNOLOGY SOLUTIO,1WK,,
2026-09-28 00:00:00,Short,PFLD,19.19,-0.36%,19.44,utb,参数一,"{""utb"": {""key_value"": 2, ""atr_period"": 14, ""use_ha"": false}, ""r&s"": {""srb_left"": 10, ""srb_right"": 10}, ""atr"": {""atr_length"": 14, ""atr_mult"": 1.0}}",,,,,,,AAM LOW DUR PREF & INC SEC,1WK,,
2026-09-28 00:00:00,Short,DHS,112.63,-1.20%,116.26,utb,参数一,"{""utb"": {""key_value"": 2, ""atr_period"": 14, ""use_ha"": false}, ""r&s"": {""srb_left"": 10, ""srb_right"": 10}, ""atr"": {""atr_length"": 14, ""atr_mult"": 1.0}}",,,,,,,WISDOMTREE US HIGH DIVIDEND,1WK,,
2026-09-28 00:00:00,Short,CWH,5.15,-4.45%,6.28,sqz,参数一,"{""sqz"": {""bb_length"": 15, ""bb_mult"": 1.5, ""kc_length"": 15, ""kc_mult"": 1.2, ""min_sqz_bars"": 4}, ""r&s"": {""srb_left"": 10, ""srb_right"": 10}, ""atr"": {""atr_length"": 14, ""atr_mult"": 1.0}}",支撑释放,16.53-10.88-13.1-9.38-5.7,低-高-低-低,34.16%-20.40%-28.43%-39.20%,28.0,51.4,CAMPING WORLD HOLDINGS INC-A,1WK,,
2026-09-28 00:00:00,Short,CWH,5.15,-4.45%,6.28,sqz,参数二,"{""sqz"": {""bb_length"": 20, ""bb_mult"": 1.8, ""kc_length"": 20, ""kc_mult"": 1.5, ""min_sqz_bars"": 4}, ""r&s"": {""srb_left"": 15, ""srb_right"": 15}, ""atr"": {""atr_length"": 14, ""atr_mult"": 1.0}}",支撑释放,17.1-15.21-16.53-10.88-5.7,低-高-低-低,11.01%-8.62%-34.16%-47.61%,28.0,51.4,CAMPING WORLD HOLDINGS INC-A,1WK,,
2026-09-28 00:00:00,Short,FDLS,41.2,-1.13%,42.7,utb,参数一,"{""utb"": {""key_value"": 2, ""atr_period"": 14, ""use_ha"": false}, ""r&s"": {""srb_left"": 10, ""srb_right"": 10}, ""atr"": {""atr_length"": 14, ""atr_mult"": 1.0}}",,,,,,,INSPIRE FIDELIS MULTI FACTOR,1WK,,
2026-09-28 00:00:00,Short,TGT,156.46,-0.63%,169.63,suf,参数一,"{""suf"": {""timeframe"": ""w""}}",,,,,,,TARGET CORP,1WK,200.0,27.94
2026-09-28 00:00:00,Short,TGT,156.46,-0.63%,169.63,suf,参数二,"{""suf"": {""timeframe"": ""w""}}",,,,,,,TARGET CORP,1WK,200.0,27.94
2026-09-28 00:00:00,Long,MRLN,1.75,-12.06%,0.47,mfa,参数一,"{""mfa"": {""mfa_all"": 30}}",,,,,,,MERLIN INC,1WK,,
2026-09-28 00:00:00,Long,MRLN,1.75,-12.06%,0.47,mfa,参数二,"{""mfa"": {""mfa_all"": 30}}",,,,,,,MERLIN INC,1WK,,
2026-09-28 00:00:00,Short,HWC,71.76,-2.83%,77.3,utb,参数一,"{""utb"": {""key_value"": 2, ""atr_period"": 14, ""use_ha"": false}, ""r&s"": {""srb_left"": 10, ""srb_right"": 10}, ""atr"": {""atr_length"": 14, ""atr_mult"": 1.0}}",,,,,,,HANCOCK WHITNEY CORP,1WK,,
2026-09-28 00:00:00,Short,LSAT,44.03,-2.02%,45.77,utb,参数二,"{""utb"": {""key_value"": 3, ""atr_period"": 14, ""use_ha"": false}, ""r&s"": {""srb_left"": 15, ""srb_right"": 15}, ""atr"": {""atr_length"": 14, ""atr_mult"": 1.0}}",,,,,,,LEADERSHARES ALPHAFACT TACT,1WK,,
2026-09-28 00:00:00,Short,ILCV,105.52,-1.41%,108.36,suf,参数一,"{""suf"": {""timeframe"": ""w""}}",,,,,,,ISHARES MORNINGSTAR VALUE ET,1WK,200.0,34.98
2026-09-28 00:00:00,Short,ILCV,105.52,-1.41%,108.36,suf,参数二,"{""suf"": {""timeframe"": ""w""}}",,,,,,,ISHARES MORNINGSTAR VALUE ET,1WK,200.0,34.98
2026-09-28 00:00:00,Short,IFGL,20.77,-1.24%,21.64,sqz,参数二,"{""sqz"": {""bb_length"": 20, ""bb_mult"": 1.8, ""kc_length"": 20, ""kc_mult"": 1.5, ""min_sqz_bars"": 4}, ""r&s"": {""srb_left"": 15, ""srb_right"": 15}, ""atr"": {""atr_length"": 14, ""atr_mult"": 1.0}}",支撑释放,nan-15.82-17.18-21.17,低-高-高,nan%-8.54%-23.25%,27.0,12.51,ISHARES INTERNATIONAL DEVELO,1WK,,
2026-09-28 00:00:00,Short,VFF,3.1,-2.21%,3.47,suf,参数一,"{""suf"": {""timeframe"": ""w""}}",,,,,,,VILLAGE FARMS INTERNATIONAL,1WK,200.0,103.6
2026-09-28 00:00:00,Short,VFF,3.1,-2.21%,3.47,suf,参数二,"{""suf"": {""timeframe"": ""w""}}",,,,,,,VILLAGE FARMS INTERNATIONAL,1WK,200.0,103.6
2026-09-28 00:00:00,Short,VFMV,141.43,-0.78%,144.27,utb,参数一,"{""utb"": {""key_value"": 2, ""atr_period"": 14, ""use_ha"": false}, ""r&s"": {""srb_left"": 10, ""srb_right"": 10}, ""atr"": {""atr_length"": 14, ""atr_mult"": 1.0}}",,,,,,,VANGUARD US MINIMUM VOLATILI,1WK,,
2026-09-28 00:00:00,Short,STLD,223.74,-4.25%,251.06,utb,参数一,"{""utb"": {""key_value"": 2, ""atr_period"": 14, ""use_ha"": false}, ""r&s"": {""srb_left"": 10, ""srb_right"": 10}, ""atr"": {""atr_length"": 14, ""atr_mult"": 1.0}}",,,,,,,STEEL DYNAMICS INC,1WK,,
2026-09-28 00:00:00,Short,SPXN,84.54,-0.79%,86.55,suf,参数一,"{""suf"": {""timeframe"": ""w""}}",,,,,,,PROSHARES S&P 500 EX-FINANCI,1WK,200.0,40.95
2026-09-28 00:00:00,Short,SPXN,84.54,-0.79%,86.55,suf,参数二,"{""suf"": {""timeframe"": ""w""}}",,,,,,,PROSHARES S&P 500 EX-FINANCI,1WK,200.0,40.95
2026-09-28 00:00:00,Short,EQH,51.8,-3.79%,57.17,suf,参数一,"{""suf"": {""timeframe"": ""w""}}",,,,,,,EQUITABLE HOLDINGS INC,1WK,200.0,32.86
2026-09-28 00:00:00,Short,EQH,51.8,-3.79%,57.17,suf,参数二,"{""suf"": {""timeframe"": ""w""}}",,,,,,,EQUITABLE HOLDINGS INC,1WK,200.0,32.86
2026-09-28 00:00:00,Short,OSIS,191.29,-3.02%,215.25,sqz,参数一,"{""sqz"": {""bb_length"": 15, ""bb_mult"": 1.5, ""kc_length"": 15, ""kc_mult"": 1.2, ""min_sqz_bars"": 4}, ""r&s"": {""srb_left"": 10, ""srb_right"": 10}, ""atr"": {""atr_length"": 14, ""atr_mult"": 1.0}}",支撑释放,129.18-129.84-204.0-243.42-197.27,高-高-高-低,0.51%-57.12%-19.32%-18.96%,17.0,22.12,OSI SYSTEMS INC,1WK,,
2026-09-28 00:00:00,Long,FGL,4.12,-4.85%,-186.14,mfa,参数一,"{""mfa"": {""mfa_all"": 82}}",,,,,,,FOUNDER GROUP LTD-A,1WK,,
2026-09-28 00:00:00,Long,FGL,4.12,-4.85%,-186.14,mfa,参数二,"{""mfa"": {""mfa_all"": 82}}",,,,,,,FOUNDER GROUP LTD-A,1WK,,
2026-09-28 00:00:00,Short,GTLB,46.37,-1.01%,51.48,suf,参数一,"{""suf"": {""timeframe"": ""w""}}",,,,,,,GITLAB INC-CL A,1WK,200.0,0.02
2026-09-28 00:00:00,Short,GTLB,46.37,-1.01%,51.48,suf,参数二,"{""suf"": {""timeframe"": ""w""}}",,,,,,,GITLAB INC-CL A,1WK,200.0,0.02
2026-09-28 00:00:00,Short,XSLV,49.33,-1.50%,51.09,utb,参数二,"{""utb"": {""key_value"": 3, ""atr_period"": 14, ""use_ha"": false}, ""r&s"": {""srb_left"": 15, ""srb_right"": 15}, ""atr"": {""atr_length"": 14, ""atr_mult"": 1.0}}",,,,,,,INVESCO S&P SMALLCAP LOW VOL,1WK,,
2026-09-28 00:00:00,Short,BAC,54.88,-3.20%,59.31,utb,参数二,"{""utb"": {""key_value"": 3, ""atr_period"": 14, ""use_ha"": false}, ""r&s"": {""srb_left"": 15, ""srb_right"": 15}, ""atr"": {""atr_length"": 14, ""atr_mult"": 1.0}}",,,,,,,BANK OF AMERICA CORP,1WK,,
2026-09-28 00:00:00,Short,OMDA,18.87,-4.02%,21.88,utb,参数一,"{""utb"": {""key_value"": 2, ""atr_period"": 14, ""use_ha"": false}, ""r&s"": {""srb_left"": 10, ""srb_right"": 10}, ""atr"": {""atr_length"": 14, ""atr_mult"": 1.0}}",,,,,,,OMADA HEALTH INC,1WK,,
2026-09-28 00:00:00,Short,LOAN,3.83,-1.79%,4.13,sqz,参数一,"{""sqz"": {""bb_length"": 15, ""bb_mult"": 1.5, ""kc_length"": 15, ""kc_mult"": 1.2, ""min_sqz_bars"": 4}, ""r&s"": {""srb_left"": 10, ""srb_right"": 10}, ""atr"": {""atr_length"": 14, ""atr_mult"": 1.0}}",支撑释放,3.36-3.7-4.24-3.99-3.94,高-高-低-低,10.22%-14.52%-5.75%-1.31%,28.0,20.19,MANHATTAN BRIDGE CAPITAL INC,1WK,,
2026-09-28 00:00:00,Short,LOAN,3.83,-1.79%,4.13,sqz,参数二,"{""sqz"": {""bb_length"": 20, ""bb_mult"": 1.8, ""kc_length"": 20, ""kc_mult"": 1.5, ""min_sqz_bars"": 4}, ""r&s"": {""srb_left"": 15, ""srb_right"": 15}, ""atr"": {""atr_length"": 14, ""atr_mult"": 1.0}}",支撑释放,3.46-3.36-4.24-3.99-3.94,低-高-低-低,3.03%-26.22%-5.75%-1.31%,28.0,20.19,MANHATTAN BRIDGE CAPITAL INC,1WK,,
2026-09-28 00:00:00,Long,EUO,31.57,1.33%,30.65,sqz,参数二,"{""sqz"": {""bb_length"": 20, ""bb_mult"": 1.8, ""kc_length"": 20, ""kc_mult"": 1.5, ""min_sqz_bars"": 4}, ""r&s"": {""srb_left"": 15, ""srb_right"": 15}, ""atr"": {""atr_length"": 14, ""atr_mult"": 1.0}}",一直释放,nan-32.16-32.13-36.07-29.53,低-低-高-低,nan%-0.09%-12.26%-18.13%,47.0,9.65,PROSHARES ULTRASHORT EURO,1WK,,
2026-09-28 00:00:00,Short,CLST,17.78,-0.65%,18.46,suf,参数一,"{""suf"": {""timeframe"": ""w""}}",,,,,,,CATALYST BANCORP INC,1WK,200.0,37.79
2026-09-28 00:00:00,Short,CLST,17.78,-0.65%,18.46,suf,参数二,"{""suf"": {""timeframe"": ""w""}}",,,,,,,CATALYST BANCORP INC,1WK,200.0,37.79
2026-09-28 00:00:00,Short,PFS,22.16,-2.98%,23.86,utb,参数一,"{""utb"": {""key_value"": 2, ""atr_period"": 14, ""use_ha"": false}, ""r&s"": {""srb_left"": 10, ""srb_right"": 10}, ""atr"": {""atr_length"": 14, ""atr_mult"": 1.0}}",,,,,,,PROVIDENT FINANCIAL SERVICES,1WK,,
2026-09-28 00:00:00,Long,HCTI,0.68,-12.66%,-21.86,mfa,参数一,"{""mfa"": {""mfa_all"": 41}}",,,,,,,HEALTHCARE TRIANGLE INC,1WK,,
2026-09-28 00:00:00,Long,HCTI,0.68,-12.66%,-21.86,mfa,参数二,"{""mfa"": {""mfa_all"": 41}}",,,,,,,HEALTHCARE TRIANGLE INC,1WK,,
2026-09-28 00:00:00,Long,FLNA,0.88,17.56%,0.5,suf,参数一,"{""suf"": {""timeframe"": ""w""}}",,,,,,,FILANA THERAPEUTICS INC,1WK,200.0,-93.28
2026-09-28 00:00:00,Long,FLNA,0.88,17.56%,0.5,suf,参数二,"{""suf"": {""timeframe"": ""w""}}",,,,,,,FILANA THERAPEUTICS INC,1WK,200.0,-93.28
2026-09-28 00:00:00,Short,TTAM,13.64,-1.52%,15.15,sqz,参数一,"{""sqz"": {""bb_length"": 15, ""bb_mult"": 1.5, ""kc_length"": 15, ""kc_mult"": 1.2, ""min_sqz_bars"": 4}, ""r&s"": {""srb_left"": 10, ""srb_right"": 10}, ""atr"": {""atr_length"": 14, ""atr_mult"": 1.0}}",一直亮红,nan-14.19-13.83,低-低,nan%-2.57%,28.0,41.55,TITAN AMERICA SA,1WK,,
2026-09-28 00:00:00,Long,TTAM,13.64,-1.52%,12.31,mfa,参数一,"{""mfa"": {""mfa_all"": 3}}",,,,,,,TITAN AMERICA SA,1WK,,
2026-09-28 00:00:00,Short,TTAM,13.64,-1.52%,15.15,sqz,参数二,"{""sqz"": {""bb_length"": 20, ""bb_mult"": 1.8, ""kc_length"": 20, ""kc_mult"": 1.5, ""min_sqz_bars"": 4}, ""r&s"": {""srb_left"": 15, ""srb_right"": 15}, ""atr"": {""atr_length"": 14, ""atr_mult"": 1.0}}",一直亮红,nan-13.83,低,nan%,28.0,41.55,TITAN AMERICA SA,1WK,,
2026-09-28 00:00:00,Long,TTAM,13.64,-1.52%,12.31,mfa,参数二,"{""mfa"": {""mfa_all"": 3}}",,,,,,,TITAN AMERICA SA,1WK,,
2026-09-28 00:00:00,Short,PJUN,43.99,-0.59%,44.76,suf,参数一,"{""suf"": {""timeframe"": ""w""}}",,,,,,,INNOVATOR U.S. EQUITY POWER,1WK,200.0,19.52
2026-09-28 00:00:00,Short,PJUN,43.99,-0.59%,44.76,suf,参数二,"{""suf"": {""timeframe"": ""w""}}",,,,,,,INNOVATOR U.S. EQUITY POWER,1WK,200.0,19.52
2026-09-28 00:00:00,Long,CNH,13.19,0.73%,11.87,sqz,参数一,"{""sqz"": {""bb_length"": 15, ""bb_mult"": 1.5, ""kc_length"": 15, ""kc_mult"": 1.2, ""min_sqz_bars"": 4}, ""r&s"": {""srb_left"": 10, ""srb_right"": 10}, ""atr"": {""atr_length"": 14, ""atr_mult"": 1.0}}",一直亮绿,nan-14.69-12.42-14.13-13.18,低-低-高-低,nan%-15.50%-13.83%-6.73%,32.0,35.68,CNH INDUSTRIAL NV,1WK,,
2026-09-28 00:00:00,Long,CNH,13.19,0.73%,11.87,sqz,参数二,"{""sqz"": {""bb_length"": 20, ""bb_mult"": 1.8, ""kc_length"": 20, ""kc_mult"": 1.5, ""min_sqz_bars"": 4}, ""r&s"": {""srb_left"": 15, ""srb_right"": 15}, ""atr"": {""atr_length"": 14, ""atr_mult"": 1.0}}",一直亮绿,nan-14.69-12.42-14.13-13.18,低-低-高-低,nan%-15.50%-13.83%-6.73%,32.0,35.68,CNH INDUSTRIAL NV,1WK,,
2026-09-28 00:00:00,Short,NUE,237.07,-4.12%,264.33,utb,参数一,"{""utb"": {""key_value"": 2, ""atr_period"": 14, ""use_ha"": false}, ""r&s"": {""srb_left"": 10, ""srb_right"": 10}, ""atr"": {""atr_length"": 14, ""atr_mult"": 1.0}}",,,,,,,NUCOR CORP,1WK,,
2026-09-28 00:00:00,Short,GCBC,33.78,-1.99%,36.42,suf,参数一,"{""suf"": {""timeframe"": ""w""}}",,,,,,,GREENE COUNTY BANCORP INC,1WK,200.0,28.24
2026-09-28 00:00:00,Short,GCBC,33.78,-1.99%,36.42,suf,参数二,"{""suf"": {""timeframe"": ""w""}}",,,,,,,GREENE COUNTY BANCORP INC,1WK,200.0,28.24
2026-09-28 00:00:00,Short,AUSF,49.01,-1.31%,50.61,utb,参数二,"{""utb"": {""key_value"": 3, ""atr_period"": 14, ""use_ha"": false}, ""r&s"": {""srb_left"": 15, ""srb_right"": 15}, ""atr"": {""atr_length"": 14, ""atr_mult"": 1.0}}",,,,,,,GLOBAL X ADAPTIVE US FACTOR,1WK,,
2026-09-28 00:00:00,Short,SAA,31.64,-3.80%,33.89,utb,参数二,"{""utb"": {""key_value"": 3, ""atr_period"": 14, ""use_ha"": false}, ""r&s"": {""srb_left"": 15, ""srb_right"": 15}, ""atr"": {""atr_length"": 14, ""atr_mult"": 1.0}}",,,,,,,PROSHARES ULTRA SMALLCAP600,1WK,,
2026-09-28 00:00:00,Short,REGL,87.28,-1.50%,90.63,utb,参数二,"{""utb"": {""key_value"": 3, ""atr_period"": 14, ""use_ha"": false}, ""r&s"": {""srb_left"": 15, ""srb_right"": 15}, ""atr"": {""atr_length"": 14, ""atr_mult"": 1.0}}",,,,,,,PRSHRS S&P MID 400 DVD ARIST,1WK,,
2026-09-28 00:00:00,Short,AVLV,90.79,-1.14%,93.45,utb,参数一,"{""utb"": {""key_value"": 2, ""atr_period"": 14, ""use_ha"": false}, ""r&s"": {""srb_left"": 10, ""srb_right"": 10}, ""atr"": {""atr_length"": 14, ""atr_mult"": 1.0}}",,,,,,,AVANTIS US LARGE CAP VALUE,1WK,,
2026-09-28 00:00:00,Long,PRSO,0.5,-2.94%,0.34,mfa,参数一,"{""mfa"": {""mfa_all"": 15}}",,,,,,,PERASO INC,1WK,,
2026-09-28 00:00:00,Long,PRSO,0.5,-2.94%,0.34,mfa,参数二,"{""mfa"": {""mfa_all"": 15}}",,,,,,,PERASO INC,1WK,,
2026-09-28 00:00:00,Short,RF,26.82,-2.91%,28.96,utb,参数二,"{""utb"": {""key_value"": 3, ""atr_period"": 14, ""use_ha"": false}, ""r&s"": {""srb_left"": 15, ""srb_right"": 15}, ""atr"": {""atr_length"": 14, ""atr_mult"": 1.0}}",,,,,,,REGIONS FINANCIAL CORP,1WK,,
2026-09-28 00:00:00,Long,BTMD,1.24,1.64%,0.84,suf,参数一,"{""suf"": {""timeframe"": ""w""}}",,,,,,,BIOTE CORP -A,1WK,200.0,-71.57
2026-09-28 00:00:00,Long,BTMD,1.24,1.64%,0.84,suf,参数二,"{""suf"": {""timeframe"": ""w""}}",,,,,,,BIOTE CORP -A,1WK,200.0,-71.57
2026-09-28 00:00:00,Short,EQWL,129.39,-1.24%,132.85,utb,参数一,"{""utb"": {""key_value"": 2, ""atr_period"": 14, ""use_ha"": false}, ""r&s"": {""srb_left"": 10, ""srb_right"": 10}, ""atr"": {""atr_length"": 14, ""atr_mult"": 1.0}}",,,,,,,INVESCO S&P 100 EQUAL WEIGHT,1WK,,
2026-09-28 00:00:00,Short,DON,54.18,-1.24%,56.08,utb,参数二,"{""utb"": {""key_value"": 3, ""atr_period"": 14, ""use_ha"": false}, ""r&s"": {""srb_left"": 15, ""srb_right"": 15}, ""atr"": {""atr_length"": 14, ""atr_mult"": 1.0}}",,,,,,,WISDOMTREE US MIDCAP DIVIDEN,1WK,,
2026-09-28 00:00:00,Long,MNY,0.71,6.11%,0.55,mfa,参数一,"{""mfa"": {""mfa_all"": 16}}",,,,,,,MONEYHERO LTD-A,1WK,,
2026-09-28 00:00:00,Long,MNY,0.71,6.11%,0.55,mfa,参数二,"{""mfa"": {""mfa_all"": 16}}",,,,,,,MONEYHERO LTD-A,1WK,,
2026-09-28 00:00:00,Short,GLIN,43.08,-2.08%,44.75,utb,参数一,"{""utb"": {""key_value"": 2, ""atr_period"": 14, ""use_ha"": false}, ""r&s"": {""srb_left"": 10, ""srb_right"": 10}, ""atr"": {""atr_length"": 14, ""atr_mult"": 1.0}}",,,,,,,VANECK INDIA GROWTH LEADERS,1WK,,
2026-09-28 00:00:00,Short,ABM,48.73,-2.11%,52.03,suf,参数一,"{""suf"": {""timeframe"": ""w""}}",,,,,,,ABM INDUSTRIES INC,1WK,200.0,9.68
2026-09-28 00:00:00,Short,ABM,48.73,-2.11%,52.03,suf,参数二,"{""suf"": {""timeframe"": ""w""}}",,,,,,,ABM INDUSTRIES INC,1WK,200.0,9.68
2026-09-28 00:00:00,Short,TPSC,44.74,-1.65%,46.44,utb,参数二,"{""utb"": {""key_value"": 3, ""atr_period"": 14, ""use_ha"": false}, ""r&s"": {""srb_left"": 15, ""srb_right"": 15}, ""atr"": {""atr_length"": 14, ""atr_mult"": 1.0}}",,,,,,,TIMOTHY PLAN US SMALL CAP CO,1WK,,
2026-09-28 00:00:00,Long,SMPL,9.52,-0.78%,8.2,mfa,参数一,"{""mfa"": {""mfa_all"": 69}}",,,,,,,SIMPLY GOOD FOODS CO/THE,1WK,,
2026-09-28 00:00:00,Long,SMPL,9.52,-0.78%,8.2,mfa,参数二,"{""mfa"": {""mfa_all"": 69}}",,,,,,,SIMPLY GOOD FOODS CO/THE,1WK,,
2026-09-28 00:00:00,Short,JPSE,56.35,-1.46%,58.35,utb,参数二,"{""utb"": {""key_value"": 3, ""atr_period"": 14, ""use_ha"": false}, ""r&s"": {""srb_left"": 15, ""srb_right"": 15}, ""atr"": {""atr_length"": 14, ""atr_mult"": 1.0}}",,,,,,,JPM DIVERSIFIED RT SMALL CAP,1WK,,
2026-09-28 00:00:00,Short,LODE,2.28,-10.93%,3.13,sqz,参数一,"{""sqz"": {""bb_length"": 15, ""bb_mult"": 1.5, ""kc_length"": 15, ""kc_mult"": 1.2, ""min_sqz_bars"": 4}, ""r&s"": {""srb_left"": 10, ""srb_right"": 10}, ""atr"": {""atr_length"": 14, ""atr_mult"": 1.0}}",一直亮红,3.7-1.3-1.67-2.24-2.35,低-高-高-高,64.86%-28.46%-34.13%-4.91%,34.0,111.91,COMSTOCK INC,1WK,,
2026-09-28 00:00:00,Short,LODE,2.28,-10.93%,3.13,sqz,参数二,"{""sqz"": {""bb_length"": 20, ""bb_mult"": 1.8, ""kc_length"": 20, ""kc_mult"": 1.5, ""min_sqz_bars"": 4}, ""r&s"": {""srb_left"": 15, ""srb_right"": 15}, ""atr"": {""atr_length"": 14, ""atr_mult"": 1.0}}",一直亮红,3.7-1.3-1.67-2.24-2.35,低-高-高-高,64.86%-28.46%-34.13%-4.91%,34.0,111.91,COMSTOCK INC,1WK,,
2026-09-28 00:00:00,Short,MCHX,1.28,-2.29%,1.59,sqz,参数一,"{""sqz"": {""bb_length"": 15, ""bb_mult"": 1.5, ""kc_length"": 15, ""kc_mult"": 1.2, ""min_sqz_bars"": 4}, ""r&s"": {""srb_left"": 10, ""srb_right"": 10}, ""atr"": {""atr_length"": 14, ""atr_mult"": 1.0}}",支撑释放,1.26-1.37-1.32-1.34-1.36,高-低-高-高,8.73%-3.65%-1.52%-1.49%,15.0,47.06,MARCHEX INC-CLASS B,1WK,,
2026-09-28 00:00:00,Short,IBIG,25.1,-0.34%,25.33,sqz,参数二,"{""sqz"": {""bb_length"": 20, ""bb_mult"": 1.8, ""kc_length"": 20, ""kc_mult"": 1.5, ""min_sqz_bars"": 4}, ""r&s"": {""srb_left"": 15, ""srb_right"": 15}, ""atr"": {""atr_length"": 14, ""atr_mult"": 1.0}}",支撑释放,nan-22.48-23.32-25.22,低-高-高,nan%-3.72%-8.13%,40.0,4.46,ISHARES IBONDS OCT 2030 TT,1WK,,
2026-09-28 00:00:00,Short,EPRF,15.73,-1.78%,16.18,sqz,参数一,"{""sqz"": {""bb_length"": 15, ""bb_mult"": 1.5, ""kc_length"": 15, ""kc_mult"": 1.2, ""min_sqz_bars"": 4}, ""r&s"": {""srb_left"": 10, ""srb_right"": 10}, ""atr"": {""atr_length"": 14, ""atr_mult"": 1.0}}",支撑释放,16.12-15.36-16.51-15.94-16.26,低-高-低-高,4.73%-7.52%-3.46%-1.99%,14.0,2.8,INNOVAT S&P INVEST GRD PREF,1WK,,
2026-09-28 00:00:00,Short,EPRF,15.73,-1.78%,16.18,sqz,参数二,"{""sqz"": {""bb_length"": 20, ""bb_mult"": 1.8, ""kc_length"": 20, ""kc_mult"": 1.5, ""min_sqz_bars"": 4}, ""r&s"": {""srb_left"": 15, ""srb_right"": 15}, ""atr"": {""atr_length"": 14, ""atr_mult"": 1.0}}",支撑释放,13.78-15.79-15.36-16.51-15.94,高-低-高-低,14.60%-2.73%-7.52%-3.46%,25.0,6.75,INNOVAT S&P INVEST GRD PREF,1WK,,
2026-09-28 00:00:00,Short,MTX,66.18,-1.19%,71.7,utb,参数二,"{""utb"": {""key_value"": 3, ""atr_period"": 14, ""use_ha"": false}, ""r&s"": {""srb_left"": 15, ""srb_right"": 15}, ""atr"": {""atr_length"": 14, ""atr_mult"": 1.0}}",,,,,,,MINERALS TECHNOLOGIES INC,1WK,,
2026-09-28 00:00:00,Short,NUAI,6.76,-4.25%,8.57,suf,参数一,"{""suf"": {""timeframe"": ""w""}}",,,,,,,NEW ERA ENERGY & DIGITAL INC,1WK,200.0,-5.79
2026-09-28 00:00:00,Short,NUAI,6.76,-4.25%,8.57,suf,参数二,"{""suf"": {""timeframe"": ""w""}}",,,,,,,NEW ERA ENERGY & DIGITAL INC,1WK,200.0,-5.79
2026-09-28 00:00:00,Short,DGCB,51.94,-0.52%,52.54,sqz,参数二,"{""sqz"": {""bb_length"": 20, ""bb_mult"": 1.8, ""kc_length"": 20, ""kc_mult"": 1.5, ""min_sqz_bars"": 4}, ""r&s"": {""srb_left"": 15, ""srb_right"": 15}, ""atr"": {""atr_length"": 14, ""atr_mult"": 1.0}}",支撑释放,nan-46.78-48.55-52.02,低-高-高,nan%-3.79%-7.15%,27.0,4.25,DIMENSIONAL GLOBAL CREDIT,1WK,,
2026-09-28 00:00:00,Long,POOL,162.78,-1.29%,146.48,mfa,参数一,"{""mfa"": {""mfa_all"": 3}}",,,,,,,POOL CORP,1WK,,
2026-09-28 00:00:00,Long,POOL,162.78,-1.29%,146.48,mfa,参数二,"{""mfa"": {""mfa_all"": 3}}",,,,,,,POOL CORP,1WK,,
2026-09-28 00:00:00,Short,VBNK,22.14,-5.43%,25.4,suf,参数一,"{""suf"": {""timeframe"": ""w""}}",,,,,,,VERSABANK,1WK,200.0,84.63
2026-09-28 00:00:00,Short,VBNK,22.14,-5.43%,25.4,suf,参数二,"{""suf"": {""timeframe"": ""w""}}",,,,,,,VERSABANK,1WK,200.0,84.63
2026-09-28 00:00:00,Short,RFV,142.37,-1.71%,148.18,utb,参数一,"{""utb"": {""key_value"": 2, ""atr_period"": 14, ""use_ha"": false}, ""r&s"": {""srb_left"": 10, ""srb_right"": 10}, ""atr"": {""atr_length"": 14, ""atr_mult"": 1.0}}",,,,,,,INVESCO S&P MIDCAP 400 PURE,1WK,,
2026-09-28 00:00:00,Short,NTRS,172.25,-1.98%,184.22,utb,参数一,"{""utb"": {""key_value"": 2, ""atr_period"": 14, ""use_ha"": false}, ""r&s"": {""srb_left"": 10, ""srb_right"": 10}, ""atr"": {""atr_length"": 14, ""atr_mult"": 1.0}}",,,,,,,NORTHERN TRUST CORP,1WK,,
2026-09-28 00:00:00,Long,NYC,6.21,-4.46%,4.94,mfa,参数一,"{""mfa"": {""mfa_all"": 17}}",,,,,,,AMERICAN STRATEGIC INVESTM-A,1WK,,
2026-09-28 00:00:00,Long,NYC,6.21,-4.46%,4.94,mfa,参数二,"{""mfa"": {""mfa_all"": 17}}",,,,,,,AMERICAN STRATEGIC INVESTM-A,1WK,,
2026-09-28 00:00:00,Short,PVI,24.86,-0.12%,25.06,suf,参数一,"{""suf"": {""timeframe"": ""w""}}",,,,,,,INVESCO FLOATING RATE MUNICI,1WK,200.0,4.69
2026-09-28 00:00:00,Short,PVI,24.86,-0.12%,25.06,suf,参数二,"{""suf"": {""timeframe"": ""w""}}",,,,,,,INVESCO FLOATING RATE MUNICI,1WK,200.0,4.69
2026-09-28 00:00:00,Long,KRMD,3.01,-6.39%,2.62,mfa,参数一,"{""mfa"": {""mfa_all"": 11}}",,,,,,,KORU MEDICAL SYSTEMS INC,1WK,,
2026-09-28 00:00:00,Long,KRMD,3.01,-6.39%,2.62,mfa,参数二,"{""mfa"": {""mfa_all"": 11}}",,,,,,,KORU MEDICAL SYSTEMS INC,1WK,,
2026-09-28 00:00:00,Short,HYIN,12.91,-0.55%,13.36,sqz,参数二,"{""sqz"": {""bb_length"": 20, ""bb_mult"": 1.8, ""kc_length"": 20, ""kc_mult"": 1.5, ""min_sqz_bars"": 4}, ""r&s"": {""srb_left"": 15, ""srb_right"": 15}, ""atr"": {""atr_length"": 14, ""atr_mult"": 1.0}}",支撑释放,nan-10.88-11.5-12.57-13.03,低-高-高-高,nan%-5.71%-9.27%-3.65%,27.0,10.86,WISDOMTREE PRV CRD & ALT INC,1WK,,
2026-09-28 00:00:00,Short,CIFG,3.97,-12.25%,8.15,sqz,参数二,"{""sqz"": {""bb_length"": 20, ""bb_mult"": 1.8, ""kc_length"": 20, ""kc_mult"": 1.5, ""min_sqz_bars"": 4}, ""r&s"": {""srb_left"": 15, ""srb_right"": 15}, ""atr"": {""atr_length"": 14, ""atr_mult"": 1.0}}",一直亮红,nan-4.2,低,nan%,26.0,396.07,LEVERAGE SHARES 2X CIFR,1WK,,
2026-09-28 00:00:00,Short,IUSV,110.6,-1.38%,113.81,utb,参数一,"{""utb"": {""key_value"": 2, ""atr_period"": 14, ""use_ha"": false}, ""r&s"": {""srb_left"": 10, ""srb_right"": 10}, ""atr"": {""atr_length"": 14, ""atr_mult"": 1.0}}",,,,,,,ISHARES CORE S&P U.S. VALUE,1WK,,
2026-09-28 00:00:00,Short,VLU,239.49,-1.35%,246.4,utb,参数一,"{""utb"": {""key_value"": 2, ""atr_period"": 14, ""use_ha"": false}, ""r&s"": {""srb_left"": 10, ""srb_right"": 10}, ""atr"": {""atr_length"": 14, ""atr_mult"": 1.0}}",,,,,,,SS SPDR S&P 1500 VALUE TILT,1WK,,
2026-09-28 00:00:00,Long,XNOV,40.49,-0.01%,40.27,sqz,参数一,"{""sqz"": {""bb_length"": 15, ""bb_mult"": 1.5, ""kc_length"": 15, ""kc_mult"": 1.2, ""min_sqz_bars"": 4}, ""r&s"": {""srb_left"": 10, ""srb_right"": 10}, ""atr"": {""atr_length"": 14, ""atr_mult"": 1.0}}",一直释放,nan-34.81,低,nan%,84.0,11.11,FT VEST US EQUITY ENHANCE &,1WK,,
2026-09-28 00:00:00,Short,NEMD,50.33,-1.16%,51.38,utb,参数二,"{""utb"": {""key_value"": 3, ""atr_period"": 14, ""use_ha"": false}, ""r&s"": {""srb_left"": 15, ""srb_right"": 15}, ""atr"": {""atr_length"": 14, ""atr_mult"": 1.0}}",,,,,,,NEUBERGER EMERGING MARKETS D,1WK,,
2026-09-28 00:00:00,Short,MLPX,70.28,-0.92%,74.26,utb,参数一,"{""utb"": {""key_value"": 2, ""atr_period"": 14, ""use_ha"": false}, ""r&s"": {""srb_left"": 10, ""srb_right"": 10}, ""atr"": {""atr_length"": 14, ""atr_mult"": 1.0}}",,,,,,,GLOBAL X MLP & ENERGY INFRAS,1WK,,
2026-09-28 00:00:00,Short,QUAD,9.18,-2.65%,10.19,utb,参数一,"{""utb"": {""key_value"": 2, ""atr_period"": 14, ""use_ha"": false}, ""r&s"": {""srb_left"": 10, ""srb_right"": 10}, ""atr"": {""atr_length"": 14, ""atr_mult"": 1.0}}",,,,,,,QUAD GRAPHICS INC,1WK,,
2026-09-28 00:00:00,Long,AEC,3.54,-2.88%,2.76,mfa,参数一,"{""mfa"": {""mfa_all"": 4}}",,,,,,,ANFIELD ENERGY INC,1WK,,
2026-09-28 00:00:00,Long,AEC,3.54,-2.88%,2.76,mfa,参数二,"{""mfa"": {""mfa_all"": 4}}",,,,,,,ANFIELD ENERGY INC,1WK,,
2026-09-28 00:00:00,Long,SMST,13.39,6.41%,-2.37,mfa,参数一,"{""mfa"": {""mfa_all"": 5}}",,,,,,,DEFIANCE DLY TRG 2X SHR MSTR,1WK,,
2026-09-28 00:00:00,Long,SMST,13.39,6.41%,-2.37,mfa,参数二,"{""mfa"": {""mfa_all"": 5}}",,,,,,,DEFIANCE DLY TRG 2X SHR MSTR,1WK,,
2026-09-28 00:00:00,Short,SFM,64.2,2.74%,73.39,sqz,参数一,"{""sqz"": {""bb_length"": 15, ""bb_mult"": 1.5, ""kc_length"": 15, ""kc_mult"": 1.2, ""min_sqz_bars"": 4}, ""r&s"": {""srb_left"": 10, ""srb_right"": 10}, ""atr"": {""atr_length"": 14, ""atr_mult"": 1.0}}",支撑释放,nan-32.12-64.75,低-高,nan%-101.59%,33.0,46.55,SPROUTS FARMERS MARKET INC,1WK,,
2026-09-28 00:00:00,Long,SFM,64.2,2.74%,53.74,suf,参数一,"{""suf"": {""timeframe"": ""w""}}",,,,,,,SPROUTS FARMERS MARKET INC,1WK,200.0,-24.43
2026-09-28 00:00:00,Short,SFM,64.2,2.74%,73.39,sqz,参数二,"{""sqz"": {""bb_length"": 20, ""bb_mult"": 1.8, ""kc_length"": 20, ""kc_mult"": 1.5, ""min_sqz_bars"": 4}, ""r&s"": {""srb_left"": 15, ""srb_right"": 15}, ""atr"": {""atr_length"": 14, ""atr_mult"": 1.0}}",支撑释放,nan-64.75,低,nan%,33.0,46.55,SPROUTS FARMERS MARKET INC,1WK,,
2026-09-28 00:00:00,Long,SFM,64.2,2.74%,53.74,suf,参数二,"{""suf"": {""timeframe"": ""w""}}",,,,,,,SPROUTS FARMERS MARKET INC,1WK,200.0,-24.43
2026-09-28 00:00:00,Long,SNT,1.59,-1.24%,1.33,mfa,参数一,"{""mfa"": {""mfa_all"": 23}}",,,,,,,SENSTAR TECHNOLOGIES CORP,1WK,,
2026-09-28 00:00:00,Long,SNT,1.59,-1.24%,1.33,mfa,参数二,"{""mfa"": {""mfa_all"": 23}}",,,,,,,SENSTAR TECHNOLOGIES CORP,1WK,,
2026-09-28 00:00:00,Short,ANET,202.23,-2.09%,226.66,suf,参数一,"{""suf"": {""timeframe"": ""w""}}",,,,,,,ARISTA NETWORKS INC,1WK,200.0,112.98
2026-09-28 00:00:00,Short,ANET,202.23,-2.09%,226.66,suf,参数二,"{""suf"": {""timeframe"": ""w""}}",,,,,,,ARISTA NETWORKS INC,1WK,200.0,112.98
2026-09-28 00:00:00,Short,ASLE,5.32,-1.57%,5.8,sqz,参数二,"{""sqz"": {""bb_length"": 20, ""bb_mult"": 1.8, ""kc_length"": 20, ""kc_mult"": 1.5, ""min_sqz_bars"": 4}, ""r&s"": {""srb_left"": 15, ""srb_right"": 15}, ""atr"": {""atr_length"": 14, ""atr_mult"": 1.0}}",支撑释放,nan-10.39-4.53-5.57-5.56,低-低-高-低,nan%-56.40%-22.96%-0.18%,47.0,42.63,AERSALE CORP,1WK,,
2026-09-28 00:00:00,Short,PEY,22.88,-1.46%,23.87,utb,参数二,"{""utb"": {""key_value"": 3, ""atr_period"": 14, ""use_ha"": false}, ""r&s"": {""srb_left"": 15, ""srb_right"": 15}, ""atr"": {""atr_length"": 14, ""atr_mult"": 1.0}}",,,,,,,INVESCO HIGH YIELD EQUITY DI,1WK,,
2026-09-28 00:00:00,Short,OLMA,8.53,-2.46%,10.51,sqz,参数一,"{""sqz"": {""bb_length"": 15, ""bb_mult"": 1.5, ""kc_length"": 15, ""kc_mult"": 1.2, ""min_sqz_bars"": 4}, ""r&s"": {""srb_left"": 10, ""srb_right"": 10}, ""atr"": {""atr_length"": 14, ""atr_mult"": 1.0}}",支撑释放,nan-3.0-8.51-2.86-9.06,低-高-低-高,nan%-183.67%-66.39%-216.78%,15.0,44.48,OLEMA PHARMACEUTICALS INC,1WK,,
2026-09-28 00:00:00,Long,RCAT,6.48,-2.70%,4.57,mfa,参数一,"{""mfa"": {""mfa_all"": 10}}",,,,,,,RED CAT HOLDINGS INC,1WK,,
2026-09-28 00:00:00,Long,RCAT,6.48,-2.70%,4.57,mfa,参数二,"{""mfa"": {""mfa_all"": 10}}",,,,,,,RED CAT HOLDINGS INC,1WK,,
2026-09-28 00:00:00,Short,MNOV,1.79,-30.43%,2.82,suf,参数一,"{""suf"": {""timeframe"": ""w""}}",,,,,,,MEDICINOVA INC,1WK,200.0,5.67
2026-09-28 00:00:00,Short,MNOV,1.79,-30.43%,2.82,suf,参数二,"{""suf"": {""timeframe"": ""w""}}",,,,,,,MEDICINOVA INC,1WK,200.0,5.67
2026-09-28 00:00:00,Short,IPHA,1.63,-4.12%,2.06,utb,参数一,"{""utb"": {""key_value"": 2, ""atr_period"": 14, ""use_ha"": false}, ""r&s"": {""srb_left"": 10, ""srb_right"": 10}, ""atr"": {""atr_length"": 14, ""atr_mult"": 1.0}}",,,,,,,INNATE PHARMA SA-SPONS ADR,1WK,,
2026-09-28 00:00:00,Short,DTD,93.81,-1.11%,96.08,utb,参数一,"{""utb"": {""key_value"": 2, ""atr_period"": 14, ""use_ha"": false}, ""r&s"": {""srb_left"": 10, ""srb_right"": 10}, ""atr"": {""atr_length"": 14, ""atr_mult"": 1.0}}",,,,,,,WISDOMTREE US TOTAL DIVIDEND,1WK,,
2026-09-28 00:00:00,Short,EMLP,41.16,-0.75%,42.71,sqz,参数一,"{""sqz"": {""bb_length"": 15, ""bb_mult"": 1.5, ""kc_length"": 15, ""kc_mult"": 1.2, ""min_sqz_bars"": 4}, ""r&s"": {""srb_left"": 10, ""srb_right"": 10}, ""atr"": {""atr_length"": 14, ""atr_mult"": 1.0}}",支撑释放,22.31-22.93-24.67-31.41-42.2,高-高-高-高,2.76%-7.60%-27.32%-34.35%,17.0,7.19,FIRST TRUST NORTH AMERICAN E,1WK,,
2026-09-28 00:00:00,Long,OCTM,34.22,0.09%,34.02,sqz,参数一,"{""sqz"": {""bb_length"": 15, ""bb_mult"": 1.5, ""kc_length"": 15, ""kc_mult"": 1.2, ""min_sqz_bars"": 4}, ""r&s"": {""srb_left"": 10, ""srb_right"": 10}, ""atr"": {""atr_length"": 14, ""atr_mult"": 1.0}}",一直释放,nan-30.94,低,nan%,84.0,3.9,FT VEST US EQ MAX BUF OCT,1WK,,
2026-09-28 00:00:00,Short,XLBI,23.04,-1.18%,23.92,utb,参数一,"{""utb"": {""key_value"": 2, ""atr_period"": 14, ""use_ha"": false}, ""r&s"": {""srb_left"": 10, ""srb_right"": 10}, ""atr"": {""atr_length"": 14, ""atr_mult"": 1.0}}",,,,,,,ST SR MT SL SC SPDR PR IN-US,1WK,,
2026-09-28 00:00:00,Long,SUI,111.76,-0.44%,105.73,mfa,参数一,"{""mfa"": {""mfa_all"": 4}}",,,,,,,SUN COMMUNITIES INC,1WK,,
2026-09-28 00:00:00,Long,SUI,111.76,-0.44%,105.73,mfa,参数二,"{""mfa"": {""mfa_all"": 4}}",,,,,,,SUN COMMUNITIES INC,1WK,,
2026-09-28 00:00:00,Short,CARU,17.84,-7.44%,21.09,sqz,参数一,"{""sqz"": {""bb_length"": 15, ""bb_mult"": 1.5, ""kc_length"": 15, ""kc_mult"": 1.2, ""min_sqz_bars"": 4}, ""r&s"": {""srb_left"": 10, ""srb_right"": 10}, ""atr"": {""atr_length"": 14, ""atr_mult"": 1.0}}",支撑释放,nan-14.01-23.77-18.49,低-高-低,nan%-69.70%-22.23%,28.0,51.7,MAX AUTO 3X LEVERAGED,1WK,,
2026-09-28 00:00:00,Short,GDIV,18.25,-1.43%,18.8,utb,参数一,"{""utb"": {""key_value"": 2, ""atr_period"": 14, ""use_ha"": false}, ""r&s"": {""srb_left"": 10, ""srb_right"": 10}, ""atr"": {""atr_length"": 14, ""atr_mult"": 1.0}}",,,,,,,HARBOR DIVIDEND GROWTH LEADE,1WK,,
2026-09-28 00:00:00,Long,KBSX,1.71,1.61%,1.13,sqz,参数二,"{""sqz"": {""bb_length"": 20, ""bb_mult"": 1.8, ""kc_length"": 20, ""kc_mult"": 1.5, ""min_sqz_bars"": 4}, ""r&s"": {""srb_left"": 15, ""srb_right"": 15}, ""atr"": {""atr_length"": 14, ""atr_mult"": 1.0}}",一直释放,nan-11.42-11.76-15.48-1.66,低-高-高-低,nan%-2.98%-31.63%-89.28%,27.0,104.94,FST CORP,1WK,,
2026-09-28 00:00:00,Short,NBHC,39.17,-2.48%,42.07,utb,参数二,"{""utb"": {""key_value"": 3, ""atr_period"": 14, ""use_ha"": false}, ""r&s"": {""srb_left"": 15, ""srb_right"": 15}, ""atr"": {""atr_length"": 14, ""atr_mult"": 1.0}}",,,,,,,NATIONAL BANK HOLD-CL A,1WK,,
2026-09-28 00:00:00,Long,ENHA,1.45,0.69%,0.34,mfa,参数一,"{""mfa"": {""mfa_all"": 8}}",,,,,,,ENHANCED GROUP INC,1WK,,
2026-09-28 00:00:00,Long,ENHA,1.45,0.69%,0.34,mfa,参数二,"{""mfa"": {""mfa_all"": 8}}",,,,,,,ENHANCED GROUP INC,1WK,,
2026-09-28 00:00:00,Long,GBFH,18.88,-1.26%,16.23,mfa,参数一,"{""mfa"": {""mfa_all"": 10}}",,,,,,,GBANK FINANCIAL HOLDINGS INC,1WK,,
2026-09-28 00:00:00,Long,GBFH,18.88,-1.26%,16.23,mfa,参数二,"{""mfa"": {""mfa_all"": 10}}",,,,,,,GBANK FINANCIAL HOLDINGS INC,1WK,,
2026-09-28 00:00:00,Long,KYTX,6.85,0.59%,5.56,mfa,参数一,"{""mfa"": {""mfa_all"": 3}}",,,,,,,KYVERNA THERAPEUTICS INC,1WK,,
2026-09-28 00:00:00,Long,KYTX,6.85,0.59%,5.56,mfa,参数二,"{""mfa"": {""mfa_all"": 3}}",,,,,,,KYVERNA THERAPEUTICS INC,1WK,,
2026-09-28 00:00:00,Short,VIOG,138.07,-1.27%,143.82,utb,参数二,"{""utb"": {""key_value"": 3, ""atr_period"": 14, ""use_ha"": false}, ""r&s"": {""srb_left"": 15, ""srb_right"": 15}, ""atr"": {""atr_length"": 14, ""atr_mult"": 1.0}}",,,,,,,VANGUARD S&P SM CAP 600 GRW,1WK,,
2026-09-28 00:00:00,Long,AEI,0.81,2.68%,0.46,mfa,参数一,"{""mfa"": {""mfa_all"": 23}}",,,,,,,ALSET INC,1WK,,
2026-09-28 00:00:00,Long,AEI,0.81,2.68%,0.46,mfa,参数二,"{""mfa"": {""mfa_all"": 23}}",,,,,,,ALSET INC,1WK,,
2026-09-28 00:00:00,Short,BOEG,9.59,-9.94%,11.69,sqz,参数二,"{""sqz"": {""bb_length"": 20, ""bb_mult"": 1.8, ""kc_length"": 20, ""kc_mult"": 1.5, ""min_sqz_bars"": 4}, ""r&s"": {""srb_left"": 15, ""srb_right"": 15}, ""atr"": {""atr_length"": 14, ""atr_mult"": 1.0}}",支撑释放,nan-10.34-10.82,低-高,nan%-4.64%,26.0,63.77,LEVERAGE SHARES 2X BA,1WK,,
2026-09-28 00:00:00,Short,TNYA,0.59,-2.59%,0.73,utb,参数一,"{""utb"": {""key_value"": 2, ""atr_period"": 14, ""use_ha"": false}, ""r&s"": {""srb_left"": 10, ""srb_right"": 10}, ""atr"": {""atr_length"": 14, ""atr_mult"": 1.0}}",,,,,,,TENAYA THERAPEUTICS INC,1WK,,
2026-09-28 00:00:00,Short,VYGR,2.59,-3.36%,3.11,sqz,参数二,"{""sqz"": {""bb_length"": 20, ""bb_mult"": 1.8, ""kc_length"": 20, ""kc_mult"": 1.5, ""min_sqz_bars"": 4}, ""r&s"": {""srb_left"": 15, ""srb_right"": 15}, ""atr"": {""atr_length"": 14, ""atr_mult"": 1.0}}",支撑释放,nan-6.87-6.06-2.65-3.26,低-低-低-高,nan%-11.79%-56.27%-23.02%,32.0,68.1,VOYAGER THERAPEUTICS INC,1WK,,
2026-09-28 00:00:00,Long,CNF,1.95,-1.02%,1.44,mfa,参数一,"{""mfa"": {""mfa_all"": 23}}",,,,,,,CNFINANCE HOLDINGS LTD,1WK,,
2026-09-28 00:00:00,Long,CNF,1.95,-1.02%,1.44,mfa,参数二,"{""mfa"": {""mfa_all"": 23}}",,,,,,,CNFINANCE HOLDINGS LTD,1WK,,
2026-09-28 00:00:00,Short,FIS,33.32,-5.90%,38.5,sqz,参数一,"{""sqz"": {""bb_length"": 15, ""bb_mult"": 1.5, ""kc_length"": 15, ""kc_mult"": 1.2, ""min_sqz_bars"": 4}, ""r&s"": {""srb_left"": 10, ""srb_right"": 10}, ""atr"": {""atr_length"": 14, ""atr_mult"": 1.0}}",支撑释放,43.25-67.65-63.38-57.32-36.99,高-低-低-低,56.40%-6.31%-9.56%-35.46%,14.0,25.6,FIDELITY NATIONAL INFO SERV,1WK,,
2026-09-28 00:00:00,Short,SUNS,6.98,-2.92%,7.78,sqz,参数一,"{""sqz"": {""bb_length"": 15, ""bb_mult"": 1.5, ""kc_length"": 15, ""kc_mult"": 1.2, ""min_sqz_bars"": 4}, ""r&s"": {""srb_left"": 10, ""srb_right"": 10}, ""atr"": {""atr_length"": 14, ""atr_mult"": 1.0}}",支撑释放,nan-6.65-8.28-7.08,低-高-低,nan%-24.57%-14.51%,20.0,22.55,SUNRISE REALTY TRUST INC,1WK,,
2026-09-28 00:00:00,Short,SUNS,6.98,-2.92%,7.78,sqz,参数二,"{""sqz"": {""bb_length"": 20, ""bb_mult"": 1.8, ""kc_length"": 20, ""kc_mult"": 1.5, ""min_sqz_bars"": 4}, ""r&s"": {""srb_left"": 15, ""srb_right"": 15}, ""atr"": {""atr_length"": 14, ""atr_mult"": 1.0}}",支撑释放,nan-6.65-8.28-7.08,低-高-低,nan%-24.57%-14.51%,20.0,22.55,SUNRISE REALTY TRUST INC,1WK,,
2026-09-28 00:00:00,Short,BKSE,41.58,-1.66%,43.21,utb,参数二,"{""utb"": {""key_value"": 3, ""atr_period"": 14, ""use_ha"": false}, ""r&s"": {""srb_left"": 15, ""srb_right"": 15}, ""atr"": {""atr_length"": 14, ""atr_mult"": 1.0}}",,,,,,,BNY MELLON US SMALL CAP CORE,1WK,,
2026-09-28 00:00:00,Short,CRBG,33.52,-3.87%,37.02,suf,参数一,"{""suf"": {""timeframe"": ""w""}}",,,,,,,COREBRIDGE FINANCIAL INC,1WK,200.0,34.02
2026-09-28 00:00:00,Short,CRBG,33.52,-3.87%,37.02,suf,参数二,"{""suf"": {""timeframe"": ""w""}}",,,,,,,COREBRIDGE FINANCIAL INC,1WK,200.0,34.02
2026-09-28 00:00:00,Short,ISCV,74.97,-1.61%,78.39,utb,参数二,"{""utb"": {""key_value"": 3, ""atr_period"": 14, ""use_ha"": false}, ""r&s"": {""srb_left"": 15, ""srb_right"": 15}, ""atr"": {""atr_length"": 14, ""atr_mult"": 1.0}}",,,,,,,ISHARES MORNINGSTAR SMALL-CA,1WK,,
2026-09-28 00:00:00,Short,BUD,73.76,-5.44%,81.37,utb,参数二,"{""utb"": {""key_value"": 3, ""atr_period"": 14, ""use_ha"": false}, ""r&s"": {""srb_left"": 15, ""srb_right"": 15}, ""atr"": {""atr_length"": 14, ""atr_mult"": 1.0}}",,,,,,,ANHEUSER-BUSCH INBEV-SPN ADR,1WK,,
2026-09-28 00:00:00,Long,HYPR,0.81,-0.37%,0.66,mfa,参数一,"{""mfa"": {""mfa_all"": 7}}",,,,,,,HYPERFINE INC,1WK,,
2026-09-28 00:00:00,Long,HYPR,0.81,-0.37%,0.66,mfa,参数二,"{""mfa"": {""mfa_all"": 7}}",,,,,,,HYPERFINE INC,1WK,,
2026-09-28 00:00:00,Short,WSBC,37.74,-2.38%,40.62,utb,参数一,"{""utb"": {""key_value"": 2, ""atr_period"": 14, ""use_ha"": false}, ""r&s"": {""srb_left"": 10, ""srb_right"": 10}, ""atr"": {""atr_length"": 14, ""atr_mult"": 1.0}}",,,,,,,WESBANCO INC,1WK,,
2026-09-28 00:00:00,Short,JHPI,21.76,-1.14%,22.08,sqz,参数一,"{""sqz"": {""bb_length"": 15, ""bb_mult"": 1.5, ""kc_length"": 15, ""kc_mult"": 1.2, ""min_sqz_bars"": 4}, ""r&s"": {""srb_left"": 10, ""srb_right"": 10}, ""atr"": {""atr_length"": 14, ""atr_mult"": 1.0}}",支撑释放,16.68-20.27-19.89-21.73-21.87,高-低-高-高,21.50%-1.89%-9.26%-0.64%,27.0,3.93,JOHN HANCOCK PREFERRED INCOM,1WK,,
2026-09-28 00:00:00,Short,JHPI,21.76,-1.14%,22.08,sqz,参数二,"{""sqz"": {""bb_length"": 20, ""bb_mult"": 1.8, ""kc_length"": 20, ""kc_mult"": 1.5, ""min_sqz_bars"": 4}, ""r&s"": {""srb_left"": 15, ""srb_right"": 15}, ""atr"": {""atr_length"": 14, ""atr_mult"": 1.0}}",支撑释放,nan-16.61-16.68-19.89-21.87,低-高-高-高,nan%-0.47%-19.20%-9.96%,27.0,3.93,JOHN HANCOCK PREFERRED INCOM,1WK,,
2026-09-28 00:00:00,Short,JQUA,73.61,-0.92%,75.61,suf,参数一,"{""suf"": {""timeframe"": ""w""}}",,,,,,,JPMORGAN US QUALITY FACTOR,1WK,200.0,36.32
2026-09-28 00:00:00,Short,JQUA,73.61,-0.92%,75.61,suf,参数二,"{""suf"": {""timeframe"": ""w""}}",,,,,,,JPMORGAN US QUALITY FACTOR,1WK,200.0,36.32
2026-09-28 00:00:00,Short,TRSG,1.25,-9.56%,1.72,utb,参数一,"{""utb"": {""key_value"": 2, ""atr_period"": 14, ""use_ha"": false}, ""r&s"": {""srb_left"": 10, ""srb_right"": 10}, ""atr"": {""atr_length"": 14, ""atr_mult"": 1.0}}",,,,,,,TUNGRAY TECHNOLOGIES INC-A,1WK,,
2026-09-28 00:00:00,Short,FYC,114.97,-1.51%,120.74,utb,参数一,"{""utb"": {""key_value"": 2, ""atr_period"": 14, ""use_ha"": false}, ""r&s"": {""srb_left"": 10, ""srb_right"": 10}, ""atr"": {""atr_length"": 14, ""atr_mult"": 1.0}}",,,,,,,FIRST TRUST SMALL CAP GROWTH,1WK,,
2026-09-28 00:00:00,Long,INLX,5.35,3.88%,4.57,suf,参数一,"{""suf"": {""timeframe"": ""w""}}",,,,,,,INTELLINETICS INC,1WK,200.0,-32.48
2026-09-28 00:00:00,Long,INLX,5.35,3.88%,4.57,suf,参数二,"{""suf"": {""timeframe"": ""w""}}",,,,,,,INTELLINETICS INC,1WK,200.0,-32.48
2026-09-28 00:00:00,Short,MBUU,23.05,-4.34%,26.44,sqz,参数一,"{""sqz"": {""bb_length"": 15, ""bb_mult"": 1.5, ""kc_length"": 15, ""kc_mult"": 1.2, ""min_sqz_bars"": 4}, ""r&s"": {""srb_left"": 10, ""srb_right"": 10}, ""atr"": {""atr_length"": 14, ""atr_mult"": 1.0}}",支撑释放,51.55-42.06-30.2-24.42-23.84,低-低-低-低,18.40%-28.21%-19.12%-2.40%,45.0,46.69,MALIBU BOATS INC - A,1WK,,
2026-09-28 00:00:00,Short,EQAL,57.45,-1.23%,59.14,utb,参数二,"{""utb"": {""key_value"": 3, ""atr_period"": 14, ""use_ha"": false}, ""r&s"": {""srb_left"": 15, ""srb_right"": 15}, ""atr"": {""atr_length"": 14, ""atr_mult"": 1.0}}",,,,,,,INVESCO RUSSELL 1000 EQUAL W,1WK,,
2026-09-28 00:00:00,Short,DFJ,115.06,-2.03%,120.44,suf,参数一,"{""suf"": {""timeframe"": ""w""}}",,,,,,,WISDOMTREE JPN S/C DVD FUND,1WK,200.0,45.66
2026-09-28 00:00:00,Short,DFJ,115.06,-2.03%,120.44,suf,参数二,"{""suf"": {""timeframe"": ""w""}}",,,,,,,WISDOMTREE JPN S/C DVD FUND,1WK,200.0,45.66
2026-09-28 00:00:00,Short,BNOV,48.98,-1.07%,50.03,suf,参数一,"{""suf"": {""timeframe"": ""w""}}",,,,,,,INNOVATOR U.S. EQUITY BUFFER,1WK,200.0,26.21
2026-09-28 00:00:00,Short,BNOV,48.98,-1.07%,50.03,suf,参数二,"{""suf"": {""timeframe"": ""w""}}",,,,,,,INNOVATOR U.S. EQUITY BUFFER,1WK,200.0,26.21
2026-09-28 00:00:00,Short,DEM,55.28,-1.22%,57.4,suf,参数一,"{""suf"": {""timeframe"": ""w""}}",,,,,,,WISDOMTREE EMERGING MARKETS,1WK,200.0,38.26
2026-09-28 00:00:00,Short,DEM,55.28,-1.22%,57.4,suf,参数二,"{""suf"": {""timeframe"": ""w""}}",,,,,,,WISDOMTREE EMERGING MARKETS,1WK,200.0,38.26
2026-09-28 00:00:00,Long,DCGO,0.36,4.06%,0.24,mfa,参数一,"{""mfa"": {""mfa_all"": 52}}",,,,,,,DOCGO INC,1WK,,
2026-09-28 00:00:00,Long,DCGO,0.36,4.06%,0.24,mfa,参数二,"{""mfa"": {""mfa_all"": 52}}",,,,,,,DOCGO INC,1WK,,
2026-09-28 00:00:00,Long,NKE,35.72,-0.10%,32.6,mfa,参数一,"{""mfa"": {""mfa_all"": 41}}",,,,,,,NIKE INC -CL B,1WK,,
2026-09-28 00:00:00,Long,NKE,35.72,-0.10%,32.6,mfa,参数二,"{""mfa"": {""mfa_all"": 41}}",,,,,,,NIKE INC -CL B,1WK,,
2026-09-28 00:00:00,Short,TIME,27.66,-0.61%,28.21,suf,参数一,"{""suf"": {""timeframe"": ""w""}}",,,,,,,CLOCKWISE U.S. CORE EQUITY E,1WK,200.0,36.2
2026-09-28 00:00:00,Short,TIME,27.66,-0.61%,28.21,suf,参数二,"{""suf"": {""timeframe"": ""w""}}",,,,,,,CLOCKWISE U.S. CORE EQUITY E,1WK,200.0,36.2
2026-09-28 00:00:00,Short,OVS,38.18,-2.79%,40.32,utb,参数二,"{""utb"": {""key_value"": 3, ""atr_period"": 14, ""use_ha"": false}, ""r&s"": {""srb_left"": 15, ""srb_right"": 15}, ""atr"": {""atr_length"": 14, ""atr_mult"": 1.0}}",,,,,,,OVERLAY SHARES SMALL CAP EQ,1WK,,
2026-09-28 00:00:00,Short,FBRT,6.68,-4.09%,7.61,sqz,参数一,"{""sqz"": {""bb_length"": 15, ""bb_mult"": 1.5, ""kc_length"": 15, ""kc_mult"": 1.2, ""min_sqz_bars"": 4}, ""r&s"": {""srb_left"": 10, ""srb_right"": 10}, ""atr"": {""atr_length"": 14, ""atr_mult"": 1.0}}",支撑释放,10.03-9.06-8.72-8.94-7.91,低-低-高-低,9.74%-3.66%-2.42%-11.51%,27.0,17.21,FRANKLIN BSP REALTY TRUST IN,1WK,,
2026-09-28 00:00:00,Short,SAIC,128.71,-2.94%,140.22,suf,参数一,"{""suf"": {""timeframe"": ""w""}}",,,,,,,SCIENCE APPLICATIONS INTE,1WK,200.0,15.59
2026-09-28 00:00:00,Short,SAIC,128.71,-2.94%,140.22,suf,参数二,"{""suf"": {""timeframe"": ""w""}}",,,,,,,SCIENCE APPLICATIONS INTE,1WK,200.0,15.59
2026-09-28 00:00:00,Short,SPSM,52.98,-1.47%,55.2,utb,参数二,"{""utb"": {""key_value"": 3, ""atr_period"": 14, ""use_ha"": false}, ""r&s"": {""srb_left"": 15, ""srb_right"": 15}, ""atr"": {""atr_length"": 14, ""atr_mult"": 1.0}}",,,,,,,SS SPDR P S&P 600 SMALL CAP,1WK,,
2026-09-28 00:00:00,Short,EIPX,31.49,-0.82%,32.82,utb,参数一,"{""utb"": {""key_value"": 2, ""atr_period"": 14, ""use_ha"": false}, ""r&s"": {""srb_left"": 10, ""srb_right"": 10}, ""atr"": {""atr_length"": 14, ""atr_mult"": 1.0}}",,,,,,,FT ENERGY INC PARTNERS STRAT,1WK,,
2026-09-28 00:00:00,Short,KRNY,9.08,-2.99%,9.83,utb,参数一,"{""utb"": {""key_value"": 2, ""atr_period"": 14, ""use_ha"": false}, ""r&s"": {""srb_left"": 10, ""srb_right"": 10}, ""atr"": {""atr_length"": 14, ""atr_mult"": 1.0}}",,,,,,,KEARNY FINANCIAL CORP/MD,1WK,,
2026-09-28 00:00:00,Short,XHLD,0.79,-93.92%,15.89,utb,参数一,"{""utb"": {""key_value"": 2, ""atr_period"": 14, ""use_ha"": false}, ""r&s"": {""srb_left"": 10, ""srb_right"": 10}, ""atr"": {""atr_length"": 14, ""atr_mult"": 1.0}}",,,,,,,TEN HOLDINGS INC,1WK,,
2026-09-28 00:00:00,Short,XHLD,0.79,-93.92%,15.89,utb,参数二,"{""utb"": {""key_value"": 3, ""atr_period"": 14, ""use_ha"": false}, ""r&s"": {""srb_left"": 15, ""srb_right"": 15}, ""atr"": {""atr_length"": 14, ""atr_mult"": 1.0}}",,,,,,,TEN HOLDINGS INC,1WK,,
2026-09-28 00:00:00,Short,UMDD,29.8,-4.09%,32.95,utb,参数二,"{""utb"": {""key_value"": 3, ""atr_period"": 14, ""use_ha"": false}, ""r&s"": {""srb_left"": 15, ""srb_right"": 15}, ""atr"": {""atr_length"": 14, ""atr_mult"": 1.0}}",,,,,,,PROSHARES ULTRAPRO MIDCAP400,1WK,,
2026-09-28 00:00:00,Short,BUFG,29.86,-0.79%,30.45,suf,参数一,"{""suf"": {""timeframe"": ""w""}}",,,,,,,FT VEST BUFFERED ALLOCATION,1WK,200.0,25.2
2026-09-28 00:00:00,Short,BUFG,29.86,-0.79%,30.45,suf,参数二,"{""suf"": {""timeframe"": ""w""}}",,,,,,,FT VEST BUFFERED ALLOCATION,1WK,200.0,25.2
2026-09-28 00:00:00,Short,LHSW,0.6,-16.26%,2.61,sqz,参数一,"{""sqz"": {""bb_length"": 15, ""bb_mult"": 1.5, ""kc_length"": 15, ""kc_mult"": 1.2, ""min_sqz_bars"": 4}, ""r&s"": {""srb_left"": 10, ""srb_right"": 10}, ""atr"": {""atr_length"": 14, ""atr_mult"": 1.0}}",支撑释放,nan-1.12-1.47,低-高,nan%-31.16%,14.0,426.89,LIANHE SOWELL INTL-A,1WK,,
2026-09-28 00:00:00,Short,OMFS,49.39,-1.47%,51.29,utb,参数二,"{""utb"": {""key_value"": 3, ""atr_period"": 14, ""use_ha"": false}, ""r&s"": {""srb_left"": 15, ""srb_right"": 15}, ""atr"": {""atr_length"": 14, ""atr_mult"": 1.0}}",,,,,,,INVESCO RSL 2000 DYN MLTFCTR,1WK,,
2026-09-28 00:00:00,Short,ERNA,3.12,-9.42%,6.0,sqz,参数二,"{""sqz"": {""bb_length"": 20, ""bb_mult"": 1.8, ""kc_length"": 20, ""kc_mult"": 1.5, ""min_sqz_bars"": 4}, ""r&s"": {""srb_left"": 15, ""srb_right"": 15}, ""atr"": {""atr_length"": 14, ""atr_mult"": 1.0}}",一直亮红,nan-712.5-315.0-3.18,低-低-低,nan%-55.79%-98.99%,21.0,399.37,ERNEXA THERAPEUTICS INC,1WK,,
2026-09-28 00:00:00,Short,NKLR,3.3,-6.52%,4.67,utb,参数一,"{""utb"": {""key_value"": 2, ""atr_period"": 14, ""use_ha"": false}, ""r&s"": {""srb_left"": 10, ""srb_right"": 10}, ""atr"": {""atr_length"": 14, ""atr_mult"": 1.0}}",,,,,,,TERRA INNOVATUM GLOBAL NV,1WK,,
2026-09-28 00:00:00,Short,NKLR,3.3,-6.52%,4.67,sqz,参数一,"{""sqz"": {""bb_length"": 15, ""bb_mult"": 1.5, ""kc_length"": 15, ""kc_mult"": 1.2, ""min_sqz_bars"": 4}, ""r&s"": {""srb_left"": 10, ""srb_right"": 10}, ""atr"": {""atr_length"": 14, ""atr_mult"": 1.0}}",支撑释放,nan-3.76,低,nan%,29.0,110.77,TERRA INNOVATUM GLOBAL NV,1WK,,
2026-09-28 00:00:00,Short,NKLR,3.3,-6.52%,4.67,sqz,参数二,"{""sqz"": {""bb_length"": 20, ""bb_mult"": 1.8, ""kc_length"": 20, ""kc_mult"": 1.5, ""min_sqz_bars"": 4}, ""r&s"": {""srb_left"": 15, ""srb_right"": 15}, ""atr"": {""atr_length"": 14, ""atr_mult"": 1.0}}",支撑释放,nan-3.76,低,nan%,29.0,110.77,TERRA INNOVATUM GLOBAL NV,1WK,,
2026-09-28 00:00:00,Short,MBIO,0.49,-6.17%,0.63,sqz,参数一,"{""sqz"": {""bb_length"": 15, ""bb_mult"": 1.5, ""kc_length"": 15, ""kc_mult"": 1.2, ""min_sqz_bars"": 4}, ""r&s"": {""srb_left"": 10, ""srb_right"": 10}, ""atr"": {""atr_length"": 14, ""atr_mult"": 1.0}}",支撑释放,141.0-60.5-6.4-0.89-0.53,低-低-低-低,57.09%-89.42%-86.05%-40.54%,34.0,95.86,MUSTANG BIO INC,1WK,,
2026-09-28 00:00:00,Short,WBIL,39.02,-2.03%,40.09,utb,参数一,"{""utb"": {""key_value"": 2, ""atr_period"": 14, ""use_ha"": false}, ""r&s"": {""srb_left"": 10, ""srb_right"": 10}, ""atr"": {""atr_length"": 14, ""atr_mult"": 1.0}}",,,,,,,WBI BULLBEAR QUALITY 3000 ET,1WK,,
2026-09-28 00:00:00,Short,CEFD,17.58,-1.58%,18.08,utb,参数一,"{""utb"": {""key_value"": 2, ""atr_period"": 14, ""use_ha"": false}, ""r&s"": {""srb_left"": 10, ""srb_right"": 10}, ""atr"": {""atr_length"": 14, ""atr_mult"": 1.0}}",,,,,,,ETRACS 150% CL END FUND ETN,1WK,,
2026-09-28 00:00:00,Short,COLB,28.67,-3.29%,31.15,utb,参数一,"{""utb"": {""key_value"": 2, ""atr_period"": 14, ""use_ha"": false}, ""r&s"": {""srb_left"": 10, ""srb_right"": 10}, ""atr"": {""atr_length"": 14, ""atr_mult"": 1.0}}",,,,,,,COLUMBIA BANKING SYSTEM INC,1WK,,
2026-09-28 00:00:00,Short,FOR,25.79,-2.64%,28.45,utb,参数二,"{""utb"": {""key_value"": 3, ""atr_period"": 14, ""use_ha"": false}, ""r&s"": {""srb_left"": 15, ""srb_right"": 15}, ""atr"": {""atr_length"": 14, ""atr_mult"": 1.0}}",,,,,,,FORESTAR GROUP INC,1WK,,
2026-09-28 00:00:00,Short,FXA,69.03,-0.86%,70.55,utb,参数一,"{""utb"": {""key_value"": 2, ""atr_period"": 14, ""use_ha"": false}, ""r&s"": {""srb_left"": 10, ""srb_right"": 10}, ""atr"": {""atr_length"": 14, ""atr_mult"": 1.0}}",,,,,,,INVESCO CURRENCYSHARES AUSTR,1WK,,
2026-09-28 00:00:00,Long,NIKI,4.8,0.84%,2.69,mfa,参数一,"{""mfa"": {""mfa_all"": 12}}",,,,,,,NIKI BIOSOLUTIONS INC,1WK,,
2026-09-28 00:00:00,Long,NIKI,4.8,0.84%,2.69,mfa,参数二,"{""mfa"": {""mfa_all"": 12}}",,,,,,,NIKI BIOSOLUTIONS INC,1WK,,
2026-09-28 00:00:00,Long,FLX,1.58,35.04%,0.78,mfa,参数一,"{""mfa"": {""mfa_all"": 34}}",,,,,,,BINGEX LTD,1WK,,
2026-09-28 00:00:00,Long,FLX,1.58,35.04%,0.78,mfa,参数二,"{""mfa"": {""mfa_all"": 34}}",,,,,,,BINGEX LTD,1WK,,
2026-09-28 00:00:00,Short,MBOT,1.25,-1.95%,1.49,sqz,参数二,"{""sqz"": {""bb_length"": 20, ""bb_mult"": 1.8, ""kc_length"": 20, ""kc_mult"": 1.5, ""min_sqz_bars"": 4}, ""r&s"": {""srb_left"": 15, ""srb_right"": 15}, ""atr"": {""atr_length"": 14, ""atr_mult"": 1.0}}",一直释放,nan-1.0-1.11-0.82-1.6,低-高-低-高,nan%-11.00%-26.13%-95.12%,34.0,78.75,MICROBOT MEDICAL INC,1WK,,
2026-09-28 00:00:00,Short,PEZ,91.91,-1.70%,94.74,sqz,参数一,"{""sqz"": {""bb_length"": 15, ""bb_mult"": 1.5, ""kc_length"": 15, ""kc_mult"": 1.2, ""min_sqz_bars"": 4}, ""r&s"": {""srb_left"": 10, ""srb_right"": 10}, ""atr"": {""atr_length"": 14, ""atr_mult"": 1.0}}",一直亮红,58.53-85.65-75.84-90.45-92.08,高-低-高-高,46.33%-11.45%-19.27%-1.80%,26.0,13.94,INVESCO DORSEY WRIGHT CONSUM,1WK,,
2026-09-28 00:00:00,Short,FLDZ,28.14,-2.02%,29.08,sqz,参数一,"{""sqz"": {""bb_length"": 15, ""bb_mult"": 1.5, ""kc_length"": 15, ""kc_mult"": 1.2, ""min_sqz_bars"": 4}, ""r&s"": {""srb_left"": 10, ""srb_right"": 10}, ""atr"": {""atr_length"": 14, ""atr_mult"": 1.0}}",一直亮红,19.77-20.08-24.32-27.71-28.46,高-高-高-高,1.57%-21.15%-13.92%-2.71%,26.0,20.01,ELEVATION SERIES TRUST-TRUES,1WK,,
2026-09-28 00:00:00,Short,FLDZ,28.14,-2.02%,29.08,sqz,参数二,"{""sqz"": {""bb_length"": 20, ""bb_mult"": 1.8, ""kc_length"": 20, ""kc_mult"": 1.5, ""min_sqz_bars"": 4}, ""r&s"": {""srb_left"": 15, ""srb_right"": 15}, ""atr"": {""atr_length"": 14, ""atr_mult"": 1.0}}",一直亮红,19.77-20.08-24.32-27.71-28.46,高-高-高-高,1.57%-21.15%-13.92%-2.71%,26.0,20.01,ELEVATION SERIES TRUST-TRUES,1WK,,
2026-09-28 00:00:00,Long,BODI,4.73,3.73%,3.08,mfa,参数一,"{""mfa"": {""mfa_all"": 8}}",,,,,,,BEACHBODY CO INC/THE,1WK,,
2026-09-28 00:00:00,Long,BODI,4.73,3.73%,3.08,mfa,参数二,"{""mfa"": {""mfa_all"": 8}}",,,,,,,BEACHBODY CO INC/THE,1WK,,
2026-09-28 00:00:00,Long,LVS,38.34,-1.67%,35.27,mfa,参数一,"{""mfa"": {""mfa_all"": 16}}",,,,,,,LAS VEGAS SANDS CORP,1WK,,
2026-09-28 00:00:00,Long,LVS,38.34,-1.67%,35.27,mfa,参数二,"{""mfa"": {""mfa_all"": 16}}",,,,,,,LAS VEGAS SANDS CORP,1WK,,
2026-09-28 00:00:00,Short,DJP,51.4,-2.61%,53.96,suf,参数一,"{""suf"": {""timeframe"": ""w""}}",,,,,,,IPATH BLOOMBERG COMMODITY IN,1WK,200.0,44.92
2026-09-28 00:00:00,Short,DJP,51.4,-2.61%,53.96,suf,参数二,"{""suf"": {""timeframe"": ""w""}}",,,,,,,IPATH BLOOMBERG COMMODITY IN,1WK,200.0,44.92
2026-09-28 00:00:00,Short,CGHY,24.39,-1.05%,24.78,utb,参数二,"{""utb"": {""key_value"": 3, ""atr_period"": 14, ""use_ha"": false}, ""r&s"": {""srb_left"": 15, ""srb_right"": 15}, ""atr"": {""atr_length"": 14, ""atr_mult"": 1.0}}",,,,,,,CAP GROUP HIGH YIELD BOND,1WK,,
2026-09-28 00:00:00,Long,ADNT,16.8,-4.74%,14.8,mfa,参数一,"{""mfa"": {""mfa_all"": 3}}",,,,,,,ADIENT PLC,1WK,,
2026-09-28 00:00:00,Long,ADNT,16.8,-4.74%,14.8,mfa,参数二,"{""mfa"": {""mfa_all"": 3}}",,,,,,,ADIENT PLC,1WK,,
2026-09-28 00:00:00,Short,BWFG,65.31,-1.77%,70.61,suf,参数一,"{""suf"": {""timeframe"": ""w""}}",,,,,,,BANKWELL FINANCIAL GROUP INC,1WK,200.0,90.6
2026-09-28 00:00:00,Short,BWFG,65.31,-1.77%,70.61,suf,参数二,"{""suf"": {""timeframe"": ""w""}}",,,,,,,BANKWELL FINANCIAL GROUP INC,1WK,200.0,90.6
2026-09-28 00:00:00,Long,AIFU,10.45,-13.06%,-0.99,mfa,参数一,"{""mfa"": {""mfa_all"": 7}}",,,,,,,AIFU INC - CL A,1WK,,
2026-09-28 00:00:00,Long,AIFU,10.45,-13.06%,-0.99,mfa,参数二,"{""mfa"": {""mfa_all"": 7}}",,,,,,,AIFU INC - CL A,1WK,,
2026-09-28 00:00:00,Long,DYAI,0.47,11.45%,0.25,suf,参数一,"{""suf"": {""timeframe"": ""w""}}",,,,,,,DYADIC INTERNATIONAL INC,1WK,200.0,-64.87
2026-09-28 00:00:00,Long,DYAI,0.47,11.45%,0.25,suf,参数二,"{""suf"": {""timeframe"": ""w""}}",,,,,,,DYADIC INTERNATIONAL INC,1WK,200.0,-64.87
2026-09-28 00:00:00,Long,LJAN,24.8,0.00%,24.63,sqz,参数一,"{""sqz"": {""bb_length"": 15, ""bb_mult"": 1.5, ""kc_length"": 15, ""kc_mult"": 1.2, ""min_sqz_bars"": 4}, ""r&s"": {""srb_left"": 10, ""srb_right"": 10}, ""atr"": {""atr_length"": 14, ""atr_mult"": 1.0}}",一直释放,nan-23.04-24.21,低-高,nan%-5.08%,39.0,6.56,INNOV PREM INC 15 BARR - JAN,1WK,,
2026-09-28 00:00:00,Short,CBK,31.57,-1.62%,34.05,utb,参数一,"{""utb"": {""key_value"": 2, ""atr_period"": 14, ""use_ha"": false}, ""r&s"": {""srb_left"": 10, ""srb_right"": 10}, ""atr"": {""atr_length"": 14, ""atr_mult"": 1.0}}",,,,,,,COMMERCIAL BANCGROUP INC,1WK,,
2026-09-28 00:00:00,Short,WABC,58.52,-3.54%,63.18,suf,参数一,"{""suf"": {""timeframe"": ""w""}}",,,,,,,WESTAMERICA BANCORPORATION,1WK,200.0,24.16
2026-09-28 00:00:00,Short,WABC,58.52,-3.54%,63.18,suf,参数二,"{""suf"": {""timeframe"": ""w""}}",,,,,,,WESTAMERICA BANCORPORATION,1WK,200.0,24.16
2026-09-28 00:00:00,Short,ISCB,71.21,-1.28%,73.77,utb,参数二,"{""utb"": {""key_value"": 3, ""atr_period"": 14, ""use_ha"": false}, ""r&s"": {""srb_left"": 15, ""srb_right"": 15}, ""atr"": {""atr_length"": 14, ""atr_mult"": 1.0}}",,,,,,,ISHARES MORNINGSTAR SM CAP,1WK,,
2026-09-28 00:00:00,Short,THRM,33.43,-5.06%,39.07,utb,参数二,"{""utb"": {""key_value"": 3, ""atr_period"": 14, ""use_ha"": false}, ""r&s"": {""srb_left"": 15, ""srb_right"": 15}, ""atr"": {""atr_length"": 14, ""atr_mult"": 1.0}}",,,,,,,GENTHERM INC,1WK,,
2026-09-28 00:00:00,Long,BHST,1.49,2.05%,0.96,mfa,参数一,"{""mfa"": {""mfa_all"": 43}}",,,,,,,BIOHARVEST SCIENCES INC,1WK,,
2026-09-28 00:00:00,Long,BHST,1.49,2.05%,0.96,mfa,参数二,"{""mfa"": {""mfa_all"": 43}}",,,,,,,BIOHARVEST SCIENCES INC,1WK,,
2026-09-28 00:00:00,Long,ADC,67.32,-0.24%,64.17,mfa,参数一,"{""mfa"": {""mfa_all"": 3}}",,,,,,,AGREE REALTY CORP,1WK,,
2026-09-28 00:00:00,Long,ADC,67.32,-0.24%,64.17,mfa,参数二,"{""mfa"": {""mfa_all"": 3}}",,,,,,,AGREE REALTY CORP,1WK,,
2026-09-28 00:00:00,Short,NFE,5.83,-14.52%,8.25,suf,参数一,"{""suf"": {""timeframe"": ""w""}}",,,,,,,NEW FORTRESS ENERGY INC,1WK,200.0,-4.44
2026-09-28 00:00:00,Short,NFE,5.83,-14.52%,8.25,suf,参数二,"{""suf"": {""timeframe"": ""w""}}",,,,,,,NEW FORTRESS ENERGY INC,1WK,200.0,-4.44
2026-09-28 00:00:00,Short,EFX,140.45,-5.17%,163.02,sqz,参数一,"{""sqz"": {""bb_length"": 15, ""bb_mult"": 1.5, ""kc_length"": 15, ""kc_mult"": 1.2, ""min_sqz_bars"": 4}, ""r&s"": {""srb_left"": 10, ""srb_right"": 10}, ""atr"": {""atr_length"": 14, ""atr_mult"": 1.0}}",支撑释放,208.52-237.15-196.94-164.53-150.32,高-低-低-低,13.73%-16.96%-16.46%-8.64%,14.0,31.28,EQUIFAX INC,1WK,,
2026-09-28 00:00:00,Short,SIZE,174.26,-1.41%,179.47,utb,参数二,"{""utb"": {""key_value"": 3, ""atr_period"": 14, ""use_ha"": false}, ""r&s"": {""srb_left"": 15, ""srb_right"": 15}, ""atr"": {""atr_length"": 14, ""atr_mult"": 1.0}}",,,,,,,ISHARES MSCI USA SIZE FACTOR,1WK,,
2026-09-28 00:00:00,Short,ADGM,0.16,-20.26%,0.39,sqz,参数二,"{""sqz"": {""bb_length"": 20, ""bb_mult"": 1.8, ""kc_length"": 20, ""kc_mult"": 1.5, ""min_sqz_bars"": 4}, ""r&s"": {""srb_left"": 15, ""srb_right"": 15}, ""atr"": {""atr_length"": 14, ""atr_mult"": 1.0}}",一直释放,nan-0.62-0.74,低-高,nan%-18.40%,44.0,128.38,ADAGIO MEDICAL HOLDINGS INC,1WK,,
2026-09-28 00:00:00,Short,OII,44.4,-4.03%,50.92,utb,参数一,"{""utb"": {""key_value"": 2, ""atr_period"": 14, ""use_ha"": false}, ""r&s"": {""srb_left"": 10, ""srb_right"": 10}, ""atr"": {""atr_length"": 14, ""atr_mult"": 1.0}}",,,,,,,OCEANEERING INTL INC,1WK,,
2026-09-28 00:00:00,Short,HRMY,39.38,-4.57%,44.46,suf,参数一,"{""suf"": {""timeframe"": ""w""}}",,,,,,,HARMONY BIOSCIENCES HOLDINGS,1WK,200.0,13.87
2026-09-28 00:00:00,Short,HRMY,39.38,-4.57%,44.46,suf,参数二,"{""suf"": {""timeframe"": ""w""}}",,,,,,,HARMONY BIOSCIENCES HOLDINGS,1WK,200.0,13.87
2026-09-28 00:00:00,Long,SFIX,2.48,15.31%,1.6,mfa,参数一,"{""mfa"": {""mfa_all"": 4}}",,,,,,,STITCH FIX INC-CLASS A,1WK,,
2026-09-28 00:00:00,Long,SFIX,2.48,15.31%,1.6,suf,参数一,"{""suf"": {""timeframe"": ""w""}}",,,,,,,STITCH FIX INC-CLASS A,1WK,200.0,-35.58
2026-09-28 00:00:00,Long,SFIX,2.48,15.31%,1.6,mfa,参数二,"{""mfa"": {""mfa_all"": 4}}",,,,,,,STITCH FIX INC-CLASS A,1WK,,
2026-09-28 00:00:00,Long,SFIX,2.48,15.31%,1.6,suf,参数二,"{""suf"": {""timeframe"": ""w""}}",,,,,,,STITCH FIX INC-CLASS A,1WK,200.0,-35.58
2026-09-28 00:00:00,Short,EVTR,48.38,-0.77%,49.12,sqz,参数二,"{""sqz"": {""bb_length"": 20, ""bb_mult"": 1.8, ""kc_length"": 20, ""kc_mult"": 1.5, ""min_sqz_bars"": 4}, ""r&s"": {""srb_left"": 15, ""srb_right"": 15}, ""atr"": {""atr_length"": 14, ""atr_mult"": 1.0}}",支撑释放,nan-45.59-49.21,低-高,nan%-7.93%,27.0,3.45,EATON VANCE TOTAL RETURN,1WK,,
2026-09-28 00:00:00,Long,KNDI,0.82,38.59%,0.45,mfa,参数一,"{""mfa"": {""mfa_all"": 47}}",,,,,,,KANDI TECHNOLOGIES GROUP INC,1WK,,
2026-09-28 00:00:00,Long,KNDI,0.82,38.59%,0.45,mfa,参数二,"{""mfa"": {""mfa_all"": 47}}",,,,,,,KANDI TECHNOLOGIES GROUP INC,1WK,,
2026-09-28 00:00:00,Short,LYEL,9.5,-3.55%,12.44,sqz,参数一,"{""sqz"": {""bb_length"": 15, ""bb_mult"": 1.5, ""kc_length"": 15, ""kc_mult"": 1.2, ""min_sqz_bars"": 4}, ""r&s"": {""srb_left"": 10, ""srb_right"": 10}, ""atr"": {""atr_length"": 14, ""atr_mult"": 1.0}}",支撑释放,nan-35.4-26.4-7.65-11.47,低-低-低-高,nan%-25.42%-71.02%-49.93%,14.0,49.52,LYELL IMMUNOPHARMA INC,1WK,,
2026-09-28 00:00:00,Short,ENFR,37.03,-0.87%,39.0,utb,参数一,"{""utb"": {""key_value"": 2, ""atr_period"": 14, ""use_ha"": false}, ""r&s"": {""srb_left"": 10, ""srb_right"": 10}, ""atr"": {""atr_length"": 14, ""atr_mult"": 1.0}}",,,,,,,ALERIAN ENERGY INFRASTRUCTUR,1WK,,
2026-09-28 00:00:00,Long,GOLF,83.19,0.20%,75.82,mfa,参数一,"{""mfa"": {""mfa_all"": 3}}",,,,,,,ACUSHNET HOLDINGS CORP,1WK,,
2026-09-28 00:00:00,Long,GOLF,83.19,0.20%,75.82,mfa,参数二,"{""mfa"": {""mfa_all"": 3}}",,,,,,,ACUSHNET HOLDINGS CORP,1WK,,
2026-09-28 00:00:00,Short,IGPT,100.87,-2.51%,109.09,suf,参数一,"{""suf"": {""timeframe"": ""w""}}",,,,,,,INVESCO AI AND NEXT GEN SOFT,1WK,200.0,101.56
2026-09-28 00:00:00,Short,IGPT,100.87,-2.51%,109.09,suf,参数二,"{""suf"": {""timeframe"": ""w""}}",,,,,,,INVESCO AI AND NEXT GEN SOFT,1WK,200.0,101.56
2026-09-28 00:00:00,Long,WKSP,0.45,2.78%,0.2,mfa,参数一,"{""mfa"": {""mfa_all"": 47}}",,,,,,,WORKSPORT LTD,1WK,,
2026-09-28 00:00:00,Long,WKSP,0.45,2.78%,0.2,mfa,参数二,"{""mfa"": {""mfa_all"": 47}}",,,,,,,WORKSPORT LTD,1WK,,
2026-09-28 00:00:00,Long,SBFM,0.8,-5.44%,-0.33,mfa,参数一,"{""mfa"": {""mfa_all"": 41}}",,,,,,,SUNSHINE BIOPHARMA INC,1WK,,
2026-09-28 00:00:00,Long,SBFM,0.8,-5.44%,-0.33,mfa,参数二,"{""mfa"": {""mfa_all"": 41}}",,,,,,,SUNSHINE BIOPHARMA INC,1WK,,
2026-09-28 00:00:00,Short,LTPZ,45.04,-1.72%,46.51,sqz,参数一,"{""sqz"": {""bb_length"": 15, ""bb_mult"": 1.5, ""kc_length"": 15, ""kc_mult"": 1.2, ""min_sqz_bars"": 4}, ""r&s"": {""srb_left"": 10, ""srb_right"": 10}, ""atr"": {""atr_length"": 14, ""atr_mult"": 1.0}}",一直亮红,nan-43.06-45.89-46.34-45.13,低-高-高-低,nan%-6.57%-0.98%-2.61%,77.0,14.71,PIMCO 15+ YR US TIPS INDX,1WK,,
2026-09-28 00:00:00,Short,LTPZ,45.04,-1.72%,46.51,sqz,参数二,"{""sqz"": {""bb_length"": 20, ""bb_mult"": 1.8, ""kc_length"": 20, ""kc_mult"": 1.5, ""min_sqz_bars"": 4}, ""r&s"": {""srb_left"": 15, ""srb_right"": 15}, ""atr"": {""atr_length"": 14, ""atr_mult"": 1.0}}",一直亮红,nan-43.06-45.89-45.13,低-高-低,nan%-6.57%-1.66%,77.0,14.71,PIMCO 15+ YR US TIPS INDX,1WK,,
2026-09-28 00:00:00,Short,IWX,109.7,-1.47%,112.82,suf,参数一,"{""suf"": {""timeframe"": ""w""}}",,,,,,,ISHARES RUSSELL TOP 200 VALU,1WK,200.0,39.65
2026-09-28 00:00:00,Short,IWX,109.7,-1.47%,112.82,suf,参数二,"{""suf"": {""timeframe"": ""w""}}",,,,,,,ISHARES RUSSELL TOP 200 VALU,1WK,200.0,39.65
2026-09-28 00:00:00,Short,LITL,33.2,-0.37%,34.05,utb,参数一,"{""utb"": {""key_value"": 2, ""atr_period"": 14, ""use_ha"": false}, ""r&s"": {""srb_left"": 10, ""srb_right"": 10}, ""atr"": {""atr_length"": 14, ""atr_mult"": 1.0}}",,,,,,,SIMPLIFY PPR SNDLR US SM CAP,1WK,,
2026-09-28 00:00:00,Short,BBSC,84.81,-1.64%,87.95,utb,参数二,"{""utb"": {""key_value"": 3, ""atr_period"": 14, ""use_ha"": false}, ""r&s"": {""srb_left"": 15, ""srb_right"": 15}, ""atr"": {""atr_length"": 14, ""atr_mult"": 1.0}}",,,,,,,JPMORGAN BETABUILDERS US SC,1WK,,
2026-09-28 00:00:00,Short,ALL,224.89,-1.19%,242.33,utb,参数二,"{""utb"": {""key_value"": 3, ""atr_period"": 14, ""use_ha"": false}, ""r&s"": {""srb_left"": 15, ""srb_right"": 15}, ""atr"": {""atr_length"": 14, ""atr_mult"": 1.0}}",,,,,,,ALLSTATE CORP,1WK,,
2026-09-28 00:00:00,Long,ARRY,3.92,-2.61%,2.91,mfa,参数一,"{""mfa"": {""mfa_all"": 13}}",,,,,,,ARRAY TECHNOLOGIES INC,1WK,,
2026-09-28 00:00:00,Long,ARRY,3.92,-2.61%,2.91,mfa,参数二,"{""mfa"": {""mfa_all"": 13}}",,,,,,,ARRAY TECHNOLOGIES INC,1WK,,
2026-09-28 00:00:00,Long,MGX,1.13,-1.30%,0.98,mfa,参数一,"{""mfa"": {""mfa_all"": 35}}",,,,,,,METAGENOMI THERAPEUTICS INC,1WK,,
2026-09-28 00:00:00,Long,MGX,1.13,-1.30%,0.98,mfa,参数二,"{""mfa"": {""mfa_all"": 35}}",,,,,,,METAGENOMI THERAPEUTICS INC,1WK,,
2026-09-28 00:00:00,Short,SELV,33.73,-1.15%,34.69,utb,参数一,"{""utb"": {""key_value"": 2, ""atr_period"": 14, ""use_ha"": false}, ""r&s"": {""srb_left"": 10, ""srb_right"": 10}, ""atr"": {""atr_length"": 14, ""atr_mult"": 1.0}}",,,,,,,SEI QIM US LARGE CAP LOW VOL,1WK,,
2026-09-28 00:00:00,Short,TV,2.34,-1.27%,2.6,sqz,参数二,"{""sqz"": {""bb_length"": 20, ""bb_mult"": 1.8, ""kc_length"": 20, ""kc_mult"": 1.5, ""min_sqz_bars"": 4}, ""r&s"": {""srb_left"": 15, ""srb_right"": 15}, ""atr"": {""atr_length"": 14, ""atr_mult"": 1.0}}",支撑释放,3.46-1.7-1.61-1.48-2.55,低-低-低-高,51.01%-4.93%-8.28%-72.40%,30.0,32.16,GRUPO TELEVISA SA-SPON ADR,1WK,,
2026-09-28 00:00:00,Long,STEM,4.67,4.24%,3.15,mfa,参数一,"{""mfa"": {""mfa_all"": 31}}",,,,,,,STEM INC,1WK,,
2026-09-28 00:00:00,Long,STEM,4.67,4.24%,3.15,mfa,参数二,"{""mfa"": {""mfa_all"": 31}}",,,,,,,STEM INC,1WK,,
2026-09-28 00:00:00,Short,BOEU,24.12,-9.98%,29.6,sqz,参数二,"{""sqz"": {""bb_length"": 20, ""bb_mult"": 1.8, ""kc_length"": 20, ""kc_mult"": 1.5, ""min_sqz_bars"": 4}, ""r&s"": {""srb_left"": 15, ""srb_right"": 15}, ""atr"": {""atr_length"": 14, ""atr_mult"": 1.0}}",支撑释放,nan-25.77-26.95,低-高,nan%-4.56%,26.0,65.04,DIREXION DAILY BA BULL 2X ET,1WK,,
2026-09-28 00:00:00,Short,TFSL,16.27,-2.66%,17.62,utb,参数一,"{""utb"": {""key_value"": 2, ""atr_period"": 14, ""use_ha"": false}, ""r&s"": {""srb_left"": 10, ""srb_right"": 10}, ""atr"": {""atr_length"": 14, ""atr_mult"": 1.0}}",,,,,,,TFS FINANCIAL CORP,1WK,,
2026-09-28 00:00:00,Short,TYA,10.91,-2.37%,11.35,sqz,参数一,"{""sqz"": {""bb_length"": 15, ""bb_mult"": 1.5, ""kc_length"": 15, ""kc_mult"": 1.2, ""min_sqz_bars"": 4}, ""r&s"": {""srb_left"": 10, ""srb_right"": 10}, ""atr"": {""atr_length"": 14, ""atr_mult"": 1.0}}",一直亮红,nan-12.3-10.4-10.95-11.01,低-低-高-高,nan%-15.45%-5.33%-0.52%,89.0,25.32,SIMPLIFY INTERMEDIATE TERM,1WK,,
2026-09-28 00:00:00,Short,TYA,10.91,-2.37%,11.35,sqz,参数二,"{""sqz"": {""bb_length"": 20, ""bb_mult"": 1.8, ""kc_length"": 20, ""kc_mult"": 1.5, ""min_sqz_bars"": 4}, ""r&s"": {""srb_left"": 15, ""srb_right"": 15}, ""atr"": {""atr_length"": 14, ""atr_mult"": 1.0}}",一直亮红,nan-10.4-10.95-11.01,低-高-高,nan%-5.33%-0.52%,89.0,25.32,SIMPLIFY INTERMEDIATE TERM,1WK,,
2026-09-28 00:00:00,Short,IVOV,107.45,-1.46%,111.46,utb,参数二,"{""utb"": {""key_value"": 3, ""atr_period"": 14, ""use_ha"": false}, ""r&s"": {""srb_left"": 15, ""srb_right"": 15}, ""atr"": {""atr_length"": 14, ""atr_mult"": 1.0}}",,,,,,,VANGUARD S&P MID-CAP 400 VAL,1WK,,
2026-09-28 00:00:00,Short,FLQS,46.62,-1.14%,48.15,utb,参数二,"{""utb"": {""key_value"": 3, ""atr_period"": 14, ""use_ha"": false}, ""r&s"": {""srb_left"": 15, ""srb_right"": 15}, ""atr"": {""atr_length"": 14, ""atr_mult"": 1.0}}",,,,,,,FRANKLIN U.S. SMALL CAP MULT,1WK,,
2026-09-28 00:00:00,Short,SLN,10.93,-2.24%,13.01,utb,参数一,"{""utb"": {""key_value"": 2, ""atr_period"": 14, ""use_ha"": false}, ""r&s"": {""srb_left"": 10, ""srb_right"": 10}, ""atr"": {""atr_length"": 14, ""atr_mult"": 1.0}}",,,,,,,SILENCE THERAPEUTICS PLC-ADR,1WK,,
2026-09-28 00:00:00,Short,ABEO,5.14,-4.81%,6.04,utb,参数二,"{""utb"": {""key_value"": 3, ""atr_period"": 14, ""use_ha"": false}, ""r&s"": {""srb_left"": 15, ""srb_right"": 15}, ""atr"": {""atr_length"": 14, ""atr_mult"": 1.0}}",,,,,,,ABEONA THERAPEUTICS INC,1WK,,
2026-09-28 00:00:00,Short,QABA,64.35,-2.57%,67.97,utb,参数一,"{""utb"": {""key_value"": 2, ""atr_period"": 14, ""use_ha"": false}, ""r&s"": {""srb_left"": 10, ""srb_right"": 10}, ""atr"": {""atr_length"": 14, ""atr_mult"": 1.0}}",,,,,,,FIRST TRUST NASDAQ ABA CBIF,1WK,,
2026-09-28 00:00:00,Short,ATLO,31.57,-0.79%,33.32,suf,参数一,"{""suf"": {""timeframe"": ""w""}}",,,,,,,AMES NATIONAL CORP,1WK,200.0,59.65
2026-09-28 00:00:00,Short,ATLO,31.57,-0.79%,33.32,suf,参数二,"{""suf"": {""timeframe"": ""w""}}",,,,,,,AMES NATIONAL CORP,1WK,200.0,59.65
2026-09-28 00:00:00,Long,WAB,290.8,0.97%,273.31,sqz,参数一,"{""sqz"": {""bb_length"": 15, ""bb_mult"": 1.5, ""kc_length"": 15, ""kc_mult"": 1.2, ""min_sqz_bars"": 4}, ""r&s"": {""srb_left"": 10, ""srb_right"": 10}, ""atr"": {""atr_length"": 14, ""atr_mult"": 1.0}}",一直释放,105.91-117.75-169.0-209.09-214.82,高-高-高-高,11.18%-43.52%-23.73%-2.74%,64.0,17.13,WABTEC CORP,1WK,,
2026-09-28 00:00:00,Long,WAB,290.8,0.97%,273.31,sqz,参数二,"{""sqz"": {""bb_length"": 20, ""bb_mult"": 1.8, ""kc_length"": 20, ""kc_mult"": 1.5, ""min_sqz_bars"": 4}, ""r&s"": {""srb_left"": 15, ""srb_right"": 15}, ""atr"": {""atr_length"": 14, ""atr_mult"": 1.0}}",一直释放,nan-117.75-169.0-209.09-214.82,低-高-高-高,nan%-43.52%-23.73%-2.74%,64.0,17.13,WABTEC CORP,1WK,,
2026-09-28 00:00:00,Long,LSAK,4.16,-0.60%,3.79,mfa,参数一,"{""mfa"": {""mfa_all"": 3}}",,,,,,,LESAKA TECHNOLOGIES INC,1WK,,
2026-09-28 00:00:00,Long,LSAK,4.16,-0.60%,3.79,mfa,参数二,"{""mfa"": {""mfa_all"": 3}}",,,,,,,LESAKA TECHNOLOGIES INC,1WK,,
2026-09-28 00:00:00,Short,HDV,28.15,-0.48%,29.11,utb,参数一,"{""utb"": {""key_value"": 2, ""atr_period"": 14, ""use_ha"": false}, ""r&s"": {""srb_left"": 10, ""srb_right"": 10}, ""atr"": {""atr_length"": 14, ""atr_mult"": 1.0}}",,,,,,,ISHARES CORE HIGH DIVIDEND E,1WK,,
2026-09-28 00:00:00,Short,IBDW,20.04,-0.47%,20.27,sqz,参数一,"{""sqz"": {""bb_length"": 15, ""bb_mult"": 1.5, ""kc_length"": 15, ""kc_mult"": 1.2, ""min_sqz_bars"": 4}, ""r&s"": {""srb_left"": 10, ""srb_right"": 10}, ""atr"": {""atr_length"": 14, ""atr_mult"": 1.0}}",支撑释放,16.29-17.59-18.56-18.77-20.22,高-高-高-高,7.99%-5.48%-1.14%-7.71%,27.0,3.0,ISHARES IBONDS DEC 2031 CORP,1WK,,
2026-09-28 00:00:00,Short,IBDW,20.04,-0.47%,20.27,sqz,参数二,"{""sqz"": {""bb_length"": 20, ""bb_mult"": 1.8, ""kc_length"": 20, ""kc_mult"": 1.5, ""min_sqz_bars"": 4}, ""r&s"": {""srb_left"": 15, ""srb_right"": 15}, ""atr"": {""atr_length"": 14, ""atr_mult"": 1.0}}",支撑释放,nan-16.29-17.59-18.56-20.22,低-高-高-高,nan%-7.99%-5.48%-8.94%,27.0,3.0,ISHARES IBONDS DEC 2031 CORP,1WK,,
2026-09-28 00:00:00,Short,IWMI,48.9,-1.41%,50.95,utb,参数一,"{""utb"": {""key_value"": 2, ""atr_period"": 14, ""use_ha"": false}, ""r&s"": {""srb_left"": 10, ""srb_right"": 10}, ""atr"": {""atr_length"": 14, ""atr_mult"": 1.0}}",,,,,,,NEOS RUSSELL 2000 HIGH INC,1WK,,
2026-09-28 00:00:00,Short,MSDL,14.19,-0.66%,14.98,utb,参数一,"{""utb"": {""key_value"": 2, ""atr_period"": 14, ""use_ha"": false}, ""r&s"": {""srb_left"": 10, ""srb_right"": 10}, ""atr"": {""atr_length"": 14, ""atr_mult"": 1.0}}",,,,,,,MORGAN STANLEY DIRECT LENDIN,1WK,,
2026-09-28 00:00:00,Short,IDOG,42.05,-1.96%,43.95,utb,参数一,"{""utb"": {""key_value"": 2, ""atr_period"": 14, ""use_ha"": false}, ""r&s"": {""srb_left"": 10, ""srb_right"": 10}, ""atr"": {""atr_length"": 14, ""atr_mult"": 1.0}}",,,,,,,ALPS INTERNATIONAL SECTOR DI,1WK,,
2026-09-28 00:00:00,Short,MIAX,33.81,-3.12%,39.41,sqz,参数一,"{""sqz"": {""bb_length"": 15, ""bb_mult"": 1.5, ""kc_length"": 15, ""kc_mult"": 1.2, ""min_sqz_bars"": 4}, ""r&s"": {""srb_left"": 10, ""srb_right"": 10}, ""atr"": {""atr_length"": 14, ""atr_mult"": 1.0}}",支撑释放,nan-37.1-35.43,低-低,nan%-4.50%,14.0,34.07,MIAMI INTERNATIONAL HOLDINGS,1WK,,
2026-09-28 00:00:00,Short,VIOO,126.65,-1.52%,131.86,utb,参数二,"{""utb"": {""key_value"": 3, ""atr_period"": 14, ""use_ha"": false}, ""r&s"": {""srb_left"": 15, ""srb_right"": 15}, ""atr"": {""atr_length"": 14, ""atr_mult"": 1.0}}",,,,,,,VANGUARD S&P SMALL-CAP 600 E,1WK,,
2026-09-28 00:00:00,Short,KAPR,39.4,-0.73%,40.04,utb,参数一,"{""utb"": {""key_value"": 2, ""atr_period"": 14, ""use_ha"": false}, ""r&s"": {""srb_left"": 10, ""srb_right"": 10}, ""atr"": {""atr_length"": 14, ""atr_mult"": 1.0}}",,,,,,,INNOVATOR U.S. SMALL CAP POW,1WK,,
2026-09-28 00:00:00,Short,MSBI,32.2,-3.19%,34.99,suf,参数一,"{""suf"": {""timeframe"": ""w""}}",,,,,,,MIDLAND STATES BANCORP INC,1WK,200.0,56.38
2026-09-28 00:00:00,Short,MSBI,32.2,-3.19%,34.99,suf,参数二,"{""suf"": {""timeframe"": ""w""}}",,,,,,,MIDLAND STATES BANCORP INC,1WK,200.0,56.38
2026-09-28 00:00:00,Short,MDIV,15.89,-0.81%,16.3,utb,参数二,"{""utb"": {""key_value"": 3, ""atr_period"": 14, ""use_ha"": false}, ""r&s"": {""srb_left"": 15, ""srb_right"": 15}, ""atr"": {""atr_length"": 14, ""atr_mult"": 1.0}}",,,,,,,FT MULTI-ASSET DIVERS INC,1WK,,
2026-09-28 00:00:00,Short,PSAI,27.34,-0.70%,28.1,utb,参数一,"{""utb"": {""key_value"": 2, ""atr_period"": 14, ""use_ha"": false}, ""r&s"": {""srb_left"": 10, ""srb_right"": 10}, ""atr"": {""atr_length"": 14, ""atr_mult"": 1.0}}",,,,,,,PCR SP 3AI TP 100,1WK,,
2026-09-28 00:00:00,Long,UPB,5.07,-5.41%,3.79,mfa,参数一,"{""mfa"": {""mfa_all"": 34}}",,,,,,,UPSTREAM BIO INC,1WK,,
2026-09-28 00:00:00,Long,UPB,5.07,-5.41%,3.79,mfa,参数二,"{""mfa"": {""mfa_all"": 34}}",,,,,,,UPSTREAM BIO INC,1WK,,
2026-09-28 00:00:00,Short,PVAL,52.79,-1.29%,54.34,suf,参数一,"{""suf"": {""timeframe"": ""w""}}",,,,,,,PUTNAM FOCUSED LRG CAP VALUE,1WK,200.0,41.88
2026-09-28 00:00:00,Short,PVAL,52.79,-1.29%,54.34,suf,参数二,"{""suf"": {""timeframe"": ""w""}}",,,,,,,PUTNAM FOCUSED LRG CAP VALUE,1WK,200.0,41.88
2026-09-28 00:00:00,Long,NXGL,0.16,-5.29%,0.02,mfa,参数一,"{""mfa"": {""mfa_all"": 47}}",,,,,,,NEXGEL INC,1WK,,
2026-09-28 00:00:00,Long,NXGL,0.16,-5.29%,0.02,mfa,参数二,"{""mfa"": {""mfa_all"": 47}}",,,,,,,NEXGEL INC,1WK,,
2026-09-28 00:00:00,Short,FA,17.9,-8.67%,21.54,utb,参数一,"{""utb"": {""key_value"": 2, ""atr_period"": 14, ""use_ha"": false}, ""r&s"": {""srb_left"": 10, ""srb_right"": 10}, ""atr"": {""atr_length"": 14, ""atr_mult"": 1.0}}",,,,,,,FIRST ADVANTAGE CORP,1WK,,
2026-09-28 00:00:00,Long,PRAB,24.78,-0.08%,24.7,mfa,参数一,"{""mfa"": {""mfa_all"": 22}}",,,,,,,STATE STREET IG PUB & PRIV,1WK,,
2026-09-28 00:00:00,Long,PRAB,24.78,-0.08%,24.7,mfa,参数二,"{""mfa"": {""mfa_all"": 22}}",,,,,,,STATE STREET IG PUB & PRIV,1WK,,
2026-09-28 00:00:00,Short,MIDU,59.35,-3.92%,66.04,utb,参数二,"{""utb"": {""key_value"": 3, ""atr_period"": 14, ""use_ha"": false}, ""r&s"": {""srb_left"": 15, ""srb_right"": 15}, ""atr"": {""atr_length"": 14, ""atr_mult"": 1.0}}",,,,,,,DIRXN DLY MID CAP BL 3XE-USI,1WK,,
2026-09-28 00:00:00,Short,BTBD,1.76,-9.28%,2.18,suf,参数一,"{""suf"": {""timeframe"": ""w""}}",,,,,,,BT BRANDS INC,1WK,200.0,0.79
2026-09-28 00:00:00,Short,BTBD,1.76,-9.28%,2.18,suf,参数二,"{""suf"": {""timeframe"": ""w""}}",,,,,,,BT BRANDS INC,1WK,200.0,0.79
2026-09-28 00:00:00,Short,RBLX,41.8,-9.99%,51.35,sqz,参数二,"{""sqz"": {""bb_length"": 20, ""bb_mult"": 1.8, ""kc_length"": 20, ""kc_mult"": 1.5, ""min_sqz_bars"": 4}, ""r&s"": {""srb_left"": 15, ""srb_right"": 15}, ""atr"": {""atr_length"": 14, ""atr_mult"": 1.0}}",一直释放,nan-24.88-29.55-50.1,低-高-高,nan%-18.77%-69.54%,77.0,200.58,ROBLOX CORP -CLASS A,1WK,,
2026-09-28 00:00:00,Short,DVAL,15.71,-1.41%,16.15,utb,参数二,"{""utb"": {""key_value"": 3, ""atr_period"": 14, ""use_ha"": false}, ""r&s"": {""srb_left"": 15, ""srb_right"": 15}, ""atr"": {""atr_length"": 14, ""atr_mult"": 1.0}}",,,,,,,BRANDYWINEGLOBAL DYN US LCV,1WK,,
2026-09-28 00:00:00,Short,SPUS,59.49,-0.92%,61.64,suf,参数一,"{""suf"": {""timeframe"": ""w""}}",,,,,,,SP FUNDS S&P SHARIA INDU EXC,1WK,200.0,45.54
2026-09-28 00:00:00,Short,SPUS,59.49,-0.92%,61.64,suf,参数二,"{""suf"": {""timeframe"": ""w""}}",,,,,,,SP FUNDS S&P SHARIA INDU EXC,1WK,200.0,45.54
2026-09-28 00:00:00,Long,VXZ,45.54,-0.06%,44.05,mfa,参数一,"{""mfa"": {""mfa_all"": 15}}",,,,,,,IPATH SER B S&P 500 VIX M/T,1WK,,
2026-09-28 00:00:00,Long,VXZ,45.54,-0.06%,44.05,mfa,参数二,"{""mfa"": {""mfa_all"": 15}}",,,,,,,IPATH SER B S&P 500 VIX M/T,1WK,,
2026-09-28 00:00:00,Long,BSCQ,19.53,0.08%,19.48,sqz,参数一,"{""sqz"": {""bb_length"": 15, ""bb_mult"": 1.5, ""kc_length"": 15, ""kc_mult"": 1.2, ""min_sqz_bars"": 4}, ""r&s"": {""srb_left"": 10, ""srb_right"": 10}, ""atr"": {""atr_length"": 14, ""atr_mult"": 1.0}}",一直释放,nan-16.84,低,nan%,178.0,2.19,INVESCO BULLETSHARES 2026 CB,1WK,,
2026-09-28 00:00:00,Long,BSCQ,19.53,0.08%,19.48,sqz,参数二,"{""sqz"": {""bb_length"": 20, ""bb_mult"": 1.8, ""kc_length"": 20, ""kc_mult"": 1.5, ""min_sqz_bars"": 4}, ""r&s"": {""srb_left"": 15, ""srb_right"": 15}, ""atr"": {""atr_length"": 14, ""atr_mult"": 1.0}}",一直释放,nan-16.84,低,nan%,178.0,2.19,INVESCO BULLETSHARES 2026 CB,1WK,,
2026-09-28 00:00:00,Short,LILA,8.4,-1.00%,9.29,suf,参数一,"{""suf"": {""timeframe"": ""w""}}",,,,,,,LIBERTY LATIN AMERIC-CL A,1WK,200.0,53.51
2026-09-28 00:00:00,Short,LILA,8.4,-1.00%,9.29,suf,参数二,"{""suf"": {""timeframe"": ""w""}}",,,,,,,LIBERTY LATIN AMERIC-CL A,1WK,200.0,53.51
2026-09-28 00:00:00,Short,JSMD,89.37,-1.34%,93.64,utb,参数一,"{""utb"": {""key_value"": 2, ""atr_period"": 14, ""use_ha"": false}, ""r&s"": {""srb_left"": 10, ""srb_right"": 10}, ""atr"": {""atr_length"": 14, ""atr_mult"": 1.0}}",,,,,,,JANUS SMALL MID CAP GR ALP,1WK,,
2026-09-28 00:00:00,Long,MYMK,24.26,0.43%,24.14,mfa,参数一,"{""mfa"": {""mfa_all"": 4}}",,,,,,,STATE STREET MY2031 MUNICIPA,1WK,,
2026-09-28 00:00:00,Long,MYMK,24.26,0.43%,24.14,mfa,参数二,"{""mfa"": {""mfa_all"": 4}}",,,,,,,STATE STREET MY2031 MUNICIPA,1WK,,
2026-09-28 00:00:00,Short,DDIV,44.26,-0.87%,45.36,utb,参数二,"{""utb"": {""key_value"": 3, ""atr_period"": 14, ""use_ha"": false}, ""r&s"": {""srb_left"": 15, ""srb_right"": 15}, ""atr"": {""atr_length"": 14, ""atr_mult"": 1.0}}",,,,,,,FIRST TRUST DORSEY WRIGHT MO,1WK,,
2026-09-28 00:00:00,Short,GVI,102.94,-0.44%,103.72,sqz,参数二,"{""sqz"": {""bb_length"": 20, ""bb_mult"": 1.8, ""kc_length"": 20, ""kc_mult"": 1.5, ""min_sqz_bars"": 4}, ""r&s"": {""srb_left"": 15, ""srb_right"": 15}, ""atr"": {""atr_length"": 14, ""atr_mult"": 1.0}}",支撑释放,nan-86.81-93.74-97.48-103.98,低-高-高-高,nan%-7.98%-3.99%-6.67%,27.0,1.64,ISHARES INTERMEDIATE GOVERNM,1WK,,
2026-09-28 00:00:00,Long,LU,1.25,1.22%,1.03,mfa,参数一,"{""mfa"": {""mfa_all"": 30}}",,,,,,,LUFAX HOLDING LTD-ADR,1WK,,
2026-09-28 00:00:00,Long,LU,1.25,1.22%,1.03,mfa,参数二,"{""mfa"": {""mfa_all"": 30}}",,,,,,,LUFAX HOLDING LTD-ADR,1WK,,
2026-09-28 00:00:00,Short,TIMB,17.6,-3.08%,19.09,sqz,参数一,"{""sqz"": {""bb_length"": 15, ""bb_mult"": 1.5, ""kc_length"": 15, ""kc_mult"": 1.2, ""min_sqz_bars"": 4}, ""r&s"": {""srb_left"": 10, ""srb_right"": 10}, ""atr"": {""atr_length"": 14, ""atr_mult"": 1.0}}",一直释放,nan-8.33-12.52-10.51-18.99,低-高-低-高,nan%-50.29%-16.09%-80.78%,39.0,47.49,TIM SA-ADR,1WK,,
2026-09-28 00:00:00,Short,FWDI,7.83,-7.01%,9.59,suf,参数一,"{""suf"": {""timeframe"": ""w""}}",,,,,,,FORWARD INDUSTRIES INC,1WK,200.0,2.36
2026-09-28 00:00:00,Short,FWDI,7.83,-7.01%,9.59,suf,参数二,"{""suf"": {""timeframe"": ""w""}}",,,,,,,FORWARD INDUSTRIES INC,1WK,200.0,2.36
2026-09-28 00:00:00,Short,MVV,79.3,-2.68%,85.15,utb,参数二,"{""utb"": {""key_value"": 3, ""atr_period"": 14, ""use_ha"": false}, ""r&s"": {""srb_left"": 15, ""srb_right"": 15}, ""atr"": {""atr_length"": 14, ""atr_mult"": 1.0}}",,,,,,,PROSHARES ULTRA MIDCAP400,1WK,,
2026-09-28 00:00:00,Short,MYCJ,23.91,-0.44%,24.09,sqz,参数二,"{""sqz"": {""bb_length"": 20, ""bb_mult"": 1.8, ""kc_length"": 20, ""kc_mult"": 1.5, ""min_sqz_bars"": 4}, ""r&s"": {""srb_left"": 15, ""srb_right"": 15}, ""atr"": {""atr_length"": 14, ""atr_mult"": 1.0}}",支撑释放,nan-22.17-24.06,低-高,nan%-8.55%,27.0,2.04,STATE STREET MY2030 CORPORAT,1WK,,
2026-09-28 00:00:00,Short,FNX,135.25,-1.49%,140.47,utb,参数二,"{""utb"": {""key_value"": 3, ""atr_period"": 14, ""use_ha"": false}, ""r&s"": {""srb_left"": 15, ""srb_right"": 15}, ""atr"": {""atr_length"": 14, ""atr_mult"": 1.0}}",,,,,,,FIRST TRUST MID CAP CORE ALP,1WK,,
2026-09-28 00:00:00,Long,BFS,29.94,-0.20%,28.3,mfa,参数一,"{""mfa"": {""mfa_all"": 3}}",,,,,,,SAUL CENTERS INC,1WK,,
2026-09-28 00:00:00,Long,BFS,29.94,-0.20%,28.3,mfa,参数二,"{""mfa"": {""mfa_all"": 3}}",,,,,,,SAUL CENTERS INC,1WK,,
2026-09-28 00:00:00,Short,RDTE,26.26,-1.33%,27.28,utb,参数一,"{""utb"": {""key_value"": 2, ""atr_period"": 14, ""use_ha"": false}, ""r&s"": {""srb_left"": 10, ""srb_right"": 10}, ""atr"": {""atr_length"": 14, ""atr_mult"": 1.0}}",,,,,,,ROUNDHILL RUSSELL 2000 0DTE,1WK,,
2026-09-28 00:00:00,Short,IMMX,10.31,-6.02%,13.53,utb,参数一,"{""utb"": {""key_value"": 2, ""atr_period"": 14, ""use_ha"": false}, ""r&s"": {""srb_left"": 10, ""srb_right"": 10}, ""atr"": {""atr_length"": 14, ""atr_mult"": 1.0}}",,,,,,,IMMIX BIOPHARMA INC,1WK,,
2026-09-28 00:00:00,Short,HP,36.94,-4.21%,42.28,utb,参数一,"{""utb"": {""key_value"": 2, ""atr_period"": 14, ""use_ha"": false}, ""r&s"": {""srb_left"": 10, ""srb_right"": 10}, ""atr"": {""atr_length"": 14, ""atr_mult"": 1.0}}",,,,,,,HELMERICH & PAYNE,1WK,,
2026-09-28 00:00:00,Short,LVHI,41.74,-1.48%,43.08,suf,参数一,"{""suf"": {""timeframe"": ""w""}}",,,,,,,FRANKLIN INTERNATIONAL LOW V,1WK,200.0,41.81
2026-09-28 00:00:00,Short,LVHI,41.74,-1.48%,43.08,suf,参数二,"{""suf"": {""timeframe"": ""w""}}",,,,,,,FRANKLIN INTERNATIONAL LOW V,1WK,200.0,41.81
2026-09-28 00:00:00,Long,MASK,0.82,-6.07%,-0.2,mfa,参数一,"{""mfa"": {""mfa_all"": 3}}",,,,,,,3 E NETWORK TECHNOLOGY GRP-A,1WK,,
2026-09-28 00:00:00,Long,MASK,0.82,-6.07%,-0.2,mfa,参数二,"{""mfa"": {""mfa_all"": 3}}",,,,,,,3 E NETWORK TECHNOLOGY GRP-A,1WK,,
2026-09-28 00:00:00,Short,TPHD,40.78,-0.84%,41.95,utb,参数二,"{""utb"": {""key_value"": 3, ""atr_period"": 14, ""use_ha"": false}, ""r&s"": {""srb_left"": 15, ""srb_right"": 15}, ""atr"": {""atr_length"": 14, ""atr_mult"": 1.0}}",,,,,,,TIMOTHY PLAN HIGH DVD STCK,1WK,,
2026-09-28 00:00:00,Short,FDM,87.54,-1.44%,91.13,utb,参数二,"{""utb"": {""key_value"": 3, ""atr_period"": 14, ""use_ha"": false}, ""r&s"": {""srb_left"": 15, ""srb_right"": 15}, ""atr"": {""atr_length"": 14, ""atr_mult"": 1.0}}",,,,,,,FIRST TRUST DOW J SELECT MIC,1WK,,
2026-09-28 00:00:00,Short,FLG,11.78,-4.73%,13.08,sqz,参数一,"{""sqz"": {""bb_length"": 15, ""bb_mult"": 1.5, ""kc_length"": 15, ""kc_mult"": 1.2, ""min_sqz_bars"": 4}, ""r&s"": {""srb_left"": 10, ""srb_right"": 10}, ""atr"": {""atr_length"": 14, ""atr_mult"": 1.0}}",一直亮红,26.15-5.05-8.51-10.54-12.05,低-高-高-高,80.70%-68.68%-23.79%-14.37%,29.0,28.01,FLAGSTAR BANK NA,1WK,,
2026-09-28 00:00:00,Short,PHIN,60.51,-2.47%,67.38,sqz,参数一,"{""sqz"": {""bb_length"": 15, ""bb_mult"": 1.5, ""kc_length"": 15, ""kc_mult"": 1.2, ""min_sqz_bars"": 4}, ""r&s"": {""srb_left"": 10, ""srb_right"": 10}, ""atr"": {""atr_length"": 14, ""atr_mult"": 1.0}}",一直亮红,nan-21.95-35.23-61.77,低-高-高,nan%-60.50%-75.31%,28.0,40.13,PHINIA INC,1WK,,
2026-09-28 00:00:00,Long,PHIN,60.51,-2.47%,55.0,mfa,参数一,"{""mfa"": {""mfa_all"": 3}}",,,,,,,PHINIA INC,1WK,,
2026-09-28 00:00:00,Long,PHIN,60.51,-2.47%,55.0,mfa,参数二,"{""mfa"": {""mfa_all"": 3}}",,,,,,,PHINIA INC,1WK,,
2026-09-28 00:00:00,Short,URTY,66.73,-4.75%,76.73,utb,参数二,"{""utb"": {""key_value"": 3, ""atr_period"": 14, ""use_ha"": false}, ""r&s"": {""srb_left"": 15, ""srb_right"": 15}, ""atr"": {""atr_length"": 14, ""atr_mult"": 1.0}}",,,,,,,PROSHARES ULTRAPRO RUSS2000,1WK,,
2026-09-28 00:00:00,Long,TWM,24.2,3.24%,21.95,utb,参数一,"{""utb"": {""key_value"": 2, ""atr_period"": 14, ""use_ha"": false}, ""r&s"": {""srb_left"": 10, ""srb_right"": 10}, ""atr"": {""atr_length"": 14, ""atr_mult"": 1.0}}",,,,,,,PROSHARES ULTRASHORT R2000,1WK,,
2026-09-28 00:00:00,Long,MAZE,27.17,4.32%,21.06,mfa,参数一,"{""mfa"": {""mfa_all"": 20}}",,,,,,,MAZE THERAPEUTICS INC,1WK,,
2026-09-28 00:00:00,Long,MAZE,27.17,4.32%,21.06,mfa,参数二,"{""mfa"": {""mfa_all"": 20}}",,,,,,,MAZE THERAPEUTICS INC,1WK,,
2026-09-28 00:00:00,Long,TRUG,2.83,896.48%,-1.33,suf,参数一,"{""suf"": {""timeframe"": ""w""}}",,,,,,,TRUGOLF HOLDINGS INC-CL A,1WK,200.0,-99.84
2026-09-28 00:00:00,Long,TRUG,2.83,896.48%,-1.33,suf,参数二,"{""suf"": {""timeframe"": ""w""}}",,,,,,,TRUGOLF HOLDINGS INC-CL A,1WK,200.0,-99.84
2026-09-28 00:00:00,Short,FTCI,2.09,-21.62%,3.6,sqz,参数二,"{""sqz"": {""bb_length"": 20, ""bb_mult"": 1.8, ""kc_length"": 20, ""kc_mult"": 1.5, ""min_sqz_bars"": 4}, ""r&s"": {""srb_left"": 15, ""srb_right"": 15}, ""atr"": {""atr_length"": 14, ""atr_mult"": 1.0}}",一直亮红,nan-19.8-2.82-1.76-2.13,低-低-低-高,nan%-85.76%-37.59%-21.02%,77.0,498.59,FTC SOLAR INC,1WK,,
2026-09-28 00:00:00,Short,CLBK,10.82,-4.46%,11.86,suf,参数一,"{""suf"": {""timeframe"": ""w""}}",,,,,,,COLUMBIA FINANCIAL INC,1WK,200.0,37.07
2026-09-28 00:00:00,Short,CLBK,10.82,-4.46%,11.86,suf,参数二,"{""suf"": {""timeframe"": ""w""}}",,,,,,,COLUMBIA FINANCIAL INC,1WK,200.0,37.07
2026-09-28 00:00:00,Long,WH,71.54,2.22%,64.54,mfa,参数一,"{""mfa"": {""mfa_all"": 4}}",,,,,,,WYNDHAM HOTELS & RESORTS INC,1WK,,
2026-09-28 00:00:00,Long,WH,71.54,2.22%,64.54,mfa,参数二,"{""mfa"": {""mfa_all"": 4}}",,,,,,,WYNDHAM HOTELS & RESORTS INC,1WK,,
2026-09-28 00:00:00,Short,UMI,57.06,-1.07%,60.21,utb,参数一,"{""utb"": {""key_value"": 2, ""atr_period"": 14, ""use_ha"": false}, ""r&s"": {""srb_left"": 10, ""srb_right"": 10}, ""atr"": {""atr_length"": 14, ""atr_mult"": 1.0}}",,,,,,,USCF MIDSTREAM ENERGY INCOME,1WK,,
2026-09-28 00:00:00,Long,SOS,0.34,-3.90%,0.06,mfa,参数一,"{""mfa"": {""mfa_all"": 10}}",,,,,,,SOS LTD-A,1WK,,
2026-09-28 00:00:00,Long,SOS,0.34,-3.90%,0.06,mfa,参数二,"{""mfa"": {""mfa_all"": 10}}",,,,,,,SOS LTD-A,1WK,,
2026-09-28 00:00:00,Short,FLUT,75.32,-9.51%,94.56,sqz,参数一,"{""sqz"": {""bb_length"": 15, ""bb_mult"": 1.5, ""kc_length"": 15, ""kc_mult"": 1.2, ""min_sqz_bars"": 4}, ""r&s"": {""srb_left"": 10, ""srb_right"": 10}, ""atr"": {""atr_length"": 14, ""atr_mult"": 1.0}}",支撑释放,nan-148.0-174.03-196.88-91.52,低-高-高-低,nan%-17.59%-13.13%-53.51%,20.0,30.51,FLUTTER ENTERTAINMENT PLC-DI,1WK,,
2026-09-28 00:00:00,Short,FE,43.17,-0.29%,45.11,sqz,参数一,"{""sqz"": {""bb_length"": 15, ""bb_mult"": 1.5, ""kc_length"": 15, ""kc_mult"": 1.2, ""min_sqz_bars"": 4}, ""r&s"": {""srb_left"": 10, ""srb_right"": 10}, ""atr"": {""atr_length"": 14, ""atr_mult"": 1.0}}",支撑释放,nan-28.41-35.39-42.6-43.3,低-高-高-高,nan%-24.56%-20.37%-1.65%,20.0,15.37,FIRSTENERGY CORP,1WK,,
2026-09-28 00:00:00,Short,FE,43.17,-0.29%,45.11,sqz,参数二,"{""sqz"": {""bb_length"": 20, ""bb_mult"": 1.8, ""kc_length"": 20, ""kc_mult"": 1.5, ""min_sqz_bars"": 4}, ""r&s"": {""srb_left"": 15, ""srb_right"": 15}, ""atr"": {""atr_length"": 14, ""atr_mult"": 1.0}}",支撑释放,nan-28.41-35.39-43.3,低-高-高,nan%-24.56%-22.35%,20.0,15.37,FIRSTENERGY CORP,1WK,,
2026-09-28 00:00:00,Short,OBIO,5.93,-0.34%,6.55,suf,参数一,"{""suf"": {""timeframe"": ""w""}}",,,,,,,ORCHESTRA BIOMED HOLDINGS IN,1WK,200.0,-4.63
2026-09-28 00:00:00,Short,OBIO,5.93,-0.34%,6.55,suf,参数二,"{""suf"": {""timeframe"": ""w""}}",,,,,,,ORCHESTRA BIOMED HOLDINGS IN,1WK,200.0,-4.63
2026-09-28 00:00:00,Long,NAMI,2.49,56.92%,-0.42,mfa,参数一,"{""mfa"": {""mfa_all"": 36}}",,,,,,,JINXIN TECHNOLOGY HOLDIN-ADR,1WK,,
2026-09-28 00:00:00,Long,NAMI,2.49,56.92%,-0.42,mfa,参数二,"{""mfa"": {""mfa_all"": 36}}",,,,,,,JINXIN TECHNOLOGY HOLDIN-ADR,1WK,,
2026-09-28 00:00:00,Short,MET,95.33,-2.42%,101.87,suf,参数一,"{""suf"": {""timeframe"": ""w""}}",,,,,,,METLIFE INC,1WK,200.0,34.64
2026-09-28 00:00:00,Short,MET,95.33,-2.42%,101.87,suf,参数二,"{""suf"": {""timeframe"": ""w""}}",,,,,,,METLIFE INC,1WK,200.0,34.64
2026-09-28 00:00:00,Short,SCNX,0.26,-4.37%,0.36,sqz,参数一,"{""sqz"": {""bb_length"": 15, ""bb_mult"": 1.5, ""kc_length"": 15, ""kc_mult"": 1.2, ""min_sqz_bars"": 4}, ""r&s"": {""srb_left"": 10, ""srb_right"": 10}, ""atr"": {""atr_length"": 14, ""atr_mult"": 1.0}}",支撑释放,2.48-2.3-0.46-0.24-0.29,低-低-低-高,7.17%-79.95%-48.37%-21.85%,12.0,65.86,SCIENTURE HOLDINGS INC,1WK,,
2026-09-28 00:00:00,Short,GIL,42.43,3.54%,48.02,sqz,参数一,"{""sqz"": {""bb_length"": 15, ""bb_mult"": 1.5, ""kc_length"": 15, ""kc_mult"": 1.2, ""min_sqz_bars"": 4}, ""r&s"": {""srb_left"": 10, ""srb_right"": 10}, ""atr"": {""atr_length"": 14, ""atr_mult"": 1.0}}",支撑释放,30.93-44.37-36.36-45.21-46.35,高-低-高-高,43.49%-18.07%-24.35%-2.52%,26.0,36.22,GILDAN ACTIVEWEAR INC,1WK,,
2026-09-28 00:00:00,Short,LINE,34.88,-3.53%,38.96,utb,参数二,"{""utb"": {""key_value"": 3, ""atr_period"": 14, ""use_ha"": false}, ""r&s"": {""srb_left"": 15, ""srb_right"": 15}, ""atr"": {""atr_length"": 14, ""atr_mult"": 1.0}}",,,,,,,LINEAGE INC,1WK,,
2026-09-28 00:00:00,Short,QTJL,43.4,-0.82%,44.41,suf,参数一,"{""suf"": {""timeframe"": ""w""}}",,,,,,,INN GROWTH ACCEL PLUS JULY,1WK,200.0,36.0
2026-09-28 00:00:00,Short,QTJL,43.4,-0.82%,44.41,suf,参数二,"{""suf"": {""timeframe"": ""w""}}",,,,,,,INN GROWTH ACCEL PLUS JULY,1WK,200.0,36.0
2026-09-28 00:00:00,Short,NBP,1.37,-1.09%,1.7,sqz,参数一,"{""sqz"": {""bb_length"": 15, ""bb_mult"": 1.5, ""kc_length"": 15, ""kc_mult"": 1.2, ""min_sqz_bars"": 4}, ""r&s"": {""srb_left"": 10, ""srb_right"": 10}, ""atr"": {""atr_length"": 14, ""atr_mult"": 1.0}}",支撑释放,2.73-1.16-0.99-0.6-1.46,低-低-低-高,57.51%-14.66%-39.90%-145.38%,15.0,55.48,NOVABRIDGE BIOSCIENCES,1WK,,
2026-09-28 00:00:00,Short,CDRE,25.33,-4.00%,29.58,sqz,参数一,"{""sqz"": {""bb_length"": 15, ""bb_mult"": 1.5, ""kc_length"": 15, ""kc_mult"": 1.2, ""min_sqz_bars"": 4}, ""r&s"": {""srb_left"": 10, ""srb_right"": 10}, ""atr"": {""atr_length"": 14, ""atr_mult"": 1.0}}",支撑释放,28.47-29.86-26.61-27.9-25.65,高-低-高-低,4.89%-10.90%-4.87%-8.08%,20.0,45.72,CADRE HOLDINGS INC,1WK,,
2026-09-28 00:00:00,Short,OBK,52.51,-2.11%,55.91,suf,参数一,"{""suf"": {""timeframe"": ""w""}}",,,,,,,ORIGIN BANCORP INC,1WK,200.0,49.62
2026-09-28 00:00:00,Short,OBK,52.51,-2.11%,55.91,suf,参数二,"{""suf"": {""timeframe"": ""w""}}",,,,,,,ORIGIN BANCORP INC,1WK,200.0,49.62
2026-09-28 00:00:00,Short,SHPP,33.22,-0.64%,34.1,utb,参数二,"{""utb"": {""key_value"": 3, ""atr_period"": 14, ""use_ha"": false}, ""r&s"": {""srb_left"": 15, ""srb_right"": 15}, ""atr"": {""atr_length"": 14, ""atr_mult"": 1.0}}",,,,,,,PACER INDUSTRIALS AND LOGIS,1WK,,
2026-09-28 00:00:00,Long,IONS,45.92,3.19%,38.25,mfa,参数一,"{""mfa"": {""mfa_all"": 13}}",,,,,,,IONIS PHARMACEUTICALS INC,1WK,,
2026-09-28 00:00:00,Long,IONS,45.92,3.19%,38.25,mfa,参数二,"{""mfa"": {""mfa_all"": 13}}",,,,,,,IONIS PHARMACEUTICALS INC,1WK,,
2026-09-28 00:00:00,Long,WDE,24.42,0.25%,24.2,mfa,参数一,"{""mfa"": {""mfa_all"": 3}}",,,,,,,PRINCIPAL SECURITIZED DEBT,1WK,,
2026-09-28 00:00:00,Long,WDE,24.42,0.25%,24.2,mfa,参数二,"{""mfa"": {""mfa_all"": 3}}",,,,,,,PRINCIPAL SECURITIZED DEBT,1WK,,
2026-09-28 00:00:00,Short,DIV,18.92,-0.55%,19.48,utb,参数一,"{""utb"": {""key_value"": 2, ""atr_period"": 14, ""use_ha"": false}, ""r&s"": {""srb_left"": 10, ""srb_right"": 10}, ""atr"": {""atr_length"": 14, ""atr_mult"": 1.0}}",,,,,,,GLOBAL X SUPERDIVIDEND USE,1WK,,
2026-09-28 00:00:00,Short,FSEC,41.58,-1.46%,42.5,sqz,参数二,"{""sqz"": {""bb_length"": 20, ""bb_mult"": 1.8, ""kc_length"": 20, ""kc_mult"": 1.5, ""min_sqz_bars"": 4}, ""r&s"": {""srb_left"": 15, ""srb_right"": 15}, ""atr"": {""atr_length"": 14, ""atr_mult"": 1.0}}",支撑释放,nan-34.89-36.87-39.11-42.43,低-高-高-高,nan%-5.68%-6.07%-8.50%,19.0,3.26,FIDELITY INVEST GRD SECUR,1WK,,
2026-09-28 00:00:00,Short,FXL,218.79,-1.46%,229.67,suf,参数一,"{""suf"": {""timeframe"": ""w""}}",,,,,,,FIRST TRUST TECHNOLOGY ALPHA,1WK,200.0,51.67
2026-09-28 00:00:00,Short,FXL,218.79,-1.46%,229.67,suf,参数二,"{""suf"": {""timeframe"": ""w""}}",,,,,,,FIRST TRUST TECHNOLOGY ALPHA,1WK,200.0,51.67
2026-09-28 00:00:00,Short,FYT,66.94,-1.69%,69.63,utb,参数二,"{""utb"": {""key_value"": 3, ""atr_period"": 14, ""use_ha"": false}, ""r&s"": {""srb_left"": 15, ""srb_right"": 15}, ""atr"": {""atr_length"": 14, ""atr_mult"": 1.0}}",,,,,,,FIRST TRUST SMALL CAP VAL,1WK,,
2026-09-28 00:00:00,Long,DVLT,0.16,3.53%,0.03,mfa,参数一,"{""mfa"": {""mfa_all"": 20}}",,,,,,,DATAVAULT AI INC,1WK,,
2026-09-28 00:00:00,Long,DVLT,0.16,3.53%,0.03,mfa,参数二,"{""mfa"": {""mfa_all"": 20}}",,,,,,,DATAVAULT AI INC,1WK,,
2026-09-28 00:00:00,Short,ZION,62.37,-2.29%,67.07,utb,参数二,"{""utb"": {""key_value"": 3, ""atr_period"": 14, ""use_ha"": false}, ""r&s"": {""srb_left"": 15, ""srb_right"": 15}, ""atr"": {""atr_length"": 14, ""atr_mult"": 1.0}}",,,,,,,ZIONS BANCORP NA,1WK,,
2026-09-28 00:00:00,Long,LFCR,6.55,55.95%,5.65,utb,参数二,"{""utb"": {""key_value"": 3, ""atr_period"": 14, ""use_ha"": false}, ""r&s"": {""srb_left"": 15, ""srb_right"": 15}, ""atr"": {""atr_length"": 14, ""atr_mult"": 1.0}}",,,,,,,LIFECORE BIOMEDICAL INC,1WK,,
2026-09-28 00:00:00,Short,ACRE,4.07,-2.98%,4.48,utb,参数二,"{""utb"": {""key_value"": 3, ""atr_period"": 14, ""use_ha"": false}, ""r&s"": {""srb_left"": 15, ""srb_right"": 15}, ""atr"": {""atr_length"": 14, ""atr_mult"": 1.0}}",,,,,,,ARES COMMERCIAL REAL ESTATE,1WK,,
2026-09-28 00:00:00,Long,WYNN,78.69,-3.00%,71.24,mfa,参数一,"{""mfa"": {""mfa_all"": 31}}",,,,,,,WYNN RESORTS LTD,1WK,,
2026-09-28 00:00:00,Long,WYNN,78.69,-3.00%,71.24,mfa,参数二,"{""mfa"": {""mfa_all"": 31}}",,,,,,,WYNN RESORTS LTD,1WK,,
2026-09-28 00:00:00,Short,KYC,25.06,-1.80%,25.99,utb,参数二,"{""utb"": {""key_value"": 3, ""atr_period"": 14, ""use_ha"": false}, ""r&s"": {""srb_left"": 15, ""srb_right"": 15}, ""atr"": {""atr_length"": 14, ""atr_mult"": 1.0}}",,,,,,,CORGI DGTL BNK FNTCH INFRA,1WK,,
2026-09-28 00:00:00,Short,GNR,74.27,-1.84%,77.71,utb,参数一,"{""utb"": {""key_value"": 2, ""atr_period"": 14, ""use_ha"": false}, ""r&s"": {""srb_left"": 10, ""srb_right"": 10}, ""atr"": {""atr_length"": 14, ""atr_mult"": 1.0}}",,,,,,,STATE STREET SPDR S&P GLOBAL,1WK,,
2026-09-28 00:00:00,Short,BCAL,21.43,-0.97%,23.12,suf,参数一,"{""suf"": {""timeframe"": ""w""}}",,,,,,,CALIFORNIA BANCORP,1WK,200.0,33.87
2026-09-28 00:00:00,Short,BCAL,21.43,-0.97%,23.12,suf,参数二,"{""suf"": {""timeframe"": ""w""}}",,,,,,,CALIFORNIA BANCORP,1WK,200.0,33.87
2026-09-28 00:00:00,Long,FERG,222.66,-0.04%,206.31,mfa,参数一,"{""mfa"": {""mfa_all"": 3}}",,,,,,,FERGUSON ENTERPRISES INC,1WK,,
2026-09-28 00:00:00,Long,FERG,222.66,-0.04%,206.31,mfa,参数二,"{""mfa"": {""mfa_all"": 3}}",,,,,,,FERGUSON ENTERPRISES INC,1WK,,
2026-09-28 00:00:00,Long,OLED,75.65,-2.25%,68.11,mfa,参数一,"{""mfa"": {""mfa_all"": 33}}",,,,,,,UNIVERSAL DISPLAY CORP,1WK,,
2026-09-28 00:00:00,Long,OLED,75.65,-2.25%,68.11,mfa,参数二,"{""mfa"": {""mfa_all"": 33}}",,,,,,,UNIVERSAL DISPLAY CORP,1WK,,
2026-09-28 00:00:00,Short,RDFI,21.54,-1.40%,22.15,sqz,参数二,"{""sqz"": {""bb_length"": 20, ""bb_mult"": 1.8, ""kc_length"": 20, ""kc_mult"": 1.5, ""min_sqz_bars"": 4}, ""r&s"": {""srb_left"": 15, ""srb_right"": 15}, ""atr"": {""atr_length"": 14, ""atr_mult"": 1.0}}",支撑释放,nan-16.42-15.78-19.58-21.68,低-低-高-高,nan%-3.93%-24.07%-10.74%,27.0,9.03,RAREVIEW DYNAMIC FIXED INCOM,1WK,,
2026-09-28 00:00:00,Short,JHDV,46.04,-1.08%,47.01,utb,参数一,"{""utb"": {""key_value"": 2, ""atr_period"": 14, ""use_ha"": false}, ""r&s"": {""srb_left"": 10, ""srb_right"": 10}, ""atr"": {""atr_length"": 14, ""atr_mult"": 1.0}}",,,,,,,JOHN HANCOCK US HIGH DVD,1WK,,
2026-09-28 00:00:00,Long,AGO,68.54,-1.37%,64.62,mfa,参数一,"{""mfa"": {""mfa_all"": 4}}",,,,,,,ASSURED GUARANTY LTD,1WK,,
2026-09-28 00:00:00,Long,AGO,68.54,-1.37%,64.62,mfa,参数二,"{""mfa"": {""mfa_all"": 4}}",,,,,,,ASSURED GUARANTY LTD,1WK,,
2026-09-28 00:00:00,Short,FSMD,49.21,-1.27%,51.13,utb,参数一,"{""utb"": {""key_value"": 2, ""atr_period"": 14, ""use_ha"": false}, ""r&s"": {""srb_left"": 10, ""srb_right"": 10}, ""atr"": {""atr_length"": 14, ""atr_mult"": 1.0}}",,,,,,,FIDELITY SMALL-MID MULTIFACT,1WK,,
2026-09-28 00:00:00,Short,DBE,36.18,-0.96%,39.91,suf,参数一,"{""suf"": {""timeframe"": ""w""}}",,,,,,,INVESCO DB ENERGY FUND,1WK,200.0,78.96
2026-09-28 00:00:00,Short,DBE,36.18,-0.96%,39.91,suf,参数二,"{""suf"": {""timeframe"": ""w""}}",,,,,,,INVESCO DB ENERGY FUND,1WK,200.0,78.96
2026-09-28 00:00:00,Long,CCL,25.0,12.34%,19.56,mfa,参数一,"{""mfa"": {""mfa_all"": 5}}",,,,,,,CARNIVAL CORP LTD,1WK,,
2026-09-28 00:00:00,Long,CCL,25.0,12.34%,19.56,mfa,参数二,"{""mfa"": {""mfa_all"": 5}}",,,,,,,CARNIVAL CORP LTD,1WK,,
2026-09-28 00:00:00,Short,FPRO,23.3,-0.89%,24.19,utb,参数二,"{""utb"": {""key_value"": 3, ""atr_period"": 14, ""use_ha"": false}, ""r&s"": {""srb_left"": 15, ""srb_right"": 15}, ""atr"": {""atr_length"": 14, ""atr_mult"": 1.0}}",,,,,,,FIDELITY REAL ESTATE INVEST,1WK,,
2026-09-28 00:00:00,Short,VMBS,44.35,-1.06%,45.13,sqz,参数二,"{""sqz"": {""bb_length"": 20, ""bb_mult"": 1.8, ""kc_length"": 20, ""kc_mult"": 1.5, ""min_sqz_bars"": 4}, ""r&s"": {""srb_left"": 15, ""srb_right"": 15}, ""atr"": {""atr_length"": 14, ""atr_mult"": 1.0}}",支撑释放,nan-37.33-39.84-41.6-45.36,低-高-高-高,nan%-6.70%-4.43%-9.03%,19.0,2.96,VANGUARD MORTGAGE-BACKED SEC,1WK,,
2026-09-28 00:00:00,Short,ROM,157.47,-1.69%,172.43,suf,参数一,"{""suf"": {""timeframe"": ""w""}}",,,,,,,PROSHARES ULTRA TECHNOLOGY,1WK,200.0,122.12
2026-09-28 00:00:00,Short,ROM,157.47,-1.69%,172.43,suf,参数二,"{""suf"": {""timeframe"": ""w""}}",,,,,,,PROSHARES ULTRA TECHNOLOGY,1WK,200.0,122.12
2026-09-28 00:00:00,Short,UJUL,41.37,-0.47%,41.92,suf,参数一,"{""suf"": {""timeframe"": ""w""}}",,,,,,,INNOVATOR U.S. EQUITY ULTRA,1WK,200.0,22.7
2026-09-28 00:00:00,Short,UJUL,41.37,-0.47%,41.92,suf,参数二,"{""suf"": {""timeframe"": ""w""}}",,,,,,,INNOVATOR U.S. EQUITY ULTRA,1WK,200.0,22.7
2026-09-28 00:00:00,Short,IJR,136.2,-1.51%,142.1,utb,参数二,"{""utb"": {""key_value"": 3, ""atr_period"": 14, ""use_ha"": false}, ""r&s"": {""srb_left"": 15, ""srb_right"": 15}, ""atr"": {""atr_length"": 14, ""atr_mult"": 1.0}}",,,,,,,ISHARES CORE S&P SMALL-CAP E,1WK,,
2026-09-28 00:00:00,Short,ACSV,47.18,-0.78%,48.28,utb,参数二,"{""utb"": {""key_value"": 3, ""atr_period"": 14, ""use_ha"": false}, ""r&s"": {""srb_left"": 15, ""srb_right"": 15}, ""atr"": {""atr_length"": 14, ""atr_mult"": 1.0}}",,,,,,,A/C SM CAP VALUE INSIGHTS,1WK,,
2026-09-28 00:00:00,Short,MOMO,4.82,-3.51%,5.33,sqz,参数二,"{""sqz"": {""bb_length"": 20, ""bb_mult"": 1.8, ""kc_length"": 20, ""kc_mult"": 1.5, ""min_sqz_bars"": 4}, ""r&s"": {""srb_left"": 15, ""srb_right"": 15}, ""atr"": {""atr_length"": 14, ""atr_mult"": 1.0}}",一直亮红,nan-4.32-4.89,低-高,nan%-13.02%,77.0,80.08,HELLO GROUP INC -SPN ADR,1WK,,
2026-09-28 00:00:00,Short,IBDX,24.02,-0.72%,24.35,sqz,参数二,"{""sqz"": {""bb_length"": 20, ""bb_mult"": 1.8, ""kc_length"": 20, ""kc_mult"": 1.5, ""min_sqz_bars"": 4}, ""r&s"": {""srb_left"": 15, ""srb_right"": 15}, ""atr"": {""atr_length"": 14, ""atr_mult"": 1.0}}",支撑释放,nan-19.65-21.27-22.32-24.38,低-高-高-高,nan%-8.22%-4.95%-9.19%,27.0,3.0,ISHARES IBONDS DEC 2032 TC,1WK,,
2026-09-28 00:00:00,Short,WTPI,32.75,-0.70%,33.52,suf,参数一,"{""suf"": {""timeframe"": ""w""}}",,,,,,,WISDOMTREE EQUITY PREMIUM IN,1WK,200.0,25.48
2026-09-28 00:00:00,Short,WTPI,32.75,-0.70%,33.52,suf,参数二,"{""suf"": {""timeframe"": ""w""}}",,,,,,,WISDOMTREE EQUITY PREMIUM IN,1WK,200.0,25.48
2026-09-28 00:00:00,Short,LTRN,1.08,-11.48%,1.8,sqz,参数一,"{""sqz"": {""bb_length"": 15, ""bb_mult"": 1.5, ""kc_length"": 15, ""kc_mult"": 1.2, ""min_sqz_bars"": 4}, ""r&s"": {""srb_left"": 10, ""srb_right"": 10}, ""atr"": {""atr_length"": 14, ""atr_mult"": 1.0}}",一直亮红,2.38-2.79-2.55-2.86-1.11,高-低-高-低,17.23%-8.60%-12.16%-61.19%,27.0,290.99,LANTERN PHARMA INC,1WK,,
2026-09-28 00:00:00,Short,LTRN,1.08,-11.48%,1.8,sqz,参数二,"{""sqz"": {""bb_length"": 20, ""bb_mult"": 1.8, ""kc_length"": 20, ""kc_mult"": 1.5, ""min_sqz_bars"": 4}, ""r&s"": {""srb_left"": 15, ""srb_right"": 15}, ""atr"": {""atr_length"": 14, ""atr_mult"": 1.0}}",一直亮红,nan-2.38-2.79-2.55-1.11,低-高-低-低,nan%-17.23%-8.60%-56.47%,27.0,290.99,LANTERN PHARMA INC,1WK,,
2026-09-28 00:00:00,Short,BRZE,22.54,-7.51%,27.55,utb,参数二,"{""utb"": {""key_value"": 3, ""atr_period"": 14, ""use_ha"": false}, ""r&s"": {""srb_left"": 15, ""srb_right"": 15}, ""atr"": {""atr_length"": 14, ""atr_mult"": 1.0}}",,,,,,,BRAZE INC-A,1WK,,
2026-09-28 00:00:00,Long,BNKD,34.56,5.50%,29.92,utb,参数一,"{""utb"": {""key_value"": 2, ""atr_period"": 14, ""use_ha"": false}, ""r&s"": {""srb_left"": 10, ""srb_right"": 10}, ""atr"": {""atr_length"": 14, ""atr_mult"": 1.0}}",,,,,,,MICROSECTORS BB 3X I LEV ETN,1WK,,
2026-09-28 00:00:00,Short,SPHR,134.81,-4.48%,155.92,utb,参数一,"{""utb"": {""key_value"": 2, ""atr_period"": 14, ""use_ha"": false}, ""r&s"": {""srb_left"": 10, ""srb_right"": 10}, ""atr"": {""atr_length"": 14, ""atr_mult"": 1.0}}",,,,,,,SPHERE ENTERTAINMENT CO,1WK,,
2026-09-28 00:00:00,Short,BBVA,28.35,-1.78%,30.16,suf,参数一,"{""suf"": {""timeframe"": ""w""}}",,,,,,,BANCO BILBAO VIZCAYA-SP ADR,1WK,200.0,117.85
2026-09-28 00:00:00,Short,BBVA,28.35,-1.78%,30.16,suf,参数二,"{""suf"": {""timeframe"": ""w""}}",,,,,,,BANCO BILBAO VIZCAYA-SP ADR,1WK,200.0,117.85
2026-09-28 00:00:00,Short,MNPR,80.24,-5.86%,99.31,utb,参数二,"{""utb"": {""key_value"": 3, ""atr_period"": 14, ""use_ha"": false}, ""r&s"": {""srb_left"": 15, ""srb_right"": 15}, ""atr"": {""atr_length"": 14, ""atr_mult"": 1.0}}",,,,,,,MONOPAR THERAPEUTICS INC,1WK,,
2026-09-28 00:00:00,Short,VBK,336.2,-1.42%,351.87,utb,参数一,"{""utb"": {""key_value"": 2, ""atr_period"": 14, ""use_ha"": false}, ""r&s"": {""srb_left"": 10, ""srb_right"": 10}, ""atr"": {""atr_length"": 14, ""atr_mult"": 1.0}}",,,,,,,VAN MORST SML-CAP GRO-USD IN,1WK,,
2026-09-28 00:00:00,Short,DFH,10.84,-4.07%,13.32,sqz,参数二,"{""sqz"": {""bb_length"": 20, ""bb_mult"": 1.8, ""kc_length"": 20, ""kc_mult"": 1.5, ""min_sqz_bars"": 4}, ""r&s"": {""srb_left"": 15, ""srb_right"": 15}, ""atr"": {""atr_length"": 14, ""atr_mult"": 1.0}}",支撑释放,nan-18.29-23.46-19.65-12.2,低-高-低-低,nan%-28.27%-16.24%-37.91%,19.0,46.72,DREAM FINDERS HOMES INC - A,1WK,,
2026-09-28 00:00:00,Short,PAMC,51.58,-1.68%,53.29,utb,参数一,"{""utb"": {""key_value"": 2, ""atr_period"": 14, ""use_ha"": false}, ""r&s"": {""srb_left"": 10, ""srb_right"": 10}, ""atr"": {""atr_length"": 14, ""atr_mult"": 1.0}}",,,,,,,PACER LUNT MIDCAP MULT-FACT,1WK,,
2026-09-28 00:00:00,Short,POLA,1.17,-10.69%,1.64,sqz,参数二,"{""sqz"": {""bb_length"": 20, ""bb_mult"": 1.8, ""kc_length"": 20, ""kc_mult"": 1.5, ""min_sqz_bars"": 4}, ""r&s"": {""srb_left"": 15, ""srb_right"": 15}, ""atr"": {""atr_length"": 14, ""atr_mult"": 1.0}}",支撑释放,7.0-2.24-1.53-1.31,低-低-低,68.00%-31.70%-14.38%,37.0,185.5,POLAR POWER INC,1WK,,
2026-09-28 00:00:00,Short,NBET,39.38,-1.45%,41.27,utb,参数一,"{""utb"": {""key_value"": 2, ""atr_period"": 14, ""use_ha"": false}, ""r&s"": {""srb_left"": 10, ""srb_right"": 10}, ""atr"": {""atr_length"": 14, ""atr_mult"": 1.0}}",,,,,,,NEUBERGER ENERGY TRANSITION,1WK,,
2026-09-28 00:00:00,Short,SVAL,41.26,-1.42%,42.78,utb,参数一,"{""utb"": {""key_value"": 2, ""atr_period"": 14, ""use_ha"": false}, ""r&s"": {""srb_left"": 10, ""srb_right"": 10}, ""atr"": {""atr_length"": 14, ""atr_mult"": 1.0}}",,,,,,,ISHARES US SMALL CAP VAL FAC,1WK,,
2026-09-28 00:00:00,Short,HAUZ,21.12,-1.49%,22.1,sqz,参数二,"{""sqz"": {""bb_length"": 20, ""bb_mult"": 1.8, ""kc_length"": 20, ""kc_mult"": 1.5, ""min_sqz_bars"": 4}, ""r&s"": {""srb_left"": 15, ""srb_right"": 15}, ""atr"": {""atr_length"": 14, ""atr_mult"": 1.0}}",支撑释放,nan-16.25-17.74-21.69,低-高-高,nan%-9.19%-22.24%,27.0,12.18,XTRACKERS INTL REAL ESTATE,1WK,,
2026-09-28 00:00:00,Short,ASB,28.62,-2.54%,30.71,utb,参数一,"{""utb"": {""key_value"": 2, ""atr_period"": 14, ""use_ha"": false}, ""r&s"": {""srb_left"": 10, ""srb_right"": 10}, ""atr"": {""atr_length"": 14, ""atr_mult"": 1.0}}",,,,,,,ASSOCIATED BANC-CORP,1WK,,
2026-09-28 00:00:00,Short,BBAR,12.46,-5.25%,14.85,sqz,参数一,"{""sqz"": {""bb_length"": 15, ""bb_mult"": 1.5, ""kc_length"": 15, ""kc_mult"": 1.2, ""min_sqz_bars"": 4}, ""r&s"": {""srb_left"": 10, ""srb_right"": 10}, ""atr"": {""atr_length"": 14, ""atr_mult"": 1.0}}",一直亮红,3.13-6.92-13.7-7.62-12.48,高-高-低-高,121.29%-97.87%-44.37%-63.76%,28.0,78.58,BBVA ARGENTINA SA-ADR,1WK,,
2026-09-28 00:00:00,Short,BBAR,12.46,-5.25%,14.85,sqz,参数二,"{""sqz"": {""bb_length"": 20, ""bb_mult"": 1.8, ""kc_length"": 20, ""kc_mult"": 1.5, ""min_sqz_bars"": 4}, ""r&s"": {""srb_left"": 15, ""srb_right"": 15}, ""atr"": {""atr_length"": 14, ""atr_mult"": 1.0}}",一直亮红,3.13-6.92-13.7-7.62-12.48,高-高-低-高,121.29%-97.87%-44.37%-63.76%,28.0,78.58,BBVA ARGENTINA SA-ADR,1WK,,
2026-09-28 00:00:00,Long,REED,0.62,-4.88%,0.09,mfa,参数一,"{""mfa"": {""mfa_all"": 21}}",,,,,,,REED'S INC,1WK,,
2026-09-28 00:00:00,Long,REED,0.62,-4.88%,0.09,mfa,参数二,"{""mfa"": {""mfa_all"": 21}}",,,,,,,REED'S INC,1WK,,
2026-09-28 00:00:00,Short,GFR,5.68,-3.32%,6.62,utb,参数一,"{""utb"": {""key_value"": 2, ""atr_period"": 14, ""use_ha"": false}, ""r&s"": {""srb_left"": 10, ""srb_right"": 10}, ""atr"": {""atr_length"": 14, ""atr_mult"": 1.0}}",,,,,,,GREENFIRE RESOURCES LTD,1WK,,
2026-09-28 00:00:00,Short,VIRT,52.34,-1.99%,58.69,utb,参数二,"{""utb"": {""key_value"": 3, ""atr_period"": 14, ""use_ha"": false}, ""r&s"": {""srb_left"": 15, ""srb_right"": 15}, ""atr"": {""atr_length"": 14, ""atr_mult"": 1.0}}",,,,,,,VIRTU FINANCIAL INC-CLASS A,1WK,,
2026-09-28 00:00:00,Short,MODL,52.37,-1.15%,53.8,suf,参数一,"{""suf"": {""timeframe"": ""w""}}",,,,,,,VICTORYSHARES WESTEND US SEC,1WK,200.0,36.1
2026-09-28 00:00:00,Short,MODL,52.37,-1.15%,53.8,suf,参数二,"{""suf"": {""timeframe"": ""w""}}",,,,,,,VICTORYSHARES WESTEND US SEC,1WK,200.0,36.1
2026-09-28 00:00:00,Short,EBC,20.83,-2.78%,22.43,utb,参数一,"{""utb"": {""key_value"": 2, ""atr_period"": 14, ""use_ha"": false}, ""r&s"": {""srb_left"": 10, ""srb_right"": 10}, ""atr"": {""atr_length"": 14, ""atr_mult"": 1.0}}",,,,,,,EASTERN BANKSHARES INC,1WK,,
2026-09-28 00:00:00,Short,ALXO,1.34,2.29%,1.73,sqz,参数一,"{""sqz"": {""bb_length"": 15, ""bb_mult"": 1.5, ""kc_length"": 15, ""kc_mult"": 1.2, ""min_sqz_bars"": 4}, ""r&s"": {""srb_left"": 10, ""srb_right"": 10}, ""atr"": {""atr_length"": 14, ""atr_mult"": 1.0}}",支撑释放,4.23-3.94-1.19-0.4-1.37,低-低-低-高,6.95%-69.77%-66.05%-239.11%,15.0,75.91,ALX ONCOLOGY HOLDINGS INC,1WK,,
2026-09-28 00:00:00,Long,MOBX,0.84,-1.31%,0.12,mfa,参数一,"{""mfa"": {""mfa_all"": 8}}",,,,,,,MOBIX LABS INC,1WK,,
2026-09-28 00:00:00,Long,MOBX,0.84,-1.31%,0.12,mfa,参数二,"{""mfa"": {""mfa_all"": 8}}",,,,,,,MOBIX LABS INC,1WK,,
2026-09-28 00:00:00,Short,CB,329.77,-1.08%,346.68,utb,参数一,"{""utb"": {""key_value"": 2, ""atr_period"": 14, ""use_ha"": false}, ""r&s"": {""srb_left"": 10, ""srb_right"": 10}, ""atr"": {""atr_length"": 14, ""atr_mult"": 1.0}}",,,,,,,CHUBB LTD,1WK,,
2026-09-28 00:00:00,Long,ALDX,1.34,10.79%,0.81,suf,参数一,"{""suf"": {""timeframe"": ""w""}}",,,,,,,ALDEYRA THERAPEUTICS INC,1WK,200.0,-71.97
2026-09-28 00:00:00,Long,ALDX,1.34,10.79%,0.81,suf,参数二,"{""suf"": {""timeframe"": ""w""}}",,,,,,,ALDEYRA THERAPEUTICS INC,1WK,200.0,-71.97
2026-09-28 00:00:00,Long,OCTW,41.98,-0.01%,41.7,sqz,参数一,"{""sqz"": {""bb_length"": 15, ""bb_mult"": 1.5, ""kc_length"": 15, ""kc_mult"": 1.2, ""min_sqz_bars"": 4}, ""r&s"": {""srb_left"": 10, ""srb_right"": 10}, ""atr"": {""atr_length"": 14, ""atr_mult"": 1.0}}",一直释放,nan-36.33,低,nan%,84.0,10.68,ALIANZIM US EQ BFR20 OCT-USD,1WK,,
2026-09-28 00:00:00,Short,TUSI,25.19,-0.47%,25.41,suf,参数一,"{""suf"": {""timeframe"": ""w""}}",,,,,,,TOUCHSTONE ULTRA SHORT INCOM,1WK,200.0,9.02
2026-09-28 00:00:00,Short,TUSI,25.19,-0.47%,25.41,suf,参数二,"{""suf"": {""timeframe"": ""w""}}",,,,,,,TOUCHSTONE ULTRA SHORT INCOM,1WK,200.0,9.02
2026-09-28 00:00:00,Long,LX,0.74,-0.97%,0.51,mfa,参数一,"{""mfa"": {""mfa_all"": 57}}",,,,,,,LEXINFINTECH HOLDINGS L-ADR,1WK,,
2026-09-28 00:00:00,Long,LX,0.74,-0.97%,0.51,mfa,参数二,"{""mfa"": {""mfa_all"": 57}}",,,,,,,LEXINFINTECH HOLDINGS L-ADR,1WK,,
2026-09-28 00:00:00,Long,VCIG,1.58,-7.35%,-3375.59,mfa,参数一,"{""mfa"": {""mfa_all"": 125}}",,,,,,,VCI GLOBAL LTD,1WK,,
2026-09-28 00:00:00,Long,VCIG,1.58,-7.35%,-3375.59,mfa,参数二,"{""mfa"": {""mfa_all"": 125}}",,,,,,,VCI GLOBAL LTD,1WK,,
2026-09-28 00:00:00,Long,BBW,25.48,-1.14%,21.23,mfa,参数一,"{""mfa"": {""mfa_all"": 31}}",,,,,,,BUILD-A-BEAR WORKSHOP INC,1WK,,
2026-09-28 00:00:00,Long,BBW,25.48,-1.14%,21.23,mfa,参数二,"{""mfa"": {""mfa_all"": 31}}",,,,,,,BUILD-A-BEAR WORKSHOP INC,1WK,,
2026-09-28 00:00:00,Short,RFFC,76.49,-1.01%,78.06,suf,参数一,"{""suf"": {""timeframe"": ""w""}}",,,,,,,ALPS ACTIVE EQUITY OPPORTUNI,1WK,200.0,37.69
2026-09-28 00:00:00,Short,RFFC,76.49,-1.01%,78.06,suf,参数二,"{""suf"": {""timeframe"": ""w""}}",,,,,,,ALPS ACTIVE EQUITY OPPORTUNI,1WK,200.0,37.69
2026-09-28 00:00:00,Long,NWCL,7.4,-0.34%,6.8,mfa,参数一,"{""mfa"": {""mfa_all"": 3}}",,,,,,,NEWCLEO PLC,1WK,,
2026-09-28 00:00:00,Long,NWCL,7.4,-0.34%,6.8,mfa,参数二,"{""mfa"": {""mfa_all"": 3}}",,,,,,,NEWCLEO PLC,1WK,,
2026-09-28 00:00:00,Long,GRSD,1.54,-1.59%,1.18,mfa,参数一,"{""mfa"": {""mfa_all"": 63}}",,,,,,,GRANDSTAND LTD,1WK,,
2026-09-28 00:00:00,Long,GRSD,1.54,-1.59%,1.18,mfa,参数二,"{""mfa"": {""mfa_all"": 63}}",,,,,,,GRANDSTAND LTD,1WK,,
2026-09-28 00:00:00,Long,EVR,258.26,-1.77%,234.39,mfa,参数一,"{""mfa"": {""mfa_all"": 3}}",,,,,,,EVERCORE INC - A,1WK,,
2026-09-28 00:00:00,Long,EVR,258.26,-1.77%,234.39,mfa,参数二,"{""mfa"": {""mfa_all"": 3}}",,,,,,,EVERCORE INC - A,1WK,,
2026-09-28 00:00:00,Short,RSPT,65.21,-1.76%,68.74,suf,参数一,"{""suf"": {""timeframe"": ""w""}}",,,,,,,INVESCO S&P 500 EQUAL WEIGHT,1WK,200.0,69.4
2026-09-28 00:00:00,Short,RSPT,65.21,-1.76%,68.74,suf,参数二,"{""suf"": {""timeframe"": ""w""}}",,,,,,,INVESCO S&P 500 EQUAL WEIGHT,1WK,200.0,69.4
2026-09-28 00:00:00,Short,ALNT,110.82,-4.47%,128.97,suf,参数一,"{""suf"": {""timeframe"": ""w""}}",,,,,,,ALLIENT INC,1WK,200.0,165.45
2026-09-28 00:00:00,Short,ALNT,110.82,-4.47%,128.97,suf,参数二,"{""suf"": {""timeframe"": ""w""}}",,,,,,,ALLIENT INC,1WK,200.0,165.45
2026-09-28 00:00:00,Short,TH,19.48,-5.34%,22.56,suf,参数一,"{""suf"": {""timeframe"": ""w""}}",,,,,,,TARGET HOSPITALITY CORP,1WK,200.0,72.66
2026-09-28 00:00:00,Short,TH,19.48,-5.34%,22.56,suf,参数二,"{""suf"": {""timeframe"": ""w""}}",,,,,,,TARGET HOSPITALITY CORP,1WK,200.0,72.66
2026-09-28 00:00:00,Short,DVND,38.44,-1.17%,39.22,utb,参数一,"{""utb"": {""key_value"": 2, ""atr_period"": 14, ""use_ha"": false}, ""r&s"": {""srb_left"": 10, ""srb_right"": 10}, ""atr"": {""atr_length"": 14, ""atr_mult"": 1.0}}",,,,,,,TOUCHSTONE DIVIDEND SELECT,1WK,,
2026-09-28 00:00:00,Short,PLBC,61.08,-1.94%,65.45,suf,参数一,"{""suf"": {""timeframe"": ""w""}}",,,,,,,PLUMAS BANCORP,1WK,200.0,49.8
2026-09-28 00:00:00,Short,PLBC,61.08,-1.94%,65.45,suf,参数二,"{""suf"": {""timeframe"": ""w""}}",,,,,,,PLUMAS BANCORP,1WK,200.0,49.8
2026-09-28 00:00:00,Short,FPFD,20.51,-1.39%,20.91,sqz,参数一,"{""sqz"": {""bb_length"": 15, ""bb_mult"": 1.5, ""kc_length"": 15, ""kc_mult"": 1.2, ""min_sqz_bars"": 4}, ""r&s"": {""srb_left"": 10, ""srb_right"": 10}, ""atr"": {""atr_length"": 14, ""atr_mult"": 1.0}}",支撑释放,16.66-19.5-19.17-20.87-20.89,高-低-高-高,17.06%-1.70%-8.87%-0.11%,27.0,3.05,FIDELITY PREFERRED SEC INC,1WK,,
2026-09-28 00:00:00,Short,FPFD,20.51,-1.39%,20.91,sqz,参数二,"{""sqz"": {""bb_length"": 20, ""bb_mult"": 1.8, ""kc_length"": 20, ""kc_mult"": 1.5, ""min_sqz_bars"": 4}, ""r&s"": {""srb_left"": 15, ""srb_right"": 15}, ""atr"": {""atr_length"": 14, ""atr_mult"": 1.0}}",支撑释放,nan-16.39-16.66-19.17-20.89,低-高-高-高,nan%-1.63%-15.07%-9.00%,27.0,3.05,FIDELITY PREFERRED SEC INC,1WK,,
2026-09-28 00:00:00,Short,DLN,97.58,-1.00%,99.99,utb,参数一,"{""utb"": {""key_value"": 2, ""atr_period"": 14, ""use_ha"": false}, ""r&s"": {""srb_left"": 10, ""srb_right"": 10}, ""atr"": {""atr_length"": 14, ""atr_mult"": 1.0}}",,,,,,,WISDOMTREE US LARGECAP DIVID,1WK,,
2026-09-28 00:00:00,Short,EVLV,4.66,-2.82%,5.35,sqz,参数一,"{""sqz"": {""bb_length"": 15, ""bb_mult"": 1.5, ""kc_length"": 15, ""kc_mult"": 1.2, ""min_sqz_bars"": 4}, ""r&s"": {""srb_left"": 10, ""srb_right"": 10}, ""atr"": {""atr_length"": 14, ""atr_mult"": 1.0}}",支撑释放,2.01-2.04-2.64-5.49-4.86,高-高-高-低,1.49%-29.41%-107.95%-11.38%,31.0,52.11,EVOLV TECHNOLOGIES HOLDINGS,1WK,,
2026-09-28 00:00:00,Short,KVLE,27.74,-1.62%,28.58,utb,参数二,"{""utb"": {""key_value"": 3, ""atr_period"": 14, ""use_ha"": false}, ""r&s"": {""srb_left"": 15, ""srb_right"": 15}, ""atr"": {""atr_length"": 14, ""atr_mult"": 1.0}}",,,,,,,KRANESHARES VALUE LINE DYNAM,1WK,,
2026-09-28 00:00:00,Short,CMDY,63.42,-1.46%,66.07,suf,参数一,"{""suf"": {""timeframe"": ""w""}}",,,,,,,ISHARES BLOOMBERG ROLL SELEC,1WK,200.0,38.24
2026-09-28 00:00:00,Short,CMDY,63.42,-1.46%,66.07,suf,参数二,"{""suf"": {""timeframe"": ""w""}}",,,,,,,ISHARES BLOOMBERG ROLL SELEC,1WK,200.0,38.24
2026-09-28 00:00:00,Long,SJB,15.49,0.94%,15.28,sqz,参数二,"{""sqz"": {""bb_length"": 20, ""bb_mult"": 1.8, ""kc_length"": 20, ""kc_mult"": 1.5, ""min_sqz_bars"": 4}, ""r&s"": {""srb_left"": 15, ""srb_right"": 15}, ""atr"": {""atr_length"": 14, ""atr_mult"": 1.0}}",压力释放,nan-16.63-15.76-16.07-15.41,低-低-高-低,nan%-5.23%-1.98%-4.12%,27.0,3.22,PROSHARES SHORT HIGH YIELD,1WK,,
2026-09-28 00:00:00,Long,GMEX,3.12,752.46%,-18.87,mfa,参数一,"{""mfa"": {""mfa_all"": 8}}",,,,,,,GMEX ROBOTICS CORPORATION,1WK,,
2026-09-28 00:00:00,Long,GMEX,3.12,752.46%,-18.87,mfa,参数二,"{""mfa"": {""mfa_all"": 8}}",,,,,,,GMEX ROBOTICS CORPORATION,1WK,,
2026-09-28 00:00:00,Long,YXT,2.37,-1.87%,0.17,mfa,参数一,"{""mfa"": {""mfa_all"": 27}}",,,,,,,YXT.COM GROUP HOLDING LTD,1WK,,
2026-09-28 00:00:00,Long,YXT,2.37,-1.87%,0.17,mfa,参数二,"{""mfa"": {""mfa_all"": 27}}",,,,,,,YXT.COM GROUP HOLDING LTD,1WK,,
2026-09-28 00:00:00,Short,SRCE,84.47,-1.88%,89.77,suf,参数一,"{""suf"": {""timeframe"": ""w""}}",,,,,,,1ST SOURCE CORP,1WK,200.0,49.75
2026-09-28 00:00:00,Short,SRCE,84.47,-1.88%,89.77,suf,参数二,"{""suf"": {""timeframe"": ""w""}}",,,,,,,1ST SOURCE CORP,1WK,200.0,49.75
2026-09-28 00:00:00,Short,RFDA,70.98,-1.14%,72.64,utb,参数一,"{""utb"": {""key_value"": 2, ""atr_period"": 14, ""use_ha"": false}, ""r&s"": {""srb_left"": 10, ""srb_right"": 10}, ""atr"": {""atr_length"": 14, ""atr_mult"": 1.0}}",,,,,,,ALPS DYNAMIC US DIVIDEND ADV,1WK,,
2026-09-28 00:00:00,Long,WINA,302.15,1.96%,261.97,mfa,参数一,"{""mfa"": {""mfa_all"": 25}}",,,,,,,WINMARK CORP,1WK,,
2026-09-28 00:00:00,Long,WINA,302.15,1.96%,261.97,suf,参数一,"{""suf"": {""timeframe"": ""w""}}",,,,,,,WINMARK CORP,1WK,200.0,-15.43
2026-09-28 00:00:00,Long,WINA,302.15,1.96%,261.97,mfa,参数二,"{""mfa"": {""mfa_all"": 25}}",,,,,,,WINMARK CORP,1WK,,
2026-09-28 00:00:00,Long,WINA,302.15,1.96%,261.97,suf,参数二,"{""suf"": {""timeframe"": ""w""}}",,,,,,,WINMARK CORP,1WK,200.0,-15.43
2026-09-28 00:00:00,Short,LFBE,169.99,-0.85%,172.45,sqz,参数一,"{""sqz"": {""bb_length"": 15, ""bb_mult"": 1.5, ""kc_length"": 15, ""kc_mult"": 1.2, ""min_sqz_bars"": 4}, ""r&s"": {""srb_left"": 10, ""srb_right"": 10}, ""atr"": {""atr_length"": 14, ""atr_mult"": 1.0}}",一直亮红,nan-170.9,低,nan%,71.0,10.42,LIFEX 2065 LONGEVITY INCOME,1WK,,
2026-09-28 00:00:00,Short,AYA,27.04,-5.02%,30.83,suf,参数一,"{""suf"": {""timeframe"": ""w""}}",,,,,,,AYA GOLD & SILVER INC,1WK,200.0,148.14
2026-09-28 00:00:00,Short,AYA,27.04,-5.02%,30.83,suf,参数二,"{""suf"": {""timeframe"": ""w""}}",,,,,,,AYA GOLD & SILVER INC,1WK,200.0,148.14
2026-09-28 00:00:00,Short,TEAM,170.25,-9.32%,200.25,suf,参数一,"{""suf"": {""timeframe"": ""w""}}",,,,,,,ATLASSIAN CORP-CL A,1WK,200.0,-2.45
2026-09-28 00:00:00,Short,TEAM,170.25,-9.32%,200.25,suf,参数二,"{""suf"": {""timeframe"": ""w""}}",,,,,,,ATLASSIAN CORP-CL A,1WK,200.0,-2.45
2026-09-28 00:00:00,Short,BMHL,4.85,-5.09%,6.03,utb,参数一,"{""utb"": {""key_value"": 2, ""atr_period"": 14, ""use_ha"": false}, ""r&s"": {""srb_left"": 10, ""srb_right"": 10}, ""atr"": {""atr_length"": 14, ""atr_mult"": 1.0}}",,,,,,,BLUEMOUNT HOLDINGS LTD-B,1WK,,
2026-09-28 00:00:00,Short,AIR,107.96,-7.02%,130.45,utb,参数二,"{""utb"": {""key_value"": 3, ""atr_period"": 14, ""use_ha"": false}, ""r&s"": {""srb_left"": 15, ""srb_right"": 15}, ""atr"": {""atr_length"": 14, ""atr_mult"": 1.0}}",,,,,,,AAR CORP,1WK,,
2026-09-28 00:00:00,Short,ACNB,62.15,-2.48%,66.52,suf,参数一,"{""suf"": {""timeframe"": ""w""}}",,,,,,,ACNB CORP,1WK,200.0,56.01
2026-09-28 00:00:00,Short,ACNB,62.15,-2.48%,66.52,suf,参数二,"{""suf"": {""timeframe"": ""w""}}",,,,,,,ACNB CORP,1WK,200.0,56.01
2026-09-28 00:00:00,Long,OCGN,1.08,5.39%,0.81,mfa,参数一,"{""mfa"": {""mfa_all"": 4}}",,,,,,,OCUGEN INC,1WK,,
2026-09-28 00:00:00,Long,OCGN,1.08,5.39%,0.81,mfa,参数二,"{""mfa"": {""mfa_all"": 4}}",,,,,,,OCUGEN INC,1WK,,
2026-09-28 00:00:00,Short,BPOP,155.8,-2.92%,167.48,utb,参数二,"{""utb"": {""key_value"": 3, ""atr_period"": 14, ""use_ha"": false}, ""r&s"": {""srb_left"": 15, ""srb_right"": 15}, ""atr"": {""atr_length"": 14, ""atr_mult"": 1.0}}",,,,,,,POPULAR INC,1WK,,
2026-09-28 00:00:00,Short,CBAN,20.15,-2.56%,21.8,utb,参数一,"{""utb"": {""key_value"": 2, ""atr_period"": 14, ""use_ha"": false}, ""r&s"": {""srb_left"": 10, ""srb_right"": 10}, ""atr"": {""atr_length"": 14, ""atr_mult"": 1.0}}",,,,,,,COLONY BANKCORP,1WK,,
2026-09-28 00:00:00,Short,TARA,3.23,-1.37%,3.86,sqz,参数一,"{""sqz"": {""bb_length"": 15, ""bb_mult"": 1.5, ""kc_length"": 15, ""kc_mult"": 1.2, ""min_sqz_bars"": 4}, ""r&s"": {""srb_left"": 10, ""srb_right"": 10}, ""atr"": {""atr_length"": 14, ""atr_mult"": 1.0}}",支撑释放,nan-1.04-1.6-2.77-3.62,低-高-高-高,nan%-53.37%-73.67%-30.51%,16.0,24.2,PROTARA THERAPEUTIC INC,1WK,,
2026-09-28 00:00:00,Short,SPSK,17.37,-1.31%,17.65,sqz,参数一,"{""sqz"": {""bb_length"": 15, ""bb_mult"": 1.5, ""kc_length"": 15, ""kc_mult"": 1.2, ""min_sqz_bars"": 4}, ""r&s"": {""srb_left"": 10, ""srb_right"": 10}, ""atr"": {""atr_length"": 14, ""atr_mult"": 1.0}}",支撑释放,15.53-15.89-15.96-16.5-17.5,高-高-高-高,2.30%-0.49%-3.37%-6.07%,27.0,2.95,SP FUNDS DOW JONES GLOBAL SU,1WK,,
2026-09-28 00:00:00,Short,SPSK,17.37,-1.31%,17.65,sqz,参数二,"{""sqz"": {""bb_length"": 20, ""bb_mult"": 1.8, ""kc_length"": 20, ""kc_mult"": 1.5, ""min_sqz_bars"": 4}, ""r&s"": {""srb_left"": 15, ""srb_right"": 15}, ""atr"": {""atr_length"": 14, ""atr_mult"": 1.0}}",支撑释放,nan-15.53-16.5-17.5,低-高-高,nan%-6.26%-6.07%,27.0,2.95,SP FUNDS DOW JONES GLOBAL SU,1WK,,
2026-09-28 00:00:00,Long,VVV,29.5,1.99%,25.65,mfa,参数一,"{""mfa"": {""mfa_all"": 4}}",,,,,,,VALVOLINE INC,1WK,,
2026-09-28 00:00:00,Long,VVV,29.5,1.99%,25.65,mfa,参数二,"{""mfa"": {""mfa_all"": 4}}",,,,,,,VALVOLINE INC,1WK,,
2026-09-28 00:00:00,Long,RADX,1.51,-8.48%,0.85,mfa,参数一,"{""mfa"": {""mfa_all"": 11}}",,,,,,,RADIOPHARM THERANOSTICS LTD,1WK,,
2026-09-28 00:00:00,Long,RADX,1.51,-8.48%,0.85,mfa,参数二,"{""mfa"": {""mfa_all"": 11}}",,,,,,,RADIOPHARM THERANOSTICS LTD,1WK,,
2026-09-28 00:00:00,Short,VIGI,94.4,-1.62%,98.03,utb,参数一,"{""utb"": {""key_value"": 2, ""atr_period"": 14, ""use_ha"": false}, ""r&s"": {""srb_left"": 10, ""srb_right"": 10}, ""atr"": {""atr_length"": 14, ""atr_mult"": 1.0}}",,,,,,,VANGUARD INT DIV APP INDX FD,1WK,,
2026-09-28 00:00:00,Long,XOCT,40.42,0.15%,40.11,sqz,参数一,"{""sqz"": {""bb_length"": 15, ""bb_mult"": 1.5, ""kc_length"": 15, ""kc_mult"": 1.2, ""min_sqz_bars"": 4}, ""r&s"": {""srb_left"": 10, ""srb_right"": 10}, ""atr"": {""atr_length"": 14, ""atr_mult"": 1.0}}",一直释放,nan-34.96,低,nan%,84.0,12.83,FT VEST US EQUITY ENHANCE &,1WK,,
2026-09-28 00:00:00,Short,WSML,33.94,-1.58%,35.25,utb,参数一,"{""utb"": {""key_value"": 2, ""atr_period"": 14, ""use_ha"": false}, ""r&s"": {""srb_left"": 10, ""srb_right"": 10}, ""atr"": {""atr_length"": 14, ""atr_mult"": 1.0}}",,,,,,,ISHARES MSCI WORLD SMALL CAP,1WK,,
2026-09-28 00:00:00,Short,CTMX,2.71,0.37%,3.26,sqz,参数一,"{""sqz"": {""bb_length"": 15, ""bb_mult"": 1.5, ""kc_length"": 15, ""kc_mult"": 1.2, ""min_sqz_bars"": 4}, ""r&s"": {""srb_left"": 10, ""srb_right"": 10}, ""atr"": {""atr_length"": 14, ""atr_mult"": 1.0}}",支撑释放,1.43-1.04-0.4-1.72-2.82,低-低-高-高,27.27%-61.54%-330.00%-63.66%,16.0,42.81,CYTOMX THERAPEUTICS INC,1WK,,
2026-09-28 00:00:00,Short,FSCC,33.51,-1.48%,35.26,utb,参数一,"{""utb"": {""key_value"": 2, ""atr_period"": 14, ""use_ha"": false}, ""r&s"": {""srb_left"": 10, ""srb_right"": 10}, ""atr"": {""atr_length"": 14, ""atr_mult"": 1.0}}",,,,,,,FED HERMES SMALL CAP CORE,1WK,,
2026-09-23 00:00:00,Long,RAIN,0.82,-19.61%,0.23,mfa,参数一,"{""mfa"": {""mfa_all"": 36}}",,,,,,,RAIN ENHANCEMENT TECHNO-CL A,1WK,,
2026-09-23 00:00:00,Long,RAIN,0.82,-19.61%,0.23,mfa,参数二,"{""mfa"": {""mfa_all"": 36}}",,,,,,,RAIN ENHANCEMENT TECHNO-CL A,1WK,,
2026-09-28 00:00:00,Short,IJT,160.51,-1.32%,167.32,utb,参数二,"{""utb"": {""key_value"": 3, ""atr_period"": 14, ""use_ha"": false}, ""r&s"": {""srb_left"": 15, ""srb_right"": 15}, ""atr"": {""atr_length"": 14, ""atr_mult"": 1.0}}",,,,,,,ISHARES S&P SMALL-CAP 600 GR,1WK,,
2026-09-28 00:00:00,Long,ATO,157.29,0.05%,150.03,mfa,参数一,"{""mfa"": {""mfa_all"": 3}}",,,,,,,ATMOS ENERGY CORP,1WK,,
2026-09-28 00:00:00,Long,ATO,157.29,0.05%,150.03,mfa,参数二,"{""mfa"": {""mfa_all"": 3}}",,,,,,,ATMOS ENERGY CORP,1WK,,
2026-09-28 00:00:00,Short,DBC,32.19,-1.30%,34.02,suf,参数一,"{""suf"": {""timeframe"": ""w""}}",,,,,,,INVESCO DB COMMODITY INDEX T,1WK,200.0,43.01
2026-09-28 00:00:00,Short,DBC,32.19,-1.30%,34.02,suf,参数二,"{""suf"": {""timeframe"": ""w""}}",,,,,,,INVESCO DB COMMODITY INDEX T,1WK,200.0,43.01
2026-09-28 00:00:00,Long,SGLY,0.81,-6.87%,-0.51,mfa,参数一,"{""mfa"": {""mfa_all"": 18}}",,,,,,,SINGULARITY FUTURE TECHNOLOG,1WK,,
2026-09-28 00:00:00,Long,SGLY,0.81,-6.87%,-0.51,mfa,参数二,"{""mfa"": {""mfa_all"": 18}}",,,,,,,SINGULARITY FUTURE TECHNOLOG,1WK,,
2026-09-28 00:00:00,Long,BKHA,12.36,0.73%,12.08,utb,参数一,"{""utb"": {""key_value"": 2, ""atr_period"": 14, ""use_ha"": false}, ""r&s"": {""srb_left"": 10, ""srb_right"": 10}, ""atr"": {""atr_length"": 14, ""atr_mult"": 1.0}}",,,,,,,BLACK HAWK ACQUISITION COR-A,1WK,,
2026-09-28 00:00:00,Short,HBT,35.32,-2.57%,37.85,suf,参数一,"{""suf"": {""timeframe"": ""w""}}",,,,,,,HBT FINANCIAL INC/DE,1WK,200.0,60.63
2026-09-28 00:00:00,Short,HBT,35.32,-2.57%,37.85,suf,参数二,"{""suf"": {""timeframe"": ""w""}}",,,,,,,HBT FINANCIAL INC/DE,1WK,200.0,60.63
2026-09-28 00:00:00,Long,XEL,69.86,0.09%,65.6,mfa,参数一,"{""mfa"": {""mfa_all"": 3}}",,,,,,,XCEL ENERGY INC,1WK,,
2026-09-28 00:00:00,Long,XEL,69.86,0.09%,65.6,mfa,参数二,"{""mfa"": {""mfa_all"": 3}}",,,,,,,XCEL ENERGY INC,1WK,,
2026-09-28 00:00:00,Long,BCYC,3.65,-1.06%,3.13,mfa,参数一,"{""mfa"": {""mfa_all"": 48}}",,,,,,,BICYCLE THERAPEUTICS PLC-ADR,1WK,,
2026-09-28 00:00:00,Long,BCYC,3.65,-1.06%,3.13,mfa,参数二,"{""mfa"": {""mfa_all"": 48}}",,,,,,,BICYCLE THERAPEUTICS PLC-ADR,1WK,,
2026-09-28 00:00:00,Short,VEL,15.08,-1.76%,16.67,sqz,参数一,"{""sqz"": {""bb_length"": 15, ""bb_mult"": 1.5, ""kc_length"": 15, ""kc_mult"": 1.2, ""min_sqz_bars"": 4}, ""r&s"": {""srb_left"": 10, ""srb_right"": 10}, ""atr"": {""atr_length"": 14, ""atr_mult"": 1.0}}",支撑释放,16.67-16.12-16.19-17.61-16.65,低-高-高-低,3.30%-0.43%-8.77%-5.45%,20.0,15.26,VELOCITY FINANCIAL INC,1WK,,
2026-09-28 00:00:00,Short,VEL,15.08,-1.76%,16.67,sqz,参数二,"{""sqz"": {""bb_length"": 20, ""bb_mult"": 1.8, ""kc_length"": 20, ""kc_mult"": 1.5, ""min_sqz_bars"": 4}, ""r&s"": {""srb_left"": 15, ""srb_right"": 15}, ""atr"": {""atr_length"": 14, ""atr_mult"": 1.0}}",支撑释放,nan-7.81-10.57-16.12-16.65,低-高-高-高,nan%-35.34%-52.51%-3.29%,20.0,15.26,VELOCITY FINANCIAL INC,1WK,,
2026-09-28 00:00:00,Long,UTRE,47.91,-0.28%,47.7,mfa,参数一,"{""mfa"": {""mfa_all"": 4}}",,,,,,,F/M US TREASURY 3 YEAR NOTE,1WK,,
2026-09-28 00:00:00,Long,UTRE,47.91,-0.28%,47.7,mfa,参数二,"{""mfa"": {""mfa_all"": 4}}",,,,,,,F/M US TREASURY 3 YEAR NOTE,1WK,,
2026-09-28 00:00:00,Short,CGVV,30.92,-1.69%,31.97,utb,参数一,"{""utb"": {""key_value"": 2, ""atr_period"": 14, ""use_ha"": false}, ""r&s"": {""srb_left"": 10, ""srb_right"": 10}, ""atr"": {""atr_length"": 14, ""atr_mult"": 1.0}}",,,,,,,CAP GROUP LARGE VALUE,1WK,,
2026-09-28 00:00:00,Long,MZZ,6.6,2.48%,6.2,utb,参数二,"{""utb"": {""key_value"": 3, ""atr_period"": 14, ""use_ha"": false}, ""r&s"": {""srb_left"": 15, ""srb_right"": 15}, ""atr"": {""atr_length"": 14, ""atr_mult"": 1.0}}",,,,,,,PROSHARES ULTSHRT MIDCAP400,1WK,,
2026-09-28 00:00:00,Short,REMC,22.68,-0.74%,23.2,utb,参数二,"{""utb"": {""key_value"": 3, ""atr_period"": 14, ""use_ha"": false}, ""r&s"": {""srb_left"": 15, ""srb_right"": 15}, ""atr"": {""atr_length"": 14, ""atr_mult"": 1.0}}",,,,,,,COLUMBIA RESEAR ENH MID CAP,1WK,,
2026-09-28 00:00:00,Long,VNRX,0.25,-1.96%,-0.2,mfa,参数一,"{""mfa"": {""mfa_all"": 48}}",,,,,,,VOLITIONRX LTD,1WK,,
2026-09-28 00:00:00,Long,VNRX,0.25,-1.96%,-0.2,mfa,参数二,"{""mfa"": {""mfa_all"": 48}}",,,,,,,VOLITIONRX LTD,1WK,,
2026-09-28 00:00:00,Long,ABLV,1.79,37.69%,0.91,sqz,参数一,"{""sqz"": {""bb_length"": 15, ""bb_mult"": 1.5, ""kc_length"": 15, ""kc_mult"": 1.2, ""min_sqz_bars"": 4}, ""r&s"": {""srb_left"": 10, ""srb_right"": 10}, ""atr"": {""atr_length"": 14, ""atr_mult"": 1.0}}",压力释放,3.94-1.9-1.74-1.77-1.3,低-低-高-低,51.78%-8.42%-1.72%-26.55%,43.0,140.74,ABLE VIEW GLOBAL INC-B,1WK,,
2026-09-28 00:00:00,Long,ABLV,1.79,37.69%,0.91,sqz,参数二,"{""sqz"": {""bb_length"": 20, ""bb_mult"": 1.8, ""kc_length"": 20, ""kc_mult"": 1.5, ""min_sqz_bars"": 4}, ""r&s"": {""srb_left"": 15, ""srb_right"": 15}, ""atr"": {""atr_length"": 14, ""atr_mult"": 1.0}}",压力释放,nan-13.27-3.94-1.74-1.77,低-低-低-高,nan%-70.30%-55.84%-1.72%,55.0,227.78,ABLE VIEW GLOBAL INC-B,1WK,,
2026-09-28 00:00:00,Short,COMB,27.87,-1.73%,29.03,suf,参数一,"{""suf"": {""timeframe"": ""w""}}",,,,,,,GRANITESHARES BCOM BROAD STR,1WK,200.0,39.53
2026-09-28 00:00:00,Short,COMB,27.87,-1.73%,29.03,suf,参数二,"{""suf"": {""timeframe"": ""w""}}",,,,,,,GRANITESHARES BCOM BROAD STR,1WK,200.0,39.53
2026-09-28 00:00:00,Short,MMSD,24.69,-0.26%,24.86,sqz,参数一,"{""sqz"": {""bb_length"": 15, ""bb_mult"": 1.5, ""kc_length"": 15, ""kc_mult"": 1.2, ""min_sqz_bars"": 4}, ""r&s"": {""srb_left"": 10, ""srb_right"": 10}, ""atr"": {""atr_length"": 14, ""atr_mult"": 1.0}}",支撑释放,nan-24.52-24.77,低-高,nan%-1.01%,27.0,5.07,NYLIM MACKAY MUNI SHORT DURA,1WK,,
2026-09-28 00:00:00,Long,SDHC,10.33,0.49%,8.55,mfa,参数一,"{""mfa"": {""mfa_all"": 4}}",,,,,,,SMITH DOUGLAS HOMES CORP,1WK,,
2026-09-28 00:00:00,Long,SDHC,10.33,0.49%,8.55,mfa,参数二,"{""mfa"": {""mfa_all"": 4}}",,,,,,,SMITH DOUGLAS HOMES CORP,1WK,,
2026-09-28 00:00:00,Short,INGN,5.34,-0.37%,5.99,sqz,参数一,"{""sqz"": {""bb_length"": 15, ""bb_mult"": 1.5, ""kc_length"": 15, ""kc_mult"": 1.2, ""min_sqz_bars"": 4}, ""r&s"": {""srb_left"": 10, ""srb_right"": 10}, ""atr"": {""atr_length"": 14, ""atr_mult"": 1.0}}",一直亮红,nan-4.13-5.7-5.85-5.34,低-高-高-低,nan%-38.01%-2.63%-8.72%,31.0,43.63,INOGEN INC,1WK,,
2026-09-28 00:00:00,Long,INGN,5.34,-0.37%,4.83,mfa,参数一,"{""mfa"": {""mfa_all"": 5}}",,,,,,,INOGEN INC,1WK,,
2026-09-28 00:00:00,Long,INGN,5.34,-0.37%,4.83,mfa,参数二,"{""mfa"": {""mfa_all"": 5}}",,,,,,,INOGEN INC,1WK,,
2026-09-28 00:00:00,Short,SMAY,27.57,-1.11%,28.18,utb,参数二,"{""utb"": {""key_value"": 3, ""atr_period"": 14, ""use_ha"": false}, ""r&s"": {""srb_left"": 15, ""srb_right"": 15}, ""atr"": {""atr_length"": 14, ""atr_mult"": 1.0}}",,,,,,,FT VEST U.S. SMALL CAP MODER,1WK,,
2026-09-28 00:00:00,Short,UPBD,15.52,-3.54%,17.58,sqz,参数二,"{""sqz"": {""bb_length"": 20, ""bb_mult"": 1.8, ""kc_length"": 20, ""kc_mult"": 1.5, ""min_sqz_bars"": 4}, ""r&s"": {""srb_left"": 15, ""srb_right"": 15}, ""atr"": {""atr_length"": 14, ""atr_mult"": 1.0}}",支撑释放,25.13-23.39-17.87-14.83-16.07,低-低-低-高,6.91%-23.58%-17.03%-8.36%,28.0,43.75,UPBOUND GROUP INC,1WK,,
2026-09-28 00:00:00,Long,SARK,23.69,1.85%,21.48,mfa,参数一,"{""mfa"": {""mfa_all"": 14}}",,,,,,,TRADR 1X SHORT INNOV DLY-USD,1WK,,
2026-09-28 00:00:00,Long,SARK,23.69,1.85%,21.48,mfa,参数二,"{""mfa"": {""mfa_all"": 14}}",,,,,,,TRADR 1X SHORT INNOV DLY-USD,1WK,,
2026-09-28 00:00:00,Long,SYK,278.05,2.09%,251.04,suf,参数一,"{""suf"": {""timeframe"": ""w""}}",,,,,,,STRYKER CORP,1WK,200.0,-14.87
2026-09-28 00:00:00,Long,SYK,278.05,2.09%,251.04,suf,参数二,"{""suf"": {""timeframe"": ""w""}}",,,,,,,STRYKER CORP,1WK,200.0,-14.87
2026-09-28 00:00:00,Short,AVXL,2.36,-1.05%,2.87,sqz,参数二,"{""sqz"": {""bb_length"": 20, ""bb_mult"": 1.8, ""kc_length"": 20, ""kc_mult"": 1.5, ""min_sqz_bars"": 4}, ""r&s"": {""srb_left"": 15, ""srb_right"": 15}, ""atr"": {""atr_length"": 14, ""atr_mult"": 1.0}}",支撑释放,7.44-4.9-3.25-7.16-2.86,低-低-高-低,34.14%-33.67%-120.31%-60.06%,46.0,165.73,ANAVEX LIFE SCIENCES CORP,1WK,,
2026-09-28 00:00:00,Short,TAK,18.49,-1.96%,19.72,suf,参数一,"{""suf"": {""timeframe"": ""w""}}",,,,,,,TAKEDA PHARMACEUTIC-SP ADR,1WK,200.0,25.61
2026-09-28 00:00:00,Short,TAK,18.49,-1.96%,19.72,suf,参数二,"{""suf"": {""timeframe"": ""w""}}",,,,,,,TAKEDA PHARMACEUTIC-SP ADR,1WK,200.0,25.61
2026-09-28 00:00:00,Long,SITC,3.11,1.63%,2.81,suf,参数一,"{""suf"": {""timeframe"": ""w""}}",,,,,,,SITE CENTERS CORP,1WK,200.0,-38.62
2026-09-28 00:00:00,Long,SITC,3.11,1.63%,2.81,suf,参数二,"{""suf"": {""timeframe"": ""w""}}",,,,,,,SITE CENTERS CORP,1WK,200.0,-38.62
2026-09-28 00:00:00,Short,UNL,5.68,-3.16%,6.12,sqz,参数二,"{""sqz"": {""bb_length"": 20, ""bb_mult"": 1.8, ""kc_length"": 20, ""kc_mult"": 1.5, ""min_sqz_bars"": 4}, ""r&s"": {""srb_left"": 15, ""srb_right"": 15}, ""atr"": {""atr_length"": 14, ""atr_mult"": 1.0}}",一直释放,nan-10.34-7.22-6.79-7.37,低-低-低-高,nan%-30.17%-5.96%-8.54%,57.0,23.61,UNITED STATES 12 MONTH NATUR,1WK,,
2026-09-28 00:00:00,Short,ZNB,1.28,-4.81%,427.26,sqz,参数一,"{""sqz"": {""bb_length"": 15, ""bb_mult"": 1.5, ""kc_length"": 15, ""kc_mult"": 1.2, ""min_sqz_bars"": 4}, ""r&s"": {""srb_left"": 10, ""srb_right"": 10}, ""atr"": {""atr_length"": 14, ""atr_mult"": 1.0}}",一直释放,1840000.0-360000.0-340000.0-11200.0,低-低-低,80.43%-5.56%-96.71%,78.0,100.0,ZETA NETWORK GROUP,1WK,,
2026-09-28 00:00:00,Short,NMRK,12.44,-4.71%,14.15,sqz,参数一,"{""sqz"": {""bb_length"": 15, ""bb_mult"": 1.5, ""kc_length"": 15, ""kc_mult"": 1.2, ""min_sqz_bars"": 4}, ""r&s"": {""srb_left"": 10, ""srb_right"": 10}, ""atr"": {""atr_length"": 14, ""atr_mult"": 1.0}}",支撑释放,11.28-9.49-15.13-13.23-13.57,低-高-低-高,15.89%-59.44%-12.59%-2.56%,17.0,21.25,NEWMARK GROUP INC-CLASS A,1WK,,
2026-09-28 00:00:00,Short,MFSB,23.87,-0.83%,24.18,sqz,参数二,"{""sqz"": {""bb_length"": 20, ""bb_mult"": 1.8, ""kc_length"": 20, ""kc_mult"": 1.5, ""min_sqz_bars"": 4}, ""r&s"": {""srb_left"": 15, ""srb_right"": 15}, ""atr"": {""atr_length"": 14, ""atr_mult"": 1.0}}",支撑释放,nan-24.19,低,nan%,27.0,3.01,MFS ACTIVE CORE PLUS BOND,1WK,,
2026-09-28 00:00:00,Short,CFR,153.98,-2.19%,164.22,utb,参数一,"{""utb"": {""key_value"": 2, ""atr_period"": 14, ""use_ha"": false}, ""r&s"": {""srb_left"": 10, ""srb_right"": 10}, ""atr"": {""atr_length"": 14, ""atr_mult"": 1.0}}",,,,,,,CULLEN/FROST BANKERS INC,1WK,,
2026-09-28 00:00:00,Short,AFMC,39.64,-1.15%,40.95,utb,参数一,"{""utb"": {""key_value"": 2, ""atr_period"": 14, ""use_ha"": false}, ""r&s"": {""srb_left"": 10, ""srb_right"": 10}, ""atr"": {""atr_length"": 14, ""atr_mult"": 1.0}}",,,,,,,FIRST TRUST ACTIVE FACTOR MI,1WK,,
2026-09-28 00:00:00,Long,CONI,23.38,5.74%,8.91,mfa,参数一,"{""mfa"": {""mfa_all"": 7}}",,,,,,,GRANITESHARES 2X SHORT COIN,1WK,,
2026-09-28 00:00:00,Long,CONI,23.38,5.74%,8.91,mfa,参数二,"{""mfa"": {""mfa_all"": 7}}",,,,,,,GRANITESHARES 2X SHORT COIN,1WK,,
2026-09-28 00:00:00,Short,PRSD,24.66,-0.14%,24.86,utb,参数一,"{""utb"": {""key_value"": 2, ""atr_period"": 14, ""use_ha"": false}, ""r&s"": {""srb_left"": 10, ""srb_right"": 10}, ""atr"": {""atr_length"": 14, ""atr_mult"": 1.0}}",,,,,,,SS SHRT DUR IG PUB&PRIV CRED,1WK,,
2026-09-28 00:00:00,Short,LTH,39.5,-1.18%,43.06,utb,参数一,"{""utb"": {""key_value"": 2, ""atr_period"": 14, ""use_ha"": false}, ""r&s"": {""srb_left"": 10, ""srb_right"": 10}, ""atr"": {""atr_length"": 14, ""atr_mult"": 1.0}}",,,,,,,LIFE TIME GROUP HOLDINGS INC,1WK,,
2026-09-28 00:00:00,Long,SSTI,8.22,45.74%,4.32,utb,参数一,"{""utb"": {""key_value"": 2, ""atr_period"": 14, ""use_ha"": false}, ""r&s"": {""srb_left"": 10, ""srb_right"": 10}, ""atr"": {""atr_length"": 14, ""atr_mult"": 1.0}}",,,,,,,SOUNDTHINKING INC,1WK,,
2026-09-28 00:00:00,Long,SSTI,8.22,45.74%,4.32,suf,参数一,"{""suf"": {""timeframe"": ""w""}}",,,,,,,SOUNDTHINKING INC,1WK,200.0,-48.58
2026-09-28 00:00:00,Long,SSTI,8.22,45.74%,4.32,suf,参数二,"{""suf"": {""timeframe"": ""w""}}",,,,,,,SOUNDTHINKING INC,1WK,200.0,-48.58
2026-09-28 00:00:00,Short,BUL,60.72,-1.28%,63.02,utb,参数一,"{""utb"": {""key_value"": 2, ""atr_period"": 14, ""use_ha"": false}, ""r&s"": {""srb_left"": 10, ""srb_right"": 10}, ""atr"": {""atr_length"": 14, ""atr_mult"": 1.0}}",,,,,,,PACER US CASH COWS GROWTH,1WK,,
2026-09-28 00:00:00,Short,PALI,1.43,-1.03%,1.84,sqz,参数一,"{""sqz"": {""bb_length"": 15, ""bb_mult"": 1.5, ""kc_length"": 15, ""kc_mult"": 1.2, ""min_sqz_bars"": 4}, ""r&s"": {""srb_left"": 10, ""srb_right"": 10}, ""atr"": {""atr_length"": 14, ""atr_mult"": 1.0}}",支撑释放,3.82-0.6-0.53-1.45,低-低-高,84.29%-11.67%-173.58%,35.0,97.24,PALISADE BIO INC,1WK,,
2026-09-28 00:00:00,Short,RWX,25.43,-1.43%,26.54,sqz,参数二,"{""sqz"": {""bb_length"": 20, ""bb_mult"": 1.8, ""kc_length"": 20, ""kc_mult"": 1.5, ""min_sqz_bars"": 4}, ""r&s"": {""srb_left"": 15, ""srb_right"": 15}, ""atr"": {""atr_length"": 14, ""atr_mult"": 1.0}}",支撑释放,nan-20.13-21.8-20.79-25.47,低-高-低-高,nan%-8.32%-4.63%-22.46%,26.0,11.81,STATE STREET SPDR DOW JONES,1WK,,
2026-09-28 00:00:00,Short,IAT,57.21,-2.26%,60.93,utb,参数二,"{""utb"": {""key_value"": 3, ""atr_period"": 14, ""use_ha"": false}, ""r&s"": {""srb_left"": 15, ""srb_right"": 15}, ""atr"": {""atr_length"": 14, ""atr_mult"": 1.0}}",,,,,,,ISHARES US REGIONAL BANKS ET,1WK,,
2026-09-28 00:00:00,Short,FOSL,6.11,-1.37%,6.92,suf,参数一,"{""suf"": {""timeframe"": ""w""}}",,,,,,,FOSSIL GROUP INC,1WK,200.0,140.32
2026-09-28 00:00:00,Short,FOSL,6.11,-1.37%,6.92,suf,参数二,"{""suf"": {""timeframe"": ""w""}}",,,,,,,FOSSIL GROUP INC,1WK,200.0,140.32
2026-09-28 00:00:00,Short,MCHB,14.78,-2.54%,16.06,utb,参数一,"{""utb"": {""key_value"": 2, ""atr_period"": 14, ""use_ha"": false}, ""r&s"": {""srb_left"": 10, ""srb_right"": 10}, ""atr"": {""atr_length"": 14, ""atr_mult"": 1.0}}",,,,,,,MECHANICS BANCORP-A,1WK,,
2026-09-28 00:00:00,Short,PTMC,39.09,-1.40%,40.51,utb,参数二,"{""utb"": {""key_value"": 3, ""atr_period"": 14, ""use_ha"": false}, ""r&s"": {""srb_left"": 15, ""srb_right"": 15}, ""atr"": {""atr_length"": 14, ""atr_mult"": 1.0}}",,,,,,,PACER TRENDPILOT US MID CAP,1WK,,
2026-09-28 00:00:00,Short,AWR,81.35,-1.75%,86.51,utb,参数一,"{""utb"": {""key_value"": 2, ""atr_period"": 14, ""use_ha"": false}, ""r&s"": {""srb_left"": 10, ""srb_right"": 10}, ""atr"": {""atr_length"": 14, ""atr_mult"": 1.0}}",,,,,,,AMERICAN STATES WATER CO,1WK,,
2026-09-28 00:00:00,Short,ZETA,28.69,-2.58%,32.37,suf,参数一,"{""suf"": {""timeframe"": ""w""}}",,,,,,,ZETA GLOBAL HOLDINGS CORP-A,1WK,200.0,80.0
2026-09-28 00:00:00,Short,ZETA,28.69,-2.58%,32.37,suf,参数二,"{""suf"": {""timeframe"": ""w""}}",,,,,,,ZETA GLOBAL HOLDINGS CORP-A,1WK,200.0,80.0
2026-09-28 00:00:00,Short,SKYY,161.64,-1.85%,171.95,suf,参数一,"{""suf"": {""timeframe"": ""w""}}",,,,,,,FIRST TRUST CLOUD COMPUTING,1WK,200.0,55.37
2026-09-28 00:00:00,Short,SKYY,161.64,-1.85%,171.95,suf,参数二,"{""suf"": {""timeframe"": ""w""}}",,,,,,,FIRST TRUST CLOUD COMPUTING,1WK,200.0,55.37
2026-09-28 00:00:00,Long,NYAX,45.17,0.31%,38.03,mfa,参数一,"{""mfa"": {""mfa_all"": 7}}",,,,,,,NAYAX LTD,1WK,,
2026-09-28 00:00:00,Long,NYAX,45.17,0.31%,38.03,mfa,参数二,"{""mfa"": {""mfa_all"": 7}}",,,,,,,NAYAX LTD,1WK,,
2026-09-28 00:00:00,Short,GLOF,60.61,-1.38%,62.6,suf,参数一,"{""suf"": {""timeframe"": ""w""}}",,,,,,,ISHARES GLOBAL EQUITY FACTOR,1WK,200.0,40.87
2026-09-28 00:00:00,Short,GLOF,60.61,-1.38%,62.6,suf,参数二,"{""suf"": {""timeframe"": ""w""}}",,,,,,,ISHARES GLOBAL EQUITY FACTOR,1WK,200.0,40.87
2026-09-28 00:00:00,Long,SJ,0.64,-6.93%,0.43,mfa,参数一,"{""mfa"": {""mfa_all"": 3}}",,,,,,,SCIENJOY HOLDING CORP-A,1WK,,
2026-09-28 00:00:00,Long,SJ,0.64,-6.93%,0.43,mfa,参数二,"{""mfa"": {""mfa_all"": 3}}",,,,,,,SCIENJOY HOLDING CORP-A,1WK,,
2026-09-28 00:00:00,Short,KNCT,204.86,-1.44%,216.27,suf,参数一,"{""suf"": {""timeframe"": ""w""}}",,,,,,,INVESCO NEXT GEN CONNECTIVIT,1WK,200.0,86.38
2026-09-28 00:00:00,Short,KNCT,204.86,-1.44%,216.27,suf,参数二,"{""suf"": {""timeframe"": ""w""}}",,,,,,,INVESCO NEXT GEN CONNECTIVIT,1WK,200.0,86.38
2026-09-28 00:00:00,Short,FISR,24.43,-0.69%,24.8,sqz,参数二,"{""sqz"": {""bb_length"": 20, ""bb_mult"": 1.8, ""kc_length"": 20, ""kc_mult"": 1.5, ""min_sqz_bars"": 4}, ""r&s"": {""srb_left"": 15, ""srb_right"": 15}, ""atr"": {""atr_length"": 14, ""atr_mult"": 1.0}}",支撑释放,nan-21.48-22.58-23.39-24.83,低-高-高-高,nan%-5.13%-3.58%-6.18%,19.0,3.12,SS FI SECTOR ROTATION,1WK,,
2026-09-28 00:00:00,Short,BOC,13.15,-2.41%,14.3,utb,参数一,"{""utb"": {""key_value"": 2, ""atr_period"": 14, ""use_ha"": false}, ""r&s"": {""srb_left"": 10, ""srb_right"": 10}, ""atr"": {""atr_length"": 14, ""atr_mult"": 1.0}}",,,,,,,BOSTON OMAHA CORP-CL A,1WK,,
2026-09-28 00:00:00,Short,MU,1070.43,-1.09%,1202.12,suf,参数一,"{""suf"": {""timeframe"": ""w""}}",,,,,,,MICRON TECHNOLOGY INC,1WK,200.0,383.72
2026-09-28 00:00:00,Short,MU,1070.43,-1.09%,1202.12,suf,参数二,"{""suf"": {""timeframe"": ""w""}}",,,,,,,MICRON TECHNOLOGY INC,1WK,200.0,383.72
2026-09-28 00:00:00,Long,YCBD,0.46,-1.71%,0.32,mfa,参数一,"{""mfa"": {""mfa_all"": 11}}",,,,,,,CBDMD INC,1WK,,
2026-09-28 00:00:00,Long,YCBD,0.46,-1.71%,0.32,mfa,参数二,"{""mfa"": {""mfa_all"": 11}}",,,,,,,CBDMD INC,1WK,,
2026-09-28 00:00:00,Short,DMAY,47.94,-0.53%,48.57,suf,参数一,"{""suf"": {""timeframe"": ""w""}}",,,,,,,FT VEST US EQUITY DEEP BUFFE,1WK,200.0,20.71
2026-09-28 00:00:00,Short,DMAY,47.94,-0.53%,48.57,suf,参数二,"{""suf"": {""timeframe"": ""w""}}",,,,,,,FT VEST US EQUITY DEEP BUFFE,1WK,200.0,20.71
2026-09-28 00:00:00,Short,PRVA,19.31,-2.03%,21.81,sqz,参数一,"{""sqz"": {""bb_length"": 15, ""bb_mult"": 1.5, ""kc_length"": 15, ""kc_mult"": 1.2, ""min_sqz_bars"": 4}, ""r&s"": {""srb_left"": 10, ""srb_right"": 10}, ""atr"": {""atr_length"": 14, ""atr_mult"": 1.0}}",一直亮红,15.92-16.47-20.83-18.77-19.53,高-高-低-高,3.45%-26.44%-9.87%-4.05%,27.0,47.57,PRIVIA HEALTH GROUP INC,1WK,,
2026-09-28 00:00:00,Short,PRVA,19.31,-2.03%,21.81,sqz,参数二,"{""sqz"": {""bb_length"": 20, ""bb_mult"": 1.8, ""kc_length"": 20, ""kc_mult"": 1.5, ""min_sqz_bars"": 4}, ""r&s"": {""srb_left"": 15, ""srb_right"": 15}, ""atr"": {""atr_length"": 14, ""atr_mult"": 1.0}}",一直亮红,nan-23.0-15.92-18.77-19.53,低-低-高-高,nan%-30.78%-17.90%-4.05%,27.0,47.57,PRIVIA HEALTH GROUP INC,1WK,,
2026-09-28 00:00:00,Short,CPLB,20.06,-0.79%,20.32,sqz,参数二,"{""sqz"": {""bb_length"": 20, ""bb_mult"": 1.8, ""kc_length"": 20, ""kc_mult"": 1.5, ""min_sqz_bars"": 4}, ""r&s"": {""srb_left"": 15, ""srb_right"": 15}, ""atr"": {""atr_length"": 14, ""atr_mult"": 1.0}}",支撑释放,nan-16.62-17.91-18.85-20.32,低-高-高-高,nan%-7.75%-5.30%-7.78%,27.0,2.73,NYLIM MACKAY CORE PLUS BOND,1WK,,
2026-09-28 00:00:00,Long,AMTD,0.7,-3.69%,0.62,mfa,参数一,"{""mfa"": {""mfa_all"": 11}}",,,,,,,AMTD IDEA GROUP,1WK,,
2026-09-28 00:00:00,Long,AMTD,0.7,-3.69%,0.62,mfa,参数二,"{""mfa"": {""mfa_all"": 11}}",,,,,,,AMTD IDEA GROUP,1WK,,
2026-09-28 00:00:00,Long,ZTO,19.54,0.26%,18.17,mfa,参数一,"{""mfa"": {""mfa_all"": 7}}",,,,,,,ZTO EXPRESS CAYMAN INC-ADR,1WK,,
2026-09-28 00:00:00,Long,ZTO,19.54,0.26%,18.17,mfa,参数二,"{""mfa"": {""mfa_all"": 7}}",,,,,,,ZTO EXPRESS CAYMAN INC-ADR,1WK,,
2026-09-28 00:00:00,Short,ZTG,1.01,-24.25%,3.03,sqz,参数一,"{""sqz"": {""bb_length"": 15, ""bb_mult"": 1.5, ""kc_length"": 15, ""kc_mult"": 1.2, ""min_sqz_bars"": 4}, ""r&s"": {""srb_left"": 10, ""srb_right"": 10}, ""atr"": {""atr_length"": 14, ""atr_mult"": 1.0}}",一直亮红,nan-1.09,低,nan%,25.0,1023.85,ZENTA GROUP CO LTD-CL A,1WK,,
2026-09-28 00:00:00,Short,ZTG,1.01,-24.25%,3.03,sqz,参数二,"{""sqz"": {""bb_length"": 20, ""bb_mult"": 1.8, ""kc_length"": 20, ""kc_mult"": 1.5, ""min_sqz_bars"": 4}, ""r&s"": {""srb_left"": 15, ""srb_right"": 15}, ""atr"": {""atr_length"": 14, ""atr_mult"": 1.0}}",一直亮红,nan-1.09,低,nan%,25.0,1023.85,ZENTA GROUP CO LTD-CL A,1WK,,
2026-09-28 00:00:00,Short,LTTI,16.61,-1.36%,17.15,sqz,参数一,"{""sqz"": {""bb_length"": 15, ""bb_mult"": 1.5, ""kc_length"": 15, ""kc_mult"": 1.2, ""min_sqz_bars"": 4}, ""r&s"": {""srb_left"": 10, ""srb_right"": 10}, ""atr"": {""atr_length"": 14, ""atr_mult"": 1.0}}",支撑释放,nan-16.66-16.97,低-高,nan%-1.84%,46.0,16.21,FT VEST 20 YR TSY & TARG INC,1WK,,
2026-09-28 00:00:00,Short,LTTI,16.61,-1.36%,17.15,sqz,参数二,"{""sqz"": {""bb_length"": 20, ""bb_mult"": 1.8, ""kc_length"": 20, ""kc_mult"": 1.5, ""min_sqz_bars"": 4}, ""r&s"": {""srb_left"": 15, ""srb_right"": 15}, ""atr"": {""atr_length"": 14, ""atr_mult"": 1.0}}",支撑释放,nan-16.97,低,nan%,46.0,16.21,FT VEST 20 YR TSY & TARG INC,1WK,,
2026-09-28 00:00:00,Short,GENT,9.9,-0.65%,10.09,sqz,参数一,"{""sqz"": {""bb_length"": 15, ""bb_mult"": 1.5, ""kc_length"": 15, ""kc_mult"": 1.2, ""min_sqz_bars"": 4}, ""r&s"": {""srb_left"": 10, ""srb_right"": 10}, ""atr"": {""atr_length"": 14, ""atr_mult"": 1.0}}",支撑释放,nan-9.36-9.97,低-高,nan%-6.50%,19.0,2.49,GENTER CAPITAL TAXABLE,1WK,,
2026-09-28 00:00:00,Short,CFG,63.82,-2.61%,68.87,utb,参数二,"{""utb"": {""key_value"": 3, ""atr_period"": 14, ""use_ha"": false}, ""r&s"": {""srb_left"": 15, ""srb_right"": 15}, ""atr"": {""atr_length"": 14, ""atr_mult"": 1.0}}",,,,,,,CITIZENS FINANCIAL GROUP,1WK,,
2026-09-28 00:00:00,Long,ALHC,7.84,-4.45%,5.52,mfa,参数一,"{""mfa"": {""mfa_all"": 21}}",,,,,,,ALIGNMENT HEALTHCARE INC,1WK,,
2026-09-28 00:00:00,Long,ALHC,7.84,-4.45%,5.52,mfa,参数二,"{""mfa"": {""mfa_all"": 21}}",,,,,,,ALIGNMENT HEALTHCARE INC,1WK,,
2026-09-28 00:00:00,Short,ZD,55.71,-1.42%,60.27,suf,参数一,"{""suf"": {""timeframe"": ""w""}}",,,,,,,ZIFF DAVIS INC,1WK,200.0,4.75
2026-09-28 00:00:00,Short,ZD,55.71,-1.42%,60.27,suf,参数二,"{""suf"": {""timeframe"": ""w""}}",,,,,,,ZIFF DAVIS INC,1WK,200.0,4.75
2026-09-28 00:00:00,Long,FNGD,24.76,3.53%,19.02,suf,参数一,"{""suf"": {""timeframe"": ""w""}}",,,,,,,MICROSECTORS FANG+ INDEX -3X,1WK,200.0,-96.05
2026-09-28 00:00:00,Long,FNGD,24.76,3.53%,19.02,suf,参数二,"{""suf"": {""timeframe"": ""w""}}",,,,,,,MICROSECTORS FANG+ INDEX -3X,1WK,200.0,-96.05
2026-09-28 00:00:00,Long,VIXM,12.91,-0.12%,12.43,mfa,参数一,"{""mfa"": {""mfa_all"": 15}}",,,,,,,PROSHARES VIX MID-TERM FUT,1WK,,
2026-09-28 00:00:00,Long,VIXM,12.91,-0.12%,12.43,mfa,参数二,"{""mfa"": {""mfa_all"": 15}}",,,,,,,PROSHARES VIX MID-TERM FUT,1WK,,
2026-09-28 00:00:00,Short,JAZZ,229.33,-3.62%,252.08,utb,参数一,"{""utb"": {""key_value"": 2, ""atr_period"": 14, ""use_ha"": false}, ""r&s"": {""srb_left"": 10, ""srb_right"": 10}, ""atr"": {""atr_length"": 14, ""atr_mult"": 1.0}}",,,,,,,JAZZ PHARMACEUTICALS PLC,1WK,,
2026-09-28 00:00:00,Long,LUCK,5.35,2.69%,4.39,mfa,参数一,"{""mfa"": {""mfa_all"": 6}}",,,,,,,LUCKY STRIKE ENTERTAINMENT C,1WK,,
2026-09-28 00:00:00,Long,LUCK,5.35,2.69%,4.39,mfa,参数二,"{""mfa"": {""mfa_all"": 6}}",,,,,,,LUCKY STRIKE ENTERTAINMENT C,1WK,,
2026-09-28 00:00:00,Short,FTXR,41.07,-1.72%,43.09,utb,参数一,"{""utb"": {""key_value"": 2, ""atr_period"": 14, ""use_ha"": false}, ""r&s"": {""srb_left"": 10, ""srb_right"": 10}, ""atr"": {""atr_length"": 14, ""atr_mult"": 1.0}}",,,,,,,FIRST TRUST NASDAQ TRANSPORT,1WK,,
2026-09-28 00:00:00,Short,SHAG,46.34,-0.22%,46.59,sqz,参数一,"{""sqz"": {""bb_length"": 15, ""bb_mult"": 1.5, ""kc_length"": 15, ""kc_mult"": 1.2, ""min_sqz_bars"": 4}, ""r&s"": {""srb_left"": 10, ""srb_right"": 10}, ""atr"": {""atr_length"": 14, ""atr_mult"": 1.0}}",支撑释放,40.46-41.79-43.46-43.84-46.36,高-高-高-高,3.30%-3.98%-0.88%-5.75%,27.0,2.33,WSDMTREE YLD EN US ST AGG,1WK,,
2026-09-28 00:00:00,Long,FNGR,0.14,-8.81%,-0.02,mfa,参数一,"{""mfa"": {""mfa_all"": 47}}",,,,,,,FINGERMOTION INC,1WK,,
2026-09-28 00:00:00,Long,FNGR,0.14,-8.81%,-0.02,mfa,参数二,"{""mfa"": {""mfa_all"": 47}}",,,,,,,FINGERMOTION INC,1WK,,
2026-09-28 00:00:00,Short,COHU,66.03,-1.44%,76.54,suf,参数一,"{""suf"": {""timeframe"": ""w""}}",,,,,,,COHU INC,1WK,200.0,106.94
2026-09-28 00:00:00,Short,COHU,66.03,-1.44%,76.54,suf,参数二,"{""suf"": {""timeframe"": ""w""}}",,,,,,,COHU INC,1WK,200.0,106.94
2026-09-28 00:00:00,Long,MSC,0.89,1.17%,0.35,mfa,参数一,"{""mfa"": {""mfa_all"": 31}}",,,,,,,STUDIO CITY INTERNATIONA-ADR,1WK,,
2026-09-28 00:00:00,Long,MSC,0.89,1.17%,0.35,mfa,参数二,"{""mfa"": {""mfa_all"": 31}}",,,,,,,STUDIO CITY INTERNATIONA-ADR,1WK,,
2026-09-28 00:00:00,Long,HHH,73.37,7.22%,63.63,utb,参数二,"{""utb"": {""key_value"": 3, ""atr_period"": 14, ""use_ha"": false}, ""r&s"": {""srb_left"": 15, ""srb_right"": 15}, ""atr"": {""atr_length"": 14, ""atr_mult"": 1.0}}",,,,,,,HOWARD HUGHES HOLDINGS INC,1WK,,
2026-09-28 00:00:00,Short,DWAS,108.33,-1.39%,114.21,utb,参数二,"{""utb"": {""key_value"": 3, ""atr_period"": 14, ""use_ha"": false}, ""r&s"": {""srb_left"": 15, ""srb_right"": 15}, ""atr"": {""atr_length"": 14, ""atr_mult"": 1.0}}",,,,,,,INVESCO DORSEY WRIGHT SMALLC,1WK,,
2026-09-28 00:00:00,Short,BLND,1.04,-6.31%,1.37,sqz,参数二,"{""sqz"": {""bb_length"": 20, ""bb_mult"": 1.8, ""kc_length"": 20, ""kc_mult"": 1.5, ""min_sqz_bars"": 4}, ""r&s"": {""srb_left"": 15, ""srb_right"": 15}, ""atr"": {""atr_length"": 14, ""atr_mult"": 1.0}}",支撑释放,nan-0.53-2.08-2.79-1.17,低-高-高-低,nan%-293.19%-34.13%-57.89%,20.0,77.02,BLEND LABS INC-A,1WK,,
2026-09-28 00:00:00,Long,KNF,52.38,-4.03%,45.37,mfa,参数一,"{""mfa"": {""mfa_all"": 9}}",,,,,,,KNIFE RIVER CORP,1WK,,
2026-09-28 00:00:00,Long,KNF,52.38,-4.03%,45.37,mfa,参数二,"{""mfa"": {""mfa_all"": 9}}",,,,,,,KNIFE RIVER CORP,1WK,,
2026-09-28 00:00:00,Long,PNR,52.81,-1.58%,48.02,mfa,参数一,"{""mfa"": {""mfa_all"": 35}}",,,,,,,PENTAIR PLC,1WK,,
2026-09-28 00:00:00,Long,PNR,52.81,-1.58%,48.02,mfa,参数二,"{""mfa"": {""mfa_all"": 35}}",,,,,,,PENTAIR PLC,1WK,,
2026-09-28 00:00:00,Short,NPB,14.8,-3.71%,16.48,sqz,参数二,"{""sqz"": {""bb_length"": 20, ""bb_mult"": 1.8, ""kc_length"": 20, ""kc_mult"": 1.5, ""min_sqz_bars"": 4}, ""r&s"": {""srb_left"": 15, ""srb_right"": 15}, ""atr"": {""atr_length"": 14, ""atr_mult"": 1.0}}",支撑释放,nan-16.26,低,nan%,27.0,21.08,NORTHPOINTE BANCSHARES INC,1WK,,
2026-09-28 00:00:00,Long,AAPD,10.32,2.60%,9.37,suf,参数一,"{""suf"": {""timeframe"": ""w""}}",,,,,,,DIREXION DAILY AAPL BEAR 1X,1WK,200.0,-37.87
2026-09-28 00:00:00,Long,AAPD,10.32,2.60%,9.37,suf,参数二,"{""suf"": {""timeframe"": ""w""}}",,,,,,,DIREXION DAILY AAPL BEAR 1X,1WK,200.0,-37.87
2026-09-28 00:00:00,Short,MVRL,10.39,-2.50%,11.29,sqz,参数二,"{""sqz"": {""bb_length"": 20, ""bb_mult"": 1.8, ""kc_length"": 20, ""kc_mult"": 1.5, ""min_sqz_bars"": 4}, ""r&s"": {""srb_left"": 15, ""srb_right"": 15}, ""atr"": {""atr_length"": 14, ""atr_mult"": 1.0}}",支撑释放,nan-8.21-8.08-9.13-11.45,低-低-高-高,nan%-1.61%-13.01%-25.35%,28.0,22.5,ETRACS 150% MORTGAG REIT ETN,1WK,,
2026-09-28 00:00:00,Short,FSBC,42.45,-3.15%,46.24,utb,参数一,"{""utb"": {""key_value"": 2, ""atr_period"": 14, ""use_ha"": false}, ""r&s"": {""srb_left"": 10, ""srb_right"": 10}, ""atr"": {""atr_length"": 14, ""atr_mult"": 1.0}}",,,,,,,FIVE STAR BANCORP,1WK,,
2026-09-28 00:00:00,Short,BSCU,16.11,-0.46%,16.25,sqz,参数二,"{""sqz"": {""bb_length"": 20, ""bb_mult"": 1.8, ""kc_length"": 20, ""kc_mult"": 1.5, ""min_sqz_bars"": 4}, ""r&s"": {""srb_left"": 15, ""srb_right"": 15}, ""atr"": {""atr_length"": 14, ""atr_mult"": 1.0}}",支撑释放,nan-13.25-14.2-14.94-16.18,低-高-高-高,nan%-7.13%-5.19%-8.35%,27.0,1.98,INVESCO BULLETSHARES 2030 CB,1WK,,
2026-09-28 00:00:00,Long,MDU,18.55,-1.15%,17.4,mfa,参数一,"{""mfa"": {""mfa_all"": 4}}",,,,,,,MDU RESOURCES GROUP INC,1WK,,
2026-09-28 00:00:00,Long,MDU,18.55,-1.15%,17.4,mfa,参数二,"{""mfa"": {""mfa_all"": 4}}",,,,,,,MDU RESOURCES GROUP INC,1WK,,
2026-09-28 00:00:00,Short,ECPG,93.93,-4.55%,104.66,suf,参数一,"{""suf"": {""timeframe"": ""w""}}",,,,,,,ENCORE CAPITAL GROUP INC,1WK,200.0,77.62
2026-09-28 00:00:00,Short,ECPG,93.93,-4.55%,104.66,suf,参数二,"{""suf"": {""timeframe"": ""w""}}",,,,,,,ENCORE CAPITAL GROUP INC,1WK,200.0,77.62
2026-09-28 00:00:00,Short,OGE,44.92,0.25%,46.84,sqz,参数一,"{""sqz"": {""bb_length"": 15, ""bb_mult"": 1.5, ""kc_length"": 15, ""kc_mult"": 1.2, ""min_sqz_bars"": 4}, ""r&s"": {""srb_left"": 10, ""srb_right"": 10}, ""atr"": {""atr_length"": 14, ""atr_mult"": 1.0}}",支撑释放,28.99-38.96-41.67-40.98-45.23,高-高-低-高,34.38%-6.97%-1.66%-10.36%,17.0,11.86,OGE ENERGY CORP,1WK,,
2026-09-28 00:00:00,Long,WING,106.19,7.19%,76.82,mfa,参数一,"{""mfa"": {""mfa_all"": 30}}",,,,,,,WINGSTOP INC,1WK,,
2026-09-28 00:00:00,Long,WING,106.19,7.19%,76.82,suf,参数一,"{""suf"": {""timeframe"": ""w""}}",,,,,,,WINGSTOP INC,1WK,200.0,-57.28
2026-09-28 00:00:00,Long,WING,106.19,7.19%,76.82,mfa,参数二,"{""mfa"": {""mfa_all"": 30}}",,,,,,,WINGSTOP INC,1WK,,
2026-09-28 00:00:00,Long,WING,106.19,7.19%,76.82,suf,参数二,"{""suf"": {""timeframe"": ""w""}}",,,,,,,WINGSTOP INC,1WK,200.0,-57.28
2026-09-28 00:00:00,Long,WEC,102.43,0.97%,96.84,mfa,参数一,"{""mfa"": {""mfa_all"": 3}}",,,,,,,WEC ENERGY GROUP INC,1WK,,
2026-09-28 00:00:00,Long,WEC,102.43,0.97%,96.84,mfa,参数二,"{""mfa"": {""mfa_all"": 3}}",,,,,,,WEC ENERGY GROUP INC,1WK,,
2026-09-28 00:00:00,Long,EDBL,1.24,0.00%,-24.84,mfa,参数一,"{""mfa"": {""mfa_all"": 135}}",,,,,,,EDIBLE GARDEN AG INC,1WK,,
2026-09-28 00:00:00,Long,EDBL,1.24,0.00%,-24.84,mfa,参数二,"{""mfa"": {""mfa_all"": 135}}",,,,,,,EDIBLE GARDEN AG INC,1WK,,
2026-09-28 00:00:00,Short,SAUG,27.1,-0.84%,27.6,utb,参数二,"{""utb"": {""key_value"": 3, ""atr_period"": 14, ""use_ha"": false}, ""r&s"": {""srb_left"": 15, ""srb_right"": 15}, ""atr"": {""atr_length"": 14, ""atr_mult"": 1.0}}",,,,,,,FT VEST US SMALL CAP MODERAT,1WK,,
2026-09-28 00:00:00,Short,IBDV,21.12,-0.39%,21.31,sqz,参数一,"{""sqz"": {""bb_length"": 15, ""bb_mult"": 1.5, ""kc_length"": 15, ""kc_mult"": 1.2, ""min_sqz_bars"": 4}, ""r&s"": {""srb_left"": 10, ""srb_right"": 10}, ""atr"": {""atr_length"": 14, ""atr_mult"": 1.0}}",支撑释放,17.32-18.58-19.56-19.77-21.21,高-高-高-高,7.27%-5.26%-1.07%-7.29%,27.0,3.2,ISHARES IBONDS DEC 2030 CORP,1WK,,
2026-09-28 00:00:00,Short,GSG,35.37,-1.46%,37.68,suf,参数一,"{""suf"": {""timeframe"": ""w""}}",,,,,,,ISHARES S&P GSCI COMMODITY I,1WK,200.0,51.66
2026-09-28 00:00:00,Short,GSG,35.37,-1.46%,37.68,suf,参数二,"{""suf"": {""timeframe"": ""w""}}",,,,,,,ISHARES S&P GSCI COMMODITY I,1WK,200.0,51.66
2026-09-28 00:00:00,Short,BMEA,1.25,-5.30%,1.64,utb,参数二,"{""utb"": {""key_value"": 3, ""atr_period"": 14, ""use_ha"": false}, ""r&s"": {""srb_left"": 15, ""srb_right"": 15}, ""atr"": {""atr_length"": 14, ""atr_mult"": 1.0}}",,,,,,,BIOMEA FUSION INC,1WK,,
2026-09-28 00:00:00,Long,NHTC,1.03,14.44%,0.63,mfa,参数一,"{""mfa"": {""mfa_all"": 17}}",,,,,,,NATURAL HEALTH TRENDS CORP,1WK,,
2026-09-28 00:00:00,Long,NHTC,1.03,14.44%,0.63,mfa,参数二,"{""mfa"": {""mfa_all"": 17}}",,,,,,,NATURAL HEALTH TRENDS CORP,1WK,,
2026-09-28 00:00:00,Short,JPO,13.4,-2.20%,14.1,utb,参数一,"{""utb"": {""key_value"": 2, ""atr_period"": 14, ""use_ha"": false}, ""r&s"": {""srb_left"": 10, ""srb_right"": 10}, ""atr"": {""atr_length"": 14, ""atr_mult"": 1.0}}",,,,,,,YIELDMAX JP OPTION INCOME ST,1WK,,
2026-09-28 00:00:00,Short,PKW,143.12,-1.72%,148.38,utb,参数二,"{""utb"": {""key_value"": 3, ""atr_period"": 14, ""use_ha"": false}, ""r&s"": {""srb_left"": 15, ""srb_right"": 15}, ""atr"": {""atr_length"": 14, ""atr_mult"": 1.0}}",,,,,,,INVESCO BUYBACK ACHIEVERS ET,1WK,,
2026-09-28 00:00:00,Short,AAPL,332.03,-2.65%,359.75,suf,参数一,"{""suf"": {""timeframe"": ""w""}}",,,,,,,APPLE INC,1WK,200.0,52.05
2026-09-28 00:00:00,Short,AAPL,332.03,-2.65%,359.75,suf,参数二,"{""suf"": {""timeframe"": ""w""}}",,,,,,,APPLE INC,1WK,200.0,52.05
2026-09-28 00:00:00,Long,DTST,3.26,4.15%,2.68,mfa,参数一,"{""mfa"": {""mfa_all"": 31}}",,,,,,,DATA STORAGE CORP,1WK,,
2026-09-28 00:00:00,Long,DTST,3.26,4.15%,2.68,mfa,参数二,"{""mfa"": {""mfa_all"": 31}}",,,,,,,DATA STORAGE CORP,1WK,,
2026-09-28 00:00:00,Short,FXC,68.81,-0.39%,69.65,sqz,参数二,"{""sqz"": {""bb_length"": 20, ""bb_mult"": 1.8, ""kc_length"": 20, ""kc_mult"": 1.5, ""min_sqz_bars"": 4}, ""r&s"": {""srb_left"": 15, ""srb_right"": 15}, ""atr"": {""atr_length"": 14, ""atr_mult"": 1.0}}",一直释放,nan-68.29-69.27-66.19-69.01,低-高-低-高,nan%-1.45%-4.45%-4.26%,47.0,4.93,INVESCO CURRENCYSHARES CANAD,1WK,,
2026-09-28 00:00:00,Short,SPFF,9.09,-1.03%,9.42,utb,参数一,"{""utb"": {""key_value"": 2, ""atr_period"": 14, ""use_ha"": false}, ""r&s"": {""srb_left"": 10, ""srb_right"": 10}, ""atr"": {""atr_length"": 14, ""atr_mult"": 1.0}}",,,,,,,GLOBAL X SUPERINCOME PREFER,1WK,,
2026-09-28 00:00:00,Short,AN,156.54,-6.26%,183.13,sqz,参数二,"{""sqz"": {""bb_length"": 20, ""bb_mult"": 1.8, ""kc_length"": 20, ""kc_mult"": 1.5, ""min_sqz_bars"": 4}, ""r&s"": {""srb_left"": 15, ""srb_right"": 15}, ""atr"": {""atr_length"": 14, ""atr_mult"": 1.0}}",支撑释放,123.81-151.18-148.33-187.69-176.62,高-低-高-低,22.11%-1.89%-26.54%-5.90%,19.0,33.51,AUTONATION INC,1WK,,
2026-09-28 00:00:00,Short,NGG,74.39,-1.46%,78.96,sqz,参数二,"{""sqz"": {""bb_length"": 20, ""bb_mult"": 1.8, ""kc_length"": 20, ""kc_mult"": 1.5, ""min_sqz_bars"": 4}, ""r&s"": {""srb_left"": 15, ""srb_right"": 15}, ""atr"": {""atr_length"": 14, ""atr_mult"": 1.0}}",支撑释放,45.76-49.91-52.11-64.87-77.43,高-高-高-高,9.05%-4.41%-24.49%-19.38%,20.0,13.83,NATIONAL GRID PLC-SP ADR,1WK,,
2026-09-28 00:00:00,Short,USEA,2.56,-5.96%,2.95,utb,参数一,"{""utb"": {""key_value"": 2, ""atr_period"": 14, ""use_ha"": false}, ""r&s"": {""srb_left"": 10, ""srb_right"": 10}, ""atr"": {""atr_length"": 14, ""atr_mult"": 1.0}}",,,,,,,UNITED MARITIME CORP,1WK,,
2026-09-28 00:00:00,Short,HOS,7.86,-4.03%,9.13,utb,参数二,"{""utb"": {""key_value"": 3, ""atr_period"": 14, ""use_ha"": false}, ""r&s"": {""srb_left"": 15, ""srb_right"": 15}, ""atr"": {""atr_length"": 14, ""atr_mult"": 1.0}}",,,,,,,HORNBECK OFFSHORE SERVICES I,1WK,,
2026-09-28 00:00:00,Short,XLB,49.06,-1.50%,51.43,utb,参数一,"{""utb"": {""key_value"": 2, ""atr_period"": 14, ""use_ha"": false}, ""r&s"": {""srb_left"": 10, ""srb_right"": 10}, ""atr"": {""atr_length"": 14, ""atr_mult"": 1.0}}",,,,,,,SS MATERIALS SELECT SECTOR,1WK,,
2026-09-28 00:00:00,Long,OBAI,0.24,4.35%,-0.61,mfa,参数一,"{""mfa"": {""mfa_all"": 8}}",,,,,,,OUR BOND INC,1WK,,
2026-09-28 00:00:00,Long,OBAI,0.24,4.35%,-0.61,mfa,参数二,"{""mfa"": {""mfa_all"": 8}}",,,,,,,OUR BOND INC,1WK,,
2026-09-28 00:00:00,Short,PBAM,85.4,-0.99%,89.57,utb,参数一,"{""utb"": {""key_value"": 2, ""atr_period"": 14, ""use_ha"": false}, ""r&s"": {""srb_left"": 10, ""srb_right"": 10}, ""atr"": {""atr_length"": 14, ""atr_mult"": 1.0}}",,,,,,,PRIVATE BANCORP OF AMERICA I,1WK,,
2026-09-28 00:00:00,Long,CIRC,0.42,23.36%,-0.02,suf,参数一,"{""suf"": {""timeframe"": ""w""}}",,,,,,,CIRCLE8 GROUP INC,1WK,200.0,-93.67
2026-09-28 00:00:00,Long,CIRC,0.42,23.36%,-0.02,suf,参数二,"{""suf"": {""timeframe"": ""w""}}",,,,,,,CIRCLE8 GROUP INC,1WK,200.0,-93.67
2026-09-28 00:00:00,Short,FMDE,40.36,-1.18%,41.64,utb,参数一,"{""utb"": {""key_value"": 2, ""atr_period"": 14, ""use_ha"": false}, ""r&s"": {""srb_left"": 10, ""srb_right"": 10}, ""atr"": {""atr_length"": 14, ""atr_mult"": 1.0}}",,,,,,,FIDELITY ENHANCED MID CAP CO,1WK,,
2026-09-28 00:00:00,Long,LCTX,0.95,-7.72%,0.78,mfa,参数一,"{""mfa"": {""mfa_all"": 22}}",,,,,,,LINEAGE CELL THERAPEUTICS IN,1WK,,
2026-09-28 00:00:00,Long,LCTX,0.95,-7.72%,0.78,mfa,参数二,"{""mfa"": {""mfa_all"": 22}}",,,,,,,LINEAGE CELL THERAPEUTICS IN,1WK,,
2026-09-28 00:00:00,Short,PFFL,6.71,-2.75%,7.06,sqz,参数一,"{""sqz"": {""bb_length"": 15, ""bb_mult"": 1.5, ""kc_length"": 15, ""kc_mult"": 1.2, ""min_sqz_bars"": 4}, ""r&s"": {""srb_left"": 10, ""srb_right"": 10}, ""atr"": {""atr_length"": 14, ""atr_mult"": 1.0}}",支撑释放,5.55-6.85-6.46-7.2-7.02,高-低-高-低,23.38%-5.69%-11.41%-2.46%,28.0,12.56,ETRACS MON PAY 2XLEV PREFER,1WK,,
2026-09-28 00:00:00,Short,AVD,1.82,-2.94%,2.22,sqz,参数二,"{""sqz"": {""bb_length"": 20, ""bb_mult"": 1.8, ""kc_length"": 20, ""kc_mult"": 1.5, ""min_sqz_bars"": 4}, ""r&s"": {""srb_left"": 15, ""srb_right"": 15}, ""atr"": {""atr_length"": 14, ""atr_mult"": 1.0}}",支撑释放,8.34-4.95-3.28-3.29-2.05,低-低-高-低,40.64%-33.74%-0.30%-37.69%,26.0,65.85,AMERICAN VANGUARD CORP,1WK,,
2026-09-28 00:00:00,Long,SBB,23.85,0.97%,23.12,utb,参数二,"{""utb"": {""key_value"": 3, ""atr_period"": 14, ""use_ha"": false}, ""r&s"": {""srb_left"": 15, ""srb_right"": 15}, ""atr"": {""atr_length"": 14, ""atr_mult"": 1.0}}",,,,,,,PROSHARES SHORT SMALLCAP600,1WK,,
2026-09-28 00:00:00,Short,CLRB,1.91,6.11%,2.39,sqz,参数一,"{""sqz"": {""bb_length"": 15, ""bb_mult"": 1.5, ""kc_length"": 15, ""kc_mult"": 1.2, ""min_sqz_bars"": 4}, ""r&s"": {""srb_left"": 10, ""srb_right"": 10}, ""atr"": {""atr_length"": 14, ""atr_mult"": 1.0}}",支撑释放,39.0-54.6-6.6-2.45-2.2,高-低-低-低,40.00%-87.91%-62.88%-10.20%,15.0,40.0,CELLECTAR BIOSCIENCES INC,1WK,,
2026-09-28 00:00:00,Long,CLRB,1.91,6.11%,1.39,suf,参数一,"{""suf"": {""timeframe"": ""w""}}",,,,,,,CELLECTAR BIOSCIENCES INC,1WK,200.0,-95.08
2026-09-28 00:00:00,Long,CLRB,1.91,6.11%,1.39,suf,参数二,"{""suf"": {""timeframe"": ""w""}}",,,,,,,CELLECTAR BIOSCIENCES INC,1WK,200.0,-95.08
2026-09-28 00:00:00,Long,PZZA,20.27,3.68%,16.59,mfa,参数一,"{""mfa"": {""mfa_all"": 9}}",,,,,,,PAPA JOHN'S INTL INC,1WK,,
2026-09-28 00:00:00,Long,PZZA,20.27,3.68%,16.59,mfa,参数二,"{""mfa"": {""mfa_all"": 9}}",,,,,,,PAPA JOHN'S INTL INC,1WK,,
2026-09-28 00:00:00,Short,UPST,22.98,-3.51%,27.42,sqz,参数二,"{""sqz"": {""bb_length"": 20, ""bb_mult"": 1.8, ""kc_length"": 20, ""kc_mult"": 1.5, ""min_sqz_bars"": 4}, ""r&s"": {""srb_left"": 15, ""srb_right"": 15}, ""atr"": {""atr_length"": 14, ""atr_mult"": 1.0}}",支撑释放,11.93-19.84-20.6-31.4-23.97,高-高-高-低,66.30%-3.83%-52.43%-23.68%,26.0,53.97,UPSTART HOLDINGS INC,1WK,,
2026-09-28 00:00:00,Short,SCOW,21.85,-0.97%,22.37,utb,参数二,"{""utb"": {""key_value"": 3, ""atr_period"": 14, ""use_ha"": false}, ""r&s"": {""srb_left"": 15, ""srb_right"": 15}, ""atr"": {""atr_length"": 14, ""atr_mult"": 1.0}}",,,,,,,PCR S&P SC 600 Q FCF ARST,1WK,,
2026-09-28 00:00:00,Short,KROP,35.76,-1.35%,38.05,utb,参数一,"{""utb"": {""key_value"": 2, ""atr_period"": 14, ""use_ha"": false}, ""r&s"": {""srb_left"": 10, ""srb_right"": 10}, ""atr"": {""atr_length"": 14, ""atr_mult"": 1.0}}",,,,,,,GLOBAL X AGTECH & FOOD INNOV,1WK,,
2026-09-28 00:00:00,Short,TOTR,38.13,-0.83%,38.71,sqz,参数二,"{""sqz"": {""bb_length"": 20, ""bb_mult"": 1.8, ""kc_length"": 20, ""kc_mult"": 1.5, ""min_sqz_bars"": 4}, ""r&s"": {""srb_left"": 15, ""srb_right"": 15}, ""atr"": {""atr_length"": 14, ""atr_mult"": 1.0}}",支撑释放,nan-32.74-34.65-36.3-38.97,低-高-高-高,nan%-5.83%-4.78%-7.35%,27.0,2.52,T ROWE PRICE TOTAL RETURN ET,1WK,,
2026-09-28 00:00:00,Long,CSV,30.96,-3.07%,28.22,mfa,参数一,"{""mfa"": {""mfa_all"": 18}}",,,,,,,CARRIAGE SERVICES INC,1WK,,
2026-09-28 00:00:00,Long,CSV,30.96,-3.07%,28.22,mfa,参数二,"{""mfa"": {""mfa_all"": 18}}",,,,,,,CARRIAGE SERVICES INC,1WK,,
2026-09-28 00:00:00,Long,SQQQ,34.81,3.16%,29.05,suf,参数一,"{""suf"": {""timeframe"": ""w""}}",,,,,,,PROSHARES ULTRAPRO SHORT QQQ,1WK,200.0,-85.39
2026-09-28 00:00:00,Long,SQQQ,34.81,3.16%,29.05,suf,参数二,"{""suf"": {""timeframe"": ""w""}}",,,,,,,PROSHARES ULTRAPRO SHORT QQQ,1WK,200.0,-85.39
2026-09-28 00:00:00,Long,FLWS,2.62,-2.24%,2.06,mfa,参数一,"{""mfa"": {""mfa_all"": 3}}",,,,,,,1-800-FLOWERS.COM INC-CL A,1WK,,
2026-09-28 00:00:00,Long,FLWS,2.62,-2.24%,2.06,mfa,参数二,"{""mfa"": {""mfa_all"": 3}}",,,,,,,1-800-FLOWERS.COM INC-CL A,1WK,,
2026-09-28 00:00:00,Long,CSL,325.58,-0.24%,294.61,mfa,参数一,"{""mfa"": {""mfa_all"": 3}}",,,,,,,CARLISLE COS INC,1WK,,
2026-09-28 00:00:00,Long,CSL,325.58,-0.24%,294.61,mfa,参数二,"{""mfa"": {""mfa_all"": 3}}",,,,,,,CARLISLE COS INC,1WK,,
2026-09-28 00:00:00,Long,GXAI,0.56,-2.56%,0.35,mfa,参数一,"{""mfa"": {""mfa_all"": 10}}",,,,,,,GAXOS.AI INC,1WK,,
2026-09-28 00:00:00,Long,GXAI,0.56,-2.56%,0.35,mfa,参数二,"{""mfa"": {""mfa_all"": 10}}",,,,,,,GAXOS.AI INC,1WK,,
2026-09-28 00:00:00,Short,FNGS,82.28,-1.76%,86.32,suf,参数一,"{""suf"": {""timeframe"": ""w""}}",,,,,,,MICROSECTORS FANG+ ETNS,1WK,200.0,61.17
2026-09-28 00:00:00,Short,FNGS,82.28,-1.76%,86.32,suf,参数二,"{""suf"": {""timeframe"": ""w""}}",,,,,,,MICROSECTORS FANG+ ETNS,1WK,200.0,61.17
2026-09-28 00:00:00,Long,MIST,0.81,2.87%,0.58,mfa,参数一,"{""mfa"": {""mfa_all"": 4}}",,,,,,,MILESTONE PHARMACEUTICALS IN,1WK,,
2026-09-28 00:00:00,Long,MIST,0.81,2.87%,0.58,mfa,参数二,"{""mfa"": {""mfa_all"": 4}}",,,,,,,MILESTONE PHARMACEUTICALS IN,1WK,,
2026-09-28 00:00:00,Long,CPSO,28.33,0.04%,28.21,sqz,参数一,"{""sqz"": {""bb_length"": 15, ""bb_mult"": 1.5, ""kc_length"": 15, ""kc_mult"": 1.2, ""min_sqz_bars"": 4}, ""r&s"": {""srb_left"": 10, ""srb_right"": 10}, ""atr"": {""atr_length"": 14, ""atr_mult"": 1.0}}",一直释放,nan-25.8,低,nan%,84.0,3.64,CALAMOS S&P 500 ALT PROT OCT,1WK,,
2026-09-28 00:00:00,Short,DDM,62.03,-2.28%,66.19,utb,参数一,"{""utb"": {""key_value"": 2, ""atr_period"": 14, ""use_ha"": false}, ""r&s"": {""srb_left"": 10, ""srb_right"": 10}, ""atr"": {""atr_length"": 14, ""atr_mult"": 1.0}}",,,,,,,PROSHARES ULTRA DOW30,1WK,,
2026-09-28 00:00:00,Long,LGCL,2.77,-6.83%,-69.34,mfa,参数一,"{""mfa"": {""mfa_all"": 15}}",,,,,,,LUCAS GC LTD-A,1WK,,
2026-09-28 00:00:00,Long,LGCL,2.77,-6.83%,-69.34,mfa,参数二,"{""mfa"": {""mfa_all"": 15}}",,,,,,,LUCAS GC LTD-A,1WK,,
2026-09-28 00:00:00,Short,XSHQ,44.89,-1.54%,46.76,utb,参数二,"{""utb"": {""key_value"": 3, ""atr_period"": 14, ""use_ha"": false}, ""r&s"": {""srb_left"": 15, ""srb_right"": 15}, ""atr"": {""atr_length"": 14, ""atr_mult"": 1.0}}",,,,,,,INVESCO S&P SMALLCAP QUALITY,1WK,,
2026-09-28 00:00:00,Long,BTCZ,2.98,2.58%,2.19,mfa,参数一,"{""mfa"": {""mfa_all"": 6}}",,,,,,,T-REX 2X INVERSE BITCOIN DLY,1WK,,
2026-09-28 00:00:00,Long,BTCZ,2.98,2.58%,2.19,mfa,参数二,"{""mfa"": {""mfa_all"": 6}}",,,,,,,T-REX 2X INVERSE BITCOIN DLY,1WK,,
2026-09-28 00:00:00,Short,ATMP,34.48,-1.26%,36.07,utb,参数一,"{""utb"": {""key_value"": 2, ""atr_period"": 14, ""use_ha"": false}, ""r&s"": {""srb_left"": 10, ""srb_right"": 10}, ""atr"": {""atr_length"": 14, ""atr_mult"": 1.0}}",,,,,,,IPATH SELECT MLP ETN,1WK,,
2026-09-28 00:00:00,Short,STLN,6.41,-3.68%,7.53,suf,参数一,"{""suf"": {""timeframe"": ""w""}}",,,,,,,STARLING ONCOLOGY INC,1WK,200.0,202.61
2026-09-28 00:00:00,Short,STLN,6.41,-3.68%,7.53,suf,参数二,"{""suf"": {""timeframe"": ""w""}}",,,,,,,STARLING ONCOLOGY INC,1WK,200.0,202.61
2026-09-28 00:00:00,Long,ACIC,9.19,-2.29%,8.48,mfa,参数一,"{""mfa"": {""mfa_all"": 11}}",,,,,,,AMERICAN COASTAL INSURANCE C,1WK,,
2026-09-28 00:00:00,Short,ACIC,9.19,-2.29%,10.08,sqz,参数二,"{""sqz"": {""bb_length"": 20, ""bb_mult"": 1.8, ""kc_length"": 20, ""kc_mult"": 1.5, ""min_sqz_bars"": 4}, ""r&s"": {""srb_left"": 15, ""srb_right"": 15}, ""atr"": {""atr_length"": 14, ""atr_mult"": 1.0}}",一直亮红,nan-7.99-9.38,低-高,nan%-17.40%,61.0,36.7,AMERICAN COASTAL INSURANCE C,1WK,,
2026-09-28 00:00:00,Long,ACIC,9.19,-2.29%,8.48,mfa,参数二,"{""mfa"": {""mfa_all"": 11}}",,,,,,,AMERICAN COASTAL INSURANCE C,1WK,,
2026-09-28 00:00:00,Short,GVUS,64.15,-0.81%,65.36,utb,参数一,"{""utb"": {""key_value"": 2, ""atr_period"": 14, ""use_ha"": false}, ""r&s"": {""srb_left"": 10, ""srb_right"": 10}, ""atr"": {""atr_length"": 14, ""atr_mult"": 1.0}}",,,,,,,GOLDMAN SACHS MB R1000 VAL,1WK,,
2026-09-28 00:00:00,Long,AACG,0.82,-4.69%,0.62,mfa,参数一,"{""mfa"": {""mfa_all"": 3}}",,,,,,,ATA CREATIVITY GLOBAL - ADR,1WK,,
2026-09-28 00:00:00,Long,AACG,0.82,-4.69%,0.62,mfa,参数二,"{""mfa"": {""mfa_all"": 3}}",,,,,,,ATA CREATIVITY GLOBAL - ADR,1WK,,
2026-09-28 00:00:00,Long,FEBO,0.63,-8.49%,0.49,mfa,参数一,"{""mfa"": {""mfa_all"": 11}}",,,,,,,FENBO HOLDINGS LTD-CLASS A,1WK,,
2026-09-28 00:00:00,Long,FEBO,0.63,-8.49%,0.49,mfa,参数二,"{""mfa"": {""mfa_all"": 11}}",,,,,,,FENBO HOLDINGS LTD-CLASS A,1WK,,
2026-09-28 00:00:00,Short,PDBC,19.17,-1.72%,20.29,suf,参数一,"{""suf"": {""timeframe"": ""w""}}",,,,,,,INVESCO OPTIMUM YIELD DIVERS,1WK,200.0,41.65
2026-09-28 00:00:00,Short,PDBC,19.17,-1.72%,20.29,suf,参数二,"{""suf"": {""timeframe"": ""w""}}",,,,,,,INVESCO OPTIMUM YIELD DIVERS,1WK,200.0,41.65
2026-09-28 00:00:00,Short,GSC,61.64,-0.96%,64.26,utb,参数二,"{""utb"": {""key_value"": 3, ""atr_period"": 14, ""use_ha"": false}, ""r&s"": {""srb_left"": 15, ""srb_right"": 15}, ""atr"": {""atr_length"": 14, ""atr_mult"": 1.0}}",,,,,,,GOLDMAN SACHS SMALL CAP EQUI,1WK,,
2026-09-28 00:00:00,Short,TDSC,28.06,-1.04%,28.6,suf,参数一,"{""suf"": {""timeframe"": ""w""}}",,,,,,,EXCHANGE LISTED FUNDS TRUST,1WK,200.0,19.77
2026-09-28 00:00:00,Short,TDSC,28.06,-1.04%,28.6,suf,参数二,"{""suf"": {""timeframe"": ""w""}}",,,,,,,EXCHANGE LISTED FUNDS TRUST,1WK,200.0,19.77
2026-09-28 00:00:00,Short,ESNT,62.75,-1.54%,66.81,utb,参数一,"{""utb"": {""key_value"": 2, ""atr_period"": 14, ""use_ha"": false}, ""r&s"": {""srb_left"": 10, ""srb_right"": 10}, ""atr"": {""atr_length"": 14, ""atr_mult"": 1.0}}",,,,,,,ESSENT GROUP LTD,1WK,,
2026-09-28 00:00:00,Short,ZKIN,1.92,-18.09%,2.86,suf,参数一,"{""suf"": {""timeframe"": ""w""}}",,,,,,,ZK INTERNATIONAL GROUP CO LT,1WK,200.0,65.65
2026-09-28 00:00:00,Short,ZKIN,1.92,-18.09%,2.86,suf,参数二,"{""suf"": {""timeframe"": ""w""}}",,,,,,,ZK INTERNATIONAL GROUP CO LT,1WK,200.0,65.65
2026-09-28 00:00:00,Short,HMC,32.15,-2.35%,34.25,suf,参数一,"{""suf"": {""timeframe"": ""w""}}",,,,,,,HONDA MOTOR CO LTD-SPONS ADR,1WK,200.0,11.19
2026-09-28 00:00:00,Short,HMC,32.15,-2.35%,34.25,suf,参数二,"{""suf"": {""timeframe"": ""w""}}",,,,,,,HONDA MOTOR CO LTD-SPONS ADR,1WK,200.0,11.19
2026-09-28 00:00:00,Long,SLBT,1.83,16.60%,-0.04,mfa,参数一,"{""mfa"": {""mfa_all"": 36}}",,,,,,,SL SCIENCE HOLDING LTD,1WK,,
2026-09-28 00:00:00,Long,SLBT,1.83,16.60%,-0.04,mfa,参数二,"{""mfa"": {""mfa_all"": 36}}",,,,,,,SL SCIENCE HOLDING LTD,1WK,,
2026-09-28 00:00:00,Short,WEAT,25.04,-1.80%,26.58,utb,参数一,"{""utb"": {""key_value"": 2, ""atr_period"": 14, ""use_ha"": false}, ""r&s"": {""srb_left"": 10, ""srb_right"": 10}, ""atr"": {""atr_length"": 14, ""atr_mult"": 1.0}}",,,,,,,TEUCRIUM WHEAT FUND,1WK,,
2026-09-28 00:00:00,Short,SHRY,44.41,-1.35%,45.82,utb,参数二,"{""utb"": {""key_value"": 3, ""atr_period"": 14, ""use_ha"": false}, ""r&s"": {""srb_left"": 15, ""srb_right"": 15}, ""atr"": {""atr_length"": 14, ""atr_mult"": 1.0}}",,,,,,,FIRST TRUST SHAREHOLDER YLD,1WK,,
2026-09-28 00:00:00,Long,NCMI,2.26,-0.22%,1.76,mfa,参数一,"{""mfa"": {""mfa_all"": 51}}",,,,,,,NATIONAL CINEMEDIA INC,1WK,,
2026-09-28 00:00:00,Long,NCMI,2.26,-0.22%,1.76,mfa,参数二,"{""mfa"": {""mfa_all"": 51}}",,,,,,,NATIONAL CINEMEDIA INC,1WK,,
2026-09-28 00:00:00,Long,OFAL,0.51,1.02%,-0.58,mfa,参数一,"{""mfa"": {""mfa_all"": 42}}",,,,,,,OFA GROUP-A,1WK,,
2026-09-28 00:00:00,Long,OFAL,0.51,1.02%,-0.58,mfa,参数二,"{""mfa"": {""mfa_all"": 42}}",,,,,,,OFA GROUP-A,1WK,,
2026-09-28 00:00:00,Short,R,228.98,-2.80%,249.81,utb,参数二,"{""utb"": {""key_value"": 3, ""atr_period"": 14, ""use_ha"": false}, ""r&s"": {""srb_left"": 15, ""srb_right"": 15}, ""atr"": {""atr_length"": 14, ""atr_mult"": 1.0}}",,,,,,,RYDER SYSTEM INC,1WK,,
2026-09-28 00:00:00,Short,FDBC,54.84,-1.61%,58.7,suf,参数一,"{""suf"": {""timeframe"": ""w""}}",,,,,,,FIDELITY D&D BANCORP INC,1WK,200.0,24.46
2026-09-28 00:00:00,Short,FDBC,54.84,-1.61%,58.7,suf,参数二,"{""suf"": {""timeframe"": ""w""}}",,,,,,,FIDELITY D&D BANCORP INC,1WK,200.0,24.46
2026-09-28 00:00:00,Short,DGRO,75.89,-0.89%,77.88,utb,参数一,"{""utb"": {""key_value"": 2, ""atr_period"": 14, ""use_ha"": false}, ""r&s"": {""srb_left"": 10, ""srb_right"": 10}, ""atr"": {""atr_length"": 14, ""atr_mult"": 1.0}}",,,,,,,ISHARES CORE DIVIDEND GROWTH,1WK,,
2026-09-28 00:00:00,Long,NCLH,14.76,1.03%,12.37,mfa,参数一,"{""mfa"": {""mfa_all"": 4}}",,,,,,,NORWEGIAN CRUISE LINE HOLDIN,1WK,,
2026-09-28 00:00:00,Long,NCLH,14.76,1.03%,12.37,suf,参数一,"{""suf"": {""timeframe"": ""w""}}",,,,,,,NORWEGIAN CRUISE LINE HOLDIN,1WK,200.0,-22.95
2026-09-28 00:00:00,Long,NCLH,14.76,1.03%,12.37,mfa,参数二,"{""mfa"": {""mfa_all"": 4}}",,,,,,,NORWEGIAN CRUISE LINE HOLDIN,1WK,,
2026-09-28 00:00:00,Long,NCLH,14.76,1.03%,12.37,suf,参数二,"{""suf"": {""timeframe"": ""w""}}",,,,,,,NORWEGIAN CRUISE LINE HOLDIN,1WK,200.0,-22.95
2026-09-28 00:00:00,Short,OVM,20.15,-1.85%,20.65,sqz,参数一,"{""sqz"": {""bb_length"": 15, ""bb_mult"": 1.5, ""kc_length"": 15, ""kc_mult"": 1.2, ""min_sqz_bars"": 4}, ""r&s"": {""srb_left"": 10, ""srb_right"": 10}, ""atr"": {""atr_length"": 14, ""atr_mult"": 1.0}}",一直亮红,16.88-18.95-19.14-18.34-20.49,高-高-低-高,12.32%-0.99%-4.18%-11.69%,26.0,5.82,OVERLAY SHARES MUNICIPAL BON,1WK,,
2026-09-28 00:00:00,Short,ACSI,75.29,-1.80%,77.2,utb,参数一,"{""utb"": {""key_value"": 2, ""atr_period"": 14, ""use_ha"": false}, ""r&s"": {""srb_left"": 10, ""srb_right"": 10}, ""atr"": {""atr_length"": 14, ""atr_mult"": 1.0}}",,,,,,,AMERICAN CUSTOMER SATISFACTI,1WK,,
2026-09-28 00:00:00,Short,KBWD,11.16,-1.37%,11.73,sqz,参数二,"{""sqz"": {""bb_length"": 20, ""bb_mult"": 1.8, ""kc_length"": 20, ""kc_mult"": 1.5, ""min_sqz_bars"": 4}, ""r&s"": {""srb_left"": 15, ""srb_right"": 15}, ""atr"": {""atr_length"": 14, ""atr_mult"": 1.0}}",支撑释放,nan-8.8-9.06-9.83-11.28,低-高-高-高,nan%-2.98%-8.46%-14.71%,27.0,13.82,INVESCO KBW HIGH DIVIDEND YI,1WK,,
2026-09-28 00:00:00,Long,PATK,67.98,-0.74%,60.21,mfa,参数一,"{""mfa"": {""mfa_all"": 23}}",,,,,,,PATRICK INDUSTRIES INC,1WK,,
2026-09-28 00:00:00,Long,PATK,67.98,-0.74%,60.21,mfa,参数二,"{""mfa"": {""mfa_all"": 23}}",,,,,,,PATRICK INDUSTRIES INC,1WK,,
2026-09-28 00:00:00,Short,GIFT,0.61,-8.04%,0.85,sqz,参数一,"{""sqz"": {""bb_length"": 15, ""bb_mult"": 1.5, ""kc_length"": 15, ""kc_mult"": 1.2, ""min_sqz_bars"": 4}, ""r&s"": {""srb_left"": 10, ""srb_right"": 10}, ""atr"": {""atr_length"": 14, ""atr_mult"": 1.0}}",支撑释放,0.5-0.82-0.85-0.74-0.74,高-高-低-低,64.00%-3.66%-12.94%-0.14%,16.0,47.5,GIFTIFY INC,1WK,,
2026-09-28 00:00:00,Long,GIFT,0.61,-8.04%,0.44,mfa,参数一,"{""mfa"": {""mfa_all"": 31}}",,,,,,,GIFTIFY INC,1WK,,
2026-09-28 00:00:00,Long,GIFT,0.61,-8.04%,0.44,mfa,参数二,"{""mfa"": {""mfa_all"": 31}}",,,,,,,GIFTIFY INC,1WK,,
2026-09-28 00:00:00,Short,QQWZ,27.51,-1.56%,28.78,utb,参数一,"{""utb"": {""key_value"": 2, ""atr_period"": 14, ""use_ha"": false}, ""r&s"": {""srb_left"": 10, ""srb_right"": 10}, ""atr"": {""atr_length"": 14, ""atr_mult"": 1.0}}",,,,,,,PCR CSH COWZ 100N 100R,1WK,,
2026-09-28 00:00:00,Short,EMBJ,77.24,-1.77%,82.71,suf,参数一,"{""suf"": {""timeframe"": ""w""}}",,,,,,,EMBRAER SA-SPON ADR,1WK,200.0,101.3
2026-09-28 00:00:00,Short,EMBJ,77.24,-1.77%,82.71,suf,参数二,"{""suf"": {""timeframe"": ""w""}}",,,,,,,EMBRAER SA-SPON ADR,1WK,200.0,101.3
2026-09-28 00:00:00,Long,TEAD,0.5,13.45%,0.22,suf,参数一,"{""suf"": {""timeframe"": ""w""}}",,,,,,,TEADS HOLDING CO,1WK,200.0,-85.28
2026-09-28 00:00:00,Long,TEAD,0.5,13.45%,0.22,suf,参数二,"{""suf"": {""timeframe"": ""w""}}",,,,,,,TEADS HOLDING CO,1WK,200.0,-85.28
2026-09-28 00:00:00,Short,FCN,131.31,-2.22%,146.17,sqz,参数一,"{""sqz"": {""bb_length"": 15, ""bb_mult"": 1.5, ""kc_length"": 15, ""kc_mult"": 1.2, ""min_sqz_bars"": 4}, ""r&s"": {""srb_left"": 10, ""srb_right"": 10}, ""atr"": {""atr_length"": 14, ""atr_mult"": 1.0}}",支撑释放,185.93-151.75-149.31-153.36-137.65,低-低-高-低,18.38%-1.61%-2.71%-10.24%,14.0,27.13,FTI CONSULTING INC,1WK,,
2026-09-28 00:00:00,Short,KNSL,322.23,-2.50%,352.82,utb,参数一,"{""utb"": {""key_value"": 2, ""atr_period"": 14, ""use_ha"": false}, ""r&s"": {""srb_left"": 10, ""srb_right"": 10}, ""atr"": {""atr_length"": 14, ""atr_mult"": 1.0}}",,,,,,,KINSALE CAPITAL GROUP INC,1WK,,
2026-09-28 00:00:00,Short,FBIZ,68.83,-2.41%,73.62,suf,参数一,"{""suf"": {""timeframe"": ""w""}}",,,,,,,FIRST BUSINESS FINANCIAL SER,1WK,200.0,59.86
2026-09-28 00:00:00,Short,FBIZ,68.83,-2.41%,73.62,suf,参数二,"{""suf"": {""timeframe"": ""w""}}",,,,,,,FIRST BUSINESS FINANCIAL SER,1WK,200.0,59.86
2026-09-28 00:00:00,Long,ASTE,40.99,-0.70%,36.24,mfa,参数一,"{""mfa"": {""mfa_all"": 8}}",,,,,,,ASTEC INDUSTRIES INC,1WK,,
2026-09-28 00:00:00,Long,ASTE,40.99,-0.70%,36.24,mfa,参数二,"{""mfa"": {""mfa_all"": 8}}",,,,,,,ASTEC INDUSTRIES INC,1WK,,
2026-09-28 00:00:00,Short,BLCV,41.43,-1.64%,42.7,utb,参数一,"{""utb"": {""key_value"": 2, ""atr_period"": 14, ""use_ha"": false}, ""r&s"": {""srb_left"": 10, ""srb_right"": 10}, ""atr"": {""atr_length"": 14, ""atr_mult"": 1.0}}",,,,,,,ISHARES LARGE CAP VAL ACT,1WK,,
2026-09-28 00:00:00,Short,RSPE,33.47,-1.11%,34.5,utb,参数一,"{""utb"": {""key_value"": 2, ""atr_period"": 14, ""use_ha"": false}, ""r&s"": {""srb_left"": 10, ""srb_right"": 10}, ""atr"": {""atr_length"": 14, ""atr_mult"": 1.0}}",,,,,,,INVESCO ESG SP 500 EQ WEIGHT,1WK,,
2026-09-28 00:00:00,Short,FYLD,39.5,-1.99%,41.35,suf,参数一,"{""suf"": {""timeframe"": ""w""}}",,,,,,,CAMBRIA FOREIGN SHAREHOLDER,1WK,200.0,46.61
2026-09-28 00:00:00,Short,FYLD,39.5,-1.99%,41.35,suf,参数二,"{""suf"": {""timeframe"": ""w""}}",,,,,,,CAMBRIA FOREIGN SHAREHOLDER,1WK,200.0,46.61
2026-09-28 00:00:00,Short,XDSQ,44.69,-1.53%,45.93,suf,参数一,"{""suf"": {""timeframe"": ""w""}}",,,,,,,INNOVATOR US EQY ACCL-QUART,1WK,200.0,29.21
2026-09-28 00:00:00,Short,XDSQ,44.69,-1.53%,45.93,suf,参数二,"{""suf"": {""timeframe"": ""w""}}",,,,,,,INNOVATOR US EQY ACCL-QUART,1WK,200.0,29.21
2026-09-28 00:00:00,Short,CDLR,22.31,-5.13%,24.96,utb,参数一,"{""utb"": {""key_value"": 2, ""atr_period"": 14, ""use_ha"": false}, ""r&s"": {""srb_left"": 10, ""srb_right"": 10}, ""atr"": {""atr_length"": 14, ""atr_mult"": 1.0}}",,,,,,,CADELER A/S-ADR,1WK,,
2026-09-28 00:00:00,Long,EXC,40.31,-0.06%,38.14,mfa,参数一,"{""mfa"": {""mfa_all"": 3}}",,,,,,,EXELON CORP,1WK,,
2026-09-28 00:00:00,Long,EXC,40.31,-0.06%,38.14,mfa,参数二,"{""mfa"": {""mfa_all"": 3}}",,,,,,,EXELON CORP,1WK,,
2026-09-28 00:00:00,Long,CNSY,1.88,-5.28%,0.94,mfa,参数一,"{""mfa"": {""mfa_all"": 5}}",,,,,,,CERENOME INC,1WK,,
2026-09-28 00:00:00,Long,CNSY,1.88,-5.28%,0.94,mfa,参数二,"{""mfa"": {""mfa_all"": 5}}",,,,,,,CERENOME INC,1WK,,
2026-09-28 00:00:00,Short,IJJ,138.48,-1.43%,143.8,utb,参数二,"{""utb"": {""key_value"": 3, ""atr_period"": 14, ""use_ha"": false}, ""r&s"": {""srb_left"": 15, ""srb_right"": 15}, ""atr"": {""atr_length"": 14, ""atr_mult"": 1.0}}",,,,,,,ISHARES S&P MID-CAP 400 VALU,1WK,,
2026-09-28 00:00:00,Short,NKSH,42.18,-0.45%,45.26,suf,参数一,"{""suf"": {""timeframe"": ""w""}}",,,,,,,NATIONAL BANKSHARES INC/VA,1WK,200.0,44.97
2026-09-28 00:00:00,Short,NKSH,42.18,-0.45%,45.26,suf,参数二,"{""suf"": {""timeframe"": ""w""}}",,,,,,,NATIONAL BANKSHARES INC/VA,1WK,200.0,44.97
2026-09-28 00:00:00,Short,NESR,26.36,-17.94%,35.73,utb,参数一,"{""utb"": {""key_value"": 2, ""atr_period"": 14, ""use_ha"": false}, ""r&s"": {""srb_left"": 10, ""srb_right"": 10}, ""atr"": {""atr_length"": 14, ""atr_mult"": 1.0}}",,,,,,,NATIONAL ENERGY SERVICES REU,1WK,,
2026-09-28 00:00:00,Short,NESR,26.36,-17.94%,35.73,utb,参数二,"{""utb"": {""key_value"": 3, ""atr_period"": 14, ""use_ha"": false}, ""r&s"": {""srb_left"": 15, ""srb_right"": 15}, ""atr"": {""atr_length"": 14, ""atr_mult"": 1.0}}",,,,,,,NATIONAL ENERGY SERVICES REU,1WK,,
2026-09-28 00:00:00,Short,TCX,9.49,-4.86%,11.91,sqz,参数二,"{""sqz"": {""bb_length"": 20, ""bb_mult"": 1.8, ""kc_length"": 20, ""kc_mult"": 1.5, ""min_sqz_bars"": 4}, ""r&s"": {""srb_left"": 15, ""srb_right"": 15}, ""atr"": {""atr_length"": 14, ""atr_mult"": 1.0}}",一直释放,nan-16.03-15.65-17.2-13.27,低-低-高-低,nan%-2.37%-9.90%-22.85%,77.0,89.68,TUCOWS INC-CLASS A,1WK,,
2026-09-28 00:00:00,Short,OBE,10.35,-3.13%,12.36,utb,参数一,"{""utb"": {""key_value"": 2, ""atr_period"": 14, ""use_ha"": false}, ""r&s"": {""srb_left"": 10, ""srb_right"": 10}, ""atr"": {""atr_length"": 14, ""atr_mult"": 1.0}}",,,,,,,OBSIDIAN ENERGY LTD,1WK,,
2026-09-28 00:00:00,Short,IOCT,37.7,-1.36%,38.68,suf,参数一,"{""suf"": {""timeframe"": ""w""}}",,,,,,,INNOVATOR INT DEV POWER BUFF,1WK,200.0,23.39
2026-09-28 00:00:00,Short,IOCT,37.7,-1.36%,38.68,suf,参数二,"{""suf"": {""timeframe"": ""w""}}",,,,,,,INNOVATOR INT DEV POWER BUFF,1WK,200.0,23.39
2026-09-28 00:00:00,Short,IBTJ,21.2,-0.21%,21.31,sqz,参数一,"{""sqz"": {""bb_length"": 15, ""bb_mult"": 1.5, ""kc_length"": 15, ""kc_mult"": 1.2, ""min_sqz_bars"": 4}, ""r&s"": {""srb_left"": 10, ""srb_right"": 10}, ""atr"": {""atr_length"": 14, ""atr_mult"": 1.0}}",支撑释放,18.62-18.41-19.12-19.85-21.29,低-高-高-高,1.14%-3.86%-3.84%-7.24%,27.0,1.28,ISHARES IBONDS DEC 2029 TERM,1WK,,
2026-09-28 00:00:00,Long,GT,5.03,-1.95%,4.32,mfa,参数一,"{""mfa"": {""mfa_all"": 4}}",,,,,,,GOODYEAR TIRE & RUBBER CO,1WK,,
2026-09-28 00:00:00,Long,GT,5.03,-1.95%,4.32,mfa,参数二,"{""mfa"": {""mfa_all"": 4}}",,,,,,,GOODYEAR TIRE & RUBBER CO,1WK,,
2026-09-28 00:00:00,Long,GDXD,21.96,15.16%,7.33,suf,参数一,"{""suf"": {""timeframe"": ""w""}}",,,,,,,MICROSECTORS GOLD MINERS -3X,1WK,200.0,-99.56
2026-09-28 00:00:00,Long,GDXD,21.96,15.16%,7.33,suf,参数二,"{""suf"": {""timeframe"": ""w""}}",,,,,,,MICROSECTORS GOLD MINERS -3X,1WK,200.0,-99.56
2026-09-28 00:00:00,Short,GEOS,4.84,-2.96%,6.24,sqz,参数二,"{""sqz"": {""bb_length"": 20, ""bb_mult"": 1.8, ""kc_length"": 20, ""kc_mult"": 1.5, ""min_sqz_bars"": 4}, ""r&s"": {""srb_left"": 15, ""srb_right"": 15}, ""atr"": {""atr_length"": 14, ""atr_mult"": 1.0}}",一直释放,nan-8.09-5.51,低-低,nan%-31.89%,70.0,442.47,GEOSPACE TECHNOLOGIES CORP,1WK,,
2026-09-28 00:00:00,Long,MYMI,23.82,0.02%,23.72,mfa,参数一,"{""mfa"": {""mfa_all"": 4}}",,,,,,,STATE STREET MY2029 MUNICIPA,1WK,,
2026-09-28 00:00:00,Long,MYMI,23.82,0.02%,23.72,mfa,参数二,"{""mfa"": {""mfa_all"": 4}}",,,,,,,STATE STREET MY2029 MUNICIPA,1WK,,
2026-09-28 00:00:00,Short,FTRB,24.0,-0.75%,24.37,sqz,参数二,"{""sqz"": {""bb_length"": 20, ""bb_mult"": 1.8, ""kc_length"": 20, ""kc_mult"": 1.5, ""min_sqz_bars"": 4}, ""r&s"": {""srb_left"": 15, ""srb_right"": 15}, ""atr"": {""atr_length"": 14, ""atr_mult"": 1.0}}",支撑释放,nan-21.85-22.63-24.43,低-高-高,nan%-3.56%-7.93%,19.0,2.79,FED HERMES TTL RTRN BND,1WK,,
2026-09-28 00:00:00,Short,SWAG,1.43,-8.33%,1.77,sqz,参数二,"{""sqz"": {""bb_length"": 20, ""bb_mult"": 1.8, ""kc_length"": 20, ""kc_mult"": 1.5, ""min_sqz_bars"": 4}, ""r&s"": {""srb_left"": 15, ""srb_right"": 15}, ""atr"": {""atr_length"": 14, ""atr_mult"": 1.0}}",一直亮红,1.02-0.91-0.73-1.5,低-低-高,10.78%-19.56%-104.92%,22.0,57.07,STRAN & CO INC,1WK,,
2026-09-28 00:00:00,Long,DOG,22.15,1.28%,21.4,utb,参数一,"{""utb"": {""key_value"": 2, ""atr_period"": 14, ""use_ha"": false}, ""r&s"": {""srb_left"": 10, ""srb_right"": 10}, ""atr"": {""atr_length"": 14, ""atr_mult"": 1.0}}",,,,,,,PROSHARES SHORT DOW30,1WK,,
2026-09-28 00:00:00,Short,TMP,96.78,-2.80%,104.23,suf,参数一,"{""suf"": {""timeframe"": ""w""}}",,,,,,,TOMPKINS FINANCIAL CORP,1WK,200.0,55.49
2026-09-28 00:00:00,Short,TMP,96.78,-2.80%,104.23,suf,参数二,"{""suf"": {""timeframe"": ""w""}}",,,,,,,TOMPKINS FINANCIAL CORP,1WK,200.0,55.49
2026-09-28 00:00:00,Short,PALC,53.87,-1.72%,56.04,utb,参数二,"{""utb"": {""key_value"": 3, ""atr_period"": 14, ""use_ha"": false}, ""r&s"": {""srb_left"": 15, ""srb_right"": 15}, ""atr"": {""atr_length"": 14, ""atr_mult"": 1.0}}",,,,,,,PACER LUNT LRG CAP MULTI-FAC,1WK,,
2026-09-28 00:00:00,Short,GRAB,3.12,-0.48%,3.52,sqz,参数二,"{""sqz"": {""bb_length"": 20, ""bb_mult"": 1.8, ""kc_length"": 20, ""kc_mult"": 1.5, ""min_sqz_bars"": 4}, ""r&s"": {""srb_left"": 15, ""srb_right"": 15}, ""atr"": {""atr_length"": 14, ""atr_mult"": 1.0}}",支撑释放,nan-2.65-2.9-2.98-3.36,低-高-高-高,nan%-9.43%-2.76%-12.75%,77.0,97.02,GRAB HOLDINGS LTD - CL A,1WK,,
2026-09-28 00:00:00,Short,PAYO,7.15,-0.28%,7.43,suf,参数一,"{""suf"": {""timeframe"": ""w""}}",,,,,,,PAYONEER GLOBAL INC,1WK,200.0,13.41
2026-09-28 00:00:00,Short,PAYO,7.15,-0.28%,7.43,suf,参数二,"{""suf"": {""timeframe"": ""w""}}",,,,,,,PAYONEER GLOBAL INC,1WK,200.0,13.41
2026-09-28 00:00:00,Short,KJUL,32.87,-0.90%,33.52,utb,参数二,"{""utb"": {""key_value"": 3, ""atr_period"": 14, ""use_ha"": false}, ""r&s"": {""srb_left"": 15, ""srb_right"": 15}, ""atr"": {""atr_length"": 14, ""atr_mult"": 1.0}}",,,,,,,INNOVATOR U.S. SMALL CAP POW,1WK,,
2026-09-28 00:00:00,Short,VYMI,101.24,-1.72%,105.35,utb,参数一,"{""utb"": {""key_value"": 2, ""atr_period"": 14, ""use_ha"": false}, ""r&s"": {""srb_left"": 10, ""srb_right"": 10}, ""atr"": {""atr_length"": 14, ""atr_mult"": 1.0}}",,,,,,,VANGUARD INT HIGH DVD YLD IN,1WK,,
2026-09-28 00:00:00,Short,LSAF,53.2,-1.46%,54.93,utb,参数一,"{""utb"": {""key_value"": 2, ""atr_period"": 14, ""use_ha"": false}, ""r&s"": {""srb_left"": 10, ""srb_right"": 10}, ""atr"": {""atr_length"": 14, ""atr_mult"": 1.0}}",,,,,,,LEADERSHARES ALPHAFACTOR US,1WK,,
2026-09-28 00:00:00,Short,UBS,48.51,-2.33%,51.59,utb,参数二,"{""utb"": {""key_value"": 3, ""atr_period"": 14, ""use_ha"": false}, ""r&s"": {""srb_left"": 15, ""srb_right"": 15}, ""atr"": {""atr_length"": 14, ""atr_mult"": 1.0}}",,,,,,,UBS GROUP AG-REG,1WK,,
2026-09-28 00:00:00,Short,URSP,46.52,-1.94%,49.35,utb,参数二,"{""utb"": {""key_value"": 3, ""atr_period"": 14, ""use_ha"": false}, ""r&s"": {""srb_left"": 15, ""srb_right"": 15}, ""atr"": {""atr_length"": 14, ""atr_mult"": 1.0}}",,,,,,,PROSHARES ULTRA S&P EQL WGHT,1WK,,
2026-09-28 00:00:00,Long,CAPR,8.55,2.27%,4.81,suf,参数一,"{""suf"": {""timeframe"": ""w""}}",,,,,,,CAPRICOR THERAPEUTICS INC,1WK,200.0,-20.21
2026-09-28 00:00:00,Long,CAPR,8.55,2.27%,4.81,suf,参数二,"{""suf"": {""timeframe"": ""w""}}",,,,,,,CAPRICOR THERAPEUTICS INC,1WK,200.0,-20.21
2026-09-28 00:00:00,Short,GEO,30.53,-2.19%,33.87,suf,参数一,"{""suf"": {""timeframe"": ""w""}}",,,,,,,GEO GROUP INC/THE,1WK,200.0,75.22
2026-09-28 00:00:00,Short,GEO,30.53,-2.19%,33.87,suf,参数二,"{""suf"": {""timeframe"": ""w""}}",,,,,,,GEO GROUP INC/THE,1WK,200.0,75.22
2026-09-28 00:00:00,Short,MFSV,28.18,-0.95%,28.87,utb,参数二,"{""utb"": {""key_value"": 3, ""atr_period"": 14, ""use_ha"": false}, ""r&s"": {""srb_left"": 15, ""srb_right"": 15}, ""atr"": {""atr_length"": 14, ""atr_mult"": 1.0}}",,,,,,,MFS ACTIVE VALUE,1WK,,
2026-09-28 00:00:00,Short,BCI,25.81,-1.94%,26.99,suf,参数一,"{""suf"": {""timeframe"": ""w""}}",,,,,,,ABRDN BLOOMBERG ALL COMMODIT,1WK,200.0,39.78
2026-09-28 00:00:00,Short,BCI,25.81,-1.94%,26.99,suf,参数二,"{""suf"": {""timeframe"": ""w""}}",,,,,,,ABRDN BLOOMBERG ALL COMMODIT,1WK,200.0,39.78
2026-09-28 00:00:00,Short,XJR,48.34,-1.41%,51.68,utb,参数二,"{""utb"": {""key_value"": 3, ""atr_period"": 14, ""use_ha"": false}, ""r&s"": {""srb_left"": 15, ""srb_right"": 15}, ""atr"": {""atr_length"": 14, ""atr_mult"": 1.0}}",,,,,,,ISHR ESG SS S&P SMAL-CAP-USD,1WK,,
2026-09-28 00:00:00,Long,SMN,21.51,3.21%,19.78,utb,参数一,"{""utb"": {""key_value"": 2, ""atr_period"": 14, ""use_ha"": false}, ""r&s"": {""srb_left"": 10, ""srb_right"": 10}, ""atr"": {""atr_length"": 14, ""atr_mult"": 1.0}}",,,,,,,PROSHARES ULTRASHORT MATERIA,1WK,,
2026-09-28 00:00:00,Short,IWD,248.7,-1.28%,255.84,suf,参数一,"{""suf"": {""timeframe"": ""w""}}",,,,,,,ISHARES RUSSELL 1000 VALUE E,1WK,200.0,36.51
2026-09-28 00:00:00,Short,IWD,248.7,-1.28%,255.84,suf,参数二,"{""suf"": {""timeframe"": ""w""}}",,,,,,,ISHARES RUSSELL 1000 VALUE E,1WK,200.0,36.51
2026-09-28 00:00:00,Short,KAI,269.35,-1.66%,302.0,sqz,参数二,"{""sqz"": {""bb_length"": 20, ""bb_mult"": 1.8, ""kc_length"": 20, ""kc_mult"": 1.5, ""min_sqz_bars"": 4}, ""r&s"": {""srb_left"": 15, ""srb_right"": 15}, ""atr"": {""atr_length"": 14, ""atr_mult"": 1.0}}",支撑释放,nan-247.09-279.73-244.03-277.9,低-高-低-高,nan%-13.21%-12.76%-13.88%,22.0,26.78,KADANT INC,1WK,,
2026-09-28 00:00:00,Long,NTWK,5.55,13.37%,4.03,sqz,参数一,"{""sqz"": {""bb_length"": 15, ""bb_mult"": 1.5, ""kc_length"": 15, ""kc_mult"": 1.2, ""min_sqz_bars"": 4}, ""r&s"": {""srb_left"": 10, ""srb_right"": 10}, ""atr"": {""atr_length"": 14, ""atr_mult"": 1.0}}",压力释放,3.1-3.34-5.75-4.1-4.82,高-高-低-高,7.74%-72.16%-28.70%-17.56%,14.0,20.5,NETSOL TECHNOLOGIES INC,1WK,,
2026-09-28 00:00:00,Long,ARAY,0.29,29.82%,0.17,mfa,参数一,"{""mfa"": {""mfa_all"": 48}}",,,,,,,ACCURAY INC,1WK,,
2026-09-28 00:00:00,Long,ARAY,0.29,29.82%,0.17,suf,参数一,"{""suf"": {""timeframe"": ""w""}}",,,,,,,ACCURAY INC,1WK,200.0,-84.7
2026-09-28 00:00:00,Long,ARAY,0.29,29.82%,0.17,mfa,参数二,"{""mfa"": {""mfa_all"": 48}}",,,,,,,ACCURAY INC,1WK,,
2026-09-28 00:00:00,Long,ARAY,0.29,29.82%,0.17,suf,参数二,"{""suf"": {""timeframe"": ""w""}}",,,,,,,ACCURAY INC,1WK,200.0,-84.7
2026-09-28 00:00:00,Short,VSDA,56.4,-1.00%,58.09,utb,参数二,"{""utb"": {""key_value"": 3, ""atr_period"": 14, ""use_ha"": false}, ""r&s"": {""srb_left"": 15, ""srb_right"": 15}, ""atr"": {""atr_length"": 14, ""atr_mult"": 1.0}}",,,,,,,VICTORYSHARES DIVIDEND ACCEL,1WK,,
2026-09-28 00:00:00,Long,COST,924.39,0.18%,872.57,mfa,参数一,"{""mfa"": {""mfa_all"": 4}}",,,,,,,COSTCO WHOLESALE CORP,1WK,,
2026-09-28 00:00:00,Long,COST,924.39,0.18%,872.57,mfa,参数二,"{""mfa"": {""mfa_all"": 4}}",,,,,,,COSTCO WHOLESALE CORP,1WK,,
2026-09-28 00:00:00,Short,FSGS,31.47,-1.80%,32.64,utb,参数二,"{""utb"": {""key_value"": 3, ""atr_period"": 14, ""use_ha"": false}, ""r&s"": {""srb_left"": 15, ""srb_right"": 15}, ""atr"": {""atr_length"": 14, ""atr_mult"": 1.0}}",,,,,,,FIRST TRUST SMID GROWTH STRE,1WK,,
2026-09-28 00:00:00,Short,SIGI,84.15,-2.29%,89.95,utb,参数二,"{""utb"": {""key_value"": 3, ""atr_period"": 14, ""use_ha"": false}, ""r&s"": {""srb_left"": 15, ""srb_right"": 15}, ""atr"": {""atr_length"": 14, ""atr_mult"": 1.0}}",,,,,,,SELECTIVE INSURANCE GROUP,1WK,,
2026-09-28 00:00:00,Long,BKYI,2.97,65.92%,0.53,mfa,参数一,"{""mfa"": {""mfa_all"": 48}}",,,,,,,BIO-KEY INTERNATIONAL INC,1WK,,
2026-09-28 00:00:00,Long,BKYI,2.97,65.92%,0.53,suf,参数一,"{""suf"": {""timeframe"": ""w""}}",,,,,,,BIO-KEY INTERNATIONAL INC,1WK,200.0,-92.1
2026-09-28 00:00:00,Long,BKYI,2.97,65.92%,0.53,mfa,参数二,"{""mfa"": {""mfa_all"": 48}}",,,,,,,BIO-KEY INTERNATIONAL INC,1WK,,
2026-09-28 00:00:00,Long,BKYI,2.97,65.92%,0.53,suf,参数二,"{""suf"": {""timeframe"": ""w""}}",,,,,,,BIO-KEY INTERNATIONAL INC,1WK,200.0,-92.1
2026-09-28 00:00:00,Long,KPRO,26.4,0.04%,26.13,mfa,参数一,"{""mfa"": {""mfa_all"": 31}}",,,,,,,KRANESHARES 100% KWEB DEFINE,1WK,,
2026-09-28 00:00:00,Long,KPRO,26.4,0.04%,26.13,mfa,参数二,"{""mfa"": {""mfa_all"": 31}}",,,,,,,KRANESHARES 100% KWEB DEFINE,1WK,,
2026-09-28 00:00:00,Short,FDSB,17.5,-1.41%,18.28,utb,参数一,"{""utb"": {""key_value"": 2, ""atr_period"": 14, ""use_ha"": false}, ""r&s"": {""srb_left"": 10, ""srb_right"": 10}, ""atr"": {""atr_length"": 14, ""atr_mult"": 1.0}}",,,,,,,FIFTH DISTRICT BANCORP INC,1WK,,
2026-09-28 00:00:00,Long,ONMD,5.82,795.23%,0.05,sqz,参数一,"{""sqz"": {""bb_length"": 15, ""bb_mult"": 1.5, ""kc_length"": 15, ""kc_mult"": 1.2, ""min_sqz_bars"": 4}, ""r&s"": {""srb_left"": 10, ""srb_right"": 10}, ""atr"": {""atr_length"": 14, ""atr_mult"": 1.0}}",压力释放,nan-13.51-3.37-1.56-4.22,低-低-低-高,nan%-75.06%-53.71%-170.51%,51.0,761.22,ONEMEDNET CORP,1WK,,
2026-09-28 00:00:00,Short,SCHV,33.45,-1.06%,34.46,utb,参数一,"{""utb"": {""key_value"": 2, ""atr_period"": 14, ""use_ha"": false}, ""r&s"": {""srb_left"": 10, ""srb_right"": 10}, ""atr"": {""atr_length"": 14, ""atr_mult"": 1.0}}",,,,,,,SCHWAB US LARGE-CAP VALUE,1WK,,
2026-09-28 00:00:00,Short,SDVY,40.76,-1.34%,42.34,utb,参数二,"{""utb"": {""key_value"": 3, ""atr_period"": 14, ""use_ha"": false}, ""r&s"": {""srb_left"": 15, ""srb_right"": 15}, ""atr"": {""atr_length"": 14, ""atr_mult"": 1.0}}",,,,,,,FIRST TRUST SMID CAP RISING,1WK,,
2026-09-28 00:00:00,Long,QTI,2.55,3.88%,1.59,mfa,参数一,"{""mfa"": {""mfa_all"": 18}}",,,,,,,QT IMAGING HOLDINGS INC,1WK,,
2026-09-28 00:00:00,Long,QTI,2.55,3.88%,1.59,mfa,参数二,"{""mfa"": {""mfa_all"": 18}}",,,,,,,QT IMAGING HOLDINGS INC,1WK,,
2026-09-28 00:00:00,Long,NMRA,0.69,1.08%,0.34,mfa,参数一,"{""mfa"": {""mfa_all"": 3}}",,,,,,,NEUMORA THERAPEUTICS INC,1WK,,
2026-09-28 00:00:00,Long,NMRA,0.69,1.08%,0.34,mfa,参数二,"{""mfa"": {""mfa_all"": 3}}",,,,,,,NEUMORA THERAPEUTICS INC,1WK,,
2026-09-28 00:00:00,Short,SIXA,57.02,-1.29%,58.4,suf,参数一,"{""suf"": {""timeframe"": ""w""}}",,,,,,,ETC 6 MERIDIAN MEGA CAP EQUI,1WK,200.0,34.33
2026-09-28 00:00:00,Short,SIXA,57.02,-1.29%,58.4,suf,参数二,"{""suf"": {""timeframe"": ""w""}}",,,,,,,ETC 6 MERIDIAN MEGA CAP EQUI,1WK,200.0,34.33
2026-09-28 00:00:00,Short,THRO,44.0,-1.03%,45.43,suf,参数一,"{""suf"": {""timeframe"": ""w""}}",,,,,,,ISHARES U.S. THEMATIC ROTATI,1WK,200.0,39.3
2026-09-28 00:00:00,Short,THRO,44.0,-1.03%,45.43,suf,参数二,"{""suf"": {""timeframe"": ""w""}}",,,,,,,ISHARES U.S. THEMATIC ROTATI,1WK,200.0,39.3
2026-09-28 00:00:00,Long,SBIT,30.71,2.09%,22.76,mfa,参数一,"{""mfa"": {""mfa_all"": 5}}",,,,,,,PROSHARES ULTRASHORT BITCOIN,1WK,,
2026-09-28 00:00:00,Long,SBIT,30.71,2.09%,22.76,mfa,参数二,"{""mfa"": {""mfa_all"": 5}}",,,,,,,PROSHARES ULTRASHORT BITCOIN,1WK,,
2026-09-28 00:00:00,Short,QBIF,26.15,-0.98%,26.52,utb,参数一,"{""utb"": {""key_value"": 2, ""atr_period"": 14, ""use_ha"": false}, ""r&s"": {""srb_left"": 10, ""srb_right"": 10}, ""atr"": {""atr_length"": 14, ""atr_mult"": 1.0}}",,,,,,,ALLIANZIM INTL EQ BUFFER15,1WK,,
2026-09-28 00:00:00,Long,USL,56.85,0.97%,53.6,sqz,参数一,"{""sqz"": {""bb_length"": 15, ""bb_mult"": 1.5, ""kc_length"": 15, ""kc_mult"": 1.2, ""min_sqz_bars"": 4}, ""r&s"": {""srb_left"": 10, ""srb_right"": 10}, ""atr"": {""atr_length"": 14, ""atr_mult"": 1.0}}",一直亮绿,41.75-39.89-40.55-39.3-56.75,低-高-低-高,4.46%-1.65%-3.08%-44.40%,19.0,27.56,UNITED STATES 12 MONTH OIL,1WK,,
2026-09-28 00:00:00,Long,PKB,91.43,-1.27%,86.69,mfa,参数一,"{""mfa"": {""mfa_all"": 4}}",,,,,,,INVESCO BUILDING & CONSTRUCT,1WK,,
2026-09-28 00:00:00,Long,PKB,91.43,-1.27%,86.69,mfa,参数二,"{""mfa"": {""mfa_all"": 4}}",,,,,,,INVESCO BUILDING & CONSTRUCT,1WK,,
2026-09-28 00:00:00,Short,APYX,2.5,-15.54%,3.48,sqz,参数一,"{""sqz"": {""bb_length"": 15, ""bb_mult"": 1.5, ""kc_length"": 15, ""kc_mult"": 1.2, ""min_sqz_bars"": 4}, ""r&s"": {""srb_left"": 10, ""srb_right"": 10}, ""atr"": {""atr_length"": 14, ""atr_mult"": 1.0}}",一直亮红,1.41-1.21-0.97-0.75-2.76,低-低-低-高,14.18%-20.08%-21.92%-265.56%,21.0,84.06,APYX MEDICAL CORP,1WK,,
2026-09-28 00:00:00,Short,APYX,2.5,-15.54%,3.48,sqz,参数二,"{""sqz"": {""bb_length"": 20, ""bb_mult"": 1.8, ""kc_length"": 20, ""kc_mult"": 1.5, ""min_sqz_bars"": 4}, ""r&s"": {""srb_left"": 15, ""srb_right"": 15}, ""atr"": {""atr_length"": 14, ""atr_mult"": 1.0}}",一直亮红,nan-1.41-0.97-0.75-2.76,低-低-低-高,nan%-31.42%-21.92%-265.56%,21.0,84.06,APYX MEDICAL CORP,1WK,,
2026-09-28 00:00:00,Short,ISTB,47.17,-0.29%,47.45,sqz,参数一,"{""sqz"": {""bb_length"": 15, ""bb_mult"": 1.5, ""kc_length"": 15, ""kc_mult"": 1.2, ""min_sqz_bars"": 4}, ""r&s"": {""srb_left"": 10, ""srb_right"": 10}, ""atr"": {""atr_length"": 14, ""atr_mult"": 1.0}}",支撑释放,40.79-40.47-42.37-44.21-47.19,低-高-高-高,0.79%-4.70%-4.33%-6.74%,27.0,1.72,ISHARES CORE 1-5 YEAR USD BO,1WK,,
2026-09-28 00:00:00,Short,BCD,38.45,-1.31%,39.67,suf,参数一,"{""suf"": {""timeframe"": ""w""}}",,,,,,,ABRDN BLOOMBERG ALL COMMODIT,1WK,200.0,33.59
2026-09-28 00:00:00,Short,BCD,38.45,-1.31%,39.67,suf,参数二,"{""suf"": {""timeframe"": ""w""}}",,,,,,,ABRDN BLOOMBERG ALL COMMODIT,1WK,200.0,33.59
2026-09-28 00:00:00,Long,SLXN,0.31,20.65%,-1.64,mfa,参数一,"{""mfa"": {""mfa_all"": 62}}",,,,,,,SILEXION THERAPEUTICS CORP,1WK,,
2026-09-28 00:00:00,Long,SLXN,0.31,20.65%,-1.64,mfa,参数二,"{""mfa"": {""mfa_all"": 62}}",,,,,,,SILEXION THERAPEUTICS CORP,1WK,,
2026-09-28 00:00:00,Short,OUSM,46.19,-1.20%,47.8,utb,参数二,"{""utb"": {""key_value"": 3, ""atr_period"": 14, ""use_ha"": false}, ""r&s"": {""srb_left"": 15, ""srb_right"": 15}, ""atr"": {""atr_length"": 14, ""atr_mult"": 1.0}}",,,,,,,ALPS OSHARES US SMALL-CAP QU,1WK,,
2026-09-28 00:00:00,Short,DOC,20.0,-1.50%,21.29,utb,参数一,"{""utb"": {""key_value"": 2, ""atr_period"": 14, ""use_ha"": false}, ""r&s"": {""srb_left"": 10, ""srb_right"": 10}, ""atr"": {""atr_length"": 14, ""atr_mult"": 1.0}}",,,,,,,HEALTHPEAK PROPERTIES INC,1WK,,
2026-09-28 00:00:00,Long,SAMG,10.49,1.84%,9.22,mfa,参数一,"{""mfa"": {""mfa_all"": 26}}",,,,,,,SILVERCREST ASSET MANAGEME-A,1WK,,
2026-09-28 00:00:00,Long,SAMG,10.49,1.84%,9.22,mfa,参数二,"{""mfa"": {""mfa_all"": 26}}",,,,,,,SILVERCREST ASSET MANAGEME-A,1WK,,
2026-09-28 00:00:00,Long,SSM,1.08,-3.54%,0.04,mfa,参数一,"{""mfa"": {""mfa_all"": 22}}",,,,,,,SONO GROUP NV,1WK,,
2026-09-28 00:00:00,Long,SSM,1.08,-3.54%,0.04,mfa,参数二,"{""mfa"": {""mfa_all"": 22}}",,,,,,,SONO GROUP NV,1WK,,
2026-09-28 00:00:00,Long,MYY,16.02,1.33%,15.52,utb,参数二,"{""utb"": {""key_value"": 3, ""atr_period"": 14, ""use_ha"": false}, ""r&s"": {""srb_left"": 15, ""srb_right"": 15}, ""atr"": {""atr_length"": 14, ""atr_mult"": 1.0}}",,,,,,,PROSHARES SHORT MIDCAP 400,1WK,,
2026-09-28 00:00:00,Short,IUS,67.97,-1.11%,69.77,suf,参数一,"{""suf"": {""timeframe"": ""w""}}",,,,,,,INVESCO RAFI STRATEGIC US ET,1WK,200.0,40.23
2026-09-28 00:00:00,Short,IUS,67.97,-1.11%,69.77,suf,参数二,"{""suf"": {""timeframe"": ""w""}}",,,,,,,INVESCO RAFI STRATEGIC US ET,1WK,200.0,40.23
2026-09-28 00:00:00,Long,BHR,1.65,-2.07%,1.43,mfa,参数一,"{""mfa"": {""mfa_all"": 17}}",,,,,,,BRAEMAR HOTELS & RESORTS INC,1WK,,
2026-09-28 00:00:00,Long,BHR,1.65,-2.07%,1.43,mfa,参数二,"{""mfa"": {""mfa_all"": 17}}",,,,,,,BRAEMAR HOTELS & RESORTS INC,1WK,,
2026-09-28 00:00:00,Short,OMAH,17.52,-2.63%,18.17,utb,参数一,"{""utb"": {""key_value"": 2, ""atr_period"": 14, ""use_ha"": false}, ""r&s"": {""srb_left"": 10, ""srb_right"": 10}, ""atr"": {""atr_length"": 14, ""atr_mult"": 1.0}}",,,,,,,VISTASHARES TRG 15 BERKSHIRE,1WK,,
2026-09-28 00:00:00,Short,OMAH,17.52,-2.63%,18.17,utb,参数二,"{""utb"": {""key_value"": 3, ""atr_period"": 14, ""use_ha"": false}, ""r&s"": {""srb_left"": 15, ""srb_right"": 15}, ""atr"": {""atr_length"": 14, ""atr_mult"": 1.0}}",,,,,,,VISTASHARES TRG 15 BERKSHIRE,1WK,,
2026-09-28 00:00:00,Long,VTGN,0.3,10.59%,0.14,suf,参数一,"{""suf"": {""timeframe"": ""w""}}",,,,,,,VISTAGEN THERAPEUTICS INC,1WK,200.0,-90.08
2026-09-28 00:00:00,Long,VTGN,0.3,10.59%,0.14,suf,参数二,"{""suf"": {""timeframe"": ""w""}}",,,,,,,VISTAGEN THERAPEUTICS INC,1WK,200.0,-90.08
2026-09-28 00:00:00,Long,BENF,1.41,-3.42%,0.46,mfa,参数一,"{""mfa"": {""mfa_all"": 12}}",,,,,,,BENEFICIENT - CLASS A,1WK,,
2026-09-28 00:00:00,Long,BENF,1.41,-3.42%,0.46,mfa,参数二,"{""mfa"": {""mfa_all"": 12}}",,,,,,,BENEFICIENT - CLASS A,1WK,,
2026-09-28 00:00:00,Short,SPHD,48.42,-1.08%,50.23,utb,参数二,"{""utb"": {""key_value"": 3, ""atr_period"": 14, ""use_ha"": false}, ""r&s"": {""srb_left"": 15, ""srb_right"": 15}, ""atr"": {""atr_length"": 14, ""atr_mult"": 1.0}}",,,,,,,INVESCO S&P 500 HIGH DIVIDEN,1WK,,
2026-09-28 00:00:00,Short,FTI,68.97,-2.84%,77.01,utb,参数一,"{""utb"": {""key_value"": 2, ""atr_period"": 14, ""use_ha"": false}, ""r&s"": {""srb_left"": 10, ""srb_right"": 10}, ""atr"": {""atr_length"": 14, ""atr_mult"": 1.0}}",,,,,,,TECHNIPFMC PLC,1WK,,
2026-09-28 00:00:00,Short,BDEC,54.59,-0.79%,55.67,suf,参数一,"{""suf"": {""timeframe"": ""w""}}",,,,,,,INNOVATOR U.S. EQUITY BUFFER,1WK,200.0,27.87
2026-09-28 00:00:00,Short,BDEC,54.59,-0.79%,55.67,suf,参数二,"{""suf"": {""timeframe"": ""w""}}",,,,,,,INNOVATOR U.S. EQUITY BUFFER,1WK,200.0,27.87
2026-09-28 00:00:00,Short,AUB,38.04,-1.91%,40.75,utb,参数一,"{""utb"": {""key_value"": 2, ""atr_period"": 14, ""use_ha"": false}, ""r&s"": {""srb_left"": 10, ""srb_right"": 10}, ""atr"": {""atr_length"": 14, ""atr_mult"": 1.0}}",,,,,,,ATLANTIC UNION BANKSHARES CO,1WK,,
2026-09-28 00:00:00,Short,BMAY,48.51,-0.63%,49.18,suf,参数一,"{""suf"": {""timeframe"": ""w""}}",,,,,,,INNOVATOR U.S. EQUITY BUFFER,1WK,200.0,25.46
2026-09-28 00:00:00,Short,BMAY,48.51,-0.63%,49.18,suf,参数二,"{""suf"": {""timeframe"": ""w""}}",,,,,,,INNOVATOR U.S. EQUITY BUFFER,1WK,200.0,25.46
2026-09-28 00:00:00,Short,RYOJ,3.01,-19.30%,5.08,utb,参数一,"{""utb"": {""key_value"": 2, ""atr_period"": 14, ""use_ha"": false}, ""r&s"": {""srb_left"": 10, ""srb_right"": 10}, ""atr"": {""atr_length"": 14, ""atr_mult"": 1.0}}",,,,,,,RYOJBABA CO LTD,1WK,,
2026-09-28 00:00:00,Short,LYLD,31.82,-1.28%,32.67,utb,参数二,"{""utb"": {""key_value"": 3, ""atr_period"": 14, ""use_ha"": false}, ""r&s"": {""srb_left"": 15, ""srb_right"": 15}, ""atr"": {""atr_length"": 14, ""atr_mult"": 1.0}}",,,,,,,CAMBRIA LARGECAP SHARE,1WK,,
2026-09-28 00:00:00,Long,CBLL,24.56,3.67%,21.53,sqz,参数一,"{""sqz"": {""bb_length"": 15, ""bb_mult"": 1.5, ""kc_length"": 15, ""kc_mult"": 1.2, ""min_sqz_bars"": 4}, ""r&s"": {""srb_left"": 10, ""srb_right"": 10}, ""atr"": {""atr_length"": 14, ""atr_mult"": 1.0}}",一直亮绿,nan-20.09-24.33,低-高,nan%-21.11%,37.0,53.6,CERIBELL INC,1WK,,
2026-09-28 00:00:00,Long,CBLL,24.56,3.67%,21.53,sqz,参数二,"{""sqz"": {""bb_length"": 20, ""bb_mult"": 1.8, ""kc_length"": 20, ""kc_mult"": 1.5, ""min_sqz_bars"": 4}, ""r&s"": {""srb_left"": 15, ""srb_right"": 15}, ""atr"": {""atr_length"": 14, ""atr_mult"": 1.0}}",一直亮绿,nan-24.33,低,nan%,37.0,53.6,CERIBELL INC,1WK,,
2026-09-28 00:00:00,Long,HDL,11.69,-0.47%,10.98,mfa,参数一,"{""mfa"": {""mfa_all"": 49}}",,,,,,,SUPER HI INTERNATIONAL HOLDI,1WK,,
2026-09-28 00:00:00,Long,HDL,11.69,-0.47%,10.98,mfa,参数二,"{""mfa"": {""mfa_all"": 49}}",,,,,,,SUPER HI INTERNATIONAL HOLDI,1WK,,
2026-09-28 00:00:00,Short,SEIC,103.73,-1.82%,110.15,suf,参数一,"{""suf"": {""timeframe"": ""w""}}",,,,,,,SEI INVESTMENTS COMPANY,1WK,200.0,41.8
2026-09-28 00:00:00,Short,SEIC,103.73,-1.82%,110.15,suf,参数二,"{""suf"": {""timeframe"": ""w""}}",,,,,,,SEI INVESTMENTS COMPANY,1WK,200.0,41.8
2026-09-28 00:00:00,Short,PIE,34.05,-1.45%,35.79,suf,参数一,"{""suf"": {""timeframe"": ""w""}}",,,,,,,INVESCO DORSEY WRIGHT EMERGI,1WK,200.0,60.83
2026-09-28 00:00:00,Short,PIE,34.05,-1.45%,35.79,suf,参数二,"{""suf"": {""timeframe"": ""w""}}",,,,,,,INVESCO DORSEY WRIGHT EMERGI,1WK,200.0,60.83
2026-09-28 00:00:00,Short,PJUL,49.66,-0.62%,50.42,suf,参数一,"{""suf"": {""timeframe"": ""w""}}",,,,,,,INNOVATOR U.S. EQUITY POWER,1WK,200.0,23.57
2026-09-28 00:00:00,Short,PJUL,49.66,-0.62%,50.42,suf,参数二,"{""suf"": {""timeframe"": ""w""}}",,,,,,,INNOVATOR U.S. EQUITY POWER,1WK,200.0,23.57
2026-09-28 00:00:00,Long,MLCO,4.62,-2.22%,4.16,mfa,参数一,"{""mfa"": {""mfa_all"": 20}}",,,,,,,MELCO RESORTS & ENTERT-ADR,1WK,,
2026-09-28 00:00:00,Long,MLCO,4.62,-2.22%,4.16,mfa,参数二,"{""mfa"": {""mfa_all"": 20}}",,,,,,,MELCO RESORTS & ENTERT-ADR,1WK,,
2026-09-28 00:00:00,Short,TLT,78.06,-1.59%,80.5,sqz,参数一,"{""sqz"": {""bb_length"": 15, ""bb_mult"": 1.5, ""kc_length"": 15, ""kc_mult"": 1.2, ""min_sqz_bars"": 4}, ""r&s"": {""srb_left"": 10, ""srb_right"": 10}, ""atr"": {""atr_length"": 14, ""atr_mult"": 1.0}}",一直亮红,nan-72.82-78.68-78.85-78.46,低-高-高-低,nan%-8.05%-0.22%-0.49%,71.0,12.78,ISHARES 20+ YEAR TREASURY BD,1WK,,
2026-09-28 00:00:00,Short,TLT,78.06,-1.59%,80.5,sqz,参数二,"{""sqz"": {""bb_length"": 20, ""bb_mult"": 1.8, ""kc_length"": 20, ""kc_mult"": 1.5, ""min_sqz_bars"": 4}, ""r&s"": {""srb_left"": 15, ""srb_right"": 15}, ""atr"": {""atr_length"": 14, ""atr_mult"": 1.0}}",一直亮红,nan-72.82-78.68-78.85-78.46,低-高-高-低,nan%-8.05%-0.22%-0.49%,71.0,12.78,ISHARES 20+ YEAR TREASURY BD,1WK,,
2026-09-28 00:00:00,Short,RYLG,23.39,-1.09%,24.07,utb,参数二,"{""utb"": {""key_value"": 3, ""atr_period"": 14, ""use_ha"": false}, ""r&s"": {""srb_left"": 15, ""srb_right"": 15}, ""atr"": {""atr_length"": 14, ""atr_mult"": 1.0}}",,,,,,,GLOBAL X RUSS 2000 CC & GR,1WK,,
2026-09-28 00:00:00,Short,BJUL,55.38,-0.81%,56.3,suf,参数一,"{""suf"": {""timeframe"": ""w""}}",,,,,,,INNOVATOR U.S. EQUITY BUFFER,1WK,200.0,28.53
2026-09-28 00:00:00,Short,BJUL,55.38,-0.81%,56.3,suf,参数二,"{""suf"": {""timeframe"": ""w""}}",,,,,,,INNOVATOR U.S. EQUITY BUFFER,1WK,200.0,28.53
2026-09-28 00:00:00,Short,MYHD,24.34,-0.53%,24.66,utb,参数一,"{""utb"": {""key_value"": 2, ""atr_period"": 14, ""use_ha"": false}, ""r&s"": {""srb_left"": 10, ""srb_right"": 10}, ""atr"": {""atr_length"": 14, ""atr_mult"": 1.0}}",,,,,,,STATE STREET MY2030 HIGH YLD,1WK,,
2026-09-28 00:00:00,Short,VTIP,49.19,-0.13%,49.42,sqz,参数一,"{""sqz"": {""bb_length"": 15, ""bb_mult"": 1.5, ""kc_length"": 15, ""kc_mult"": 1.2, ""min_sqz_bars"": 4}, ""r&s"": {""srb_left"": 10, ""srb_right"": 10}, ""atr"": {""atr_length"": 14, ""atr_mult"": 1.0}}",支撑释放,nan-42.35-42.6-49.4,低-高-高,nan%-0.58%-15.98%,14.0,1.82,VANGUARD SHORT-TERM TIPS,1WK,,
2026-09-28 00:00:00,Short,JHSC,45.56,-1.30%,47.2,utb,参数二,"{""utb"": {""key_value"": 3, ""atr_period"": 14, ""use_ha"": false}, ""r&s"": {""srb_left"": 15, ""srb_right"": 15}, ""atr"": {""atr_length"": 14, ""atr_mult"": 1.0}}",,,,,,,JOHN HANCOCK MULTI SMALL CAP,1WK,,
2026-09-28 00:00:00,Short,IGM,167.99,-1.17%,176.27,suf,参数一,"{""suf"": {""timeframe"": ""w""}}",,,,,,,ISHARES EXPANDED TECH SECTOR,1WK,200.0,70.82
2026-09-28 00:00:00,Short,IGM,167.99,-1.17%,176.27,suf,参数二,"{""suf"": {""timeframe"": ""w""}}",,,,,,,ISHARES EXPANDED TECH SECTOR,1WK,200.0,70.82
2026-09-28 00:00:00,Long,MOBI,9.14,0.88%,6.63,mfa,参数一,"{""mfa"": {""mfa_all"": 4}}",,,,,,,MOBIA MEDICAL INC,1WK,,
2026-09-28 00:00:00,Long,MOBI,9.14,0.88%,6.63,mfa,参数二,"{""mfa"": {""mfa_all"": 4}}",,,,,,,MOBIA MEDICAL INC,1WK,,
2026-09-28 00:00:00,Short,TPLC,48.55,-0.74%,49.77,utb,参数二,"{""utb"": {""key_value"": 3, ""atr_period"": 14, ""use_ha"": false}, ""r&s"": {""srb_left"": 15, ""srb_right"": 15}, ""atr"": {""atr_length"": 14, ""atr_mult"": 1.0}}",,,,,,,TIMOTHY PLN US LRG/MID CAP,1WK,,
2026-09-28 00:00:00,Short,BETZ,16.49,-5.12%,18.02,sqz,参数一,"{""sqz"": {""bb_length"": 15, ""bb_mult"": 1.5, ""kc_length"": 15, ""kc_mult"": 1.2, ""min_sqz_bars"": 4}, ""r&s"": {""srb_left"": 10, ""srb_right"": 10}, ""atr"": {""atr_length"": 14, ""atr_mult"": 1.0}}",支撑释放,nan-13.45-15.01-16.0-17.05,低-高-高-高,nan%-11.58%-6.59%-6.55%,32.0,18.89,ROUNDHILL SPORTS BET & IGAM,1WK,,
2026-09-28 00:00:00,Short,BETZ,16.49,-5.12%,18.02,sqz,参数二,"{""sqz"": {""bb_length"": 20, ""bb_mult"": 1.8, ""kc_length"": 20, ""kc_mult"": 1.5, ""min_sqz_bars"": 4}, ""r&s"": {""srb_left"": 15, ""srb_right"": 15}, ""atr"": {""atr_length"": 14, ""atr_mult"": 1.0}}",支撑释放,nan-13.45-15.01-16.0-17.05,低-高-高-高,nan%-11.58%-6.59%-6.55%,32.0,18.89,ROUNDHILL SPORTS BET & IGAM,1WK,,
2026-09-28 00:00:00,Short,EHLD,11.69,-2.21%,13.39,utb,参数二,"{""utb"": {""key_value"": 3, ""atr_period"": 14, ""use_ha"": false}, ""r&s"": {""srb_left"": 15, ""srb_right"": 15}, ""atr"": {""atr_length"": 14, ""atr_mult"": 1.0}}",,,,,,,EURO-HOLDINGS LTD,1WK,,
2026-09-28 00:00:00,Short,TX,53.35,-3.64%,58.36,suf,参数一,"{""suf"": {""timeframe"": ""w""}}",,,,,,,TERNIUM SA-SPONSORED ADR,1WK,200.0,55.15
2026-09-28 00:00:00,Short,TX,53.35,-3.64%,58.36,suf,参数二,"{""suf"": {""timeframe"": ""w""}}",,,,,,,TERNIUM SA-SPONSORED ADR,1WK,200.0,55.15
2026-09-28 00:00:00,Short,ANGO,15.16,-2.13%,16.78,suf,参数一,"{""suf"": {""timeframe"": ""w""}}",,,,,,,ANGIODYNAMICS INC,1WK,200.0,57.11
2026-09-28 00:00:00,Short,ANGO,15.16,-2.13%,16.78,suf,参数二,"{""suf"": {""timeframe"": ""w""}}",,,,,,,ANGIODYNAMICS INC,1WK,200.0,57.11
2026-09-28 00:00:00,Long,BTLN,4.52,606.14%,4.0,sqz,参数一,"{""sqz"": {""bb_length"": 15, ""bb_mult"": 1.5, ""kc_length"": 15, ""kc_mult"": 1.2, ""min_sqz_bars"": 4}, ""r&s"": {""srb_left"": 10, ""srb_right"": 10}, ""atr"": {""atr_length"": 14, ""atr_mult"": 1.0}}",压力释放,6.9-6.0-1.73-7.0-1.85,低-低-高-低,13.04%-71.17%-304.62%-73.57%,52.0,340.48,BRIGHTLINE INTERACTIVE INC,1WK,,
2026-09-28 00:00:00,Long,BTLN,4.52,606.14%,4.0,sqz,参数二,"{""sqz"": {""bb_length"": 20, ""bb_mult"": 1.8, ""kc_length"": 20, ""kc_mult"": 1.5, ""min_sqz_bars"": 4}, ""r&s"": {""srb_left"": 15, ""srb_right"": 15}, ""atr"": {""atr_length"": 14, ""atr_mult"": 1.0}}",压力释放,nan-6.0-7.0-1.85,低-高-低,nan%-16.67%-73.57%,52.0,340.48,BRIGHTLINE INTERACTIVE INC,1WK,,
2026-09-28 00:00:00,Long,TMUS,163.62,-1.09%,151.08,mfa,参数一,"{""mfa"": {""mfa_all"": 18}}",,,,,,,T-MOBILE US INC,1WK,,
2026-09-28 00:00:00,Long,TMUS,163.62,-1.09%,151.08,mfa,参数二,"{""mfa"": {""mfa_all"": 18}}",,,,,,,T-MOBILE US INC,1WK,,
2026-09-28 00:00:00,Short,QQMG,51.58,-0.93%,53.61,suf,参数一,"{""suf"": {""timeframe"": ""w""}}",,,,,,,INVESCO ESG NASDAQ 100,1WK,200.0,53.77
2026-09-28 00:00:00,Short,QQMG,51.58,-0.93%,53.61,suf,参数二,"{""suf"": {""timeframe"": ""w""}}",,,,,,,INVESCO ESG NASDAQ 100,1WK,200.0,53.77
2026-09-28 00:00:00,Short,IMVP,18.84,-2.43%,19.56,sqz,参数一,"{""sqz"": {""bb_length"": 15, ""bb_mult"": 1.5, ""kc_length"": 15, ""kc_mult"": 1.2, ""min_sqz_bars"": 4}, ""r&s"": {""srb_left"": 10, ""srb_right"": 10}, ""atr"": {""atr_length"": 14, ""atr_mult"": 1.0}}",支撑释放,16.32-18.5-20.89-22.66-19.25,高-高-高-低,13.38%-12.88%-8.50%-15.06%,26.0,14.8,INVESCO INDIA EXCHANGE-TRADE,1WK,,
2026-09-28 00:00:00,Short,IMVP,18.84,-2.43%,19.56,sqz,参数二,"{""sqz"": {""bb_length"": 20, ""bb_mult"": 1.8, ""kc_length"": 20, ""kc_mult"": 1.5, ""min_sqz_bars"": 4}, ""r&s"": {""srb_left"": 15, ""srb_right"": 15}, ""atr"": {""atr_length"": 14, ""atr_mult"": 1.0}}",支撑释放,16.32-18.5-20.89-22.66-19.25,高-高-高-低,13.38%-12.88%-8.50%-15.06%,26.0,14.8,INVESCO INDIA EXCHANGE-TRADE,1WK,,
