日期,信号,代码,现价,涨幅,止损,策略,参组,参数,名称,周期,释放类型,支撑压力价格,支撑压力趋势,支撑压力涨幅,区间K线数量,区间K线振幅
2026-05-29 13:30:00,Short,00023,13.64,-0.22%,13.93,utb,参数二,"{""utb"": {""key_value"": 3, ""atr_period"": 14, ""use_ha"": false}, ""r&s"": {""srb_left"": 10, ""srb_right"": 10}, ""atr"": {""atr_length"": 14, ""atr_mult"": 1.0}}",BANK OF E ASIA,4H,,,,,,
2026-05-29 13:30:00,Long,00034,5.05,1.00%,4.94,utb,参数一,"{""utb"": {""key_value"": 2, ""atr_period"": 14, ""use_ha"": false}, ""r&s"": {""srb_left"": 10, ""srb_right"": 10}, ""atr"": {""atr_length"": 14, ""atr_mult"": 1.0}}",KOWLOON DEV,4H,,,,,,
2026-05-29 13:30:00,Long,00034,5.05,1.00%,4.94,sqz,参数二,"{""sqz"": {""bb_length"": 20, ""bb_mult"": 1.8, ""kc_length"": 20, ""kc_mult"": 1.5, ""min_sqz_bars"": 4}, ""r&s"": {""srb_left"": 10, ""srb_right"": 10}, ""atr"": {""atr_length"": 14, ""atr_mult"": 1.0}}",KOWLOON DEV,4H,压力释放,3.8-4.07-5.0-5.45-5.05,高-高-高-低,7.11%-22.85%-9.00%-7.34%,11.0,2.85
2026-05-29 13:30:00,Short,00068,18.86,-4.75%,21.59,utb,参数一,"{""utb"": {""key_value"": 2, ""atr_period"": 14, ""use_ha"": false}, ""r&s"": {""srb_left"": 10, ""srb_right"": 10}, ""atr"": {""atr_length"": 14, ""atr_mult"": 1.0}}",MANYCORE TECH,4H,,,,,,
2026-05-29 13:30:00,Long,00078,0.54,3.85%,0.51,utb,参数一,"{""utb"": {""key_value"": 2, ""atr_period"": 14, ""use_ha"": false}, ""r&s"": {""srb_left"": 10, ""srb_right"": 10}, ""atr"": {""atr_length"": 14, ""atr_mult"": 1.0}}",REGAL INT'L,4H,,,,,,
2026-05-29 09:30:00,Long,00079,0.09,15.58%,0.08,utb,参数一,"{""utb"": {""key_value"": 2, ""atr_period"": 14, ""use_ha"": false}, ""r&s"": {""srb_left"": 10, ""srb_right"": 10}, ""atr"": {""atr_length"": 14, ""atr_mult"": 1.0}}",CENTURY LEGEND,4H,,,,,,
2026-05-29 09:30:00,Long,00079,0.09,15.58%,0.08,utb,参数二,"{""utb"": {""key_value"": 3, ""atr_period"": 14, ""use_ha"": false}, ""r&s"": {""srb_left"": 10, ""srb_right"": 10}, ""atr"": {""atr_length"": 14, ""atr_mult"": 1.0}}",CENTURY LEGEND,4H,,,,,,
2026-05-29 13:30:00,Long,00082,0.09,5.88%,0.08,utb,参数一,"{""utb"": {""key_value"": 2, ""atr_period"": 14, ""use_ha"": false}, ""r&s"": {""srb_left"": 10, ""srb_right"": 10}, ""atr"": {""atr_length"": 14, ""atr_mult"": 1.0}}",CRAZY SPORTS,4H,,,,,,
2026-05-29 13:30:00,Short,00085,1.17,-2.50%,1.25,utb,参数一,"{""utb"": {""key_value"": 2, ""atr_period"": 14, ""use_ha"": false}, ""r&s"": {""srb_left"": 10, ""srb_right"": 10}, ""atr"": {""atr_length"": 14, ""atr_mult"": 1.0}}",CE HUADA TECH,4H,,,,,,
2026-05-29 13:30:00,Short,00086,4.07,-1.93%,4.19,utb,参数一,"{""utb"": {""key_value"": 2, ""atr_period"": 14, ""use_ha"": false}, ""r&s"": {""srb_left"": 10, ""srb_right"": 10}, ""atr"": {""atr_length"": 14, ""atr_mult"": 1.0}}",SUN HUNG KAI CO,4H,,,,,,
2026-05-29 13:30:00,Short,00086,4.07,-1.93%,4.19,utb,参数二,"{""utb"": {""key_value"": 3, ""atr_period"": 14, ""use_ha"": false}, ""r&s"": {""srb_left"": 10, ""srb_right"": 10}, ""atr"": {""atr_length"": 14, ""atr_mult"": 1.0}}",SUN HUNG KAI CO,4H,,,,,,
2026-05-28 13:30:00,Short,00089,2.11,0.48%,2.21,sqz,参数一,"{""sqz"": {""bb_length"": 15, ""bb_mult"": 1.5, ""kc_length"": 15, ""kc_mult"": 1.2, ""min_sqz_bars"": 4}, ""r&s"": {""srb_left"": 10, ""srb_right"": 10}, ""atr"": {""atr_length"": 14, ""atr_mult"": 1.0}}",TAI SANG LAND,4H,支撑释放,1.95-2.17-2.15-2.21,高-低-高,11.28%-0.92%-2.79%,24.0,11.63
2026-05-28 13:30:00,Short,00089,2.11,0.48%,2.21,sqz,参数二,"{""sqz"": {""bb_length"": 20, ""bb_mult"": 1.8, ""kc_length"": 20, ""kc_mult"": 1.5, ""min_sqz_bars"": 4}, ""r&s"": {""srb_left"": 10, ""srb_right"": 10}, ""atr"": {""atr_length"": 14, ""atr_mult"": 1.0}}",TAI SANG LAND,4H,支撑释放,1.95-2.17-2.15-2.21,高-低-高,11.28%-0.92%-2.79%,24.0,11.63
2026-05-29 13:30:00,Long,00094,0.07,3.12%,0.06,utb,参数一,"{""utb"": {""key_value"": 2, ""atr_period"": 14, ""use_ha"": false}, ""r&s"": {""srb_left"": 10, ""srb_right"": 10}, ""atr"": {""atr_length"": 14, ""atr_mult"": 1.0}}",GREENHEART GP,4H,,,,,,
2026-05-08 09:30:00,Short,00099,1.34,-10.07%,1.43,utb,参数一,"{""utb"": {""key_value"": 2, ""atr_period"": 14, ""use_ha"": false}, ""r&s"": {""srb_left"": 10, ""srb_right"": 10}, ""atr"": {""atr_length"": 14, ""atr_mult"": 1.0}}",WONG'S INT'L,4H,,,,,,
2025-08-29 13:30:00,Short,00106,0.02,-5.00%,0.02,sqz,参数二,"{""sqz"": {""bb_length"": 20, ""bb_mult"": 1.8, ""kc_length"": 20, ""kc_mult"": 1.5, ""min_sqz_bars"": 4}, ""r&s"": {""srb_left"": 10, ""srb_right"": 10}, ""atr"": {""atr_length"": 14, ""atr_mult"": 1.0}}",LANDSEA MGMT,4H,一直亮红,0.01-0.01-0.01-0.02,高-高-高,8.33%-7.69%-35.71%,46.0,47.37
2026-05-29 13:30:00,Short,00108,2.14,-6.14%,2.38,sqz,参数一,"{""sqz"": {""bb_length"": 15, ""bb_mult"": 1.5, ""kc_length"": 15, ""kc_mult"": 1.2, ""min_sqz_bars"": 4}, ""r&s"": {""srb_left"": 10, ""srb_right"": 10}, ""atr"": {""atr_length"": 14, ""atr_mult"": 1.0}}",GR LIFE STYLE,4H,支撑释放,2.06-2.49-2.6-2.33-2.22,高-高-低-低,20.87%-4.42%-10.38%-4.72%,16.0,12.61
2026-05-29 13:30:00,Long,00114,0.65,3.17%,0.6,sqz,参数一,"{""sqz"": {""bb_length"": 15, ""bb_mult"": 1.5, ""kc_length"": 15, ""kc_mult"": 1.2, ""min_sqz_bars"": 4}, ""r&s"": {""srb_left"": 10, ""srb_right"": 10}, ""atr"": {""atr_length"": 14, ""atr_mult"": 1.0}}",HERALD HOLD,4H,一直亮绿,0.6-0.7-0.67-0.64-0.65,高-低-低-高,16.67%-4.29%-4.48%-1.56%,47.0,20.37
2026-05-29 13:30:00,Long,00114,0.65,3.17%,0.6,sqz,参数二,"{""sqz"": {""bb_length"": 20, ""bb_mult"": 1.8, ""kc_length"": 20, ""kc_mult"": 1.5, ""min_sqz_bars"": 4}, ""r&s"": {""srb_left"": 10, ""srb_right"": 10}, ""atr"": {""atr_length"": 14, ""atr_mult"": 1.0}}",HERALD HOLD,4H,一直亮绿,0.6-0.7-0.67-0.64-0.65,高-低-低-高,16.67%-4.29%-4.48%-1.56%,47.0,20.37
2026-05-29 13:30:00,Long,00116,10.95,1.96%,10.45,utb,参数一,"{""utb"": {""key_value"": 2, ""atr_period"": 14, ""use_ha"": false}, ""r&s"": {""srb_left"": 10, ""srb_right"": 10}, ""atr"": {""atr_length"": 14, ""atr_mult"": 1.0}}",CHOW SANG SANG,4H,,,,,,
2026-05-29 13:30:00,Long,00122,1.45,2.11%,1.43,utb,参数一,"{""utb"": {""key_value"": 2, ""atr_period"": 14, ""use_ha"": false}, ""r&s"": {""srb_left"": 10, ""srb_right"": 10}, ""atr"": {""atr_length"": 14, ""atr_mult"": 1.0}}",CROCODILE,4H,,,,,,
2026-05-26 13:30:00,Short,00146,1.44,-5.26%,1.55,sqz,参数二,"{""sqz"": {""bb_length"": 20, ""bb_mult"": 1.8, ""kc_length"": 20, ""kc_mult"": 1.5, ""min_sqz_bars"": 4}, ""r&s"": {""srb_left"": 10, ""srb_right"": 10}, ""atr"": {""atr_length"": 14, ""atr_mult"": 1.0}}",TAI PING CARPET,4H,一直释放,nan-1.2-1.15-1.42-1.75,低-低-高-高,nan%-4.17%-23.48%-23.24%,38.0,13.71
2026-05-29 13:30:00,Long,00151,4.16,1.96%,3.95,utb,参数一,"{""utb"": {""key_value"": 2, ""atr_period"": 14, ""use_ha"": false}, ""r&s"": {""srb_left"": 10, ""srb_right"": 10}, ""atr"": {""atr_length"": 14, ""atr_mult"": 1.0}}",WANT WANT CHINA,4H,,,,,,
2026-05-27 09:30:00,Short,00158,59.5,-0.83%,60.67,utb,参数一,"{""utb"": {""key_value"": 2, ""atr_period"": 14, ""use_ha"": false}, ""r&s"": {""srb_left"": 10, ""srb_right"": 10}, ""atr"": {""atr_length"": 14, ""atr_mult"": 1.0}}",MELBOURNE ENT,4H,,,,,,
2026-05-29 13:30:00,Long,00173,2.3,5.02%,2.15,utb,参数一,"{""utb"": {""key_value"": 2, ""atr_period"": 14, ""use_ha"": false}, ""r&s"": {""srb_left"": 10, ""srb_right"": 10}, ""atr"": {""atr_length"": 14, ""atr_mult"": 1.0}}",K. WAH INT'L,4H,,,,,,
2026-05-29 13:30:00,Long,00173,2.3,5.02%,2.15,utb,参数二,"{""utb"": {""key_value"": 3, ""atr_period"": 14, ""use_ha"": false}, ""r&s"": {""srb_left"": 10, ""srb_right"": 10}, ""atr"": {""atr_length"": 14, ""atr_mult"": 1.0}}",K. WAH INT'L,4H,,,,,,
2026-05-29 09:30:00,Short,00191,0.74,-10.84%,0.81,utb,参数一,"{""utb"": {""key_value"": 2, ""atr_period"": 14, ""use_ha"": false}, ""r&s"": {""srb_left"": 10, ""srb_right"": 10}, ""atr"": {""atr_length"": 14, ""atr_mult"": 1.0}}",LAI SUN INT'L,4H,,,,,,
2026-05-29 09:30:00,Short,00191,0.74,-10.84%,0.81,utb,参数二,"{""utb"": {""key_value"": 3, ""atr_period"": 14, ""use_ha"": false}, ""r&s"": {""srb_left"": 10, ""srb_right"": 10}, ""atr"": {""atr_length"": 14, ""atr_mult"": 1.0}}",LAI SUN INT'L,4H,,,,,,
2026-05-29 13:30:00,Short,00202,0.07,-5.41%,0.08,utb,参数一,"{""utb"": {""key_value"": 2, ""atr_period"": 14, ""use_ha"": false}, ""r&s"": {""srb_left"": 10, ""srb_right"": 10}, ""atr"": {""atr_length"": 14, ""atr_mult"": 1.0}}",EVERCHINA INT'L,4H,,,,,,
2026-05-26 09:30:00,Short,00212,28.7,-4.33%,29.26,utb,参数二,"{""utb"": {""key_value"": 3, ""atr_period"": 14, ""use_ha"": false}, ""r&s"": {""srb_left"": 10, ""srb_right"": 10}, ""atr"": {""atr_length"": 14, ""atr_mult"": 1.0}}",NANYANG HOLD,4H,,,,,,
2026-05-29 13:30:00,Short,00223,0.12,-4.03%,0.13,sqz,参数一,"{""sqz"": {""bb_length"": 15, ""bb_mult"": 1.5, ""kc_length"": 15, ""kc_mult"": 1.2, ""min_sqz_bars"": 4}, ""r&s"": {""srb_left"": 10, ""srb_right"": 10}, ""atr"": {""atr_length"": 14, ""atr_mult"": 1.0}}",ELIFE HLDGS,4H,支撑释放,0.11-0.12-0.12-0.12-0.12,高-高-高-低,2.68%-7.83%-0.81%-1.60%,16.0,17.89
2026-05-29 13:30:00,Short,00223,0.12,-4.03%,0.13,sqz,参数二,"{""sqz"": {""bb_length"": 20, ""bb_mult"": 1.8, ""kc_length"": 20, ""kc_mult"": 1.5, ""min_sqz_bars"": 4}, ""r&s"": {""srb_left"": 10, ""srb_right"": 10}, ""atr"": {""atr_length"": 14, ""atr_mult"": 1.0}}",ELIFE HLDGS,4H,支撑释放,0.11-0.12-0.12-0.12-0.12,高-高-高-低,2.68%-7.83%-0.81%-1.60%,16.0,17.89
2026-05-14 13:30:00,Short,00224,0.52,-1.89%,0.55,utb,参数二,"{""utb"": {""key_value"": 3, ""atr_period"": 14, ""use_ha"": false}, ""r&s"": {""srb_left"": 10, ""srb_right"": 10}, ""atr"": {""atr_length"": 14, ""atr_mult"": 1.0}}",PIONEER GLOBAL,4H,,,,,,
2026-05-27 13:30:00,Short,00244,0.28,-6.56%,0.31,utb,参数一,"{""utb"": {""key_value"": 2, ""atr_period"": 14, ""use_ha"": false}, ""r&s"": {""srb_left"": 10, ""srb_right"": 10}, ""atr"": {""atr_length"": 14, ""atr_mult"": 1.0}}",SINCERE,4H,,,,,,
2026-05-27 13:30:00,Short,00244,0.28,-6.56%,0.31,utb,参数二,"{""utb"": {""key_value"": 3, ""atr_period"": 14, ""use_ha"": false}, ""r&s"": {""srb_left"": 10, ""srb_right"": 10}, ""atr"": {""atr_length"": 14, ""atr_mult"": 1.0}}",SINCERE,4H,,,,,,
2026-05-28 13:30:00,Long,00248,0.3,11.11%,0.28,utb,参数一,"{""utb"": {""key_value"": 2, ""atr_period"": 14, ""use_ha"": false}, ""r&s"": {""srb_left"": 10, ""srb_right"": 10}, ""atr"": {""atr_length"": 14, ""atr_mult"": 1.0}}",HKC INT'L HOLD,4H,,,,,,
2026-05-20 09:30:00,Short,00251,1.28,-3.03%,1.33,sqz,参数二,"{""sqz"": {""bb_length"": 20, ""bb_mult"": 1.8, ""kc_length"": 20, ""kc_mult"": 1.5, ""min_sqz_bars"": 4}, ""r&s"": {""srb_left"": 10, ""srb_right"": 10}, ""atr"": {""atr_length"": 14, ""atr_mult"": 1.0}}",SEA HOLDINGS,4H,支撑释放,1.15-1.16-1.17-1.28,高-高-高,0.87%-0.86%-9.40%,33.0,25.0
2026-05-29 13:30:00,Long,00276,0.66,13.79%,0.53,sqz,参数二,"{""sqz"": {""bb_length"": 20, ""bb_mult"": 1.8, ""kc_length"": 20, ""kc_mult"": 1.5, ""min_sqz_bars"": 4}, ""r&s"": {""srb_left"": 10, ""srb_right"": 10}, ""atr"": {""atr_length"": 14, ""atr_mult"": 1.0}}",MONGOLIA ENERGY,4H,一直亮绿,0.78-0.73-0.63-0.65-0.61,低-低-高-低,6.41%-13.70%-3.17%-6.15%,36.0,25.77
2026-05-29 13:30:00,Long,00280,0.51,2.00%,0.49,utb,参数一,"{""utb"": {""key_value"": 2, ""atr_period"": 14, ""use_ha"": false}, ""r&s"": {""srb_left"": 10, ""srb_right"": 10}, ""atr"": {""atr_length"": 14, ""atr_mult"": 1.0}}",KING FOOK HOLD,4H,,,,,,
2026-05-21 13:30:00,Long,00294,0.83,3.75%,0.81,utb,参数一,"{""utb"": {""key_value"": 2, ""atr_period"": 14, ""use_ha"": false}, ""r&s"": {""srb_left"": 10, ""srb_right"": 10}, ""atr"": {""atr_length"": 14, ""atr_mult"": 1.0}}",YANGTZEKIANG,4H,,,,,,
2026-05-29 13:30:00,Short,00309,0.03,-3.70%,0.03,sqz,参数一,"{""sqz"": {""bb_length"": 15, ""bb_mult"": 1.5, ""kc_length"": 15, ""kc_mult"": 1.2, ""min_sqz_bars"": 4}, ""r&s"": {""srb_left"": 10, ""srb_right"": 10}, ""atr"": {""atr_length"": 14, ""atr_mult"": 1.0}}",XH NEWS MEDIA,4H,支撑释放,0.04-0.03-0.03-0.03,低-高-低,21.62%-6.90%-9.68%,15.0,21.43
2026-05-29 13:30:00,Short,00315,4.75,-2.66%,4.96,sqz,参数一,"{""sqz"": {""bb_length"": 15, ""bb_mult"": 1.5, ""kc_length"": 15, ""kc_mult"": 1.2, ""min_sqz_bars"": 4}, ""r&s"": {""srb_left"": 10, ""srb_right"": 10}, ""atr"": {""atr_length"": 14, ""atr_mult"": 1.0}}",SMARTONE TELE,4H,一直释放,4.73-4.91-4.86-4.95-5.0,高-低-高-高,3.81%-1.02%-1.85%-1.01%,37.0,5.8
2026-05-29 13:30:00,Long,00346,0.35,9.38%,0.3,utb,参数一,"{""utb"": {""key_value"": 2, ""atr_period"": 14, ""use_ha"": false}, ""r&s"": {""srb_left"": 10, ""srb_right"": 10}, ""atr"": {""atr_length"": 14, ""atr_mult"": 1.0}}",YANCHANG PETRO,4H,,,,,,
2026-05-29 13:30:00,Long,00346,0.35,9.38%,0.3,utb,参数二,"{""utb"": {""key_value"": 3, ""atr_period"": 14, ""use_ha"": false}, ""r&s"": {""srb_left"": 10, ""srb_right"": 10}, ""atr"": {""atr_length"": 14, ""atr_mult"": 1.0}}",YANCHANG PETRO,4H,,,,,,
2026-05-29 13:30:00,Short,00347,1.26,-5.26%,1.36,sqz,参数二,"{""sqz"": {""bb_length"": 20, ""bb_mult"": 1.8, ""kc_length"": 20, ""kc_mult"": 1.5, ""min_sqz_bars"": 4}, ""r&s"": {""srb_left"": 10, ""srb_right"": 10}, ""atr"": {""atr_length"": 14, ""atr_mult"": 1.0}}",ANGANG STEEL,4H,一直释放,1.87-1.94-1.43-1.48-1.42,高-低-高-低,3.74%-26.29%-3.50%-4.05%,35.0,5.63
2026-05-29 13:30:00,Long,00360,0.05,6.38%,0.05,utb,参数一,"{""utb"": {""key_value"": 2, ""atr_period"": 14, ""use_ha"": false}, ""r&s"": {""srb_left"": 10, ""srb_right"": 10}, ""atr"": {""atr_length"": 14, ""atr_mult"": 1.0}}",NEW FOCUS AUTO,4H,,,,,,
2026-05-29 13:30:00,Long,00360,0.05,6.38%,0.05,utb,参数二,"{""utb"": {""key_value"": 3, ""atr_period"": 14, ""use_ha"": false}, ""r&s"": {""srb_left"": 10, ""srb_right"": 10}, ""atr"": {""atr_length"": 14, ""atr_mult"": 1.0}}",NEW FOCUS AUTO,4H,,,,,,
2025-03-17 09:30:00,Short,00362,0.6,-25.00%,0.9,sqz,参数一,"{""sqz"": {""bb_length"": 15, ""bb_mult"": 1.5, ""kc_length"": 15, ""kc_mult"": 1.2, ""min_sqz_bars"": 4}, ""r&s"": {""srb_left"": 10, ""srb_right"": 10}, ""atr"": {""atr_length"": 14, ""atr_mult"": 1.0}}",C ZENITH CHEM,4H,支撑释放,nan-2.56-0.76,低-低,nan%-70.31%,18.0,36.84
2026-05-29 13:30:00,Short,00371,2.72,-1.45%,2.83,sqz,参数二,"{""sqz"": {""bb_length"": 20, ""bb_mult"": 1.8, ""kc_length"": 20, ""kc_mult"": 1.5, ""min_sqz_bars"": 4}, ""r&s"": {""srb_left"": 10, ""srb_right"": 10}, ""atr"": {""atr_length"": 14, ""atr_mult"": 1.0}}",BJ ENT WATER,4H,一直亮红,2.69-2.71-2.64-2.67-2.73,高-低-高-高,0.74%-2.58%-1.14%-2.25%,35.0,9.16
2026-05-29 13:30:00,Long,00413,0.03,7.69%,0.02,utb,参数二,"{""utb"": {""key_value"": 3, ""atr_period"": 14, ""use_ha"": false}, ""r&s"": {""srb_left"": 10, ""srb_right"": 10}, ""atr"": {""atr_length"": 14, ""atr_mult"": 1.0}}",SC HOLDINGS,4H,,,,,,
2026-05-27 13:30:00,Short,00423,0.73,-1.35%,0.75,sqz,参数一,"{""sqz"": {""bb_length"": 15, ""bb_mult"": 1.5, ""kc_length"": 15, ""kc_mult"": 1.2, ""min_sqz_bars"": 4}, ""r&s"": {""srb_left"": 10, ""srb_right"": 10}, ""atr"": {""atr_length"": 14, ""atr_mult"": 1.0}}",HKET HOLDINGS,4H,一直释放,0.8-0.73-0.77-0.7,低-高-低,8.75%-5.48%-9.09%,25.0,8.22
2026-05-27 13:30:00,Short,00423,0.73,-1.35%,0.75,sqz,参数二,"{""sqz"": {""bb_length"": 20, ""bb_mult"": 1.8, ""kc_length"": 20, ""kc_mult"": 1.5, ""min_sqz_bars"": 4}, ""r&s"": {""srb_left"": 10, ""srb_right"": 10}, ""atr"": {""atr_length"": 14, ""atr_mult"": 1.0}}",HKET HOLDINGS,4H,一直释放,0.8-0.73-0.77-0.7,低-高-低,8.75%-5.48%-9.09%,25.0,8.22
2026-05-29 13:30:00,Short,00434,2.3,-4.56%,2.5,sqz,参数二,"{""sqz"": {""bb_length"": 20, ""bb_mult"": 1.8, ""kc_length"": 20, ""kc_mult"": 1.5, ""min_sqz_bars"": 4}, ""r&s"": {""srb_left"": 10, ""srb_right"": 10}, ""atr"": {""atr_length"": 14, ""atr_mult"": 1.0}}",BOYAA,4H,一直释放,2.54-2.56-2.61-2.6-2.76,高-高-低-高,0.79%-1.95%-0.38%-6.15%,39.0,9.78
2026-05-29 13:30:00,Short,00471,0.16,-3.55%,0.18,sqz,参数二,"{""sqz"": {""bb_length"": 20, ""bb_mult"": 1.8, ""kc_length"": 20, ""kc_mult"": 1.5, ""min_sqz_bars"": 4}, ""r&s"": {""srb_left"": 10, ""srb_right"": 10}, ""atr"": {""atr_length"": 14, ""atr_mult"": 1.0}}",SILKWAVE INC,4H,一直亮红,0.55-0.4-0.51-0.59-0.16,低-高-高-低,27.27%-27.50%-15.69%-72.20%,25.0,40.85
2026-05-29 13:30:00,Short,00500,0.06,-4.48%,0.07,utb,参数一,"{""utb"": {""key_value"": 2, ""atr_period"": 14, ""use_ha"": false}, ""r&s"": {""srb_left"": 10, ""srb_right"": 10}, ""atr"": {""atr_length"": 14, ""atr_mult"": 1.0}}",FRONTIER SER,4H,,,,,,
2026-05-29 13:30:00,Short,00501,83.95,-2.55%,90.41,sqz,参数一,"{""sqz"": {""bb_length"": 15, ""bb_mult"": 1.5, ""kc_length"": 15, ""kc_mult"": 1.2, ""min_sqz_bars"": 4}, ""r&s"": {""srb_left"": 10, ""srb_right"": 10}, ""atr"": {""atr_length"": 14, ""atr_mult"": 1.0}}",OMNIVISION,4H,支撑释放,103.2-97.05-76.45-83.6-84.5,低-低-高-高,5.96%-21.23%-9.35%-1.08%,15.0,21.89
2026-05-29 13:30:00,Short,00501,83.95,-2.55%,90.41,utb,参数二,"{""utb"": {""key_value"": 3, ""atr_period"": 14, ""use_ha"": false}, ""r&s"": {""srb_left"": 10, ""srb_right"": 10}, ""atr"": {""atr_length"": 14, ""atr_mult"": 1.0}}",OMNIVISION,4H,,,,,,
2026-05-29 13:30:00,Long,00506,3.54,0.28%,3.39,utb,参数一,"{""utb"": {""key_value"": 2, ""atr_period"": 14, ""use_ha"": false}, ""r&s"": {""srb_left"": 10, ""srb_right"": 10}, ""atr"": {""atr_length"": 14, ""atr_mult"": 1.0}}",CHINA FOODS,4H,,,,,,
2026-05-29 13:30:00,Short,00542,0.8,2.56%,0.88,sqz,参数一,"{""sqz"": {""bb_length"": 15, ""bb_mult"": 1.5, ""kc_length"": 15, ""kc_mult"": 1.2, ""min_sqz_bars"": 4}, ""r&s"": {""srb_left"": 10, ""srb_right"": 10}, ""atr"": {""atr_length"": 14, ""atr_mult"": 1.0}}",CN CULTURAL T&A,4H,支撑释放,1.2-1.24-1.26-0.81,高-高-低,3.33%-1.61%-35.71%,27.0,32.1
2026-05-29 13:30:00,Long,00547,0.23,10.58%,0.19,utb,参数一,"{""utb"": {""key_value"": 2, ""atr_period"": 14, ""use_ha"": false}, ""r&s"": {""srb_left"": 10, ""srb_right"": 10}, ""atr"": {""atr_length"": 14, ""atr_mult"": 1.0}}",DIGITAL DOMAIN,4H,,,,,,
2026-05-29 13:30:00,Long,00547,0.23,10.58%,0.19,utb,参数二,"{""utb"": {""key_value"": 3, ""atr_period"": 14, ""use_ha"": false}, ""r&s"": {""srb_left"": 10, ""srb_right"": 10}, ""atr"": {""atr_length"": 14, ""atr_mult"": 1.0}}",DIGITAL DOMAIN,4H,,,,,,
2026-05-29 13:30:00,Short,00565,2.85,-5.32%,3.23,utb,参数一,"{""utb"": {""key_value"": 2, ""atr_period"": 14, ""use_ha"": false}, ""r&s"": {""srb_left"": 10, ""srb_right"": 10}, ""atr"": {""atr_length"": 14, ""atr_mult"": 1.0}}",ART GROUP HOLD,4H,,,,,,
2026-05-29 13:30:00,Short,00565,2.85,-5.32%,3.23,utb,参数二,"{""utb"": {""key_value"": 3, ""atr_period"": 14, ""use_ha"": false}, ""r&s"": {""srb_left"": 10, ""srb_right"": 10}, ""atr"": {""atr_length"": 14, ""atr_mult"": 1.0}}",ART GROUP HOLD,4H,,,,,,
2026-05-29 13:30:00,Short,00628,0.47,-3.09%,0.53,utb,参数二,"{""utb"": {""key_value"": 3, ""atr_period"": 14, ""use_ha"": false}, ""r&s"": {""srb_left"": 10, ""srb_right"": 10}, ""atr"": {""atr_length"": 14, ""atr_mult"": 1.0}}",TONGTONG AI SOC,4H,,,,,,
2026-05-29 13:30:00,Short,00628,0.47,-3.09%,0.53,sqz,参数二,"{""sqz"": {""bb_length"": 20, ""bb_mult"": 1.8, ""kc_length"": 20, ""kc_mult"": 1.5, ""min_sqz_bars"": 4}, ""r&s"": {""srb_left"": 10, ""srb_right"": 10}, ""atr"": {""atr_length"": 14, ""atr_mult"": 1.0}}",TONGTONG AI SOC,4H,一直亮红,0.17-0.18-0.16-0.32-0.47,高-低-高-高,6.43%-11.54%-101.86%-46.15%,13.0,13.68
2026-05-29 13:30:00,Short,00631,7.7,-0.90%,8.22,sqz,参数一,"{""sqz"": {""bb_length"": 15, ""bb_mult"": 1.5, ""kc_length"": 15, ""kc_mult"": 1.2, ""min_sqz_bars"": 4}, ""r&s"": {""srb_left"": 10, ""srb_right"": 10}, ""atr"": {""atr_length"": 14, ""atr_mult"": 1.0}}",SANY INT'L,4H,一直释放,6.92-6.75-8.52-10.58-10.74,低-高-高-高,2.46%-26.22%-24.18%-1.51%,38.0,19.65
2026-05-29 13:30:00,Short,00638,9.96,-4.51%,10.83,sqz,参数一,"{""sqz"": {""bb_length"": 15, ""bb_mult"": 1.5, ""kc_length"": 15, ""kc_mult"": 1.2, ""min_sqz_bars"": 4}, ""r&s"": {""srb_left"": 10, ""srb_right"": 10}, ""atr"": {""atr_length"": 14, ""atr_mult"": 1.0}}",FIBOCOM,4H,支撑释放,15.21-13.85-12.21-11.6-10.8,低-低-低-低,8.94%-11.84%-5.00%-6.90%,35.0,16.94
2026-05-29 13:30:00,Short,00659,8.07,-0.62%,8.26,sqz,参数一,"{""sqz"": {""bb_length"": 15, ""bb_mult"": 1.5, ""kc_length"": 15, ""kc_mult"": 1.2, ""min_sqz_bars"": 4}, ""r&s"": {""srb_left"": 10, ""srb_right"": 10}, ""atr"": {""atr_length"": 14, ""atr_mult"": 1.0}}",CTF SERVICES,4H,一直亮红,8.3-7.79-7.8-8.03-8.07,低-高-高-高,6.14%-0.13%-2.95%-0.50%,35.0,7.56
2026-05-29 13:30:00,Long,00662,4.87,3.84%,4.81,utb,参数一,"{""utb"": {""key_value"": 2, ""atr_period"": 14, ""use_ha"": false}, ""r&s"": {""srb_left"": 10, ""srb_right"": 10}, ""atr"": {""atr_length"": 14, ""atr_mult"": 1.0}}",ASIA FINANCIAL,4H,,,,,,
2026-05-29 13:30:00,Short,00679,12.01,-9.50%,14.45,utb,参数一,"{""utb"": {""key_value"": 2, ""atr_period"": 14, ""use_ha"": false}, ""r&s"": {""srb_left"": 10, ""srb_right"": 10}, ""atr"": {""atr_length"": 14, ""atr_mult"": 1.0}}",ASIA TELE-NET,4H,,,,,,
2026-05-29 13:30:00,Short,00699,16.06,-2.67%,17.19,sqz,参数二,"{""sqz"": {""bb_length"": 20, ""bb_mult"": 1.8, ""kc_length"": 20, ""kc_mult"": 1.5, ""min_sqz_bars"": 4}, ""r&s"": {""srb_left"": 10, ""srb_right"": 10}, ""atr"": {""atr_length"": 14, ""atr_mult"": 1.0}}",JOYSON ELEC,4H,支撑释放,16.53-15.11-14.02-15.33-16.22,低-低-高-高,8.59%-7.21%-9.34%-5.81%,36.0,16.58
2026-05-29 13:30:00,Short,00710,4.57,-3.38%,4.95,utb,参数二,"{""utb"": {""key_value"": 3, ""atr_period"": 14, ""use_ha"": false}, ""r&s"": {""srb_left"": 10, ""srb_right"": 10}, ""atr"": {""atr_length"": 14, ""atr_mult"": 1.0}}",BOE VARITRONIX,4H,,,,,,
2026-05-29 13:30:00,Long,00731,0.44,5.95%,0.37,utb,参数一,"{""utb"": {""key_value"": 2, ""atr_period"": 14, ""use_ha"": false}, ""r&s"": {""srb_left"": 10, ""srb_right"": 10}, ""atr"": {""atr_length"": 14, ""atr_mult"": 1.0}}",C&D NEWIN,4H,,,,,,
2026-05-29 09:30:00,Long,00733,0.25,10.87%,0.25,utb,参数一,"{""utb"": {""key_value"": 2, ""atr_period"": 14, ""use_ha"": false}, ""r&s"": {""srb_left"": 10, ""srb_right"": 10}, ""atr"": {""atr_length"": 14, ""atr_mult"": 1.0}}",HOPEFLUENT,4H,,,,,,
2026-05-29 13:30:00,Long,00737,1.96,1.03%,1.91,utb,参数一,"{""utb"": {""key_value"": 2, ""atr_period"": 14, ""use_ha"": false}, ""r&s"": {""srb_left"": 10, ""srb_right"": 10}, ""atr"": {""atr_length"": 14, ""atr_mult"": 1.0}}",BAY AREA DEV,4H,,,,,,
2026-05-27 13:30:00,Short,00738,0.29,-7.81%,0.33,utb,参数二,"{""utb"": {""key_value"": 3, ""atr_period"": 14, ""use_ha"": false}, ""r&s"": {""srb_left"": 10, ""srb_right"": 10}, ""atr"": {""atr_length"": 14, ""atr_mult"": 1.0}}",LE SAUNDA,4H,,,,,,
2026-05-27 13:30:00,Short,00738,0.29,-7.81%,0.33,sqz,参数二,"{""sqz"": {""bb_length"": 20, ""bb_mult"": 1.8, ""kc_length"": 20, ""kc_mult"": 1.5, ""min_sqz_bars"": 4}, ""r&s"": {""srb_left"": 10, ""srb_right"": 10}, ""atr"": {""atr_length"": 14, ""atr_mult"": 1.0}}",LE SAUNDA,4H,一直亮红,0.24-0.23-0.22-0.22-0.31,低-低-高-高,5.83%-3.98%-3.23%-40.62%,21.0,19.05
2026-05-29 13:30:00,Long,00750,0.23,5.86%,0.21,utb,参数一,"{""utb"": {""key_value"": 2, ""atr_period"": 14, ""use_ha"": false}, ""r&s"": {""srb_left"": 10, ""srb_right"": 10}, ""atr"": {""atr_length"": 14, ""atr_mult"": 1.0}}",SFSY ENERGY,4H,,,,,,
2026-05-22 09:30:00,Short,00756,0.79,-19.39%,1.05,utb,参数一,"{""utb"": {""key_value"": 2, ""atr_period"": 14, ""use_ha"": false}, ""r&s"": {""srb_left"": 10, ""srb_right"": 10}, ""atr"": {""atr_length"": 14, ""atr_mult"": 1.0}}",SUMMI,4H,,,,,,
2026-05-29 13:30:00,Long,00775,0.73,5.80%,0.65,utb,参数一,"{""utb"": {""key_value"": 2, ""atr_period"": 14, ""use_ha"": false}, ""r&s"": {""srb_left"": 10, ""srb_right"": 10}, ""atr"": {""atr_length"": 14, ""atr_mult"": 1.0}}",CKLIFE SCIENCES,4H,,,,,,
2026-05-29 13:30:00,Long,00775,0.73,5.80%,0.65,utb,参数二,"{""utb"": {""key_value"": 3, ""atr_period"": 14, ""use_ha"": false}, ""r&s"": {""srb_left"": 10, ""srb_right"": 10}, ""atr"": {""atr_length"": 14, ""atr_mult"": 1.0}}",CKLIFE SCIENCES,4H,,,,,,
2026-05-29 13:30:00,Long,00797,0.82,10.81%,0.69,sqz,参数一,"{""sqz"": {""bb_length"": 15, ""bb_mult"": 1.5, ""kc_length"": 15, ""kc_mult"": 1.2, ""min_sqz_bars"": 4}, ""r&s"": {""srb_left"": 10, ""srb_right"": 10}, ""atr"": {""atr_length"": 14, ""atr_mult"": 1.0}}",7ROAD,4H,一直亮绿,0.8-0.75-0.93-0.77,低-高-低,6.25%-24.00%-17.20%,42.0,40.0
2026-05-29 13:30:00,Long,00797,0.82,10.81%,0.69,sqz,参数二,"{""sqz"": {""bb_length"": 20, ""bb_mult"": 1.8, ""kc_length"": 20, ""kc_mult"": 1.5, ""min_sqz_bars"": 4}, ""r&s"": {""srb_left"": 10, ""srb_right"": 10}, ""atr"": {""atr_length"": 14, ""atr_mult"": 1.0}}",7ROAD,4H,一直亮绿,0.8-0.75-0.93-0.77,低-高-低,6.25%-24.00%-17.20%,42.0,40.0
2026-05-29 13:30:00,Long,00816,2.65,0.76%,2.52,utb,参数一,"{""utb"": {""key_value"": 2, ""atr_period"": 14, ""use_ha"": false}, ""r&s"": {""srb_left"": 10, ""srb_right"": 10}, ""atr"": {""atr_length"": 14, ""atr_mult"": 1.0}}",JINMAO SERVICES,4H,,,,,,
2026-05-29 13:30:00,Long,00836,21.26,-0.09%,20.82,sqz,参数一,"{""sqz"": {""bb_length"": 15, ""bb_mult"": 1.5, ""kc_length"": 15, ""kc_mult"": 1.2, ""min_sqz_bars"": 4}, ""r&s"": {""srb_left"": 10, ""srb_right"": 10}, ""atr"": {""atr_length"": 14, ""atr_mult"": 1.0}}",CHINA RES POWER,4H,压力释放,19.64-19.43-19.08-19.88-20.96,低-低-高-高,1.07%-1.80%-4.19%-5.43%,23.0,5.49
2026-05-29 13:30:00,Long,00836,21.26,-0.09%,20.82,sqz,参数二,"{""sqz"": {""bb_length"": 20, ""bb_mult"": 1.8, ""kc_length"": 20, ""kc_mult"": 1.5, ""min_sqz_bars"": 4}, ""r&s"": {""srb_left"": 10, ""srb_right"": 10}, ""atr"": {""atr_length"": 14, ""atr_mult"": 1.0}}",CHINA RES POWER,4H,压力释放,19.64-19.43-19.08-19.88-20.96,低-低-高-高,1.07%-1.80%-4.19%-5.43%,23.0,5.49
2026-05-28 13:30:00,Long,00851,0.23,13.50%,0.18,utb,参数一,"{""utb"": {""key_value"": 2, ""atr_period"": 14, ""use_ha"": false}, ""r&s"": {""srb_left"": 10, ""srb_right"": 10}, ""atr"": {""atr_length"": 14, ""atr_mult"": 1.0}}",SHENG YUAN HLDG,4H,,,,,,
2026-05-28 13:30:00,Long,00851,0.23,13.50%,0.18,sqz,参数一,"{""sqz"": {""bb_length"": 15, ""bb_mult"": 1.5, ""kc_length"": 15, ""kc_mult"": 1.2, ""min_sqz_bars"": 4}, ""r&s"": {""srb_left"": 10, ""srb_right"": 10}, ""atr"": {""atr_length"": 14, ""atr_mult"": 1.0}}",SHENG YUAN HLDG,4H,一直亮绿,nan-0.35-0.45-0.43-0.22,低-高-低-低,nan%-28.57%-5.56%-48.94%,19.0,31.52
2026-05-29 13:30:00,Long,00860,0.65,12.07%,0.52,utb,参数二,"{""utb"": {""key_value"": 3, ""atr_period"": 14, ""use_ha"": false}, ""r&s"": {""srb_left"": 10, ""srb_right"": 10}, ""atr"": {""atr_length"": 14, ""atr_mult"": 1.0}}",APOLLO FMG,4H,,,,,,
2026-05-29 13:30:00,Short,00864,0.21,-2.33%,0.22,utb,参数一,"{""utb"": {""key_value"": 2, ""atr_period"": 14, ""use_ha"": false}, ""r&s"": {""srb_left"": 10, ""srb_right"": 10}, ""atr"": {""atr_length"": 14, ""atr_mult"": 1.0}}",WING LEE PPT,4H,,,,,,
2026-05-29 13:30:00,Long,00880,1.91,1.60%,1.82,utb,参数二,"{""utb"": {""key_value"": 3, ""atr_period"": 14, ""use_ha"": false}, ""r&s"": {""srb_left"": 10, ""srb_right"": 10}, ""atr"": {""atr_length"": 14, ""atr_mult"": 1.0}}",SJM HOLDINGS,4H,,,,,,
2026-05-29 13:30:00,Long,00911,0.75,2.74%,0.59,utb,参数一,"{""utb"": {""key_value"": 2, ""atr_period"": 14, ""use_ha"": false}, ""r&s"": {""srb_left"": 10, ""srb_right"": 10}, ""atr"": {""atr_length"": 14, ""atr_mult"": 1.0}}",QIANHAI HEALTH,4H,,,,,,
2026-05-29 13:30:00,Short,00915,0.06,-3.45%,0.06,utb,参数一,"{""utb"": {""key_value"": 2, ""atr_period"": 14, ""use_ha"": false}, ""r&s"": {""srb_left"": 10, ""srb_right"": 10}, ""atr"": {""atr_length"": 14, ""atr_mult"": 1.0}}",DAOHE GLOBAL,4H,,,,,,
2026-05-29 13:30:00,Long,01001,0.43,1.18%,0.42,sqz,参数二,"{""sqz"": {""bb_length"": 20, ""bb_mult"": 1.8, ""kc_length"": 20, ""kc_mult"": 1.5, ""min_sqz_bars"": 4}, ""r&s"": {""srb_left"": 10, ""srb_right"": 10}, ""atr"": {""atr_length"": 14, ""atr_mult"": 1.0}}",HK SH ALLIANCE,4H,一直释放,0.42-0.44-0.41-0.4-0.4,高-低-低-低,4.76%-6.82%-2.44%-1.25%,55.0,19.7
2026-05-29 13:30:00,Long,01002,0.06,14.04%,0.05,utb,参数一,"{""utb"": {""key_value"": 2, ""atr_period"": 14, ""use_ha"": false}, ""r&s"": {""srb_left"": 10, ""srb_right"": 10}, ""atr"": {""atr_length"": 14, ""atr_mult"": 1.0}}",V.S. INT'L,4H,,,,,,
2026-05-29 13:30:00,Long,01010,0.09,12.99%,0.07,utb,参数一,"{""utb"": {""key_value"": 2, ""atr_period"": 14, ""use_ha"": false}, ""r&s"": {""srb_left"": 10, ""srb_right"": 10}, ""atr"": {""atr_length"": 14, ""atr_mult"": 1.0}}",SKY BLUE 11,4H,,,,,,
2026-05-29 13:30:00,Long,01010,0.09,12.99%,0.07,utb,参数二,"{""utb"": {""key_value"": 3, ""atr_period"": 14, ""use_ha"": false}, ""r&s"": {""srb_left"": 10, ""srb_right"": 10}, ""atr"": {""atr_length"": 14, ""atr_mult"": 1.0}}",SKY BLUE 11,4H,,,,,,
2026-05-29 13:30:00,Short,01021,19.51,-1.91%,20.86,utb,参数一,"{""utb"": {""key_value"": 2, ""atr_period"": 14, ""use_ha"": false}, ""r&s"": {""srb_left"": 10, ""srb_right"": 10}, ""atr"": {""atr_length"": 14, ""atr_mult"": 1.0}}",HUAYAN ROBOTICS,4H,,,,,,
2026-05-29 13:30:00,Long,01025,0.25,4.08%,0.23,utb,参数一,"{""utb"": {""key_value"": 2, ""atr_period"": 14, ""use_ha"": false}, ""r&s"": {""srb_left"": 10, ""srb_right"": 10}, ""atr"": {""atr_length"": 14, ""atr_mult"": 1.0}}",KNT HOLDINGS,4H,,,,,,
2026-05-28 13:30:00,Short,01046,0.34,-11.54%,0.36,utb,参数一,"{""utb"": {""key_value"": 2, ""atr_period"": 14, ""use_ha"": false}, ""r&s"": {""srb_left"": 10, ""srb_right"": 10}, ""atr"": {""atr_length"": 14, ""atr_mult"": 1.0}}",UNIVERSE ENT,4H,,,,,,
2026-05-29 13:30:00,Short,01057,4.79,-1.03%,5.06,utb,参数一,"{""utb"": {""key_value"": 2, ""atr_period"": 14, ""use_ha"": false}, ""r&s"": {""srb_left"": 10, ""srb_right"": 10}, ""atr"": {""atr_length"": 14, ""atr_mult"": 1.0}}",ZHEJIANG SHIBAO,4H,,,,,,
2026-05-29 09:30:00,Long,01059,0.44,9.88%,0.39,utb,参数一,"{""utb"": {""key_value"": 2, ""atr_period"": 14, ""use_ha"": false}, ""r&s"": {""srb_left"": 10, ""srb_right"": 10}, ""atr"": {""atr_length"": 14, ""atr_mult"": 1.0}}",KANTONE HOLDING,4H,,,,,,
2026-05-29 09:30:00,Long,01059,0.44,9.88%,0.39,utb,参数二,"{""utb"": {""key_value"": 3, ""atr_period"": 14, ""use_ha"": false}, ""r&s"": {""srb_left"": 10, ""srb_right"": 10}, ""atr"": {""atr_length"": 14, ""atr_mult"": 1.0}}",KANTONE HOLDING,4H,,,,,,
2026-05-29 13:30:00,Short,01060,0.58,-1.69%,0.63,utb,参数二,"{""utb"": {""key_value"": 3, ""atr_period"": 14, ""use_ha"": false}, ""r&s"": {""srb_left"": 10, ""srb_right"": 10}, ""atr"": {""atr_length"": 14, ""atr_mult"": 1.0}}",DAMAI ENT,4H,,,,,,
2026-05-29 09:30:00,Long,01064,0.07,14.06%,0.06,utb,参数一,"{""utb"": {""key_value"": 2, ""atr_period"": 14, ""use_ha"": false}, ""r&s"": {""srb_left"": 10, ""srb_right"": 10}, ""atr"": {""atr_length"": 14, ""atr_mult"": 1.0}}",ZHONG HUA INT'L,4H,,,,,,
2026-05-29 13:30:00,Short,01066,3.36,-0.88%,3.5,sqz,参数一,"{""sqz"": {""bb_length"": 15, ""bb_mult"": 1.5, ""kc_length"": 15, ""kc_mult"": 1.2, ""min_sqz_bars"": 4}, ""r&s"": {""srb_left"": 10, ""srb_right"": 10}, ""atr"": {""atr_length"": 14, ""atr_mult"": 1.0}}",WEIGAO GROUP,4H,支撑释放,4.97-4.96-4.74-3.55-3.4,低-低-低-低,0.20%-4.44%-25.11%-4.23%,35.0,5.59
2026-05-29 13:30:00,Short,01086,0.92,-1.08%,0.97,utb,参数一,"{""utb"": {""key_value"": 2, ""atr_period"": 14, ""use_ha"": false}, ""r&s"": {""srb_left"": 10, ""srb_right"": 10}, ""atr"": {""atr_length"": 14, ""atr_mult"": 1.0}}",GOODBABY INTL,4H,,,,,,
2026-05-29 13:30:00,Long,01093,7.5,1.49%,7.08,utb,参数一,"{""utb"": {""key_value"": 2, ""atr_period"": 14, ""use_ha"": false}, ""r&s"": {""srb_left"": 10, ""srb_right"": 10}, ""atr"": {""atr_length"": 14, ""atr_mult"": 1.0}}",CSPC PHARMA,4H,,,,,,
2026-05-29 13:30:00,Short,01105,0.18,0.00%,0.19,sqz,参数二,"{""sqz"": {""bb_length"": 20, ""bb_mult"": 1.8, ""kc_length"": 20, ""kc_mult"": 1.5, ""min_sqz_bars"": 4}, ""r&s"": {""srb_left"": 10, ""srb_right"": 10}, ""atr"": {""atr_length"": 14, ""atr_mult"": 1.0}}",SING TAO,4H,支撑释放,0.19-0.19-0.18-0.18-0.18,低-低-高-高,1.60%-2.70%-0.56%-1.10%,15.0,9.29
2026-05-29 13:30:00,Long,01113,47.34,2.11%,45.18,utb,参数一,"{""utb"": {""key_value"": 2, ""atr_period"": 14, ""use_ha"": false}, ""r&s"": {""srb_left"": 10, ""srb_right"": 10}, ""atr"": {""atr_length"": 14, ""atr_mult"": 1.0}}",CK ASSET,4H,,,,,,
2026-05-29 13:30:00,Short,01115,0.46,-2.13%,0.48,utb,参数二,"{""utb"": {""key_value"": 3, ""atr_period"": 14, ""use_ha"": false}, ""r&s"": {""srb_left"": 10, ""srb_right"": 10}, ""atr"": {""atr_length"": 14, ""atr_mult"": 1.0}}",5100 XIZANG,4H,,,,,,
2026-05-12 09:30:00,Long,01118,1.17,3.54%,1.14,utb,参数一,"{""utb"": {""key_value"": 2, ""atr_period"": 14, ""use_ha"": false}, ""r&s"": {""srb_left"": 10, ""srb_right"": 10}, ""atr"": {""atr_length"": 14, ""atr_mult"": 1.0}}",GOLIK HOLDINGS,4H,,,,,,
2026-05-29 13:30:00,Short,01133,19.61,-3.68%,21.36,sqz,参数一,"{""sqz"": {""bb_length"": 15, ""bb_mult"": 1.5, ""kc_length"": 15, ""kc_mult"": 1.2, ""min_sqz_bars"": 4}, ""r&s"": {""srb_left"": 10, ""srb_right"": 10}, ""atr"": {""atr_length"": 14, ""atr_mult"": 1.0}}",HARBIN ELECTRIC,4H,支撑释放,18.5-21.52-20.14-20.02-20.32,高-低-低-高,16.32%-6.41%-0.60%-1.50%,51.0,29.72
2026-05-29 13:30:00,Short,01133,19.61,-3.68%,21.36,sqz,参数二,"{""sqz"": {""bb_length"": 20, ""bb_mult"": 1.8, ""kc_length"": 20, ""kc_mult"": 1.5, ""min_sqz_bars"": 4}, ""r&s"": {""srb_left"": 10, ""srb_right"": 10}, ""atr"": {""atr_length"": 14, ""atr_mult"": 1.0}}",HARBIN ELECTRIC,4H,一直释放,18.5-21.52-20.14-20.02-20.32,高-低-低-高,16.32%-6.41%-0.60%-1.50%,51.0,29.72
2026-05-29 13:30:00,Long,01152,0.32,3.17%,0.27,sqz,参数一,"{""sqz"": {""bb_length"": 15, ""bb_mult"": 1.5, ""kc_length"": 15, ""kc_mult"": 1.2, ""min_sqz_bars"": 4}, ""r&s"": {""srb_left"": 10, ""srb_right"": 10}, ""atr"": {""atr_length"": 14, ""atr_mult"": 1.0}}",MOMENTUM FIN,4H,压力释放,0.35-0.32-0.38-0.29-0.28,低-高-低-低,8.57%-17.19%-22.67%-3.45%,29.0,32.7
2026-05-29 13:30:00,Short,01166,0.21,-3.60%,0.23,sqz,参数一,"{""sqz"": {""bb_length"": 15, ""bb_mult"": 1.5, ""kc_length"": 15, ""kc_mult"": 1.2, ""min_sqz_bars"": 4}, ""r&s"": {""srb_left"": 10, ""srb_right"": 10}, ""atr"": {""atr_length"": 14, ""atr_mult"": 1.0}}",SOLARTECH INT'L,4H,一直亮红,0.34-0.65-0.45-0.46-0.22,高-低-高-低,94.03%-30.77%-1.11%-51.43%,24.0,33.48
2026-05-29 13:30:00,Short,01180,0.68,-2.86%,0.74,utb,参数一,"{""utb"": {""key_value"": 2, ""atr_period"": 14, ""use_ha"": false}, ""r&s"": {""srb_left"": 10, ""srb_right"": 10}, ""atr"": {""atr_length"": 14, ""atr_mult"": 1.0}}",PARADISE ENT,4H,,,,,,
2026-05-29 13:30:00,Short,01196,10.21,-6.16%,11.35,utb,参数一,"{""utb"": {""key_value"": 2, ""atr_period"": 14, ""use_ha"": false}, ""r&s"": {""srb_left"": 10, ""srb_right"": 10}, ""atr"": {""atr_length"": 14, ""atr_mult"": 1.0}}",REALORD GROUP,4H,,,,,,
2026-05-29 13:30:00,Long,01202,1.42,0.71%,1.37,utb,参数二,"{""utb"": {""key_value"": 3, ""atr_period"": 14, ""use_ha"": false}, ""r&s"": {""srb_left"": 10, ""srb_right"": 10}, ""atr"": {""atr_length"": 14, ""atr_mult"": 1.0}}",SIWI SCI & TECH,4H,,,,,,
2026-05-29 13:30:00,Long,01228,2.03,3.05%,1.84,utb,参数二,"{""utb"": {""key_value"": 3, ""atr_period"": 14, ""use_ha"": false}, ""r&s"": {""srb_left"": 10, ""srb_right"": 10}, ""atr"": {""atr_length"": 14, ""atr_mult"": 1.0}}",CANBRIDGE-B,4H,,,,,,
2026-05-29 13:30:00,Long,01232,0.54,50.00%,0.47,utb,参数一,"{""utb"": {""key_value"": 2, ""atr_period"": 14, ""use_ha"": false}, ""r&s"": {""srb_left"": 10, ""srb_right"": 10}, ""atr"": {""atr_length"": 14, ""atr_mult"": 1.0}}",GW TIANDI,4H,,,,,,
2026-05-29 13:30:00,Long,01232,0.54,50.00%,0.47,utb,参数二,"{""utb"": {""key_value"": 3, ""atr_period"": 14, ""use_ha"": false}, ""r&s"": {""srb_left"": 10, ""srb_right"": 10}, ""atr"": {""atr_length"": 14, ""atr_mult"": 1.0}}",GW TIANDI,4H,,,,,,
2026-05-29 13:30:00,Short,01259,0.04,-7.14%,0.05,utb,参数一,"{""utb"": {""key_value"": 2, ""atr_period"": 14, ""use_ha"": false}, ""r&s"": {""srb_left"": 10, ""srb_right"": 10}, ""atr"": {""atr_length"": 14, ""atr_mult"": 1.0}}",PROSPER FUTURE,4H,,,,,,
2026-05-29 13:30:00,Short,01274,4.3,-4.02%,4.81,utb,参数一,"{""utb"": {""key_value"": 2, ""atr_period"": 14, ""use_ha"": false}, ""r&s"": {""srb_left"": 10, ""srb_right"": 10}, ""atr"": {""atr_length"": 14, ""atr_mult"": 1.0}}",IMOTIONTECH,4H,,,,,,
2026-05-29 13:30:00,Long,01277,2.0,3.63%,1.85,utb,参数二,"{""utb"": {""key_value"": 3, ""atr_period"": 14, ""use_ha"": false}, ""r&s"": {""srb_left"": 10, ""srb_right"": 10}, ""atr"": {""atr_length"": 14, ""atr_mult"": 1.0}}",KINETIC DEV,4H,,,,,,
2026-05-29 13:30:00,Short,01280,1.68,-1.75%,1.83,sqz,参数二,"{""sqz"": {""bb_length"": 20, ""bb_mult"": 1.8, ""kc_length"": 20, ""kc_mult"": 1.5, ""min_sqz_bars"": 4}, ""r&s"": {""srb_left"": 10, ""srb_right"": 10}, ""atr"": {""atr_length"": 14, ""atr_mult"": 1.0}}",QIDIAN GUOFENG,4H,一直亮红,2.53-1.56-1.98-1.6-1.7,低-高-低-高,38.34%-26.92%-19.19%-6.25%,22.0,50.59
2026-05-29 13:30:00,Long,01317,0.19,3.78%,0.17,utb,参数一,"{""utb"": {""key_value"": 2, ""atr_period"": 14, ""use_ha"": false}, ""r&s"": {""srb_left"": 10, ""srb_right"": 10}, ""atr"": {""atr_length"": 14, ""atr_mult"": 1.0}}",MAPLELEAF EDU,4H,,,,,,
2026-05-29 13:30:00,Long,01328,5.35,2.69%,5.0,utb,参数一,"{""utb"": {""key_value"": 2, ""atr_period"": 14, ""use_ha"": false}, ""r&s"": {""srb_left"": 10, ""srb_right"": 10}, ""atr"": {""atr_length"": 14, ""atr_mult"": 1.0}}",GOLDSTREAM INV,4H,,,,,,
2026-05-29 13:30:00,Short,01334,2.16,-14.29%,2.7,utb,参数一,"{""utb"": {""key_value"": 2, ""atr_period"": 14, ""use_ha"": false}, ""r&s"": {""srb_left"": 10, ""srb_right"": 10}, ""atr"": {""atr_length"": 14, ""atr_mult"": 1.0}}",RUICHANG INTL,4H,,,,,,
2026-05-29 13:30:00,Short,01385,31.54,-4.94%,34.9,sqz,参数二,"{""sqz"": {""bb_length"": 20, ""bb_mult"": 1.8, ""kc_length"": 20, ""kc_mult"": 1.5, ""min_sqz_bars"": 4}, ""r&s"": {""srb_left"": 10, ""srb_right"": 10}, ""atr"": {""atr_length"": 14, ""atr_mult"": 1.0}}",SHANGHAI FUDAN,4H,一直释放,38.7-44.56-45.5-34.62-38.1,高-高-低-高,15.14%-2.11%-23.91%-10.05%,39.0,19.79
2026-05-29 13:30:00,Short,01425,0.64,0.00%,0.65,sqz,参数一,"{""sqz"": {""bb_length"": 15, ""bb_mult"": 1.5, ""kc_length"": 15, ""kc_mult"": 1.2, ""min_sqz_bars"": 4}, ""r&s"": {""srb_left"": 10, ""srb_right"": 10}, ""atr"": {""atr_length"": 14, ""atr_mult"": 1.0}}",JUSTIN ALLEN H,4H,一直释放,0.63-0.61-0.62-0.65,低-高-高,3.17%-1.64%-4.84%,40.0,12.31
2026-05-29 13:30:00,Short,01473,1.22,-15.28%,1.6,utb,参数二,"{""utb"": {""key_value"": 3, ""atr_period"": 14, ""use_ha"": false}, ""r&s"": {""srb_left"": 10, ""srb_right"": 10}, ""atr"": {""atr_length"": 14, ""atr_mult"": 1.0}}",PANGAEA CONNECT,4H,,,,,,
2026-05-29 13:30:00,Short,01476,1.21,-4.72%,1.26,sqz,参数二,"{""sqz"": {""bb_length"": 20, ""bb_mult"": 1.8, ""kc_length"": 20, ""kc_mult"": 1.5, ""min_sqz_bars"": 4}, ""r&s"": {""srb_left"": 10, ""srb_right"": 10}, ""atr"": {""atr_length"": 14, ""atr_mult"": 1.0}}",FIN STREET SEC,4H,一直亮红,1.75-1.78-1.62-1.45-1.24,高-低-低-低,1.71%-8.99%-10.49%-14.48%,19.0,16.94
2026-05-29 13:30:00,Short,01483,1.22,-0.81%,1.27,sqz,参数一,"{""sqz"": {""bb_length"": 15, ""bb_mult"": 1.5, ""kc_length"": 15, ""kc_mult"": 1.2, ""min_sqz_bars"": 4}, ""r&s"": {""srb_left"": 10, ""srb_right"": 10}, ""atr"": {""atr_length"": 14, ""atr_mult"": 1.0}}",NET-A-GO TECH,4H,支撑释放,1.06-1.09-1.16-1.23-1.26,高-高-高-高,2.83%-6.42%-6.03%-2.44%,12.0,11.11
2026-05-29 13:30:00,Short,01483,1.22,-0.81%,1.27,sqz,参数二,"{""sqz"": {""bb_length"": 20, ""bb_mult"": 1.8, ""kc_length"": 20, ""kc_mult"": 1.5, ""min_sqz_bars"": 4}, ""r&s"": {""srb_left"": 10, ""srb_right"": 10}, ""atr"": {""atr_length"": 14, ""atr_mult"": 1.0}}",NET-A-GO TECH,4H,支撑释放,1.06-1.09-1.16-1.23-1.26,高-高-高-高,2.83%-6.42%-6.03%-2.44%,12.0,11.11
2026-05-29 09:30:00,Long,01486,0.67,3.08%,0.65,utb,参数一,"{""utb"": {""key_value"": 2, ""atr_period"": 14, ""use_ha"": false}, ""r&s"": {""srb_left"": 10, ""srb_right"": 10}, ""atr"": {""atr_length"": 14, ""atr_mult"": 1.0}}",C CHENG HLDGS,4H,,,,,,
2026-05-29 13:30:00,Short,01513,26.28,-0.90%,27.02,sqz,参数二,"{""sqz"": {""bb_length"": 20, ""bb_mult"": 1.8, ""kc_length"": 20, ""kc_mult"": 1.5, ""min_sqz_bars"": 4}, ""r&s"": {""srb_left"": 10, ""srb_right"": 10}, ""atr"": {""atr_length"": 14, ""atr_mult"": 1.0}}",LIVZON PHARMA,4H,支撑释放,25.9-28.02-27.3-27.1-26.58,高-低-低-低,8.19%-2.57%-0.73%-1.92%,17.0,5.72
2026-05-29 13:30:00,Long,01520,0.63,6.78%,0.55,utb,参数一,"{""utb"": {""key_value"": 2, ""atr_period"": 14, ""use_ha"": false}, ""r&s"": {""srb_left"": 10, ""srb_right"": 10}, ""atr"": {""atr_length"": 14, ""atr_mult"": 1.0}}",VIRTUAL MIND,4H,,,,,,
2026-05-29 13:30:00,Long,01520,0.63,6.78%,0.55,utb,参数二,"{""utb"": {""key_value"": 3, ""atr_period"": 14, ""use_ha"": false}, ""r&s"": {""srb_left"": 10, ""srb_right"": 10}, ""atr"": {""atr_length"": 14, ""atr_mult"": 1.0}}",VIRTUAL MIND,4H,,,,,,
2026-05-29 13:30:00,Long,01527,2.13,13.90%,2.04,utb,参数一,"{""utb"": {""key_value"": 2, ""atr_period"": 14, ""use_ha"": false}, ""r&s"": {""srb_left"": 10, ""srb_right"": 10}, ""atr"": {""atr_length"": 14, ""atr_mult"": 1.0}}",TENGY ENV,4H,,,,,,
2026-05-29 13:30:00,Long,01527,2.13,13.90%,2.04,utb,参数二,"{""utb"": {""key_value"": 3, ""atr_period"": 14, ""use_ha"": false}, ""r&s"": {""srb_left"": 10, ""srb_right"": 10}, ""atr"": {""atr_length"": 14, ""atr_mult"": 1.0}}",TENGY ENV,4H,,,,,,
2026-05-29 09:30:00,Short,01532,0.14,-3.45%,0.17,utb,参数一,"{""utb"": {""key_value"": 2, ""atr_period"": 14, ""use_ha"": false}, ""r&s"": {""srb_left"": 10, ""srb_right"": 10}, ""atr"": {""atr_length"": 14, ""atr_mult"": 1.0}}",CHINA PARTYTIME,4H,,,,,,
2026-05-29 13:30:00,Long,01536,0.28,18.03%,0.25,utb,参数一,"{""utb"": {""key_value"": 2, ""atr_period"": 14, ""use_ha"": false}, ""r&s"": {""srb_left"": 10, ""srb_right"": 10}, ""atr"": {""atr_length"": 14, ""atr_mult"": 1.0}}",YUK WING GP,4H,,,,,,
2026-05-29 13:30:00,Short,01548,13.68,-0.58%,14.41,utb,参数二,"{""utb"": {""key_value"": 3, ""atr_period"": 14, ""use_ha"": false}, ""r&s"": {""srb_left"": 10, ""srb_right"": 10}, ""atr"": {""atr_length"": 14, ""atr_mult"": 1.0}}",GENSCRIPT BIO,4H,,,,,,
2026-05-28 13:30:00,Short,01556,0.28,-1.79%,0.29,utb,参数二,"{""utb"": {""key_value"": 3, ""atr_period"": 14, ""use_ha"": false}, ""r&s"": {""srb_left"": 10, ""srb_right"": 10}, ""atr"": {""atr_length"": 14, ""atr_mult"": 1.0}}",CHINNEY KW,4H,,,,,,
2026-05-29 13:30:00,Short,01578,2.19,-0.45%,2.24,sqz,参数一,"{""sqz"": {""bb_length"": 15, ""bb_mult"": 1.5, ""kc_length"": 15, ""kc_mult"": 1.2, ""min_sqz_bars"": 4}, ""r&s"": {""srb_left"": 10, ""srb_right"": 10}, ""atr"": {""atr_length"": 14, ""atr_mult"": 1.0}}",BANK OF TIANJIN,4H,一直亮红,2.31-2.32-2.35-2.11-2.19,高-高-低-高,0.43%-1.29%-10.21%-3.79%,25.0,6.39
2026-05-29 13:30:00,Short,01578,2.19,-0.45%,2.24,sqz,参数二,"{""sqz"": {""bb_length"": 20, ""bb_mult"": 1.8, ""kc_length"": 20, ""kc_mult"": 1.5, ""min_sqz_bars"": 4}, ""r&s"": {""srb_left"": 10, ""srb_right"": 10}, ""atr"": {""atr_length"": 14, ""atr_mult"": 1.0}}",BANK OF TIANJIN,4H,一直亮红,2.31-2.32-2.35-2.11-2.19,高-高-低-高,0.43%-1.29%-10.21%-3.79%,25.0,6.39
2026-05-29 13:30:00,Long,01582,0.43,4.94%,0.4,utb,参数一,"{""utb"": {""key_value"": 2, ""atr_period"": 14, ""use_ha"": false}, ""r&s"": {""srb_left"": 10, ""srb_right"": 10}, ""atr"": {""atr_length"": 14, ""atr_mult"": 1.0}}",CR CONSTRUCTION,4H,,,,,,
2026-05-28 13:30:00,Long,01586,1.5,0.67%,1.41,utb,参数二,"{""utb"": {""key_value"": 3, ""atr_period"": 14, ""use_ha"": false}, ""r&s"": {""srb_left"": 10, ""srb_right"": 10}, ""atr"": {""atr_length"": 14, ""atr_mult"": 1.0}}",LEON INSPECTION,4H,,,,,,
2026-05-29 13:30:00,Short,01613,0.16,-7.69%,0.18,utb,参数二,"{""utb"": {""key_value"": 3, ""atr_period"": 14, ""use_ha"": false}, ""r&s"": {""srb_left"": 10, ""srb_right"": 10}, ""atr"": {""atr_length"": 14, ""atr_mult"": 1.0}}",SYNERTONE,4H,,,,,,
2026-05-27 13:30:00,Long,01632,0.06,3.23%,0.06,sqz,参数一,"{""sqz"": {""bb_length"": 15, ""bb_mult"": 1.5, ""kc_length"": 15, ""kc_mult"": 1.2, ""min_sqz_bars"": 4}, ""r&s"": {""srb_left"": 10, ""srb_right"": 10}, ""atr"": {""atr_length"": 14, ""atr_mult"": 1.0}}",MSCTECH,4H,压力释放,0.11-0.13-0.13-0.11-0.06,高-低-低-低,16.96%-3.05%-14.96%-40.74%,13.0,18.52
2026-05-29 13:30:00,Long,01633,0.43,13.16%,0.34,utb,参数一,"{""utb"": {""key_value"": 2, ""atr_period"": 14, ""use_ha"": false}, ""r&s"": {""srb_left"": 10, ""srb_right"": 10}, ""atr"": {""atr_length"": 14, ""atr_mult"": 1.0}}",SHEUNG YUE GP,4H,,,,,,
2026-05-19 09:30:00,Short,01656,3.88,-4.90%,4.05,utb,参数一,"{""utb"": {""key_value"": 2, ""atr_period"": 14, ""use_ha"": false}, ""r&s"": {""srb_left"": 10, ""srb_right"": 10}, ""atr"": {""atr_length"": 14, ""atr_mult"": 1.0}}",ISDN HOLDINGS,4H,,,,,,
2026-05-29 13:30:00,Long,01658,5.02,1.01%,4.89,utb,参数一,"{""utb"": {""key_value"": 2, ""atr_period"": 14, ""use_ha"": false}, ""r&s"": {""srb_left"": 10, ""srb_right"": 10}, ""atr"": {""atr_length"": 14, ""atr_mult"": 1.0}}",PSBC,4H,,,,,,
2026-05-29 13:30:00,Long,01676,0.22,1.36%,0.21,utb,参数一,"{""utb"": {""key_value"": 2, ""atr_period"": 14, ""use_ha"": false}, ""r&s"": {""srb_left"": 10, ""srb_right"": 10}, ""atr"": {""atr_length"": 14, ""atr_mult"": 1.0}}",GAODI HOLDINGS,4H,,,,,,
2026-05-07 09:30:00,Long,01702,1.99,0.00%,1.82,sqz,参数二,"{""sqz"": {""bb_length"": 20, ""bb_mult"": 1.8, ""kc_length"": 20, ""kc_mult"": 1.5, ""min_sqz_bars"": 4}, ""r&s"": {""srb_left"": 10, ""srb_right"": 10}, ""atr"": {""atr_length"": 14, ""atr_mult"": 1.0}}",DONGGUANG CHEM,4H,压力释放,nan-1.7,低,nan%,41.0,193.1
2026-05-29 13:30:00,Long,01703,0.74,12.12%,0.57,utb,参数一,"{""utb"": {""key_value"": 2, ""atr_period"": 14, ""use_ha"": false}, ""r&s"": {""srb_left"": 10, ""srb_right"": 10}, ""atr"": {""atr_length"": 14, ""atr_mult"": 1.0}}",EASYHOLD GP-NEW,4H,,,,,,
2026-05-29 13:30:00,Short,01725,0.46,-3.19%,0.49,sqz,参数二,"{""sqz"": {""bb_length"": 20, ""bb_mult"": 1.8, ""kc_length"": 20, ""kc_mult"": 1.5, ""min_sqz_bars"": 4}, ""r&s"": {""srb_left"": 10, ""srb_right"": 10}, ""atr"": {""atr_length"": 14, ""atr_mult"": 1.0}}",C STRATEGIC TEC,4H,一直释放,0.66-0.68-0.78-0.6-0.51,高-高-低-低,3.03%-14.71%-23.08%-15.00%,37.0,35.29
2025-06-30 13:30:00,Short,01728,0.14,0.70%,0.15,sqz,参数一,"{""sqz"": {""bb_length"": 15, ""bb_mult"": 1.5, ""kc_length"": 15, ""kc_mult"": 1.2, ""min_sqz_bars"": 4}, ""r&s"": {""srb_left"": 10, ""srb_right"": 10}, ""atr"": {""atr_length"": 14, ""atr_mult"": 1.0}}",ZHENGTONGAUTO,4H,支撑释放,0.1-0.09-0.09-0.12-0.15,低-低-高-高,5.15%-5.43%-32.18%-27.83%,28.0,2.72
2025-06-30 13:30:00,Short,01728,0.14,0.70%,0.15,sqz,参数二,"{""sqz"": {""bb_length"": 20, ""bb_mult"": 1.8, ""kc_length"": 20, ""kc_mult"": 1.5, ""min_sqz_bars"": 4}, ""r&s"": {""srb_left"": 10, ""srb_right"": 10}, ""atr"": {""atr_length"": 14, ""atr_mult"": 1.0}}",ZHENGTONGAUTO,4H,支撑释放,0.1-0.09-0.09-0.12-0.15,低-低-高-高,5.15%-5.43%-32.18%-27.83%,28.0,2.72
2026-05-28 13:30:00,Short,01736,0.43,0.00%,0.45,sqz,参数一,"{""sqz"": {""bb_length"": 15, ""bb_mult"": 1.5, ""kc_length"": 15, ""kc_mult"": 1.2, ""min_sqz_bars"": 4}, ""r&s"": {""srb_left"": 10, ""srb_right"": 10}, ""atr"": {""atr_length"": 14, ""atr_mult"": 1.0}}",PARENTING NET,4H,一直释放,0.31-0.32-0.46-0.5-0.43,高-高-高-低,1.59%-42.19%-8.79%-13.13%,26.0,18.6
2026-05-29 13:30:00,Short,01742,0.17,-3.85%,0.19,utb,参数二,"{""utb"": {""key_value"": 3, ""atr_period"": 14, ""use_ha"": false}, ""r&s"": {""srb_left"": 10, ""srb_right"": 10}, ""atr"": {""atr_length"": 14, ""atr_mult"": 1.0}}",HPC HOLDINGS,4H,,,,,,
2026-05-28 09:30:00,Long,01759,0.99,12.50%,0.84,utb,参数一,"{""utb"": {""key_value"": 2, ""atr_period"": 14, ""use_ha"": false}, ""r&s"": {""srb_left"": 10, ""srb_right"": 10}, ""atr"": {""atr_length"": 14, ""atr_mult"": 1.0}}",SINO GAS HLDGS,4H,,,,,,
2026-05-28 09:30:00,Long,01759,0.99,12.50%,0.84,utb,参数二,"{""utb"": {""key_value"": 3, ""atr_period"": 14, ""use_ha"": false}, ""r&s"": {""srb_left"": 10, ""srb_right"": 10}, ""atr"": {""atr_length"": 14, ""atr_mult"": 1.0}}",SINO GAS HLDGS,4H,,,,,,
2026-05-29 13:30:00,Long,01775,0.4,2.60%,0.38,utb,参数二,"{""utb"": {""key_value"": 3, ""atr_period"": 14, ""use_ha"": false}, ""r&s"": {""srb_left"": 10, ""srb_right"": 10}, ""atr"": {""atr_length"": 14, ""atr_mult"": 1.0}}",BEXCELLENT GP,4H,,,,,,
2026-05-29 13:30:00,Long,01777,0.06,13.21%,0.05,utb,参数一,"{""utb"": {""key_value"": 2, ""atr_period"": 14, ""use_ha"": false}, ""r&s"": {""srb_left"": 10, ""srb_right"": 10}, ""atr"": {""atr_length"": 14, ""atr_mult"": 1.0}}",FANTASIA,4H,,,,,,
2026-05-29 13:30:00,Short,01812,0.8,-2.44%,0.86,sqz,参数一,"{""sqz"": {""bb_length"": 15, ""bb_mult"": 1.5, ""kc_length"": 15, ""kc_mult"": 1.2, ""min_sqz_bars"": 4}, ""r&s"": {""srb_left"": 10, ""srb_right"": 10}, ""atr"": {""atr_length"": 14, ""atr_mult"": 1.0}}",CHENMING PAPER,4H,支撑释放,0.73-0.79-0.93-1.05-0.83,高-高-高-低,8.22%-17.72%-12.90%-20.95%,24.0,12.05
2026-05-29 13:30:00,Long,01826,0.13,18.87%,0.1,utb,参数一,"{""utb"": {""key_value"": 2, ""atr_period"": 14, ""use_ha"": false}, ""r&s"": {""srb_left"": 10, ""srb_right"": 10}, ""atr"": {""atr_length"": 14, ""atr_mult"": 1.0}}",FDB HOLDINGS,4H,,,,,,
2026-05-29 13:30:00,Long,01826,0.13,18.87%,0.1,utb,参数二,"{""utb"": {""key_value"": 3, ""atr_period"": 14, ""use_ha"": false}, ""r&s"": {""srb_left"": 10, ""srb_right"": 10}, ""atr"": {""atr_length"": 14, ""atr_mult"": 1.0}}",FDB HOLDINGS,4H,,,,,,
2026-05-29 13:30:00,Long,01827,0.91,30.00%,0.8,utb,参数一,"{""utb"": {""key_value"": 2, ""atr_period"": 14, ""use_ha"": false}, ""r&s"": {""srb_left"": 10, ""srb_right"": 10}, ""atr"": {""atr_length"": 14, ""atr_mult"": 1.0}}",MIRICOR,4H,,,,,,
2026-05-29 13:30:00,Long,01831,0.41,3.80%,0.38,utb,参数二,"{""utb"": {""key_value"": 3, ""atr_period"": 14, ""use_ha"": false}, ""r&s"": {""srb_left"": 10, ""srb_right"": 10}, ""atr"": {""atr_length"": 14, ""atr_mult"": 1.0}}",SHIFANG HLDG,4H,,,,,,
2026-05-29 13:30:00,Long,01841,0.23,3.98%,0.23,utb,参数一,"{""utb"": {""key_value"": 2, ""atr_period"": 14, ""use_ha"": false}, ""r&s"": {""srb_left"": 10, ""srb_right"": 10}, ""atr"": {""atr_length"": 14, ""atr_mult"": 1.0}}",A.PLUS GROUP,4H,,,,,,
2026-05-29 13:30:00,Long,01842,0.04,10.00%,0.04,utb,参数一,"{""utb"": {""key_value"": 2, ""atr_period"": 14, ""use_ha"": false}, ""r&s"": {""srb_left"": 10, ""srb_right"": 10}, ""atr"": {""atr_length"": 14, ""atr_mult"": 1.0}}",GROWN UP GROUP,4H,,,,,,
2026-05-29 13:30:00,Short,01847,0.45,-3.23%,0.49,utb,参数一,"{""utb"": {""key_value"": 2, ""atr_period"": 14, ""use_ha"": false}, ""r&s"": {""srb_left"": 10, ""srb_right"": 10}, ""atr"": {""atr_length"": 14, ""atr_mult"": 1.0}}",GHPC,4H,,,,,,
2026-05-29 13:30:00,Long,01860,16.16,5.62%,14.5,utb,参数二,"{""utb"": {""key_value"": 3, ""atr_period"": 14, ""use_ha"": false}, ""r&s"": {""srb_left"": 10, ""srb_right"": 10}, ""atr"": {""atr_length"": 14, ""atr_mult"": 1.0}}",MOBVISTA,4H,,,,,,
2026-05-29 13:30:00,Long,01872,7.12,15.77%,5.64,utb,参数二,"{""utb"": {""key_value"": 3, ""atr_period"": 14, ""use_ha"": false}, ""r&s"": {""srb_left"": 10, ""srb_right"": 10}, ""atr"": {""atr_length"": 14, ""atr_mult"": 1.0}}",GUAN CHAO HLDGS,4H,,,,,,
2026-05-29 09:30:00,Long,01925,1.29,2.38%,1.25,utb,参数二,"{""utb"": {""key_value"": 3, ""atr_period"": 14, ""use_ha"": false}, ""r&s"": {""srb_left"": 10, ""srb_right"": 10}, ""atr"": {""atr_length"": 14, ""atr_mult"": 1.0}}",KWUNGS AROMA,4H,,,,,,
2026-05-29 13:30:00,Long,01957,0.25,3.33%,0.23,utb,参数一,"{""utb"": {""key_value"": 2, ""atr_period"": 14, ""use_ha"": false}, ""r&s"": {""srb_left"": 10, ""srb_right"": 10}, ""atr"": {""atr_length"": 14, ""atr_mult"": 1.0}}",MBV INTL,4H,,,,,,
2026-05-29 13:30:00,Long,01957,0.25,3.33%,0.23,sqz,参数二,"{""sqz"": {""bb_length"": 20, ""bb_mult"": 1.8, ""kc_length"": 20, ""kc_mult"": 1.5, ""min_sqz_bars"": 4}, ""r&s"": {""srb_left"": 10, ""srb_right"": 10}, ""atr"": {""atr_length"": 14, ""atr_mult"": 1.0}}",MBV INTL,4H,一直亮绿,0.26-0.25-0.2-0.24,低-低-高,4.62%-19.35%-20.00%,39.0,25.89
2026-05-29 13:30:00,Short,01965,0.13,-7.75%,0.14,utb,参数一,"{""utb"": {""key_value"": 2, ""atr_period"": 14, ""use_ha"": false}, ""r&s"": {""srb_left"": 10, ""srb_right"": 10}, ""atr"": {""atr_length"": 14, ""atr_mult"": 1.0}}",LANDSEA LIFE,4H,,,,,,
2026-05-29 13:30:00,Short,01975,0.41,-7.87%,0.46,utb,参数一,"{""utb"": {""key_value"": 2, ""atr_period"": 14, ""use_ha"": false}, ""r&s"": {""srb_left"": 10, ""srb_right"": 10}, ""atr"": {""atr_length"": 14, ""atr_mult"": 1.0}}",SUN HING PRINT,4H,,,,,,
2026-05-29 13:30:00,Long,01978,0.3,7.14%,0.29,utb,参数一,"{""utb"": {""key_value"": 2, ""atr_period"": 14, ""use_ha"": false}, ""r&s"": {""srb_left"": 10, ""srb_right"": 10}, ""atr"": {""atr_length"": 14, ""atr_mult"": 1.0}}",LH GROUP,4H,,,,,,
2026-05-20 09:30:00,Short,01983,2.44,-4.31%,2.51,utb,参数一,"{""utb"": {""key_value"": 2, ""atr_period"": 14, ""use_ha"": false}, ""r&s"": {""srb_left"": 10, ""srb_right"": 10}, ""atr"": {""atr_length"": 14, ""atr_mult"": 1.0}}",LUZHOU BANK,4H,,,,,,
2026-05-28 09:30:00,Short,01996,0.03,-7.14%,0.03,utb,参数一,"{""utb"": {""key_value"": 2, ""atr_period"": 14, ""use_ha"": false}, ""r&s"": {""srb_left"": 10, ""srb_right"": 10}, ""atr"": {""atr_length"": 14, ""atr_mult"": 1.0}}",RSUN PPT,4H,,,,,,
2026-05-29 13:30:00,Long,02008,1.59,6.00%,1.45,utb,参数二,"{""utb"": {""key_value"": 3, ""atr_period"": 14, ""use_ha"": false}, ""r&s"": {""srb_left"": 10, ""srb_right"": 10}, ""atr"": {""atr_length"": 14, ""atr_mult"": 1.0}}",PHOENIX TV,4H,,,,,,
2026-05-29 13:30:00,Long,02017,0.24,4.35%,0.22,utb,参数二,"{""utb"": {""key_value"": 3, ""atr_period"": 14, ""use_ha"": false}, ""r&s"": {""srb_left"": 10, ""srb_right"": 10}, ""atr"": {""atr_length"": 14, ""atr_mult"": 1.0}}",CHANHIGH,4H,,,,,,
2026-05-29 09:30:00,Short,02033,0.29,-6.45%,0.32,utb,参数二,"{""utb"": {""key_value"": 3, ""atr_period"": 14, ""use_ha"": false}, ""r&s"": {""srb_left"": 10, ""srb_right"": 10}, ""atr"": {""atr_length"": 14, ""atr_mult"": 1.0}}",TIME WATCH,4H,,,,,,
2026-05-29 13:30:00,Long,02038,30.14,3.86%,27.89,utb,参数一,"{""utb"": {""key_value"": 2, ""atr_period"": 14, ""use_ha"": false}, ""r&s"": {""srb_left"": 10, ""srb_right"": 10}, ""atr"": {""atr_length"": 14, ""atr_mult"": 1.0}}",FIH,4H,,,,,,
2026-05-27 13:30:00,Short,02113,0.13,-7.25%,0.15,utb,参数一,"{""utb"": {""key_value"": 2, ""atr_period"": 14, ""use_ha"": false}, ""r&s"": {""srb_left"": 10, ""srb_right"": 10}, ""atr"": {""atr_length"": 14, ""atr_mult"": 1.0}}",CENTURY GP INTL,4H,,,,,,
2026-05-21 13:30:00,Short,02152,4.72,-5.60%,4.86,utb,参数一,"{""utb"": {""key_value"": 2, ""atr_period"": 14, ""use_ha"": false}, ""r&s"": {""srb_left"": 10, ""srb_right"": 10}, ""atr"": {""atr_length"": 14, ""atr_mult"": 1.0}}",SUXIN SERVICES,4H,,,,,,
2026-05-21 13:30:00,Short,02152,4.72,-5.60%,4.86,utb,参数二,"{""utb"": {""key_value"": 3, ""atr_period"": 14, ""use_ha"": false}, ""r&s"": {""srb_left"": 10, ""srb_right"": 10}, ""atr"": {""atr_length"": 14, ""atr_mult"": 1.0}}",SUXIN SERVICES,4H,,,,,,
2026-05-28 13:30:00,Long,02165,1.7,0.59%,1.65,utb,参数一,"{""utb"": {""key_value"": 2, ""atr_period"": 14, ""use_ha"": false}, ""r&s"": {""srb_left"": 10, ""srb_right"": 10}, ""atr"": {""atr_length"": 14, ""atr_mult"": 1.0}}",LING YUE SER GP,4H,,,,,,
2026-05-29 13:30:00,Short,02190,20.04,-2.81%,21.21,sqz,参数二,"{""sqz"": {""bb_length"": 20, ""bb_mult"": 1.8, ""kc_length"": 20, ""kc_mult"": 1.5, ""min_sqz_bars"": 4}, ""r&s"": {""srb_left"": 10, ""srb_right"": 10}, ""atr"": {""atr_length"": 14, ""atr_mult"": 1.0}}",ZYLOXTB,4H,一直释放,19.7-20.8-22.5-22.14-21.56,高-高-低-低,5.58%-8.17%-1.60%-2.62%,29.0,5.29
2026-05-29 13:30:00,Short,02199,1.7,-2.86%,1.81,sqz,参数一,"{""sqz"": {""bb_length"": 15, ""bb_mult"": 1.5, ""kc_length"": 15, ""kc_mult"": 1.2, ""min_sqz_bars"": 4}, ""r&s"": {""srb_left"": 10, ""srb_right"": 10}, ""atr"": {""atr_length"": 14, ""atr_mult"": 1.0}}",REGINA MIRACLE,4H,一直释放,2.08-2.2-2.3-1.95-1.81,高-高-低-低,5.77%-4.55%-15.22%-7.18%,31.0,5.52
2026-05-29 13:30:00,Long,02232,6.03,0.50%,5.84,utb,参数一,"{""utb"": {""key_value"": 2, ""atr_period"": 14, ""use_ha"": false}, ""r&s"": {""srb_left"": 10, ""srb_right"": 10}, ""atr"": {""atr_length"": 14, ""atr_mult"": 1.0}}",CRYSTAL INTL,4H,,,,,,
2026-05-26 13:30:00,Short,02270,4.36,-7.04%,4.5,utb,参数一,"{""utb"": {""key_value"": 2, ""atr_period"": 14, ""use_ha"": false}, ""r&s"": {""srb_left"": 10, ""srb_right"": 10}, ""atr"": {""atr_length"": 14, ""atr_mult"": 1.0}}",DESUN SERVICES,4H,,,,,,
2026-05-29 13:30:00,Long,02273,27.9,5.60%,25.53,utb,参数一,"{""utb"": {""key_value"": 2, ""atr_period"": 14, ""use_ha"": false}, ""r&s"": {""srb_left"": 10, ""srb_right"": 10}, ""atr"": {""atr_length"": 14, ""atr_mult"": 1.0}}",GUSHENGTANG,4H,,,,,,
2026-05-29 13:30:00,Short,02276,42.26,-2.18%,44.88,utb,参数一,"{""utb"": {""key_value"": 2, ""atr_period"": 14, ""use_ha"": false}, ""r&s"": {""srb_left"": 10, ""srb_right"": 10}, ""atr"": {""atr_length"": 14, ""atr_mult"": 1.0}}",CONANT OPTICAL,4H,,,,,,
2026-05-29 13:30:00,Long,02295,2.0,1.01%,1.94,utb,参数一,"{""utb"": {""key_value"": 2, ""atr_period"": 14, ""use_ha"": false}, ""r&s"": {""srb_left"": 10, ""srb_right"": 10}, ""atr"": {""atr_length"": 14, ""atr_mult"": 1.0}}",MAXICITY,4H,,,,,,
2026-05-29 13:30:00,Short,02302,4.22,-1.63%,4.45,sqz,参数二,"{""sqz"": {""bb_length"": 20, ""bb_mult"": 1.8, ""kc_length"": 20, ""kc_mult"": 1.5, ""min_sqz_bars"": 4}, ""r&s"": {""srb_left"": 10, ""srb_right"": 10}, ""atr"": {""atr_length"": 14, ""atr_mult"": 1.0}}",CNNC INT'L,4H,一直释放,4.66-4.62-4.68-5.7-5.35,低-高-高-低,0.86%-1.30%-21.79%-6.14%,79.0,22.43
2026-05-29 09:30:00,Short,02317,0.73,-10.98%,0.78,utb,参数一,"{""utb"": {""key_value"": 2, ""atr_period"": 14, ""use_ha"": false}, ""r&s"": {""srb_left"": 10, ""srb_right"": 10}, ""atr"": {""atr_length"": 14, ""atr_mult"": 1.0}}",VEDAN INT'L,4H,,,,,,
2026-05-29 13:30:00,Short,02342,1.29,-2.27%,1.38,sqz,参数一,"{""sqz"": {""bb_length"": 15, ""bb_mult"": 1.5, ""kc_length"": 15, ""kc_mult"": 1.2, ""min_sqz_bars"": 4}, ""r&s"": {""srb_left"": 10, ""srb_right"": 10}, ""atr"": {""atr_length"": 14, ""atr_mult"": 1.0}}",COMBA,4H,一直释放,2.12-1.64-1.47-1.44-1.51,低-低-低-高,22.64%-10.37%-2.04%-4.86%,38.0,9.27
2026-05-26 13:30:00,Long,02363,0.39,20.00%,0.36,utb,参数一,"{""utb"": {""key_value"": 2, ""atr_period"": 14, ""use_ha"": false}, ""r&s"": {""srb_left"": 10, ""srb_right"": 10}, ""atr"": {""atr_length"": 14, ""atr_mult"": 1.0}}",TONGDA HONG TAI,4H,,,,,,
2026-05-29 13:30:00,Long,02367,30.06,3.37%,28.0,utb,参数二,"{""utb"": {""key_value"": 3, ""atr_period"": 14, ""use_ha"": false}, ""r&s"": {""srb_left"": 10, ""srb_right"": 10}, ""atr"": {""atr_length"": 14, ""atr_mult"": 1.0}}",GIANT BIOGENE,4H,,,,,,
2026-05-29 13:30:00,Short,02372,0.61,-3.17%,0.67,utb,参数二,"{""utb"": {""key_value"": 3, ""atr_period"": 14, ""use_ha"": false}, ""r&s"": {""srb_left"": 10, ""srb_right"": 10}, ""atr"": {""atr_length"": 14, ""atr_mult"": 1.0}}",WEILI HOLDINGS,4H,,,,,,
2026-05-29 13:30:00,Long,02377,0.93,5.68%,0.86,utb,参数一,"{""utb"": {""key_value"": 2, ""atr_period"": 14, ""use_ha"": false}, ""r&s"": {""srb_left"": 10, ""srb_right"": 10}, ""atr"": {""atr_length"": 14, ""atr_mult"": 1.0}}",BOQI ENV,4H,,,,,,
2026-05-29 13:30:00,Long,02380,3.72,-0.53%,3.61,sqz,参数一,"{""sqz"": {""bb_length"": 15, ""bb_mult"": 1.5, ""kc_length"": 15, ""kc_mult"": 1.2, ""min_sqz_bars"": 4}, ""r&s"": {""srb_left"": 10, ""srb_right"": 10}, ""atr"": {""atr_length"": 14, ""atr_mult"": 1.0}}",CHINA POWER,4H,压力释放,3.4-3.34-3.42-3.5-3.64,低-高-高-高,1.76%-2.40%-2.34%-4.00%,15.0,5.2
2026-05-29 13:30:00,Short,02393,0.07,-9.33%,0.08,sqz,参数二,"{""sqz"": {""bb_length"": 20, ""bb_mult"": 1.8, ""kc_length"": 20, ""kc_mult"": 1.5, ""min_sqz_bars"": 4}, ""r&s"": {""srb_left"": 10, ""srb_right"": 10}, ""atr"": {""atr_length"": 14, ""atr_mult"": 1.0}}",YESTAR HEALTH,4H,一直释放,0.09-0.1-0.09-0.09,高-低-低,7.61%-5.05%-6.38%,49.0,11.36
2026-05-29 13:30:00,Long,02410,9.14,3.75%,8.41,utb,参数二,"{""utb"": {""key_value"": 3, ""atr_period"": 14, ""use_ha"": false}, ""r&s"": {""srb_left"": 10, ""srb_right"": 10}, ""atr"": {""atr_length"": 14, ""atr_mult"": 1.0}}",TYK MEDICINES-B,4H,,,,,,
2026-05-29 13:30:00,Short,02418,2.65,-7.02%,3.06,sqz,参数一,"{""sqz"": {""bb_length"": 15, ""bb_mult"": 1.5, ""kc_length"": 15, ""kc_mult"": 1.2, ""min_sqz_bars"": 4}, ""r&s"": {""srb_left"": 10, ""srb_right"": 10}, ""atr"": {""atr_length"": 14, ""atr_mult"": 1.0}}",DEEWIN,4H,一直亮红,2.15-1.96-1.9-2.81,低-低-高,8.84%-3.06%-47.89%,47.0,41.64
2026-05-29 13:30:00,Short,02418,2.65,-7.02%,3.06,sqz,参数二,"{""sqz"": {""bb_length"": 20, ""bb_mult"": 1.8, ""kc_length"": 20, ""kc_mult"": 1.5, ""min_sqz_bars"": 4}, ""r&s"": {""srb_left"": 10, ""srb_right"": 10}, ""atr"": {""atr_length"": 14, ""atr_mult"": 1.0}}",DEEWIN,4H,一直亮红,2.15-1.96-1.9-2.81,低-低-高,8.84%-3.06%-47.89%,47.0,41.64
2026-05-29 13:30:00,Long,02422,1.26,2.44%,1.15,utb,参数一,"{""utb"": {""key_value"": 2, ""atr_period"": 14, ""use_ha"": false}, ""r&s"": {""srb_left"": 10, ""srb_right"": 10}, ""atr"": {""atr_length"": 14, ""atr_mult"": 1.0}}",REGO INTERACT,4H,,,,,,
2026-05-29 13:30:00,Short,02458,4.89,0.00%,4.93,sqz,参数二,"{""sqz"": {""bb_length"": 20, ""bb_mult"": 1.8, ""kc_length"": 20, ""kc_mult"": 1.5, ""min_sqz_bars"": 4}, ""r&s"": {""srb_left"": 10, ""srb_right"": 10}, ""atr"": {""atr_length"": 14, ""atr_mult"": 1.0}}",GALA TECH HOLD,4H,一直释放,5.78-6.21-6.3-6.2-4.98,高-高-低-低,7.44%-1.45%-1.59%-19.68%,55.0,20.48
2026-05-29 13:30:00,Long,02460,8.2,4.59%,7.59,utb,参数一,"{""utb"": {""key_value"": 2, ""atr_period"": 14, ""use_ha"": false}, ""r&s"": {""srb_left"": 10, ""srb_right"": 10}, ""atr"": {""atr_length"": 14, ""atr_mult"": 1.0}}",CR BEVERAGE,4H,,,,,,
2026-05-29 13:30:00,Long,02460,8.2,4.59%,7.59,utb,参数二,"{""utb"": {""key_value"": 3, ""atr_period"": 14, ""use_ha"": false}, ""r&s"": {""srb_left"": 10, ""srb_right"": 10}, ""atr"": {""atr_length"": 14, ""atr_mult"": 1.0}}",CR BEVERAGE,4H,,,,,,
2025-03-31 13:30:00,Short,02479,65.0,-13.79%,79.12,sqz,参数一,"{""sqz"": {""bb_length"": 15, ""bb_mult"": 1.5, ""kc_length"": 15, ""kc_mult"": 1.2, ""min_sqz_bars"": 4}, ""r&s"": {""srb_left"": 10, ""srb_right"": 10}, ""atr"": {""atr_length"": 14, ""atr_mult"": 1.0}}",TIANJUDIHE,4H,支撑释放,nan-73.8-72.1-73.7-75.05,低-低-高-高,nan%-2.30%-2.22%-1.83%,15.0,9.26
2025-03-31 13:30:00,Short,02479,65.0,-13.79%,79.12,sqz,参数二,"{""sqz"": {""bb_length"": 20, ""bb_mult"": 1.8, ""kc_length"": 20, ""kc_mult"": 1.5, ""min_sqz_bars"": 4}, ""r&s"": {""srb_left"": 10, ""srb_right"": 10}, ""atr"": {""atr_length"": 14, ""atr_mult"": 1.0}}",TIANJUDIHE,4H,支撑释放,nan-73.8-72.1-73.7-75.05,低-低-高-高,nan%-2.30%-2.22%-1.83%,15.0,9.26
2026-05-29 13:30:00,Short,02513,1595.0,-14.57%,2136.95,utb,参数一,"{""utb"": {""key_value"": 2, ""atr_period"": 14, ""use_ha"": false}, ""r&s"": {""srb_left"": 10, ""srb_right"": 10}, ""atr"": {""atr_length"": 14, ""atr_mult"": 1.0}}",KNOWLEDGE ATLAS,4H,,,,,,
2026-05-29 13:30:00,Long,02516,1.21,2.54%,1.12,utb,参数二,"{""utb"": {""key_value"": 3, ""atr_period"": 14, ""use_ha"": false}, ""r&s"": {""srb_left"": 10, ""srb_right"": 10}, ""atr"": {""atr_length"": 14, ""atr_mult"": 1.0}}",FAR INTL,4H,,,,,,
2026-05-29 13:30:00,Short,02522,7.43,0.13%,7.81,sqz,参数一,"{""sqz"": {""bb_length"": 15, ""bb_mult"": 1.5, ""kc_length"": 15, ""kc_mult"": 1.2, ""min_sqz_bars"": 4}, ""r&s"": {""srb_left"": 10, ""srb_right"": 10}, ""atr"": {""atr_length"": 14, ""atr_mult"": 1.0}}",RIMAG GROUP,4H,支撑释放,7.26-7.85-3.74-4.42-7.6,高-低-高-高,8.13%-52.36%-18.18%-71.95%,25.0,8.95
2026-05-29 13:30:00,Short,02533,14.87,-0.20%,15.71,sqz,参数一,"{""sqz"": {""bb_length"": 15, ""bb_mult"": 1.5, ""kc_length"": 15, ""kc_mult"": 1.2, ""min_sqz_bars"": 4}, ""r&s"": {""srb_left"": 10, ""srb_right"": 10}, ""atr"": {""atr_length"": 14, ""atr_mult"": 1.0}}",BLACK SESAME,4H,支撑释放,18.71-18.2-17.65-14.92-16.27,低-低-低-高,2.73%-3.02%-15.47%-9.05%,49.0,16.1
2026-05-29 13:30:00,Long,02545,0.42,5.00%,0.37,utb,参数一,"{""utb"": {""key_value"": 2, ""atr_period"": 14, ""use_ha"": false}, ""r&s"": {""srb_left"": 10, ""srb_right"": 10}, ""atr"": {""atr_length"": 14, ""atr_mult"": 1.0}}",ZHONGGAN COMM,4H,,,,,,
2026-05-29 13:30:00,Long,02545,0.42,5.00%,0.37,utb,参数二,"{""utb"": {""key_value"": 3, ""atr_period"": 14, ""use_ha"": false}, ""r&s"": {""srb_left"": 10, ""srb_right"": 10}, ""atr"": {""atr_length"": 14, ""atr_mult"": 1.0}}",ZHONGGAN COMM,4H,,,,,,
2026-05-29 13:30:00,Short,02569,0.98,-2.00%,1.03,utb,参数二,"{""utb"": {""key_value"": 3, ""atr_period"": 14, ""use_ha"": false}, ""r&s"": {""srb_left"": 10, ""srb_right"": 10}, ""atr"": {""atr_length"": 14, ""atr_mult"": 1.0}}",SOFT INTL,4H,,,,,,
2026-05-29 13:30:00,Short,02577,71.05,-3.60%,78.29,utb,参数一,"{""utb"": {""key_value"": 2, ""atr_period"": 14, ""use_ha"": false}, ""r&s"": {""srb_left"": 10, ""srb_right"": 10}, ""atr"": {""atr_length"": 14, ""atr_mult"": 1.0}}",INNOSCIENCE,4H,,,,,,
2026-05-29 13:30:00,Short,02579,33.16,-3.04%,35.85,sqz,参数一,"{""sqz"": {""bb_length"": 15, ""bb_mult"": 1.5, ""kc_length"": 15, ""kc_mult"": 1.2, ""min_sqz_bars"": 4}, ""r&s"": {""srb_left"": 10, ""srb_right"": 10}, ""atr"": {""atr_length"": 14, ""atr_mult"": 1.0}}",CNGR,4H,支撑释放,35.6-31.96-30.28-30.4-35.62,低-低-高-高,10.22%-5.26%-0.40%-17.17%,49.0,30.38
2026-05-29 13:30:00,Short,02579,33.16,-3.04%,35.85,sqz,参数二,"{""sqz"": {""bb_length"": 20, ""bb_mult"": 1.8, ""kc_length"": 20, ""kc_mult"": 1.5, ""min_sqz_bars"": 4}, ""r&s"": {""srb_left"": 10, ""srb_right"": 10}, ""atr"": {""atr_length"": 14, ""atr_mult"": 1.0}}",CNGR,4H,一直释放,35.6-31.96-30.28-30.4-35.62,低-低-高-高,10.22%-5.26%-0.40%-17.17%,49.0,30.38
2026-05-29 13:30:00,Long,02597,46.0,8.24%,41.26,utb,参数二,"{""utb"": {""key_value"": 3, ""atr_period"": 14, ""use_ha"": false}, ""r&s"": {""srb_left"": 10, ""srb_right"": 10}, ""atr"": {""atr_length"": 14, ""atr_mult"": 1.0}}",XUNZHONG,4H,,,,,,
2026-05-29 13:30:00,Long,02602,17.6,2.92%,16.5,utb,参数二,"{""utb"": {""key_value"": 3, ""atr_period"": 14, ""use_ha"": false}, ""r&s"": {""srb_left"": 10, ""srb_right"": 10}, ""atr"": {""atr_length"": 14, ""atr_mult"": 1.0}}",ONEWO,4H,,,,,,
2026-03-31 13:30:00,Short,02629,12.41,-9.61%,15.3,utb,参数二,"{""utb"": {""key_value"": 3, ""atr_period"": 14, ""use_ha"": false}, ""r&s"": {""srb_left"": 10, ""srb_right"": 10}, ""atr"": {""atr_length"": 14, ""atr_mult"": 1.0}}",MIRXES-B,4H,,,,,,
2026-05-29 13:30:00,Short,02630,75.45,-4.37%,81.92,utb,参数一,"{""utb"": {""key_value"": 2, ""atr_period"": 14, ""use_ha"": false}, ""r&s"": {""srb_left"": 10, ""srb_right"": 10}, ""atr"": {""atr_length"": 14, ""atr_mult"": 1.0}}",VIGONVITA-B,4H,,,,,,
2026-05-29 13:30:00,Long,02652,22.22,10.44%,18.83,utb,参数一,"{""utb"": {""key_value"": 2, ""atr_period"": 14, ""use_ha"": false}, ""r&s"": {""srb_left"": 10, ""srb_right"": 10}, ""atr"": {""atr_length"": 14, ""atr_mult"": 1.0}}",CF PHARMTECH,4H,,,,,,
2026-05-29 13:30:00,Long,02652,22.22,10.44%,18.83,utb,参数二,"{""utb"": {""key_value"": 3, ""atr_period"": 14, ""use_ha"": false}, ""r&s"": {""srb_left"": 10, ""srb_right"": 10}, ""atr"": {""atr_length"": 14, ""atr_mult"": 1.0}}",CF PHARMTECH,4H,,,,,,
2026-05-29 13:30:00,Short,02658,52.2,-5.95%,59.34,utb,参数一,"{""utb"": {""key_value"": 2, ""atr_period"": 14, ""use_ha"": false}, ""r&s"": {""srb_left"": 10, ""srb_right"": 10}, ""atr"": {""atr_length"": 14, ""atr_mult"": 1.0}}",TIANYU SEMI,4H,,,,,,
2026-05-29 13:30:00,Short,02676,208.2,-3.70%,230.44,utb,参数一,"{""utb"": {""key_value"": 2, ""atr_period"": 14, ""use_ha"": false}, ""r&s"": {""srb_left"": 10, ""srb_right"": 10}, ""atr"": {""atr_length"": 14, ""atr_mult"": 1.0}}",NOVOSENSE,4H,,,,,,
2026-05-29 13:30:00,Long,02683,1.18,3.51%,1.12,utb,参数一,"{""utb"": {""key_value"": 2, ""atr_period"": 14, ""use_ha"": false}, ""r&s"": {""srb_left"": 10, ""srb_right"": 10}, ""atr"": {""atr_length"": 14, ""atr_mult"": 1.0}}",WAHSUN HANDBAGS,4H,,,,,,
2026-05-29 13:30:00,Short,02692,63.0,-2.85%,68.75,utb,参数二,"{""utb"": {""key_value"": 3, ""atr_period"": 14, ""use_ha"": false}, ""r&s"": {""srb_left"": 10, ""srb_right"": 10}, ""atr"": {""atr_length"": 14, ""atr_mult"": 1.0}}",ZHAOWEI,4H,,,,,,
2026-05-29 13:30:00,Long,02698,27.8,4.28%,25.41,utb,参数一,"{""utb"": {""key_value"": 2, ""atr_period"": 14, ""use_ha"": false}, ""r&s"": {""srb_left"": 10, ""srb_right"": 10}, ""atr"": {""atr_length"": 14, ""atr_mult"": 1.0}}",SOFTCARE,4H,,,,,,
2026-05-29 13:30:00,Long,02698,27.8,4.28%,25.41,utb,参数二,"{""utb"": {""key_value"": 3, ""atr_period"": 14, ""use_ha"": false}, ""r&s"": {""srb_left"": 10, ""srb_right"": 10}, ""atr"": {""atr_length"": 14, ""atr_mult"": 1.0}}",SOFTCARE,4H,,,,,,
2026-05-29 13:30:00,Short,02788,18.61,-1.79%,20.07,sqz,参数二,"{""sqz"": {""bb_length"": 20, ""bb_mult"": 1.8, ""kc_length"": 20, ""kc_mult"": 1.5, ""min_sqz_bars"": 4}, ""r&s"": {""srb_left"": 10, ""srb_right"": 10}, ""atr"": {""atr_length"": 14, ""atr_mult"": 1.0}}",CHUANGXIN IND,4H,支撑释放,16.76-22.74-21.54-23.28-19.58,高-低-高-低,35.68%-5.28%-8.08%-15.89%,15.0,17.98
2026-05-29 13:30:00,Short,02789,0.16,-1.23%,0.17,sqz,参数一,"{""sqz"": {""bb_length"": 15, ""bb_mult"": 1.5, ""kc_length"": 15, ""kc_mult"": 1.2, ""min_sqz_bars"": 4}, ""r&s"": {""srb_left"": 10, ""srb_right"": 10}, ""atr"": {""atr_length"": 14, ""atr_mult"": 1.0}}",YUANDA CHINA,4H,支撑释放,0.17-0.21-0.22-0.18-0.16,高-高-低-低,24.26%-7.14%-21.78%-6.82%,27.0,7.93
2026-05-29 13:30:00,Short,02789,0.16,-1.23%,0.17,sqz,参数二,"{""sqz"": {""bb_length"": 20, ""bb_mult"": 1.8, ""kc_length"": 20, ""kc_mult"": 1.5, ""min_sqz_bars"": 4}, ""r&s"": {""srb_left"": 10, ""srb_right"": 10}, ""atr"": {""atr_length"": 14, ""atr_mult"": 1.0}}",YUANDA CHINA,4H,支撑释放,0.17-0.21-0.22-0.18-0.16,高-高-低-低,24.26%-7.14%-21.78%-6.82%,27.0,7.93
2026-05-29 13:30:00,Short,02807,65.56,-1.56%,68.06,utb,参数一,"{""utb"": {""key_value"": 2, ""atr_period"": 14, ""use_ha"": false}, ""r&s"": {""srb_left"": 10, ""srb_right"": 10}, ""atr"": {""atr_length"": 14, ""atr_mult"": 1.0}}",GX CN ROBO&AI,4H,,,,,,
2026-05-29 13:30:00,Long,02840,3247.0,0.06%,3201.19,utb,参数二,"{""utb"": {""key_value"": 3, ""atr_period"": 14, ""use_ha"": false}, ""r&s"": {""srb_left"": 10, ""srb_right"": 10}, ""atr"": {""atr_length"": 14, ""atr_mult"": 1.0}}",SPDR GOLD TRT,4H,,,,,,
2026-05-29 13:30:00,Long,02863,0.59,11.32%,0.5,sqz,参数一,"{""sqz"": {""bb_length"": 15, ""bb_mult"": 1.5, ""kc_length"": 15, ""kc_mult"": 1.2, ""min_sqz_bars"": 4}, ""r&s"": {""srb_left"": 10, ""srb_right"": 10}, ""atr"": {""atr_length"": 14, ""atr_mult"": 1.0}}",GOLDEN FAITH GP,4H,一直亮绿,0.38-0.43-0.42-0.58,高-低-高,11.84%-1.18%-38.10%,24.0,52.63
2026-05-29 13:30:00,Short,03005,27.34,-2.43%,27.82,utb,参数二,"{""utb"": {""key_value"": 3, ""atr_period"": 14, ""use_ha"": false}, ""r&s"": {""srb_left"": 10, ""srb_right"": 10}, ""atr"": {""atr_length"": 14, ""atr_mult"": 1.0}}",X CSOPCSI500,4H,,,,,,
2026-05-22 09:30:00,Short,03015,1845.5,-1.20%,1896.96,utb,参数一,"{""utb"": {""key_value"": 2, ""atr_period"": 14, ""use_ha"": false}, ""r&s"": {""srb_left"": 10, ""srb_right"": 10}, ""atr"": {""atr_length"": 14, ""atr_mult"": 1.0}}",X TRNIFTY50,4H,,,,,,
2026-05-29 09:30:00,Long,03031,9.86,1.02%,9.69,utb,参数一,"{""utb"": {""key_value"": 2, ""atr_period"": 14, ""use_ha"": false}, ""r&s"": {""srb_left"": 10, ""srb_right"": 10}, ""atr"": {""atr_length"": 14, ""atr_mult"": 1.0}}",FG HS HIGHDIV,4H,,,,,,
2026-05-29 13:30:00,Long,03075,58.64,0.51%,58.46,sqz,参数一,"{""sqz"": {""bb_length"": 15, ""bb_mult"": 1.5, ""kc_length"": 15, ""kc_mult"": 1.2, ""min_sqz_bars"": 4}, ""r&s"": {""srb_left"": 10, ""srb_right"": 10}, ""atr"": {""atr_length"": 14, ""atr_mult"": 1.0}}",GX ASUSD BOND,4H,一直亮绿,59.62-63.04-58.86-60.0-58.48,高-低-高-低,5.74%-6.63%-1.94%-2.53%,36.0,1.21
2026-05-29 13:30:00,Long,03075,58.64,0.51%,58.46,sqz,参数二,"{""sqz"": {""bb_length"": 20, ""bb_mult"": 1.8, ""kc_length"": 20, ""kc_mult"": 1.5, ""min_sqz_bars"": 4}, ""r&s"": {""srb_left"": 10, ""srb_right"": 10}, ""atr"": {""atr_length"": 14, ""atr_mult"": 1.0}}",GX ASUSD BOND,4H,一直亮绿,59.62-63.04-58.86-60.0-58.48,高-低-高-低,5.74%-6.63%-1.94%-2.53%,36.0,1.21
2026-05-29 13:30:00,Long,03081,21.32,0.28%,20.99,utb,参数二,"{""utb"": {""key_value"": 3, ""atr_period"": 14, ""use_ha"": false}, ""r&s"": {""srb_left"": 10, ""srb_right"": 10}, ""atr"": {""atr_length"": 14, ""atr_mult"": 1.0}}",VALUEGOLD ETF,4H,,,,,,
2026-05-29 13:30:00,Short,03109,17.06,-1.78%,17.85,utb,参数一,"{""utb"": {""key_value"": 2, ""atr_period"": 14, ""use_ha"": false}, ""r&s"": {""srb_left"": 10, ""srb_right"": 10}, ""atr"": {""atr_length"": 14, ""atr_mult"": 1.0}}",CSOP STAR 50,4H,,,,,,
2026-03-03 13:30:00,Short,03129,11.05,-11.03%,11.72,utb,参数一,"{""utb"": {""key_value"": 2, ""atr_period"": 14, ""use_ha"": false}, ""r&s"": {""srb_left"": 10, ""srb_right"": 10}, ""atr"": {""atr_length"": 14, ""atr_mult"": 1.0}}",BOCGBACLIMATE,4H,,,,,,
2026-03-03 13:30:00,Short,03129,11.05,-11.03%,11.72,utb,参数二,"{""utb"": {""key_value"": 3, ""atr_period"": 14, ""use_ha"": false}, ""r&s"": {""srb_left"": 10, ""srb_right"": 10}, ""atr"": {""atr_length"": 14, ""atr_mult"": 1.0}}",BOCGBACLIMATE,4H,,,,,,
2026-05-28 13:30:00,Long,03139,99.92,0.44%,96.58,utb,参数一,"{""utb"": {""key_value"": 2, ""atr_period"": 14, ""use_ha"": false}, ""r&s"": {""srb_left"": 10, ""srb_right"": 10}, ""atr"": {""atr_length"": 14, ""atr_mult"": 1.0}}",A GX EV ROBOT,4H,,,,,,
2026-05-29 13:30:00,Long,03145,15.01,0.20%,14.87,utb,参数一,"{""utb"": {""key_value"": 2, ""atr_period"": 14, ""use_ha"": false}, ""r&s"": {""srb_left"": 10, ""srb_right"": 10}, ""atr"": {""atr_length"": 14, ""atr_mult"": 1.0}}",CAM ASIA HIGHDV,4H,,,,,,
2026-05-29 13:30:00,Short,03151,12.37,-1.98%,12.96,utb,参数一,"{""utb"": {""key_value"": 2, ""atr_period"": 14, ""use_ha"": false}, ""r&s"": {""srb_left"": 10, ""srb_right"": 10}, ""atr"": {""atr_length"": 14, ""atr_mult"": 1.0}}",PREMIA STAR50,4H,,,,,,
2026-05-29 13:30:00,Long,03170,14.3,0.42%,14.08,utb,参数二,"{""utb"": {""key_value"": 3, ""atr_period"": 14, ""use_ha"": false}, ""r&s"": {""srb_left"": 10, ""srb_right"": 10}, ""atr"": {""atr_length"": 14, ""atr_mult"": 1.0}}",HS GOLD ETF,4H,,,,,,
2026-05-29 13:30:00,Short,03191,91.78,-2.05%,96.68,utb,参数一,"{""utb"": {""key_value"": 2, ""atr_period"": 14, ""use_ha"": false}, ""r&s"": {""srb_left"": 10, ""srb_right"": 10}, ""atr"": {""atr_length"": 14, ""atr_mult"": 1.0}}",GX CN SEMICON,4H,,,,,,
2026-05-22 09:30:00,Long,03196,8963.25,0.27%,8951.88,sqz,参数一,"{""sqz"": {""bb_length"": 15, ""bb_mult"": 1.5, ""kc_length"": 15, ""kc_mult"": 1.2, ""min_sqz_bars"": 4}, ""r&s"": {""srb_left"": 10, ""srb_right"": 10}, ""atr"": {""atr_length"": 14, ""atr_mult"": 1.0}}",A BOS USD MM,4H,一直释放,nan-8711.75,低,nan%,54.0,0.92
2026-05-22 09:30:00,Long,03196,8963.25,0.27%,8951.88,sqz,参数二,"{""sqz"": {""bb_length"": 20, ""bb_mult"": 1.8, ""kc_length"": 20, ""kc_mult"": 1.5, ""min_sqz_bars"": 4}, ""r&s"": {""srb_left"": 10, ""srb_right"": 10}, ""atr"": {""atr_length"": 14, ""atr_mult"": 1.0}}",A BOS USD MM,4H,一直释放,nan-8711.75,低,nan%,54.0,0.92
2026-05-29 13:30:00,Short,03268,23.84,-5.40%,26.66,utb,参数二,"{""utb"": {""key_value"": 3, ""atr_period"": 14, ""use_ha"": false}, ""r&s"": {""srb_left"": 10, ""srb_right"": 10}, ""atr"": {""atr_length"": 14, ""atr_mult"": 1.0}}",MEIG,4H,,,,,,
2026-05-29 13:30:00,Long,03389,0.29,5.36%,0.27,sqz,参数一,"{""sqz"": {""bb_length"": 15, ""bb_mult"": 1.5, ""kc_length"": 15, ""kc_mult"": 1.2, ""min_sqz_bars"": 4}, ""r&s"": {""srb_left"": 10, ""srb_right"": 10}, ""atr"": {""atr_length"": 14, ""atr_mult"": 1.0}}",HENGDELI,4H,一直亮绿,0.21-0.19-0.2-0.2-0.29,低-高-低-高,10.48%-9.04%-4.39%-50.51%,23.0,28.26
2026-05-29 13:30:00,Long,03389,0.29,5.36%,0.27,sqz,参数二,"{""sqz"": {""bb_length"": 20, ""bb_mult"": 1.8, ""kc_length"": 20, ""kc_mult"": 1.5, ""min_sqz_bars"": 4}, ""r&s"": {""srb_left"": 10, ""srb_right"": 10}, ""atr"": {""atr_length"": 14, ""atr_mult"": 1.0}}",HENGDELI,4H,一直亮绿,0.21-0.19-0.2-0.2-0.29,低-高-低-高,10.48%-9.04%-4.39%-50.51%,23.0,28.26
2026-05-28 13:30:00,Long,03422,104.9,1.94%,102.63,sqz,参数一,"{""sqz"": {""bb_length"": 15, ""bb_mult"": 1.5, ""kc_length"": 15, ""kc_mult"": 1.2, ""min_sqz_bars"": 4}, ""r&s"": {""srb_left"": 10, ""srb_right"": 10}, ""atr"": {""atr_length"": 14, ""atr_mult"": 1.0}}",GX INNO TOP 10,4H,一直释放,78.24-83.8-93.16-94.28-96.08,高-高-高-高,7.11%-11.17%-1.20%-1.91%,68.0,12.77
2026-05-29 13:30:00,Long,03436,77.7,0.08%,77.64,utb,参数二,"{""utb"": {""key_value"": 3, ""atr_period"": 14, ""use_ha"": false}, ""r&s"": {""srb_left"": 10, ""srb_right"": 10}, ""atr"": {""atr_length"": 14, ""atr_mult"": 1.0}}",HSCMS 1-3Y UST,4H,,,,,,
2026-05-21 09:30:00,Short,03478,81.76,-0.61%,82.24,sqz,参数二,"{""sqz"": {""bb_length"": 20, ""bb_mult"": 1.8, ""kc_length"": 20, ""kc_mult"": 1.5, ""min_sqz_bars"": 4}, ""r&s"": {""srb_left"": 10, ""srb_right"": 10}, ""atr"": {""atr_length"": 14, ""atr_mult"": 1.0}}",PPKSA G SUKUK,4H,一直释放,nan-82.5-82.04,低-低,nan%-0.56%,30.0,2.12
2026-05-29 13:30:00,Short,03489,13.96,-3.19%,14.64,utb,参数一,"{""utb"": {""key_value"": 2, ""atr_period"": 14, ""use_ha"": false}, ""r&s"": {""srb_left"": 10, ""srb_right"": 10}, ""atr"": {""atr_length"": 14, ""atr_mult"": 1.0}}",EFUND AI,4H,,,,,,
2026-05-29 13:30:00,Long,03616,0.23,13.30%,0.22,utb,参数一,"{""utb"": {""key_value"": 2, ""atr_period"": 14, ""use_ha"": false}, ""r&s"": {""srb_left"": 10, ""srb_right"": 10}, ""atr"": {""atr_length"": 14, ""atr_mult"": 1.0}}",EVER REACH GP,4H,,,,,,
2026-05-29 09:30:00,Short,03628,0.19,-4.00%,0.2,utb,参数二,"{""utb"": {""key_value"": 3, ""atr_period"": 14, ""use_ha"": false}, ""r&s"": {""srb_left"": 10, ""srb_right"": 10}, ""atr"": {""atr_length"": 14, ""atr_mult"": 1.0}}",RENHENG ENT,4H,,,,,,
2026-05-29 13:30:00,Long,03658,2.02,1.51%,1.97,utb,参数一,"{""utb"": {""key_value"": 2, ""atr_period"": 14, ""use_ha"": false}, ""r&s"": {""srb_left"": 10, ""srb_right"": 10}, ""atr"": {""atr_length"": 14, ""atr_mult"": 1.0}}",NEW HOPE SERV,4H,,,,,,
2026-05-29 13:30:00,Long,03658,2.02,1.51%,1.97,utb,参数二,"{""utb"": {""key_value"": 3, ""atr_period"": 14, ""use_ha"": false}, ""r&s"": {""srb_left"": 10, ""srb_right"": 10}, ""atr"": {""atr_length"": 14, ""atr_mult"": 1.0}}",NEW HOPE SERV,4H,,,,,,
2026-05-29 13:30:00,Long,03662,0.29,3.57%,0.27,utb,参数一,"{""utb"": {""key_value"": 2, ""atr_period"": 14, ""use_ha"": false}, ""r&s"": {""srb_left"": 10, ""srb_right"": 10}, ""atr"": {""atr_length"": 14, ""atr_mult"": 1.0}}",STARJOY W&T,4H,,,,,,
2026-05-29 13:30:00,Long,03699,0.43,7.59%,0.4,utb,参数一,"{""utb"": {""key_value"": 2, ""atr_period"": 14, ""use_ha"": false}, ""r&s"": {""srb_left"": 10, ""srb_right"": 10}, ""atr"": {""atr_length"": 14, ""atr_mult"": 1.0}}",EB GRAND CHINA,4H,,,,,,
2026-05-29 09:30:00,Short,03778,2.4,-19.46%,2.55,utb,参数一,"{""utb"": {""key_value"": 2, ""atr_period"": 14, ""use_ha"": false}, ""r&s"": {""srb_left"": 10, ""srb_right"": 10}, ""atr"": {""atr_length"": 14, ""atr_mult"": 1.0}}",CHINA WEAVING,4H,,,,,,
2026-05-29 09:30:00,Short,03778,2.4,-19.46%,2.55,sqz,参数二,"{""sqz"": {""bb_length"": 20, ""bb_mult"": 1.8, ""kc_length"": 20, ""kc_mult"": 1.5, ""min_sqz_bars"": 4}, ""r&s"": {""srb_left"": 10, ""srb_right"": 10}, ""atr"": {""atr_length"": 14, ""atr_mult"": 1.0}}",CHINA WEAVING,4H,支撑释放,nan-2.9-2.4,低-低,nan%-17.24%,16.0,33.33
2026-05-29 13:30:00,Long,03868,1.25,2.46%,1.17,utb,参数一,"{""utb"": {""key_value"": 2, ""atr_period"": 14, ""use_ha"": false}, ""r&s"": {""srb_left"": 10, ""srb_right"": 10}, ""atr"": {""atr_length"": 14, ""atr_mult"": 1.0}}",XINYI ENERGY,4H,,,,,,
2026-05-29 13:30:00,Long,03882,0.48,9.09%,0.41,utb,参数一,"{""utb"": {""key_value"": 2, ""atr_period"": 14, ""use_ha"": false}, ""r&s"": {""srb_left"": 10, ""srb_right"": 10}, ""atr"": {""atr_length"": 14, ""atr_mult"": 1.0}}",SKYLIGHT HLDG,4H,,,,,,
2026-05-29 13:30:00,Long,03882,0.48,9.09%,0.41,utb,参数二,"{""utb"": {""key_value"": 3, ""atr_period"": 14, ""use_ha"": false}, ""r&s"": {""srb_left"": 10, ""srb_right"": 10}, ""atr"": {""atr_length"": 14, ""atr_mult"": 1.0}}",SKYLIGHT HLDG,4H,,,,,,
2026-05-29 13:30:00,Short,03931,29.22,-1.35%,30.78,utb,参数一,"{""utb"": {""key_value"": 2, ""atr_period"": 14, ""use_ha"": false}, ""r&s"": {""srb_left"": 10, ""srb_right"": 10}, ""atr"": {""atr_length"": 14, ""atr_mult"": 1.0}}",CALB,4H,,,,,,
2026-05-29 13:30:00,Short,06117,0.64,-3.03%,0.66,sqz,参数一,"{""sqz"": {""bb_length"": 15, ""bb_mult"": 1.5, ""kc_length"": 15, ""kc_mult"": 1.2, ""min_sqz_bars"": 4}, ""r&s"": {""srb_left"": 10, ""srb_right"": 10}, ""atr"": {""atr_length"": 14, ""atr_mult"": 1.0}}",RIZHAO PORT JR,4H,一直亮红,0.7-0.63-0.66-0.65,低-高-低,10.00%-4.76%-1.52%,24.0,18.46
2026-03-31 13:30:00,Long,06133,0.27,13.92%,0.22,sqz,参数二,"{""sqz"": {""bb_length"": 20, ""bb_mult"": 1.8, ""kc_length"": 20, ""kc_mult"": 1.5, ""min_sqz_bars"": 4}, ""r&s"": {""srb_left"": 10, ""srb_right"": 10}, ""atr"": {""atr_length"": 14, ""atr_mult"": 1.0}}",VITAL INNO,4H,一直亮绿,0.4-0.28-0.25-0.26,低-低-高,30.38%-10.91%-8.16%,24.0,65.62
2026-05-29 13:30:00,Short,06600,92.8,-0.22%,97.95,sqz,参数二,"{""sqz"": {""bb_length"": 20, ""bb_mult"": 1.8, ""kc_length"": 20, ""kc_mult"": 1.5, ""min_sqz_bars"": 4}, ""r&s"": {""srb_left"": 10, ""srb_right"": 10}, ""atr"": {""atr_length"": 14, ""atr_mult"": 1.0}}",ONEROBOTICS,4H,支撑释放,nan-151.6-102.0-91.55-96.35,低-低-低-高,nan%-32.72%-10.25%-5.24%,40.0,30.77
2026-05-29 13:30:00,Short,06651,96.95,-2.37%,110.68,utb,参数二,"{""utb"": {""key_value"": 3, ""atr_period"": 14, ""use_ha"": false}, ""r&s"": {""srb_left"": 10, ""srb_right"": 10}, ""atr"": {""atr_length"": 14, ""atr_mult"": 1.0}}",51WORLD,4H,,,,,,
2026-05-29 13:30:00,Short,06680,19.09,-1.09%,19.96,utb,参数一,"{""utb"": {""key_value"": 2, ""atr_period"": 14, ""use_ha"": false}, ""r&s"": {""srb_left"": 10, ""srb_right"": 10}, ""atr"": {""atr_length"": 14, ""atr_mult"": 1.0}}",JLMAG,4H,,,,,,
2026-05-29 13:30:00,Short,06686,16.22,-2.29%,16.82,sqz,参数一,"{""sqz"": {""bb_length"": 15, ""bb_mult"": 1.5, ""kc_length"": 15, ""kc_mult"": 1.2, ""min_sqz_bars"": 4}, ""r&s"": {""srb_left"": 10, ""srb_right"": 10}, ""atr"": {""atr_length"": 14, ""atr_mult"": 1.0}}",NOAH HOLDINGS,4H,一直亮红,17.0-16.0-18.01-16.4,低-高-低,5.88%-12.56%-8.94%,30.0,9.27
2026-05-29 13:30:00,Short,06686,16.22,-2.29%,16.82,sqz,参数二,"{""sqz"": {""bb_length"": 20, ""bb_mult"": 1.8, ""kc_length"": 20, ""kc_mult"": 1.5, ""min_sqz_bars"": 4}, ""r&s"": {""srb_left"": 10, ""srb_right"": 10}, ""atr"": {""atr_length"": 14, ""atr_mult"": 1.0}}",NOAH HOLDINGS,4H,一直亮红,17.0-16.0-18.01-16.4,低-高-低,5.88%-12.56%-8.94%,30.0,9.27
2026-05-29 13:30:00,Long,06687,16.49,1.17%,15.18,utb,参数二,"{""utb"": {""key_value"": 3, ""atr_period"": 14, ""use_ha"": false}, ""r&s"": {""srb_left"": 10, ""srb_right"": 10}, ""atr"": {""atr_length"": 14, ""atr_mult"": 1.0}}",JST GROUP,4H,,,,,,
2026-05-29 13:30:00,Short,06693,30.66,-0.78%,32.34,sqz,参数一,"{""sqz"": {""bb_length"": 15, ""bb_mult"": 1.5, ""kc_length"": 15, ""kc_mult"": 1.2, ""min_sqz_bars"": 4}, ""r&s"": {""srb_left"": 10, ""srb_right"": 10}, ""atr"": {""atr_length"": 14, ""atr_mult"": 1.0}}",CHIFENG GOLD,4H,一直释放,29.14-28.38-33.6-30.76-35.0,低-高-低-高,2.61%-18.39%-8.45%-13.78%,35.0,30.69
2026-05-29 13:30:00,Short,06809,400.0,-4.67%,450.44,utb,参数二,"{""utb"": {""key_value"": 3, ""atr_period"": 14, ""use_ha"": false}, ""r&s"": {""srb_left"": 10, ""srb_right"": 10}, ""atr"": {""atr_length"": 14, ""atr_mult"": 1.0}}",MONTAGE TECH,4H,,,,,,
2026-05-29 13:30:00,Long,06823,12.1,0.58%,11.88,utb,参数一,"{""utb"": {""key_value"": 2, ""atr_period"": 14, ""use_ha"": false}, ""r&s"": {""srb_left"": 10, ""srb_right"": 10}, ""atr"": {""atr_length"": 14, ""atr_mult"": 1.0}}",HKT-SS,4H,,,,,,
2026-05-29 13:30:00,Long,06830,0.24,3.04%,0.23,utb,参数一,"{""utb"": {""key_value"": 2, ""atr_period"": 14, ""use_ha"": false}, ""r&s"": {""srb_left"": 10, ""srb_right"": 10}, ""atr"": {""atr_length"": 14, ""atr_mult"": 1.0}}",HUAZHONG IN-V,4H,,,,,,
2025-03-31 09:30:00,Short,06878,0.04,-22.92%,0.06,sqz,参数二,"{""sqz"": {""bb_length"": 20, ""bb_mult"": 1.8, ""kc_length"": 20, ""kc_mult"": 1.5, ""min_sqz_bars"": 4}, ""r&s"": {""srb_left"": 10, ""srb_right"": 10}, ""atr"": {""atr_length"": 14, ""atr_mult"": 1.0}}",DIFFER GP AUTO,4H,支撑释放,nan-0.06-0.05-0.05,低-低-低,nan%-14.06%-16.36%,22.0,19.57
2026-05-29 09:30:00,Long,06919,3.9,7.14%,3.76,utb,参数一,"{""utb"": {""key_value"": 2, ""atr_period"": 14, ""use_ha"": false}, ""r&s"": {""srb_left"": 10, ""srb_right"": 10}, ""atr"": {""atr_length"": 14, ""atr_mult"": 1.0}}",RENRUI HR,4H,,,,,,
2026-05-29 13:30:00,Short,08003,0.09,-29.75%,0.12,utb,参数一,"{""utb"": {""key_value"": 2, ""atr_period"": 14, ""use_ha"": false}, ""r&s"": {""srb_left"": 10, ""srb_right"": 10}, ""atr"": {""atr_length"": 14, ""atr_mult"": 1.0}}",GREAT WORLD,4H,,,,,,
2026-05-29 13:30:00,Short,08003,0.09,-29.75%,0.12,utb,参数二,"{""utb"": {""key_value"": 3, ""atr_period"": 14, ""use_ha"": false}, ""r&s"": {""srb_left"": 10, ""srb_right"": 10}, ""atr"": {""atr_length"": 14, ""atr_mult"": 1.0}}",GREAT WORLD,4H,,,,,,
2026-05-26 13:30:00,Long,08013,0.06,18.00%,0.05,utb,参数一,"{""utb"": {""key_value"": 2, ""atr_period"": 14, ""use_ha"": false}, ""r&s"": {""srb_left"": 10, ""srb_right"": 10}, ""atr"": {""atr_length"": 14, ""atr_mult"": 1.0}}",ECI TECH,4H,,,,,,
2026-05-29 13:30:00,Long,08049,2.55,3.66%,2.45,utb,参数二,"{""utb"": {""key_value"": 3, ""atr_period"": 14, ""use_ha"": false}, ""r&s"": {""srb_left"": 10, ""srb_right"": 10}, ""atr"": {""atr_length"": 14, ""atr_mult"": 1.0}}",JILIN CHANGLONG,4H,,,,,,
2026-03-31 13:30:00,Short,08052,0.04,-2.38%,0.05,sqz,参数一,"{""sqz"": {""bb_length"": 15, ""bb_mult"": 1.5, ""kc_length"": 15, ""kc_mult"": 1.2, ""min_sqz_bars"": 4}, ""r&s"": {""srb_left"": 10, ""srb_right"": 10}, ""atr"": {""atr_length"": 14, ""atr_mult"": 1.0}}",LUK HING ENT,4H,支撑释放,nan-0.03-0.05-0.04-0.04,低-高-低-高,nan%-36.36%-20.00%-22.22%,17.0,36.36
2026-05-29 13:30:00,Long,08073,0.4,36.21%,0.25,utb,参数一,"{""utb"": {""key_value"": 2, ""atr_period"": 14, ""use_ha"": false}, ""r&s"": {""srb_left"": 10, ""srb_right"": 10}, ""atr"": {""atr_length"": 14, ""atr_mult"": 1.0}}",SFSY NEW MAT,4H,,,,,,
2026-05-29 13:30:00,Long,08073,0.4,36.21%,0.25,utb,参数二,"{""utb"": {""key_value"": 3, ""atr_period"": 14, ""use_ha"": false}, ""r&s"": {""srb_left"": 10, ""srb_right"": 10}, ""atr"": {""atr_length"": 14, ""atr_mult"": 1.0}}",SFSY NEW MAT,4H,,,,,,
2026-05-27 13:30:00,Short,08076,0.02,-9.09%,0.02,sqz,参数二,"{""sqz"": {""bb_length"": 20, ""bb_mult"": 1.8, ""kc_length"": 20, ""kc_mult"": 1.5, ""min_sqz_bars"": 4}, ""r&s"": {""srb_left"": 10, ""srb_right"": 10}, ""atr"": {""atr_length"": 14, ""atr_mult"": 1.0}}",SING LEE,4H,一直释放,0.03-0.02-0.03-0.03,低-高-低,11.11%-29.17%-19.35%,34.0,16.0
2026-05-29 13:30:00,Short,08082,0.04,0.00%,0.05,sqz,参数一,"{""sqz"": {""bb_length"": 15, ""bb_mult"": 1.5, ""kc_length"": 15, ""kc_mult"": 1.2, ""min_sqz_bars"": 4}, ""r&s"": {""srb_left"": 10, ""srb_right"": 10}, ""atr"": {""atr_length"": 14, ""atr_mult"": 1.0}}",QINGHUA HOLD,4H,一直释放,0.03-0.04-0.06-0.05,高-高-低,18.18%-43.59%-14.29%,40.0,25.0
2026-05-28 09:30:00,Long,08096,0.17,6.41%,0.15,sqz,参数一,"{""sqz"": {""bb_length"": 15, ""bb_mult"": 1.5, ""kc_length"": 15, ""kc_mult"": 1.2, ""min_sqz_bars"": 4}, ""r&s"": {""srb_left"": 10, ""srb_right"": 10}, ""atr"": {""atr_length"": 14, ""atr_mult"": 1.0}}",TASTY CONCEPTS,4H,一直释放,0.13-0.16-0.19-0.14,高-高-低,26.19%-22.64%-25.64%,30.0,39.42
2026-05-21 13:30:00,Short,08106,0.26,-3.64%,0.31,utb,参数二,"{""utb"": {""key_value"": 3, ""atr_period"": 14, ""use_ha"": false}, ""r&s"": {""srb_left"": 10, ""srb_right"": 10}, ""atr"": {""atr_length"": 14, ""atr_mult"": 1.0}}",XINHUA LANDE,4H,,,,,,
2026-05-27 13:30:00,Long,08112,0.11,10.68%,0.11,utb,参数一,"{""utb"": {""key_value"": 2, ""atr_period"": 14, ""use_ha"": false}, ""r&s"": {""srb_left"": 10, ""srb_right"": 10}, ""atr"": {""atr_length"": 14, ""atr_mult"": 1.0}}",CORNERSTONE FIN,4H,,,,,,
2026-05-29 13:30:00,Short,08115,10.5,-4.55%,10.92,utb,参数二,"{""utb"": {""key_value"": 3, ""atr_period"": 14, ""use_ha"": false}, ""r&s"": {""srb_left"": 10, ""srb_right"": 10}, ""atr"": {""atr_length"": 14, ""atr_mult"": 1.0}}",QINGDA ORIENTAL,4H,,,,,,
2026-05-29 09:30:00,Short,08125,0.56,-5.08%,0.6,utb,参数二,"{""utb"": {""key_value"": 3, ""atr_period"": 14, ""use_ha"": false}, ""r&s"": {""srb_left"": 10, ""srb_right"": 10}, ""atr"": {""atr_length"": 14, ""atr_mult"": 1.0}}",CHINA NEW HLDGS,4H,,,,,,
2026-05-29 13:30:00,Short,08139,1.21,-3.97%,1.28,utb,参数一,"{""utb"": {""key_value"": 2, ""atr_period"": 14, ""use_ha"": false}, ""r&s"": {""srb_left"": 10, ""srb_right"": 10}, ""atr"": {""atr_length"": 14, ""atr_mult"": 1.0}}",CHANGAN RH,4H,,,,,,
2026-05-21 13:30:00,Short,08148,3.95,-2.95%,4.03,utb,参数一,"{""utb"": {""key_value"": 2, ""atr_period"": 14, ""use_ha"": false}, ""r&s"": {""srb_left"": 10, ""srb_right"": 10}, ""atr"": {""atr_length"": 14, ""atr_mult"": 1.0}}",WUXI LIFE,4H,,,,,,
2026-05-21 13:30:00,Short,08148,3.95,-2.95%,4.03,utb,参数二,"{""utb"": {""key_value"": 3, ""atr_period"": 14, ""use_ha"": false}, ""r&s"": {""srb_left"": 10, ""srb_right"": 10}, ""atr"": {""atr_length"": 14, ""atr_mult"": 1.0}}",WUXI LIFE,4H,,,,,,
2026-05-29 13:30:00,Long,08158,0.4,1.27%,0.37,utb,参数二,"{""utb"": {""key_value"": 3, ""atr_period"": 14, ""use_ha"": false}, ""r&s"": {""srb_left"": 10, ""srb_right"": 10}, ""atr"": {""atr_length"": 14, ""atr_mult"": 1.0}}",CRMI,4H,,,,,,
2026-05-20 09:30:00,Short,08161,0.52,-13.33%,0.64,utb,参数二,"{""utb"": {""key_value"": 3, ""atr_period"": 14, ""use_ha"": false}, ""r&s"": {""srb_left"": 10, ""srb_right"": 10}, ""atr"": {""atr_length"": 14, ""atr_mult"": 1.0}}",MEDINET GROUP,4H,,,,,,
2026-05-29 13:30:00,Short,08163,0.03,-3.23%,0.03,sqz,参数二,"{""sqz"": {""bb_length"": 20, ""bb_mult"": 1.8, ""kc_length"": 20, ""kc_mult"": 1.5, ""min_sqz_bars"": 4}, ""r&s"": {""srb_left"": 10, ""srb_right"": 10}, ""atr"": {""atr_length"": 14, ""atr_mult"": 1.0}}",NOIZ GROUP,4H,一直亮红,0.1-0.03-0.03-0.03-0.03,低-高-低-高,69.79%-10.34%-12.50%-7.14%,29.0,36.67
2026-05-28 13:30:00,Long,08169,0.04,2.56%,0.04,utb,参数一,"{""utb"": {""key_value"": 2, ""atr_period"": 14, ""use_ha"": false}, ""r&s"": {""srb_left"": 10, ""srb_right"": 10}, ""atr"": {""atr_length"": 14, ""atr_mult"": 1.0}}",ECO-TEK HLDGS,4H,,,,,,
2025-11-12 13:30:00,Short,08172,0.19,-10.80%,0.24,sqz,参数一,"{""sqz"": {""bb_length"": 15, ""bb_mult"": 1.5, ""kc_length"": 15, ""kc_mult"": 1.2, ""min_sqz_bars"": 4}, ""r&s"": {""srb_left"": 10, ""srb_right"": 10}, ""atr"": {""atr_length"": 14, ""atr_mult"": 1.0}}",LAJIN ENT,4H,一直亮红,nan-0.23-0.21-0.24-0.2,低-低-高-低,nan%-8.70%-14.29%-16.67%,26.0,150.0
2025-11-12 13:30:00,Short,08172,0.19,-10.80%,0.24,sqz,参数二,"{""sqz"": {""bb_length"": 20, ""bb_mult"": 1.8, ""kc_length"": 20, ""kc_mult"": 1.5, ""min_sqz_bars"": 4}, ""r&s"": {""srb_left"": 10, ""srb_right"": 10}, ""atr"": {""atr_length"": 14, ""atr_mult"": 1.0}}",LAJIN ENT,4H,一直亮红,nan-0.23-0.21-0.24-0.2,低-低-高-低,nan%-8.70%-14.29%-16.67%,26.0,150.0
2025-10-13 13:30:00,Short,08206,0.04,-5.00%,0.04,sqz,参数一,"{""sqz"": {""bb_length"": 15, ""bb_mult"": 1.5, ""kc_length"": 15, ""kc_mult"": 1.2, ""min_sqz_bars"": 4}, ""r&s"": {""srb_left"": 10, ""srb_right"": 10}, ""atr"": {""atr_length"": 14, ""atr_mult"": 1.0}}",S ROBOT EDU,4H,支撑释放,0.05-0.07-0.07-0.05-0.04,高-高-低-低,28.85%-1.49%-20.59%-25.93%,29.0,25.0
2025-10-13 13:30:00,Short,08206,0.04,-5.00%,0.04,sqz,参数二,"{""sqz"": {""bb_length"": 20, ""bb_mult"": 1.8, ""kc_length"": 20, ""kc_mult"": 1.5, ""min_sqz_bars"": 4}, ""r&s"": {""srb_left"": 10, ""srb_right"": 10}, ""atr"": {""atr_length"": 14, ""atr_mult"": 1.0}}",S ROBOT EDU,4H,支撑释放,0.05-0.07-0.07-0.05-0.04,高-高-低-低,28.85%-1.49%-20.59%-25.93%,29.0,25.0
2026-05-26 09:30:00,Short,08213,0.17,-18.57%,0.22,utb,参数二,"{""utb"": {""key_value"": 3, ""atr_period"": 14, ""use_ha"": false}, ""r&s"": {""srb_left"": 10, ""srb_right"": 10}, ""atr"": {""atr_length"": 14, ""atr_mult"": 1.0}}",STARGLORY HLDGS,4H,,,,,,
2026-05-29 13:30:00,Long,08223,0.34,11.48%,0.28,utb,参数一,"{""utb"": {""key_value"": 2, ""atr_period"": 14, ""use_ha"": false}, ""r&s"": {""srb_left"": 10, ""srb_right"": 10}, ""atr"": {""atr_length"": 14, ""atr_mult"": 1.0}}",ZYY,4H,,,,,,
2026-05-29 13:30:00,Short,08250,0.14,-4.26%,0.15,sqz,参数一,"{""sqz"": {""bb_length"": 15, ""bb_mult"": 1.5, ""kc_length"": 15, ""kc_mult"": 1.2, ""min_sqz_bars"": 4}, ""r&s"": {""srb_left"": 10, ""srb_right"": 10}, ""atr"": {""atr_length"": 14, ""atr_mult"": 1.0}}",DU DU HLDGS,4H,一直亮红,0.14-0.13-0.14,低-高,6.47%-3.85%,40.0,17.04
2026-05-29 13:30:00,Short,08250,0.14,-4.26%,0.15,utb,参数二,"{""utb"": {""key_value"": 3, ""atr_period"": 14, ""use_ha"": false}, ""r&s"": {""srb_left"": 10, ""srb_right"": 10}, ""atr"": {""atr_length"": 14, ""atr_mult"": 1.0}}",DU DU HLDGS,4H,,,,,,
2026-05-29 13:30:00,Short,08250,0.14,-4.26%,0.15,sqz,参数二,"{""sqz"": {""bb_length"": 20, ""bb_mult"": 1.8, ""kc_length"": 20, ""kc_mult"": 1.5, ""min_sqz_bars"": 4}, ""r&s"": {""srb_left"": 10, ""srb_right"": 10}, ""atr"": {""atr_length"": 14, ""atr_mult"": 1.0}}",DU DU HLDGS,4H,一直亮红,0.14-0.13-0.14,低-高,6.47%-3.85%,40.0,17.04
2026-05-29 09:30:00,Short,08315,0.07,-5.41%,0.08,sqz,参数二,"{""sqz"": {""bb_length"": 20, ""bb_mult"": 1.8, ""kc_length"": 20, ""kc_mult"": 1.5, ""min_sqz_bars"": 4}, ""r&s"": {""srb_left"": 10, ""srb_right"": 10}, ""atr"": {""atr_length"": 14, ""atr_mult"": 1.0}}",CEN PLAZA HOTEL,4H,一直亮红,0.03-0.1-0.11-0.1-0.07,高-高-低-低,274.07%-8.91%-12.73%-27.08%,13.0,55.71
2026-05-28 13:30:00,Short,08331,0.3,-11.76%,0.36,utb,参数一,"{""utb"": {""key_value"": 2, ""atr_period"": 14, ""use_ha"": false}, ""r&s"": {""srb_left"": 10, ""srb_right"": 10}, ""atr"": {""atr_length"": 14, ""atr_mult"": 1.0}}",P.B. GROUP,4H,,,,,,
2026-05-29 13:30:00,Short,08366,0.03,-3.23%,0.03,utb,参数二,"{""utb"": {""key_value"": 3, ""atr_period"": 14, ""use_ha"": false}, ""r&s"": {""srb_left"": 10, ""srb_right"": 10}, ""atr"": {""atr_length"": 14, ""atr_mult"": 1.0}}",ZJ UNITED INV,4H,,,,,,
2026-05-29 13:30:00,Long,08377,0.11,7.69%,0.11,utb,参数一,"{""utb"": {""key_value"": 2, ""atr_period"": 14, ""use_ha"": false}, ""r&s"": {""srb_left"": 10, ""srb_right"": 10}, ""atr"": {""atr_length"": 14, ""atr_mult"": 1.0}}",HARBOUR EQUINE,4H,,,,,,
2026-05-29 13:30:00,Short,08401,0.04,-4.88%,0.04,sqz,参数二,"{""sqz"": {""bb_length"": 20, ""bb_mult"": 1.8, ""kc_length"": 20, ""kc_mult"": 1.5, ""min_sqz_bars"": 4}, ""r&s"": {""srb_left"": 10, ""srb_right"": 10}, ""atr"": {""atr_length"": 14, ""atr_mult"": 1.0}}",STREAM IDEAS,4H,一直亮红,0.08-0.09-0.07-0.04-0.04,高-低-低-高,8.43%-17.78%-48.65%-2.63%,35.0,35.9
2026-05-29 13:30:00,Short,08419,0.07,-1.39%,0.07,utb,参数二,"{""utb"": {""key_value"": 3, ""atr_period"": 14, ""use_ha"": false}, ""r&s"": {""srb_left"": 10, ""srb_right"": 10}, ""atr"": {""atr_length"": 14, ""atr_mult"": 1.0}}",AV PROMOTIONS,4H,,,,,,
2026-05-29 13:30:00,Short,08425,0.07,-4.11%,0.08,sqz,参数二,"{""sqz"": {""bb_length"": 20, ""bb_mult"": 1.8, ""kc_length"": 20, ""kc_mult"": 1.5, ""min_sqz_bars"": 4}, ""r&s"": {""srb_left"": 10, ""srb_right"": 10}, ""atr"": {""atr_length"": 14, ""atr_mult"": 1.0}}",HING MING HLDGS,4H,一直亮红,nan-0.05-0.06-0.08-0.07,低-高-高-低,nan%-11.76%-31.58%-6.67%,30.0,67.14
2026-05-27 13:30:00,Short,08426,0.26,-8.62%,0.29,utb,参数一,"{""utb"": {""key_value"": 2, ""atr_period"": 14, ""use_ha"": false}, ""r&s"": {""srb_left"": 10, ""srb_right"": 10}, ""atr"": {""atr_length"": 14, ""atr_mult"": 1.0}}",MODERN LIVING,4H,,,,,,
2026-05-29 13:30:00,Short,08447,0.07,-5.41%,0.08,utb,参数二,"{""utb"": {""key_value"": 3, ""atr_period"": 14, ""use_ha"": false}, ""r&s"": {""srb_left"": 10, ""srb_right"": 10}, ""atr"": {""atr_length"": 14, ""atr_mult"": 1.0}}",MS CONCEPT,4H,,,,,,
2026-05-27 13:30:00,Long,08452,0.37,17.74%,0.33,utb,参数一,"{""utb"": {""key_value"": 2, ""atr_period"": 14, ""use_ha"": false}, ""r&s"": {""srb_left"": 10, ""srb_right"": 10}, ""atr"": {""atr_length"": 14, ""atr_mult"": 1.0}}",FY FINANCIAL,4H,,,,,,
2026-05-27 13:30:00,Long,08452,0.37,17.74%,0.33,sqz,参数二,"{""sqz"": {""bb_length"": 20, ""bb_mult"": 1.8, ""kc_length"": 20, ""kc_mult"": 1.5, ""min_sqz_bars"": 4}, ""r&s"": {""srb_left"": 10, ""srb_right"": 10}, ""atr"": {""atr_length"": 14, ""atr_mult"": 1.0}}",FY FINANCIAL,4H,一直释放,0.4-0.4-0.37-0.36,高-低-低,1.27%-7.50%-2.70%,25.0,28.57
2026-05-28 09:30:00,Long,08456,0.4,5.26%,0.38,utb,参数二,"{""utb"": {""key_value"": 3, ""atr_period"": 14, ""use_ha"": false}, ""r&s"": {""srb_left"": 10, ""srb_right"": 10}, ""atr"": {""atr_length"": 14, ""atr_mult"": 1.0}}",MANSION INTL,4H,,,,,,
2026-05-27 13:30:00,Short,08481,0.35,-11.25%,0.44,utb,参数二,"{""utb"": {""key_value"": 3, ""atr_period"": 14, ""use_ha"": false}, ""r&s"": {""srb_left"": 10, ""srb_right"": 10}, ""atr"": {""atr_length"": 14, ""atr_mult"": 1.0}}",SHENGLONG INTL,4H,,,,,,
2026-05-29 13:30:00,Long,08483,0.14,11.72%,0.13,utb,参数二,"{""utb"": {""key_value"": 3, ""atr_period"": 14, ""use_ha"": false}, ""r&s"": {""srb_left"": 10, ""srb_right"": 10}, ""atr"": {""atr_length"": 14, ""atr_mult"": 1.0}}",MAX SIGHT GROUP,4H,,,,,,
2026-05-26 09:30:00,Long,08501,0.74,0.00%,0.72,sqz,参数二,"{""sqz"": {""bb_length"": 20, ""bb_mult"": 1.8, ""kc_length"": 20, ""kc_mult"": 1.5, ""min_sqz_bars"": 4}, ""r&s"": {""srb_left"": 10, ""srb_right"": 10}, ""atr"": {""atr_length"": 14, ""atr_mult"": 1.0}}",SANBASE CORP,4H,一直释放,nan-0.55,低,nan%,65.0,46.67
2026-05-29 13:30:00,Short,08511,0.93,-6.06%,0.98,utb,参数一,"{""utb"": {""key_value"": 2, ""atr_period"": 14, ""use_ha"": false}, ""r&s"": {""srb_left"": 10, ""srb_right"": 10}, ""atr"": {""atr_length"": 14, ""atr_mult"": 1.0}}",MIN FU INTL,4H,,,,,,
2026-05-29 13:30:00,Short,08512,0.38,-1.30%,0.39,utb,参数二,"{""utb"": {""key_value"": 3, ""atr_period"": 14, ""use_ha"": false}, ""r&s"": {""srb_left"": 10, ""srb_right"": 10}, ""atr"": {""atr_length"": 14, ""atr_mult"": 1.0}}",HYFUSIN GROUP,4H,,,,,,
2026-05-28 13:30:00,Short,08513,0.38,-8.33%,0.45,sqz,参数二,"{""sqz"": {""bb_length"": 20, ""bb_mult"": 1.8, ""kc_length"": 20, ""kc_mult"": 1.5, ""min_sqz_bars"": 4}, ""r&s"": {""srb_left"": 10, ""srb_right"": 10}, ""atr"": {""atr_length"": 14, ""atr_mult"": 1.0}}",MAXWIN INT HLDG,4H,一直释放,1.1-1.15-0.98-1.11-0.52,高-低-高-低,4.55%-14.78%-13.27%-53.15%,44.0,36.54
2026-05-29 13:30:00,Long,08521,0.8,3.90%,0.72,utb,参数一,"{""utb"": {""key_value"": 2, ""atr_period"": 14, ""use_ha"": false}, ""r&s"": {""srb_left"": 10, ""srb_right"": 10}, ""atr"": {""atr_length"": 14, ""atr_mult"": 1.0}}",WEBX INTL HLDGS,4H,,,,,,
2026-05-26 09:30:00,Short,09040,4.41,-2.56%,4.55,utb,参数一,"{""utb"": {""key_value"": 2, ""atr_period"": 14, ""use_ha"": false}, ""r&s"": {""srb_left"": 10, ""srb_right"": 10}, ""atr"": {""atr_length"": 14, ""atr_mult"": 1.0}}",GX MSCI CHINA-U,4H,,,,,,
2026-05-27 09:30:00,Long,09075,7.47,0.88%,7.39,utb,参数一,"{""utb"": {""key_value"": 2, ""atr_period"": 14, ""use_ha"": false}, ""r&s"": {""srb_left"": 10, ""srb_right"": 10}, ""atr"": {""atr_length"": 14, ""atr_mult"": 1.0}}",GX ASUSD BOND-U,4H,,,,,,
2026-05-29 13:30:00,Short,09191,11.74,-1.51%,12.23,utb,参数一,"{""utb"": {""key_value"": 2, ""atr_period"": 14, ""use_ha"": false}, ""r&s"": {""srb_left"": 10, ""srb_right"": 10}, ""atr"": {""atr_length"": 14, ""atr_mult"": 1.0}}",GX CN SEMICON-U,4H,,,,,,
2026-05-29 13:30:00,Short,09440,7.06,-0.42%,7.12,sqz,参数二,"{""sqz"": {""bb_length"": 20, ""bb_mult"": 1.8, ""kc_length"": 20, ""kc_mult"": 1.5, ""min_sqz_bars"": 4}, ""r&s"": {""srb_left"": 10, ""srb_right"": 10}, ""atr"": {""atr_length"": 14, ""atr_mult"": 1.0}}",GX 0-3M UST-U,4H,一直亮红,nan-6.91-7.07,低-高,nan%-2.24%,26.0,1.41
2026-05-29 13:30:00,Short,09609,6.2,-8.42%,7.08,utb,参数一,"{""utb"": {""key_value"": 2, ""atr_period"": 14, ""use_ha"": false}, ""r&s"": {""srb_left"": 10, ""srb_right"": 10}, ""atr"": {""atr_length"": 14, ""atr_mult"": 1.0}}",HAIWEI ELEC,4H,,,,,,
2026-05-29 13:30:00,Short,09611,23.3,-3.08%,25.14,utb,参数二,"{""utb"": {""key_value"": 3, ""atr_period"": 14, ""use_ha"": false}, ""r&s"": {""srb_left"": 10, ""srb_right"": 10}, ""atr"": {""atr_length"": 14, ""atr_mult"": 1.0}}",LONGCHEER,4H,,,,,,
2026-05-29 13:30:00,Long,09663,3.3,16.20%,2.59,utb,参数一,"{""utb"": {""key_value"": 2, ""atr_period"": 14, ""use_ha"": false}, ""r&s"": {""srb_left"": 10, ""srb_right"": 10}, ""atr"": {""atr_length"": 14, ""atr_mult"": 1.0}}",SINOSYNERGY,4H,,,,,,
2026-05-29 13:30:00,Short,09807,8.34,-1.77%,8.65,utb,参数二,"{""utb"": {""key_value"": 3, ""atr_period"": 14, ""use_ha"": false}, ""r&s"": {""srb_left"": 10, ""srb_right"": 10}, ""atr"": {""atr_length"": 14, ""atr_mult"": 1.0}}",GX CN ROBO&AI-U,4H,,,,,,
2026-05-29 13:30:00,Short,09863,39.3,-1.75%,41.55,sqz,参数一,"{""sqz"": {""bb_length"": 15, ""bb_mult"": 1.5, ""kc_length"": 15, ""kc_mult"": 1.2, ""min_sqz_bars"": 4}, ""r&s"": {""srb_left"": 10, ""srb_right"": 10}, ""atr"": {""atr_length"": 14, ""atr_mult"": 1.0}}",LEAPMOTOR,4H,支撑释放,46.8-46.22-38.68-37.64-40.14,低-低-低-高,1.24%-16.31%-2.69%-6.64%,17.0,9.07
2026-05-29 13:30:00,Short,09863,39.3,-1.75%,41.55,sqz,参数二,"{""sqz"": {""bb_length"": 20, ""bb_mult"": 1.8, ""kc_length"": 20, ""kc_mult"": 1.5, ""min_sqz_bars"": 4}, ""r&s"": {""srb_left"": 10, ""srb_right"": 10}, ""atr"": {""atr_length"": 14, ""atr_mult"": 1.0}}",LEAPMOTOR,4H,一直释放,46.8-46.22-38.68-37.64-40.14,低-低-低-高,1.24%-16.31%-2.69%-6.64%,17.0,9.07
2026-03-04 13:30:00,Short,09906,1.56,-3.70%,1.61,utb,参数二,"{""utb"": {""key_value"": 3, ""atr_period"": 14, ""use_ha"": false}, ""r&s"": {""srb_left"": 10, ""srb_right"": 10}, ""atr"": {""atr_length"": 14, ""atr_mult"": 1.0}}",HONLIV HEALTH,4H,,,,,,
2026-05-29 13:30:00,Long,09909,2.43,3.40%,2.27,utb,参数一,"{""utb"": {""key_value"": 2, ""atr_period"": 14, ""use_ha"": false}, ""r&s"": {""srb_left"": 10, ""srb_right"": 10}, ""atr"": {""atr_length"": 14, ""atr_mult"": 1.0}}",POWERLONG CM,4H,,,,,,
2026-05-29 13:30:00,Long,80737,1.96,1.03%,1.91,utb,参数一,"{""utb"": {""key_value"": 2, ""atr_period"": 14, ""use_ha"": false}, ""r&s"": {""srb_left"": 10, ""srb_right"": 10}, ""atr"": {""atr_length"": 14, ""atr_mult"": 1.0}}",BAY AREA DEV-R,4H,,,,,,
2026-05-29 13:30:00,Long,82840,3247.0,0.06%,3201.19,utb,参数二,"{""utb"": {""key_value"": 3, ""atr_period"": 14, ""use_ha"": false}, ""r&s"": {""srb_left"": 10, ""srb_right"": 10}, ""atr"": {""atr_length"": 14, ""atr_mult"": 1.0}}",SPDR GOLD TRT-R,4H,,,,,,
2026-05-29 13:30:00,Short,83005,27.34,-2.43%,27.82,utb,参数二,"{""utb"": {""key_value"": 3, ""atr_period"": 14, ""use_ha"": false}, ""r&s"": {""srb_left"": 10, ""srb_right"": 10}, ""atr"": {""atr_length"": 14, ""atr_mult"": 1.0}}",X CSOPCSI500-R,4H,,,,,,
2026-05-29 09:30:00,Long,83031,9.86,1.02%,9.69,utb,参数一,"{""utb"": {""key_value"": 2, ""atr_period"": 14, ""use_ha"": false}, ""r&s"": {""srb_left"": 10, ""srb_right"": 10}, ""atr"": {""atr_length"": 14, ""atr_mult"": 1.0}}",FG HS HIGHDIV-R,4H,,,,,,
2026-05-29 13:30:00,Long,83081,21.32,0.28%,20.99,utb,参数二,"{""utb"": {""key_value"": 3, ""atr_period"": 14, ""use_ha"": false}, ""r&s"": {""srb_left"": 10, ""srb_right"": 10}, ""atr"": {""atr_length"": 14, ""atr_mult"": 1.0}}",VALUEGOLD ETF-R,4H,,,,,,
2026-03-03 13:30:00,Short,83129,11.05,-11.03%,11.72,utb,参数一,"{""utb"": {""key_value"": 2, ""atr_period"": 14, ""use_ha"": false}, ""r&s"": {""srb_left"": 10, ""srb_right"": 10}, ""atr"": {""atr_length"": 14, ""atr_mult"": 1.0}}",BOCGBACLIMATE-R,4H,,,,,,
2026-03-03 13:30:00,Short,83129,11.05,-11.03%,11.72,utb,参数二,"{""utb"": {""key_value"": 3, ""atr_period"": 14, ""use_ha"": false}, ""r&s"": {""srb_left"": 10, ""srb_right"": 10}, ""atr"": {""atr_length"": 14, ""atr_mult"": 1.0}}",BOCGBACLIMATE-R,4H,,,,,,
2026-05-29 13:30:00,Short,83151,12.37,-1.98%,12.96,utb,参数一,"{""utb"": {""key_value"": 2, ""atr_period"": 14, ""use_ha"": false}, ""r&s"": {""srb_left"": 10, ""srb_right"": 10}, ""atr"": {""atr_length"": 14, ""atr_mult"": 1.0}}",PREMIA STAR50-R,4H,,,,,,
2026-05-22 09:30:00,Long,83196,8963.25,0.27%,8951.88,sqz,参数一,"{""sqz"": {""bb_length"": 15, ""bb_mult"": 1.5, ""kc_length"": 15, ""kc_mult"": 1.2, ""min_sqz_bars"": 4}, ""r&s"": {""srb_left"": 10, ""srb_right"": 10}, ""atr"": {""atr_length"": 14, ""atr_mult"": 1.0}}",A BOS USD MM-R,4H,一直释放,nan-8711.75,低,nan%,54.0,0.92
2026-05-22 09:30:00,Long,83196,8963.25,0.27%,8951.88,sqz,参数二,"{""sqz"": {""bb_length"": 20, ""bb_mult"": 1.8, ""kc_length"": 20, ""kc_mult"": 1.5, ""min_sqz_bars"": 4}, ""r&s"": {""srb_left"": 10, ""srb_right"": 10}, ""atr"": {""atr_length"": 14, ""atr_mult"": 1.0}}",A BOS USD MM-R,4H,一直释放,nan-8711.75,低,nan%,54.0,0.92
2026-05-29 13:30:00,Short,83489,13.96,-3.19%,14.64,utb,参数一,"{""utb"": {""key_value"": 2, ""atr_period"": 14, ""use_ha"": false}, ""r&s"": {""srb_left"": 10, ""srb_right"": 10}, ""atr"": {""atr_length"": 14, ""atr_mult"": 1.0}}",EFUND AI-R,4H,,,,,,
