日期,信号,代码,现价,涨幅,止损,策略,参组,参数,释放类型,支撑压力价格,支撑压力趋势,支撑压力涨幅,区间K线数量,区间K线振幅,名称,周期,SMA,相距SMA
2026-09-28 00:00:00,Short,XXII,0.95,-28.20%,1.71,sqz,参数二,"{""sqz"": {""bb_length"": 20, ""bb_mult"": 1.8, ""kc_length"": 20, ""kc_mult"": 1.5, ""min_sqz_bars"": 4}, ""r&s"": {""srb_left"": 15, ""srb_right"": 15}, ""atr"": {""atr_length"": 14, ""atr_mult"": 1.0}}",一直释放,nan-3.74-3.61,低-低,nan%-3.48%,41.0,26.45,22ND CENTURY GROUP INC,1D,,
2026-09-28 00:00:00,Short,LFMD,2.93,-1.35%,3.22,sqz,参数二,"{""sqz"": {""bb_length"": 20, ""bb_mult"": 1.8, ""kc_length"": 20, ""kc_mult"": 1.5, ""min_sqz_bars"": 4}, ""r&s"": {""srb_left"": 15, ""srb_right"": 15}, ""atr"": {""atr_length"": 14, ""atr_mult"": 1.0}}",支撑释放,nan-2.56-3.32-4.07-3.0,低-高-高-低,nan%-29.69%-22.59%-26.29%,36.0,23.67,LIFEMD INC,1D,,
2026-09-28 00:00:00,Short,IMVP,18.93,-1.97%,19.19,sqz,参数二,"{""sqz"": {""bb_length"": 20, ""bb_mult"": 1.8, ""kc_length"": 20, ""kc_mult"": 1.5, ""min_sqz_bars"": 4}, ""r&s"": {""srb_left"": 15, ""srb_right"": 15}, ""atr"": {""atr_length"": 14, ""atr_mult"": 1.0}}",一直释放,nan-22.35-19.25-19.44-19.5,低-低-高-高,nan%-13.88%-1.01%-0.29%,46.0,6.0,INVESCO INDIA EXCHANGE-TRADE,1D,,
2026-09-28 00:00:00,Short,CVLG,32.71,0.74%,34.28,sqz,参数一,"{""sqz"": {""bb_length"": 15, ""bb_mult"": 1.5, ""kc_length"": 15, ""kc_mult"": 1.2, ""min_sqz_bars"": 4}, ""r&s"": {""srb_left"": 10, ""srb_right"": 10}, ""atr"": {""atr_length"": 14, ""atr_mult"": 1.0}}",支撑释放,23.4-24.33-30.75-32.91-33.06,高-高-高-高,3.99%-26.37%-7.04%-0.45%,16.0,10.82,COVENANT LOGISTICS GROUP INC,1D,,
2026-09-28 00:00:00,Short,QS,4.56,-7.13%,5.1,sqz,参数二,"{""sqz"": {""bb_length"": 20, ""bb_mult"": 1.8, ""kc_length"": 20, ""kc_mult"": 1.5, ""min_sqz_bars"": 4}, ""r&s"": {""srb_left"": 15, ""srb_right"": 15}, ""atr"": {""atr_length"": 14, ""atr_mult"": 1.0}}",一直释放,nan-5.9-6.85-4.77,低-高-低,nan%-16.10%-30.36%,43.0,36.9,QUANTUMSCAPE CORP,1D,,
2026-09-28 00:00:00,Long,ACSG,46.03,-0.93%,45.52,mfa,参数一,"{""mfa"": {""mfa_all"": 10}}",,,,,,,A/C SM CAP GRWTH INSIGHTS,1D,,
2026-09-28 00:00:00,Long,ACSG,46.03,-0.93%,45.52,mfa,参数二,"{""mfa"": {""mfa_all"": 10}}",,,,,,,A/C SM CAP GRWTH INSIGHTS,1D,,
2026-09-28 00:00:00,Long,WGO,27.01,-0.52%,25.75,mfa,参数一,"{""mfa"": {""mfa_all"": 19}}",,,,,,,WINNEBAGO INDUSTRIES,1D,,
2026-09-28 00:00:00,Long,WGO,27.01,-0.52%,25.75,mfa,参数二,"{""mfa"": {""mfa_all"": 19}}",,,,,,,WINNEBAGO INDUSTRIES,1D,,
2026-09-28 00:00:00,Long,SFIX,2.47,14.62%,1.91,suf,参数一,"{""suf"": {""timeframe"": ""d""}}",,,,,,,STITCH FIX INC-CLASS A,1D,200.0,-35.61
2026-09-28 00:00:00,Long,SFIX,2.47,14.62%,1.91,suf,参数二,"{""suf"": {""timeframe"": ""d""}}",,,,,,,STITCH FIX INC-CLASS A,1D,200.0,-35.61
2026-09-28 00:00:00,Short,EWTX,39.79,1.14%,42.33,sqz,参数二,"{""sqz"": {""bb_length"": 20, ""bb_mult"": 1.8, ""kc_length"": 20, ""kc_mult"": 1.5, ""min_sqz_bars"": 4}, ""r&s"": {""srb_left"": 15, ""srb_right"": 15}, ""atr"": {""atr_length"": 14, ""atr_mult"": 1.0}}",支撑释放,26.82-30.12-30.84-36.88-40.64,高-高-高-高,12.29%-2.39%-19.58%-10.20%,19.0,19.37,EDGEWISE THERAPEUTICS INC,1D,,
2026-09-28 00:00:00,Short,HTLD,11.44,1.24%,11.89,sqz,参数二,"{""sqz"": {""bb_length"": 20, ""bb_mult"": 1.8, ""kc_length"": 20, ""kc_mult"": 1.5, ""min_sqz_bars"": 4}, ""r&s"": {""srb_left"": 15, ""srb_right"": 15}, ""atr"": {""atr_length"": 14, ""atr_mult"": 1.0}}",支撑释放,nan-9.79-9.3-14.2-11.45,低-低-高-低,nan%-4.98%-52.61%-19.34%,33.0,14.12,HEARTLAND EXPRESS INC,1D,,
2026-09-28 00:00:00,Long,GIL,42.62,4.00%,37.92,suf,参数一,"{""suf"": {""timeframe"": ""d""}}",,,,,,,GILDAN ACTIVEWEAR INC,1D,200.0,-26.32
2026-09-28 00:00:00,Long,GIL,42.62,4.00%,37.92,suf,参数二,"{""suf"": {""timeframe"": ""d""}}",,,,,,,GILDAN ACTIVEWEAR INC,1D,200.0,-26.32
2026-09-28 00:00:00,Long,BATL,1.06,0.95%,0.98,suf,参数一,"{""suf"": {""timeframe"": ""d""}}",,,,,,,BATTALION OIL CORP,1D,200.0,-68.45
2026-09-28 00:00:00,Long,BATL,1.06,0.95%,0.98,suf,参数二,"{""suf"": {""timeframe"": ""d""}}",,,,,,,BATTALION OIL CORP,1D,200.0,-68.45
2026-09-28 00:00:00,Short,KT,19.16,-2.74%,19.84,utb,参数一,"{""utb"": {""key_value"": 2, ""atr_period"": 14, ""use_ha"": false}, ""r&s"": {""srb_left"": 10, ""srb_right"": 10}, ""atr"": {""atr_length"": 14, ""atr_mult"": 1.0}}",,,,,,,KT CORP-SP ADR,1D,,
2026-09-28 00:00:00,Long,CDPI,19.8,-0.13%,19.77,mfa,参数一,"{""mfa"": {""mfa_all"": 7}}",,,,,,,COLUMBIA HIGH DVD PREM INC,1D,,
2026-09-28 00:00:00,Long,CDPI,19.8,-0.13%,19.77,mfa,参数二,"{""mfa"": {""mfa_all"": 7}}",,,,,,,COLUMBIA HIGH DVD PREM INC,1D,,
2026-09-28 00:00:00,Long,SCAU,24.5,-0.37%,24.4,mfa,参数一,"{""mfa"": {""mfa_all"": 27}}",,,,,,,CORGI US S/C 15% STR BUF-AUG,1D,,
2026-09-28 00:00:00,Long,SCAU,24.5,-0.37%,24.4,mfa,参数二,"{""mfa"": {""mfa_all"": 27}}",,,,,,,CORGI US S/C 15% STR BUF-AUG,1D,,
2026-09-28 00:00:00,Long,SCHL,33.58,3.80%,30.34,suf,参数一,"{""suf"": {""timeframe"": ""d""}}",,,,,,,SCHOLASTIC CORP,1D,200.0,-10.97
2026-09-28 00:00:00,Long,SCHL,33.58,3.80%,30.34,suf,参数二,"{""suf"": {""timeframe"": ""d""}}",,,,,,,SCHOLASTIC CORP,1D,200.0,-10.97
2026-09-28 00:00:00,Long,UPV,96.53,-0.64%,94.41,mfa,参数一,"{""mfa"": {""mfa_all"": 11}}",,,,,,,PROSHARES ULTRA FTSE EUROPE,1D,,
2026-09-28 00:00:00,Long,UPV,96.53,-0.64%,94.41,mfa,参数二,"{""mfa"": {""mfa_all"": 11}}",,,,,,,PROSHARES ULTRA FTSE EUROPE,1D,,
2026-09-28 00:00:00,Long,CARD,2.89,7.00%,2.64,sqz,参数二,"{""sqz"": {""bb_length"": 20, ""bb_mult"": 1.8, ""kc_length"": 20, ""kc_mult"": 1.5, ""min_sqz_bars"": 4}, ""r&s"": {""srb_left"": 15, ""srb_right"": 15}, ""atr"": {""atr_length"": 14, ""atr_mult"": 1.0}}",一直亮绿,2.8-4.03-3.4-2.88-2.76,高-低-低-低,43.93%-15.63%-15.29%-4.17%,46.0,31.74,MAX -3X INVERSE LEVERAGED,1D,,
2026-09-28 00:00:00,Long,MBC,6.96,-3.73%,6.37,mfa,参数一,"{""mfa"": {""mfa_all"": 19}}",,,,,,,MASTERBRAND INC,1D,,
2026-09-28 00:00:00,Long,MBC,6.96,-3.73%,6.37,mfa,参数二,"{""mfa"": {""mfa_all"": 19}}",,,,,,,MASTERBRAND INC,1D,,
2026-09-28 00:00:00,Short,TIMB,17.64,-2.86%,18.26,utb,参数二,"{""utb"": {""key_value"": 3, ""atr_period"": 14, ""use_ha"": false}, ""r&s"": {""srb_left"": 15, ""srb_right"": 15}, ""atr"": {""atr_length"": 14, ""atr_mult"": 1.0}}",,,,,,,TIM SA-ADR,1D,,
2026-09-28 00:00:00,Short,NATO,37.16,-1.78%,38.1,sqz,参数一,"{""sqz"": {""bb_length"": 15, ""bb_mult"": 1.5, ""kc_length"": 15, ""kc_mult"": 1.2, ""min_sqz_bars"": 4}, ""r&s"": {""srb_left"": 10, ""srb_right"": 10}, ""atr"": {""atr_length"": 14, ""atr_mult"": 1.0}}",一直释放,37.0-37.32-37.58-38.4-39.0,高-高-高-高,0.87%-0.68%-2.20%-1.56%,48.0,12.82,THEMES TRANSATLANTIC DEFENSE,1D,,
2026-09-28 00:00:00,Long,SOTK,5.1,1.80%,4.69,utb,参数一,"{""utb"": {""key_value"": 2, ""atr_period"": 14, ""use_ha"": false}, ""r&s"": {""srb_left"": 10, ""srb_right"": 10}, ""atr"": {""atr_length"": 14, ""atr_mult"": 1.0}}",,,,,,,SONO-TEK CORP,1D,,
2026-09-28 00:00:00,Short,TDS,34.75,-3.07%,37.07,utb,参数一,"{""utb"": {""key_value"": 2, ""atr_period"": 14, ""use_ha"": false}, ""r&s"": {""srb_left"": 10, ""srb_right"": 10}, ""atr"": {""atr_length"": 14, ""atr_mult"": 1.0}}",,,,,,,TELEPHONE AND DATA SYSTEMS,1D,,
2026-09-28 00:00:00,Long,AAPD,10.13,0.70%,9.78,mfa,参数一,"{""mfa"": {""mfa_all"": 8}}",,,,,,,DIREXION DAILY AAPL BEAR 1X,1D,,
2026-09-28 00:00:00,Long,AAPD,10.13,0.70%,9.78,mfa,参数二,"{""mfa"": {""mfa_all"": 8}}",,,,,,,DIREXION DAILY AAPL BEAR 1X,1D,,
2026-09-28 00:00:00,Long,VGSH,57.52,-0.12%,57.4,mfa,参数一,"{""mfa"": {""mfa_all"": 12}}",,,,,,,VANGUARD SHORT-TERM TREASURY,1D,,
2026-09-28 00:00:00,Long,VGSH,57.52,-0.12%,57.4,mfa,参数二,"{""mfa"": {""mfa_all"": 12}}",,,,,,,VANGUARD SHORT-TERM TREASURY,1D,,
2026-09-28 00:00:00,Long,SLGL,69.45,3.89%,62.4,utb,参数一,"{""utb"": {""key_value"": 2, ""atr_period"": 14, ""use_ha"": false}, ""r&s"": {""srb_left"": 10, ""srb_right"": 10}, ""atr"": {""atr_length"": 14, ""atr_mult"": 1.0}}",,,,,,,SOL-GEL TECHNOLOGIES LTD,1D,,
2026-09-28 00:00:00,Long,SLGL,69.45,3.89%,62.4,mfa,参数一,"{""mfa"": {""mfa_all"": 21}}",,,,,,,SOL-GEL TECHNOLOGIES LTD,1D,,
2026-09-28 00:00:00,Long,SLGL,69.45,3.89%,62.4,mfa,参数二,"{""mfa"": {""mfa_all"": 21}}",,,,,,,SOL-GEL TECHNOLOGIES LTD,1D,,
2026-09-28 00:00:00,Short,ZSB,21.0,-1.91%,21.2,sqz,参数一,"{""sqz"": {""bb_length"": 15, ""bb_mult"": 1.5, ""kc_length"": 15, ""kc_mult"": 1.2, ""min_sqz_bars"": 4}, ""r&s"": {""srb_left"": 10, ""srb_right"": 10}, ""atr"": {""atr_length"": 14, ""atr_mult"": 1.0}}",一直释放,20.78-20.77-20.98-21.34-21.53,低-高-高-高,0.05%-1.02%-1.73%-0.87%,38.0,3.92,USCF SUST BATTERY METAL FUND,1D,,
2026-09-28 00:00:00,Short,ZSB,21.0,-1.91%,21.2,sqz,参数二,"{""sqz"": {""bb_length"": 20, ""bb_mult"": 1.8, ""kc_length"": 20, ""kc_mult"": 1.5, ""min_sqz_bars"": 4}, ""r&s"": {""srb_left"": 15, ""srb_right"": 15}, ""atr"": {""atr_length"": 14, ""atr_mult"": 1.0}}",一直释放,nan-20.78-20.77-21.34-21.53,低-低-高-高,nan%-0.05%-2.77%-0.87%,38.0,3.92,USCF SUST BATTERY METAL FUND,1D,,
2026-09-28 00:00:00,Short,SLDP,2.26,-5.44%,2.48,utb,参数一,"{""utb"": {""key_value"": 2, ""atr_period"": 14, ""use_ha"": false}, ""r&s"": {""srb_left"": 10, ""srb_right"": 10}, ""atr"": {""atr_length"": 14, ""atr_mult"": 1.0}}",,,,,,,SOLID POWER INC,1D,,
2026-09-28 00:00:00,Short,RYAM,8.15,-4.90%,8.85,utb,参数一,"{""utb"": {""key_value"": 2, ""atr_period"": 14, ""use_ha"": false}, ""r&s"": {""srb_left"": 10, ""srb_right"": 10}, ""atr"": {""atr_length"": 14, ""atr_mult"": 1.0}}",,,,,,,RAYONIER ADVANCED MATERIALS,1D,,
2026-09-28 00:00:00,Long,IONS,45.57,2.40%,41.72,suf,参数一,"{""suf"": {""timeframe"": ""d""}}",,,,,,,IONIS PHARMACEUTICALS INC,1D,200.0,-35.9
2026-09-28 00:00:00,Long,IONS,45.57,2.40%,41.72,suf,参数二,"{""suf"": {""timeframe"": ""d""}}",,,,,,,IONIS PHARMACEUTICALS INC,1D,200.0,-35.9
2026-09-28 00:00:00,Short,KC,9.15,-5.28%,10.04,utb,参数一,"{""utb"": {""key_value"": 2, ""atr_period"": 14, ""use_ha"": false}, ""r&s"": {""srb_left"": 10, ""srb_right"": 10}, ""atr"": {""atr_length"": 14, ""atr_mult"": 1.0}}",,,,,,,KINGSOFT CLOUD HOLDINGS-ADR,1D,,
2026-09-28 00:00:00,Long,DAKT,17.05,0.18%,16.15,suf,参数一,"{""suf"": {""timeframe"": ""d""}}",,,,,,,DAKTRONICS INC,1D,200.0,-17.11
2026-09-28 00:00:00,Long,DAKT,17.05,0.18%,16.15,suf,参数二,"{""suf"": {""timeframe"": ""d""}}",,,,,,,DAKTRONICS INC,1D,200.0,-17.11
2026-09-28 00:00:00,Short,SLV,54.95,-5.49%,57.73,utb,参数一,"{""utb"": {""key_value"": 2, ""atr_period"": 14, ""use_ha"": false}, ""r&s"": {""srb_left"": 10, ""srb_right"": 10}, ""atr"": {""atr_length"": 14, ""atr_mult"": 1.0}}",,,,,,,ISHARES SILVER TRUST,1D,,
2026-09-28 00:00:00,Short,QNBC,45.64,-0.33%,46.25,suf,参数一,"{""suf"": {""timeframe"": ""d""}}",,,,,,,QNB CORP,1D,200.0,12.55
2026-09-28 00:00:00,Short,QNBC,45.64,-0.33%,46.25,suf,参数二,"{""suf"": {""timeframe"": ""d""}}",,,,,,,QNB CORP,1D,200.0,12.55
2026-09-28 00:00:00,Short,SHIP,16.42,-1.08%,17.32,utb,参数二,"{""utb"": {""key_value"": 3, ""atr_period"": 14, ""use_ha"": false}, ""r&s"": {""srb_left"": 15, ""srb_right"": 15}, ""atr"": {""atr_length"": 14, ""atr_mult"": 1.0}}",,,,,,,SEANERGY MARITIME HOLDINGS,1D,,
2026-09-28 00:00:00,Long,LIN,472.04,0.46%,457.39,mfa,参数一,"{""mfa"": {""mfa_all"": 14}}",,,,,,,LINDE PLC,1D,,
2026-09-28 00:00:00,Long,LIN,472.04,0.46%,457.39,mfa,参数二,"{""mfa"": {""mfa_all"": 14}}",,,,,,,LINDE PLC,1D,,
2026-09-28 00:00:00,Long,NVST,23.73,-0.92%,22.88,mfa,参数一,"{""mfa"": {""mfa_all"": 13}}",,,,,,,ENVISTA HOLDINGS CORP,1D,,
2026-09-28 00:00:00,Long,NVST,23.73,-0.92%,22.88,mfa,参数二,"{""mfa"": {""mfa_all"": 13}}",,,,,,,ENVISTA HOLDINGS CORP,1D,,
2026-09-28 00:00:00,Long,VYX,6.83,-3.39%,6.3,mfa,参数一,"{""mfa"": {""mfa_all"": 10}}",,,,,,,NCR VOYIX CORP,1D,,
2026-09-28 00:00:00,Long,VYX,6.83,-3.39%,6.3,mfa,参数二,"{""mfa"": {""mfa_all"": 10}}",,,,,,,NCR VOYIX CORP,1D,,
2026-09-28 00:00:00,Long,VIXM,12.97,0.31%,12.75,suf,参数一,"{""suf"": {""timeframe"": ""d""}}",,,,,,,PROSHARES VIX MID-TERM FUT,1D,200.0,-14.22
2026-09-28 00:00:00,Long,VIXM,12.97,0.31%,12.75,suf,参数二,"{""suf"": {""timeframe"": ""d""}}",,,,,,,PROSHARES VIX MID-TERM FUT,1D,200.0,-14.22
2026-09-28 00:00:00,Long,LMNR,12.05,2.29%,11.26,suf,参数一,"{""suf"": {""timeframe"": ""d""}}",,,,,,,LIMONEIRA CO,1D,200.0,-10.51
2026-09-28 00:00:00,Long,LMNR,12.05,2.29%,11.26,suf,参数二,"{""suf"": {""timeframe"": ""d""}}",,,,,,,LIMONEIRA CO,1D,200.0,-10.51
2026-09-28 00:00:00,Long,HCAI,0.55,5.58%,0.18,mfa,参数一,"{""mfa"": {""mfa_all"": 13}}",,,,,,,HUACHEN AI PARKING MANAGEM-A,1D,,
2026-09-28 00:00:00,Long,HCAI,0.55,5.58%,0.18,mfa,参数二,"{""mfa"": {""mfa_all"": 13}}",,,,,,,HUACHEN AI PARKING MANAGEM-A,1D,,
2026-09-28 00:00:00,Long,NYAX,44.66,-0.82%,42.2,mfa,参数一,"{""mfa"": {""mfa_all"": 12}}",,,,,,,NAYAX LTD,1D,,
2026-09-28 00:00:00,Long,NYAX,44.66,-0.82%,42.2,mfa,参数二,"{""mfa"": {""mfa_all"": 12}}",,,,,,,NAYAX LTD,1D,,
2026-09-28 00:00:00,Short,MIRM,87.96,-1.94%,95.27,sqz,参数二,"{""sqz"": {""bb_length"": 20, ""bb_mult"": 1.8, ""kc_length"": 20, ""kc_mult"": 1.5, ""min_sqz_bars"": 4}, ""r&s"": {""srb_left"": 15, ""srb_right"": 15}, ""atr"": {""atr_length"": 14, ""atr_mult"": 1.0}}",一直亮红,nan-84.33-88.34-90.59-88.88,低-高-高-低,nan%-4.75%-2.55%-1.89%,36.0,17.75,MIRUM PHARMACEUTICALS INC,1D,,
2026-09-28 00:00:00,Short,MH,12.5,-1.81%,13.44,utb,参数一,"{""utb"": {""key_value"": 2, ""atr_period"": 14, ""use_ha"": false}, ""r&s"": {""srb_left"": 10, ""srb_right"": 10}, ""atr"": {""atr_length"": 14, ""atr_mult"": 1.0}}",,,,,,,MCGRAW HILL INC,1D,,
2026-09-28 00:00:00,Long,DOCK,25.14,0.24%,24.94,mfa,参数一,"{""mfa"": {""mfa_all"": 19}}",,,,,,,CORGI PORTS RAIL & FREIGHT,1D,,
2026-09-28 00:00:00,Long,DOCK,25.14,0.24%,24.94,mfa,参数二,"{""mfa"": {""mfa_all"": 19}}",,,,,,,CORGI PORTS RAIL & FREIGHT,1D,,
2026-09-28 00:00:00,Long,RENX,2.37,7.73%,1.82,sqz,参数二,"{""sqz"": {""bb_length"": 20, ""bb_mult"": 1.8, ""kc_length"": 20, ""kc_mult"": 1.5, ""min_sqz_bars"": 4}, ""r&s"": {""srb_left"": 15, ""srb_right"": 15}, ""atr"": {""atr_length"": 14, ""atr_mult"": 1.0}}",一直释放,nan-7.0-3.94-2.19,低-低-低,nan%-43.71%-44.42%,56.0,39.49,RENX ENTERPRISES CORP,1D,,
2026-09-28 00:00:00,Long,AYI,305.91,-4.23%,289.42,mfa,参数一,"{""mfa"": {""mfa_all"": 14}}",,,,,,,ACUITY INC,1D,,
2026-09-28 00:00:00,Long,AYI,305.91,-4.23%,289.42,mfa,参数二,"{""mfa"": {""mfa_all"": 14}}",,,,,,,ACUITY INC,1D,,
2026-09-28 00:00:00,Long,JULI,25.02,-0.32%,24.85,mfa,参数一,"{""mfa"": {""mfa_all"": 10}}",,,,,,,ALLIANZIM INTL BF15 UNCP JUL,1D,,
2026-09-28 00:00:00,Long,JULI,25.02,-0.32%,24.85,mfa,参数二,"{""mfa"": {""mfa_all"": 10}}",,,,,,,ALLIANZIM INTL BF15 UNCP JUL,1D,,
2026-09-28 00:00:00,Long,LMT,518.1,-0.28%,503.54,mfa,参数一,"{""mfa"": {""mfa_all"": 12}}",,,,,,,LOCKHEED MARTIN CORP,1D,,
2026-09-28 00:00:00,Long,LMT,518.1,-0.28%,503.54,mfa,参数二,"{""mfa"": {""mfa_all"": 12}}",,,,,,,LOCKHEED MARTIN CORP,1D,,
2026-09-28 00:00:00,Long,NVOH,21.53,-0.16%,20.82,mfa,参数一,"{""mfa"": {""mfa_all"": 12}}",,,,,,,NOVO NORDISK A/S B SHRS ADRH,1D,,
2026-09-28 00:00:00,Long,NVOH,21.53,-0.16%,20.82,mfa,参数二,"{""mfa"": {""mfa_all"": 12}}",,,,,,,NOVO NORDISK A/S B SHRS ADRH,1D,,
2026-09-28 00:00:00,Long,BUD,77.1,-1.15%,75.28,mfa,参数一,"{""mfa"": {""mfa_all"": 7}}",,,,,,,ANHEUSER-BUSCH INBEV-SPN ADR,1D,,
2026-09-28 00:00:00,Long,BUD,77.1,-1.15%,75.28,mfa,参数二,"{""mfa"": {""mfa_all"": 7}}",,,,,,,ANHEUSER-BUSCH INBEV-SPN ADR,1D,,
2026-09-28 00:00:00,Short,CPNQ,27.84,-0.14%,27.91,suf,参数一,"{""suf"": {""timeframe"": ""d""}}",,,,,,,CAL NASDAQ 100 ST ALT PR,1D,200.0,2.94
2026-09-28 00:00:00,Short,CPNQ,27.84,-0.14%,27.91,suf,参数二,"{""suf"": {""timeframe"": ""d""}}",,,,,,,CAL NASDAQ 100 ST ALT PR,1D,200.0,2.94
2026-09-28 00:00:00,Short,ITUB,7.99,-1.48%,8.3,utb,参数一,"{""utb"": {""key_value"": 2, ""atr_period"": 14, ""use_ha"": false}, ""r&s"": {""srb_left"": 10, ""srb_right"": 10}, ""atr"": {""atr_length"": 14, ""atr_mult"": 1.0}}",,,,,,,ITAU UNIBANCO H-SPON PRF ADR,1D,,
2026-09-28 00:00:00,Long,AXTA,32.68,-0.64%,31.14,mfa,参数一,"{""mfa"": {""mfa_all"": 11}}",,,,,,,AXALTA COATING SYSTEMS LTD,1D,,
2026-09-28 00:00:00,Long,AXTA,32.68,-0.64%,31.14,mfa,参数二,"{""mfa"": {""mfa_all"": 11}}",,,,,,,AXALTA COATING SYSTEMS LTD,1D,,
2026-09-28 00:00:00,Short,RBLD,82.83,-0.83%,83.67,sqz,参数二,"{""sqz"": {""bb_length"": 20, ""bb_mult"": 1.8, ""kc_length"": 20, ""kc_mult"": 1.5, ""min_sqz_bars"": 4}, ""r&s"": {""srb_left"": 15, ""srb_right"": 15}, ""atr"": {""atr_length"": 14, ""atr_mult"": 1.0}}",一直释放,nan-79.34-85.71-85.57,低-高-低,nan%-8.03%-0.17%,42.0,5.61,FIRST TRUST ALERIAN US NEXTG,1D,,
2026-09-28 00:00:00,Long,OMCL,33.87,0.62%,31.56,mfa,参数一,"{""mfa"": {""mfa_all"": 25}}",,,,,,,OMNICELL INC,1D,,
2026-09-28 00:00:00,Long,OMCL,33.87,0.62%,31.56,mfa,参数二,"{""mfa"": {""mfa_all"": 25}}",,,,,,,OMNICELL INC,1D,,
2026-09-28 00:00:00,Long,ABG,179.68,-2.95%,171.86,mfa,参数一,"{""mfa"": {""mfa_all"": 9}}",,,,,,,ASBURY AUTOMOTIVE GROUP,1D,,
2026-09-28 00:00:00,Long,ABG,179.68,-2.95%,171.86,mfa,参数二,"{""mfa"": {""mfa_all"": 9}}",,,,,,,ASBURY AUTOMOTIVE GROUP,1D,,
2026-09-28 00:00:00,Long,CHEC,10.3,0.19%,10.29,sqz,参数一,"{""sqz"": {""bb_length"": 15, ""bb_mult"": 1.5, ""kc_length"": 15, ""kc_mult"": 1.2, ""min_sqz_bars"": 4}, ""r&s"": {""srb_left"": 10, ""srb_right"": 10}, ""atr"": {""atr_length"": 14, ""atr_mult"": 1.0}}",一直亮绿,10.06-10.47-10.15-10.21-10.3,高-低-高-高,3.97%-3.01%-0.59%-0.88%,21.0,0.78,CHENGHE ACQUISITION II-CL A,1D,,
2026-09-28 00:00:00,Long,CHEC,10.3,0.19%,10.29,sqz,参数二,"{""sqz"": {""bb_length"": 20, ""bb_mult"": 1.8, ""kc_length"": 20, ""kc_mult"": 1.5, ""min_sqz_bars"": 4}, ""r&s"": {""srb_left"": 15, ""srb_right"": 15}, ""atr"": {""atr_length"": 14, ""atr_mult"": 1.0}}",一直亮绿,10.07-10.47-10.15-10.21-10.3,高-低-高-高,3.92%-3.01%-0.59%-0.88%,21.0,0.78,CHENGHE ACQUISITION II-CL A,1D,,
2026-09-28 00:00:00,Short,HSAI,15.59,-4.06%,16.73,sqz,参数一,"{""sqz"": {""bb_length"": 15, ""bb_mult"": 1.5, ""kc_length"": 15, ""kc_mult"": 1.2, ""min_sqz_bars"": 4}, ""r&s"": {""srb_left"": 10, ""srb_right"": 10}, ""atr"": {""atr_length"": 14, ""atr_mult"": 1.0}}",一直亮红,17.56-20.48-14.4-14.29-15.7,高-低-低-高,16.63%-29.69%-0.76%-9.87%,28.0,23.57,HESAI GROUP,1D,,
2026-09-28 00:00:00,Short,FLIA,19.99,-0.27%,20.06,sqz,参数二,"{""sqz"": {""bb_length"": 20, ""bb_mult"": 1.8, ""kc_length"": 20, ""kc_mult"": 1.5, ""min_sqz_bars"": 4}, ""r&s"": {""srb_left"": 15, ""srb_right"": 15}, ""atr"": {""atr_length"": 14, ""atr_mult"": 1.0}}",一直释放,nan-19.97-20.04-20.06,低-高-高,nan%-0.35%-0.07%,46.0,1.53,FRANKLIN INTERNATIONAL AGGRE,1D,,
2026-09-28 00:00:00,Short,XGN,8.48,-2.75%,9.1,suf,参数一,"{""suf"": {""timeframe"": ""d""}}",,,,,,,EXAGEN INC,1D,200.0,76.3
2026-09-28 00:00:00,Short,XGN,8.48,-2.75%,9.1,suf,参数二,"{""suf"": {""timeframe"": ""d""}}",,,,,,,EXAGEN INC,1D,200.0,76.3
2026-09-28 00:00:00,Long,NUCL,6.33,2.76%,5.6,mfa,参数一,"{""mfa"": {""mfa_all"": 7}}",,,,,,,EAGLE NUCLEAR ENERGY CORP,1D,,
2026-09-28 00:00:00,Long,NUCL,6.33,2.76%,5.6,mfa,参数二,"{""mfa"": {""mfa_all"": 7}}",,,,,,,EAGLE NUCLEAR ENERGY CORP,1D,,
2026-09-28 00:00:00,Short,NEXM,2.03,-7.11%,2.3,sqz,参数一,"{""sqz"": {""bb_length"": 15, ""bb_mult"": 1.5, ""kc_length"": 15, ""kc_mult"": 1.2, ""min_sqz_bars"": 4}, ""r&s"": {""srb_left"": 10, ""srb_right"": 10}, ""atr"": {""atr_length"": 14, ""atr_mult"": 1.0}}",支撑释放,nan-3.06-2.22-2.28-2.03,低-低-高-低,nan%-27.45%-2.52%-10.81%,42.0,34.98,NEXMETALS MINING CORP,1D,,
2026-09-28 00:00:00,Long,KOD,89.92,177.96%,53.93,sqz,参数二,"{""sqz"": {""bb_length"": 20, ""bb_mult"": 1.8, ""kc_length"": 20, ""kc_mult"": 1.5, ""min_sqz_bars"": 4}, ""r&s"": {""srb_left"": 15, ""srb_right"": 15}, ""atr"": {""atr_length"": 14, ""atr_mult"": 1.0}}",一直释放,nan-31.18-28.85-47.84-46.87,低-低-高-低,nan%-7.47%-65.82%-2.03%,35.0,57.23,KODIAK SCIENCES INC,1D,,
2026-09-28 00:00:00,Long,PEX,22.71,-0.79%,22.52,mfa,参数一,"{""mfa"": {""mfa_all"": 7}}",,,,,,,PROSHARES GLOBAL LISTED PRIV,1D,,
2026-09-28 00:00:00,Long,PEX,22.71,-0.79%,22.52,mfa,参数二,"{""mfa"": {""mfa_all"": 7}}",,,,,,,PROSHARES GLOBAL LISTED PRIV,1D,,
2026-09-28 00:00:00,Long,LNC,40.88,-1.94%,39.57,mfa,参数一,"{""mfa"": {""mfa_all"": 7}}",,,,,,,LINCOLN NATIONAL CORP,1D,,
2026-09-28 00:00:00,Long,LNC,40.88,-1.94%,39.57,mfa,参数二,"{""mfa"": {""mfa_all"": 7}}",,,,,,,LINCOLN NATIONAL CORP,1D,,
2026-09-28 00:00:00,Long,EDOW,44.84,-0.49%,44.39,mfa,参数一,"{""mfa"": {""mfa_all"": 9}}",,,,,,,FIRST TRUST DOW 30 EQL WGHT,1D,,
2026-09-28 00:00:00,Long,EDOW,44.84,-0.49%,44.39,mfa,参数二,"{""mfa"": {""mfa_all"": 9}}",,,,,,,FIRST TRUST DOW 30 EQL WGHT,1D,,
2026-09-28 00:00:00,Short,ICLN,16.81,-2.44%,17.49,sqz,参数二,"{""sqz"": {""bb_length"": 20, ""bb_mult"": 1.8, ""kc_length"": 20, ""kc_mult"": 1.5, ""min_sqz_bars"": 4}, ""r&s"": {""srb_left"": 15, ""srb_right"": 15}, ""atr"": {""atr_length"": 14, ""atr_mult"": 1.0}}",支撑释放,nan-17.26-16.77-17.12,低-低-高,nan%-2.86%-2.09%,18.0,7.77,ISHARES GLOBAL CLEAN ENERGY,1D,,
2026-09-28 00:00:00,Long,DRH,12.64,1.20%,12.16,utb,参数一,"{""utb"": {""key_value"": 2, ""atr_period"": 14, ""use_ha"": false}, ""r&s"": {""srb_left"": 10, ""srb_right"": 10}, ""atr"": {""atr_length"": 14, ""atr_mult"": 1.0}}",,,,,,,DIAMONDROCK HOSPITALITY CO,1D,,
2026-09-28 00:00:00,Long,ODFL,176.85,2.05%,167.33,suf,参数一,"{""suf"": {""timeframe"": ""d""}}",,,,,,,OLD DOMINION FREIGHT LINE,1D,200.0,-11.09
2026-09-28 00:00:00,Long,ODFL,176.85,2.05%,167.33,suf,参数二,"{""suf"": {""timeframe"": ""d""}}",,,,,,,OLD DOMINION FREIGHT LINE,1D,200.0,-11.09
2026-09-28 00:00:00,Short,PRTS,8.15,-4.79%,9.26,utb,参数二,"{""utb"": {""key_value"": 3, ""atr_period"": 14, ""use_ha"": false}, ""r&s"": {""srb_left"": 15, ""srb_right"": 15}, ""atr"": {""atr_length"": 14, ""atr_mult"": 1.0}}",,,,,,,CARPARTS.COM INC,1D,,
2026-09-28 00:00:00,Long,PZZA,20.09,2.76%,18.59,suf,参数一,"{""suf"": {""timeframe"": ""d""}}",,,,,,,PAPA JOHN'S INTL INC,1D,200.0,-37.52
2026-09-28 00:00:00,Long,PZZA,20.09,2.76%,18.59,suf,参数二,"{""suf"": {""timeframe"": ""d""}}",,,,,,,PAPA JOHN'S INTL INC,1D,200.0,-37.52
2026-09-28 00:00:00,Long,GNLX,2.47,-0.40%,2.27,mfa,参数一,"{""mfa"": {""mfa_all"": 17}}",,,,,,,GENELUX CORP,1D,,
2026-09-28 00:00:00,Long,GNLX,2.47,-0.40%,2.27,mfa,参数二,"{""mfa"": {""mfa_all"": 17}}",,,,,,,GENELUX CORP,1D,,
2026-09-28 00:00:00,Short,LTL,23.9,-3.43%,25.57,utb,参数一,"{""utb"": {""key_value"": 2, ""atr_period"": 14, ""use_ha"": false}, ""r&s"": {""srb_left"": 10, ""srb_right"": 10}, ""atr"": {""atr_length"": 14, ""atr_mult"": 1.0}}",,,,,,,PROSHARES ULTRA COMMUNICATIO,1D,,
2026-09-28 00:00:00,Short,MSGY,3.13,-61.21%,10.28,suf,参数一,"{""suf"": {""timeframe"": ""d""}}",,,,,,,MASONGLORY LTD - CLASS A,1D,200.0,-57.43
2026-09-28 00:00:00,Short,MSGY,3.13,-61.21%,10.28,suf,参数二,"{""suf"": {""timeframe"": ""d""}}",,,,,,,MASONGLORY LTD - CLASS A,1D,200.0,-57.43
2026-09-28 00:00:00,Short,TEO,12.08,-7.22%,13.78,sqz,参数一,"{""sqz"": {""bb_length"": 15, ""bb_mult"": 1.5, ""kc_length"": 15, ""kc_mult"": 1.2, ""min_sqz_bars"": 4}, ""r&s"": {""srb_left"": 10, ""srb_right"": 10}, ""atr"": {""atr_length"": 14, ""atr_mult"": 1.0}}",支撑释放,10.56-11.07-11.33-12.41-12.78,高-高-高-高,4.83%-2.35%-9.53%-2.98%,13.0,12.28,TELECOM ARGENTINA SA-SP ADR,1D,,
2026-09-28 00:00:00,Long,SGHT,9.27,3.81%,8.46,sqz,参数二,"{""sqz"": {""bb_length"": 20, ""bb_mult"": 1.8, ""kc_length"": 20, ""kc_mult"": 1.5, ""min_sqz_bars"": 4}, ""r&s"": {""srb_left"": 15, ""srb_right"": 15}, ""atr"": {""atr_length"": 14, ""atr_mult"": 1.0}}",压力释放,nan-9.24-5.66-5.89-8.85,低-低-高-高,nan%-38.71%-4.05%-50.25%,27.0,14.94,SIGHT SCIENCES INC,1D,,
2026-09-28 00:00:00,Short,AUNA,5.02,-1.57%,5.28,utb,参数一,"{""utb"": {""key_value"": 2, ""atr_period"": 14, ""use_ha"": false}, ""r&s"": {""srb_left"": 10, ""srb_right"": 10}, ""atr"": {""atr_length"": 14, ""atr_mult"": 1.0}}",,,,,,,AUNA SA-CLASS A,1D,,
2026-09-28 00:00:00,Short,BTBD,1.89,-2.58%,2.04,suf,参数一,"{""suf"": {""timeframe"": ""d""}}",,,,,,,BT BRANDS INC,1D,200.0,33.58
2026-09-28 00:00:00,Short,BTBD,1.89,-2.58%,2.04,suf,参数二,"{""suf"": {""timeframe"": ""d""}}",,,,,,,BT BRANDS INC,1D,200.0,33.58
2026-09-28 00:00:00,Short,XBIO,2.33,-2.51%,2.87,sqz,参数一,"{""sqz"": {""bb_length"": 15, ""bb_mult"": 1.5, ""kc_length"": 15, ""kc_mult"": 1.2, ""min_sqz_bars"": 4}, ""r&s"": {""srb_left"": 10, ""srb_right"": 10}, ""atr"": {""atr_length"": 14, ""atr_mult"": 1.0}}",一直亮红,2.05-2.2-2.65-2.75-2.37,高-高-高-低,7.32%-20.45%-3.77%-13.82%,43.0,108.4,XENETIC BIOSCIENCES INC,1D,,
2026-09-28 00:00:00,Short,XBIO,2.33,-2.51%,2.87,sqz,参数二,"{""sqz"": {""bb_length"": 20, ""bb_mult"": 1.8, ""kc_length"": 20, ""kc_mult"": 1.5, ""min_sqz_bars"": 4}, ""r&s"": {""srb_left"": 15, ""srb_right"": 15}, ""atr"": {""atr_length"": 14, ""atr_mult"": 1.0}}",一直亮红,nan-2.05-2.75-2.37,低-高-低,nan%-34.15%-13.82%,43.0,108.4,XENETIC BIOSCIENCES INC,1D,,
2026-09-28 00:00:00,Long,ATHM,21.21,-0.56%,20.39,mfa,参数一,"{""mfa"": {""mfa_all"": 7}}",,,,,,,AUTOHOME INC-ADR,1D,,
2026-09-28 00:00:00,Long,ATHM,21.21,-0.56%,20.39,mfa,参数二,"{""mfa"": {""mfa_all"": 7}}",,,,,,,AUTOHOME INC-ADR,1D,,
2026-09-28 00:00:00,Long,SDCP,25.08,-0.10%,25.04,suf,参数一,"{""suf"": {""timeframe"": ""d""}}",,,,,,,VIRTUS NEWFLEET SD,1D,200.0,0.04
2026-09-28 00:00:00,Long,SDCP,25.08,-0.10%,25.04,suf,参数二,"{""suf"": {""timeframe"": ""d""}}",,,,,,,VIRTUS NEWFLEET SD,1D,200.0,0.04
2026-09-28 00:00:00,Long,INDV,36.88,2.96%,34.39,utb,参数一,"{""utb"": {""key_value"": 2, ""atr_period"": 14, ""use_ha"": false}, ""r&s"": {""srb_left"": 10, ""srb_right"": 10}, ""atr"": {""atr_length"": 14, ""atr_mult"": 1.0}}",,,,,,,INDIVIOR PHARMACEUTICALS INC,1D,,
2026-09-28 00:00:00,Short,CMDY,63.7,-1.03%,64.97,utb,参数二,"{""utb"": {""key_value"": 3, ""atr_period"": 14, ""use_ha"": false}, ""r&s"": {""srb_left"": 15, ""srb_right"": 15}, ""atr"": {""atr_length"": 14, ""atr_mult"": 1.0}}",,,,,,,ISHARES BLOOMBERG ROLL SELEC,1D,,
2026-09-28 00:00:00,Long,SCDS,71.82,-0.91%,71.01,mfa,参数一,"{""mfa"": {""mfa_all"": 19}}",,,,,,,JPMORGAN FUNDAMENTAL DTA SSC,1D,,
2026-09-28 00:00:00,Long,SCDS,71.82,-0.91%,71.01,mfa,参数二,"{""mfa"": {""mfa_all"": 19}}",,,,,,,JPMORGAN FUNDAMENTAL DTA SSC,1D,,
2026-09-28 00:00:00,Long,VSXY,88.29,6.49%,77.36,utb,参数二,"{""utb"": {""key_value"": 3, ""atr_period"": 14, ""use_ha"": false}, ""r&s"": {""srb_left"": 15, ""srb_right"": 15}, ""atr"": {""atr_length"": 14, ""atr_mult"": 1.0}}",,,,,,,VICTORIA'S SECRET & CO,1D,,
2026-09-28 00:00:00,Long,TOUS,38.84,-0.54%,38.18,mfa,参数一,"{""mfa"": {""mfa_all"": 9}}",,,,,,,T ROWE PRC INTERNATIONAL EQ,1D,,
2026-09-28 00:00:00,Long,TOUS,38.84,-0.54%,38.18,mfa,参数二,"{""mfa"": {""mfa_all"": 9}}",,,,,,,T ROWE PRC INTERNATIONAL EQ,1D,,
2026-09-28 00:00:00,Short,LOPP,35.48,-1.03%,35.77,sqz,参数二,"{""sqz"": {""bb_length"": 20, ""bb_mult"": 1.8, ""kc_length"": 20, ""kc_mult"": 1.5, ""min_sqz_bars"": 4}, ""r&s"": {""srb_left"": 15, ""srb_right"": 15}, ""atr"": {""atr_length"": 14, ""atr_mult"": 1.0}}",一直释放,nan-33.61-36.18-36.66,低-高-高,nan%-7.65%-1.32%,42.0,6.39,Gabelli Love Our Planet & Pe,1D,,
2026-09-28 00:00:00,Short,DXLG,0.47,-6.00%,0.54,sqz,参数二,"{""sqz"": {""bb_length"": 20, ""bb_mult"": 1.8, ""kc_length"": 20, ""kc_mult"": 1.5, ""min_sqz_bars"": 4}, ""r&s"": {""srb_left"": 15, ""srb_right"": 15}, ""atr"": {""atr_length"": 14, ""atr_mult"": 1.0}}",支撑释放,nan-0.44-0.51,低-高,nan%-15.91%,40.0,37.25,DESTINATION XL GROUP INC,1D,,
2026-09-28 00:00:00,Long,SINT,1.99,5.85%,1.76,sqz,参数二,"{""sqz"": {""bb_length"": 20, ""bb_mult"": 1.8, ""kc_length"": 20, ""kc_mult"": 1.5, ""min_sqz_bars"": 4}, ""r&s"": {""srb_left"": 15, ""srb_right"": 15}, ""atr"": {""atr_length"": 14, ""atr_mult"": 1.0}}",一直亮绿,nan-4.14-3.0-1.9,低-低-低,nan%-27.54%-36.67%,37.0,30.14,SINTX TECHNOLOGIES INC,1D,,
2026-09-28 00:00:00,Long,SMJF,2.23,39.37%,1.19,utb,参数一,"{""utb"": {""key_value"": 2, ""atr_period"": 14, ""use_ha"": false}, ""r&s"": {""srb_left"": 10, ""srb_right"": 10}, ""atr"": {""atr_length"": 14, ""atr_mult"": 1.0}}",,,,,,,SMJ INTERNATIONAL HOLDI-CL A,1D,,
2026-09-28 00:00:00,Short,SOC,3.57,-7.99%,4.28,sqz,参数一,"{""sqz"": {""bb_length"": 15, ""bb_mult"": 1.5, ""kc_length"": 15, ""kc_mult"": 1.2, ""min_sqz_bars"": 4}, ""r&s"": {""srb_left"": 10, ""srb_right"": 10}, ""atr"": {""atr_length"": 14, ""atr_mult"": 1.0}}",一直亮红,6.54-11.99-12.11-2.88-3.78,高-高-低-高,83.41%-0.96%-76.22%-31.25%,28.0,43.78,SABLE OFFSHORE CORP,1D,,
2026-09-28 00:00:00,Long,WERN,33.53,1.95%,31.36,suf,参数一,"{""suf"": {""timeframe"": ""d""}}",,,,,,,WERNER ENTERPRISES INC,1D,200.0,-6.59
2026-09-28 00:00:00,Long,WERN,33.53,1.95%,31.36,suf,参数二,"{""suf"": {""timeframe"": ""d""}}",,,,,,,WERNER ENTERPRISES INC,1D,200.0,-6.59
2026-09-28 00:00:00,Short,LBTYA,9.43,-0.21%,9.88,sqz,参数一,"{""sqz"": {""bb_length"": 15, ""bb_mult"": 1.5, ""kc_length"": 15, ""kc_mult"": 1.2, ""min_sqz_bars"": 4}, ""r&s"": {""srb_left"": 10, ""srb_right"": 10}, ""atr"": {""atr_length"": 14, ""atr_mult"": 1.0}}",一直亮红,10.82-11.61-11.35-11.36-9.43,高-低-高-低,7.30%-2.24%-0.09%-16.99%,45.0,17.07,LIBERTY GLOBAL LTD-A,1D,,
2026-09-28 00:00:00,Short,LBTYA,9.43,-0.21%,9.88,sqz,参数二,"{""sqz"": {""bb_length"": 20, ""bb_mult"": 1.8, ""kc_length"": 20, ""kc_mult"": 1.5, ""min_sqz_bars"": 4}, ""r&s"": {""srb_left"": 15, ""srb_right"": 15}, ""atr"": {""atr_length"": 14, ""atr_mult"": 1.0}}",一直亮红,nan-10.09-11.61-11.35-9.43,低-高-低-低,nan%-15.06%-2.24%-16.92%,45.0,17.07,LIBERTY GLOBAL LTD-A,1D,,
2026-09-28 00:00:00,Short,ACM,59.42,-2.41%,63.82,sqz,参数二,"{""sqz"": {""bb_length"": 20, ""bb_mult"": 1.8, ""kc_length"": 20, ""kc_mult"": 1.5, ""min_sqz_bars"": 4}, ""r&s"": {""srb_left"": 15, ""srb_right"": 15}, ""atr"": {""atr_length"": 14, ""atr_mult"": 1.0}}",一直亮红,nan-86.85-67.34-66.28-60.35,低-低-低-低,nan%-22.47%-1.57%-8.95%,31.0,16.82,AECOM,1D,,
2026-09-28 00:00:00,Long,YXT,2.46,2.07%,1.91,mfa,参数一,"{""mfa"": {""mfa_all"": 14}}",,,,,,,YXT.COM GROUP HOLDING LTD,1D,,
2026-09-28 00:00:00,Long,YXT,2.46,2.07%,1.91,mfa,参数二,"{""mfa"": {""mfa_all"": 14}}",,,,,,,YXT.COM GROUP HOLDING LTD,1D,,
2026-09-28 00:00:00,Short,BRBR,7.74,-2.15%,8.51,sqz,参数二,"{""sqz"": {""bb_length"": 20, ""bb_mult"": 1.8, ""kc_length"": 20, ""kc_mult"": 1.5, ""min_sqz_bars"": 4}, ""r&s"": {""srb_left"": 15, ""srb_right"": 15}, ""atr"": {""atr_length"": 14, ""atr_mult"": 1.0}}",一直亮红,nan-14.19-7.82,低-低,nan%-44.87%,77.0,82.74,BELLRING BRANDS INC,1D,,
2026-09-28 00:00:00,Long,XPP,19.32,1.31%,18.89,mfa,参数一,"{""mfa"": {""mfa_all"": 14}}",,,,,,,PROSHARES ULTRA FTSE CHINA50,1D,,
2026-09-28 00:00:00,Long,XPP,19.32,1.31%,18.89,mfa,参数二,"{""mfa"": {""mfa_all"": 14}}",,,,,,,PROSHARES ULTRA FTSE CHINA50,1D,,
2026-09-28 00:00:00,Long,WCN,156.16,0.39%,152.53,mfa,参数一,"{""mfa"": {""mfa_all"": 15}}",,,,,,,WASTE CONNECTIONS INC,1D,,
2026-09-28 00:00:00,Long,WCN,156.16,0.39%,152.53,mfa,参数二,"{""mfa"": {""mfa_all"": 15}}",,,,,,,WASTE CONNECTIONS INC,1D,,
2026-09-28 00:00:00,Long,VLGEA,46.11,1.63%,43.83,sqz,参数二,"{""sqz"": {""bb_length"": 20, ""bb_mult"": 1.8, ""kc_length"": 20, ""kc_mult"": 1.5, ""min_sqz_bars"": 4}, ""r&s"": {""srb_left"": 15, ""srb_right"": 15}, ""atr"": {""atr_length"": 14, ""atr_mult"": 1.0}}",压力释放,nan-44.86-47.93-45.51,低-高-低,nan%-6.85%-5.04%,50.0,11.0,VILLAGE SUPER MARKET-CLASS A,1D,,
2026-09-28 00:00:00,Short,CMCL,23.3,-2.27%,24.4,utb,参数二,"{""utb"": {""key_value"": 3, ""atr_period"": 14, ""use_ha"": false}, ""r&s"": {""srb_left"": 15, ""srb_right"": 15}, ""atr"": {""atr_length"": 14, ""atr_mult"": 1.0}}",,,,,,,CALEDONIA MINING CORP PLC,1D,,
2026-09-28 00:00:00,Short,RTXG,21.11,-2.14%,22.35,sqz,参数一,"{""sqz"": {""bb_length"": 15, ""bb_mult"": 1.5, ""kc_length"": 15, ""kc_mult"": 1.2, ""min_sqz_bars"": 4}, ""r&s"": {""srb_left"": 10, ""srb_right"": 10}, ""atr"": {""atr_length"": 14, ""atr_mult"": 1.0}}",一直释放,24.6-22.36-18.55-18.8-22.34,低-低-高-高,9.12%-17.03%-1.35%-18.83%,48.0,39.97,LEVERAGE SHARES 2X RTX,1D,,
2026-09-28 00:00:00,Short,QYLD,18.52,-0.16%,18.66,suf,参数一,"{""suf"": {""timeframe"": ""d""}}",,,,,,,GLOBAL X NASD 100 COV CALL,1D,200.0,8.83
2026-09-28 00:00:00,Short,QYLD,18.52,-0.16%,18.66,suf,参数二,"{""suf"": {""timeframe"": ""d""}}",,,,,,,GLOBAL X NASD 100 COV CALL,1D,200.0,8.83
2026-09-28 00:00:00,Short,BCI,26.01,-1.18%,26.5,utb,参数一,"{""utb"": {""key_value"": 2, ""atr_period"": 14, ""use_ha"": false}, ""r&s"": {""srb_left"": 10, ""srb_right"": 10}, ""atr"": {""atr_length"": 14, ""atr_mult"": 1.0}}",,,,,,,ABRDN BLOOMBERG ALL COMMODIT,1D,,
2026-09-28 00:00:00,Short,VCLN,26.95,-2.61%,27.46,sqz,参数一,"{""sqz"": {""bb_length"": 15, ""bb_mult"": 1.5, ""kc_length"": 15, ""kc_mult"": 1.2, ""min_sqz_bars"": 4}, ""r&s"": {""srb_left"": 10, ""srb_right"": 10}, ""atr"": {""atr_length"": 14, ""atr_mult"": 1.0}}",一直亮红,28.44-31.45-30.55-25.8-27.0,高-低-低-高,10.57%-2.86%-15.54%-4.65%,18.0,6.76,VIRTUS DUFF & PHELPS CLEAN E,1D,,
2026-09-28 00:00:00,Long,SONM,4.35,11.11%,3.57,sqz,参数一,"{""sqz"": {""bb_length"": 15, ""bb_mult"": 1.5, ""kc_length"": 15, ""kc_mult"": 1.2, ""min_sqz_bars"": 4}, ""r&s"": {""srb_left"": 10, ""srb_right"": 10}, ""atr"": {""atr_length"": 14, ""atr_mult"": 1.0}}",一直亮绿,7.97-5.64-6.13-6.14-4.3,低-高-高-低,29.23%-8.69%-0.16%-29.98%,39.0,50.31,DNA X INC,1D,,
2026-09-28 00:00:00,Short,RKDA,0.31,0.00%,0.39,sqz,参数一,"{""sqz"": {""bb_length"": 15, ""bb_mult"": 1.5, ""kc_length"": 15, ""kc_mult"": 1.2, ""min_sqz_bars"": 4}, ""r&s"": {""srb_left"": 10, ""srb_right"": 10}, ""atr"": {""atr_length"": 14, ""atr_mult"": 1.0}}",支撑释放,nan-1.76-0.8-0.59-0.38,低-低-低-低,nan%-54.55%-26.25%-35.59%,28.0,78.95,ARCADIA BIOSCIENCES INC,1D,,
2026-09-28 00:00:00,Short,QSPT,36.41,-0.56%,36.66,suf,参数一,"{""suf"": {""timeframe"": ""d""}}",,,,,,,FT VEST NASDAQ-100 BUFFER ET,1D,200.0,9.11
2026-09-28 00:00:00,Short,QSPT,36.41,-0.56%,36.66,suf,参数二,"{""suf"": {""timeframe"": ""d""}}",,,,,,,FT VEST NASDAQ-100 BUFFER ET,1D,200.0,9.11
2026-09-28 00:00:00,Short,LINE,35.43,-1.99%,37.3,sqz,参数二,"{""sqz"": {""bb_length"": 20, ""bb_mult"": 1.8, ""kc_length"": 20, ""kc_mult"": 1.5, ""min_sqz_bars"": 4}, ""r&s"": {""srb_left"": 15, ""srb_right"": 15}, ""atr"": {""atr_length"": 14, ""atr_mult"": 1.0}}",一直释放,nan-30.44-39.54,低-高,nan%-29.88%,67.0,15.71,LINEAGE INC,1D,,
2026-09-28 00:00:00,Long,CXDO,5.86,-3.78%,5.57,mfa,参数一,"{""mfa"": {""mfa_all"": 18}}",,,,,,,CREXENDO INC,1D,,
2026-09-28 00:00:00,Long,CXDO,5.86,-3.78%,5.57,mfa,参数二,"{""mfa"": {""mfa_all"": 18}}",,,,,,,CREXENDO INC,1D,,
2026-09-28 00:00:00,Long,BLDR,58.01,-1.96%,54.13,mfa,参数一,"{""mfa"": {""mfa_all"": 19}}",,,,,,,BUILDERS FIRSTSOURCE INC,1D,,
2026-09-28 00:00:00,Long,BLDR,58.01,-1.96%,54.13,mfa,参数二,"{""mfa"": {""mfa_all"": 19}}",,,,,,,BUILDERS FIRSTSOURCE INC,1D,,
2026-09-28 00:00:00,Short,PICS,8.32,-4.26%,9.27,sqz,参数二,"{""sqz"": {""bb_length"": 20, ""bb_mult"": 1.8, ""kc_length"": 20, ""kc_mult"": 1.5, ""min_sqz_bars"": 4}, ""r&s"": {""srb_left"": 15, ""srb_right"": 15}, ""atr"": {""atr_length"": 14, ""atr_mult"": 1.0}}",一直亮红,nan-9.88-8.32,低-低,nan%-15.79%,79.0,65.26,PICS NV,1D,,
2026-09-28 00:00:00,Long,BCSF,11.13,0.45%,10.73,mfa,参数一,"{""mfa"": {""mfa_all"": 30}}",,,,,,,BAIN CAPITAL SPECIALTY FINAN,1D,,
2026-09-28 00:00:00,Long,BCSF,11.13,0.45%,10.73,mfa,参数二,"{""mfa"": {""mfa_all"": 30}}",,,,,,,BAIN CAPITAL SPECIALTY FINAN,1D,,
2026-09-28 00:00:00,Short,OCS,9.06,-2.27%,9.91,sqz,参数二,"{""sqz"": {""bb_length"": 20, ""bb_mult"": 1.8, ""kc_length"": 20, ""kc_mult"": 1.5, ""min_sqz_bars"": 4}, ""r&s"": {""srb_left"": 15, ""srb_right"": 15}, ""atr"": {""atr_length"": 14, ""atr_mult"": 1.0}}",一直释放,nan-24.02-25.91-10.52-10.73,低-高-低-高,nan%-7.87%-59.40%-2.00%,41.0,27.68,OCULIS HOLDING AG,1D,,
2026-09-28 00:00:00,Short,OIO,1.45,-12.12%,1.93,utb,参数一,"{""utb"": {""key_value"": 2, ""atr_period"": 14, ""use_ha"": false}, ""r&s"": {""srb_left"": 10, ""srb_right"": 10}, ""atr"": {""atr_length"": 14, ""atr_mult"": 1.0}}",,,,,,,OIO GROUP,1D,,
2026-09-28 00:00:00,Long,VNME,10.31,0.39%,10.3,sqz,参数二,"{""sqz"": {""bb_length"": 20, ""bb_mult"": 1.8, ""kc_length"": 20, ""kc_mult"": 1.5, ""min_sqz_bars"": 4}, ""r&s"": {""srb_left"": 15, ""srb_right"": 15}, ""atr"": {""atr_length"": 14, ""atr_mult"": 1.0}}",一直释放,nan-10.13,低,nan%,154.0,0.5,VENDOME ACQUISITION CORP-A,1D,,
2026-09-28 00:00:00,Long,NUDM,40.06,-0.74%,39.42,mfa,参数一,"{""mfa"": {""mfa_all"": 10}}",,,,,,,NUVEEN ESG INTL DEVEL MRK EQ,1D,,
2026-09-28 00:00:00,Long,NUDM,40.06,-0.74%,39.42,mfa,参数二,"{""mfa"": {""mfa_all"": 10}}",,,,,,,NUVEEN ESG INTL DEVEL MRK EQ,1D,,
2026-09-28 00:00:00,Long,YYAI,0.87,8.94%,-0.75,mfa,参数一,"{""mfa"": {""mfa_all"": 45}}",,,,,,,AIRWA INC,1D,,
2026-09-28 00:00:00,Long,YYAI,0.87,8.94%,-0.75,mfa,参数二,"{""mfa"": {""mfa_all"": 45}}",,,,,,,AIRWA INC,1D,,
2026-09-28 00:00:00,Short,HXC,25.99,-1.22%,26.19,utb,参数一,"{""utb"": {""key_value"": 2, ""atr_period"": 14, ""use_ha"": false}, ""r&s"": {""srb_left"": 10, ""srb_right"": 10}, ""atr"": {""atr_length"": 14, ""atr_mult"": 1.0}}",,,,,,,MAST HEDGEINDEX STRAT COMMOD,1D,,
2026-09-28 00:00:00,Short,HXC,25.99,-1.22%,26.19,utb,参数二,"{""utb"": {""key_value"": 3, ""atr_period"": 14, ""use_ha"": false}, ""r&s"": {""srb_left"": 15, ""srb_right"": 15}, ""atr"": {""atr_length"": 14, ""atr_mult"": 1.0}}",,,,,,,MAST HEDGEINDEX STRAT COMMOD,1D,,
2026-09-28 00:00:00,Short,CTGO,16.95,-8.63%,19.07,utb,参数二,"{""utb"": {""key_value"": 3, ""atr_period"": 14, ""use_ha"": false}, ""r&s"": {""srb_left"": 15, ""srb_right"": 15}, ""atr"": {""atr_length"": 14, ""atr_mult"": 1.0}}",,,,,,,CONTANGO SILVER & GOLD INC,1D,,
2026-09-28 00:00:00,Short,NOCT,64.34,-0.09%,64.63,suf,参数一,"{""suf"": {""timeframe"": ""d""}}",,,,,,,INNOVATOR GROWTH-100 POWER B,1D,200.0,6.51
2026-09-28 00:00:00,Short,NOCT,64.34,-0.09%,64.63,suf,参数二,"{""suf"": {""timeframe"": ""d""}}",,,,,,,INNOVATOR GROWTH-100 POWER B,1D,200.0,6.51
2026-09-28 00:00:00,Long,IMAX,56.13,0.14%,53.8,sqz,参数二,"{""sqz"": {""bb_length"": 20, ""bb_mult"": 1.8, ""kc_length"": 20, ""kc_mult"": 1.5, ""min_sqz_bars"": 4}, ""r&s"": {""srb_left"": 15, ""srb_right"": 15}, ""atr"": {""atr_length"": 14, ""atr_mult"": 1.0}}",压力释放,nan-43.16-40.89-45.52-55.57,低-低-高-高,nan%-5.26%-11.32%-22.08%,24.0,11.07,IMAX CORP,1D,,
2026-09-28 00:00:00,Long,SFBC,46.36,8.52%,42.47,suf,参数一,"{""suf"": {""timeframe"": ""d""}}",,,,,,,SOUND FINANCIAL BANCORP INC,1D,200.0,5.63
2026-09-28 00:00:00,Long,SFBC,46.36,8.52%,42.47,suf,参数二,"{""suf"": {""timeframe"": ""d""}}",,,,,,,SOUND FINANCIAL BANCORP INC,1D,200.0,5.63
2026-09-28 00:00:00,Long,DEEF,39.45,-0.32%,39.15,mfa,参数一,"{""mfa"": {""mfa_all"": 7}}",,,,,,,XTRACK FTSE DEV EX US MULTI,1D,,
2026-09-28 00:00:00,Long,DEEF,39.45,-0.32%,39.15,mfa,参数二,"{""mfa"": {""mfa_all"": 7}}",,,,,,,XTRACK FTSE DEV EX US MULTI,1D,,
2026-09-28 00:00:00,Short,CWEN,29.21,-1.88%,30.66,sqz,参数一,"{""sqz"": {""bb_length"": 15, ""bb_mult"": 1.5, ""kc_length"": 15, ""kc_mult"": 1.2, ""min_sqz_bars"": 4}, ""r&s"": {""srb_left"": 10, ""srb_right"": 10}, ""atr"": {""atr_length"": 14, ""atr_mult"": 1.0}}",一直亮红,35.53-36.71-34.82-32.12-29.74,高-低-低-低,3.34%-5.15%-7.76%-7.42%,42.0,16.2,CLEARWAY ENERGY INC-C,1D,,
2026-09-28 00:00:00,Short,CWEN,29.21,-1.88%,30.66,sqz,参数二,"{""sqz"": {""bb_length"": 20, ""bb_mult"": 1.8, ""kc_length"": 20, ""kc_mult"": 1.5, ""min_sqz_bars"": 4}, ""r&s"": {""srb_left"": 15, ""srb_right"": 15}, ""atr"": {""atr_length"": 14, ""atr_mult"": 1.0}}",一直亮红,nan-30.61-35.53-34.82-29.74,低-高-低-低,nan%-16.07%-1.97%-14.61%,42.0,16.2,CLEARWAY ENERGY INC-C,1D,,
2026-09-28 00:00:00,Long,SHY,81.11,-0.12%,80.96,mfa,参数一,"{""mfa"": {""mfa_all"": 12}}",,,,,,,ISHARES 1-3 YEAR TREASURY BO,1D,,
2026-09-28 00:00:00,Long,SHY,81.11,-0.12%,80.96,mfa,参数二,"{""mfa"": {""mfa_all"": 12}}",,,,,,,ISHARES 1-3 YEAR TREASURY BO,1D,,
2026-09-28 00:00:00,Long,EGG,4.25,51.79%,2.49,utb,参数一,"{""utb"": {""key_value"": 2, ""atr_period"": 14, ""use_ha"": false}, ""r&s"": {""srb_left"": 10, ""srb_right"": 10}, ""atr"": {""atr_length"": 14, ""atr_mult"": 1.0}}",,,,,,,ENIGMATIG LTD - CLASS A,1D,,
2026-09-28 00:00:00,Long,EGG,4.25,51.79%,2.49,mfa,参数一,"{""mfa"": {""mfa_all"": 7}}",,,,,,,ENIGMATIG LTD - CLASS A,1D,,
2026-09-28 00:00:00,Long,EGG,4.25,51.79%,2.49,utb,参数二,"{""utb"": {""key_value"": 3, ""atr_period"": 14, ""use_ha"": false}, ""r&s"": {""srb_left"": 15, ""srb_right"": 15}, ""atr"": {""atr_length"": 14, ""atr_mult"": 1.0}}",,,,,,,ENIGMATIG LTD - CLASS A,1D,,
2026-09-28 00:00:00,Long,EGG,4.25,51.79%,2.49,mfa,参数二,"{""mfa"": {""mfa_all"": 7}}",,,,,,,ENIGMATIG LTD - CLASS A,1D,,
2026-09-28 00:00:00,Long,RRC,37.86,-1.94%,36.72,mfa,参数一,"{""mfa"": {""mfa_all"": 6}}",,,,,,,RANGE RESOURCES CORP,1D,,
2026-09-28 00:00:00,Long,RRC,37.86,-1.94%,36.72,mfa,参数二,"{""mfa"": {""mfa_all"": 6}}",,,,,,,RANGE RESOURCES CORP,1D,,
2026-09-28 00:00:00,Long,EFAA,55.35,-0.49%,54.58,mfa,参数一,"{""mfa"": {""mfa_all"": 9}}",,,,,,,INVESCO MSCI EAFE INCOME ADV,1D,,
2026-09-28 00:00:00,Long,EFAA,55.35,-0.49%,54.58,mfa,参数二,"{""mfa"": {""mfa_all"": 9}}",,,,,,,INVESCO MSCI EAFE INCOME ADV,1D,,
2026-09-28 00:00:00,Long,RES,5.73,-1.88%,5.51,mfa,参数一,"{""mfa"": {""mfa_all"": 6}}",,,,,,,RPC INC,1D,,
2026-09-28 00:00:00,Long,RES,5.73,-1.88%,5.51,mfa,参数二,"{""mfa"": {""mfa_all"": 6}}",,,,,,,RPC INC,1D,,
2026-09-28 00:00:00,Short,NJR,50.4,-0.41%,51.72,sqz,参数二,"{""sqz"": {""bb_length"": 20, ""bb_mult"": 1.8, ""kc_length"": 20, ""kc_mult"": 1.5, ""min_sqz_bars"": 4}, ""r&s"": {""srb_left"": 15, ""srb_right"": 15}, ""atr"": {""atr_length"": 14, ""atr_mult"": 1.0}}",支撑释放,nan-43.45-51.22-52.0,低-高-高,nan%-17.90%-1.51%,81.0,15.92,NEW JERSEY RESOURCES CORP,1D,,
2026-09-28 00:00:00,Long,LGHL,5.78,-20.82%,3.64,mfa,参数一,"{""mfa"": {""mfa_all"": 75}}",,,,,,,LION GROUP HOLDING LTD-S ADR,1D,,
2026-09-28 00:00:00,Long,LGHL,5.78,-20.82%,3.64,mfa,参数二,"{""mfa"": {""mfa_all"": 75}}",,,,,,,LION GROUP HOLDING LTD-S ADR,1D,,
2026-09-28 00:00:00,Short,AIOT,2.62,-6.43%,2.95,sqz,参数一,"{""sqz"": {""bb_length"": 15, ""bb_mult"": 1.5, ""kc_length"": 15, ""kc_mult"": 1.2, ""min_sqz_bars"": 4}, ""r&s"": {""srb_left"": 10, ""srb_right"": 10}, ""atr"": {""atr_length"": 14, ""atr_mult"": 1.0}}",支撑释放,3.01-3.12-3.6-3.72-2.8,高-高-高-低,3.65%-15.38%-3.33%-24.73%,33.0,15.36,POWERFLEET INC,1D,,
2026-09-28 00:00:00,Short,AIOT,2.62,-6.43%,2.95,sqz,参数二,"{""sqz"": {""bb_length"": 20, ""bb_mult"": 1.8, ""kc_length"": 20, ""kc_mult"": 1.5, ""min_sqz_bars"": 4}, ""r&s"": {""srb_left"": 15, ""srb_right"": 15}, ""atr"": {""atr_length"": 14, ""atr_mult"": 1.0}}",支撑释放,nan-2.78-3.6-2.8,低-高-低,nan%-29.50%-22.22%,33.0,15.36,POWERFLEET INC,1D,,
2026-09-28 00:00:00,Long,KNDI,0.82,38.98%,0.51,sqz,参数一,"{""sqz"": {""bb_length"": 15, ""bb_mult"": 1.5, ""kc_length"": 15, ""kc_mult"": 1.2, ""min_sqz_bars"": 4}, ""r&s"": {""srb_left"": 10, ""srb_right"": 10}, ""atr"": {""atr_length"": 14, ""atr_mult"": 1.0}}",一直释放,1.07-0.87-0.77-0.78-0.69,低-低-高-低,18.69%-11.49%-1.30%-11.54%,22.0,43.75,KANDI TECHNOLOGIES GROUP INC,1D,,
2026-09-28 00:00:00,Long,CEPS,10.3,0.00%,10.28,mfa,参数一,"{""mfa"": {""mfa_all"": 7}}",,,,,,,CANTOR EQUITY PARTNERS VI -A,1D,,
2026-09-28 00:00:00,Long,CEPS,10.3,0.00%,10.28,mfa,参数二,"{""mfa"": {""mfa_all"": 7}}",,,,,,,CANTOR EQUITY PARTNERS VI -A,1D,,
2026-09-28 00:00:00,Long,IART,16.27,0.93%,15.19,mfa,参数一,"{""mfa"": {""mfa_all"": 15}}",,,,,,,INTEGRA LIFESCIENCES HOLDING,1D,,
2026-09-28 00:00:00,Long,IART,16.27,0.93%,15.19,mfa,参数二,"{""mfa"": {""mfa_all"": 15}}",,,,,,,INTEGRA LIFESCIENCES HOLDING,1D,,
2026-09-28 00:00:00,Long,LMAT,82.34,1.01%,78.3,mfa,参数一,"{""mfa"": {""mfa_all"": 6}}",,,,,,,LEMAITRE VASCULAR INC,1D,,
2026-09-28 00:00:00,Long,LMAT,82.34,1.01%,78.3,mfa,参数二,"{""mfa"": {""mfa_all"": 6}}",,,,,,,LEMAITRE VASCULAR INC,1D,,
2026-09-28 00:00:00,Short,FAN,22.79,-0.78%,23.24,sqz,参数一,"{""sqz"": {""bb_length"": 15, ""bb_mult"": 1.5, ""kc_length"": 15, ""kc_mult"": 1.2, ""min_sqz_bars"": 4}, ""r&s"": {""srb_left"": 10, ""srb_right"": 10}, ""atr"": {""atr_length"": 14, ""atr_mult"": 1.0}}",一直亮红,22.94-23.03-25.41-23.96-22.92,高-高-低-低,0.39%-10.34%-5.69%-4.36%,42.0,8.33,FIRST TRUST GLOBAL WIND ENER,1D,,
2026-09-28 00:00:00,Long,FAN,22.79,-0.78%,22.4,mfa,参数一,"{""mfa"": {""mfa_all"": 11}}",,,,,,,FIRST TRUST GLOBAL WIND ENER,1D,,
2026-09-28 00:00:00,Long,FAN,22.79,-0.78%,22.4,mfa,参数二,"{""mfa"": {""mfa_all"": 11}}",,,,,,,FIRST TRUST GLOBAL WIND ENER,1D,,
2026-09-28 00:00:00,Short,ELMT,18.64,-5.09%,21.61,utb,参数一,"{""utb"": {""key_value"": 2, ""atr_period"": 14, ""use_ha"": false}, ""r&s"": {""srb_left"": 10, ""srb_right"": 10}, ""atr"": {""atr_length"": 14, ""atr_mult"": 1.0}}",,,,,,,ELMET GROUP CO/THE,1D,,
2026-09-28 00:00:00,Short,IPI,32.34,-4.99%,36.05,sqz,参数一,"{""sqz"": {""bb_length"": 15, ""bb_mult"": 1.5, ""kc_length"": 15, ""kc_mult"": 1.2, ""min_sqz_bars"": 4}, ""r&s"": {""srb_left"": 10, ""srb_right"": 10}, ""atr"": {""atr_length"": 14, ""atr_mult"": 1.0}}",一直亮红,31.56-37.0-34.95-32.36-32.52,高-低-低-高,17.24%-5.54%-7.41%-0.49%,39.0,31.43,INTREPID POTASH INC,1D,,
2026-09-28 00:00:00,Short,IPI,32.34,-4.99%,36.05,sqz,参数二,"{""sqz"": {""bb_length"": 20, ""bb_mult"": 1.8, ""kc_length"": 20, ""kc_mult"": 1.5, ""min_sqz_bars"": 4}, ""r&s"": {""srb_left"": 15, ""srb_right"": 15}, ""atr"": {""atr_length"": 14, ""atr_mult"": 1.0}}",一直亮红,nan-31.56-34.95-32.36-32.52,低-高-低-高,nan%-10.74%-7.41%-0.49%,39.0,31.43,INTREPID POTASH INC,1D,,
2026-09-28 00:00:00,Short,QABA,65.26,-1.18%,66.47,sqz,参数一,"{""sqz"": {""bb_length"": 15, ""bb_mult"": 1.5, ""kc_length"": 15, ""kc_mult"": 1.2, ""min_sqz_bars"": 4}, ""r&s"": {""srb_left"": 10, ""srb_right"": 10}, ""atr"": {""atr_length"": 14, ""atr_mult"": 1.0}}",一直亮红,55.09-54.73-59.09-66.14-65.69,低-高-高-低,0.66%-7.97%-11.94%-0.69%,18.0,4.06,FIRST TRUST NASDAQ ABA CBIF,1D,,
2026-09-28 00:00:00,Short,SPCB,9.06,-2.27%,9.93,sqz,参数二,"{""sqz"": {""bb_length"": 20, ""bb_mult"": 1.8, ""kc_length"": 20, ""kc_mult"": 1.5, ""min_sqz_bars"": 4}, ""r&s"": {""srb_left"": 15, ""srb_right"": 15}, ""atr"": {""atr_length"": 14, ""atr_mult"": 1.0}}",支撑释放,7.71-7.88-7.07-8.23-9.49,高-低-高-高,2.20%-10.28%-16.41%-15.31%,76.0,35.62,SUPERCOM LTD,1D,,
2026-09-28 00:00:00,Long,ELMD,28.17,1.04%,26.48,mfa,参数一,"{""mfa"": {""mfa_all"": 23}}",,,,,,,ELECTROMED INC,1D,,
2026-09-28 00:00:00,Long,ELMD,28.17,1.04%,26.48,mfa,参数二,"{""mfa"": {""mfa_all"": 23}}",,,,,,,ELECTROMED INC,1D,,
2026-09-28 00:00:00,Short,HROW,31.6,-4.45%,34.48,sqz,参数二,"{""sqz"": {""bb_length"": 20, ""bb_mult"": 1.8, ""kc_length"": 20, ""kc_mult"": 1.5, ""min_sqz_bars"": 4}, ""r&s"": {""srb_left"": 15, ""srb_right"": 15}, ""atr"": {""atr_length"": 14, ""atr_mult"": 1.0}}",一直释放,nan-40.61-33.03-28.54-36.25,低-低-低-高,nan%-18.67%-13.59%-27.01%,43.0,18.62,HARROW INC,1D,,
2026-09-28 00:00:00,Long,ISRG,414.79,2.37%,391.21,sqz,参数一,"{""sqz"": {""bb_length"": 15, ""bb_mult"": 1.5, ""kc_length"": 15, ""kc_mult"": 1.2, ""min_sqz_bars"": 4}, ""r&s"": {""srb_left"": 10, ""srb_right"": 10}, ""atr"": {""atr_length"": 14, ""atr_mult"": 1.0}}",一直亮绿,603.88-511.88-491.15-443.84-405.34,低-低-低-低,15.23%-4.05%-9.63%-8.67%,27.0,17.4,INTUITIVE SURGICAL INC,1D,,
2026-09-28 00:00:00,Long,ISRG,414.79,2.37%,391.21,sqz,参数二,"{""sqz"": {""bb_length"": 20, ""bb_mult"": 1.8, ""kc_length"": 20, ""kc_mult"": 1.5, ""min_sqz_bars"": 4}, ""r&s"": {""srb_left"": 15, ""srb_right"": 15}, ""atr"": {""atr_length"": 14, ""atr_mult"": 1.0}}",一直亮绿,603.88-511.88-491.15-443.84-405.34,低-低-低-低,15.23%-4.05%-9.63%-8.67%,27.0,17.4,INTUITIVE SURGICAL INC,1D,,
2026-09-28 00:00:00,Short,GOLD,42.85,-2.50%,46.03,utb,参数一,"{""utb"": {""key_value"": 2, ""atr_period"": 14, ""use_ha"": false}, ""r&s"": {""srb_left"": 10, ""srb_right"": 10}, ""atr"": {""atr_length"": 14, ""atr_mult"": 1.0}}",,,,,,,GOLD.COM INC,1D,,
2026-09-28 00:00:00,Long,RDNW,6.2,2.31%,5.62,utb,参数一,"{""utb"": {""key_value"": 2, ""atr_period"": 14, ""use_ha"": false}, ""r&s"": {""srb_left"": 10, ""srb_right"": 10}, ""atr"": {""atr_length"": 14, ""atr_mult"": 1.0}}",,,,,,,RIDENOW GROUP INC,1D,,
2026-09-28 00:00:00,Long,NKTR,60.4,5.85%,52.76,suf,参数一,"{""suf"": {""timeframe"": ""d""}}",,,,,,,NEKTAR THERAPEUTICS,1D,200.0,-7.71
2026-09-28 00:00:00,Long,NKTR,60.4,5.85%,52.76,suf,参数二,"{""suf"": {""timeframe"": ""d""}}",,,,,,,NEKTAR THERAPEUTICS,1D,200.0,-7.71
2026-09-28 00:00:00,Short,IDVZ,33.52,-0.40%,33.93,sqz,参数二,"{""sqz"": {""bb_length"": 20, ""bb_mult"": 1.8, ""kc_length"": 20, ""kc_mult"": 1.5, ""min_sqz_bars"": 4}, ""r&s"": {""srb_left"": 15, ""srb_right"": 15}, ""atr"": {""atr_length"": 14, ""atr_mult"": 1.0}}",支撑释放,nan-31.57-33.8-33.35-33.57,低-高-低-高,nan%-7.07%-1.33%-0.67%,29.0,7.11,POLEN INTERNATIONAL DIVIDEND,1D,,
2026-09-28 00:00:00,Short,OGC,26.93,-4.27%,28.59,utb,参数二,"{""utb"": {""key_value"": 3, ""atr_period"": 14, ""use_ha"": false}, ""r&s"": {""srb_left"": 15, ""srb_right"": 15}, ""atr"": {""atr_length"": 14, ""atr_mult"": 1.0}}",,,,,,,OCEANAGOLD CORP,1D,,
2026-09-28 00:00:00,Long,STT,179.73,-0.89%,175.37,mfa,参数一,"{""mfa"": {""mfa_all"": 9}}",,,,,,,STATE STREET CORP,1D,,
2026-09-28 00:00:00,Long,STT,179.73,-0.89%,175.37,mfa,参数二,"{""mfa"": {""mfa_all"": 9}}",,,,,,,STATE STREET CORP,1D,,
2026-09-28 00:00:00,Short,GLNG,48.79,-1.65%,51.14,utb,参数二,"{""utb"": {""key_value"": 3, ""atr_period"": 14, ""use_ha"": false}, ""r&s"": {""srb_left"": 15, ""srb_right"": 15}, ""atr"": {""atr_length"": 14, ""atr_mult"": 1.0}}",,,,,,,GOLAR LNG LTD,1D,,
2026-09-28 00:00:00,Short,MLTX,11.56,-3.99%,12.76,sqz,参数二,"{""sqz"": {""bb_length"": 20, ""bb_mult"": 1.8, ""kc_length"": 20, ""kc_mult"": 1.5, ""min_sqz_bars"": 4}, ""r&s"": {""srb_left"": 15, ""srb_right"": 15}, ""atr"": {""atr_length"": 14, ""atr_mult"": 1.0}}",一直释放,nan-11.06-14.47-15.77-15.76,低-高-高-低,nan%-30.83%-8.98%-0.06%,90.0,47.78,MOONLAKE IMMUNOTHERAPEUTICS,1D,,
2026-09-28 00:00:00,Long,NVYY,11.34,0.62%,11.21,utb,参数一,"{""utb"": {""key_value"": 2, ""atr_period"": 14, ""use_ha"": false}, ""r&s"": {""srb_left"": 10, ""srb_right"": 10}, ""atr"": {""atr_length"": 14, ""atr_mult"": 1.0}}",,,,,,,GRANITE YIELDBOOST NVDA,1D,,
2026-09-28 00:00:00,Short,GLIBK,23.34,-0.89%,24.39,utb,参数二,"{""utb"": {""key_value"": 3, ""atr_period"": 14, ""use_ha"": false}, ""r&s"": {""srb_left"": 15, ""srb_right"": 15}, ""atr"": {""atr_length"": 14, ""atr_mult"": 1.0}}",,,,,,,LIBERTY CAPITAL CORP-CL C,1D,,
2026-09-28 00:00:00,Long,MSGS,416.34,3.35%,390.06,utb,参数一,"{""utb"": {""key_value"": 2, ""atr_period"": 14, ""use_ha"": false}, ""r&s"": {""srb_left"": 10, ""srb_right"": 10}, ""atr"": {""atr_length"": 14, ""atr_mult"": 1.0}}",,,,,,,MADISON SQUARE GARDEN SPORTS,1D,,
2026-09-28 00:00:00,Long,OEC,5.87,-0.34%,5.37,mfa,参数一,"{""mfa"": {""mfa_all"": 19}}",,,,,,,ORION SA,1D,,
2026-09-28 00:00:00,Long,OEC,5.87,-0.34%,5.37,mfa,参数二,"{""mfa"": {""mfa_all"": 19}}",,,,,,,ORION SA,1D,,
2026-09-28 00:00:00,Long,ESRT,4.06,-1.22%,3.9,mfa,参数一,"{""mfa"": {""mfa_all"": 42}}",,,,,,,EMPIRE STATE REALTY TRUST-A,1D,,
2026-09-28 00:00:00,Long,ESRT,4.06,-1.22%,3.9,mfa,参数二,"{""mfa"": {""mfa_all"": 42}}",,,,,,,EMPIRE STATE REALTY TRUST-A,1D,,
2026-09-28 00:00:00,Long,ARTL,4.3,-5.29%,2.87,mfa,参数一,"{""mfa"": {""mfa_all"": 45}}",,,,,,,ARTELO BIOSCIENCES INC,1D,,
2026-09-28 00:00:00,Long,ARTL,4.3,-5.29%,2.87,mfa,参数二,"{""mfa"": {""mfa_all"": 45}}",,,,,,,ARTELO BIOSCIENCES INC,1D,,
2026-09-28 00:00:00,Short,TDTH,1.11,-23.97%,1.72,sqz,参数一,"{""sqz"": {""bb_length"": 15, ""bb_mult"": 1.5, ""kc_length"": 15, ""kc_mult"": 1.2, ""min_sqz_bars"": 4}, ""r&s"": {""srb_left"": 10, ""srb_right"": 10}, ""atr"": {""atr_length"": 14, ""atr_mult"": 1.0}}",支撑释放,6.0-1.68-1.28-1.27-1.56,低-低-低-高,72.00%-23.51%-1.17%-22.68%,30.0,59.18,TRIDENT DIGITAL TECH HLDGS-B,1D,,
2026-09-28 00:00:00,Short,TDTH,1.11,-23.97%,1.72,sqz,参数二,"{""sqz"": {""bb_length"": 20, ""bb_mult"": 1.8, ""kc_length"": 20, ""kc_mult"": 1.5, ""min_sqz_bars"": 4}, ""r&s"": {""srb_left"": 15, ""srb_right"": 15}, ""atr"": {""atr_length"": 14, ""atr_mult"": 1.0}}",支撑释放,8.7-5.25-1.28-1.27-1.56,低-低-低-高,39.66%-75.52%-1.17%-22.68%,30.0,59.18,TRIDENT DIGITAL TECH HLDGS-B,1D,,
2026-09-28 00:00:00,Long,ICCC,9.88,-0.50%,9.37,mfa,参数一,"{""mfa"": {""mfa_all"": 10}}",,,,,,,IMMUCELL CORP,1D,,
2026-09-28 00:00:00,Long,ICCC,9.88,-0.50%,9.37,mfa,参数二,"{""mfa"": {""mfa_all"": 10}}",,,,,,,IMMUCELL CORP,1D,,
2026-09-28 00:00:00,Long,ABLV,1.66,28.08%,1.03,sqz,参数二,"{""sqz"": {""bb_length"": 20, ""bb_mult"": 1.8, ""kc_length"": 20, ""kc_mult"": 1.5, ""min_sqz_bars"": 4}, ""r&s"": {""srb_left"": 15, ""srb_right"": 15}, ""atr"": {""atr_length"": 14, ""atr_mult"": 1.0}}",压力释放,0.89-0.95-1.21-1.25-1.29,高-高-高-高,6.74%-26.84%-3.73%-3.20%,20.0,53.94,ABLE VIEW GLOBAL INC-B,1D,,
2026-09-28 00:00:00,Long,USSH,49.6,-0.13%,49.56,mfa,参数一,"{""mfa"": {""mfa_all"": 12}}",,,,,,,WISDOMTREE 1-3 Y LAD TRY FD,1D,,
2026-09-28 00:00:00,Long,USSH,49.6,-0.13%,49.56,mfa,参数二,"{""mfa"": {""mfa_all"": 12}}",,,,,,,WISDOMTREE 1-3 Y LAD TRY FD,1D,,
2026-09-28 00:00:00,Short,EQX,11.23,-5.95%,12.08,utb,参数一,"{""utb"": {""key_value"": 2, ""atr_period"": 14, ""use_ha"": false}, ""r&s"": {""srb_left"": 10, ""srb_right"": 10}, ""atr"": {""atr_length"": 14, ""atr_mult"": 1.0}}",,,,,,,EQUINOX GOLD CORP,1D,,
2026-09-28 00:00:00,Long,ACB,4.09,-0.24%,3.84,sqz,参数二,"{""sqz"": {""bb_length"": 20, ""bb_mult"": 1.8, ""kc_length"": 20, ""kc_mult"": 1.5, ""min_sqz_bars"": 4}, ""r&s"": {""srb_left"": 15, ""srb_right"": 15}, ""atr"": {""atr_length"": 14, ""atr_mult"": 1.0}}",一直释放,nan-4.49-4.13-3.7,低-低-低,nan%-7.92%-10.41%,84.0,44.53,AURORA CANNABIS INC,1D,,
2026-09-28 00:00:00,Short,SSII,2.89,-2.03%,3.13,sqz,参数一,"{""sqz"": {""bb_length"": 15, ""bb_mult"": 1.5, ""kc_length"": 15, ""kc_mult"": 1.2, ""min_sqz_bars"": 4}, ""r&s"": {""srb_left"": 10, ""srb_right"": 10}, ""atr"": {""atr_length"": 14, ""atr_mult"": 1.0}}",支撑释放,4.23-3.7-3.22-3.36-3.25,低-低-高-低,12.53%-12.97%-4.35%-3.27%,26.0,13.85,SS INNOVATIONS INTERNATIONAL,1D,,
2026-09-28 00:00:00,Long,DMAA,10.88,0.37%,10.86,sqz,参数一,"{""sqz"": {""bb_length"": 15, ""bb_mult"": 1.5, ""kc_length"": 15, ""kc_mult"": 1.2, ""min_sqz_bars"": 4}, ""r&s"": {""srb_left"": 10, ""srb_right"": 10}, ""atr"": {""atr_length"": 14, ""atr_mult"": 1.0}}",一直释放,nan-10.6,低,nan%,99.0,0.29,DRUGS MADE IN AMERICA ACQUIS,1D,,
2026-09-28 00:00:00,Long,WKHS,2.9,1.05%,2.65,mfa,参数一,"{""mfa"": {""mfa_all"": 7}}",,,,,,,WORKHORSE GROUP INC,1D,,
2026-09-28 00:00:00,Long,WKHS,2.9,1.05%,2.65,mfa,参数二,"{""mfa"": {""mfa_all"": 7}}",,,,,,,WORKHORSE GROUP INC,1D,,
2026-09-28 00:00:00,Long,TER,401.3,0.73%,363.23,utb,参数二,"{""utb"": {""key_value"": 3, ""atr_period"": 14, ""use_ha"": false}, ""r&s"": {""srb_left"": 15, ""srb_right"": 15}, ""atr"": {""atr_length"": 14, ""atr_mult"": 1.0}}",,,,,,,TERADYNE INC,1D,,
2026-09-28 00:00:00,Long,IAPR,33.75,-0.22%,33.41,mfa,参数一,"{""mfa"": {""mfa_all"": 7}}",,,,,,,INNOVATOR INTERNATIONAL DEVE,1D,,
2026-09-28 00:00:00,Long,IAPR,33.75,-0.22%,33.41,mfa,参数二,"{""mfa"": {""mfa_all"": 7}}",,,,,,,INNOVATOR INTERNATIONAL DEVE,1D,,
2026-09-28 00:00:00,Short,ORN,8.35,-2.68%,9.03,sqz,参数一,"{""sqz"": {""bb_length"": 15, ""bb_mult"": 1.5, ""kc_length"": 15, ""kc_mult"": 1.2, ""min_sqz_bars"": 4}, ""r&s"": {""srb_left"": 10, ""srb_right"": 10}, ""atr"": {""atr_length"": 14, ""atr_mult"": 1.0}}",支撑释放,9.75-11.4-13.11-8.67-8.97,高-高-低-高,16.92%-15.00%-33.87%-3.46%,25.0,8.7,ORION GROUP HOLDINGS INC,1D,,
2026-09-28 00:00:00,Short,CCSO,24.66,-1.36%,25.15,sqz,参数二,"{""sqz"": {""bb_length"": 20, ""bb_mult"": 1.8, ""kc_length"": 20, ""kc_mult"": 1.5, ""min_sqz_bars"": 4}, ""r&s"": {""srb_left"": 15, ""srb_right"": 15}, ""atr"": {""atr_length"": 14, ""atr_mult"": 1.0}}",一直释放,nan-24.68-25.55,低-高,nan%-3.50%,42.0,9.34,CRBN CLCTV CLM SOL US EQY,1D,,
2026-09-28 00:00:00,Short,BLNE,0.88,-1.01%,0.97,sqz,参数一,"{""sqz"": {""bb_length"": 15, ""bb_mult"": 1.5, ""kc_length"": 15, ""kc_mult"": 1.2, ""min_sqz_bars"": 4}, ""r&s"": {""srb_left"": 10, ""srb_right"": 10}, ""atr"": {""atr_length"": 14, ""atr_mult"": 1.0}}",支撑释放,2.05-0.85-1.08-0.76-0.94,低-高-低-高,58.54%-26.47%-29.30%-23.68%,28.0,22.34,BEELINE HOLDINGS INC,1D,,
2026-09-28 00:00:00,Short,LRN,76.66,-2.42%,80.93,sqz,参数二,"{""sqz"": {""bb_length"": 20, ""bb_mult"": 1.8, ""kc_length"": 20, ""kc_mult"": 1.5, ""min_sqz_bars"": 4}, ""r&s"": {""srb_left"": 15, ""srb_right"": 15}, ""atr"": {""atr_length"": 14, ""atr_mult"": 1.0}}",一直亮红,nan-79.83-84.12-80.22-77.18,低-高-低-低,nan%-5.37%-4.64%-3.79%,32.0,13.28,STRIDE INC,1D,,
2026-09-28 00:00:00,Short,CIG,2.03,-1.46%,2.11,utb,参数二,"{""utb"": {""key_value"": 3, ""atr_period"": 14, ""use_ha"": false}, ""r&s"": {""srb_left"": 15, ""srb_right"": 15}, ""atr"": {""atr_length"": 14, ""atr_mult"": 1.0}}",,,,,,,CIA ENERGETICA DE-SPON ADR,1D,,
2026-09-28 00:00:00,Short,FSOL,13.92,-3.20%,14.74,suf,参数一,"{""suf"": {""timeframe"": ""d""}}",,,,,,,FIDELITY SOLANA FUND,1D,200.0,26.89
2026-09-28 00:00:00,Short,FSOL,13.92,-3.20%,14.74,suf,参数二,"{""suf"": {""timeframe"": ""d""}}",,,,,,,FIDELITY SOLANA FUND,1D,200.0,26.89
2026-09-28 00:00:00,Long,DYAI,0.47,11.90%,0.35,mfa,参数一,"{""mfa"": {""mfa_all"": 32}}",,,,,,,DYADIC INTERNATIONAL INC,1D,,
2026-09-28 00:00:00,Long,DYAI,0.47,11.90%,0.35,mfa,参数二,"{""mfa"": {""mfa_all"": 32}}",,,,,,,DYADIC INTERNATIONAL INC,1D,,
2026-09-28 00:00:00,Long,PBH,46.93,0.69%,44.64,mfa,参数一,"{""mfa"": {""mfa_all"": 14}}",,,,,,,PRESTIGE CONSUMER HEALTHCARE,1D,,
2026-09-28 00:00:00,Long,PBH,46.93,0.69%,44.64,mfa,参数二,"{""mfa"": {""mfa_all"": 14}}",,,,,,,PRESTIGE CONSUMER HEALTHCARE,1D,,
2026-09-28 00:00:00,Short,VRRM,2.99,-7.72%,3.45,sqz,参数一,"{""sqz"": {""bb_length"": 15, ""bb_mult"": 1.5, ""kc_length"": 15, ""kc_mult"": 1.2, ""min_sqz_bars"": 4}, ""r&s"": {""srb_left"": 10, ""srb_right"": 10}, ""atr"": {""atr_length"": 14, ""atr_mult"": 1.0}}",一直释放,17.08-15.58-13.84-3.4-3.87,低-低-低-高,8.78%-11.20%-75.42%-13.82%,46.0,55.04,VERRA MOBILITY CORP,1D,,
2026-09-28 00:00:00,Short,BLCK,23.95,-3.45%,24.67,utb,参数二,"{""utb"": {""key_value"": 3, ""atr_period"": 14, ""use_ha"": false}, ""r&s"": {""srb_left"": 15, ""srb_right"": 15}, ""atr"": {""atr_length"": 14, ""atr_mult"": 1.0}}",,,,,,,CORGI CRYPTO INFRASTRUCTURE,1D,,
2026-09-28 00:00:00,Short,FERA,10.53,-0.09%,10.55,suf,参数一,"{""suf"": {""timeframe"": ""d""}}",,,,,,,FIFTH ERA ACQUISITION CORP-A,1D,200.0,1.51
2026-09-28 00:00:00,Short,FERA,10.53,-0.09%,10.55,suf,参数二,"{""suf"": {""timeframe"": ""d""}}",,,,,,,FIFTH ERA ACQUISITION CORP-A,1D,200.0,1.51
2026-09-28 00:00:00,Short,PSH,49.11,-0.25%,49.34,sqz,参数一,"{""sqz"": {""bb_length"": 15, ""bb_mult"": 1.5, ""kc_length"": 15, ""kc_mult"": 1.2, ""min_sqz_bars"": 4}, ""r&s"": {""srb_left"": 10, ""srb_right"": 10}, ""atr"": {""atr_length"": 14, ""atr_mult"": 1.0}}",一直亮红,48.54-48.06-48.81-48.99-49.18,低-高-高-高,0.98%-1.55%-0.36%-0.39%,42.0,1.46,PGIM SHORT DURATION HIGH YLD,1D,,
2026-09-28 00:00:00,Short,PSH,49.11,-0.25%,49.34,sqz,参数二,"{""sqz"": {""bb_length"": 20, ""bb_mult"": 1.8, ""kc_length"": 20, ""kc_mult"": 1.5, ""min_sqz_bars"": 4}, ""r&s"": {""srb_left"": 15, ""srb_right"": 15}, ""atr"": {""atr_length"": 14, ""atr_mult"": 1.0}}",一直亮红,nan-48.54-48.06-48.81-49.18,低-低-高-高,nan%-0.98%-1.55%-0.75%,42.0,1.46,PGIM SHORT DURATION HIGH YLD,1D,,
2026-09-28 00:00:00,Long,MLCI,3.56,2.01%,3.3,sqz,参数二,"{""sqz"": {""bb_length"": 20, ""bb_mult"": 1.8, ""kc_length"": 20, ""kc_mult"": 1.5, ""min_sqz_bars"": 4}, ""r&s"": {""srb_left"": 15, ""srb_right"": 15}, ""atr"": {""atr_length"": 14, ""atr_mult"": 1.0}}",压力释放,nan-5.7-4.71-3.8-3.45,低-低-低-低,nan%-17.38%-19.29%-9.37%,29.0,16.39,MOUNT LOGAN CAPITAL INC,1D,,
2026-09-28 00:00:00,Short,LDRH,24.08,-0.33%,24.18,sqz,参数一,"{""sqz"": {""bb_length"": 15, ""bb_mult"": 1.5, ""kc_length"": 15, ""kc_mult"": 1.2, ""min_sqz_bars"": 4}, ""r&s"": {""srb_left"": 10, ""srb_right"": 10}, ""atr"": {""atr_length"": 14, ""atr_mult"": 1.0}}",支撑释放,23.92-23.63-24.05-24.08-24.16,低-高-高-高,1.23%-1.81%-0.09%-0.35%,44.0,1.53,ISH IBONDS 1-5Y HY & INC LAD,1D,,
2026-09-28 00:00:00,Short,ALTL,44.02,-0.18%,44.37,sqz,参数二,"{""sqz"": {""bb_length"": 20, ""bb_mult"": 1.8, ""kc_length"": 20, ""kc_mult"": 1.5, ""min_sqz_bars"": 4}, ""r&s"": {""srb_left"": 15, ""srb_right"": 15}, ""atr"": {""atr_length"": 14, ""atr_mult"": 1.0}}",一直亮红,nan-43.12-43.3-44.09,低-高-高,nan%-0.43%-1.83%,42.0,7.44,PACER LUNT LARGE CAP ALTERNA,1D,,
2026-09-28 00:00:00,Long,BBIO,66.61,1.59%,61.67,suf,参数一,"{""suf"": {""timeframe"": ""d""}}",,,,,,,BRIDGEBIO PHARMA INC,1D,200.0,-9.66
2026-09-28 00:00:00,Long,BBIO,66.61,1.59%,61.67,suf,参数二,"{""suf"": {""timeframe"": ""d""}}",,,,,,,BRIDGEBIO PHARMA INC,1D,200.0,-9.66
2026-09-28 00:00:00,Short,ILIT,12.68,-2.83%,13.04,sqz,参数一,"{""sqz"": {""bb_length"": 15, ""bb_mult"": 1.5, ""kc_length"": 15, ""kc_mult"": 1.2, ""min_sqz_bars"": 4}, ""r&s"": {""srb_left"": 10, ""srb_right"": 10}, ""atr"": {""atr_length"": 14, ""atr_mult"": 1.0}}",一直释放,15.5-15.06-18.98-17.4-13.2,低-高-低-低,2.84%-25.99%-8.32%-24.14%,42.0,20.76,ISHARES LITH MNRS AND PROD,1D,,
2026-09-28 00:00:00,Short,SCAP,36.44,-1.75%,36.99,sqz,参数二,"{""sqz"": {""bb_length"": 20, ""bb_mult"": 1.8, ""kc_length"": 20, ""kc_mult"": 1.5, ""min_sqz_bars"": 4}, ""r&s"": {""srb_left"": 15, ""srb_right"": 15}, ""atr"": {""atr_length"": 14, ""atr_mult"": 1.0}}",一直释放,nan-35.24-32.59-36.99-36.54,低-低-高-低,nan%-7.52%-13.53%-1.23%,41.0,8.69,INFRASTRUCTURE CAPITAL SMALL,1D,,
2026-09-28 00:00:00,Short,HGER,35.16,-1.24%,35.89,utb,参数二,"{""utb"": {""key_value"": 3, ""atr_period"": 14, ""use_ha"": false}, ""r&s"": {""srb_left"": 15, ""srb_right"": 15}, ""atr"": {""atr_length"": 14, ""atr_mult"": 1.0}}",,,,,,,HARBOR COMMODITY ALL WEATHER,1D,,
2026-09-28 00:00:00,Short,TRX,1.22,-5.43%,1.35,utb,参数一,"{""utb"": {""key_value"": 2, ""atr_period"": 14, ""use_ha"": false}, ""r&s"": {""srb_left"": 10, ""srb_right"": 10}, ""atr"": {""atr_length"": 14, ""atr_mult"": 1.0}}",,,,,,,TRX GOLD CORP,1D,,
2026-09-28 00:00:00,Short,MINT,100.58,-0.07%,100.67,suf,参数一,"{""suf"": {""timeframe"": ""d""}}",,,,,,,PIMCO ENHANCED SHORT MATURIT,1D,200.0,1.46
2026-09-28 00:00:00,Short,MINT,100.58,-0.07%,100.67,suf,参数二,"{""suf"": {""timeframe"": ""d""}}",,,,,,,PIMCO ENHANCED SHORT MATURIT,1D,200.0,1.46
2026-09-28 00:00:00,Long,ATOS,1.96,3.16%,1.66,suf,参数一,"{""suf"": {""timeframe"": ""d""}}",,,,,,,ATOSSA THERAPEUTICS INC,1D,200.0,-59.96
2026-09-28 00:00:00,Long,ATOS,1.96,3.16%,1.66,suf,参数二,"{""suf"": {""timeframe"": ""d""}}",,,,,,,ATOSSA THERAPEUTICS INC,1D,200.0,-59.96
2026-09-28 00:00:00,Long,ALX,249.08,0.79%,242.29,mfa,参数一,"{""mfa"": {""mfa_all"": 12}}",,,,,,,ALEXANDER'S INC,1D,,
2026-09-28 00:00:00,Long,ALX,249.08,0.79%,242.29,mfa,参数二,"{""mfa"": {""mfa_all"": 12}}",,,,,,,ALEXANDER'S INC,1D,,
2026-09-28 00:00:00,Short,WYY,5.9,7.86%,7.18,sqz,参数二,"{""sqz"": {""bb_length"": 20, ""bb_mult"": 1.8, ""kc_length"": 20, ""kc_mult"": 1.5, ""min_sqz_bars"": 4}, ""r&s"": {""srb_left"": 15, ""srb_right"": 15}, ""atr"": {""atr_length"": 14, ""atr_mult"": 1.0}}",一直释放,nan-4.95-3.96-4.6-8.66,低-低-高-高,nan%-20.00%-16.16%-88.26%,24.0,52.77,WIDEPOINT CORP,1D,,
2026-09-28 00:00:00,Short,XHLD,0.98,-92.45%,15.15,utb,参数一,"{""utb"": {""key_value"": 2, ""atr_period"": 14, ""use_ha"": false}, ""r&s"": {""srb_left"": 10, ""srb_right"": 10}, ""atr"": {""atr_length"": 14, ""atr_mult"": 1.0}}",,,,,,,TEN HOLDINGS INC,1D,,
2026-09-28 00:00:00,Long,FEBO,0.64,-7.83%,0.58,mfa,参数一,"{""mfa"": {""mfa_all"": 7}}",,,,,,,FENBO HOLDINGS LTD-CLASS A,1D,,
2026-09-28 00:00:00,Short,FEBO,0.64,-7.83%,0.75,utb,参数二,"{""utb"": {""key_value"": 3, ""atr_period"": 14, ""use_ha"": false}, ""r&s"": {""srb_left"": 15, ""srb_right"": 15}, ""atr"": {""atr_length"": 14, ""atr_mult"": 1.0}}",,,,,,,FENBO HOLDINGS LTD-CLASS A,1D,,
2026-09-28 00:00:00,Long,FEBO,0.64,-7.83%,0.58,mfa,参数二,"{""mfa"": {""mfa_all"": 7}}",,,,,,,FENBO HOLDINGS LTD-CLASS A,1D,,
2026-09-28 00:00:00,Long,AZTD,30.39,-0.54%,30.18,mfa,参数一,"{""mfa"": {""mfa_all"": 19}}",,,,,,,AZTLAN GLB STPCL SEL DM SMID,1D,,
2026-09-28 00:00:00,Long,AZTD,30.39,-0.54%,30.18,mfa,参数二,"{""mfa"": {""mfa_all"": 19}}",,,,,,,AZTLAN GLB STPCL SEL DM SMID,1D,,
2026-09-28 00:00:00,Long,STOK,25.5,2.82%,22.82,suf,参数一,"{""suf"": {""timeframe"": ""d""}}",,,,,,,STOKE THERAPEUTICS INC,1D,200.0,-19.81
2026-09-28 00:00:00,Long,STOK,25.5,2.82%,22.82,suf,参数二,"{""suf"": {""timeframe"": ""d""}}",,,,,,,STOKE THERAPEUTICS INC,1D,200.0,-19.81
2026-09-28 00:00:00,Long,EFAX,54.16,-0.48%,53.39,mfa,参数一,"{""mfa"": {""mfa_all"": 9}}",,,,,,,STATE STREET SPDR MSCI EAFE,1D,,
2026-09-28 00:00:00,Long,EFAX,54.16,-0.48%,53.39,mfa,参数二,"{""mfa"": {""mfa_all"": 9}}",,,,,,,STATE STREET SPDR MSCI EAFE,1D,,
2026-09-28 00:00:00,Long,DOL,75.43,-0.53%,74.18,mfa,参数一,"{""mfa"": {""mfa_all"": 7}}",,,,,,,WISDOMTREE TR DVLP INTNL-USD,1D,,
2026-09-28 00:00:00,Long,DOL,75.43,-0.53%,74.18,mfa,参数二,"{""mfa"": {""mfa_all"": 7}}",,,,,,,WISDOMTREE TR DVLP INTNL-USD,1D,,
2026-09-28 00:00:00,Short,CHTR,111.4,-1.34%,121.23,sqz,参数一,"{""sqz"": {""bb_length"": 15, ""bb_mult"": 1.5, ""kc_length"": 15, ""kc_mult"": 1.2, ""min_sqz_bars"": 4}, ""r&s"": {""srb_left"": 10, ""srb_right"": 10}, ""atr"": {""atr_length"": 14, ""atr_mult"": 1.0}}",一直亮红,180.38-208.33-136.63-124.05-111.55,高-低-低-低,15.50%-34.42%-9.21%-10.08%,45.0,44.06,CHARTER COMMUNICATIONS INC-A,1D,,
2026-09-28 00:00:00,Short,CHTR,111.4,-1.34%,121.23,sqz,参数二,"{""sqz"": {""bb_length"": 20, ""bb_mult"": 1.8, ""kc_length"": 20, ""kc_mult"": 1.5, ""min_sqz_bars"": 4}, ""r&s"": {""srb_left"": 15, ""srb_right"": 15}, ""atr"": {""atr_length"": 14, ""atr_mult"": 1.0}}",一直亮红,nan-180.38-208.33-124.05-111.55,低-高-低-低,nan%-15.50%-40.46%-10.08%,45.0,44.06,CHARTER COMMUNICATIONS INC-A,1D,,
2026-09-28 00:00:00,Short,ALT,2.96,-3.27%,3.22,utb,参数二,"{""utb"": {""key_value"": 3, ""atr_period"": 14, ""use_ha"": false}, ""r&s"": {""srb_left"": 15, ""srb_right"": 15}, ""atr"": {""atr_length"": 14, ""atr_mult"": 1.0}}",,,,,,,ALTIMMUNE INC,1D,,
2026-09-28 00:00:00,Short,INDO,2.65,-5.69%,3.02,sqz,参数一,"{""sqz"": {""bb_length"": 15, ""bb_mult"": 1.5, ""kc_length"": 15, ""kc_mult"": 1.2, ""min_sqz_bars"": 4}, ""r&s"": {""srb_left"": 10, ""srb_right"": 10}, ""atr"": {""atr_length"": 14, ""atr_mult"": 1.0}}",一直亮红,3.25-2.89-2.44-2.64-2.77,低-低-高-高,11.08%-15.57%-8.20%-4.73%,21.0,20.43,INDONESIA ENERGY CORP LTD,1D,,
2026-09-28 00:00:00,Short,INDO,2.65,-5.69%,3.02,utb,参数二,"{""utb"": {""key_value"": 3, ""atr_period"": 14, ""use_ha"": false}, ""r&s"": {""srb_left"": 15, ""srb_right"": 15}, ""atr"": {""atr_length"": 14, ""atr_mult"": 1.0}}",,,,,,,INDONESIA ENERGY CORP LTD,1D,,
2026-09-28 00:00:00,Long,XXI,6.74,1.51%,6.3,sqz,参数一,"{""sqz"": {""bb_length"": 15, ""bb_mult"": 1.5, ""kc_length"": 15, ""kc_mult"": 1.2, ""min_sqz_bars"": 4}, ""r&s"": {""srb_left"": 10, ""srb_right"": 10}, ""atr"": {""atr_length"": 14, ""atr_mult"": 1.0}}",一直亮绿,nan-7.45-9.34-6.67,低-高-低,nan%-25.37%-28.59%,21.0,28.27,TWENTY ONE CAPITAL INC-CL A,1D,,
2026-09-28 00:00:00,Long,KR,59.69,1.62%,56.94,sqz,参数一,"{""sqz"": {""bb_length"": 15, ""bb_mult"": 1.5, ""kc_length"": 15, ""kc_mult"": 1.2, ""min_sqz_bars"": 4}, ""r&s"": {""srb_left"": 10, ""srb_right"": 10}, ""atr"": {""atr_length"": 14, ""atr_mult"": 1.0}}",一直释放,75.66-71.22-60.86-60.31-59.2,低-低-低-低,5.87%-14.54%-0.91%-1.83%,24.0,6.38,KROGER CO,1D,,
2026-09-28 00:00:00,Long,SHRY,44.81,-0.47%,44.45,mfa,参数一,"{""mfa"": {""mfa_all"": 7}}",,,,,,,FIRST TRUST SHAREHOLDER YLD,1D,,
2026-09-28 00:00:00,Long,SHRY,44.81,-0.47%,44.45,mfa,参数二,"{""mfa"": {""mfa_all"": 7}}",,,,,,,FIRST TRUST SHAREHOLDER YLD,1D,,
2026-09-28 00:00:00,Short,LB,80.72,-0.81%,86.02,utb,参数一,"{""utb"": {""key_value"": 2, ""atr_period"": 14, ""use_ha"": false}, ""r&s"": {""srb_left"": 10, ""srb_right"": 10}, ""atr"": {""atr_length"": 14, ""atr_mult"": 1.0}}",,,,,,,LANDBRIDGE CO LLC-A,1D,,
2026-09-28 00:00:00,Short,HARD,33.84,-0.51%,34.94,utb,参数二,"{""utb"": {""key_value"": 3, ""atr_period"": 14, ""use_ha"": false}, ""r&s"": {""srb_left"": 15, ""srb_right"": 15}, ""atr"": {""atr_length"": 14, ""atr_mult"": 1.0}}",,,,,,,SIMPLIFY COMMODITIES STR K-1,1D,,
2026-09-28 00:00:00,Long,IACQ,9.92,0.10%,9.89,mfa,参数一,"{""mfa"": {""mfa_all"": 14}}",,,,,,,IRENIC ACQUISITION CORP CL-A,1D,,
2026-09-28 00:00:00,Long,IACQ,9.92,0.10%,9.89,mfa,参数二,"{""mfa"": {""mfa_all"": 14}}",,,,,,,IRENIC ACQUISITION CORP CL-A,1D,,
2026-09-28 00:00:00,Short,WRN,2.24,-3.45%,2.39,utb,参数一,"{""utb"": {""key_value"": 2, ""atr_period"": 14, ""use_ha"": false}, ""r&s"": {""srb_left"": 10, ""srb_right"": 10}, ""atr"": {""atr_length"": 14, ""atr_mult"": 1.0}}",,,,,,,WESTERN COPPER AND GOLD CORP,1D,,
2026-09-28 00:00:00,Short,PUBM,18.41,-1.02%,19.16,suf,参数一,"{""suf"": {""timeframe"": ""d""}}",,,,,,,PUBMATIC INC-CLASS A,1D,200.0,66.96
2026-09-28 00:00:00,Short,PUBM,18.41,-1.02%,19.16,suf,参数二,"{""suf"": {""timeframe"": ""d""}}",,,,,,,PUBMATIC INC-CLASS A,1D,200.0,66.96
2026-09-28 00:00:00,Short,CBOA,25.04,-0.18%,25.09,suf,参数一,"{""suf"": {""timeframe"": ""d""}}",,,,,,,CALAMOS BITCOIN SA PROT APR,1D,200.0,1.4
2026-09-28 00:00:00,Short,CBOA,25.04,-0.18%,25.09,suf,参数二,"{""suf"": {""timeframe"": ""d""}}",,,,,,,CALAMOS BITCOIN SA PROT APR,1D,200.0,1.4
2026-09-28 00:00:00,Long,POST,74.87,2.35%,70.18,suf,参数一,"{""suf"": {""timeframe"": ""d""}}",,,,,,,POST HOLDINGS INC,1D,200.0,-20.96
2026-09-28 00:00:00,Long,POST,74.87,2.35%,70.18,suf,参数二,"{""suf"": {""timeframe"": ""d""}}",,,,,,,POST HOLDINGS INC,1D,200.0,-20.96
2026-09-28 00:00:00,Long,JBS,11.6,0.26%,10.96,suf,参数一,"{""suf"": {""timeframe"": ""d""}}",,,,,,,JBS NV-A,1D,200.0,-15.36
2026-09-28 00:00:00,Long,JBS,11.6,0.26%,10.96,suf,参数二,"{""suf"": {""timeframe"": ""d""}}",,,,,,,JBS NV-A,1D,200.0,-15.36
2026-09-28 00:00:00,Long,QEFA,98.71,-0.29%,97.38,mfa,参数一,"{""mfa"": {""mfa_all"": 9}}",,,,,,,STSR SPD MSC EAF STGFS-US IN,1D,,
2026-09-28 00:00:00,Long,QEFA,98.71,-0.29%,97.38,mfa,参数二,"{""mfa"": {""mfa_all"": 9}}",,,,,,,STSR SPD MSC EAF STGFS-US IN,1D,,
2026-09-28 00:00:00,Long,ZSL,27.19,11.21%,24.87,utb,参数一,"{""utb"": {""key_value"": 2, ""atr_period"": 14, ""use_ha"": false}, ""r&s"": {""srb_left"": 10, ""srb_right"": 10}, ""atr"": {""atr_length"": 14, ""atr_mult"": 1.0}}",,,,,,,PROSHARES ULTRASHORT SILVER,1D,,
2026-09-28 00:00:00,Long,ZSL,27.19,11.21%,24.87,utb,参数二,"{""utb"": {""key_value"": 3, ""atr_period"": 14, ""use_ha"": false}, ""r&s"": {""srb_left"": 15, ""srb_right"": 15}, ""atr"": {""atr_length"": 14, ""atr_mult"": 1.0}}",,,,,,,PROSHARES ULTRASHORT SILVER,1D,,
2026-09-28 00:00:00,Long,CHWY,18.61,1.86%,16.8,suf,参数一,"{""suf"": {""timeframe"": ""d""}}",,,,,,,CHEWY INC - CLASS A,1D,200.0,-24.98
2026-09-28 00:00:00,Long,CHWY,18.61,1.86%,16.8,suf,参数二,"{""suf"": {""timeframe"": ""d""}}",,,,,,,CHEWY INC - CLASS A,1D,200.0,-24.98
2026-09-28 00:00:00,Long,BHF,52.04,-2.25%,50.01,mfa,参数一,"{""mfa"": {""mfa_all"": 41}}",,,,,,,BRIGHTHOUSE FINANCIAL INC,1D,,
2026-09-28 00:00:00,Long,BHF,52.04,-2.25%,50.01,mfa,参数二,"{""mfa"": {""mfa_all"": 41}}",,,,,,,BRIGHTHOUSE FINANCIAL INC,1D,,
2026-09-28 00:00:00,Short,EMMY,24.47,-0.73%,24.68,utb,参数二,"{""utb"": {""key_value"": 3, ""atr_period"": 14, ""use_ha"": false}, ""r&s"": {""srb_left"": 15, ""srb_right"": 15}, ""atr"": {""atr_length"": 14, ""atr_mult"": 1.0}}",,,,,,,CORGI EMR MRK EQ 15% STR-MAY,1D,,
2026-09-28 00:00:00,Long,SSPC,9.53,4.50%,7.89,mfa,参数一,"{""mfa"": {""mfa_all"": 18}}",,,,,,,LEVERAGE SHARE 2X SHORT SPCX,1D,,
2026-09-28 00:00:00,Long,SSPC,9.53,4.50%,7.89,mfa,参数二,"{""mfa"": {""mfa_all"": 18}}",,,,,,,LEVERAGE SHARE 2X SHORT SPCX,1D,,
2026-09-28 00:00:00,Short,AEBI,10.78,-2.00%,11.51,sqz,参数二,"{""sqz"": {""bb_length"": 20, ""bb_mult"": 1.8, ""kc_length"": 20, ""kc_mult"": 1.5, ""min_sqz_bars"": 4}, ""r&s"": {""srb_left"": 15, ""srb_right"": 15}, ""atr"": {""atr_length"": 14, ""atr_mult"": 1.0}}",支撑释放,12.36-8.87-10.2-11.08-11.64,低-高-高-高,28.20%-14.93%-8.67%-5.03%,25.0,12.03,AEBI SCHMIDT HOLDING AG,1D,,
2026-09-28 00:00:00,Short,SMMT,15.48,-0.83%,16.77,utb,参数二,"{""utb"": {""key_value"": 3, ""atr_period"": 14, ""use_ha"": false}, ""r&s"": {""srb_left"": 15, ""srb_right"": 15}, ""atr"": {""atr_length"": 14, ""atr_mult"": 1.0}}",,,,,,,SUMMIT THERAPEUTICS INC,1D,,
2026-09-28 00:00:00,Long,HSBC,101.18,0.23%,98.98,mfa,参数一,"{""mfa"": {""mfa_all"": 9}}",,,,,,,HSBC HOLDINGS PLC-SPONS ADR,1D,,
2026-09-28 00:00:00,Long,HSBC,101.18,0.23%,98.98,mfa,参数二,"{""mfa"": {""mfa_all"": 9}}",,,,,,,HSBC HOLDINGS PLC-SPONS ADR,1D,,
2026-09-28 00:00:00,Short,ANGX,4.57,-4.79%,5.07,utb,参数二,"{""utb"": {""key_value"": 3, ""atr_period"": 14, ""use_ha"": false}, ""r&s"": {""srb_left"": 15, ""srb_right"": 15}, ""atr"": {""atr_length"": 14, ""atr_mult"": 1.0}}",,,,,,,ANGEL STUDIOS INC,1D,,
2026-09-28 00:00:00,Short,KJUL,33.04,-0.39%,33.29,sqz,参数二,"{""sqz"": {""bb_length"": 20, ""bb_mult"": 1.8, ""kc_length"": 20, ""kc_mult"": 1.5, ""min_sqz_bars"": 4}, ""r&s"": {""srb_left"": 15, ""srb_right"": 15}, ""atr"": {""atr_length"": 14, ""atr_mult"": 1.0}}",一直释放,nan-32.12-31.46-33.36,低-低-高,nan%-2.05%-6.04%,42.0,3.24,INNOVATOR U.S. SMALL CAP POW,1D,,
2026-09-28 00:00:00,Long,KGRN,21.57,1.15%,21.05,suf,参数一,"{""suf"": {""timeframe"": ""d""}}",,,,,,,KRANESHARES MSCI CHINA CLEAN,1D,200.0,-17.97
2026-09-28 00:00:00,Long,KGRN,21.57,1.15%,21.05,suf,参数二,"{""suf"": {""timeframe"": ""d""}}",,,,,,,KRANESHARES MSCI CHINA CLEAN,1D,200.0,-17.97
2026-09-28 00:00:00,Short,BBT,27.81,-1.35%,28.97,sqz,参数二,"{""sqz"": {""bb_length"": 20, ""bb_mult"": 1.8, ""kc_length"": 20, ""kc_mult"": 1.5, ""min_sqz_bars"": 4}, ""r&s"": {""srb_left"": 15, ""srb_right"": 15}, ""atr"": {""atr_length"": 14, ""atr_mult"": 1.0}}",一直亮红,nan-27.11-27.17-28.17,低-高-高,nan%-0.20%-3.68%,46.0,16.17,BEACON FINANCIAL CORP,1D,,
2026-09-28 00:00:00,Long,IRTC,112.6,2.01%,104.71,mfa,参数一,"{""mfa"": {""mfa_all"": 12}}",,,,,,,IRHYTHM HOLDINGS INC,1D,,
2026-09-28 00:00:00,Long,IRTC,112.6,2.01%,104.71,mfa,参数二,"{""mfa"": {""mfa_all"": 12}}",,,,,,,IRHYTHM HOLDINGS INC,1D,,
2026-09-28 00:00:00,Long,ELPW,3.03,-5.02%,1.97,mfa,参数一,"{""mfa"": {""mfa_all"": 58}}",,,,,,,ELONG POWER HOLDING-A,1D,,
2026-09-28 00:00:00,Long,ELPW,3.03,-5.02%,1.97,mfa,参数二,"{""mfa"": {""mfa_all"": 58}}",,,,,,,ELONG POWER HOLDING-A,1D,,
2026-09-28 00:00:00,Long,LQDA,73.67,7.66%,64.12,utb,参数一,"{""utb"": {""key_value"": 2, ""atr_period"": 14, ""use_ha"": false}, ""r&s"": {""srb_left"": 10, ""srb_right"": 10}, ""atr"": {""atr_length"": 14, ""atr_mult"": 1.0}}",,,,,,,LIQUIDIA CORP,1D,,
2026-09-28 00:00:00,Long,IDHQ,43.54,-0.62%,42.76,mfa,参数一,"{""mfa"": {""mfa_all"": 9}}",,,,,,,INVESCO S&P INTERNATIONAL DE,1D,,
2026-09-28 00:00:00,Long,IDHQ,43.54,-0.62%,42.76,mfa,参数二,"{""mfa"": {""mfa_all"": 9}}",,,,,,,INVESCO S&P INTERNATIONAL DE,1D,,
2026-09-28 00:00:00,Short,OR,34.28,-4.19%,36.25,utb,参数二,"{""utb"": {""key_value"": 3, ""atr_period"": 14, ""use_ha"": false}, ""r&s"": {""srb_left"": 15, ""srb_right"": 15}, ""atr"": {""atr_length"": 14, ""atr_mult"": 1.0}}",,,,,,,OR ROYALTIES INC,1D,,
2026-09-28 00:00:00,Short,AMD,607.87,-3.61%,655.17,suf,参数一,"{""suf"": {""timeframe"": ""d""}}",,,,,,,ADVANCED MICRO DEVICES,1D,200.0,65.77
2026-09-28 00:00:00,Short,AMD,607.87,-3.61%,655.17,suf,参数二,"{""suf"": {""timeframe"": ""d""}}",,,,,,,ADVANCED MICRO DEVICES,1D,200.0,65.77
2026-09-28 00:00:00,Short,MSN,0.41,-4.65%,0.49,utb,参数二,"{""utb"": {""key_value"": 3, ""atr_period"": 14, ""use_ha"": false}, ""r&s"": {""srb_left"": 15, ""srb_right"": 15}, ""atr"": {""atr_length"": 14, ""atr_mult"": 1.0}}",,,,,,,EMERSON RADIO CORP,1D,,
2026-09-28 00:00:00,Long,WETO,1.67,-2.34%,-0.91,mfa,参数一,"{""mfa"": {""mfa_all"": 16}}",,,,,,,WETOUR ROBOTICS LTD,1D,,
2026-09-28 00:00:00,Long,WETO,1.67,-2.34%,-0.91,mfa,参数二,"{""mfa"": {""mfa_all"": 16}}",,,,,,,WETOUR ROBOTICS LTD,1D,,
2026-09-28 00:00:00,Short,YB,12.08,-1.11%,12.72,sqz,参数二,"{""sqz"": {""bb_length"": 20, ""bb_mult"": 1.8, ""kc_length"": 20, ""kc_mult"": 1.5, ""min_sqz_bars"": 4}, ""r&s"": {""srb_left"": 15, ""srb_right"": 15}, ""atr"": {""atr_length"": 14, ""atr_mult"": 1.0}}",一直亮红,nan-17.17-15.23-11.09-12.11,低-低-低-高,nan%-11.29%-27.21%-9.24%,26.0,18.41,YUANBAO INC -ADR,1D,,
2026-09-28 00:00:00,Short,XIWC,22.57,-1.61%,22.98,sqz,参数二,"{""sqz"": {""bb_length"": 20, ""bb_mult"": 1.8, ""kc_length"": 20, ""kc_mult"": 1.5, ""min_sqz_bars"": 4}, ""r&s"": {""srb_left"": 15, ""srb_right"": 15}, ""atr"": {""atr_length"": 14, ""atr_mult"": 1.0}}",一直释放,nan-23.02,低,nan%,42.0,15.55,CORGI US MICRO-CAP 2X DLY,1D,,
2026-09-28 00:00:00,Short,ELVA,6.13,-3.46%,6.6,sqz,参数一,"{""sqz"": {""bb_length"": 15, ""bb_mult"": 1.5, ""kc_length"": 15, ""kc_mult"": 1.2, ""min_sqz_bars"": 4}, ""r&s"": {""srb_left"": 10, ""srb_right"": 10}, ""atr"": {""atr_length"": 14, ""atr_mult"": 1.0}}",一直亮红,7.05-8.79-9.12-7.63-6.23,高-高-低-低,24.68%-3.75%-16.34%-18.35%,24.0,17.5,ELECTROVAYA INC,1D,,
2026-09-28 00:00:00,Long,TAYD,65.14,3.02%,60.02,sqz,参数一,"{""sqz"": {""bb_length"": 15, ""bb_mult"": 1.5, ""kc_length"": 15, ""kc_mult"": 1.2, ""min_sqz_bars"": 4}, ""r&s"": {""srb_left"": 10, ""srb_right"": 10}, ""atr"": {""atr_length"": 14, ""atr_mult"": 1.0}}",压力释放,nan-90.37-59.99-62.42-62.18,低-低-高-低,nan%-33.62%-4.05%-0.38%,15.0,5.96,TAYLOR DEVICES INC,1D,,
2026-09-28 00:00:00,Short,ACET,6.35,-29.60%,8.74,sqz,参数一,"{""sqz"": {""bb_length"": 15, ""bb_mult"": 1.5, ""kc_length"": 15, ""kc_mult"": 1.2, ""min_sqz_bars"": 4}, ""r&s"": {""srb_left"": 10, ""srb_right"": 10}, ""atr"": {""atr_length"": 14, ""atr_mult"": 1.0}}",支撑释放,6.41-6.01-7.09-7.02-7.42,低-高-低-高,6.20%-17.97%-0.99%-5.70%,36.0,34.37,ADICET BIO INC,1D,,
2026-09-28 00:00:00,Short,ACET,6.35,-29.60%,8.74,sqz,参数二,"{""sqz"": {""bb_length"": 20, ""bb_mult"": 1.8, ""kc_length"": 20, ""kc_mult"": 1.5, ""min_sqz_bars"": 4}, ""r&s"": {""srb_left"": 15, ""srb_right"": 15}, ""atr"": {""atr_length"": 14, ""atr_mult"": 1.0}}",支撑释放,nan-6.41-6.01-7.02-7.42,低-低-高-高,nan%-6.20%-16.81%-5.70%,36.0,34.37,ADICET BIO INC,1D,,
2026-09-28 00:00:00,Short,EMLC,24.77,-0.76%,25.0,sqz,参数一,"{""sqz"": {""bb_length"": 15, ""bb_mult"": 1.5, ""kc_length"": 15, ""kc_mult"": 1.2, ""min_sqz_bars"": 4}, ""r&s"": {""srb_left"": 10, ""srb_right"": 10}, ""atr"": {""atr_length"": 14, ""atr_mult"": 1.0}}",一直亮红,nan-24.01-24.52-24.71-24.86,低-高-高-高,nan%-2.13%-0.75%-0.61%,46.0,3.76,VANECK JPM EM LOCAL CURR BND,1D,,
2026-09-28 00:00:00,Short,EMLC,24.77,-0.76%,25.0,sqz,参数二,"{""sqz"": {""bb_length"": 20, ""bb_mult"": 1.8, ""kc_length"": 20, ""kc_mult"": 1.5, ""min_sqz_bars"": 4}, ""r&s"": {""srb_left"": 15, ""srb_right"": 15}, ""atr"": {""atr_length"": 14, ""atr_mult"": 1.0}}",一直亮红,nan-24.01-24.52-24.86,低-高-高,nan%-2.13%-1.36%,46.0,3.76,VANECK JPM EM LOCAL CURR BND,1D,,
2026-09-28 00:00:00,Long,ABVX,96.85,6.36%,86.57,suf,参数一,"{""suf"": {""timeframe"": ""d""}}",,,,,,,ABIVAX SA-ADR,1D,200.0,-18.22
2026-09-28 00:00:00,Long,ABVX,96.85,6.36%,86.57,suf,参数二,"{""suf"": {""timeframe"": ""d""}}",,,,,,,ABIVAX SA-ADR,1D,200.0,-18.22
2026-09-28 00:00:00,Short,SKYE,1.61,-3.59%,1.99,sqz,参数一,"{""sqz"": {""bb_length"": 15, ""bb_mult"": 1.5, ""kc_length"": 15, ""kc_mult"": 1.2, ""min_sqz_bars"": 4}, ""r&s"": {""srb_left"": 10, ""srb_right"": 10}, ""atr"": {""atr_length"": 14, ""atr_mult"": 1.0}}",支撑释放,4.53-6.0-5.45-4.56-1.64,高-低-低-低,32.51%-9.20%-16.30%-64.04%,18.0,37.2,SKYE BIOSCIENCE INC,1D,,
2026-09-28 00:00:00,Short,LITS,1.36,-5.56%,1.58,suf,参数一,"{""suf"": {""timeframe"": ""d""}}",,,,,,,LITE STRATEGY INC,1D,200.0,21.21
2026-09-28 00:00:00,Short,LITS,1.36,-5.56%,1.58,suf,参数二,"{""suf"": {""timeframe"": ""d""}}",,,,,,,LITE STRATEGY INC,1D,200.0,21.21
2026-09-28 00:00:00,Short,EMCB,64.31,-0.40%,64.75,sqz,参数二,"{""sqz"": {""bb_length"": 20, ""bb_mult"": 1.8, ""kc_length"": 20, ""kc_mult"": 1.5, ""min_sqz_bars"": 4}, ""r&s"": {""srb_left"": 15, ""srb_right"": 15}, ""atr"": {""atr_length"": 14, ""atr_mult"": 1.0}}",一直亮红,nan-63.46-64.1-63.42-64.46,低-高-低-高,nan%-1.01%-1.07%-1.65%,46.0,2.1,WISDOMTREE EM CORP BOND,1D,,
2026-09-28 00:00:00,Short,PAYP,16.0,-3.09%,17.3,utb,参数二,"{""utb"": {""key_value"": 3, ""atr_period"": 14, ""use_ha"": false}, ""r&s"": {""srb_left"": 15, ""srb_right"": 15}, ""atr"": {""atr_length"": 14, ""atr_mult"": 1.0}}",,,,,,,PAYPAY CORP,1D,,
2026-09-28 00:00:00,Long,IQLT,49.92,-0.44%,49.2,mfa,参数一,"{""mfa"": {""mfa_all"": 9}}",,,,,,,ISHARES MSCI INTERNATIONAL Q,1D,,
2026-09-28 00:00:00,Long,IQLT,49.92,-0.44%,49.2,mfa,参数二,"{""mfa"": {""mfa_all"": 9}}",,,,,,,ISHARES MSCI INTERNATIONAL Q,1D,,
2026-09-28 00:00:00,Long,HRTX,0.29,0.00%,0.26,mfa,参数一,"{""mfa"": {""mfa_all"": 35}}",,,,,,,HERON THERAPEUTICS INC,1D,,
2026-09-28 00:00:00,Long,HRTX,0.29,0.00%,0.26,mfa,参数二,"{""mfa"": {""mfa_all"": 35}}",,,,,,,HERON THERAPEUTICS INC,1D,,
2026-09-28 00:00:00,Long,GMEX,,nan%,,suf,参数一,"{""suf"": {""timeframe"": ""d""}}",,,,,,,GMEX ROBOTICS CORPORATION,1D,200.0,
2026-09-28 00:00:00,Long,GMEX,,nan%,,suf,参数二,"{""suf"": {""timeframe"": ""d""}}",,,,,,,GMEX ROBOTICS CORPORATION,1D,200.0,
2026-09-28 00:00:00,Short,IAGG,49.23,-0.20%,49.4,sqz,参数二,"{""sqz"": {""bb_length"": 20, ""bb_mult"": 1.8, ""kc_length"": 20, ""kc_mult"": 1.5, ""min_sqz_bars"": 4}, ""r&s"": {""srb_left"": 15, ""srb_right"": 15}, ""atr"": {""atr_length"": 14, ""atr_mult"": 1.0}}",一直释放,nan-49.05-49.22-49.63,低-高-高,nan%-0.35%-0.82%,46.0,0.89,ISHARES INTL AGGREGATE BOND,1D,,
2026-09-28 00:00:00,Short,NXB,1.96,-2.97%,2.21,utb,参数一,"{""utb"": {""key_value"": 2, ""atr_period"": 14, ""use_ha"": false}, ""r&s"": {""srb_left"": 10, ""srb_right"": 10}, ""atr"": {""atr_length"": 14, ""atr_mult"": 1.0}}",,,,,,,NEXTBOAT INC,1D,,
2026-09-28 00:00:00,Long,CEFA,40.54,-0.44%,39.66,mfa,参数一,"{""mfa"": {""mfa_all"": 9}}",,,,,,,GLOBAL X S&P CATH VAL DEVEL,1D,,
2026-09-28 00:00:00,Long,CEFA,40.54,-0.44%,39.66,mfa,参数二,"{""mfa"": {""mfa_all"": 9}}",,,,,,,GLOBAL X S&P CATH VAL DEVEL,1D,,
2026-09-28 00:00:00,Long,SHEN,11.35,-3.49%,10.82,mfa,参数一,"{""mfa"": {""mfa_all"": 9}}",,,,,,,SHENANDOAH TELECOMMUNICATION,1D,,
2026-09-28 00:00:00,Long,SHEN,11.35,-3.49%,10.82,mfa,参数二,"{""mfa"": {""mfa_all"": 9}}",,,,,,,SHENANDOAH TELECOMMUNICATION,1D,,
2026-09-28 00:00:00,Long,COTY,2.68,1.13%,2.45,mfa,参数一,"{""mfa"": {""mfa_all"": 8}}",,,,,,,COTY INC-CL A,1D,,
2026-09-28 00:00:00,Long,COTY,2.68,1.13%,2.45,mfa,参数二,"{""mfa"": {""mfa_all"": 8}}",,,,,,,COTY INC-CL A,1D,,
2026-09-28 00:00:00,Short,BLBD,56.98,-1.96%,60.45,sqz,参数一,"{""sqz"": {""bb_length"": 15, ""bb_mult"": 1.5, ""kc_length"": 15, ""kc_mult"": 1.2, ""min_sqz_bars"": 4}, ""r&s"": {""srb_left"": 10, ""srb_right"": 10}, ""atr"": {""atr_length"": 14, ""atr_mult"": 1.0}}",一直亮红,nan-46.14-51.69-62.56-57.38,低-高-高-低,nan%-12.03%-21.03%-8.28%,18.0,12.57,BLUE BIRD CORP,1D,,
2026-09-28 00:00:00,Short,LABT,1.15,-31.14%,2.46,sqz,参数一,"{""sqz"": {""bb_length"": 15, ""bb_mult"": 1.5, ""kc_length"": 15, ""kc_mult"": 1.2, ""min_sqz_bars"": 4}, ""r&s"": {""srb_left"": 10, ""srb_right"": 10}, ""atr"": {""atr_length"": 14, ""atr_mult"": 1.0}}",支撑释放,nan-5.9-1.66,低-低,nan%-71.86%,50.0,312.65,LAKEWOOD-AMEDEX BIOTHERAPEUT,1D,,
2026-09-28 00:00:00,Short,LABT,1.15,-31.14%,2.46,utb,参数二,"{""utb"": {""key_value"": 3, ""atr_period"": 14, ""use_ha"": false}, ""r&s"": {""srb_left"": 15, ""srb_right"": 15}, ""atr"": {""atr_length"": 14, ""atr_mult"": 1.0}}",,,,,,,LAKEWOOD-AMEDEX BIOTHERAPEUT,1D,,
2026-09-28 00:00:00,Short,LABT,1.15,-31.14%,2.46,sqz,参数二,"{""sqz"": {""bb_length"": 20, ""bb_mult"": 1.8, ""kc_length"": 20, ""kc_mult"": 1.5, ""min_sqz_bars"": 4}, ""r&s"": {""srb_left"": 15, ""srb_right"": 15}, ""atr"": {""atr_length"": 14, ""atr_mult"": 1.0}}",一直亮红,nan-1.66,低,nan%,50.0,312.65,LAKEWOOD-AMEDEX BIOTHERAPEUT,1D,,
2026-09-28 00:00:00,Long,KAPR,39.54,-0.38%,39.26,mfa,参数一,"{""mfa"": {""mfa_all"": 9}}",,,,,,,INNOVATOR U.S. SMALL CAP POW,1D,,
2026-09-28 00:00:00,Long,KAPR,39.54,-0.38%,39.26,mfa,参数二,"{""mfa"": {""mfa_all"": 9}}",,,,,,,INNOVATOR U.S. SMALL CAP POW,1D,,
2026-09-28 00:00:00,Short,SIVR,57.77,-5.51%,60.67,utb,参数一,"{""utb"": {""key_value"": 2, ""atr_period"": 14, ""use_ha"": false}, ""r&s"": {""srb_left"": 10, ""srb_right"": 10}, ""atr"": {""atr_length"": 14, ""atr_mult"": 1.0}}",,,,,,,ABRDN PHYSICAL SILVER SHARES,1D,,
2026-09-28 00:00:00,Long,RNAZ,1.71,1.18%,1.35,mfa,参数一,"{""mfa"": {""mfa_all"": 37}}",,,,,,,TRANSCODE THERAPEUTICS INC,1D,,
2026-09-28 00:00:00,Long,RNAZ,1.71,1.18%,1.35,mfa,参数二,"{""mfa"": {""mfa_all"": 37}}",,,,,,,TRANSCODE THERAPEUTICS INC,1D,,
2026-09-28 00:00:00,Long,ENB,46.97,0.49%,45.78,suf,参数一,"{""suf"": {""timeframe"": ""d""}}",,,,,,,ENBRIDGE INC,1D,200.0,-8.05
2026-09-28 00:00:00,Long,ENB,46.97,0.49%,45.78,suf,参数二,"{""suf"": {""timeframe"": ""d""}}",,,,,,,ENBRIDGE INC,1D,200.0,-8.05
2026-09-28 00:00:00,Short,ZIM,28.39,-2.74%,31.09,utb,参数一,"{""utb"": {""key_value"": 2, ""atr_period"": 14, ""use_ha"": false}, ""r&s"": {""srb_left"": 10, ""srb_right"": 10}, ""atr"": {""atr_length"": 14, ""atr_mult"": 1.0}}",,,,,,,ZIM INTEGRATED SHIPPING SERV,1D,,
2026-09-28 00:00:00,Long,IDMY,25.2,-0.16%,25.08,mfa,参数一,"{""mfa"": {""mfa_all"": 7}}",,,,,,,CORGI INTL DEV EQ 15%-MAY,1D,,
2026-09-28 00:00:00,Long,IDMY,25.2,-0.16%,25.08,mfa,参数二,"{""mfa"": {""mfa_all"": 7}}",,,,,,,CORGI INTL DEV EQ 15%-MAY,1D,,
2026-09-28 00:00:00,Short,BTGD,26.76,-4.62%,28.2,utb,参数一,"{""utb"": {""key_value"": 2, ""atr_period"": 14, ""use_ha"": false}, ""r&s"": {""srb_left"": 10, ""srb_right"": 10}, ""atr"": {""atr_length"": 14, ""atr_mult"": 1.0}}",,,,,,,STKD 100% BITCO & 100% GOLD,1D,,
2026-09-28 00:00:00,Short,TCBK,51.89,-0.94%,53.32,sqz,参数一,"{""sqz"": {""bb_length"": 15, ""bb_mult"": 1.5, ""kc_length"": 15, ""kc_mult"": 1.2, ""min_sqz_bars"": 4}, ""r&s"": {""srb_left"": 10, ""srb_right"": 10}, ""atr"": {""atr_length"": 14, ""atr_mult"": 1.0}}",支撑释放,44.75-48.26-47.95-48.5-52.19,高-低-高-高,7.85%-0.63%-1.15%-7.60%,18.0,4.07,TRICO BANCSHARES,1D,,
2026-09-28 00:00:00,Short,ELD,27.78,-1.07%,28.12,sqz,参数一,"{""sqz"": {""bb_length"": 15, ""bb_mult"": 1.5, ""kc_length"": 15, ""kc_mult"": 1.2, ""min_sqz_bars"": 4}, ""r&s"": {""srb_left"": 10, ""srb_right"": 10}, ""atr"": {""atr_length"": 14, ""atr_mult"": 1.0}}",一直亮红,26.47-27.55-27.6-27.49-27.82,高-高-低-高,4.08%-0.18%-0.41%-1.23%,45.0,4.12,WISDOMTREE EMRG MKTS DEBT,1D,,
2026-09-28 00:00:00,Short,ELD,27.78,-1.07%,28.12,sqz,参数二,"{""sqz"": {""bb_length"": 20, ""bb_mult"": 1.8, ""kc_length"": 20, ""kc_mult"": 1.5, ""min_sqz_bars"": 4}, ""r&s"": {""srb_left"": 15, ""srb_right"": 15}, ""atr"": {""atr_length"": 14, ""atr_mult"": 1.0}}",一直亮红,nan-26.17-27.49-27.82,低-高-高,nan%-5.02%-1.23%,45.0,4.12,WISDOMTREE EMRG MKTS DEBT,1D,,
2026-09-28 00:00:00,Short,XAR,234.19,-2.20%,243.3,sqz,参数一,"{""sqz"": {""bb_length"": 15, ""bb_mult"": 1.5, ""kc_length"": 15, ""kc_mult"": 1.2, ""min_sqz_bars"": 4}, ""r&s"": {""srb_left"": 10, ""srb_right"": 10}, ""atr"": {""atr_length"": 14, ""atr_mult"": 1.0}}",一直释放,258.62-240.77-248.16-262.89-254.79,低-高-高-低,6.90%-3.07%-5.94%-3.08%,41.0,16.81,SS SPDR S&P AEROSPACE DEF,1D,,
2026-09-28 00:00:00,Short,LIEN,9.57,-4.68%,10.15,utb,参数一,"{""utb"": {""key_value"": 2, ""atr_period"": 14, ""use_ha"": false}, ""r&s"": {""srb_left"": 10, ""srb_right"": 10}, ""atr"": {""atr_length"": 14, ""atr_mult"": 1.0}}",,,,,,,CHICAGO ATLANTIC BDC INC,1D,,
2026-09-28 00:00:00,Short,IOSP,97.88,-0.85%,102.62,suf,参数一,"{""suf"": {""timeframe"": ""d""}}",,,,,,,INNOSPEC INC,1D,200.0,20.01
2026-09-28 00:00:00,Short,IOSP,97.88,-0.85%,102.62,suf,参数二,"{""suf"": {""timeframe"": ""d""}}",,,,,,,INNOSPEC INC,1D,200.0,20.01
2026-09-28 00:00:00,Short,EMAU,25.21,-0.94%,25.41,utb,参数二,"{""utb"": {""key_value"": 3, ""atr_period"": 14, ""use_ha"": false}, ""r&s"": {""srb_left"": 15, ""srb_right"": 15}, ""atr"": {""atr_length"": 14, ""atr_mult"": 1.0}}",,,,,,,CORGI EMR MRK EQ 15% STR-AUG,1D,,
2026-09-28 00:00:00,Long,MKL,1740.4,0.73%,1688.83,suf,参数一,"{""suf"": {""timeframe"": ""d""}}",,,,,,,MARKEL GROUP INC,1D,200.0,-10.16
2026-09-28 00:00:00,Long,MKL,1740.4,0.73%,1688.83,suf,参数二,"{""suf"": {""timeframe"": ""d""}}",,,,,,,MARKEL GROUP INC,1D,200.0,-10.16
2026-09-28 00:00:00,Short,XLCI,23.68,-1.32%,24.2,utb,参数一,"{""utb"": {""key_value"": 2, ""atr_period"": 14, ""use_ha"": false}, ""r&s"": {""srb_left"": 10, ""srb_right"": 10}, ""atr"": {""atr_length"": 14, ""atr_mult"": 1.0}}",,,,,,,SS COMM SS SPDR PREM INC,1D,,
2026-09-28 00:00:00,Short,MTRX,9.63,-1.13%,10.31,sqz,参数一,"{""sqz"": {""bb_length"": 15, ""bb_mult"": 1.5, ""kc_length"": 15, ""kc_mult"": 1.2, ""min_sqz_bars"": 4}, ""r&s"": {""srb_left"": 10, ""srb_right"": 10}, ""atr"": {""atr_length"": 14, ""atr_mult"": 1.0}}",一直亮红,9.88-11.95-11.57-11.02-9.7,高-低-低-低,20.95%-3.18%-4.75%-11.98%,16.0,12.58,MATRIX SERVICE CO,1D,,
2026-09-28 00:00:00,Short,HTB,45.5,-1.49%,47.07,sqz,参数一,"{""sqz"": {""bb_length"": 15, ""bb_mult"": 1.5, ""kc_length"": 15, ""kc_mult"": 1.2, ""min_sqz_bars"": 4}, ""r&s"": {""srb_left"": 10, ""srb_right"": 10}, ""atr"": {""atr_length"": 14, ""atr_mult"": 1.0}}",一直亮红,40.89-40.5-44.69-47.03-45.92,低-高-高-低,0.94%-10.35%-5.22%-2.36%,21.0,7.93,HOMETRUST BANCSHARES INC,1D,,
2026-09-28 00:00:00,Short,NOVM,34.27,-0.03%,34.3,suf,参数一,"{""suf"": {""timeframe"": ""d""}}",,,,,,,FT VEST US EQ MAX BUF NOV,1D,200.0,2.52
2026-09-28 00:00:00,Short,NOVM,34.27,-0.03%,34.3,suf,参数二,"{""suf"": {""timeframe"": ""d""}}",,,,,,,FT VEST US EQ MAX BUF NOV,1D,200.0,2.52
2026-09-28 00:00:00,Long,HUHU,5.74,8.10%,4.89,mfa,参数一,"{""mfa"": {""mfa_all"": 23}}",,,,,,,HUHUTECH INTERNATIONAL GROUP,1D,,
2026-09-28 00:00:00,Long,HUHU,5.74,8.10%,4.89,mfa,参数二,"{""mfa"": {""mfa_all"": 23}}",,,,,,,HUHUTECH INTERNATIONAL GROUP,1D,,
2026-09-28 00:00:00,Short,BBGI,14.59,-4.58%,17.09,sqz,参数二,"{""sqz"": {""bb_length"": 20, ""bb_mult"": 1.8, ""kc_length"": 20, ""kc_mult"": 1.5, ""min_sqz_bars"": 4}, ""r&s"": {""srb_left"": 15, ""srb_right"": 15}, ""atr"": {""atr_length"": 14, ""atr_mult"": 1.0}}",一直释放,nan-3.14-13.36-18.57,低-高-高,nan%-325.48%-39.00%,42.0,49.17,BEASLEY BROADCAST GRP INC -A,1D,,
2026-09-28 00:00:00,Short,CNTY,1.05,-4.55%,1.18,sqz,参数一,"{""sqz"": {""bb_length"": 15, ""bb_mult"": 1.5, ""kc_length"": 15, ""kc_mult"": 1.2, ""min_sqz_bars"": 4}, ""r&s"": {""srb_left"": 10, ""srb_right"": 10}, ""atr"": {""atr_length"": 14, ""atr_mult"": 1.0}}",一直释放,1.23-1.48-1.24-1.14,高-低-低,20.33%-16.22%-8.06%,50.0,18.42,CENTURY CASINOS INC,1D,,
2026-09-28 00:00:00,Short,PPLT,15.57,-3.23%,16.22,utb,参数二,"{""utb"": {""key_value"": 3, ""atr_period"": 14, ""use_ha"": false}, ""r&s"": {""srb_left"": 15, ""srb_right"": 15}, ""atr"": {""atr_length"": 14, ""atr_mult"": 1.0}}",,,,,,,ABRDN PHYSICAL PLATINUM SHRS,1D,,
2026-09-28 00:00:00,Long,QNC,2.2,17.02%,1.69,utb,参数二,"{""utb"": {""key_value"": 3, ""atr_period"": 14, ""use_ha"": false}, ""r&s"": {""srb_left"": 15, ""srb_right"": 15}, ""atr"": {""atr_length"": 14, ""atr_mult"": 1.0}}",,,,,,,QUANTUM EMOTION CORP,1D,,
2026-09-28 00:00:00,Long,FBYD,8.36,12.52%,6.49,utb,参数一,"{""utb"": {""key_value"": 2, ""atr_period"": 14, ""use_ha"": false}, ""r&s"": {""srb_left"": 10, ""srb_right"": 10}, ""atr"": {""atr_length"": 14, ""atr_mult"": 1.0}}",,,,,,,FALCON'S BEYOND GLOBAL INC-A,1D,,
2026-09-28 00:00:00,Long,IDV,43.19,-0.14%,42.68,mfa,参数一,"{""mfa"": {""mfa_all"": 7}}",,,,,,,ISHARES INTERNATIONAL SELECT,1D,,
2026-09-28 00:00:00,Long,IDV,43.19,-0.14%,42.68,mfa,参数二,"{""mfa"": {""mfa_all"": 7}}",,,,,,,ISHARES INTERNATIONAL SELECT,1D,,
2026-09-28 00:00:00,Short,PLTM,16.48,-3.29%,17.15,utb,参数二,"{""utb"": {""key_value"": 3, ""atr_period"": 14, ""use_ha"": false}, ""r&s"": {""srb_left"": 15, ""srb_right"": 15}, ""atr"": {""atr_length"": 14, ""atr_mult"": 1.0}}",,,,,,,GRANITESHARES PLATINUM TRUST,1D,,
2026-09-28 00:00:00,Long,IVA,3.53,4.75%,2.95,suf,参数一,"{""suf"": {""timeframe"": ""d""}}",,,,,,,INVENTIVA SA - ADR,1D,200.0,-29.98
2026-09-28 00:00:00,Long,IVA,3.53,4.75%,2.95,suf,参数二,"{""suf"": {""timeframe"": ""d""}}",,,,,,,INVENTIVA SA - ADR,1D,200.0,-29.98
2026-09-28 00:00:00,Long,XCBE,10.02,0.10%,10.02,sqz,参数一,"{""sqz"": {""bb_length"": 15, ""bb_mult"": 1.5, ""kc_length"": 15, ""kc_mult"": 1.2, ""min_sqz_bars"": 4}, ""r&s"": {""srb_left"": 10, ""srb_right"": 10}, ""atr"": {""atr_length"": 14, ""atr_mult"": 1.0}}",一直释放,nan-9.95-9.99,低-高,nan%-0.40%,58.0,0.71,X3 ACQUISITION CORP LTD-CL A,1D,,
2026-09-28 00:00:00,Long,SGRX,1.56,8.33%,1.09,suf,参数一,"{""suf"": {""timeframe"": ""d""}}",,,,,,,SANGRIX INC,1D,200.0,-89.88
2026-09-28 00:00:00,Long,SGRX,1.56,8.33%,1.09,suf,参数二,"{""suf"": {""timeframe"": ""d""}}",,,,,,,SANGRIX INC,1D,200.0,-89.88
2026-09-28 00:00:00,Short,SLVO,64.66,-4.94%,68.18,utb,参数一,"{""utb"": {""key_value"": 2, ""atr_period"": 14, ""use_ha"": false}, ""r&s"": {""srb_left"": 10, ""srb_right"": 10}, ""atr"": {""atr_length"": 14, ""atr_mult"": 1.0}}",,,,,,,UBS AG ETRACS SL SH CO C ETN,1D,,
2026-09-28 00:00:00,Short,SLVO,64.66,-4.94%,68.18,utb,参数二,"{""utb"": {""key_value"": 3, ""atr_period"": 14, ""use_ha"": false}, ""r&s"": {""srb_left"": 15, ""srb_right"": 15}, ""atr"": {""atr_length"": 14, ""atr_mult"": 1.0}}",,,,,,,UBS AG ETRACS SL SH CO C ETN,1D,,
2026-09-28 00:00:00,Long,HMH,19.28,0.63%,18.06,mfa,参数一,"{""mfa"": {""mfa_all"": 6}}",,,,,,,HMH HOLDING INC CL-A,1D,,
2026-09-28 00:00:00,Long,HMH,19.28,0.63%,18.06,mfa,参数二,"{""mfa"": {""mfa_all"": 6}}",,,,,,,HMH HOLDING INC CL-A,1D,,
2026-09-28 00:00:00,Short,QETA,11.81,-0.34%,11.85,suf,参数一,"{""suf"": {""timeframe"": ""d""}}",,,,,,,QUETTA ACQUISITION CORP,1D,200.0,1.46
2026-09-28 00:00:00,Short,QETA,11.81,-0.34%,11.85,suf,参数二,"{""suf"": {""timeframe"": ""d""}}",,,,,,,QUETTA ACQUISITION CORP,1D,200.0,1.46
2026-09-28 00:00:00,Short,QMAR,38.38,-0.25%,38.57,suf,参数一,"{""suf"": {""timeframe"": ""d""}}",,,,,,,FT VEST NASDAQ-100 BUFFER ET,1D,200.0,8.03
2026-09-28 00:00:00,Short,QMAR,38.38,-0.25%,38.57,suf,参数二,"{""suf"": {""timeframe"": ""d""}}",,,,,,,FT VEST NASDAQ-100 BUFFER ET,1D,200.0,8.03
2026-09-28 00:00:00,Long,HAVA,10.24,0.20%,10.23,sqz,参数一,"{""sqz"": {""bb_length"": 15, ""bb_mult"": 1.5, ""kc_length"": 15, ""kc_mult"": 1.2, ""min_sqz_bars"": 4}, ""r&s"": {""srb_left"": 10, ""srb_right"": 10}, ""atr"": {""atr_length"": 14, ""atr_mult"": 1.0}}",一直释放,nan-10.01-10.13,低-高,nan%-1.20%,63.0,0.3,HARVARD AVE ACQUISITION-CL A,1D,,
2026-09-28 00:00:00,Long,HAVA,10.24,0.20%,10.23,sqz,参数二,"{""sqz"": {""bb_length"": 20, ""bb_mult"": 1.8, ""kc_length"": 20, ""kc_mult"": 1.5, ""min_sqz_bars"": 4}, ""r&s"": {""srb_left"": 15, ""srb_right"": 15}, ""atr"": {""atr_length"": 14, ""atr_mult"": 1.0}}",一直释放,nan-10.01,低,nan%,175.0,0.7,HARVARD AVE ACQUISITION-CL A,1D,,
2026-09-28 00:00:00,Short,SOYB,27.35,-1.33%,27.87,utb,参数一,"{""utb"": {""key_value"": 2, ""atr_period"": 14, ""use_ha"": false}, ""r&s"": {""srb_left"": 10, ""srb_right"": 10}, ""atr"": {""atr_length"": 14, ""atr_mult"": 1.0}}",,,,,,,TEUCRIUM SOYBEAN FUND,1D,,
2026-09-28 00:00:00,Long,SOHU,13.1,0.38%,12.53,mfa,参数一,"{""mfa"": {""mfa_all"": 7}}",,,,,,,SOHU.COM LTD-ADR,1D,,
2026-09-28 00:00:00,Long,SOHU,13.1,0.38%,12.53,mfa,参数二,"{""mfa"": {""mfa_all"": 7}}",,,,,,,SOHU.COM LTD-ADR,1D,,
2026-09-28 00:00:00,Short,LTBR,6.48,-5.40%,7.17,sqz,参数二,"{""sqz"": {""bb_length"": 20, ""bb_mult"": 1.8, ""kc_length"": 20, ""kc_mult"": 1.5, ""min_sqz_bars"": 4}, ""r&s"": {""srb_left"": 15, ""srb_right"": 15}, ""atr"": {""atr_length"": 14, ""atr_mult"": 1.0}}",一直释放,nan-12.46-9.78-6.92,低-低-低,nan%-21.51%-29.24%,50.0,39.74,LIGHTBRIDGE CORP,1D,,
2026-09-28 00:00:00,Long,KEP,11.07,0.54%,10.74,mfa,参数一,"{""mfa"": {""mfa_all"": 9}}",,,,,,,KOREA ELEC POWER CORP-SP ADR,1D,,
2026-09-28 00:00:00,Long,KEP,11.07,0.54%,10.74,mfa,参数二,"{""mfa"": {""mfa_all"": 9}}",,,,,,,KOREA ELEC POWER CORP-SP ADR,1D,,
2026-09-28 00:00:00,Long,JFIN,1.44,-4.64%,1.31,mfa,参数一,"{""mfa"": {""mfa_all"": 21}}",,,,,,,JIAYIN GROUP INC-ADR,1D,,
2026-09-28 00:00:00,Long,JFIN,1.44,-4.64%,1.31,mfa,参数二,"{""mfa"": {""mfa_all"": 21}}",,,,,,,JIAYIN GROUP INC-ADR,1D,,
2026-09-28 00:00:00,Long,OPPE,58.79,-0.27%,58.14,mfa,参数一,"{""mfa"": {""mfa_all"": 7}}",,,,,,,WISDOMTREE EUROPEAN OPPORT,1D,,
2026-09-28 00:00:00,Long,OPPE,58.79,-0.27%,58.14,mfa,参数二,"{""mfa"": {""mfa_all"": 7}}",,,,,,,WISDOMTREE EUROPEAN OPPORT,1D,,
2026-09-28 00:00:00,Long,MATW,19.52,3.01%,17.99,suf,参数一,"{""suf"": {""timeframe"": ""d""}}",,,,,,,MATTHEWS INTL CORP-CLASS A,1D,200.0,-22.75
2026-09-28 00:00:00,Long,MATW,19.52,3.01%,17.99,suf,参数二,"{""suf"": {""timeframe"": ""d""}}",,,,,,,MATTHEWS INTL CORP-CLASS A,1D,200.0,-22.75
2026-09-28 00:00:00,Short,CRM,227.27,-2.88%,239.75,utb,参数二,"{""utb"": {""key_value"": 3, ""atr_period"": 14, ""use_ha"": false}, ""r&s"": {""srb_left"": 15, ""srb_right"": 15}, ""atr"": {""atr_length"": 14, ""atr_mult"": 1.0}}",,,,,,,SALESFORCE INC,1D,,
2026-09-28 00:00:00,Long,JRSH,5.9,3.87%,5.4,sqz,参数一,"{""sqz"": {""bb_length"": 15, ""bb_mult"": 1.5, ""kc_length"": 15, ""kc_mult"": 1.2, ""min_sqz_bars"": 4}, ""r&s"": {""srb_left"": 10, ""srb_right"": 10}, ""atr"": {""atr_length"": 14, ""atr_mult"": 1.0}}",一直亮绿,3.46-3.1-3.5-5.42-5.81,低-高-高-高,10.35%-13.00%-54.71%-7.23%,22.0,17.61,JERASH HOLDINGS US INC,1D,,
2026-09-28 00:00:00,Long,DGZ,5.5,0.36%,5.06,utb,参数一,"{""utb"": {""key_value"": 2, ""atr_period"": 14, ""use_ha"": false}, ""r&s"": {""srb_left"": 10, ""srb_right"": 10}, ""atr"": {""atr_length"": 14, ""atr_mult"": 1.0}}",,,,,,,DB GOLD SHORT ETN,1D,,
2026-09-28 00:00:00,Long,TOON,0.57,-1.04%,0.54,mfa,参数一,"{""mfa"": {""mfa_all"": 10}}",,,,,,,KARTOON STUDIOS INC,1D,,
2026-09-28 00:00:00,Long,TOON,0.57,-1.04%,0.54,mfa,参数二,"{""mfa"": {""mfa_all"": 10}}",,,,,,,KARTOON STUDIOS INC,1D,,
2026-09-28 00:00:00,Short,SPHL,2.74,-12.18%,3.34,suf,参数一,"{""suf"": {""timeframe"": ""d""}}",,,,,,,SPRINGVIEW HOLDINGS LTD-CL A,1D,200.0,-9.45
2026-09-28 00:00:00,Short,SPHL,2.74,-12.18%,3.34,suf,参数二,"{""suf"": {""timeframe"": ""d""}}",,,,,,,SPRINGVIEW HOLDINGS LTD-CL A,1D,200.0,-9.45
2026-09-28 00:00:00,Short,IAUX,1.65,-5.17%,1.78,utb,参数一,"{""utb"": {""key_value"": 2, ""atr_period"": 14, ""use_ha"": false}, ""r&s"": {""srb_left"": 10, ""srb_right"": 10}, ""atr"": {""atr_length"": 14, ""atr_mult"": 1.0}}",,,,,,,I-80 GOLD CORP,1D,,
2026-09-28 00:00:00,Short,APYX,2.5,-15.54%,3.14,sqz,参数二,"{""sqz"": {""bb_length"": 20, ""bb_mult"": 1.8, ""kc_length"": 20, ""kc_mult"": 1.5, ""min_sqz_bars"": 4}, ""r&s"": {""srb_left"": 15, ""srb_right"": 15}, ""atr"": {""atr_length"": 14, ""atr_mult"": 1.0}}",支撑释放,nan-3.35-2.99-2.76,低-低-低,nan%-10.75%-7.69%,100.0,84.06,APYX MEDICAL CORP,1D,,
2026-09-28 00:00:00,Long,MRSH,169.03,-1.22%,164.85,mfa,参数一,"{""mfa"": {""mfa_all"": 13}}",,,,,,,MARSH & MCLENNAN COS,1D,,
2026-09-28 00:00:00,Long,MRSH,169.03,-1.22%,164.85,mfa,参数二,"{""mfa"": {""mfa_all"": 13}}",,,,,,,MARSH & MCLENNAN COS,1D,,
2026-09-28 00:00:00,Long,PEZ,93.72,0.24%,92.91,mfa,参数一,"{""mfa"": {""mfa_all"": 27}}",,,,,,,INVESCO DORSEY WRIGHT CONSUM,1D,,
2026-09-28 00:00:00,Long,PEZ,93.72,0.24%,92.91,mfa,参数二,"{""mfa"": {""mfa_all"": 27}}",,,,,,,INVESCO DORSEY WRIGHT CONSUM,1D,,
2026-09-28 00:00:00,Short,VSHY,21.25,-0.40%,21.39,sqz,参数一,"{""sqz"": {""bb_length"": 15, ""bb_mult"": 1.5, ""kc_length"": 15, ""kc_mult"": 1.2, ""min_sqz_bars"": 4}, ""r&s"": {""srb_left"": 10, ""srb_right"": 10}, ""atr"": {""atr_length"": 14, ""atr_mult"": 1.0}}",一直亮红,20.75-21.09-21.08-21.2-21.29,高-低-高-高,1.63%-0.06%-0.60%-0.40%,46.0,1.59,VIRTUS NWFLT SHRT DUR HI YLD,1D,,
2026-09-28 00:00:00,Short,QTOC,39.21,-0.03%,39.38,suf,参数一,"{""suf"": {""timeframe"": ""d""}}",,,,,,,INNOVATOR GROWTH ACCEL PL-OC,1D,200.0,8.14
2026-09-28 00:00:00,Short,QTOC,39.21,-0.03%,39.38,suf,参数二,"{""suf"": {""timeframe"": ""d""}}",,,,,,,INNOVATOR GROWTH ACCEL PL-OC,1D,200.0,8.14
2026-09-28 00:00:00,Long,ARAY,0.3,36.36%,0.25,utb,参数一,"{""utb"": {""key_value"": 2, ""atr_period"": 14, ""use_ha"": false}, ""r&s"": {""srb_left"": 10, ""srb_right"": 10}, ""atr"": {""atr_length"": 14, ""atr_mult"": 1.0}}",,,,,,,ACCURAY INC,1D,,
2026-09-28 00:00:00,Long,ARAY,0.3,36.36%,0.25,utb,参数二,"{""utb"": {""key_value"": 3, ""atr_period"": 14, ""use_ha"": false}, ""r&s"": {""srb_left"": 15, ""srb_right"": 15}, ""atr"": {""atr_length"": 14, ""atr_mult"": 1.0}}",,,,,,,ACCURAY INC,1D,,
2026-09-28 00:00:00,Long,UTWO,47.28,-0.16%,47.2,mfa,参数一,"{""mfa"": {""mfa_all"": 12}}",,,,,,,F/M US TREASURY 2 YEAR NOTE,1D,,
2026-09-28 00:00:00,Long,UTWO,47.28,-0.16%,47.2,mfa,参数二,"{""mfa"": {""mfa_all"": 12}}",,,,,,,F/M US TREASURY 2 YEAR NOTE,1D,,
2026-09-28 00:00:00,Long,RVSN,3.54,-1.94%,3.11,mfa,参数一,"{""mfa"": {""mfa_all"": 12}}",,,,,,,RAIL VISION LTD,1D,,
2026-09-28 00:00:00,Long,RVSN,3.54,-1.94%,3.11,mfa,参数二,"{""mfa"": {""mfa_all"": 12}}",,,,,,,RAIL VISION LTD,1D,,
2026-09-28 00:00:00,Short,BOEU,23.19,-13.45%,27.06,sqz,参数二,"{""sqz"": {""bb_length"": 20, ""bb_mult"": 1.8, ""kc_length"": 20, ""kc_mult"": 1.5, ""min_sqz_bars"": 4}, ""r&s"": {""srb_left"": 15, ""srb_right"": 15}, ""atr"": {""atr_length"": 14, ""atr_mult"": 1.0}}",一直释放,nan-26.95-31.53-29.62,低-高-低,nan%-17.02%-6.08%,48.0,37.25,DIREXION DAILY BA BULL 2X ET,1D,,
2026-09-28 00:00:00,Long,LCTD,58.6,-0.44%,57.72,mfa,参数一,"{""mfa"": {""mfa_all"": 9}}",,,,,,,ISHARES WORLD EX U.S. CARBON,1D,,
2026-09-28 00:00:00,Long,LCTD,58.6,-0.44%,57.72,mfa,参数二,"{""mfa"": {""mfa_all"": 9}}",,,,,,,ISHARES WORLD EX U.S. CARBON,1D,,
2026-09-28 00:00:00,Short,LEU,140.37,-4.56%,154.63,sqz,参数二,"{""sqz"": {""bb_length"": 20, ""bb_mult"": 1.8, ""kc_length"": 20, ""kc_mult"": 1.5, ""min_sqz_bars"": 4}, ""r&s"": {""srb_left"": 15, ""srb_right"": 15}, ""atr"": {""atr_length"": 14, ""atr_mult"": 1.0}}",一直释放,nan-165.28-144.65-142.13,低-低-低,nan%-12.48%-1.74%,50.0,46.75,CENTRUS ENERGY CORP-CLASS A,1D,,
2026-09-28 00:00:00,Long,PTEU,33.25,0.24%,32.86,mfa,参数一,"{""mfa"": {""mfa_all"": 10}}",,,,,,,PACER TRENDPILOT EUROPEAN ET,1D,,
2026-09-28 00:00:00,Long,PTEU,33.25,0.24%,32.86,mfa,参数二,"{""mfa"": {""mfa_all"": 10}}",,,,,,,PACER TRENDPILOT EUROPEAN ET,1D,,
2026-09-28 00:00:00,Short,UONEK,3.49,-5.68%,4.05,sqz,参数一,"{""sqz"": {""bb_length"": 15, ""bb_mult"": 1.5, ""kc_length"": 15, ""kc_mult"": 1.2, ""min_sqz_bars"": 4}, ""r&s"": {""srb_left"": 10, ""srb_right"": 10}, ""atr"": {""atr_length"": 14, ""atr_mult"": 1.0}}",支撑释放,7.6-4.8-4.7-4.27-3.58,低-低-低-低,36.84%-2.08%-9.15%-16.16%,53.0,61.17,URBAN ONE INC,1D,,
2026-09-28 00:00:00,Short,UONEK,3.49,-5.68%,4.05,sqz,参数二,"{""sqz"": {""bb_length"": 20, ""bb_mult"": 1.8, ""kc_length"": 20, ""kc_mult"": 1.5, ""min_sqz_bars"": 4}, ""r&s"": {""srb_left"": 15, ""srb_right"": 15}, ""atr"": {""atr_length"": 14, ""atr_mult"": 1.0}}",支撑释放,nan-4.8-4.27-3.58,低-低-低,nan%-11.04%-16.16%,53.0,61.17,URBAN ONE INC,1D,,
2026-09-28 00:00:00,Short,CITR,3.8,-12.04%,4.79,sqz,参数一,"{""sqz"": {""bb_length"": 15, ""bb_mult"": 1.5, ""kc_length"": 15, ""kc_mult"": 1.2, ""min_sqz_bars"": 4}, ""r&s"": {""srb_left"": 10, ""srb_right"": 10}, ""atr"": {""atr_length"": 14, ""atr_mult"": 1.0}}",支撑释放,nan-6.61-6.17-6.16-4.35,低-低-低-低,nan%-6.66%-0.16%-29.42%,49.0,63.29,CITROTECH INC,1D,,
2026-09-28 00:00:00,Long,HOLA,55.63,-0.35%,54.91,mfa,参数一,"{""mfa"": {""mfa_all"": 9}}",,,,,,,JPM INTLL HDG EQ LDDR OVRLY,1D,,
2026-09-28 00:00:00,Long,HOLA,55.63,-0.35%,54.91,mfa,参数二,"{""mfa"": {""mfa_all"": 9}}",,,,,,,JPM INTLL HDG EQ LDDR OVRLY,1D,,
2026-09-28 00:00:00,Long,HIG,126.04,1.46%,121.47,suf,参数一,"{""suf"": {""timeframe"": ""d""}}",,,,,,,HARTFORD INSURANCE GROUP INC,1D,200.0,-6.65
2026-09-28 00:00:00,Long,HIG,126.04,1.46%,121.47,suf,参数二,"{""suf"": {""timeframe"": ""d""}}",,,,,,,HARTFORD INSURANCE GROUP INC,1D,200.0,-6.65
2026-09-28 00:00:00,Long,HKPD,0.11,-1.79%,0.08,mfa,参数一,"{""mfa"": {""mfa_all"": 19}}",,,,,,,CELLYAN BIOTECHNOLOGY CO-A,1D,,
2026-09-28 00:00:00,Long,HKPD,0.11,-1.79%,0.08,mfa,参数二,"{""mfa"": {""mfa_all"": 19}}",,,,,,,CELLYAN BIOTECHNOLOGY CO-A,1D,,
2026-09-28 00:00:00,Long,CSL,326.32,-0.02%,309.87,mfa,参数一,"{""mfa"": {""mfa_all"": 10}}",,,,,,,CARLISLE COS INC,1D,,
2026-09-28 00:00:00,Long,CSL,326.32,-0.02%,309.87,mfa,参数二,"{""mfa"": {""mfa_all"": 10}}",,,,,,,CARLISLE COS INC,1D,,
2026-09-28 00:00:00,Short,CBAT,1.13,-9.60%,1.47,utb,参数二,"{""utb"": {""key_value"": 3, ""atr_period"": 14, ""use_ha"": false}, ""r&s"": {""srb_left"": 15, ""srb_right"": 15}, ""atr"": {""atr_length"": 14, ""atr_mult"": 1.0}}",,,,,,,CBAK ENERGY TECHNOLOGY LTD,1D,,
2026-09-28 00:00:00,Short,CEVA,34.69,-4.17%,37.69,suf,参数一,"{""suf"": {""timeframe"": ""d""}}",,,,,,,CEVA INC,1D,200.0,17.93
2026-09-28 00:00:00,Short,CEVA,34.69,-4.17%,37.69,suf,参数二,"{""suf"": {""timeframe"": ""d""}}",,,,,,,CEVA INC,1D,200.0,17.93
2026-09-28 00:00:00,Long,LGND,314.1,4.17%,290.35,utb,参数二,"{""utb"": {""key_value"": 3, ""atr_period"": 14, ""use_ha"": false}, ""r&s"": {""srb_left"": 15, ""srb_right"": 15}, ""atr"": {""atr_length"": 14, ""atr_mult"": 1.0}}",,,,,,,LIGAND PHARMACEUTICALS,1D,,
2026-09-28 00:00:00,Short,TEX,55.5,-3.19%,59.22,sqz,参数二,"{""sqz"": {""bb_length"": 20, ""bb_mult"": 1.8, ""kc_length"": 20, ""kc_mult"": 1.5, ""min_sqz_bars"": 4}, ""r&s"": {""srb_left"": 15, ""srb_right"": 15}, ""atr"": {""atr_length"": 14, ""atr_mult"": 1.0}}",一直释放,nan-55.43-54.0-53.88-60.29,低-低-低-高,nan%-2.58%-0.22%-11.89%,41.0,14.21,TEREX CORP,1D,,
2026-09-28 00:00:00,Long,KE,27.53,0.95%,25.75,sqz,参数一,"{""sqz"": {""bb_length"": 15, ""bb_mult"": 1.5, ""kc_length"": 15, ""kc_mult"": 1.2, ""min_sqz_bars"": 4}, ""r&s"": {""srb_left"": 10, ""srb_right"": 10}, ""atr"": {""atr_length"": 14, ""atr_mult"": 1.0}}",一直亮绿,26.01-28.28-27.29-26.69-27.42,高-低-低-高,8.73%-3.50%-2.18%-2.72%,38.0,25.26,KIMBALL ELECTRONICS INC,1D,,
2026-09-28 00:00:00,Long,KE,27.53,0.95%,25.75,sqz,参数二,"{""sqz"": {""bb_length"": 20, ""bb_mult"": 1.8, ""kc_length"": 20, ""kc_mult"": 1.5, ""min_sqz_bars"": 4}, ""r&s"": {""srb_left"": 15, ""srb_right"": 15}, ""atr"": {""atr_length"": 14, ""atr_mult"": 1.0}}",一直亮绿,nan-32.0-28.28-26.69-27.42,低-低-低-高,nan%-11.62%-5.60%-2.72%,38.0,25.26,KIMBALL ELECTRONICS INC,1D,,
2026-09-28 00:00:00,Long,CCEP,102.87,1.12%,98.67,mfa,参数一,"{""mfa"": {""mfa_all"": 12}}",,,,,,,COCA-COLA EUROPACIFIC PARTNE,1D,,
2026-09-28 00:00:00,Long,CCEP,102.87,1.12%,98.67,mfa,参数二,"{""mfa"": {""mfa_all"": 12}}",,,,,,,COCA-COLA EUROPACIFIC PARTNE,1D,,
2026-09-28 00:00:00,Long,ASMH,12.25,1.96%,11.69,sqz,参数一,"{""sqz"": {""bb_length"": 15, ""bb_mult"": 1.5, ""kc_length"": 15, ""kc_mult"": 1.2, ""min_sqz_bars"": 4}, ""r&s"": {""srb_left"": 10, ""srb_right"": 10}, ""atr"": {""atr_length"": 14, ""atr_mult"": 1.0}}",一直亮绿,10.11-10.03-13.62-12.83-12.06,低-高-低-低,0.84%-35.86%-5.82%-6.04%,14.0,12.26,ASML HOLDING NV ADRHEDGED,1D,,
2026-09-28 00:00:00,Short,DRVN,11.76,-4.47%,12.78,sqz,参数二,"{""sqz"": {""bb_length"": 20, ""bb_mult"": 1.8, ""kc_length"": 20, ""kc_mult"": 1.5, ""min_sqz_bars"": 4}, ""r&s"": {""srb_left"": 15, ""srb_right"": 15}, ""atr"": {""atr_length"": 14, ""atr_mult"": 1.0}}",一直亮红,14.34-9.8-11.66-12.49-12.12,低-高-高-低,31.64%-18.98%-7.12%-2.92%,67.0,31.05,DRIVEN BRANDS HOLDINGS INC,1D,,
2026-09-28 00:00:00,Short,EMJL,24.38,-0.61%,24.63,utb,参数二,"{""utb"": {""key_value"": 3, ""atr_period"": 14, ""use_ha"": false}, ""r&s"": {""srb_left"": 15, ""srb_right"": 15}, ""atr"": {""atr_length"": 14, ""atr_mult"": 1.0}}",,,,,,,CORGI EMR MRK EQ 15% STR-JUL,1D,,
2026-09-28 00:00:00,Short,DOO,56.67,-0.87%,59.45,sqz,参数二,"{""sqz"": {""bb_length"": 20, ""bb_mult"": 1.8, ""kc_length"": 20, ""kc_mult"": 1.5, ""min_sqz_bars"": 4}, ""r&s"": {""srb_left"": 15, ""srb_right"": 15}, ""atr"": {""atr_length"": 14, ""atr_mult"": 1.0}}",一直亮红,70.14-59.71-48.69-52.43-56.69,低-低-高-高,14.88%-18.45%-7.68%-8.12%,60.0,23.67,BRP INC/CA- SUB VOTING,1D,,
2026-09-28 00:00:00,Long,IPFX,10.06,0.10%,10.03,mfa,参数一,"{""mfa"": {""mfa_all"": 18}}",,,,,,,INFLECTION POINT ACQUI CL-A,1D,,
2026-09-28 00:00:00,Long,IPFX,10.06,0.10%,10.03,mfa,参数二,"{""mfa"": {""mfa_all"": 18}}",,,,,,,INFLECTION POINT ACQUI CL-A,1D,,
2026-09-28 00:00:00,Long,BBLG,0.5,0.00%,0.43,mfa,参数一,"{""mfa"": {""mfa_all"": 53}}",,,,,,,BONE BIOLOGICS CORP,1D,,
2026-09-28 00:00:00,Long,BBLG,0.5,0.00%,0.43,mfa,参数二,"{""mfa"": {""mfa_all"": 53}}",,,,,,,BONE BIOLOGICS CORP,1D,,
2026-09-28 00:00:00,Long,NTRL,20.34,0.55%,19.83,mfa,参数一,"{""mfa"": {""mfa_all"": 8}}",,,,,,,FIRST TRUST EQUITY MARKET NE,1D,,
2026-09-28 00:00:00,Long,NTRL,20.34,0.55%,19.83,suf,参数一,"{""suf"": {""timeframe"": ""d""}}",,,,,,,FIRST TRUST EQUITY MARKET NE,1D,200.0,-2.81
2026-09-28 00:00:00,Long,NTRL,20.34,0.55%,19.83,mfa,参数二,"{""mfa"": {""mfa_all"": 8}}",,,,,,,FIRST TRUST EQUITY MARKET NE,1D,,
2026-09-28 00:00:00,Long,NTRL,20.34,0.55%,19.83,suf,参数二,"{""suf"": {""timeframe"": ""d""}}",,,,,,,FIRST TRUST EQUITY MARKET NE,1D,200.0,-2.81
2026-09-28 00:00:00,Short,RAC,10.55,-0.14%,10.6,utb,参数二,"{""utb"": {""key_value"": 3, ""atr_period"": 14, ""use_ha"": false}, ""r&s"": {""srb_left"": 15, ""srb_right"": 15}, ""atr"": {""atr_length"": 14, ""atr_mult"": 1.0}}",,,,,,,RITHM ACQUISITION CORP-A,1D,,
2026-09-28 00:00:00,Short,SKYA,1.77,-5.85%,2.02,suf,参数一,"{""suf"": {""timeframe"": ""d""}}",,,,,,,SKYAI INC,1D,200.0,6.53
2026-09-28 00:00:00,Short,SKYA,1.77,-5.85%,2.02,suf,参数二,"{""suf"": {""timeframe"": ""d""}}",,,,,,,SKYAI INC,1D,200.0,6.53
2026-09-28 00:00:00,Long,LTRX,7.22,2.85%,6.48,sqz,参数一,"{""sqz"": {""bb_length"": 15, ""bb_mult"": 1.5, ""kc_length"": 15, ""kc_mult"": 1.2, ""min_sqz_bars"": 4}, ""r&s"": {""srb_left"": 10, ""srb_right"": 10}, ""atr"": {""atr_length"": 14, ""atr_mult"": 1.0}}",一直亮绿,8.24-6.86-7.1-8.75-7.07,低-高-高-低,16.75%-3.50%-23.24%-19.20%,21.0,40.56,LANTRONIX INC,1D,,
2026-09-28 00:00:00,Long,LTRX,7.22,2.85%,6.48,sqz,参数二,"{""sqz"": {""bb_length"": 20, ""bb_mult"": 1.8, ""kc_length"": 20, ""kc_mult"": 1.5, ""min_sqz_bars"": 4}, ""r&s"": {""srb_left"": 15, ""srb_right"": 15}, ""atr"": {""atr_length"": 14, ""atr_mult"": 1.0}}",一直亮绿,nan-8.24-6.86-8.75-7.07,低-低-高-低,nan%-16.75%-27.55%-19.20%,21.0,40.56,LANTRONIX INC,1D,,
2026-09-28 00:00:00,Short,BEGS,18.01,-5.10%,18.78,utb,参数一,"{""utb"": {""key_value"": 2, ""atr_period"": 14, ""use_ha"": false}, ""r&s"": {""srb_left"": 10, ""srb_right"": 10}, ""atr"": {""atr_length"": 14, ""atr_mult"": 1.0}}",,,,,,,RRVW 2X BLL CRYPT&PRC MTLS,1D,,
2026-09-28 00:00:00,Short,ARTNA,32.89,-1.08%,34.01,sqz,参数一,"{""sqz"": {""bb_length"": 15, ""bb_mult"": 1.5, ""kc_length"": 15, ""kc_mult"": 1.2, ""min_sqz_bars"": 4}, ""r&s"": {""srb_left"": 10, ""srb_right"": 10}, ""atr"": {""atr_length"": 14, ""atr_mult"": 1.0}}",一直亮红,31.13-29.93-30.32-31.47-32.95,低-高-高-高,3.87%-1.31%-3.79%-4.72%,48.0,12.22,ARTESIAN RESOURCES CORP-CL A,1D,,
2026-09-28 00:00:00,Short,ARTNA,32.89,-1.08%,34.01,sqz,参数二,"{""sqz"": {""bb_length"": 20, ""bb_mult"": 1.8, ""kc_length"": 20, ""kc_mult"": 1.5, ""min_sqz_bars"": 4}, ""r&s"": {""srb_left"": 15, ""srb_right"": 15}, ""atr"": {""atr_length"": 14, ""atr_mult"": 1.0}}",一直亮红,31.13-29.93-30.32-31.47-32.95,低-高-高-高,3.87%-1.31%-3.79%-4.72%,48.0,12.22,ARTESIAN RESOURCES CORP-CL A,1D,,
2026-09-28 00:00:00,Long,CCPX,21.46,1.23%,21.07,mfa,参数一,"{""mfa"": {""mfa_all"": 14}}",,,,,,,CORGI CHINA 2X DAILY,1D,,
2026-09-28 00:00:00,Long,CCPX,21.46,1.23%,21.07,mfa,参数二,"{""mfa"": {""mfa_all"": 14}}",,,,,,,CORGI CHINA 2X DAILY,1D,,
2026-09-28 00:00:00,Long,VRAX,2.31,-3.38%,2.07,mfa,参数一,"{""mfa"": {""mfa_all"": 18}}",,,,,,,VIRAX BIOLABS GROUP LTD,1D,,
2026-09-28 00:00:00,Long,VRAX,2.31,-3.38%,2.07,mfa,参数二,"{""mfa"": {""mfa_all"": 18}}",,,,,,,VIRAX BIOLABS GROUP LTD,1D,,
2026-09-28 00:00:00,Short,IPX,18.75,-4.39%,20.48,sqz,参数二,"{""sqz"": {""bb_length"": 20, ""bb_mult"": 1.8, ""kc_length"": 20, ""kc_mult"": 1.5, ""min_sqz_bars"": 4}, ""r&s"": {""srb_left"": 15, ""srb_right"": 15}, ""atr"": {""atr_length"": 14, ""atr_mult"": 1.0}}",一直释放,nan-38.52-21.66-28.71-20.09,低-低-高-低,nan%-43.77%-32.55%-30.02%,42.0,32.55,IPERIONX LTD - ADR,1D,,
2026-09-28 00:00:00,Short,GROY,3.03,-4.11%,3.21,utb,参数二,"{""utb"": {""key_value"": 3, ""atr_period"": 14, ""use_ha"": false}, ""r&s"": {""srb_left"": 15, ""srb_right"": 15}, ""atr"": {""atr_length"": 14, ""atr_mult"": 1.0}}",,,,,,,GOLD ROYALTY CORP,1D,,
2026-09-28 00:00:00,Short,KRSP,10.8,-1.82%,11.0,suf,参数一,"{""suf"": {""timeframe"": ""d""}}",,,,,,,RICE ACQUISITION CORP 3-A,1D,200.0,3.68
2026-09-28 00:00:00,Short,KRSP,10.8,-1.82%,11.0,suf,参数二,"{""suf"": {""timeframe"": ""d""}}",,,,,,,RICE ACQUISITION CORP 3-A,1D,200.0,3.68
2026-09-28 00:00:00,Long,TSHA,4.99,6.85%,4.27,suf,参数一,"{""suf"": {""timeframe"": ""d""}}",,,,,,,TAYSHA GENE THERAPIES INC,1D,200.0,-8.84
2026-09-28 00:00:00,Long,TSHA,4.99,6.85%,4.27,suf,参数二,"{""suf"": {""timeframe"": ""d""}}",,,,,,,TAYSHA GENE THERAPIES INC,1D,200.0,-8.84
2026-09-28 00:00:00,Long,HLIO,68.91,0.39%,65.39,mfa,参数一,"{""mfa"": {""mfa_all"": 25}}",,,,,,,HELIOS TECHNOLOGIES INC,1D,,
2026-09-28 00:00:00,Long,HLIO,68.91,0.39%,65.39,mfa,参数二,"{""mfa"": {""mfa_all"": 25}}",,,,,,,HELIOS TECHNOLOGIES INC,1D,,
2026-09-28 00:00:00,Short,MIR,14.35,-7.95%,16.17,utb,参数二,"{""utb"": {""key_value"": 3, ""atr_period"": 14, ""use_ha"": false}, ""r&s"": {""srb_left"": 15, ""srb_right"": 15}, ""atr"": {""atr_length"": 14, ""atr_mult"": 1.0}}",,,,,,,MIRION TECHNOLOGIES INC,1D,,
2026-09-28 00:00:00,Short,CEPU,12.07,-8.42%,13.15,sqz,参数一,"{""sqz"": {""bb_length"": 15, ""bb_mult"": 1.5, ""kc_length"": 15, ""kc_mult"": 1.2, ""min_sqz_bars"": 4}, ""r&s"": {""srb_left"": 10, ""srb_right"": 10}, ""atr"": {""atr_length"": 14, ""atr_mult"": 1.0}}",支撑释放,14.71-13.59-13.91-14.04-12.72,低-高-高-低,7.61%-2.35%-0.93%-9.40%,28.0,17.3,CENTRAL PUERTO-SPONSORED ADR,1D,,
2026-09-28 00:00:00,Short,CEPU,12.07,-8.42%,13.15,sqz,参数二,"{""sqz"": {""bb_length"": 20, ""bb_mult"": 1.8, ""kc_length"": 20, ""kc_mult"": 1.5, ""min_sqz_bars"": 4}, ""r&s"": {""srb_left"": 15, ""srb_right"": 15}, ""atr"": {""atr_length"": 14, ""atr_mult"": 1.0}}",支撑释放,14.77-14.07-13.59-13.91-12.72,低-低-高-低,4.74%-3.41%-2.35%-8.55%,28.0,17.3,CENTRAL PUERTO-SPONSORED ADR,1D,,
2026-09-28 00:00:00,Long,BNTC,10.02,4.48%,8.53,suf,参数一,"{""suf"": {""timeframe"": ""d""}}",,,,,,,BENITEC BIOPHARMA INC,1D,200.0,-16.24
2026-09-28 00:00:00,Long,BNTC,10.02,4.48%,8.53,suf,参数二,"{""suf"": {""timeframe"": ""d""}}",,,,,,,BENITEC BIOPHARMA INC,1D,200.0,-16.24
2026-09-28 00:00:00,Short,ABEO,5.29,-2.04%,5.65,sqz,参数二,"{""sqz"": {""bb_length"": 20, ""bb_mult"": 1.8, ""kc_length"": 20, ""kc_mult"": 1.5, ""min_sqz_bars"": 4}, ""r&s"": {""srb_left"": 15, ""srb_right"": 15}, ""atr"": {""atr_length"": 14, ""atr_mult"": 1.0}}",一直释放,nan-4.79-4.23-5.08-5.7,低-低-高-高,nan%-11.69%-20.09%-12.20%,29.0,10.88,ABEONA THERAPEUTICS INC,1D,,
2026-09-28 00:00:00,Short,USCI,109.18,-0.35%,111.17,utb,参数一,"{""utb"": {""key_value"": 2, ""atr_period"": 14, ""use_ha"": false}, ""r&s"": {""srb_left"": 10, ""srb_right"": 10}, ""atr"": {""atr_length"": 14, ""atr_mult"": 1.0}}",,,,,,,UNITED STATES COMMODITY INDE,1D,,
2026-09-28 00:00:00,Short,HSLV,5.12,-4.12%,5.51,utb,参数一,"{""utb"": {""key_value"": 2, ""atr_period"": 14, ""use_ha"": false}, ""r&s"": {""srb_left"": 10, ""srb_right"": 10}, ""atr"": {""atr_length"": 14, ""atr_mult"": 1.0}}",,,,,,,HIGHLANDER SILVER CORP,1D,,
2026-09-28 00:00:00,Long,SLBT,1.93,22.93%,1.3,suf,参数一,"{""suf"": {""timeframe"": ""d""}}",,,,,,,SL SCIENCE HOLDING LTD,1D,200.0,-73.13
2026-09-28 00:00:00,Long,SLBT,1.93,22.93%,1.3,suf,参数二,"{""suf"": {""timeframe"": ""d""}}",,,,,,,SL SCIENCE HOLDING LTD,1D,200.0,-73.13
2026-09-28 00:00:00,Long,ASMG,47.72,2.81%,43.36,utb,参数二,"{""utb"": {""key_value"": 3, ""atr_period"": 14, ""use_ha"": false}, ""r&s"": {""srb_left"": 15, ""srb_right"": 15}, ""atr"": {""atr_length"": 14, ""atr_mult"": 1.0}}",,,,,,,LEVERAGE SHARES 2X ASML,1D,,
2026-09-28 00:00:00,Long,CPB,20.04,3.46%,18.58,suf,参数一,"{""suf"": {""timeframe"": ""d""}}",,,,,,,THE CAMPBELL'S COMPANY,1D,200.0,-12.5
2026-09-28 00:00:00,Long,CPB,20.04,3.46%,18.58,suf,参数二,"{""suf"": {""timeframe"": ""d""}}",,,,,,,THE CAMPBELL'S COMPANY,1D,200.0,-12.5
2026-09-28 00:00:00,Long,RAIN,0.91,-9.20%,0.71,mfa,参数一,"{""mfa"": {""mfa_all"": 54}}",,,,,,,RAIN ENHANCEMENT TECHNO-CL A,1D,,
2026-09-28 00:00:00,Long,RAIN,0.91,-9.20%,0.71,mfa,参数二,"{""mfa"": {""mfa_all"": 54}}",,,,,,,RAIN ENHANCEMENT TECHNO-CL A,1D,,
2026-09-28 00:00:00,Short,PLUG,1.86,-6.06%,2.07,sqz,参数一,"{""sqz"": {""bb_length"": 15, ""bb_mult"": 1.5, ""kc_length"": 15, ""kc_mult"": 1.2, ""min_sqz_bars"": 4}, ""r&s"": {""srb_left"": 10, ""srb_right"": 10}, ""atr"": {""atr_length"": 14, ""atr_mult"": 1.0}}",支撑释放,nan-1.92-1.72-2.11-1.86,低-低-高-低,nan%-10.42%-22.67%-11.85%,42.0,36.56,PLUG POWER INC,1D,,
2026-09-28 00:00:00,Short,PLUG,1.86,-6.06%,2.07,sqz,参数二,"{""sqz"": {""bb_length"": 20, ""bb_mult"": 1.8, ""kc_length"": 20, ""kc_mult"": 1.5, ""min_sqz_bars"": 4}, ""r&s"": {""srb_left"": 15, ""srb_right"": 15}, ""atr"": {""atr_length"": 14, ""atr_mult"": 1.0}}",支撑释放,nan-1.92-1.72-1.86,低-低-高,nan%-10.42%-8.14%,42.0,36.56,PLUG POWER INC,1D,,
2026-09-28 00:00:00,Long,NIO,3.59,0.28%,3.45,suf,参数一,"{""suf"": {""timeframe"": ""d""}}",,,,,,,NIO INC - ADR,1D,200.0,-29.41
2026-09-28 00:00:00,Long,NIO,3.59,0.28%,3.45,suf,参数二,"{""suf"": {""timeframe"": ""d""}}",,,,,,,NIO INC - ADR,1D,200.0,-29.41
2026-09-28 00:00:00,Short,SNES,0.63,-11.48%,0.78,sqz,参数一,"{""sqz"": {""bb_length"": 15, ""bb_mult"": 1.5, ""kc_length"": 15, ""kc_mult"": 1.2, ""min_sqz_bars"": 4}, ""r&s"": {""srb_left"": 10, ""srb_right"": 10}, ""atr"": {""atr_length"": 14, ""atr_mult"": 1.0}}",一直释放,1.62-1.54-1.41-1.51-1.15,低-低-高-低,4.94%-8.44%-7.09%-23.84%,36.0,19.13,SENESTECH INC,1D,,
2026-09-28 00:00:00,Long,TNGX,24.3,-2.49%,22.17,mfa,参数一,"{""mfa"": {""mfa_all"": 32}}",,,,,,,TANGO THERAPEUTICS INC,1D,,
2026-09-28 00:00:00,Long,TNGX,24.3,-2.49%,22.17,mfa,参数二,"{""mfa"": {""mfa_all"": 32}}",,,,,,,TANGO THERAPEUTICS INC,1D,,
2026-09-28 00:00:00,Short,PRPO,24.11,1.95%,25.98,sqz,参数一,"{""sqz"": {""bb_length"": 15, ""bb_mult"": 1.5, ""kc_length"": 15, ""kc_mult"": 1.2, ""min_sqz_bars"": 4}, ""r&s"": {""srb_left"": 10, ""srb_right"": 10}, ""atr"": {""atr_length"": 14, ""atr_mult"": 1.0}}",支撑释放,25.72-21.67-21.37-19.22-24.48,低-低-低-高,15.75%-1.38%-10.07%-27.37%,15.0,14.38,PRECIPIO INC,1D,,
2026-09-28 00:00:00,Long,BURL,266.39,4.59%,243.56,utb,参数二,"{""utb"": {""key_value"": 3, ""atr_period"": 14, ""use_ha"": false}, ""r&s"": {""srb_left"": 15, ""srb_right"": 15}, ""atr"": {""atr_length"": 14, ""atr_mult"": 1.0}}",,,,,,,BURLINGTON STORES INC,1D,,
2026-09-28 00:00:00,Short,SJCP,24.67,-0.12%,24.74,sqz,参数一,"{""sqz"": {""bb_length"": 15, ""bb_mult"": 1.5, ""kc_length"": 15, ""kc_mult"": 1.2, ""min_sqz_bars"": 4}, ""r&s"": {""srb_left"": 10, ""srb_right"": 10}, ""atr"": {""atr_length"": 14, ""atr_mult"": 1.0}}",一直亮红,24.24-24.61-24.47-24.63-24.68,高-低-高-高,1.50%-0.56%-0.65%-0.20%,34.0,1.24,SANJAC ALP CR PLUS BD,1D,,
2026-09-28 00:00:00,Short,SJCP,24.67,-0.12%,24.74,sqz,参数二,"{""sqz"": {""bb_length"": 20, ""bb_mult"": 1.8, ""kc_length"": 20, ""kc_mult"": 1.5, ""min_sqz_bars"": 4}, ""r&s"": {""srb_left"": 15, ""srb_right"": 15}, ""atr"": {""atr_length"": 14, ""atr_mult"": 1.0}}",一直亮红,nan-24.05-24.24-24.47-24.68,低-高-高-高,nan%-0.80%-0.93%-0.86%,34.0,1.24,SANJAC ALP CR PLUS BD,1D,,
2026-09-28 00:00:00,Short,EWZS,12.82,-2.51%,13.3,utb,参数一,"{""utb"": {""key_value"": 2, ""atr_period"": 14, ""use_ha"": false}, ""r&s"": {""srb_left"": 10, ""srb_right"": 10}, ""atr"": {""atr_length"": 14, ""atr_mult"": 1.0}}",,,,,,,ISHARES MSCI BRAZIL SMALL-CA,1D,,
2026-09-28 00:00:00,Short,ENVX,2.56,-10.98%,3.09,sqz,参数二,"{""sqz"": {""bb_length"": 20, ""bb_mult"": 1.8, ""kc_length"": 20, ""kc_mult"": 1.5, ""min_sqz_bars"": 4}, ""r&s"": {""srb_left"": 15, ""srb_right"": 15}, ""atr"": {""atr_length"": 14, ""atr_mult"": 1.0}}",一直释放,nan-4.61-5.39-3.06,低-高-低,nan%-16.79%-43.23%,28.0,18.3,ENOVIX CORP,1D,,
2026-09-28 00:00:00,Short,MSEX,52.45,-1.91%,54.69,sqz,参数一,"{""sqz"": {""bb_length"": 15, ""bb_mult"": 1.5, ""kc_length"": 15, ""kc_mult"": 1.2, ""min_sqz_bars"": 4}, ""r&s"": {""srb_left"": 10, ""srb_right"": 10}, ""atr"": {""atr_length"": 14, ""atr_mult"": 1.0}}",一直亮红,49.0-49.24-49.38-51.12-52.75,高-高-高-高,0.48%-0.28%-3.54%-3.19%,56.0,13.35,MIDDLESEX WATER CO,1D,,
2026-09-28 00:00:00,Long,QCLS,0.83,-4.03%,0.53,mfa,参数一,"{""mfa"": {""mfa_all"": 25}}",,,,,,,Q/C TECHNOLOGIES INC,1D,,
2026-09-28 00:00:00,Long,QCLS,0.83,-4.03%,0.53,mfa,参数二,"{""mfa"": {""mfa_all"": 25}}",,,,,,,Q/C TECHNOLOGIES INC,1D,,
2026-09-28 00:00:00,Long,BBIN,78.79,-0.40%,77.55,mfa,参数一,"{""mfa"": {""mfa_all"": 9}}",,,,,,,JPM BETABUILDERS INTL EQTY,1D,,
2026-09-28 00:00:00,Long,BBIN,78.79,-0.40%,77.55,mfa,参数二,"{""mfa"": {""mfa_all"": 9}}",,,,,,,JPM BETABUILDERS INTL EQTY,1D,,
2026-09-28 00:00:00,Short,DRDB,10.7,-0.09%,10.71,suf,参数一,"{""suf"": {""timeframe"": ""d""}}",,,,,,,ROMAN DBDR ACQUISITION CORP,1D,200.0,1.61
2026-09-28 00:00:00,Short,DRDB,10.7,-0.09%,10.71,suf,参数二,"{""suf"": {""timeframe"": ""d""}}",,,,,,,ROMAN DBDR ACQUISITION CORP,1D,200.0,1.61
2026-09-28 00:00:00,Short,VIP,1.61,-1.23%,1.78,sqz,参数一,"{""sqz"": {""bb_length"": 15, ""bb_mult"": 1.5, ""kc_length"": 15, ""kc_mult"": 1.2, ""min_sqz_bars"": 4}, ""r&s"": {""srb_left"": 10, ""srb_right"": 10}, ""atr"": {""atr_length"": 14, ""atr_mult"": 1.0}}",支撑释放,1.08-1.3-1.57-1.55-1.67,高-高-低-高,20.37%-20.77%-1.27%-7.74%,17.0,20.96,VULCAN INFRASTRUCTURE AND PO,1D,,
2026-09-28 00:00:00,Short,VIP,1.61,-1.23%,1.78,sqz,参数二,"{""sqz"": {""bb_length"": 20, ""bb_mult"": 1.8, ""kc_length"": 20, ""kc_mult"": 1.5, ""min_sqz_bars"": 4}, ""r&s"": {""srb_left"": 15, ""srb_right"": 15}, ""atr"": {""atr_length"": 14, ""atr_mult"": 1.0}}",支撑释放,1.02-1.0-1.08-1.55-1.67,低-高-高-高,1.96%-8.00%-43.52%-7.74%,17.0,20.96,VULCAN INFRASTRUCTURE AND PO,1D,,
2026-09-28 00:00:00,Long,HHH,73.95,8.07%,65.64,sqz,参数一,"{""sqz"": {""bb_length"": 15, ""bb_mult"": 1.5, ""kc_length"": 15, ""kc_mult"": 1.2, ""min_sqz_bars"": 4}, ""r&s"": {""srb_left"": 10, ""srb_right"": 10}, ""atr"": {""atr_length"": 14, ""atr_mult"": 1.0}}",一直亮绿,85.56-68.25-66.85-75.54-69.64,低-低-高-低,20.23%-2.05%-13.00%-7.81%,36.0,15.89,HOWARD HUGHES HOLDINGS INC,1D,,
2026-09-28 00:00:00,Short,DQ,10.9,-4.97%,11.92,sqz,参数一,"{""sqz"": {""bb_length"": 15, ""bb_mult"": 1.5, ""kc_length"": 15, ""kc_mult"": 1.2, ""min_sqz_bars"": 4}, ""r&s"": {""srb_left"": 10, ""srb_right"": 10}, ""atr"": {""atr_length"": 14, ""atr_mult"": 1.0}}",一直释放,nan-22.31-20.25-11.38,低-低-低,nan%-9.23%-43.80%,45.0,33.74,DAQO NEW ENERGY CORP-ADR,1D,,
2026-09-28 00:00:00,Short,GDXJ,114.1,-5.79%,121.44,utb,参数一,"{""utb"": {""key_value"": 2, ""atr_period"": 14, ""use_ha"": false}, ""r&s"": {""srb_left"": 10, ""srb_right"": 10}, ""atr"": {""atr_length"": 14, ""atr_mult"": 1.0}}",,,,,,,VANECK JUNIOR GOLD MINERS,1D,,
2026-09-28 00:00:00,Long,MMYT,47.39,1.37%,43.45,suf,参数一,"{""suf"": {""timeframe"": ""d""}}",,,,,,,MAKEMYTRIP LTD,1D,200.0,-14.19
2026-09-28 00:00:00,Long,MMYT,47.39,1.37%,43.45,suf,参数二,"{""suf"": {""timeframe"": ""d""}}",,,,,,,MAKEMYTRIP LTD,1D,200.0,-14.19
2026-09-28 00:00:00,Long,HLT,320.28,2.01%,304.78,utb,参数一,"{""utb"": {""key_value"": 2, ""atr_period"": 14, ""use_ha"": false}, ""r&s"": {""srb_left"": 10, ""srb_right"": 10}, ""atr"": {""atr_length"": 14, ""atr_mult"": 1.0}}",,,,,,,HILTON WORLDWIDE HOLDINGS IN,1D,,
2026-09-28 00:00:00,Long,SDG,88.08,-0.44%,87.36,mfa,参数一,"{""mfa"": {""mfa_all"": 10}}",,,,,,,ISH MSCI GLOB SUST DEVE GOAL,1D,,
2026-09-28 00:00:00,Long,SDG,88.08,-0.44%,87.36,mfa,参数二,"{""mfa"": {""mfa_all"": 10}}",,,,,,,ISH MSCI GLOB SUST DEVE GOAL,1D,,
2026-09-28 00:00:00,Long,CNMD,46.48,2.42%,42.9,mfa,参数一,"{""mfa"": {""mfa_all"": 7}}",,,,,,,CONMED CORP,1D,,
2026-09-28 00:00:00,Long,CNMD,46.48,2.42%,42.9,mfa,参数二,"{""mfa"": {""mfa_all"": 7}}",,,,,,,CONMED CORP,1D,,
2026-09-28 00:00:00,Short,ARX,19.74,-0.05%,20.0,suf,参数一,"{""suf"": {""timeframe"": ""d""}}",,,,,,,ACCELERANT HOLDINGS-CL A,1D,200.0,35.89
2026-09-28 00:00:00,Short,ARX,19.74,-0.05%,20.0,suf,参数二,"{""suf"": {""timeframe"": ""d""}}",,,,,,,ACCELERANT HOLDINGS-CL A,1D,200.0,35.89
2026-09-28 00:00:00,Short,GASZ,21.69,-0.78%,22.13,sqz,参数二,"{""sqz"": {""bb_length"": 20, ""bb_mult"": 1.8, ""kc_length"": 20, ""kc_mult"": 1.5, ""min_sqz_bars"": 4}, ""r&s"": {""srb_left"": 15, ""srb_right"": 15}, ""atr"": {""atr_length"": 14, ""atr_mult"": 1.0}}",一直释放,nan-23.22-22.27,低-低,nan%-4.09%,42.0,9.65,CORGI NTRL GAS PWR & TURB,1D,,
2026-09-28 00:00:00,Short,SPGI,395.92,-1.83%,410.49,sqz,参数二,"{""sqz"": {""bb_length"": 20, ""bb_mult"": 1.8, ""kc_length"": 20, ""kc_mult"": 1.5, ""min_sqz_bars"": 4}, ""r&s"": {""srb_left"": 15, ""srb_right"": 15}, ""atr"": {""atr_length"": 14, ""atr_mult"": 1.0}}",一直亮红,358.55-379.88-377.65-371.0-402.55,高-低-低-高,5.95%-0.59%-1.76%-8.50%,36.0,13.01,S&P GLOBAL INC,1D,,
2026-09-28 00:00:00,Short,BBSI,30.85,-0.93%,32.27,sqz,参数一,"{""sqz"": {""bb_length"": 15, ""bb_mult"": 1.5, ""kc_length"": 15, ""kc_mult"": 1.2, ""min_sqz_bars"": 4}, ""r&s"": {""srb_left"": 10, ""srb_right"": 10}, ""atr"": {""atr_length"": 14, ""atr_mult"": 1.0}}",支撑释放,26.72-27.36-31.81-30.37-31.67,高-高-低-高,2.42%-16.26%-4.55%-4.29%,13.0,8.46,BARRETT BUSINESS SVCS INC,1D,,
2026-09-28 00:00:00,Short,VEON,69.41,-5.59%,77.14,suf,参数一,"{""suf"": {""timeframe"": ""d""}}",,,,,,,VEON LTD,1D,200.0,27.59
2026-09-28 00:00:00,Short,VEON,69.41,-5.59%,77.14,suf,参数二,"{""suf"": {""timeframe"": ""d""}}",,,,,,,VEON LTD,1D,200.0,27.59
2026-09-28 00:00:00,Short,NBCM,30.93,-1.32%,31.69,utb,参数一,"{""utb"": {""key_value"": 2, ""atr_period"": 14, ""use_ha"": false}, ""r&s"": {""srb_left"": 10, ""srb_right"": 10}, ""atr"": {""atr_length"": 14, ""atr_mult"": 1.0}}",,,,,,,NEUBERGER COMMODITY STRATEGY,1D,,
2026-09-28 00:00:00,Long,SLP,18.48,0.11%,18.41,sqz,参数一,"{""sqz"": {""bb_length"": 15, ""bb_mult"": 1.5, ""kc_length"": 15, ""kc_mult"": 1.2, ""min_sqz_bars"": 4}, ""r&s"": {""srb_left"": 10, ""srb_right"": 10}, ""atr"": {""atr_length"": 14, ""atr_mult"": 1.0}}",压力释放,17.32-17.77-18.68-18.39-18.46,高-高-低-高,2.60%-5.12%-1.55%-0.38%,16.0,0.33,SIMULATIONS PLUS INC,1D,,
2026-09-28 00:00:00,Long,NNVC,1.5,4.17%,1.28,mfa,参数一,"{""mfa"": {""mfa_all"": 27}}",,,,,,,NANOVIRICIDES INC,1D,,
2026-09-28 00:00:00,Long,NNVC,1.5,4.17%,1.28,mfa,参数二,"{""mfa"": {""mfa_all"": 27}}",,,,,,,NANOVIRICIDES INC,1D,,
2026-09-28 00:00:00,Long,ANNX,4.01,10.16%,3.47,suf,参数一,"{""suf"": {""timeframe"": ""d""}}",,,,,,,ANNEXON INC,1D,200.0,-25.36
2026-09-28 00:00:00,Long,ANNX,4.01,10.16%,3.47,suf,参数二,"{""suf"": {""timeframe"": ""d""}}",,,,,,,ANNEXON INC,1D,200.0,-25.36
2026-09-28 00:00:00,Short,NCPL,1.08,-20.59%,1.59,suf,参数一,"{""suf"": {""timeframe"": ""d""}}",,,,,,,NETCAPITAL INC,1D,200.0,82.47
2026-09-28 00:00:00,Short,NCPL,1.08,-20.59%,1.59,suf,参数二,"{""suf"": {""timeframe"": ""d""}}",,,,,,,NETCAPITAL INC,1D,200.0,82.47
2026-09-28 00:00:00,Long,ESGD,104.22,-0.48%,102.6,mfa,参数一,"{""mfa"": {""mfa_all"": 9}}",,,,,,,ISHARES TRUST ISHARES ESG AW,1D,,
2026-09-28 00:00:00,Long,ESGD,104.22,-0.48%,102.6,mfa,参数二,"{""mfa"": {""mfa_all"": 9}}",,,,,,,ISHARES TRUST ISHARES ESG AW,1D,,
2026-09-28 00:00:00,Long,DNLI,20.98,2.89%,19.02,mfa,参数一,"{""mfa"": {""mfa_all"": 17}}",,,,,,,DENALI THERAPEUTICS INC,1D,,
2026-09-28 00:00:00,Long,DNLI,20.98,2.89%,19.02,mfa,参数二,"{""mfa"": {""mfa_all"": 17}}",,,,,,,DENALI THERAPEUTICS INC,1D,,
2026-09-28 00:00:00,Long,NTES,121.04,4.88%,117.27,utb,参数一,"{""utb"": {""key_value"": 2, ""atr_period"": 14, ""use_ha"": false}, ""r&s"": {""srb_left"": 10, ""srb_right"": 10}, ""atr"": {""atr_length"": 14, ""atr_mult"": 1.0}}",,,,,,,NETEASE INC-ADR,1D,,
2026-09-28 00:00:00,Short,MYHC,24.67,-0.32%,24.71,sqz,参数二,"{""sqz"": {""bb_length"": 20, ""bb_mult"": 1.8, ""kc_length"": 20, ""kc_mult"": 1.5, ""min_sqz_bars"": 4}, ""r&s"": {""srb_left"": 15, ""srb_right"": 15}, ""atr"": {""atr_length"": 14, ""atr_mult"": 1.0}}",一直亮红,nan-23.79-24.33-24.71,低-高-高,nan%-2.31%-1.54%,45.0,1.27,STATE STREET MY2029 HIGH YLD,1D,,
2026-09-28 00:00:00,Short,MNDY,79.05,-5.51%,86.37,sqz,参数一,"{""sqz"": {""bb_length"": 15, ""bb_mult"": 1.5, ""kc_length"": 15, ""kc_mult"": 1.2, ""min_sqz_bars"": 4}, ""r&s"": {""srb_left"": 10, ""srb_right"": 10}, ""atr"": {""atr_length"": 14, ""atr_mult"": 1.0}}",一直释放,68.8-57.5-66.85-69.1-79.2,低-高-高-高,16.42%-16.26%-3.37%-14.61%,12.0,24.52,MONDAY.COM LTD,1D,,
2026-09-28 00:00:00,Short,MTZ,204.09,-4.12%,226.1,sqz,参数二,"{""sqz"": {""bb_length"": 20, ""bb_mult"": 1.8, ""kc_length"": 20, ""kc_mult"": 1.5, ""min_sqz_bars"": 4}, ""r&s"": {""srb_left"": 15, ""srb_right"": 15}, ""atr"": {""atr_length"": 14, ""atr_mult"": 1.0}}",一直释放,nan-333.34,低,nan%,75.0,28.9,MASTEC INC,1D,,
2026-09-28 00:00:00,Long,USDU,26.88,0.19%,26.73,sqz,参数二,"{""sqz"": {""bb_length"": 20, ""bb_mult"": 1.8, ""kc_length"": 20, ""kc_mult"": 1.5, ""min_sqz_bars"": 4}, ""r&s"": {""srb_left"": 15, ""srb_right"": 15}, ""atr"": {""atr_length"": 14, ""atr_mult"": 1.0}}",一直亮绿,nan-26.2-26.5-26.98-26.85,低-高-高-低,nan%-1.15%-1.81%-0.48%,43.0,2.83,WISDOMTREE BBG USD BULLISH,1D,,
2026-09-28 00:00:00,Long,LIND,29.64,4.18%,26.78,utb,参数二,"{""utb"": {""key_value"": 3, ""atr_period"": 14, ""use_ha"": false}, ""r&s"": {""srb_left"": 15, ""srb_right"": 15}, ""atr"": {""atr_length"": 14, ""atr_mult"": 1.0}}",,,,,,,LINDBLAD EXPEDITIONS HOLDING,1D,,
2026-09-28 00:00:00,Short,FTGC,30.69,-0.98%,31.22,utb,参数一,"{""utb"": {""key_value"": 2, ""atr_period"": 14, ""use_ha"": false}, ""r&s"": {""srb_left"": 10, ""srb_right"": 10}, ""atr"": {""atr_length"": 14, ""atr_mult"": 1.0}}",,,,,,,FIRST TRUST GLOBAL TACTICAL,1D,,
2026-09-28 00:00:00,Long,INGN,5.44,1.49%,5.15,utb,参数一,"{""utb"": {""key_value"": 2, ""atr_period"": 14, ""use_ha"": false}, ""r&s"": {""srb_left"": 10, ""srb_right"": 10}, ""atr"": {""atr_length"": 14, ""atr_mult"": 1.0}}",,,,,,,INOGEN INC,1D,,
2026-09-28 00:00:00,Long,KLIC,91.68,0.55%,84.34,utb,参数二,"{""utb"": {""key_value"": 3, ""atr_period"": 14, ""use_ha"": false}, ""r&s"": {""srb_left"": 15, ""srb_right"": 15}, ""atr"": {""atr_length"": 14, ""atr_mult"": 1.0}}",,,,,,,KULICKE & SOFFA INDUSTRIES,1D,,
2026-09-28 00:00:00,Long,NTAP,204.41,1.62%,192.06,utb,参数二,"{""utb"": {""key_value"": 3, ""atr_period"": 14, ""use_ha"": false}, ""r&s"": {""srb_left"": 15, ""srb_right"": 15}, ""atr"": {""atr_length"": 14, ""atr_mult"": 1.0}}",,,,,,,NETAPP INC,1D,,
2026-09-28 00:00:00,Short,NFG,77.76,-1.56%,81.0,sqz,参数二,"{""sqz"": {""bb_length"": 20, ""bb_mult"": 1.8, ""kc_length"": 20, ""kc_mult"": 1.5, ""min_sqz_bars"": 4}, ""r&s"": {""srb_left"": 15, ""srb_right"": 15}, ""atr"": {""atr_length"": 14, ""atr_mult"": 1.0}}",一直亮红,nan-76.82-74.64-78.75,低-低-高,nan%-2.83%-5.51%,37.0,7.92,NATIONAL FUEL GAS CO,1D,,
2026-09-28 00:00:00,Short,KPHO,22.53,-1.24%,22.77,utb,参数一,"{""utb"": {""key_value"": 2, ""atr_period"": 14, ""use_ha"": false}, ""r&s"": {""srb_left"": 10, ""srb_right"": 10}, ""atr"": {""atr_length"": 14, ""atr_mult"": 1.0}}",,,,,,,KRANESHARES DRAGON CAPITAL G,1D,,
2026-09-28 00:00:00,Long,APUS,6.39,-11.86%,4.36,mfa,参数一,"{""mfa"": {""mfa_all"": 78}}",,,,,,,APIMEDS PHARMACEUTICALS US I,1D,,
2026-09-28 00:00:00,Long,APUS,6.39,-11.86%,4.36,mfa,参数二,"{""mfa"": {""mfa_all"": 78}}",,,,,,,APIMEDS PHARMACEUTICALS US I,1D,,
2026-09-28 00:00:00,Short,SKYX,1.17,-4.88%,1.33,utb,参数二,"{""utb"": {""key_value"": 3, ""atr_period"": 14, ""use_ha"": false}, ""r&s"": {""srb_left"": 15, ""srb_right"": 15}, ""atr"": {""atr_length"": 14, ""atr_mult"": 1.0}}",,,,,,,SKYX PLATFORMS CORP,1D,,
2026-09-28 00:00:00,Short,NUKZ,60.57,-1.40%,62.39,sqz,参数一,"{""sqz"": {""bb_length"": 15, ""bb_mult"": 1.5, ""kc_length"": 15, ""kc_mult"": 1.2, ""min_sqz_bars"": 4}, ""r&s"": {""srb_left"": 10, ""srb_right"": 10}, ""atr"": {""atr_length"": 14, ""atr_mult"": 1.0}}",一直亮红,63.0-69.9-66.37-64.45-60.72,高-低-低-低,10.95%-5.05%-2.89%-5.79%,42.0,13.08,RANGE NUCLEAR RENAISSANCE,1D,,
2026-09-28 00:00:00,Long,HST,22.66,1.07%,21.92,utb,参数一,"{""utb"": {""key_value"": 2, ""atr_period"": 14, ""use_ha"": false}, ""r&s"": {""srb_left"": 10, ""srb_right"": 10}, ""atr"": {""atr_length"": 14, ""atr_mult"": 1.0}}",,,,,,,HOST HOTELS & RESORTS INC,1D,,
2026-09-28 00:00:00,Long,JBSS,67.57,0.49%,64.2,suf,参数一,"{""suf"": {""timeframe"": ""d""}}",,,,,,,JOHN B. SANFILIPPO & SON INC,1D,200.0,-10.7
2026-09-28 00:00:00,Long,JBSS,67.57,0.49%,64.2,suf,参数二,"{""suf"": {""timeframe"": ""d""}}",,,,,,,JOHN B. SANFILIPPO & SON INC,1D,200.0,-10.7
2026-09-28 00:00:00,Short,HNNA,10.03,-1.47%,10.5,utb,参数一,"{""utb"": {""key_value"": 2, ""atr_period"": 14, ""use_ha"": false}, ""r&s"": {""srb_left"": 10, ""srb_right"": 10}, ""atr"": {""atr_length"": 14, ""atr_mult"": 1.0}}",,,,,,,HENNESSY ADVISORS INC,1D,,
2026-09-28 00:00:00,Long,SLQT,0.43,7.75%,0.34,suf,参数一,"{""suf"": {""timeframe"": ""d""}}",,,,,,,SELECTQUOTE INC,1D,200.0,-52.5
2026-09-28 00:00:00,Long,SLQT,0.43,7.75%,0.34,suf,参数二,"{""suf"": {""timeframe"": ""d""}}",,,,,,,SELECTQUOTE INC,1D,200.0,-52.5
2026-09-28 00:00:00,Long,JPIN,74.66,-0.37%,73.71,mfa,参数一,"{""mfa"": {""mfa_all"": 7}}",,,,,,,JPM DIVERSIFIED RET INTL EQ,1D,,
2026-09-28 00:00:00,Long,JPIN,74.66,-0.37%,73.71,mfa,参数二,"{""mfa"": {""mfa_all"": 7}}",,,,,,,JPM DIVERSIFIED RET INTL EQ,1D,,
2026-09-28 00:00:00,Long,AEO,17.31,4.40%,15.59,utb,参数二,"{""utb"": {""key_value"": 3, ""atr_period"": 14, ""use_ha"": false}, ""r&s"": {""srb_left"": 15, ""srb_right"": 15}, ""atr"": {""atr_length"": 14, ""atr_mult"": 1.0}}",,,,,,,AMERICAN EAGLE OUTFITTERS,1D,,
2026-09-28 00:00:00,Long,AUC,9.28,9.43%,7.64,sqz,参数二,"{""sqz"": {""bb_length"": 20, ""bb_mult"": 1.8, ""kc_length"": 20, ""kc_mult"": 1.5, ""min_sqz_bars"": 4}, ""r&s"": {""srb_left"": 15, ""srb_right"": 15}, ""atr"": {""atr_length"": 14, ""atr_mult"": 1.0}}",一直亮绿,nan-7.48-9.5-8.58,低-高-低,nan%-27.01%-9.68%,64.0,47.17,ATIF HOLDINGS LTD,1D,,
2026-09-28 00:00:00,Long,IRT,14.7,0.48%,14.18,suf,参数一,"{""suf"": {""timeframe"": ""d""}}",,,,,,,INDEPENDENCE REALTY TRUST IN,1D,200.0,-9.07
2026-09-28 00:00:00,Long,IRT,14.7,0.48%,14.18,suf,参数二,"{""suf"": {""timeframe"": ""d""}}",,,,,,,INDEPENDENCE REALTY TRUST IN,1D,200.0,-9.07
2026-09-28 00:00:00,Long,BB,8.8,7.19%,7.33,utb,参数二,"{""utb"": {""key_value"": 3, ""atr_period"": 14, ""use_ha"": false}, ""r&s"": {""srb_left"": 15, ""srb_right"": 15}, ""atr"": {""atr_length"": 14, ""atr_mult"": 1.0}}",,,,,,,BLACKBERRY LTD,1D,,
2026-09-28 00:00:00,Short,HII,257.05,-2.64%,269.76,sqz,参数一,"{""sqz"": {""bb_length"": 15, ""bb_mult"": 1.5, ""kc_length"": 15, ""kc_mult"": 1.2, ""min_sqz_bars"": 4}, ""r&s"": {""srb_left"": 10, ""srb_right"": 10}, ""atr"": {""atr_length"": 14, ""atr_mult"": 1.0}}",一直亮红,363.21-308.23-286.1-273.53-262.4,低-低-低-低,15.14%-7.18%-4.39%-4.07%,48.0,26.9,HUNTINGTON INGALLS INDUSTRIE,1D,,
2026-09-28 00:00:00,Short,HII,257.05,-2.64%,269.76,sqz,参数二,"{""sqz"": {""bb_length"": 20, ""bb_mult"": 1.8, ""kc_length"": 20, ""kc_mult"": 1.5, ""min_sqz_bars"": 4}, ""r&s"": {""srb_left"": 15, ""srb_right"": 15}, ""atr"": {""atr_length"": 14, ""atr_mult"": 1.0}}",一直释放,347.41-363.21-308.23-273.53-262.4,高-低-低-低,4.55%-15.14%-11.26%-4.07%,48.0,26.9,HUNTINGTON INGALLS INDUSTRIE,1D,,
2026-09-28 00:00:00,Long,CIRC,0.4,15.50%,0.29,suf,参数一,"{""suf"": {""timeframe"": ""d""}}",,,,,,,CIRCLE8 GROUP INC,1D,200.0,-77.55
2026-09-28 00:00:00,Long,CIRC,0.4,15.50%,0.29,suf,参数二,"{""suf"": {""timeframe"": ""d""}}",,,,,,,CIRCLE8 GROUP INC,1D,200.0,-77.55
2026-09-28 00:00:00,Short,LKSP,10.24,-0.10%,10.25,suf,参数一,"{""suf"": {""timeframe"": ""d""}}",,,,,,,LAKE SUPERIOR ACQUISITI-CL A,1D,200.0,1.51
2026-09-28 00:00:00,Short,LKSP,10.24,-0.10%,10.25,suf,参数二,"{""suf"": {""timeframe"": ""d""}}",,,,,,,LAKE SUPERIOR ACQUISITI-CL A,1D,200.0,1.51
2026-09-28 00:00:00,Long,INNV,8.89,-1.22%,8.21,suf,参数一,"{""suf"": {""timeframe"": ""d""}}",,,,,,,INNOVAGE HOLDING CORP,1D,200.0,2.93
2026-09-28 00:00:00,Long,INNV,8.89,-1.22%,8.21,suf,参数二,"{""suf"": {""timeframe"": ""d""}}",,,,,,,INNOVAGE HOLDING CORP,1D,200.0,2.93
2026-09-28 00:00:00,Short,PXH,29.19,-0.21%,29.57,utb,参数一,"{""utb"": {""key_value"": 2, ""atr_period"": 14, ""use_ha"": false}, ""r&s"": {""srb_left"": 10, ""srb_right"": 10}, ""atr"": {""atr_length"": 14, ""atr_mult"": 1.0}}",,,,,,,INVES RAFI EMER MRKT-USD INC,1D,,
2026-09-28 00:00:00,Short,SD,13.6,-1.95%,14.42,sqz,参数一,"{""sqz"": {""bb_length"": 15, ""bb_mult"": 1.5, ""kc_length"": 15, ""kc_mult"": 1.2, ""min_sqz_bars"": 4}, ""r&s"": {""srb_left"": 10, ""srb_right"": 10}, ""atr"": {""atr_length"": 14, ""atr_mult"": 1.0}}",支撑释放,13.94-13.87-12.93-12.95-13.61,低-低-高-高,0.51%-6.79%-0.15%-5.08%,22.0,12.05,SANDRIDGE ENERGY INC,1D,,
2026-09-28 00:00:00,Short,SD,13.6,-1.95%,14.42,utb,参数二,"{""utb"": {""key_value"": 3, ""atr_period"": 14, ""use_ha"": false}, ""r&s"": {""srb_left"": 15, ""srb_right"": 15}, ""atr"": {""atr_length"": 14, ""atr_mult"": 1.0}}",,,,,,,SANDRIDGE ENERGY INC,1D,,
2026-09-28 00:00:00,Short,BLSG,3.32,-8.84%,4.11,utb,参数一,"{""utb"": {""key_value"": 2, ""atr_period"": 14, ""use_ha"": false}, ""r&s"": {""srb_left"": 10, ""srb_right"": 10}, ""atr"": {""atr_length"": 14, ""atr_mult"": 1.0}}",,,,,,,LEVERAGE SHARES 2X BLSH,1D,,
2026-09-28 00:00:00,Long,RESM,23.06,-0.54%,22.91,mfa,参数一,"{""mfa"": {""mfa_all"": 13}}",,,,,,,COLUMBIA RESEAR ENH SM CAP,1D,,
2026-09-28 00:00:00,Long,RESM,23.06,-0.54%,22.91,mfa,参数二,"{""mfa"": {""mfa_all"": 13}}",,,,,,,COLUMBIA RESEAR ENH SM CAP,1D,,
2026-09-28 00:00:00,Long,QINT,70.32,-0.64%,69.23,mfa,参数一,"{""mfa"": {""mfa_all"": 7}}",,,,,,,AMERICAN CENTURY QLTY DIVER,1D,,
2026-09-28 00:00:00,Long,QINT,70.32,-0.64%,69.23,mfa,参数二,"{""mfa"": {""mfa_all"": 7}}",,,,,,,AMERICAN CENTURY QLTY DIVER,1D,,
2026-09-28 00:00:00,Short,NPWR,1.56,-4.29%,1.74,utb,参数二,"{""utb"": {""key_value"": 3, ""atr_period"": 14, ""use_ha"": false}, ""r&s"": {""srb_left"": 15, ""srb_right"": 15}, ""atr"": {""atr_length"": 14, ""atr_mult"": 1.0}}",,,,,,,NET POWER INC,1D,,
2026-09-28 00:00:00,Short,VNCE,10.82,-5.91%,12.7,suf,参数一,"{""suf"": {""timeframe"": ""d""}}",,,,,,,VINCE HOLDING CORP,1D,200.0,129.09
2026-09-28 00:00:00,Short,VNCE,10.82,-5.91%,12.7,suf,参数二,"{""suf"": {""timeframe"": ""d""}}",,,,,,,VINCE HOLDING CORP,1D,200.0,129.09
2026-09-28 00:00:00,Long,DIM,86.91,-0.80%,86.1,mfa,参数一,"{""mfa"": {""mfa_all"": 7}}",,,,,,,WISDOMTREE INTL M/C DVD FUND,1D,,
2026-09-28 00:00:00,Long,DIM,86.91,-0.80%,86.1,mfa,参数二,"{""mfa"": {""mfa_all"": 7}}",,,,,,,WISDOMTREE INTL M/C DVD FUND,1D,,
2026-09-28 00:00:00,Long,CMC,64.49,-1.89%,61.95,mfa,参数一,"{""mfa"": {""mfa_all"": 6}}",,,,,,,COMMERCIAL METALS CO,1D,,
2026-09-28 00:00:00,Long,CMC,64.49,-1.89%,61.95,mfa,参数二,"{""mfa"": {""mfa_all"": 6}}",,,,,,,COMMERCIAL METALS CO,1D,,
2026-09-28 00:00:00,Long,FNGD,24.87,3.97%,22.95,mfa,参数一,"{""mfa"": {""mfa_all"": 6}}",,,,,,,MICROSECTORS FANG+ INDEX -3X,1D,,
2026-09-28 00:00:00,Long,FNGD,24.87,3.97%,22.95,mfa,参数二,"{""mfa"": {""mfa_all"": 6}}",,,,,,,MICROSECTORS FANG+ INDEX -3X,1D,,
2026-09-28 00:00:00,Short,AD,33.45,-3.02%,35.38,sqz,参数二,"{""sqz"": {""bb_length"": 20, ""bb_mult"": 1.8, ""kc_length"": 20, ""kc_mult"": 1.5, ""min_sqz_bars"": 4}, ""r&s"": {""srb_left"": 15, ""srb_right"": 15}, ""atr"": {""atr_length"": 14, ""atr_mult"": 1.0}}",一直亮红,nan-35.7-33.71,低-低,nan%-5.58%,53.0,15.63,ARRAY DIGITAL INFRASTRUCTURE,1D,,
2026-09-28 00:00:00,Short,NEM,116.05,-4.43%,121.68,utb,参数二,"{""utb"": {""key_value"": 3, ""atr_period"": 14, ""use_ha"": false}, ""r&s"": {""srb_left"": 15, ""srb_right"": 15}, ""atr"": {""atr_length"": 14, ""atr_mult"": 1.0}}",,,,,,,NEWMONT CORP,1D,,
2026-09-28 00:00:00,Short,NU,12.23,-10.01%,13.22,sqz,参数二,"{""sqz"": {""bb_length"": 20, ""bb_mult"": 1.8, ""kc_length"": 20, ""kc_mult"": 1.5, ""min_sqz_bars"": 4}, ""r&s"": {""srb_left"": 15, ""srb_right"": 15}, ""atr"": {""atr_length"": 14, ""atr_mult"": 1.0}}",一直亮红,nan-16.31-13.41-11.2-13.37,低-低-低-高,nan%-17.76%-16.48%-19.38%,33.0,21.32,NU HOLDINGS LTD/CAYMAN ISL-A,1D,,
2026-09-28 00:00:00,Long,WTG,10.62,0.38%,10.55,sqz,参数一,"{""sqz"": {""bb_length"": 15, ""bb_mult"": 1.5, ""kc_length"": 15, ""kc_mult"": 1.2, ""min_sqz_bars"": 4}, ""r&s"": {""srb_left"": 10, ""srb_right"": 10}, ""atr"": {""atr_length"": 14, ""atr_mult"": 1.0}}",压力释放,nan-10.31-10.46-10.62,低-高-高,nan%-1.50%-1.53%,25.0,1.34,WINTERGREEN ACQUISITION CORP,1D,,
2026-09-28 00:00:00,Long,IMMP,,nan%,,suf,参数一,"{""suf"": {""timeframe"": ""d""}}",,,,,,,IMMUTEP LTD-SP ADR,1D,200.0,
2026-09-28 00:00:00,Long,IMMP,,nan%,,suf,参数二,"{""suf"": {""timeframe"": ""d""}}",,,,,,,IMMUTEP LTD-SP ADR,1D,200.0,
2026-09-28 00:00:00,Short,NCI,2.38,-83.75%,16.59,utb,参数一,"{""utb"": {""key_value"": 2, ""atr_period"": 14, ""use_ha"": false}, ""r&s"": {""srb_left"": 10, ""srb_right"": 10}, ""atr"": {""atr_length"": 14, ""atr_mult"": 1.0}}",,,,,,,NEO-CONCEPT INTL GROUP HLD-A,1D,,
2026-09-28 00:00:00,Short,NCI,2.38,-83.75%,16.59,utb,参数二,"{""utb"": {""key_value"": 3, ""atr_period"": 14, ""use_ha"": false}, ""r&s"": {""srb_left"": 15, ""srb_right"": 15}, ""atr"": {""atr_length"": 14, ""atr_mult"": 1.0}}",,,,,,,NEO-CONCEPT INTL GROUP HLD-A,1D,,
2026-09-28 00:00:00,Long,MAZE,26.85,3.07%,22.87,mfa,参数一,"{""mfa"": {""mfa_all"": 20}}",,,,,,,MAZE THERAPEUTICS INC,1D,,
2026-09-28 00:00:00,Long,MAZE,26.85,3.07%,22.87,mfa,参数二,"{""mfa"": {""mfa_all"": 20}}",,,,,,,MAZE THERAPEUTICS INC,1D,,
2026-09-28 00:00:00,Long,GILD,152.21,0.85%,145.85,sqz,参数一,"{""sqz"": {""bb_length"": 15, ""bb_mult"": 1.5, ""kc_length"": 15, ""kc_mult"": 1.2, ""min_sqz_bars"": 4}, ""r&s"": {""srb_left"": 10, ""srb_right"": 10}, ""atr"": {""atr_length"": 14, ""atr_mult"": 1.0}}",一直亮绿,141.24-135.84-135.54-139.82-151.7,低-低-高-高,3.83%-0.22%-3.16%-8.49%,17.0,6.31,GILEAD SCIENCES INC,1D,,
2026-09-28 00:00:00,Long,FEZ,68.47,-0.26%,67.26,mfa,参数一,"{""mfa"": {""mfa_all"": 10}}",,,,,,,STATE STREET SPDR EURO STOXX,1D,,
2026-09-28 00:00:00,Long,FEZ,68.47,-0.26%,67.26,mfa,参数二,"{""mfa"": {""mfa_all"": 10}}",,,,,,,STATE STREET SPDR EURO STOXX,1D,,
2026-09-28 00:00:00,Long,SNDR,31.58,1.06%,29.92,suf,参数一,"{""suf"": {""timeframe"": ""d""}}",,,,,,,SCHNEIDER NATIONAL INC-CL B,1D,200.0,0.86
2026-09-28 00:00:00,Long,SNDR,31.58,1.06%,29.92,suf,参数二,"{""suf"": {""timeframe"": ""d""}}",,,,,,,SCHNEIDER NATIONAL INC-CL B,1D,200.0,0.86
2026-09-28 00:00:00,Long,UP,3.58,-5.04%,3.25,mfa,参数一,"{""mfa"": {""mfa_all"": 54}}",,,,,,,WHEELS UP EXPERIENCE INC,1D,,
2026-09-28 00:00:00,Long,UP,3.58,-5.04%,3.25,mfa,参数二,"{""mfa"": {""mfa_all"": 54}}",,,,,,,WHEELS UP EXPERIENCE INC,1D,,
2026-09-28 00:00:00,Long,ONEW,9.76,-1.51%,9.05,mfa,参数一,"{""mfa"": {""mfa_all"": 12}}",,,,,,,ONEWATER MARINE INC-CL A,1D,,
2026-09-28 00:00:00,Long,ONEW,9.76,-1.51%,9.05,mfa,参数二,"{""mfa"": {""mfa_all"": 12}}",,,,,,,ONEWATER MARINE INC-CL A,1D,,
2026-09-28 00:00:00,Long,SIGA,3.46,0.29%,3.19,sqz,参数一,"{""sqz"": {""bb_length"": 15, ""bb_mult"": 1.5, ""kc_length"": 15, ""kc_mult"": 1.2, ""min_sqz_bars"": 4}, ""r&s"": {""srb_left"": 10, ""srb_right"": 10}, ""atr"": {""atr_length"": 14, ""atr_mult"": 1.0}}",压力释放,6.29-4.82-4.8-4.92-3.32,低-低-高-低,23.35%-0.44%-2.50%-32.52%,15.0,13.31,SIGA TECHNOLOGIES INC,1D,,
2026-09-28 00:00:00,Long,PGAC,10.78,0.65%,10.77,utb,参数一,"{""utb"": {""key_value"": 2, ""atr_period"": 14, ""use_ha"": false}, ""r&s"": {""srb_left"": 10, ""srb_right"": 10}, ""atr"": {""atr_length"": 14, ""atr_mult"": 1.0}}",,,,,,,PANTAGES CAPITAL ACQUISITION,1D,,
2026-09-28 00:00:00,Long,PGAC,10.78,0.65%,10.77,utb,参数二,"{""utb"": {""key_value"": 3, ""atr_period"": 14, ""use_ha"": false}, ""r&s"": {""srb_left"": 15, ""srb_right"": 15}, ""atr"": {""atr_length"": 14, ""atr_mult"": 1.0}}",,,,,,,PANTAGES CAPITAL ACQUISITION,1D,,
2026-09-28 00:00:00,Short,WYHG,3.88,-6.05%,4.78,sqz,参数一,"{""sqz"": {""bb_length"": 15, ""bb_mult"": 1.5, ""kc_length"": 15, ""kc_mult"": 1.2, ""min_sqz_bars"": 4}, ""r&s"": {""srb_left"": 10, ""srb_right"": 10}, ""atr"": {""atr_length"": 14, ""atr_mult"": 1.0}}",一直亮红,1.65-1.57-2.45-3.32-3.91,低-高-高-高,4.85%-56.25%-35.51%-17.92%,16.0,58.11,WING YIP FOOD CHINA HOLDINGS,1D,,
2026-09-28 00:00:00,Long,CASY,606.24,1.30%,571.86,suf,参数一,"{""suf"": {""timeframe"": ""d""}}",,,,,,,CASEY'S GENERAL STORES INC,1D,200.0,-16.97
2026-09-28 00:00:00,Long,CASY,606.24,1.30%,571.86,suf,参数二,"{""suf"": {""timeframe"": ""d""}}",,,,,,,CASEY'S GENERAL STORES INC,1D,200.0,-16.97
2026-09-28 00:00:00,Long,SUPL,44.41,0.10%,44.01,mfa,参数一,"{""mfa"": {""mfa_all"": 19}}",,,,,,,PROSHARES SUPPLY CHAIN LOGIS,1D,,
2026-09-28 00:00:00,Long,SUPL,44.41,0.10%,44.01,mfa,参数二,"{""mfa"": {""mfa_all"": 19}}",,,,,,,PROSHARES SUPPLY CHAIN LOGIS,1D,,
2026-09-28 00:00:00,Short,HESM,38.48,0.60%,39.43,sqz,参数二,"{""sqz"": {""bb_length"": 20, ""bb_mult"": 1.8, ""kc_length"": 20, ""kc_mult"": 1.5, ""min_sqz_bars"": 4}, ""r&s"": {""srb_left"": 15, ""srb_right"": 15}, ""atr"": {""atr_length"": 14, ""atr_mult"": 1.0}}",支撑释放,nan-31.18-35.05-35.15-38.57,低-高-高-高,nan%-12.42%-0.29%-9.71%,25.0,7.13,HESS MIDSTREAM LP - CLASS A,1D,,
2026-09-28 00:00:00,Long,YDES,7.11,24.08%,4.75,sqz,参数二,"{""sqz"": {""bb_length"": 20, ""bb_mult"": 1.8, ""kc_length"": 20, ""kc_mult"": 1.5, ""min_sqz_bars"": 4}, ""r&s"": {""srb_left"": 15, ""srb_right"": 15}, ""atr"": {""atr_length"": 14, ""atr_mult"": 1.0}}",压力释放,nan-5.0,低,nan%,25.0,106.61,YD BIO LTD,1D,,
2026-09-28 00:00:00,Short,FSM,11.21,-4.11%,11.9,utb,参数二,"{""utb"": {""key_value"": 3, ""atr_period"": 14, ""use_ha"": false}, ""r&s"": {""srb_left"": 15, ""srb_right"": 15}, ""atr"": {""atr_length"": 14, ""atr_mult"": 1.0}}",,,,,,,FORTUNA MINING CORP,1D,,
2026-09-28 00:00:00,Short,GPI,242.23,-3.95%,262.09,sqz,参数一,"{""sqz"": {""bb_length"": 15, ""bb_mult"": 1.5, ""kc_length"": 15, ""kc_mult"": 1.2, ""min_sqz_bars"": 4}, ""r&s"": {""srb_left"": 10, ""srb_right"": 10}, ""atr"": {""atr_length"": 14, ""atr_mult"": 1.0}}",一直亮红,nan-291.34-298.95-278.53-249.03,低-高-低-低,nan%-2.61%-6.83%-10.59%,28.0,23.04,GROUP 1 AUTOMOTIVE INC,1D,,
2026-09-28 00:00:00,Short,GPI,242.23,-3.95%,262.09,sqz,参数二,"{""sqz"": {""bb_length"": 20, ""bb_mult"": 1.8, ""kc_length"": 20, ""kc_mult"": 1.5, ""min_sqz_bars"": 4}, ""r&s"": {""srb_left"": 15, ""srb_right"": 15}, ""atr"": {""atr_length"": 14, ""atr_mult"": 1.0}}",一直亮红,nan-291.34-278.53-249.03,低-低-低,nan%-4.40%-10.59%,28.0,23.04,GROUP 1 AUTOMOTIVE INC,1D,,
2026-09-28 00:00:00,Short,RYN,18.79,-0.48%,19.37,sqz,参数二,"{""sqz"": {""bb_length"": 20, ""bb_mult"": 1.8, ""kc_length"": 20, ""kc_mult"": 1.5, ""min_sqz_bars"": 4}, ""r&s"": {""srb_left"": 15, ""srb_right"": 15}, ""atr"": {""atr_length"": 14, ""atr_mult"": 1.0}}",支撑释放,nan-19.01-19.08,低-高,nan%-0.36%,90.0,16.85,RAYONIER INC,1D,,
2026-09-28 00:00:00,Long,OKYO,1.37,-0.72%,1.21,mfa,参数一,"{""mfa"": {""mfa_all"": 15}}",,,,,,,OKYO PHARMA LTD,1D,,
2026-09-28 00:00:00,Long,OKYO,1.37,-0.72%,1.21,mfa,参数二,"{""mfa"": {""mfa_all"": 15}}",,,,,,,OKYO PHARMA LTD,1D,,
2026-09-28 00:00:00,Long,FUSE,0.65,13.04%,0.5,utb,参数一,"{""utb"": {""key_value"": 2, ""atr_period"": 14, ""use_ha"": false}, ""r&s"": {""srb_left"": 10, ""srb_right"": 10}, ""atr"": {""atr_length"": 14, ""atr_mult"": 1.0}}",,,,,,,FUSEMACHINES INC,1D,,
2026-09-28 00:00:00,Short,AMZE,0.13,-6.62%,0.15,sqz,参数二,"{""sqz"": {""bb_length"": 20, ""bb_mult"": 1.8, ""kc_length"": 20, ""kc_mult"": 1.5, ""min_sqz_bars"": 4}, ""r&s"": {""srb_left"": 15, ""srb_right"": 15}, ""atr"": {""atr_length"": 14, ""atr_mult"": 1.0}}",一直释放,nan-2.43-0.96-0.88-0.16,低-低-低-低,nan%-60.53%-8.33%-81.70%,40.0,56.52,AMAZE HOLDINGS INC,1D,,
2026-09-28 00:00:00,Short,BSMR,23.2,-0.37%,23.36,sqz,参数一,"{""sqz"": {""bb_length"": 15, ""bb_mult"": 1.5, ""kc_length"": 15, ""kc_mult"": 1.2, ""min_sqz_bars"": 4}, ""r&s"": {""srb_left"": 10, ""srb_right"": 10}, ""atr"": {""atr_length"": 14, ""atr_mult"": 1.0}}",支撑释放,23.22-23.27-23.27-23.36-23.38,高-高-高-高,0.23%-0.02%-0.38%-0.09%,46.0,1.06,INVESCO BULLETSHARES 2027 MB,1D,,
2026-09-28 00:00:00,Long,EGHA,10.42,0.19%,10.42,sqz,参数二,"{""sqz"": {""bb_length"": 20, ""bb_mult"": 1.8, ""kc_length"": 20, ""kc_mult"": 1.5, ""min_sqz_bars"": 4}, ""r&s"": {""srb_left"": 15, ""srb_right"": 15}, ""atr"": {""atr_length"": 14, ""atr_mult"": 1.0}}",一直释放,nan-10.38-10.8-10.4,低-高-低,nan%-4.00%-3.66%,48.0,0.68,EGH ACQUISITION CO-A,1D,,
2026-09-28 00:00:00,Long,XBIT,2.15,-0.92%,2.1,mfa,参数一,"{""mfa"": {""mfa_all"": 19}}",,,,,,,XBIOTECH INC,1D,,
2026-09-28 00:00:00,Long,XBIT,2.15,-0.92%,2.1,mfa,参数二,"{""mfa"": {""mfa_all"": 19}}",,,,,,,XBIOTECH INC,1D,,
2026-09-28 00:00:00,Long,XHR,18.42,1.38%,17.57,utb,参数一,"{""utb"": {""key_value"": 2, ""atr_period"": 14, ""use_ha"": false}, ""r&s"": {""srb_left"": 10, ""srb_right"": 10}, ""atr"": {""atr_length"": 14, ""atr_mult"": 1.0}}",,,,,,,XENIA HOTELS & RESORTS INC,1D,,
2026-09-28 00:00:00,Long,NEON,0.89,-3.26%,0.82,mfa,参数一,"{""mfa"": {""mfa_all"": 6}}",,,,,,,NEONODE INC,1D,,
2026-09-28 00:00:00,Long,NEON,0.89,-3.26%,0.82,mfa,参数二,"{""mfa"": {""mfa_all"": 6}}",,,,,,,NEONODE INC,1D,,
2026-09-28 00:00:00,Short,OBX,13.37,3.97%,15.96,sqz,参数二,"{""sqz"": {""bb_length"": 20, ""bb_mult"": 1.8, ""kc_length"": 20, ""kc_mult"": 1.5, ""min_sqz_bars"": 4}, ""r&s"": {""srb_left"": 15, ""srb_right"": 15}, ""atr"": {""atr_length"": 14, ""atr_mult"": 1.0}}",支撑释放,nan-14.57,低,nan%,29.0,53.26,OBSIDIAN THERAPEUTICS INC,1D,,
2026-09-28 00:00:00,Long,NXL,4.27,-2.73%,3.48,mfa,参数一,"{""mfa"": {""mfa_all"": 25}}",,,,,,,NEXALIN TECHNOLOGY INC,1D,,
2026-09-28 00:00:00,Long,NXL,4.27,-2.73%,3.48,mfa,参数二,"{""mfa"": {""mfa_all"": 25}}",,,,,,,NEXALIN TECHNOLOGY INC,1D,,
2026-09-28 00:00:00,Short,RMBI,15.11,-0.98%,15.54,sqz,参数一,"{""sqz"": {""bb_length"": 15, ""bb_mult"": 1.5, ""kc_length"": 15, ""kc_mult"": 1.2, ""min_sqz_bars"": 4}, ""r&s"": {""srb_left"": 10, ""srb_right"": 10}, ""atr"": {""atr_length"": 14, ""atr_mult"": 1.0}}",支撑释放,12.86-12.87-13.66-14.3-15.51,高-高-高-高,0.08%-6.09%-4.73%-8.45%,18.0,4.76,RICHMOND MUTUAL BANCORPORATI,1D,,
2026-09-28 00:00:00,Short,CMCI,31.42,-0.83%,31.56,utb,参数一,"{""utb"": {""key_value"": 2, ""atr_period"": 14, ""use_ha"": false}, ""r&s"": {""srb_left"": 10, ""srb_right"": 10}, ""atr"": {""atr_length"": 14, ""atr_mult"": 1.0}}",,,,,,,VANECK CMCI COMMODITY STRATE,1D,,
2026-09-28 00:00:00,Short,CMCI,31.42,-0.83%,31.56,utb,参数二,"{""utb"": {""key_value"": 3, ""atr_period"": 14, ""use_ha"": false}, ""r&s"": {""srb_left"": 15, ""srb_right"": 15}, ""atr"": {""atr_length"": 14, ""atr_mult"": 1.0}}",,,,,,,VANECK CMCI COMMODITY STRATE,1D,,
2026-09-28 00:00:00,Short,XISE,30.25,-0.17%,30.36,suf,参数一,"{""suf"": {""timeframe"": ""d""}}",,,,,,,FT VEST US EQUITY BUFFER & P,1D,200.0,2.49
2026-09-28 00:00:00,Short,XISE,30.25,-0.17%,30.36,suf,参数二,"{""suf"": {""timeframe"": ""d""}}",,,,,,,FT VEST US EQUITY BUFFER & P,1D,200.0,2.49
2026-09-28 00:00:00,Short,WIX,69.6,-5.68%,78.24,utb,参数一,"{""utb"": {""key_value"": 2, ""atr_period"": 14, ""use_ha"": false}, ""r&s"": {""srb_left"": 10, ""srb_right"": 10}, ""atr"": {""atr_length"": 14, ""atr_mult"": 1.0}}",,,,,,,WIX.COM LTD,1D,,
2026-09-28 00:00:00,Short,ARMK,54.26,-1.20%,56.28,sqz,参数二,"{""sqz"": {""bb_length"": 20, ""bb_mult"": 1.8, ""kc_length"": 20, ""kc_mult"": 1.5, ""min_sqz_bars"": 4}, ""r&s"": {""srb_left"": 15, ""srb_right"": 15}, ""atr"": {""atr_length"": 14, ""atr_mult"": 1.0}}",支撑释放,nan-35.78-38.51-43.95-55.11,低-高-高-高,nan%-7.65%-14.12%-25.39%,34.0,13.46,ARAMARK,1D,,
2026-09-28 00:00:00,Long,AURA,6.15,2.50%,5.67,suf,参数一,"{""suf"": {""timeframe"": ""d""}}",,,,,,,AURA BIOSCIENCES INC,1D,200.0,-7.41
2026-09-28 00:00:00,Long,AURA,6.15,2.50%,5.67,suf,参数二,"{""suf"": {""timeframe"": ""d""}}",,,,,,,AURA BIOSCIENCES INC,1D,200.0,-7.41
2026-09-28 00:00:00,Long,DVLU,39.12,-0.84%,38.64,mfa,参数一,"{""mfa"": {""mfa_all"": 9}}",,,,,,,FIRST TRUST DRSY WRIGHT MOME,1D,,
2026-09-28 00:00:00,Long,DVLU,39.12,-0.84%,38.64,mfa,参数二,"{""mfa"": {""mfa_all"": 9}}",,,,,,,FIRST TRUST DRSY WRIGHT MOME,1D,,
2026-09-28 00:00:00,Long,CVGI,2.96,-0.67%,2.8,mfa,参数一,"{""mfa"": {""mfa_all"": 39}}",,,,,,,COMMERCIAL VEHICLE GROUP INC,1D,,
2026-09-28 00:00:00,Long,CVGI,2.96,-0.67%,2.8,mfa,参数二,"{""mfa"": {""mfa_all"": 39}}",,,,,,,COMMERCIAL VEHICLE GROUP INC,1D,,
2026-09-28 00:00:00,Long,BVS,14.02,1.52%,13.13,mfa,参数一,"{""mfa"": {""mfa_all"": 8}}",,,,,,,BIOVENTUS INC - A,1D,,
2026-09-28 00:00:00,Long,BVS,14.02,1.52%,13.13,mfa,参数二,"{""mfa"": {""mfa_all"": 8}}",,,,,,,BIOVENTUS INC - A,1D,,
2026-09-28 00:00:00,Long,YUMC,41.1,1.56%,40.04,suf,参数一,"{""suf"": {""timeframe"": ""d""}}",,,,,,,YUM CHINA HOLDINGS INC,1D,200.0,-12.32
2026-09-28 00:00:00,Long,YUMC,41.1,1.56%,40.04,suf,参数二,"{""suf"": {""timeframe"": ""d""}}",,,,,,,YUM CHINA HOLDINGS INC,1D,200.0,-12.32
2026-09-28 00:00:00,Short,XBOC,36.39,-0.03%,36.45,suf,参数一,"{""suf"": {""timeframe"": ""d""}}",,,,,,,INNOVATOR US EQY ACC 9 BUFF,1D,200.0,4.86
2026-09-28 00:00:00,Short,XBOC,36.39,-0.03%,36.45,suf,参数二,"{""suf"": {""timeframe"": ""d""}}",,,,,,,INNOVATOR US EQY ACC 9 BUFF,1D,200.0,4.86
2026-09-28 00:00:00,Short,BSJT,20.67,-0.41%,20.81,sqz,参数二,"{""sqz"": {""bb_length"": 20, ""bb_mult"": 1.8, ""kc_length"": 20, ""kc_mult"": 1.5, ""min_sqz_bars"": 4}, ""r&s"": {""srb_left"": 15, ""srb_right"": 15}, ""atr"": {""atr_length"": 14, ""atr_mult"": 1.0}}",一直亮红,nan-20.06-20.55-20.75,低-高-高,nan%-2.44%-1.01%,46.0,1.61,INVESCO BULLETSHARES 2029 HY,1D,,
2026-09-28 00:00:00,Short,TGL,1.49,-30.05%,2.89,sqz,参数一,"{""sqz"": {""bb_length"": 15, ""bb_mult"": 1.5, ""kc_length"": 15, ""kc_mult"": 1.2, ""min_sqz_bars"": 4}, ""r&s"": {""srb_left"": 10, ""srb_right"": 10}, ""atr"": {""atr_length"": 14, ""atr_mult"": 1.0}}",一直亮红,4.0-3.4-3.73-2.59-2.04,低-高-低-低,15.00%-9.71%-30.56%-21.08%,23.0,122.11,TREASURE GLOBAL INC,1D,,
2026-09-28 00:00:00,Short,TGL,1.49,-30.05%,2.89,sqz,参数二,"{""sqz"": {""bb_length"": 20, ""bb_mult"": 1.8, ""kc_length"": 20, ""kc_mult"": 1.5, ""min_sqz_bars"": 4}, ""r&s"": {""srb_left"": 15, ""srb_right"": 15}, ""atr"": {""atr_length"": 14, ""atr_mult"": 1.0}}",一直亮红,3.7-3.4-3.73-2.59-2.04,低-高-低-低,8.11%-9.71%-30.56%-21.08%,23.0,122.11,TREASURE GLOBAL INC,1D,,
2026-09-28 00:00:00,Long,RANK,19.37,-0.82%,19.1,mfa,参数一,"{""mfa"": {""mfa_all"": 10}}",,,,,,,DEFIANCE KSM TIPRANKS ANLYT,1D,,
2026-09-28 00:00:00,Long,RANK,19.37,-0.82%,19.1,mfa,参数二,"{""mfa"": {""mfa_all"": 10}}",,,,,,,DEFIANCE KSM TIPRANKS ANLYT,1D,,
2026-09-28 00:00:00,Long,LOVE,15.42,1.51%,14.13,utb,参数一,"{""utb"": {""key_value"": 2, ""atr_period"": 14, ""use_ha"": false}, ""r&s"": {""srb_left"": 10, ""srb_right"": 10}, ""atr"": {""atr_length"": 14, ""atr_mult"": 1.0}}",,,,,,,LOVESAC CO/THE,1D,,
2026-09-28 00:00:00,Short,DJP,51.74,-1.97%,52.9,utb,参数一,"{""utb"": {""key_value"": 2, ""atr_period"": 14, ""use_ha"": false}, ""r&s"": {""srb_left"": 10, ""srb_right"": 10}, ""atr"": {""atr_length"": 14, ""atr_mult"": 1.0}}",,,,,,,IPATH BLOOMBERG COMMODITY IN,1D,,
2026-09-28 00:00:00,Short,CSAI,2.61,-26.06%,5.74,sqz,参数一,"{""sqz"": {""bb_length"": 15, ""bb_mult"": 1.5, ""kc_length"": 15, ""kc_mult"": 1.2, ""min_sqz_bars"": 4}, ""r&s"": {""srb_left"": 10, ""srb_right"": 10}, ""atr"": {""atr_length"": 14, ""atr_mult"": 1.0}}",一直释放,23.34-15.54-14.1-7.62-3.53,低-低-低-低,33.42%-9.27%-45.96%-53.67%,39.0,110.76,CLOUDASTRUCTURE INC-A,1D,,
2026-09-28 00:00:00,Short,CSAI,2.61,-26.06%,5.74,sqz,参数二,"{""sqz"": {""bb_length"": 20, ""bb_mult"": 1.8, ""kc_length"": 20, ""kc_mult"": 1.5, ""min_sqz_bars"": 4}, ""r&s"": {""srb_left"": 15, ""srb_right"": 15}, ""atr"": {""atr_length"": 14, ""atr_mult"": 1.0}}",一直释放,23.34-15.54-14.1-7.62-3.53,低-低-低-低,33.42%-9.27%-45.96%-53.67%,39.0,110.76,CLOUDASTRUCTURE INC-A,1D,,
2026-09-28 00:00:00,Short,AGL,79.53,-1.49%,89.39,sqz,参数一,"{""sqz"": {""bb_length"": 15, ""bb_mult"": 1.5, ""kc_length"": 15, ""kc_mult"": 1.2, ""min_sqz_bars"": 4}, ""r&s"": {""srb_left"": 10, ""srb_right"": 10}, ""atr"": {""atr_length"": 14, ""atr_mult"": 1.0}}",支撑释放,8.45-7.48-93.01-85.9-82.61,低-高-低-低,11.48%-1143.45%-7.64%-3.83%,19.0,17.73,AGILON HEALTH INC,1D,,
2026-09-28 00:00:00,Long,HXHX,0.42,-1.63%,0.35,mfa,参数一,"{""mfa"": {""mfa_all"": 10}}",,,,,,,HAOXIN HOLDINGS LTD-CL A,1D,,
2026-09-28 00:00:00,Long,HXHX,0.42,-1.63%,0.35,mfa,参数二,"{""mfa"": {""mfa_all"": 10}}",,,,,,,HAOXIN HOLDINGS LTD-CL A,1D,,
2026-09-28 00:00:00,Short,ACA,146.53,-0.06%,147.14,suf,参数一,"{""suf"": {""timeframe"": ""d""}}",,,,,,,ARCOSA INC,1D,200.0,15.91
2026-09-28 00:00:00,Short,ACA,146.53,-0.06%,147.14,suf,参数二,"{""suf"": {""timeframe"": ""d""}}",,,,,,,ARCOSA INC,1D,200.0,15.91
2026-09-28 00:00:00,Short,PMN,10.65,-5.50%,12.67,sqz,参数一,"{""sqz"": {""bb_length"": 15, ""bb_mult"": 1.5, ""kc_length"": 15, ""kc_mult"": 1.2, ""min_sqz_bars"": 4}, ""r&s"": {""srb_left"": 10, ""srb_right"": 10}, ""atr"": {""atr_length"": 14, ""atr_mult"": 1.0}}",支撑释放,10.53-9.31-9.09-11.25-12.26,低-低-高-高,11.59%-2.36%-23.76%-8.98%,13.0,22.02,PROMIS NEUROSCIENCES INC,1D,,
2026-09-28 00:00:00,Long,FOCL,4.53,-3.82%,4.22,mfa,参数一,"{""mfa"": {""mfa_all"": 33}}",,,,,,,EDAP TMS SA -ADR,1D,,
2026-09-28 00:00:00,Long,FOCL,4.53,-3.82%,4.22,mfa,参数二,"{""mfa"": {""mfa_all"": 33}}",,,,,,,EDAP TMS SA -ADR,1D,,
2026-09-28 00:00:00,Short,FRMI,4.26,-5.75%,4.89,sqz,参数一,"{""sqz"": {""bb_length"": 15, ""bb_mult"": 1.5, ""kc_length"": 15, ""kc_mult"": 1.2, ""min_sqz_bars"": 4}, ""r&s"": {""srb_left"": 10, ""srb_right"": 10}, ""atr"": {""atr_length"": 14, ""atr_mult"": 1.0}}",一直亮红,4.47-4.72-5.34-5.4-4.5,高-高-高-低,5.59%-13.14%-1.12%-16.67%,17.0,31.33,FERMI INC,1D,,
2026-09-28 00:00:00,Long,AMSF,23.76,1.06%,22.56,suf,参数一,"{""suf"": {""timeframe"": ""d""}}",,,,,,,AMERISAFE INC,1D,200.0,-24.89
2026-09-28 00:00:00,Long,AMSF,23.76,1.06%,22.56,suf,参数二,"{""suf"": {""timeframe"": ""d""}}",,,,,,,AMERISAFE INC,1D,200.0,-24.89
2026-09-28 00:00:00,Long,XEUR,24.41,-0.41%,24.1,mfa,参数一,"{""mfa"": {""mfa_all"": 13}}",,,,,,,CORGI EUROPE EQUITIES 2X DLY,1D,,
2026-09-28 00:00:00,Long,XEUR,24.41,-0.41%,24.1,mfa,参数二,"{""mfa"": {""mfa_all"": 13}}",,,,,,,CORGI EUROPE EQUITIES 2X DLY,1D,,
2026-09-28 00:00:00,Long,NXST,161.78,-0.20%,153.71,mfa,参数一,"{""mfa"": {""mfa_all"": 15}}",,,,,,,NEXSTAR MEDIA GROUP INC,1D,,
2026-09-28 00:00:00,Long,NXST,161.78,-0.20%,153.71,mfa,参数二,"{""mfa"": {""mfa_all"": 15}}",,,,,,,NEXSTAR MEDIA GROUP INC,1D,,
2026-09-28 00:00:00,Long,ONFO,1.06,16.48%,0.56,suf,参数一,"{""suf"": {""timeframe"": ""d""}}",,,,,,,ONFOLIO HOLDINGS INC,1D,200.0,-95.84
2026-09-28 00:00:00,Long,ONFO,1.06,16.48%,0.56,suf,参数二,"{""suf"": {""timeframe"": ""d""}}",,,,,,,ONFOLIO HOLDINGS INC,1D,200.0,-95.84
2026-09-28 00:00:00,Long,BYAH,2.41,-13.00%,1.92,mfa,参数一,"{""mfa"": {""mfa_all"": 16}}",,,,,,,PARK HA BIOLOGICAL TECH-A,1D,,
2026-09-28 00:00:00,Long,BYAH,2.41,-13.00%,1.92,mfa,参数二,"{""mfa"": {""mfa_all"": 16}}",,,,,,,PARK HA BIOLOGICAL TECH-A,1D,,
2026-09-28 00:00:00,Short,FLN,25.28,-1.21%,25.9,utb,参数二,"{""utb"": {""key_value"": 3, ""atr_period"": 14, ""use_ha"": false}, ""r&s"": {""srb_left"": 15, ""srb_right"": 15}, ""atr"": {""atr_length"": 14, ""atr_mult"": 1.0}}",,,,,,,FIRST TRUST LATIN AMERICA,1D,,
2026-09-28 00:00:00,Short,SSRM,33.84,-5.16%,36.21,utb,参数一,"{""utb"": {""key_value"": 2, ""atr_period"": 14, ""use_ha"": false}, ""r&s"": {""srb_left"": 10, ""srb_right"": 10}, ""atr"": {""atr_length"": 14, ""atr_mult"": 1.0}}",,,,,,,SSR MINING INC,1D,,
2026-09-28 00:00:00,Short,SSRM,33.84,-5.16%,36.21,utb,参数二,"{""utb"": {""key_value"": 3, ""atr_period"": 14, ""use_ha"": false}, ""r&s"": {""srb_left"": 15, ""srb_right"": 15}, ""atr"": {""atr_length"": 14, ""atr_mult"": 1.0}}",,,,,,,SSR MINING INC,1D,,
2026-09-28 00:00:00,Long,CHGA,1.98,-5.71%,1.57,mfa,参数一,"{""mfa"": {""mfa_all"": 59}}",,,,,,,CHANGE AGENTS CORP,1D,,
2026-09-28 00:00:00,Long,CHGA,1.98,-5.71%,1.57,mfa,参数二,"{""mfa"": {""mfa_all"": 59}}",,,,,,,CHANGE AGENTS CORP,1D,,
2026-09-28 00:00:00,Short,PBW,28.97,-3.50%,30.56,sqz,参数一,"{""sqz"": {""bb_length"": 15, ""bb_mult"": 1.5, ""kc_length"": 15, ""kc_mult"": 1.2, ""min_sqz_bars"": 4}, ""r&s"": {""srb_left"": 10, ""srb_right"": 10}, ""atr"": {""atr_length"": 14, ""atr_mult"": 1.0}}",一直亮红,31.35-29.72-29.45-36.35-29.55,低-低-高-低,5.21%-0.89%-23.42%-18.70%,42.0,19.89,INVESCO WILDERHILL CLEAN ENE,1D,,
2026-09-28 00:00:00,Short,CYCU,2.77,-1.42%,3.42,sqz,参数一,"{""sqz"": {""bb_length"": 15, ""bb_mult"": 1.5, ""kc_length"": 15, ""kc_mult"": 1.2, ""min_sqz_bars"": 4}, ""r&s"": {""srb_left"": 10, ""srb_right"": 10}, ""atr"": {""atr_length"": 14, ""atr_mult"": 1.0}}",支撑释放,6.16-6.24-6.33-2.08-2.9,高-高-低-高,1.30%-1.41%-67.13%-39.57%,17.0,29.52,CYCURION INC,1D,,
2026-09-28 00:00:00,Short,TOPS,0.64,-5.88%,0.78,utb,参数二,"{""utb"": {""key_value"": 3, ""atr_period"": 14, ""use_ha"": false}, ""r&s"": {""srb_left"": 15, ""srb_right"": 15}, ""atr"": {""atr_length"": 14, ""atr_mult"": 1.0}}",,,,,,,TOP SHIPS INC,1D,,
2026-09-28 00:00:00,Short,BAH,70.25,-3.70%,74.93,sqz,参数一,"{""sqz"": {""bb_length"": 15, ""bb_mult"": 1.5, ""kc_length"": 15, ""kc_mult"": 1.2, ""min_sqz_bars"": 4}, ""r&s"": {""srb_left"": 10, ""srb_right"": 10}, ""atr"": {""atr_length"": 14, ""atr_mult"": 1.0}}",一直释放,72.83-74.02-67.81-59.05-71.14,高-低-低-高,1.64%-8.38%-12.92%-20.47%,13.0,14.13,BOOZ ALLEN HAMILTON HOLDINGS,1D,,
2026-09-28 00:00:00,Short,BAH,70.25,-3.70%,74.93,utb,参数二,"{""utb"": {""key_value"": 3, ""atr_period"": 14, ""use_ha"": false}, ""r&s"": {""srb_left"": 15, ""srb_right"": 15}, ""atr"": {""atr_length"": 14, ""atr_mult"": 1.0}}",,,,,,,BOOZ ALLEN HAMILTON HOLDINGS,1D,,
2026-09-28 00:00:00,Short,GCC,26.62,-1.04%,27.01,utb,参数一,"{""utb"": {""key_value"": 2, ""atr_period"": 14, ""use_ha"": false}, ""r&s"": {""srb_left"": 10, ""srb_right"": 10}, ""atr"": {""atr_length"": 14, ""atr_mult"": 1.0}}",,,,,,,WISDOMTREE ENHANCED COMMODIT,1D,,
2026-09-28 00:00:00,Short,UNCY,4.64,-1.17%,4.91,sqz,参数二,"{""sqz"": {""bb_length"": 20, ""bb_mult"": 1.8, ""kc_length"": 20, ""kc_mult"": 1.5, ""min_sqz_bars"": 4}, ""r&s"": {""srb_left"": 15, ""srb_right"": 15}, ""atr"": {""atr_length"": 14, ""atr_mult"": 1.0}}",一直释放,nan-6.05-3.93-4.71,低-低-高,nan%-34.99%-19.85%,42.0,24.2,UNICYCIVE THERAPEUTICS INC,1D,,
2026-09-28 00:00:00,Long,IVLU,43.56,-0.55%,42.9,mfa,参数一,"{""mfa"": {""mfa_all"": 7}}",,,,,,,ISHARES MSCI INTERNATIONAL V,1D,,
2026-09-28 00:00:00,Long,IVLU,43.56,-0.55%,42.9,mfa,参数二,"{""mfa"": {""mfa_all"": 7}}",,,,,,,ISHARES MSCI INTERNATIONAL V,1D,,
2026-09-28 00:00:00,Long,NVS,146.88,0.98%,142.6,utb,参数一,"{""utb"": {""key_value"": 2, ""atr_period"": 14, ""use_ha"": false}, ""r&s"": {""srb_left"": 10, ""srb_right"": 10}, ""atr"": {""atr_length"": 14, ""atr_mult"": 1.0}}",,,,,,,NOVARTIS AG-SPONSORED ADR,1D,,
2026-09-28 00:00:00,Short,ADPT,28.51,-3.13%,30.78,suf,参数一,"{""suf"": {""timeframe"": ""d""}}",,,,,,,ADAPTIVE BIOTECHNOLOGIES,1D,200.0,54.92
2026-09-28 00:00:00,Short,ADPT,28.51,-3.13%,30.78,suf,参数二,"{""suf"": {""timeframe"": ""d""}}",,,,,,,ADAPTIVE BIOTECHNOLOGIES,1D,200.0,54.92
2026-09-28 00:00:00,Long,ANVS,1.38,5.34%,1.2,utb,参数二,"{""utb"": {""key_value"": 3, ""atr_period"": 14, ""use_ha"": false}, ""r&s"": {""srb_left"": 15, ""srb_right"": 15}, ""atr"": {""atr_length"": 14, ""atr_mult"": 1.0}}",,,,,,,ANNOVIS BIO,1D,,
2026-09-28 00:00:00,Long,AZZ,135.13,-1.49%,130.82,mfa,参数一,"{""mfa"": {""mfa_all"": 19}}",,,,,,,AZZ INC,1D,,
2026-09-28 00:00:00,Long,AZZ,135.13,-1.49%,130.82,mfa,参数二,"{""mfa"": {""mfa_all"": 19}}",,,,,,,AZZ INC,1D,,
2026-09-28 00:00:00,Long,ZUMZ,14.14,6.24%,12.28,suf,参数一,"{""suf"": {""timeframe"": ""d""}}",,,,,,,ZUMIEZ INC,1D,200.0,-35.56
2026-09-28 00:00:00,Long,ZUMZ,14.14,6.24%,12.28,suf,参数二,"{""suf"": {""timeframe"": ""d""}}",,,,,,,ZUMIEZ INC,1D,200.0,-35.56
2026-09-28 00:00:00,Long,PEN,319.18,0.09%,316.21,mfa,参数一,"{""mfa"": {""mfa_all"": 9}}",,,,,,,PENUMBRA INC,1D,,
2026-09-28 00:00:00,Long,PEN,319.18,0.09%,316.21,mfa,参数二,"{""mfa"": {""mfa_all"": 9}}",,,,,,,PENUMBRA INC,1D,,
2026-09-28 00:00:00,Long,LCII,85.52,1.20%,80.13,suf,参数一,"{""suf"": {""timeframe"": ""d""}}",,,,,,,LCI INDUSTRIES,1D,200.0,-24.92
2026-09-28 00:00:00,Long,LCII,85.52,1.20%,80.13,suf,参数二,"{""suf"": {""timeframe"": ""d""}}",,,,,,,LCI INDUSTRIES,1D,200.0,-24.92
2026-09-28 00:00:00,Short,VIRT,51.97,-2.68%,55.67,sqz,参数二,"{""sqz"": {""bb_length"": 20, ""bb_mult"": 1.8, ""kc_length"": 20, ""kc_mult"": 1.5, ""min_sqz_bars"": 4}, ""r&s"": {""srb_left"": 15, ""srb_right"": 15}, ""atr"": {""atr_length"": 14, ""atr_mult"": 1.0}}",一直亮红,nan-31.1-38.37-48.21-53.31,低-高-高-高,nan%-23.37%-25.63%-10.59%,41.0,28.5,VIRTU FINANCIAL INC-CLASS A,1D,,
2026-09-28 00:00:00,Short,CABZ,20.0,-1.94%,20.45,sqz,参数二,"{""sqz"": {""bb_length"": 20, ""bb_mult"": 1.8, ""kc_length"": 20, ""kc_mult"": 1.5, ""min_sqz_bars"": 4}, ""r&s"": {""srb_left"": 15, ""srb_right"": 15}, ""atr"": {""atr_length"": 14, ""atr_mult"": 1.0}}",一直释放,nan-21.72-19.2-21.23-20.54,低-低-高-低,nan%-11.60%-10.57%-3.25%,45.0,17.58,RNDHLL RBTXI AUTOVHCLS&TECH,1D,,
2026-09-28 00:00:00,Long,QRED,10.05,0.00%,10.05,sqz,参数一,"{""sqz"": {""bb_length"": 15, ""bb_mult"": 1.5, ""kc_length"": 15, ""kc_mult"": 1.2, ""min_sqz_bars"": 4}, ""r&s"": {""srb_left"": 10, ""srb_right"": 10}, ""atr"": {""atr_length"": 14, ""atr_mult"": 1.0}}",一直释放,nan-9.98,低,nan%,72.0,0.6,QUASAREDGE ACQUISITION CORP,1D,,
2026-09-28 00:00:00,Long,CANF,2.23,3.24%,2.02,suf,参数一,"{""suf"": {""timeframe"": ""d""}}",,,,,,,CAN FITE BIOPHARMA LTD-ADR,1D,200.0,-36.91
2026-09-28 00:00:00,Long,CANF,2.23,3.24%,2.02,suf,参数二,"{""suf"": {""timeframe"": ""d""}}",,,,,,,CAN FITE BIOPHARMA LTD-ADR,1D,200.0,-36.91
2026-09-28 00:00:00,Short,PRDO,30.01,-1.57%,31.94,sqz,参数一,"{""sqz"": {""bb_length"": 15, ""bb_mult"": 1.5, ""kc_length"": 15, ""kc_mult"": 1.2, ""min_sqz_bars"": 4}, ""r&s"": {""srb_left"": 10, ""srb_right"": 10}, ""atr"": {""atr_length"": 14, ""atr_mult"": 1.0}}",支撑释放,31.57-31.87-31.13-28.81-30.51,高-低-低-高,0.94%-2.31%-7.45%-5.90%,32.0,12.35,PERDOCEO EDUCATION CORP,1D,,
2026-09-28 00:00:00,Long,XPO,176.66,2.02%,164.87,mfa,参数一,"{""mfa"": {""mfa_all"": 25}}",,,,,,,XPO INC,1D,,
2026-09-28 00:00:00,Long,XPO,176.66,2.02%,164.87,mfa,参数二,"{""mfa"": {""mfa_all"": 25}}",,,,,,,XPO INC,1D,,
2026-09-28 00:00:00,Short,JKS,9.2,-4.86%,10.24,sqz,参数一,"{""sqz"": {""bb_length"": 15, ""bb_mult"": 1.5, ""kc_length"": 15, ""kc_mult"": 1.2, ""min_sqz_bars"": 4}, ""r&s"": {""srb_left"": 10, ""srb_right"": 10}, ""atr"": {""atr_length"": 14, ""atr_mult"": 1.0}}",一直释放,20.93-18.63-16.03-14.95-14.55,低-低-低-低,10.98%-13.97%-6.73%-2.68%,41.0,18.9,JINKOSOLAR HOLDING CO-ADR,1D,,
2026-09-28 00:00:00,Short,META,715.62,-4.79%,778.59,suf,参数一,"{""suf"": {""timeframe"": ""d""}}",,,,,,,META PLATFORMS INC-CLASS A,1D,200.0,14.37
2026-09-28 00:00:00,Short,META,715.62,-4.79%,778.59,suf,参数二,"{""suf"": {""timeframe"": ""d""}}",,,,,,,META PLATFORMS INC-CLASS A,1D,200.0,14.37
2026-09-28 00:00:00,Long,ISMF,29.03,0.57%,28.74,sqz,参数二,"{""sqz"": {""bb_length"": 20, ""bb_mult"": 1.8, ""kc_length"": 20, ""kc_mult"": 1.5, ""min_sqz_bars"": 4}, ""r&s"": {""srb_left"": 15, ""srb_right"": 15}, ""atr"": {""atr_length"": 14, ""atr_mult"": 1.0}}",一直释放,nan-28.05-28.03-30.72-28.5,低-低-高-低,nan%-0.07%-9.60%-7.23%,92.0,2.93,ISHARES MANAGED FUTURES ACT,1D,,
2026-09-28 00:00:00,Long,GDXD,22.2,16.41%,18.9,utb,参数一,"{""utb"": {""key_value"": 2, ""atr_period"": 14, ""use_ha"": false}, ""r&s"": {""srb_left"": 10, ""srb_right"": 10}, ""atr"": {""atr_length"": 14, ""atr_mult"": 1.0}}",,,,,,,MICROSECTORS GOLD MINERS -3X,1D,,
2026-09-28 00:00:00,Long,PBD,16.74,-1.12%,16.41,mfa,参数一,"{""mfa"": {""mfa_all"": 10}}",,,,,,,INVESCO GLOBAL CLEAN ENERGY,1D,,
2026-09-28 00:00:00,Long,PBD,16.74,-1.12%,16.41,mfa,参数二,"{""mfa"": {""mfa_all"": 10}}",,,,,,,INVESCO GLOBAL CLEAN ENERGY,1D,,
2026-09-28 00:00:00,Short,NRIM,24.52,-1.84%,25.56,sqz,参数二,"{""sqz"": {""bb_length"": 20, ""bb_mult"": 1.8, ""kc_length"": 20, ""kc_mult"": 1.5, ""min_sqz_bars"": 4}, ""r&s"": {""srb_left"": 15, ""srb_right"": 15}, ""atr"": {""atr_length"": 14, ""atr_mult"": 1.0}}",支撑释放,nan-21.82-21.66-22.72-24.91,低-低-高-高,nan%-0.74%-4.88%-9.64%,26.0,6.36,NORTHRIM BANCORP INC,1D,,
2026-09-28 00:00:00,Short,LNAI,1.86,-3.63%,2.3,sqz,参数一,"{""sqz"": {""bb_length"": 15, ""bb_mult"": 1.5, ""kc_length"": 15, ""kc_mult"": 1.2, ""min_sqz_bars"": 4}, ""r&s"": {""srb_left"": 10, ""srb_right"": 10}, ""atr"": {""atr_length"": 14, ""atr_mult"": 1.0}}",支撑释放,6.88-1.21-2.1-1.91-2.1,低-高-低-高,82.44%-73.51%-8.87%-9.95%,24.0,39.48,LUNAI BIOWORKS INC,1D,,
2026-09-28 00:00:00,Long,WDFC,203.9,2.37%,193.32,utb,参数一,"{""utb"": {""key_value"": 2, ""atr_period"": 14, ""use_ha"": false}, ""r&s"": {""srb_left"": 10, ""srb_right"": 10}, ""atr"": {""atr_length"": 14, ""atr_mult"": 1.0}}",,,,,,,WD-40 CO,1D,,
2026-09-28 00:00:00,Long,WDFC,203.9,2.37%,193.32,mfa,参数一,"{""mfa"": {""mfa_all"": 27}}",,,,,,,WD-40 CO,1D,,
2026-09-28 00:00:00,Long,WDFC,203.9,2.37%,193.32,mfa,参数二,"{""mfa"": {""mfa_all"": 27}}",,,,,,,WD-40 CO,1D,,
2026-09-28 00:00:00,Long,BERZ,17.2,7.23%,15.61,mfa,参数一,"{""mfa"": {""mfa_all"": 15}}",,,,,,,MICROSECTORS FANG & INN -3X,1D,,
2026-09-28 00:00:00,Long,BERZ,17.2,7.23%,15.61,mfa,参数二,"{""mfa"": {""mfa_all"": 15}}",,,,,,,MICROSECTORS FANG & INN -3X,1D,,
2026-09-28 00:00:00,Short,AMDG,132.68,-7.36%,147.75,suf,参数一,"{""suf"": {""timeframe"": ""d""}}",,,,,,,LEVERAGE SHARES 2X AMD,1D,200.0,102.29
2026-09-28 00:00:00,Short,AMDG,132.68,-7.36%,147.75,suf,参数二,"{""suf"": {""timeframe"": ""d""}}",,,,,,,LEVERAGE SHARES 2X AMD,1D,200.0,102.29
2026-09-28 00:00:00,Short,AIFF,1.69,-15.92%,1.97,suf,参数一,"{""suf"": {""timeframe"": ""d""}}",,,,,,,FIREFLY NEUROSCIENCE INC,1D,200.0,23.03
2026-09-28 00:00:00,Short,AIFF,1.69,-15.92%,1.97,suf,参数二,"{""suf"": {""timeframe"": ""d""}}",,,,,,,FIREFLY NEUROSCIENCE INC,1D,200.0,23.03
2026-09-28 00:00:00,Long,ZDAI,1.65,2.48%,1.45,mfa,参数一,"{""mfa"": {""mfa_all"": 17}}",,,,,,,DIRECTBOOKING TECHNOLOGY- A,1D,,
2026-09-28 00:00:00,Long,ZDAI,1.65,2.48%,1.45,mfa,参数二,"{""mfa"": {""mfa_all"": 17}}",,,,,,,DIRECTBOOKING TECHNOLOGY- A,1D,,
2026-09-28 00:00:00,Short,AUGO,77.72,-7.00%,85.36,utb,参数二,"{""utb"": {""key_value"": 3, ""atr_period"": 14, ""use_ha"": false}, ""r&s"": {""srb_left"": 15, ""srb_right"": 15}, ""atr"": {""atr_length"": 14, ""atr_mult"": 1.0}}",,,,,,,AURA MINERALS INC,1D,,
2026-09-28 00:00:00,Long,WALD,1.06,2.91%,0.92,suf,参数一,"{""suf"": {""timeframe"": ""d""}}",,,,,,,WALDENCAST PLC-A,1D,200.0,-28.98
2026-09-28 00:00:00,Long,WALD,1.06,2.91%,0.92,suf,参数二,"{""suf"": {""timeframe"": ""d""}}",,,,,,,WALDENCAST PLC-A,1D,200.0,-28.98
2026-09-28 00:00:00,Short,EIPX,31.67,-0.25%,32.25,sqz,参数一,"{""sqz"": {""bb_length"": 15, ""bb_mult"": 1.5, ""kc_length"": 15, ""kc_mult"": 1.2, ""min_sqz_bars"": 4}, ""r&s"": {""srb_left"": 10, ""srb_right"": 10}, ""atr"": {""atr_length"": 14, ""atr_mult"": 1.0}}",一直亮红,30.48-31.04-30.5-29.97-31.71,高-低-低-高,1.84%-1.74%-1.73%-5.83%,37.0,6.66,FT ENERGY INC PARTNERS STRAT,1D,,
2026-09-28 00:00:00,Short,DTI,2.36,-3.67%,2.54,utb,参数一,"{""utb"": {""key_value"": 2, ""atr_period"": 14, ""use_ha"": false}, ""r&s"": {""srb_left"": 10, ""srb_right"": 10}, ""atr"": {""atr_length"": 14, ""atr_mult"": 1.0}}",,,,,,,DRILLING TOOLS INTERNATIONAL,1D,,
2026-09-28 00:00:00,Short,DTI,2.36,-3.67%,2.54,sqz,参数一,"{""sqz"": {""bb_length"": 15, ""bb_mult"": 1.5, ""kc_length"": 15, ""kc_mult"": 1.2, ""min_sqz_bars"": 4}, ""r&s"": {""srb_left"": 10, ""srb_right"": 10}, ""atr"": {""atr_length"": 14, ""atr_mult"": 1.0}}",一直亮红,2.82-2.82-1.87-2.21-2.38,高-低-高-高,0.04%-33.69%-18.07%-7.88%,20.0,12.51,DRILLING TOOLS INTERNATIONAL,1D,,
2026-09-28 00:00:00,Short,AA,42.25,-1.40%,44.49,sqz,参数二,"{""sqz"": {""bb_length"": 20, ""bb_mult"": 1.8, ""kc_length"": 20, ""kc_mult"": 1.5, ""min_sqz_bars"": 4}, ""r&s"": {""srb_left"": 15, ""srb_right"": 15}, ""atr"": {""atr_length"": 14, ""atr_mult"": 1.0}}",一直亮红,nan-54.76-54.87-60.79-42.4,低-高-高-低,nan%-0.20%-10.80%-30.26%,42.0,29.84,ALCOA CORP,1D,,
2026-09-28 00:00:00,Short,CORN,19.53,-1.01%,19.93,utb,参数一,"{""utb"": {""key_value"": 2, ""atr_period"": 14, ""use_ha"": false}, ""r&s"": {""srb_left"": 10, ""srb_right"": 10}, ""atr"": {""atr_length"": 14, ""atr_mult"": 1.0}}",,,,,,,TEUCRIUM CORN FUND,1D,,
2026-09-28 00:00:00,Long,LGVN,2.63,-6.41%,2.0,mfa,参数一,"{""mfa"": {""mfa_all"": 8}}",,,,,,,LONGEVERON INC-A,1D,,
2026-09-28 00:00:00,Long,LGVN,2.63,-6.41%,2.0,mfa,参数二,"{""mfa"": {""mfa_all"": 8}}",,,,,,,LONGEVERON INC-A,1D,,
2026-09-28 00:00:00,Long,FMS,22.95,1.15%,22.51,utb,参数一,"{""utb"": {""key_value"": 2, ""atr_period"": 14, ""use_ha"": false}, ""r&s"": {""srb_left"": 10, ""srb_right"": 10}, ""atr"": {""atr_length"": 14, ""atr_mult"": 1.0}}",,,,,,,FRESENIUS MEDICAL CARE-ADR,1D,,
2026-09-28 00:00:00,Long,PALI,1.5,3.45%,1.31,suf,参数一,"{""suf"": {""timeframe"": ""d""}}",,,,,,,PALISADE BIO INC,1D,200.0,-22.21
2026-09-28 00:00:00,Long,PALI,1.5,3.45%,1.31,suf,参数二,"{""suf"": {""timeframe"": ""d""}}",,,,,,,PALISADE BIO INC,1D,200.0,-22.21
2026-09-28 00:00:00,Long,ORGO,1.38,-2.13%,1.26,mfa,参数一,"{""mfa"": {""mfa_all"": 13}}",,,,,,,ORGANOGENESIS HOLDINGS INC,1D,,
2026-09-28 00:00:00,Long,ORGO,1.38,-2.13%,1.26,mfa,参数二,"{""mfa"": {""mfa_all"": 13}}",,,,,,,ORGANOGENESIS HOLDINGS INC,1D,,
2026-09-28 00:00:00,Long,CCCC,3.12,4.53%,2.78,suf,参数一,"{""suf"": {""timeframe"": ""d""}}",,,,,,,C4 THERAPEUTICS INC,1D,200.0,0.42
2026-09-28 00:00:00,Long,CCCC,3.12,4.53%,2.78,suf,参数二,"{""suf"": {""timeframe"": ""d""}}",,,,,,,C4 THERAPEUTICS INC,1D,200.0,0.42
2026-09-28 00:00:00,Long,TMFM,21.12,-1.03%,20.46,mfa,参数一,"{""mfa"": {""mfa_all"": 13}}",,,,,,,MOTLEY FOOL MID-CAP GROWTH,1D,,
2026-09-28 00:00:00,Long,TMFM,21.12,-1.03%,20.46,mfa,参数二,"{""mfa"": {""mfa_all"": 13}}",,,,,,,MOTLEY FOOL MID-CAP GROWTH,1D,,
2026-09-28 00:00:00,Long,FDNI,26.03,0.04%,24.89,mfa,参数一,"{""mfa"": {""mfa_all"": 13}}",,,,,,,FIRST TRUST DOW JONES INTL,1D,,
2026-09-28 00:00:00,Long,FDNI,26.03,0.04%,24.89,mfa,参数二,"{""mfa"": {""mfa_all"": 13}}",,,,,,,FIRST TRUST DOW JONES INTL,1D,,
2026-09-28 00:00:00,Short,VOXR,5.11,-6.07%,5.53,utb,参数一,"{""utb"": {""key_value"": 2, ""atr_period"": 14, ""use_ha"": false}, ""r&s"": {""srb_left"": 10, ""srb_right"": 10}, ""atr"": {""atr_length"": 14, ""atr_mult"": 1.0}}",,,,,,,VOX ROYALTY CORP,1D,,
2026-09-28 00:00:00,Short,VOXR,5.11,-6.07%,5.53,utb,参数二,"{""utb"": {""key_value"": 3, ""atr_period"": 14, ""use_ha"": false}, ""r&s"": {""srb_left"": 15, ""srb_right"": 15}, ""atr"": {""atr_length"": 14, ""atr_mult"": 1.0}}",,,,,,,VOX ROYALTY CORP,1D,,
2026-09-28 00:00:00,Long,RRGB,7.46,2.90%,6.64,mfa,参数一,"{""mfa"": {""mfa_all"": 10}}",,,,,,,RED ROBIN GOURMET BURGERS,1D,,
2026-09-28 00:00:00,Long,RRGB,7.46,2.90%,6.64,mfa,参数二,"{""mfa"": {""mfa_all"": 10}}",,,,,,,RED ROBIN GOURMET BURGERS,1D,,
2026-09-28 00:00:00,Short,AACP,10.08,-0.20%,10.1,utb,参数一,"{""utb"": {""key_value"": 2, ""atr_period"": 14, ""use_ha"": false}, ""r&s"": {""srb_left"": 10, ""srb_right"": 10}, ""atr"": {""atr_length"": 14, ""atr_mult"": 1.0}}",,,,,,,APOGEE ACQUISITION CORP -A,1D,,
2026-09-28 00:00:00,Short,AACP,10.08,-0.20%,10.1,utb,参数二,"{""utb"": {""key_value"": 3, ""atr_period"": 14, ""use_ha"": false}, ""r&s"": {""srb_left"": 15, ""srb_right"": 15}, ""atr"": {""atr_length"": 14, ""atr_mult"": 1.0}}",,,,,,,APOGEE ACQUISITION CORP -A,1D,,
2026-09-28 00:00:00,Short,MDIV,15.96,-0.37%,16.15,sqz,参数一,"{""sqz"": {""bb_length"": 15, ""bb_mult"": 1.5, ""kc_length"": 15, ""kc_mult"": 1.2, ""min_sqz_bars"": 4}, ""r&s"": {""srb_left"": 10, ""srb_right"": 10}, ""atr"": {""atr_length"": 14, ""atr_mult"": 1.0}}",一直亮红,nan-14.83-15.41-15.97,低-高-高,nan%-3.87%-3.66%,70.0,5.21,FT MULTI-ASSET DIVERS INC,1D,,
2026-09-28 00:00:00,Short,MDIV,15.96,-0.37%,16.15,sqz,参数二,"{""sqz"": {""bb_length"": 20, ""bb_mult"": 1.8, ""kc_length"": 20, ""kc_mult"": 1.5, ""min_sqz_bars"": 4}, ""r&s"": {""srb_left"": 15, ""srb_right"": 15}, ""atr"": {""atr_length"": 14, ""atr_mult"": 1.0}}",一直亮红,nan-14.83-15.41-15.97,低-高-高,nan%-3.87%-3.66%,70.0,5.21,FT MULTI-ASSET DIVERS INC,1D,,
2026-09-28 00:00:00,Short,TNUK,22.03,-1.66%,22.47,sqz,参数一,"{""sqz"": {""bb_length"": 15, ""bb_mult"": 1.5, ""kc_length"": 15, ""kc_mult"": 1.2, ""min_sqz_bars"": 4}, ""r&s"": {""srb_left"": 10, ""srb_right"": 10}, ""atr"": {""atr_length"": 14, ""atr_mult"": 1.0}}",一直亮红,26.11-24.54-24.48-23.39-22.28,低-低-低-低,6.02%-0.25%-4.42%-4.76%,42.0,21.18,TORTOISE NUCLEAR RENAISSANCE,1D,,
2026-09-28 00:00:00,Short,TNUK,22.03,-1.66%,22.47,sqz,参数二,"{""sqz"": {""bb_length"": 20, ""bb_mult"": 1.8, ""kc_length"": 20, ""kc_mult"": 1.5, ""min_sqz_bars"": 4}, ""r&s"": {""srb_left"": 15, ""srb_right"": 15}, ""atr"": {""atr_length"": 14, ""atr_mult"": 1.0}}",一直亮红,nan-26.11-24.54-23.39-22.28,低-低-低-低,nan%-6.02%-4.66%-4.76%,42.0,21.18,TORTOISE NUCLEAR RENAISSANCE,1D,,
2026-09-28 00:00:00,Long,LUCK,5.33,2.30%,4.88,suf,参数一,"{""suf"": {""timeframe"": ""d""}}",,,,,,,LUCKY STRIKE ENTERTAINMENT C,1D,200.0,-30.15
2026-09-28 00:00:00,Long,LUCK,5.33,2.30%,4.88,suf,参数二,"{""suf"": {""timeframe"": ""d""}}",,,,,,,LUCKY STRIKE ENTERTAINMENT C,1D,200.0,-30.15
2026-09-28 00:00:00,Short,ULE,12.22,-0.49%,12.32,sqz,参数一,"{""sqz"": {""bb_length"": 15, ""bb_mult"": 1.5, ""kc_length"": 15, ""kc_mult"": 1.2, ""min_sqz_bars"": 4}, ""r&s"": {""srb_left"": 10, ""srb_right"": 10}, ""atr"": {""atr_length"": 14, ""atr_mult"": 1.0}}",一直亮红,12.45-12.89-12.72-12.2-12.23,高-低-低-高,3.53%-1.32%-4.09%-0.25%,44.0,5.81,PROSHARES ULTRA EURO,1D,,
2026-09-28 00:00:00,Short,ULE,12.22,-0.49%,12.32,sqz,参数二,"{""sqz"": {""bb_length"": 20, ""bb_mult"": 1.8, ""kc_length"": 20, ""kc_mult"": 1.5, ""min_sqz_bars"": 4}, ""r&s"": {""srb_left"": 15, ""srb_right"": 15}, ""atr"": {""atr_length"": 14, ""atr_mult"": 1.0}}",一直亮红,nan-12.81-12.4-12.2-12.23,低-低-低-高,nan%-3.20%-1.61%-0.25%,44.0,5.81,PROSHARES ULTRA EURO,1D,,
2026-09-28 00:00:00,Short,LGCY,9.07,-2.58%,9.95,sqz,参数二,"{""sqz"": {""bb_length"": 20, ""bb_mult"": 1.8, ""kc_length"": 20, ""kc_mult"": 1.5, ""min_sqz_bars"": 4}, ""r&s"": {""srb_left"": 15, ""srb_right"": 15}, ""atr"": {""atr_length"": 14, ""atr_mult"": 1.0}}",支撑释放,nan-9.51-9.83-10.76-10.0,低-高-高-低,nan%-3.36%-9.46%-7.06%,28.0,17.0,LEGACY EDUCATION INC,1D,,
2026-09-28 00:00:00,Long,NEOV,2.28,4.11%,1.79,suf,参数一,"{""suf"": {""timeframe"": ""d""}}",,,,,,,NEOVOLTA INC,1D,200.0,-27.38
2026-09-28 00:00:00,Long,NEOV,2.28,4.11%,1.79,suf,参数二,"{""suf"": {""timeframe"": ""d""}}",,,,,,,NEOVOLTA INC,1D,200.0,-27.38
2026-09-28 00:00:00,Long,APLE,16.35,0.99%,15.86,utb,参数二,"{""utb"": {""key_value"": 3, ""atr_period"": 14, ""use_ha"": false}, ""r&s"": {""srb_left"": 15, ""srb_right"": 15}, ""atr"": {""atr_length"": 14, ""atr_mult"": 1.0}}",,,,,,,APPLE HOSPITALITY REIT INC,1D,,
2026-09-28 00:00:00,Short,MAKO,9.43,-5.51%,10.28,utb,参数二,"{""utb"": {""key_value"": 3, ""atr_period"": 14, ""use_ha"": false}, ""r&s"": {""srb_left"": 15, ""srb_right"": 15}, ""atr"": {""atr_length"": 14, ""atr_mult"": 1.0}}",,,,,,,MAKO MINING CORP,1D,,
2026-09-28 00:00:00,Short,ATLX,2.52,-6.67%,2.81,sqz,参数一,"{""sqz"": {""bb_length"": 15, ""bb_mult"": 1.5, ""kc_length"": 15, ""kc_mult"": 1.2, ""min_sqz_bars"": 4}, ""r&s"": {""srb_left"": 10, ""srb_right"": 10}, ""atr"": {""atr_length"": 14, ""atr_mult"": 1.0}}",一直亮红,4.35-3.96-4.05-3.32-2.55,低-高-低-低,8.97%-2.27%-18.02%-23.19%,42.0,35.29,ATLAS LITHIUM INC,1D,,
2026-09-28 00:00:00,Short,ATLX,2.52,-6.67%,2.81,sqz,参数二,"{""sqz"": {""bb_length"": 20, ""bb_mult"": 1.8, ""kc_length"": 20, ""kc_mult"": 1.5, ""min_sqz_bars"": 4}, ""r&s"": {""srb_left"": 15, ""srb_right"": 15}, ""atr"": {""atr_length"": 14, ""atr_mult"": 1.0}}",一直亮红,nan-4.35-3.96-3.32-2.55,低-低-低-低,nan%-8.97%-16.16%-23.19%,42.0,35.29,ATLAS LITHIUM INC,1D,,
2026-09-28 00:00:00,Short,KPLT,4.62,-8.33%,5.78,sqz,参数二,"{""sqz"": {""bb_length"": 20, ""bb_mult"": 1.8, ""kc_length"": 20, ""kc_mult"": 1.5, ""min_sqz_bars"": 4}, ""r&s"": {""srb_left"": 15, ""srb_right"": 15}, ""atr"": {""atr_length"": 14, ""atr_mult"": 1.0}}",一直释放,5.95-5.66-6.6-5.77-5.3,低-高-低-低,4.84%-16.51%-12.51%-8.18%,19.0,80.94,KATAPULT HOLDINGS INC,1D,,
2026-09-28 00:00:00,Short,XC,30.9,-1.40%,31.26,sqz,参数二,"{""sqz"": {""bb_length"": 20, ""bb_mult"": 1.8, ""kc_length"": 20, ""kc_mult"": 1.5, ""min_sqz_bars"": 4}, ""r&s"": {""srb_left"": 15, ""srb_right"": 15}, ""atr"": {""atr_length"": 14, ""atr_mult"": 1.0}}",一直亮红,nan-29.66-30.37-31.07,低-高-高,nan%-2.39%-2.29%,46.0,5.8,WISDOMTREE TRUE EMERGING MAR,1D,,
2026-09-28 00:00:00,Long,IEX,231.15,0.47%,224.39,utb,参数一,"{""utb"": {""key_value"": 2, ""atr_period"": 14, ""use_ha"": false}, ""r&s"": {""srb_left"": 10, ""srb_right"": 10}, ""atr"": {""atr_length"": 14, ""atr_mult"": 1.0}}",,,,,,,IDEX CORP,1D,,
2026-09-28 00:00:00,Short,CXSE,35.32,-1.31%,35.83,sqz,参数一,"{""sqz"": {""bb_length"": 15, ""bb_mult"": 1.5, ""kc_length"": 15, ""kc_mult"": 1.2, ""min_sqz_bars"": 4}, ""r&s"": {""srb_left"": 10, ""srb_right"": 10}, ""atr"": {""atr_length"": 14, ""atr_mult"": 1.0}}",一直释放,39.57-36.71-36.58-39.02-36.82,低-低-高-低,7.23%-0.35%-6.66%-5.64%,50.0,6.47,WISDOMTREE CHINA EX-ST OW,1D,,
2026-09-28 00:00:00,Short,PRG,31.94,-2.26%,34.45,sqz,参数一,"{""sqz"": {""bb_length"": 15, ""bb_mult"": 1.5, ""kc_length"": 15, ""kc_mult"": 1.2, ""min_sqz_bars"": 4}, ""r&s"": {""srb_left"": 10, ""srb_right"": 10}, ""atr"": {""atr_length"": 14, ""atr_mult"": 1.0}}",一直亮红,nan-28.72-27.04-28.65-32.4,低-低-高-高,nan%-5.85%-5.98%-13.08%,89.0,46.82,PROG HOLDINGS INC,1D,,
2026-09-28 00:00:00,Short,ADT,6.19,-3.28%,6.54,sqz,参数二,"{""sqz"": {""bb_length"": 20, ""bb_mult"": 1.8, ""kc_length"": 20, ""kc_mult"": 1.5, ""min_sqz_bars"": 4}, ""r&s"": {""srb_left"": 15, ""srb_right"": 15}, ""atr"": {""atr_length"": 14, ""atr_mult"": 1.0}}",一直亮红,nan-6.1-6.19,低-高,nan%-1.52%,65.0,27.64,ADT INC,1D,,
2026-09-28 00:00:00,Long,IRHO,10.07,0.10%,10.06,utb,参数一,"{""utb"": {""key_value"": 2, ""atr_period"": 14, ""use_ha"": false}, ""r&s"": {""srb_left"": 10, ""srb_right"": 10}, ""atr"": {""atr_length"": 14, ""atr_mult"": 1.0}}",,,,,,,IRON HORSE ACQUISITIONS CORP,1D,,
2026-09-28 00:00:00,Long,IRHO,10.07,0.10%,10.06,sqz,参数二,"{""sqz"": {""bb_length"": 20, ""bb_mult"": 1.8, ""kc_length"": 20, ""kc_mult"": 1.5, ""min_sqz_bars"": 4}, ""r&s"": {""srb_left"": 15, ""srb_right"": 15}, ""atr"": {""atr_length"": 14, ""atr_mult"": 1.0}}",一直释放,nan-9.91-10.14-10.07,低-高-低,nan%-2.32%-0.69%,63.0,0.7,IRON HORSE ACQUISITIONS CORP,1D,,
2026-09-28 00:00:00,Long,MRNO,0.3,3.45%,0.24,mfa,参数一,"{""mfa"": {""mfa_all"": 11}}",,,,,,,MURANO GLOBAL INVESTMENTS PL,1D,,
2026-09-28 00:00:00,Long,MRNO,0.3,3.45%,0.24,mfa,参数二,"{""mfa"": {""mfa_all"": 11}}",,,,,,,MURANO GLOBAL INVESTMENTS PL,1D,,
2026-09-28 00:00:00,Long,DWM,74.2,-0.30%,73.13,mfa,参数一,"{""mfa"": {""mfa_all"": 7}}",,,,,,,WISDOMTREE INTERNATIONAL EQU,1D,,
2026-09-28 00:00:00,Long,DWM,74.2,-0.30%,73.13,mfa,参数二,"{""mfa"": {""mfa_all"": 7}}",,,,,,,WISDOMTREE INTERNATIONAL EQU,1D,,
2026-09-28 00:00:00,Long,GXAI,0.55,-3.51%,0.49,mfa,参数一,"{""mfa"": {""mfa_all"": 14}}",,,,,,,GAXOS.AI INC,1D,,
2026-09-28 00:00:00,Long,GXAI,0.55,-3.51%,0.49,mfa,参数二,"{""mfa"": {""mfa_all"": 14}}",,,,,,,GAXOS.AI INC,1D,,
2026-09-28 00:00:00,Short,BRTX,2.31,-9.41%,2.7,suf,参数一,"{""suf"": {""timeframe"": ""d""}}",,,,,,,BIORESTORATIVE THERAPIES INC,1D,200.0,272.03
2026-09-28 00:00:00,Short,BRTX,2.31,-9.41%,2.7,suf,参数二,"{""suf"": {""timeframe"": ""d""}}",,,,,,,BIORESTORATIVE THERAPIES INC,1D,200.0,272.03
2026-09-28 00:00:00,Long,LFT,5.61,8.09%,4.83,suf,参数一,"{""suf"": {""timeframe"": ""d""}}",,,,,,,LUMENT FINANCE TRUST INC,1D,200.0,-46.59
2026-09-28 00:00:00,Long,LFT,5.61,8.09%,4.83,suf,参数二,"{""suf"": {""timeframe"": ""d""}}",,,,,,,LUMENT FINANCE TRUST INC,1D,200.0,-46.59
2026-09-28 00:00:00,Long,JIRE,82.84,-0.42%,81.55,mfa,参数一,"{""mfa"": {""mfa_all"": 10}}",,,,,,,JPMORGAN INT RES ENH EQTY,1D,,
2026-09-28 00:00:00,Long,JIRE,82.84,-0.42%,81.55,mfa,参数二,"{""mfa"": {""mfa_all"": 10}}",,,,,,,JPMORGAN INT RES ENH EQTY,1D,,
2026-09-28 00:00:00,Short,BCD,38.58,-0.98%,39.08,utb,参数一,"{""utb"": {""key_value"": 2, ""atr_period"": 14, ""use_ha"": false}, ""r&s"": {""srb_left"": 10, ""srb_right"": 10}, ""atr"": {""atr_length"": 14, ""atr_mult"": 1.0}}",,,,,,,ABRDN BLOOMBERG ALL COMMODIT,1D,,
2026-09-28 00:00:00,Short,RBBN,1.73,-3.89%,1.9,sqz,参数一,"{""sqz"": {""bb_length"": 15, ""bb_mult"": 1.5, ""kc_length"": 15, ""kc_mult"": 1.2, ""min_sqz_bars"": 4}, ""r&s"": {""srb_left"": 10, ""srb_right"": 10}, ""atr"": {""atr_length"": 14, ""atr_mult"": 1.0}}",一直释放,2.07-2.04-2.29-2.43-1.96,低-高-高-低,1.45%-12.25%-6.11%-19.34%,43.0,18.88,RIBBON COMMUNICATIONS INC,1D,,
2026-09-28 00:00:00,Short,RBBN,1.73,-3.89%,1.9,sqz,参数二,"{""sqz"": {""bb_length"": 20, ""bb_mult"": 1.8, ""kc_length"": 20, ""kc_mult"": 1.5, ""min_sqz_bars"": 4}, ""r&s"": {""srb_left"": 15, ""srb_right"": 15}, ""atr"": {""atr_length"": 14, ""atr_mult"": 1.0}}",一直释放,nan-1.8-2.04-1.96,低-高-低,nan%-13.33%-3.92%,43.0,18.88,RIBBON COMMUNICATIONS INC,1D,,
2026-09-28 00:00:00,Long,LUCD,0.81,-2.42%,0.75,mfa,参数一,"{""mfa"": {""mfa_all"": 14}}",,,,,,,LUCID DIAGNOSTICS INC,1D,,
2026-09-28 00:00:00,Long,LUCD,0.81,-2.42%,0.75,mfa,参数二,"{""mfa"": {""mfa_all"": 14}}",,,,,,,LUCID DIAGNOSTICS INC,1D,,
2026-09-28 00:00:00,Long,HQY,88.44,0.22%,84.48,suf,参数一,"{""suf"": {""timeframe"": ""d""}}",,,,,,,HEALTHEQUITY INC,1D,200.0,-0.46
2026-09-28 00:00:00,Long,HQY,88.44,0.22%,84.48,suf,参数二,"{""suf"": {""timeframe"": ""d""}}",,,,,,,HEALTHEQUITY INC,1D,200.0,-0.46
2026-09-28 00:00:00,Long,SUPN,44.6,4.55%,40.95,utb,参数一,"{""utb"": {""key_value"": 2, ""atr_period"": 14, ""use_ha"": false}, ""r&s"": {""srb_left"": 10, ""srb_right"": 10}, ""atr"": {""atr_length"": 14, ""atr_mult"": 1.0}}",,,,,,,SUPERNUS PHARMACEUTICALS INC,1D,,
2026-09-28 00:00:00,Long,RIME,0.16,6.67%,0.12,suf,参数一,"{""suf"": {""timeframe"": ""d""}}",,,,,,,ALGORHYTHM HOLDINGS INC,1D,200.0,-82.01
2026-09-28 00:00:00,Long,RIME,0.16,6.67%,0.12,suf,参数二,"{""suf"": {""timeframe"": ""d""}}",,,,,,,ALGORHYTHM HOLDINGS INC,1D,200.0,-82.01
2026-09-28 00:00:00,Short,IYLD,21.79,-0.46%,21.96,sqz,参数二,"{""sqz"": {""bb_length"": 20, ""bb_mult"": 1.8, ""kc_length"": 20, ""kc_mult"": 1.5, ""min_sqz_bars"": 4}, ""r&s"": {""srb_left"": 15, ""srb_right"": 15}, ""atr"": {""atr_length"": 14, ""atr_mult"": 1.0}}",一直亮红,nan-20.95-21.81,低-高,nan%-4.12%,46.0,2.33,ISHARES MORNINGSTAR MULTI-AS,1D,,
2026-09-28 00:00:00,Long,BYND,8.52,2.04%,7.09,suf,参数一,"{""suf"": {""timeframe"": ""d""}}",,,,,,,BEYOND MEAT INC,1D,200.0,-60.24
2026-09-28 00:00:00,Long,BYND,8.52,2.04%,7.09,suf,参数二,"{""suf"": {""timeframe"": ""d""}}",,,,,,,BEYOND MEAT INC,1D,200.0,-60.24
2026-09-28 00:00:00,Long,TONX,3.98,11.33%,3.46,sqz,参数二,"{""sqz"": {""bb_length"": 20, ""bb_mult"": 1.8, ""kc_length"": 20, ""kc_mult"": 1.5, ""min_sqz_bars"": 4}, ""r&s"": {""srb_left"": 15, ""srb_right"": 15}, ""atr"": {""atr_length"": 14, ""atr_mult"": 1.0}}",一直亮绿,nan-3.18-3.55-4.44-3.68,低-高-高-低,nan%-11.64%-25.07%-17.12%,48.0,43.19,TON STRATEGY CO,1D,,
2026-09-28 00:00:00,Short,AMT,168.0,-0.61%,173.79,sqz,参数一,"{""sqz"": {""bb_length"": 15, ""bb_mult"": 1.5, ""kc_length"": 15, ""kc_mult"": 1.2, ""min_sqz_bars"": 4}, ""r&s"": {""srb_left"": 10, ""srb_right"": 10}, ""atr"": {""atr_length"": 14, ""atr_mult"": 1.0}}",支撑释放,165.79-160.06-163.07-162.5-171.73,低-高-低-高,3.45%-1.88%-0.35%-5.68%,17.0,4.7,AMERICAN TOWER CORP,1D,,
2026-09-28 00:00:00,Short,RNGR,15.26,-1.61%,16.3,sqz,参数一,"{""sqz"": {""bb_length"": 15, ""bb_mult"": 1.5, ""kc_length"": 15, ""kc_mult"": 1.2, ""min_sqz_bars"": 4}, ""r&s"": {""srb_left"": 10, ""srb_right"": 10}, ""atr"": {""atr_length"": 14, ""atr_mult"": 1.0}}",一直亮红,15.51-15.04-14.67-14.42-15.4,低-低-低-高,2.99%-2.48%-1.73%-6.83%,22.0,14.48,RANGER ENERGY SERVICES-CL A,1D,,
2026-09-28 00:00:00,Long,NEXR,1.55,4.03%,1.2,mfa,参数一,"{""mfa"": {""mfa_all"": 23}}",,,,,,,NEXERA TECHNOLOGIES LTD,1D,,
2026-09-28 00:00:00,Long,NEXR,1.55,4.03%,1.2,mfa,参数二,"{""mfa"": {""mfa_all"": 23}}",,,,,,,NEXERA TECHNOLOGIES LTD,1D,,
2026-09-28 00:00:00,Short,IXHL,3.15,-5.12%,3.47,utb,参数二,"{""utb"": {""key_value"": 3, ""atr_period"": 14, ""use_ha"": false}, ""r&s"": {""srb_left"": 15, ""srb_right"": 15}, ""atr"": {""atr_length"": 14, ""atr_mult"": 1.0}}",,,,,,,INCANNEX HEALTHCARE INC,1D,,
2026-09-28 00:00:00,Short,VGAS,1.14,-1.72%,1.32,sqz,参数一,"{""sqz"": {""bb_length"": 15, ""bb_mult"": 1.5, ""kc_length"": 15, ""kc_mult"": 1.2, ""min_sqz_bars"": 4}, ""r&s"": {""srb_left"": 10, ""srb_right"": 10}, ""atr"": {""atr_length"": 14, ""atr_mult"": 1.0}}",支撑释放,1.2-1.43-0.98-0.94-1.19,高-低-低-高,19.17%-31.47%-4.08%-26.60%,26.0,20.17,VERDE CLEAN FUELS INC,1D,,
2026-09-28 00:00:00,Long,IMAR,30.72,-0.30%,30.48,mfa,参数一,"{""mfa"": {""mfa_all"": 7}}",,,,,,,INNOVATOR INTDEVPOW BUF-MAR,1D,,
2026-09-28 00:00:00,Long,IMAR,30.72,-0.30%,30.48,mfa,参数二,"{""mfa"": {""mfa_all"": 7}}",,,,,,,INNOVATOR INTDEVPOW BUF-MAR,1D,,
2026-09-28 00:00:00,Long,LFCR,6.52,55.24%,6.01,utb,参数一,"{""utb"": {""key_value"": 2, ""atr_period"": 14, ""use_ha"": false}, ""r&s"": {""srb_left"": 10, ""srb_right"": 10}, ""atr"": {""atr_length"": 14, ""atr_mult"": 1.0}}",,,,,,,LIFECORE BIOMEDICAL INC,1D,,
2026-09-28 00:00:00,Long,LFCR,6.52,55.24%,6.01,sqz,参数一,"{""sqz"": {""bb_length"": 15, ""bb_mult"": 1.5, ""kc_length"": 15, ""kc_mult"": 1.2, ""min_sqz_bars"": 4}, ""r&s"": {""srb_left"": 10, ""srb_right"": 10}, ""atr"": {""atr_length"": 14, ""atr_mult"": 1.0}}",压力释放,8.98-5.53-5.92-5.96-5.02,低-高-高-低,38.42%-7.05%-0.68%-15.77%,35.0,25.5,LIFECORE BIOMEDICAL INC,1D,,
2026-09-28 00:00:00,Long,LFCR,6.52,55.24%,6.01,utb,参数二,"{""utb"": {""key_value"": 3, ""atr_period"": 14, ""use_ha"": false}, ""r&s"": {""srb_left"": 15, ""srb_right"": 15}, ""atr"": {""atr_length"": 14, ""atr_mult"": 1.0}}",,,,,,,LIFECORE BIOMEDICAL INC,1D,,
2026-09-28 00:00:00,Long,LFCR,6.52,55.24%,6.01,sqz,参数二,"{""sqz"": {""bb_length"": 20, ""bb_mult"": 1.8, ""kc_length"": 20, ""kc_mult"": 1.5, ""min_sqz_bars"": 4}, ""r&s"": {""srb_left"": 15, ""srb_right"": 15}, ""atr"": {""atr_length"": 14, ""atr_mult"": 1.0}}",压力释放,nan-8.98-5.53-5.96-5.02,低-低-高-低,nan%-38.42%-7.78%-15.77%,35.0,25.5,LIFECORE BIOMEDICAL INC,1D,,
2026-09-28 00:00:00,Long,FERG,227.3,2.05%,214.26,utb,参数一,"{""utb"": {""key_value"": 2, ""atr_period"": 14, ""use_ha"": false}, ""r&s"": {""srb_left"": 10, ""srb_right"": 10}, ""atr"": {""atr_length"": 14, ""atr_mult"": 1.0}}",,,,,,,FERGUSON ENTERPRISES INC,1D,,
2026-09-28 00:00:00,Short,SNAG,4.95,-7.37%,5.76,sqz,参数一,"{""sqz"": {""bb_length"": 15, ""bb_mult"": 1.5, ""kc_length"": 15, ""kc_mult"": 1.2, ""min_sqz_bars"": 4}, ""r&s"": {""srb_left"": 10, ""srb_right"": 10}, ""atr"": {""atr_length"": 14, ""atr_mult"": 1.0}}",支撑释放,5.84-3.77-3.69-4.87-4.98,低-低-高-高,35.53%-1.99%-31.98%-2.26%,13.0,34.94,LEVERAGE SHARES 2X SNAP,1D,,
2026-09-28 00:00:00,Short,RGR,42.04,-1.80%,43.94,suf,参数一,"{""suf"": {""timeframe"": ""d""}}",,,,,,,STURM RUGER & CO INC,1D,200.0,10.22
2026-09-28 00:00:00,Short,RGR,42.04,-1.80%,43.94,suf,参数二,"{""suf"": {""timeframe"": ""d""}}",,,,,,,STURM RUGER & CO INC,1D,200.0,10.22
2026-09-28 00:00:00,Short,SHFS,0.11,-30.57%,0.15,utb,参数一,"{""utb"": {""key_value"": 2, ""atr_period"": 14, ""use_ha"": false}, ""r&s"": {""srb_left"": 10, ""srb_right"": 10}, ""atr"": {""atr_length"": 14, ""atr_mult"": 1.0}}",,,,,,,SHF HOLDINGS INC,1D,,
2026-09-28 00:00:00,Long,ASTC,7.64,6.70%,6.21,utb,参数一,"{""utb"": {""key_value"": 2, ""atr_period"": 14, ""use_ha"": false}, ""r&s"": {""srb_left"": 10, ""srb_right"": 10}, ""atr"": {""atr_length"": 14, ""atr_mult"": 1.0}}",,,,,,,ASTROTECH CORP,1D,,
2026-09-28 00:00:00,Short,SFWL,8.9,-5.02%,10.76,suf,参数一,"{""suf"": {""timeframe"": ""d""}}",,,,,,,SHENGFENG DEVELOPMENT LTD-A,1D,200.0,507.66
2026-09-28 00:00:00,Short,SFWL,8.9,-5.02%,10.76,suf,参数二,"{""suf"": {""timeframe"": ""d""}}",,,,,,,SHENGFENG DEVELOPMENT LTD-A,1D,200.0,507.66
2026-09-28 00:00:00,Short,T,24.9,-1.89%,25.97,utb,参数二,"{""utb"": {""key_value"": 3, ""atr_period"": 14, ""use_ha"": false}, ""r&s"": {""srb_left"": 15, ""srb_right"": 15}, ""atr"": {""atr_length"": 14, ""atr_mult"": 1.0}}",,,,,,,AT&T INC,1D,,
2026-09-28 00:00:00,Long,BZZ,22.48,-2.68%,21.97,mfa,参数一,"{""mfa"": {""mfa_all"": 10}}",,,,,,,CORGI DRONES & URBAN AIR MOB,1D,,
2026-09-28 00:00:00,Long,BZZ,22.48,-2.68%,21.97,mfa,参数二,"{""mfa"": {""mfa_all"": 10}}",,,,,,,CORGI DRONES & URBAN AIR MOB,1D,,
2026-09-28 00:00:00,Short,BCE,20.56,-1.96%,21.4,sqz,参数一,"{""sqz"": {""bb_length"": 15, ""bb_mult"": 1.5, ""kc_length"": 15, ""kc_mult"": 1.2, ""min_sqz_bars"": 4}, ""r&s"": {""srb_left"": 10, ""srb_right"": 10}, ""atr"": {""atr_length"": 14, ""atr_mult"": 1.0}}",一直亮红,22.52-22.56-23.01-20.59-20.85,高-高-低-高,0.17%-1.99%-10.50%-1.25%,45.0,13.5,BCE INC,1D,,
2026-09-28 00:00:00,Short,BCE,20.56,-1.96%,21.4,sqz,参数二,"{""sqz"": {""bb_length"": 20, ""bb_mult"": 1.8, ""kc_length"": 20, ""kc_mult"": 1.5, ""min_sqz_bars"": 4}, ""r&s"": {""srb_left"": 15, ""srb_right"": 15}, ""atr"": {""atr_length"": 14, ""atr_mult"": 1.0}}",一直亮红,nan-22.52-20.59,低-低,nan%-8.57%,59.0,14.91,BCE INC,1D,,
2026-09-28 00:00:00,Long,YHC,1.31,0.77%,0.97,mfa,参数一,"{""mfa"": {""mfa_all"": 10}}",,,,,,,LQR HOUSE INC,1D,,
2026-09-28 00:00:00,Long,YHC,1.31,0.77%,0.97,mfa,参数二,"{""mfa"": {""mfa_all"": 10}}",,,,,,,LQR HOUSE INC,1D,,
2026-09-28 00:00:00,Short,ARQ,1.93,-4.46%,2.15,sqz,参数二,"{""sqz"": {""bb_length"": 20, ""bb_mult"": 1.8, ""kc_length"": 20, ""kc_mult"": 1.5, ""min_sqz_bars"": 4}, ""r&s"": {""srb_left"": 15, ""srb_right"": 15}, ""atr"": {""atr_length"": 14, ""atr_mult"": 1.0}}",支撑释放,nan-3.18-1.54-1.89-1.98,低-低-高-高,nan%-51.57%-22.73%-4.76%,18.0,18.18,ARQ INC,1D,,
2026-09-28 00:00:00,Short,ALZN,1.73,-5.46%,2.01,utb,参数一,"{""utb"": {""key_value"": 2, ""atr_period"": 14, ""use_ha"": false}, ""r&s"": {""srb_left"": 10, ""srb_right"": 10}, ""atr"": {""atr_length"": 14, ""atr_mult"": 1.0}}",,,,,,,ALZAMEND NEURO INC,1D,,
2026-09-28 00:00:00,Long,FKU,54.59,0.11%,54.05,mfa,参数一,"{""mfa"": {""mfa_all"": 10}}",,,,,,,FIRST TRUST UNITED KINGDOM,1D,,
2026-09-28 00:00:00,Long,FKU,54.59,0.11%,54.05,mfa,参数二,"{""mfa"": {""mfa_all"": 10}}",,,,,,,FIRST TRUST UNITED KINGDOM,1D,,
2026-09-28 00:00:00,Short,SII,120.35,-3.21%,127.64,utb,参数二,"{""utb"": {""key_value"": 3, ""atr_period"": 14, ""use_ha"": false}, ""r&s"": {""srb_left"": 15, ""srb_right"": 15}, ""atr"": {""atr_length"": 14, ""atr_mult"": 1.0}}",,,,,,,SPROTT INC,1D,,
2026-09-28 00:00:00,Short,FLXS,87.53,-2.06%,94.12,suf,参数一,"{""suf"": {""timeframe"": ""d""}}",,,,,,,FLEXSTEEL INDS,1D,200.0,49.63
2026-09-28 00:00:00,Short,FLXS,87.53,-2.06%,94.12,suf,参数二,"{""suf"": {""timeframe"": ""d""}}",,,,,,,FLEXSTEEL INDS,1D,200.0,49.63
2026-09-28 00:00:00,Short,FNV,245.81,-4.68%,259.81,utb,参数一,"{""utb"": {""key_value"": 2, ""atr_period"": 14, ""use_ha"": false}, ""r&s"": {""srb_left"": 10, ""srb_right"": 10}, ""atr"": {""atr_length"": 14, ""atr_mult"": 1.0}}",,,,,,,FRANCO-NEVADA CORP,1D,,
2026-09-28 00:00:00,Short,FNV,245.81,-4.68%,259.81,utb,参数二,"{""utb"": {""key_value"": 3, ""atr_period"": 14, ""use_ha"": false}, ""r&s"": {""srb_left"": 15, ""srb_right"": 15}, ""atr"": {""atr_length"": 14, ""atr_mult"": 1.0}}",,,,,,,FRANCO-NEVADA CORP,1D,,
2026-09-28 00:00:00,Long,UVXY,17.08,1.36%,15.89,mfa,参数一,"{""mfa"": {""mfa_all"": 40}}",,,,,,,PROSHARES ULTRA VIX ST FUTUR,1D,,
2026-09-28 00:00:00,Long,UVXY,17.08,1.36%,15.89,mfa,参数二,"{""mfa"": {""mfa_all"": 40}}",,,,,,,PROSHARES ULTRA VIX ST FUTUR,1D,,
2026-09-28 00:00:00,Short,EUHY,52.17,-0.55%,52.37,sqz,参数二,"{""sqz"": {""bb_length"": 20, ""bb_mult"": 1.8, ""kc_length"": 20, ""kc_mult"": 1.5, ""min_sqz_bars"": 4}, ""r&s"": {""srb_left"": 15, ""srb_right"": 15}, ""atr"": {""atr_length"": 14, ""atr_mult"": 1.0}}",一直释放,nan-50.65-52.71,低-高,nan%-4.05%,42.0,1.25,ISHARES EURO HIGH YIELD CORP,1D,,
2026-09-28 00:00:00,Long,DCOY,2.31,-25.24%,1.53,mfa,参数一,"{""mfa"": {""mfa_all"": 49}}",,,,,,,DECOY THERAPEUTICS INC,1D,,
2026-09-28 00:00:00,Long,DCOY,2.31,-25.24%,1.53,mfa,参数二,"{""mfa"": {""mfa_all"": 49}}",,,,,,,DECOY THERAPEUTICS INC,1D,,
2026-09-28 00:00:00,Short,TUSK,2.91,-2.35%,3.1,sqz,参数一,"{""sqz"": {""bb_length"": 15, ""bb_mult"": 1.5, ""kc_length"": 15, ""kc_mult"": 1.2, ""min_sqz_bars"": 4}, ""r&s"": {""srb_left"": 10, ""srb_right"": 10}, ""atr"": {""atr_length"": 14, ""atr_mult"": 1.0}}",支撑释放,2.18-2.27-2.71-2.47-2.97,高-高-低-高,3.89%-19.38%-8.67%-20.00%,24.0,10.94,MAMMOTH ENERGY SERVICES INC,1D,,
2026-09-28 00:00:00,Long,QSEA,10.66,0.19%,10.65,sqz,参数一,"{""sqz"": {""bb_length"": 15, ""bb_mult"": 1.5, ""kc_length"": 15, ""kc_mult"": 1.2, ""min_sqz_bars"": 4}, ""r&s"": {""srb_left"": 10, ""srb_right"": 10}, ""atr"": {""atr_length"": 14, ""atr_mult"": 1.0}}",一直释放,10.34-10.85-10.58-10.66-10.65,高-低-高-低,4.98%-2.53%-0.76%-0.09%,29.0,0.66,QUARTZSEA ACQUISITION CORP,1D,,
2026-09-28 00:00:00,Short,SGP,25.98,-4.03%,28.77,utb,参数一,"{""utb"": {""key_value"": 2, ""atr_period"": 14, ""use_ha"": false}, ""r&s"": {""srb_left"": 10, ""srb_right"": 10}, ""atr"": {""atr_length"": 14, ""atr_mult"": 1.0}}",,,,,,,SPYGLASS PHARMA INC,1D,,
2026-09-28 00:00:00,Long,ONL,2.51,0.00%,2.39,mfa,参数一,"{""mfa"": {""mfa_all"": 13}}",,,,,,,ORION PROPERTIES INC,1D,,
2026-09-28 00:00:00,Long,ONL,2.51,0.00%,2.39,mfa,参数二,"{""mfa"": {""mfa_all"": 13}}",,,,,,,ORION PROPERTIES INC,1D,,
2026-09-28 00:00:00,Long,DIHP,33.91,-0.67%,33.42,mfa,参数一,"{""mfa"": {""mfa_all"": 9}}",,,,,,,DIMENSIONAL INTERNATIONAL HI,1D,,
2026-09-28 00:00:00,Long,DIHP,33.91,-0.67%,33.42,mfa,参数二,"{""mfa"": {""mfa_all"": 9}}",,,,,,,DIMENSIONAL INTERNATIONAL HI,1D,,
2026-09-28 00:00:00,Short,NRSN,5.1,-26.62%,7.89,suf,参数一,"{""suf"": {""timeframe"": ""d""}}",,,,,,,NEUROSENSE THERAPEUTICS LTD,1D,200.0,385.15
2026-09-28 00:00:00,Short,NRSN,5.1,-26.62%,7.89,suf,参数二,"{""suf"": {""timeframe"": ""d""}}",,,,,,,NEUROSENSE THERAPEUTICS LTD,1D,200.0,385.15
2026-09-28 00:00:00,Short,APPF,197.91,-3.09%,211.28,sqz,参数一,"{""sqz"": {""bb_length"": 15, ""bb_mult"": 1.5, ""kc_length"": 15, ""kc_mult"": 1.2, ""min_sqz_bars"": 4}, ""r&s"": {""srb_left"": 10, ""srb_right"": 10}, ""atr"": {""atr_length"": 14, ""atr_mult"": 1.0}}",一直释放,142.73-145.14-142.56-155.55-200.57,高-低-高-高,1.69%-1.78%-9.11%-28.94%,13.0,13.66,APPFOLIO INC - A,1D,,
2026-09-28 00:00:00,Long,FLNA,0.85,13.33%,0.62,mfa,参数一,"{""mfa"": {""mfa_all"": 66}}",,,,,,,FILANA THERAPEUTICS INC,1D,,
2026-09-28 00:00:00,Long,FLNA,0.85,13.33%,0.62,mfa,参数二,"{""mfa"": {""mfa_all"": 66}}",,,,,,,FILANA THERAPEUTICS INC,1D,,
2026-09-28 00:00:00,Short,IPDN,3.89,-13.56%,5.14,suf,参数一,"{""suf"": {""timeframe"": ""d""}}",,,,,,,PROFESSIONAL DIVERSITY NETWO,1D,200.0,369.11
2026-09-28 00:00:00,Short,IPDN,3.89,-13.56%,5.14,suf,参数二,"{""suf"": {""timeframe"": ""d""}}",,,,,,,PROFESSIONAL DIVERSITY NETWO,1D,200.0,369.11
2026-09-28 00:00:00,Short,WRAP,1.34,-7.59%,1.53,sqz,参数一,"{""sqz"": {""bb_length"": 15, ""bb_mult"": 1.5, ""kc_length"": 15, ""kc_mult"": 1.2, ""min_sqz_bars"": 4}, ""r&s"": {""srb_left"": 10, ""srb_right"": 10}, ""atr"": {""atr_length"": 14, ""atr_mult"": 1.0}}",一直亮红,1.41-1.4-1.04-1.6-1.44,低-低-高-低,0.71%-25.71%-53.85%-10.00%,24.0,26.39,WRAP TECHNOLOGIES INC,1D,,
2026-09-28 00:00:00,Short,RAPP,33.44,-1.39%,36.57,sqz,参数二,"{""sqz"": {""bb_length"": 20, ""bb_mult"": 1.8, ""kc_length"": 20, ""kc_mult"": 1.5, ""min_sqz_bars"": 4}, ""r&s"": {""srb_left"": 15, ""srb_right"": 15}, ""atr"": {""atr_length"": 14, ""atr_mult"": 1.0}}",一直亮红,nan-25.21-26.01-32.41-33.51,低-高-高-高,nan%-3.17%-24.61%-3.41%,74.0,57.93,RAPPORT THERAPEUTICS INC,1D,,
2026-09-28 00:00:00,Short,HSHP,17.33,-1.20%,18.13,utb,参数二,"{""utb"": {""key_value"": 3, ""atr_period"": 14, ""use_ha"": false}, ""r&s"": {""srb_left"": 15, ""srb_right"": 15}, ""atr"": {""atr_length"": 14, ""atr_mult"": 1.0}}",,,,,,,HIMALAYA SHIPPING LTD,1D,,
2026-09-28 00:00:00,Short,ODDS,23.75,-1.95%,24.34,sqz,参数一,"{""sqz"": {""bb_length"": 15, ""bb_mult"": 1.5, ""kc_length"": 15, ""kc_mult"": 1.2, ""min_sqz_bars"": 4}, ""r&s"": {""srb_left"": 10, ""srb_right"": 10}, ""atr"": {""atr_length"": 14, ""atr_mult"": 1.0}}",一直亮红,23.22-22.48-23.68-23.18-23.88,低-高-低-高,3.18%-5.35%-2.13%-3.01%,46.0,9.69,PACER BLUESTAR DIG ENTERTAIN,1D,,
2026-09-28 00:00:00,Short,ODDS,23.75,-1.95%,24.34,sqz,参数二,"{""sqz"": {""bb_length"": 20, ""bb_mult"": 1.8, ""kc_length"": 20, ""kc_mult"": 1.5, ""min_sqz_bars"": 4}, ""r&s"": {""srb_left"": 15, ""srb_right"": 15}, ""atr"": {""atr_length"": 14, ""atr_mult"": 1.0}}",一直亮红,23.22-22.48-23.68-23.18-23.88,低-高-低-高,3.18%-5.35%-2.13%-3.01%,46.0,9.69,PACER BLUESTAR DIG ENTERTAIN,1D,,
2026-09-28 00:00:00,Short,NBFC,49.36,-0.44%,49.51,sqz,参数一,"{""sqz"": {""bb_length"": 15, ""bb_mult"": 1.5, ""kc_length"": 15, ""kc_mult"": 1.2, ""min_sqz_bars"": 4}, ""r&s"": {""srb_left"": 10, ""srb_right"": 10}, ""atr"": {""atr_length"": 14, ""atr_mult"": 1.0}}",一直亮红,48.13-49.14-49.08-49.46-49.47,高-低-高-高,2.10%-0.13%-0.78%-0.02%,50.0,1.8,NEUBERGER FLEXIBLE CREDIT IN,1D,,
2026-09-28 00:00:00,Short,NBFC,49.36,-0.44%,49.51,sqz,参数二,"{""sqz"": {""bb_length"": 20, ""bb_mult"": 1.8, ""kc_length"": 20, ""kc_mult"": 1.5, ""min_sqz_bars"": 4}, ""r&s"": {""srb_left"": 15, ""srb_right"": 15}, ""atr"": {""atr_length"": 14, ""atr_mult"": 1.0}}",一直亮红,nan-48.13-49.08-49.47,低-高-高,nan%-1.97%-0.80%,50.0,1.8,NEUBERGER FLEXIBLE CREDIT IN,1D,,
2026-09-28 00:00:00,Short,BNR,17.63,-5.22%,20.2,suf,参数一,"{""suf"": {""timeframe"": ""d""}}",,,,,,,BURNING ROCK BIOTECH LTD-ADR,1D,200.0,2.54
2026-09-28 00:00:00,Short,BNR,17.63,-5.22%,20.2,suf,参数二,"{""suf"": {""timeframe"": ""d""}}",,,,,,,BURNING ROCK BIOTECH LTD-ADR,1D,200.0,2.54
2026-09-28 00:00:00,Short,BSJV,25.19,-0.12%,25.49,sqz,参数一,"{""sqz"": {""bb_length"": 15, ""bb_mult"": 1.5, ""kc_length"": 15, ""kc_mult"": 1.2, ""min_sqz_bars"": 4}, ""r&s"": {""srb_left"": 10, ""srb_right"": 10}, ""atr"": {""atr_length"": 14, ""atr_mult"": 1.0}}",支撑释放,25.45-24.82-25.32-25.48-25.5,低-高-高-高,2.49%-2.03%-0.62%-0.08%,42.0,2.09,INVESCO BULLETSHARES 2031 HY,1D,,
2026-09-28 00:00:00,Long,FTLF,9.29,0.32%,8.79,mfa,参数一,"{""mfa"": {""mfa_all"": 14}}",,,,,,,FITLIFE BRANDS INC,1D,,
2026-09-28 00:00:00,Long,FTLF,9.29,0.32%,8.79,mfa,参数二,"{""mfa"": {""mfa_all"": 14}}",,,,,,,FITLIFE BRANDS INC,1D,,
2026-09-28 00:00:00,Long,IRMD,86.66,1.05%,82.81,utb,参数一,"{""utb"": {""key_value"": 2, ""atr_period"": 14, ""use_ha"": false}, ""r&s"": {""srb_left"": 10, ""srb_right"": 10}, ""atr"": {""atr_length"": 14, ""atr_mult"": 1.0}}",,,,,,,IRADIMED CORP,1D,,
2026-09-28 00:00:00,Short,FIGR,29.33,-8.06%,34.08,sqz,参数一,"{""sqz"": {""bb_length"": 15, ""bb_mult"": 1.5, ""kc_length"": 15, ""kc_mult"": 1.2, ""min_sqz_bars"": 4}, ""r&s"": {""srb_left"": 10, ""srb_right"": 10}, ""atr"": {""atr_length"": 14, ""atr_mult"": 1.0}}",支撑释放,29.89-31.33-25.45-24.11-32.2,高-低-低-高,4.82%-18.77%-5.27%-33.55%,17.0,26.09,FIGURE TECHNOLOGY SOLUT-CL A,1D,,
2026-09-28 00:00:00,Long,MAAS,17.95,16.79%,13.5,utb,参数一,"{""utb"": {""key_value"": 2, ""atr_period"": 14, ""use_ha"": false}, ""r&s"": {""srb_left"": 10, ""srb_right"": 10}, ""atr"": {""atr_length"": 14, ""atr_mult"": 1.0}}",,,,,,,MAASE INC-A,1D,,
2026-09-28 00:00:00,Short,FHYS,22.61,-0.44%,22.75,sqz,参数二,"{""sqz"": {""bb_length"": 20, ""bb_mult"": 1.8, ""kc_length"": 20, ""kc_mult"": 1.5, ""min_sqz_bars"": 4}, ""r&s"": {""srb_left"": 15, ""srb_right"": 15}, ""atr"": {""atr_length"": 14, ""atr_mult"": 1.0}}",一直亮红,nan-22.33-22.08-22.49-22.66,低-低-高-高,nan%-1.13%-1.86%-0.73%,46.0,1.91,FED HERMES SHRT DUR HI YIELD,1D,,
2026-09-28 00:00:00,Long,RGNT,1.89,-4.55%,1.68,mfa,参数一,"{""mfa"": {""mfa_all"": 7}}",,,,,,,REGENTIS BIOMATERIALS LTD/IS,1D,,
2026-09-28 00:00:00,Long,RGNT,1.89,-4.55%,1.68,mfa,参数二,"{""mfa"": {""mfa_all"": 7}}",,,,,,,REGENTIS BIOMATERIALS LTD/IS,1D,,
2026-09-28 00:00:00,Short,ECOW,26.4,-0.77%,26.8,sqz,参数一,"{""sqz"": {""bb_length"": 15, ""bb_mult"": 1.5, ""kc_length"": 15, ""kc_mult"": 1.2, ""min_sqz_bars"": 4}, ""r&s"": {""srb_left"": 10, ""srb_right"": 10}, ""atr"": {""atr_length"": 14, ""atr_mult"": 1.0}}",一直亮红,25.02-26.53-26.58-24.99-26.47,高-高-低-高,6.03%-0.18%-6.00%-5.92%,30.0,7.12,PACER EMERGING MARKETS CASH,1D,,
2026-09-28 00:00:00,Short,OCTW,41.96,-0.06%,42.08,suf,参数一,"{""suf"": {""timeframe"": ""d""}}",,,,,,,ALIANZIM US EQ BFR20 OCT-USD,1D,200.0,4.47
2026-09-28 00:00:00,Short,OCTW,41.96,-0.06%,42.08,suf,参数二,"{""suf"": {""timeframe"": ""d""}}",,,,,,,ALIANZIM US EQ BFR20 OCT-USD,1D,200.0,4.47
2026-09-28 00:00:00,Long,CYTK,66.16,2.32%,61.85,suf,参数一,"{""suf"": {""timeframe"": ""d""}}",,,,,,,CYTOKINETICS INC,1D,200.0,-5.58
2026-09-28 00:00:00,Long,CYTK,66.16,2.32%,61.85,suf,参数二,"{""suf"": {""timeframe"": ""d""}}",,,,,,,CYTOKINETICS INC,1D,200.0,-5.58
2026-09-28 00:00:00,Short,TRSG,1.22,-11.72%,1.6,sqz,参数二,"{""sqz"": {""bb_length"": 20, ""bb_mult"": 1.8, ""kc_length"": 20, ""kc_mult"": 1.5, ""min_sqz_bars"": 4}, ""r&s"": {""srb_left"": 15, ""srb_right"": 15}, ""atr"": {""atr_length"": 14, ""atr_mult"": 1.0}}",支撑释放,nan-1.02-1.13-1.34-1.33,低-高-高-低,nan%-10.78%-18.58%-0.75%,19.0,16.54,TUNGRAY TECHNOLOGIES INC-A,1D,,
2026-09-28 00:00:00,Long,CUST,24.79,-0.12%,24.76,mfa,参数一,"{""mfa"": {""mfa_all"": 11}}",,,,,,,CORGI 1-3 YEAR TREASURY BOND,1D,,
2026-09-28 00:00:00,Long,CUST,24.79,-0.12%,24.76,mfa,参数二,"{""mfa"": {""mfa_all"": 11}}",,,,,,,CORGI 1-3 YEAR TREASURY BOND,1D,,
2026-09-28 00:00:00,Long,FLX,1.39,18.80%,0.97,utb,参数一,"{""utb"": {""key_value"": 2, ""atr_period"": 14, ""use_ha"": false}, ""r&s"": {""srb_left"": 10, ""srb_right"": 10}, ""atr"": {""atr_length"": 14, ""atr_mult"": 1.0}}",,,,,,,BINGEX LTD,1D,,
2026-09-28 00:00:00,Long,SPRY,4.13,1.23%,3.71,suf,参数一,"{""suf"": {""timeframe"": ""d""}}",,,,,,,ARS PHARMACEUTICALS INC,1D,200.0,-49.85
2026-09-28 00:00:00,Long,SPRY,4.13,1.23%,3.71,suf,参数二,"{""suf"": {""timeframe"": ""d""}}",,,,,,,ARS PHARMACEUTICALS INC,1D,200.0,-49.85
2026-09-28 00:00:00,Short,SLVR,55.24,-5.39%,58.76,utb,参数一,"{""utb"": {""key_value"": 2, ""atr_period"": 14, ""use_ha"": false}, ""r&s"": {""srb_left"": 10, ""srb_right"": 10}, ""atr"": {""atr_length"": 14, ""atr_mult"": 1.0}}",,,,,,,SPROTT SLVR MINER & PHY SLVR,1D,,
2026-09-28 00:00:00,Short,CPNS,28.5,-0.19%,28.59,suf,参数一,"{""suf"": {""timeframe"": ""d""}}",,,,,,,CALAMOS NSDQ 100 ALT SEPT,1D,200.0,2.61
2026-09-28 00:00:00,Short,CPNS,28.5,-0.19%,28.59,suf,参数二,"{""suf"": {""timeframe"": ""d""}}",,,,,,,CALAMOS NSDQ 100 ALT SEPT,1D,200.0,2.61
2026-09-28 00:00:00,Long,UTRE,47.94,-0.22%,47.81,mfa,参数一,"{""mfa"": {""mfa_all"": 13}}",,,,,,,F/M US TREASURY 3 YEAR NOTE,1D,,
2026-09-28 00:00:00,Long,UTRE,47.94,-0.22%,47.81,mfa,参数二,"{""mfa"": {""mfa_all"": 13}}",,,,,,,F/M US TREASURY 3 YEAR NOTE,1D,,
2026-09-28 00:00:00,Short,PFF,29.56,-0.87%,29.92,sqz,参数一,"{""sqz"": {""bb_length"": 15, ""bb_mult"": 1.5, ""kc_length"": 15, ""kc_mult"": 1.2, ""min_sqz_bars"": 4}, ""r&s"": {""srb_left"": 10, ""srb_right"": 10}, ""atr"": {""atr_length"": 14, ""atr_mult"": 1.0}}",一直亮红,29.28-30.44-30.36-29.8-29.82,高-低-低-高,3.98%-0.26%-1.83%-0.04%,42.0,3.44,ISHARES PREFERRED & INCOME S,1D,,
2026-09-28 00:00:00,Long,CSCO,106.74,0.04%,103.23,mfa,参数一,"{""mfa"": {""mfa_all"": 18}}",,,,,,,CISCO SYSTEMS INC,1D,,
2026-09-28 00:00:00,Long,CSCO,106.74,0.04%,103.23,mfa,参数二,"{""mfa"": {""mfa_all"": 18}}",,,,,,,CISCO SYSTEMS INC,1D,,
2026-09-28 00:00:00,Short,CHKP,129.27,-1.50%,135.92,utb,参数一,"{""utb"": {""key_value"": 2, ""atr_period"": 14, ""use_ha"": false}, ""r&s"": {""srb_left"": 10, ""srb_right"": 10}, ""atr"": {""atr_length"": 14, ""atr_mult"": 1.0}}",,,,,,,CHECK POINT SOFTWARE TECH,1D,,
2026-09-28 00:00:00,Short,COMB,28.03,-1.15%,28.51,utb,参数一,"{""utb"": {""key_value"": 2, ""atr_period"": 14, ""use_ha"": false}, ""r&s"": {""srb_left"": 10, ""srb_right"": 10}, ""atr"": {""atr_length"": 14, ""atr_mult"": 1.0}}",,,,,,,GRANITESHARES BCOM BROAD STR,1D,,
2026-09-28 00:00:00,Long,TMDV,50.17,-0.33%,49.87,mfa,参数一,"{""mfa"": {""mfa_all"": 14}}",,,,,,,PROSHARES RUSSELL US DVD GRW,1D,,
2026-09-28 00:00:00,Long,TMDV,50.17,-0.33%,49.87,mfa,参数二,"{""mfa"": {""mfa_all"": 14}}",,,,,,,PROSHARES RUSSELL US DVD GRW,1D,,
2026-09-28 00:00:00,Short,GTEC,0.9,-17.43%,1.21,utb,参数一,"{""utb"": {""key_value"": 2, ""atr_period"": 14, ""use_ha"": false}, ""r&s"": {""srb_left"": 10, ""srb_right"": 10}, ""atr"": {""atr_length"": 14, ""atr_mult"": 1.0}}",,,,,,,GREENLAND TECHNOLOGIES-A,1D,,
2026-09-28 00:00:00,Short,GTEC,0.9,-17.43%,1.21,utb,参数二,"{""utb"": {""key_value"": 3, ""atr_period"": 14, ""use_ha"": false}, ""r&s"": {""srb_left"": 15, ""srb_right"": 15}, ""atr"": {""atr_length"": 14, ""atr_mult"": 1.0}}",,,,,,,GREENLAND TECHNOLOGIES-A,1D,,
2026-09-28 00:00:00,Short,INSG,3.61,-3.99%,4.01,sqz,参数一,"{""sqz"": {""bb_length"": 15, ""bb_mult"": 1.5, ""kc_length"": 15, ""kc_mult"": 1.2, ""min_sqz_bars"": 4}, ""r&s"": {""srb_left"": 10, ""srb_right"": 10}, ""atr"": {""atr_length"": 14, ""atr_mult"": 1.0}}",支撑释放,8.67-10.69-10.65-9.8-3.93,高-低-低-低,23.30%-0.37%-7.98%-59.90%,25.0,18.07,INSEEGO CORP,1D,,
2026-09-28 00:00:00,Short,INSG,3.61,-3.99%,4.01,sqz,参数二,"{""sqz"": {""bb_length"": 20, ""bb_mult"": 1.8, ""kc_length"": 20, ""kc_mult"": 1.5, ""min_sqz_bars"": 4}, ""r&s"": {""srb_left"": 15, ""srb_right"": 15}, ""atr"": {""atr_length"": 14, ""atr_mult"": 1.0}}",支撑释放,nan-9.87-8.67-10.65-3.93,低-低-高-低,nan%-12.16%-22.84%-63.10%,25.0,18.07,INSEEGO CORP,1D,,
2026-09-28 00:00:00,Short,MSIF,12.08,-1.15%,12.76,utb,参数一,"{""utb"": {""key_value"": 2, ""atr_period"": 14, ""use_ha"": false}, ""r&s"": {""srb_left"": 10, ""srb_right"": 10}, ""atr"": {""atr_length"": 14, ""atr_mult"": 1.0}}",,,,,,,MSC INCOME FUND INC,1D,,
2026-09-28 00:00:00,Short,IMSR,4.12,-4.30%,4.59,sqz,参数二,"{""sqz"": {""bb_length"": 20, ""bb_mult"": 1.8, ""kc_length"": 20, ""kc_mult"": 1.5, ""min_sqz_bars"": 4}, ""r&s"": {""srb_left"": 15, ""srb_right"": 15}, ""atr"": {""atr_length"": 14, ""atr_mult"": 1.0}}",一直释放,5.95-6.01-5.33-6.05-4.38,高-低-高-低,1.01%-11.31%-13.51%-27.60%,50.0,40.53,TERRESTRIAL ENERGY INC,1D,,
2026-09-28 00:00:00,Long,AMP,496.16,0.64%,474.47,suf,参数一,"{""suf"": {""timeframe"": ""d""}}",,,,,,,AMERIPRISE FINANCIAL INC,1D,200.0,1.09
2026-09-28 00:00:00,Long,AMP,496.16,0.64%,474.47,suf,参数二,"{""suf"": {""timeframe"": ""d""}}",,,,,,,AMERIPRISE FINANCIAL INC,1D,200.0,1.09
2026-09-28 00:00:00,Long,WIMA,42.64,-0.28%,42.3,mfa,参数一,"{""mfa"": {""mfa_all"": 9}}",,,,,,,WT INT ADPT MA FUND,1D,,
2026-09-28 00:00:00,Long,WIMA,42.64,-0.28%,42.3,mfa,参数二,"{""mfa"": {""mfa_all"": 9}}",,,,,,,WT INT ADPT MA FUND,1D,,
2026-09-28 00:00:00,Short,WIP,38.22,-1.04%,38.74,sqz,参数一,"{""sqz"": {""bb_length"": 15, ""bb_mult"": 1.5, ""kc_length"": 15, ""kc_mult"": 1.2, ""min_sqz_bars"": 4}, ""r&s"": {""srb_left"": 10, ""srb_right"": 10}, ""atr"": {""atr_length"": 14, ""atr_mult"": 1.0}}",一直亮红,37.51-38.86-38.56-38.3-38.29,高-低-低-低,3.60%-0.79%-0.65%-0.03%,45.0,4.45,STATE STREET SPDR FTSE INTER,1D,,
2026-09-28 00:00:00,Short,WIP,38.22,-1.04%,38.74,sqz,参数二,"{""sqz"": {""bb_length"": 20, ""bb_mult"": 1.8, ""kc_length"": 20, ""kc_mult"": 1.5, ""min_sqz_bars"": 4}, ""r&s"": {""srb_left"": 15, ""srb_right"": 15}, ""atr"": {""atr_length"": 14, ""atr_mult"": 1.0}}",一直亮红,nan-37.51-38.56-38.29,低-高-低,nan%-2.78%-0.68%,45.0,4.45,STATE STREET SPDR FTSE INTER,1D,,
2026-09-28 00:00:00,Long,FGII,10.03,0.10%,10.01,sqz,参数一,"{""sqz"": {""bb_length"": 15, ""bb_mult"": 1.5, ""kc_length"": 15, ""kc_mult"": 1.2, ""min_sqz_bars"": 4}, ""r&s"": {""srb_left"": 10, ""srb_right"": 10}, ""atr"": {""atr_length"": 14, ""atr_mult"": 1.0}}",一直释放,nan-9.91-9.99,低-高,nan%-0.81%,73.0,0.6,FG IMPERII ACQUISITION-CL A,1D,,
2026-09-28 00:00:00,Long,NP,27.8,1.05%,25.61,suf,参数一,"{""suf"": {""timeframe"": ""d""}}",,,,,,,NEPTUNE INSURANCE HOLDI-CL A,1D,200.0,1.33
2026-09-28 00:00:00,Long,NP,27.8,1.05%,25.61,suf,参数二,"{""suf"": {""timeframe"": ""d""}}",,,,,,,NEPTUNE INSURANCE HOLDI-CL A,1D,200.0,1.33
2026-09-28 00:00:00,Long,ARTC,10.02,0.50%,9.99,utb,参数一,"{""utb"": {""key_value"": 2, ""atr_period"": 14, ""use_ha"": false}, ""r&s"": {""srb_left"": 10, ""srb_right"": 10}, ""atr"": {""atr_length"": 14, ""atr_mult"": 1.0}}",,,,,,,ART TECHNOLOGY ACQUISIT-CL A,1D,,
2026-09-28 00:00:00,Long,ESAB,67.25,-6.48%,63.14,mfa,参数一,"{""mfa"": {""mfa_all"": 30}}",,,,,,,ESAB CORP,1D,,
2026-09-28 00:00:00,Long,ESAB,67.25,-6.48%,63.14,mfa,参数二,"{""mfa"": {""mfa_all"": 30}}",,,,,,,ESAB CORP,1D,,
2026-09-28 00:00:00,Long,CBRL,53.73,3.71%,49.5,mfa,参数一,"{""mfa"": {""mfa_all"": 13}}",,,,,,,CRACKER BARREL OLD COUNTRY,1D,,
2026-09-28 00:00:00,Long,CBRL,53.73,3.71%,49.5,mfa,参数二,"{""mfa"": {""mfa_all"": 13}}",,,,,,,CRACKER BARREL OLD COUNTRY,1D,,
2026-09-28 00:00:00,Short,REFR,0.77,-2.53%,0.9,suf,参数一,"{""suf"": {""timeframe"": ""d""}}",,,,,,,RESEARCH FRONTIERS INC,1D,200.0,-8.86
2026-09-28 00:00:00,Short,REFR,0.77,-2.53%,0.9,suf,参数二,"{""suf"": {""timeframe"": ""d""}}",,,,,,,RESEARCH FRONTIERS INC,1D,200.0,-8.86
2026-09-28 00:00:00,Short,SMG,48.44,-4.81%,53.03,sqz,参数一,"{""sqz"": {""bb_length"": 15, ""bb_mult"": 1.5, ""kc_length"": 15, ""kc_mult"": 1.2, ""min_sqz_bars"": 4}, ""r&s"": {""srb_left"": 10, ""srb_right"": 10}, ""atr"": {""atr_length"": 14, ""atr_mult"": 1.0}}",一直释放,57.97-57.7-53.02-62.55-57.93,低-低-高-低,0.46%-8.11%-17.97%-7.39%,29.0,10.09,SCOTTS MIRACLE-GRO CO,1D,,
2026-09-28 00:00:00,Long,AS,27.62,-0.54%,26.26,mfa,参数一,"{""mfa"": {""mfa_all"": 32}}",,,,,,,AMER SPORTS INC,1D,,
2026-09-28 00:00:00,Long,AS,27.62,-0.54%,26.26,mfa,参数二,"{""mfa"": {""mfa_all"": 32}}",,,,,,,AMER SPORTS INC,1D,,
2026-09-28 00:00:00,Short,SCJN,24.99,-0.40%,25.09,sqz,参数二,"{""sqz"": {""bb_length"": 20, ""bb_mult"": 1.8, ""kc_length"": 20, ""kc_mult"": 1.5, ""min_sqz_bars"": 4}, ""r&s"": {""srb_left"": 15, ""srb_right"": 15}, ""atr"": {""atr_length"": 14, ""atr_mult"": 1.0}}",一直释放,nan-25.17,低,nan%,42.0,3.62,CORGI US S/C 15% STR BUF-JUN,1D,,
2026-09-28 00:00:00,Long,DLTR,116.02,1.71%,108.1,mfa,参数一,"{""mfa"": {""mfa_all"": 13}}",,,,,,,DOLLAR TREE INC,1D,,
2026-09-28 00:00:00,Long,DLTR,116.02,1.71%,108.1,mfa,参数二,"{""mfa"": {""mfa_all"": 13}}",,,,,,,DOLLAR TREE INC,1D,,
2026-09-28 00:00:00,Short,KTTA,0.48,-3.81%,0.54,utb,参数二,"{""utb"": {""key_value"": 3, ""atr_period"": 14, ""use_ha"": false}, ""r&s"": {""srb_left"": 15, ""srb_right"": 15}, ""atr"": {""atr_length"": 14, ""atr_mult"": 1.0}}",,,,,,,PASITHEA THERAPEUTICS CORP,1D,,
2026-09-28 00:00:00,Short,IFBD,1.27,-5.22%,1.49,suf,参数一,"{""suf"": {""timeframe"": ""d""}}",,,,,,,INFOBIRD CO LTD,1D,200.0,28.17
2026-09-28 00:00:00,Short,IFBD,1.27,-5.22%,1.49,suf,参数二,"{""suf"": {""timeframe"": ""d""}}",,,,,,,INFOBIRD CO LTD,1D,200.0,28.17
2026-09-28 00:00:00,Short,ALG,157.72,-1.08%,165.07,sqz,参数一,"{""sqz"": {""bb_length"": 15, ""bb_mult"": 1.5, ""kc_length"": 15, ""kc_mult"": 1.2, ""min_sqz_bars"": 4}, ""r&s"": {""srb_left"": 10, ""srb_right"": 10}, ""atr"": {""atr_length"": 14, ""atr_mult"": 1.0}}",支撑释放,165.48-158.06-145.46-156.05-158.8,低-低-高-高,4.48%-7.98%-7.28%-1.76%,28.0,10.26,ALAMO GROUP INC,1D,,
2026-09-28 00:00:00,Short,ALG,157.72,-1.08%,165.07,utb,参数二,"{""utb"": {""key_value"": 3, ""atr_period"": 14, ""use_ha"": false}, ""r&s"": {""srb_left"": 15, ""srb_right"": 15}, ""atr"": {""atr_length"": 14, ""atr_mult"": 1.0}}",,,,,,,ALAMO GROUP INC,1D,,
2026-09-28 00:00:00,Short,CYPH,3.31,-19.66%,4.62,suf,参数一,"{""suf"": {""timeframe"": ""d""}}",,,,,,,CYPHERPUNK TECHNOLOGIES INC,1D,200.0,210.83
2026-09-28 00:00:00,Short,CYPH,3.31,-19.66%,4.62,suf,参数二,"{""suf"": {""timeframe"": ""d""}}",,,,,,,CYPHERPUNK TECHNOLOGIES INC,1D,200.0,210.83
2026-09-28 00:00:00,Short,SKWD,53.59,-2.17%,56.11,sqz,参数一,"{""sqz"": {""bb_length"": 15, ""bb_mult"": 1.5, ""kc_length"": 15, ""kc_mult"": 1.2, ""min_sqz_bars"": 4}, ""r&s"": {""srb_left"": 10, ""srb_right"": 10}, ""atr"": {""atr_length"": 14, ""atr_mult"": 1.0}}",支撑释放,40.6-43.31-42.5-56.13-54.02,高-低-高-低,6.69%-1.88%-32.07%-3.76%,26.0,9.26,SKYWARD SPECIALTY INSURANCE,1D,,
2026-09-28 00:00:00,Long,THY,21.36,-0.09%,21.14,mfa,参数一,"{""mfa"": {""mfa_all"": 14}}",,,,,,,TOEWS AGILITY SHARES DYNAMIC,1D,,
2026-09-28 00:00:00,Long,THY,21.36,-0.09%,21.14,mfa,参数二,"{""mfa"": {""mfa_all"": 14}}",,,,,,,TOEWS AGILITY SHARES DYNAMIC,1D,,
2026-09-28 00:00:00,Short,JBBB,47.66,-0.15%,47.86,suf,参数一,"{""suf"": {""timeframe"": ""d""}}",,,,,,,JANUS HENDERSON B-BBB CLO ET,1D,200.0,2.62
2026-09-28 00:00:00,Short,JBBB,47.66,-0.15%,47.86,suf,参数二,"{""suf"": {""timeframe"": ""d""}}",,,,,,,JANUS HENDERSON B-BBB CLO ET,1D,200.0,2.62
2026-09-28 00:00:00,Long,M,23.01,1.63%,21.29,utb,参数二,"{""utb"": {""key_value"": 3, ""atr_period"": 14, ""use_ha"": false}, ""r&s"": {""srb_left"": 15, ""srb_right"": 15}, ""atr"": {""atr_length"": 14, ""atr_mult"": 1.0}}",,,,,,,MACY'S INC,1D,,
2026-09-28 00:00:00,Short,XYL,100.91,-1.68%,105.46,sqz,参数一,"{""sqz"": {""bb_length"": 15, ""bb_mult"": 1.5, ""kc_length"": 15, ""kc_mult"": 1.2, ""min_sqz_bars"": 4}, ""r&s"": {""srb_left"": 10, ""srb_right"": 10}, ""atr"": {""atr_length"": 14, ""atr_mult"": 1.0}}",支撑释放,115.16-104.48-106.14-114.38-105.48,低-高-高-低,9.27%-1.58%-7.77%-7.78%,15.0,4.41,XYLEM INC,1D,,
2026-09-28 00:00:00,Long,PAII,10.33,0.29%,10.29,sqz,参数二,"{""sqz"": {""bb_length"": 20, ""bb_mult"": 1.8, ""kc_length"": 20, ""kc_mult"": 1.5, ""min_sqz_bars"": 4}, ""r&s"": {""srb_left"": 15, ""srb_right"": 15}, ""atr"": {""atr_length"": 14, ""atr_mult"": 1.0}}",一直释放,nan-10.17-10.22-10.25,低-高-高,nan%-0.49%-0.29%,54.0,0.29,PYROPHYTE ACQUISITION CORP-A,1D,,
2026-09-28 00:00:00,Short,DXC,10.35,-2.82%,11.02,sqz,参数一,"{""sqz"": {""bb_length"": 15, ""bb_mult"": 1.5, ""kc_length"": 15, ""kc_mult"": 1.2, ""min_sqz_bars"": 4}, ""r&s"": {""srb_left"": 10, ""srb_right"": 10}, ""atr"": {""atr_length"": 14, ""atr_mult"": 1.0}}",一直亮红,11.54-11.23-7.9-7.93-10.36,低-低-高-高,2.69%-29.65%-0.38%-30.64%,28.0,18.05,DXC TECHNOLOGY CO,1D,,
2026-09-28 00:00:00,Short,DXC,10.35,-2.82%,11.02,utb,参数二,"{""utb"": {""key_value"": 3, ""atr_period"": 14, ""use_ha"": false}, ""r&s"": {""srb_left"": 15, ""srb_right"": 15}, ""atr"": {""atr_length"": 14, ""atr_mult"": 1.0}}",,,,,,,DXC TECHNOLOGY CO,1D,,
2026-09-28 00:00:00,Long,GRAB,3.1,-1.12%,2.94,mfa,参数一,"{""mfa"": {""mfa_all"": 15}}",,,,,,,GRAB HOLDINGS LTD - CL A,1D,,
2026-09-28 00:00:00,Long,GRAB,3.1,-1.12%,2.94,mfa,参数二,"{""mfa"": {""mfa_all"": 15}}",,,,,,,GRAB HOLDINGS LTD - CL A,1D,,
2026-09-28 00:00:00,Long,AGEN,9.43,10.42%,7.9,sqz,参数一,"{""sqz"": {""bb_length"": 15, ""bb_mult"": 1.5, ""kc_length"": 15, ""kc_mult"": 1.2, ""min_sqz_bars"": 4}, ""r&s"": {""srb_left"": 10, ""srb_right"": 10}, ""atr"": {""atr_length"": 14, ""atr_mult"": 1.0}}",一直亮绿,4.87-4.1-5.08-8.7-8.85,低-高-高-高,15.81%-23.90%-71.26%-1.72%,36.0,39.15,AGENUS INC,1D,,
2026-09-28 00:00:00,Long,AGEN,9.43,10.42%,7.9,sqz,参数二,"{""sqz"": {""bb_length"": 20, ""bb_mult"": 1.8, ""kc_length"": 20, ""kc_mult"": 1.5, ""min_sqz_bars"": 4}, ""r&s"": {""srb_left"": 15, ""srb_right"": 15}, ""atr"": {""atr_length"": 14, ""atr_mult"": 1.0}}",一直亮绿,nan-4.87-5.08-8.7-8.85,低-高-高-高,nan%-4.31%-71.26%-1.72%,36.0,39.15,AGENUS INC,1D,,
2026-09-28 00:00:00,Short,AMRC,20.32,-5.40%,22.7,sqz,参数一,"{""sqz"": {""bb_length"": 15, ""bb_mult"": 1.5, ""kc_length"": 15, ""kc_mult"": 1.2, ""min_sqz_bars"": 4}, ""r&s"": {""srb_left"": 10, ""srb_right"": 10}, ""atr"": {""atr_length"": 14, ""atr_mult"": 1.0}}",支撑释放,23.2-27.71-25.27-18.38-20.37,高-低-低-高,19.44%-8.81%-27.27%-10.83%,24.0,21.01,AMERESCO INC-CL A,1D,,
2026-09-28 00:00:00,Short,PALD,9.4,-4.51%,10.48,sqz,参数二,"{""sqz"": {""bb_length"": 20, ""bb_mult"": 1.8, ""kc_length"": 20, ""kc_mult"": 1.5, ""min_sqz_bars"": 4}, ""r&s"": {""srb_left"": 15, ""srb_right"": 15}, ""atr"": {""atr_length"": 14, ""atr_mult"": 1.0}}",一直亮红,nan-22.03-13.37-9.75,低-低-低,nan%-39.31%-27.07%,31.0,20.61,DIREXION DAILY PANW BEAR 1X,1D,,
2026-09-28 00:00:00,Long,VKTX,33.03,-7.11%,30.08,mfa,参数一,"{""mfa"": {""mfa_all"": 10}}",,,,,,,VIKING THERAPEUTICS INC,1D,,
2026-09-28 00:00:00,Long,VKTX,33.03,-7.11%,30.08,mfa,参数二,"{""mfa"": {""mfa_all"": 10}}",,,,,,,VIKING THERAPEUTICS INC,1D,,
2026-09-28 00:00:00,Short,RFAM,9.99,-0.20%,10.01,utb,参数一,"{""utb"": {""key_value"": 2, ""atr_period"": 14, ""use_ha"": false}, ""r&s"": {""srb_left"": 10, ""srb_right"": 10}, ""atr"": {""atr_length"": 14, ""atr_mult"": 1.0}}",,,,,,,RF ACQUISITION CORP III,1D,,
2026-09-28 00:00:00,Short,CPSP,27.25,-0.07%,27.32,suf,参数一,"{""suf"": {""timeframe"": ""d""}}",,,,,,,CALAMOS S&P 500 STR ALT APR,1D,200.0,2.22
2026-09-28 00:00:00,Short,CPSP,27.25,-0.07%,27.32,suf,参数二,"{""suf"": {""timeframe"": ""d""}}",,,,,,,CALAMOS S&P 500 STR ALT APR,1D,200.0,2.22
2026-09-28 00:00:00,Short,AFG,138.18,-0.03%,141.31,sqz,参数一,"{""sqz"": {""bb_length"": 15, ""bb_mult"": 1.5, ""kc_length"": 15, ""kc_mult"": 1.2, ""min_sqz_bars"": 4}, ""r&s"": {""srb_left"": 10, ""srb_right"": 10}, ""atr"": {""atr_length"": 14, ""atr_mult"": 1.0}}",支撑释放,121.7-122.32-126.71-136.73-139.26,高-高-高-高,0.52%-3.58%-7.91%-1.85%,13.0,4.01,AMERICAN FINANCIAL GROUP INC,1D,,
2026-09-28 00:00:00,Short,TISI,28.47,-2.03%,30.12,suf,参数一,"{""suf"": {""timeframe"": ""d""}}",,,,,,,TEAM INC,1D,200.0,64.11
2026-09-28 00:00:00,Short,TISI,28.47,-2.03%,30.12,suf,参数二,"{""suf"": {""timeframe"": ""d""}}",,,,,,,TEAM INC,1D,200.0,64.11
2026-09-28 00:00:00,Long,RINT,32.3,-0.58%,31.79,mfa,参数一,"{""mfa"": {""mfa_all"": 7}}",,,,,,,RSL IN-INTRNTNL DVL EQ ET-$I,1D,,
2026-09-28 00:00:00,Long,RINT,32.3,-0.58%,31.79,mfa,参数二,"{""mfa"": {""mfa_all"": 7}}",,,,,,,RSL IN-INTRNTNL DVL EQ ET-$I,1D,,
2026-09-28 00:00:00,Short,AWR,81.35,-1.75%,84.53,sqz,参数二,"{""sqz"": {""bb_length"": 20, ""bb_mult"": 1.8, ""kc_length"": 20, ""kc_mult"": 1.5, ""min_sqz_bars"": 4}, ""r&s"": {""srb_left"": 15, ""srb_right"": 15}, ""atr"": {""atr_length"": 14, ""atr_mult"": 1.0}}",一直亮红,69.74-68.14-71.0-72.95-82.69,低-高-高-高,2.29%-4.20%-2.74%-13.35%,38.0,10.92,AMERICAN STATES WATER CO,1D,,
2026-09-28 00:00:00,Long,AMC,3.29,11.90%,2.71,sqz,参数一,"{""sqz"": {""bb_length"": 15, ""bb_mult"": 1.5, ""kc_length"": 15, ""kc_mult"": 1.2, ""min_sqz_bars"": 4}, ""r&s"": {""srb_left"": 10, ""srb_right"": 10}, ""atr"": {""atr_length"": 14, ""atr_mult"": 1.0}}",一直亮绿,nan-1.79-1.94-2.96-3.03,低-高-高-高,nan%-8.38%-52.58%-2.36%,39.0,30.6,AMC ENTERTAINMENT HLDS-CL A,1D,,
2026-09-28 00:00:00,Long,AMC,3.29,11.90%,2.71,sqz,参数二,"{""sqz"": {""bb_length"": 20, ""bb_mult"": 1.8, ""kc_length"": 20, ""kc_mult"": 1.5, ""min_sqz_bars"": 4}, ""r&s"": {""srb_left"": 15, ""srb_right"": 15}, ""atr"": {""atr_length"": 14, ""atr_mult"": 1.0}}",一直亮绿,nan-1.94-2.96-3.03,低-高-高,nan%-52.58%-2.36%,39.0,30.6,AMC ENTERTAINMENT HLDS-CL A,1D,,
2026-09-28 00:00:00,Long,KNRX,1.23,304.61%,0.19,sqz,参数一,"{""sqz"": {""bb_length"": 15, ""bb_mult"": 1.5, ""kc_length"": 15, ""kc_mult"": 1.2, ""min_sqz_bars"": 4}, ""r&s"": {""srb_left"": 10, ""srb_right"": 10}, ""atr"": {""atr_length"": 14, ""atr_mult"": 1.0}}",一直释放,3.45-1.45-1.84-0.49-0.58,低-高-低-高,57.97%-26.55%-73.41%-19.88%,25.0,105.26,KNOREX LTD CL-A,1D,,
2026-09-28 00:00:00,Long,KNRX,1.23,304.61%,0.19,sqz,参数二,"{""sqz"": {""bb_length"": 20, ""bb_mult"": 1.8, ""kc_length"": 20, ""kc_mult"": 1.5, ""min_sqz_bars"": 4}, ""r&s"": {""srb_left"": 15, ""srb_right"": 15}, ""atr"": {""atr_length"": 14, ""atr_mult"": 1.0}}",一直释放,1.88-3.45-1.84-0.49-0.58,高-低-低-高,83.51%-46.81%-73.41%-19.88%,25.0,105.26,KNOREX LTD CL-A,1D,,
2026-09-28 00:00:00,Short,FIP,2.89,-7.52%,3.49,sqz,参数一,"{""sqz"": {""bb_length"": 15, ""bb_mult"": 1.5, ""kc_length"": 15, ""kc_mult"": 1.2, ""min_sqz_bars"": 4}, ""r&s"": {""srb_left"": 10, ""srb_right"": 10}, ""atr"": {""atr_length"": 14, ""atr_mult"": 1.0}}",一直释放,4.52-4.11-4.06-4.2-3.03,低-低-高-低,9.22%-1.21%-3.42%-27.78%,36.0,54.01,FTAI INFRASTRUCTURE INC,1D,,
2026-09-28 00:00:00,Long,FIP,2.89,-7.52%,2.59,mfa,参数一,"{""mfa"": {""mfa_all"": 11}}",,,,,,,FTAI INFRASTRUCTURE INC,1D,,
2026-09-28 00:00:00,Long,FIP,2.89,-7.52%,2.59,mfa,参数二,"{""mfa"": {""mfa_all"": 11}}",,,,,,,FTAI INFRASTRUCTURE INC,1D,,
2026-09-28 00:00:00,Short,SEPM,33.39,-0.06%,33.48,suf,参数一,"{""suf"": {""timeframe"": ""d""}}",,,,,,,FT VEST US EQ MAX BUF SEP,1D,200.0,2.9
2026-09-28 00:00:00,Short,SEPM,33.39,-0.06%,33.48,suf,参数二,"{""suf"": {""timeframe"": ""d""}}",,,,,,,FT VEST US EQ MAX BUF SEP,1D,200.0,2.9
2026-09-28 00:00:00,Long,NDSN,331.32,1.70%,316.62,utb,参数二,"{""utb"": {""key_value"": 3, ""atr_period"": 14, ""use_ha"": false}, ""r&s"": {""srb_left"": 15, ""srb_right"": 15}, ""atr"": {""atr_length"": 14, ""atr_mult"": 1.0}}",,,,,,,NORDSON CORP,1D,,
2026-09-28 00:00:00,Long,SPRO,1.19,-3.25%,1.1,mfa,参数一,"{""mfa"": {""mfa_all"": 13}}",,,,,,,SPERO THERAPEUTICS INC,1D,,
2026-09-28 00:00:00,Long,SPRO,1.19,-3.25%,1.1,mfa,参数二,"{""mfa"": {""mfa_all"": 13}}",,,,,,,SPERO THERAPEUTICS INC,1D,,
2026-09-28 00:00:00,Short,CNXT,45.18,-4.36%,46.25,sqz,参数二,"{""sqz"": {""bb_length"": 20, ""bb_mult"": 1.8, ""kc_length"": 20, ""kc_mult"": 1.5, ""min_sqz_bars"": 4}, ""r&s"": {""srb_left"": 15, ""srb_right"": 15}, ""atr"": {""atr_length"": 14, ""atr_mult"": 1.0}}",一直释放,44.66-43.03-43.76-53.82-46.54,低-高-高-低,3.65%-1.70%-22.99%-13.53%,41.0,15.38,VANECK CHINEXT INNOVATORS-UI,1D,,
2026-09-28 00:00:00,Long,NBIX,140.44,1.47%,132.8,suf,参数一,"{""suf"": {""timeframe"": ""d""}}",,,,,,,NEUROCRINE BIOSCIENCES INC,1D,200.0,-4.81
2026-09-28 00:00:00,Long,NBIX,140.44,1.47%,132.8,suf,参数二,"{""suf"": {""timeframe"": ""d""}}",,,,,,,NEUROCRINE BIOSCIENCES INC,1D,200.0,-4.81
2026-09-28 00:00:00,Short,IDAU,24.4,-0.37%,24.54,sqz,参数一,"{""sqz"": {""bb_length"": 15, ""bb_mult"": 1.5, ""kc_length"": 15, ""kc_mult"": 1.2, ""min_sqz_bars"": 4}, ""r&s"": {""srb_left"": 10, ""srb_right"": 10}, ""atr"": {""atr_length"": 14, ""atr_mult"": 1.0}}",一直亮红,nan-24.47,低,nan%,28.0,2.66,CORGI INTL DEV EQ 15%-AUG,1D,,
2026-09-28 00:00:00,Long,LRMR,3.17,3.09%,2.8,suf,参数一,"{""suf"": {""timeframe"": ""d""}}",,,,,,,LARIMAR THERAPEUTICS INC,1D,200.0,-19.63
2026-09-28 00:00:00,Long,LRMR,3.17,3.09%,2.8,suf,参数二,"{""suf"": {""timeframe"": ""d""}}",,,,,,,LARIMAR THERAPEUTICS INC,1D,200.0,-19.63
2026-09-28 00:00:00,Long,EQS,1.04,4.00%,0.92,utb,参数一,"{""utb"": {""key_value"": 2, ""atr_period"": 14, ""use_ha"": false}, ""r&s"": {""srb_left"": 10, ""srb_right"": 10}, ""atr"": {""atr_length"": 14, ""atr_mult"": 1.0}}",,,,,,,EQUUS TOTAL RETURN INC,1D,,
2026-09-28 00:00:00,Short,MKLY,10.26,-0.19%,10.29,suf,参数一,"{""suf"": {""timeframe"": ""d""}}",,,,,,,MCKINLEY ACQUISITION CO-CL A,1D,200.0,1.43
2026-09-28 00:00:00,Short,MKLY,10.26,-0.19%,10.29,suf,参数二,"{""suf"": {""timeframe"": ""d""}}",,,,,,,MCKINLEY ACQUISITION CO-CL A,1D,200.0,1.43
2026-09-28 00:00:00,Long,LSTR,165.41,1.00%,158.71,suf,参数一,"{""suf"": {""timeframe"": ""d""}}",,,,,,,LANDSTAR SYSTEM INC,1D,200.0,-4.87
2026-09-28 00:00:00,Long,LSTR,165.41,1.00%,158.71,suf,参数二,"{""suf"": {""timeframe"": ""d""}}",,,,,,,LANDSTAR SYSTEM INC,1D,200.0,-4.87
2026-09-28 00:00:00,Long,MAMA,13.15,-1.50%,12.17,mfa,参数一,"{""mfa"": {""mfa_all"": 29}}",,,,,,,MAMA'S CREATIONS INC,1D,,
2026-09-28 00:00:00,Long,MAMA,13.15,-1.50%,12.17,mfa,参数二,"{""mfa"": {""mfa_all"": 29}}",,,,,,,MAMA'S CREATIONS INC,1D,,
2026-09-28 00:00:00,Short,FCSH,23.65,-0.17%,23.72,sqz,参数二,"{""sqz"": {""bb_length"": 20, ""bb_mult"": 1.8, ""kc_length"": 20, ""kc_mult"": 1.5, ""min_sqz_bars"": 4}, ""r&s"": {""srb_left"": 15, ""srb_right"": 15}, ""atr"": {""atr_length"": 14, ""atr_mult"": 1.0}}",一直释放,nan-23.71-23.74-23.8-23.81,低-高-高-高,nan%-0.14%-0.22%-0.06%,46.0,1.4,FED HERMES SHORT DUR CORP,1D,,
2026-09-28 00:00:00,Short,SSP,2.69,-2.54%,3.01,utb,参数二,"{""utb"": {""key_value"": 3, ""atr_period"": 14, ""use_ha"": false}, ""r&s"": {""srb_left"": 15, ""srb_right"": 15}, ""atr"": {""atr_length"": 14, ""atr_mult"": 1.0}}",,,,,,,EW SCRIPPS CO/THE-A,1D,,
2026-09-28 00:00:00,Short,FG,21.61,-2.31%,23.66,sqz,参数一,"{""sqz"": {""bb_length"": 15, ""bb_mult"": 1.5, ""kc_length"": 15, ""kc_mult"": 1.2, ""min_sqz_bars"": 4}, ""r&s"": {""srb_left"": 10, ""srb_right"": 10}, ""atr"": {""atr_length"": 14, ""atr_mult"": 1.0}}",一直亮红,19.95-23.33-25.18-25.85-21.94,高-高-高-低,16.97%-7.90%-2.67%-15.11%,26.0,14.35,F&G ANNUITIES & LIFE INC,1D,,
2026-09-28 00:00:00,Short,FG,21.61,-2.31%,23.66,sqz,参数二,"{""sqz"": {""bb_length"": 20, ""bb_mult"": 1.8, ""kc_length"": 20, ""kc_mult"": 1.5, ""min_sqz_bars"": 4}, ""r&s"": {""srb_left"": 15, ""srb_right"": 15}, ""atr"": {""atr_length"": 14, ""atr_mult"": 1.0}}",一直亮红,nan-25.65-19.95-25.18-21.94,低-低-高-低,nan%-22.23%-26.22%-12.85%,26.0,14.35,F&G ANNUITIES & LIFE INC,1D,,
2026-09-28 00:00:00,Short,MMSD,24.69,-0.26%,24.77,sqz,参数二,"{""sqz"": {""bb_length"": 20, ""bb_mult"": 1.8, ""kc_length"": 20, ""kc_mult"": 1.5, ""min_sqz_bars"": 4}, ""r&s"": {""srb_left"": 15, ""srb_right"": 15}, ""atr"": {""atr_length"": 14, ""atr_mult"": 1.0}}",一直释放,nan-24.77-24.87-25.03,低-高-高,nan%-0.40%-0.66%,46.0,3.96,NYLIM MACKAY MUNI SHORT DURA,1D,,
2026-09-28 00:00:00,Short,FDIS,94.9,-1.43%,96.95,sqz,参数二,"{""sqz"": {""bb_length"": 20, ""bb_mult"": 1.8, ""kc_length"": 20, ""kc_mult"": 1.5, ""min_sqz_bars"": 4}, ""r&s"": {""srb_left"": 15, ""srb_right"": 15}, ""atr"": {""atr_length"": 14, ""atr_mult"": 1.0}}",一直释放,nan-100.4-89.59-97.71-95.47,低-低-高-低,nan%-10.77%-9.07%-2.29%,46.0,9.86,FIDELITY MSCI CONS DISCR IND,1D,,
2026-09-28 00:00:00,Long,EWUS,43.78,0.62%,43.23,mfa,参数一,"{""mfa"": {""mfa_all"": 10}}",,,,,,,ISHARES MSCI UNITED KINGDOM,1D,,
2026-09-28 00:00:00,Long,EWUS,43.78,0.62%,43.23,mfa,参数二,"{""mfa"": {""mfa_all"": 10}}",,,,,,,ISHARES MSCI UNITED KINGDOM,1D,,
2026-09-28 00:00:00,Short,UROY,4.0,-3.38%,4.37,utb,参数二,"{""utb"": {""key_value"": 3, ""atr_period"": 14, ""use_ha"": false}, ""r&s"": {""srb_left"": 15, ""srb_right"": 15}, ""atr"": {""atr_length"": 14, ""atr_mult"": 1.0}}",,,,,,,URANIUM ROYALTY CORP,1D,,
2026-09-28 00:00:00,Short,EAF,9.96,-10.19%,11.95,suf,参数一,"{""suf"": {""timeframe"": ""d""}}",,,,,,,GRAFTECH INTERNATIONAL LTD,1D,200.0,7.06
2026-09-28 00:00:00,Short,EAF,9.96,-10.19%,11.95,suf,参数二,"{""suf"": {""timeframe"": ""d""}}",,,,,,,GRAFTECH INTERNATIONAL LTD,1D,200.0,7.06
2026-09-28 00:00:00,Short,USAS,4.5,-6.83%,4.92,utb,参数一,"{""utb"": {""key_value"": 2, ""atr_period"": 14, ""use_ha"": false}, ""r&s"": {""srb_left"": 10, ""srb_right"": 10}, ""atr"": {""atr_length"": 14, ""atr_mult"": 1.0}}",,,,,,,AMERICAS GOLD AND SILVER COR,1D,,
2026-09-28 00:00:00,Long,WEBS,14.71,6.03%,13.71,mfa,参数一,"{""mfa"": {""mfa_all"": 6}}",,,,,,,DIRXN DLY DJNS INT BR3 E-USI,1D,,
2026-09-28 00:00:00,Long,WEBS,14.71,6.03%,13.71,mfa,参数二,"{""mfa"": {""mfa_all"": 6}}",,,,,,,DIRXN DLY DJNS INT BR3 E-USI,1D,,
2026-09-28 00:00:00,Short,TCHI,21.9,-2.45%,22.26,sqz,参数二,"{""sqz"": {""bb_length"": 20, ""bb_mult"": 1.8, ""kc_length"": 20, ""kc_mult"": 1.5, ""min_sqz_bars"": 4}, ""r&s"": {""srb_left"": 15, ""srb_right"": 15}, ""atr"": {""atr_length"": 14, ""atr_mult"": 1.0}}",一直释放,nan-20.99-22.56,低-高,nan%-7.47%,41.0,9.18,ISHARES MSCI CHINA TECH,1D,,
2026-09-28 00:00:00,Long,IHG,161.11,1.87%,155.01,utb,参数一,"{""utb"": {""key_value"": 2, ""atr_period"": 14, ""use_ha"": false}, ""r&s"": {""srb_left"": 10, ""srb_right"": 10}, ""atr"": {""atr_length"": 14, ""atr_mult"": 1.0}}",,,,,,,INTERCONTINENTAL HOTELS-ADR,1D,,
2026-09-28 00:00:00,Long,INR,12.53,-4.06%,11.92,mfa,参数一,"{""mfa"": {""mfa_all"": 6}}",,,,,,,INFINITY NATURAL RESOUR-CL A,1D,,
2026-09-28 00:00:00,Long,INR,12.53,-4.06%,11.92,mfa,参数二,"{""mfa"": {""mfa_all"": 6}}",,,,,,,INFINITY NATURAL RESOUR-CL A,1D,,
2026-09-28 00:00:00,Short,WDIG,41.64,-3.66%,43.01,utb,参数一,"{""utb"": {""key_value"": 2, ""atr_period"": 14, ""use_ha"": false}, ""r&s"": {""srb_left"": 10, ""srb_right"": 10}, ""atr"": {""atr_length"": 14, ""atr_mult"": 1.0}}",,,,,,,WISDOMTREE EFF RARE EAR STR,1D,,
2026-09-28 00:00:00,Short,WDIG,41.64,-3.66%,43.01,utb,参数二,"{""utb"": {""key_value"": 3, ""atr_period"": 14, ""use_ha"": false}, ""r&s"": {""srb_left"": 15, ""srb_right"": 15}, ""atr"": {""atr_length"": 14, ""atr_mult"": 1.0}}",,,,,,,WISDOMTREE EFF RARE EAR STR,1D,,
2026-09-28 00:00:00,Long,AIR,115.09,-0.88%,106.2,mfa,参数一,"{""mfa"": {""mfa_all"": 18}}",,,,,,,AAR CORP,1D,,
2026-09-28 00:00:00,Long,AIR,115.09,-0.88%,106.2,mfa,参数二,"{""mfa"": {""mfa_all"": 18}}",,,,,,,AAR CORP,1D,,
2026-09-28 00:00:00,Short,MRDN,12.26,-8.23%,13.83,sqz,参数一,"{""sqz"": {""bb_length"": 15, ""bb_mult"": 1.5, ""kc_length"": 15, ""kc_mult"": 1.2, ""min_sqz_bars"": 4}, ""r&s"": {""srb_left"": 10, ""srb_right"": 10}, ""atr"": {""atr_length"": 14, ""atr_mult"": 1.0}}",支撑释放,5.8-6.01-9.72-10.26-13.0,高-高-高-高,3.69%-61.73%-5.50%-26.77%,14.0,11.15,MERIDIAN HOLDINGS INC,1D,,
