日期,信号,代码,现价,涨幅,止损,策略,参组,参数,名称,周期,释放类型,支撑压力价格,支撑压力趋势,支撑压力涨幅,区间K线数量,区间K线振幅
2026-05-29 00:00:00,Long,TBBB,37.82,15.55%,31.59,utb,参数一,"{""utb"": {""key_value"": 2, ""atr_period"": 14, ""use_ha"": false}, ""r&s"": {""srb_left"": 10, ""srb_right"": 10}, ""atr"": {""atr_length"": 14, ""atr_mult"": 1.0}}",BBB FOODS INC-CLASS A,1D,,,,,,
2026-05-29 00:00:00,Long,BRKR,58.89,8.27%,51.99,sqz,参数二,"{""sqz"": {""bb_length"": 20, ""bb_mult"": 1.8, ""kc_length"": 20, ""kc_mult"": 1.5, ""min_sqz_bars"": 4}, ""r&s"": {""srb_left"": 15, ""srb_right"": 15}, ""atr"": {""atr_length"": 14, ""atr_mult"": 1.0}}",BRUKER CORP,1D,一直亮绿,nan-42.86-44.62-49.59-56.14,低-高-高-高,nan%-4.10%-11.15%-13.19%,95.0,73.68
2026-05-29 00:00:00,Short,TRV,291.89,-0.82%,301.36,utb,参数二,"{""utb"": {""key_value"": 3, ""atr_period"": 14, ""use_ha"": false}, ""r&s"": {""srb_left"": 15, ""srb_right"": 15}, ""atr"": {""atr_length"": 14, ""atr_mult"": 1.0}}",TRAVELERS COS INC/THE,1D,,,,,,
2026-05-29 00:00:00,Short,TRGP,255.07,-2.69%,269.45,utb,参数二,"{""utb"": {""key_value"": 3, ""atr_period"": 14, ""use_ha"": false}, ""r&s"": {""srb_left"": 15, ""srb_right"": 15}, ""atr"": {""atr_length"": 14, ""atr_mult"": 1.0}}",TARGA RESOURCES CORP,1D,,,,,,
2026-05-29 00:00:00,Long,EEFT,72.48,2.69%,67.72,utb,参数一,"{""utb"": {""key_value"": 2, ""atr_period"": 14, ""use_ha"": false}, ""r&s"": {""srb_left"": 10, ""srb_right"": 10}, ""atr"": {""atr_length"": 14, ""atr_mult"": 1.0}}",EURONET WORLDWIDE INC,1D,,,,,,
2026-05-29 00:00:00,Short,NGS,39.3,-4.73%,43.06,utb,参数一,"{""utb"": {""key_value"": 2, ""atr_period"": 14, ""use_ha"": false}, ""r&s"": {""srb_left"": 10, ""srb_right"": 10}, ""atr"": {""atr_length"": 14, ""atr_mult"": 1.0}}",NATURAL GAS SERVICES GROUP,1D,,,,,,
2026-05-29 00:00:00,Short,ENB,54.74,-1.48%,56.66,utb,参数二,"{""utb"": {""key_value"": 3, ""atr_period"": 14, ""use_ha"": false}, ""r&s"": {""srb_left"": 15, ""srb_right"": 15}, ""atr"": {""atr_length"": 14, ""atr_mult"": 1.0}}",ENBRIDGE INC,1D,,,,,,
2026-05-29 00:00:00,Long,GCO,38.37,5.47%,31.73,sqz,参数一,"{""sqz"": {""bb_length"": 15, ""bb_mult"": 1.5, ""kc_length"": 15, ""kc_mult"": 1.2, ""min_sqz_bars"": 4}, ""r&s"": {""srb_left"": 10, ""srb_right"": 10}, ""atr"": {""atr_length"": 14, ""atr_mult"": 1.0}}",GENESCO INC,1D,一直亮绿,32.22-36.55-38.95-31.28-37.54,高-高-低-高,13.44%-6.57%-19.69%-20.01%,27.0,21.88
2026-05-29 00:00:00,Short,FTI,68.42,1.06%,71.09,sqz,参数一,"{""sqz"": {""bb_length"": 15, ""bb_mult"": 1.5, ""kc_length"": 15, ""kc_mult"": 1.2, ""min_sqz_bars"": 4}, ""r&s"": {""srb_left"": 10, ""srb_right"": 10}, ""atr"": {""atr_length"": 14, ""atr_mult"": 1.0}}",TECHNIPFMC PLC,1D,支撑释放,35.2-43.28-60.47-68.52-69.87,高-高-高-高,22.95%-39.73%-13.32%-1.97%,13.0,7.68
2026-05-29 00:00:00,Short,SEIC,87.88,-0.81%,91.01,utb,参数一,"{""utb"": {""key_value"": 2, ""atr_period"": 14, ""use_ha"": false}, ""r&s"": {""srb_left"": 10, ""srb_right"": 10}, ""atr"": {""atr_length"": 14, ""atr_mult"": 1.0}}",SEI INVESTMENTS COMPANY,1D,,,,,,
2026-05-29 00:00:00,Short,AXGN,39.48,-2.33%,42.49,utb,参数一,"{""utb"": {""key_value"": 2, ""atr_period"": 14, ""use_ha"": false}, ""r&s"": {""srb_left"": 10, ""srb_right"": 10}, ""atr"": {""atr_length"": 14, ""atr_mult"": 1.0}}",AXOGEN INC,1D,,,,,,
2026-05-29 00:00:00,Long,TIPT,18.24,4.41%,17.06,sqz,参数一,"{""sqz"": {""bb_length"": 15, ""bb_mult"": 1.5, ""kc_length"": 15, ""kc_mult"": 1.2, ""min_sqz_bars"": 4}, ""r&s"": {""srb_left"": 10, ""srb_right"": 10}, ""atr"": {""atr_length"": 14, ""atr_mult"": 1.0}}",TIPTREE INC,1D,压力释放,27.13-19.13-18.61-18.09-17.49,低-低-低-低,29.48%-2.70%-2.83%-3.32%,29.0,6.3
2026-05-29 00:00:00,Long,TIPT,18.24,4.41%,17.06,sqz,参数二,"{""sqz"": {""bb_length"": 20, ""bb_mult"": 1.8, ""kc_length"": 20, ""kc_mult"": 1.5, ""min_sqz_bars"": 4}, ""r&s"": {""srb_left"": 15, ""srb_right"": 15}, ""atr"": {""atr_length"": 14, ""atr_mult"": 1.0}}",TIPTREE INC,1D,压力释放,24.44-27.13-19.13-18.09-17.49,高-低-低-低,11.01%-29.48%-5.45%-3.32%,29.0,6.3
2026-05-29 00:00:00,Short,SPNT,21.35,-1.34%,22.39,sqz,参数一,"{""sqz"": {""bb_length"": 15, ""bb_mult"": 1.5, ""kc_length"": 15, ""kc_mult"": 1.2, ""min_sqz_bars"": 4}, ""r&s"": {""srb_left"": 10, ""srb_right"": 10}, ""atr"": {""atr_length"": 14, ""atr_mult"": 1.0}}",SIRIUSPOINT LTD,1D,支撑释放,17.39-19.15-19.32-19.69-21.76,高-高-高-高,10.12%-0.89%-1.92%-10.51%,14.0,11.76
2026-05-29 00:00:00,Short,HLIT,15.11,-11.12%,17.71,utb,参数一,"{""utb"": {""key_value"": 2, ""atr_period"": 14, ""use_ha"": false}, ""r&s"": {""srb_left"": 10, ""srb_right"": 10}, ""atr"": {""atr_length"": 14, ""atr_mult"": 1.0}}",HARMONIC INC,1D,,,,,,
2026-05-29 00:00:00,Long,DXC,9.91,6.90%,8.54,utb,参数一,"{""utb"": {""key_value"": 2, ""atr_period"": 14, ""use_ha"": false}, ""r&s"": {""srb_left"": 10, ""srb_right"": 10}, ""atr"": {""atr_length"": 14, ""atr_mult"": 1.0}}",DXC TECHNOLOGY CO,1D,,,,,,
2026-05-29 00:00:00,Long,FDMT,9.91,10.48%,8.29,utb,参数一,"{""utb"": {""key_value"": 2, ""atr_period"": 14, ""use_ha"": false}, ""r&s"": {""srb_left"": 10, ""srb_right"": 10}, ""atr"": {""atr_length"": 14, ""atr_mult"": 1.0}}",4D MOLECULAR THERAPEUTICS IN,1D,,,,,,
2026-05-29 00:00:00,Short,CGCT,12.53,-7.19%,15.92,utb,参数一,"{""utb"": {""key_value"": 2, ""atr_period"": 14, ""use_ha"": false}, ""r&s"": {""srb_left"": 10, ""srb_right"": 10}, ""atr"": {""atr_length"": 14, ""atr_mult"": 1.0}}",CARTESIAN GROWTH CORP I-CL A,1D,,,,,,
2026-05-29 00:00:00,Long,ACN,187.07,4.86%,168.1,utb,参数二,"{""utb"": {""key_value"": 3, ""atr_period"": 14, ""use_ha"": false}, ""r&s"": {""srb_left"": 15, ""srb_right"": 15}, ""atr"": {""atr_length"": 14, ""atr_mult"": 1.0}}",ACCENTURE PLC-CL A,1D,,,,,,
2026-05-29 00:00:00,Long,ONCY,1.04,10.64%,0.84,utb,参数二,"{""utb"": {""key_value"": 3, ""atr_period"": 14, ""use_ha"": false}, ""r&s"": {""srb_left"": 15, ""srb_right"": 15}, ""atr"": {""atr_length"": 14, ""atr_mult"": 1.0}}",ONCOLYTICS BIOTECH INC,1D,,,,,,
2026-05-29 00:00:00,Long,MSFT,450.24,5.45%,420.62,sqz,参数一,"{""sqz"": {""bb_length"": 15, ""bb_mult"": 1.5, ""kc_length"": 15, ""kc_mult"": 1.2, ""min_sqz_bars"": 4}, ""r&s"": {""srb_left"": 10, ""srb_right"": 10}, ""atr"": {""atr_length"": 14, ""atr_mult"": 1.0}}",MICROSOFT CORP,1D,压力释放,550.24-487.53-481.6-412.16-432.76,低-低-低-高,11.40%-1.22%-14.42%-5.00%,26.0,8.97
2026-05-29 00:00:00,Long,MSFT,450.24,5.45%,420.62,sqz,参数二,"{""sqz"": {""bb_length"": 20, ""bb_mult"": 1.8, ""kc_length"": 20, ""kc_mult"": 1.5, ""min_sqz_bars"": 4}, ""r&s"": {""srb_left"": 15, ""srb_right"": 15}, ""atr"": {""atr_length"": 14, ""atr_mult"": 1.0}}",MICROSOFT CORP,1D,压力释放,551.05-550.24-487.53-412.16-432.76,低-低-低-高,0.15%-11.40%-15.46%-5.00%,26.0,8.97
2026-05-29 00:00:00,Long,NRIX,17.76,0.51%,16.75,sqz,参数二,"{""sqz"": {""bb_length"": 20, ""bb_mult"": 1.8, ""kc_length"": 20, ""kc_mult"": 1.5, ""min_sqz_bars"": 4}, ""r&s"": {""srb_left"": 15, ""srb_right"": 15}, ""atr"": {""atr_length"": 14, ""atr_mult"": 1.0}}",NURIX THERAPEUTICS INC,1D,压力释放,13.09-14.56-22.5-20.18-17.68,高-高-低-低,11.23%-54.53%-10.31%-12.39%,29.0,17.32
2026-05-29 00:00:00,Long,ASAN,7.7,15.62%,6.49,utb,参数二,"{""utb"": {""key_value"": 3, ""atr_period"": 14, ""use_ha"": false}, ""r&s"": {""srb_left"": 15, ""srb_right"": 15}, ""atr"": {""atr_length"": 14, ""atr_mult"": 1.0}}",ASANA INC - CL A,1D,,,,,,
2026-05-29 00:00:00,Short,NCPL,1.1,-38.55%,1.56,utb,参数一,"{""utb"": {""key_value"": 2, ""atr_period"": 14, ""use_ha"": false}, ""r&s"": {""srb_left"": 10, ""srb_right"": 10}, ""atr"": {""atr_length"": 14, ""atr_mult"": 1.0}}",NETCAPITAL INC,1D,,,,,,
2026-05-29 00:00:00,Short,NCPL,1.1,-38.55%,1.56,utb,参数二,"{""utb"": {""key_value"": 3, ""atr_period"": 14, ""use_ha"": false}, ""r&s"": {""srb_left"": 15, ""srb_right"": 15}, ""atr"": {""atr_length"": 14, ""atr_mult"": 1.0}}",NETCAPITAL INC,1D,,,,,,
2026-05-29 00:00:00,Long,ROST,231.73,1.99%,220.23,sqz,参数一,"{""sqz"": {""bb_length"": 15, ""bb_mult"": 1.5, ""kc_length"": 15, ""kc_mult"": 1.2, ""min_sqz_bars"": 4}, ""r&s"": {""srb_left"": 10, ""srb_right"": 10}, ""atr"": {""atr_length"": 14, ""atr_mult"": 1.0}}",ROSS STORES INC,1D,一直亮绿,185.46-194.51-216.34-230.44-231.16,高-高-高-高,4.88%-11.23%-6.52%-0.31%,15.0,11.03
2026-05-29 00:00:00,Short,PNRG,164.62,-6.99%,195.74,sqz,参数二,"{""sqz"": {""bb_length"": 20, ""bb_mult"": 1.8, ""kc_length"": 20, ""kc_mult"": 1.5, ""min_sqz_bars"": 4}, ""r&s"": {""srb_left"": 15, ""srb_right"": 15}, ""atr"": {""atr_length"": 14, ""atr_mult"": 1.0}}",PRIMEENERGY RESOURCES CORP,1D,一直释放,138.18-141.5-126.4-167.25-178.64,高-低-高-高,2.40%-10.67%-32.32%-6.81%,29.0,56.12
2026-05-29 00:00:00,Long,TEL,213.41,1.46%,203.16,utb,参数一,"{""utb"": {""key_value"": 2, ""atr_period"": 14, ""use_ha"": false}, ""r&s"": {""srb_left"": 10, ""srb_right"": 10}, ""atr"": {""atr_length"": 14, ""atr_mult"": 1.0}}",TE CONNECTIVITY PLC,1D,,,,,,
2026-05-29 00:00:00,Short,CF,112.35,-3.56%,121.78,sqz,参数一,"{""sqz"": {""bb_length"": 15, ""bb_mult"": 1.5, ""kc_length"": 15, ""kc_mult"": 1.2, ""min_sqz_bars"": 4}, ""r&s"": {""srb_left"": 10, ""srb_right"": 10}, ""atr"": {""atr_length"": 14, ""atr_mult"": 1.0}}",CF INDUSTRIES HOLDINGS INC,1D,支撑释放,80.48-74.71-75.16-109.26-112.85,低-高-高-高,7.16%-0.60%-45.37%-3.28%,15.0,15.11
2026-05-29 00:00:00,Long,CDE,19.32,3.93%,17.22,utb,参数一,"{""utb"": {""key_value"": 2, ""atr_period"": 14, ""use_ha"": false}, ""r&s"": {""srb_left"": 10, ""srb_right"": 10}, ""atr"": {""atr_length"": 14, ""atr_mult"": 1.0}}",COEUR MINING INC,1D,,,,,,
2026-05-29 00:00:00,Short,MAMA,13.8,-4.83%,15.31,utb,参数一,"{""utb"": {""key_value"": 2, ""atr_period"": 14, ""use_ha"": false}, ""r&s"": {""srb_left"": 10, ""srb_right"": 10}, ""atr"": {""atr_length"": 14, ""atr_mult"": 1.0}}",MAMA'S CREATIONS INC,1D,,,,,,
2026-05-29 00:00:00,Long,MCHB,14.72,1.45%,14.09,utb,参数一,"{""utb"": {""key_value"": 2, ""atr_period"": 14, ""use_ha"": false}, ""r&s"": {""srb_left"": 10, ""srb_right"": 10}, ""atr"": {""atr_length"": 14, ""atr_mult"": 1.0}}",MECHANICS BANCORP-A,1D,,,,,,
2026-05-29 00:00:00,Long,BMRN,57.29,8.63%,51.59,utb,参数二,"{""utb"": {""key_value"": 3, ""atr_period"": 14, ""use_ha"": false}, ""r&s"": {""srb_left"": 15, ""srb_right"": 15}, ""atr"": {""atr_length"": 14, ""atr_mult"": 1.0}}",BIOMARIN PHARMACEUTICAL INC,1D,,,,,,
2026-05-29 00:00:00,Short,IMPP,5.11,-4.31%,5.6,utb,参数一,"{""utb"": {""key_value"": 2, ""atr_period"": 14, ""use_ha"": false}, ""r&s"": {""srb_left"": 10, ""srb_right"": 10}, ""atr"": {""atr_length"": 14, ""atr_mult"": 1.0}}",IMPERIAL PETROLEUM INC,1D,,,,,,
2026-05-29 00:00:00,Long,USLM,113.99,2.42%,104.92,utb,参数一,"{""utb"": {""key_value"": 2, ""atr_period"": 14, ""use_ha"": false}, ""r&s"": {""srb_left"": 10, ""srb_right"": 10}, ""atr"": {""atr_length"": 14, ""atr_mult"": 1.0}}",UNITED STATES LIME & MINERAL,1D,,,,,,
2026-05-29 00:00:00,Long,SPSC,56.75,6.04%,51.45,utb,参数一,"{""utb"": {""key_value"": 2, ""atr_period"": 14, ""use_ha"": false}, ""r&s"": {""srb_left"": 10, ""srb_right"": 10}, ""atr"": {""atr_length"": 14, ""atr_mult"": 1.0}}",SPS COMMERCE INC,1D,,,,,,
2026-05-29 00:00:00,Long,BEPC,39.98,1.30%,38.03,utb,参数二,"{""utb"": {""key_value"": 3, ""atr_period"": 14, ""use_ha"": false}, ""r&s"": {""srb_left"": 15, ""srb_right"": 15}, ""atr"": {""atr_length"": 14, ""atr_mult"": 1.0}}",BROOKFIELD RENEWABLE CORP,1D,,,,,,
2026-05-29 00:00:00,Long,FSTR,41.14,1.83%,38.11,utb,参数一,"{""utb"": {""key_value"": 2, ""atr_period"": 14, ""use_ha"": false}, ""r&s"": {""srb_left"": 10, ""srb_right"": 10}, ""atr"": {""atr_length"": 14, ""atr_mult"": 1.0}}",FOSTER (LB) CO-A,1D,,,,,,
2026-05-29 00:00:00,Long,BAND,64.97,12.68%,53.79,sqz,参数一,"{""sqz"": {""bb_length"": 15, ""bb_mult"": 1.5, ""kc_length"": 15, ""kc_mult"": 1.2, ""min_sqz_bars"": 4}, ""r&s"": {""srb_left"": 10, ""srb_right"": 10}, ""atr"": {""atr_length"": 14, ""atr_mult"": 1.0}}",BANDWIDTH INC-CLASS A,1D,一直释放,17.18-15.73-15.77-15.14-17.03,低-高-低-高,8.41%-0.22%-3.99%-12.48%,59.0,14.91
2026-05-29 00:00:00,Short,CI,277.4,-2.44%,294.8,utb,参数二,"{""utb"": {""key_value"": 3, ""atr_period"": 14, ""use_ha"": false}, ""r&s"": {""srb_left"": 15, ""srb_right"": 15}, ""atr"": {""atr_length"": 14, ""atr_mult"": 1.0}}",THE CIGNA GROUP,1D,,,,,,
2026-05-29 00:00:00,Short,YOU,55.45,-2.24%,60.3,utb,参数一,"{""utb"": {""key_value"": 2, ""atr_period"": 14, ""use_ha"": false}, ""r&s"": {""srb_left"": 10, ""srb_right"": 10}, ""atr"": {""atr_length"": 14, ""atr_mult"": 1.0}}",CLEAR SECURE INC -CLASS A,1D,,,,,,
2026-05-29 00:00:00,Long,IMRX,5.77,14.03%,4.62,utb,参数一,"{""utb"": {""key_value"": 2, ""atr_period"": 14, ""use_ha"": false}, ""r&s"": {""srb_left"": 10, ""srb_right"": 10}, ""atr"": {""atr_length"": 14, ""atr_mult"": 1.0}}",IMMUNEERING CORP - CLASS A,1D,,,,,,
2026-05-29 00:00:00,Long,IMRX,5.77,14.03%,4.62,utb,参数二,"{""utb"": {""key_value"": 3, ""atr_period"": 14, ""use_ha"": false}, ""r&s"": {""srb_left"": 15, ""srb_right"": 15}, ""atr"": {""atr_length"": 14, ""atr_mult"": 1.0}}",IMMUNEERING CORP - CLASS A,1D,,,,,,
2026-05-29 00:00:00,Short,RNGR,15.46,2.05%,16.09,sqz,参数一,"{""sqz"": {""bb_length"": 15, ""bb_mult"": 1.5, ""kc_length"": 15, ""kc_mult"": 1.2, ""min_sqz_bars"": 4}, ""r&s"": {""srb_left"": 10, ""srb_right"": 10}, ""atr"": {""atr_length"": 14, ""atr_mult"": 1.0}}",RANGER ENERGY SERVICES-CL A,1D,支撑释放,11.74-13.14-16.13-16.14-15.57,高-高-高-低,11.97%-22.73%-0.04%-3.55%,15.0,8.76
2026-05-29 00:00:00,Long,ATAI,4.53,2.72%,4.14,utb,参数一,"{""utb"": {""key_value"": 2, ""atr_period"": 14, ""use_ha"": false}, ""r&s"": {""srb_left"": 10, ""srb_right"": 10}, ""atr"": {""atr_length"": 14, ""atr_mult"": 1.0}}",ATAIBECKLEY INC,1D,,,,,,
2026-05-29 00:00:00,Long,AVPT,10.91,6.23%,9.83,utb,参数一,"{""utb"": {""key_value"": 2, ""atr_period"": 14, ""use_ha"": false}, ""r&s"": {""srb_left"": 10, ""srb_right"": 10}, ""atr"": {""atr_length"": 14, ""atr_mult"": 1.0}}",AVEPOINT INC,1D,,,,,,
2026-05-29 00:00:00,Long,IT,162.2,0.63%,152.24,sqz,参数一,"{""sqz"": {""bb_length"": 15, ""bb_mult"": 1.5, ""kc_length"": 15, ""kc_mult"": 1.2, ""min_sqz_bars"": 4}, ""r&s"": {""srb_left"": 10, ""srb_right"": 10}, ""atr"": {""atr_length"": 14, ""atr_mult"": 1.0}}",GARTNER INC,1D,压力释放,261.1-240.25-256.9-172.23-161.61,低-高-低-低,7.99%-6.93%-32.96%-6.17%,27.0,14.98
2026-05-29 00:00:00,Long,IT,162.2,0.63%,152.24,utb,参数二,"{""utb"": {""key_value"": 3, ""atr_period"": 14, ""use_ha"": false}, ""r&s"": {""srb_left"": 15, ""srb_right"": 15}, ""atr"": {""atr_length"": 14, ""atr_mult"": 1.0}}",GARTNER INC,1D,,,,,,
2026-05-29 00:00:00,Long,ABSI,6.75,11.02%,5.3,utb,参数二,"{""utb"": {""key_value"": 3, ""atr_period"": 14, ""use_ha"": false}, ""r&s"": {""srb_left"": 15, ""srb_right"": 15}, ""atr"": {""atr_length"": 14, ""atr_mult"": 1.0}}",ABSCI CORP,1D,,,,,,
2026-05-29 00:00:00,Short,SNDA,35.35,-2.00%,38.47,utb,参数一,"{""utb"": {""key_value"": 2, ""atr_period"": 14, ""use_ha"": false}, ""r&s"": {""srb_left"": 10, ""srb_right"": 10}, ""atr"": {""atr_length"": 14, ""atr_mult"": 1.0}}",SONIDA SENIOR LIVING INC,1D,,,,,,
2026-05-29 00:00:00,Short,PIII,12.18,-26.05%,18.6,utb,参数一,"{""utb"": {""key_value"": 2, ""atr_period"": 14, ""use_ha"": false}, ""r&s"": {""srb_left"": 10, ""srb_right"": 10}, ""atr"": {""atr_length"": 14, ""atr_mult"": 1.0}}",P3 HEALTH PARTNERS INC,1D,,,,,,
2026-05-29 00:00:00,Long,ALUB,10.03,0.10%,10.01,utb,参数二,"{""utb"": {""key_value"": 3, ""atr_period"": 14, ""use_ha"": false}, ""r&s"": {""srb_left"": 15, ""srb_right"": 15}, ""atr"": {""atr_length"": 14, ""atr_mult"": 1.0}}",ALUSSA ENERGY ACQUISIT II-A,1D,,,,,,
2026-05-29 00:00:00,Short,CTVA,78.28,-2.88%,82.61,sqz,参数二,"{""sqz"": {""bb_length"": 20, ""bb_mult"": 1.8, ""kc_length"": 20, ""kc_mult"": 1.5, ""min_sqz_bars"": 4}, ""r&s"": {""srb_left"": 15, ""srb_right"": 15}, ""atr"": {""atr_length"": 14, ""atr_mult"": 1.0}}",CORTEVA INC,1D,一直亮红,52.88-68.2-60.41-60.24-78.36,高-低-低-高,28.96%-11.42%-0.28%-30.08%,24.0,7.61
2026-05-29 00:00:00,Short,BZFD,1.63,-3.55%,1.95,utb,参数一,"{""utb"": {""key_value"": 2, ""atr_period"": 14, ""use_ha"": false}, ""r&s"": {""srb_left"": 10, ""srb_right"": 10}, ""atr"": {""atr_length"": 14, ""atr_mult"": 1.0}}",BUZZFEED INC,1D,,,,,,
2026-05-29 00:00:00,Short,MO,69.58,-3.32%,72.92,utb,参数一,"{""utb"": {""key_value"": 2, ""atr_period"": 14, ""use_ha"": false}, ""r&s"": {""srb_left"": 10, ""srb_right"": 10}, ""atr"": {""atr_length"": 14, ""atr_mult"": 1.0}}",ALTRIA GROUP INC,1D,,,,,,
2026-05-29 00:00:00,Short,MO,69.58,-3.32%,72.92,utb,参数二,"{""utb"": {""key_value"": 3, ""atr_period"": 14, ""use_ha"": false}, ""r&s"": {""srb_left"": 15, ""srb_right"": 15}, ""atr"": {""atr_length"": 14, ""atr_mult"": 1.0}}",ALTRIA GROUP INC,1D,,,,,,
2026-05-29 00:00:00,Long,RDDT,176.0,4.96%,156.74,utb,参数二,"{""utb"": {""key_value"": 3, ""atr_period"": 14, ""use_ha"": false}, ""r&s"": {""srb_left"": 15, ""srb_right"": 15}, ""atr"": {""atr_length"": 14, ""atr_mult"": 1.0}}",REDDIT INC-CL A,1D,,,,,,
2026-05-29 00:00:00,Short,RNR,280.35,-1.85%,292.76,sqz,参数一,"{""sqz"": {""bb_length"": 15, ""bb_mult"": 1.5, ""kc_length"": 15, ""kc_mult"": 1.2, ""min_sqz_bars"": 4}, ""r&s"": {""srb_left"": 10, ""srb_right"": 10}, ""atr"": {""atr_length"": 14, ""atr_mult"": 1.0}}",RENAISSANCERE HOLDINGS LTD,1D,支撑释放,251.25-268.19-268.08-287.0-287.84,高-低-高-高,6.74%-0.04%-7.06%-0.29%,39.0,10.55
2026-05-29 00:00:00,Short,RNR,280.35,-1.85%,292.76,sqz,参数二,"{""sqz"": {""bb_length"": 20, ""bb_mult"": 1.8, ""kc_length"": 20, ""kc_mult"": 1.5, ""min_sqz_bars"": 4}, ""r&s"": {""srb_left"": 15, ""srb_right"": 15}, ""atr"": {""atr_length"": 14, ""atr_mult"": 1.0}}",RENAISSANCERE HOLDINGS LTD,1D,支撑释放,230.7-234.66-230.84-268.08-287.0,高-低-高-高,1.72%-1.63%-16.13%-7.06%,54.0,10.87
2026-05-29 00:00:00,Long,PALI,2.12,2.91%,1.92,utb,参数一,"{""utb"": {""key_value"": 2, ""atr_period"": 14, ""use_ha"": false}, ""r&s"": {""srb_left"": 10, ""srb_right"": 10}, ""atr"": {""atr_length"": 14, ""atr_mult"": 1.0}}",PALISADE BIO INC,1D,,,,,,
2026-05-29 00:00:00,Short,KGS,66.85,-2.90%,71.45,utb,参数二,"{""utb"": {""key_value"": 3, ""atr_period"": 14, ""use_ha"": false}, ""r&s"": {""srb_left"": 15, ""srb_right"": 15}, ""atr"": {""atr_length"": 14, ""atr_mult"": 1.0}}",KODIAK GAS SERVICES INC,1D,,,,,,
2026-05-29 00:00:00,Short,CB,311.73,-1.42%,322.51,sqz,参数二,"{""sqz"": {""bb_length"": 20, ""bb_mult"": 1.8, ""kc_length"": 20, ""kc_mult"": 1.5, ""min_sqz_bars"": 4}, ""r&s"": {""srb_left"": 15, ""srb_right"": 15}, ""atr"": {""atr_length"": 14, ""atr_mult"": 1.0}}",CHUBB LTD,1D,支撑释放,263.32-269.89-264.52-295.19-318.31,高-低-高-高,2.50%-1.99%-11.59%-7.83%,43.0,5.6
2026-05-29 00:00:00,Short,AXTI,103.16,-10.84%,131.13,utb,参数一,"{""utb"": {""key_value"": 2, ""atr_period"": 14, ""use_ha"": false}, ""r&s"": {""srb_left"": 10, ""srb_right"": 10}, ""atr"": {""atr_length"": 14, ""atr_mult"": 1.0}}",AXT INC,1D,,,,,,
2026-05-29 00:00:00,Short,NXST,178.43,-4.04%,193.04,utb,参数二,"{""utb"": {""key_value"": 3, ""atr_period"": 14, ""use_ha"": false}, ""r&s"": {""srb_left"": 15, ""srb_right"": 15}, ""atr"": {""atr_length"": 14, ""atr_mult"": 1.0}}",NEXSTAR MEDIA GROUP INC,1D,,,,,,
2026-05-29 00:00:00,Short,UFCS,44.33,-1.00%,46.54,utb,参数二,"{""utb"": {""key_value"": 3, ""atr_period"": 14, ""use_ha"": false}, ""r&s"": {""srb_left"": 15, ""srb_right"": 15}, ""atr"": {""atr_length"": 14, ""atr_mult"": 1.0}}",UNITED FIRE GROUP INC,1D,,,,,,
2026-05-29 00:00:00,Short,FET,50.22,-1.10%,54.4,sqz,参数一,"{""sqz"": {""bb_length"": 15, ""bb_mult"": 1.5, ""kc_length"": 15, ""kc_mult"": 1.2, ""min_sqz_bars"": 4}, ""r&s"": {""srb_left"": 10, ""srb_right"": 10}, ""atr"": {""atr_length"": 14, ""atr_mult"": 1.0}}",FORUM ENERGY TECHNOLOGIES IN,1D,支撑释放,18.12-25.07-26.0-53.44-52.62,高-高-高-低,38.36%-3.71%-105.54%-1.53%,19.0,20.32
2026-05-29 00:00:00,Long,EFOR,22.68,8.52%,19.36,utb,参数一,"{""utb"": {""key_value"": 2, ""atr_period"": 14, ""use_ha"": false}, ""r&s"": {""srb_left"": 10, ""srb_right"": 10}, ""atr"": {""atr_length"": 14, ""atr_mult"": 1.0}}",EVERFORTH INC,1D,,,,,,
2026-05-29 00:00:00,Long,BRZE,25.63,9.72%,22.2,sqz,参数一,"{""sqz"": {""bb_length"": 15, ""bb_mult"": 1.5, ""kc_length"": 15, ""kc_mult"": 1.2, ""min_sqz_bars"": 4}, ""r&s"": {""srb_left"": 10, ""srb_right"": 10}, ""atr"": {""atr_length"": 14, ""atr_mult"": 1.0}}",BRAZE INC-A,1D,一直亮绿,29.7-37.33-21.05-24.23-24.74,高-低-高-高,25.68%-43.61%-15.11%-2.10%,27.0,33.01
2026-05-29 00:00:00,Long,BRZE,25.63,9.72%,22.2,sqz,参数二,"{""sqz"": {""bb_length"": 20, ""bb_mult"": 1.8, ""kc_length"": 20, ""kc_mult"": 1.5, ""min_sqz_bars"": 4}, ""r&s"": {""srb_left"": 15, ""srb_right"": 15}, ""atr"": {""atr_length"": 14, ""atr_mult"": 1.0}}",BRAZE INC-A,1D,一直亮绿,37.67-30.16-33.48-37.33-24.74,低-高-高-低,19.94%-11.01%-11.49%-33.72%,27.0,33.01
2026-05-29 00:00:00,Short,DTM,139.98,-2.20%,146.39,utb,参数二,"{""utb"": {""key_value"": 3, ""atr_period"": 14, ""use_ha"": false}, ""r&s"": {""srb_left"": 15, ""srb_right"": 15}, ""atr"": {""atr_length"": 14, ""atr_mult"": 1.0}}",DT MIDSTREAM INC,1D,,,,,,
2026-05-29 00:00:00,Long,MTD,1180.58,1.47%,1113.9,utb,参数二,"{""utb"": {""key_value"": 3, ""atr_period"": 14, ""use_ha"": false}, ""r&s"": {""srb_left"": 15, ""srb_right"": 15}, ""atr"": {""atr_length"": 14, ""atr_mult"": 1.0}}",METTLER-TOLEDO INTERNATIONAL,1D,,,,,,
2026-05-29 00:00:00,Short,MTSI,364.64,-6.76%,414.84,utb,参数一,"{""utb"": {""key_value"": 2, ""atr_period"": 14, ""use_ha"": false}, ""r&s"": {""srb_left"": 10, ""srb_right"": 10}, ""atr"": {""atr_length"": 14, ""atr_mult"": 1.0}}",MACOM TECHNOLOGY SOLUTIONS H,1D,,,,,,
2026-05-29 00:00:00,Long,IPSC,2.45,2.73%,2.17,utb,参数一,"{""utb"": {""key_value"": 2, ""atr_period"": 14, ""use_ha"": false}, ""r&s"": {""srb_left"": 10, ""srb_right"": 10}, ""atr"": {""atr_length"": 14, ""atr_mult"": 1.0}}",CENTURY THERAPEUTICS INC,1D,,,,,,
2026-05-29 00:00:00,Long,ALGN,174.95,0.98%,165.3,utb,参数二,"{""utb"": {""key_value"": 3, ""atr_period"": 14, ""use_ha"": false}, ""r&s"": {""srb_left"": 15, ""srb_right"": 15}, ""atr"": {""atr_length"": 14, ""atr_mult"": 1.0}}",ALIGN TECHNOLOGY INC,1D,,,,,,
2026-05-29 00:00:00,Long,FIVN,24.35,6.66%,21.57,utb,参数一,"{""utb"": {""key_value"": 2, ""atr_period"": 14, ""use_ha"": false}, ""r&s"": {""srb_left"": 10, ""srb_right"": 10}, ""atr"": {""atr_length"": 14, ""atr_mult"": 1.0}}",FIVE9 INC,1D,,,,,,
2026-05-29 00:00:00,Long,IMUX,14.96,-0.07%,13.57,sqz,参数一,"{""sqz"": {""bb_length"": 15, ""bb_mult"": 1.5, ""kc_length"": 15, ""kc_mult"": 1.2, ""min_sqz_bars"": 4}, ""r&s"": {""srb_left"": 10, ""srb_right"": 10}, ""atr"": {""atr_length"": 14, ""atr_mult"": 1.0}}",IMMUNIC INC,1D,压力释放,11.8-11.2-12.0-15.1-13.4,低-高-高-低,5.08%-7.14%-25.83%-11.26%,33.0,57.65
2026-05-29 00:00:00,Long,IVF,1.88,10.59%,1.49,utb,参数一,"{""utb"": {""key_value"": 2, ""atr_period"": 14, ""use_ha"": false}, ""r&s"": {""srb_left"": 10, ""srb_right"": 10}, ""atr"": {""atr_length"": 14, ""atr_mult"": 1.0}}",INVO FERTILITY INC,1D,,,,,,
2026-05-29 00:00:00,Long,QURE,28.53,14.81%,25.64,utb,参数一,"{""utb"": {""key_value"": 2, ""atr_period"": 14, ""use_ha"": false}, ""r&s"": {""srb_left"": 10, ""srb_right"": 10}, ""atr"": {""atr_length"": 14, ""atr_mult"": 1.0}}",UNIQURE NV,1D,,,,,,
2026-05-29 00:00:00,Long,GECC,6.11,2.35%,5.81,utb,参数一,"{""utb"": {""key_value"": 2, ""atr_period"": 14, ""use_ha"": false}, ""r&s"": {""srb_left"": 10, ""srb_right"": 10}, ""atr"": {""atr_length"": 14, ""atr_mult"": 1.0}}",GREAT ELM CAPITAL CORP,1D,,,,,,
2026-05-29 00:00:00,Long,AMRX,13.17,1.70%,12.43,utb,参数二,"{""utb"": {""key_value"": 3, ""atr_period"": 14, ""use_ha"": false}, ""r&s"": {""srb_left"": 15, ""srb_right"": 15}, ""atr"": {""atr_length"": 14, ""atr_mult"": 1.0}}",AMNEAL PHARMACEUTICALS INC,1D,,,,,,
2026-05-29 00:00:00,Long,RHI,29.44,3.66%,26.38,utb,参数二,"{""utb"": {""key_value"": 3, ""atr_period"": 14, ""use_ha"": false}, ""r&s"": {""srb_left"": 15, ""srb_right"": 15}, ""atr"": {""atr_length"": 14, ""atr_mult"": 1.0}}",ROBERT HALF INC,1D,,,,,,
2026-05-29 00:00:00,Short,PKE,31.87,-12.47%,38.73,utb,参数一,"{""utb"": {""key_value"": 2, ""atr_period"": 14, ""use_ha"": false}, ""r&s"": {""srb_left"": 10, ""srb_right"": 10}, ""atr"": {""atr_length"": 14, ""atr_mult"": 1.0}}",PARK AEROSPACE CORP,1D,,,,,,
2026-05-29 00:00:00,Long,VEEV,174.34,6.06%,157.78,utb,参数一,"{""utb"": {""key_value"": 2, ""atr_period"": 14, ""use_ha"": false}, ""r&s"": {""srb_left"": 10, ""srb_right"": 10}, ""atr"": {""atr_length"": 14, ""atr_mult"": 1.0}}",VEEVA SYSTEMS INC-CLASS A,1D,,,,,,
2026-05-29 00:00:00,Long,VEEV,174.34,6.06%,157.78,utb,参数二,"{""utb"": {""key_value"": 3, ""atr_period"": 14, ""use_ha"": false}, ""r&s"": {""srb_left"": 15, ""srb_right"": 15}, ""atr"": {""atr_length"": 14, ""atr_mult"": 1.0}}",VEEVA SYSTEMS INC-CLASS A,1D,,,,,,
2026-05-29 00:00:00,Long,ELTX,11.44,7.82%,9.52,utb,参数一,"{""utb"": {""key_value"": 2, ""atr_period"": 14, ""use_ha"": false}, ""r&s"": {""srb_left"": 10, ""srb_right"": 10}, ""atr"": {""atr_length"": 14, ""atr_mult"": 1.0}}",ELICIO THERAPEUTICS INC,1D,,,,,,
2026-05-29 00:00:00,Short,NCT,2.79,-28.09%,3.89,utb,参数一,"{""utb"": {""key_value"": 2, ""atr_period"": 14, ""use_ha"": false}, ""r&s"": {""srb_left"": 10, ""srb_right"": 10}, ""atr"": {""atr_length"": 14, ""atr_mult"": 1.0}}",INTERCONT CAYMAN LTD CLASS A,1D,,,,,,
2026-05-29 00:00:00,Short,CPSH,9.02,-18.74%,11.74,utb,参数一,"{""utb"": {""key_value"": 2, ""atr_period"": 14, ""use_ha"": false}, ""r&s"": {""srb_left"": 10, ""srb_right"": 10}, ""atr"": {""atr_length"": 14, ""atr_mult"": 1.0}}",CPS TECHNOLOGIES CORP,1D,,,,,,
2026-05-29 00:00:00,Long,INGM,28.25,4.36%,26.14,utb,参数一,"{""utb"": {""key_value"": 2, ""atr_period"": 14, ""use_ha"": false}, ""r&s"": {""srb_left"": 10, ""srb_right"": 10}, ""atr"": {""atr_length"": 14, ""atr_mult"": 1.0}}",INGRAM MICRO HOLDING CORP,1D,,,,,,
2026-05-29 00:00:00,Long,TRNS,84.52,7.04%,71.88,utb,参数二,"{""utb"": {""key_value"": 3, ""atr_period"": 14, ""use_ha"": false}, ""r&s"": {""srb_left"": 15, ""srb_right"": 15}, ""atr"": {""atr_length"": 14, ""atr_mult"": 1.0}}",TRANSCAT INC,1D,,,,,,
2026-05-29 00:00:00,Long,RZLV,2.98,7.19%,2.57,sqz,参数一,"{""sqz"": {""bb_length"": 15, ""bb_mult"": 1.5, ""kc_length"": 15, ""kc_mult"": 1.2, ""min_sqz_bars"": 4}, ""r&s"": {""srb_left"": 10, ""srb_right"": 10}, ""atr"": {""atr_length"": 14, ""atr_mult"": 1.0}}",REZOLVE AI PLC,1D,压力释放,3.48-4.97-2.97-3.29-2.91,高-低-高-低,42.82%-40.24%-10.61%-11.42%,12.0,21.76
2026-05-29 00:00:00,Short,JBS,12.47,-3.63%,13.45,sqz,参数二,"{""sqz"": {""bb_length"": 20, ""bb_mult"": 1.8, ""kc_length"": 20, ""kc_mult"": 1.5, ""min_sqz_bars"": 4}, ""r&s"": {""srb_left"": 15, ""srb_right"": 15}, ""atr"": {""atr_length"": 14, ""atr_mult"": 1.0}}",JBS NV-A,1D,一直释放,11.88-11.45-11.68-12.26-13.14,低-高-高-高,3.59%-2.02%-4.91%-7.18%,48.0,31.43
2026-05-29 00:00:00,Short,PPHC,10.41,-10.57%,12.67,sqz,参数一,"{""sqz"": {""bb_length"": 15, ""bb_mult"": 1.5, ""kc_length"": 15, ""kc_mult"": 1.2, ""min_sqz_bars"": 4}, ""r&s"": {""srb_left"": 10, ""srb_right"": 10}, ""atr"": {""atr_length"": 14, ""atr_mult"": 1.0}}",PUBLIC POLICY HOLDING CO INC,1D,一直释放,nan-11.06-11.41-12.94,低-高-高,nan%-3.11%-13.45%,23.0,17.08
2026-05-29 00:00:00,Short,PPHC,10.41,-10.57%,12.67,sqz,参数二,"{""sqz"": {""bb_length"": 20, ""bb_mult"": 1.8, ""kc_length"": 20, ""kc_mult"": 1.5, ""min_sqz_bars"": 4}, ""r&s"": {""srb_left"": 15, ""srb_right"": 15}, ""atr"": {""atr_length"": 14, ""atr_mult"": 1.0}}",PUBLIC POLICY HOLDING CO INC,1D,一直释放,nan-11.06-11.41,低-高,nan%-3.11%,43.0,32.83
2026-05-29 00:00:00,Short,SGHC,12.45,-2.43%,13.51,utb,参数一,"{""utb"": {""key_value"": 2, ""atr_period"": 14, ""use_ha"": false}, ""r&s"": {""srb_left"": 10, ""srb_right"": 10}, ""atr"": {""atr_length"": 14, ""atr_mult"": 1.0}}",SUPER GROUP SGHC LTD,1D,,,,,,
2026-05-29 00:00:00,Long,OLOX,8.77,78.25%,6.83,utb,参数一,"{""utb"": {""key_value"": 2, ""atr_period"": 14, ""use_ha"": false}, ""r&s"": {""srb_left"": 10, ""srb_right"": 10}, ""atr"": {""atr_length"": 14, ""atr_mult"": 1.0}}",OLENOX INDUSTRIES INC,1D,,,,,,
2026-05-29 00:00:00,Long,OLOX,8.77,78.25%,6.83,sqz,参数一,"{""sqz"": {""bb_length"": 15, ""bb_mult"": 1.5, ""kc_length"": 15, ""kc_mult"": 1.2, ""min_sqz_bars"": 4}, ""r&s"": {""srb_left"": 10, ""srb_right"": 10}, ""atr"": {""atr_length"": 14, ""atr_mult"": 1.0}}",OLENOX INDUSTRIES INC,1D,压力释放,437.12-105.0-93.4-21.9-7.4,低-低-低-低,75.98%-11.05%-76.55%-66.21%,27.0,80.49
2026-05-29 00:00:00,Long,OLOX,8.77,78.25%,6.83,utb,参数二,"{""utb"": {""key_value"": 3, ""atr_period"": 14, ""use_ha"": false}, ""r&s"": {""srb_left"": 15, ""srb_right"": 15}, ""atr"": {""atr_length"": 14, ""atr_mult"": 1.0}}",OLENOX INDUSTRIES INC,1D,,,,,,
2026-05-29 00:00:00,Long,HOOD,94.3,11.15%,79.35,sqz,参数一,"{""sqz"": {""bb_length"": 15, ""bb_mult"": 1.5, ""kc_length"": 15, ""kc_mult"": 1.2, ""min_sqz_bars"": 4}, ""r&s"": {""srb_left"": 10, ""srb_right"": 10}, ""atr"": {""atr_length"": 14, ""atr_mult"": 1.0}}",ROBINHOOD MARKETS INC - A,1D,压力释放,153.86-150.47-139.75-84.75-93.32,低-低-低-高,2.20%-7.12%-39.36%-10.11%,29.0,33.45
2026-05-29 00:00:00,Long,HOOD,94.3,11.15%,79.35,utb,参数二,"{""utb"": {""key_value"": 3, ""atr_period"": 14, ""use_ha"": false}, ""r&s"": {""srb_left"": 15, ""srb_right"": 15}, ""atr"": {""atr_length"": 14, ""atr_mult"": 1.0}}",ROBINHOOD MARKETS INC - A,1D,,,,,,
2026-05-29 00:00:00,Long,HOOD,94.3,11.15%,79.35,sqz,参数二,"{""sqz"": {""bb_length"": 20, ""bb_mult"": 1.8, ""kc_length"": 20, ""kc_mult"": 1.5, ""min_sqz_bars"": 4}, ""r&s"": {""srb_left"": 15, ""srb_right"": 15}, ""atr"": {""atr_length"": 14, ""atr_mult"": 1.0}}",ROBINHOOD MARKETS INC - A,1D,压力释放,117.7-153.86-139.75-84.75-93.32,高-低-低-高,30.72%-9.17%-39.36%-10.11%,29.0,33.45
2026-05-29 00:00:00,Short,EMA,52.16,-1.04%,54.17,utb,参数一,"{""utb"": {""key_value"": 2, ""atr_period"": 14, ""use_ha"": false}, ""r&s"": {""srb_left"": 10, ""srb_right"": 10}, ""atr"": {""atr_length"": 14, ""atr_mult"": 1.0}}",EMERA INC,1D,,,,,,
2026-05-29 00:00:00,Short,HIG,127.13,-1.43%,131.86,sqz,参数二,"{""sqz"": {""bb_length"": 20, ""bb_mult"": 1.8, ""kc_length"": 20, ""kc_mult"": 1.5, ""min_sqz_bars"": 4}, ""r&s"": {""srb_left"": 15, ""srb_right"": 15}, ""atr"": {""atr_length"": 14, ""atr_mult"": 1.0}}",HARTFORD INSURANCE GROUP INC,1D,支撑释放,118.11-119.29-127.75-127.08-130.75,高-高-低-高,1.00%-7.09%-0.53%-2.89%,48.0,8.31
2026-05-29 00:00:00,Short,BKE,45.87,-9.13%,52.52,sqz,参数一,"{""sqz"": {""bb_length"": 15, ""bb_mult"": 1.5, ""kc_length"": 15, ""kc_mult"": 1.2, ""min_sqz_bars"": 4}, ""r&s"": {""srb_left"": 10, ""srb_right"": 10}, ""atr"": {""atr_length"": 14, ""atr_mult"": 1.0}}",BUCKLE INC/THE,1D,一直释放,49.84-48.61-49.78-46.28-48.0,低-高-低-高,2.47%-2.40%-7.01%-3.71%,49.0,18.95
2026-05-29 00:00:00,Long,RTX,179.66,0.39%,171.99,utb,参数一,"{""utb"": {""key_value"": 2, ""atr_period"": 14, ""use_ha"": false}, ""r&s"": {""srb_left"": 10, ""srb_right"": 10}, ""atr"": {""atr_length"": 14, ""atr_mult"": 1.0}}",RTX CORP,1D,,,,,,
2026-05-29 00:00:00,Short,EVTV,2.06,-12.71%,2.68,utb,参数一,"{""utb"": {""key_value"": 2, ""atr_period"": 14, ""use_ha"": false}, ""r&s"": {""srb_left"": 10, ""srb_right"": 10}, ""atr"": {""atr_length"": 14, ""atr_mult"": 1.0}}",ENVIROTECH VEHICLES INC,1D,,,,,,
2026-05-29 00:00:00,Short,ALF,10.85,-0.09%,10.9,utb,参数一,"{""utb"": {""key_value"": 2, ""atr_period"": 14, ""use_ha"": false}, ""r&s"": {""srb_left"": 10, ""srb_right"": 10}, ""atr"": {""atr_length"": 14, ""atr_mult"": 1.0}}",CENTURION ACQUISITION CORP,1D,,,,,,
2026-05-29 00:00:00,Long,SARO,28.64,1.20%,26.93,sqz,参数一,"{""sqz"": {""bb_length"": 15, ""bb_mult"": 1.5, ""kc_length"": 15, ""kc_mult"": 1.2, ""min_sqz_bars"": 4}, ""r&s"": {""srb_left"": 10, ""srb_right"": 10}, ""atr"": {""atr_length"": 14, ""atr_mult"": 1.0}}",STANDARDAERO INC,1D,压力释放,29.64-34.48-33.26-28.1-27.2,高-低-低-低,16.33%-3.55%-15.50%-3.20%,14.0,9.81
2026-05-29 00:00:00,Short,MTDR,53.6,-0.43%,56.28,sqz,参数一,"{""sqz"": {""bb_length"": 15, ""bb_mult"": 1.5, ""kc_length"": 15, ""kc_mult"": 1.2, ""min_sqz_bars"": 4}, ""r&s"": {""srb_left"": 10, ""srb_right"": 10}, ""atr"": {""atr_length"": 14, ""atr_mult"": 1.0}}",MATADOR RESOURCES CO,1D,一直亮红,44.3-36.26-39.15-52.4-53.75,低-高-高-高,18.14%-7.98%-33.84%-2.58%,15.0,16.08
2026-05-29 00:00:00,Long,IBKR,86.97,4.64%,79.78,utb,参数一,"{""utb"": {""key_value"": 2, ""atr_period"": 14, ""use_ha"": false}, ""r&s"": {""srb_left"": 10, ""srb_right"": 10}, ""atr"": {""atr_length"": 14, ""atr_mult"": 1.0}}",INTERACTIVE BROKERS GRO-CL A,1D,,,,,,
2026-05-29 00:00:00,Short,CLX,90.02,-6.42%,97.39,utb,参数一,"{""utb"": {""key_value"": 2, ""atr_period"": 14, ""use_ha"": false}, ""r&s"": {""srb_left"": 10, ""srb_right"": 10}, ""atr"": {""atr_length"": 14, ""atr_mult"": 1.0}}",CLOROX COMPANY,1D,,,,,,
2026-05-29 00:00:00,Short,GOOGL,380.34,-2.51%,394.74,utb,参数一,"{""utb"": {""key_value"": 2, ""atr_period"": 14, ""use_ha"": false}, ""r&s"": {""srb_left"": 10, ""srb_right"": 10}, ""atr"": {""atr_length"": 14, ""atr_mult"": 1.0}}",ALPHABET INC-CL A,1D,,,,,,
2026-05-29 00:00:00,Long,PTCT,73.85,3.94%,68.62,utb,参数一,"{""utb"": {""key_value"": 2, ""atr_period"": 14, ""use_ha"": false}, ""r&s"": {""srb_left"": 10, ""srb_right"": 10}, ""atr"": {""atr_length"": 14, ""atr_mult"": 1.0}}",PTC THERAPEUTICS INC,1D,,,,,,
2026-05-29 00:00:00,Long,VMC,282.92,2.23%,269.39,utb,参数二,"{""utb"": {""key_value"": 3, ""atr_period"": 14, ""use_ha"": false}, ""r&s"": {""srb_left"": 15, ""srb_right"": 15}, ""atr"": {""atr_length"": 14, ""atr_mult"": 1.0}}",VULCAN MATERIALS CO,1D,,,,,,
2026-05-29 00:00:00,Short,CNX,33.69,-0.71%,35.2,sqz,参数二,"{""sqz"": {""bb_length"": 20, ""bb_mult"": 1.8, ""kc_length"": 20, ""kc_mult"": 1.5, ""min_sqz_bars"": 4}, ""r&s"": {""srb_left"": 15, ""srb_right"": 15}, ""atr"": {""atr_length"": 14, ""atr_mult"": 1.0}}",CNX RESOURCES CORP,1D,一直亮红,27.68-30.78-27.72-31.47-33.82,高-低-高-高,11.20%-9.94%-13.53%-7.47%,100.0,28.98
2026-05-29 00:00:00,Long,PSIG,8.3,4.01%,7.55,sqz,参数一,"{""sqz"": {""bb_length"": 15, ""bb_mult"": 1.5, ""kc_length"": 15, ""kc_mult"": 1.2, ""min_sqz_bars"": 4}, ""r&s"": {""srb_left"": 10, ""srb_right"": 10}, ""atr"": {""atr_length"": 14, ""atr_mult"": 1.0}}",PS INTERNATIONAL GROUP LTD,1D,一直释放,4.8-4.9-6.92-6.8-7.3,高-高-低-高,2.08%-41.22%-1.73%-7.35%,30.0,19.87
2026-05-29 00:00:00,Short,EPSN,5.66,-2.92%,6.03,sqz,参数一,"{""sqz"": {""bb_length"": 15, ""bb_mult"": 1.5, ""kc_length"": 15, ""kc_mult"": 1.2, ""min_sqz_bars"": 4}, ""r&s"": {""srb_left"": 10, ""srb_right"": 10}, ""atr"": {""atr_length"": 14, ""atr_mult"": 1.0}}",EPSILON ENERGY LTD,1D,支撑释放,4.5-4.26-4.15-5.41-5.7,低-低-高-高,5.42%-2.45%-30.24%-5.36%,15.0,16.67
2026-05-29 00:00:00,Short,EPSN,5.66,-2.92%,6.03,utb,参数二,"{""utb"": {""key_value"": 3, ""atr_period"": 14, ""use_ha"": false}, ""r&s"": {""srb_left"": 15, ""srb_right"": 15}, ""atr"": {""atr_length"": 14, ""atr_mult"": 1.0}}",EPSILON ENERGY LTD,1D,,,,,,
2026-05-29 00:00:00,Short,MDU,21.08,-2.14%,22.05,sqz,参数一,"{""sqz"": {""bb_length"": 15, ""bb_mult"": 1.5, ""kc_length"": 15, ""kc_mult"": 1.2, ""min_sqz_bars"": 4}, ""r&s"": {""srb_left"": 10, ""srb_right"": 10}, ""atr"": {""atr_length"": 14, ""atr_mult"": 1.0}}",MDU RESOURCES GROUP INC,1D,支撑释放,18.83-19.69-19.62-21.15-21.33,高-低-高-高,4.54%-0.34%-7.80%-0.85%,15.0,7.74
2026-05-29 00:00:00,Short,MDU,21.08,-2.14%,22.05,utb,参数二,"{""utb"": {""key_value"": 3, ""atr_period"": 14, ""use_ha"": false}, ""r&s"": {""srb_left"": 15, ""srb_right"": 15}, ""atr"": {""atr_length"": 14, ""atr_mult"": 1.0}}",MDU RESOURCES GROUP INC,1D,,,,,,
2026-05-29 00:00:00,Long,WDAY,146.19,12.45%,124.41,utb,参数一,"{""utb"": {""key_value"": 2, ""atr_period"": 14, ""use_ha"": false}, ""r&s"": {""srb_left"": 10, ""srb_right"": 10}, ""atr"": {""atr_length"": 14, ""atr_mult"": 1.0}}",WORKDAY INC-CLASS A,1D,,,,,,
2026-05-29 00:00:00,Long,WDAY,146.19,12.45%,124.41,sqz,参数一,"{""sqz"": {""bb_length"": 15, ""bb_mult"": 1.5, ""kc_length"": 15, ""kc_mult"": 1.2, ""min_sqz_bars"": 4}, ""r&s"": {""srb_left"": 10, ""srb_right"": 10}, ""atr"": {""atr_length"": 14, ""atr_mult"": 1.0}}",WORKDAY INC-CLASS A,1D,压力释放,247.4-236.8-226.83-153.9-133.05,低-低-低-低,4.28%-4.21%-32.15%-13.55%,27.0,18.21
2026-05-29 00:00:00,Long,WDAY,146.19,12.45%,124.41,utb,参数二,"{""utb"": {""key_value"": 3, ""atr_period"": 14, ""use_ha"": false}, ""r&s"": {""srb_left"": 15, ""srb_right"": 15}, ""atr"": {""atr_length"": 14, ""atr_mult"": 1.0}}",WORKDAY INC-CLASS A,1D,,,,,,
2026-05-29 00:00:00,Long,LC,17.85,4.82%,16.46,utb,参数二,"{""utb"": {""key_value"": 3, ""atr_period"": 14, ""use_ha"": false}, ""r&s"": {""srb_left"": 15, ""srb_right"": 15}, ""atr"": {""atr_length"": 14, ""atr_mult"": 1.0}}",LENDINGCLUB CORP,1D,,,,,,
2026-05-29 00:00:00,Long,DYN,19.33,4.15%,17.65,utb,参数二,"{""utb"": {""key_value"": 3, ""atr_period"": 14, ""use_ha"": false}, ""r&s"": {""srb_left"": 15, ""srb_right"": 15}, ""atr"": {""atr_length"": 14, ""atr_mult"": 1.0}}",DYNE THERAPEUTICS INC,1D,,,,,,
2026-05-29 00:00:00,Short,NOG,21.77,0.14%,22.8,sqz,参数一,"{""sqz"": {""bb_length"": 15, ""bb_mult"": 1.5, ""kc_length"": 15, ""kc_mult"": 1.2, ""min_sqz_bars"": 4}, ""r&s"": {""srb_left"": 10, ""srb_right"": 10}, ""atr"": {""atr_length"": 14, ""atr_mult"": 1.0}}",NORTHERN OIL AND GAS INC,1D,一直释放,20.25-19.48-20.14-19.96-23.6,低-高-低-高,3.81%-3.42%-0.89%-18.21%,29.0,21.82
2026-05-29 00:00:00,Short,MDAI,2.07,-10.39%,2.56,utb,参数一,"{""utb"": {""key_value"": 2, ""atr_period"": 14, ""use_ha"": false}, ""r&s"": {""srb_left"": 10, ""srb_right"": 10}, ""atr"": {""atr_length"": 14, ""atr_mult"": 1.0}}",SPECTRAL AI INC,1D,,,,,,
2026-05-29 00:00:00,Short,MDAI,2.07,-10.39%,2.56,utb,参数二,"{""utb"": {""key_value"": 3, ""atr_period"": 14, ""use_ha"": false}, ""r&s"": {""srb_left"": 15, ""srb_right"": 15}, ""atr"": {""atr_length"": 14, ""atr_mult"": 1.0}}",SPECTRAL AI INC,1D,,,,,,
2026-05-29 00:00:00,Short,HSDT,1.9,-6.62%,2.24,utb,参数二,"{""utb"": {""key_value"": 3, ""atr_period"": 14, ""use_ha"": false}, ""r&s"": {""srb_left"": 15, ""srb_right"": 15}, ""atr"": {""atr_length"": 14, ""atr_mult"": 1.0}}",SOLANA CO,1D,,,,,,
2026-05-29 00:00:00,Long,BGSI,110.02,2.15%,102.86,utb,参数一,"{""utb"": {""key_value"": 2, ""atr_period"": 14, ""use_ha"": false}, ""r&s"": {""srb_left"": 10, ""srb_right"": 10}, ""atr"": {""atr_length"": 14, ""atr_mult"": 1.0}}",THE BOYD GROUP INC,1D,,,,,,
2026-05-29 00:00:00,Long,BBAI,5.04,2.02%,4.37,sqz,参数一,"{""sqz"": {""bb_length"": 15, ""bb_mult"": 1.5, ""kc_length"": 15, ""kc_mult"": 1.2, ""min_sqz_bars"": 4}, ""r&s"": {""srb_left"": 10, ""srb_right"": 10}, ""atr"": {""atr_length"": 14, ""atr_mult"": 1.0}}",BIGBEAR.AI HOLDINGS INC,1D,压力释放,7.4-7.18-6.62-4.42-4.46,低-低-低-高,2.97%-7.80%-33.23%-0.90%,16.0,18.93
2026-05-29 00:00:00,Short,CHRD,131.87,-1.51%,139.47,utb,参数二,"{""utb"": {""key_value"": 3, ""atr_period"": 14, ""use_ha"": false}, ""r&s"": {""srb_left"": 15, ""srb_right"": 15}, ""atr"": {""atr_length"": 14, ""atr_mult"": 1.0}}",CHORD ENERGY CORP,1D,,,,,,
2026-05-29 00:00:00,Long,SCLX,8.9,23.44%,6.42,utb,参数一,"{""utb"": {""key_value"": 2, ""atr_period"": 14, ""use_ha"": false}, ""r&s"": {""srb_left"": 10, ""srb_right"": 10}, ""atr"": {""atr_length"": 14, ""atr_mult"": 1.0}}",SCILEX HOLDING CO,1D,,,,,,
2026-05-29 00:00:00,Long,SCLX,8.9,23.44%,6.42,utb,参数二,"{""utb"": {""key_value"": 3, ""atr_period"": 14, ""use_ha"": false}, ""r&s"": {""srb_left"": 15, ""srb_right"": 15}, ""atr"": {""atr_length"": 14, ""atr_mult"": 1.0}}",SCILEX HOLDING CO,1D,,,,,,
2026-05-29 00:00:00,Short,LUCK,8.19,-8.18%,9.37,utb,参数一,"{""utb"": {""key_value"": 2, ""atr_period"": 14, ""use_ha"": false}, ""r&s"": {""srb_left"": 10, ""srb_right"": 10}, ""atr"": {""atr_length"": 14, ""atr_mult"": 1.0}}",LUCKY STRIKE ENTERTAINMENT C,1D,,,,,,
2026-05-29 00:00:00,Long,MBOT,2.03,5.18%,1.76,utb,参数一,"{""utb"": {""key_value"": 2, ""atr_period"": 14, ""use_ha"": false}, ""r&s"": {""srb_left"": 10, ""srb_right"": 10}, ""atr"": {""atr_length"": 14, ""atr_mult"": 1.0}}",MICROBOT MEDICAL INC,1D,,,,,,
2026-05-29 00:00:00,Long,AMRZ,54.39,2.87%,51.52,utb,参数二,"{""utb"": {""key_value"": 3, ""atr_period"": 14, ""use_ha"": false}, ""r&s"": {""srb_left"": 15, ""srb_right"": 15}, ""atr"": {""atr_length"": 14, ""atr_mult"": 1.0}}",AMRIZE LTD,1D,,,,,,
2026-05-29 00:00:00,Short,PEW,2.72,-1.09%,2.94,sqz,参数一,"{""sqz"": {""bb_length"": 15, ""bb_mult"": 1.5, ""kc_length"": 15, ""kc_mult"": 1.2, ""min_sqz_bars"": 4}, ""r&s"": {""srb_left"": 10, ""srb_right"": 10}, ""atr"": {""atr_length"": 14, ""atr_mult"": 1.0}}",GRABAGUN DIGITAL HOLDINGS IN,1D,一直亮红,4.26-3.26-2.73-2.55,低-低-低,23.47%-16.10%-6.76%,42.0,23.22
2026-05-29 00:00:00,Long,SEZL,118.15,-0.71%,107.45,sqz,参数一,"{""sqz"": {""bb_length"": 15, ""bb_mult"": 1.5, ""kc_length"": 15, ""kc_mult"": 1.2, ""min_sqz_bars"": 4}, ""r&s"": {""srb_left"": 10, ""srb_right"": 10}, ""atr"": {""atr_length"": 14, ""atr_mult"": 1.0}}",SEZZLE INC,1D,压力释放,77.46-81.35-86.68-76.9-114.14,高-高-低-高,5.02%-6.55%-11.28%-48.43%,15.0,24.42
2026-05-29 00:00:00,Short,WMG,31.54,-2.50%,33.79,utb,参数一,"{""utb"": {""key_value"": 2, ""atr_period"": 14, ""use_ha"": false}, ""r&s"": {""srb_left"": 10, ""srb_right"": 10}, ""atr"": {""atr_length"": 14, ""atr_mult"": 1.0}}",WARNER MUSIC GROUP CORP-CL A,1D,,,,,,
2026-05-29 00:00:00,Long,BRSL,11.23,0.45%,10.75,utb,参数一,"{""utb"": {""key_value"": 2, ""atr_period"": 14, ""use_ha"": false}, ""r&s"": {""srb_left"": 10, ""srb_right"": 10}, ""atr"": {""atr_length"": 14, ""atr_mult"": 1.0}}",BRIGHTSTAR LOTTERY PLC,1D,,,,,,
2026-05-29 00:00:00,Long,PSEC,2.41,1.69%,2.27,utb,参数二,"{""utb"": {""key_value"": 3, ""atr_period"": 14, ""use_ha"": false}, ""r&s"": {""srb_left"": 15, ""srb_right"": 15}, ""atr"": {""atr_length"": 14, ""atr_mult"": 1.0}}",PROSPECT CAPITAL CORP,1D,,,,,,
2026-05-29 00:00:00,Long,INTA,23.09,12.09%,19.35,utb,参数一,"{""utb"": {""key_value"": 2, ""atr_period"": 14, ""use_ha"": false}, ""r&s"": {""srb_left"": 10, ""srb_right"": 10}, ""atr"": {""atr_length"": 14, ""atr_mult"": 1.0}}",INTAPP INC,1D,,,,,,
2026-05-29 00:00:00,Long,TKNO,5.4,15.88%,4.11,sqz,参数一,"{""sqz"": {""bb_length"": 15, ""bb_mult"": 1.5, ""kc_length"": 15, ""kc_mult"": 1.2, ""min_sqz_bars"": 4}, ""r&s"": {""srb_left"": 10, ""srb_right"": 10}, ""atr"": {""atr_length"": 14, ""atr_mult"": 1.0}}",ALPHA TEKNOVA INC,1D,压力释放,6.68-5.89-4.94-4.26-4.48,低-低-低-高,11.83%-16.13%-13.77%-5.16%,15.0,32.54
2026-05-29 00:00:00,Long,TKNO,5.4,15.88%,4.11,sqz,参数二,"{""sqz"": {""bb_length"": 20, ""bb_mult"": 1.8, ""kc_length"": 20, ""kc_mult"": 1.5, ""min_sqz_bars"": 4}, ""r&s"": {""srb_left"": 15, ""srb_right"": 15}, ""atr"": {""atr_length"": 14, ""atr_mult"": 1.0}}",ALPHA TEKNOVA INC,1D,压力释放,nan-7.48-5.48-6.68-4.94,低-低-高-低,nan%-26.74%-21.90%-26.05%,114.0,158.64
2026-05-29 00:00:00,Long,ITRG,2.74,1.86%,2.47,utb,参数一,"{""utb"": {""key_value"": 2, ""atr_period"": 14, ""use_ha"": false}, ""r&s"": {""srb_left"": 10, ""srb_right"": 10}, ""atr"": {""atr_length"": 14, ""atr_mult"": 1.0}}",INTEGRA RESOURCES CORP,1D,,,,,,
2026-05-29 00:00:00,Long,CGEM,16.44,7.03%,13.95,utb,参数一,"{""utb"": {""key_value"": 2, ""atr_period"": 14, ""use_ha"": false}, ""r&s"": {""srb_left"": 10, ""srb_right"": 10}, ""atr"": {""atr_length"": 14, ""atr_mult"": 1.0}}",CULLINAN THERAPEUTICS INC,1D,,,,,,
2026-05-29 00:00:00,Long,DOMH,3.7,7.25%,3.32,utb,参数一,"{""utb"": {""key_value"": 2, ""atr_period"": 14, ""use_ha"": false}, ""r&s"": {""srb_left"": 10, ""srb_right"": 10}, ""atr"": {""atr_length"": 14, ""atr_mult"": 1.0}}",DOMINARI HOLDINGS INC,1D,,,,,,
2026-05-29 00:00:00,Long,TKO,205.18,2.31%,192.1,utb,参数二,"{""utb"": {""key_value"": 3, ""atr_period"": 14, ""use_ha"": false}, ""r&s"": {""srb_left"": 15, ""srb_right"": 15}, ""atr"": {""atr_length"": 14, ""atr_mult"": 1.0}}",TKO GROUP HOLDINGS INC,1D,,,,,,
2026-05-29 00:00:00,Long,AYA,21.0,7.86%,18.07,utb,参数二,"{""utb"": {""key_value"": 3, ""atr_period"": 14, ""use_ha"": false}, ""r&s"": {""srb_left"": 15, ""srb_right"": 15}, ""atr"": {""atr_length"": 14, ""atr_mult"": 1.0}}",AYA GOLD & SILVER INC,1D,,,,,,
2026-05-29 00:00:00,Long,MNTN,9.43,5.13%,8.37,utb,参数一,"{""utb"": {""key_value"": 2, ""atr_period"": 14, ""use_ha"": false}, ""r&s"": {""srb_left"": 10, ""srb_right"": 10}, ""atr"": {""atr_length"": 14, ""atr_mult"": 1.0}}",MNTN INC-A,1D,,,,,,
2026-05-29 00:00:00,Short,CNO,45.97,-0.54%,47.55,utb,参数一,"{""utb"": {""key_value"": 2, ""atr_period"": 14, ""use_ha"": false}, ""r&s"": {""srb_left"": 10, ""srb_right"": 10}, ""atr"": {""atr_length"": 14, ""atr_mult"": 1.0}}",CNO FINANCIAL GROUP INC,1D,,,,,,
2026-05-29 00:00:00,Long,SPRC,9.81,-7.01%,6.82,sqz,参数一,"{""sqz"": {""bb_length"": 15, ""bb_mult"": 1.5, ""kc_length"": 15, ""kc_mult"": 1.2, ""min_sqz_bars"": 4}, ""r&s"": {""srb_left"": 10, ""srb_right"": 10}, ""atr"": {""atr_length"": 14, ""atr_mult"": 1.0}}",SCISPARC LTD,1D,一直释放,80.1-29.88-14.22-6.24-9.03,低-低-低-高,62.70%-52.41%-56.10%-44.64%,21.0,125.75
2026-05-29 00:00:00,Short,SYM,46.42,-4.89%,52.67,utb,参数一,"{""utb"": {""key_value"": 2, ""atr_period"": 14, ""use_ha"": false}, ""r&s"": {""srb_left"": 10, ""srb_right"": 10}, ""atr"": {""atr_length"": 14, ""atr_mult"": 1.0}}",SYMBOTIC INC,1D,,,,,,
2026-05-29 00:00:00,Long,PRGS,32.83,7.50%,29.09,utb,参数二,"{""utb"": {""key_value"": 3, ""atr_period"": 14, ""use_ha"": false}, ""r&s"": {""srb_left"": 15, ""srb_right"": 15}, ""atr"": {""atr_length"": 14, ""atr_mult"": 1.0}}",PROGRESS SOFTWARE CORP,1D,,,,,,
2026-05-29 00:00:00,Long,PRGS,32.83,7.50%,29.09,sqz,参数二,"{""sqz"": {""bb_length"": 20, ""bb_mult"": 1.8, ""kc_length"": 20, ""kc_mult"": 1.5, ""min_sqz_bars"": 4}, ""r&s"": {""srb_left"": 15, ""srb_right"": 15}, ""atr"": {""atr_length"": 14, ""atr_mult"": 1.0}}",PROGRESS SOFTWARE CORP,1D,压力释放,47.0-47.37-45.49-47.25-32.23,高-低-高-低,0.79%-3.97%-3.87%-31.79%,28.0,24.15
2026-05-29 00:00:00,Long,NCMI,3.14,1.62%,2.92,utb,参数一,"{""utb"": {""key_value"": 2, ""atr_period"": 14, ""use_ha"": false}, ""r&s"": {""srb_left"": 10, ""srb_right"": 10}, ""atr"": {""atr_length"": 14, ""atr_mult"": 1.0}}",NATIONAL CINEMEDIA INC,1D,,,,,,
2026-05-29 00:00:00,Short,RJET,20.35,-13.15%,25.42,utb,参数一,"{""utb"": {""key_value"": 2, ""atr_period"": 14, ""use_ha"": false}, ""r&s"": {""srb_left"": 10, ""srb_right"": 10}, ""atr"": {""atr_length"": 14, ""atr_mult"": 1.0}}",REPUBLIC AIRWAYS HOLDINGS IN,1D,,,,,,
2026-05-29 00:00:00,Long,KFY,69.98,0.03%,67.98,sqz,参数二,"{""sqz"": {""bb_length"": 20, ""bb_mult"": 1.8, ""kc_length"": 20, ""kc_mult"": 1.5, ""min_sqz_bars"": 4}, ""r&s"": {""srb_left"": 15, ""srb_right"": 15}, ""atr"": {""atr_length"": 14, ""atr_mult"": 1.0}}",KORN FERRY,1D,压力释放,73.86-76.76-69.56-69.86-68.76,高-低-高-低,3.93%-9.38%-0.44%-1.58%,22.0,9.91
2026-05-29 00:00:00,Long,NTRA,223.37,4.41%,200.55,utb,参数二,"{""utb"": {""key_value"": 3, ""atr_period"": 14, ""use_ha"": false}, ""r&s"": {""srb_left"": 15, ""srb_right"": 15}, ""atr"": {""atr_length"": 14, ""atr_mult"": 1.0}}",NATERA INC,1D,,,,,,
2026-05-29 00:00:00,Short,MOH,173.6,-2.48%,185.45,utb,参数二,"{""utb"": {""key_value"": 3, ""atr_period"": 14, ""use_ha"": false}, ""r&s"": {""srb_left"": 15, ""srb_right"": 15}, ""atr"": {""atr_length"": 14, ""atr_mult"": 1.0}}",MOLINA HEALTHCARE INC,1D,,,,,,
2026-05-29 00:00:00,Short,AMBA,72.18,-21.41%,91.74,utb,参数一,"{""utb"": {""key_value"": 2, ""atr_period"": 14, ""use_ha"": false}, ""r&s"": {""srb_left"": 10, ""srb_right"": 10}, ""atr"": {""atr_length"": 14, ""atr_mult"": 1.0}}",AMBARELLA INC,1D,,,,,,
2026-05-29 00:00:00,Short,AMBA,72.18,-21.41%,91.74,utb,参数二,"{""utb"": {""key_value"": 3, ""atr_period"": 14, ""use_ha"": false}, ""r&s"": {""srb_left"": 15, ""srb_right"": 15}, ""atr"": {""atr_length"": 14, ""atr_mult"": 1.0}}",AMBARELLA INC,1D,,,,,,
2026-05-29 00:00:00,Short,STC,64.98,-1.71%,68.03,utb,参数二,"{""utb"": {""key_value"": 3, ""atr_period"": 14, ""use_ha"": false}, ""r&s"": {""srb_left"": 15, ""srb_right"": 15}, ""atr"": {""atr_length"": 14, ""atr_mult"": 1.0}}",STEWART INFORMATION SERVICES,1D,,,,,,
2026-05-29 00:00:00,Long,EGAN,7.43,2.06%,6.91,utb,参数一,"{""utb"": {""key_value"": 2, ""atr_period"": 14, ""use_ha"": false}, ""r&s"": {""srb_left"": 10, ""srb_right"": 10}, ""atr"": {""atr_length"": 14, ""atr_mult"": 1.0}}",EGAIN CORP,1D,,,,,,
2026-05-29 00:00:00,Short,ACIU,2.66,-3.27%,2.95,utb,参数二,"{""utb"": {""key_value"": 3, ""atr_period"": 14, ""use_ha"": false}, ""r&s"": {""srb_left"": 15, ""srb_right"": 15}, ""atr"": {""atr_length"": 14, ""atr_mult"": 1.0}}",AC IMMUNE SA,1D,,,,,,
2026-05-29 00:00:00,Short,MOVE,19.0,-9.61%,23.56,utb,参数一,"{""utb"": {""key_value"": 2, ""atr_period"": 14, ""use_ha"": false}, ""r&s"": {""srb_left"": 10, ""srb_right"": 10}, ""atr"": {""atr_length"": 14, ""atr_mult"": 1.0}}",CORVEX INC,1D,,,,,,
2026-05-29 00:00:00,Long,DNLI,21.04,0.43%,19.87,sqz,参数一,"{""sqz"": {""bb_length"": 15, ""bb_mult"": 1.5, ""kc_length"": 15, ""kc_mult"": 1.2, ""min_sqz_bars"": 4}, ""r&s"": {""srb_left"": 10, ""srb_right"": 10}, ""atr"": {""atr_length"": 14, ""atr_mult"": 1.0}}",DENALI THERAPEUTICS INC,1D,压力释放,23.77-22.59-23.46-21.8-20.55,低-高-低-低,4.96%-3.85%-7.08%-5.73%,13.0,16.04
2026-05-29 00:00:00,Short,S,16.55,-8.16%,18.12,utb,参数一,"{""utb"": {""key_value"": 2, ""atr_period"": 14, ""use_ha"": false}, ""r&s"": {""srb_left"": 10, ""srb_right"": 10}, ""atr"": {""atr_length"": 14, ""atr_mult"": 1.0}}",SENTINELONE INC -CLASS A,1D,,,,,,
2026-05-29 00:00:00,Long,CUB,10.83,0.19%,10.8,utb,参数一,"{""utb"": {""key_value"": 2, ""atr_period"": 14, ""use_ha"": false}, ""r&s"": {""srb_left"": 10, ""srb_right"": 10}, ""atr"": {""atr_length"": 14, ""atr_mult"": 1.0}}",LIONHEART HOLDINGS - CL A,1D,,,,,,
2026-05-29 00:00:00,Long,SHBI,20.66,0.10%,19.83,sqz,参数二,"{""sqz"": {""bb_length"": 20, ""bb_mult"": 1.8, ""kc_length"": 20, ""kc_mult"": 1.5, ""min_sqz_bars"": 4}, ""r&s"": {""srb_left"": 15, ""srb_right"": 15}, ""atr"": {""atr_length"": 14, ""atr_mult"": 1.0}}",SHORE BANCSHARES INC,1D,压力释放,16.62-17.43-19.1-20.55-20.28,高-高-高-低,4.88%-9.58%-7.60%-1.30%,29.0,13.23
2026-05-29 00:00:00,Short,RGA,200.74,-1.87%,209.68,utb,参数一,"{""utb"": {""key_value"": 2, ""atr_period"": 14, ""use_ha"": false}, ""r&s"": {""srb_left"": 10, ""srb_right"": 10}, ""atr"": {""atr_length"": 14, ""atr_mult"": 1.0}}",REINSURANCE GROUP OF AMERICA,1D,,,,,,
2026-05-29 00:00:00,Long,CDZI,4.88,11.42%,4.39,utb,参数一,"{""utb"": {""key_value"": 2, ""atr_period"": 14, ""use_ha"": false}, ""r&s"": {""srb_left"": 10, ""srb_right"": 10}, ""atr"": {""atr_length"": 14, ""atr_mult"": 1.0}}",CADIZ INC,1D,,,,,,
2026-05-29 00:00:00,Long,HBAN,16.36,1.49%,15.64,utb,参数一,"{""utb"": {""key_value"": 2, ""atr_period"": 14, ""use_ha"": false}, ""r&s"": {""srb_left"": 10, ""srb_right"": 10}, ""atr"": {""atr_length"": 14, ""atr_mult"": 1.0}}",HUNTINGTON BANCSHARES INC,1D,,,,,,
2026-05-29 00:00:00,Long,CZR,29.05,-0.10%,28.09,sqz,参数二,"{""sqz"": {""bb_length"": 20, ""bb_mult"": 1.8, ""kc_length"": 20, ""kc_mult"": 1.5, ""min_sqz_bars"": 4}, ""r&s"": {""srb_left"": 15, ""srb_right"": 15}, ""atr"": {""atr_length"": 14, ""atr_mult"": 1.0}}",CAESARS ENTERTAINMENT INC,1D,压力释放,27.45-28.26-25.72-30.88-28.8,高-低-高-低,2.95%-8.99%-20.06%-6.74%,28.0,14.29
2026-05-29 00:00:00,Short,ASND,224.11,-5.63%,245.38,utb,参数一,"{""utb"": {""key_value"": 2, ""atr_period"": 14, ""use_ha"": false}, ""r&s"": {""srb_left"": 10, ""srb_right"": 10}, ""atr"": {""atr_length"": 14, ""atr_mult"": 1.0}}",ASCENDIS PHARMA A/S,1D,,,,,,
2026-05-29 00:00:00,Short,KNTK,45.95,-1.48%,48.39,utb,参数二,"{""utb"": {""key_value"": 3, ""atr_period"": 14, ""use_ha"": false}, ""r&s"": {""srb_left"": 15, ""srb_right"": 15}, ""atr"": {""atr_length"": 14, ""atr_mult"": 1.0}}",KINETIK HOLDINGS INC,1D,,,,,,
2026-05-29 00:00:00,Long,ACVA,6.57,4.12%,5.78,utb,参数一,"{""utb"": {""key_value"": 2, ""atr_period"": 14, ""use_ha"": false}, ""r&s"": {""srb_left"": 10, ""srb_right"": 10}, ""atr"": {""atr_length"": 14, ""atr_mult"": 1.0}}",ACV AUCTIONS INC-A,1D,,,,,,
2026-05-29 00:00:00,Long,LSPD,9.68,4.42%,8.82,utb,参数二,"{""utb"": {""key_value"": 3, ""atr_period"": 14, ""use_ha"": false}, ""r&s"": {""srb_left"": 15, ""srb_right"": 15}, ""atr"": {""atr_length"": 14, ""atr_mult"": 1.0}}",LIGHTSPEED COMMERCE INC,1D,,,,,,
2026-05-29 00:00:00,Long,BCAR,10.97,2.43%,10.66,sqz,参数二,"{""sqz"": {""bb_length"": 20, ""bb_mult"": 1.8, ""kc_length"": 20, ""kc_mult"": 1.5, ""min_sqz_bars"": 4}, ""r&s"": {""srb_left"": 15, ""srb_right"": 15}, ""atr"": {""atr_length"": 14, ""atr_mult"": 1.0}}",D. BORAL ARC ACQUISIT - CL A,1D,一直释放,nan-10.08-10.65,低-高,nan%-5.65%,93.0,5.65
2026-05-29 00:00:00,Short,GFS,79.97,-0.82%,87.83,utb,参数一,"{""utb"": {""key_value"": 2, ""atr_period"": 14, ""use_ha"": false}, ""r&s"": {""srb_left"": 10, ""srb_right"": 10}, ""atr"": {""atr_length"": 14, ""atr_mult"": 1.0}}",GLOBALFOUNDRIES INC,1D,,,,,,
2026-05-29 00:00:00,Long,R,250.85,0.82%,238.68,utb,参数二,"{""utb"": {""key_value"": 3, ""atr_period"": 14, ""use_ha"": false}, ""r&s"": {""srb_left"": 15, ""srb_right"": 15}, ""atr"": {""atr_length"": 14, ""atr_mult"": 1.0}}",RYDER SYSTEM INC,1D,,,,,,
2026-05-29 00:00:00,Short,CCOI,17.76,-10.39%,20.95,utb,参数一,"{""utb"": {""key_value"": 2, ""atr_period"": 14, ""use_ha"": false}, ""r&s"": {""srb_left"": 10, ""srb_right"": 10}, ""atr"": {""atr_length"": 14, ""atr_mult"": 1.0}}",COGENT COMMUNICATIONS HOLDIN,1D,,,,,,
2026-05-29 00:00:00,Long,CNK,28.0,2.79%,26.07,utb,参数一,"{""utb"": {""key_value"": 2, ""atr_period"": 14, ""use_ha"": false}, ""r&s"": {""srb_left"": 10, ""srb_right"": 10}, ""atr"": {""atr_length"": 14, ""atr_mult"": 1.0}}",CINEMARK HOLDINGS INC,1D,,,,,,
2026-05-29 00:00:00,Long,SMR,12.67,3.94%,10.56,utb,参数一,"{""utb"": {""key_value"": 2, ""atr_period"": 14, ""use_ha"": false}, ""r&s"": {""srb_left"": 10, ""srb_right"": 10}, ""atr"": {""atr_length"": 14, ""atr_mult"": 1.0}}",NUSCALE POWER CORP,1D,,,,,,
2026-05-29 00:00:00,Short,SLB,54.55,-1.03%,56.74,utb,参数一,"{""utb"": {""key_value"": 2, ""atr_period"": 14, ""use_ha"": false}, ""r&s"": {""srb_left"": 10, ""srb_right"": 10}, ""atr"": {""atr_length"": 14, ""atr_mult"": 1.0}}",SLB LTD,1D,,,,,,
2026-05-29 00:00:00,Long,FJET,7.46,9.06%,5.43,sqz,参数一,"{""sqz"": {""bb_length"": 15, ""bb_mult"": 1.5, ""kc_length"": 15, ""kc_mult"": 1.2, ""min_sqz_bars"": 4}, ""r&s"": {""srb_left"": 10, ""srb_right"": 10}, ""atr"": {""atr_length"": 14, ""atr_mult"": 1.0}}",STARFIGHTERS SPACE INC,1D,一直亮绿,nan-11.67-8.48-7.25,低-低-低,nan%-27.34%-14.50%,26.0,54.58
2026-05-29 00:00:00,Short,CECO,74.75,-10.27%,88.31,utb,参数一,"{""utb"": {""key_value"": 2, ""atr_period"": 14, ""use_ha"": false}, ""r&s"": {""srb_left"": 10, ""srb_right"": 10}, ""atr"": {""atr_length"": 14, ""atr_mult"": 1.0}}",CECO ENVIRONMENTAL CORP,1D,,,,,,
2026-05-29 00:00:00,Short,CECO,74.75,-10.27%,88.31,utb,参数二,"{""utb"": {""key_value"": 3, ""atr_period"": 14, ""use_ha"": false}, ""r&s"": {""srb_left"": 15, ""srb_right"": 15}, ""atr"": {""atr_length"": 14, ""atr_mult"": 1.0}}",CECO ENVIRONMENTAL CORP,1D,,,,,,
2026-05-29 00:00:00,Long,CCSI,34.35,7.28%,30.21,utb,参数二,"{""utb"": {""key_value"": 3, ""atr_period"": 14, ""use_ha"": false}, ""r&s"": {""srb_left"": 15, ""srb_right"": 15}, ""atr"": {""atr_length"": 14, ""atr_mult"": 1.0}}",CONSENSUS CLOUD SOLUTION,1D,,,,,,
2026-05-29 00:00:00,Long,HON,237.86,2.09%,226.44,sqz,参数一,"{""sqz"": {""bb_length"": 15, ""bb_mult"": 1.5, ""kc_length"": 15, ""kc_mult"": 1.2, ""min_sqz_bars"": 4}, ""r&s"": {""srb_left"": 10, ""srb_right"": 10}, ""atr"": {""atr_length"": 14, ""atr_mult"": 1.0}}",HONEYWELL INTERNATIONAL INC,1D,一直亮绿,206.83-206.28-200.36-246.82-235.54,低-低-高-低,0.27%-2.87%-23.19%-4.57%,34.0,13.95
2026-05-29 00:00:00,Long,HON,237.86,2.09%,226.44,sqz,参数二,"{""sqz"": {""bb_length"": 20, ""bb_mult"": 1.8, ""kc_length"": 20, ""kc_mult"": 1.5, ""min_sqz_bars"": 4}, ""r&s"": {""srb_left"": 15, ""srb_right"": 15}, ""atr"": {""atr_length"": 14, ""atr_mult"": 1.0}}",HONEYWELL INTERNATIONAL INC,1D,一直亮绿,222.96-206.83-206.28-246.82-235.54,低-低-高-低,7.23%-0.27%-19.66%-4.57%,34.0,13.95
2026-05-29 00:00:00,Short,STEP,49.31,-1.56%,53.08,sqz,参数一,"{""sqz"": {""bb_length"": 15, ""bb_mult"": 1.5, ""kc_length"": 15, ""kc_mult"": 1.2, ""min_sqz_bars"": 4}, ""r&s"": {""srb_left"": 10, ""srb_right"": 10}, ""atr"": {""atr_length"": 14, ""atr_mult"": 1.0}}",STEPSTONE GROUP INC-CLASS A,1D,支撑释放,58.76-55.2-56.79-40.58-49.47,低-高-低-高,6.06%-2.88%-28.54%-21.92%,22.0,15.23
2026-05-29 00:00:00,Long,ECX,1.18,12.38%,0.95,utb,参数一,"{""utb"": {""key_value"": 2, ""atr_period"": 14, ""use_ha"": false}, ""r&s"": {""srb_left"": 10, ""srb_right"": 10}, ""atr"": {""atr_length"": 14, ""atr_mult"": 1.0}}",ECARX HOLDINGS INC-CL A,1D,,,,,,
2026-05-29 00:00:00,Long,RNAC,7.54,4.58%,6.23,utb,参数一,"{""utb"": {""key_value"": 2, ""atr_period"": 14, ""use_ha"": false}, ""r&s"": {""srb_left"": 10, ""srb_right"": 10}, ""atr"": {""atr_length"": 14, ""atr_mult"": 1.0}}",CARTESIAN THERAPEUTICS INC,1D,,,,,,
2026-05-29 00:00:00,Long,CRNT,2.89,1.05%,2.68,sqz,参数一,"{""sqz"": {""bb_length"": 15, ""bb_mult"": 1.5, ""kc_length"": 15, ""kc_mult"": 1.2, ""min_sqz_bars"": 4}, ""r&s"": {""srb_left"": 10, ""srb_right"": 10}, ""atr"": {""atr_length"": 14, ""atr_mult"": 1.0}}",CERAGON NETWORKS LTD,1D,压力释放,2.84-2.16-2.46-2.35-2.81,低-高-低-高,23.94%-13.89%-4.47%-19.57%,17.0,18.57
2026-05-29 00:00:00,Short,ALGS,5.7,-1.55%,6.43,sqz,参数二,"{""sqz"": {""bb_length"": 20, ""bb_mult"": 1.8, ""kc_length"": 20, ""kc_mult"": 1.5, ""min_sqz_bars"": 4}, ""r&s"": {""srb_left"": 15, ""srb_right"": 15}, ""atr"": {""atr_length"": 14, ""atr_mult"": 1.0}}",ALIGOS THERAPEUTICS INC,1D,一直释放,6.82-7.01-8.9-5.81-6.23,高-高-低-高,2.73%-26.96%-34.72%-7.23%,71.0,43.98
2026-05-29 00:00:00,Long,VWAV,6.32,4.12%,5.41,utb,参数一,"{""utb"": {""key_value"": 2, ""atr_period"": 14, ""use_ha"": false}, ""r&s"": {""srb_left"": 10, ""srb_right"": 10}, ""atr"": {""atr_length"": 14, ""atr_mult"": 1.0}}",VISIONWAVE HOLDINGS INC,1D,,,,,,
2026-05-29 00:00:00,Short,TBPH,16.06,-0.93%,16.63,utb,参数一,"{""utb"": {""key_value"": 2, ""atr_period"": 14, ""use_ha"": false}, ""r&s"": {""srb_left"": 10, ""srb_right"": 10}, ""atr"": {""atr_length"": 14, ""atr_mult"": 1.0}}",THERAVANCE BIOPHARMA INC,1D,,,,,,
2026-05-29 00:00:00,Long,VGZ,2.41,3.88%,2.17,utb,参数一,"{""utb"": {""key_value"": 2, ""atr_period"": 14, ""use_ha"": false}, ""r&s"": {""srb_left"": 10, ""srb_right"": 10}, ""atr"": {""atr_length"": 14, ""atr_mult"": 1.0}}",VISTA GOLD CORP,1D,,,,,,
2026-05-29 00:00:00,Long,TSSI,16.48,21.71%,13.8,utb,参数二,"{""utb"": {""key_value"": 3, ""atr_period"": 14, ""use_ha"": false}, ""r&s"": {""srb_left"": 15, ""srb_right"": 15}, ""atr"": {""atr_length"": 14, ""atr_mult"": 1.0}}",TSS INC,1D,,,,,,
2026-05-29 00:00:00,Long,CGNT,11.57,9.88%,10.11,utb,参数一,"{""utb"": {""key_value"": 2, ""atr_period"": 14, ""use_ha"": false}, ""r&s"": {""srb_left"": 10, ""srb_right"": 10}, ""atr"": {""atr_length"": 14, ""atr_mult"": 1.0}}",COGNYTE SOFTWARE LTD,1D,,,,,,
2026-05-29 00:00:00,Long,CACC,573.64,2.36%,539.92,sqz,参数二,"{""sqz"": {""bb_length"": 20, ""bb_mult"": 1.8, ""kc_length"": 20, ""kc_mult"": 1.5, ""min_sqz_bars"": 4}, ""r&s"": {""srb_left"": 15, ""srb_right"": 15}, ""atr"": {""atr_length"": 14, ""atr_mult"": 1.0}}",CREDIT ACCEPTANCE CORP,1D,一直亮绿,515.88-485.0-517.8-519.0-565.14,低-高-高-高,5.99%-6.76%-0.23%-8.89%,16.0,10.81
2026-05-29 00:00:00,Short,PBA,46.55,-1.42%,48.15,utb,参数二,"{""utb"": {""key_value"": 3, ""atr_period"": 14, ""use_ha"": false}, ""r&s"": {""srb_left"": 15, ""srb_right"": 15}, ""atr"": {""atr_length"": 14, ""atr_mult"": 1.0}}",PEMBINA PIPELINE CORP,1D,,,,,,
2026-05-29 00:00:00,Long,HUBS,220.63,10.98%,187.27,utb,参数一,"{""utb"": {""key_value"": 2, ""atr_period"": 14, ""use_ha"": false}, ""r&s"": {""srb_left"": 10, ""srb_right"": 10}, ""atr"": {""atr_length"": 14, ""atr_mult"": 1.0}}",HUBSPOT INC,1D,,,,,,
2026-05-29 00:00:00,Long,PLTK,3.77,5.01%,3.39,utb,参数一,"{""utb"": {""key_value"": 2, ""atr_period"": 14, ""use_ha"": false}, ""r&s"": {""srb_left"": 10, ""srb_right"": 10}, ""atr"": {""atr_length"": 14, ""atr_mult"": 1.0}}",PLAYTIKA HOLDING CORP,1D,,,,,,
2026-05-29 00:00:00,Short,MDT,73.81,-2.33%,77.52,utb,参数一,"{""utb"": {""key_value"": 2, ""atr_period"": 14, ""use_ha"": false}, ""r&s"": {""srb_left"": 10, ""srb_right"": 10}, ""atr"": {""atr_length"": 14, ""atr_mult"": 1.0}}",MEDTRONIC PLC,1D,,,,,,
2026-05-29 00:00:00,Short,MDT,73.81,-2.33%,77.52,sqz,参数二,"{""sqz"": {""bb_length"": 20, ""bb_mult"": 1.8, ""kc_length"": 20, ""kc_mult"": 1.5, ""min_sqz_bars"": 4}, ""r&s"": {""srb_left"": 15, ""srb_right"": 15}, ""atr"": {""atr_length"": 14, ""atr_mult"": 1.0}}",MEDTRONIC PLC,1D,一直释放,77.1-77.47-85.51-87.67-94.4,高-高-高-高,0.48%-10.38%-2.53%-7.67%,100.0,10.85
2026-05-29 00:00:00,Long,ACET,9.31,7.75%,7.96,sqz,参数一,"{""sqz"": {""bb_length"": 15, ""bb_mult"": 1.5, ""kc_length"": 15, ""kc_mult"": 1.2, ""min_sqz_bars"": 4}, ""r&s"": {""srb_left"": 10, ""srb_right"": 10}, ""atr"": {""atr_length"": 14, ""atr_mult"": 1.0}}",ADICET BIO INC,1D,压力释放,9.05-9.0-8.12-8.79-8.9,低-低-高-高,0.55%-9.78%-8.25%-1.25%,14.0,25.53
2026-05-29 00:00:00,Long,SEB,5081.93,0.69%,4811.88,utb,参数一,"{""utb"": {""key_value"": 2, ""atr_period"": 14, ""use_ha"": false}, ""r&s"": {""srb_left"": 10, ""srb_right"": 10}, ""atr"": {""atr_length"": 14, ""atr_mult"": 1.0}}",SEABOARD CORP,1D,,,,,,
2026-05-29 00:00:00,Long,WRN,2.98,1.71%,2.72,utb,参数一,"{""utb"": {""key_value"": 2, ""atr_period"": 14, ""use_ha"": false}, ""r&s"": {""srb_left"": 10, ""srb_right"": 10}, ""atr"": {""atr_length"": 14, ""atr_mult"": 1.0}}",WESTERN COPPER AND GOLD CORP,1D,,,,,,
2026-05-29 00:00:00,Long,MDB,335.55,3.03%,283.43,utb,参数一,"{""utb"": {""key_value"": 2, ""atr_period"": 14, ""use_ha"": false}, ""r&s"": {""srb_left"": 10, ""srb_right"": 10}, ""atr"": {""atr_length"": 14, ""atr_mult"": 1.0}}",MONGODB INC,1D,,,,,,
2026-05-29 00:00:00,Long,DAVE,282.56,5.11%,250.33,utb,参数二,"{""utb"": {""key_value"": 3, ""atr_period"": 14, ""use_ha"": false}, ""r&s"": {""srb_left"": 15, ""srb_right"": 15}, ""atr"": {""atr_length"": 14, ""atr_mult"": 1.0}}",DAVE INC,1D,,,,,,
2026-05-29 00:00:00,Long,XIFR,12.48,5.32%,11.23,utb,参数一,"{""utb"": {""key_value"": 2, ""atr_period"": 14, ""use_ha"": false}, ""r&s"": {""srb_left"": 10, ""srb_right"": 10}, ""atr"": {""atr_length"": 14, ""atr_mult"": 1.0}}",XPLR INFRASTRUCTURE LP,1D,,,,,,
2026-05-29 00:00:00,Long,XIFR,12.48,5.32%,11.23,sqz,参数二,"{""sqz"": {""bb_length"": 20, ""bb_mult"": 1.8, ""kc_length"": 20, ""kc_mult"": 1.5, ""min_sqz_bars"": 4}, ""r&s"": {""srb_left"": 15, ""srb_right"": 15}, ""atr"": {""atr_length"": 14, ""atr_mult"": 1.0}}",XPLR INFRASTRUCTURE LP,1D,一直释放,10.62-11.43-11.4-11.32-10.97,高-低-低-低,7.63%-0.26%-0.70%-3.09%,54.0,11.43
2026-05-29 00:00:00,Long,CWT,45.1,2.92%,42.59,utb,参数一,"{""utb"": {""key_value"": 2, ""atr_period"": 14, ""use_ha"": false}, ""r&s"": {""srb_left"": 10, ""srb_right"": 10}, ""atr"": {""atr_length"": 14, ""atr_mult"": 1.0}}",CALIFORNIA WATER SERVICE GRP,1D,,,,,,
2026-05-29 00:00:00,Long,CRM,191.1,8.47%,171.76,utb,参数一,"{""utb"": {""key_value"": 2, ""atr_period"": 14, ""use_ha"": false}, ""r&s"": {""srb_left"": 10, ""srb_right"": 10}, ""atr"": {""atr_length"": 14, ""atr_mult"": 1.0}}",SALESFORCE INC,1D,,,,,,
2026-05-29 00:00:00,Long,CRM,191.1,8.47%,171.76,utb,参数二,"{""utb"": {""key_value"": 3, ""atr_period"": 14, ""use_ha"": false}, ""r&s"": {""srb_left"": 15, ""srb_right"": 15}, ""atr"": {""atr_length"": 14, ""atr_mult"": 1.0}}",SALESFORCE INC,1D,,,,,,
2026-05-29 00:00:00,Long,AIOT,3.91,8.31%,3.39,sqz,参数二,"{""sqz"": {""bb_length"": 20, ""bb_mult"": 1.8, ""kc_length"": 20, ""kc_mult"": 1.5, ""min_sqz_bars"": 4}, ""r&s"": {""srb_left"": 15, ""srb_right"": 15}, ""atr"": {""atr_length"": 14, ""atr_mult"": 1.0}}",POWERFLEET INC,1D,压力释放,5.7-5.66-5.88-5.81-3.69,低-高-低-低,0.70%-3.89%-1.19%-36.49%,27.0,22.59
2026-05-29 00:00:00,Short,KVHI,9.28,-10.77%,11.58,utb,参数一,"{""utb"": {""key_value"": 2, ""atr_period"": 14, ""use_ha"": false}, ""r&s"": {""srb_left"": 10, ""srb_right"": 10}, ""atr"": {""atr_length"": 14, ""atr_mult"": 1.0}}",KVH INDUSTRIES INC,1D,,,,,,
2026-05-29 00:00:00,Short,KVHI,9.28,-10.77%,11.58,utb,参数二,"{""utb"": {""key_value"": 3, ""atr_period"": 14, ""use_ha"": false}, ""r&s"": {""srb_left"": 15, ""srb_right"": 15}, ""atr"": {""atr_length"": 14, ""atr_mult"": 1.0}}",KVH INDUSTRIES INC,1D,,,,,,
2026-05-29 00:00:00,Long,KGC,30.18,3.04%,27.84,utb,参数一,"{""utb"": {""key_value"": 2, ""atr_period"": 14, ""use_ha"": false}, ""r&s"": {""srb_left"": 10, ""srb_right"": 10}, ""atr"": {""atr_length"": 14, ""atr_mult"": 1.0}}",KINROSS GOLD CORP,1D,,,,,,
2026-05-29 00:00:00,Long,SA,34.11,5.54%,30.06,utb,参数二,"{""utb"": {""key_value"": 3, ""atr_period"": 14, ""use_ha"": false}, ""r&s"": {""srb_left"": 15, ""srb_right"": 15}, ""atr"": {""atr_length"": 14, ""atr_mult"": 1.0}}",SEABRIDGE GOLD INC,1D,,,,,,
2026-05-29 00:00:00,Short,HCC,94.54,-9.60%,109.51,utb,参数一,"{""utb"": {""key_value"": 2, ""atr_period"": 14, ""use_ha"": false}, ""r&s"": {""srb_left"": 10, ""srb_right"": 10}, ""atr"": {""atr_length"": 14, ""atr_mult"": 1.0}}",WARRIOR MET COAL INC,1D,,,,,,
2026-05-29 00:00:00,Long,AMC,1.73,9.49%,1.42,utb,参数二,"{""utb"": {""key_value"": 3, ""atr_period"": 14, ""use_ha"": false}, ""r&s"": {""srb_left"": 15, ""srb_right"": 15}, ""atr"": {""atr_length"": 14, ""atr_mult"": 1.0}}",AMC ENTERTAINMENT HLDS-CL A,1D,,,,,,
2026-05-29 00:00:00,Long,GLUE,19.71,1.65%,18.2,utb,参数一,"{""utb"": {""key_value"": 2, ""atr_period"": 14, ""use_ha"": false}, ""r&s"": {""srb_left"": 10, ""srb_right"": 10}, ""atr"": {""atr_length"": 14, ""atr_mult"": 1.0}}",MONTE ROSA THERAPEUTICS INC,1D,,,,,,
2026-05-29 00:00:00,Long,APPN,23.4,6.17%,20.6,utb,参数二,"{""utb"": {""key_value"": 3, ""atr_period"": 14, ""use_ha"": false}, ""r&s"": {""srb_left"": 15, ""srb_right"": 15}, ""atr"": {""atr_length"": 14, ""atr_mult"": 1.0}}",APPIAN CORP-A,1D,,,,,,
2026-05-29 00:00:00,Short,COST,956.32,-3.91%,1022.9,sqz,参数二,"{""sqz"": {""bb_length"": 20, ""bb_mult"": 1.8, ""kc_length"": 20, ""kc_mult"": 1.5, ""min_sqz_bars"": 4}, ""r&s"": {""srb_left"": 15, ""srb_right"": 15}, ""atr"": {""atr_length"": 14, ""atr_mult"": 1.0}}",COSTCO WHOLESALE CORP,1D,一直释放,919.82-929.31-899.48-841.69-959.07,高-低-低-高,1.03%-3.21%-6.42%-13.95%,58.0,14.33
2026-05-29 00:00:00,Long,DOCS,21.4,1.57%,19.48,utb,参数一,"{""utb"": {""key_value"": 2, ""atr_period"": 14, ""use_ha"": false}, ""r&s"": {""srb_left"": 10, ""srb_right"": 10}, ""atr"": {""atr_length"": 14, ""atr_mult"": 1.0}}",DOXIMITY INC-CLASS A,1D,,,,,,
2026-05-29 00:00:00,Long,AISP,3.02,2.37%,2.7,sqz,参数一,"{""sqz"": {""bb_length"": 15, ""bb_mult"": 1.5, ""kc_length"": 15, ""kc_mult"": 1.2, ""min_sqz_bars"": 4}, ""r&s"": {""srb_left"": 10, ""srb_right"": 10}, ""atr"": {""atr_length"": 14, ""atr_mult"": 1.0}}",AIRSHIP AI HOLDINGS INC,1D,压力释放,3.92-4.32-2.97-2.79-2.69,高-低-低-低,10.18%-31.25%-6.06%-3.58%,13.0,21.44
2026-05-29 00:00:00,Long,AISP,3.02,2.37%,2.7,sqz,参数二,"{""sqz"": {""bb_length"": 20, ""bb_mult"": 1.8, ""kc_length"": 20, ""kc_mult"": 1.5, ""min_sqz_bars"": 4}, ""r&s"": {""srb_left"": 15, ""srb_right"": 15}, ""atr"": {""atr_length"": 14, ""atr_mult"": 1.0}}",AIRSHIP AI HOLDINGS INC,1D,压力释放,5.78-6.35-7.2-4.32-2.79,高-高-低-低,9.86%-13.39%-40.00%-35.42%,26.0,30.99
2026-05-29 00:00:00,Short,SKWD,44.12,-1.45%,46.91,utb,参数一,"{""utb"": {""key_value"": 2, ""atr_period"": 14, ""use_ha"": false}, ""r&s"": {""srb_left"": 10, ""srb_right"": 10}, ""atr"": {""atr_length"": 14, ""atr_mult"": 1.0}}",SKYWARD SPECIALTY INSURANCE,1D,,,,,,
2026-05-29 00:00:00,Short,LB,70.18,-6.73%,79.44,utb,参数一,"{""utb"": {""key_value"": 2, ""atr_period"": 14, ""use_ha"": false}, ""r&s"": {""srb_left"": 10, ""srb_right"": 10}, ""atr"": {""atr_length"": 14, ""atr_mult"": 1.0}}",LANDBRIDGE CO LLC-A,1D,,,,,,
2026-05-29 00:00:00,Short,AFG,129.8,-1.67%,134.99,utb,参数一,"{""utb"": {""key_value"": 2, ""atr_period"": 14, ""use_ha"": false}, ""r&s"": {""srb_left"": 10, ""srb_right"": 10}, ""atr"": {""atr_length"": 14, ""atr_mult"": 1.0}}",AMERICAN FINANCIAL GROUP INC,1D,,,,,,
2026-05-29 00:00:00,Long,TEAM,107.61,15.35%,90.63,sqz,参数一,"{""sqz"": {""bb_length"": 15, ""bb_mult"": 1.5, ""kc_length"": 15, ""kc_mult"": 1.2, ""min_sqz_bars"": 4}, ""r&s"": {""srb_left"": 10, ""srb_right"": 10}, ""atr"": {""atr_length"": 14, ""atr_mult"": 1.0}}",ATLASSIAN CORP-CL A,1D,压力释放,184.0-176.72-166.48-84.95-96.32,低-低-低-高,3.96%-5.79%-48.97%-13.38%,18.0,23.17
2026-05-29 00:00:00,Short,ACGL,89.34,-1.47%,93.22,sqz,参数二,"{""sqz"": {""bb_length"": 20, ""bb_mult"": 1.8, ""kc_length"": 20, ""kc_mult"": 1.5, ""min_sqz_bars"": 4}, ""r&s"": {""srb_left"": 15, ""srb_right"": 15}, ""atr"": {""atr_length"": 14, ""atr_mult"": 1.0}}",ARCH CAPITAL GROUP LTD,1D,支撑释放,82.45-90.5-89.94-91.43-91.44,高-低-高-高,9.76%-0.62%-1.66%-0.01%,21.0,6.55
2026-05-29 00:00:00,Long,BLND,1.79,4.07%,1.55,utb,参数二,"{""utb"": {""key_value"": 3, ""atr_period"": 14, ""use_ha"": false}, ""r&s"": {""srb_left"": 15, ""srb_right"": 15}, ""atr"": {""atr_length"": 14, ""atr_mult"": 1.0}}",BLEND LABS INC-A,1D,,,,,,
2026-05-29 00:00:00,Short,CMTV,36.09,-5.33%,40.19,utb,参数一,"{""utb"": {""key_value"": 2, ""atr_period"": 14, ""use_ha"": false}, ""r&s"": {""srb_left"": 10, ""srb_right"": 10}, ""atr"": {""atr_length"": 14, ""atr_mult"": 1.0}}",COMMUNITY BANCORP INC/VT,1D,,,,,,
2026-05-29 00:00:00,Short,POST,91.84,-4.70%,99.56,sqz,参数一,"{""sqz"": {""bb_length"": 15, ""bb_mult"": 1.5, ""kc_length"": 15, ""kc_mult"": 1.2, ""min_sqz_bars"": 4}, ""r&s"": {""srb_left"": 10, ""srb_right"": 10}, ""atr"": {""atr_length"": 14, ""atr_mult"": 1.0}}",POST HOLDINGS INC,1D,一直亮红,102.28-100.44-95.07-96.11-94.13,低-低-高-低,1.80%-5.35%-1.09%-2.06%,45.0,14.83
2026-05-29 00:00:00,Short,POST,91.84,-4.70%,99.56,sqz,参数二,"{""sqz"": {""bb_length"": 20, ""bb_mult"": 1.8, ""kc_length"": 20, ""kc_mult"": 1.5, ""min_sqz_bars"": 4}, ""r&s"": {""srb_left"": 15, ""srb_right"": 15}, ""atr"": {""atr_length"": 14, ""atr_mult"": 1.0}}",POST HOLDINGS INC,1D,一直亮红,101.05-102.28-95.07-96.11-94.13,高-低-高-低,1.22%-7.05%-1.09%-2.06%,45.0,14.83
2026-05-29 00:00:00,Short,INV,5.33,-9.20%,6.46,utb,参数二,"{""utb"": {""key_value"": 3, ""atr_period"": 14, ""use_ha"": false}, ""r&s"": {""srb_left"": 15, ""srb_right"": 15}, ""atr"": {""atr_length"": 14, ""atr_mult"": 1.0}}",INNVENTURE INC,1D,,,,,,
2026-05-29 00:00:00,Long,PHR,9.86,4.34%,8.35,utb,参数一,"{""utb"": {""key_value"": 2, ""atr_period"": 14, ""use_ha"": false}, ""r&s"": {""srb_left"": 10, ""srb_right"": 10}, ""atr"": {""atr_length"": 14, ""atr_mult"": 1.0}}",PHREESIA INC,1D,,,,,,
2026-05-29 00:00:00,Short,AEMD,2.21,-24.83%,3.04,utb,参数一,"{""utb"": {""key_value"": 2, ""atr_period"": 14, ""use_ha"": false}, ""r&s"": {""srb_left"": 10, ""srb_right"": 10}, ""atr"": {""atr_length"": 14, ""atr_mult"": 1.0}}",AETHLON MEDICAL INC,1D,,,,,,
2026-05-29 00:00:00,Short,AEMD,2.21,-24.83%,3.04,utb,参数二,"{""utb"": {""key_value"": 3, ""atr_period"": 14, ""use_ha"": false}, ""r&s"": {""srb_left"": 15, ""srb_right"": 15}, ""atr"": {""atr_length"": 14, ""atr_mult"": 1.0}}",AETHLON MEDICAL INC,1D,,,,,,
2026-05-29 00:00:00,Short,CRAI,138.75,-6.47%,156.2,sqz,参数二,"{""sqz"": {""bb_length"": 20, ""bb_mult"": 1.8, ""kc_length"": 20, ""kc_mult"": 1.5, ""min_sqz_bars"": 4}, ""r&s"": {""srb_left"": 15, ""srb_right"": 15}, ""atr"": {""atr_length"": 14, ""atr_mult"": 1.0}}",CRA INTERNATIONAL INC,1D,一直释放,165.66-171.47-168.05-148.89-150.92,高-低-低-高,3.51%-2.00%-11.40%-1.36%,50.0,12.62
2026-05-29 00:00:00,Long,OSTX,2.14,8.08%,1.84,sqz,参数一,"{""sqz"": {""bb_length"": 15, ""bb_mult"": 1.5, ""kc_length"": 15, ""kc_mult"": 1.2, ""min_sqz_bars"": 4}, ""r&s"": {""srb_left"": 10, ""srb_right"": 10}, ""atr"": {""atr_length"": 14, ""atr_mult"": 1.0}}",OS THERAPIES INC,1D,压力释放,1.99-1.94-2.09-1.64-1.86,低-高-低-高,2.51%-7.47%-21.34%-13.11%,57.0,59.91
2026-05-29 00:00:00,Long,OSTX,2.14,8.08%,1.84,sqz,参数二,"{""sqz"": {""bb_length"": 20, ""bb_mult"": 1.8, ""kc_length"": 20, ""kc_mult"": 1.5, ""min_sqz_bars"": 4}, ""r&s"": {""srb_left"": 15, ""srb_right"": 15}, ""atr"": {""atr_length"": 14, ""atr_mult"": 1.0}}",OS THERAPIES INC,1D,压力释放,2.07-2.04-2.57-2.09-1.86,低-高-低-低,1.45%-25.98%-18.87%-11.03%,57.0,59.91
2026-05-29 00:00:00,Long,PD,9.95,33.74%,8.13,sqz,参数一,"{""sqz"": {""bb_length"": 15, ""bb_mult"": 1.5, ""kc_length"": 15, ""kc_mult"": 1.2, ""min_sqz_bars"": 4}, ""r&s"": {""srb_left"": 10, ""srb_right"": 10}, ""atr"": {""atr_length"": 14, ""atr_mult"": 1.0}}",PAGERDUTY INC,1D,压力释放,16.4-16.32-13.56-8.06-7.76,低-低-低-低,0.49%-16.92%-40.59%-3.66%,15.0,21.06
2026-05-29 00:00:00,Long,PD,9.95,33.74%,8.13,sqz,参数二,"{""sqz"": {""bb_length"": 20, ""bb_mult"": 1.8, ""kc_length"": 20, ""kc_mult"": 1.5, ""min_sqz_bars"": 4}, ""r&s"": {""srb_left"": 15, ""srb_right"": 15}, ""atr"": {""atr_length"": 14, ""atr_mult"": 1.0}}",PAGERDUTY INC,1D,压力释放,17.23-18.0-17.29-13.56-8.06,高-低-低-低,4.47%-3.94%-21.58%-40.59%,58.0,41.32
2026-05-29 00:00:00,Long,OPAL,2.26,1.80%,2.0,utb,参数一,"{""utb"": {""key_value"": 2, ""atr_period"": 14, ""use_ha"": false}, ""r&s"": {""srb_left"": 10, ""srb_right"": 10}, ""atr"": {""atr_length"": 14, ""atr_mult"": 1.0}}",OPAL FUELS INC-A,1D,,,,,,
2026-05-29 00:00:00,Short,HLX,9.35,0.00%,9.86,sqz,参数一,"{""sqz"": {""bb_length"": 15, ""bb_mult"": 1.5, ""kc_length"": 15, ""kc_mult"": 1.2, ""min_sqz_bars"": 4}, ""r&s"": {""srb_left"": 10, ""srb_right"": 10}, ""atr"": {""atr_length"": 14, ""atr_mult"": 1.0}}",HELIX ENERGY SOLUTIONS GROUP,1D,支撑释放,6.17-6.11-8.58-8.96-9.43,低-高-高-高,0.97%-40.43%-4.43%-5.25%,15.0,12.41
2026-05-29 00:00:00,Long,IMSR,9.13,11.89%,6.79,sqz,参数一,"{""sqz"": {""bb_length"": 15, ""bb_mult"": 1.5, ""kc_length"": 15, ""kc_mult"": 1.2, ""min_sqz_bars"": 4}, ""r&s"": {""srb_left"": 10, ""srb_right"": 10}, ""atr"": {""atr_length"": 14, ""atr_mult"": 1.0}}",TERRESTRIAL ENERGY INC,1D,压力释放,11.49-12.01-31.5-13.52-8.94,高-高-低-低,4.53%-162.28%-57.06%-33.90%,25.0,47.77
2026-05-29 00:00:00,Long,IMSR,9.13,11.89%,6.79,utb,参数二,"{""utb"": {""key_value"": 3, ""atr_period"": 14, ""use_ha"": false}, ""r&s"": {""srb_left"": 15, ""srb_right"": 15}, ""atr"": {""atr_length"": 14, ""atr_mult"": 1.0}}",TERRESTRIAL ENERGY INC,1D,,,,,,
2026-05-29 00:00:00,Long,IMSR,9.13,11.89%,6.79,sqz,参数二,"{""sqz"": {""bb_length"": 20, ""bb_mult"": 1.8, ""kc_length"": 20, ""kc_mult"": 1.5, ""min_sqz_bars"": 4}, ""r&s"": {""srb_left"": 15, ""srb_right"": 15}, ""atr"": {""atr_length"": 14, ""atr_mult"": 1.0}}",TERRESTRIAL ENERGY INC,1D,压力释放,12.24-12.01-31.5-13.52-8.94,低-高-低-低,1.88%-162.28%-57.06%-33.90%,25.0,47.77
2026-05-29 00:00:00,Short,PLUS,82.09,-7.40%,89.29,utb,参数一,"{""utb"": {""key_value"": 2, ""atr_period"": 14, ""use_ha"": false}, ""r&s"": {""srb_left"": 10, ""srb_right"": 10}, ""atr"": {""atr_length"": 14, ""atr_mult"": 1.0}}",EPLUS INC,1D,,,,,,
2026-05-29 00:00:00,Short,CVSA,117.8,-2.75%,125.88,utb,参数二,"{""utb"": {""key_value"": 3, ""atr_period"": 14, ""use_ha"": false}, ""r&s"": {""srb_left"": 15, ""srb_right"": 15}, ""atr"": {""atr_length"": 14, ""atr_mult"": 1.0}}",COVISTA INC,1D,,,,,,
2026-05-29 00:00:00,Long,FDBC,46.71,1.15%,44.28,sqz,参数一,"{""sqz"": {""bb_length"": 15, ""bb_mult"": 1.5, ""kc_length"": 15, ""kc_mult"": 1.2, ""min_sqz_bars"": 4}, ""r&s"": {""srb_left"": 10, ""srb_right"": 10}, ""atr"": {""atr_length"": 14, ""atr_mult"": 1.0}}",FIDELITY D&D BANCORP INC,1D,压力释放,43.73-49.06-47.78-46.14-46.14,高-低-低-低,12.18%-2.62%-3.43%-0.00%,22.0,5.48
2026-05-29 00:00:00,Short,WMT,115.75,-2.65%,122.24,sqz,参数一,"{""sqz"": {""bb_length"": 15, ""bb_mult"": 1.5, ""kc_length"": 15, ""kc_mult"": 1.2, ""min_sqz_bars"": 4}, ""r&s"": {""srb_left"": 10, ""srb_right"": 10}, ""atr"": {""atr_length"": 14, ""atr_mult"": 1.0}}",WALMART INC,1D,一直亮红,98.29-109.38-115.02-120.57-117.8,高-高-高-低,11.28%-5.16%-4.82%-2.30%,48.0,14.74
2026-05-29 00:00:00,Short,WMT,115.75,-2.65%,122.24,sqz,参数二,"{""sqz"": {""bb_length"": 20, ""bb_mult"": 1.8, ""kc_length"": 20, ""kc_mult"": 1.5, ""min_sqz_bars"": 4}, ""r&s"": {""srb_left"": 15, ""srb_right"": 15}, ""atr"": {""atr_length"": 14, ""atr_mult"": 1.0}}",WALMART INC,1D,一直亮红,94.85-99.27-98.29-109.38-117.8,高-低-高-高,4.66%-0.99%-11.28%-7.70%,48.0,14.74
2026-05-29 00:00:00,Long,RVMD,157.48,1.84%,147.16,sqz,参数一,"{""sqz"": {""bb_length"": 15, ""bb_mult"": 1.5, ""kc_length"": 15, ""kc_mult"": 1.2, ""min_sqz_bars"": 4}, ""r&s"": {""srb_left"": 10, ""srb_right"": 10}, ""atr"": {""atr_length"": 14, ""atr_mult"": 1.0}}",REVOLUTION MEDICINES INC,1D,压力释放,42.4-39.62-124.49-107.45-155.7,低-高-低-高,6.56%-214.21%-13.69%-44.90%,30.0,18.84
2026-05-29 00:00:00,Short,CNEY,1.0,-37.89%,1.94,utb,参数一,"{""utb"": {""key_value"": 2, ""atr_period"": 14, ""use_ha"": false}, ""r&s"": {""srb_left"": 10, ""srb_right"": 10}, ""atr"": {""atr_length"": 14, ""atr_mult"": 1.0}}",CN ENERGY GROUP INC-A,1D,,,,,,
2026-05-29 00:00:00,Short,CNEY,1.0,-37.89%,1.94,utb,参数二,"{""utb"": {""key_value"": 3, ""atr_period"": 14, ""use_ha"": false}, ""r&s"": {""srb_left"": 15, ""srb_right"": 15}, ""atr"": {""atr_length"": 14, ""atr_mult"": 1.0}}",CN ENERGY GROUP INC-A,1D,,,,,,
2026-05-29 00:00:00,Long,VSEC,185.15,4.65%,166.13,utb,参数一,"{""utb"": {""key_value"": 2, ""atr_period"": 14, ""use_ha"": false}, ""r&s"": {""srb_left"": 10, ""srb_right"": 10}, ""atr"": {""atr_length"": 14, ""atr_mult"": 1.0}}",VSE CORP,1D,,,,,,
2026-05-29 00:00:00,Short,DNOW,12.79,-3.54%,13.73,utb,参数一,"{""utb"": {""key_value"": 2, ""atr_period"": 14, ""use_ha"": false}, ""r&s"": {""srb_left"": 10, ""srb_right"": 10}, ""atr"": {""atr_length"": 14, ""atr_mult"": 1.0}}",DNOW INC,1D,,,,,,
2026-05-29 00:00:00,Long,TNDM,17.2,2.87%,15.49,utb,参数二,"{""utb"": {""key_value"": 3, ""atr_period"": 14, ""use_ha"": false}, ""r&s"": {""srb_left"": 15, ""srb_right"": 15}, ""atr"": {""atr_length"": 14, ""atr_mult"": 1.0}}",TANDEM DIABETES CARE INC,1D,,,,,,
2026-05-29 00:00:00,Long,FIZZ,36.99,-0.67%,35.72,sqz,参数一,"{""sqz"": {""bb_length"": 15, ""bb_mult"": 1.5, ""kc_length"": 15, ""kc_mult"": 1.2, ""min_sqz_bars"": 4}, ""r&s"": {""srb_left"": 10, ""srb_right"": 10}, ""atr"": {""atr_length"": 14, ""atr_mult"": 1.0}}",NATIONAL BEVERAGE CORP,1D,压力释放,47.89-47.85-35.91-38.0-35.57,低-低-高-低,0.08%-24.95%-5.82%-6.39%,35.0,8.51
2026-05-29 00:00:00,Long,FIZZ,36.99,-0.67%,35.72,sqz,参数二,"{""sqz"": {""bb_length"": 20, ""bb_mult"": 1.8, ""kc_length"": 20, ""kc_mult"": 1.5, ""min_sqz_bars"": 4}, ""r&s"": {""srb_left"": 15, ""srb_right"": 15}, ""atr"": {""atr_length"": 14, ""atr_mult"": 1.0}}",NATIONAL BEVERAGE CORP,1D,压力释放,46.99-47.89-35.91-38.0-35.57,高-低-高-低,1.92%-25.02%-5.82%-6.39%,35.0,8.51
2026-05-29 00:00:00,Short,RSG,200.44,-1.60%,207.73,utb,参数二,"{""utb"": {""key_value"": 3, ""atr_period"": 14, ""use_ha"": false}, ""r&s"": {""srb_left"": 15, ""srb_right"": 15}, ""atr"": {""atr_length"": 14, ""atr_mult"": 1.0}}",REPUBLIC SERVICES INC,1D,,,,,,
2026-05-29 00:00:00,Short,PANL,7.57,-1.43%,8.12,utb,参数二,"{""utb"": {""key_value"": 3, ""atr_period"": 14, ""use_ha"": false}, ""r&s"": {""srb_left"": 15, ""srb_right"": 15}, ""atr"": {""atr_length"": 14, ""atr_mult"": 1.0}}",PANGAEA LOGISTICS SOLUTIONS,1D,,,,,,
2026-05-29 00:00:00,Short,CING,4.16,-4.15%,4.87,sqz,参数二,"{""sqz"": {""bb_length"": 20, ""bb_mult"": 1.8, ""kc_length"": 20, ""kc_mult"": 1.5, ""min_sqz_bars"": 4}, ""r&s"": {""srb_left"": 15, ""srb_right"": 15}, ""atr"": {""atr_length"": 14, ""atr_mult"": 1.0}}",CINGULATE INC,1D,支撑释放,3.28-3.5-3.46-3.2-4.2,高-低-低-高,6.71%-1.14%-7.51%-31.25%,21.0,31.9
2026-05-29 00:00:00,Long,AMN,28.97,3.72%,26.38,utb,参数一,"{""utb"": {""key_value"": 2, ""atr_period"": 14, ""use_ha"": false}, ""r&s"": {""srb_left"": 10, ""srb_right"": 10}, ""atr"": {""atr_length"": 14, ""atr_mult"": 1.0}}",AMN HEALTHCARE SERVICES INC,1D,,,,,,
2026-05-29 00:00:00,Long,CHWY,22.54,5.43%,20.28,utb,参数一,"{""utb"": {""key_value"": 2, ""atr_period"": 14, ""use_ha"": false}, ""r&s"": {""srb_left"": 10, ""srb_right"": 10}, ""atr"": {""atr_length"": 14, ""atr_mult"": 1.0}}",CHEWY INC - CLASS A,1D,,,,,,
2026-05-29 00:00:00,Long,GRDX,5.61,13.33%,4.61,sqz,参数二,"{""sqz"": {""bb_length"": 20, ""bb_mult"": 1.8, ""kc_length"": 20, ""kc_mult"": 1.5, ""min_sqz_bars"": 4}, ""r&s"": {""srb_left"": 15, ""srb_right"": 15}, ""atr"": {""atr_length"": 14, ""atr_mult"": 1.0}}",GRIDAI TECHNOLOGIES CORP,1D,一直亮绿,2.7-2.07-1.71-5.84-5.3,低-低-高-低,23.25%-17.39%-241.52%-9.25%,100.0,183.42
2026-05-29 00:00:00,Long,MAN,31.63,4.29%,28.35,utb,参数二,"{""utb"": {""key_value"": 3, ""atr_period"": 14, ""use_ha"": false}, ""r&s"": {""srb_left"": 15, ""srb_right"": 15}, ""atr"": {""atr_length"": 14, ""atr_mult"": 1.0}}",MANPOWERGROUP INC,1D,,,,,,
2026-05-29 00:00:00,Long,HRZN,4.39,4.77%,4.02,utb,参数一,"{""utb"": {""key_value"": 2, ""atr_period"": 14, ""use_ha"": false}, ""r&s"": {""srb_left"": 10, ""srb_right"": 10}, ""atr"": {""atr_length"": 14, ""atr_mult"": 1.0}}",HORIZON TECHNOLOGY FINANCE C,1D,,,,,,
2026-05-29 00:00:00,Short,GSHD,34.39,-2.38%,38.91,sqz,参数二,"{""sqz"": {""bb_length"": 20, ""bb_mult"": 1.8, ""kc_length"": 20, ""kc_mult"": 1.5, ""min_sqz_bars"": 4}, ""r&s"": {""srb_left"": 15, ""srb_right"": 15}, ""atr"": {""atr_length"": 14, ""atr_mult"": 1.0}}",GOOSEHEAD INSURANCE INC -A,1D,一直释放,86.04-82.31-64.4-42.87-39.64,低-低-低-低,4.34%-21.75%-33.44%-7.53%,34.0,38.58
2026-05-29 00:00:00,Long,CNXN,69.59,2.41%,65.3,sqz,参数一,"{""sqz"": {""bb_length"": 15, ""bb_mult"": 1.5, ""kc_length"": 15, ""kc_mult"": 1.2, ""min_sqz_bars"": 4}, ""r&s"": {""srb_left"": 10, ""srb_right"": 10}, ""atr"": {""atr_length"": 14, ""atr_mult"": 1.0}}",PC CONNECTION INC,1D,压力释放,66.54-62.81-61.27-68.46-67.36,低-低-高-低,5.60%-2.45%-11.73%-1.61%,13.0,9.93
2026-05-29 00:00:00,Long,CNXN,69.59,2.41%,65.3,sqz,参数二,"{""sqz"": {""bb_length"": 20, ""bb_mult"": 1.8, ""kc_length"": 20, ""kc_mult"": 1.5, ""min_sqz_bars"": 4}, ""r&s"": {""srb_left"": 15, ""srb_right"": 15}, ""atr"": {""atr_length"": 14, ""atr_mult"": 1.0}}",PC CONNECTION INC,1D,压力释放,67.38-66.54-62.81-61.27-68.46,低-低-低-高,1.26%-5.60%-2.45%-11.73%,76.0,22.9
2026-05-29 00:00:00,Long,PRFX,3.0,118.98%,1.92,utb,参数一,"{""utb"": {""key_value"": 2, ""atr_period"": 14, ""use_ha"": false}, ""r&s"": {""srb_left"": 10, ""srb_right"": 10}, ""atr"": {""atr_length"": 14, ""atr_mult"": 1.0}}",PRF TECHNOLOGIES LTD,1D,,,,,,
2026-05-29 00:00:00,Long,PRFX,3.0,118.98%,1.92,utb,参数二,"{""utb"": {""key_value"": 3, ""atr_period"": 14, ""use_ha"": false}, ""r&s"": {""srb_left"": 15, ""srb_right"": 15}, ""atr"": {""atr_length"": 14, ""atr_mult"": 1.0}}",PRF TECHNOLOGIES LTD,1D,,,,,,
2026-05-29 00:00:00,Long,BROS,58.0,2.55%,53.55,utb,参数二,"{""utb"": {""key_value"": 3, ""atr_period"": 14, ""use_ha"": false}, ""r&s"": {""srb_left"": 15, ""srb_right"": 15}, ""atr"": {""atr_length"": 14, ""atr_mult"": 1.0}}",DUTCH BROS INC-CLASS A,1D,,,,,,
2026-05-29 00:00:00,Short,JCI,134.06,-1.54%,141.54,utb,参数二,"{""utb"": {""key_value"": 3, ""atr_period"": 14, ""use_ha"": false}, ""r&s"": {""srb_left"": 15, ""srb_right"": 15}, ""atr"": {""atr_length"": 14, ""atr_mult"": 1.0}}",JOHNSON CONTROLS INTERNATION,1D,,,,,,
2026-05-29 00:00:00,Long,IOTR,3.91,39.64%,2.86,sqz,参数一,"{""sqz"": {""bb_length"": 15, ""bb_mult"": 1.5, ""kc_length"": 15, ""kc_mult"": 1.2, ""min_sqz_bars"": 4}, ""r&s"": {""srb_left"": 10, ""srb_right"": 10}, ""atr"": {""atr_length"": 14, ""atr_mult"": 1.0}}",IOTHREE LTD,1D,压力释放,4.16-3.73-7.47-3.38-3.08,低-高-低-低,10.34%-100.27%-54.75%-8.88%,22.0,75.7
2026-05-29 00:00:00,Long,ARCB,136.69,2.18%,123.81,sqz,参数一,"{""sqz"": {""bb_length"": 15, ""bb_mult"": 1.5, ""kc_length"": 15, ""kc_mult"": 1.2, ""min_sqz_bars"": 4}, ""r&s"": {""srb_left"": 10, ""srb_right"": 10}, ""atr"": {""atr_length"": 14, ""atr_mult"": 1.0}}",ARCBEST CORP,1D,一直亮绿,77.95-77.3-82.86-112.68-134.97,低-高-高-高,0.84%-7.19%-36.00%-19.77%,21.0,22.74
2026-05-29 00:00:00,Long,CXM,5.58,4.10%,5.18,utb,参数一,"{""utb"": {""key_value"": 2, ""atr_period"": 14, ""use_ha"": false}, ""r&s"": {""srb_left"": 10, ""srb_right"": 10}, ""atr"": {""atr_length"": 14, ""atr_mult"": 1.0}}",SPRINKLR INC-A,1D,,,,,,
2026-05-29 00:00:00,Long,DNTH,93.01,2.37%,85.44,utb,参数一,"{""utb"": {""key_value"": 2, ""atr_period"": 14, ""use_ha"": false}, ""r&s"": {""srb_left"": 10, ""srb_right"": 10}, ""atr"": {""atr_length"": 14, ""atr_mult"": 1.0}}",DIANTHUS THERAPEUTICS INC,1D,,,,,,
2026-05-29 00:00:00,Long,EVGO,2.22,2.78%,1.99,utb,参数二,"{""utb"": {""key_value"": 3, ""atr_period"": 14, ""use_ha"": false}, ""r&s"": {""srb_left"": 15, ""srb_right"": 15}, ""atr"": {""atr_length"": 14, ""atr_mult"": 1.0}}",EVGO INC,1D,,,,,,
2026-05-29 00:00:00,Short,CNQ,45.37,-0.96%,47.18,utb,参数二,"{""utb"": {""key_value"": 3, ""atr_period"": 14, ""use_ha"": false}, ""r&s"": {""srb_left"": 15, ""srb_right"": 15}, ""atr"": {""atr_length"": 14, ""atr_mult"": 1.0}}",CANADIAN NATURAL RESOURCES,1D,,,,,,
2026-05-29 00:00:00,Long,CAAP,26.6,1.22%,25.0,sqz,参数一,"{""sqz"": {""bb_length"": 15, ""bb_mult"": 1.5, ""kc_length"": 15, ""kc_mult"": 1.2, ""min_sqz_bars"": 4}, ""r&s"": {""srb_left"": 10, ""srb_right"": 10}, ""atr"": {""atr_length"": 14, ""atr_mult"": 1.0}}",CORP AMERICA AIRPORTS SA,1D,压力释放,22.85-26.97-30.5-27.8-26.49,高-高-低-低,18.03%-13.09%-8.87%-4.70%,16.0,15.17
2026-05-29 00:00:00,Short,AESI,16.69,-1.94%,18.39,utb,参数二,"{""utb"": {""key_value"": 3, ""atr_period"": 14, ""use_ha"": false}, ""r&s"": {""srb_left"": 15, ""srb_right"": 15}, ""atr"": {""atr_length"": 14, ""atr_mult"": 1.0}}",ATLAS ENERGY SOLUTIONS INC,1D,,,,,,
2026-05-29 00:00:00,Long,VMET,13.53,3.68%,11.89,utb,参数二,"{""utb"": {""key_value"": 3, ""atr_period"": 14, ""use_ha"": false}, ""r&s"": {""srb_left"": 15, ""srb_right"": 15}, ""atr"": {""atr_length"": 14, ""atr_mult"": 1.0}}",VERSAMET ROYALTIES CORP,1D,,,,,,
2026-05-29 00:00:00,Long,SPAI,6.15,13.68%,4.29,sqz,参数一,"{""sqz"": {""bb_length"": 15, ""bb_mult"": 1.5, ""kc_length"": 15, ""kc_mult"": 1.2, ""min_sqz_bars"": 4}, ""r&s"": {""srb_left"": 10, ""srb_right"": 10}, ""atr"": {""atr_length"": 14, ""atr_mult"": 1.0}}",SAFE PRO GROUP INC,1D,压力释放,5.28-6.7-5.75-5.47-4.7,高-低-低-低,26.89%-14.18%-4.80%-14.16%,29.0,23.33
2026-05-29 00:00:00,Long,SPAI,6.15,13.68%,4.29,sqz,参数二,"{""sqz"": {""bb_length"": 20, ""bb_mult"": 1.8, ""kc_length"": 20, ""kc_mult"": 1.5, ""min_sqz_bars"": 4}, ""r&s"": {""srb_left"": 15, ""srb_right"": 15}, ""atr"": {""atr_length"": 14, ""atr_mult"": 1.0}}",SAFE PRO GROUP INC,1D,压力释放,9.05-5.28-6.7-5.75-4.7,低-高-低-低,41.66%-26.89%-14.18%-18.28%,29.0,23.33
2026-05-29 00:00:00,Long,MGTX,10.65,6.50%,9.4,utb,参数一,"{""utb"": {""key_value"": 2, ""atr_period"": 14, ""use_ha"": false}, ""r&s"": {""srb_left"": 10, ""srb_right"": 10}, ""atr"": {""atr_length"": 14, ""atr_mult"": 1.0}}",MEIRAGTX HOLDINGS PLC,1D,,,,,,
2026-05-29 00:00:00,Long,MGTX,10.65,6.50%,9.4,sqz,参数一,"{""sqz"": {""bb_length"": 15, ""bb_mult"": 1.5, ""kc_length"": 15, ""kc_mult"": 1.2, ""min_sqz_bars"": 4}, ""r&s"": {""srb_left"": 10, ""srb_right"": 10}, ""atr"": {""atr_length"": 14, ""atr_mult"": 1.0}}",MEIRAGTX HOLDINGS PLC,1D,压力释放,9.5-8.35-7.96-11.85-10.23,低-低-高-低,12.16%-4.61%-48.87%-13.67%,13.0,14.3
2026-05-29 00:00:00,Short,KO,79.01,-1.74%,81.62,utb,参数一,"{""utb"": {""key_value"": 2, ""atr_period"": 14, ""use_ha"": false}, ""r&s"": {""srb_left"": 10, ""srb_right"": 10}, ""atr"": {""atr_length"": 14, ""atr_mult"": 1.0}}",COCA-COLA CO/THE,1D,,,,,,
2026-05-29 00:00:00,Long,SLDB,7.34,3.82%,6.55,utb,参数一,"{""utb"": {""key_value"": 2, ""atr_period"": 14, ""use_ha"": false}, ""r&s"": {""srb_left"": 10, ""srb_right"": 10}, ""atr"": {""atr_length"": 14, ""atr_mult"": 1.0}}",SOLID BIOSCIENCES INC,1D,,,,,,
2026-05-29 00:00:00,Long,ALOT,15.62,2.09%,14.72,sqz,参数一,"{""sqz"": {""bb_length"": 15, ""bb_mult"": 1.5, ""kc_length"": 15, ""kc_mult"": 1.2, ""min_sqz_bars"": 4}, ""r&s"": {""srb_left"": 10, ""srb_right"": 10}, ""atr"": {""atr_length"": 14, ""atr_mult"": 1.0}}",ASTRONOVA INC,1D,压力释放,10.65-8.79-9.76-10.0-15.08,低-高-高-高,17.46%-11.04%-2.46%-50.80%,15.0,11.7
2026-05-29 00:00:00,Short,LIN,497.69,-0.85%,511.82,utb,参数一,"{""utb"": {""key_value"": 2, ""atr_period"": 14, ""use_ha"": false}, ""r&s"": {""srb_left"": 10, ""srb_right"": 10}, ""atr"": {""atr_length"": 14, ""atr_mult"": 1.0}}",LINDE PLC,1D,,,,,,
2026-05-29 00:00:00,Long,GIB,69.78,3.18%,65.33,utb,参数二,"{""utb"": {""key_value"": 3, ""atr_period"": 14, ""use_ha"": false}, ""r&s"": {""srb_left"": 15, ""srb_right"": 15}, ""atr"": {""atr_length"": 14, ""atr_mult"": 1.0}}",CGI INC,1D,,,,,,
2026-05-29 00:00:00,Long,BA,231.15,1.04%,219.38,utb,参数一,"{""utb"": {""key_value"": 2, ""atr_period"": 14, ""use_ha"": false}, ""r&s"": {""srb_left"": 10, ""srb_right"": 10}, ""atr"": {""atr_length"": 14, ""atr_mult"": 1.0}}",BOEING CO/THE,1D,,,,,,
2026-05-29 00:00:00,Short,FLY,46.49,-5.83%,52.71,utb,参数一,"{""utb"": {""key_value"": 2, ""atr_period"": 14, ""use_ha"": false}, ""r&s"": {""srb_left"": 10, ""srb_right"": 10}, ""atr"": {""atr_length"": 14, ""atr_mult"": 1.0}}",FIREFLY AEROSPACE INC,1D,,,,,,
2026-05-29 00:00:00,Short,AAUC,26.17,-3.72%,28.63,sqz,参数二,"{""sqz"": {""bb_length"": 20, ""bb_mult"": 1.8, ""kc_length"": 20, ""kc_mult"": 1.5, ""min_sqz_bars"": 4}, ""r&s"": {""srb_left"": 15, ""srb_right"": 15}, ""atr"": {""atr_length"": 14, ""atr_mult"": 1.0}}",ALLIED GOLD CORP,1D,一直释放,8.67-11.2-11.4-14.6-30.2,高-高-高-高,29.17%-1.79%-28.07%-106.85%,49.0,6.62
2026-05-29 00:00:00,Short,OXY,56.63,-1.20%,58.93,utb,参数一,"{""utb"": {""key_value"": 2, ""atr_period"": 14, ""use_ha"": false}, ""r&s"": {""srb_left"": 10, ""srb_right"": 10}, ""atr"": {""atr_length"": 14, ""atr_mult"": 1.0}}",OCCIDENTAL PETROLEUM CORP,1D,,,,,,
2026-05-29 00:00:00,Short,AVR,8.62,-1.71%,9.22,utb,参数一,"{""utb"": {""key_value"": 2, ""atr_period"": 14, ""use_ha"": false}, ""r&s"": {""srb_left"": 10, ""srb_right"": 10}, ""atr"": {""atr_length"": 14, ""atr_mult"": 1.0}}",ANTERIS TECHNOLOGIES GLOBAL,1D,,,,,,
2026-05-29 00:00:00,Short,STZ,138.82,-2.33%,146.18,utb,参数一,"{""utb"": {""key_value"": 2, ""atr_period"": 14, ""use_ha"": false}, ""r&s"": {""srb_left"": 10, ""srb_right"": 10}, ""atr"": {""atr_length"": 14, ""atr_mult"": 1.0}}",CONSTELLATION BRANDS INC-A,1D,,,,,,
2026-05-29 00:00:00,Long,SOFI,18.22,7.37%,16.8,utb,参数二,"{""utb"": {""key_value"": 3, ""atr_period"": 14, ""use_ha"": false}, ""r&s"": {""srb_left"": 15, ""srb_right"": 15}, ""atr"": {""atr_length"": 14, ""atr_mult"": 1.0}}",SOFI TECHNOLOGIES INC,1D,,,,,,
2026-05-29 00:00:00,Long,EGO,33.83,2.76%,31.03,utb,参数一,"{""utb"": {""key_value"": 2, ""atr_period"": 14, ""use_ha"": false}, ""r&s"": {""srb_left"": 10, ""srb_right"": 10}, ""atr"": {""atr_length"": 14, ""atr_mult"": 1.0}}",ELDORADO GOLD CORP,1D,,,,,,
2026-05-29 00:00:00,Long,TTAN,72.36,9.99%,62.68,sqz,参数一,"{""sqz"": {""bb_length"": 15, ""bb_mult"": 1.5, ""kc_length"": 15, ""kc_mult"": 1.2, ""min_sqz_bars"": 4}, ""r&s"": {""srb_left"": 10, ""srb_right"": 10}, ""atr"": {""atr_length"": 14, ""atr_mult"": 1.0}}",SERVICETITAN INC-A,1D,压力释放,111.36-109.95-83.45-68.07-68.49,低-低-低-高,1.27%-24.10%-18.42%-0.61%,15.0,26.44
2026-05-29 00:00:00,Long,TTAN,72.36,9.99%,62.68,utb,参数二,"{""utb"": {""key_value"": 3, ""atr_period"": 14, ""use_ha"": false}, ""r&s"": {""srb_left"": 15, ""srb_right"": 15}, ""atr"": {""atr_length"": 14, ""atr_mult"": 1.0}}",SERVICETITAN INC-A,1D,,,,,,
2026-05-29 00:00:00,Long,PRME,3.55,4.41%,3.01,utb,参数二,"{""utb"": {""key_value"": 3, ""atr_period"": 14, ""use_ha"": false}, ""r&s"": {""srb_left"": 15, ""srb_right"": 15}, ""atr"": {""atr_length"": 14, ""atr_mult"": 1.0}}",PRIME MEDICINE INC,1D,,,,,,
2026-05-29 00:00:00,Short,AMST,1.41,-18.02%,2.03,utb,参数一,"{""utb"": {""key_value"": 2, ""atr_period"": 14, ""use_ha"": false}, ""r&s"": {""srb_left"": 10, ""srb_right"": 10}, ""atr"": {""atr_length"": 14, ""atr_mult"": 1.0}}",AMESITE INC,1D,,,,,,
2026-05-29 00:00:00,Short,VRSN,285.38,-3.63%,304.86,utb,参数一,"{""utb"": {""key_value"": 2, ""atr_period"": 14, ""use_ha"": false}, ""r&s"": {""srb_left"": 10, ""srb_right"": 10}, ""atr"": {""atr_length"": 14, ""atr_mult"": 1.0}}",VERISIGN INC,1D,,,,,,
2026-05-29 00:00:00,Short,VRSN,285.38,-3.63%,304.86,utb,参数二,"{""utb"": {""key_value"": 3, ""atr_period"": 14, ""use_ha"": false}, ""r&s"": {""srb_left"": 15, ""srb_right"": 15}, ""atr"": {""atr_length"": 14, ""atr_mult"": 1.0}}",VERISIGN INC,1D,,,,,,
2026-05-29 00:00:00,Long,PRKS,40.13,2.61%,36.89,sqz,参数二,"{""sqz"": {""bb_length"": 20, ""bb_mult"": 1.8, ""kc_length"": 20, ""kc_mult"": 1.5, ""min_sqz_bars"": 4}, ""r&s"": {""srb_left"": 15, ""srb_right"": 15}, ""atr"": {""atr_length"": 14, ""atr_mult"": 1.0}}",UNITED PARKS & RESORTS INC,1D,压力释放,56.95-55.71-37.59-39.47-38.1,低-低-高-低,2.18%-32.53%-5.00%-3.47%,32.0,17.77
2026-05-29 00:00:00,Long,PLTR,156.54,9.21%,139.21,utb,参数二,"{""utb"": {""key_value"": 3, ""atr_period"": 14, ""use_ha"": false}, ""r&s"": {""srb_left"": 15, ""srb_right"": 15}, ""atr"": {""atr_length"": 14, ""atr_mult"": 1.0}}",PALANTIR TECHNOLOGIES INC-A,1D,,,,,,
2026-05-29 00:00:00,Long,FIG,25.5,8.70%,21.07,sqz,参数一,"{""sqz"": {""bb_length"": 15, ""bb_mult"": 1.5, ""kc_length"": 15, ""kc_mult"": 1.2, ""min_sqz_bars"": 4}, ""r&s"": {""srb_left"": 10, ""srb_right"": 10}, ""atr"": {""atr_length"": 14, ""atr_mult"": 1.0}}",FIGMA INC-CL A,1D,一直释放,nan-71.48-40.28-32.65-23.15,低-低-低-低,nan%-43.65%-18.93%-29.10%,36.0,39.46
2026-05-29 00:00:00,Long,MRVI,4.8,3.45%,4.41,sqz,参数二,"{""sqz"": {""bb_length"": 20, ""bb_mult"": 1.8, ""kc_length"": 20, ""kc_mult"": 1.5, ""min_sqz_bars"": 4}, ""r&s"": {""srb_left"": 15, ""srb_right"": 15}, ""atr"": {""atr_length"": 14, ""atr_mult"": 1.0}}",MARAVAI LIFESCIENCES HLDGS-A,1D,一直释放,2.93-3.65-3.95-4.11-3.91,高-高-高-低,24.57%-8.22%-3.92%-4.75%,60.0,39.64
2026-05-29 00:00:00,Long,MSDL,15.42,0.92%,14.99,utb,参数一,"{""utb"": {""key_value"": 2, ""atr_period"": 14, ""use_ha"": false}, ""r&s"": {""srb_left"": 10, ""srb_right"": 10}, ""atr"": {""atr_length"": 14, ""atr_mult"": 1.0}}",MORGAN STANLEY DIRECT LENDIN,1D,,,,,,
2026-05-29 00:00:00,Long,SPT,7.48,7.01%,6.65,utb,参数二,"{""utb"": {""key_value"": 3, ""atr_period"": 14, ""use_ha"": false}, ""r&s"": {""srb_left"": 15, ""srb_right"": 15}, ""atr"": {""atr_length"": 14, ""atr_mult"": 1.0}}",SPROUT SOCIAL INC - CLASS A,1D,,,,,,
2026-05-29 00:00:00,Short,SOBO,35.96,-2.97%,38.04,utb,参数一,"{""utb"": {""key_value"": 2, ""atr_period"": 14, ""use_ha"": false}, ""r&s"": {""srb_left"": 10, ""srb_right"": 10}, ""atr"": {""atr_length"": 14, ""atr_mult"": 1.0}}",SOUTH BOW CORP,1D,,,,,,
2026-05-29 00:00:00,Short,SUPN,46.18,-1.43%,48.96,sqz,参数二,"{""sqz"": {""bb_length"": 20, ""bb_mult"": 1.8, ""kc_length"": 20, ""kc_mult"": 1.5, ""min_sqz_bars"": 4}, ""r&s"": {""srb_left"": 15, ""srb_right"": 15}, ""atr"": {""atr_length"": 14, ""atr_mult"": 1.0}}",SUPERNUS PHARMACEUTICALS INC,1D,支撑释放,30.83-43.44-43.11-47.29-46.83,高-低-高-低,40.90%-0.76%-9.70%-0.97%,48.0,13.09
2026-05-29 00:00:00,Short,FBRX,19.07,-8.18%,22.92,sqz,参数一,"{""sqz"": {""bb_length"": 15, ""bb_mult"": 1.5, ""kc_length"": 15, ""kc_mult"": 1.2, ""min_sqz_bars"": 4}, ""r&s"": {""srb_left"": 10, ""srb_right"": 10}, ""atr"": {""atr_length"": 14, ""atr_mult"": 1.0}}",FORTE BIOSCIENCES INC,1D,一直释放,10.97-10.3-21.86-26.5-22.01,低-高-高-低,6.11%-112.23%-21.23%-16.94%,48.0,62.65
2026-05-29 00:00:00,Short,FBRX,19.07,-8.18%,22.92,sqz,参数二,"{""sqz"": {""bb_length"": 20, ""bb_mult"": 1.8, ""kc_length"": 20, ""kc_mult"": 1.5, ""min_sqz_bars"": 4}, ""r&s"": {""srb_left"": 15, ""srb_right"": 15}, ""atr"": {""atr_length"": 14, ""atr_mult"": 1.0}}",FORTE BIOSCIENCES INC,1D,一直释放,9.1-10.11-10.3-26.5-22.01,高-高-高-低,11.10%-1.88%-157.28%-16.94%,48.0,62.65
2026-05-29 00:00:00,Short,ORI,37.23,-1.38%,38.76,sqz,参数一,"{""sqz"": {""bb_length"": 15, ""bb_mult"": 1.5, ""kc_length"": 15, ""kc_mult"": 1.2, ""min_sqz_bars"": 4}, ""r&s"": {""srb_left"": 10, ""srb_right"": 10}, ""atr"": {""atr_length"": 14, ""atr_mult"": 1.0}}",OLD REPUBLIC INTL CORP,1D,支撑释放,35.73-40.09-36.72-37.46-38.31,高-低-高-高,12.20%-8.39%-2.01%-2.27%,18.0,4.99
2026-05-29 00:00:00,Long,MLM,581.64,1.13%,558.54,utb,参数二,"{""utb"": {""key_value"": 3, ""atr_period"": 14, ""use_ha"": false}, ""r&s"": {""srb_left"": 15, ""srb_right"": 15}, ""atr"": {""atr_length"": 14, ""atr_mult"": 1.0}}",MARTIN MARIETTA MATERIALS,1D,,,,,,
2026-05-29 00:00:00,Long,GITS,2.13,31.48%,1.39,utb,参数二,"{""utb"": {""key_value"": 3, ""atr_period"": 14, ""use_ha"": false}, ""r&s"": {""srb_left"": 15, ""srb_right"": 15}, ""atr"": {""atr_length"": 14, ""atr_mult"": 1.0}}",GLOBAL INTERACTIVE TECHNOLOG,1D,,,,,,
2026-05-29 00:00:00,Long,IOT,34.99,10.83%,30.07,sqz,参数一,"{""sqz"": {""bb_length"": 15, ""bb_mult"": 1.5, ""kc_length"": 15, ""kc_mult"": 1.2, ""min_sqz_bars"": 4}, ""r&s"": {""srb_left"": 10, ""srb_right"": 10}, ""atr"": {""atr_length"": 14, ""atr_mult"": 1.0}}",SAMSARA INC-CL A,1D,压力释放,40.59-41.27-47.47-35.56-32.59,高-高-低-低,1.68%-15.02%-25.10%-8.34%,27.0,21.7
2026-05-29 00:00:00,Long,NET,241.82,6.01%,215.86,utb,参数二,"{""utb"": {""key_value"": 3, ""atr_period"": 14, ""use_ha"": false}, ""r&s"": {""srb_left"": 15, ""srb_right"": 15}, ""atr"": {""atr_length"": 14, ""atr_mult"": 1.0}}",CLOUDFLARE INC - CLASS A,1D,,,,,,
2026-05-29 00:00:00,Short,ESNT,57.89,-0.77%,60.17,sqz,参数一,"{""sqz"": {""bb_length"": 15, ""bb_mult"": 1.5, ""kc_length"": 15, ""kc_mult"": 1.2, ""min_sqz_bars"": 4}, ""r&s"": {""srb_left"": 10, ""srb_right"": 10}, ""atr"": {""atr_length"": 14, ""atr_mult"": 1.0}}",ESSENT GROUP LTD,1D,支撑释放,58.11-56.3-58.25-56.38-59.28,低-高-低-高,3.11%-3.48%-3.22%-5.15%,19.0,7.59
2026-05-29 00:00:00,Short,NPKI,14.52,-3.65%,15.93,utb,参数二,"{""utb"": {""key_value"": 3, ""atr_period"": 14, ""use_ha"": false}, ""r&s"": {""srb_left"": 15, ""srb_right"": 15}, ""atr"": {""atr_length"": 14, ""atr_mult"": 1.0}}",NPK INTERNATIONAL INC,1D,,,,,,
2026-05-29 00:00:00,Long,QNST,12.52,0.72%,11.56,utb,参数一,"{""utb"": {""key_value"": 2, ""atr_period"": 14, ""use_ha"": false}, ""r&s"": {""srb_left"": 10, ""srb_right"": 10}, ""atr"": {""atr_length"": 14, ""atr_mult"": 1.0}}",QUINSTREET INC,1D,,,,,,
2026-05-29 00:00:00,Long,NXT,156.4,14.02%,136.9,utb,参数一,"{""utb"": {""key_value"": 2, ""atr_period"": 14, ""use_ha"": false}, ""r&s"": {""srb_left"": 10, ""srb_right"": 10}, ""atr"": {""atr_length"": 14, ""atr_mult"": 1.0}}",NEXTPOWER INC-CL A,1D,,,,,,
2026-05-29 00:00:00,Short,GBX,47.11,-1.65%,49.25,utb,参数二,"{""utb"": {""key_value"": 3, ""atr_period"": 14, ""use_ha"": false}, ""r&s"": {""srb_left"": 15, ""srb_right"": 15}, ""atr"": {""atr_length"": 14, ""atr_mult"": 1.0}}",GREENBRIER COMPANIES INC,1D,,,,,,
2026-05-29 00:00:00,Long,DG,110.61,0.65%,103.78,utb,参数一,"{""utb"": {""key_value"": 2, ""atr_period"": 14, ""use_ha"": false}, ""r&s"": {""srb_left"": 10, ""srb_right"": 10}, ""atr"": {""atr_length"": 14, ""atr_mult"": 1.0}}",DOLLAR GENERAL CORP,1D,,,,,,
2026-05-29 00:00:00,Short,NL,6.07,-17.53%,7.9,utb,参数二,"{""utb"": {""key_value"": 3, ""atr_period"": 14, ""use_ha"": false}, ""r&s"": {""srb_left"": 15, ""srb_right"": 15}, ""atr"": {""atr_length"": 14, ""atr_mult"": 1.0}}",NLI HOLDINGS INC,1D,,,,,,
2026-05-29 00:00:00,Short,CINF,157.42,-1.61%,163.04,utb,参数二,"{""utb"": {""key_value"": 3, ""atr_period"": 14, ""use_ha"": false}, ""r&s"": {""srb_left"": 15, ""srb_right"": 15}, ""atr"": {""atr_length"": 14, ""atr_mult"": 1.0}}",CINCINNATI FINANCIAL CORP,1D,,,,,,
2026-05-29 00:00:00,Short,COP,113.98,-0.88%,117.85,utb,参数二,"{""utb"": {""key_value"": 3, ""atr_period"": 14, ""use_ha"": false}, ""r&s"": {""srb_left"": 15, ""srb_right"": 15}, ""atr"": {""atr_length"": 14, ""atr_mult"": 1.0}}",CONOCOPHILLIPS,1D,,,,,,
2026-05-29 00:00:00,Long,EMR,143.82,1.43%,137.2,utb,参数二,"{""utb"": {""key_value"": 3, ""atr_period"": 14, ""use_ha"": false}, ""r&s"": {""srb_left"": 15, ""srb_right"": 15}, ""atr"": {""atr_length"": 14, ""atr_mult"": 1.0}}",EMERSON ELECTRIC CO,1D,,,,,,
2026-05-29 00:00:00,Short,GAP,21.15,-15.40%,22.9,utb,参数一,"{""utb"": {""key_value"": 2, ""atr_period"": 14, ""use_ha"": false}, ""r&s"": {""srb_left"": 10, ""srb_right"": 10}, ""atr"": {""atr_length"": 14, ""atr_mult"": 1.0}}",GAP INC/THE,1D,,,,,,
2026-05-29 00:00:00,Short,GAP,21.15,-15.40%,22.9,utb,参数二,"{""utb"": {""key_value"": 3, ""atr_period"": 14, ""use_ha"": false}, ""r&s"": {""srb_left"": 15, ""srb_right"": 15}, ""atr"": {""atr_length"": 14, ""atr_mult"": 1.0}}",GAP INC/THE,1D,,,,,,
2026-05-29 00:00:00,Short,GAP,21.15,-15.40%,22.9,sqz,参数二,"{""sqz"": {""bb_length"": 20, ""bb_mult"": 1.8, ""kc_length"": 20, ""kc_mult"": 1.5, ""min_sqz_bars"": 4}, ""r&s"": {""srb_left"": 15, ""srb_right"": 15}, ""atr"": {""atr_length"": 14, ""atr_mult"": 1.0}}",GAP INC/THE,1D,一直释放,20.07-18.29-19.34-24.44-21.87,低-高-高-低,8.88%-5.75%-26.38%-10.52%,57.0,27.78
2026-05-29 00:00:00,Short,PRDO,32.38,-2.15%,34.06,utb,参数二,"{""utb"": {""key_value"": 3, ""atr_period"": 14, ""use_ha"": false}, ""r&s"": {""srb_left"": 15, ""srb_right"": 15}, ""atr"": {""atr_length"": 14, ""atr_mult"": 1.0}}",PERDOCEO EDUCATION CORP,1D,,,,,,
2026-05-29 00:00:00,Short,ANAB,55.67,-2.37%,61.1,utb,参数二,"{""utb"": {""key_value"": 3, ""atr_period"": 14, ""use_ha"": false}, ""r&s"": {""srb_left"": 15, ""srb_right"": 15}, ""atr"": {""atr_length"": 14, ""atr_mult"": 1.0}}",ANAPTYSBIO INC,1D,,,,,,
2026-05-29 00:00:00,Long,SPPL,3.59,35.47%,2.31,utb,参数一,"{""utb"": {""key_value"": 2, ""atr_period"": 14, ""use_ha"": false}, ""r&s"": {""srb_left"": 10, ""srb_right"": 10}, ""atr"": {""atr_length"": 14, ""atr_mult"": 1.0}}",SIMPPLE LTD,1D,,,,,,
2026-05-29 00:00:00,Long,DJT,9.31,4.61%,8.34,utb,参数二,"{""utb"": {""key_value"": 3, ""atr_period"": 14, ""use_ha"": false}, ""r&s"": {""srb_left"": 15, ""srb_right"": 15}, ""atr"": {""atr_length"": 14, ""atr_mult"": 1.0}}",TRUMP MEDIA & TECHNOLOGY GRO,1D,,,,,,
2026-05-29 00:00:00,Short,BGC,10.45,-0.29%,10.91,sqz,参数一,"{""sqz"": {""bb_length"": 15, ""bb_mult"": 1.5, ""kc_length"": 15, ""kc_mult"": 1.2, ""min_sqz_bars"": 4}, ""r&s"": {""srb_left"": 10, ""srb_right"": 10}, ""atr"": {""atr_length"": 14, ""atr_mult"": 1.0}}",BGC GROUP INC-A,1D,支撑释放,8.22-8.56-8.61-8.89-10.52,高-高-高-高,4.11%-0.58%-3.34%-18.29%,15.0,9.68
2026-05-29 00:00:00,Long,VC,118.29,-0.70%,113.42,sqz,参数二,"{""sqz"": {""bb_length"": 20, ""bb_mult"": 1.8, ""kc_length"": 20, ""kc_mult"": 1.5, ""min_sqz_bars"": 4}, ""r&s"": {""srb_left"": 15, ""srb_right"": 15}, ""atr"": {""atr_length"": 14, ""atr_mult"": 1.0}}",VISTEON CORP,1D,压力释放,128.24-105.51-105.06-107.01-117.96,低-低-高-高,17.72%-0.43%-1.86%-10.23%,23.0,13.76
2026-05-29 00:00:00,Long,CNXC,28.29,6.84%,24.76,utb,参数二,"{""utb"": {""key_value"": 3, ""atr_period"": 14, ""use_ha"": false}, ""r&s"": {""srb_left"": 15, ""srb_right"": 15}, ""atr"": {""atr_length"": 14, ""atr_mult"": 1.0}}",CONCENTRIX CORP,1D,,,,,,
2026-05-29 00:00:00,Short,WRB,63.54,-1.18%,65.97,sqz,参数二,"{""sqz"": {""bb_length"": 20, ""bb_mult"": 1.8, ""kc_length"": 20, ""kc_mult"": 1.5, ""min_sqz_bars"": 4}, ""r&s"": {""srb_left"": 15, ""srb_right"": 15}, ""atr"": {""atr_length"": 14, ""atr_mult"": 1.0}}",WR BERKLEY CORP,1D,支撑释放,69.15-69.11-64.28-64.94-63.68,低-低-高-低,0.06%-6.98%-1.02%-1.94%,45.0,8.51
2026-05-29 00:00:00,Short,NFG,77.25,-1.11%,80.11,sqz,参数二,"{""sqz"": {""bb_length"": 20, ""bb_mult"": 1.8, ""kc_length"": 20, ""kc_mult"": 1.5, ""min_sqz_bars"": 4}, ""r&s"": {""srb_left"": 15, ""srb_right"": 15}, ""atr"": {""atr_length"": 14, ""atr_mult"": 1.0}}",NATIONAL FUEL GAS CO,1D,一直释放,68.25-79.84-83.48-76.28-77.36,高-高-低-高,16.98%-4.56%-8.63%-1.42%,97.0,25.01
2026-05-29 00:00:00,Long,MORN,182.02,1.06%,169.9,utb,参数一,"{""utb"": {""key_value"": 2, ""atr_period"": 14, ""use_ha"": false}, ""r&s"": {""srb_left"": 10, ""srb_right"": 10}, ""atr"": {""atr_length"": 14, ""atr_mult"": 1.0}}",MORNINGSTAR INC,1D,,,,,,
2026-05-29 00:00:00,Short,TRP,66.62,-1.49%,69.61,utb,参数二,"{""utb"": {""key_value"": 3, ""atr_period"": 14, ""use_ha"": false}, ""r&s"": {""srb_left"": 15, ""srb_right"": 15}, ""atr"": {""atr_length"": 14, ""atr_mult"": 1.0}}",TC ENERGY CORP,1D,,,,,,
2026-05-29 00:00:00,Long,IVZ,28.46,1.43%,27.0,utb,参数一,"{""utb"": {""key_value"": 2, ""atr_period"": 14, ""use_ha"": false}, ""r&s"": {""srb_left"": 10, ""srb_right"": 10}, ""atr"": {""atr_length"": 14, ""atr_mult"": 1.0}}",INVESCO LTD,1D,,,,,,
2026-05-29 00:00:00,Short,OCS,22.7,-23.42%,31.79,utb,参数一,"{""utb"": {""key_value"": 2, ""atr_period"": 14, ""use_ha"": false}, ""r&s"": {""srb_left"": 10, ""srb_right"": 10}, ""atr"": {""atr_length"": 14, ""atr_mult"": 1.0}}",OCULIS HOLDING AG,1D,,,,,,
2026-05-29 00:00:00,Long,RCL,284.63,1.19%,267.83,utb,参数二,"{""utb"": {""key_value"": 3, ""atr_period"": 14, ""use_ha"": false}, ""r&s"": {""srb_left"": 15, ""srb_right"": 15}, ""atr"": {""atr_length"": 14, ""atr_mult"": 1.0}}",ROYAL CARIBBEAN CRUISES LTD,1D,,,,,,
2026-05-29 00:00:00,Long,DSP,12.72,9.75%,10.58,utb,参数一,"{""utb"": {""key_value"": 2, ""atr_period"": 14, ""use_ha"": false}, ""r&s"": {""srb_left"": 10, ""srb_right"": 10}, ""atr"": {""atr_length"": 14, ""atr_mult"": 1.0}}",VIANT TECHNOLOGY INC-A,1D,,,,,,
2026-05-29 00:00:00,Short,THR,61.14,-8.49%,70.11,utb,参数一,"{""utb"": {""key_value"": 2, ""atr_period"": 14, ""use_ha"": false}, ""r&s"": {""srb_left"": 10, ""srb_right"": 10}, ""atr"": {""atr_length"": 14, ""atr_mult"": 1.0}}",THERMON GROUP HOLDINGS INC,1D,,,,,,
2026-05-29 00:00:00,Short,THR,61.14,-8.49%,70.11,utb,参数二,"{""utb"": {""key_value"": 3, ""atr_period"": 14, ""use_ha"": false}, ""r&s"": {""srb_left"": 15, ""srb_right"": 15}, ""atr"": {""atr_length"": 14, ""atr_mult"": 1.0}}",THERMON GROUP HOLDINGS INC,1D,,,,,,
2026-05-29 00:00:00,Short,CUPR,2.4,-27.27%,3.14,utb,参数一,"{""utb"": {""key_value"": 2, ""atr_period"": 14, ""use_ha"": false}, ""r&s"": {""srb_left"": 10, ""srb_right"": 10}, ""atr"": {""atr_length"": 14, ""atr_mult"": 1.0}}",CUPRINA HOLDINGS CAYMAN-A,1D,,,,,,
2026-05-29 00:00:00,Long,NVRI,20.75,-2.21%,19.98,sqz,参数二,"{""sqz"": {""bb_length"": 20, ""bb_mult"": 1.8, ""kc_length"": 20, ""kc_mult"": 1.5, ""min_sqz_bars"": 4}, ""r&s"": {""srb_left"": 15, ""srb_right"": 15}, ""atr"": {""atr_length"": 14, ""atr_mult"": 1.0}}",ENVIRI CORP,1D,压力释放,7.22-12.84-18.74-19.48-19.99,高-高-高-高,77.84%-45.95%-3.95%-2.62%,35.0,7.82
2026-05-29 00:00:00,Long,PGY,15.12,8.31%,13.08,utb,参数一,"{""utb"": {""key_value"": 2, ""atr_period"": 14, ""use_ha"": false}, ""r&s"": {""srb_left"": 10, ""srb_right"": 10}, ""atr"": {""atr_length"": 14, ""atr_mult"": 1.0}}",PAGAYA TECHNOLOGIES LTD -A,1D,,,,,,
2026-05-29 00:00:00,Long,TGB,7.42,2.63%,6.7,utb,参数一,"{""utb"": {""key_value"": 2, ""atr_period"": 14, ""use_ha"": false}, ""r&s"": {""srb_left"": 10, ""srb_right"": 10}, ""atr"": {""atr_length"": 14, ""atr_mult"": 1.0}}",TASEKO MINES LTD,1D,,,,,,
2026-05-29 00:00:00,Long,MANH,150.05,4.80%,135.73,sqz,参数一,"{""sqz"": {""bb_length"": 15, ""bb_mult"": 1.5, ""kc_length"": 15, ""kc_mult"": 1.2, ""min_sqz_bars"": 4}, ""r&s"": {""srb_left"": 10, ""srb_right"": 10}, ""atr"": {""atr_length"": 14, ""atr_mult"": 1.0}}",MANHATTAN ASSOCIATES INC,1D,压力释放,220.31-182.39-179.94-153.07-149.01,低-低-低-低,17.21%-1.34%-14.93%-2.65%,26.0,19.85
2026-05-29 00:00:00,Long,MANH,150.05,4.80%,135.73,sqz,参数二,"{""sqz"": {""bb_length"": 20, ""bb_mult"": 1.8, ""kc_length"": 20, ""kc_mult"": 1.5, ""min_sqz_bars"": 4}, ""r&s"": {""srb_left"": 15, ""srb_right"": 15}, ""atr"": {""atr_length"": 14, ""atr_mult"": 1.0}}",MANHATTAN ASSOCIATES INC,1D,压力释放,247.22-182.39-179.94-153.07-149.01,低-低-低-低,26.22%-1.34%-14.93%-2.65%,26.0,19.85
2026-05-29 00:00:00,Long,AMPL,7.82,13.66%,6.52,utb,参数一,"{""utb"": {""key_value"": 2, ""atr_period"": 14, ""use_ha"": false}, ""r&s"": {""srb_left"": 10, ""srb_right"": 10}, ""atr"": {""atr_length"": 14, ""atr_mult"": 1.0}}",AMPLITUDE INC-CLASS A,1D,,,,,,
2026-05-29 00:00:00,Long,AMPL,7.82,13.66%,6.52,utb,参数二,"{""utb"": {""key_value"": 3, ""atr_period"": 14, ""use_ha"": false}, ""r&s"": {""srb_left"": 15, ""srb_right"": 15}, ""atr"": {""atr_length"": 14, ""atr_mult"": 1.0}}",AMPLITUDE INC-CLASS A,1D,,,,,,
2026-05-29 00:00:00,Long,RUN,16.72,5.22%,15.05,sqz,参数一,"{""sqz"": {""bb_length"": 15, ""bb_mult"": 1.5, ""kc_length"": 15, ""kc_mult"": 1.2, ""min_sqz_bars"": 4}, ""r&s"": {""srb_left"": 10, ""srb_right"": 10}, ""atr"": {""atr_length"": 14, ""atr_mult"": 1.0}}",SUNRUN INC,1D,压力释放,22.44-20.71-21.95-14.72-15.79,低-高-低-高,7.71%-5.99%-32.94%-7.28%,15.0,24.24
2026-05-29 00:00:00,Short,AMPG,4.42,-6.55%,5.18,utb,参数一,"{""utb"": {""key_value"": 2, ""atr_period"": 14, ""use_ha"": false}, ""r&s"": {""srb_left"": 10, ""srb_right"": 10}, ""atr"": {""atr_length"": 14, ""atr_mult"": 1.0}}",AMPLITECH GROUP INC,1D,,,,,,
2026-05-29 00:00:00,Short,CSX,45.26,-0.90%,46.84,utb,参数一,"{""utb"": {""key_value"": 2, ""atr_period"": 14, ""use_ha"": false}, ""r&s"": {""srb_left"": 10, ""srb_right"": 10}, ""atr"": {""atr_length"": 14, ""atr_mult"": 1.0}}",CSX CORP,1D,,,,,,
2026-05-29 00:00:00,Long,XRX,3.24,6.58%,2.79,sqz,参数一,"{""sqz"": {""bb_length"": 15, ""bb_mult"": 1.5, ""kc_length"": 15, ""kc_mult"": 1.2, ""min_sqz_bars"": 4}, ""r&s"": {""srb_left"": 10, ""srb_right"": 10}, ""atr"": {""atr_length"": 14, ""atr_mult"": 1.0}}",XEROX HOLDINGS CORP,1D,压力释放,4.12-3.59-2.9-2.68-3.17,低-低-低-高,12.77%-19.19%-7.77%-18.43%,18.0,37.83
2026-05-29 00:00:00,Short,RSI,25.34,-3.91%,27.42,utb,参数二,"{""utb"": {""key_value"": 3, ""atr_period"": 14, ""use_ha"": false}, ""r&s"": {""srb_left"": 15, ""srb_right"": 15}, ""atr"": {""atr_length"": 14, ""atr_mult"": 1.0}}",RUSH STREET INTERACTIVE INC,1D,,,,,,
2026-05-29 00:00:00,Short,AEO,15.8,-11.83%,16.82,utb,参数一,"{""utb"": {""key_value"": 2, ""atr_period"": 14, ""use_ha"": false}, ""r&s"": {""srb_left"": 10, ""srb_right"": 10}, ""atr"": {""atr_length"": 14, ""atr_mult"": 1.0}}",AMERICAN EAGLE OUTFITTERS,1D,,,,,,
2026-05-29 00:00:00,Long,TOST,26.03,4.29%,23.84,utb,参数一,"{""utb"": {""key_value"": 2, ""atr_period"": 14, ""use_ha"": false}, ""r&s"": {""srb_left"": 10, ""srb_right"": 10}, ""atr"": {""atr_length"": 14, ""atr_mult"": 1.0}}",TOAST INC-CLASS A,1D,,,,,,
2026-05-29 00:00:00,Long,CTKB,4.19,1.70%,3.84,utb,参数二,"{""utb"": {""key_value"": 3, ""atr_period"": 14, ""use_ha"": false}, ""r&s"": {""srb_left"": 15, ""srb_right"": 15}, ""atr"": {""atr_length"": 14, ""atr_mult"": 1.0}}",CYTEK BIOSCIENCES INC,1D,,,,,,
2026-05-29 00:00:00,Short,HESM,37.5,-2.19%,39.27,utb,参数二,"{""utb"": {""key_value"": 3, ""atr_period"": 14, ""use_ha"": false}, ""r&s"": {""srb_left"": 15, ""srb_right"": 15}, ""atr"": {""atr_length"": 14, ""atr_mult"": 1.0}}",HESS MIDSTREAM LP - CLASS A,1D,,,,,,
2026-05-29 00:00:00,Long,BH,290.48,3.40%,259.6,utb,参数一,"{""utb"": {""key_value"": 2, ""atr_period"": 14, ""use_ha"": false}, ""r&s"": {""srb_left"": 10, ""srb_right"": 10}, ""atr"": {""atr_length"": 14, ""atr_mult"": 1.0}}",BIGLARI HOLDINGS INC-B,1D,,,,,,
2026-05-29 00:00:00,Long,AVBP,30.27,12.24%,25.38,utb,参数一,"{""utb"": {""key_value"": 2, ""atr_period"": 14, ""use_ha"": false}, ""r&s"": {""srb_left"": 10, ""srb_right"": 10}, ""atr"": {""atr_length"": 14, ""atr_mult"": 1.0}}",ARRIVENT BIOPHARMA INC,1D,,,,,,
2026-05-29 00:00:00,Short,ESEA,63.7,-2.32%,69.98,utb,参数二,"{""utb"": {""key_value"": 3, ""atr_period"": 14, ""use_ha"": false}, ""r&s"": {""srb_left"": 15, ""srb_right"": 15}, ""atr"": {""atr_length"": 14, ""atr_mult"": 1.0}}",EUROSEAS LTD,1D,,,,,,
2026-05-29 00:00:00,Long,BLLN,98.99,1.22%,88.36,utb,参数一,"{""utb"": {""key_value"": 2, ""atr_period"": 14, ""use_ha"": false}, ""r&s"": {""srb_left"": 10, ""srb_right"": 10}, ""atr"": {""atr_length"": 14, ""atr_mult"": 1.0}}",BILLIONTOONE INC CL A,1D,,,,,,
