日期,信号,代码,现价,涨幅,止损,策略,参组,参数,SMA,相距SMA,名称,周期,释放类型,支撑压力价格,支撑压力趋势,支撑压力涨幅,区间K线数量,区间K线振幅
2026-10-02 00:00:00,Long,GXO,46.56,1.31%,44.67,mfa,参数一,"{""mfa"": {""mfa_all"": 15}}",200.0,-11.25,GXO LOGISTICS INC,1D,,,,,,
2026-10-02 00:00:00,Long,GXO,46.56,1.31%,44.67,mfa,参数二,"{""mfa"": {""mfa_all"": 15}}",200.0,-11.25,GXO LOGISTICS INC,1D,,,,,,
2026-10-02 00:00:00,Long,SNES,0.78,16.27%,0.59,utb,参数一,"{""utb"": {""key_value"": 2, ""atr_period"": 14, ""use_ha"": false}, ""r&s"": {""srb_left"": 10, ""srb_right"": 10}, ""atr"": {""atr_length"": 14, ""atr_mult"": 1.0}}",,,SENESTECH INC,1D,,,,,,
2026-10-02 00:00:00,Long,SNES,0.78,16.27%,0.59,suf,参数一,"{""suf"": {""timeframe"": ""d""}}",200.0,-52.17,SENESTECH INC,1D,,,,,,
2026-10-02 00:00:00,Long,SNES,0.78,16.27%,0.59,suf,参数二,"{""suf"": {""timeframe"": ""d""}}",200.0,-52.17,SENESTECH INC,1D,,,,,,
2026-10-02 00:00:00,Long,HIBL,118.95,3.83%,112.0,sqz,参数一,"{""sqz"": {""bb_length"": 15, ""bb_mult"": 1.5, ""kc_length"": 15, ""kc_mult"": 1.2, ""min_sqz_bars"": 4}, ""r&s"": {""srb_left"": 10, ""srb_right"": 10}, ""atr"": {""atr_length"": 14, ""atr_mult"": 1.0}}",,,DIREXION DAILY S&P 500 HIGH,1D,一直亮绿,nan-78.2-80.22-138.04-118.13,低-高-高-低,nan%-2.58%-72.08%-14.42%,33.0,31.33
2026-10-02 00:00:00,Long,NVX,2.63,5.62%,2.28,suf,参数一,"{""suf"": {""timeframe"": ""d""}}",200.0,-61.45,NOVONIX LTD-ADR,1D,,,,,,
2026-10-02 00:00:00,Long,NVX,2.63,5.62%,2.28,suf,参数二,"{""suf"": {""timeframe"": ""d""}}",200.0,-61.45,NOVONIX LTD-ADR,1D,,,,,,
2026-10-02 00:00:00,Long,ODHY,9.68,-0.03%,9.66,mfa,参数一,"{""mfa"": {""mfa_all"": 14}}",200.0,-0.87,OBRA DEFENSIVE HIGH,1D,,,,,,
2026-10-02 00:00:00,Long,ODHY,9.68,-0.03%,9.66,mfa,参数二,"{""mfa"": {""mfa_all"": 14}}",200.0,-0.87,OBRA DEFENSIVE HIGH,1D,,,,,,
2026-10-02 00:00:00,Long,SLQD,49.32,-0.12%,49.22,mfa,参数一,"{""mfa"": {""mfa_all"": 16}}",200.0,-0.17,ISHARES 0-5 YR INV GRD CORP,1D,,,,,,
2026-10-02 00:00:00,Long,SLQD,49.32,-0.12%,49.22,mfa,参数二,"{""mfa"": {""mfa_all"": 16}}",200.0,-0.17,ISHARES 0-5 YR INV GRD CORP,1D,,,,,,
2026-10-02 00:00:00,Short,NIQ,16.64,-3.48%,18.03,sqz,参数一,"{""sqz"": {""bb_length"": 15, ""bb_mult"": 1.5, ""kc_length"": 15, ""kc_mult"": 1.2, ""min_sqz_bars"": 4}, ""r&s"": {""srb_left"": 10, ""srb_right"": 10}, ""atr"": {""atr_length"": 14, ""atr_mult"": 1.0}}",,,NIQ GLOBAL INTELLIGENCE PLC,1D,支撑释放,10.29-10.05-7.93-17.5,低-低-高,2.30%-21.12%-120.69%,16.0,8.34
2026-10-02 00:00:00,Long,POLA,1.16,3.57%,1.01,suf,参数一,"{""suf"": {""timeframe"": ""d""}}",200.0,-30.78,POLAR POWER INC,1D,,,,,,
2026-10-02 00:00:00,Long,POLA,1.16,3.57%,1.01,suf,参数二,"{""suf"": {""timeframe"": ""d""}}",200.0,-30.78,POLAR POWER INC,1D,,,,,,
2026-10-02 00:00:00,Long,EDBL,1.14,-4.20%,0.99,mfa,参数一,"{""mfa"": {""mfa_all"": 11}}",200.0,-98.63,EDIBLE GARDEN AG INC,1D,,,,,,
2026-10-02 00:00:00,Long,EDBL,1.14,-4.20%,0.99,mfa,参数二,"{""mfa"": {""mfa_all"": 11}}",200.0,-98.63,EDIBLE GARDEN AG INC,1D,,,,,,
2026-10-02 00:00:00,Short,AXGN,37.39,-6.34%,42.12,sqz,参数一,"{""sqz"": {""bb_length"": 15, ""bb_mult"": 1.5, ""kc_length"": 15, ""kc_mult"": 1.2, ""min_sqz_bars"": 4}, ""r&s"": {""srb_left"": 10, ""srb_right"": 10}, ""atr"": {""atr_length"": 14, ""atr_mult"": 1.0}}",,,AXOGEN INC,1D,支撑释放,27.54-30.0-38.08-38.23-39.62,高-高-高-高,8.93%-26.93%-0.39%-3.64%,15.0,18.63
2026-10-02 00:00:00,Long,IONZ,20.39,1.09%,15.74,mfa,参数一,"{""mfa"": {""mfa_all"": 19}}",200.0,-81.42,DEF DAILY TAR 2X IONQ,1D,,,,,,
2026-10-02 00:00:00,Long,IONZ,20.39,1.09%,15.74,mfa,参数二,"{""mfa"": {""mfa_all"": 19}}",200.0,-81.42,DEF DAILY TAR 2X IONQ,1D,,,,,,
2026-10-02 00:00:00,Long,SEER,2.25,2.27%,2.13,sqz,参数一,"{""sqz"": {""bb_length"": 15, ""bb_mult"": 1.5, ""kc_length"": 15, ""kc_mult"": 1.2, ""min_sqz_bars"": 4}, ""r&s"": {""srb_left"": 10, ""srb_right"": 10}, ""atr"": {""atr_length"": 14, ""atr_mult"": 1.0}}",,,SEER INC,1D,一直亮绿,2.2-2.09-1.93-2.34-2.25,低-低-高-低,5.00%-7.66%-21.24%-3.85%,44.0,26.4
2026-10-02 00:00:00,Long,SEER,2.25,2.27%,2.13,mfa,参数一,"{""mfa"": {""mfa_all"": 15}}",200.0,18.36,SEER INC,1D,,,,,,
2026-10-02 00:00:00,Long,SEER,2.25,2.27%,2.13,sqz,参数二,"{""sqz"": {""bb_length"": 20, ""bb_mult"": 1.8, ""kc_length"": 20, ""kc_mult"": 1.5, ""min_sqz_bars"": 4}, ""r&s"": {""srb_left"": 15, ""srb_right"": 15}, ""atr"": {""atr_length"": 14, ""atr_mult"": 1.0}}",,,SEER INC,1D,一直亮绿,2.2-2.09-1.93-2.34-2.25,低-低-高-低,5.00%-7.66%-21.24%-3.85%,44.0,26.4
2026-10-02 00:00:00,Long,SEER,2.25,2.27%,2.13,mfa,参数二,"{""mfa"": {""mfa_all"": 15}}",200.0,18.36,SEER INC,1D,,,,,,
2026-10-02 00:00:00,Long,SIXL,37.59,0.41%,37.24,suf,参数一,"{""suf"": {""timeframe"": ""d""}}",200.0,-1.95,ETC 6 MERIDIAN LOW BETA EQUI,1D,,,,,,
2026-10-02 00:00:00,Long,SIXL,37.59,0.41%,37.24,suf,参数二,"{""suf"": {""timeframe"": ""d""}}",200.0,-1.95,ETC 6 MERIDIAN LOW BETA EQUI,1D,,,,,,
2026-10-02 00:00:00,Long,IUSG,196.16,1.01%,193.43,sqz,参数二,"{""sqz"": {""bb_length"": 20, ""bb_mult"": 1.8, ""kc_length"": 20, ""kc_mult"": 1.5, ""min_sqz_bars"": 4}, ""r&s"": {""srb_left"": 15, ""srb_right"": 15}, ""atr"": {""atr_length"": 14, ""atr_mult"": 1.0}}",,,ISHARES CORE S&P U.S. GROWTH,1D,一直亮绿,nan-171.5-193.35-195.39,低-高-高,nan%-12.74%-1.05%,41.0,4.97
2026-10-02 00:00:00,Long,IDA,132.79,0.71%,130.0,utb,参数一,"{""utb"": {""key_value"": 2, ""atr_period"": 14, ""use_ha"": false}, ""r&s"": {""srb_left"": 10, ""srb_right"": 10}, ""atr"": {""atr_length"": 14, ""atr_mult"": 1.0}}",,,IDACORP INC,1D,,,,,,
2026-10-02 00:00:00,Long,PATK,67.16,0.90%,64.44,suf,参数一,"{""suf"": {""timeframe"": ""d""}}",200.0,-32.31,PATRICK INDUSTRIES INC,1D,,,,,,
2026-10-02 00:00:00,Long,PATK,67.16,0.90%,64.44,suf,参数二,"{""suf"": {""timeframe"": ""d""}}",200.0,-32.31,PATRICK INDUSTRIES INC,1D,,,,,,
2026-10-02 00:00:00,Long,CPB,19.62,0.67%,18.65,mfa,参数一,"{""mfa"": {""mfa_all"": 21}}",200.0,-12.7,THE CAMPBELL'S COMPANY,1D,,,,,,
2026-10-02 00:00:00,Long,CPB,19.62,0.67%,18.65,mfa,参数二,"{""mfa"": {""mfa_all"": 21}}",200.0,-12.7,THE CAMPBELL'S COMPANY,1D,,,,,,
2026-10-02 00:00:00,Long,MRVI,7.9,5.33%,7.11,utb,参数二,"{""utb"": {""key_value"": 3, ""atr_period"": 14, ""use_ha"": false}, ""r&s"": {""srb_left"": 15, ""srb_right"": 15}, ""atr"": {""atr_length"": 14, ""atr_mult"": 1.0}}",,,MARAVAI LIFESCIENCES HLDGS-A,1D,,,,,,
2026-10-02 00:00:00,Long,BH,363.76,1.84%,341.61,mfa,参数一,"{""mfa"": {""mfa_all"": 19}}",200.0,2.5,BIGLARI HOLDINGS INC-B,1D,,,,,,
2026-10-02 00:00:00,Long,BH,363.76,1.84%,341.61,mfa,参数二,"{""mfa"": {""mfa_all"": 19}}",200.0,2.5,BIGLARI HOLDINGS INC-B,1D,,,,,,
2026-10-02 00:00:00,Long,LEVI,19.87,-0.25%,19.04,mfa,参数一,"{""mfa"": {""mfa_all"": 37}}",200.0,-7.98,LEVI STRAUSS & CO- CLASS A,1D,,,,,,
2026-10-02 00:00:00,Long,LEVI,19.87,-0.25%,19.04,mfa,参数二,"{""mfa"": {""mfa_all"": 37}}",200.0,-7.98,LEVI STRAUSS & CO- CLASS A,1D,,,,,,
2026-10-02 00:00:00,Long,LION,11.16,-0.80%,10.67,mfa,参数一,"{""mfa"": {""mfa_all"": 58}}",200.0,-1.72,LIONSGATE STUDIOS CORP,1D,,,,,,
2026-10-02 00:00:00,Long,LION,11.16,-0.80%,10.67,mfa,参数二,"{""mfa"": {""mfa_all"": 58}}",200.0,-1.72,LIONSGATE STUDIOS CORP,1D,,,,,,
2026-10-02 00:00:00,Long,PRVA,20.3,1.35%,19.34,mfa,参数一,"{""mfa"": {""mfa_all"": 10}}",200.0,-11.22,PRIVIA HEALTH GROUP INC,1D,,,,,,
2026-10-02 00:00:00,Long,PRVA,20.3,1.35%,19.34,mfa,参数二,"{""mfa"": {""mfa_all"": 10}}",200.0,-11.22,PRIVIA HEALTH GROUP INC,1D,,,,,,
2026-10-02 00:00:00,Long,HSMV,35.53,0.62%,35.33,suf,参数一,"{""suf"": {""timeframe"": ""d""}}",200.0,-2.28,FIRST TRUST HORIZON MANAGED,1D,,,,,,
2026-10-02 00:00:00,Long,HSMV,35.53,0.62%,35.33,suf,参数二,"{""suf"": {""timeframe"": ""d""}}",200.0,-2.28,FIRST TRUST HORIZON MANAGED,1D,,,,,,
2026-10-02 00:00:00,Long,HCWB,1.68,-0.59%,1.35,mfa,参数一,"{""mfa"": {""mfa_all"": 14}}",200.0,-64.93,HCW BIOLOGICS INC,1D,,,,,,
2026-10-02 00:00:00,Long,HCWB,1.68,-0.59%,1.35,mfa,参数二,"{""mfa"": {""mfa_all"": 14}}",200.0,-64.93,HCW BIOLOGICS INC,1D,,,,,,
2026-10-02 00:00:00,Long,JUNS,2.55,2.00%,2.05,suf,参数一,"{""suf"": {""timeframe"": ""d""}}",200.0,-90.96,JUPITER NEUROSCIENCES INC,1D,,,,,,
2026-10-02 00:00:00,Long,JUNS,2.55,2.00%,2.05,suf,参数二,"{""suf"": {""timeframe"": ""d""}}",200.0,-90.96,JUPITER NEUROSCIENCES INC,1D,,,,,,
2026-10-02 00:00:00,Long,VECO,57.38,7.88%,52.62,sqz,参数一,"{""sqz"": {""bb_length"": 15, ""bb_mult"": 1.5, ""kc_length"": 15, ""kc_mult"": 1.2, ""min_sqz_bars"": 4}, ""r&s"": {""srb_left"": 10, ""srb_right"": 10}, ""atr"": {""atr_length"": 14, ""atr_mult"": 1.0}}",,,VEECO INSTRUMENTS INC,1D,一直亮绿,34.37-33.61-65.43-86.63-56.04,低-高-高-低,2.21%-94.67%-32.40%-35.31%,40.0,40.91
2026-10-02 00:00:00,Long,OCGN,1.02,2.00%,0.94,mfa,参数一,"{""mfa"": {""mfa_all"": 18}}",200.0,-31.75,OCUGEN INC,1D,,,,,,
2026-10-02 00:00:00,Long,OCGN,1.02,2.00%,0.94,mfa,参数二,"{""mfa"": {""mfa_all"": 18}}",200.0,-31.75,OCUGEN INC,1D,,,,,,
2026-10-02 00:00:00,Long,BV,10.28,1.18%,9.87,mfa,参数一,"{""mfa"": {""mfa_all"": 8}}",200.0,-17.96,BRIGHTVIEW HOLDINGS INC,1D,,,,,,
2026-10-02 00:00:00,Long,BV,10.28,1.18%,9.87,mfa,参数二,"{""mfa"": {""mfa_all"": 8}}",200.0,-17.96,BRIGHTVIEW HOLDINGS INC,1D,,,,,,
2026-10-02 00:00:00,Long,VIAV,47.1,5.18%,43.08,sqz,参数二,"{""sqz"": {""bb_length"": 20, ""bb_mult"": 1.8, ""kc_length"": 20, ""kc_mult"": 1.5, ""min_sqz_bars"": 4}, ""r&s"": {""srb_left"": 15, ""srb_right"": 15}, ""atr"": {""atr_length"": 14, ""atr_mult"": 1.0}}",,,VIAVI SOLUTIONS INC,1D,一直亮绿,nan-35.61-60.43-57.5-46.66,低-高-低-低,nan%-69.70%-4.85%-18.85%,33.0,42.26
2026-10-02 00:00:00,Long,SRG,1.81,6.47%,1.62,utb,参数一,"{""utb"": {""key_value"": 2, ""atr_period"": 14, ""use_ha"": false}, ""r&s"": {""srb_left"": 10, ""srb_right"": 10}, ""atr"": {""atr_length"": 14, ""atr_mult"": 1.0}}",,,SERITAGE GROWTH PROP- A,1D,,,,,,
2026-10-02 00:00:00,Long,GVA,119.92,2.63%,113.81,utb,参数一,"{""utb"": {""key_value"": 2, ""atr_period"": 14, ""use_ha"": false}, ""r&s"": {""srb_left"": 10, ""srb_right"": 10}, ""atr"": {""atr_length"": 14, ""atr_mult"": 1.0}}",,,GRANITE CONSTRUCTION INC,1D,,,,,,
2026-10-02 00:00:00,Long,HIT,0.78,6.10%,0.63,suf,参数一,"{""suf"": {""timeframe"": ""d""}}",200.0,-36.84,HEALTH IN TECH INC-CLASS A,1D,,,,,,
2026-10-02 00:00:00,Long,HIT,0.78,6.10%,0.63,suf,参数二,"{""suf"": {""timeframe"": ""d""}}",200.0,-36.84,HEALTH IN TECH INC-CLASS A,1D,,,,,,
2026-10-02 00:00:00,Long,TRI,97.62,-1.75%,92.65,mfa,参数一,"{""mfa"": {""mfa_all"": 11}}",200.0,0.96,THOMSON REUTERS CORP,1D,,,,,,
2026-10-02 00:00:00,Long,TRI,97.62,-1.75%,92.65,mfa,参数二,"{""mfa"": {""mfa_all"": 11}}",200.0,0.96,THOMSON REUTERS CORP,1D,,,,,,
2026-10-02 00:00:00,Long,GBR,0.77,-9.41%,0.67,mfa,参数一,"{""mfa"": {""mfa_all"": 6}}",200.0,-1.01,NEW CONCEPT ENERGY INC,1D,,,,,,
2026-10-02 00:00:00,Long,GBR,0.77,-9.41%,0.67,mfa,参数二,"{""mfa"": {""mfa_all"": 6}}",200.0,-1.01,NEW CONCEPT ENERGY INC,1D,,,,,,
2026-10-02 00:00:00,Long,EGUS,59.83,1.13%,59.22,sqz,参数二,"{""sqz"": {""bb_length"": 20, ""bb_mult"": 1.8, ""kc_length"": 20, ""kc_mult"": 1.5, ""min_sqz_bars"": 4}, ""r&s"": {""srb_left"": 15, ""srb_right"": 15}, ""atr"": {""atr_length"": 14, ""atr_mult"": 1.0}}",,,ISHARES ESG AWARE MSCI US GR,1D,一直亮绿,nan-59.94-59.77,低-低,nan%-0.27%,35.0,4.71
2026-10-02 00:00:00,Long,LFUS,456.53,4.82%,432.43,utb,参数二,"{""utb"": {""key_value"": 3, ""atr_period"": 14, ""use_ha"": false}, ""r&s"": {""srb_left"": 15, ""srb_right"": 15}, ""atr"": {""atr_length"": 14, ""atr_mult"": 1.0}}",,,LITTELFUSE INC,1D,,,,,,
2026-10-02 00:00:00,Long,STHH,11.72,6.35%,11.1,sqz,参数一,"{""sqz"": {""bb_length"": 15, ""bb_mult"": 1.5, ""kc_length"": 15, ""kc_mult"": 1.2, ""min_sqz_bars"": 4}, ""r&s"": {""srb_left"": 10, ""srb_right"": 10}, ""atr"": {""atr_length"": 14, ""atr_mult"": 1.0}}",,,STMICROELE NV ADRHD TM,1D,一直亮绿,5.73-6.72-15.89-16.06-11.32,高-高-高-低,17.36%-136.35%-1.05%-29.51%,33.0,18.02
2026-10-02 00:00:00,Long,STHH,11.72,6.35%,11.1,sqz,参数二,"{""sqz"": {""bb_length"": 20, ""bb_mult"": 1.8, ""kc_length"": 20, ""kc_mult"": 1.5, ""min_sqz_bars"": 4}, ""r&s"": {""srb_left"": 15, ""srb_right"": 15}, ""atr"": {""atr_length"": 14, ""atr_mult"": 1.0}}",,,STMICROELE NV ADRHD TM,1D,一直亮绿,nan-6.72-16.06-11.32,低-高-低,nan%-138.84%-29.51%,33.0,18.02
2026-10-02 00:00:00,Long,CABO,12.21,17.86%,8.3,suf,参数一,"{""suf"": {""timeframe"": ""d""}}",200.0,-81.88,CABLE ONE INC,1D,,,,,,
2026-10-02 00:00:00,Long,CABO,12.21,17.86%,8.3,suf,参数二,"{""suf"": {""timeframe"": ""d""}}",200.0,-81.88,CABLE ONE INC,1D,,,,,,
2026-10-02 00:00:00,Long,RZG,63.32,1.25%,62.56,suf,参数一,"{""suf"": {""timeframe"": ""d""}}",200.0,0.83,INVESCO S&P SMALLCAP 600 PUR,1D,,,,,,
2026-10-02 00:00:00,Long,RZG,63.32,1.25%,62.56,suf,参数二,"{""suf"": {""timeframe"": ""d""}}",200.0,0.83,INVESCO S&P SMALLCAP 600 PUR,1D,,,,,,
2026-10-02 00:00:00,Long,OGS,72.57,1.20%,70.66,suf,参数一,"{""suf"": {""timeframe"": ""d""}}",200.0,-9.36,ONE GAS INC,1D,,,,,,
2026-10-02 00:00:00,Long,OGS,72.57,1.20%,70.66,suf,参数二,"{""suf"": {""timeframe"": ""d""}}",200.0,-9.36,ONE GAS INC,1D,,,,,,
2026-10-02 00:00:00,Short,GLOO,4.12,-3.51%,4.84,utb,参数一,"{""utb"": {""key_value"": 2, ""atr_period"": 14, ""use_ha"": false}, ""r&s"": {""srb_left"": 10, ""srb_right"": 10}, ""atr"": {""atr_length"": 14, ""atr_mult"": 1.0}}",,,GLOO HOLDINGS INC-A,1D,,,,,,
2026-10-02 00:00:00,Long,PGY,17.98,3.10%,16.43,mfa,参数一,"{""mfa"": {""mfa_all"": 8}}",200.0,6.15,PAGAYA TECHNOLOGIES LTD -A,1D,,,,,,
2026-10-02 00:00:00,Long,PGY,17.98,3.10%,16.43,mfa,参数二,"{""mfa"": {""mfa_all"": 8}}",200.0,6.15,PAGAYA TECHNOLOGIES LTD -A,1D,,,,,,
2026-10-02 00:00:00,Long,BLDG,25.05,0.69%,24.76,suf,参数一,"{""suf"": {""timeframe"": ""d""}}",200.0,-1.6,CAMBRIA GLOBAL REAL ESTATE,1D,,,,,,
2026-10-02 00:00:00,Long,BLDG,25.05,0.69%,24.76,suf,参数二,"{""suf"": {""timeframe"": ""d""}}",200.0,-1.6,CAMBRIA GLOBAL REAL ESTATE,1D,,,,,,
2026-10-02 00:00:00,Long,ENTG,166.47,5.04%,156.08,sqz,参数一,"{""sqz"": {""bb_length"": 15, ""bb_mult"": 1.5, ""kc_length"": 15, ""kc_mult"": 1.2, ""min_sqz_bars"": 4}, ""r&s"": {""srb_left"": 10, ""srb_right"": 10}, ""atr"": {""atr_length"": 14, ""atr_mult"": 1.0}}",,,ENTEGRIS INC,1D,一直亮绿,142.28-158.91-149.18-186.78-166.2,高-低-高-低,11.68%-6.12%-25.20%-11.02%,33.0,32.14
2026-10-02 00:00:00,Long,ENTG,166.47,5.04%,156.08,sqz,参数二,"{""sqz"": {""bb_length"": 20, ""bb_mult"": 1.8, ""kc_length"": 20, ""kc_mult"": 1.5, ""min_sqz_bars"": 4}, ""r&s"": {""srb_left"": 15, ""srb_right"": 15}, ""atr"": {""atr_length"": 14, ""atr_mult"": 1.0}}",,,ENTEGRIS INC,1D,一直亮绿,nan-142.28-158.91-186.78-166.2,低-高-高-低,nan%-11.68%-17.54%-11.02%,33.0,32.14
2026-10-02 00:00:00,Short,TZOO,5.21,-0.57%,5.57,sqz,参数二,"{""sqz"": {""bb_length"": 20, ""bb_mult"": 1.8, ""kc_length"": 20, ""kc_mult"": 1.5, ""min_sqz_bars"": 4}, ""r&s"": {""srb_left"": 15, ""srb_right"": 15}, ""atr"": {""atr_length"": 14, ""atr_mult"": 1.0}}",,,TRAVELZOO,1D,一直释放,nan-4.72-5.45-6.68,低-高-高,nan%-15.47%-22.57%,47.0,17.96
2026-10-02 00:00:00,Long,CTAS,193.02,-1.32%,187.9,mfa,参数一,"{""mfa"": {""mfa_all"": 12}}",200.0,3.03,CINTAS CORP,1D,,,,,,
2026-10-02 00:00:00,Long,CTAS,193.02,-1.32%,187.9,mfa,参数二,"{""mfa"": {""mfa_all"": 12}}",200.0,3.03,CINTAS CORP,1D,,,,,,
2026-10-02 00:00:00,Long,DASH,189.15,3.83%,172.41,mfa,参数一,"{""mfa"": {""mfa_all"": 10}}",200.0,1.3,DOORDASH INC - A,1D,,,,,,
2026-10-02 00:00:00,Long,DASH,189.15,3.83%,172.41,mfa,参数二,"{""mfa"": {""mfa_all"": 10}}",200.0,1.3,DOORDASH INC - A,1D,,,,,,
2026-10-02 00:00:00,Long,FDTS,71.9,1.47%,70.72,sqz,参数一,"{""sqz"": {""bb_length"": 15, ""bb_mult"": 1.5, ""kc_length"": 15, ""kc_mult"": 1.2, ""min_sqz_bars"": 4}, ""r&s"": {""srb_left"": 10, ""srb_right"": 10}, ""atr"": {""atr_length"": 14, ""atr_mult"": 1.0}}",,,FIRST TRUST DEVELOPED MARKET,1D,压力释放,71.25-69.77-71.51-68.92-71.37,低-高-低-高,2.07%-2.50%-3.62%-3.55%,33.0,3.15
2026-10-02 00:00:00,Long,BKH,70.96,1.17%,68.99,mfa,参数一,"{""mfa"": {""mfa_all"": 14}}",200.0,-0.85,BLACK HILLS CORP,1D,,,,,,
2026-10-02 00:00:00,Long,BKH,70.96,1.17%,68.99,mfa,参数二,"{""mfa"": {""mfa_all"": 14}}",200.0,-0.85,BLACK HILLS CORP,1D,,,,,,
2026-10-02 00:00:00,Long,LTRX,7.19,1.84%,6.66,sqz,参数二,"{""sqz"": {""bb_length"": 20, ""bb_mult"": 1.8, ""kc_length"": 20, ""kc_mult"": 1.5, ""min_sqz_bars"": 4}, ""r&s"": {""srb_left"": 15, ""srb_right"": 15}, ""atr"": {""atr_length"": 14, ""atr_mult"": 1.0}}",,,LANTRONIX INC,1D,一直亮绿,nan-8.24-6.86-8.75-7.07,低-低-高-低,nan%-16.75%-27.55%-19.20%,25.0,40.56
2026-10-02 00:00:00,Long,MAIN,55.11,-0.99%,53.55,mfa,参数一,"{""mfa"": {""mfa_all"": 8}}",200.0,1.3,MAIN STREET CAPITAL CORP,1D,,,,,,
2026-10-02 00:00:00,Long,MAIN,55.11,-0.99%,53.55,mfa,参数二,"{""mfa"": {""mfa_all"": 8}}",200.0,1.3,MAIN STREET CAPITAL CORP,1D,,,,,,
2026-10-02 00:00:00,Long,INTS,3.44,7.17%,2.95,suf,参数一,"{""suf"": {""timeframe"": ""d""}}",200.0,-41.77,INTENSITY THERAPEUTICS INC,1D,,,,,,
2026-10-02 00:00:00,Long,INTS,3.44,7.17%,2.95,suf,参数二,"{""suf"": {""timeframe"": ""d""}}",200.0,-41.77,INTENSITY THERAPEUTICS INC,1D,,,,,,
2026-10-02 00:00:00,Short,NOEM,10.51,-0.76%,10.68,sqz,参数一,"{""sqz"": {""bb_length"": 15, ""bb_mult"": 1.5, ""kc_length"": 15, ""kc_mult"": 1.2, ""min_sqz_bars"": 4}, ""r&s"": {""srb_left"": 10, ""srb_right"": 10}, ""atr"": {""atr_length"": 14, ""atr_mult"": 1.0}}",,,CO2 ENERGY TRANSITION CORP,1D,一直释放,10.37-10.4-10.46-10.63,高-高-高,0.29%-0.58%-1.63%,23.0,0.56
2026-10-02 00:00:00,Short,VERI,0.75,0.00%,0.94,sqz,参数一,"{""sqz"": {""bb_length"": 15, ""bb_mult"": 1.5, ""kc_length"": 15, ""kc_mult"": 1.2, ""min_sqz_bars"": 4}, ""r&s"": {""srb_left"": 10, ""srb_right"": 10}, ""atr"": {""atr_length"": 14, ""atr_mult"": 1.0}}",,,VERITONE INC,1D,一直释放,2.65-1.63-1.88-0.98-0.75,低-高-低-低,38.49%-15.64%-48.01%-22.96%,23.0,85.43
2026-10-02 00:00:00,Short,CHCT,13.62,-3.34%,14.46,sqz,参数一,"{""sqz"": {""bb_length"": 15, ""bb_mult"": 1.5, ""kc_length"": 15, ""kc_mult"": 1.2, ""min_sqz_bars"": 4}, ""r&s"": {""srb_left"": 10, ""srb_right"": 10}, ""atr"": {""atr_length"": 14, ""atr_mult"": 1.0}}",,,COMMUNITY HEALTHCARE TRUST I,1D,支撑释放,14.7-15.6-16.62-17.3-14.16,高-高-高-低,6.08%-6.57%-4.06%-18.15%,33.0,7.51
2026-10-02 00:00:00,Long,NAT,8.42,3.06%,7.75,sqz,参数二,"{""sqz"": {""bb_length"": 20, ""bb_mult"": 1.8, ""kc_length"": 20, ""kc_mult"": 1.5, ""min_sqz_bars"": 4}, ""r&s"": {""srb_left"": 15, ""srb_right"": 15}, ""atr"": {""atr_length"": 14, ""atr_mult"": 1.0}}",,,NORDIC AMERICAN TANKERS LTD,1D,一直释放,nan-5.68-5.85-6.45,低-高-高,nan%-3.11%-10.24%,70.0,22.04
2026-10-02 00:00:00,Long,PKE,30.42,2.36%,28.72,mfa,参数一,"{""mfa"": {""mfa_all"": 22}}",200.0,0.99,PARK AEROSPACE CORP,1D,,,,,,
2026-10-02 00:00:00,Long,PKE,30.42,2.36%,28.72,mfa,参数二,"{""mfa"": {""mfa_all"": 22}}",200.0,0.99,PARK AEROSPACE CORP,1D,,,,,,
2026-10-02 00:00:00,Long,FAF,62.49,1.59%,59.7,suf,参数一,"{""suf"": {""timeframe"": ""d""}}",200.0,-5.58,FIRST AMERICAN FINANCIAL,1D,,,,,,
2026-10-02 00:00:00,Long,FAF,62.49,1.59%,59.7,suf,参数二,"{""suf"": {""timeframe"": ""d""}}",200.0,-5.58,FIRST AMERICAN FINANCIAL,1D,,,,,,
2026-10-02 00:00:00,Long,BZFD,1.11,-0.89%,1.02,mfa,参数一,"{""mfa"": {""mfa_all"": 17}}",200.0,5.92,BUZZFEED INC,1D,,,,,,
2026-10-02 00:00:00,Long,BZFD,1.11,-0.89%,1.02,mfa,参数二,"{""mfa"": {""mfa_all"": 17}}",200.0,5.92,BUZZFEED INC,1D,,,,,,
2026-10-02 00:00:00,Long,OMFS,49.92,0.93%,49.41,suf,参数一,"{""suf"": {""timeframe"": ""d""}}",200.0,1.52,INVESCO RSL 2000 DYN MLTFCTR,1D,,,,,,
2026-10-02 00:00:00,Long,OMFS,49.92,0.93%,49.41,suf,参数二,"{""suf"": {""timeframe"": ""d""}}",200.0,1.52,INVESCO RSL 2000 DYN MLTFCTR,1D,,,,,,
2026-10-02 00:00:00,Short,TOPS,0.54,-1.82%,0.64,sqz,参数一,"{""sqz"": {""bb_length"": 15, ""bb_mult"": 1.5, ""kc_length"": 15, ""kc_mult"": 1.2, ""min_sqz_bars"": 4}, ""r&s"": {""srb_left"": 10, ""srb_right"": 10}, ""atr"": {""atr_length"": 14, ""atr_mult"": 1.0}}",,,TOP SHIPS INC,1D,支撑释放,nan-4.45-0.7-0.62,低-低-低,nan%-84.27%-11.43%,44.0,108.06
2026-10-02 00:00:00,Short,TOPS,0.54,-1.82%,0.64,sqz,参数二,"{""sqz"": {""bb_length"": 20, ""bb_mult"": 1.8, ""kc_length"": 20, ""kc_mult"": 1.5, ""min_sqz_bars"": 4}, ""r&s"": {""srb_left"": 15, ""srb_right"": 15}, ""atr"": {""atr_length"": 14, ""atr_mult"": 1.0}}",,,TOP SHIPS INC,1D,支撑释放,nan-4.45-0.62,低-低,nan%-86.07%,44.0,108.06
2026-10-02 00:00:00,Long,YDKG,0.93,0.00%,0.86,mfa,参数一,"{""mfa"": {""mfa_all"": 20}}",200.0,0.33,YUEDA DIGITAL HOLDING-CL A,1D,,,,,,
2026-10-02 00:00:00,Long,YDKG,0.93,0.00%,0.86,mfa,参数二,"{""mfa"": {""mfa_all"": 20}}",200.0,0.33,YUEDA DIGITAL HOLDING-CL A,1D,,,,,,
2026-10-02 00:00:00,Long,CFG,64.33,0.99%,62.42,suf,参数一,"{""suf"": {""timeframe"": ""d""}}",200.0,-0.35,CITIZENS FINANCIAL GROUP,1D,,,,,,
2026-10-02 00:00:00,Long,CFG,64.33,0.99%,62.42,suf,参数二,"{""suf"": {""timeframe"": ""d""}}",200.0,-0.35,CITIZENS FINANCIAL GROUP,1D,,,,,,
2026-10-02 00:00:00,Long,USAF,27.69,-0.09%,27.61,mfa,参数一,"{""mfa"": {""mfa_all"": 8}}",200.0,0.15,ATLAS AMERICA FUND,1D,,,,,,
2026-10-02 00:00:00,Long,USAF,27.69,-0.09%,27.61,mfa,参数二,"{""mfa"": {""mfa_all"": 8}}",200.0,0.15,ATLAS AMERICA FUND,1D,,,,,,
2026-10-02 00:00:00,Long,GRNJ,30.32,1.85%,29.63,utb,参数二,"{""utb"": {""key_value"": 3, ""atr_period"": 14, ""use_ha"": false}, ""r&s"": {""srb_left"": 15, ""srb_right"": 15}, ""atr"": {""atr_length"": 14, ""atr_mult"": 1.0}}",,,FUNDSTR GRAN SH US SM & MID,1D,,,,,,
2026-10-02 00:00:00,Long,CRGO,0.97,8.00%,0.79,suf,参数一,"{""suf"": {""timeframe"": ""d""}}",200.0,-42.41,FREIGHTOS LTD,1D,,,,,,
2026-10-02 00:00:00,Long,CRGO,0.97,8.00%,0.79,suf,参数二,"{""suf"": {""timeframe"": ""d""}}",200.0,-42.41,FREIGHTOS LTD,1D,,,,,,
2026-10-02 00:00:00,Short,ONMD,5.39,-2.00%,6.25,sqz,参数一,"{""sqz"": {""bb_length"": 15, ""bb_mult"": 1.5, ""kc_length"": 15, ""kc_mult"": 1.2, ""min_sqz_bars"": 4}, ""r&s"": {""srb_left"": 10, ""srb_right"": 10}, ""atr"": {""atr_length"": 14, ""atr_mult"": 1.0}}",,,ONEMEDNET CORP,1D,支撑释放,5.7-6.0-4.9-5.6-5.61,高-低-高-高,5.26%-18.33%-14.29%-0.18%,22.0,39.04
2026-10-02 00:00:00,Short,ONMD,5.39,-2.00%,6.25,sqz,参数二,"{""sqz"": {""bb_length"": 20, ""bb_mult"": 1.8, ""kc_length"": 20, ""kc_mult"": 1.5, ""min_sqz_bars"": 4}, ""r&s"": {""srb_left"": 15, ""srb_right"": 15}, ""atr"": {""atr_length"": 14, ""atr_mult"": 1.0}}",,,ONEMEDNET CORP,1D,支撑释放,nan-5.7-4.9-5.6-5.61,低-低-高-高,nan%-14.04%-14.29%-0.18%,22.0,39.04
2026-10-02 00:00:00,Long,NP,27.43,0.70%,26.04,suf,参数一,"{""suf"": {""timeframe"": ""d""}}",200.0,-0.02,NEPTUNE INSURANCE HOLDI-CL A,1D,,,,,,
2026-10-02 00:00:00,Long,NP,27.43,0.70%,26.04,suf,参数二,"{""suf"": {""timeframe"": ""d""}}",200.0,-0.02,NEPTUNE INSURANCE HOLDI-CL A,1D,,,,,,
2026-10-02 00:00:00,Short,ALNY,219.72,-4.96%,241.86,sqz,参数一,"{""sqz"": {""bb_length"": 15, ""bb_mult"": 1.5, ""kc_length"": 15, ""kc_mult"": 1.2, ""min_sqz_bars"": 4}, ""r&s"": {""srb_left"": 10, ""srb_right"": 10}, ""atr"": {""atr_length"": 14, ""atr_mult"": 1.0}}",,,ALNYLAM PHARMACEUTICALS INC,1D,支撑释放,299.62-284.28-273.11-197.81-236.0,低-低-低-高,5.12%-3.93%-27.57%-19.31%,12.0,9.01
2026-10-02 00:00:00,Short,ALNY,219.72,-4.96%,241.86,utb,参数二,"{""utb"": {""key_value"": 3, ""atr_period"": 14, ""use_ha"": false}, ""r&s"": {""srb_left"": 15, ""srb_right"": 15}, ""atr"": {""atr_length"": 14, ""atr_mult"": 1.0}}",,,ALNYLAM PHARMACEUTICALS INC,1D,,,,,,
2026-10-02 00:00:00,Short,SPOG,6.16,-8.23%,7.03,sqz,参数一,"{""sqz"": {""bb_length"": 15, ""bb_mult"": 1.5, ""kc_length"": 15, ""kc_mult"": 1.2, ""min_sqz_bars"": 4}, ""r&s"": {""srb_left"": 10, ""srb_right"": 10}, ""atr"": {""atr_length"": 14, ""atr_mult"": 1.0}}",,,LEVERAGE SHARES 2X SPOT,1D,一直亮红,5.75-6.98-5.26-6.2,高-低-高,21.39%-24.64%-17.97%,42.0,50.2
2026-10-02 00:00:00,Long,VSDA,56.28,0.32%,55.76,suf,参数一,"{""suf"": {""timeframe"": ""d""}}",200.0,0.19,VICTORYSHARES DIVIDEND ACCEL,1D,,,,,,
2026-10-02 00:00:00,Long,VSDA,56.28,0.32%,55.76,suf,参数二,"{""suf"": {""timeframe"": ""d""}}",200.0,0.19,VICTORYSHARES DIVIDEND ACCEL,1D,,,,,,
2026-10-02 00:00:00,Long,NFTY,50.73,0.36%,50.08,suf,参数一,"{""suf"": {""timeframe"": ""d""}}",200.0,-6.73,FIRST TRUST INDIA NIFTY 50 E,1D,,,,,,
2026-10-02 00:00:00,Long,NFTY,50.73,0.36%,50.08,suf,参数二,"{""suf"": {""timeframe"": ""d""}}",200.0,-6.73,FIRST TRUST INDIA NIFTY 50 E,1D,,,,,,
2026-10-02 00:00:00,Long,CODA,11.14,4.11%,10.28,sqz,参数二,"{""sqz"": {""bb_length"": 20, ""bb_mult"": 1.8, ""kc_length"": 20, ""kc_mult"": 1.5, ""min_sqz_bars"": 4}, ""r&s"": {""srb_left"": 15, ""srb_right"": 15}, ""atr"": {""atr_length"": 14, ""atr_mult"": 1.0}}",,,CODA OCTOPUS GROUP INC,1D,一直释放,12.22-17.28-13.73-13.54-10.88,高-低-低-低,41.41%-20.57%-1.35%-19.66%,38.0,12.03
2026-10-02 00:00:00,Long,TAC,12.35,1.06%,11.83,utb,参数一,"{""utb"": {""key_value"": 2, ""atr_period"": 14, ""use_ha"": false}, ""r&s"": {""srb_left"": 10, ""srb_right"": 10}, ""atr"": {""atr_length"": 14, ""atr_mult"": 1.0}}",,,TRANSALTA CORP,1D,,,,,,
2026-10-02 00:00:00,Long,TAC,12.35,1.06%,11.83,mfa,参数一,"{""mfa"": {""mfa_all"": 29}}",200.0,-3.69,TRANSALTA CORP,1D,,,,,,
2026-10-02 00:00:00,Long,TAC,12.35,1.06%,11.83,mfa,参数二,"{""mfa"": {""mfa_all"": 29}}",200.0,-3.69,TRANSALTA CORP,1D,,,,,,
2026-10-02 00:00:00,Short,ALT,2.73,-0.91%,2.95,sqz,参数一,"{""sqz"": {""bb_length"": 15, ""bb_mult"": 1.5, ""kc_length"": 15, ""kc_mult"": 1.2, ""min_sqz_bars"": 4}, ""r&s"": {""srb_left"": 10, ""srb_right"": 10}, ""atr"": {""atr_length"": 14, ""atr_mult"": 1.0}}",,,ALTIMMUNE INC,1D,一直亮红,2.87-2.56-2.72-2.57-2.75,低-高-低-高,10.80%-6.25%-5.51%-7.00%,50.0,29.09
2026-10-02 00:00:00,Short,ALT,2.73,-0.91%,2.95,sqz,参数二,"{""sqz"": {""bb_length"": 20, ""bb_mult"": 1.8, ""kc_length"": 20, ""kc_mult"": 1.5, ""min_sqz_bars"": 4}, ""r&s"": {""srb_left"": 15, ""srb_right"": 15}, ""atr"": {""atr_length"": 14, ""atr_mult"": 1.0}}",,,ALTIMMUNE INC,1D,一直亮红,3.48-2.87-2.56-2.57-2.75,低-低-高-高,17.53%-10.80%-0.39%-7.00%,50.0,29.09
2026-10-02 00:00:00,Long,PYZ,114.93,1.40%,113.43,suf,参数一,"{""suf"": {""timeframe"": ""d""}}",200.0,-6.74,INVESCO DORSEY WRIGHT BASIC,1D,,,,,,
2026-10-02 00:00:00,Long,PYZ,114.93,1.40%,113.43,suf,参数二,"{""suf"": {""timeframe"": ""d""}}",200.0,-6.74,INVESCO DORSEY WRIGHT BASIC,1D,,,,,,
2026-10-02 00:00:00,Long,KTOS,43.07,0.58%,39.91,suf,参数一,"{""suf"": {""timeframe"": ""d""}}",200.0,-37.53,KRATOS DEFENSE & SECURITY,1D,,,,,,
2026-10-02 00:00:00,Long,KTOS,43.07,0.58%,39.91,suf,参数二,"{""suf"": {""timeframe"": ""d""}}",200.0,-37.53,KRATOS DEFENSE & SECURITY,1D,,,,,,
2026-10-02 00:00:00,Long,OGE,45.34,-0.72%,44.21,mfa,参数一,"{""mfa"": {""mfa_all"": 10}}",200.0,-1.94,OGE ENERGY CORP,1D,,,,,,
2026-10-02 00:00:00,Long,OGE,45.34,-0.72%,44.21,mfa,参数二,"{""mfa"": {""mfa_all"": 10}}",200.0,-1.94,OGE ENERGY CORP,1D,,,,,,
2026-10-02 00:00:00,Long,NPB,15.35,3.37%,14.58,suf,参数一,"{""suf"": {""timeframe"": ""d""}}",200.0,-12.24,NORTHPOINTE BANCSHARES INC,1D,,,,,,
2026-10-02 00:00:00,Long,NPB,15.35,3.37%,14.58,suf,参数二,"{""suf"": {""timeframe"": ""d""}}",200.0,-12.24,NORTHPOINTE BANCSHARES INC,1D,,,,,,
2026-10-02 00:00:00,Short,MERC,0.26,-18.75%,0.36,sqz,参数二,"{""sqz"": {""bb_length"": 20, ""bb_mult"": 1.8, ""kc_length"": 20, ""kc_mult"": 1.5, ""min_sqz_bars"": 4}, ""r&s"": {""srb_left"": 15, ""srb_right"": 15}, ""atr"": {""atr_length"": 14, ""atr_mult"": 1.0}}",,,MERCER INTERNATIONAL INC,1D,一直释放,nan-1.52-1.0-0.75-0.53,低-低-低-低,nan%-34.21%-25.00%-29.33%,56.0,41.51
2026-10-02 00:00:00,Long,IMOS,83.3,14.61%,75.3,sqz,参数二,"{""sqz"": {""bb_length"": 20, ""bb_mult"": 1.8, ""kc_length"": 20, ""kc_mult"": 1.5, ""min_sqz_bars"": 4}, ""r&s"": {""srb_left"": 15, ""srb_right"": 15}, ""atr"": {""atr_length"": 14, ""atr_mult"": 1.0}}",,,CHIPMOS TECHNOLOGIES INC-ADR,1D,一直亮绿,nan-44.84-44.46-78.35,低-低-高,nan%-0.86%-76.24%,59.0,80.07
2026-10-02 00:00:00,Long,PRSU,52.38,2.81%,49.71,utb,参数二,"{""utb"": {""key_value"": 3, ""atr_period"": 14, ""use_ha"": false}, ""r&s"": {""srb_left"": 15, ""srb_right"": 15}, ""atr"": {""atr_length"": 14, ""atr_mult"": 1.0}}",,,PURSUIT ATTRACTIONS AND HOSP,1D,,,,,,
2026-10-02 00:00:00,Long,SOC,3.51,6.69%,3.05,suf,参数一,"{""suf"": {""timeframe"": ""d""}}",200.0,-62.73,SABLE OFFSHORE CORP,1D,,,,,,
2026-10-02 00:00:00,Long,SOC,3.51,6.69%,3.05,suf,参数二,"{""suf"": {""timeframe"": ""d""}}",200.0,-62.73,SABLE OFFSHORE CORP,1D,,,,,,
2026-10-02 00:00:00,Long,SEPQ,27.95,0.32%,27.59,sqz,参数二,"{""sqz"": {""bb_length"": 20, ""bb_mult"": 1.8, ""kc_length"": 20, ""kc_mult"": 1.5, ""min_sqz_bars"": 4}, ""r&s"": {""srb_left"": 15, ""srb_right"": 15}, ""atr"": {""atr_length"": 14, ""atr_mult"": 1.0}}",,,STF TACTICAL GROWTH INCOME,1D,一直亮绿,nan-23.89-27.95-27.88,低-高-低,nan%-16.97%-0.22%,34.0,4.57
2026-10-02 00:00:00,Long,YORW,30.76,2.67%,29.52,suf,参数一,"{""suf"": {""timeframe"": ""d""}}",200.0,-1.13,YORK WATER CO,1D,,,,,,
2026-10-02 00:00:00,Long,YORW,30.76,2.67%,29.52,suf,参数二,"{""suf"": {""timeframe"": ""d""}}",200.0,-1.13,YORK WATER CO,1D,,,,,,
2026-10-02 00:00:00,Long,URI,1081.04,4.54%,1015.0,utb,参数二,"{""utb"": {""key_value"": 3, ""atr_period"": 14, ""use_ha"": false}, ""r&s"": {""srb_left"": 15, ""srb_right"": 15}, ""atr"": {""atr_length"": 14, ""atr_mult"": 1.0}}",,,UNITED RENTALS INC,1D,,,,,,
2026-10-02 00:00:00,Long,AM,20.36,0.49%,19.56,suf,参数一,"{""suf"": {""timeframe"": ""d""}}",200.0,-2.92,ANTERO MIDSTREAM CORP,1D,,,,,,
2026-10-02 00:00:00,Long,AM,20.36,0.49%,19.56,suf,参数二,"{""suf"": {""timeframe"": ""d""}}",200.0,-2.92,ANTERO MIDSTREAM CORP,1D,,,,,,
2026-10-02 00:00:00,Long,PENG,61.36,11.60%,53.46,utb,参数二,"{""utb"": {""key_value"": 3, ""atr_period"": 14, ""use_ha"": false}, ""r&s"": {""srb_left"": 15, ""srb_right"": 15}, ""atr"": {""atr_length"": 14, ""atr_mult"": 1.0}}",,,PENGUIN SOLUTIONS INC,1D,,,,,,
2026-10-02 00:00:00,Long,LITE,1085.42,3.79%,971.01,sqz,参数一,"{""sqz"": {""bb_length"": 15, ""bb_mult"": 1.5, ""kc_length"": 15, ""kc_mult"": 1.2, ""min_sqz_bars"": 4}, ""r&s"": {""srb_left"": 10, ""srb_right"": 10}, ""atr"": {""atr_length"": 14, ""atr_mult"": 1.0}}",,,LUMENTUM HOLDINGS INC,1D,压力释放,1085.68-1049.53-897.0-999.67-1026.76,低-低-高-高,3.33%-14.53%-11.45%-2.71%,17.0,23.39
2026-10-02 00:00:00,Long,LITE,1085.42,3.79%,971.01,sqz,参数二,"{""sqz"": {""bb_length"": 20, ""bb_mult"": 1.8, ""kc_length"": 20, ""kc_mult"": 1.5, ""min_sqz_bars"": 4}, ""r&s"": {""srb_left"": 15, ""srb_right"": 15}, ""atr"": {""atr_length"": 14, ""atr_mult"": 1.0}}",,,LUMENTUM HOLDINGS INC,1D,压力释放,nan-402.8-960.0-1085.68-1026.76,低-高-高-低,nan%-138.33%-13.09%-5.43%,17.0,23.39
2026-10-02 00:00:00,Long,ALZN,1.37,4.18%,1.06,suf,参数一,"{""suf"": {""timeframe"": ""d""}}",200.0,-12.26,ALZAMEND NEURO INC,1D,,,,,,
2026-10-02 00:00:00,Long,ALZN,1.37,4.18%,1.06,suf,参数二,"{""suf"": {""timeframe"": ""d""}}",200.0,-12.26,ALZAMEND NEURO INC,1D,,,,,,
2026-10-02 00:00:00,Long,REMC,22.86,0.56%,22.74,mfa,参数一,"{""mfa"": {""mfa_all"": 13}}",200.0,5.77,COLUMBIA RESEAR ENH MID CAP,1D,,,,,,
2026-10-02 00:00:00,Long,REMC,22.86,0.56%,22.74,mfa,参数二,"{""mfa"": {""mfa_all"": 13}}",200.0,5.77,COLUMBIA RESEAR ENH MID CAP,1D,,,,,,
2026-10-02 00:00:00,Long,NEOV,3.05,21.03%,2.23,mfa,参数一,"{""mfa"": {""mfa_all"": 7}}",200.0,-2.21,NEOVOLTA INC,1D,,,,,,
2026-10-02 00:00:00,Long,NEOV,3.05,21.03%,2.23,mfa,参数二,"{""mfa"": {""mfa_all"": 7}}",200.0,-2.21,NEOVOLTA INC,1D,,,,,,
2026-10-02 00:00:00,Long,DTM,121.0,0.77%,116.3,suf,参数一,"{""suf"": {""timeframe"": ""d""}}",200.0,-8.84,DT MIDSTREAM INC,1D,,,,,,
2026-10-02 00:00:00,Long,DTM,121.0,0.77%,116.3,suf,参数二,"{""suf"": {""timeframe"": ""d""}}",200.0,-8.84,DT MIDSTREAM INC,1D,,,,,,
2026-10-02 00:00:00,Long,ZJUN,27.8,0.14%,27.69,sqz,参数一,"{""sqz"": {""bb_length"": 15, ""bb_mult"": 1.5, ""kc_length"": 15, ""kc_mult"": 1.2, ""min_sqz_bars"": 4}, ""r&s"": {""srb_left"": 10, ""srb_right"": 10}, ""atr"": {""atr_length"": 14, ""atr_mult"": 1.0}}",,,INNOVA EQTY DEF PROT 1YR JUN,1D,一直亮绿,27.03-27.57-27.52-27.75-27.77,高-低-高-高,1.97%-0.16%-0.84%-0.07%,20.0,0.78
2026-10-02 00:00:00,Long,AWK,130.25,1.87%,125.62,suf,参数一,"{""suf"": {""timeframe"": ""d""}}",200.0,-0.29,AMERICAN WATER WORKS CO INC,1D,,,,,,
2026-10-02 00:00:00,Long,AWK,130.25,1.87%,125.62,suf,参数二,"{""suf"": {""timeframe"": ""d""}}",200.0,-0.29,AMERICAN WATER WORKS CO INC,1D,,,,,,
2026-10-02 00:00:00,Long,CEPF,10.27,0.00%,10.24,mfa,参数一,"{""mfa"": {""mfa_all"": 10}}",200.0,-0.72,CANTOR EQUITY PARTNERS-CL A,1D,,,,,,
2026-10-02 00:00:00,Long,CEPF,10.27,0.00%,10.24,mfa,参数二,"{""mfa"": {""mfa_all"": 10}}",200.0,-0.72,CANTOR EQUITY PARTNERS-CL A,1D,,,,,,
2026-10-02 00:00:00,Long,BENF,1.43,-5.30%,0.94,mfa,参数一,"{""mfa"": {""mfa_all"": 59}}",200.0,-59.71,BENEFICIENT - CLASS A,1D,,,,,,
2026-10-02 00:00:00,Long,BENF,1.43,-5.30%,0.94,mfa,参数二,"{""mfa"": {""mfa_all"": 59}}",200.0,-59.71,BENEFICIENT - CLASS A,1D,,,,,,
2026-10-02 00:00:00,Short,STI,5.31,-13.80%,6.86,sqz,参数二,"{""sqz"": {""bb_length"": 20, ""bb_mult"": 1.8, ""kc_length"": 20, ""kc_mult"": 1.5, ""min_sqz_bars"": 4}, ""r&s"": {""srb_left"": 15, ""srb_right"": 15}, ""atr"": {""atr_length"": 14, ""atr_mult"": 1.0}}",,,SOLIDION TECHNOLOGY INC,1D,支撑释放,nan-2.94-3.61-5.81,低-高-高,nan%-22.62%-61.17%,45.0,53.01
2026-10-02 00:00:00,Long,VIK,80.56,3.02%,74.65,suf,参数一,"{""suf"": {""timeframe"": ""d""}}",200.0,-4.05,VIKING HOLDINGS LTD,1D,,,,,,
2026-10-02 00:00:00,Long,VIK,80.56,3.02%,74.65,suf,参数二,"{""suf"": {""timeframe"": ""d""}}",200.0,-4.05,VIKING HOLDINGS LTD,1D,,,,,,
2026-10-02 00:00:00,Short,GMEX,2.45,-4.30%,3.0,utb,参数一,"{""utb"": {""key_value"": 2, ""atr_period"": 14, ""use_ha"": false}, ""r&s"": {""srb_left"": 10, ""srb_right"": 10}, ""atr"": {""atr_length"": 14, ""atr_mult"": 1.0}}",,,GMEX ROBOTICS CORPORATION,1D,,,,,,
2026-10-02 00:00:00,Long,ZNB,1.54,45.28%,0.86,suf,参数一,"{""suf"": {""timeframe"": ""d""}}",200.0,-98.79,ZETA NETWORK GROUP,1D,,,,,,
2026-10-02 00:00:00,Long,ZNB,1.54,45.28%,0.86,suf,参数二,"{""suf"": {""timeframe"": ""d""}}",200.0,-98.79,ZETA NETWORK GROUP,1D,,,,,,
2026-10-02 00:00:00,Long,RCL,277.74,2.87%,261.32,mfa,参数一,"{""mfa"": {""mfa_all"": 24}}",200.0,-2.2,ROYAL CARIBBEAN CRUISES LTD,1D,,,,,,
2026-10-02 00:00:00,Long,RCL,277.74,2.87%,261.32,mfa,参数二,"{""mfa"": {""mfa_all"": 24}}",200.0,-2.2,ROYAL CARIBBEAN CRUISES LTD,1D,,,,,,
2026-10-02 00:00:00,Long,TRNR,2.21,5.24%,1.91,suf,参数一,"{""suf"": {""timeframe"": ""d""}}",200.0,-87.38,INTERACTIVE STRENGTH INC,1D,,,,,,
2026-10-02 00:00:00,Long,TRNR,2.21,5.24%,1.91,suf,参数二,"{""suf"": {""timeframe"": ""d""}}",200.0,-87.38,INTERACTIVE STRENGTH INC,1D,,,,,,
2026-10-02 00:00:00,Long,BODI,4.92,3.58%,4.48,suf,参数一,"{""suf"": {""timeframe"": ""d""}}",200.0,-49.42,BEACHBODY CO INC/THE,1D,,,,,,
2026-10-02 00:00:00,Long,BODI,4.92,3.58%,4.48,suf,参数二,"{""suf"": {""timeframe"": ""d""}}",200.0,-49.42,BEACHBODY CO INC/THE,1D,,,,,,
2026-10-02 00:00:00,Long,BBWI,16.06,-2.07%,15.3,mfa,参数一,"{""mfa"": {""mfa_all"": 38}}",200.0,-17.87,BATH & BODY WORKS INC,1D,,,,,,
2026-10-02 00:00:00,Long,BBWI,16.06,-2.07%,15.3,mfa,参数二,"{""mfa"": {""mfa_all"": 38}}",200.0,-17.87,BATH & BODY WORKS INC,1D,,,,,,
2026-10-02 00:00:00,Long,ACT,45.26,2.51%,42.81,suf,参数一,"{""suf"": {""timeframe"": ""d""}}",200.0,4.47,ENACT HOLDINGS INC,1D,,,,,,
2026-10-02 00:00:00,Long,ACT,45.26,2.51%,42.81,suf,参数二,"{""suf"": {""timeframe"": ""d""}}",200.0,4.47,ENACT HOLDINGS INC,1D,,,,,,
2026-10-02 00:00:00,Long,ECOW,26.12,0.53%,25.7,suf,参数一,"{""suf"": {""timeframe"": ""d""}}",200.0,-0.82,PACER EMERGING MARKETS CASH,1D,,,,,,
2026-10-02 00:00:00,Long,ECOW,26.12,0.53%,25.7,suf,参数二,"{""suf"": {""timeframe"": ""d""}}",200.0,-0.82,PACER EMERGING MARKETS CASH,1D,,,,,,
2026-10-02 00:00:00,Long,QTR,35.17,0.83%,34.87,sqz,参数二,"{""sqz"": {""bb_length"": 20, ""bb_mult"": 1.8, ""kc_length"": 20, ""kc_mult"": 1.5, ""min_sqz_bars"": 4}, ""r&s"": {""srb_left"": 15, ""srb_right"": 15}, ""atr"": {""atr_length"": 14, ""atr_mult"": 1.0}}",,,GLOBAL X NASDAQ 100 TAIL RIS,1D,一直亮绿,nan-31.15-35.83-35.05,低-高-低,nan%-15.01%-2.17%,34.0,5.62
2026-10-02 00:00:00,Short,FXC,68.54,-0.15%,68.92,sqz,参数二,"{""sqz"": {""bb_length"": 20, ""bb_mult"": 1.8, ""kc_length"": 20, ""kc_mult"": 1.5, ""min_sqz_bars"": 4}, ""r&s"": {""srb_left"": 15, ""srb_right"": 15}, ""atr"": {""atr_length"": 14, ""atr_mult"": 1.0}}",,,INVESCO CURRENCYSHARES CANAD,1D,一直亮红,nan-70.08-69.95-68.61,低-低-低,nan%-0.18%-1.91%,70.0,3.6
2026-10-02 00:00:00,Long,KBWY,16.54,0.30%,16.24,suf,参数一,"{""suf"": {""timeframe"": ""d""}}",200.0,0.46,INVESCO KBW PREMIUM YIELD EQ,1D,,,,,,
2026-10-02 00:00:00,Long,KBWY,16.54,0.30%,16.24,suf,参数二,"{""suf"": {""timeframe"": ""d""}}",200.0,0.46,INVESCO KBW PREMIUM YIELD EQ,1D,,,,,,
2026-10-02 00:00:00,Long,ELS,58.25,1.09%,56.67,suf,参数一,"{""suf"": {""timeframe"": ""d""}}",200.0,-6.85,EQUITY LIFESTYLE PROPERTIES,1D,,,,,,
2026-10-02 00:00:00,Long,ELS,58.25,1.09%,56.67,suf,参数二,"{""suf"": {""timeframe"": ""d""}}",200.0,-6.85,EQUITY LIFESTYLE PROPERTIES,1D,,,,,,
2026-10-02 00:00:00,Long,GSEP,42.32,0.40%,42.06,sqz,参数二,"{""sqz"": {""bb_length"": 20, ""bb_mult"": 1.8, ""kc_length"": 20, ""kc_mult"": 1.5, ""min_sqz_bars"": 4}, ""r&s"": {""srb_left"": 15, ""srb_right"": 15}, ""atr"": {""atr_length"": 14, ""atr_mult"": 1.0}}",,,FT VEST US EQUITY MODERATE B,1D,一直释放,nan-39.25-39.24,低-低,nan%-0.03%,151.0,4.93
2026-10-02 00:00:00,Short,VYGR,2.45,-8.58%,2.88,sqz,参数一,"{""sqz"": {""bb_length"": 15, ""bb_mult"": 1.5, ""kc_length"": 15, ""kc_mult"": 1.2, ""min_sqz_bars"": 4}, ""r&s"": {""srb_left"": 10, ""srb_right"": 10}, ""atr"": {""atr_length"": 14, ""atr_mult"": 1.0}}",,,VOYAGER THERAPEUTICS INC,1D,一直释放,3.67-3.63-3.36-3.26-2.94,低-低-低-低,1.09%-7.44%-2.98%-9.82%,43.0,22.11
2026-10-02 00:00:00,Long,NWE,69.27,1.08%,67.21,mfa,参数一,"{""mfa"": {""mfa_all"": 14}}",200.0,1.42,NORTHWESTERN ENERGY GROUP IN,1D,,,,,,
2026-10-02 00:00:00,Long,NWE,69.27,1.08%,67.21,mfa,参数二,"{""mfa"": {""mfa_all"": 14}}",200.0,1.42,NORTHWESTERN ENERGY GROUP IN,1D,,,,,,
2026-10-02 00:00:00,Long,TDVI,31.69,2.52%,30.83,utb,参数一,"{""utb"": {""key_value"": 2, ""atr_period"": 14, ""use_ha"": false}, ""r&s"": {""srb_left"": 10, ""srb_right"": 10}, ""atr"": {""atr_length"": 14, ""atr_mult"": 1.0}}",,,FT VEST TECHNOLOGY DIVIDEND,1D,,,,,,
2026-10-02 00:00:00,Long,FBK,53.42,2.55%,51.52,suf,参数一,"{""suf"": {""timeframe"": ""d""}}",200.0,-3.83,FB FINANCIAL CORP,1D,,,,,,
2026-10-02 00:00:00,Long,FBK,53.42,2.55%,51.52,suf,参数二,"{""suf"": {""timeframe"": ""d""}}",200.0,-3.83,FB FINANCIAL CORP,1D,,,,,,
2026-10-02 00:00:00,Long,MAMO,0.97,-1.82%,0.9,mfa,参数一,"{""mfa"": {""mfa_all"": 13}}",200.0,-33.67,MASSIMO GROUP,1D,,,,,,
2026-10-02 00:00:00,Long,MAMO,0.97,-1.82%,0.9,mfa,参数二,"{""mfa"": {""mfa_all"": 13}}",200.0,-33.67,MASSIMO GROUP,1D,,,,,,
2026-10-02 00:00:00,Long,TBCH,13.99,9.38%,12.22,utb,参数一,"{""utb"": {""key_value"": 2, ""atr_period"": 14, ""use_ha"": false}, ""r&s"": {""srb_left"": 10, ""srb_right"": 10}, ""atr"": {""atr_length"": 14, ""atr_mult"": 1.0}}",,,TURTLE BEACH CORP,1D,,,,,,
2026-10-02 00:00:00,Long,TBCH,13.99,9.38%,12.22,sqz,参数一,"{""sqz"": {""bb_length"": 15, ""bb_mult"": 1.5, ""kc_length"": 15, ""kc_mult"": 1.2, ""min_sqz_bars"": 4}, ""r&s"": {""srb_left"": 10, ""srb_right"": 10}, ""atr"": {""atr_length"": 14, ""atr_mult"": 1.0}}",,,TURTLE BEACH CORP,1D,压力释放,12.89-14.1-13.4-14.22-13.32,高-低-高-低,9.39%-4.96%-6.12%-6.33%,25.0,13.17
2026-10-02 00:00:00,Long,TBCH,13.99,9.38%,12.22,utb,参数二,"{""utb"": {""key_value"": 3, ""atr_period"": 14, ""use_ha"": false}, ""r&s"": {""srb_left"": 15, ""srb_right"": 15}, ""atr"": {""atr_length"": 14, ""atr_mult"": 1.0}}",,,TURTLE BEACH CORP,1D,,,,,,
2026-10-02 00:00:00,Long,FWDI,8.16,4.21%,7.32,sqz,参数二,"{""sqz"": {""bb_length"": 20, ""bb_mult"": 1.8, ""kc_length"": 20, ""kc_mult"": 1.5, ""min_sqz_bars"": 4}, ""r&s"": {""srb_left"": 15, ""srb_right"": 15}, ""atr"": {""atr_length"": 14, ""atr_mult"": 1.0}}",,,FORWARD INDUSTRIES INC,1D,一直释放,nan-8.82-5.75-5.12-5.26,低-低-低-高,nan%-34.81%-10.96%-2.73%,75.0,51.15
2026-10-02 00:00:00,Short,NMAX,9.52,-3.55%,10.76,sqz,参数一,"{""sqz"": {""bb_length"": 15, ""bb_mult"": 1.5, ""kc_length"": 15, ""kc_mult"": 1.2, ""min_sqz_bars"": 4}, ""r&s"": {""srb_left"": 10, ""srb_right"": 10}, ""atr"": {""atr_length"": 14, ""atr_mult"": 1.0}}",,,NEWSMAX INC,1D,支撑释放,5.11-5.77-6.52-7.5-10.2,高-高-高-高,12.92%-13.00%-15.03%-36.07%,22.0,18.67
2026-10-02 00:00:00,Long,FEP,56.04,0.83%,55.02,suf,参数一,"{""suf"": {""timeframe"": ""d""}}",200.0,-1.01,FIRST TRUST EUROPE,1D,,,,,,
2026-10-02 00:00:00,Long,FEP,56.04,0.83%,55.02,suf,参数二,"{""suf"": {""timeframe"": ""d""}}",200.0,-1.01,FIRST TRUST EUROPE,1D,,,,,,
2026-10-02 00:00:00,Long,FOA,13.5,4.09%,12.51,suf,参数一,"{""suf"": {""timeframe"": ""d""}}",200.0,-34.31,FINANCE OF AMERICA COS INC-A,1D,,,,,,
2026-10-02 00:00:00,Long,FOA,13.5,4.09%,12.51,suf,参数二,"{""suf"": {""timeframe"": ""d""}}",200.0,-34.31,FINANCE OF AMERICA COS INC-A,1D,,,,,,
2026-10-02 00:00:00,Long,ELD,27.81,0.72%,27.42,suf,参数一,"{""suf"": {""timeframe"": ""d""}}",200.0,-1.34,WISDOMTREE EMRG MKTS DEBT,1D,,,,,,
2026-10-02 00:00:00,Long,ELD,27.81,0.72%,27.42,suf,参数二,"{""suf"": {""timeframe"": ""d""}}",200.0,-1.34,WISDOMTREE EMRG MKTS DEBT,1D,,,,,,
2026-10-02 00:00:00,Long,MYHB,24.6,0.04%,24.58,mfa,参数一,"{""mfa"": {""mfa_all"": 7}}",200.0,,STATE STREET MY2028 HIGH YLD,1D,,,,,,
2026-10-02 00:00:00,Long,MYHB,24.6,0.04%,24.58,mfa,参数二,"{""mfa"": {""mfa_all"": 7}}",200.0,,STATE STREET MY2028 HIGH YLD,1D,,,,,,
2026-10-02 00:00:00,Short,YQQQ,9.3,-0.97%,9.42,sqz,参数二,"{""sqz"": {""bb_length"": 20, ""bb_mult"": 1.8, ""kc_length"": 20, ""kc_mult"": 1.5, ""min_sqz_bars"": 4}, ""r&s"": {""srb_left"": 15, ""srb_right"": 15}, ""atr"": {""atr_length"": 14, ""atr_mult"": 1.0}}",,,YIELDMAX N100 SHORT OPT INC,1D,一直亮红,nan-9.88-8.99-9.32,低-低-高,nan%-8.99%-3.66%,35.0,4.89
2026-10-02 00:00:00,Long,IRVH,18.39,-0.23%,18.34,mfa,参数一,"{""mfa"": {""mfa_all"": 25}}",200.0,-4.69,GLOBAL X INTEREST RT VOL INF,1D,,,,,,
2026-10-02 00:00:00,Long,IRVH,18.39,-0.23%,18.34,mfa,参数二,"{""mfa"": {""mfa_all"": 25}}",200.0,-4.69,GLOBAL X INTEREST RT VOL INF,1D,,,,,,
2026-10-02 00:00:00,Long,CAT,845.42,2.31%,813.15,utb,参数一,"{""utb"": {""key_value"": 2, ""atr_period"": 14, ""use_ha"": false}, ""r&s"": {""srb_left"": 10, ""srb_right"": 10}, ""atr"": {""atr_length"": 14, ""atr_mult"": 1.0}}",,,CATERPILLAR INC,1D,,,,,,
2026-10-02 00:00:00,Long,MDPL,27.48,-1.04%,27.11,mfa,参数一,"{""mfa"": {""mfa_all"": 9}}",200.0,2.0,MONARCH DIVIDEND PLUS INDEX,1D,,,,,,
2026-10-02 00:00:00,Long,MDPL,27.48,-1.04%,27.11,mfa,参数二,"{""mfa"": {""mfa_all"": 9}}",200.0,2.0,MONARCH DIVIDEND PLUS INDEX,1D,,,,,,
2026-10-02 00:00:00,Long,PSCC,33.43,1.64%,32.63,suf,参数一,"{""suf"": {""timeframe"": ""d""}}",200.0,-0.73,INVESCO S&P SMALLCAP CONSUME,1D,,,,,,
2026-10-02 00:00:00,Long,PSCC,33.43,1.64%,32.63,suf,参数二,"{""suf"": {""timeframe"": ""d""}}",200.0,-0.73,INVESCO S&P SMALLCAP CONSUME,1D,,,,,,
2026-10-02 00:00:00,Long,SVV,9.25,0.00%,8.81,mfa,参数一,"{""mfa"": {""mfa_all"": 15}}",200.0,-1.94,SAVERS VALUE VILLAGE INC,1D,,,,,,
2026-10-02 00:00:00,Long,SVV,9.25,0.00%,8.81,mfa,参数二,"{""mfa"": {""mfa_all"": 15}}",200.0,-1.94,SAVERS VALUE VILLAGE INC,1D,,,,,,
2026-10-02 00:00:00,Long,AFMC,40.49,1.03%,40.07,utb,参数一,"{""utb"": {""key_value"": 2, ""atr_period"": 14, ""use_ha"": false}, ""r&s"": {""srb_left"": 10, ""srb_right"": 10}, ""atr"": {""atr_length"": 14, ""atr_mult"": 1.0}}",,,FIRST TRUST ACTIVE FACTOR MI,1D,,,,,,
2026-10-02 00:00:00,Long,CPSA,28.17,0.17%,28.11,sqz,参数一,"{""sqz"": {""bb_length"": 15, ""bb_mult"": 1.5, ""kc_length"": 15, ""kc_mult"": 1.2, ""min_sqz_bars"": 4}, ""r&s"": {""srb_left"": 10, ""srb_right"": 10}, ""atr"": {""atr_length"": 14, ""atr_mult"": 1.0}}",,,CALAMOS SP500 STRCT ALT-AUG,1D,一直亮绿,nan-27.14-28.16-28.17,低-高-高,nan%-3.76%-0.04%,20.0,0.79
2026-10-02 00:00:00,Long,CPSA,28.17,0.17%,28.11,sqz,参数二,"{""sqz"": {""bb_length"": 20, ""bb_mult"": 1.8, ""kc_length"": 20, ""kc_mult"": 1.5, ""min_sqz_bars"": 4}, ""r&s"": {""srb_left"": 15, ""srb_right"": 15}, ""atr"": {""atr_length"": 14, ""atr_mult"": 1.0}}",,,CALAMOS SP500 STRCT ALT-AUG,1D,压力释放,nan-27.14-28.17,低-高,nan%-3.80%,20.0,0.79
2026-10-02 00:00:00,Long,GOOD,12.94,1.73%,12.56,utb,参数一,"{""utb"": {""key_value"": 2, ""atr_period"": 14, ""use_ha"": false}, ""r&s"": {""srb_left"": 10, ""srb_right"": 10}, ""atr"": {""atr_length"": 14, ""atr_mult"": 1.0}}",,,GLADSTONE COMMERCIAL CORP,1D,,,,,,
2026-10-02 00:00:00,Long,AGL,84.14,2.26%,76.2,mfa,参数一,"{""mfa"": {""mfa_all"": 7}}",200.0,44.59,AGILON HEALTH INC,1D,,,,,,
2026-10-02 00:00:00,Long,AGL,84.14,2.26%,76.2,mfa,参数二,"{""mfa"": {""mfa_all"": 7}}",200.0,44.59,AGILON HEALTH INC,1D,,,,,,
2026-10-02 00:00:00,Long,DXST,2.42,-13.57%,1.87,mfa,参数一,"{""mfa"": {""mfa_all"": 7}}",200.0,-73.31,DECENT HOLDING INC-A,1D,,,,,,
2026-10-02 00:00:00,Long,DXST,2.42,-13.57%,1.87,mfa,参数二,"{""mfa"": {""mfa_all"": 7}}",200.0,-73.31,DECENT HOLDING INC-A,1D,,,,,,
2026-10-02 00:00:00,Long,VSEC,167.28,4.06%,150.95,suf,参数一,"{""suf"": {""timeframe"": ""d""}}",200.0,-15.71,VSE CORP,1D,,,,,,
2026-10-02 00:00:00,Long,VSEC,167.28,4.06%,150.95,suf,参数二,"{""suf"": {""timeframe"": ""d""}}",200.0,-15.71,VSE CORP,1D,,,,,,
2026-10-02 00:00:00,Long,TDV,102.6,1.15%,101.29,utb,参数二,"{""utb"": {""key_value"": 3, ""atr_period"": 14, ""use_ha"": false}, ""r&s"": {""srb_left"": 15, ""srb_right"": 15}, ""atr"": {""atr_length"": 14, ""atr_mult"": 1.0}}",,,PROSHARES S&P TECH DVD ARIST,1D,,,,,,
2026-10-02 00:00:00,Long,TNC,67.12,0.63%,64.69,mfa,参数一,"{""mfa"": {""mfa_all"": 7}}",200.0,-12.1,TENNANT CO,1D,,,,,,
2026-10-02 00:00:00,Long,TNC,67.12,0.63%,64.69,mfa,参数二,"{""mfa"": {""mfa_all"": 7}}",200.0,-12.1,TENNANT CO,1D,,,,,,
2026-10-02 00:00:00,Short,ALV,111.85,-1.08%,116.64,sqz,参数二,"{""sqz"": {""bb_length"": 20, ""bb_mult"": 1.8, ""kc_length"": 20, ""kc_mult"": 1.5, ""min_sqz_bars"": 4}, ""r&s"": {""srb_left"": 15, ""srb_right"": 15}, ""atr"": {""atr_length"": 14, ""atr_mult"": 1.0}}",,,AUTOLIV INC,1D,一直亮红,nan-116.26-97.72-112.49,低-低-高,nan%-15.95%-15.12%,65.0,12.01
2026-10-02 00:00:00,Long,EVX,39.04,1.46%,38.32,suf,参数一,"{""suf"": {""timeframe"": ""d""}}",200.0,-2.68,VANECK ENVIRONMENTAL SERVICE,1D,,,,,,
2026-10-02 00:00:00,Long,EVX,39.04,1.46%,38.32,suf,参数二,"{""suf"": {""timeframe"": ""d""}}",200.0,-2.68,VANECK ENVIRONMENTAL SERVICE,1D,,,,,,
2026-10-02 00:00:00,Long,KRMN,34.14,7.06%,29.61,suf,参数一,"{""suf"": {""timeframe"": ""d""}}",200.0,-50.37,KARMAN HOLDINGS INC,1D,,,,,,
2026-10-02 00:00:00,Long,KRMN,34.14,7.06%,29.61,suf,参数二,"{""suf"": {""timeframe"": ""d""}}",200.0,-50.37,KARMAN HOLDINGS INC,1D,,,,,,
2026-10-02 00:00:00,Long,JRVR,3.49,1.16%,3.34,suf,参数一,"{""suf"": {""timeframe"": ""d""}}",200.0,-33.42,JAMES RIVER GROUP HOLDINGS I,1D,,,,,,
2026-10-02 00:00:00,Long,JRVR,3.49,1.16%,3.34,suf,参数二,"{""suf"": {""timeframe"": ""d""}}",200.0,-33.42,JAMES RIVER GROUP HOLDINGS I,1D,,,,,,
2026-10-02 00:00:00,Short,CCCC,2.95,-6.05%,3.55,sqz,参数一,"{""sqz"": {""bb_length"": 15, ""bb_mult"": 1.5, ""kc_length"": 15, ""kc_mult"": 1.2, ""min_sqz_bars"": 4}, ""r&s"": {""srb_left"": 10, ""srb_right"": 10}, ""atr"": {""atr_length"": 14, ""atr_mult"": 1.0}}",,,C4 THERAPEUTICS INC,1D,一直释放,1.69-2.3-2.52-3.44-3.36,高-高-高-低,36.09%-9.57%-36.51%-2.33%,43.0,30.21
2026-10-02 00:00:00,Long,CCCC,2.95,-6.05%,2.71,mfa,参数一,"{""mfa"": {""mfa_all"": 17}}",200.0,-5.29,C4 THERAPEUTICS INC,1D,,,,,,
2026-10-02 00:00:00,Long,CCCC,2.95,-6.05%,2.71,mfa,参数二,"{""mfa"": {""mfa_all"": 17}}",200.0,-5.29,C4 THERAPEUTICS INC,1D,,,,,,
2026-10-02 00:00:00,Long,WMK,74.04,1.96%,71.18,utb,参数一,"{""utb"": {""key_value"": 2, ""atr_period"": 14, ""use_ha"": false}, ""r&s"": {""srb_left"": 10, ""srb_right"": 10}, ""atr"": {""atr_length"": 14, ""atr_mult"": 1.0}}",,,WEIS MARKETS INC,1D,,,,,,
2026-10-02 00:00:00,Long,NWCL,7.99,0.50%,7.1,suf,参数一,"{""suf"": {""timeframe"": ""d""}}",200.0,-23.32,NEWCLEO PLC,1D,,,,,,
2026-10-02 00:00:00,Long,NWCL,7.99,0.50%,7.1,suf,参数二,"{""suf"": {""timeframe"": ""d""}}",200.0,-23.32,NEWCLEO PLC,1D,,,,,,
2026-10-02 00:00:00,Long,FXG,58.42,1.79%,57.27,suf,参数一,"{""suf"": {""timeframe"": ""d""}}",200.0,-7.29,FIRST TRUST CONSUMER STAPLES,1D,,,,,,
2026-10-02 00:00:00,Long,FXG,58.42,1.79%,57.27,suf,参数二,"{""suf"": {""timeframe"": ""d""}}",200.0,-7.29,FIRST TRUST CONSUMER STAPLES,1D,,,,,,
2026-10-02 00:00:00,Long,MOTO,62.52,1.88%,61.5,utb,参数一,"{""utb"": {""key_value"": 2, ""atr_period"": 14, ""use_ha"": false}, ""r&s"": {""srb_left"": 10, ""srb_right"": 10}, ""atr"": {""atr_length"": 14, ""atr_mult"": 1.0}}",,,GUINN ATK SMRT TRNS & TECH-U,1D,,,,,,
2026-10-02 00:00:00,Long,EEMO,23.26,2.87%,22.58,sqz,参数一,"{""sqz"": {""bb_length"": 15, ""bb_mult"": 1.5, ""kc_length"": 15, ""kc_mult"": 1.2, ""min_sqz_bars"": 4}, ""r&s"": {""srb_left"": 10, ""srb_right"": 10}, ""atr"": {""atr_length"": 14, ""atr_mult"": 1.0}}",,,INVESCO S&P EMERGING MARKETS,1D,一直亮绿,18.87-17.77-24.7-26.03-22.92,低-高-高-低,5.81%-38.98%-5.41%-11.96%,33.0,7.66
2026-10-02 00:00:00,Long,SIXS,55.06,0.39%,54.62,suf,参数一,"{""suf"": {""timeframe"": ""d""}}",200.0,0.64,ETC 6 MERIDIAN SMALL CAP EQU,1D,,,,,,
2026-10-02 00:00:00,Long,SIXS,55.06,0.39%,54.62,suf,参数二,"{""suf"": {""timeframe"": ""d""}}",200.0,0.64,ETC 6 MERIDIAN SMALL CAP EQU,1D,,,,,,
2026-10-02 00:00:00,Long,MBCE,40.03,1.85%,39.36,sqz,参数一,"{""sqz"": {""bb_length"": 15, ""bb_mult"": 1.5, ""kc_length"": 15, ""kc_mult"": 1.2, ""min_sqz_bars"": 4}, ""r&s"": {""srb_left"": 10, ""srb_right"": 10}, ""atr"": {""atr_length"": 14, ""atr_mult"": 1.0}}",,,MONARCH BLUE CHIPS ELITE IND,1D,一直亮绿,37.3-36.9-40.11-41.8-39.97,低-高-高-低,1.07%-8.70%-4.21%-4.37%,35.0,12.04
2026-10-02 00:00:00,Long,MBCE,40.03,1.85%,39.36,sqz,参数二,"{""sqz"": {""bb_length"": 20, ""bb_mult"": 1.8, ""kc_length"": 20, ""kc_mult"": 1.5, ""min_sqz_bars"": 4}, ""r&s"": {""srb_left"": 15, ""srb_right"": 15}, ""atr"": {""atr_length"": 14, ""atr_mult"": 1.0}}",,,MONARCH BLUE CHIPS ELITE IND,1D,一直亮绿,nan-37.58-41.8-39.97,低-高-低,nan%-11.22%-4.37%,35.0,12.04
2026-10-02 00:00:00,Long,EMLP,41.54,0.65%,40.79,suf,参数一,"{""suf"": {""timeframe"": ""d""}}",200.0,-1.32,FIRST TRUST NORTH AMERICAN E,1D,,,,,,
2026-10-02 00:00:00,Long,EMLP,41.54,0.65%,40.79,suf,参数二,"{""suf"": {""timeframe"": ""d""}}",200.0,-1.32,FIRST TRUST NORTH AMERICAN E,1D,,,,,,
2026-10-02 00:00:00,Long,SAIA,351.12,1.96%,333.98,utb,参数一,"{""utb"": {""key_value"": 2, ""atr_period"": 14, ""use_ha"": false}, ""r&s"": {""srb_left"": 10, ""srb_right"": 10}, ""atr"": {""atr_length"": 14, ""atr_mult"": 1.0}}",,,SAIA INC,1D,,,,,,
2026-10-02 00:00:00,Short,DBEU,53.24,0.83%,53.85,sqz,参数一,"{""sqz"": {""bb_length"": 15, ""bb_mult"": 1.5, ""kc_length"": 15, ""kc_mult"": 1.2, ""min_sqz_bars"": 4}, ""r&s"": {""srb_left"": 10, ""srb_right"": 10}, ""atr"": {""atr_length"": 14, ""atr_mult"": 1.0}}",,,XTRACKERS MSCI EUROPE HEDGED,1D,支撑释放,48.74-46.5-49.58-51.34-53.32,低-高-高-高,4.60%-6.62%-3.55%-3.86%,13.0,2.03
2026-10-02 00:00:00,Long,HLN,8.8,0.92%,8.52,suf,参数一,"{""suf"": {""timeframe"": ""d""}}",200.0,-9.26,HALEON PLC-ADR,1D,,,,,,
2026-10-02 00:00:00,Long,HLN,8.8,0.92%,8.52,suf,参数二,"{""suf"": {""timeframe"": ""d""}}",200.0,-9.26,HALEON PLC-ADR,1D,,,,,,
2026-10-02 00:00:00,Long,QSML,32.78,0.42%,32.52,mfa,参数一,"{""mfa"": {""mfa_all"": 17}}",200.0,5.0,WISDOMTREE U.S. SMALCP Q GF,1D,,,,,,
2026-10-02 00:00:00,Long,QSML,32.78,0.42%,32.52,mfa,参数二,"{""mfa"": {""mfa_all"": 17}}",200.0,5.0,WISDOMTREE U.S. SMALCP Q GF,1D,,,,,,
2026-10-02 00:00:00,Short,TSMZ,6.9,-3.23%,7.21,sqz,参数二,"{""sqz"": {""bb_length"": 20, ""bb_mult"": 1.8, ""kc_length"": 20, ""kc_mult"": 1.5, ""min_sqz_bars"": 4}, ""r&s"": {""srb_left"": 15, ""srb_right"": 15}, ""atr"": {""atr_length"": 14, ""atr_mult"": 1.0}}",,,DIREXION DAILY TSM BEAR 1X E,1D,一直亮红,nan-10.14-9.08-6.99,低-低-低,nan%-10.48%-23.05%,66.0,26.29
2026-10-02 00:00:00,Long,SGLD,3.85,5.48%,2.94,mfa,参数一,"{""mfa"": {""mfa_all"": 18}}",200.0,,SCORPIO GOLD CORP,1D,,,,,,
2026-10-02 00:00:00,Long,SGLD,3.85,5.48%,2.94,mfa,参数二,"{""mfa"": {""mfa_all"": 18}}",200.0,,SCORPIO GOLD CORP,1D,,,,,,
2026-10-02 00:00:00,Short,ALVO,5.45,-3.02%,6.0,utb,参数一,"{""utb"": {""key_value"": 2, ""atr_period"": 14, ""use_ha"": false}, ""r&s"": {""srb_left"": 10, ""srb_right"": 10}, ""atr"": {""atr_length"": 14, ""atr_mult"": 1.0}}",,,ALVOTECH SA,1D,,,,,,
2026-10-02 00:00:00,Long,VTAK,0.15,0.00%,0.13,mfa,参数一,"{""mfa"": {""mfa_all"": 34}}",200.0,-85.34,CATHETER PRECISION INC,1D,,,,,,
2026-10-02 00:00:00,Long,VTAK,0.15,0.00%,0.13,mfa,参数二,"{""mfa"": {""mfa_all"": 34}}",200.0,-85.34,CATHETER PRECISION INC,1D,,,,,,
2026-10-02 00:00:00,Long,PLUG,1.9,0.53%,1.77,mfa,参数一,"{""mfa"": {""mfa_all"": 13}}",200.0,-22.93,PLUG POWER INC,1D,,,,,,
2026-10-02 00:00:00,Long,PLUG,1.9,0.53%,1.77,mfa,参数二,"{""mfa"": {""mfa_all"": 13}}",200.0,-22.93,PLUG POWER INC,1D,,,,,,
2026-10-02 00:00:00,Long,MREO,0.38,3.54%,0.33,sqz,参数二,"{""sqz"": {""bb_length"": 20, ""bb_mult"": 1.8, ""kc_length"": 20, ""kc_mult"": 1.5, ""min_sqz_bars"": 4}, ""r&s"": {""srb_left"": 15, ""srb_right"": 15}, ""atr"": {""atr_length"": 14, ""atr_mult"": 1.0}}",,,MEREO BIOPHARMA GROUP PL-ADR,1D,一直亮绿,nan-0.37-0.35-0.37,低-低-高,nan%-5.19%-6.63%,37.0,54.81
2026-10-02 00:00:00,Long,CTS,61.6,2.99%,59.07,utb,参数二,"{""utb"": {""key_value"": 3, ""atr_period"": 14, ""use_ha"": false}, ""r&s"": {""srb_left"": 15, ""srb_right"": 15}, ""atr"": {""atr_length"": 14, ""atr_mult"": 1.0}}",,,CTS CORP,1D,,,,,,
2026-10-02 00:00:00,Long,VFMO,231.25,0.99%,227.38,utb,参数一,"{""utb"": {""key_value"": 2, ""atr_period"": 14, ""use_ha"": false}, ""r&s"": {""srb_left"": 10, ""srb_right"": 10}, ""atr"": {""atr_length"": 14, ""atr_mult"": 1.0}}",,,VANGUARD US MOMENTUM FACTOR,1D,,,,,,
2026-10-02 00:00:00,Long,WELD,55.17,2.16%,53.59,utb,参数一,"{""utb"": {""key_value"": 2, ""atr_period"": 14, ""use_ha"": false}, ""r&s"": {""srb_left"": 10, ""srb_right"": 10}, ""atr"": {""atr_length"": 14, ""atr_mult"": 1.0}}",,,TEMA U.S. MANUFACTURING & RE,1D,,,,,,
2026-10-02 00:00:00,Long,WELD,55.17,2.16%,53.59,utb,参数二,"{""utb"": {""key_value"": 3, ""atr_period"": 14, ""use_ha"": false}, ""r&s"": {""srb_left"": 15, ""srb_right"": 15}, ""atr"": {""atr_length"": 14, ""atr_mult"": 1.0}}",,,TEMA U.S. MANUFACTURING & RE,1D,,,,,,
2026-10-02 00:00:00,Short,LU,1.02,-14.29%,1.28,sqz,参数一,"{""sqz"": {""bb_length"": 15, ""bb_mult"": 1.5, ""kc_length"": 15, ""kc_mult"": 1.2, ""min_sqz_bars"": 4}, ""r&s"": {""srb_left"": 10, ""srb_right"": 10}, ""atr"": {""atr_length"": 14, ""atr_mult"": 1.0}}",,,LUFAX HOLDING LTD-ADR,1D,支撑释放,2.48-1.73-1.84-1.2-1.23,低-高-低-高,30.58%-6.67%-34.78%-2.50%,57.0,41.46
2026-10-02 00:00:00,Short,LU,1.02,-14.29%,1.28,sqz,参数二,"{""sqz"": {""bb_length"": 20, ""bb_mult"": 1.8, ""kc_length"": 20, ""kc_mult"": 1.5, ""min_sqz_bars"": 4}, ""r&s"": {""srb_left"": 15, ""srb_right"": 15}, ""atr"": {""atr_length"": 14, ""atr_mult"": 1.0}}",,,LUFAX HOLDING LTD-ADR,1D,支撑释放,nan-2.53-2.48-1.73-1.2,低-低-低-低,nan%-1.78%-30.58%-30.43%,71.0,45.0
2026-10-02 00:00:00,Short,KPHO,22.27,-0.37%,22.43,sqz,参数一,"{""sqz"": {""bb_length"": 15, ""bb_mult"": 1.5, ""kc_length"": 15, ""kc_mult"": 1.2, ""min_sqz_bars"": 4}, ""r&s"": {""srb_left"": 10, ""srb_right"": 10}, ""atr"": {""atr_length"": 14, ""atr_mult"": 1.0}}",,,KRANESHARES DRAGON CAPITAL G,1D,一直释放,22.08-23.85-23.0-20.65-22.52,高-低-低-高,8.02%-3.56%-10.22%-9.08%,14.0,2.52
2026-10-02 00:00:00,Long,AIRG,4.61,8.47%,3.89,suf,参数一,"{""suf"": {""timeframe"": ""d""}}",200.0,-15.94,AIRGAIN INC,1D,,,,,,
2026-10-02 00:00:00,Long,AIRG,4.61,8.47%,3.89,suf,参数二,"{""suf"": {""timeframe"": ""d""}}",200.0,-15.94,AIRGAIN INC,1D,,,,,,
2026-10-02 00:00:00,Long,NXGL,0.17,-2.79%,0.13,mfa,参数一,"{""mfa"": {""mfa_all"": 70}}",200.0,-77.42,NEXGEL INC,1D,,,,,,
2026-10-02 00:00:00,Long,NXGL,0.17,-2.79%,0.13,mfa,参数二,"{""mfa"": {""mfa_all"": 70}}",200.0,-77.42,NEXGEL INC,1D,,,,,,
2026-10-02 00:00:00,Long,FDRX,25.34,2.41%,24.79,sqz,参数二,"{""sqz"": {""bb_length"": 20, ""bb_mult"": 1.8, ""kc_length"": 20, ""kc_mult"": 1.5, ""min_sqz_bars"": 4}, ""r&s"": {""srb_left"": 15, ""srb_right"": 15}, ""atr"": {""atr_length"": 14, ""atr_mult"": 1.0}}",,,CORGI FOUNDER-LED 2X DLY,1D,一直释放,nan-21.84-26.2-22.48-24.45,低-高-低-高,nan%-19.96%-14.20%-8.76%,34.0,12.05
2026-10-02 00:00:00,Short,ANGX,4.08,-3.55%,4.66,sqz,参数一,"{""sqz"": {""bb_length"": 15, ""bb_mult"": 1.5, ""kc_length"": 15, ""kc_mult"": 1.2, ""min_sqz_bars"": 4}, ""r&s"": {""srb_left"": 10, ""srb_right"": 10}, ""atr"": {""atr_length"": 14, ""atr_mult"": 1.0}}",,,ANGEL STUDIOS INC,1D,一直亮红,2.99-2.05-2.36-3.65-4.1,低-高-高-高,31.61%-15.40%-54.66%-12.33%,22.0,40.24
2026-10-02 00:00:00,Long,VENU,1.4,6.06%,1.24,suf,参数一,"{""suf"": {""timeframe"": ""d""}}",200.0,-65.03,VENU HOLDING CORP,1D,,,,,,
2026-10-02 00:00:00,Long,VENU,1.4,6.06%,1.24,suf,参数二,"{""suf"": {""timeframe"": ""d""}}",200.0,-65.03,VENU HOLDING CORP,1D,,,,,,
2026-10-02 00:00:00,Short,ZKH,2.74,-3.18%,2.9,utb,参数一,"{""utb"": {""key_value"": 2, ""atr_period"": 14, ""use_ha"": false}, ""r&s"": {""srb_left"": 10, ""srb_right"": 10}, ""atr"": {""atr_length"": 14, ""atr_mult"": 1.0}}",,,ZKH GROUP LTD,1D,,,,,,
2026-10-02 00:00:00,Long,EPI,40.53,0.22%,40.04,suf,参数一,"{""suf"": {""timeframe"": ""d""}}",200.0,-6.25,WISDOMTREE INDIA EARNINGS,1D,,,,,,
2026-10-02 00:00:00,Long,EPI,40.53,0.22%,40.04,suf,参数二,"{""suf"": {""timeframe"": ""d""}}",200.0,-6.25,WISDOMTREE INDIA EARNINGS,1D,,,,,,
2026-10-02 00:00:00,Short,BGS,2.69,-8.19%,3.07,sqz,参数二,"{""sqz"": {""bb_length"": 20, ""bb_mult"": 1.8, ""kc_length"": 20, ""kc_mult"": 1.5, ""min_sqz_bars"": 4}, ""r&s"": {""srb_left"": 15, ""srb_right"": 15}, ""atr"": {""atr_length"": 14, ""atr_mult"": 1.0}}",,,B&G FOODS INC,1D,一直释放,nan-3.63-4.36-3.56,低-高-低,nan%-20.10%-18.29%,81.0,12.71
2026-10-02 00:00:00,Short,EPRX,7.24,-7.54%,8.65,utb,参数二,"{""utb"": {""key_value"": 3, ""atr_period"": 14, ""use_ha"": false}, ""r&s"": {""srb_left"": 15, ""srb_right"": 15}, ""atr"": {""atr_length"": 14, ""atr_mult"": 1.0}}",,,EUPRAXIA PHARMACEUTICALS INC,1D,,,,,,
2026-10-02 00:00:00,Long,NHI,65.72,0.98%,63.8,suf,参数一,"{""suf"": {""timeframe"": ""d""}}",200.0,-12.93,NATL HEALTH INVESTORS INC,1D,,,,,,
2026-10-02 00:00:00,Long,NHI,65.72,0.98%,63.8,suf,参数二,"{""suf"": {""timeframe"": ""d""}}",200.0,-12.93,NATL HEALTH INVESTORS INC,1D,,,,,,
2026-10-02 00:00:00,Long,AOTG,68.39,0.68%,67.38,sqz,参数二,"{""sqz"": {""bb_length"": 20, ""bb_mult"": 1.8, ""kc_length"": 20, ""kc_mult"": 1.5, ""min_sqz_bars"": 4}, ""r&s"": {""srb_left"": 15, ""srb_right"": 15}, ""atr"": {""atr_length"": 14, ""atr_mult"": 1.0}}",,,AOT GROWTH AND INNOVATION,1D,一直释放,nan-57.39-67.08-65.58,低-高-低,nan%-16.89%-2.24%,59.0,13.82
2026-10-02 00:00:00,Long,SUI,110.75,0.68%,107.85,mfa,参数一,"{""mfa"": {""mfa_all"": 19}}",200.0,-9.14,SUN COMMUNITIES INC,1D,,,,,,
2026-10-02 00:00:00,Long,SUI,110.75,0.68%,107.85,mfa,参数二,"{""mfa"": {""mfa_all"": 19}}",200.0,-9.14,SUN COMMUNITIES INC,1D,,,,,,
2026-10-02 00:00:00,Short,MNDY,78.8,-1.88%,85.64,sqz,参数一,"{""sqz"": {""bb_length"": 15, ""bb_mult"": 1.5, ""kc_length"": 15, ""kc_mult"": 1.2, ""min_sqz_bars"": 4}, ""r&s"": {""srb_left"": 10, ""srb_right"": 10}, ""atr"": {""atr_length"": 14, ""atr_mult"": 1.0}}",,,MONDAY.COM LTD,1D,一直亮红,68.8-57.5-66.85-69.1-79.2,低-高-高-高,16.42%-16.26%-3.37%-14.61%,16.0,24.52
2026-10-02 00:00:00,Short,STBQ,23.32,-1.54%,24.71,utb,参数一,"{""utb"": {""key_value"": 2, ""atr_period"": 14, ""use_ha"": false}, ""r&s"": {""srb_left"": 10, ""srb_right"": 10}, ""atr"": {""atr_length"": 14, ""atr_mult"": 1.0}}",,,AMPLIFY STABLECOIN TECHNOLOG,1D,,,,,,
2026-10-02 00:00:00,Long,SCOW,22.17,0.59%,22.03,mfa,参数一,"{""mfa"": {""mfa_all"": 13}}",200.0,5.69,PCR S&P SC 600 Q FCF ARST,1D,,,,,,
2026-10-02 00:00:00,Long,SCOW,22.17,0.59%,22.03,mfa,参数二,"{""mfa"": {""mfa_all"": 13}}",200.0,5.69,PCR S&P SC 600 Q FCF ARST,1D,,,,,,
2026-10-02 00:00:00,Long,TAOZ,88.12,0.36%,87.33,mfa,参数一,"{""mfa"": {""mfa_all"": 8}}",200.0,,THORNBURG AMER OPPO FUND,1D,,,,,,
2026-10-02 00:00:00,Long,TAOZ,88.12,0.36%,87.33,mfa,参数二,"{""mfa"": {""mfa_all"": 8}}",200.0,,THORNBURG AMER OPPO FUND,1D,,,,,,
2026-10-02 00:00:00,Short,BNTC,8.98,-6.26%,10.63,sqz,参数一,"{""sqz"": {""bb_length"": 15, ""bb_mult"": 1.5, ""kc_length"": 15, ""kc_mult"": 1.2, ""min_sqz_bars"": 4}, ""r&s"": {""srb_left"": 10, ""srb_right"": 10}, ""atr"": {""atr_length"": 14, ""atr_mult"": 1.0}}",,,BENITEC BIOPHARMA INC,1D,一直释放,10.25-9.95-10.0-11.1-11.71,低-高-高-高,2.93%-0.50%-11.00%-5.51%,24.0,13.39
2026-10-02 00:00:00,Long,TPG,44.67,-0.13%,42.65,mfa,参数一,"{""mfa"": {""mfa_all"": 11}}",200.0,-4.71,TPG INC,1D,,,,,,
2026-10-02 00:00:00,Long,TPG,44.67,-0.13%,42.65,mfa,参数二,"{""mfa"": {""mfa_all"": 11}}",200.0,-4.71,TPG INC,1D,,,,,,
2026-10-02 00:00:00,Long,RLAY,18.96,2.54%,17.69,mfa,参数一,"{""mfa"": {""mfa_all"": 8}}",200.0,35.35,RELAY THERAPEUTICS INC,1D,,,,,,
2026-10-02 00:00:00,Long,RLAY,18.96,2.54%,17.69,mfa,参数二,"{""mfa"": {""mfa_all"": 8}}",200.0,35.35,RELAY THERAPEUTICS INC,1D,,,,,,
2026-10-02 00:00:00,Long,BGDE,5.47,3.60%,4.75,mfa,参数一,"{""mfa"": {""mfa_all"": 12}}",200.0,1.85,BIG DIGITAL ENERGY INC,1D,,,,,,
2026-10-02 00:00:00,Long,BGDE,5.47,3.60%,4.75,mfa,参数二,"{""mfa"": {""mfa_all"": 12}}",200.0,1.85,BIG DIGITAL ENERGY INC,1D,,,,,,
2026-10-02 00:00:00,Long,PFFL,6.82,2.10%,6.73,suf,参数一,"{""suf"": {""timeframe"": ""d""}}",200.0,-9.5,ETRACS MON PAY 2XLEV PREFER,1D,,,,,,
2026-10-02 00:00:00,Long,PFFL,6.82,2.10%,6.73,suf,参数二,"{""suf"": {""timeframe"": ""d""}}",200.0,-9.5,ETRACS MON PAY 2XLEV PREFER,1D,,,,,,
2026-10-02 00:00:00,Long,LKSP,10.26,0.10%,10.25,sqz,参数二,"{""sqz"": {""bb_length"": 20, ""bb_mult"": 1.8, ""kc_length"": 20, ""kc_mult"": 1.5, ""min_sqz_bars"": 4}, ""r&s"": {""srb_left"": 15, ""srb_right"": 15}, ""atr"": {""atr_length"": 14, ""atr_mult"": 1.0}}",,,LAKE SUPERIOR ACQUISITI-CL A,1D,一直释放,nan-10.03,低,nan%,166.0,0.3
2026-10-02 00:00:00,Long,UAA,4.71,1.51%,4.39,utb,参数一,"{""utb"": {""key_value"": 2, ""atr_period"": 14, ""use_ha"": false}, ""r&s"": {""srb_left"": 10, ""srb_right"": 10}, ""atr"": {""atr_length"": 14, ""atr_mult"": 1.0}}",,,UNDER ARMOUR INC-CLASS A,1D,,,,,,
2026-10-02 00:00:00,Long,KNCT,209.69,1.18%,206.44,sqz,参数一,"{""sqz"": {""bb_length"": 15, ""bb_mult"": 1.5, ""kc_length"": 15, ""kc_mult"": 1.2, ""min_sqz_bars"": 4}, ""r&s"": {""srb_left"": 10, ""srb_right"": 10}, ""atr"": {""atr_length"": 14, ""atr_mult"": 1.0}}",,,INVESCO NEXT GEN CONNECTIVIT,1D,一直释放,146.11-218.65-217.65-217.88-203.39,高-低-高-低,49.64%-0.46%-0.11%-6.65%,33.0,6.97
2026-10-02 00:00:00,Short,JAN,29.05,1.08%,29.99,sqz,参数一,"{""sqz"": {""bb_length"": 15, ""bb_mult"": 1.5, ""kc_length"": 15, ""kc_mult"": 1.2, ""min_sqz_bars"": 4}, ""r&s"": {""srb_left"": 10, ""srb_right"": 10}, ""atr"": {""atr_length"": 14, ""atr_mult"": 1.0}}",,,JANUS LIVING INC CL-A-1,1D,支撑释放,nan-23.97-28.8-29.59,低-高-高,nan%-20.12%-2.76%,23.0,7.62
2026-10-02 00:00:00,Long,ACLS,147.77,8.09%,134.62,sqz,参数一,"{""sqz"": {""bb_length"": 15, ""bb_mult"": 1.5, ""kc_length"": 15, ""kc_mult"": 1.2, ""min_sqz_bars"": 4}, ""r&s"": {""srb_left"": 10, ""srb_right"": 10}, ""atr"": {""atr_length"": 14, ""atr_mult"": 1.0}}",,,AXCELIS TECHNOLOGIES INC,1D,一直亮绿,100.62-99.11-171.61-193.78-145.7,低-高-高-低,1.50%-73.15%-12.92%-24.81%,33.0,41.92
2026-10-02 00:00:00,Long,ACLS,147.77,8.09%,134.62,sqz,参数二,"{""sqz"": {""bb_length"": 20, ""bb_mult"": 1.8, ""kc_length"": 20, ""kc_mult"": 1.5, ""min_sqz_bars"": 4}, ""r&s"": {""srb_left"": 15, ""srb_right"": 15}, ""atr"": {""atr_length"": 14, ""atr_mult"": 1.0}}",,,AXCELIS TECHNOLOGIES INC,1D,一直亮绿,100.62-99.11-171.61-193.78-145.7,低-高-高-低,1.50%-73.15%-12.92%-24.81%,33.0,41.92
2026-10-02 00:00:00,Short,CTOR,0.95,-3.06%,1.15,utb,参数一,"{""utb"": {""key_value"": 2, ""atr_period"": 14, ""use_ha"": false}, ""r&s"": {""srb_left"": 10, ""srb_right"": 10}, ""atr"": {""atr_length"": 14, ""atr_mult"": 1.0}}",,,CITIUS ONCOLOGY INC,1D,,,,,,
2026-10-02 00:00:00,Long,XKRE,25.24,2.19%,24.79,mfa,参数一,"{""mfa"": {""mfa_all"": 13}}",200.0,,CORGI US REGIONAL BNK 2X DLY,1D,,,,,,
2026-10-02 00:00:00,Long,XKRE,25.24,2.19%,24.79,mfa,参数二,"{""mfa"": {""mfa_all"": 13}}",200.0,,CORGI US REGIONAL BNK 2X DLY,1D,,,,,,
2026-10-02 00:00:00,Long,NAGE,2.79,4.10%,2.5,suf,参数一,"{""suf"": {""timeframe"": ""d""}}",200.0,-35.29,NIAGEN BIOSCIENCE INC,1D,,,,,,
2026-10-02 00:00:00,Long,NAGE,2.79,4.10%,2.5,suf,参数二,"{""suf"": {""timeframe"": ""d""}}",200.0,-35.29,NIAGEN BIOSCIENCE INC,1D,,,,,,
2026-10-02 00:00:00,Long,PK,15.53,0.71%,15.01,utb,参数一,"{""utb"": {""key_value"": 2, ""atr_period"": 14, ""use_ha"": false}, ""r&s"": {""srb_left"": 10, ""srb_right"": 10}, ""atr"": {""atr_length"": 14, ""atr_mult"": 1.0}}",,,PARK HOTELS & RESORTS INC,1D,,,,,,
2026-10-02 00:00:00,Long,DIVZ,36.65,0.71%,36.35,suf,参数一,"{""suf"": {""timeframe"": ""d""}}",200.0,-1.95,ELEVATION SERIES TRUST - POL,1D,,,,,,
2026-10-02 00:00:00,Long,DIVZ,36.65,0.71%,36.35,suf,参数二,"{""suf"": {""timeframe"": ""d""}}",200.0,-1.95,ELEVATION SERIES TRUST - POL,1D,,,,,,
2026-10-02 00:00:00,Long,PSCF,61.5,0.94%,60.92,suf,参数一,"{""suf"": {""timeframe"": ""d""}}",200.0,0.35,INVESCO S&P SMALLCAP FINANCI,1D,,,,,,
2026-10-02 00:00:00,Long,PSCF,61.5,0.94%,60.92,suf,参数二,"{""suf"": {""timeframe"": ""d""}}",200.0,0.35,INVESCO S&P SMALLCAP FINANCI,1D,,,,,,
2026-10-02 00:00:00,Short,MGX,1.02,-7.69%,1.14,sqz,参数一,"{""sqz"": {""bb_length"": 15, ""bb_mult"": 1.5, ""kc_length"": 15, ""kc_mult"": 1.2, ""min_sqz_bars"": 4}, ""r&s"": {""srb_left"": 10, ""srb_right"": 10}, ""atr"": {""atr_length"": 14, ""atr_mult"": 1.0}}",,,METAGENOMI THERAPEUTICS INC,1D,支撑释放,1.25-1.24-1.13-1.18-1.13,低-低-高-低,0.80%-8.87%-4.42%-4.41%,22.0,8.16
2026-10-02 00:00:00,Long,UTZ,14.27,0.07%,14.2,sqz,参数二,"{""sqz"": {""bb_length"": 20, ""bb_mult"": 1.8, ""kc_length"": 20, ""kc_mult"": 1.5, ""min_sqz_bars"": 4}, ""r&s"": {""srb_left"": 15, ""srb_right"": 15}, ""atr"": {""atr_length"": 14, ""atr_mult"": 1.0}}",,,UTZ BRANDS INC,1D,一直释放,nan-11.06-8.56,低-低,nan%-22.54%,103.0,28.02
2026-10-02 00:00:00,Long,INTR,5.48,3.40%,4.96,mfa,参数一,"{""mfa"": {""mfa_all"": 7}}",200.0,-21.37,INTER & CO INC - CL A,1D,,,,,,
2026-10-02 00:00:00,Long,INTR,5.48,3.40%,4.96,mfa,参数二,"{""mfa"": {""mfa_all"": 7}}",200.0,-21.37,INTER & CO INC - CL A,1D,,,,,,
2026-10-02 00:00:00,Long,RELL,18.99,2.32%,17.84,utb,参数二,"{""utb"": {""key_value"": 3, ""atr_period"": 14, ""use_ha"": false}, ""r&s"": {""srb_left"": 15, ""srb_right"": 15}, ""atr"": {""atr_length"": 14, ""atr_mult"": 1.0}}",,,RICHARDSON ELEC LTD,1D,,,,,,
2026-10-02 00:00:00,Long,TOAK,29.12,0.07%,29.09,sqz,参数一,"{""sqz"": {""bb_length"": 15, ""bb_mult"": 1.5, ""kc_length"": 15, ""kc_mult"": 1.2, ""min_sqz_bars"": 4}, ""r&s"": {""srb_left"": 10, ""srb_right"": 10}, ""atr"": {""atr_length"": 14, ""atr_mult"": 1.0}}",,,TWIN OAK SHRT HRZ ABS RTRN,1D,一直亮绿,28.53-28.56-29.27-29.03-29.11,高-高-低-高,0.11%-2.48%-0.82%-0.28%,21.0,0.38
2026-10-02 00:00:00,Long,TOAK,29.12,0.07%,29.09,sqz,参数二,"{""sqz"": {""bb_length"": 20, ""bb_mult"": 1.8, ""kc_length"": 20, ""kc_mult"": 1.5, ""min_sqz_bars"": 4}, ""r&s"": {""srb_left"": 15, ""srb_right"": 15}, ""atr"": {""atr_length"": 14, ""atr_mult"": 1.0}}",,,TWIN OAK SHRT HRZ ABS RTRN,1D,一直亮绿,nan-28.53-29.27-29.03-29.11,低-高-低-高,nan%-2.59%-0.82%-0.28%,21.0,0.38
2026-10-02 00:00:00,Long,IMC,9.11,13.87%,6.49,utb,参数一,"{""utb"": {""key_value"": 2, ""atr_period"": 14, ""use_ha"": false}, ""r&s"": {""srb_left"": 10, ""srb_right"": 10}, ""atr"": {""atr_length"": 14, ""atr_mult"": 1.0}}",,,IMC RARE EARTHS LTD,1D,,,,,,
2026-10-02 00:00:00,Long,CYCU,3.82,42.01%,2.08,utb,参数一,"{""utb"": {""key_value"": 2, ""atr_period"": 14, ""use_ha"": false}, ""r&s"": {""srb_left"": 10, ""srb_right"": 10}, ""atr"": {""atr_length"": 14, ""atr_mult"": 1.0}}",,,CYCURION INC,1D,,,,,,
2026-10-02 00:00:00,Long,SPEU,53.42,1.02%,52.58,suf,参数一,"{""suf"": {""timeframe"": ""d""}}",200.0,-0.32,STATE STREET SPDR PORTFOLIO,1D,,,,,,
2026-10-02 00:00:00,Long,SPEU,53.42,1.02%,52.58,suf,参数二,"{""suf"": {""timeframe"": ""d""}}",200.0,-0.32,STATE STREET SPDR PORTFOLIO,1D,,,,,,
2026-10-02 00:00:00,Long,MTX,66.43,1.92%,64.39,suf,参数一,"{""suf"": {""timeframe"": ""d""}}",200.0,-6.69,MINERALS TECHNOLOGIES INC,1D,,,,,,
2026-10-02 00:00:00,Long,MTX,66.43,1.92%,64.39,suf,参数二,"{""suf"": {""timeframe"": ""d""}}",200.0,-6.69,MINERALS TECHNOLOGIES INC,1D,,,,,,
2026-10-02 00:00:00,Long,CWT,45.96,2.02%,44.34,suf,参数一,"{""suf"": {""timeframe"": ""d""}}",200.0,0.19,CALIFORNIA WATER SERVICE GRP,1D,,,,,,
2026-10-02 00:00:00,Long,CWT,45.96,2.02%,44.34,suf,参数二,"{""suf"": {""timeframe"": ""d""}}",200.0,0.19,CALIFORNIA WATER SERVICE GRP,1D,,,,,,
2026-10-02 00:00:00,Long,JBS,11.67,7.46%,10.66,suf,参数一,"{""suf"": {""timeframe"": ""d""}}",200.0,-14.62,JBS NV-A,1D,,,,,,
2026-10-02 00:00:00,Long,JBS,11.67,7.46%,10.66,suf,参数二,"{""suf"": {""timeframe"": ""d""}}",200.0,-14.62,JBS NV-A,1D,,,,,,
2026-10-02 00:00:00,Long,UPBD,15.91,1.47%,15.27,suf,参数一,"{""suf"": {""timeframe"": ""d""}}",200.0,-14.64,UPBOUND GROUP INC,1D,,,,,,
2026-10-02 00:00:00,Long,UPBD,15.91,1.47%,15.27,suf,参数二,"{""suf"": {""timeframe"": ""d""}}",200.0,-14.64,UPBOUND GROUP INC,1D,,,,,,
2026-10-02 00:00:00,Long,ION,45.48,0.64%,44.32,suf,参数一,"{""suf"": {""timeframe"": ""d""}}",200.0,-17.56,PROSHARES S&P GL CORE BAT MT,1D,,,,,,
2026-10-02 00:00:00,Long,ION,45.48,0.64%,44.32,suf,参数二,"{""suf"": {""timeframe"": ""d""}}",200.0,-17.56,PROSHARES S&P GL CORE BAT MT,1D,,,,,,
2026-10-02 00:00:00,Long,OPEG,1.01,1.81%,0.86,suf,参数一,"{""suf"": {""timeframe"": ""d""}}",200.0,-81.37,LEVERAGE SHARES 2X OPEN,1D,,,,,,
2026-10-02 00:00:00,Long,OPEG,1.01,1.81%,0.86,suf,参数二,"{""suf"": {""timeframe"": ""d""}}",200.0,-81.37,LEVERAGE SHARES 2X OPEN,1D,,,,,,
2026-10-02 00:00:00,Long,DVLT,0.15,-6.25%,0.13,mfa,参数一,"{""mfa"": {""mfa_all"": 24}}",200.0,-72.51,DATAVAULT AI INC,1D,,,,,,
2026-10-02 00:00:00,Long,DVLT,0.15,-6.25%,0.13,mfa,参数二,"{""mfa"": {""mfa_all"": 24}}",200.0,-72.51,DATAVAULT AI INC,1D,,,,,,
2026-10-02 00:00:00,Long,QMID,28.9,0.37%,28.69,mfa,参数一,"{""mfa"": {""mfa_all"": 17}}",200.0,-0.15,WISDOMTREE U.S. MDCP QTY G F,1D,,,,,,
2026-10-02 00:00:00,Long,QMID,28.9,0.37%,28.69,mfa,参数二,"{""mfa"": {""mfa_all"": 17}}",200.0,-0.15,WISDOMTREE U.S. MDCP QTY G F,1D,,,,,,
2026-10-02 00:00:00,Long,NOVT,149.27,3.96%,141.02,utb,参数一,"{""utb"": {""key_value"": 2, ""atr_period"": 14, ""use_ha"": false}, ""r&s"": {""srb_left"": 10, ""srb_right"": 10}, ""atr"": {""atr_length"": 14, ""atr_mult"": 1.0}}",,,NOVANTA INC,1D,,,,,,
2026-10-02 00:00:00,Long,VIRT,58.79,5.70%,52.67,utb,参数一,"{""utb"": {""key_value"": 2, ""atr_period"": 14, ""use_ha"": false}, ""r&s"": {""srb_left"": 10, ""srb_right"": 10}, ""atr"": {""atr_length"": 14, ""atr_mult"": 1.0}}",,,VIRTU FINANCIAL INC-CLASS A,1D,,,,,,
2026-10-02 00:00:00,Long,VIRT,58.79,5.70%,52.67,utb,参数二,"{""utb"": {""key_value"": 3, ""atr_period"": 14, ""use_ha"": false}, ""r&s"": {""srb_left"": 15, ""srb_right"": 15}, ""atr"": {""atr_length"": 14, ""atr_mult"": 1.0}}",,,VIRTU FINANCIAL INC-CLASS A,1D,,,,,,
2026-10-02 00:00:00,Long,KYC,24.69,-0.12%,24.41,mfa,参数一,"{""mfa"": {""mfa_all"": 12}}",200.0,,CORGI DGTL BNK FNTCH INFRA,1D,,,,,,
2026-10-02 00:00:00,Long,KYC,24.69,-0.12%,24.41,mfa,参数二,"{""mfa"": {""mfa_all"": 12}}",200.0,,CORGI DGTL BNK FNTCH INFRA,1D,,,,,,
2026-10-02 00:00:00,Long,FRPT,60.26,4.40%,55.53,suf,参数一,"{""suf"": {""timeframe"": ""d""}}",200.0,-5.27,FRESHPET INC,1D,,,,,,
2026-10-02 00:00:00,Long,FRPT,60.26,4.40%,55.53,suf,参数二,"{""suf"": {""timeframe"": ""d""}}",200.0,-5.27,FRESHPET INC,1D,,,,,,
2026-10-02 00:00:00,Long,BNT,36.92,1.57%,36.05,suf,参数一,"{""suf"": {""timeframe"": ""d""}}",200.0,-15.43,BROOKFIELD WEALTH SOLUTIONS,1D,,,,,,
2026-10-02 00:00:00,Long,BNT,36.92,1.57%,36.05,suf,参数二,"{""suf"": {""timeframe"": ""d""}}",200.0,-15.43,BROOKFIELD WEALTH SOLUTIONS,1D,,,,,,
2026-10-02 00:00:00,Long,FDG,136.92,1.20%,134.52,sqz,参数一,"{""sqz"": {""bb_length"": 15, ""bb_mult"": 1.5, ""kc_length"": 15, ""kc_mult"": 1.2, ""min_sqz_bars"": 4}, ""r&s"": {""srb_left"": 10, ""srb_right"": 10}, ""atr"": {""atr_length"": 14, ""atr_mult"": 1.0}}",,,AMERICAN CENTURY FOCUSED DYN,1D,一直亮绿,nan-129.97-121.45-141.46-136.2,低-低-高-低,nan%-6.56%-16.48%-3.72%,39.0,5.34
2026-10-02 00:00:00,Long,KNX,66.76,2.06%,63.73,mfa,参数一,"{""mfa"": {""mfa_all"": 26}}",200.0,3.03,KNIGHT-SWIFT TRANSPORTATION,1D,,,,,,
2026-10-02 00:00:00,Long,KNX,66.76,2.06%,63.73,mfa,参数二,"{""mfa"": {""mfa_all"": 26}}",200.0,3.03,KNIGHT-SWIFT TRANSPORTATION,1D,,,,,,
2026-10-02 00:00:00,Long,PECO,37.76,0.72%,36.8,mfa,参数一,"{""mfa"": {""mfa_all"": 40}}",200.0,-1.87,PHILLIPS EDISON & COMPANY IN,1D,,,,,,
2026-10-02 00:00:00,Long,PECO,37.76,0.72%,36.8,mfa,参数二,"{""mfa"": {""mfa_all"": 40}}",200.0,-1.87,PHILLIPS EDISON & COMPANY IN,1D,,,,,,
2026-10-02 00:00:00,Long,QS,4.57,-0.44%,4.3,mfa,参数一,"{""mfa"": {""mfa_all"": 14}}",200.0,-37.62,QUANTUMSCAPE CORP,1D,,,,,,
2026-10-02 00:00:00,Long,QS,4.57,-0.44%,4.3,mfa,参数二,"{""mfa"": {""mfa_all"": 14}}",200.0,-37.62,QUANTUMSCAPE CORP,1D,,,,,,
2026-10-02 00:00:00,Short,AIIO,1.19,-4.03%,1.4,sqz,参数一,"{""sqz"": {""bb_length"": 15, ""bb_mult"": 1.5, ""kc_length"": 15, ""kc_mult"": 1.2, ""min_sqz_bars"": 4}, ""r&s"": {""srb_left"": 10, ""srb_right"": 10}, ""atr"": {""atr_length"": 14, ""atr_mult"": 1.0}}",,,ROBO.AI INC,1D,一直释放,0.56-0.54-2.25-2.39-2.6,低-高-高-高,2.88%-316.67%-6.22%-8.58%,49.0,27.94
2026-10-02 00:00:00,Long,ACGR,71.96,0.48%,71.4,sqz,参数一,"{""sqz"": {""bb_length"": 15, ""bb_mult"": 1.5, ""kc_length"": 15, ""kc_mult"": 1.2, ""min_sqz_bars"": 4}, ""r&s"": {""srb_left"": 10, ""srb_right"": 10}, ""atr"": {""atr_length"": 14, ""atr_mult"": 1.0}}",,,AMERICAN CENTURY LARGE CAP G,1D,一直亮绿,nan-67.07-72.23-69.32-71.78,低-高-低-高,nan%-7.70%-4.04%-3.55%,34.0,5.53
2026-10-02 00:00:00,Long,ACGR,71.96,0.48%,71.4,sqz,参数二,"{""sqz"": {""bb_length"": 20, ""bb_mult"": 1.8, ""kc_length"": 20, ""kc_mult"": 1.5, ""min_sqz_bars"": 4}, ""r&s"": {""srb_left"": 15, ""srb_right"": 15}, ""atr"": {""atr_length"": 14, ""atr_mult"": 1.0}}",,,AMERICAN CENTURY LARGE CAP G,1D,一直亮绿,nan-67.07-72.23-71.78,低-高-低,nan%-7.70%-0.63%,34.0,5.53
2026-10-02 00:00:00,Long,FXO,61.17,0.23%,60.31,suf,参数一,"{""suf"": {""timeframe"": ""d""}}",200.0,0.78,FIRST TRUST FINANCIAL ALPHAD,1D,,,,,,
2026-10-02 00:00:00,Long,FXO,61.17,0.23%,60.31,suf,参数二,"{""suf"": {""timeframe"": ""d""}}",200.0,0.78,FIRST TRUST FINANCIAL ALPHAD,1D,,,,,,
2026-10-02 00:00:00,Long,DFTX,37.4,-0.53%,34.85,mfa,参数一,"{""mfa"": {""mfa_all"": 24}}",200.0,36.43,DEFINIUM THERAPEUTICS INC,1D,,,,,,
2026-10-02 00:00:00,Long,DFTX,37.4,-0.53%,34.85,mfa,参数二,"{""mfa"": {""mfa_all"": 24}}",200.0,36.43,DEFINIUM THERAPEUTICS INC,1D,,,,,,
2026-10-02 00:00:00,Long,JAKK,27.15,6.47%,24.72,sqz,参数一,"{""sqz"": {""bb_length"": 15, ""bb_mult"": 1.5, ""kc_length"": 15, ""kc_mult"": 1.2, ""min_sqz_bars"": 4}, ""r&s"": {""srb_left"": 10, ""srb_right"": 10}, ""atr"": {""atr_length"": 14, ""atr_mult"": 1.0}}",,,JAKKS PACIFIC INC,1D,压力释放,23.95-23.08-23.77-26.95-26.09,低-高-高-低,3.64%-2.99%-13.42%-3.20%,26.0,11.13
2026-10-02 00:00:00,Long,JAKK,27.15,6.47%,24.72,sqz,参数二,"{""sqz"": {""bb_length"": 20, ""bb_mult"": 1.8, ""kc_length"": 20, ""kc_mult"": 1.5, ""min_sqz_bars"": 4}, ""r&s"": {""srb_left"": 15, ""srb_right"": 15}, ""atr"": {""atr_length"": 14, ""atr_mult"": 1.0}}",,,JAKKS PACIFIC INC,1D,压力释放,19.07-22.85-23.95-23.08-26.95,高-高-低-高,19.86%-4.78%-3.64%-16.81%,43.0,14.8
2026-10-02 00:00:00,Long,NVMI,396.12,2.46%,377.7,sqz,参数一,"{""sqz"": {""bb_length"": 15, ""bb_mult"": 1.5, ""kc_length"": 15, ""kc_mult"": 1.2, ""min_sqz_bars"": 4}, ""r&s"": {""srb_left"": 10, ""srb_right"": 10}, ""atr"": {""atr_length"": 14, ""atr_mult"": 1.0}}",,,NOVA LTD,1D,一直亮绿,550.0-565.0-615.99-431.58-387.71,高-高-低-低,2.73%-9.02%-29.94%-10.16%,18.0,17.64
2026-10-02 00:00:00,Long,GTES,27.65,4.34%,25.98,utb,参数二,"{""utb"": {""key_value"": 3, ""atr_period"": 14, ""use_ha"": false}, ""r&s"": {""srb_left"": 15, ""srb_right"": 15}, ""atr"": {""atr_length"": 14, ""atr_mult"": 1.0}}",,,GATES INDUSTRIAL CORP LTD,1D,,,,,,
2026-10-02 00:00:00,Long,WS,36.97,1.76%,35.12,sqz,参数一,"{""sqz"": {""bb_length"": 15, ""bb_mult"": 1.5, ""kc_length"": 15, ""kc_mult"": 1.2, ""min_sqz_bars"": 4}, ""r&s"": {""srb_left"": 10, ""srb_right"": 10}, ""atr"": {""atr_length"": 14, ""atr_mult"": 1.0}}",,,WORTHINGTON STEEL INC,1D,一直亮绿,48.51-42.31-44.72-39.02-36.68,低-高-低-低,12.77%-5.68%-12.75%-5.99%,20.0,14.4
2026-10-02 00:00:00,Long,WS,36.97,1.76%,35.12,utb,参数二,"{""utb"": {""key_value"": 3, ""atr_period"": 14, ""use_ha"": false}, ""r&s"": {""srb_left"": 15, ""srb_right"": 15}, ""atr"": {""atr_length"": 14, ""atr_mult"": 1.0}}",,,WORTHINGTON STEEL INC,1D,,,,,,
2026-10-02 00:00:00,Long,IDRV,32.94,0.80%,32.31,suf,参数一,"{""suf"": {""timeframe"": ""d""}}",200.0,-14.77,ISHARES SELF-DRIVING EV&TECH,1D,,,,,,
2026-10-02 00:00:00,Long,IDRV,32.94,0.80%,32.31,suf,参数二,"{""suf"": {""timeframe"": ""d""}}",200.0,-14.77,ISHARES SELF-DRIVING EV&TECH,1D,,,,,,
2026-10-02 00:00:00,Short,VFS,3.04,-0.65%,3.2,utb,参数二,"{""utb"": {""key_value"": 3, ""atr_period"": 14, ""use_ha"": false}, ""r&s"": {""srb_left"": 15, ""srb_right"": 15}, ""atr"": {""atr_length"": 14, ""atr_mult"": 1.0}}",,,VINFAST AUTO LTD,1D,,,,,,
2026-10-02 00:00:00,Long,UMDD,31.49,2.81%,30.46,utb,参数一,"{""utb"": {""key_value"": 2, ""atr_period"": 14, ""use_ha"": false}, ""r&s"": {""srb_left"": 10, ""srb_right"": 10}, ""atr"": {""atr_length"": 14, ""atr_mult"": 1.0}}",,,PROSHARES ULTRAPRO MIDCAP400,1D,,,,,,
2026-10-02 00:00:00,Long,MEI,15.74,10.15%,13.65,utb,参数一,"{""utb"": {""key_value"": 2, ""atr_period"": 14, ""use_ha"": false}, ""r&s"": {""srb_left"": 10, ""srb_right"": 10}, ""atr"": {""atr_length"": 14, ""atr_mult"": 1.0}}",,,METHODE ELECTRONICS INC,1D,,,,,,
2026-10-02 00:00:00,Long,KNG,48.2,0.15%,47.64,suf,参数一,"{""suf"": {""timeframe"": ""d""}}",200.0,-0.69,FT VEST S&P 500 DVD ARST TRG,1D,,,,,,
2026-10-02 00:00:00,Long,KNG,48.2,0.15%,47.64,suf,参数二,"{""suf"": {""timeframe"": ""d""}}",200.0,-0.69,FT VEST S&P 500 DVD ARST TRG,1D,,,,,,
2026-10-02 00:00:00,Long,CARG,30.02,0.98%,27.88,suf,参数一,"{""suf"": {""timeframe"": ""d""}}",200.0,-10.74,CARGURUS INC,1D,,,,,,
2026-10-02 00:00:00,Long,CARG,30.02,0.98%,27.88,suf,参数二,"{""suf"": {""timeframe"": ""d""}}",200.0,-10.74,CARGURUS INC,1D,,,,,,
2026-10-02 00:00:00,Long,TTMI,131.87,4.25%,119.57,utb,参数一,"{""utb"": {""key_value"": 2, ""atr_period"": 14, ""use_ha"": false}, ""r&s"": {""srb_left"": 10, ""srb_right"": 10}, ""atr"": {""atr_length"": 14, ""atr_mult"": 1.0}}",,,TTM TECHNOLOGIES,1D,,,,,,
2026-10-02 00:00:00,Short,TFJL,18.48,-0.38%,18.53,sqz,参数一,"{""sqz"": {""bb_length"": 15, ""bb_mult"": 1.5, ""kc_length"": 15, ""kc_mult"": 1.2, ""min_sqz_bars"": 4}, ""r&s"": {""srb_left"": 10, ""srb_right"": 10}, ""atr"": {""atr_length"": 14, ""atr_mult"": 1.0}}",,,INNOVATOR 20 YR TREAS BOND 5,1D,一直释放,19.62-19.66-19.42-18.99-18.7,高-低-低-低,0.20%-1.24%-2.22%-1.50%,32.0,1.28
2026-10-02 00:00:00,Long,YELP,18.26,0.83%,16.9,mfa,参数一,"{""mfa"": {""mfa_all"": 37}}",200.0,-26.48,YELP INC,1D,,,,,,
2026-10-02 00:00:00,Long,YELP,18.26,0.83%,16.9,mfa,参数二,"{""mfa"": {""mfa_all"": 37}}",200.0,-26.48,YELP INC,1D,,,,,,
2026-10-02 00:00:00,Long,BSCT,18.2,-0.16%,18.16,mfa,参数一,"{""mfa"": {""mfa_all"": 17}}",200.0,-0.55,INVESCO BULLETSHARES 2029 CB,1D,,,,,,
2026-10-02 00:00:00,Long,BSCT,18.2,-0.16%,18.16,mfa,参数二,"{""mfa"": {""mfa_all"": 17}}",200.0,-0.55,INVESCO BULLETSHARES 2029 CB,1D,,,,,,
2026-10-02 00:00:00,Short,PSCH,51.63,0.68%,52.72,sqz,参数一,"{""sqz"": {""bb_length"": 15, ""bb_mult"": 1.5, ""kc_length"": 15, ""kc_mult"": 1.2, ""min_sqz_bars"": 4}, ""r&s"": {""srb_left"": 10, ""srb_right"": 10}, ""atr"": {""atr_length"": 14, ""atr_mult"": 1.0}}",,,INVESCO S&P SMALLCAP HEALTH,1D,支撑释放,43.55-41.86-39.08-44.1-52.57,低-低-高-高,3.88%-6.64%-12.85%-19.21%,44.0,7.38
2026-10-02 00:00:00,Long,LDRH,23.92,-0.03%,23.83,mfa,参数一,"{""mfa"": {""mfa_all"": 11}}",200.0,-0.31,ISH IBONDS 1-5Y HY & INC LAD,1D,,,,,,
2026-10-02 00:00:00,Long,LDRH,23.92,-0.03%,23.83,mfa,参数二,"{""mfa"": {""mfa_all"": 11}}",200.0,-0.31,ISH IBONDS 1-5Y HY & INC LAD,1D,,,,,,
2026-10-02 00:00:00,Long,BOKF,128.36,1.52%,124.84,suf,参数一,"{""suf"": {""timeframe"": ""d""}}",200.0,-2.36,BOK FINANCIAL CORPORATION,1D,,,,,,
2026-10-02 00:00:00,Long,BOKF,128.36,1.52%,124.84,suf,参数二,"{""suf"": {""timeframe"": ""d""}}",200.0,-2.36,BOK FINANCIAL CORPORATION,1D,,,,,,
2026-10-02 00:00:00,Long,EXPO,67.3,-3.72%,65.17,mfa,参数一,"{""mfa"": {""mfa_all"": 7}}",200.0,2.06,EXPONENT INC,1D,,,,,,
2026-10-02 00:00:00,Long,EXPO,67.3,-3.72%,65.17,mfa,参数二,"{""mfa"": {""mfa_all"": 7}}",200.0,2.06,EXPONENT INC,1D,,,,,,
2026-10-02 00:00:00,Long,PSAI,27.39,0.22%,27.2,mfa,参数一,"{""mfa"": {""mfa_all"": 9}}",200.0,,PCR SP 3AI TP 100,1D,,,,,,
2026-10-02 00:00:00,Long,PSAI,27.39,0.22%,27.2,mfa,参数二,"{""mfa"": {""mfa_all"": 9}}",200.0,,PCR SP 3AI TP 100,1D,,,,,,
2026-10-02 00:00:00,Long,RXRX,4.12,1.23%,3.77,sqz,参数二,"{""sqz"": {""bb_length"": 20, ""bb_mult"": 1.8, ""kc_length"": 20, ""kc_mult"": 1.5, ""min_sqz_bars"": 4}, ""r&s"": {""srb_left"": 15, ""srb_right"": 15}, ""atr"": {""atr_length"": 14, ""atr_mult"": 1.0}}",,,RECURSION PHARMACEUTICALS-A,1D,一直亮绿,nan-5.24-3.9-4.04-4.09,低-低-高-高,nan%-25.57%-3.59%-1.24%,63.0,44.01
2026-10-02 00:00:00,Long,ISHG,73.86,0.24%,73.13,suf,参数一,"{""suf"": {""timeframe"": ""d""}}",200.0,-1.85,ISHARES -3 YEAR INTERNATIONA,1D,,,,,,
2026-10-02 00:00:00,Long,ISHG,73.86,0.24%,73.13,suf,参数二,"{""suf"": {""timeframe"": ""d""}}",200.0,-1.85,ISHARES -3 YEAR INTERNATIONA,1D,,,,,,
2026-10-02 00:00:00,Long,IWP,141.22,1.13%,138.75,utb,参数二,"{""utb"": {""key_value"": 3, ""atr_period"": 14, ""use_ha"": false}, ""r&s"": {""srb_left"": 15, ""srb_right"": 15}, ""atr"": {""atr_length"": 14, ""atr_mult"": 1.0}}",,,ISHARES RUSSELL MID-CAP GROW,1D,,,,,,
2026-10-02 00:00:00,Short,ELLO,20.81,-7.14%,21.65,utb,参数一,"{""utb"": {""key_value"": 2, ""atr_period"": 14, ""use_ha"": false}, ""r&s"": {""srb_left"": 10, ""srb_right"": 10}, ""atr"": {""atr_length"": 14, ""atr_mult"": 1.0}}",,,ELLOMAY CAPITAL LTD,1D,,,,,,
2026-10-02 00:00:00,Long,RLJ,11.22,1.63%,10.74,utb,参数一,"{""utb"": {""key_value"": 2, ""atr_period"": 14, ""use_ha"": false}, ""r&s"": {""srb_left"": 10, ""srb_right"": 10}, ""atr"": {""atr_length"": 14, ""atr_mult"": 1.0}}",,,RLJ LODGING TRUST,1D,,,,,,
2026-10-02 00:00:00,Long,RPT,11.1,3.16%,10.47,suf,参数一,"{""suf"": {""timeframe"": ""d""}}",200.0,-18.33,RITHM PROPERTY TRUST INC,1D,,,,,,
2026-10-02 00:00:00,Long,RPT,11.1,3.16%,10.47,suf,参数二,"{""suf"": {""timeframe"": ""d""}}",200.0,-18.33,RITHM PROPERTY TRUST INC,1D,,,,,,
2026-10-02 00:00:00,Long,ANNX,4.19,1.70%,3.85,mfa,参数一,"{""mfa"": {""mfa_all"": 19}}",200.0,-21.78,ANNEXON INC,1D,,,,,,
2026-10-02 00:00:00,Long,ANNX,4.19,1.70%,3.85,mfa,参数二,"{""mfa"": {""mfa_all"": 19}}",200.0,-21.78,ANNEXON INC,1D,,,,,,
2026-10-02 00:00:00,Long,CTO,20.54,0.93%,20.01,mfa,参数一,"{""mfa"": {""mfa_all"": 24}}",200.0,5.83,CTO REALTY GROWTH INC,1D,,,,,,
2026-10-02 00:00:00,Long,CTO,20.54,0.93%,20.01,mfa,参数二,"{""mfa"": {""mfa_all"": 24}}",200.0,5.83,CTO REALTY GROWTH INC,1D,,,,,,
2026-10-02 00:00:00,Long,BSET,20.72,8.71%,18.48,sqz,参数一,"{""sqz"": {""bb_length"": 15, ""bb_mult"": 1.5, ""kc_length"": 15, ""kc_mult"": 1.2, ""min_sqz_bars"": 4}, ""r&s"": {""srb_left"": 10, ""srb_right"": 10}, ""atr"": {""atr_length"": 14, ""atr_mult"": 1.0}}",,,BASSETT FURNITURE INDS,1D,压力释放,16.78-14.34-14.85-22.03-20.6,低-高-高-低,14.57%-3.54%-48.41%-6.51%,40.0,22.17
2026-10-02 00:00:00,Long,BSET,20.72,8.71%,18.48,utb,参数二,"{""utb"": {""key_value"": 3, ""atr_period"": 14, ""use_ha"": false}, ""r&s"": {""srb_left"": 15, ""srb_right"": 15}, ""atr"": {""atr_length"": 14, ""atr_mult"": 1.0}}",,,BASSETT FURNITURE INDS,1D,,,,,,
2026-10-02 00:00:00,Long,DON,54.58,0.53%,53.94,suf,参数一,"{""suf"": {""timeframe"": ""d""}}",200.0,-0.2,WISDOMTREE US MIDCAP DIVIDEN,1D,,,,,,
2026-10-02 00:00:00,Long,DON,54.58,0.53%,53.94,suf,参数二,"{""suf"": {""timeframe"": ""d""}}",200.0,-0.2,WISDOMTREE US MIDCAP DIVIDEN,1D,,,,,,
2026-10-02 00:00:00,Long,AFYA,12.22,1.16%,11.47,suf,参数一,"{""suf"": {""timeframe"": ""d""}}",200.0,-13.46,AFYA LTD-CLASS A,1D,,,,,,
2026-10-02 00:00:00,Long,AFYA,12.22,1.16%,11.47,suf,参数二,"{""suf"": {""timeframe"": ""d""}}",200.0,-13.46,AFYA LTD-CLASS A,1D,,,,,,
2026-10-02 00:00:00,Long,CTRE,36.3,1.09%,35.21,suf,参数一,"{""suf"": {""timeframe"": ""d""}}",200.0,-5.09,CARETRUST REIT INC,1D,,,,,,
2026-10-02 00:00:00,Long,CTRE,36.3,1.09%,35.21,suf,参数二,"{""suf"": {""timeframe"": ""d""}}",200.0,-5.09,CARETRUST REIT INC,1D,,,,,,
2026-10-02 00:00:00,Long,ASND,227.87,0.25%,216.9,mfa,参数一,"{""mfa"": {""mfa_all"": 14}}",200.0,-3.27,ASCENDIS PHARMA A/S,1D,,,,,,
2026-10-02 00:00:00,Long,ASND,227.87,0.25%,216.9,mfa,参数二,"{""mfa"": {""mfa_all"": 14}}",200.0,-3.27,ASCENDIS PHARMA A/S,1D,,,,,,
2026-10-02 00:00:00,Long,NEE,76.83,0.63%,75.23,suf,参数一,"{""suf"": {""timeframe"": ""d""}}",200.0,-10.99,NEXTERA ENERGY INC,1D,,,,,,
2026-10-02 00:00:00,Long,NEE,76.83,0.63%,75.23,suf,参数二,"{""suf"": {""timeframe"": ""d""}}",200.0,-10.99,NEXTERA ENERGY INC,1D,,,,,,
2026-10-02 00:00:00,Long,AFL,111.54,0.32%,108.24,suf,参数一,"{""suf"": {""timeframe"": ""d""}}",200.0,-2.27,AFLAC INC,1D,,,,,,
2026-10-02 00:00:00,Long,AFL,111.54,0.32%,108.24,suf,参数二,"{""suf"": {""timeframe"": ""d""}}",200.0,-2.27,AFLAC INC,1D,,,,,,
2026-10-02 00:00:00,Long,FUN,11.6,6.62%,10.11,suf,参数一,"{""suf"": {""timeframe"": ""d""}}",200.0,-33.84,SIX FLAGS ENTERTAINMENT CORP,1D,,,,,,
2026-10-02 00:00:00,Long,FUN,11.6,6.62%,10.11,suf,参数二,"{""suf"": {""timeframe"": ""d""}}",200.0,-33.84,SIX FLAGS ENTERTAINMENT CORP,1D,,,,,,
2026-10-02 00:00:00,Long,MYHA,24.65,0.00%,24.64,mfa,参数一,"{""mfa"": {""mfa_all"": 6}}",200.0,,STATE STREET MY2027 HIGH YLD,1D,,,,,,
2026-10-02 00:00:00,Long,MYHA,24.65,0.00%,24.64,mfa,参数二,"{""mfa"": {""mfa_all"": 6}}",200.0,,STATE STREET MY2027 HIGH YLD,1D,,,,,,
2026-10-02 00:00:00,Long,AEP,119.57,-0.15%,117.35,mfa,参数一,"{""mfa"": {""mfa_all"": 11}}",200.0,-4.84,AMERICAN ELECTRIC POWER,1D,,,,,,
2026-10-02 00:00:00,Long,AEP,119.57,-0.15%,117.35,mfa,参数二,"{""mfa"": {""mfa_all"": 11}}",200.0,-4.84,AMERICAN ELECTRIC POWER,1D,,,,,,
2026-10-02 00:00:00,Long,DSEP,49.1,0.39%,48.83,sqz,参数一,"{""sqz"": {""bb_length"": 15, ""bb_mult"": 1.5, ""kc_length"": 15, ""kc_mult"": 1.2, ""min_sqz_bars"": 4}, ""r&s"": {""srb_left"": 10, ""srb_right"": 10}, ""atr"": {""atr_length"": 14, ""atr_mult"": 1.0}}",,,FT VEST U.S. EQUITY DEEP BUF,1D,一直释放,nan-45.44-47.81,低-高,nan%-5.21%,56.0,1.07
2026-10-02 00:00:00,Long,DSEP,49.1,0.39%,48.83,sqz,参数二,"{""sqz"": {""bb_length"": 20, ""bb_mult"": 1.8, ""kc_length"": 20, ""kc_mult"": 1.5, ""min_sqz_bars"": 4}, ""r&s"": {""srb_left"": 15, ""srb_right"": 15}, ""atr"": {""atr_length"": 14, ""atr_mult"": 1.0}}",,,FT VEST U.S. EQUITY DEEP BUF,1D,一直释放,nan-45.44,低,nan%,161.0,4.99
2026-10-02 00:00:00,Long,EWU,46.18,0.63%,45.35,suf,参数一,"{""suf"": {""timeframe"": ""d""}}",200.0,-0.2,ISHARES MSCI UNITED KINGDOM,1D,,,,,,
2026-10-02 00:00:00,Long,EWU,46.18,0.63%,45.35,suf,参数二,"{""suf"": {""timeframe"": ""d""}}",200.0,-0.2,ISHARES MSCI UNITED KINGDOM,1D,,,,,,
2026-10-02 00:00:00,Long,CCTG,0.45,0.89%,0.37,suf,参数一,"{""suf"": {""timeframe"": ""d""}}",200.0,-39.1,CCSC TECHNOLOGY INTERNATIONA,1D,,,,,,
2026-10-02 00:00:00,Long,CCTG,0.45,0.89%,0.37,suf,参数二,"{""suf"": {""timeframe"": ""d""}}",200.0,-39.1,CCSC TECHNOLOGY INTERNATIONA,1D,,,,,,
2026-10-02 00:00:00,Short,MACI,11.04,-0.45%,11.05,utb,参数一,"{""utb"": {""key_value"": 2, ""atr_period"": 14, ""use_ha"": false}, ""r&s"": {""srb_left"": 10, ""srb_right"": 10}, ""atr"": {""atr_length"": 14, ""atr_mult"": 1.0}}",,,MELAR ACQUISITION CORP I-A,1D,,,,,,
2026-10-02 00:00:00,Short,MACI,11.04,-0.45%,11.05,utb,参数二,"{""utb"": {""key_value"": 3, ""atr_period"": 14, ""use_ha"": false}, ""r&s"": {""srb_left"": 15, ""srb_right"": 15}, ""atr"": {""atr_length"": 14, ""atr_mult"": 1.0}}",,,MELAR ACQUISITION CORP I-A,1D,,,,,,
2026-10-02 00:00:00,Long,AIHY,22.22,1.83%,21.73,sqz,参数一,"{""sqz"": {""bb_length"": 15, ""bb_mult"": 1.5, ""kc_length"": 15, ""kc_mult"": 1.2, ""min_sqz_bars"": 4}, ""r&s"": {""srb_left"": 10, ""srb_right"": 10}, ""atr"": {""atr_length"": 14, ""atr_mult"": 1.0}}",,,DEFIANCE AI HYPERSCALE LEADE,1D,一直释放,nan-21.76,低,nan%,38.0,6.61
2026-10-02 00:00:00,Long,FTAG,28.78,0.84%,28.44,suf,参数一,"{""suf"": {""timeframe"": ""d""}}",200.0,-0.69,FIRST TRUST INDXX GLOBAL AGR,1D,,,,,,
2026-10-02 00:00:00,Long,FTAG,28.78,0.84%,28.44,suf,参数二,"{""suf"": {""timeframe"": ""d""}}",200.0,-0.69,FIRST TRUST INDXX GLOBAL AGR,1D,,,,,,
2026-10-02 00:00:00,Long,BBSC,86.35,1.07%,85.35,mfa,参数一,"{""mfa"": {""mfa_all"": 18}}",200.0,3.81,JPMORGAN BETABUILDERS US SC,1D,,,,,,
2026-10-02 00:00:00,Long,BBSC,86.35,1.07%,85.35,mfa,参数二,"{""mfa"": {""mfa_all"": 18}}",200.0,3.81,JPMORGAN BETABUILDERS US SC,1D,,,,,,
2026-10-02 00:00:00,Long,RLGT,9.36,3.88%,8.74,utb,参数一,"{""utb"": {""key_value"": 2, ""atr_period"": 14, ""use_ha"": false}, ""r&s"": {""srb_left"": 10, ""srb_right"": 10}, ""atr"": {""atr_length"": 14, ""atr_mult"": 1.0}}",,,RADIANT LOGISTICS INC,1D,,,,,,
2026-10-02 00:00:00,Long,EFOI,2.99,10.74%,2.55,utb,参数一,"{""utb"": {""key_value"": 2, ""atr_period"": 14, ""use_ha"": false}, ""r&s"": {""srb_left"": 10, ""srb_right"": 10}, ""atr"": {""atr_length"": 14, ""atr_mult"": 1.0}}",,,ENERGY FOCUS INC,1D,,,,,,
2026-10-02 00:00:00,Long,EFOI,2.99,10.74%,2.55,mfa,参数一,"{""mfa"": {""mfa_all"": 13}}",200.0,8.34,ENERGY FOCUS INC,1D,,,,,,
2026-10-02 00:00:00,Long,EFOI,2.99,10.74%,2.55,mfa,参数二,"{""mfa"": {""mfa_all"": 13}}",200.0,8.34,ENERGY FOCUS INC,1D,,,,,,
2026-10-02 00:00:00,Long,FEUZ,63.66,1.23%,62.33,suf,参数一,"{""suf"": {""timeframe"": ""d""}}",200.0,-1.77,FIRST TRUST EUROZONE ALPHADE,1D,,,,,,
2026-10-02 00:00:00,Long,FEUZ,63.66,1.23%,62.33,suf,参数二,"{""suf"": {""timeframe"": ""d""}}",200.0,-1.77,FIRST TRUST EUROZONE ALPHADE,1D,,,,,,
2026-10-02 00:00:00,Long,PPC,27.5,9.13%,23.81,suf,参数一,"{""suf"": {""timeframe"": ""d""}}",200.0,-18.08,PILGRIM'S PRIDE CORP,1D,,,,,,
2026-10-02 00:00:00,Long,PPC,27.5,9.13%,23.81,suf,参数二,"{""suf"": {""timeframe"": ""d""}}",200.0,-18.08,PILGRIM'S PRIDE CORP,1D,,,,,,
2026-10-02 00:00:00,Short,KGRN,21.09,-1.10%,21.74,sqz,参数一,"{""sqz"": {""bb_length"": 15, ""bb_mult"": 1.5, ""kc_length"": 15, ""kc_mult"": 1.2, ""min_sqz_bars"": 4}, ""r&s"": {""srb_left"": 10, ""srb_right"": 10}, ""atr"": {""atr_length"": 14, ""atr_mult"": 1.0}}",,,KRANESHARES MSCI CHINA CLEAN,1D,一直释放,26.29-26.02-27.8-27.74-23.0,低-高-低-低,1.02%-6.80%-0.20%-17.08%,68.0,8.52
2026-10-02 00:00:00,Short,NVCR,14.94,-6.16%,16.97,sqz,参数二,"{""sqz"": {""bb_length"": 20, ""bb_mult"": 1.8, ""kc_length"": 20, ""kc_mult"": 1.5, ""min_sqz_bars"": 4}, ""r&s"": {""srb_left"": 15, ""srb_right"": 15}, ""atr"": {""atr_length"": 14, ""atr_mult"": 1.0}}",,,NOVOCURE LTD,1D,一直释放,9.82-10.14-13.43-14.83-15.1,高-高-高-高,3.21%-32.51%-10.42%-1.82%,16.0,12.52
2026-10-02 00:00:00,Long,CCM,3.17,7.82%,2.44,suf,参数一,"{""suf"": {""timeframe"": ""d""}}",200.0,-25.95,CONCORD MEDICAL - SPON ADR,1D,,,,,,
2026-10-02 00:00:00,Long,CCM,3.17,7.82%,2.44,suf,参数二,"{""suf"": {""timeframe"": ""d""}}",200.0,-25.95,CONCORD MEDICAL - SPON ADR,1D,,,,,,
2026-10-02 00:00:00,Short,NYT,62.7,-1.59%,65.98,sqz,参数一,"{""sqz"": {""bb_length"": 15, ""bb_mult"": 1.5, ""kc_length"": 15, ""kc_mult"": 1.2, ""min_sqz_bars"": 4}, ""r&s"": {""srb_left"": 10, ""srb_right"": 10}, ""atr"": {""atr_length"": 14, ""atr_mult"": 1.0}}",,,NEW YORK TIMES CO-A,1D,一直亮红,58.53-75.74-72.74-68.31-63.05,高-低-低-低,29.42%-3.96%-6.10%-7.70%,41.0,16.49
2026-10-02 00:00:00,Short,NYT,62.7,-1.59%,65.98,sqz,参数二,"{""sqz"": {""bb_length"": 20, ""bb_mult"": 1.8, ""kc_length"": 20, ""kc_mult"": 1.5, ""min_sqz_bars"": 4}, ""r&s"": {""srb_left"": 15, ""srb_right"": 15}, ""atr"": {""atr_length"": 14, ""atr_mult"": 1.0}}",,,NEW YORK TIMES CO-A,1D,一直亮红,nan-58.53-75.74-68.31-63.05,低-高-低-低,nan%-29.42%-9.82%-7.70%,41.0,16.49
2026-10-02 00:00:00,Short,NUWE,0.69,-8.00%,0.91,sqz,参数一,"{""sqz"": {""bb_length"": 15, ""bb_mult"": 1.5, ""kc_length"": 15, ""kc_mult"": 1.2, ""min_sqz_bars"": 4}, ""r&s"": {""srb_left"": 10, ""srb_right"": 10}, ""atr"": {""atr_length"": 14, ""atr_mult"": 1.0}}",,,NUWELLIS INC,1D,一直亮红,nan-59.85-60.2-33.6-0.71,低-高-低-低,nan%-0.58%-44.19%-97.89%,20.0,105.63
2026-10-02 00:00:00,Short,NUWE,0.69,-8.00%,0.91,sqz,参数二,"{""sqz"": {""bb_length"": 20, ""bb_mult"": 1.8, ""kc_length"": 20, ""kc_mult"": 1.5, ""min_sqz_bars"": 4}, ""r&s"": {""srb_left"": 15, ""srb_right"": 15}, ""atr"": {""atr_length"": 14, ""atr_mult"": 1.0}}",,,NUWELLIS INC,1D,一直亮红,nan-59.85-33.6-0.71,低-低-低,nan%-43.86%-97.89%,20.0,105.63
2026-10-02 00:00:00,Long,BITY,27.94,-0.39%,27.31,sqz,参数二,"{""sqz"": {""bb_length"": 20, ""bb_mult"": 1.8, ""kc_length"": 20, ""kc_mult"": 1.5, ""min_sqz_bars"": 4}, ""r&s"": {""srb_left"": 15, ""srb_right"": 15}, ""atr"": {""atr_length"": 14, ""atr_mult"": 1.0}}",,,AMPLIFY BIT 2% MNTH OPT INC,1D,一直释放,nan-36.37-28.82-31.6-25.49,低-低-高-低,nan%-20.75%-9.66%-19.35%,52.0,6.92
2026-10-02 00:00:00,Long,LFAO,150.48,-0.25%,149.83,mfa,参数一,"{""mfa"": {""mfa_all"": 17}}",200.0,-5.53,LIFEX 2055 LONGEVITY INCOME,1D,,,,,,
2026-10-02 00:00:00,Long,LFAO,150.48,-0.25%,149.83,mfa,参数二,"{""mfa"": {""mfa_all"": 17}}",200.0,-5.53,LIFEX 2055 LONGEVITY INCOME,1D,,,,,,
2026-10-02 00:00:00,Long,MTB,219.14,0.82%,213.38,suf,参数一,"{""suf"": {""timeframe"": ""d""}}",200.0,-1.04,M & T BANK CORP,1D,,,,,,
2026-10-02 00:00:00,Long,MTB,219.14,0.82%,213.38,suf,参数二,"{""suf"": {""timeframe"": ""d""}}",200.0,-1.04,M & T BANK CORP,1D,,,,,,
2026-10-02 00:00:00,Long,OBX,13.59,2.03%,11.01,mfa,参数一,"{""mfa"": {""mfa_all"": 7}}",200.0,,OBSIDIAN THERAPEUTICS INC,1D,,,,,,
2026-10-02 00:00:00,Long,OBX,13.59,2.03%,11.01,mfa,参数二,"{""mfa"": {""mfa_all"": 7}}",200.0,,OBSIDIAN THERAPEUTICS INC,1D,,,,,,
2026-10-02 00:00:00,Short,KARO,60.0,-1.25%,63.27,sqz,参数一,"{""sqz"": {""bb_length"": 15, ""bb_mult"": 1.5, ""kc_length"": 15, ""kc_mult"": 1.2, ""min_sqz_bars"": 4}, ""r&s"": {""srb_left"": 10, ""srb_right"": 10}, ""atr"": {""atr_length"": 14, ""atr_mult"": 1.0}}",,,KAROOOOO LTD,1D,一直亮红,43.06-44.04-41.42-43.04-60.11,高-低-高-高,2.29%-5.96%-3.90%-39.67%,33.0,14.46
2026-10-02 00:00:00,Short,KARO,60.0,-1.25%,63.27,sqz,参数二,"{""sqz"": {""bb_length"": 20, ""bb_mult"": 1.8, ""kc_length"": 20, ""kc_mult"": 1.5, ""min_sqz_bars"": 4}, ""r&s"": {""srb_left"": 15, ""srb_right"": 15}, ""atr"": {""atr_length"": 14, ""atr_mult"": 1.0}}",,,KAROOOOO LTD,1D,一直亮红,41.14-43.06-41.42-43.04-60.11,高-低-高-高,4.65%-3.80%-3.90%-39.67%,33.0,14.46
2026-10-02 00:00:00,Short,DBVT,10.55,-5.89%,11.64,sqz,参数二,"{""sqz"": {""bb_length"": 20, ""bb_mult"": 1.8, ""kc_length"": 20, ""kc_mult"": 1.5, ""min_sqz_bars"": 4}, ""r&s"": {""srb_left"": 15, ""srb_right"": 15}, ""atr"": {""atr_length"": 14, ""atr_mult"": 1.0}}",,,DBV TECHNOLOGIES SA-SPON ADR,1D,一直释放,nan-16.49-18.61-13.0,低-高-低,nan%-12.86%-30.15%,44.0,16.38
2026-10-02 00:00:00,Long,FTV,57.47,2.92%,54.92,utb,参数一,"{""utb"": {""key_value"": 2, ""atr_period"": 14, ""use_ha"": false}, ""r&s"": {""srb_left"": 10, ""srb_right"": 10}, ""atr"": {""atr_length"": 14, ""atr_mult"": 1.0}}",,,FORTIVE CORP,1D,,,,,,
2026-10-02 00:00:00,Long,WIP,37.99,0.50%,37.52,suf,参数一,"{""suf"": {""timeframe"": ""d""}}",200.0,-1.65,STATE STREET SPDR FTSE INTER,1D,,,,,,
2026-10-02 00:00:00,Long,WIP,37.99,0.50%,37.52,suf,参数二,"{""suf"": {""timeframe"": ""d""}}",200.0,-1.65,STATE STREET SPDR FTSE INTER,1D,,,,,,
2026-10-02 00:00:00,Long,VRP,23.71,0.30%,23.59,suf,参数一,"{""suf"": {""timeframe"": ""d""}}",200.0,-0.43,INVESCO VARIABLE RATE PREFER,1D,,,,,,
2026-10-02 00:00:00,Long,VRP,23.71,0.30%,23.59,suf,参数二,"{""suf"": {""timeframe"": ""d""}}",200.0,-0.43,INVESCO VARIABLE RATE PREFER,1D,,,,,,
2026-10-02 00:00:00,Long,UPV,92.1,2.02%,90.07,suf,参数一,"{""suf"": {""timeframe"": ""d""}}",200.0,-3.87,PROSHARES ULTRA FTSE EUROPE,1D,,,,,,
2026-10-02 00:00:00,Long,UPV,92.1,2.02%,90.07,suf,参数二,"{""suf"": {""timeframe"": ""d""}}",200.0,-3.87,PROSHARES ULTRA FTSE EUROPE,1D,,,,,,
2026-10-02 00:00:00,Long,SAGU,10.05,0.40%,10.03,sqz,参数一,"{""sqz"": {""bb_length"": 15, ""bb_mult"": 1.5, ""kc_length"": 15, ""kc_mult"": 1.2, ""min_sqz_bars"": 4}, ""r&s"": {""srb_left"": 10, ""srb_right"": 10}, ""atr"": {""atr_length"": 14, ""atr_mult"": 1.0}}",,,SHREYA ACQUISITION GROU-CL A,1D,一直释放,nan-9.94,低,nan%,61.0,0.4
2026-10-02 00:00:00,Long,BHE,87.39,3.27%,83.05,sqz,参数二,"{""sqz"": {""bb_length"": 20, ""bb_mult"": 1.8, ""kc_length"": 20, ""kc_mult"": 1.5, ""min_sqz_bars"": 4}, ""r&s"": {""srb_left"": 15, ""srb_right"": 15}, ""atr"": {""atr_length"": 14, ""atr_mult"": 1.0}}",,,BENCHMARK ELECTRONICS INC,1D,一直亮绿,nan-60.69-100.21-86.33,低-高-低,nan%-65.10%-13.84%,42.0,26.02
2026-10-02 00:00:00,Long,GOLF,83.65,0.29%,81.03,mfa,参数一,"{""mfa"": {""mfa_all"": 41}}",200.0,-11.05,ACUSHNET HOLDINGS CORP,1D,,,,,,
2026-10-02 00:00:00,Long,GOLF,83.65,0.29%,81.03,mfa,参数二,"{""mfa"": {""mfa_all"": 41}}",200.0,-11.05,ACUSHNET HOLDINGS CORP,1D,,,,,,
2026-10-02 00:00:00,Long,NPO,332.56,5.27%,311.01,utb,参数二,"{""utb"": {""key_value"": 3, ""atr_period"": 14, ""use_ha"": false}, ""r&s"": {""srb_left"": 15, ""srb_right"": 15}, ""atr"": {""atr_length"": 14, ""atr_mult"": 1.0}}",,,ENPRO INC,1D,,,,,,
2026-10-02 00:00:00,Long,FHYS,22.51,0.12%,22.4,suf,参数一,"{""suf"": {""timeframe"": ""d""}}",200.0,0.01,FED HERMES SHRT DUR HI YIELD,1D,,,,,,
2026-10-02 00:00:00,Long,FHYS,22.51,0.12%,22.4,suf,参数二,"{""suf"": {""timeframe"": ""d""}}",200.0,0.01,FED HERMES SHRT DUR HI YIELD,1D,,,,,,
2026-10-02 00:00:00,Long,DEEP,41.45,0.60%,40.95,mfa,参数一,"{""mfa"": {""mfa_all"": 11}}",200.0,4.15,ACQUIRERS SMALL AND MICRO DE,1D,,,,,,
2026-10-02 00:00:00,Long,DEEP,41.45,0.60%,40.95,mfa,参数二,"{""mfa"": {""mfa_all"": 11}}",200.0,4.15,ACQUIRERS SMALL AND MICRO DE,1D,,,,,,
2026-10-02 00:00:00,Long,RNRG,31.98,0.85%,31.47,suf,参数一,"{""suf"": {""timeframe"": ""d""}}",200.0,-10.36,GLOBAL X RENEWABLE ENER PROD,1D,,,,,,
2026-10-02 00:00:00,Long,RNRG,31.98,0.85%,31.47,suf,参数二,"{""suf"": {""timeframe"": ""d""}}",200.0,-10.36,GLOBAL X RENEWABLE ENER PROD,1D,,,,,,
2026-10-02 00:00:00,Long,ST,43.51,2.74%,41.33,utb,参数一,"{""utb"": {""key_value"": 2, ""atr_period"": 14, ""use_ha"": false}, ""r&s"": {""srb_left"": 10, ""srb_right"": 10}, ""atr"": {""atr_length"": 14, ""atr_mult"": 1.0}}",,,SENSATA TECHNOLOGIES HOLDPLC,1D,,,,,,
2026-10-02 00:00:00,Long,QUIK,11.87,1.80%,11.3,utb,参数二,"{""utb"": {""key_value"": 3, ""atr_period"": 14, ""use_ha"": false}, ""r&s"": {""srb_left"": 15, ""srb_right"": 15}, ""atr"": {""atr_length"": 14, ""atr_mult"": 1.0}}",,,QUICKLOGIC CORP,1D,,,,,,
2026-10-02 00:00:00,Short,BBC,44.56,-0.98%,46.96,sqz,参数一,"{""sqz"": {""bb_length"": 15, ""bb_mult"": 1.5, ""kc_length"": 15, ""kc_mult"": 1.2, ""min_sqz_bars"": 4}, ""r&s"": {""srb_left"": 10, ""srb_right"": 10}, ""atr"": {""atr_length"": 14, ""atr_mult"": 1.0}}",,,VIRTUS BIOTECH CLINICAL TRIA,1D,一直释放,38.63-42.6-40.08-40.03-47.84,高-低-低-高,10.28%-5.92%-0.12%-19.51%,47.0,17.43
2026-10-02 00:00:00,Long,PINE,17.68,1.84%,16.94,utb,参数一,"{""utb"": {""key_value"": 2, ""atr_period"": 14, ""use_ha"": false}, ""r&s"": {""srb_left"": 10, ""srb_right"": 10}, ""atr"": {""atr_length"": 14, ""atr_mult"": 1.0}}",,,ALPINE INCOME PROPERTY TRUST,1D,,,,,,
2026-10-02 00:00:00,Long,CIGI,89.78,-1.85%,86.76,mfa,参数一,"{""mfa"": {""mfa_all"": 18}}",200.0,-18.17,COLLIERS INTL GR-SUBORD VOT,1D,,,,,,
2026-10-02 00:00:00,Long,CIGI,89.78,-1.85%,86.76,mfa,参数二,"{""mfa"": {""mfa_all"": 18}}",200.0,-18.17,COLLIERS INTL GR-SUBORD VOT,1D,,,,,,
2026-10-02 00:00:00,Short,HUDI,0.69,-1.15%,0.75,sqz,参数一,"{""sqz"": {""bb_length"": 15, ""bb_mult"": 1.5, ""kc_length"": 15, ""kc_mult"": 1.2, ""min_sqz_bars"": 4}, ""r&s"": {""srb_left"": 10, ""srb_right"": 10}, ""atr"": {""atr_length"": 14, ""atr_mult"": 1.0}}",,,HUADI INTERNATIONAL GROUP CO,1D,支撑释放,1.12-1.08-0.75-0.66-0.72,低-低-低-高,3.57%-30.56%-12.00%-9.24%,23.0,15.4
2026-10-02 00:00:00,Short,HUDI,0.69,-1.15%,0.75,sqz,参数二,"{""sqz"": {""bb_length"": 20, ""bb_mult"": 1.8, ""kc_length"": 20, ""kc_mult"": 1.5, ""min_sqz_bars"": 4}, ""r&s"": {""srb_left"": 15, ""srb_right"": 15}, ""atr"": {""atr_length"": 14, ""atr_mult"": 1.0}}",,,HUADI INTERNATIONAL GROUP CO,1D,支撑释放,1.1-1.08-0.75-0.66-0.72,低-低-低-高,1.82%-30.56%-12.00%-9.24%,23.0,15.4
2026-10-02 00:00:00,Long,PCEF,19.46,0.67%,19.28,mfa,参数一,"{""mfa"": {""mfa_all"": 13}}",200.0,0.56,INVESCO CEF INCOME COMPOSITE,1D,,,,,,
2026-10-02 00:00:00,Long,PCEF,19.46,0.67%,19.28,mfa,参数二,"{""mfa"": {""mfa_all"": 13}}",200.0,0.56,INVESCO CEF INCOME COMPOSITE,1D,,,,,,
2026-10-02 00:00:00,Short,SPHR,128.25,-0.23%,138.44,sqz,参数二,"{""sqz"": {""bb_length"": 20, ""bb_mult"": 1.8, ""kc_length"": 20, ""kc_mult"": 1.5, ""min_sqz_bars"": 4}, ""r&s"": {""srb_left"": 15, ""srb_right"": 15}, ""atr"": {""atr_length"": 14, ""atr_mult"": 1.0}}",,,SPHERE ENTERTAINMENT CO,1D,支撑释放,87.6-104.45-124.11-132.77-132.8,高-高-高-高,19.23%-18.82%-6.98%-0.02%,22.0,13.98
2026-10-02 00:00:00,Long,FCEF,22.79,0.29%,22.56,suf,参数一,"{""suf"": {""timeframe"": ""d""}}",200.0,-0.37,FIRST TRUST EXCHANGE-TRADED,1D,,,,,,
2026-10-02 00:00:00,Long,FCEF,22.79,0.29%,22.56,suf,参数二,"{""suf"": {""timeframe"": ""d""}}",200.0,-0.37,FIRST TRUST EXCHANGE-TRADED,1D,,,,,,
2026-10-02 00:00:00,Short,VRM,9.03,-3.32%,10.2,utb,参数一,"{""utb"": {""key_value"": 2, ""atr_period"": 14, ""use_ha"": false}, ""r&s"": {""srb_left"": 10, ""srb_right"": 10}, ""atr"": {""atr_length"": 14, ""atr_mult"": 1.0}}",,,VROOM INC,1D,,,,,,
2026-10-02 00:00:00,Long,AVA,35.31,0.68%,34.56,suf,参数一,"{""suf"": {""timeframe"": ""d""}}",200.0,-9.86,AVISTA CORP,1D,,,,,,
2026-10-02 00:00:00,Long,AVA,35.31,0.68%,34.56,suf,参数二,"{""suf"": {""timeframe"": ""d""}}",200.0,-9.86,AVISTA CORP,1D,,,,,,
2026-10-02 00:00:00,Long,TIME,27.93,0.98%,27.74,sqz,参数一,"{""sqz"": {""bb_length"": 15, ""bb_mult"": 1.5, ""kc_length"": 15, ""kc_mult"": 1.2, ""min_sqz_bars"": 4}, ""r&s"": {""srb_left"": 10, ""srb_right"": 10}, ""atr"": {""atr_length"": 14, ""atr_mult"": 1.0}}",,,CLOCKWISE U.S. CORE EQUITY E,1D,一直释放,nan-25.72-27.45-26.71-27.17,低-高-低-高,nan%-6.73%-2.68%-1.71%,35.0,1.97
2026-10-02 00:00:00,Long,TIME,27.93,0.98%,27.74,sqz,参数二,"{""sqz"": {""bb_length"": 20, ""bb_mult"": 1.8, ""kc_length"": 20, ""kc_mult"": 1.5, ""min_sqz_bars"": 4}, ""r&s"": {""srb_left"": 15, ""srb_right"": 15}, ""atr"": {""atr_length"": 14, ""atr_mult"": 1.0}}",,,CLOCKWISE U.S. CORE EQUITY E,1D,一直释放,nan-25.72-27.45-27.17,低-高-低,nan%-6.73%-1.02%,35.0,1.97
2026-10-02 00:00:00,Long,KRNT,17.49,3.68%,16.2,mfa,参数一,"{""mfa"": {""mfa_all"": 13}}",200.0,13.19,KORNIT DIGITAL LTD,1D,,,,,,
2026-10-02 00:00:00,Long,KRNT,17.49,3.68%,16.2,mfa,参数二,"{""mfa"": {""mfa_all"": 13}}",200.0,13.19,KORNIT DIGITAL LTD,1D,,,,,,
2026-10-02 00:00:00,Long,CACC,527.5,3.04%,501.36,suf,参数一,"{""suf"": {""timeframe"": ""d""}}",200.0,-0.45,CREDIT ACCEPTANCE CORP,1D,,,,,,
2026-10-02 00:00:00,Long,CACC,527.5,3.04%,501.36,suf,参数二,"{""suf"": {""timeframe"": ""d""}}",200.0,-0.45,CREDIT ACCEPTANCE CORP,1D,,,,,,
2026-10-02 00:00:00,Long,ORI,38.06,1.52%,36.62,suf,参数一,"{""suf"": {""timeframe"": ""d""}}",200.0,-5.63,OLD REPUBLIC INTL CORP,1D,,,,,,
2026-10-02 00:00:00,Long,ORI,38.06,1.52%,36.62,suf,参数二,"{""suf"": {""timeframe"": ""d""}}",200.0,-5.63,OLD REPUBLIC INTL CORP,1D,,,,,,
2026-10-02 00:00:00,Long,XSLV,49.61,0.81%,48.93,suf,参数一,"{""suf"": {""timeframe"": ""d""}}",200.0,0.25,INVESCO S&P SMALLCAP LOW VOL,1D,,,,,,
2026-10-02 00:00:00,Long,XSLV,49.61,0.81%,48.93,suf,参数二,"{""suf"": {""timeframe"": ""d""}}",200.0,0.25,INVESCO S&P SMALLCAP LOW VOL,1D,,,,,,
2026-10-02 00:00:00,Long,GRC,77.26,2.84%,73.7,utb,参数一,"{""utb"": {""key_value"": 2, ""atr_period"": 14, ""use_ha"": false}, ""r&s"": {""srb_left"": 10, ""srb_right"": 10}, ""atr"": {""atr_length"": 14, ""atr_mult"": 1.0}}",,,GORMAN-RUPP CO,1D,,,,,,
2026-10-02 00:00:00,Long,AMHI,23.02,-0.45%,22.92,mfa,参数一,"{""mfa"": {""mfa_all"": 24}}",200.0,,AMER BCN ABERD MUNI HI INC,1D,,,,,,
2026-10-02 00:00:00,Long,AMHI,23.02,-0.45%,22.92,mfa,参数二,"{""mfa"": {""mfa_all"": 24}}",200.0,,AMER BCN ABERD MUNI HI INC,1D,,,,,,
2026-10-02 00:00:00,Long,NMAD,4.12,6.74%,3.51,utb,参数一,"{""utb"": {""key_value"": 2, ""atr_period"": 14, ""use_ha"": false}, ""r&s"": {""srb_left"": 10, ""srb_right"": 10}, ""atr"": {""atr_length"": 14, ""atr_mult"": 1.0}}",,,NOMAD POWER SOLUTIONS INC,1D,,,,,,
2026-10-02 00:00:00,Long,WLYB,49.53,1.24%,48.66,utb,参数二,"{""utb"": {""key_value"": 3, ""atr_period"": 14, ""use_ha"": false}, ""r&s"": {""srb_left"": 15, ""srb_right"": 15}, ""atr"": {""atr_length"": 14, ""atr_mult"": 1.0}}",,,WILEY (JOHN) & SONS-CL B,1D,,,,,,
2026-10-02 00:00:00,Long,SMOT,37.64,0.52%,37.14,suf,参数一,"{""suf"": {""timeframe"": ""d""}}",200.0,-0.58,VANECK MORNINGSTAR SMID MOAT,1D,,,,,,
2026-10-02 00:00:00,Long,SMOT,37.64,0.52%,37.14,suf,参数二,"{""suf"": {""timeframe"": ""d""}}",200.0,-0.58,VANECK MORNINGSTAR SMID MOAT,1D,,,,,,
2026-10-02 00:00:00,Long,RXO,23.38,9.46%,20.36,utb,参数二,"{""utb"": {""key_value"": 3, ""atr_period"": 14, ""use_ha"": false}, ""r&s"": {""srb_left"": 15, ""srb_right"": 15}, ""atr"": {""atr_length"": 14, ""atr_mult"": 1.0}}",,,RXO INC,1D,,,,,,
2026-10-02 00:00:00,Long,SSM,2.63,19.23%,1.62,mfa,参数一,"{""mfa"": {""mfa_all"": 56}}",200.0,-47.61,SONO GROUP NV,1D,,,,,,
2026-10-02 00:00:00,Long,SSM,2.63,19.23%,1.62,utb,参数二,"{""utb"": {""key_value"": 3, ""atr_period"": 14, ""use_ha"": false}, ""r&s"": {""srb_left"": 15, ""srb_right"": 15}, ""atr"": {""atr_length"": 14, ""atr_mult"": 1.0}}",,,SONO GROUP NV,1D,,,,,,
2026-10-02 00:00:00,Long,SSM,2.63,19.23%,1.62,mfa,参数二,"{""mfa"": {""mfa_all"": 56}}",200.0,-47.61,SONO GROUP NV,1D,,,,,,
2026-10-02 00:00:00,Long,NMG,1.18,0.85%,1.09,suf,参数一,"{""suf"": {""timeframe"": ""d""}}",200.0,-39.1,NOUVEAU MONDE GRAPHITE INC,1D,,,,,,
2026-10-02 00:00:00,Long,NMG,1.18,0.85%,1.09,suf,参数二,"{""suf"": {""timeframe"": ""d""}}",200.0,-39.1,NOUVEAU MONDE GRAPHITE INC,1D,,,,,,
2026-10-02 00:00:00,Long,WCN,153.82,2.10%,147.75,suf,参数一,"{""suf"": {""timeframe"": ""d""}}",200.0,-5.89,WASTE CONNECTIONS INC,1D,,,,,,
2026-10-02 00:00:00,Long,WCN,153.82,2.10%,147.75,suf,参数二,"{""suf"": {""timeframe"": ""d""}}",200.0,-5.89,WASTE CONNECTIONS INC,1D,,,,,,
2026-10-02 00:00:00,Short,BEEP,2.57,-1.72%,2.77,utb,参数一,"{""utb"": {""key_value"": 2, ""atr_period"": 14, ""use_ha"": false}, ""r&s"": {""srb_left"": 10, ""srb_right"": 10}, ""atr"": {""atr_length"": 14, ""atr_mult"": 1.0}}",,,MOBILE INFRASTRUCTURE CORP,1D,,,,,,
2026-10-02 00:00:00,Long,EXC,40.73,0.64%,39.89,suf,参数一,"{""suf"": {""timeframe"": ""d""}}",200.0,-9.31,EXELON CORP,1D,,,,,,
2026-10-02 00:00:00,Long,EXC,40.73,0.64%,39.89,suf,参数二,"{""suf"": {""timeframe"": ""d""}}",200.0,-9.31,EXELON CORP,1D,,,,,,
2026-10-02 00:00:00,Long,FLUX,0.64,57.25%,0.31,suf,参数一,"{""suf"": {""timeframe"": ""d""}}",200.0,-37.49,FLUX POWER HOLDINGS INC,1D,,,,,,
2026-10-02 00:00:00,Long,FLUX,0.64,57.25%,0.31,suf,参数二,"{""suf"": {""timeframe"": ""d""}}",200.0,-37.49,FLUX POWER HOLDINGS INC,1D,,,,,,
2026-10-02 00:00:00,Long,GII,70.19,0.70%,69.33,suf,参数一,"{""suf"": {""timeframe"": ""d""}}",200.0,-5.47,STATE STREET SPDR S&P GLOBAL,1D,,,,,,
2026-10-02 00:00:00,Long,GII,70.19,0.70%,69.33,suf,参数二,"{""suf"": {""timeframe"": ""d""}}",200.0,-5.47,STATE STREET SPDR S&P GLOBAL,1D,,,,,,
2026-10-02 00:00:00,Long,MNBD,24.95,0.96%,24.79,utb,参数二,"{""utb"": {""key_value"": 3, ""atr_period"": 14, ""use_ha"": false}, ""r&s"": {""srb_left"": 15, ""srb_right"": 15}, ""atr"": {""atr_length"": 14, ""atr_mult"": 1.0}}",,,ALPS BBH INTERMEDIATE MUN-US,1D,,,,,,
2026-10-02 00:00:00,Short,INCY,115.3,-1.57%,120.55,sqz,参数一,"{""sqz"": {""bb_length"": 15, ""bb_mult"": 1.5, ""kc_length"": 15, ""kc_mult"": 1.2, ""min_sqz_bars"": 4}, ""r&s"": {""srb_left"": 10, ""srb_right"": 10}, ""atr"": {""atr_length"": 14, ""atr_mult"": 1.0}}",,,INCYTE CORP,1D,支撑释放,92.79-92.18-96.09-110.56-119.97,低-高-高-高,0.66%-4.24%-15.06%-8.51%,13.0,7.29
2026-10-02 00:00:00,Long,ASTI,2.31,0.43%,2.08,suf,参数一,"{""suf"": {""timeframe"": ""d""}}",200.0,-50.15,ASCENT SOLAR TECHNOLOGIES,1D,,,,,,
2026-10-02 00:00:00,Long,ASTI,2.31,0.43%,2.08,suf,参数二,"{""suf"": {""timeframe"": ""d""}}",200.0,-50.15,ASCENT SOLAR TECHNOLOGIES,1D,,,,,,
2026-10-02 00:00:00,Long,QSPT,36.75,0.38%,36.47,sqz,参数一,"{""sqz"": {""bb_length"": 15, ""bb_mult"": 1.5, ""kc_length"": 15, ""kc_mult"": 1.2, ""min_sqz_bars"": 4}, ""r&s"": {""srb_left"": 10, ""srb_right"": 10}, ""atr"": {""atr_length"": 14, ""atr_mult"": 1.0}}",,,FT VEST NASDAQ-100 BUFFER ET,1D,一直释放,nan-32.32-31.88-34.86-34.9,低-低-高-高,nan%-1.35%-9.35%-0.11%,57.0,3.45
2026-10-02 00:00:00,Short,SMDD,8.67,-2.69%,8.92,utb,参数一,"{""utb"": {""key_value"": 2, ""atr_period"": 14, ""use_ha"": false}, ""r&s"": {""srb_left"": 10, ""srb_right"": 10}, ""atr"": {""atr_length"": 14, ""atr_mult"": 1.0}}",,,PROSHARES ULTPRO SHRT MC400,1D,,,,,,
2026-10-02 00:00:00,Long,SCAU,24.58,0.53%,24.48,mfa,参数一,"{""mfa"": {""mfa_all"": 31}}",200.0,,CORGI US S/C 15% STR BUF-AUG,1D,,,,,,
2026-10-02 00:00:00,Long,SCAU,24.58,0.53%,24.48,mfa,参数二,"{""mfa"": {""mfa_all"": 31}}",200.0,,CORGI US S/C 15% STR BUF-AUG,1D,,,,,,
2026-10-02 00:00:00,Long,SOWG,2.28,0.44%,1.94,mfa,参数一,"{""mfa"": {""mfa_all"": 11}}",200.0,-50.96,SOW GOOD INC,1D,,,,,,
2026-10-02 00:00:00,Long,SOWG,2.28,0.44%,1.94,mfa,参数二,"{""mfa"": {""mfa_all"": 11}}",200.0,-50.96,SOW GOOD INC,1D,,,,,,
2026-10-02 00:00:00,Long,REED,0.7,4.48%,0.53,mfa,参数一,"{""mfa"": {""mfa_all"": 15}}",200.0,-66.34,REED'S INC,1D,,,,,,
2026-10-02 00:00:00,Long,REED,0.7,4.48%,0.53,mfa,参数二,"{""mfa"": {""mfa_all"": 15}}",200.0,-66.34,REED'S INC,1D,,,,,,
2026-10-02 00:00:00,Long,BOEG,10.08,0.43%,9.14,mfa,参数一,"{""mfa"": {""mfa_all"": 24}}",200.0,-30.8,LEVERAGE SHARES 2X BA,1D,,,,,,
2026-10-02 00:00:00,Long,BOEG,10.08,0.43%,9.14,mfa,参数二,"{""mfa"": {""mfa_all"": 24}}",200.0,-30.8,LEVERAGE SHARES 2X BA,1D,,,,,,
2026-10-02 00:00:00,Short,GILD,144.74,-1.87%,151.44,utb,参数一,"{""utb"": {""key_value"": 2, ""atr_period"": 14, ""use_ha"": false}, ""r&s"": {""srb_left"": 10, ""srb_right"": 10}, ""atr"": {""atr_length"": 14, ""atr_mult"": 1.0}}",,,GILEAD SCIENCES INC,1D,,,,,,
2026-10-02 00:00:00,Long,FLSA,31.39,0.42%,31.21,suf,参数一,"{""suf"": {""timeframe"": ""d""}}",200.0,-3.36,FRANKLIN FTSE SAUDI ARABIA,1D,,,,,,
2026-10-02 00:00:00,Long,FLSA,31.39,0.42%,31.21,suf,参数二,"{""suf"": {""timeframe"": ""d""}}",200.0,-3.36,FRANKLIN FTSE SAUDI ARABIA,1D,,,,,,
2026-10-02 00:00:00,Long,ROK,454.35,2.69%,435.07,utb,参数二,"{""utb"": {""key_value"": 3, ""atr_period"": 14, ""use_ha"": false}, ""r&s"": {""srb_left"": 15, ""srb_right"": 15}, ""atr"": {""atr_length"": 14, ""atr_mult"": 1.0}}",,,ROCKWELL AUTOMATION INC,1D,,,,,,
2026-10-02 00:00:00,Long,GNTA,0.75,-7.34%,0.63,mfa,参数一,"{""mfa"": {""mfa_all"": 43}}",200.0,-33.09,GENENTA SCIENCE SPA - ADR,1D,,,,,,
2026-10-02 00:00:00,Long,GNTA,0.75,-7.34%,0.63,mfa,参数二,"{""mfa"": {""mfa_all"": 43}}",200.0,-33.09,GENENTA SCIENCE SPA - ADR,1D,,,,,,
2026-10-02 00:00:00,Short,NPCE,12.7,-3.42%,13.92,sqz,参数一,"{""sqz"": {""bb_length"": 15, ""bb_mult"": 1.5, ""kc_length"": 15, ""kc_mult"": 1.2, ""min_sqz_bars"": 4}, ""r&s"": {""srb_left"": 10, ""srb_right"": 10}, ""atr"": {""atr_length"": 14, ""atr_mult"": 1.0}}",,,NEUROPACE INC,1D,支撑释放,12.47-13.65-14.88-12.66-13.56,高-高-低-高,9.46%-9.01%-14.92%-7.11%,30.0,14.71
2026-10-02 00:00:00,Long,QQQU,63.51,3.00%,61.38,sqz,参数二,"{""sqz"": {""bb_length"": 20, ""bb_mult"": 1.8, ""kc_length"": 20, ""kc_mult"": 1.5, ""min_sqz_bars"": 4}, ""r&s"": {""srb_left"": 15, ""srb_right"": 15}, ""atr"": {""atr_length"": 14, ""atr_mult"": 1.0}}",,,DIREXION DAILY MAGNIFICENT 7,1D,一直释放,nan-57.64-63.47-59.12,低-高-低,nan%-10.13%-6.85%,41.0,9.49
2026-10-02 00:00:00,Long,MAGS,72.59,1.61%,71.23,sqz,参数二,"{""sqz"": {""bb_length"": 20, ""bb_mult"": 1.8, ""kc_length"": 20, ""kc_mult"": 1.5, ""min_sqz_bars"": 4}, ""r&s"": {""srb_left"": 15, ""srb_right"": 15}, ""atr"": {""atr_length"": 14, ""atr_mult"": 1.0}}",,,ROUNDHILL MAGNIFICENT SEVEN,1D,一直释放,nan-67.09-71.16-69.61,低-高-低,nan%-6.07%-2.18%,41.0,4.6
2026-10-02 00:00:00,Long,MYHC,24.47,0.00%,24.43,mfa,参数一,"{""mfa"": {""mfa_all"": 8}}",200.0,,STATE STREET MY2029 HIGH YLD,1D,,,,,,
2026-10-02 00:00:00,Long,MYHC,24.47,0.00%,24.43,mfa,参数二,"{""mfa"": {""mfa_all"": 8}}",200.0,,STATE STREET MY2029 HIGH YLD,1D,,,,,,
2026-10-02 00:00:00,Long,DUK,114.13,0.34%,111.92,suf,参数一,"{""suf"": {""timeframe"": ""d""}}",200.0,-6.73,DUKE ENERGY CORP,1D,,,,,,
2026-10-02 00:00:00,Long,DUK,114.13,0.34%,111.92,suf,参数二,"{""suf"": {""timeframe"": ""d""}}",200.0,-6.73,DUKE ENERGY CORP,1D,,,,,,
2026-10-02 00:00:00,Long,BOX,34.49,-0.32%,33.18,mfa,参数一,"{""mfa"": {""mfa_all"": 6}}",200.0,24.46,BOX INC - CLASS A,1D,,,,,,
2026-10-02 00:00:00,Long,BOX,34.49,-0.32%,33.18,mfa,参数二,"{""mfa"": {""mfa_all"": 6}}",200.0,24.46,BOX INC - CLASS A,1D,,,,,,
2026-10-02 00:00:00,Long,DOCK,25.54,1.71%,25.32,utb,参数一,"{""utb"": {""key_value"": 2, ""atr_period"": 14, ""use_ha"": false}, ""r&s"": {""srb_left"": 10, ""srb_right"": 10}, ""atr"": {""atr_length"": 14, ""atr_mult"": 1.0}}",,,CORGI PORTS RAIL & FREIGHT,1D,,,,,,
2026-10-02 00:00:00,Long,DOCK,25.54,1.71%,25.32,mfa,参数一,"{""mfa"": {""mfa_all"": 23}}",200.0,,CORGI PORTS RAIL & FREIGHT,1D,,,,,,
2026-10-02 00:00:00,Long,DOCK,25.54,1.71%,25.32,utb,参数二,"{""utb"": {""key_value"": 3, ""atr_period"": 14, ""use_ha"": false}, ""r&s"": {""srb_left"": 15, ""srb_right"": 15}, ""atr"": {""atr_length"": 14, ""atr_mult"": 1.0}}",,,CORGI PORTS RAIL & FREIGHT,1D,,,,,,
2026-10-02 00:00:00,Long,DOCK,25.54,1.71%,25.32,mfa,参数二,"{""mfa"": {""mfa_all"": 23}}",200.0,,CORGI PORTS RAIL & FREIGHT,1D,,,,,,
2026-10-02 00:00:00,Short,GCTK,1.21,-14.18%,1.81,sqz,参数一,"{""sqz"": {""bb_length"": 15, ""bb_mult"": 1.5, ""kc_length"": 15, ""kc_mult"": 1.2, ""min_sqz_bars"": 4}, ""r&s"": {""srb_left"": 10, ""srb_right"": 10}, ""atr"": {""atr_length"": 14, ""atr_mult"": 1.0}}",,,GLUCOTRACK INC,1D,一直释放,9.28-6.47-4.36-4.51-3.75,低-低-高-低,30.37%-32.48%-3.44%-16.94%,46.0,260.0
2026-10-02 00:00:00,Long,FSGS,32.08,-0.04%,31.82,mfa,参数一,"{""mfa"": {""mfa_all"": 13}}",200.0,2.26,FIRST TRUST SMID GROWTH STRE,1D,,,,,,
2026-10-02 00:00:00,Long,FSGS,32.08,-0.04%,31.82,mfa,参数二,"{""mfa"": {""mfa_all"": 13}}",200.0,2.26,FIRST TRUST SMID GROWTH STRE,1D,,,,,,
2026-10-02 00:00:00,Long,UXI,52.61,1.49%,51.55,mfa,参数一,"{""mfa"": {""mfa_all"": 24}}",200.0,-5.2,PROSHARES ULTRA INDUSTRIALS,1D,,,,,,
2026-10-02 00:00:00,Long,UXI,52.61,1.49%,51.55,mfa,参数二,"{""mfa"": {""mfa_all"": 24}}",200.0,-5.2,PROSHARES ULTRA INDUSTRIALS,1D,,,,,,
2026-10-02 00:00:00,Short,PGJ,21.25,-2.07%,21.91,sqz,参数二,"{""sqz"": {""bb_length"": 20, ""bb_mult"": 1.8, ""kc_length"": 20, ""kc_mult"": 1.5, ""min_sqz_bars"": 4}, ""r&s"": {""srb_left"": 15, ""srb_right"": 15}, ""atr"": {""atr_length"": 14, ""atr_mult"": 1.0}}",,,INVESCO GOLDEN DRAGON CHINA,1D,一直释放,nan-24.87-21.55,低-低,nan%-13.37%,68.0,19.87
2026-10-02 00:00:00,Long,LFAI,138.57,-0.26%,138.05,mfa,参数一,"{""mfa"": {""mfa_all"": 17}}",200.0,-4.95,LIFEX 2050 LONGEVITY INCOME,1D,,,,,,
2026-10-02 00:00:00,Long,LFAI,138.57,-0.26%,138.05,mfa,参数二,"{""mfa"": {""mfa_all"": 17}}",200.0,-4.95,LIFEX 2050 LONGEVITY INCOME,1D,,,,,,
2026-10-02 00:00:00,Long,HMAY,25.41,0.16%,25.39,sqz,参数一,"{""sqz"": {""bb_length"": 15, ""bb_mult"": 1.5, ""kc_length"": 15, ""kc_mult"": 1.2, ""min_sqz_bars"": 4}, ""r&s"": {""srb_left"": 10, ""srb_right"": 10}, ""atr"": {""atr_length"": 14, ""atr_mult"": 1.0}}",,,CORGI US EQ 100% STR BUF-MAY,1D,一直亮绿,nan-25.34-25.66-25.4,低-高-低,nan%-1.26%-1.01%,20.0,0.47
2026-10-02 00:00:00,Long,SFIX,2.61,0.38%,2.42,mfa,参数一,"{""mfa"": {""mfa_all"": 34}}",200.0,-30.91,STITCH FIX INC-CLASS A,1D,,,,,,
2026-10-02 00:00:00,Long,SFIX,2.61,0.38%,2.42,mfa,参数二,"{""mfa"": {""mfa_all"": 34}}",200.0,-30.91,STITCH FIX INC-CLASS A,1D,,,,,,
2026-10-02 00:00:00,Long,INNV,8.96,1.82%,8.21,mfa,参数一,"{""mfa"": {""mfa_all"": 8}}",200.0,2.92,INNOVAGE HOLDING CORP,1D,,,,,,
2026-10-02 00:00:00,Long,INNV,8.96,1.82%,8.21,suf,参数一,"{""suf"": {""timeframe"": ""d""}}",200.0,2.92,INNOVAGE HOLDING CORP,1D,,,,,,
2026-10-02 00:00:00,Long,INNV,8.96,1.82%,8.21,mfa,参数二,"{""mfa"": {""mfa_all"": 8}}",200.0,2.92,INNOVAGE HOLDING CORP,1D,,,,,,
2026-10-02 00:00:00,Long,INNV,8.96,1.82%,8.21,suf,参数二,"{""suf"": {""timeframe"": ""d""}}",200.0,2.92,INNOVAGE HOLDING CORP,1D,,,,,,
2026-10-02 00:00:00,Long,CMMB,1.43,10.00%,1.05,suf,参数一,"{""suf"": {""timeframe"": ""d""}}",200.0,-21.24,CHEMOMAB THERAPEUTICS LTD,1D,,,,,,
2026-10-02 00:00:00,Long,CMMB,1.43,10.00%,1.05,suf,参数二,"{""suf"": {""timeframe"": ""d""}}",200.0,-21.24,CHEMOMAB THERAPEUTICS LTD,1D,,,,,,
2026-10-02 00:00:00,Long,CBFV,36.85,-1.13%,36.28,mfa,参数一,"{""mfa"": {""mfa_all"": 9}}",200.0,3.64,CB FINANCIAL SERVICES INC,1D,,,,,,
2026-10-02 00:00:00,Long,CBFV,36.85,-1.13%,36.28,mfa,参数二,"{""mfa"": {""mfa_all"": 9}}",200.0,3.64,CB FINANCIAL SERVICES INC,1D,,,,,,
2026-10-02 00:00:00,Long,CUST,24.78,0.04%,24.7,utb,参数二,"{""utb"": {""key_value"": 3, ""atr_period"": 14, ""use_ha"": false}, ""r&s"": {""srb_left"": 15, ""srb_right"": 15}, ""atr"": {""atr_length"": 14, ""atr_mult"": 1.0}}",,,CORGI 1-3 YEAR TREASURY BOND,1D,,,,,,
2026-10-02 00:00:00,Long,THC,258.62,1.83%,247.05,mfa,参数一,"{""mfa"": {""mfa_all"": 7}}",200.0,21.15,TENET HEALTHCARE CORP,1D,,,,,,
2026-10-02 00:00:00,Long,THC,258.62,1.83%,247.05,mfa,参数二,"{""mfa"": {""mfa_all"": 7}}",200.0,21.15,TENET HEALTHCARE CORP,1D,,,,,,
2026-10-02 00:00:00,Long,POWI,54.46,5.75%,50.51,utb,参数一,"{""utb"": {""key_value"": 2, ""atr_period"": 14, ""use_ha"": false}, ""r&s"": {""srb_left"": 10, ""srb_right"": 10}, ""atr"": {""atr_length"": 14, ""atr_mult"": 1.0}}",,,POWER INTEGRATIONS INC,1D,,,,,,
2026-10-02 00:00:00,Short,EVMT,17.23,-0.58%,17.45,sqz,参数二,"{""sqz"": {""bb_length"": 20, ""bb_mult"": 1.8, ""kc_length"": 20, ""kc_mult"": 1.5, ""min_sqz_bars"": 4}, ""r&s"": {""srb_left"": 15, ""srb_right"": 15}, ""atr"": {""atr_length"": 14, ""atr_mult"": 1.0}}",,,INVESCO ELECT VEH MET COM ST,1D,一直亮红,nan-16.92-17.05-17.25,低-高-高,nan%-0.77%-1.17%,67.0,6.03
2026-10-02 00:00:00,Long,ALTL,44.26,1.35%,43.8,suf,参数一,"{""suf"": {""timeframe"": ""d""}}",200.0,-2.91,PACER LUNT LARGE CAP ALTERNA,1D,,,,,,
2026-10-02 00:00:00,Long,ALTL,44.26,1.35%,43.8,suf,参数二,"{""suf"": {""timeframe"": ""d""}}",200.0,-2.91,PACER LUNT LARGE CAP ALTERNA,1D,,,,,,
2026-10-02 00:00:00,Long,INGN,5.97,-0.17%,5.6,mfa,参数一,"{""mfa"": {""mfa_all"": 45}}",200.0,-4.4,INOGEN INC,1D,,,,,,
2026-10-02 00:00:00,Long,INGN,5.97,-0.17%,5.6,mfa,参数二,"{""mfa"": {""mfa_all"": 45}}",200.0,-4.4,INOGEN INC,1D,,,,,,
2026-10-02 00:00:00,Long,AIRS,1.77,4.12%,1.51,suf,参数一,"{""suf"": {""timeframe"": ""d""}}",200.0,-44.48,AIRSCULPT TECHNOLOGIES INC,1D,,,,,,
2026-10-02 00:00:00,Long,AIRS,1.77,4.12%,1.51,suf,参数二,"{""suf"": {""timeframe"": ""d""}}",200.0,-44.48,AIRSCULPT TECHNOLOGIES INC,1D,,,,,,
2026-10-02 00:00:00,Long,MMSC,27.13,1.02%,26.84,mfa,参数一,"{""mfa"": {""mfa_all"": 14}}",200.0,2.06,FIRST TRUST MULTI-MANAGER SM,1D,,,,,,
2026-10-02 00:00:00,Long,MMSC,27.13,1.02%,26.84,mfa,参数二,"{""mfa"": {""mfa_all"": 14}}",200.0,2.06,FIRST TRUST MULTI-MANAGER SM,1D,,,,,,
2026-10-02 00:00:00,Short,ECNS,27.09,-1.95%,27.64,utb,参数一,"{""utb"": {""key_value"": 2, ""atr_period"": 14, ""use_ha"": false}, ""r&s"": {""srb_left"": 10, ""srb_right"": 10}, ""atr"": {""atr_length"": 14, ""atr_mult"": 1.0}}",,,ISHARES MSCI CHINA SMALL-CAP,1D,,,,,,
2026-10-02 00:00:00,Short,ECNS,27.09,-1.95%,27.64,sqz,参数二,"{""sqz"": {""bb_length"": 20, ""bb_mult"": 1.8, ""kc_length"": 20, ""kc_mult"": 1.5, ""min_sqz_bars"": 4}, ""r&s"": {""srb_left"": 15, ""srb_right"": 15}, ""atr"": {""atr_length"": 14, ""atr_mult"": 1.0}}",,,ISHARES MSCI CHINA SMALL-CAP,1D,一直释放,nan-31.26-27.93,低-低,nan%-10.65%,58.0,7.16
2026-10-02 00:00:00,Long,DAN,27.88,0.90%,26.45,mfa,参数一,"{""mfa"": {""mfa_all"": 7}}",200.0,-9.18,DANA INC,1D,,,,,,
2026-10-02 00:00:00,Long,DAN,27.88,0.90%,26.45,mfa,参数二,"{""mfa"": {""mfa_all"": 7}}",200.0,-9.18,DANA INC,1D,,,,,,
2026-10-02 00:00:00,Long,HVAC,35.09,2.27%,34.09,sqz,参数一,"{""sqz"": {""bb_length"": 15, ""bb_mult"": 1.5, ""kc_length"": 15, ""kc_mult"": 1.2, ""min_sqz_bars"": 4}, ""r&s"": {""srb_left"": 10, ""srb_right"": 10}, ""atr"": {""atr_length"": 14, ""atr_mult"": 1.0}}",,,ADVISORSHARES HVAC INDUS,1D,一直亮绿,42.56-42.45-43.41-38.0-34.91,低-高-低-低,0.26%-2.26%-12.46%-8.13%,18.0,8.01
2026-10-02 00:00:00,Long,MTG,26.95,2.20%,25.54,suf,参数一,"{""suf"": {""timeframe"": ""d""}}",200.0,-2.49,MGIC INVESTMENT CORP,1D,,,,,,
2026-10-02 00:00:00,Long,MTG,26.95,2.20%,25.54,suf,参数二,"{""suf"": {""timeframe"": ""d""}}",200.0,-2.49,MGIC INVESTMENT CORP,1D,,,,,,
2026-10-02 00:00:00,Long,IKT,2.0,3.63%,1.82,suf,参数一,"{""suf"": {""timeframe"": ""d""}}",200.0,3.02,INHIBIKASE THERAPEUTICS INC,1D,,,,,,
2026-10-02 00:00:00,Long,IKT,2.0,3.63%,1.82,suf,参数二,"{""suf"": {""timeframe"": ""d""}}",200.0,3.02,INHIBIKASE THERAPEUTICS INC,1D,,,,,,
2026-10-02 00:00:00,Long,ZUMZ,13.29,-1.41%,12.57,mfa,参数一,"{""mfa"": {""mfa_all"": 17}}",200.0,-38.55,ZUMIEZ INC,1D,,,,,,
2026-10-02 00:00:00,Long,ZUMZ,13.29,-1.41%,12.57,mfa,参数二,"{""mfa"": {""mfa_all"": 17}}",200.0,-38.55,ZUMIEZ INC,1D,,,,,,
2026-10-02 00:00:00,Long,MGRC,117.56,2.23%,112.86,utb,参数一,"{""utb"": {""key_value"": 2, ""atr_period"": 14, ""use_ha"": false}, ""r&s"": {""srb_left"": 10, ""srb_right"": 10}, ""atr"": {""atr_length"": 14, ""atr_mult"": 1.0}}",,,MCGRATH RENTCORP,1D,,,,,,
2026-10-02 00:00:00,Long,CSAI,2.68,10.29%,1.87,suf,参数一,"{""suf"": {""timeframe"": ""d""}}",200.0,-81.97,CLOUDASTRUCTURE INC-A,1D,,,,,,
2026-10-02 00:00:00,Long,CSAI,2.68,10.29%,1.87,suf,参数二,"{""suf"": {""timeframe"": ""d""}}",200.0,-81.97,CLOUDASTRUCTURE INC-A,1D,,,,,,
2026-10-02 00:00:00,Long,LCUT,9.12,5.43%,8.09,mfa,参数一,"{""mfa"": {""mfa_all"": 14}}",200.0,37.58,LIFETIME BRANDS INC,1D,,,,,,
2026-10-02 00:00:00,Long,LCUT,9.12,5.43%,8.09,mfa,参数二,"{""mfa"": {""mfa_all"": 14}}",200.0,37.58,LIFETIME BRANDS INC,1D,,,,,,
2026-10-02 00:00:00,Short,SHEN,10.86,-2.60%,12.02,sqz,参数二,"{""sqz"": {""bb_length"": 20, ""bb_mult"": 1.8, ""kc_length"": 20, ""kc_mult"": 1.5, ""min_sqz_bars"": 4}, ""r&s"": {""srb_left"": 15, ""srb_right"": 15}, ""atr"": {""atr_length"": 14, ""atr_mult"": 1.0}}",,,SHENANDOAH TELECOMMUNICATION,1D,一直亮红,nan-10.8-13.06-11.0,低-高-低,nan%-20.93%-15.77%,52.0,26.55
2026-10-02 00:00:00,Long,SIF,23.62,4.75%,21.41,utb,参数一,"{""utb"": {""key_value"": 2, ""atr_period"": 14, ""use_ha"": false}, ""r&s"": {""srb_left"": 10, ""srb_right"": 10}, ""atr"": {""atr_length"": 14, ""atr_mult"": 1.0}}",,,SIFCO INDUSTRIES,1D,,,,,,
2026-10-02 00:00:00,Long,XMMO,151.41,1.39%,148.38,utb,参数一,"{""utb"": {""key_value"": 2, ""atr_period"": 14, ""use_ha"": false}, ""r&s"": {""srb_left"": 10, ""srb_right"": 10}, ""atr"": {""atr_length"": 14, ""atr_mult"": 1.0}}",,,INVESCO S&P MIDCAP MOMENTUM,1D,,,,,,
2026-10-02 00:00:00,Long,WAFD,30.8,2.74%,29.33,suf,参数一,"{""suf"": {""timeframe"": ""d""}}",200.0,-9.19,WAFD INC,1D,,,,,,
2026-10-02 00:00:00,Long,WAFD,30.8,2.74%,29.33,suf,参数二,"{""suf"": {""timeframe"": ""d""}}",200.0,-9.19,WAFD INC,1D,,,,,,
2026-10-02 00:00:00,Long,AMX,21.29,2.70%,20.2,suf,参数一,"{""suf"": {""timeframe"": ""d""}}",200.0,-11.14,AMERICA MOVIL SAB DE CV,1D,,,,,,
2026-10-02 00:00:00,Long,AMX,21.29,2.70%,20.2,suf,参数二,"{""suf"": {""timeframe"": ""d""}}",200.0,-11.14,AMERICA MOVIL SAB DE CV,1D,,,,,,
2026-10-02 00:00:00,Short,XRN,34.01,-1.10%,35.75,sqz,参数一,"{""sqz"": {""bb_length"": 15, ""bb_mult"": 1.5, ""kc_length"": 15, ""kc_mult"": 1.2, ""min_sqz_bars"": 4}, ""r&s"": {""srb_left"": 10, ""srb_right"": 10}, ""atr"": {""atr_length"": 14, ""atr_mult"": 1.0}}",,,CHIRON REAL ESTATE INC,1D,支撑释放,31.64-32.49-31.22-28.34-34.2,高-低-低-高,2.71%-3.92%-9.24%-20.69%,41.0,9.93
2026-10-02 00:00:00,Short,XRN,34.01,-1.10%,35.75,sqz,参数二,"{""sqz"": {""bb_length"": 20, ""bb_mult"": 1.8, ""kc_length"": 20, ""kc_mult"": 1.5, ""min_sqz_bars"": 4}, ""r&s"": {""srb_left"": 15, ""srb_right"": 15}, ""atr"": {""atr_length"": 14, ""atr_mult"": 1.0}}",,,CHIRON REAL ESTATE INC,1D,支撑释放,nan-32.49-31.22-28.34-34.2,低-低-低-高,nan%-3.92%-9.24%-20.69%,41.0,9.93
2026-10-02 00:00:00,Long,PLNT,42.41,1.34%,39.77,mfa,参数一,"{""mfa"": {""mfa_all"": 10}}",200.0,-37.45,PLANET FITNESS INC - CL A,1D,,,,,,
2026-10-02 00:00:00,Long,PLNT,42.41,1.34%,39.77,mfa,参数二,"{""mfa"": {""mfa_all"": 10}}",200.0,-37.45,PLANET FITNESS INC - CL A,1D,,,,,,
2026-10-02 00:00:00,Long,MYMH,24.28,-0.06%,24.24,mfa,参数一,"{""mfa"": {""mfa_all"": 8}}",200.0,-0.09,STATE STREET MY2028 MUNICIPA,1D,,,,,,
2026-10-02 00:00:00,Long,MYMH,24.28,-0.06%,24.24,mfa,参数二,"{""mfa"": {""mfa_all"": 8}}",200.0,-0.09,STATE STREET MY2028 MUNICIPA,1D,,,,,,
2026-10-02 00:00:00,Short,PASG,4.12,-1.93%,4.75,sqz,参数一,"{""sqz"": {""bb_length"": 15, ""bb_mult"": 1.5, ""kc_length"": 15, ""kc_mult"": 1.2, ""min_sqz_bars"": 4}, ""r&s"": {""srb_left"": 10, ""srb_right"": 10}, ""atr"": {""atr_length"": 14, ""atr_mult"": 1.0}}",,,PASSAGE BIO INC,1D,支撑释放,5.91-3.93-3.29-4.25,低-低-高,33.42%-16.39%-29.18%,38.0,26.12
2026-10-02 00:00:00,Long,BC,65.43,1.88%,62.8,suf,参数一,"{""suf"": {""timeframe"": ""d""}}",200.0,-16.13,BRUNSWICK CORP,1D,,,,,,
2026-10-02 00:00:00,Long,BC,65.43,1.88%,62.8,suf,参数二,"{""suf"": {""timeframe"": ""d""}}",200.0,-16.13,BRUNSWICK CORP,1D,,,,,,
2026-10-02 00:00:00,Long,BTQ,3.17,6.38%,2.75,utb,参数一,"{""utb"": {""key_value"": 2, ""atr_period"": 14, ""use_ha"": false}, ""r&s"": {""srb_left"": 10, ""srb_right"": 10}, ""atr"": {""atr_length"": 14, ""atr_mult"": 1.0}}",,,BTQ TECHNOLOGIES CORP,1D,,,,,,
2026-10-02 00:00:00,Long,LEGO,10.08,0.80%,9.97,utb,参数一,"{""utb"": {""key_value"": 2, ""atr_period"": 14, ""use_ha"": false}, ""r&s"": {""srb_left"": 10, ""srb_right"": 10}, ""atr"": {""atr_length"": 14, ""atr_mult"": 1.0}}",,,LEGATO MERGER CORP IV,1D,,,,,,
2026-10-02 00:00:00,Long,LEGO,10.08,0.80%,9.97,utb,参数二,"{""utb"": {""key_value"": 3, ""atr_period"": 14, ""use_ha"": false}, ""r&s"": {""srb_left"": 15, ""srb_right"": 15}, ""atr"": {""atr_length"": 14, ""atr_mult"": 1.0}}",,,LEGATO MERGER CORP IV,1D,,,,,,
2026-10-02 00:00:00,Long,GIB,70.19,-1.11%,68.09,mfa,参数一,"{""mfa"": {""mfa_all"": 7}}",200.0,-4.82,CGI INC,1D,,,,,,
2026-10-02 00:00:00,Long,GIB,70.19,-1.11%,68.09,mfa,参数二,"{""mfa"": {""mfa_all"": 7}}",200.0,-4.82,CGI INC,1D,,,,,,
2026-10-02 00:00:00,Long,CWST,82.77,6.02%,74.9,suf,参数一,"{""suf"": {""timeframe"": ""d""}}",200.0,-9.3,CASELLA WASTE SYSTEMS INC-A,1D,,,,,,
2026-10-02 00:00:00,Long,CWST,82.77,6.02%,74.9,suf,参数二,"{""suf"": {""timeframe"": ""d""}}",200.0,-9.3,CASELLA WASTE SYSTEMS INC-A,1D,,,,,,
2026-10-02 00:00:00,Long,AEVA,14.76,3.29%,13.05,mfa,参数一,"{""mfa"": {""mfa_all"": 14}}",200.0,-14.68,AEVA TECHNOLOGIES INC,1D,,,,,,
2026-10-02 00:00:00,Long,AEVA,14.76,3.29%,13.05,mfa,参数二,"{""mfa"": {""mfa_all"": 14}}",200.0,-14.68,AEVA TECHNOLOGIES INC,1D,,,,,,
2026-10-02 00:00:00,Long,COLL,22.02,0.82%,20.65,suf,参数一,"{""suf"": {""timeframe"": ""d""}}",200.0,-38.4,COLLEGIUM PHARMACEUTICAL INC,1D,,,,,,
2026-10-02 00:00:00,Long,COLL,22.02,0.82%,20.65,suf,参数二,"{""suf"": {""timeframe"": ""d""}}",200.0,-38.4,COLLEGIUM PHARMACEUTICAL INC,1D,,,,,,
2026-10-02 00:00:00,Long,CATG,11.13,4.51%,10.29,utb,参数一,"{""utb"": {""key_value"": 2, ""atr_period"": 14, ""use_ha"": false}, ""r&s"": {""srb_left"": 10, ""srb_right"": 10}, ""atr"": {""atr_length"": 14, ""atr_mult"": 1.0}}",,,LEVERAGE SHARES 2X CAT,1D,,,,,,
2026-10-02 00:00:00,Long,BIPC,36.65,2.03%,35.3,utb,参数一,"{""utb"": {""key_value"": 2, ""atr_period"": 14, ""use_ha"": false}, ""r&s"": {""srb_left"": 10, ""srb_right"": 10}, ""atr"": {""atr_length"": 14, ""atr_mult"": 1.0}}",,,BROOKFIELD INFRASTRUCTURE-A,1D,,,,,,
2026-10-02 00:00:00,Long,BIPC,36.65,2.03%,35.3,mfa,参数一,"{""mfa"": {""mfa_all"": 23}}",200.0,-10.57,BROOKFIELD INFRASTRUCTURE-A,1D,,,,,,
2026-10-02 00:00:00,Long,BIPC,36.65,2.03%,35.3,mfa,参数二,"{""mfa"": {""mfa_all"": 23}}",200.0,-10.57,BROOKFIELD INFRASTRUCTURE-A,1D,,,,,,
2026-10-02 00:00:00,Long,QTWO,56.38,-0.18%,53.79,mfa,参数一,"{""mfa"": {""mfa_all"": 12}}",200.0,1.62,Q2 HOLDINGS INC,1D,,,,,,
2026-10-02 00:00:00,Long,QTWO,56.38,-0.18%,53.79,mfa,参数二,"{""mfa"": {""mfa_all"": 12}}",200.0,1.62,Q2 HOLDINGS INC,1D,,,,,,
2026-10-02 00:00:00,Long,LFAW,159.87,-0.25%,159.14,mfa,参数一,"{""mfa"": {""mfa_all"": 17}}",200.0,-6.08,LIFEX 2060 LONGEVITY INCOME,1D,,,,,,
2026-10-02 00:00:00,Long,LFAW,159.87,-0.25%,159.14,mfa,参数二,"{""mfa"": {""mfa_all"": 17}}",200.0,-6.08,LIFEX 2060 LONGEVITY INCOME,1D,,,,,,
2026-10-02 00:00:00,Long,CAPE,30.81,0.53%,30.46,suf,参数一,"{""suf"": {""timeframe"": ""d""}}",200.0,-4.02,DOUBLELINE SHILLER CAPE US,1D,,,,,,
2026-10-02 00:00:00,Long,CAPE,30.81,0.53%,30.46,suf,参数二,"{""suf"": {""timeframe"": ""d""}}",200.0,-4.02,DOUBLELINE SHILLER CAPE US,1D,,,,,,
2026-10-02 00:00:00,Short,DPRO,5.28,-3.82%,6.02,utb,参数一,"{""utb"": {""key_value"": 2, ""atr_period"": 14, ""use_ha"": false}, ""r&s"": {""srb_left"": 10, ""srb_right"": 10}, ""atr"": {""atr_length"": 14, ""atr_mult"": 1.0}}",,,DRAGANFLY INC,1D,,,,,,
2026-10-02 00:00:00,Short,DPRO,5.28,-3.82%,6.02,utb,参数二,"{""utb"": {""key_value"": 3, ""atr_period"": 14, ""use_ha"": false}, ""r&s"": {""srb_left"": 15, ""srb_right"": 15}, ""atr"": {""atr_length"": 14, ""atr_mult"": 1.0}}",,,DRAGANFLY INC,1D,,,,,,
2026-10-02 00:00:00,Long,DBX,33.9,-0.53%,32.47,mfa,参数一,"{""mfa"": {""mfa_all"": 7}}",200.0,20.22,DROPBOX INC-CLASS A,1D,,,,,,
2026-10-02 00:00:00,Long,DBX,33.9,-0.53%,32.47,mfa,参数二,"{""mfa"": {""mfa_all"": 7}}",200.0,20.22,DROPBOX INC-CLASS A,1D,,,,,,
2026-10-02 00:00:00,Long,LOB,36.68,0.80%,35.63,suf,参数一,"{""suf"": {""timeframe"": ""d""}}",200.0,-3.8,LIVE OAK BANCSHARES INC,1D,,,,,,
2026-10-02 00:00:00,Long,LOB,36.68,0.80%,35.63,suf,参数二,"{""suf"": {""timeframe"": ""d""}}",200.0,-3.8,LIVE OAK BANCSHARES INC,1D,,,,,,
2026-10-02 00:00:00,Long,TMDV,49.76,0.53%,49.49,suf,参数一,"{""suf"": {""timeframe"": ""d""}}",200.0,-0.22,PROSHARES RUSSELL US DVD GRW,1D,,,,,,
2026-10-02 00:00:00,Long,TMDV,49.76,0.53%,49.49,suf,参数二,"{""suf"": {""timeframe"": ""d""}}",200.0,-0.22,PROSHARES RUSSELL US DVD GRW,1D,,,,,,
2026-10-02 00:00:00,Long,AMOD,3.49,198.29%,2.58,suf,参数一,"{""suf"": {""timeframe"": ""d""}}",200.0,-72.66,ALPHA MODUS HOLDINGS INC,1D,,,,,,
2026-10-02 00:00:00,Long,AMOD,3.49,198.29%,2.58,suf,参数二,"{""suf"": {""timeframe"": ""d""}}",200.0,-72.66,ALPHA MODUS HOLDINGS INC,1D,,,,,,
2026-10-02 00:00:00,Long,MXL,105.93,14.99%,86.71,sqz,参数一,"{""sqz"": {""bb_length"": 15, ""bb_mult"": 1.5, ""kc_length"": 15, ""kc_mult"": 1.2, ""min_sqz_bars"": 4}, ""r&s"": {""srb_left"": 10, ""srb_right"": 10}, ""atr"": {""atr_length"": 14, ""atr_mult"": 1.0}}",,,MAXLINEAR INC,1D,一直释放,20.82-20.15-106.28-128.3-89.0,低-高-高-低,3.22%-427.44%-20.72%-30.63%,33.0,59.13
2026-10-02 00:00:00,Long,JULM,35.03,0.13%,34.94,sqz,参数一,"{""sqz"": {""bb_length"": 15, ""bb_mult"": 1.5, ""kc_length"": 15, ""kc_mult"": 1.2, ""min_sqz_bars"": 4}, ""r&s"": {""srb_left"": 10, ""srb_right"": 10}, ""atr"": {""atr_length"": 14, ""atr_mult"": 1.0}}",,,FT VEST US EQ MAX BUF JULY,1D,压力释放,nan-33.85-35.02,低-高,nan%-3.44%,20.0,0.6
2026-10-02 00:00:00,Long,RBIL,49.99,-0.04%,49.89,sqz,参数一,"{""sqz"": {""bb_length"": 15, ""bb_mult"": 1.5, ""kc_length"": 15, ""kc_mult"": 1.2, ""min_sqz_bars"": 4}, ""r&s"": {""srb_left"": 10, ""srb_right"": 10}, ""atr"": {""atr_length"": 14, ""atr_mult"": 1.0}}",,,US TREASURY ULTRA SHORT TIPS,1D,压力释放,nan-49.22-49.69-49.65-49.89,低-高-低-高,nan%-0.96%-0.10%-0.50%,16.0,0.23
2026-10-02 00:00:00,Long,GLIX,25.39,0.87%,25.08,suf,参数一,"{""suf"": {""timeframe"": ""d""}}",200.0,-4.71,LAZARD LISTED INFRASTRUCTURE,1D,,,,,,
2026-10-02 00:00:00,Long,GLIX,25.39,0.87%,25.08,suf,参数二,"{""suf"": {""timeframe"": ""d""}}",200.0,-4.71,LAZARD LISTED INFRASTRUCTURE,1D,,,,,,
2026-10-02 00:00:00,Long,ODDS,23.35,0.19%,23.09,suf,参数一,"{""suf"": {""timeframe"": ""d""}}",200.0,-7.09,PACER BLUESTAR DIG ENTERTAIN,1D,,,,,,
2026-10-02 00:00:00,Long,ODDS,23.35,0.19%,23.09,suf,参数二,"{""suf"": {""timeframe"": ""d""}}",200.0,-7.09,PACER BLUESTAR DIG ENTERTAIN,1D,,,,,,
2026-10-02 00:00:00,Short,FDNI,25.47,-0.78%,25.88,sqz,参数一,"{""sqz"": {""bb_length"": 15, ""bb_mult"": 1.5, ""kc_length"": 15, ""kc_mult"": 1.2, ""min_sqz_bars"": 4}, ""r&s"": {""srb_left"": 10, ""srb_right"": 10}, ""atr"": {""atr_length"": 14, ""atr_mult"": 1.0}}",,,FIRST TRUST DOW JONES INTL,1D,支撑释放,25.95-26.66-25.26-23.99-25.82,高-低-低-高,2.74%-5.25%-5.03%-7.63%,49.0,14.83
2026-10-02 00:00:00,Long,CSCO,112.2,3.56%,106.36,utb,参数一,"{""utb"": {""key_value"": 2, ""atr_period"": 14, ""use_ha"": false}, ""r&s"": {""srb_left"": 10, ""srb_right"": 10}, ""atr"": {""atr_length"": 14, ""atr_mult"": 1.0}}",,,CISCO SYSTEMS INC,1D,,,,,,
2026-10-02 00:00:00,Long,RGCO,21.8,0.97%,20.79,utb,参数一,"{""utb"": {""key_value"": 2, ""atr_period"": 14, ""use_ha"": false}, ""r&s"": {""srb_left"": 10, ""srb_right"": 10}, ""atr"": {""atr_length"": 14, ""atr_mult"": 1.0}}",,,RGC RESOURCES INC,1D,,,,,,
2026-10-02 00:00:00,Long,TSQ,4.55,4.60%,4.13,suf,参数一,"{""suf"": {""timeframe"": ""d""}}",200.0,-22.75,TOWNSQUARE MEDIA INC - CL A,1D,,,,,,
2026-10-02 00:00:00,Long,TSQ,4.55,4.60%,4.13,suf,参数二,"{""suf"": {""timeframe"": ""d""}}",200.0,-22.75,TOWNSQUARE MEDIA INC - CL A,1D,,,,,,
2026-10-02 00:00:00,Short,ACXP,1.27,0.79%,1.34,sqz,参数一,"{""sqz"": {""bb_length"": 15, ""bb_mult"": 1.5, ""kc_length"": 15, ""kc_mult"": 1.2, ""min_sqz_bars"": 4}, ""r&s"": {""srb_left"": 10, ""srb_right"": 10}, ""atr"": {""atr_length"": 14, ""atr_mult"": 1.0}}",,,ACURX PHARMACEUTICALS INC,1D,支撑释放,1.33-1.75-1.34-1.35-1.31,高-低-高-低,31.98%-23.43%-0.37%-2.60%,34.0,38.7
2026-10-02 00:00:00,Long,SPKL,11.58,0.96%,11.39,utb,参数一,"{""utb"": {""key_value"": 2, ""atr_period"": 14, ""use_ha"": false}, ""r&s"": {""srb_left"": 10, ""srb_right"": 10}, ""atr"": {""atr_length"": 14, ""atr_mult"": 1.0}}",,,SPARK I ACQUISITION CORP,1D,,,,,,
2026-10-02 00:00:00,Long,PPL,32.8,0.12%,32.25,mfa,参数一,"{""mfa"": {""mfa_all"": 44}}",200.0,-7.82,PPL CORP,1D,,,,,,
2026-10-02 00:00:00,Long,PPL,32.8,0.12%,32.25,mfa,参数二,"{""mfa"": {""mfa_all"": 44}}",200.0,-7.82,PPL CORP,1D,,,,,,
2026-10-02 00:00:00,Short,PLRX,1.03,-1.43%,1.11,utb,参数二,"{""utb"": {""key_value"": 3, ""atr_period"": 14, ""use_ha"": false}, ""r&s"": {""srb_left"": 15, ""srb_right"": 15}, ""atr"": {""atr_length"": 14, ""atr_mult"": 1.0}}",,,PLIANT THERAPEUTICS INC,1D,,,,,,
2026-10-02 00:00:00,Long,AMP,490.91,-0.79%,473.84,mfa,参数一,"{""mfa"": {""mfa_all"": 13}}",200.0,0.01,AMERIPRISE FINANCIAL INC,1D,,,,,,
2026-10-02 00:00:00,Long,AMP,490.91,-0.79%,473.84,mfa,参数二,"{""mfa"": {""mfa_all"": 13}}",200.0,0.01,AMERIPRISE FINANCIAL INC,1D,,,,,,
2026-10-02 00:00:00,Long,MKSI,279.15,2.92%,267.27,utb,参数二,"{""utb"": {""key_value"": 3, ""atr_period"": 14, ""use_ha"": false}, ""r&s"": {""srb_left"": 15, ""srb_right"": 15}, ""atr"": {""atr_length"": 14, ""atr_mult"": 1.0}}",,,MKS INC,1D,,,,,,
2026-10-02 00:00:00,Long,LYFT,15.46,1.64%,14.61,mfa,参数一,"{""mfa"": {""mfa_all"": 7}}",200.0,0.34,LYFT INC-A,1D,,,,,,
2026-10-02 00:00:00,Long,LYFT,15.46,1.64%,14.61,mfa,参数二,"{""mfa"": {""mfa_all"": 7}}",200.0,0.34,LYFT INC-A,1D,,,,,,
2026-10-02 00:00:00,Long,RISN,30.29,0.55%,30.01,mfa,参数一,"{""mfa"": {""mfa_all"": 18}}",200.0,0.62,INSPIRE CAPITAL APPRECIATION,1D,,,,,,
2026-10-02 00:00:00,Long,RISN,30.29,0.55%,30.01,mfa,参数二,"{""mfa"": {""mfa_all"": 18}}",200.0,0.62,INSPIRE CAPITAL APPRECIATION,1D,,,,,,
2026-10-02 00:00:00,Long,ERTH,42.33,0.67%,41.79,suf,参数一,"{""suf"": {""timeframe"": ""d""}}",200.0,-10.16,INVESCO MSCI SUSTAINABLE FUT,1D,,,,,,
2026-10-02 00:00:00,Long,ERTH,42.33,0.67%,41.79,suf,参数二,"{""suf"": {""timeframe"": ""d""}}",200.0,-10.16,INVESCO MSCI SUSTAINABLE FUT,1D,,,,,,
2026-10-02 00:00:00,Long,GFS,50.17,3.06%,47.82,utb,参数二,"{""utb"": {""key_value"": 3, ""atr_period"": 14, ""use_ha"": false}, ""r&s"": {""srb_left"": 15, ""srb_right"": 15}, ""atr"": {""atr_length"": 14, ""atr_mult"": 1.0}}",,,GLOBALFOUNDRIES INC,1D,,,,,,
2026-10-02 00:00:00,Long,MNRO,14.18,1.14%,13.46,sqz,参数一,"{""sqz"": {""bb_length"": 15, ""bb_mult"": 1.5, ""kc_length"": 15, ""kc_mult"": 1.2, ""min_sqz_bars"": 4}, ""r&s"": {""srb_left"": 10, ""srb_right"": 10}, ""atr"": {""atr_length"": 14, ""atr_mult"": 1.0}}",,,MONRO INC,1D,一直亮绿,17.52-17.42-17.93-17.71-14.06,低-高-低-低,0.55%-2.92%-1.24%-20.59%,26.0,19.66
2026-10-02 00:00:00,Long,MNRO,14.18,1.14%,13.46,sqz,参数二,"{""sqz"": {""bb_length"": 20, ""bb_mult"": 1.8, ""kc_length"": 20, ""kc_mult"": 1.5, ""min_sqz_bars"": 4}, ""r&s"": {""srb_left"": 15, ""srb_right"": 15}, ""atr"": {""atr_length"": 14, ""atr_mult"": 1.0}}",,,MONRO INC,1D,一直亮绿,22.69-17.52-17.93-17.71-14.06,低-高-低-低,22.80%-2.36%-1.24%-20.59%,26.0,19.66
2026-10-02 00:00:00,Long,AIQ,66.23,0.85%,64.82,sqz,参数一,"{""sqz"": {""bb_length"": 15, ""bb_mult"": 1.5, ""kc_length"": 15, ""kc_mult"": 1.2, ""min_sqz_bars"": 4}, ""r&s"": {""srb_left"": 10, ""srb_right"": 10}, ""atr"": {""atr_length"": 14, ""atr_mult"": 1.0}}",,,GLOBAL X ART INTEL & TECH,1D,一直释放,53.25-53.94-70.26-67.76-65.04,高-高-低-低,1.30%-30.26%-3.55%-4.02%,24.0,4.11
2026-10-02 00:00:00,Long,SWAG,1.47,10.53%,1.26,suf,参数一,"{""suf"": {""timeframe"": ""d""}}",200.0,-19.97,STRAN & CO INC,1D,,,,,,
2026-10-02 00:00:00,Long,SWAG,1.47,10.53%,1.26,suf,参数二,"{""suf"": {""timeframe"": ""d""}}",200.0,-19.97,STRAN & CO INC,1D,,,,,,
2026-10-02 00:00:00,Long,SURE,146.16,0.36%,145.2,mfa,参数一,"{""mfa"": {""mfa_all"": 17}}",200.0,5.02,ADVISORSHARES INSIDER ADVANT,1D,,,,,,
2026-10-02 00:00:00,Long,SURE,146.16,0.36%,145.2,mfa,参数二,"{""mfa"": {""mfa_all"": 17}}",200.0,5.02,ADVISORSHARES INSIDER ADVANT,1D,,,,,,
2026-10-02 00:00:00,Long,HAYW,12.4,1.31%,12.01,suf,参数一,"{""suf"": {""timeframe"": ""d""}}",200.0,-16.76,HAYWARD HOLDINGS INC,1D,,,,,,
2026-10-02 00:00:00,Long,HAYW,12.4,1.31%,12.01,suf,参数二,"{""suf"": {""timeframe"": ""d""}}",200.0,-16.76,HAYWARD HOLDINGS INC,1D,,,,,,
2026-10-02 00:00:00,Long,TRUP,23.58,-0.51%,22.16,mfa,参数一,"{""mfa"": {""mfa_all"": 9}}",200.0,-14.31,TRUPANION INC,1D,,,,,,
2026-10-02 00:00:00,Long,TRUP,23.58,-0.51%,22.16,mfa,参数二,"{""mfa"": {""mfa_all"": 9}}",200.0,-14.31,TRUPANION INC,1D,,,,,,
2026-10-02 00:00:00,Short,NVDQ,7.76,-2.76%,8.26,sqz,参数一,"{""sqz"": {""bb_length"": 15, ""bb_mult"": 1.5, ""kc_length"": 15, ""kc_mult"": 1.2, ""min_sqz_bars"": 4}, ""r&s"": {""srb_left"": 10, ""srb_right"": 10}, ""atr"": {""atr_length"": 14, ""atr_mult"": 1.0}}",,,T-REX 2X INVERSE NVIDIA DLY,1D,一直亮红,15.2-9.07-9.18-10.49-7.82,低-高-高-低,40.30%-1.16%-14.32%-25.54%,19.0,25.14
2026-10-02 00:00:00,Long,PRKS,32.46,4.11%,29.56,suf,参数一,"{""suf"": {""timeframe"": ""d""}}",200.0,-15.65,UNITED PARKS & RESORTS INC,1D,,,,,,
2026-10-02 00:00:00,Long,PRKS,32.46,4.11%,29.56,suf,参数二,"{""suf"": {""timeframe"": ""d""}}",200.0,-15.65,UNITED PARKS & RESORTS INC,1D,,,,,,
2026-10-02 00:00:00,Long,RSG,209.56,1.58%,202.35,suf,参数一,"{""suf"": {""timeframe"": ""d""}}",200.0,-1.98,REPUBLIC SERVICES INC,1D,,,,,,
2026-10-02 00:00:00,Long,RSG,209.56,1.58%,202.35,suf,参数二,"{""suf"": {""timeframe"": ""d""}}",200.0,-1.98,REPUBLIC SERVICES INC,1D,,,,,,
2026-10-02 00:00:00,Long,CABA,2.0,5.82%,1.65,suf,参数一,"{""suf"": {""timeframe"": ""d""}}",200.0,-31.34,CABALETTA BIO INC,1D,,,,,,
2026-10-02 00:00:00,Long,CABA,2.0,5.82%,1.65,suf,参数二,"{""suf"": {""timeframe"": ""d""}}",200.0,-31.34,CABALETTA BIO INC,1D,,,,,,
2026-10-02 00:00:00,Long,DRUP,71.04,0.18%,70.39,sqz,参数二,"{""sqz"": {""bb_length"": 20, ""bb_mult"": 1.8, ""kc_length"": 20, ""kc_mult"": 1.5, ""min_sqz_bars"": 4}, ""r&s"": {""srb_left"": 15, ""srb_right"": 15}, ""atr"": {""atr_length"": 14, ""atr_mult"": 1.0}}",,,GRANITESHARES NASDAQ SELECT,1D,一直亮绿,68.48-59.84-67.83-65.26-70.99,低-高-低-高,12.62%-13.36%-3.80%-8.78%,25.0,5.36
2026-10-02 00:00:00,Long,INGM,28.5,2.55%,26.91,utb,参数一,"{""utb"": {""key_value"": 2, ""atr_period"": 14, ""use_ha"": false}, ""r&s"": {""srb_left"": 10, ""srb_right"": 10}, ""atr"": {""atr_length"": 14, ""atr_mult"": 1.0}}",,,INGRAM MICRO HOLDING CORP,1D,,,,,,
2026-10-02 00:00:00,Long,ABXB,18.61,-0.01%,18.58,mfa,参数一,"{""mfa"": {""mfa_all"": 15}}",200.0,-2.0,ABACUS FLEXIBLE BOND LEADERS,1D,,,,,,
2026-10-02 00:00:00,Long,ABXB,18.61,-0.01%,18.58,mfa,参数二,"{""mfa"": {""mfa_all"": 15}}",200.0,-2.0,ABACUS FLEXIBLE BOND LEADERS,1D,,,,,,
2026-10-02 00:00:00,Long,AUST,0.99,2.06%,0.91,suf,参数一,"{""suf"": {""timeframe"": ""d""}}",200.0,-30.35,AUSTIN GOLD CORP,1D,,,,,,
2026-10-02 00:00:00,Long,AUST,0.99,2.06%,0.91,suf,参数二,"{""suf"": {""timeframe"": ""d""}}",200.0,-30.35,AUSTIN GOLD CORP,1D,,,,,,
2026-10-02 00:00:00,Long,FGM,58.41,0.67%,57.65,suf,参数一,"{""suf"": {""timeframe"": ""d""}}",200.0,-7.58,FIRST TRUST GERMANY,1D,,,,,,
2026-10-02 00:00:00,Long,FGM,58.41,0.67%,57.65,suf,参数二,"{""suf"": {""timeframe"": ""d""}}",200.0,-7.58,FIRST TRUST GERMANY,1D,,,,,,
2026-10-02 00:00:00,Long,GLBL,28.89,1.05%,28.7,utb,参数一,"{""utb"": {""key_value"": 2, ""atr_period"": 14, ""use_ha"": false}, ""r&s"": {""srb_left"": 10, ""srb_right"": 10}, ""atr"": {""atr_length"": 14, ""atr_mult"": 1.0}}",,,PACERMSCI WRLD IND ADV,1D,,,,,,
2026-10-02 00:00:00,Long,GTX,27.07,3.12%,25.62,utb,参数一,"{""utb"": {""key_value"": 2, ""atr_period"": 14, ""use_ha"": false}, ""r&s"": {""srb_left"": 10, ""srb_right"": 10}, ""atr"": {""atr_length"": 14, ""atr_mult"": 1.0}}",,,GARRETT MOTION INC,1D,,,,,,
2026-10-02 00:00:00,Long,GTX,27.07,3.12%,25.62,mfa,参数一,"{""mfa"": {""mfa_all"": 14}}",200.0,9.74,GARRETT MOTION INC,1D,,,,,,
2026-10-02 00:00:00,Long,GTX,27.07,3.12%,25.62,mfa,参数二,"{""mfa"": {""mfa_all"": 14}}",200.0,9.74,GARRETT MOTION INC,1D,,,,,,
2026-10-02 00:00:00,Long,NATH,101.49,0.09%,100.13,mfa,参数一,"{""mfa"": {""mfa_all"": 9}}",200.0,2.58,NATHAN'S FAMOUS INC,1D,,,,,,
2026-10-02 00:00:00,Long,NATH,101.49,0.09%,100.13,mfa,参数二,"{""mfa"": {""mfa_all"": 9}}",200.0,2.58,NATHAN'S FAMOUS INC,1D,,,,,,
2026-10-02 00:00:00,Long,DNN,2.57,1.18%,2.42,suf,参数一,"{""suf"": {""timeframe"": ""d""}}",200.0,-24.11,DENISON MINES CORP,1D,,,,,,
2026-10-02 00:00:00,Long,DNN,2.57,1.18%,2.42,suf,参数二,"{""suf"": {""timeframe"": ""d""}}",200.0,-24.11,DENISON MINES CORP,1D,,,,,,
2026-10-02 00:00:00,Long,HMN,45.26,0.71%,43.98,suf,参数一,"{""suf"": {""timeframe"": ""d""}}",200.0,-2.07,HORACE MANN EDUCATORS,1D,,,,,,
2026-10-02 00:00:00,Long,HMN,45.26,0.71%,43.98,suf,参数二,"{""suf"": {""timeframe"": ""d""}}",200.0,-2.07,HORACE MANN EDUCATORS,1D,,,,,,
2026-10-02 00:00:00,Long,SMMV,44.82,0.52%,44.47,suf,参数一,"{""suf"": {""timeframe"": ""d""}}",200.0,-0.17,ISHARES MSCI USA SMALL-CAP M,1D,,,,,,
2026-10-02 00:00:00,Long,SMMV,44.82,0.52%,44.47,suf,参数二,"{""suf"": {""timeframe"": ""d""}}",200.0,-0.17,ISHARES MSCI USA SMALL-CAP M,1D,,,,,,
2026-10-02 00:00:00,Short,DRCT,0.91,-39.74%,1.74,sqz,参数二,"{""sqz"": {""bb_length"": 20, ""bb_mult"": 1.8, ""kc_length"": 20, ""kc_mult"": 1.5, ""min_sqz_bars"": 4}, ""r&s"": {""srb_left"": 15, ""srb_right"": 15}, ""atr"": {""atr_length"": 14, ""atr_mult"": 1.0}}",,,DIRECT DIGITAL HOLDINGS IN-A,1D,一直释放,nan-3.2-2.17-2.3,低-低-高,nan%-32.19%-5.99%,54.0,21.74
2026-10-02 00:00:00,Long,ULH,18.46,4.23%,16.85,mfa,参数一,"{""mfa"": {""mfa_all"": 10}}",200.0,7.86,UNIVERSAL LOGISTICS HOLDINGS,1D,,,,,,
2026-10-02 00:00:00,Long,ULH,18.46,4.23%,16.85,mfa,参数二,"{""mfa"": {""mfa_all"": 10}}",200.0,7.86,UNIVERSAL LOGISTICS HOLDINGS,1D,,,,,,
2026-10-02 00:00:00,Long,BHB,39.45,1.49%,38.11,mfa,参数一,"{""mfa"": {""mfa_all"": 6}}",200.0,12.07,BAR HARBOR BANKSHARES,1D,,,,,,
2026-10-02 00:00:00,Long,BHB,39.45,1.49%,38.11,mfa,参数二,"{""mfa"": {""mfa_all"": 6}}",200.0,12.07,BAR HARBOR BANKSHARES,1D,,,,,,
2026-10-02 00:00:00,Long,TFIN,62.18,1.72%,59.53,suf,参数一,"{""suf"": {""timeframe"": ""d""}}",200.0,-7.9,TRIUMPH FINANCIAL INC,1D,,,,,,
2026-10-02 00:00:00,Long,TFIN,62.18,1.72%,59.53,suf,参数二,"{""suf"": {""timeframe"": ""d""}}",200.0,-7.9,TRIUMPH FINANCIAL INC,1D,,,,,,
2026-10-02 00:00:00,Long,NYAX,49.0,1.55%,46.95,utb,参数二,"{""utb"": {""key_value"": 3, ""atr_period"": 14, ""use_ha"": false}, ""r&s"": {""srb_left"": 15, ""srb_right"": 15}, ""atr"": {""atr_length"": 14, ""atr_mult"": 1.0}}",,,NAYAX LTD,1D,,,,,,
2026-10-02 00:00:00,Short,TGEN,2.65,0.00%,3.02,sqz,参数一,"{""sqz"": {""bb_length"": 15, ""bb_mult"": 1.5, ""kc_length"": 15, ""kc_mult"": 1.2, ""min_sqz_bars"": 4}, ""r&s"": {""srb_left"": 10, ""srb_right"": 10}, ""atr"": {""atr_length"": 14, ""atr_mult"": 1.0}}",,,TECOGEN INC/WALTHAM MA,1D,支撑释放,4.22-1.94-3.65-2.91-2.75,低-高-低-低,54.08%-88.14%-20.27%-5.50%,22.0,22.91
2026-10-02 00:00:00,Long,XC,30.47,0.76%,29.98,suf,参数一,"{""suf"": {""timeframe"": ""d""}}",200.0,-4.84,WISDOMTREE TRUE EMERGING MAR,1D,,,,,,
2026-10-02 00:00:00,Long,XC,30.47,0.76%,29.98,suf,参数二,"{""suf"": {""timeframe"": ""d""}}",200.0,-4.84,WISDOMTREE TRUE EMERGING MAR,1D,,,,,,
2026-10-02 00:00:00,Long,AGYS,99.26,-1.05%,95.27,mfa,参数一,"{""mfa"": {""mfa_all"": 13}}",200.0,7.18,AGILYSYS INC,1D,,,,,,
2026-10-02 00:00:00,Long,AGYS,99.26,-1.05%,95.27,mfa,参数二,"{""mfa"": {""mfa_all"": 13}}",200.0,7.18,AGILYSYS INC,1D,,,,,,
2026-10-02 00:00:00,Long,RDN,32.57,4.32%,30.32,suf,参数一,"{""suf"": {""timeframe"": ""d""}}",200.0,-6.74,RADIAN GROUP INC,1D,,,,,,
2026-10-02 00:00:00,Long,RDN,32.57,4.32%,30.32,suf,参数二,"{""suf"": {""timeframe"": ""d""}}",200.0,-6.74,RADIAN GROUP INC,1D,,,,,,
2026-10-02 00:00:00,Long,GIFT,0.55,7.42%,0.39,suf,参数一,"{""suf"": {""timeframe"": ""d""}}",200.0,-41.14,GIFTIFY INC,1D,,,,,,
2026-10-02 00:00:00,Long,GIFT,0.55,7.42%,0.39,suf,参数二,"{""suf"": {""timeframe"": ""d""}}",200.0,-41.14,GIFTIFY INC,1D,,,,,,
2026-10-02 00:00:00,Short,PSHG,1.69,-3.43%,1.89,utb,参数一,"{""utb"": {""key_value"": 2, ""atr_period"": 14, ""use_ha"": false}, ""r&s"": {""srb_left"": 10, ""srb_right"": 10}, ""atr"": {""atr_length"": 14, ""atr_mult"": 1.0}}",,,PERFORMANCE SHIPPING INC,1D,,,,,,
2026-10-02 00:00:00,Long,SHO,11.39,0.71%,11.08,sqz,参数一,"{""sqz"": {""bb_length"": 15, ""bb_mult"": 1.5, ""kc_length"": 15, ""kc_mult"": 1.2, ""min_sqz_bars"": 4}, ""r&s"": {""srb_left"": 10, ""srb_right"": 10}, ""atr"": {""atr_length"": 14, ""atr_mult"": 1.0}}",,,SUNSTONE HOTEL INVESTORS INC,1D,压力释放,9.24-9.58-11.88-11.85-11.37,高-高-低-低,3.69%-24.03%-0.22%-4.10%,26.0,6.31
2026-10-02 00:00:00,Long,SHO,11.39,0.71%,11.08,utb,参数二,"{""utb"": {""key_value"": 3, ""atr_period"": 14, ""use_ha"": false}, ""r&s"": {""srb_left"": 15, ""srb_right"": 15}, ""atr"": {""atr_length"": 14, ""atr_mult"": 1.0}}",,,SUNSTONE HOTEL INVESTORS INC,1D,,,,,,
2026-10-02 00:00:00,Short,TKLF,1.5,0.00%,1.63,sqz,参数一,"{""sqz"": {""bb_length"": 15, ""bb_mult"": 1.5, ""kc_length"": 15, ""kc_mult"": 1.2, ""min_sqz_bars"": 4}, ""r&s"": {""srb_left"": 10, ""srb_right"": 10}, ""atr"": {""atr_length"": 14, ""atr_mult"": 1.0}}",,,TOKYO LIFESTYLE CO LTD,1D,支撑释放,nan-2.0-1.76-1.6,低-低-低,nan%-12.00%-9.09%,20.0,17.69
2026-10-02 00:00:00,Long,MTRN,312.16,9.48%,277.17,sqz,参数二,"{""sqz"": {""bb_length"": 20, ""bb_mult"": 1.8, ""kc_length"": 20, ""kc_mult"": 1.5, ""min_sqz_bars"": 4}, ""r&s"": {""srb_left"": 15, ""srb_right"": 15}, ""atr"": {""atr_length"": 14, ""atr_mult"": 1.0}}",,,MATERION CORP,1D,一直亮绿,nan-171.66-298.69-304.4,低-高-高,nan%-74.00%-1.91%,41.0,34.94
2026-10-02 00:00:00,Short,GDRX,3.28,0.31%,3.42,sqz,参数一,"{""sqz"": {""bb_length"": 15, ""bb_mult"": 1.5, ""kc_length"": 15, ""kc_mult"": 1.2, ""min_sqz_bars"": 4}, ""r&s"": {""srb_left"": 10, ""srb_right"": 10}, ""atr"": {""atr_length"": 14, ""atr_mult"": 1.0}}",,,GOODRX HOLDINGS INC-CLASS A,1D,支撑释放,1.9-2.41-2.48-2.83-3.28,高-高-高-高,27.11%-2.69%-14.11%-15.90%,16.0,9.15
2026-10-02 00:00:00,Long,PSL,107.92,1.16%,105.8,suf,参数一,"{""suf"": {""timeframe"": ""d""}}",200.0,-2.11,INVESCO DORSEY WRIGHT CONSUM,1D,,,,,,
2026-10-02 00:00:00,Long,PSL,107.92,1.16%,105.8,suf,参数二,"{""suf"": {""timeframe"": ""d""}}",200.0,-2.11,INVESCO DORSEY WRIGHT CONSUM,1D,,,,,,
2026-10-02 00:00:00,Short,LEE,6.71,-1.90%,7.33,sqz,参数二,"{""sqz"": {""bb_length"": 20, ""bb_mult"": 1.8, ""kc_length"": 20, ""kc_mult"": 1.5, ""min_sqz_bars"": 4}, ""r&s"": {""srb_left"": 15, ""srb_right"": 15}, ""atr"": {""atr_length"": 14, ""atr_mult"": 1.0}}",,,LEE ENTERPRISES,1D,一直释放,nan-7.78-7.4-6.85,低-低-低,nan%-4.88%-7.43%,46.0,35.77
2026-10-02 00:00:00,Long,ACEL,10.84,2.36%,10.37,suf,参数一,"{""suf"": {""timeframe"": ""d""}}",200.0,-7.7,ACCEL ENTERTAINMENT INC,1D,,,,,,
2026-10-02 00:00:00,Long,ACEL,10.84,2.36%,10.37,suf,参数二,"{""suf"": {""timeframe"": ""d""}}",200.0,-7.7,ACCEL ENTERTAINMENT INC,1D,,,,,,
2026-10-02 00:00:00,Short,JNJ,256.03,-1.02%,264.52,sqz,参数一,"{""sqz"": {""bb_length"": 15, ""bb_mult"": 1.5, ""kc_length"": 15, ""kc_mult"": 1.2, ""min_sqz_bars"": 4}, ""r&s"": {""srb_left"": 10, ""srb_right"": 10}, ""atr"": {""atr_length"": 14, ""atr_mult"": 1.0}}",,,JOHNSON & JOHNSON,1D,支撑释放,218.03-219.76-226.38-244.29-260.68,高-高-高-高,0.79%-3.02%-7.91%-6.71%,13.0,5.58
2026-10-02 00:00:00,Long,BRX,27.39,0.47%,26.8,suf,参数一,"{""suf"": {""timeframe"": ""d""}}",200.0,-4.71,BRIXMOR PROPERTY GROUP INC,1D,,,,,,
2026-10-02 00:00:00,Long,BRX,27.39,0.47%,26.8,suf,参数二,"{""suf"": {""timeframe"": ""d""}}",200.0,-4.71,BRIXMOR PROPERTY GROUP INC,1D,,,,,,
2026-10-02 00:00:00,Long,RSMC,27.9,1.22%,27.63,utb,参数一,"{""utb"": {""key_value"": 2, ""atr_period"": 14, ""use_ha"": false}, ""r&s"": {""srb_left"": 10, ""srb_right"": 10}, ""atr"": {""atr_length"": 14, ""atr_mult"": 1.0}}",,,ROCKEFELLER US SMALL-MID CAP,1D,,,,,,
2026-10-02 00:00:00,Long,AHLT,31.3,0.74%,30.59,sqz,参数一,"{""sqz"": {""bb_length"": 15, ""bb_mult"": 1.5, ""kc_length"": 15, ""kc_mult"": 1.2, ""min_sqz_bars"": 4}, ""r&s"": {""srb_left"": 10, ""srb_right"": 10}, ""atr"": {""atr_length"": 14, ""atr_mult"": 1.0}}",,,AMERICAN BEACON AHL TREND,1D,一直释放,29.95-29.94-29.39-29.48-30.28,低-低-高-高,0.04%-1.84%-0.31%-2.71%,32.0,5.26
2026-10-02 00:00:00,Short,MYY,15.72,-1.01%,15.84,utb,参数一,"{""utb"": {""key_value"": 2, ""atr_period"": 14, ""use_ha"": false}, ""r&s"": {""srb_left"": 10, ""srb_right"": 10}, ""atr"": {""atr_length"": 14, ""atr_mult"": 1.0}}",,,PROSHARES SHORT MIDCAP 400,1D,,,,,,
2026-10-02 00:00:00,Long,SFBC,46.21,3.49%,42.4,mfa,参数一,"{""mfa"": {""mfa_all"": 7}}",200.0,5.21,SOUND FINANCIAL BANCORP INC,1D,,,,,,
2026-10-02 00:00:00,Long,SFBC,46.21,3.49%,42.4,mfa,参数二,"{""mfa"": {""mfa_all"": 7}}",200.0,5.21,SOUND FINANCIAL BANCORP INC,1D,,,,,,
2026-10-02 00:00:00,Long,VERX,12.01,-2.36%,11.37,mfa,参数一,"{""mfa"": {""mfa_all"": 8}}",200.0,-13.63,VERTEX INC - CLASS A,1D,,,,,,
2026-10-02 00:00:00,Long,VERX,12.01,-2.36%,11.37,mfa,参数二,"{""mfa"": {""mfa_all"": 8}}",200.0,-13.63,VERTEX INC - CLASS A,1D,,,,,,
2026-10-02 00:00:00,Long,OPI,15.79,2.80%,14.33,mfa,参数一,"{""mfa"": {""mfa_all"": 19}}",200.0,,OFFICE PROPERTIES INCOME TRU,1D,,,,,,
2026-10-02 00:00:00,Long,OPI,15.79,2.80%,14.33,mfa,参数二,"{""mfa"": {""mfa_all"": 19}}",200.0,,OFFICE PROPERTIES INCOME TRU,1D,,,,,,
2026-10-02 00:00:00,Long,CGEM,15.51,6.74%,13.4,suf,参数一,"{""suf"": {""timeframe"": ""d""}}",200.0,1.01,CULLINAN THERAPEUTICS INC,1D,,,,,,
2026-10-02 00:00:00,Long,CGEM,15.51,6.74%,13.4,suf,参数二,"{""suf"": {""timeframe"": ""d""}}",200.0,1.01,CULLINAN THERAPEUTICS INC,1D,,,,,,
2026-10-02 00:00:00,Short,BMRN,57.18,-2.16%,60.33,sqz,参数一,"{""sqz"": {""bb_length"": 15, ""bb_mult"": 1.5, ""kc_length"": 15, ""kc_mult"": 1.2, ""min_sqz_bars"": 4}, ""r&s"": {""srb_left"": 10, ""srb_right"": 10}, ""atr"": {""atr_length"": 14, ""atr_mult"": 1.0}}",,,BIOMARIN PHARMACEUTICAL INC,1D,一直亮红,54.07-53.36-49.26-54.26-57.42,低-低-高-高,1.31%-7.68%-10.15%-5.82%,50.0,23.62
2026-10-02 00:00:00,Short,BTCZ,2.89,0.87%,3.13,sqz,参数二,"{""sqz"": {""bb_length"": 20, ""bb_mult"": 1.8, ""kc_length"": 20, ""kc_mult"": 1.5, ""min_sqz_bars"": 4}, ""r&s"": {""srb_left"": 15, ""srb_right"": 15}, ""atr"": {""atr_length"": 14, ""atr_mult"": 1.0}}",,,T-REX 2X INVERSE BITCOIN DLY,1D,一直释放,nan-3.3-4.55-3.61-5.01,低-高-低-高,nan%-37.88%-20.66%-38.78%,52.0,14.87
2026-10-02 00:00:00,Long,MSEX,53.56,2.16%,51.44,suf,参数一,"{""suf"": {""timeframe"": ""d""}}",200.0,0.34,MIDDLESEX WATER CO,1D,,,,,,
2026-10-02 00:00:00,Long,MSEX,53.56,2.16%,51.44,suf,参数二,"{""suf"": {""timeframe"": ""d""}}",200.0,0.34,MIDDLESEX WATER CO,1D,,,,,,
2026-10-02 00:00:00,Long,MVV,82.36,1.96%,80.76,utb,参数一,"{""utb"": {""key_value"": 2, ""atr_period"": 14, ""use_ha"": false}, ""r&s"": {""srb_left"": 10, ""srb_right"": 10}, ""atr"": {""atr_length"": 14, ""atr_mult"": 1.0}}",,,PROSHARES ULTRA MIDCAP400,1D,,,,,,
2026-10-02 00:00:00,Long,NCEL,2.85,-2.06%,2.55,mfa,参数一,"{""mfa"": {""mfa_all"": 10}}",200.0,-7.03,NEWCELX LTD,1D,,,,,,
2026-10-02 00:00:00,Long,NCEL,2.85,-2.06%,2.55,mfa,参数二,"{""mfa"": {""mfa_all"": 10}}",200.0,-7.03,NEWCELX LTD,1D,,,,,,
2026-10-02 00:00:00,Long,DINT,27.92,0.65%,27.4,suf,参数一,"{""suf"": {""timeframe"": ""d""}}",200.0,-3.26,DAVIS SELECT INTERNATIONAL,1D,,,,,,
2026-10-02 00:00:00,Long,DINT,27.92,0.65%,27.4,suf,参数二,"{""suf"": {""timeframe"": ""d""}}",200.0,-3.26,DAVIS SELECT INTERNATIONAL,1D,,,,,,
2026-10-02 00:00:00,Long,AZTD,30.86,1.11%,30.65,utb,参数一,"{""utb"": {""key_value"": 2, ""atr_period"": 14, ""use_ha"": false}, ""r&s"": {""srb_left"": 10, ""srb_right"": 10}, ""atr"": {""atr_length"": 14, ""atr_mult"": 1.0}}",,,AZTLAN GLB STPCL SEL DM SMID,1D,,,,,,
2026-10-02 00:00:00,Short,STXS,1.18,-1.67%,1.28,sqz,参数一,"{""sqz"": {""bb_length"": 15, ""bb_mult"": 1.5, ""kc_length"": 15, ""kc_mult"": 1.2, ""min_sqz_bars"": 4}, ""r&s"": {""srb_left"": 10, ""srb_right"": 10}, ""atr"": {""atr_length"": 14, ""atr_mult"": 1.0}}",,,STEREOTAXIS INC,1D,支撑释放,1.74-1.76-1.7-1.59-1.24,高-低-低-低,1.15%-3.41%-6.47%-22.01%,44.0,21.77
2026-10-02 00:00:00,Long,ATO,157.17,0.51%,154.38,suf,参数一,"{""suf"": {""timeframe"": ""d""}}",200.0,-9.06,ATMOS ENERGY CORP,1D,,,,,,
2026-10-02 00:00:00,Long,ATO,157.17,0.51%,154.38,suf,参数二,"{""suf"": {""timeframe"": ""d""}}",200.0,-9.06,ATMOS ENERGY CORP,1D,,,,,,
2026-10-02 00:00:00,Long,LRCX,347.49,2.17%,330.95,sqz,参数二,"{""sqz"": {""bb_length"": 20, ""bb_mult"": 1.8, ""kc_length"": 20, ""kc_mult"": 1.5, ""min_sqz_bars"": 4}, ""r&s"": {""srb_left"": 15, ""srb_right"": 15}, ""atr"": {""atr_length"": 14, ""atr_mult"": 1.0}}",,,LAM RESEARCH CORP,1D,一直亮绿,nan-251.12-255.92-438.03-344.91,低-高-高-低,nan%-1.91%-71.16%-21.26%,33.0,30.11
2026-10-02 00:00:00,Short,BLSG,3.0,-2.91%,4.0,utb,参数二,"{""utb"": {""key_value"": 3, ""atr_period"": 14, ""use_ha"": false}, ""r&s"": {""srb_left"": 15, ""srb_right"": 15}, ""atr"": {""atr_length"": 14, ""atr_mult"": 1.0}}",,,LEVERAGE SHARES 2X BLSH,1D,,,,,,
2026-10-02 00:00:00,Long,BTSG,60.25,5.22%,55.84,utb,参数一,"{""utb"": {""key_value"": 2, ""atr_period"": 14, ""use_ha"": false}, ""r&s"": {""srb_left"": 10, ""srb_right"": 10}, ""atr"": {""atr_length"": 14, ""atr_mult"": 1.0}}",,,BRIGHTSPRING HEALTH SERVICES,1D,,,,,,
2026-10-02 00:00:00,Long,SAMG,10.54,0.48%,9.91,sqz,参数一,"{""sqz"": {""bb_length"": 15, ""bb_mult"": 1.5, ""kc_length"": 15, ""kc_mult"": 1.2, ""min_sqz_bars"": 4}, ""r&s"": {""srb_left"": 10, ""srb_right"": 10}, ""atr"": {""atr_length"": 14, ""atr_mult"": 1.0}}",,,SILVERCREST ASSET MANAGEME-A,1D,一直亮绿,13.98-13.34-13.28-11.57-10.52,低-低-低-低,4.60%-0.43%-12.87%-9.05%,42.0,15.78
2026-10-02 00:00:00,Long,SAMG,10.54,0.48%,9.91,sqz,参数二,"{""sqz"": {""bb_length"": 20, ""bb_mult"": 1.8, ""kc_length"": 20, ""kc_mult"": 1.5, ""min_sqz_bars"": 4}, ""r&s"": {""srb_left"": 15, ""srb_right"": 15}, ""atr"": {""atr_length"": 14, ""atr_mult"": 1.0}}",,,SILVERCREST ASSET MANAGEME-A,1D,一直亮绿,nan-15.29-14.84-11.57-10.52,低-低-低-低,nan%-2.97%-22.02%-9.05%,42.0,15.78
2026-10-02 00:00:00,Long,HDLB,15.25,0.20%,14.8,suf,参数一,"{""suf"": {""timeframe"": ""d""}}",200.0,-5.81,ETRACS 2X HI DIV L-VOL ETN-B,1D,,,,,,
2026-10-02 00:00:00,Long,HDLB,15.25,0.20%,14.8,suf,参数二,"{""suf"": {""timeframe"": ""d""}}",200.0,-5.81,ETRACS 2X HI DIV L-VOL ETN-B,1D,,,,,,
2026-10-02 00:00:00,Long,CALX,34.81,-0.26%,33.56,mfa,参数一,"{""mfa"": {""mfa_all"": 18}}",200.0,-21.37,CALIX INC,1D,,,,,,
2026-10-02 00:00:00,Long,CALX,34.81,-0.26%,33.56,mfa,参数二,"{""mfa"": {""mfa_all"": 18}}",200.0,-21.37,CALIX INC,1D,,,,,,
2026-10-02 00:00:00,Long,ADT,6.25,0.32%,6.04,suf,参数一,"{""suf"": {""timeframe"": ""d""}}",200.0,-11.85,ADT INC,1D,,,,,,
2026-10-02 00:00:00,Long,ADT,6.25,0.32%,6.04,suf,参数二,"{""suf"": {""timeframe"": ""d""}}",200.0,-11.85,ADT INC,1D,,,,,,
2026-10-02 00:00:00,Long,QTEX,1.1,40.13%,0.75,utb,参数一,"{""utb"": {""key_value"": 2, ""atr_period"": 14, ""use_ha"": false}, ""r&s"": {""srb_left"": 10, ""srb_right"": 10}, ""atr"": {""atr_length"": 14, ""atr_mult"": 1.0}}",,,QTREX QUANTUM LTD,1D,,,,,,
2026-10-02 00:00:00,Long,QTEX,1.1,40.13%,0.75,utb,参数二,"{""utb"": {""key_value"": 3, ""atr_period"": 14, ""use_ha"": false}, ""r&s"": {""srb_left"": 15, ""srb_right"": 15}, ""atr"": {""atr_length"": 14, ""atr_mult"": 1.0}}",,,QTREX QUANTUM LTD,1D,,,,,,
2026-10-02 00:00:00,Long,SELV,34.0,0.26%,33.71,mfa,参数一,"{""mfa"": {""mfa_all"": 8}}",200.0,2.65,SEI QIM US LARGE CAP LOW VOL,1D,,,,,,
2026-10-02 00:00:00,Long,SELV,34.0,0.26%,33.71,mfa,参数二,"{""mfa"": {""mfa_all"": 8}}",200.0,2.65,SEI QIM US LARGE CAP LOW VOL,1D,,,,,,
2026-10-02 00:00:00,Short,NOV,18.8,-0.58%,19.77,sqz,参数二,"{""sqz"": {""bb_length"": 20, ""bb_mult"": 1.8, ""kc_length"": 20, ""kc_mult"": 1.5, ""min_sqz_bars"": 4}, ""r&s"": {""srb_left"": 15, ""srb_right"": 15}, ""atr"": {""atr_length"": 14, ""atr_mult"": 1.0}}",,,NOV INC,1D,一直亮红,nan-17.59-17.66-18.86,低-高-高,nan%-0.37%-6.82%,43.0,15.79
2026-10-02 00:00:00,Long,TSLQ,17.66,-9.20%,15.91,mfa,参数一,"{""mfa"": {""mfa_all"": 21}}",200.0,-13.7,TRADR 2X SHORT TSLA DAILY ET,1D,,,,,,
2026-10-02 00:00:00,Long,TSLQ,17.66,-9.20%,15.91,mfa,参数二,"{""mfa"": {""mfa_all"": 21}}",200.0,-13.7,TRADR 2X SHORT TSLA DAILY ET,1D,,,,,,
2026-10-02 00:00:00,Long,ASR,234.41,1.31%,225.01,suf,参数一,"{""suf"": {""timeframe"": ""d""}}",200.0,-22.52,GRUPO AEROPORTUARIO SUR-ADR,1D,,,,,,
2026-10-02 00:00:00,Long,ASR,234.41,1.31%,225.01,suf,参数二,"{""suf"": {""timeframe"": ""d""}}",200.0,-22.52,GRUPO AEROPORTUARIO SUR-ADR,1D,,,,,,
2026-10-02 00:00:00,Short,AIOS,11.32,-5.59%,13.21,sqz,参数二,"{""sqz"": {""bb_length"": 20, ""bb_mult"": 1.8, ""kc_length"": 20, ""kc_mult"": 1.5, ""min_sqz_bars"": 4}, ""r&s"": {""srb_left"": 15, ""srb_right"": 15}, ""atr"": {""atr_length"": 14, ""atr_mult"": 1.0}}",,,AIOS TECH INC,1D,支撑释放,9.2-6.54-10.8-10.1-11.38,低-高-低-高,28.91%-65.14%-6.48%-12.65%,20.0,31.83
2026-10-02 00:00:00,Long,CHYM,27.25,1.51%,25.64,mfa,参数一,"{""mfa"": {""mfa_all"": 8}}",200.0,15.97,CHIME FINANCIAL INC-CL A,1D,,,,,,
2026-10-02 00:00:00,Long,CHYM,27.25,1.51%,25.64,mfa,参数二,"{""mfa"": {""mfa_all"": 8}}",200.0,15.97,CHIME FINANCIAL INC-CL A,1D,,,,,,
2026-10-02 00:00:00,Long,GS,902.56,0.66%,873.38,suf,参数一,"{""suf"": {""timeframe"": ""d""}}",200.0,-5.21,GOLDMAN SACHS GROUP INC,1D,,,,,,
2026-10-02 00:00:00,Long,GS,902.56,0.66%,873.38,suf,参数二,"{""suf"": {""timeframe"": ""d""}}",200.0,-5.21,GOLDMAN SACHS GROUP INC,1D,,,,,,
2026-10-02 00:00:00,Long,WTRE,22.25,1.00%,21.98,suf,参数一,"{""suf"": {""timeframe"": ""d""}}",200.0,-5.55,WISDOMTREE NEW ECONOMY REAL,1D,,,,,,
2026-10-02 00:00:00,Long,WTRE,22.25,1.00%,21.98,suf,参数二,"{""suf"": {""timeframe"": ""d""}}",200.0,-5.55,WISDOMTREE NEW ECONOMY REAL,1D,,,,,,
2026-10-02 00:00:00,Long,ARCO,7.11,2.89%,6.64,suf,参数一,"{""suf"": {""timeframe"": ""d""}}",200.0,-11.63,ARCOS DORADOS HOLDINGS INC-A,1D,,,,,,
2026-10-02 00:00:00,Long,ARCO,7.11,2.89%,6.64,suf,参数二,"{""suf"": {""timeframe"": ""d""}}",200.0,-11.63,ARCOS DORADOS HOLDINGS INC-A,1D,,,,,,
2026-10-02 00:00:00,Long,TDAY,7.05,-0.14%,6.64,sqz,参数一,"{""sqz"": {""bb_length"": 15, ""bb_mult"": 1.5, ""kc_length"": 15, ""kc_mult"": 1.2, ""min_sqz_bars"": 4}, ""r&s"": {""srb_left"": 10, ""srb_right"": 10}, ""atr"": {""atr_length"": 14, ""atr_mult"": 1.0}}",,,USA TODAY CO INC,1D,压力释放,7.68-8.28-8.9-9.21-6.73,高-高-高-低,7.81%-7.49%-3.48%-26.93%,18.0,8.9
2026-10-02 00:00:00,Long,NWSA,28.69,0.17%,27.48,mfa,参数一,"{""mfa"": {""mfa_all"": 8}}",200.0,8.47,NEWS CORP - CLASS A,1D,,,,,,
2026-10-02 00:00:00,Long,NWSA,28.69,0.17%,27.48,mfa,参数二,"{""mfa"": {""mfa_all"": 8}}",200.0,8.47,NEWS CORP - CLASS A,1D,,,,,,
2026-10-02 00:00:00,Long,SMDV,72.97,1.15%,71.85,suf,参数一,"{""suf"": {""timeframe"": ""d""}}",200.0,1.14,PROSHARES S&P SMALLCAP 600 D,1D,,,,,,
2026-10-02 00:00:00,Long,SMDV,72.97,1.15%,71.85,suf,参数二,"{""suf"": {""timeframe"": ""d""}}",200.0,1.14,PROSHARES S&P SMALLCAP 600 D,1D,,,,,,
2026-10-02 00:00:00,Long,PJSM,49.52,1.16%,49.17,utb,参数一,"{""utb"": {""key_value"": 2, ""atr_period"": 14, ""use_ha"": false}, ""r&s"": {""srb_left"": 10, ""srb_right"": 10}, ""atr"": {""atr_length"": 14, ""atr_mult"": 1.0}}",,,PGIM JENNISON SM-MID COR EQ,1D,,,,,,
2026-10-02 00:00:00,Long,PJSM,49.52,1.16%,49.17,mfa,参数一,"{""mfa"": {""mfa_all"": 18}}",200.0,,PGIM JENNISON SM-MID COR EQ,1D,,,,,,
2026-10-02 00:00:00,Long,PJSM,49.52,1.16%,49.17,utb,参数二,"{""utb"": {""key_value"": 3, ""atr_period"": 14, ""use_ha"": false}, ""r&s"": {""srb_left"": 15, ""srb_right"": 15}, ""atr"": {""atr_length"": 14, ""atr_mult"": 1.0}}",,,PGIM JENNISON SM-MID COR EQ,1D,,,,,,
2026-10-02 00:00:00,Long,PJSM,49.52,1.16%,49.17,mfa,参数二,"{""mfa"": {""mfa_all"": 18}}",200.0,,PGIM JENNISON SM-MID COR EQ,1D,,,,,,
2026-10-02 00:00:00,Long,CAR,111.22,4.81%,100.24,suf,参数一,"{""suf"": {""timeframe"": ""d""}}",200.0,-28.73,AVIS BUDGET GROUP INC,1D,,,,,,
2026-10-02 00:00:00,Long,CAR,111.22,4.81%,100.24,suf,参数二,"{""suf"": {""timeframe"": ""d""}}",200.0,-28.73,AVIS BUDGET GROUP INC,1D,,,,,,
2026-10-02 00:00:00,Short,MXCT,1.07,-1.83%,1.17,sqz,参数一,"{""sqz"": {""bb_length"": 15, ""bb_mult"": 1.5, ""kc_length"": 15, ""kc_mult"": 1.2, ""min_sqz_bars"": 4}, ""r&s"": {""srb_left"": 10, ""srb_right"": 10}, ""atr"": {""atr_length"": 14, ""atr_mult"": 1.0}}",,,MAXCYTE INC,1D,支撑释放,0.66-0.78-1.08-0.98-1.13,高-高-低-高,18.97%-37.76%-9.26%-15.31%,14.0,10.62
2026-10-02 00:00:00,Long,AMKR,56.02,5.90%,51.42,utb,参数二,"{""utb"": {""key_value"": 3, ""atr_period"": 14, ""use_ha"": false}, ""r&s"": {""srb_left"": 15, ""srb_right"": 15}, ""atr"": {""atr_length"": 14, ""atr_mult"": 1.0}}",,,AMKOR TECHNOLOGY INC,1D,,,,,,
2026-10-02 00:00:00,Long,IHAK,68.7,0.57%,66.81,sqz,参数二,"{""sqz"": {""bb_length"": 20, ""bb_mult"": 1.8, ""kc_length"": 20, ""kc_mult"": 1.5, ""min_sqz_bars"": 4}, ""r&s"": {""srb_left"": 15, ""srb_right"": 15}, ""atr"": {""atr_length"": 14, ""atr_mult"": 1.0}}",,,ISHARES CYBERSECURITY & TECH,1D,一直亮绿,nan-61.25-68.45,低-高,nan%-11.75%,35.0,12.86
2026-10-02 00:00:00,Long,CHWY,18.17,2.54%,16.91,suf,参数一,"{""suf"": {""timeframe"": ""d""}}",200.0,-25.81,CHEWY INC - CLASS A,1D,,,,,,
2026-10-02 00:00:00,Long,CHWY,18.17,2.54%,16.91,suf,参数二,"{""suf"": {""timeframe"": ""d""}}",200.0,-25.81,CHEWY INC - CLASS A,1D,,,,,,
2026-10-02 00:00:00,Long,LSTR,173.48,1.96%,167.57,utb,参数一,"{""utb"": {""key_value"": 2, ""atr_period"": 14, ""use_ha"": false}, ""r&s"": {""srb_left"": 10, ""srb_right"": 10}, ""atr"": {""atr_length"": 14, ""atr_mult"": 1.0}}",,,LANDSTAR SYSTEM INC,1D,,,,,,
2026-10-02 00:00:00,Long,LSTR,173.48,1.96%,167.57,mfa,参数一,"{""mfa"": {""mfa_all"": 13}}",200.0,-0.52,LANDSTAR SYSTEM INC,1D,,,,,,
2026-10-02 00:00:00,Long,LSTR,173.48,1.96%,167.57,mfa,参数二,"{""mfa"": {""mfa_all"": 13}}",200.0,-0.52,LANDSTAR SYSTEM INC,1D,,,,,,
2026-10-02 00:00:00,Long,OLED,80.37,3.85%,74.93,utb,参数一,"{""utb"": {""key_value"": 2, ""atr_period"": 14, ""use_ha"": false}, ""r&s"": {""srb_left"": 10, ""srb_right"": 10}, ""atr"": {""atr_length"": 14, ""atr_mult"": 1.0}}",,,UNIVERSAL DISPLAY CORP,1D,,,,,,
2026-10-02 00:00:00,Long,MAGA,54.06,0.43%,53.77,suf,参数一,"{""suf"": {""timeframe"": ""d""}}",200.0,-1.65,TRUTH SOCIAL AMERICA FIRST E,1D,,,,,,
2026-10-02 00:00:00,Long,MAGA,54.06,0.43%,53.77,suf,参数二,"{""suf"": {""timeframe"": ""d""}}",200.0,-1.65,TRUTH SOCIAL AMERICA FIRST E,1D,,,,,,
2026-10-02 00:00:00,Long,CSB,62.17,0.52%,61.58,suf,参数一,"{""suf"": {""timeframe"": ""d""}}",200.0,-1.26,VICTORYSHARES US SMALL CAP H,1D,,,,,,
2026-10-02 00:00:00,Long,CSB,62.17,0.52%,61.58,suf,参数二,"{""suf"": {""timeframe"": ""d""}}",200.0,-1.26,VICTORYSHARES US SMALL CAP H,1D,,,,,,
2026-10-02 00:00:00,Short,KO,85.65,-0.52%,87.67,sqz,参数一,"{""sqz"": {""bb_length"": 15, ""bb_mult"": 1.5, ""kc_length"": 15, ""kc_mult"": 1.2, ""min_sqz_bars"": 4}, ""r&s"": {""srb_left"": 10, ""srb_right"": 10}, ""atr"": {""atr_length"": 14, ""atr_mult"": 1.0}}",,,COCA-COLA CO/THE,1D,支撑释放,73.16-73.63-75.86-80.35-86.89,高-高-高-高,0.65%-3.03%-5.91%-8.14%,17.0,3.37
2026-10-02 00:00:00,Long,QVMM,34.15,1.01%,33.88,utb,参数一,"{""utb"": {""key_value"": 2, ""atr_period"": 14, ""use_ha"": false}, ""r&s"": {""srb_left"": 10, ""srb_right"": 10}, ""atr"": {""atr_length"": 14, ""atr_mult"": 1.0}}",,,INVESCO S&P MIDCAP 400 QVM M,1D,,,,,,
2026-10-02 00:00:00,Long,QVMM,34.15,1.01%,33.88,mfa,参数一,"{""mfa"": {""mfa_all"": 23}}",200.0,1.44,INVESCO S&P MIDCAP 400 QVM M,1D,,,,,,
2026-10-02 00:00:00,Long,QVMM,34.15,1.01%,33.88,mfa,参数二,"{""mfa"": {""mfa_all"": 23}}",200.0,1.44,INVESCO S&P MIDCAP 400 QVM M,1D,,,,,,
2026-10-02 00:00:00,Short,ECX,0.86,-12.45%,1.08,sqz,参数一,"{""sqz"": {""bb_length"": 15, ""bb_mult"": 1.5, ""kc_length"": 15, ""kc_mult"": 1.2, ""min_sqz_bars"": 4}, ""r&s"": {""srb_left"": 10, ""srb_right"": 10}, ""atr"": {""atr_length"": 14, ""atr_mult"": 1.0}}",,,ECARX HOLDINGS INC-CL A,1D,支撑释放,0.92-0.99-0.98-1.0-0.96,高-低-高-低,7.49%-1.01%-2.55%-4.48%,18.0,19.27
2026-10-02 00:00:00,Short,ECX,0.86,-12.45%,1.08,sqz,参数二,"{""sqz"": {""bb_length"": 20, ""bb_mult"": 1.8, ""kc_length"": 20, ""kc_mult"": 1.5, ""min_sqz_bars"": 4}, ""r&s"": {""srb_left"": 15, ""srb_right"": 15}, ""atr"": {""atr_length"": 14, ""atr_mult"": 1.0}}",,,ECARX HOLDINGS INC-CL A,1D,支撑释放,0.88-0.92-0.99-0.98-0.96,高-高-低-低,4.78%-7.49%-1.01%-2.04%,18.0,19.27
2026-10-02 00:00:00,Long,EPSM,1.25,1.63%,1.08,mfa,参数一,"{""mfa"": {""mfa_all"": 18}}",200.0,-19.63,EPSIUM ENTERPRISE LTD-A,1D,,,,,,
2026-10-02 00:00:00,Long,EPSM,1.25,1.63%,1.08,mfa,参数二,"{""mfa"": {""mfa_all"": 18}}",200.0,-19.63,EPSIUM ENTERPRISE LTD-A,1D,,,,,,
2026-10-02 00:00:00,Long,GASZ,22.06,0.96%,21.78,utb,参数一,"{""utb"": {""key_value"": 2, ""atr_period"": 14, ""use_ha"": false}, ""r&s"": {""srb_left"": 10, ""srb_right"": 10}, ""atr"": {""atr_length"": 14, ""atr_mult"": 1.0}}",,,CORGI NTRL GAS PWR & TURB,1D,,,,,,
2026-10-02 00:00:00,Long,PJFM,66.0,1.37%,65.54,utb,参数一,"{""utb"": {""key_value"": 2, ""atr_period"": 14, ""use_ha"": false}, ""r&s"": {""srb_left"": 10, ""srb_right"": 10}, ""atr"": {""atr_length"": 14, ""atr_mult"": 1.0}}",,,PGIM JENNISON FOCUSED MIDCAP,1D,,,,,,
2026-10-02 00:00:00,Long,PJFM,66.0,1.37%,65.54,utb,参数二,"{""utb"": {""key_value"": 3, ""atr_period"": 14, ""use_ha"": false}, ""r&s"": {""srb_left"": 15, ""srb_right"": 15}, ""atr"": {""atr_length"": 14, ""atr_mult"": 1.0}}",,,PGIM JENNISON FOCUSED MIDCAP,1D,,,,,,
2026-10-02 00:00:00,Long,MAYM,33.34,0.14%,33.3,sqz,参数一,"{""sqz"": {""bb_length"": 15, ""bb_mult"": 1.5, ""kc_length"": 15, ""kc_mult"": 1.2, ""min_sqz_bars"": 4}, ""r&s"": {""srb_left"": 10, ""srb_right"": 10}, ""atr"": {""atr_length"": 14, ""atr_mult"": 1.0}}",,,FT VEST US EQ MAX BUF MAY,1D,一直亮绿,32.44-33.03-33.13-33.05-33.3,高-高-低-高,1.82%-0.30%-0.24%-0.76%,20.0,0.51
2026-10-02 00:00:00,Short,AON,269.45,-2.36%,284.07,sqz,参数一,"{""sqz"": {""bb_length"": 15, ""bb_mult"": 1.5, ""kc_length"": 15, ""kc_mult"": 1.2, ""min_sqz_bars"": 4}, ""r&s"": {""srb_left"": 10, ""srb_right"": 10}, ""atr"": {""atr_length"": 14, ""atr_mult"": 1.0}}",,,AON PLC-CLASS A,1D,一直释放,312.27-306.3-305.52-310.36-312.91,低-低-高-高,1.91%-0.26%-1.59%-0.82%,72.0,21.91
2026-10-02 00:00:00,Long,SHLS,8.3,2.09%,7.66,utb,参数二,"{""utb"": {""key_value"": 3, ""atr_period"": 14, ""use_ha"": false}, ""r&s"": {""srb_left"": 15, ""srb_right"": 15}, ""atr"": {""atr_length"": 14, ""atr_mult"": 1.0}}",,,SHOALS TECHNOLOGIES GROUP -A,1D,,,,,,
2026-10-02 00:00:00,Short,RBNE,2.25,-2.17%,2.57,sqz,参数一,"{""sqz"": {""bb_length"": 15, ""bb_mult"": 1.5, ""kc_length"": 15, ""kc_mult"": 1.2, ""min_sqz_bars"": 4}, ""r&s"": {""srb_left"": 10, ""srb_right"": 10}, ""atr"": {""atr_length"": 14, ""atr_mult"": 1.0}}",,,ROBIN ENERGY LTD,1D,支撑释放,47.25-15.75-24.45-2.07-2.29,低-高-低-高,66.67%-55.24%-91.53%-10.48%,12.0,15.65
2026-10-02 00:00:00,Short,PSEC,2.0,-2.44%,2.14,sqz,参数二,"{""sqz"": {""bb_length"": 20, ""bb_mult"": 1.8, ""kc_length"": 20, ""kc_mult"": 1.5, ""min_sqz_bars"": 4}, ""r&s"": {""srb_left"": 15, ""srb_right"": 15}, ""atr"": {""atr_length"": 14, ""atr_mult"": 1.0}}",,,PROSPECT CAPITAL CORP,1D,支撑释放,2.3-2.21-1.95-2.04-2.01,低-低-高-低,3.85%-11.59%-4.42%-1.24%,51.0,14.11
2026-10-02 00:00:00,Long,SKT,35.11,1.92%,33.86,suf,参数一,"{""suf"": {""timeframe"": ""d""}}",200.0,-2.83,TANGER INC,1D,,,,,,
2026-10-02 00:00:00,Long,SKT,35.11,1.92%,33.86,suf,参数二,"{""suf"": {""timeframe"": ""d""}}",200.0,-2.83,TANGER INC,1D,,,,,,
2026-10-02 00:00:00,Long,MYRG,304.77,2.30%,290.31,utb,参数一,"{""utb"": {""key_value"": 2, ""atr_period"": 14, ""use_ha"": false}, ""r&s"": {""srb_left"": 10, ""srb_right"": 10}, ""atr"": {""atr_length"": 14, ""atr_mult"": 1.0}}",,,MYR GROUP INC/DELAWARE,1D,,,,,,
2026-10-02 00:00:00,Long,PERI,8.5,-2.97%,8.15,mfa,参数一,"{""mfa"": {""mfa_all"": 6}}",200.0,-8.94,PERION NETWORK LTD,1D,,,,,,
2026-10-02 00:00:00,Long,PERI,8.5,-2.97%,8.15,mfa,参数二,"{""mfa"": {""mfa_all"": 6}}",200.0,-8.94,PERION NETWORK LTD,1D,,,,,,
2026-10-02 00:00:00,Long,ADBE,237.69,-1.49%,227.72,mfa,参数一,"{""mfa"": {""mfa_all"": 9}}",200.0,-8.54,ADOBE INC,1D,,,,,,
2026-10-02 00:00:00,Long,ADBE,237.69,-1.49%,227.72,mfa,参数二,"{""mfa"": {""mfa_all"": 9}}",200.0,-8.54,ADOBE INC,1D,,,,,,
2026-10-02 00:00:00,Long,IGOV,39.81,0.40%,39.38,suf,参数一,"{""suf"": {""timeframe"": ""d""}}",200.0,-3.96,ISHARES INTERNATIONAL TREASU,1D,,,,,,
2026-10-02 00:00:00,Long,IGOV,39.81,0.40%,39.38,suf,参数二,"{""suf"": {""timeframe"": ""d""}}",200.0,-3.96,ISHARES INTERNATIONAL TREASU,1D,,,,,,
2026-10-02 00:00:00,Long,DIN,29.92,5.32%,27.23,utb,参数一,"{""utb"": {""key_value"": 2, ""atr_period"": 14, ""use_ha"": false}, ""r&s"": {""srb_left"": 10, ""srb_right"": 10}, ""atr"": {""atr_length"": 14, ""atr_mult"": 1.0}}",,,DINE BRANDS GLOBAL INC,1D,,,,,,
2026-10-02 00:00:00,Short,BIYA,1.6,-1.23%,1.97,sqz,参数一,"{""sqz"": {""bb_length"": 15, ""bb_mult"": 1.5, ""kc_length"": 15, ""kc_mult"": 1.2, ""min_sqz_bars"": 4}, ""r&s"": {""srb_left"": 10, ""srb_right"": 10}, ""atr"": {""atr_length"": 14, ""atr_mult"": 1.0}}",,,BAIYA INTERNATIONAL GROUP-A,1D,支撑释放,8.9-7.57-6.1-2.75-1.91,低-低-低-低,14.94%-19.42%-54.92%-30.55%,49.0,257.07
2026-10-02 00:00:00,Short,BIYA,1.6,-1.23%,1.97,sqz,参数二,"{""sqz"": {""bb_length"": 20, ""bb_mult"": 1.8, ""kc_length"": 20, ""kc_mult"": 1.5, ""min_sqz_bars"": 4}, ""r&s"": {""srb_left"": 15, ""srb_right"": 15}, ""atr"": {""atr_length"": 14, ""atr_mult"": 1.0}}",,,BAIYA INTERNATIONAL GROUP-A,1D,支撑释放,nan-36.5-2.75-1.91,低-低-低,nan%-92.47%-30.55%,49.0,257.07
2026-10-02 00:00:00,Long,RNAC,7.36,1.94%,6.78,suf,参数一,"{""suf"": {""timeframe"": ""d""}}",200.0,-4.61,CARTESIAN THERAPEUTICS INC,1D,,,,,,
2026-10-02 00:00:00,Long,RNAC,7.36,1.94%,6.78,suf,参数二,"{""suf"": {""timeframe"": ""d""}}",200.0,-4.61,CARTESIAN THERAPEUTICS INC,1D,,,,,,
2026-10-02 00:00:00,Short,TTGT,3.57,-3.51%,3.87,utb,参数二,"{""utb"": {""key_value"": 3, ""atr_period"": 14, ""use_ha"": false}, ""r&s"": {""srb_left"": 15, ""srb_right"": 15}, ""atr"": {""atr_length"": 14, ""atr_mult"": 1.0}}",,,TECHTARGET INC,1D,,,,,,
2026-10-02 00:00:00,Long,IBTH,22.28,0.04%,22.26,sqz,参数二,"{""sqz"": {""bb_length"": 20, ""bb_mult"": 1.8, ""kc_length"": 20, ""kc_mult"": 1.5, ""min_sqz_bars"": 4}, ""r&s"": {""srb_left"": 15, ""srb_right"": 15}, ""atr"": {""atr_length"": 14, ""atr_mult"": 1.0}}",,,ISHARES IBONDS DEC 2027 TERM,1D,压力释放,nan-21.99-22.25,低-高,nan%-1.18%,24.0,0.14
2026-10-02 00:00:00,Short,DC,5.92,-1.00%,6.44,utb,参数二,"{""utb"": {""key_value"": 3, ""atr_period"": 14, ""use_ha"": false}, ""r&s"": {""srb_left"": 15, ""srb_right"": 15}, ""atr"": {""atr_length"": 14, ""atr_mult"": 1.0}}",,,DAKOTA GOLD CORP,1D,,,,,,
2026-10-02 00:00:00,Long,USSX,22.96,1.50%,22.68,mfa,参数一,"{""mfa"": {""mfa_all"": 18}}",200.0,,CORGI US SMALL CAP 2X DLY,1D,,,,,,
2026-10-02 00:00:00,Long,USSX,22.96,1.50%,22.68,mfa,参数二,"{""mfa"": {""mfa_all"": 18}}",200.0,,CORGI US SMALL CAP 2X DLY,1D,,,,,,
2026-10-02 00:00:00,Long,TKR,122.44,2.90%,116.94,utb,参数一,"{""utb"": {""key_value"": 2, ""atr_period"": 14, ""use_ha"": false}, ""r&s"": {""srb_left"": 10, ""srb_right"": 10}, ""atr"": {""atr_length"": 14, ""atr_mult"": 1.0}}",,,TIMKEN CO,1D,,,,,,
2026-10-02 00:00:00,Long,INTU,281.08,-0.60%,264.8,mfa,参数一,"{""mfa"": {""mfa_all"": 11}}",200.0,-28.24,INTUIT INC,1D,,,,,,
2026-10-02 00:00:00,Long,INTU,281.08,-0.60%,264.8,mfa,参数二,"{""mfa"": {""mfa_all"": 11}}",200.0,-28.24,INTUIT INC,1D,,,,,,
2026-10-02 00:00:00,Long,PTMC,39.88,1.06%,39.41,utb,参数一,"{""utb"": {""key_value"": 2, ""atr_period"": 14, ""use_ha"": false}, ""r&s"": {""srb_left"": 10, ""srb_right"": 10}, ""atr"": {""atr_length"": 14, ""atr_mult"": 1.0}}",,,PACER TRENDPILOT US MID CAP,1D,,,,,,
2026-10-02 00:00:00,Long,PTMC,39.88,1.06%,39.41,mfa,参数一,"{""mfa"": {""mfa_all"": 23}}",200.0,1.63,PACER TRENDPILOT US MID CAP,1D,,,,,,
2026-10-02 00:00:00,Long,PTMC,39.88,1.06%,39.41,mfa,参数二,"{""mfa"": {""mfa_all"": 23}}",200.0,1.63,PACER TRENDPILOT US MID CAP,1D,,,,,,
2026-10-02 00:00:00,Long,AVR,7.71,1.31%,7.29,mfa,参数一,"{""mfa"": {""mfa_all"": 8}}",200.0,6.37,ANTERIS TECHNOLOGIES GLOBAL,1D,,,,,,
2026-10-02 00:00:00,Long,AVR,7.71,1.31%,7.29,mfa,参数二,"{""mfa"": {""mfa_all"": 8}}",200.0,6.37,ANTERIS TECHNOLOGIES GLOBAL,1D,,,,,,
2026-10-02 00:00:00,Short,IMTX,7.59,-10.07%,9.03,sqz,参数二,"{""sqz"": {""bb_length"": 20, ""bb_mult"": 1.8, ""kc_length"": 20, ""kc_mult"": 1.5, ""min_sqz_bars"": 4}, ""r&s"": {""srb_left"": 15, ""srb_right"": 15}, ""atr"": {""atr_length"": 14, ""atr_mult"": 1.0}}",,,IMMATICS NV,1D,一直释放,8.9-8.55-9.13-8.76-8.17,低-高-低-低,3.99%-6.78%-4.05%-6.74%,47.0,22.15
2026-10-02 00:00:00,Long,OPRA,17.7,0.40%,17.05,mfa,参数一,"{""mfa"": {""mfa_all"": 17}}",200.0,7.26,OPERA LTD-ADR,1D,,,,,,
2026-10-02 00:00:00,Long,OPRA,17.7,0.40%,17.05,mfa,参数二,"{""mfa"": {""mfa_all"": 17}}",200.0,7.26,OPERA LTD-ADR,1D,,,,,,
2026-10-02 00:00:00,Long,LAR,5.49,-0.90%,5.18,mfa,参数一,"{""mfa"": {""mfa_all"": 14}}",200.0,-26.51,LITHIUM ARGENTINA AG,1D,,,,,,
2026-10-02 00:00:00,Long,LAR,5.49,-0.90%,5.18,mfa,参数二,"{""mfa"": {""mfa_all"": 14}}",200.0,-26.51,LITHIUM ARGENTINA AG,1D,,,,,,
2026-10-02 00:00:00,Long,NMTC,1.12,13.71%,0.82,suf,参数一,"{""suf"": {""timeframe"": ""d""}}",200.0,-68.75,NEUROONE MEDICAL TECHNOLOGIE,1D,,,,,,
2026-10-02 00:00:00,Long,NMTC,1.12,13.71%,0.82,suf,参数二,"{""suf"": {""timeframe"": ""d""}}",200.0,-68.75,NEUROONE MEDICAL TECHNOLOGIE,1D,,,,,,
2026-10-02 00:00:00,Long,CGNX,64.97,4.42%,61.25,utb,参数一,"{""utb"": {""key_value"": 2, ""atr_period"": 14, ""use_ha"": false}, ""r&s"": {""srb_left"": 10, ""srb_right"": 10}, ""atr"": {""atr_length"": 14, ""atr_mult"": 1.0}}",,,COGNEX CORP,1D,,,,,,
2026-10-02 00:00:00,Long,CGNX,64.97,4.42%,61.25,utb,参数二,"{""utb"": {""key_value"": 3, ""atr_period"": 14, ""use_ha"": false}, ""r&s"": {""srb_left"": 15, ""srb_right"": 15}, ""atr"": {""atr_length"": 14, ""atr_mult"": 1.0}}",,,COGNEX CORP,1D,,,,,,
2026-10-02 00:00:00,Short,SBIT,29.87,0.84%,32.29,sqz,参数二,"{""sqz"": {""bb_length"": 20, ""bb_mult"": 1.8, ""kc_length"": 20, ""kc_mult"": 1.5, ""min_sqz_bars"": 4}, ""r&s"": {""srb_left"": 15, ""srb_right"": 15}, ""atr"": {""atr_length"": 14, ""atr_mult"": 1.0}}",,,PROSHARES ULTRASHORT BITCOIN,1D,一直释放,nan-32.74-45.95-36.87-51.51,低-高-低-高,nan%-40.33%-19.76%-39.71%,52.0,14.76
2026-10-02 00:00:00,Long,UDN,17.82,0.22%,17.74,suf,参数一,"{""suf"": {""timeframe"": ""d""}}",200.0,-1.91,INVESCO DB US DOLLAR INDEX B,1D,,,,,,
2026-10-02 00:00:00,Long,UDN,17.82,0.22%,17.74,suf,参数二,"{""suf"": {""timeframe"": ""d""}}",200.0,-1.91,INVESCO DB US DOLLAR INDEX B,1D,,,,,,
2026-10-02 00:00:00,Short,BABU,8.45,-2.76%,9.08,sqz,参数一,"{""sqz"": {""bb_length"": 15, ""bb_mult"": 1.5, ""kc_length"": 15, ""kc_mult"": 1.2, ""min_sqz_bars"": 4}, ""r&s"": {""srb_left"": 10, ""srb_right"": 10}, ""atr"": {""atr_length"": 14, ""atr_mult"": 1.0}}",,,DIREXION DAILY BABA BULL 2X,1D,一直亮红,11.89-14.03-6.84-9.83-8.68,高-低-高-低,17.99%-51.25%-43.81%-11.74%,12.0,26.75
2026-10-02 00:00:00,Long,FCCO,32.67,0.62%,30.99,mfa,参数一,"{""mfa"": {""mfa_all"": 8}}",200.0,5.62,FIRST COMMUNITY CORP,1D,,,,,,
2026-10-02 00:00:00,Long,FCCO,32.67,0.62%,30.99,mfa,参数二,"{""mfa"": {""mfa_all"": 8}}",200.0,5.62,FIRST COMMUNITY CORP,1D,,,,,,
2026-10-02 00:00:00,Short,EZRA,2.2,-6.38%,2.57,sqz,参数一,"{""sqz"": {""bb_length"": 15, ""bb_mult"": 1.5, ""kc_length"": 15, ""kc_mult"": 1.2, ""min_sqz_bars"": 4}, ""r&s"": {""srb_left"": 10, ""srb_right"": 10}, ""atr"": {""atr_length"": 14, ""atr_mult"": 1.0}}",,,RELIANCE GLOBAL GROUP INC,1D,支撑释放,6.0-6.32-3.21-1.75-2.58,高-低-低-高,5.33%-49.13%-45.57%-47.43%,17.0,15.89
2026-10-02 00:00:00,Short,SGP,24.92,-5.96%,28.7,utb,参数二,"{""utb"": {""key_value"": 3, ""atr_period"": 14, ""use_ha"": false}, ""r&s"": {""srb_left"": 15, ""srb_right"": 15}, ""atr"": {""atr_length"": 14, ""atr_mult"": 1.0}}",,,SPYGLASS PHARMA INC,1D,,,,,,
2026-10-02 00:00:00,Long,SARK,23.53,-1.34%,22.49,mfa,参数一,"{""mfa"": {""mfa_all"": 11}}",200.0,-17.97,TRADR 1X SHORT INNOV DLY-USD,1D,,,,,,
2026-10-02 00:00:00,Long,SARK,23.53,-1.34%,22.49,mfa,参数二,"{""mfa"": {""mfa_all"": 11}}",200.0,-17.97,TRADR 1X SHORT INNOV DLY-USD,1D,,,,,,
2026-10-02 00:00:00,Long,REFA,22.95,1.01%,22.79,mfa,参数一,"{""mfa"": {""mfa_all"": 8}}",200.0,3.23,COLUMBIA RESEAR ENH INTL EQ,1D,,,,,,
2026-10-02 00:00:00,Long,REFA,22.95,1.01%,22.79,mfa,参数二,"{""mfa"": {""mfa_all"": 8}}",200.0,3.23,COLUMBIA RESEAR ENH INTL EQ,1D,,,,,,
2026-10-02 00:00:00,Long,MYPS,4.95,4.87%,4.42,mfa,参数一,"{""mfa"": {""mfa_all"": 33}}",200.0,-8.65,PLAYSTUDIOS INC,1D,,,,,,
2026-10-02 00:00:00,Long,MYPS,4.95,4.87%,4.42,mfa,参数二,"{""mfa"": {""mfa_all"": 33}}",200.0,-8.65,PLAYSTUDIOS INC,1D,,,,,,
2026-10-02 00:00:00,Long,UVV,42.2,1.25%,40.54,suf,参数一,"{""suf"": {""timeframe"": ""d""}}",200.0,-16.67,UNIVERSAL CORP/VA,1D,,,,,,
2026-10-02 00:00:00,Long,UVV,42.2,1.25%,40.54,suf,参数二,"{""suf"": {""timeframe"": ""d""}}",200.0,-16.67,UNIVERSAL CORP/VA,1D,,,,,,
2026-10-02 00:00:00,Long,OWL,9.08,1.45%,8.55,suf,参数一,"{""suf"": {""timeframe"": ""d""}}",200.0,-14.1,BLUE OWL CAPITAL INC,1D,,,,,,
2026-10-02 00:00:00,Long,OWL,9.08,1.45%,8.55,suf,参数二,"{""suf"": {""timeframe"": ""d""}}",200.0,-14.1,BLUE OWL CAPITAL INC,1D,,,,,,
2026-10-02 00:00:00,Long,OSW,23.62,3.92%,22.18,utb,参数一,"{""utb"": {""key_value"": 2, ""atr_period"": 14, ""use_ha"": false}, ""r&s"": {""srb_left"": 10, ""srb_right"": 10}, ""atr"": {""atr_length"": 14, ""atr_mult"": 1.0}}",,,ONESPAWORLD HOLDINGS LTD,1D,,,,,,
2026-10-02 00:00:00,Long,OPRX,8.57,2.15%,7.88,utb,参数二,"{""utb"": {""key_value"": 3, ""atr_period"": 14, ""use_ha"": false}, ""r&s"": {""srb_left"": 15, ""srb_right"": 15}, ""atr"": {""atr_length"": 14, ""atr_mult"": 1.0}}",,,OPTIMIZERX CORP,1D,,,,,,
2026-10-02 00:00:00,Long,PUMP,9.27,3.00%,8.33,suf,参数一,"{""suf"": {""timeframe"": ""d""}}",200.0,-27.16,PROPETRO HOLDING CORP,1D,,,,,,
2026-10-02 00:00:00,Long,PUMP,9.27,3.00%,8.33,suf,参数二,"{""suf"": {""timeframe"": ""d""}}",200.0,-27.16,PROPETRO HOLDING CORP,1D,,,,,,
2026-10-02 00:00:00,Long,SLM,22.75,0.62%,21.82,suf,参数一,"{""suf"": {""timeframe"": ""d""}}",200.0,-4.9,SLM CORP,1D,,,,,,
2026-10-02 00:00:00,Long,SLM,22.75,0.62%,21.82,suf,参数二,"{""suf"": {""timeframe"": ""d""}}",200.0,-4.9,SLM CORP,1D,,,,,,
2026-10-02 00:00:00,Long,LCII,82.81,0.85%,79.5,suf,参数一,"{""suf"": {""timeframe"": ""d""}}",200.0,-26.85,LCI INDUSTRIES,1D,,,,,,
2026-10-02 00:00:00,Long,LCII,82.81,0.85%,79.5,suf,参数二,"{""suf"": {""timeframe"": ""d""}}",200.0,-26.85,LCI INDUSTRIES,1D,,,,,,
2026-10-02 00:00:00,Long,HDEF,32.18,0.44%,31.75,suf,参数一,"{""suf"": {""timeframe"": ""d""}}",200.0,0.49,XTRACKERS MSCI EAFE HIGH DIV,1D,,,,,,
2026-10-02 00:00:00,Long,HDEF,32.18,0.44%,31.75,suf,参数二,"{""suf"": {""timeframe"": ""d""}}",200.0,0.49,XTRACKERS MSCI EAFE HIGH DIV,1D,,,,,,
2026-10-02 00:00:00,Short,VIVO,3.36,6.67%,3.74,sqz,参数一,"{""sqz"": {""bb_length"": 15, ""bb_mult"": 1.5, ""kc_length"": 15, ""kc_mult"": 1.2, ""min_sqz_bars"": 4}, ""r&s"": {""srb_left"": 10, ""srb_right"": 10}, ""atr"": {""atr_length"": 14, ""atr_mult"": 1.0}}",,,VIVOPOWER PLC-CLASS A,1D,支撑释放,1.2-1.69-1.97-3.16-3.48,高-高-高-高,40.83%-16.57%-60.41%-10.28%,12.0,20.23
2026-10-02 00:00:00,Long,VIVO,3.36,6.67%,2.93,suf,参数一,"{""suf"": {""timeframe"": ""d""}}",200.0,-2.58,VIVOPOWER PLC-CLASS A,1D,,,,,,
2026-10-02 00:00:00,Long,VIVO,3.36,6.67%,2.93,suf,参数二,"{""suf"": {""timeframe"": ""d""}}",200.0,-2.58,VIVOPOWER PLC-CLASS A,1D,,,,,,
2026-10-02 00:00:00,Long,KGC,24.06,0.00%,22.8,mfa,参数一,"{""mfa"": {""mfa_all"": 7}}",200.0,-18.19,KINROSS GOLD CORP,1D,,,,,,
2026-10-02 00:00:00,Long,KGC,24.06,0.00%,22.8,mfa,参数二,"{""mfa"": {""mfa_all"": 7}}",200.0,-18.19,KINROSS GOLD CORP,1D,,,,,,
2026-10-02 00:00:00,Long,SCDS,72.82,1.27%,72.26,utb,参数一,"{""utb"": {""key_value"": 2, ""atr_period"": 14, ""use_ha"": false}, ""r&s"": {""srb_left"": 10, ""srb_right"": 10}, ""atr"": {""atr_length"": 14, ""atr_mult"": 1.0}}",,,JPMORGAN FUNDAMENTAL DTA SSC,1D,,,,,,
2026-10-02 00:00:00,Short,JPND,43.24,-4.72%,44.68,utb,参数二,"{""utb"": {""key_value"": 3, ""atr_period"": 14, ""use_ha"": false}, ""r&s"": {""srb_left"": 15, ""srb_right"": 15}, ""atr"": {""atr_length"": 14, ""atr_mult"": 1.0}}",,,MICROSECT -3X SHRT JAPN ETNS,1D,,,,,,
2026-10-02 00:00:00,Short,INLX,5.05,-1.94%,5.26,utb,参数一,"{""utb"": {""key_value"": 2, ""atr_period"": 14, ""use_ha"": false}, ""r&s"": {""srb_left"": 10, ""srb_right"": 10}, ""atr"": {""atr_length"": 14, ""atr_mult"": 1.0}}",,,INTELLINETICS INC,1D,,,,,,
2026-10-02 00:00:00,Short,ANIK,19.1,-1.34%,20.2,sqz,参数二,"{""sqz"": {""bb_length"": 20, ""bb_mult"": 1.8, ""kc_length"": 20, ""kc_mult"": 1.5, ""min_sqz_bars"": 4}, ""r&s"": {""srb_left"": 15, ""srb_right"": 15}, ""atr"": {""atr_length"": 14, ""atr_mult"": 1.0}}",,,ANIKA THERAPEUTICS INC,1D,支撑释放,9.01-11.92-13.77-14.58-20.13,高-高-高-高,32.30%-15.52%-5.88%-38.07%,23.0,7.6
2026-10-02 00:00:00,Long,IWFG,56.28,0.51%,55.77,sqz,参数一,"{""sqz"": {""bb_length"": 15, ""bb_mult"": 1.5, ""kc_length"": 15, ""kc_mult"": 1.2, ""min_sqz_bars"": 4}, ""r&s"": {""srb_left"": 10, ""srb_right"": 10}, ""atr"": {""atr_length"": 14, ""atr_mult"": 1.0}}",,,NYLIM WINSLOW FOCUSED LARGE,1D,一直亮绿,nan-55.73-55.35-54.58-56.13,低-低-低-高,nan%-0.67%-1.39%-2.84%,33.0,5.88
2026-10-02 00:00:00,Long,IWFG,56.28,0.51%,55.77,sqz,参数二,"{""sqz"": {""bb_length"": 20, ""bb_mult"": 1.8, ""kc_length"": 20, ""kc_mult"": 1.5, ""min_sqz_bars"": 4}, ""r&s"": {""srb_left"": 15, ""srb_right"": 15}, ""atr"": {""atr_length"": 14, ""atr_mult"": 1.0}}",,,NYLIM WINSLOW FOCUSED LARGE,1D,一直亮绿,nan-55.73-56.13,低-高,nan%-0.73%,33.0,5.88
2026-10-02 00:00:00,Long,MFSG,30.92,1.01%,30.46,sqz,参数二,"{""sqz"": {""bb_length"": 20, ""bb_mult"": 1.8, ""kc_length"": 20, ""kc_mult"": 1.5, ""min_sqz_bars"": 4}, ""r&s"": {""srb_left"": 15, ""srb_right"": 15}, ""atr"": {""atr_length"": 14, ""atr_mult"": 1.0}}",,,MFS ACTIVE GROWTH,1D,一直亮绿,nan-28.85-27.89-30.85-30.92,低-低-高-高,nan%-3.33%-10.61%-0.23%,34.0,5.46
2026-10-02 00:00:00,Long,IWLG,58.29,1.07%,57.66,sqz,参数二,"{""sqz"": {""bb_length"": 20, ""bb_mult"": 1.8, ""kc_length"": 20, ""kc_mult"": 1.5, ""min_sqz_bars"": 4}, ""r&s"": {""srb_left"": 15, ""srb_right"": 15}, ""atr"": {""atr_length"": 14, ""atr_mult"": 1.0}}",,,NYLIM WINSLOW LARGE CAP GROW,1D,一直亮绿,nan-58.17-58.1,低-低,nan%-0.12%,33.0,5.93
2026-10-02 00:00:00,Short,FHTX,2.02,-30.82%,3.33,sqz,参数二,"{""sqz"": {""bb_length"": 20, ""bb_mult"": 1.8, ""kc_length"": 20, ""kc_mult"": 1.5, ""min_sqz_bars"": 4}, ""r&s"": {""srb_left"": 15, ""srb_right"": 15}, ""atr"": {""atr_length"": 14, ""atr_mult"": 1.0}}",,,FOGHORN THERAPEUTICS INC,1D,一直释放,nan-5.11-4.35-3.54-4.41,低-低-低-高,nan%-14.87%-18.62%-24.44%,44.0,72.76
2026-10-02 00:00:00,Long,CPSM,29.63,0.07%,29.59,sqz,参数二,"{""sqz"": {""bb_length"": 20, ""bb_mult"": 1.8, ""kc_length"": 20, ""kc_mult"": 1.5, ""min_sqz_bars"": 4}, ""r&s"": {""srb_left"": 15, ""srb_right"": 15}, ""atr"": {""atr_length"": 14, ""atr_mult"": 1.0}}",,,CALAMOS SP500 STR ALT PROMAY,1D,压力释放,nan-29.65-29.63,低-低,nan%-0.07%,72.0,1.68
2026-10-02 00:00:00,Long,ITRI,86.51,0.31%,83.21,suf,参数一,"{""suf"": {""timeframe"": ""d""}}",200.0,-5.75,ITRON INC,1D,,,,,,
2026-10-02 00:00:00,Long,ITRI,86.51,0.31%,83.21,suf,参数二,"{""suf"": {""timeframe"": ""d""}}",200.0,-5.75,ITRON INC,1D,,,,,,
2026-10-02 00:00:00,Long,IBN,27.44,-0.25%,26.77,mfa,参数一,"{""mfa"": {""mfa_all"": 18}}",200.0,-3.61,ICICI BANK LTD-SPON ADR,1D,,,,,,
2026-10-02 00:00:00,Long,IBN,27.44,-0.25%,26.77,mfa,参数二,"{""mfa"": {""mfa_all"": 18}}",200.0,-3.61,ICICI BANK LTD-SPON ADR,1D,,,,,,
2026-10-02 00:00:00,Long,LSAF,53.76,0.39%,53.22,mfa,参数一,"{""mfa"": {""mfa_all"": 8}}",200.0,7.41,LEADERSHARES ALPHAFACTOR US,1D,,,,,,
2026-10-02 00:00:00,Long,LSAF,53.76,0.39%,53.22,mfa,参数二,"{""mfa"": {""mfa_all"": 8}}",200.0,7.41,LEADERSHARES ALPHAFACTOR US,1D,,,,,,
2026-10-02 00:00:00,Long,AOSL,30.24,4.85%,28.17,utb,参数二,"{""utb"": {""key_value"": 3, ""atr_period"": 14, ""use_ha"": false}, ""r&s"": {""srb_left"": 15, ""srb_right"": 15}, ""atr"": {""atr_length"": 14, ""atr_mult"": 1.0}}",,,ALPHA & OMEGA SEMICONDUCTOR,1D,,,,,,
2026-10-02 00:00:00,Long,DWX,45.62,0.37%,45.11,suf,参数一,"{""suf"": {""timeframe"": ""d""}}",200.0,0.02,STATE STREET SPDR S&P INTERN,1D,,,,,,
2026-10-02 00:00:00,Long,DWX,45.62,0.37%,45.11,suf,参数二,"{""suf"": {""timeframe"": ""d""}}",200.0,0.02,STATE STREET SPDR S&P INTERN,1D,,,,,,
2026-10-02 00:00:00,Short,BRTX,2.14,-5.73%,2.64,utb,参数二,"{""utb"": {""key_value"": 3, ""atr_period"": 14, ""use_ha"": false}, ""r&s"": {""srb_left"": 15, ""srb_right"": 15}, ""atr"": {""atr_length"": 14, ""atr_mult"": 1.0}}",,,BIORESTORATIVE THERAPIES INC,1D,,,,,,
2026-10-02 00:00:00,Short,FINV,2.9,-3.97%,3.15,sqz,参数二,"{""sqz"": {""bb_length"": 20, ""bb_mult"": 1.8, ""kc_length"": 20, ""kc_mult"": 1.5, ""min_sqz_bars"": 4}, ""r&s"": {""srb_left"": 15, ""srb_right"": 15}, ""atr"": {""atr_length"": 14, ""atr_mult"": 1.0}}",,,FINVOLUTION GROUP-ADR,1D,一直释放,4.65-4.61-4.24-4.35-4.49,低-低-高-高,1.01%-8.06%-2.68%-3.22%,59.0,13.36
2026-10-02 00:00:00,Long,D,61.31,0.91%,59.94,suf,参数一,"{""suf"": {""timeframe"": ""d""}}",200.0,-3.11,DOMINION ENERGY INC,1D,,,,,,
2026-10-02 00:00:00,Long,D,61.31,0.91%,59.94,suf,参数二,"{""suf"": {""timeframe"": ""d""}}",200.0,-3.11,DOMINION ENERGY INC,1D,,,,,,
2026-10-02 00:00:00,Long,FDLS,42.14,1.08%,41.64,utb,参数一,"{""utb"": {""key_value"": 2, ""atr_period"": 14, ""use_ha"": false}, ""r&s"": {""srb_left"": 10, ""srb_right"": 10}, ""atr"": {""atr_length"": 14, ""atr_mult"": 1.0}}",,,INSPIRE FIDELIS MULTI FACTOR,1D,,,,,,
2026-10-02 00:00:00,Long,XFLH,10.08,0.20%,10.06,sqz,参数二,"{""sqz"": {""bb_length"": 20, ""bb_mult"": 1.8, ""kc_length"": 20, ""kc_mult"": 1.5, ""min_sqz_bars"": 4}, ""r&s"": {""srb_left"": 15, ""srb_right"": 15}, ""atr"": {""atr_length"": 14, ""atr_mult"": 1.0}}",,,XFLH CAPITAL CORP,1D,一直亮绿,nan-10.23-10.04-10.07,低-低-高,nan%-1.86%-0.30%,21.0,1.1
2026-10-02 00:00:00,Long,LGDS,51.17,1.11%,50.46,sqz,参数二,"{""sqz"": {""bb_length"": 20, ""bb_mult"": 1.8, ""kc_length"": 20, ""kc_mult"": 1.5, ""min_sqz_bars"": 4}, ""r&s"": {""srb_left"": 15, ""srb_right"": 15}, ""atr"": {""atr_length"": 14, ""atr_mult"": 1.0}}",,,JPMORGAN FNDM DATA SCI L GRW,1D,一直亮绿,nan-50.69,低,nan%,41.0,4.95
2026-10-02 00:00:00,Long,USIO,2.93,3.90%,2.59,utb,参数二,"{""utb"": {""key_value"": 3, ""atr_period"": 14, ""use_ha"": false}, ""r&s"": {""srb_left"": 15, ""srb_right"": 15}, ""atr"": {""atr_length"": 14, ""atr_mult"": 1.0}}",,,USIO INC,1D,,,,,,
2026-10-02 00:00:00,Short,SABR,1.97,-1.01%,2.15,sqz,参数一,"{""sqz"": {""bb_length"": 15, ""bb_mult"": 1.5, ""kc_length"": 15, ""kc_mult"": 1.2, ""min_sqz_bars"": 4}, ""r&s"": {""srb_left"": 10, ""srb_right"": 10}, ""atr"": {""atr_length"": 14, ""atr_mult"": 1.0}}",,,SABRE CORP,1D,支撑释放,1.3-1.49-1.58-1.64-1.99,高-高-高-高,14.23%-6.06%-4.13%-21.34%,22.0,25.63
2026-10-02 00:00:00,Long,HAFN,10.25,1.79%,9.51,sqz,参数二,"{""sqz"": {""bb_length"": 20, ""bb_mult"": 1.8, ""kc_length"": 20, ""kc_mult"": 1.5, ""min_sqz_bars"": 4}, ""r&s"": {""srb_left"": 15, ""srb_right"": 15}, ""atr"": {""atr_length"": 14, ""atr_mult"": 1.0}}",,,HAFNIA LTD,1D,一直释放,nan-8.68,低,nan%,104.0,41.27
2026-10-02 00:00:00,Long,TSEC,25.12,0.14%,24.98,suf,参数一,"{""suf"": {""timeframe"": ""d""}}",200.0,-0.48,TOUCHSTONE SECURITIZED INC,1D,,,,,,
2026-10-02 00:00:00,Long,TSEC,25.12,0.14%,24.98,suf,参数二,"{""suf"": {""timeframe"": ""d""}}",200.0,-0.48,TOUCHSTONE SECURITIZED INC,1D,,,,,,
2026-10-02 00:00:00,Long,IPGP,84.05,0.47%,80.54,sqz,参数一,"{""sqz"": {""bb_length"": 15, ""bb_mult"": 1.5, ""kc_length"": 15, ""kc_mult"": 1.2, ""min_sqz_bars"": 4}, ""r&s"": {""srb_left"": 10, ""srb_right"": 10}, ""atr"": {""atr_length"": 14, ""atr_mult"": 1.0}}",,,IPG PHOTONICS CORP,1D,压力释放,155.82-131.2-130.01-135.0-81.82,低-低-高-低,15.80%-0.91%-3.84%-39.39%,15.0,9.81
2026-10-02 00:00:00,Long,HLIO,71.71,4.09%,67.17,utb,参数一,"{""utb"": {""key_value"": 2, ""atr_period"": 14, ""use_ha"": false}, ""r&s"": {""srb_left"": 10, ""srb_right"": 10}, ""atr"": {""atr_length"": 14, ""atr_mult"": 1.0}}",,,HELIOS TECHNOLOGIES INC,1D,,,,,,
2026-10-02 00:00:00,Long,JEF,45.97,1.59%,43.78,suf,参数一,"{""suf"": {""timeframe"": ""d""}}",200.0,-11.63,JEFFERIES FINANCIAL GROUP IN,1D,,,,,,
2026-10-02 00:00:00,Long,JEF,45.97,1.59%,43.78,suf,参数二,"{""suf"": {""timeframe"": ""d""}}",200.0,-11.63,JEFFERIES FINANCIAL GROUP IN,1D,,,,,,
2026-10-02 00:00:00,Long,YLDE,54.47,0.59%,53.84,suf,参数一,"{""suf"": {""timeframe"": ""d""}}",200.0,0.86,FRANKLIN CLEARBRIDGE ENHANCE,1D,,,,,,
2026-10-02 00:00:00,Long,YLDE,54.47,0.59%,53.84,suf,参数二,"{""suf"": {""timeframe"": ""d""}}",200.0,0.86,FRANKLIN CLEARBRIDGE ENHANCE,1D,,,,,,
2026-10-02 00:00:00,Long,SPXC,173.09,1.99%,165.69,suf,参数一,"{""suf"": {""timeframe"": ""d""}}",200.0,-18.14,SPX TECHNOLOGIES INC,1D,,,,,,
2026-10-02 00:00:00,Long,SPXC,173.09,1.99%,165.69,suf,参数二,"{""suf"": {""timeframe"": ""d""}}",200.0,-18.14,SPX TECHNOLOGIES INC,1D,,,,,,
2026-10-02 00:00:00,Long,EUDV,51.78,1.19%,51.4,suf,参数一,"{""suf"": {""timeframe"": ""d""}}",200.0,-1.72,PROSHARES MSCI EUROPE DIVIDE,1D,,,,,,
2026-10-02 00:00:00,Long,EUDV,51.78,1.19%,51.4,suf,参数二,"{""suf"": {""timeframe"": ""d""}}",200.0,-1.72,PROSHARES MSCI EUROPE DIVIDE,1D,,,,,,
2026-10-02 00:00:00,Long,CHEF,116.42,3.43%,110.25,utb,参数一,"{""utb"": {""key_value"": 2, ""atr_period"": 14, ""use_ha"": false}, ""r&s"": {""srb_left"": 10, ""srb_right"": 10}, ""atr"": {""atr_length"": 14, ""atr_mult"": 1.0}}",,,CHEFS' WAREHOUSE INC/THE,1D,,,,,,
2026-10-02 00:00:00,Long,SUSB,24.34,-0.10%,24.28,mfa,参数一,"{""mfa"": {""mfa_all"": 17}}",200.0,-0.67,ISHARES ESG AWARE 1-5 YEAR U,1D,,,,,,
2026-10-02 00:00:00,Long,SUSB,24.34,-0.10%,24.28,mfa,参数二,"{""mfa"": {""mfa_all"": 17}}",200.0,-0.67,ISHARES ESG AWARE 1-5 YEAR U,1D,,,,,,
2026-10-02 00:00:00,Short,LTGR,9.96,-0.30%,9.97,utb,参数一,"{""utb"": {""key_value"": 2, ""atr_period"": 14, ""use_ha"": false}, ""r&s"": {""srb_left"": 10, ""srb_right"": 10}, ""atr"": {""atr_length"": 14, ""atr_mult"": 1.0}}",,,LONG TABLE GROWTH CORP-A,1D,,,,,,
2026-10-02 00:00:00,Long,NNBR,4.51,24.24%,3.37,sqz,参数一,"{""sqz"": {""bb_length"": 15, ""bb_mult"": 1.5, ""kc_length"": 15, ""kc_mult"": 1.2, ""min_sqz_bars"": 4}, ""r&s"": {""srb_left"": 10, ""srb_right"": 10}, ""atr"": {""atr_length"": 14, ""atr_mult"": 1.0}}",,,NN INC,1D,一直亮绿,1.91-2.99-3.24-4.44-4.48,高-高-高-高,56.54%-8.36%-37.04%-0.90%,40.0,40.44
2026-10-02 00:00:00,Long,TRFK,103.39,1.27%,100.57,sqz,参数一,"{""sqz"": {""bb_length"": 15, ""bb_mult"": 1.5, ""kc_length"": 15, ""kc_mult"": 1.2, ""min_sqz_bars"": 4}, ""r&s"": {""srb_left"": 10, ""srb_right"": 10}, ""atr"": {""atr_length"": 14, ""atr_mult"": 1.0}}",,,PACER DATA AND DIGITAL REV,1D,一直亮绿,67.65-65.27-115.56-111.87-102.43,低-高-低-低,3.52%-77.05%-3.19%-8.44%,35.0,13.96
2026-10-02 00:00:00,Long,GMM,1.81,2.84%,1.55,suf,参数一,"{""suf"": {""timeframe"": ""d""}}",200.0,-95.04,GLOBAL MOFY AI LTD-A,1D,,,,,,
2026-10-02 00:00:00,Long,GMM,1.81,2.84%,1.55,suf,参数二,"{""suf"": {""timeframe"": ""d""}}",200.0,-95.04,GLOBAL MOFY AI LTD-A,1D,,,,,,
2026-10-02 00:00:00,Long,XOS,3.3,4.76%,2.78,utb,参数二,"{""utb"": {""key_value"": 3, ""atr_period"": 14, ""use_ha"": false}, ""r&s"": {""srb_left"": 15, ""srb_right"": 15}, ""atr"": {""atr_length"": 14, ""atr_mult"": 1.0}}",,,XOS INC,1D,,,,,,
2026-10-02 00:00:00,Long,AOMR,7.32,0.69%,6.98,suf,参数一,"{""suf"": {""timeframe"": ""d""}}",200.0,-9.62,ANGEL OAK MORTGAGE REIT INC,1D,,,,,,
2026-10-02 00:00:00,Long,AOMR,7.32,0.69%,6.98,suf,参数二,"{""suf"": {""timeframe"": ""d""}}",200.0,-9.62,ANGEL OAK MORTGAGE REIT INC,1D,,,,,,
2026-10-02 00:00:00,Long,MDRR,10.41,1.27%,9.69,mfa,参数一,"{""mfa"": {""mfa_all"": 9}}",200.0,-9.67,MEDALIST DIVERSIFIED INC,1D,,,,,,
2026-10-02 00:00:00,Long,MDRR,10.41,1.27%,9.69,mfa,参数二,"{""mfa"": {""mfa_all"": 9}}",200.0,-9.67,MEDALIST DIVERSIFIED INC,1D,,,,,,
2026-10-02 00:00:00,Long,SNPD,28.74,0.39%,28.56,suf,参数一,"{""suf"": {""timeframe"": ""d""}}",200.0,0.02,XTRACKERS S&P DIVIDEND ARIST,1D,,,,,,
2026-10-02 00:00:00,Long,SNPD,28.74,0.39%,28.56,suf,参数二,"{""suf"": {""timeframe"": ""d""}}",200.0,0.02,XTRACKERS S&P DIVIDEND ARIST,1D,,,,,,
2026-10-02 00:00:00,Long,HIMX,15.24,5.47%,14.13,sqz,参数一,"{""sqz"": {""bb_length"": 15, ""bb_mult"": 1.5, ""kc_length"": 15, ""kc_mult"": 1.2, ""min_sqz_bars"": 4}, ""r&s"": {""srb_left"": 10, ""srb_right"": 10}, ""atr"": {""atr_length"": 14, ""atr_mult"": 1.0}}",,,HIMAX TECHNOLOGIES INC-ADR,1D,压力释放,8.88-11.79-24.66-15.75-14.92,高-高-低-低,32.74%-109.08%-36.12%-5.27%,15.0,16.29
2026-10-02 00:00:00,Short,FG,21.92,-0.27%,23.19,sqz,参数二,"{""sqz"": {""bb_length"": 20, ""bb_mult"": 1.8, ""kc_length"": 20, ""kc_mult"": 1.5, ""min_sqz_bars"": 4}, ""r&s"": {""srb_left"": 15, ""srb_right"": 15}, ""atr"": {""atr_length"": 14, ""atr_mult"": 1.0}}",,,F&G ANNUITIES & LIFE INC,1D,一直亮红,nan-25.65-19.95-25.18-21.94,低-低-高-低,nan%-22.23%-26.22%-12.85%,30.0,14.35
2026-10-02 00:00:00,Short,CCAP,9.02,-1.64%,9.48,sqz,参数一,"{""sqz"": {""bb_length"": 15, ""bb_mult"": 1.5, ""kc_length"": 15, ""kc_mult"": 1.2, ""min_sqz_bars"": 4}, ""r&s"": {""srb_left"": 10, ""srb_right"": 10}, ""atr"": {""atr_length"": 14, ""atr_mult"": 1.0}}",,,CRESCENT CAPITAL BDC INC,1D,一直释放,10.97-10.16-10.26-10.19-10.23,低-高-低-高,7.46%-1.04%-0.68%-0.39%,50.0,12.41
2026-10-02 00:00:00,Long,HLNE,87.04,-1.73%,83.11,mfa,参数一,"{""mfa"": {""mfa_all"": 12}}",200.0,-14.47,HAMILTON LANE INC-CLASS A,1D,,,,,,
2026-10-02 00:00:00,Long,HLNE,87.04,-1.73%,83.11,mfa,参数二,"{""mfa"": {""mfa_all"": 12}}",200.0,-14.47,HAMILTON LANE INC-CLASS A,1D,,,,,,
2026-10-02 00:00:00,Long,ELDN,2.49,2.26%,2.26,suf,参数一,"{""suf"": {""timeframe"": ""d""}}",200.0,-17.88,ELEDON PHARMACEUTICALS INC,1D,,,,,,
2026-10-02 00:00:00,Long,ELDN,2.49,2.26%,2.26,suf,参数二,"{""suf"": {""timeframe"": ""d""}}",200.0,-17.88,ELEDON PHARMACEUTICALS INC,1D,,,,,,
2026-10-02 00:00:00,Long,FIG,21.36,-0.97%,19.76,mfa,参数一,"{""mfa"": {""mfa_all"": 17}}",200.0,-13.02,FIGMA INC-CL A,1D,,,,,,
2026-10-02 00:00:00,Long,FIG,21.36,-0.97%,19.76,mfa,参数二,"{""mfa"": {""mfa_all"": 17}}",200.0,-13.02,FIGMA INC-CL A,1D,,,,,,
2026-10-02 00:00:00,Long,HDL,11.31,5.88%,11.06,suf,参数一,"{""suf"": {""timeframe"": ""d""}}",200.0,-21.19,SUPER HI INTERNATIONAL HOLDI,1D,,,,,,
2026-10-02 00:00:00,Long,HDL,11.31,5.88%,11.06,suf,参数二,"{""suf"": {""timeframe"": ""d""}}",200.0,-21.19,SUPER HI INTERNATIONAL HOLDI,1D,,,,,,
2026-10-02 00:00:00,Long,IYLD,21.62,0.32%,21.48,suf,参数一,"{""suf"": {""timeframe"": ""d""}}",200.0,-0.01,ISHARES MORNINGSTAR MULTI-AS,1D,,,,,,
2026-10-02 00:00:00,Long,IYLD,21.62,0.32%,21.48,suf,参数二,"{""suf"": {""timeframe"": ""d""}}",200.0,-0.01,ISHARES MORNINGSTAR MULTI-AS,1D,,,,,,
2026-10-02 00:00:00,Long,IVOG,139.37,0.82%,137.73,utb,参数一,"{""utb"": {""key_value"": 2, ""atr_period"": 14, ""use_ha"": false}, ""r&s"": {""srb_left"": 10, ""srb_right"": 10}, ""atr"": {""atr_length"": 14, ""atr_mult"": 1.0}}",,,VANGUARD S&P MID-CAP 400 GRO,1D,,,,,,
2026-10-02 00:00:00,Long,FXA,68.86,0.36%,68.42,suf,参数一,"{""suf"": {""timeframe"": ""d""}}",200.0,-0.35,INVESCO CURRENCYSHARES AUSTR,1D,,,,,,
2026-10-02 00:00:00,Long,FXA,68.86,0.36%,68.42,suf,参数二,"{""suf"": {""timeframe"": ""d""}}",200.0,-0.35,INVESCO CURRENCYSHARES AUSTR,1D,,,,,,
2026-10-02 00:00:00,Short,HUMA,0.52,3.78%,0.57,sqz,参数一,"{""sqz"": {""bb_length"": 15, ""bb_mult"": 1.5, ""kc_length"": 15, ""kc_mult"": 1.2, ""min_sqz_bars"": 4}, ""r&s"": {""srb_left"": 10, ""srb_right"": 10}, ""atr"": {""atr_length"": 14, ""atr_mult"": 1.0}}",,,HUMACYTE INC,1D,支撑释放,0.55-0.82-0.61-0.62-0.53,高-低-高-低,49.91%-25.61%-0.82%-14.47%,34.0,42.59
2026-10-02 00:00:00,Short,HROW,30.48,-0.42%,32.38,sqz,参数一,"{""sqz"": {""bb_length"": 15, ""bb_mult"": 1.5, ""kc_length"": 15, ""kc_mult"": 1.2, ""min_sqz_bars"": 4}, ""r&s"": {""srb_left"": 10, ""srb_right"": 10}, ""atr"": {""atr_length"": 14, ""atr_mult"": 1.0}}",,,HARROW INC,1D,一直释放,nan-40.61-33.03-28.54-36.25,低-低-低-高,nan%-18.67%-13.59%-27.01%,47.0,18.62
2026-10-02 00:00:00,Long,PLD,128.91,0.57%,125.93,suf,参数一,"{""suf"": {""timeframe"": ""d""}}",200.0,-5.2,PROLOGIS INC,1D,,,,,,
2026-10-02 00:00:00,Long,PLD,128.91,0.57%,125.93,suf,参数二,"{""suf"": {""timeframe"": ""d""}}",200.0,-5.2,PROLOGIS INC,1D,,,,,,
2026-10-02 00:00:00,Long,HBNC,19.48,2.96%,18.91,utb,参数一,"{""utb"": {""key_value"": 2, ""atr_period"": 14, ""use_ha"": false}, ""r&s"": {""srb_left"": 10, ""srb_right"": 10}, ""atr"": {""atr_length"": 14, ""atr_mult"": 1.0}}",,,HORIZON BANCORP INC/IN,1D,,,,,,
2026-10-02 00:00:00,Long,XPAV,21.49,3.17%,21.13,utb,参数一,"{""utb"": {""key_value"": 2, ""atr_period"": 14, ""use_ha"": false}, ""r&s"": {""srb_left"": 10, ""srb_right"": 10}, ""atr"": {""atr_length"": 14, ""atr_mult"": 1.0}}",,,CORGI US MANUFACTUR 2X DLY,1D,,,,,,
2026-10-02 00:00:00,Long,XPAV,21.49,3.17%,21.13,utb,参数二,"{""utb"": {""key_value"": 3, ""atr_period"": 14, ""use_ha"": false}, ""r&s"": {""srb_left"": 15, ""srb_right"": 15}, ""atr"": {""atr_length"": 14, ""atr_mult"": 1.0}}",,,CORGI US MANUFACTUR 2X DLY,1D,,,,,,
2026-10-02 00:00:00,Long,BTLN,5.2,7.44%,3.87,mfa,参数一,"{""mfa"": {""mfa_all"": 12}}",200.0,505.07,BRIGHTLINE INTERACTIVE INC,1D,,,,,,
2026-10-02 00:00:00,Long,BTLN,5.2,7.44%,3.87,mfa,参数二,"{""mfa"": {""mfa_all"": 12}}",200.0,505.07,BRIGHTLINE INTERACTIVE INC,1D,,,,,,
2026-10-02 00:00:00,Short,BNGO,1.48,-5.73%,1.76,utb,参数一,"{""utb"": {""key_value"": 2, ""atr_period"": 14, ""use_ha"": false}, ""r&s"": {""srb_left"": 10, ""srb_right"": 10}, ""atr"": {""atr_length"": 14, ""atr_mult"": 1.0}}",,,BIONANO GENOMICS INC,1D,,,,,,
2026-10-02 00:00:00,Long,ZBIO,28.3,1.27%,25.88,mfa,参数一,"{""mfa"": {""mfa_all"": 7}}",200.0,11.94,ZENAS BIOPHARMA INC,1D,,,,,,
2026-10-02 00:00:00,Long,ZBIO,28.3,1.27%,25.88,mfa,参数二,"{""mfa"": {""mfa_all"": 7}}",200.0,11.94,ZENAS BIOPHARMA INC,1D,,,,,,
2026-10-02 00:00:00,Long,OASC,34.67,1.23%,34.32,utb,参数一,"{""utb"": {""key_value"": 2, ""atr_period"": 14, ""use_ha"": false}, ""r&s"": {""srb_left"": 10, ""srb_right"": 10}, ""atr"": {""atr_length"": 14, ""atr_mult"": 1.0}}",,,ONEASCENT ENHANCED SMALL AND,1D,,,,,,
2026-10-02 00:00:00,Long,MIDU,62.72,2.77%,60.49,utb,参数一,"{""utb"": {""key_value"": 2, ""atr_period"": 14, ""use_ha"": false}, ""r&s"": {""srb_left"": 10, ""srb_right"": 10}, ""atr"": {""atr_length"": 14, ""atr_mult"": 1.0}}",,,DIRXN DLY MID CAP BL 3XE-USI,1D,,,,,,
2026-10-02 00:00:00,Long,XLFI,22.67,0.30%,22.3,suf,参数一,"{""suf"": {""timeframe"": ""d""}}",200.0,0.36,SS FINANCIAL SS SPDR PRM INC,1D,,,,,,
2026-10-02 00:00:00,Long,XLFI,22.67,0.30%,22.3,suf,参数二,"{""suf"": {""timeframe"": ""d""}}",200.0,0.36,SS FINANCIAL SS SPDR PRM INC,1D,,,,,,
2026-10-02 00:00:00,Long,AMN,36.63,2.15%,35.01,utb,参数一,"{""utb"": {""key_value"": 2, ""atr_period"": 14, ""use_ha"": false}, ""r&s"": {""srb_left"": 10, ""srb_right"": 10}, ""atr"": {""atr_length"": 14, ""atr_mult"": 1.0}}",,,AMN HEALTHCARE SERVICES INC,1D,,,,,,
2026-10-02 00:00:00,Long,MS,190.31,1.22%,183.77,suf,参数一,"{""suf"": {""timeframe"": ""d""}}",200.0,-1.14,MORGAN STANLEY,1D,,,,,,
2026-10-02 00:00:00,Long,MS,190.31,1.22%,183.77,suf,参数二,"{""suf"": {""timeframe"": ""d""}}",200.0,-1.14,MORGAN STANLEY,1D,,,,,,
2026-10-02 00:00:00,Long,MIDD,104.57,1.83%,100.34,suf,参数一,"{""suf"": {""timeframe"": ""d""}}",200.0,-13.89,MIDDLEBY CORP,1D,,,,,,
2026-10-02 00:00:00,Long,MIDD,104.57,1.83%,100.34,suf,参数二,"{""suf"": {""timeframe"": ""d""}}",200.0,-13.89,MIDDLEBY CORP,1D,,,,,,
2026-10-02 00:00:00,Long,OLP,22.03,0.18%,21.53,suf,参数一,"{""suf"": {""timeframe"": ""d""}}",200.0,-0.76,ONE LIBERTY PROPERTIES INC,1D,,,,,,
2026-10-02 00:00:00,Long,OLP,22.03,0.18%,21.53,suf,参数二,"{""suf"": {""timeframe"": ""d""}}",200.0,-0.76,ONE LIBERTY PROPERTIES INC,1D,,,,,,
2026-10-02 00:00:00,Long,MATW,19.29,3.82%,17.86,suf,参数一,"{""suf"": {""timeframe"": ""d""}}",200.0,-23.23,MATTHEWS INTL CORP-CLASS A,1D,,,,,,
2026-10-02 00:00:00,Long,MATW,19.29,3.82%,17.86,suf,参数二,"{""suf"": {""timeframe"": ""d""}}",200.0,-23.23,MATTHEWS INTL CORP-CLASS A,1D,,,,,,
2026-10-02 00:00:00,Long,CTEV,23.72,11.31%,19.04,suf,参数一,"{""suf"": {""timeframe"": ""d""}}",200.0,-12.2,CLARITEV CORP,1D,,,,,,
2026-10-02 00:00:00,Long,CTEV,23.72,11.31%,19.04,suf,参数二,"{""suf"": {""timeframe"": ""d""}}",200.0,-12.2,CLARITEV CORP,1D,,,,,,
2026-10-02 00:00:00,Long,RSI,20.01,0.30%,18.74,mfa,参数一,"{""mfa"": {""mfa_all"": 11}}",200.0,-16.63,RUSH STREET INTERACTIVE INC,1D,,,,,,
2026-10-02 00:00:00,Long,RSI,20.01,0.30%,18.74,mfa,参数二,"{""mfa"": {""mfa_all"": 11}}",200.0,-16.63,RUSH STREET INTERACTIVE INC,1D,,,,,,
2026-10-02 00:00:00,Long,VSHY,21.21,0.25%,21.13,suf,参数一,"{""suf"": {""timeframe"": ""d""}}",200.0,0.07,VIRTUS NWFLT SHRT DUR HI YLD,1D,,,,,,
2026-10-02 00:00:00,Long,VSHY,21.21,0.25%,21.13,suf,参数二,"{""suf"": {""timeframe"": ""d""}}",200.0,0.07,VIRTUS NWFLT SHRT DUR HI YLD,1D,,,,,,
2026-10-02 00:00:00,Long,FSEP,57.45,0.45%,57.06,sqz,参数一,"{""sqz"": {""bb_length"": 15, ""bb_mult"": 1.5, ""kc_length"": 15, ""kc_mult"": 1.2, ""min_sqz_bars"": 4}, ""r&s"": {""srb_left"": 10, ""srb_right"": 10}, ""atr"": {""atr_length"": 14, ""atr_mult"": 1.0}}",,,FT VEST U.S. EQUITY BUFFER E,1D,一直释放,52.5-52.41-52.34-55.11-55.58,低-低-高-高,0.17%-0.13%-5.29%-0.86%,55.0,1.54
2026-10-02 00:00:00,Long,RSPM,37.21,0.40%,36.7,suf,参数一,"{""suf"": {""timeframe"": ""d""}}",200.0,-2.9,INVESCO S&P 500 EQUAL WEIGHT,1D,,,,,,
2026-10-02 00:00:00,Long,RSPM,37.21,0.40%,36.7,suf,参数二,"{""suf"": {""timeframe"": ""d""}}",200.0,-2.9,INVESCO S&P 500 EQUAL WEIGHT,1D,,,,,,
2026-10-02 00:00:00,Long,NXPI,243.66,1.87%,235.28,utb,参数二,"{""utb"": {""key_value"": 3, ""atr_period"": 14, ""use_ha"": false}, ""r&s"": {""srb_left"": 15, ""srb_right"": 15}, ""atr"": {""atr_length"": 14, ""atr_mult"": 1.0}}",,,NXP SEMICONDUCTORS NV,1D,,,,,,
2026-10-02 00:00:00,Long,OPTX,9.14,12.70%,7.51,utb,参数二,"{""utb"": {""key_value"": 3, ""atr_period"": 14, ""use_ha"": false}, ""r&s"": {""srb_left"": 15, ""srb_right"": 15}, ""atr"": {""atr_length"": 14, ""atr_mult"": 1.0}}",,,SYNTEC OPTICS HOLDINGS INC,1D,,,,,,
2026-10-02 00:00:00,Long,PNW,95.92,1.36%,93.47,utb,参数二,"{""utb"": {""key_value"": 3, ""atr_period"": 14, ""use_ha"": false}, ""r&s"": {""srb_left"": 15, ""srb_right"": 15}, ""atr"": {""atr_length"": 14, ""atr_mult"": 1.0}}",,,PINNACLE WEST CAPITAL,1D,,,,,,
2026-10-02 00:00:00,Long,ASYS,18.01,4.41%,16.83,sqz,参数一,"{""sqz"": {""bb_length"": 15, ""bb_mult"": 1.5, ""kc_length"": 15, ""kc_mult"": 1.2, ""min_sqz_bars"": 4}, ""r&s"": {""srb_left"": 10, ""srb_right"": 10}, ""atr"": {""atr_length"": 14, ""atr_mult"": 1.0}}",,,AMTECH SYSTEMS INC,1D,一直亮绿,18.59-14.45-23.9-25.71-17.8,低-高-高-低,22.27%-65.40%-7.57%-30.77%,33.0,33.43
2026-10-02 00:00:00,Long,ASYS,18.01,4.41%,16.83,sqz,参数二,"{""sqz"": {""bb_length"": 20, ""bb_mult"": 1.8, ""kc_length"": 20, ""kc_mult"": 1.5, ""min_sqz_bars"": 4}, ""r&s"": {""srb_left"": 15, ""srb_right"": 15}, ""atr"": {""atr_length"": 14, ""atr_mult"": 1.0}}",,,AMTECH SYSTEMS INC,1D,一直亮绿,nan-18.59-14.45-25.71-17.8,低-低-高-低,nan%-22.27%-77.92%-30.77%,33.0,33.43
2026-10-02 00:00:00,Long,TIPT,17.35,0.29%,16.92,mfa,参数一,"{""mfa"": {""mfa_all"": 11}}",200.0,-0.24,TIPTREE INC,1D,,,,,,
2026-10-02 00:00:00,Long,TIPT,17.35,0.29%,16.92,mfa,参数二,"{""mfa"": {""mfa_all"": 11}}",200.0,-0.24,TIPTREE INC,1D,,,,,,
2026-10-02 00:00:00,Long,ASMH,13.0,3.01%,12.56,sqz,参数二,"{""sqz"": {""bb_length"": 20, ""bb_mult"": 1.8, ""kc_length"": 20, ""kc_mult"": 1.5, ""min_sqz_bars"": 4}, ""r&s"": {""srb_left"": 15, ""srb_right"": 15}, ""atr"": {""atr_length"": 14, ""atr_mult"": 1.0}}",,,ASML HOLDING NV ADRHEDGED,1D,一直亮绿,9.83-10.11-10.03-13.62-12.83,高-低-高-低,2.90%-0.84%-35.86%-5.82%,33.0,19.48
2026-10-02 00:00:00,Long,ADBG,3.65,-3.05%,3.32,mfa,参数一,"{""mfa"": {""mfa_all"": 16}}",200.0,-29.67,LEVERAGE SHARES 2X ADBE,1D,,,,,,
2026-10-02 00:00:00,Long,ADBG,3.65,-3.05%,3.32,mfa,参数二,"{""mfa"": {""mfa_all"": 16}}",200.0,-29.67,LEVERAGE SHARES 2X ADBE,1D,,,,,,
2026-10-02 00:00:00,Long,SCMY,25.09,0.56%,24.99,mfa,参数一,"{""mfa"": {""mfa_all"": 14}}",200.0,,CORGI US S/C 15% STR BUF-MAY,1D,,,,,,
2026-10-02 00:00:00,Long,SCMY,25.09,0.56%,24.99,mfa,参数二,"{""mfa"": {""mfa_all"": 14}}",200.0,,CORGI US S/C 15% STR BUF-MAY,1D,,,,,,
2026-10-02 00:00:00,Long,SEIM,54.88,1.05%,54.13,utb,参数二,"{""utb"": {""key_value"": 3, ""atr_period"": 14, ""use_ha"": false}, ""r&s"": {""srb_left"": 15, ""srb_right"": 15}, ""atr"": {""atr_length"": 14, ""atr_mult"": 1.0}}",,,SEI QIM US LARGE CAP MOMENTU,1D,,,,,,
2026-10-02 00:00:00,Long,JPME,120.47,0.78%,119.28,suf,参数一,"{""suf"": {""timeframe"": ""d""}}",200.0,1.29,JPM DIVER RET US MC EQUITY,1D,,,,,,
2026-10-02 00:00:00,Long,JPME,120.47,0.78%,119.28,suf,参数二,"{""suf"": {""timeframe"": ""d""}}",200.0,1.29,JPM DIVER RET US MC EQUITY,1D,,,,,,
2026-10-02 00:00:00,Long,TCHP,52.11,1.30%,51.23,sqz,参数二,"{""sqz"": {""bb_length"": 20, ""bb_mult"": 1.8, ""kc_length"": 20, ""kc_mult"": 1.5, ""min_sqz_bars"": 4}, ""r&s"": {""srb_left"": 15, ""srb_right"": 15}, ""atr"": {""atr_length"": 14, ""atr_mult"": 1.0}}",,,T ROWE PRICE BLUE CHIP GROWT,1D,一直亮绿,nan-50.73-53.26-51.98,低-高-低,nan%-4.99%-2.40%,35.0,5.84
2026-10-02 00:00:00,Long,RYZ,25.57,4.32%,23.99,utb,参数一,"{""utb"": {""key_value"": 2, ""atr_period"": 14, ""use_ha"": false}, ""r&s"": {""srb_left"": 10, ""srb_right"": 10}, ""atr"": {""atr_length"": 14, ""atr_mult"": 1.0}}",,,RYERSON HOLDING CORP,1D,,,,,,
2026-10-02 00:00:00,Long,ARAY,0.28,3.70%,0.23,mfa,参数一,"{""mfa"": {""mfa_all"": 14}}",200.0,-36.14,ACCURAY INC,1D,,,,,,
2026-10-02 00:00:00,Long,ARAY,0.28,3.70%,0.23,mfa,参数二,"{""mfa"": {""mfa_all"": 14}}",200.0,-36.14,ACCURAY INC,1D,,,,,,
2026-10-02 00:00:00,Long,DOUG,1.55,1.97%,1.47,suf,参数一,"{""suf"": {""timeframe"": ""d""}}",200.0,-22.01,DOUGLAS ELLIMAN INC,1D,,,,,,
2026-10-02 00:00:00,Long,DOUG,1.55,1.97%,1.47,suf,参数二,"{""suf"": {""timeframe"": ""d""}}",200.0,-22.01,DOUGLAS ELLIMAN INC,1D,,,,,,
2026-10-02 00:00:00,Long,MBX,58.51,3.47%,53.43,mfa,参数一,"{""mfa"": {""mfa_all"": 16}}",200.0,34.51,MBX BIOSCIENCES INC,1D,,,,,,
2026-10-02 00:00:00,Long,MBX,58.51,3.47%,53.43,mfa,参数二,"{""mfa"": {""mfa_all"": 16}}",200.0,34.51,MBX BIOSCIENCES INC,1D,,,,,,
2026-10-02 00:00:00,Long,FXNC,30.06,1.45%,28.81,mfa,参数一,"{""mfa"": {""mfa_all"": 8}}",200.0,6.93,FIRST NATIONAL CORP/VA,1D,,,,,,
2026-10-02 00:00:00,Long,FXNC,30.06,1.45%,28.81,mfa,参数二,"{""mfa"": {""mfa_all"": 8}}",200.0,6.93,FIRST NATIONAL CORP/VA,1D,,,,,,
2026-10-02 00:00:00,Long,AIR,102.51,2.61%,93.38,suf,参数一,"{""suf"": {""timeframe"": ""d""}}",200.0,-12.64,AAR CORP,1D,,,,,,
2026-10-02 00:00:00,Long,AIR,102.51,2.61%,93.38,suf,参数二,"{""suf"": {""timeframe"": ""d""}}",200.0,-12.64,AAR CORP,1D,,,,,,
2026-10-02 00:00:00,Long,ALGM,39.53,8.66%,36.31,utb,参数一,"{""utb"": {""key_value"": 2, ""atr_period"": 14, ""use_ha"": false}, ""r&s"": {""srb_left"": 10, ""srb_right"": 10}, ""atr"": {""atr_length"": 14, ""atr_mult"": 1.0}}",,,ALLEGRO MICROSYSTEMS INC,1D,,,,,,
2026-10-02 00:00:00,Long,ALGM,39.53,8.66%,36.31,utb,参数二,"{""utb"": {""key_value"": 3, ""atr_period"": 14, ""use_ha"": false}, ""r&s"": {""srb_left"": 15, ""srb_right"": 15}, ""atr"": {""atr_length"": 14, ""atr_mult"": 1.0}}",,,ALLEGRO MICROSYSTEMS INC,1D,,,,,,
2026-10-02 00:00:00,Long,CDLR,22.18,3.55%,21.17,suf,参数一,"{""suf"": {""timeframe"": ""d""}}",200.0,-7.21,CADELER A/S-ADR,1D,,,,,,
2026-10-02 00:00:00,Long,CDLR,22.18,3.55%,21.17,suf,参数二,"{""suf"": {""timeframe"": ""d""}}",200.0,-7.21,CADELER A/S-ADR,1D,,,,,,
2026-10-02 00:00:00,Long,GRID,182.91,2.30%,178.84,utb,参数二,"{""utb"": {""key_value"": 3, ""atr_period"": 14, ""use_ha"": false}, ""r&s"": {""srb_left"": 15, ""srb_right"": 15}, ""atr"": {""atr_length"": 14, ""atr_mult"": 1.0}}",,,FIRST TRST NASD CL EDG SGIIF,1D,,,,,,
2026-10-02 00:00:00,Long,AZTA,38.75,12.38%,33.04,sqz,参数二,"{""sqz"": {""bb_length"": 20, ""bb_mult"": 1.8, ""kc_length"": 20, ""kc_mult"": 1.5, ""min_sqz_bars"": 4}, ""r&s"": {""srb_left"": 15, ""srb_right"": 15}, ""atr"": {""atr_length"": 14, ""atr_mult"": 1.0}}",,,AZENTA INC,1D,一直亮绿,nan-41.73-27.68-37.49,低-低-高,nan%-33.67%-35.44%,29.0,26.48
2026-10-02 00:00:00,Long,BOEU,25.46,0.85%,22.94,mfa,参数一,"{""mfa"": {""mfa_all"": 24}}",200.0,-30.17,DIREXION DAILY BA BULL 2X ET,1D,,,,,,
2026-10-02 00:00:00,Long,BOEU,25.46,0.85%,22.94,mfa,参数二,"{""mfa"": {""mfa_all"": 24}}",200.0,-30.17,DIREXION DAILY BA BULL 2X ET,1D,,,,,,
2026-10-02 00:00:00,Long,IGF,61.76,0.73%,60.87,suf,参数一,"{""suf"": {""timeframe"": ""d""}}",200.0,-5.26,ISHARES GLOBAL INFRASTRUCTUR,1D,,,,,,
2026-10-02 00:00:00,Long,IGF,61.76,0.73%,60.87,suf,参数二,"{""suf"": {""timeframe"": ""d""}}",200.0,-5.26,ISHARES GLOBAL INFRASTRUCTUR,1D,,,,,,
2026-10-02 00:00:00,Long,IBID,25.77,-0.08%,25.74,sqz,参数一,"{""sqz"": {""bb_length"": 15, ""bb_mult"": 1.5, ""kc_length"": 15, ""kc_mult"": 1.2, ""min_sqz_bars"": 4}, ""r&s"": {""srb_left"": 10, ""srb_right"": 10}, ""atr"": {""atr_length"": 14, ""atr_mult"": 1.0}}",,,ISHARES IBONDS OCT 2027 TT,1D,压力释放,nan-25.04-25.64-25.63-25.76,低-高-低-高,nan%-2.37%-0.01%-0.50%,16.0,0.31
2026-10-02 00:00:00,Long,COGT,31.02,-1.80%,29.5,mfa,参数一,"{""mfa"": {""mfa_all"": 35}}",200.0,-14.72,COGENT BIOSCIENCES INC,1D,,,,,,
2026-10-02 00:00:00,Long,COGT,31.02,-1.80%,29.5,mfa,参数二,"{""mfa"": {""mfa_all"": 35}}",200.0,-14.72,COGENT BIOSCIENCES INC,1D,,,,,,
2026-10-02 00:00:00,Long,ECG,123.35,3.11%,116.71,utb,参数一,"{""utb"": {""key_value"": 2, ""atr_period"": 14, ""use_ha"": false}, ""r&s"": {""srb_left"": 10, ""srb_right"": 10}, ""atr"": {""atr_length"": 14, ""atr_mult"": 1.0}}",,,EVERUS CONSTRUCTION GROUP,1D,,,,,,
2026-10-02 00:00:00,Long,HAPS,36.91,0.60%,36.72,mfa,参数一,"{""mfa"": {""mfa_all"": 17}}",200.0,6.43,HARBOR HUMAN CAPITAL FACTOR,1D,,,,,,
2026-10-02 00:00:00,Long,HAPS,36.91,0.60%,36.72,mfa,参数二,"{""mfa"": {""mfa_all"": 17}}",200.0,6.43,HARBOR HUMAN CAPITAL FACTOR,1D,,,,,,
2026-10-02 00:00:00,Long,BELFB,257.94,2.32%,244.38,utb,参数一,"{""utb"": {""key_value"": 2, ""atr_period"": 14, ""use_ha"": false}, ""r&s"": {""srb_left"": 10, ""srb_right"": 10}, ""atr"": {""atr_length"": 14, ""atr_mult"": 1.0}}",,,BEL FUSE INC-CL B,1D,,,,,,
2026-10-02 00:00:00,Long,EUHY,51.9,0.21%,51.62,suf,参数一,"{""suf"": {""timeframe"": ""d""}}",200.0,-0.48,ISHARES EURO HIGH YIELD CORP,1D,,,,,,
2026-10-02 00:00:00,Long,EUHY,51.9,0.21%,51.62,suf,参数二,"{""suf"": {""timeframe"": ""d""}}",200.0,-0.48,ISHARES EURO HIGH YIELD CORP,1D,,,,,,
2026-10-02 00:00:00,Long,DMRA,20.65,2.08%,17.94,mfa,参数一,"{""mfa"": {""mfa_all"": 24}}",200.0,-20.96,DAMORA THERAPEUTICS INC,1D,,,,,,
2026-10-02 00:00:00,Long,DMRA,20.65,2.08%,17.94,suf,参数一,"{""suf"": {""timeframe"": ""d""}}",200.0,-20.96,DAMORA THERAPEUTICS INC,1D,,,,,,
2026-10-02 00:00:00,Long,DMRA,20.65,2.08%,17.94,mfa,参数二,"{""mfa"": {""mfa_all"": 24}}",200.0,-20.96,DAMORA THERAPEUTICS INC,1D,,,,,,
2026-10-02 00:00:00,Long,DMRA,20.65,2.08%,17.94,suf,参数二,"{""suf"": {""timeframe"": ""d""}}",200.0,-20.96,DAMORA THERAPEUTICS INC,1D,,,,,,
2026-10-02 00:00:00,Long,PRMB,19.51,2.41%,18.5,suf,参数一,"{""suf"": {""timeframe"": ""d""}}",200.0,-6.92,PRIMO BRANDS CORP,1D,,,,,,
2026-10-02 00:00:00,Long,PRMB,19.51,2.41%,18.5,suf,参数二,"{""suf"": {""timeframe"": ""d""}}",200.0,-6.92,PRIMO BRANDS CORP,1D,,,,,,
2026-10-02 00:00:00,Long,GOW,3.87,29.87%,1.69,suf,参数一,"{""suf"": {""timeframe"": ""d""}}",200.0,-61.73,GOWELL ENERGY TECHNOLOGY,1D,,,,,,
2026-10-02 00:00:00,Long,GOW,3.87,29.87%,1.69,suf,参数二,"{""suf"": {""timeframe"": ""d""}}",200.0,-61.73,GOWELL ENERGY TECHNOLOGY,1D,,,,,,
2026-10-02 00:00:00,Long,LW,43.6,5.88%,39.28,suf,参数一,"{""suf"": {""timeframe"": ""d""}}",200.0,-3.87,LAMB WESTON HOLDINGS INC,1D,,,,,,
2026-10-02 00:00:00,Long,LW,43.6,5.88%,39.28,suf,参数二,"{""suf"": {""timeframe"": ""d""}}",200.0,-3.87,LAMB WESTON HOLDINGS INC,1D,,,,,,
2026-10-02 00:00:00,Short,CLST,16.3,-5.51%,16.72,sqz,参数一,"{""sqz"": {""bb_length"": 15, ""bb_mult"": 1.5, ""kc_length"": 15, ""kc_mult"": 1.2, ""min_sqz_bars"": 4}, ""r&s"": {""srb_left"": 10, ""srb_right"": 10}, ""atr"": {""atr_length"": 14, ""atr_mult"": 1.0}}",,,CATALYST BANCORP INC,1D,支撑释放,16.4-15.9-15.85-16.02-16.52,低-低-高-高,3.05%-0.31%-1.07%-3.15%,39.0,24.05
2026-10-02 00:00:00,Short,CLST,16.3,-5.51%,16.72,utb,参数二,"{""utb"": {""key_value"": 3, ""atr_period"": 14, ""use_ha"": false}, ""r&s"": {""srb_left"": 15, ""srb_right"": 15}, ""atr"": {""atr_length"": 14, ""atr_mult"": 1.0}}",,,CATALYST BANCORP INC,1D,,,,,,
2026-10-02 00:00:00,Short,CLST,16.3,-5.51%,16.72,sqz,参数二,"{""sqz"": {""bb_length"": 20, ""bb_mult"": 1.8, ""kc_length"": 20, ""kc_mult"": 1.5, ""min_sqz_bars"": 4}, ""r&s"": {""srb_left"": 15, ""srb_right"": 15}, ""atr"": {""atr_length"": 14, ""atr_mult"": 1.0}}",,,CATALYST BANCORP INC,1D,支撑释放,nan-15.45-15.85-16.02-16.52,低-高-高-高,nan%-2.59%-1.07%-3.15%,39.0,24.05
2026-10-02 00:00:00,Long,NGG,76.12,1.05%,74.55,mfa,参数一,"{""mfa"": {""mfa_all"": 23}}",200.0,-7.08,NATIONAL GRID PLC-SP ADR,1D,,,,,,
2026-10-02 00:00:00,Long,NGG,76.12,1.05%,74.55,mfa,参数二,"{""mfa"": {""mfa_all"": 23}}",200.0,-7.08,NATIONAL GRID PLC-SP ADR,1D,,,,,,
2026-10-02 00:00:00,Long,QGRW,69.54,0.91%,68.59,sqz,参数二,"{""sqz"": {""bb_length"": 20, ""bb_mult"": 1.8, ""kc_length"": 20, ""kc_mult"": 1.5, ""min_sqz_bars"": 4}, ""r&s"": {""srb_left"": 15, ""srb_right"": 15}, ""atr"": {""atr_length"": 14, ""atr_mult"": 1.0}}",,,WISDOMTREE US QUALITY GROWTH,1D,一直亮绿,nan-60.19-68.84-69.0,低-高-高,nan%-14.36%-0.23%,41.0,5.01
2026-10-02 00:00:00,Short,SCOR,4.24,-6.40%,5.09,sqz,参数一,"{""sqz"": {""bb_length"": 15, ""bb_mult"": 1.5, ""kc_length"": 15, ""kc_mult"": 1.2, ""min_sqz_bars"": 4}, ""r&s"": {""srb_left"": 10, ""srb_right"": 10}, ""atr"": {""atr_length"": 14, ""atr_mult"": 1.0}}",,,COMSCORE INC,1D,支撑释放,6.76-6.64-6.13-6.37-4.6,低-低-高-低,1.78%-7.68%-3.92%-27.79%,27.0,25.43
2026-10-02 00:00:00,Long,JBSS,68.52,2.85%,64.9,suf,参数一,"{""suf"": {""timeframe"": ""d""}}",200.0,-9.32,JOHN B. SANFILIPPO & SON INC,1D,,,,,,
2026-10-02 00:00:00,Long,JBSS,68.52,2.85%,64.9,suf,参数二,"{""suf"": {""timeframe"": ""d""}}",200.0,-9.32,JOHN B. SANFILIPPO & SON INC,1D,,,,,,
2026-10-02 00:00:00,Long,LXRX,1.82,0.00%,1.68,mfa,参数一,"{""mfa"": {""mfa_all"": 16}}",200.0,-1.33,LEXICON PHARMACEUTICALS INC,1D,,,,,,
2026-10-02 00:00:00,Long,LXRX,1.82,0.00%,1.68,mfa,参数二,"{""mfa"": {""mfa_all"": 16}}",200.0,-1.33,LEXICON PHARMACEUTICALS INC,1D,,,,,,
2026-10-02 00:00:00,Long,TSLZ,11.15,-9.20%,10.06,mfa,参数一,"{""mfa"": {""mfa_all"": 21}}",200.0,-15.21,T-REX 2X INVERSE TESLA DLY,1D,,,,,,
2026-10-02 00:00:00,Long,TSLZ,11.15,-9.20%,10.06,mfa,参数二,"{""mfa"": {""mfa_all"": 21}}",200.0,-15.21,T-REX 2X INVERSE TESLA DLY,1D,,,,,,
2026-10-02 00:00:00,Long,XPND,40.87,1.28%,40.43,sqz,参数一,"{""sqz"": {""bb_length"": 15, ""bb_mult"": 1.5, ""kc_length"": 15, ""kc_mult"": 1.2, ""min_sqz_bars"": 4}, ""r&s"": {""srb_left"": 10, ""srb_right"": 10}, ""atr"": {""atr_length"": 14, ""atr_mult"": 1.0}}",,,FIRST TRUST EXPANDED TECH,1D,一直亮绿,nan-34.92-42.32-41.93-40.76,低-高-低-低,nan%-21.21%-0.94%-2.79%,35.0,9.87
2026-10-02 00:00:00,Long,XPND,40.87,1.28%,40.43,sqz,参数二,"{""sqz"": {""bb_length"": 20, ""bb_mult"": 1.8, ""kc_length"": 20, ""kc_mult"": 1.5, ""min_sqz_bars"": 4}, ""r&s"": {""srb_left"": 15, ""srb_right"": 15}, ""atr"": {""atr_length"": 14, ""atr_mult"": 1.0}}",,,FIRST TRUST EXPANDED TECH,1D,一直亮绿,nan-42.32-41.93-40.76,低-低-低,nan%-0.94%-2.79%,35.0,9.87
2026-10-02 00:00:00,Long,CRNT,2.18,3.81%,2.03,utb,参数一,"{""utb"": {""key_value"": 2, ""atr_period"": 14, ""use_ha"": false}, ""r&s"": {""srb_left"": 10, ""srb_right"": 10}, ""atr"": {""atr_length"": 14, ""atr_mult"": 1.0}}",,,CERAGON NETWORKS LTD,1D,,,,,,
2026-10-02 00:00:00,Short,SAIH,24.71,-13.27%,30.47,utb,参数一,"{""utb"": {""key_value"": 2, ""atr_period"": 14, ""use_ha"": false}, ""r&s"": {""srb_left"": 10, ""srb_right"": 10}, ""atr"": {""atr_length"": 14, ""atr_mult"": 1.0}}",,,SAIHEAT LTD,1D,,,,,,
2026-10-02 00:00:00,Short,SAIH,24.71,-13.27%,30.47,utb,参数二,"{""utb"": {""key_value"": 3, ""atr_period"": 14, ""use_ha"": false}, ""r&s"": {""srb_left"": 15, ""srb_right"": 15}, ""atr"": {""atr_length"": 14, ""atr_mult"": 1.0}}",,,SAIHEAT LTD,1D,,,,,,
2026-10-02 00:00:00,Short,XNET,4.71,1.51%,4.96,sqz,参数一,"{""sqz"": {""bb_length"": 15, ""bb_mult"": 1.5, ""kc_length"": 15, ""kc_mult"": 1.2, ""min_sqz_bars"": 4}, ""r&s"": {""srb_left"": 10, ""srb_right"": 10}, ""atr"": {""atr_length"": 14, ""atr_mult"": 1.0}}",,,XUNLEI LTD-ADR,1D,支撑释放,5.24-5.16-5.44-4.52-4.72,低-高-低-高,1.62%-5.43%-16.91%-4.54%,21.0,8.15
2026-10-02 00:00:00,Long,URBN,80.8,2.58%,76.25,utb,参数一,"{""utb"": {""key_value"": 2, ""atr_period"": 14, ""use_ha"": false}, ""r&s"": {""srb_left"": 10, ""srb_right"": 10}, ""atr"": {""atr_length"": 14, ""atr_mult"": 1.0}}",,,URBAN OUTFITTERS INC,1D,,,,,,
2026-10-02 00:00:00,Long,PII,53.71,2.56%,50.9,suf,参数一,"{""suf"": {""timeframe"": ""d""}}",200.0,-14.52,POLARIS INC,1D,,,,,,
2026-10-02 00:00:00,Long,PII,53.71,2.56%,50.9,suf,参数二,"{""suf"": {""timeframe"": ""d""}}",200.0,-14.52,POLARIS INC,1D,,,,,,
2026-10-02 00:00:00,Long,CGIB,24.94,-0.04%,24.81,mfa,参数一,"{""mfa"": {""mfa_all"": 23}}",200.0,-1.08,CAP GROUP INTL BOND HDG,1D,,,,,,
2026-10-02 00:00:00,Long,CGIB,24.94,-0.04%,24.81,mfa,参数二,"{""mfa"": {""mfa_all"": 23}}",200.0,-1.08,CAP GROUP INTL BOND HDG,1D,,,,,,
2026-10-02 00:00:00,Long,KTCC,2.26,3.67%,2.04,suf,参数一,"{""suf"": {""timeframe"": ""d""}}",200.0,-27.75,KEY TRONIC CORP,1D,,,,,,
2026-10-02 00:00:00,Long,KTCC,2.26,3.67%,2.04,suf,参数二,"{""suf"": {""timeframe"": ""d""}}",200.0,-27.75,KEY TRONIC CORP,1D,,,,,,
2026-10-02 00:00:00,Short,TPET,1.61,-1.23%,1.74,sqz,参数一,"{""sqz"": {""bb_length"": 15, ""bb_mult"": 1.5, ""kc_length"": 15, ""kc_mult"": 1.2, ""min_sqz_bars"": 4}, ""r&s"": {""srb_left"": 10, ""srb_right"": 10}, ""atr"": {""atr_length"": 14, ""atr_mult"": 1.0}}",,,TRIO PETROLEUM CORP,1D,支撑释放,3.19-4.05-3.06-2.43-1.68,高-低-低-低,26.76%-24.44%-20.59%-30.86%,23.0,39.29
2026-10-02 00:00:00,Long,IDVZ,32.81,0.77%,32.15,suf,参数一,"{""suf"": {""timeframe"": ""d""}}",200.0,-2.59,POLEN INTERNATIONAL DIVIDEND,1D,,,,,,
2026-10-02 00:00:00,Long,IDVZ,32.81,0.77%,32.15,suf,参数二,"{""suf"": {""timeframe"": ""d""}}",200.0,-2.59,POLEN INTERNATIONAL DIVIDEND,1D,,,,,,
2026-10-02 00:00:00,Long,KXI,65.15,0.34%,64.23,suf,参数一,"{""suf"": {""timeframe"": ""d""}}",200.0,-3.71,ISHARES GLOBAL CONSUMER STAP,1D,,,,,,
2026-10-02 00:00:00,Long,KXI,65.15,0.34%,64.23,suf,参数二,"{""suf"": {""timeframe"": ""d""}}",200.0,-3.71,ISHARES GLOBAL CONSUMER STAP,1D,,,,,,
2026-10-02 00:00:00,Long,CART,44.25,0.32%,42.34,mfa,参数一,"{""mfa"": {""mfa_all"": 9}}",200.0,3.89,MAPLEBEAR INC,1D,,,,,,
2026-10-02 00:00:00,Long,CART,44.25,0.32%,42.34,mfa,参数二,"{""mfa"": {""mfa_all"": 9}}",200.0,3.89,MAPLEBEAR INC,1D,,,,,,
2026-10-02 00:00:00,Short,JACK,12.45,-1.74%,13.84,sqz,参数二,"{""sqz"": {""bb_length"": 20, ""bb_mult"": 1.8, ""kc_length"": 20, ""kc_mult"": 1.5, ""min_sqz_bars"": 4}, ""r&s"": {""srb_left"": 15, ""srb_right"": 15}, ""atr"": {""atr_length"": 14, ""atr_mult"": 1.0}}",,,JACK IN THE BOX INC,1D,一直释放,nan-8.92-10.45-13.13,低-高-高,nan%-17.15%-25.65%,50.0,75.55
2026-10-02 00:00:00,Long,LYLD,31.98,0.34%,31.62,mfa,参数一,"{""mfa"": {""mfa_all"": 8}}",200.0,6.06,CAMBRIA LARGECAP SHARE,1D,,,,,,
2026-10-02 00:00:00,Long,LYLD,31.98,0.34%,31.62,mfa,参数二,"{""mfa"": {""mfa_all"": 8}}",200.0,6.06,CAMBRIA LARGECAP SHARE,1D,,,,,,
2026-10-02 00:00:00,Short,MZZ,6.36,-2.00%,6.5,utb,参数一,"{""utb"": {""key_value"": 2, ""atr_period"": 14, ""use_ha"": false}, ""r&s"": {""srb_left"": 10, ""srb_right"": 10}, ""atr"": {""atr_length"": 14, ""atr_mult"": 1.0}}",,,PROSHARES ULTSHRT MIDCAP400,1D,,,,,,
2026-10-02 00:00:00,Long,FVR,16.68,2.02%,15.67,suf,参数一,"{""suf"": {""timeframe"": ""d""}}",200.0,-3.99,FRONTVIEW REIT INC,1D,,,,,,
2026-10-02 00:00:00,Long,FVR,16.68,2.02%,15.67,suf,参数二,"{""suf"": {""timeframe"": ""d""}}",200.0,-3.99,FRONTVIEW REIT INC,1D,,,,,,
2026-10-02 00:00:00,Long,MIST,0.81,-0.74%,0.73,mfa,参数一,"{""mfa"": {""mfa_all"": 16}}",200.0,-46.23,MILESTONE PHARMACEUTICALS IN,1D,,,,,,
2026-10-02 00:00:00,Long,MIST,0.81,-0.74%,0.73,mfa,参数二,"{""mfa"": {""mfa_all"": 16}}",200.0,-46.23,MILESTONE PHARMACEUTICALS IN,1D,,,,,,
2026-10-02 00:00:00,Long,EXTR,23.12,5.23%,21.5,utb,参数一,"{""utb"": {""key_value"": 2, ""atr_period"": 14, ""use_ha"": false}, ""r&s"": {""srb_left"": 10, ""srb_right"": 10}, ""atr"": {""atr_length"": 14, ""atr_mult"": 1.0}}",,,EXTREME NETWORKS INC,1D,,,,,,
2026-10-02 00:00:00,Long,GRSD,1.51,2.72%,1.38,suf,参数一,"{""suf"": {""timeframe"": ""d""}}",200.0,-53.3,GRANDSTAND LTD,1D,,,,,,
2026-10-02 00:00:00,Long,GRSD,1.51,2.72%,1.38,suf,参数二,"{""suf"": {""timeframe"": ""d""}}",200.0,-53.3,GRANDSTAND LTD,1D,,,,,,
2026-10-02 00:00:00,Long,IAT,57.59,0.73%,56.27,suf,参数一,"{""suf"": {""timeframe"": ""d""}}",200.0,-1.23,ISHARES US REGIONAL BANKS ET,1D,,,,,,
2026-10-02 00:00:00,Long,IAT,57.59,0.73%,56.27,suf,参数二,"{""suf"": {""timeframe"": ""d""}}",200.0,-1.23,ISHARES US REGIONAL BANKS ET,1D,,,,,,
2026-10-02 00:00:00,Long,AORT,22.31,1.73%,20.62,suf,参数一,"{""suf"": {""timeframe"": ""d""}}",200.0,-29.61,ARTIVION INC,1D,,,,,,
2026-10-02 00:00:00,Long,AORT,22.31,1.73%,20.62,suf,参数二,"{""suf"": {""timeframe"": ""d""}}",200.0,-29.61,ARTIVION INC,1D,,,,,,
2026-10-02 00:00:00,Long,OPEN,2.44,1.67%,2.26,suf,参数一,"{""suf"": {""timeframe"": ""d""}}",200.0,-47.39,OPENDOOR TECHNOLOGIES INC,1D,,,,,,
2026-10-02 00:00:00,Long,OPEN,2.44,1.67%,2.26,suf,参数二,"{""suf"": {""timeframe"": ""d""}}",200.0,-47.39,OPENDOOR TECHNOLOGIES INC,1D,,,,,,
2026-10-02 00:00:00,Long,SLXN,0.26,-6.81%,0.17,mfa,参数一,"{""mfa"": {""mfa_all"": 50}}",200.0,-97.07,SILEXION THERAPEUTICS CORP,1D,,,,,,
2026-10-02 00:00:00,Long,SLXN,0.26,-6.81%,0.17,mfa,参数二,"{""mfa"": {""mfa_all"": 50}}",200.0,-97.07,SILEXION THERAPEUTICS CORP,1D,,,,,,
2026-10-02 00:00:00,Long,WPC,64.52,1.08%,62.71,suf,参数一,"{""suf"": {""timeframe"": ""d""}}",200.0,-6.54,WP CAREY INC,1D,,,,,,
2026-10-02 00:00:00,Long,WPC,64.52,1.08%,62.71,suf,参数二,"{""suf"": {""timeframe"": ""d""}}",200.0,-6.54,WP CAREY INC,1D,,,,,,
2026-10-02 00:00:00,Long,FIP,2.68,3.27%,2.41,suf,参数一,"{""suf"": {""timeframe"": ""d""}}",200.0,-42.71,FTAI INFRASTRUCTURE INC,1D,,,,,,
2026-10-02 00:00:00,Long,FIP,2.68,3.27%,2.41,suf,参数二,"{""suf"": {""timeframe"": ""d""}}",200.0,-42.71,FTAI INFRASTRUCTURE INC,1D,,,,,,
2026-10-02 00:00:00,Long,SVC,6.38,0.16%,6.11,suf,参数一,"{""suf"": {""timeframe"": ""d""}}",200.0,-25.87,SERVICE PROPERTIES TRUST,1D,,,,,,
2026-10-02 00:00:00,Long,SVC,6.38,0.16%,6.11,suf,参数二,"{""suf"": {""timeframe"": ""d""}}",200.0,-25.87,SERVICE PROPERTIES TRUST,1D,,,,,,
2026-10-02 00:00:00,Long,STRL,533.42,5.60%,487.43,utb,参数一,"{""utb"": {""key_value"": 2, ""atr_period"": 14, ""use_ha"": false}, ""r&s"": {""srb_left"": 10, ""srb_right"": 10}, ""atr"": {""atr_length"": 14, ""atr_mult"": 1.0}}",,,STERLING INFRASTRUCTURE INC,1D,,,,,,
2026-10-02 00:00:00,Long,GENZ,36.41,0.22%,35.99,mfa,参数一,"{""mfa"": {""mfa_all"": 8}}",200.0,-2.61,VANECK DIGITAL NATIVE ECONOM,1D,,,,,,
2026-10-02 00:00:00,Long,GENZ,36.41,0.22%,35.99,mfa,参数二,"{""mfa"": {""mfa_all"": 8}}",200.0,-2.61,VANECK DIGITAL NATIVE ECONOM,1D,,,,,,
2026-10-02 00:00:00,Long,NOMA,1.95,15.09%,1.45,utb,参数一,"{""utb"": {""key_value"": 2, ""atr_period"": 14, ""use_ha"": false}, ""r&s"": {""srb_left"": 10, ""srb_right"": 10}, ""atr"": {""atr_length"": 14, ""atr_mult"": 1.0}}",,,NOMADAR CORP-A,1D,,,,,,
2026-10-02 00:00:00,Long,ARVR,58.86,0.85%,58.3,sqz,参数一,"{""sqz"": {""bb_length"": 15, ""bb_mult"": 1.5, ""kc_length"": 15, ""kc_mult"": 1.2, ""min_sqz_bars"": 4}, ""r&s"": {""srb_left"": 10, ""srb_right"": 10}, ""atr"": {""atr_length"": 14, ""atr_mult"": 1.0}}",,,FIRST TRUST INDXX METAVERSE,1D,一直释放,50.76-50.99-58.44-57.83-57.66,高-高-低-低,0.45%-14.60%-1.05%-0.28%,34.0,2.22
2026-10-02 00:00:00,Long,ARVR,58.86,0.85%,58.3,utb,参数二,"{""utb"": {""key_value"": 3, ""atr_period"": 14, ""use_ha"": false}, ""r&s"": {""srb_left"": 15, ""srb_right"": 15}, ""atr"": {""atr_length"": 14, ""atr_mult"": 1.0}}",,,FIRST TRUST INDXX METAVERSE,1D,,,,,,
2026-10-02 00:00:00,Short,SRTA,4.73,-2.07%,5.15,sqz,参数一,"{""sqz"": {""bb_length"": 15, ""bb_mult"": 1.5, ""kc_length"": 15, ""kc_mult"": 1.2, ""min_sqz_bars"": 4}, ""r&s"": {""srb_left"": 10, ""srb_right"": 10}, ""atr"": {""atr_length"": 14, ""atr_mult"": 1.0}}",,,STRATA CRITICAL MEDICAL INC,1D,支撑释放,4.75-4.16-3.95-4.86-5.1,低-低-高-高,12.42%-5.05%-22.91%-5.05%,16.0,8.24
2026-10-02 00:00:00,Short,SRTA,4.73,-2.07%,5.15,sqz,参数二,"{""sqz"": {""bb_length"": 20, ""bb_mult"": 1.8, ""kc_length"": 20, ""kc_mult"": 1.5, ""min_sqz_bars"": 4}, ""r&s"": {""srb_left"": 15, ""srb_right"": 15}, ""atr"": {""atr_length"": 14, ""atr_mult"": 1.0}}",,,STRATA CRITICAL MEDICAL INC,1D,支撑释放,nan-3.95-4.86,低-高,nan%-22.91%,46.0,30.28
2026-10-02 00:00:00,Short,KBUF,25.26,-0.79%,25.42,sqz,参数二,"{""sqz"": {""bb_length"": 20, ""bb_mult"": 1.8, ""kc_length"": 20, ""kc_mult"": 1.5, ""min_sqz_bars"": 4}, ""r&s"": {""srb_left"": 15, ""srb_right"": 15}, ""atr"": {""atr_length"": 14, ""atr_mult"": 1.0}}",,,KRANESHARES 90% KWEB DEFINED,1D,一直释放,nan-27.8-25.55,低-低,nan%-8.09%,68.0,9.12
2026-10-02 00:00:00,Long,EH,4.14,1.47%,3.84,suf,参数一,"{""suf"": {""timeframe"": ""d""}}",200.0,-54.28,EHANG HOLDINGS LTD-SPS ADR,1D,,,,,,
2026-10-02 00:00:00,Long,EH,4.14,1.47%,3.84,suf,参数二,"{""suf"": {""timeframe"": ""d""}}",200.0,-54.28,EHANG HOLDINGS LTD-SPS ADR,1D,,,,,,
2026-10-02 00:00:00,Long,RBLD,83.99,0.96%,83.23,utb,参数一,"{""utb"": {""key_value"": 2, ""atr_period"": 14, ""use_ha"": false}, ""r&s"": {""srb_left"": 10, ""srb_right"": 10}, ""atr"": {""atr_length"": 14, ""atr_mult"": 1.0}}",,,FIRST TRUST ALERIAN US NEXTG,1D,,,,,,
2026-10-02 00:00:00,Long,BBEU,75.38,1.02%,74.12,suf,参数一,"{""suf"": {""timeframe"": ""d""}}",200.0,-0.29,JPMORGAN BETABUILDERS EUROPE,1D,,,,,,
2026-10-02 00:00:00,Long,BBEU,75.38,1.02%,74.12,suf,参数二,"{""suf"": {""timeframe"": ""d""}}",200.0,-0.29,JPMORGAN BETABUILDERS EUROPE,1D,,,,,,
2026-10-02 00:00:00,Long,INMD,14.09,0.28%,13.79,suf,参数一,"{""suf"": {""timeframe"": ""d""}}",200.0,-2.11,INMODE LTD,1D,,,,,,
2026-10-02 00:00:00,Long,INMD,14.09,0.28%,13.79,suf,参数二,"{""suf"": {""timeframe"": ""d""}}",200.0,-2.11,INMODE LTD,1D,,,,,,
2026-10-02 00:00:00,Long,XPO,186.09,3.54%,176.25,utb,参数一,"{""utb"": {""key_value"": 2, ""atr_period"": 14, ""use_ha"": false}, ""r&s"": {""srb_left"": 10, ""srb_right"": 10}, ""atr"": {""atr_length"": 14, ""atr_mult"": 1.0}}",,,XPO INC,1D,,,,,,
2026-10-02 00:00:00,Long,CHDN,76.05,1.64%,72.42,suf,参数一,"{""suf"": {""timeframe"": ""d""}}",200.0,-16.64,CHURCHILL DOWNS INC,1D,,,,,,
2026-10-02 00:00:00,Long,CHDN,76.05,1.64%,72.42,suf,参数二,"{""suf"": {""timeframe"": ""d""}}",200.0,-16.64,CHURCHILL DOWNS INC,1D,,,,,,
2026-10-02 00:00:00,Long,PANW,403.24,1.76%,382.7,sqz,参数二,"{""sqz"": {""bb_length"": 20, ""bb_mult"": 1.8, ""kc_length"": 20, ""kc_mult"": 1.5, ""min_sqz_bars"": 4}, ""r&s"": {""srb_left"": 15, ""srb_right"": 15}, ""atr"": {""atr_length"": 14, ""atr_mult"": 1.0}}",,,PALO ALTO NETWORKS INC,1D,一直亮绿,nan-196.19-302.95-398.88,低-高-高,nan%-54.42%-31.67%,35.0,24.11
2026-10-02 00:00:00,Long,ATPC,2.06,2.03%,1.92,suf,参数一,"{""suf"": {""timeframe"": ""d""}}",200.0,-31.25,AGAPE ATP CORP,1D,,,,,,
2026-10-02 00:00:00,Long,ATPC,2.06,2.03%,1.92,suf,参数二,"{""suf"": {""timeframe"": ""d""}}",200.0,-31.25,AGAPE ATP CORP,1D,,,,,,
2026-10-02 00:00:00,Long,NEXR,1.0,0.50%,0.62,suf,参数一,"{""suf"": {""timeframe"": ""d""}}",200.0,-97.23,NEXERA TECHNOLOGIES LTD,1D,,,,,,
2026-10-02 00:00:00,Long,NEXR,1.0,0.50%,0.62,suf,参数二,"{""suf"": {""timeframe"": ""d""}}",200.0,-97.23,NEXERA TECHNOLOGIES LTD,1D,,,,,,
2026-10-02 00:00:00,Long,TNK,103.1,2.07%,94.84,sqz,参数二,"{""sqz"": {""bb_length"": 20, ""bb_mult"": 1.8, ""kc_length"": 20, ""kc_mult"": 1.5, ""min_sqz_bars"": 4}, ""r&s"": {""srb_left"": 15, ""srb_right"": 15}, ""atr"": {""atr_length"": 14, ""atr_mult"": 1.0}}",,,TEEKAY TANKERS LTD-CLASS A,1D,一直释放,nan-80.65-78.15-82.36-78.98,低-低-高-低,nan%-3.10%-5.40%-4.10%,71.0,23.74
2026-10-02 00:00:00,Short,SMID,22.19,-2.50%,24.03,sqz,参数一,"{""sqz"": {""bb_length"": 15, ""bb_mult"": 1.5, ""kc_length"": 15, ""kc_mult"": 1.2, ""min_sqz_bars"": 4}, ""r&s"": {""srb_left"": 10, ""srb_right"": 10}, ""atr"": {""atr_length"": 14, ""atr_mult"": 1.0}}",,,SMITH-MIDLAND CORP,1D,支撑释放,26.95-27.67-28.5-26.5-23.51,高-高-低-低,2.67%-3.00%-7.02%-11.28%,14.0,7.4
2026-10-02 00:00:00,Long,PB,67.38,0.87%,65.84,suf,参数一,"{""suf"": {""timeframe"": ""d""}}",200.0,-3.05,PROSPERITY BANCSHARES INC,1D,,,,,,
2026-10-02 00:00:00,Long,PB,67.38,0.87%,65.84,suf,参数二,"{""suf"": {""timeframe"": ""d""}}",200.0,-3.05,PROSPERITY BANCSHARES INC,1D,,,,,,
2026-10-02 00:00:00,Short,BCG,1.01,-9.74%,1.16,sqz,参数二,"{""sqz"": {""bb_length"": 20, ""bb_mult"": 1.8, ""kc_length"": 20, ""kc_mult"": 1.5, ""min_sqz_bars"": 4}, ""r&s"": {""srb_left"": 15, ""srb_right"": 15}, ""atr"": {""atr_length"": 14, ""atr_mult"": 1.0}}",,,BINAH CAPITAL GROUP INC,1D,一直释放,nan-1.87-1.69-1.26,低-低-低,nan%-9.63%-25.44%,36.0,31.75
2026-10-02 00:00:00,Long,STAA,22.47,0.40%,21.0,mfa,参数一,"{""mfa"": {""mfa_all"": 12}}",200.0,-5.08,STAAR SURGICAL CO,1D,,,,,,
2026-10-02 00:00:00,Long,STAA,22.47,0.40%,21.0,mfa,参数二,"{""mfa"": {""mfa_all"": 12}}",200.0,-5.08,STAAR SURGICAL CO,1D,,,,,,
2026-10-02 00:00:00,Short,GEMI,4.67,-7.89%,5.84,utb,参数一,"{""utb"": {""key_value"": 2, ""atr_period"": 14, ""use_ha"": false}, ""r&s"": {""srb_left"": 10, ""srb_right"": 10}, ""atr"": {""atr_length"": 14, ""atr_mult"": 1.0}}",,,GEMINI SPACE STATION INC-A,1D,,,,,,
2026-10-02 00:00:00,Long,EUDG,37.35,0.67%,36.9,suf,参数一,"{""suf"": {""timeframe"": ""d""}}",200.0,-2.03,WISDOMTREE EUROPE QUALITY DI,1D,,,,,,
2026-10-02 00:00:00,Long,EUDG,37.35,0.67%,36.9,suf,参数二,"{""suf"": {""timeframe"": ""d""}}",200.0,-2.03,WISDOMTREE EUROPE QUALITY DI,1D,,,,,,
2026-10-02 00:00:00,Short,RMR,17.73,-1.83%,18.79,sqz,参数二,"{""sqz"": {""bb_length"": 20, ""bb_mult"": 1.8, ""kc_length"": 20, ""kc_mult"": 1.5, ""min_sqz_bars"": 4}, ""r&s"": {""srb_left"": 15, ""srb_right"": 15}, ""atr"": {""atr_length"": 14, ""atr_mult"": 1.0}}",,,RMR GROUP INC/THE - A,1D,一直亮红,13.64-14.26-14.48-19.06-17.88,高-高-高-低,4.56%-1.54%-31.66%-6.19%,40.0,14.82
2026-10-02 00:00:00,Long,STRZ,23.25,1.75%,20.71,mfa,参数一,"{""mfa"": {""mfa_all"": 8}}",200.0,19.54,STARZ ENTERTAINMENT CORP,1D,,,,,,
2026-10-02 00:00:00,Long,STRZ,23.25,1.75%,20.71,mfa,参数二,"{""mfa"": {""mfa_all"": 8}}",200.0,19.54,STARZ ENTERTAINMENT CORP,1D,,,,,,
2026-10-02 00:00:00,Long,FTRI,16.73,0.66%,16.38,suf,参数一,"{""suf"": {""timeframe"": ""d""}}",200.0,-2.59,FIRST TRUST INDXX GLOBAL NAT,1D,,,,,,
2026-10-02 00:00:00,Long,FTRI,16.73,0.66%,16.38,suf,参数二,"{""suf"": {""timeframe"": ""d""}}",200.0,-2.59,FIRST TRUST INDXX GLOBAL NAT,1D,,,,,,
2026-10-02 00:00:00,Long,IRON,64.51,1.41%,61.06,suf,参数一,"{""suf"": {""timeframe"": ""d""}}",200.0,-10.17,DISC MEDICINE INC,1D,,,,,,
2026-10-02 00:00:00,Long,IRON,64.51,1.41%,61.06,suf,参数二,"{""suf"": {""timeframe"": ""d""}}",200.0,-10.17,DISC MEDICINE INC,1D,,,,,,
2026-10-02 00:00:00,Long,UNIY,46.06,-0.16%,45.94,mfa,参数一,"{""mfa"": {""mfa_all"": 17}}",200.0,-2.86,WT VOYA YLD ENH USD UNIV BND,1D,,,,,,
2026-10-02 00:00:00,Long,UNIY,46.06,-0.16%,45.94,mfa,参数二,"{""mfa"": {""mfa_all"": 17}}",200.0,-2.86,WT VOYA YLD ENH USD UNIV BND,1D,,,,,,
2026-10-02 00:00:00,Long,PSCI,163.95,1.61%,160.64,utb,参数一,"{""utb"": {""key_value"": 2, ""atr_period"": 14, ""use_ha"": false}, ""r&s"": {""srb_left"": 10, ""srb_right"": 10}, ""atr"": {""atr_length"": 14, ""atr_mult"": 1.0}}",,,INVESCO S&P SMALLCAP INDUSTR,1D,,,,,,
2026-10-02 00:00:00,Long,GBX,40.58,1.22%,39.2,suf,参数一,"{""suf"": {""timeframe"": ""d""}}",200.0,-16.55,GREENBRIER COMPANIES INC,1D,,,,,,
2026-10-02 00:00:00,Long,GBX,40.58,1.22%,39.2,suf,参数二,"{""suf"": {""timeframe"": ""d""}}",200.0,-16.55,GREENBRIER COMPANIES INC,1D,,,,,,
2026-10-02 00:00:00,Long,WM,204.45,1.26%,197.18,suf,参数一,"{""suf"": {""timeframe"": ""d""}}",200.0,-8.36,WASTE MANAGEMENT INC,1D,,,,,,
2026-10-02 00:00:00,Long,WM,204.45,1.26%,197.18,suf,参数二,"{""suf"": {""timeframe"": ""d""}}",200.0,-8.36,WASTE MANAGEMENT INC,1D,,,,,,
2026-10-02 00:00:00,Long,FEZ,67.0,1.39%,65.65,suf,参数一,"{""suf"": {""timeframe"": ""d""}}",200.0,0.98,STATE STREET SPDR EURO STOXX,1D,,,,,,
2026-10-02 00:00:00,Long,FEZ,67.0,1.39%,65.65,suf,参数二,"{""suf"": {""timeframe"": ""d""}}",200.0,0.98,STATE STREET SPDR EURO STOXX,1D,,,,,,
2026-10-02 00:00:00,Long,GYLD,13.32,0.99%,12.78,suf,参数一,"{""suf"": {""timeframe"": ""d""}}",200.0,-2.31,ARROW DOW JONES GLOBAL YIELD,1D,,,,,,
2026-10-02 00:00:00,Long,GYLD,13.32,0.99%,12.78,suf,参数二,"{""suf"": {""timeframe"": ""d""}}",200.0,-2.31,ARROW DOW JONES GLOBAL YIELD,1D,,,,,,
2026-10-02 00:00:00,Long,EP,2.61,6.97%,2.27,utb,参数一,"{""utb"": {""key_value"": 2, ""atr_period"": 14, ""use_ha"": false}, ""r&s"": {""srb_left"": 10, ""srb_right"": 10}, ""atr"": {""atr_length"": 14, ""atr_mult"": 1.0}}",,,EMPIRE PETROLEUM CORP,1D,,,,,,
2026-10-02 00:00:00,Short,JBDI,0.98,0.00%,1.08,sqz,参数一,"{""sqz"": {""bb_length"": 15, ""bb_mult"": 1.5, ""kc_length"": 15, ""kc_mult"": 1.2, ""min_sqz_bars"": 4}, ""r&s"": {""srb_left"": 10, ""srb_right"": 10}, ""atr"": {""atr_length"": 14, ""atr_mult"": 1.0}}",,,JBDI HOLDINGS LTD,1D,支撑释放,1.04-0.78-0.9-0.96-1.03,低-高-高-高,24.62%-14.80%-6.67%-7.29%,13.0,21.36
2026-10-02 00:00:00,Short,EHGO,0.64,-5.88%,0.79,sqz,参数二,"{""sqz"": {""bb_length"": 20, ""bb_mult"": 1.8, ""kc_length"": 20, ""kc_mult"": 1.5, ""min_sqz_bars"": 4}, ""r&s"": {""srb_left"": 15, ""srb_right"": 15}, ""atr"": {""atr_length"": 14, ""atr_mult"": 1.0}}",,,ESHALLGO INC,1D,一直释放,nan-2.82-1.12,低-低,nan%-60.23%,66.0,343.75
2026-10-02 00:00:00,Long,KHYB,23.59,0.09%,23.5,mfa,参数一,"{""mfa"": {""mfa_all"": 7}}",200.0,0.43,KRANESHARES ASIA PACIFIC HIG,1D,,,,,,
2026-10-02 00:00:00,Long,KHYB,23.59,0.09%,23.5,mfa,参数二,"{""mfa"": {""mfa_all"": 7}}",200.0,0.43,KRANESHARES ASIA PACIFIC HIG,1D,,,,,,
2026-10-02 00:00:00,Long,CGDG,37.09,0.82%,36.62,suf,参数一,"{""suf"": {""timeframe"": ""d""}}",200.0,0.75,CAP GROUP DIVIDEND GROWERS,1D,,,,,,
2026-10-02 00:00:00,Long,CGDG,37.09,0.82%,36.62,suf,参数二,"{""suf"": {""timeframe"": ""d""}}",200.0,0.75,CAP GROUP DIVIDEND GROWERS,1D,,,,,,
2026-10-02 00:00:00,Long,DFSD,46.51,-0.11%,46.37,mfa,参数一,"{""mfa"": {""mfa_all"": 17}}",200.0,-0.76,DIMENSIONAL SHORT DURATION,1D,,,,,,
2026-10-02 00:00:00,Long,DFSD,46.51,-0.11%,46.37,mfa,参数二,"{""mfa"": {""mfa_all"": 17}}",200.0,-0.76,DIMENSIONAL SHORT DURATION,1D,,,,,,
2026-10-02 00:00:00,Long,REGL,87.72,0.96%,86.63,suf,参数一,"{""suf"": {""timeframe"": ""d""}}",200.0,-1.6,PRSHRS S&P MID 400 DVD ARIST,1D,,,,,,
2026-10-02 00:00:00,Long,REGL,87.72,0.96%,86.63,suf,参数二,"{""suf"": {""timeframe"": ""d""}}",200.0,-1.6,PRSHRS S&P MID 400 DVD ARIST,1D,,,,,,
2026-10-02 00:00:00,Long,BNL,18.56,1.70%,17.88,suf,参数一,"{""suf"": {""timeframe"": ""d""}}",200.0,-3.63,BROADSTONE NET LEASE INC,1D,,,,,,
2026-10-02 00:00:00,Long,BNL,18.56,1.70%,17.88,suf,参数二,"{""suf"": {""timeframe"": ""d""}}",200.0,-3.63,BROADSTONE NET LEASE INC,1D,,,,,,
2026-10-02 00:00:00,Long,PLBY,1.04,2.97%,0.95,suf,参数一,"{""suf"": {""timeframe"": ""d""}}",200.0,-31.24,PLAYBOY INC,1D,,,,,,
2026-10-02 00:00:00,Long,PLBY,1.04,2.97%,0.95,suf,参数二,"{""suf"": {""timeframe"": ""d""}}",200.0,-31.24,PLAYBOY INC,1D,,,,,,
2026-10-02 00:00:00,Long,FXP,22.93,4.32%,22.15,sqz,参数一,"{""sqz"": {""bb_length"": 15, ""bb_mult"": 1.5, ""kc_length"": 15, ""kc_mult"": 1.2, ""min_sqz_bars"": 4}, ""r&s"": {""srb_left"": 10, ""srb_right"": 10}, ""atr"": {""atr_length"": 14, ""atr_mult"": 1.0}}",,,PROSHARES ULTRASHORT FTSE CH,1D,压力释放,21.49-19.93-26.05-21.03-22.5,低-高-低-高,7.23%-30.70%-19.27%-7.00%,11.0,10.71
2026-10-02 00:00:00,Short,GLNK,12.02,-6.09%,13.5,utb,参数一,"{""utb"": {""key_value"": 2, ""atr_period"": 14, ""use_ha"": false}, ""r&s"": {""srb_left"": 10, ""srb_right"": 10}, ""atr"": {""atr_length"": 14, ""atr_mult"": 1.0}}",,,GRAYSCALE CHAINLINK TRUST ET,1D,,,,,,
2026-10-02 00:00:00,Short,MOMO,4.72,-2.07%,4.96,sqz,参数二,"{""sqz"": {""bb_length"": 20, ""bb_mult"": 1.8, ""kc_length"": 20, ""kc_mult"": 1.5, ""min_sqz_bars"": 4}, ""r&s"": {""srb_left"": 15, ""srb_right"": 15}, ""atr"": {""atr_length"": 14, ""atr_mult"": 1.0}}",,,HELLO GROUP INC -SPN ADR,1D,一直释放,nan-5.43-5.32,低-低,nan%-1.97%,69.0,16.82
2026-10-02 00:00:00,Long,SOXL,163.71,6.52%,150.13,sqz,参数一,"{""sqz"": {""bb_length"": 15, ""bb_mult"": 1.5, ""kc_length"": 15, ""kc_mult"": 1.2, ""min_sqz_bars"": 4}, ""r&s"": {""srb_left"": 10, ""srb_right"": 10}, ""atr"": {""atr_length"": 14, ""atr_mult"": 1.0}}",,,DIREX DAIL SEMI BU 3X ET-USD,1D,一直亮绿,71.93-72.31-284.39-301.8-156.82,高-高-高-低,0.53%-293.28%-6.12%-48.04%,33.0,59.12
2026-10-02 00:00:00,Long,SOXL,163.71,6.52%,150.13,sqz,参数二,"{""sqz"": {""bb_length"": 20, ""bb_mult"": 1.8, ""kc_length"": 20, ""kc_mult"": 1.5, ""min_sqz_bars"": 4}, ""r&s"": {""srb_left"": 15, ""srb_right"": 15}, ""atr"": {""atr_length"": 14, ""atr_mult"": 1.0}}",,,DIREX DAIL SEMI BU 3X ET-USD,1D,一直亮绿,nan-71.93-72.31-301.8-156.82,低-高-高-低,nan%-0.53%-317.36%-48.04%,33.0,59.12
2026-10-02 00:00:00,Long,DLHC,4.05,10.05%,3.6,utb,参数一,"{""utb"": {""key_value"": 2, ""atr_period"": 14, ""use_ha"": false}, ""r&s"": {""srb_left"": 10, ""srb_right"": 10}, ""atr"": {""atr_length"": 14, ""atr_mult"": 1.0}}",,,DLH HOLDINGS CORP,1D,,,,,,
2026-10-02 00:00:00,Long,DLHC,4.05,10.05%,3.6,utb,参数二,"{""utb"": {""key_value"": 3, ""atr_period"": 14, ""use_ha"": false}, ""r&s"": {""srb_left"": 15, ""srb_right"": 15}, ""atr"": {""atr_length"": 14, ""atr_mult"": 1.0}}",,,DLH HOLDINGS CORP,1D,,,,,,
2026-10-02 00:00:00,Short,YALA,5.32,-0.56%,5.48,utb,参数一,"{""utb"": {""key_value"": 2, ""atr_period"": 14, ""use_ha"": false}, ""r&s"": {""srb_left"": 10, ""srb_right"": 10}, ""atr"": {""atr_length"": 14, ""atr_mult"": 1.0}}",,,YALLA GROUP LTD,1D,,,,,,
2026-10-02 00:00:00,Short,TAYD,54.97,-10.05%,58.47,utb,参数一,"{""utb"": {""key_value"": 2, ""atr_period"": 14, ""use_ha"": false}, ""r&s"": {""srb_left"": 10, ""srb_right"": 10}, ""atr"": {""atr_length"": 14, ""atr_mult"": 1.0}}",,,TAYLOR DEVICES INC,1D,,,,,,
2026-10-02 00:00:00,Short,TAYD,54.97,-10.05%,58.47,utb,参数二,"{""utb"": {""key_value"": 3, ""atr_period"": 14, ""use_ha"": false}, ""r&s"": {""srb_left"": 15, ""srb_right"": 15}, ""atr"": {""atr_length"": 14, ""atr_mult"": 1.0}}",,,TAYLOR DEVICES INC,1D,,,,,,
2026-10-02 00:00:00,Long,TPHD,41.08,0.47%,40.72,suf,参数一,"{""suf"": {""timeframe"": ""d""}}",200.0,-0.91,TIMOTHY PLAN HIGH DVD STCK,1D,,,,,,
2026-10-02 00:00:00,Long,TPHD,41.08,0.47%,40.72,suf,参数二,"{""suf"": {""timeframe"": ""d""}}",200.0,-0.91,TIMOTHY PLAN HIGH DVD STCK,1D,,,,,,
2026-10-02 00:00:00,Long,BSY,32.23,-1.59%,30.97,mfa,参数一,"{""mfa"": {""mfa_all"": 17}}",200.0,-6.37,BENTLEY SYSTEMS INC-CLASS B,1D,,,,,,
2026-10-02 00:00:00,Long,BSY,32.23,-1.59%,30.97,mfa,参数二,"{""mfa"": {""mfa_all"": 17}}",200.0,-6.37,BENTLEY SYSTEMS INC-CLASS B,1D,,,,,,
2026-10-02 00:00:00,Long,FLDZ,27.89,1.03%,27.43,suf,参数一,"{""suf"": {""timeframe"": ""d""}}",200.0,-7.1,ELEVATION SERIES TRUST-TRUES,1D,,,,,,
2026-10-02 00:00:00,Long,FLDZ,27.89,1.03%,27.43,suf,参数二,"{""suf"": {""timeframe"": ""d""}}",200.0,-7.1,ELEVATION SERIES TRUST-TRUES,1D,,,,,,
2026-10-02 00:00:00,Long,LIAU,238.44,-0.26%,237.28,mfa,参数一,"{""mfa"": {""mfa_all"": 16}}",200.0,-6.64,LIFEX 2060 INF-PRT LONG-INC,1D,,,,,,
2026-10-02 00:00:00,Long,LIAU,238.44,-0.26%,237.28,mfa,参数二,"{""mfa"": {""mfa_all"": 16}}",200.0,-6.64,LIFEX 2060 INF-PRT LONG-INC,1D,,,,,,
2026-10-02 00:00:00,Long,BRAG,1.2,3.45%,1.05,suf,参数一,"{""suf"": {""timeframe"": ""d""}}",200.0,-32.71,BRAGG GAMING GROUP INC,1D,,,,,,
2026-10-02 00:00:00,Long,BRAG,1.2,3.45%,1.05,suf,参数二,"{""suf"": {""timeframe"": ""d""}}",200.0,-32.71,BRAGG GAMING GROUP INC,1D,,,,,,
2026-10-02 00:00:00,Long,UMBF,130.94,0.89%,127.43,suf,参数一,"{""suf"": {""timeframe"": ""d""}}",200.0,1.33,UMB FINANCIAL CORP,1D,,,,,,
2026-10-02 00:00:00,Long,UMBF,130.94,0.89%,127.43,suf,参数二,"{""suf"": {""timeframe"": ""d""}}",200.0,1.33,UMB FINANCIAL CORP,1D,,,,,,
2026-10-02 00:00:00,Long,KVYO,15.71,-2.96%,14.75,mfa,参数一,"{""mfa"": {""mfa_all"": 12}}",200.0,-18.18,KLAVIYO INC-A,1D,,,,,,
2026-10-02 00:00:00,Long,KVYO,15.71,-2.96%,14.75,mfa,参数二,"{""mfa"": {""mfa_all"": 12}}",200.0,-18.18,KLAVIYO INC-A,1D,,,,,,
2026-10-02 00:00:00,Long,LFBE,167.63,-0.25%,166.8,mfa,参数一,"{""mfa"": {""mfa_all"": 17}}",200.0,-6.66,LIFEX 2065 LONGEVITY INCOME,1D,,,,,,
2026-10-02 00:00:00,Long,LFBE,167.63,-0.25%,166.8,mfa,参数二,"{""mfa"": {""mfa_all"": 17}}",200.0,-6.66,LIFEX 2065 LONGEVITY INCOME,1D,,,,,,
2026-10-02 00:00:00,Short,NSAI,9.87,-0.60%,9.89,utb,参数一,"{""utb"": {""key_value"": 2, ""atr_period"": 14, ""use_ha"": false}, ""r&s"": {""srb_left"": 10, ""srb_right"": 10}, ""atr"": {""atr_length"": 14, ""atr_mult"": 1.0}}",,,NORTHSTRIVE ACQUISITION-CL A,1D,,,,,,
2026-10-02 00:00:00,Short,NSAI,9.87,-0.60%,9.89,utb,参数二,"{""utb"": {""key_value"": 3, ""atr_period"": 14, ""use_ha"": false}, ""r&s"": {""srb_left"": 15, ""srb_right"": 15}, ""atr"": {""atr_length"": 14, ""atr_mult"": 1.0}}",,,NORTHSTRIVE ACQUISITION-CL A,1D,,,,,,
2026-10-02 00:00:00,Long,MTZ,215.93,1.06%,204.0,mfa,参数一,"{""mfa"": {""mfa_all"": 29}}",200.0,-29.27,MASTEC INC,1D,,,,,,
2026-10-02 00:00:00,Long,MTZ,215.93,1.06%,204.0,mfa,参数二,"{""mfa"": {""mfa_all"": 29}}",200.0,-29.27,MASTEC INC,1D,,,,,,
2026-10-02 00:00:00,Long,QBKF,26.12,0.35%,26.03,utb,参数一,"{""utb"": {""key_value"": 2, ""atr_period"": 14, ""use_ha"": false}, ""r&s"": {""srb_left"": 10, ""srb_right"": 10}, ""atr"": {""atr_length"": 14, ""atr_mult"": 1.0}}",,,ALLIANZIM US SM CP BUFFER15,1D,,,,,,
2026-10-02 00:00:00,Long,QBKF,26.12,0.35%,26.03,utb,参数二,"{""utb"": {""key_value"": 3, ""atr_period"": 14, ""use_ha"": false}, ""r&s"": {""srb_left"": 15, ""srb_right"": 15}, ""atr"": {""atr_length"": 14, ""atr_mult"": 1.0}}",,,ALLIANZIM US SM CP BUFFER15,1D,,,,,,
2026-10-02 00:00:00,Long,BEAT,0.44,3.82%,0.39,mfa,参数一,"{""mfa"": {""mfa_all"": 82}}",200.0,-59.72,HEARTBEAM INC,1D,,,,,,
2026-10-02 00:00:00,Long,BEAT,0.44,3.82%,0.39,mfa,参数二,"{""mfa"": {""mfa_all"": 82}}",200.0,-59.72,HEARTBEAM INC,1D,,,,,,
2026-10-02 00:00:00,Long,BJRI,61.93,4.52%,56.76,utb,参数一,"{""utb"": {""key_value"": 2, ""atr_period"": 14, ""use_ha"": false}, ""r&s"": {""srb_left"": 10, ""srb_right"": 10}, ""atr"": {""atr_length"": 14, ""atr_mult"": 1.0}}",,,BJ'S RESTAURANTS INC,1D,,,,,,
2026-10-02 00:00:00,Long,FPWR,34.71,0.64%,34.39,suf,参数一,"{""suf"": {""timeframe"": ""d""}}",200.0,-3.78,FIRST TRUST EIP POWER SOLUTI,1D,,,,,,
2026-10-02 00:00:00,Long,FPWR,34.71,0.64%,34.39,suf,参数二,"{""suf"": {""timeframe"": ""d""}}",200.0,-3.78,FIRST TRUST EIP POWER SOLUTI,1D,,,,,,
2026-10-02 00:00:00,Short,RHLD,115.91,-1.77%,126.96,sqz,参数二,"{""sqz"": {""bb_length"": 20, ""bb_mult"": 1.8, ""kc_length"": 20, ""kc_mult"": 1.5, ""min_sqz_bars"": 4}, ""r&s"": {""srb_left"": 15, ""srb_right"": 15}, ""atr"": {""atr_length"": 14, ""atr_mult"": 1.0}}",,,RESOLUTE HOLDINGS MANAG,1D,一直亮红,181.0-176.65-96.79-97.88-116.76,低-低-高-高,2.40%-45.21%-1.13%-19.29%,30.0,26.67
2026-10-02 00:00:00,Long,IIGD,23.8,-0.17%,23.75,mfa,参数一,"{""mfa"": {""mfa_all"": 17}}",200.0,-1.38,INVESCO INV GRADE DEFENSIVE,1D,,,,,,
2026-10-02 00:00:00,Long,IIGD,23.8,-0.17%,23.75,mfa,参数二,"{""mfa"": {""mfa_all"": 17}}",200.0,-1.38,INVESCO INV GRADE DEFENSIVE,1D,,,,,,
2026-10-02 00:00:00,Long,PRN,201.99,0.70%,197.68,utb,参数一,"{""utb"": {""key_value"": 2, ""atr_period"": 14, ""use_ha"": false}, ""r&s"": {""srb_left"": 10, ""srb_right"": 10}, ""atr"": {""atr_length"": 14, ""atr_mult"": 1.0}}",,,INVESCO DORSEY WRIGHT INDUS,1D,,,,,,
2026-10-02 00:00:00,Long,CCSO,24.83,1.24%,24.42,mfa,参数一,"{""mfa"": {""mfa_all"": 17}}",200.0,-7.37,CRBN CLCTV CLM SOL US EQY,1D,,,,,,
2026-10-02 00:00:00,Long,CCSO,24.83,1.24%,24.42,mfa,参数二,"{""mfa"": {""mfa_all"": 17}}",200.0,-7.37,CRBN CLCTV CLM SOL US EQY,1D,,,,,,
2026-10-02 00:00:00,Long,KNGZ,41.14,0.31%,40.76,mfa,参数一,"{""mfa"": {""mfa_all"": 8}}",200.0,6.15,FT - S&P 500 DVD ARISTOCRATS,1D,,,,,,
2026-10-02 00:00:00,Long,KNGZ,41.14,0.31%,40.76,mfa,参数二,"{""mfa"": {""mfa_all"": 8}}",200.0,6.15,FT - S&P 500 DVD ARISTOCRATS,1D,,,,,,
2026-10-02 00:00:00,Long,AKAF,31.19,0.75%,30.93,mfa,参数一,"{""mfa"": {""mfa_all"": 13}}",200.0,-1.1,THE FRONTIER ECONOMIC FUND,1D,,,,,,
2026-10-02 00:00:00,Long,AKAF,31.19,0.75%,30.93,mfa,参数二,"{""mfa"": {""mfa_all"": 13}}",200.0,-1.1,THE FRONTIER ECONOMIC FUND,1D,,,,,,
2026-10-02 00:00:00,Short,WRD,5.03,-3.37%,5.4,sqz,参数二,"{""sqz"": {""bb_length"": 20, ""bb_mult"": 1.8, ""kc_length"": 20, ""kc_mult"": 1.5, ""min_sqz_bars"": 4}, ""r&s"": {""srb_left"": 15, ""srb_right"": 15}, ""atr"": {""atr_length"": 14, ""atr_mult"": 1.0}}",,,WERIDE INC-ADR,1D,一直亮红,nan-6.88-6.01-5.18,低-低-低,nan%-12.72%-13.74%,68.0,25.29
2026-10-02 00:00:00,Long,TLRY,3.61,1.12%,3.37,suf,参数一,"{""suf"": {""timeframe"": ""d""}}",200.0,-41.51,TILRAY BRANDS INC,1D,,,,,,
2026-10-02 00:00:00,Long,TLRY,3.61,1.12%,3.37,suf,参数二,"{""suf"": {""timeframe"": ""d""}}",200.0,-41.51,TILRAY BRANDS INC,1D,,,,,,
2026-10-02 00:00:00,Long,ALH,21.3,0.33%,20.56,mfa,参数一,"{""mfa"": {""mfa_all"": 34}}",200.0,-9.4,ALLIANCE LAUNDRY HOLDINGS IN,1D,,,,,,
2026-10-02 00:00:00,Long,ALH,21.3,0.33%,20.56,mfa,参数二,"{""mfa"": {""mfa_all"": 34}}",200.0,-9.4,ALLIANCE LAUNDRY HOLDINGS IN,1D,,,,,,
2026-10-02 00:00:00,Long,HRL,20.25,1.45%,19.44,mfa,参数一,"{""mfa"": {""mfa_all"": 30}}",200.0,-11.24,HORMEL FOODS CORP,1D,,,,,,
2026-10-02 00:00:00,Long,HRL,20.25,1.45%,19.44,suf,参数一,"{""suf"": {""timeframe"": ""d""}}",200.0,-11.24,HORMEL FOODS CORP,1D,,,,,,
2026-10-02 00:00:00,Long,HRL,20.25,1.45%,19.44,mfa,参数二,"{""mfa"": {""mfa_all"": 30}}",200.0,-11.24,HORMEL FOODS CORP,1D,,,,,,
2026-10-02 00:00:00,Long,HRL,20.25,1.45%,19.44,suf,参数二,"{""suf"": {""timeframe"": ""d""}}",200.0,-11.24,HORMEL FOODS CORP,1D,,,,,,
2026-10-02 00:00:00,Short,ALP,4.6,-2.85%,5.24,utb,参数一,"{""utb"": {""key_value"": 2, ""atr_period"": 14, ""use_ha"": false}, ""r&s"": {""srb_left"": 10, ""srb_right"": 10}, ""atr"": {""atr_length"": 14, ""atr_mult"": 1.0}}",,,ALPHA COMPUTE CORP,1D,,,,,,
2026-10-02 00:00:00,Long,WLK,63.5,1.65%,59.4,suf,参数一,"{""suf"": {""timeframe"": ""d""}}",200.0,-27.25,WESTLAKE CORP,1D,,,,,,
2026-10-02 00:00:00,Long,WLK,63.5,1.65%,59.4,suf,参数二,"{""suf"": {""timeframe"": ""d""}}",200.0,-27.25,WESTLAKE CORP,1D,,,,,,
2026-10-02 00:00:00,Long,PCOR,50.95,-1.37%,48.41,mfa,参数一,"{""mfa"": {""mfa_all"": 13}}",200.0,-7.1,PROCORE TECHNOLOGIES INC,1D,,,,,,
2026-10-02 00:00:00,Long,PCOR,50.95,-1.37%,48.41,mfa,参数二,"{""mfa"": {""mfa_all"": 13}}",200.0,-7.1,PROCORE TECHNOLOGIES INC,1D,,,,,,
2026-10-02 00:00:00,Long,GEV,988.7,0.13%,923.59,sqz,参数一,"{""sqz"": {""bb_length"": 15, ""bb_mult"": 1.5, ""kc_length"": 15, ""kc_mult"": 1.2, ""min_sqz_bars"": 4}, ""r&s"": {""srb_left"": 10, ""srb_right"": 10}, ""atr"": {""atr_length"": 14, ""atr_mult"": 1.0}}",,,GE VERNOVA INC,1D,压力释放,1094.44-1195.94-1140.99-1099.66-983.34,高-低-低-低,9.27%-4.59%-3.62%-10.58%,17.0,13.26
2026-10-02 00:00:00,Short,GMHS,0.61,-8.27%,0.75,utb,参数一,"{""utb"": {""key_value"": 2, ""atr_period"": 14, ""use_ha"": false}, ""r&s"": {""srb_left"": 10, ""srb_right"": 10}, ""atr"": {""atr_length"": 14, ""atr_mult"": 1.0}}",,,GAMEHAUS HOLDINGS INC,1D,,,,,,
2026-10-02 00:00:00,Long,VSH,38.18,11.41%,33.65,sqz,参数一,"{""sqz"": {""bb_length"": 15, ""bb_mult"": 1.5, ""kc_length"": 15, ""kc_mult"": 1.2, ""min_sqz_bars"": 4}, ""r&s"": {""srb_left"": 10, ""srb_right"": 10}, ""atr"": {""atr_length"": 14, ""atr_mult"": 1.0}}",,,VISHAY INTERTECHNOLOGY INC,1D,压力释放,nan-21.77-20.31-69.25-34.04,低-低-高-低,nan%-6.68%-240.89%-50.85%,15.0,12.75
2026-10-02 00:00:00,Long,VSH,38.18,11.41%,33.65,utb,参数二,"{""utb"": {""key_value"": 3, ""atr_period"": 14, ""use_ha"": false}, ""r&s"": {""srb_left"": 15, ""srb_right"": 15}, ""atr"": {""atr_length"": 14, ""atr_mult"": 1.0}}",,,VISHAY INTERTECHNOLOGY INC,1D,,,,,,
2026-10-02 00:00:00,Long,OSCX,34.2,7.32%,27.17,suf,参数一,"{""suf"": {""timeframe"": ""d""}}",200.0,-45.31,DEF DAILY T2X LONG OSCR,1D,,,,,,
2026-10-02 00:00:00,Long,OSCX,34.2,7.32%,27.17,suf,参数二,"{""suf"": {""timeframe"": ""d""}}",200.0,-45.31,DEF DAILY T2X LONG OSCR,1D,,,,,,
2026-10-02 00:00:00,Long,BUD,73.43,0.56%,71.52,suf,参数一,"{""suf"": {""timeframe"": ""d""}}",200.0,-3.06,ANHEUSER-BUSCH INBEV-SPN ADR,1D,,,,,,
2026-10-02 00:00:00,Long,BUD,73.43,0.56%,71.52,suf,参数二,"{""suf"": {""timeframe"": ""d""}}",200.0,-3.06,ANHEUSER-BUSCH INBEV-SPN ADR,1D,,,,,,
2026-10-02 00:00:00,Long,UE,19.7,0.72%,19.29,suf,参数一,"{""suf"": {""timeframe"": ""d""}}",200.0,-5.34,URBAN EDGE PROPERTIES,1D,,,,,,
2026-10-02 00:00:00,Long,UE,19.7,0.72%,19.29,suf,参数二,"{""suf"": {""timeframe"": ""d""}}",200.0,-5.34,URBAN EDGE PROPERTIES,1D,,,,,,
2026-10-02 00:00:00,Long,VCRE,9.33,-1.06%,8.3,mfa,参数一,"{""mfa"": {""mfa_all"": 22}}",200.0,,VICORE PHARMA HOLDING AB ADR,1D,,,,,,
2026-10-02 00:00:00,Long,VCRE,9.33,-1.06%,8.3,mfa,参数二,"{""mfa"": {""mfa_all"": 22}}",200.0,,VICORE PHARMA HOLDING AB ADR,1D,,,,,,
2026-10-02 00:00:00,Short,SSTK,3.81,-7.52%,4.51,sqz,参数一,"{""sqz"": {""bb_length"": 15, ""bb_mult"": 1.5, ""kc_length"": 15, ""kc_mult"": 1.2, ""min_sqz_bars"": 4}, ""r&s"": {""srb_left"": 10, ""srb_right"": 10}, ""atr"": {""atr_length"": 14, ""atr_mult"": 1.0}}",,,SHUTTERSTOCK INC,1D,一直释放,17.11-13.69-15.33-5.17-5.22,低-高-低-高,20.00%-11.99%-66.28%-0.97%,29.0,16.86
2026-10-02 00:00:00,Long,MEC,16.44,4.85%,14.74,suf,参数一,"{""suf"": {""timeframe"": ""d""}}",200.0,-28.68,MAYVILLE ENGINEERING CO INC,1D,,,,,,
2026-10-02 00:00:00,Long,MEC,16.44,4.85%,14.74,suf,参数二,"{""suf"": {""timeframe"": ""d""}}",200.0,-28.68,MAYVILLE ENGINEERING CO INC,1D,,,,,,
2026-10-02 00:00:00,Long,PDFS,55.5,3.95%,52.14,sqz,参数二,"{""sqz"": {""bb_length"": 20, ""bb_mult"": 1.8, ""kc_length"": 20, ""kc_mult"": 1.5, ""min_sqz_bars"": 4}, ""r&s"": {""srb_left"": 15, ""srb_right"": 15}, ""atr"": {""atr_length"": 14, ""atr_mult"": 1.0}}",,,PDF SOLUTIONS INC,1D,一直亮绿,nan-36.99-71.69-53.43,低-高-低,nan%-93.81%-25.47%,33.0,32.71
2026-10-02 00:00:00,Long,KARS,27.78,1.96%,27.09,suf,参数一,"{""suf"": {""timeframe"": ""d""}}",200.0,-13.36,KRANESHARES ELECTRIC VEHICLE,1D,,,,,,
2026-10-02 00:00:00,Long,KARS,27.78,1.96%,27.09,suf,参数二,"{""suf"": {""timeframe"": ""d""}}",200.0,-13.36,KRANESHARES ELECTRIC VEHICLE,1D,,,,,,
2026-10-02 00:00:00,Long,FNK,59.93,0.40%,59.36,suf,参数一,"{""suf"": {""timeframe"": ""d""}}",200.0,0.44,FIRST TRUST MID CAP VALUE,1D,,,,,,
2026-10-02 00:00:00,Long,FNK,59.93,0.40%,59.36,suf,参数二,"{""suf"": {""timeframe"": ""d""}}",200.0,0.44,FIRST TRUST MID CAP VALUE,1D,,,,,,
2026-10-02 00:00:00,Long,FER,53.64,1.32%,51.88,suf,参数一,"{""suf"": {""timeframe"": ""d""}}",200.0,-18.05,FERROVIAL NV,1D,,,,,,
2026-10-02 00:00:00,Long,FER,53.64,1.32%,51.88,suf,参数二,"{""suf"": {""timeframe"": ""d""}}",200.0,-18.05,FERROVIAL NV,1D,,,,,,
2026-10-02 00:00:00,Long,OSG,4.6,6.98%,4.1,utb,参数一,"{""utb"": {""key_value"": 2, ""atr_period"": 14, ""use_ha"": false}, ""r&s"": {""srb_left"": 10, ""srb_right"": 10}, ""atr"": {""atr_length"": 14, ""atr_mult"": 1.0}}",,,OCTAVE SPECIALTY GROUP INC,1D,,,,,,
2026-10-02 00:00:00,Long,CRPT,16.54,4.35%,14.92,sqz,参数二,"{""sqz"": {""bb_length"": 20, ""bb_mult"": 1.8, ""kc_length"": 20, ""kc_mult"": 1.5, ""min_sqz_bars"": 4}, ""r&s"": {""srb_left"": 15, ""srb_right"": 15}, ""atr"": {""atr_length"": 14, ""atr_mult"": 1.0}}",,,FT SKYBR CRYPT & DIG ECON,1D,一直释放,nan-18.71-14.13-16.5-12.78,低-低-高-低,nan%-24.48%-16.77%-22.55%,52.0,17.57
2026-10-02 00:00:00,Short,AJG,226.11,-2.46%,239.19,sqz,参数一,"{""sqz"": {""bb_length"": 15, ""bb_mult"": 1.5, ""kc_length"": 15, ""kc_mult"": 1.2, ""min_sqz_bars"": 4}, ""r&s"": {""srb_left"": 10, ""srb_right"": 10}, ""atr"": {""atr_length"": 14, ""atr_mult"": 1.0}}",,,ARTHUR J GALLAGHER & CO,1D,一直释放,193.24-202.0-189.61-207.53-240.18,高-低-高-高,4.53%-6.13%-9.45%-15.73%,42.0,13.28
2026-10-02 00:00:00,Short,BIOT,0.34,-2.86%,0.67,sqz,参数一,"{""sqz"": {""bb_length"": 15, ""bb_mult"": 1.5, ""kc_length"": 15, ""kc_mult"": 1.2, ""min_sqz_bars"": 4}, ""r&s"": {""srb_left"": 10, ""srb_right"": 10}, ""atr"": {""atr_length"": 14, ""atr_mult"": 1.0}}",,,INSTINCT BIO TECHNICAL CO HO,1D,支撑释放,nan-0.36,低,nan%,33.0,44.44
2026-10-02 00:00:00,Long,RIFR,26.81,1.04%,26.49,suf,参数一,"{""suf"": {""timeframe"": ""d""}}",200.0,-4.23,RUSSELL INVESTMENTS GLOBAL I,1D,,,,,,
2026-10-02 00:00:00,Long,RIFR,26.81,1.04%,26.49,suf,参数二,"{""suf"": {""timeframe"": ""d""}}",200.0,-4.23,RUSSELL INVESTMENTS GLOBAL I,1D,,,,,,
2026-10-02 00:00:00,Long,SNFCA,9.07,3.07%,8.64,utb,参数一,"{""utb"": {""key_value"": 2, ""atr_period"": 14, ""use_ha"": false}, ""r&s"": {""srb_left"": 10, ""srb_right"": 10}, ""atr"": {""atr_length"": 14, ""atr_mult"": 1.0}}",,,SECURITY NATL FINL CORP-CL A,1D,,,,,,
2026-10-02 00:00:00,Long,ISPR,1.38,2.99%,1.17,mfa,参数一,"{""mfa"": {""mfa_all"": 13}}",200.0,-29.67,ISPIRE TECHNOLOGY INC,1D,,,,,,
2026-10-02 00:00:00,Long,ISPR,1.38,2.99%,1.17,mfa,参数二,"{""mfa"": {""mfa_all"": 13}}",200.0,-29.67,ISPIRE TECHNOLOGY INC,1D,,,,,,
2026-10-02 00:00:00,Long,XYL,101.79,0.90%,98.73,suf,参数一,"{""suf"": {""timeframe"": ""d""}}",200.0,-15.33,XYLEM INC,1D,,,,,,
2026-10-02 00:00:00,Long,XYL,101.79,0.90%,98.73,suf,参数二,"{""suf"": {""timeframe"": ""d""}}",200.0,-15.33,XYLEM INC,1D,,,,,,
2026-10-02 00:00:00,Long,FR,59.46,1.00%,57.23,suf,参数一,"{""suf"": {""timeframe"": ""d""}}",200.0,-1.59,FIRST INDUSTRIAL REALTY TR,1D,,,,,,
2026-10-02 00:00:00,Long,FR,59.46,1.00%,57.23,suf,参数二,"{""suf"": {""timeframe"": ""d""}}",200.0,-1.59,FIRST INDUSTRIAL REALTY TR,1D,,,,,,
2026-10-02 00:00:00,Long,IBRX,10.28,10.83%,8.78,sqz,参数一,"{""sqz"": {""bb_length"": 15, ""bb_mult"": 1.5, ""kc_length"": 15, ""kc_mult"": 1.2, ""min_sqz_bars"": 4}, ""r&s"": {""srb_left"": 10, ""srb_right"": 10}, ""atr"": {""atr_length"": 14, ""atr_mult"": 1.0}}",,,IMMUNITYBIO INC,1D,压力释放,9.54-8.56-8.69-9.6-8.76,低-高-高-低,10.27%-1.52%-10.47%-8.75%,25.0,14.66
2026-10-02 00:00:00,Long,IBRX,10.28,10.83%,8.78,sqz,参数二,"{""sqz"": {""bb_length"": 20, ""bb_mult"": 1.8, ""kc_length"": 20, ""kc_mult"": 1.5, ""min_sqz_bars"": 4}, ""r&s"": {""srb_left"": 15, ""srb_right"": 15}, ""atr"": {""atr_length"": 14, ""atr_mult"": 1.0}}",,,IMMUNITYBIO INC,1D,压力释放,nan-8.28-12.43-8.69-9.6,低-高-低-高,nan%-50.12%-30.09%-10.47%,64.0,44.36
2026-10-02 00:00:00,Long,LUD,3.82,9.46%,3.62,suf,参数一,"{""suf"": {""timeframe"": ""d""}}",200.0,-28.76,LUDA TECHNOLOGY GROUP LTD,1D,,,,,,
2026-10-02 00:00:00,Long,LUD,3.82,9.46%,3.62,suf,参数二,"{""suf"": {""timeframe"": ""d""}}",200.0,-28.76,LUDA TECHNOLOGY GROUP LTD,1D,,,,,,
2026-10-02 00:00:00,Long,CMP,22.2,1.79%,21.19,suf,参数一,"{""suf"": {""timeframe"": ""d""}}",200.0,-13.88,COMPASS MINERALS INTERNATION,1D,,,,,,
2026-10-02 00:00:00,Long,CMP,22.2,1.79%,21.19,suf,参数二,"{""suf"": {""timeframe"": ""d""}}",200.0,-13.88,COMPASS MINERALS INTERNATION,1D,,,,,,
2026-10-02 00:00:00,Short,ACRS,4.39,-0.45%,4.9,sqz,参数一,"{""sqz"": {""bb_length"": 15, ""bb_mult"": 1.5, ""kc_length"": 15, ""kc_mult"": 1.2, ""min_sqz_bars"": 4}, ""r&s"": {""srb_left"": 10, ""srb_right"": 10}, ""atr"": {""atr_length"": 14, ""atr_mult"": 1.0}}",,,ACLARIS THERAPEUTICS INC,1D,支撑释放,3.2-4.23-4.07-5.01-4.97,高-低-高-低,32.19%-3.69%-22.97%-0.70%,12.0,15.88
2026-10-02 00:00:00,Short,ZLAB,24.33,-4.59%,25.94,utb,参数一,"{""utb"": {""key_value"": 2, ""atr_period"": 14, ""use_ha"": false}, ""r&s"": {""srb_left"": 10, ""srb_right"": 10}, ""atr"": {""atr_length"": 14, ""atr_mult"": 1.0}}",,,ZAI LAB LTD-ADR,1D,,,,,,
2026-10-02 00:00:00,Long,CCU,10.59,2.52%,10.1,suf,参数一,"{""suf"": {""timeframe"": ""d""}}",200.0,-12.34,CIA CERVECERIAS UNI-SPON ADR,1D,,,,,,
2026-10-02 00:00:00,Long,CCU,10.59,2.52%,10.1,suf,参数二,"{""suf"": {""timeframe"": ""d""}}",200.0,-12.34,CIA CERVECERIAS UNI-SPON ADR,1D,,,,,,
2026-10-02 00:00:00,Long,FICS,39.93,0.92%,39.4,suf,参数一,"{""suf"": {""timeframe"": ""d""}}",200.0,-1.48,FT INTERNATIONAL DEV CAP STR,1D,,,,,,
2026-10-02 00:00:00,Long,FICS,39.93,0.92%,39.4,suf,参数二,"{""suf"": {""timeframe"": ""d""}}",200.0,-1.48,FT INTERNATIONAL DEV CAP STR,1D,,,,,,
2026-10-02 00:00:00,Long,EE,32.54,1.34%,30.7,suf,参数一,"{""suf"": {""timeframe"": ""d""}}",200.0,-7.97,EXCELERATE ENERGY INC-A,1D,,,,,,
2026-10-02 00:00:00,Long,EE,32.54,1.34%,30.7,suf,参数二,"{""suf"": {""timeframe"": ""d""}}",200.0,-7.97,EXCELERATE ENERGY INC-A,1D,,,,,,
2026-10-02 00:00:00,Long,MYCH,24.56,-0.04%,24.51,mfa,参数一,"{""mfa"": {""mfa_all"": 13}}",200.0,0.36,STATE STREET MY2028 CORPORAT,1D,,,,,,
2026-10-02 00:00:00,Long,MYCH,24.56,-0.04%,24.51,mfa,参数二,"{""mfa"": {""mfa_all"": 13}}",200.0,0.36,STATE STREET MY2028 CORPORAT,1D,,,,,,
2026-10-02 00:00:00,Long,TTI,6.0,2.92%,5.53,suf,参数一,"{""suf"": {""timeframe"": ""d""}}",200.0,-34.23,TETRA TECHNOLOGIES INC,1D,,,,,,
2026-10-02 00:00:00,Long,TTI,6.0,2.92%,5.53,suf,参数二,"{""suf"": {""timeframe"": ""d""}}",200.0,-34.23,TETRA TECHNOLOGIES INC,1D,,,,,,
2026-10-02 00:00:00,Long,INDH,36.94,-0.02%,36.73,mfa,参数一,"{""mfa"": {""mfa_all"": 19}}",200.0,-7.02,WISDOMTREE INDIA HEDG EQ,1D,,,,,,
2026-10-02 00:00:00,Long,INDH,36.94,-0.02%,36.73,mfa,参数二,"{""mfa"": {""mfa_all"": 19}}",200.0,-7.02,WISDOMTREE INDIA HEDG EQ,1D,,,,,,
2026-10-02 00:00:00,Short,IAUX,1.62,0.00%,1.74,sqz,参数一,"{""sqz"": {""bb_length"": 15, ""bb_mult"": 1.5, ""kc_length"": 15, ""kc_mult"": 1.2, ""min_sqz_bars"": 4}, ""r&s"": {""srb_left"": 10, ""srb_right"": 10}, ""atr"": {""atr_length"": 14, ""atr_mult"": 1.0}}",,,I-80 GOLD CORP,1D,支撑释放,nan-1.23-1.42-1.24-1.62,低-高-低-高,nan%-15.45%-13.03%-31.17%,12.0,16.05
2026-10-02 00:00:00,Long,GSHR,10.58,0.09%,10.57,sqz,参数二,"{""sqz"": {""bb_length"": 20, ""bb_mult"": 1.8, ""kc_length"": 20, ""kc_mult"": 1.5, ""min_sqz_bars"": 4}, ""r&s"": {""srb_left"": 15, ""srb_right"": 15}, ""atr"": {""atr_length"": 14, ""atr_mult"": 1.0}}",,,GESHER ACQUISITION CORP II-A,1D,一直释放,nan-10.41-10.39,低-低,nan%-0.19%,119.0,0.19
2026-10-02 00:00:00,Short,GRND,13.43,-5.22%,15.03,sqz,参数一,"{""sqz"": {""bb_length"": 15, ""bb_mult"": 1.5, ""kc_length"": 15, ""kc_mult"": 1.2, ""min_sqz_bars"": 4}, ""r&s"": {""srb_left"": 10, ""srb_right"": 10}, ""atr"": {""atr_length"": 14, ""atr_mult"": 1.0}}",,,GRINDR INC,1D,支撑释放,9.73-11.79-10.3-14.1-14.7,高-低-高-高,21.15%-12.64%-36.89%-4.26%,17.0,11.63
2026-10-02 00:00:00,Short,GRND,13.43,-5.22%,15.03,sqz,参数二,"{""sqz"": {""bb_length"": 20, ""bb_mult"": 1.8, ""kc_length"": 20, ""kc_mult"": 1.5, ""min_sqz_bars"": 4}, ""r&s"": {""srb_left"": 15, ""srb_right"": 15}, ""atr"": {""atr_length"": 14, ""atr_mult"": 1.0}}",,,GRINDR INC,1D,支撑释放,9.73-11.79-10.3-14.1-14.7,高-低-高-高,21.15%-12.64%-36.89%-4.26%,17.0,11.63
2026-10-02 00:00:00,Long,LQDB,81.96,-0.24%,81.65,mfa,参数一,"{""mfa"": {""mfa_all"": 17}}",200.0,-2.71,ISHARES BBB RATE CORP BOND,1D,,,,,,
2026-10-02 00:00:00,Long,LQDB,81.96,-0.24%,81.65,mfa,参数二,"{""mfa"": {""mfa_all"": 17}}",200.0,-2.71,ISHARES BBB RATE CORP BOND,1D,,,,,,
2026-10-02 00:00:00,Long,TER,449.04,8.00%,406.56,sqz,参数一,"{""sqz"": {""bb_length"": 15, ""bb_mult"": 1.5, ""kc_length"": 15, ""kc_mult"": 1.2, ""min_sqz_bars"": 4}, ""r&s"": {""srb_left"": 10, ""srb_right"": 10}, ""atr"": {""atr_length"": 14, ""atr_mult"": 1.0}}",,,TERADYNE INC,1D,一直亮绿,nan-344.66-421.79-487.72-444.0,低-高-高-低,nan%-22.38%-15.63%-8.96%,33.0,36.25
2026-10-02 00:00:00,Long,TER,449.04,8.00%,406.56,sqz,参数二,"{""sqz"": {""bb_length"": 20, ""bb_mult"": 1.8, ""kc_length"": 20, ""kc_mult"": 1.5, ""min_sqz_bars"": 4}, ""r&s"": {""srb_left"": 15, ""srb_right"": 15}, ""atr"": {""atr_length"": 14, ""atr_mult"": 1.0}}",,,TERADYNE INC,1D,一直亮绿,nan-344.66-421.79-487.72-444.0,低-高-高-低,nan%-22.38%-15.63%-8.96%,33.0,36.25
2026-10-02 00:00:00,Long,NFLT,22.12,0.16%,21.95,suf,参数一,"{""suf"": {""timeframe"": ""d""}}",200.0,-1.46,VIRTUS NEWFLEET MULTI-SECTOR,1D,,,,,,
2026-10-02 00:00:00,Long,NFLT,22.12,0.16%,21.95,suf,参数二,"{""suf"": {""timeframe"": ""d""}}",200.0,-1.46,VIRTUS NEWFLEET MULTI-SECTOR,1D,,,,,,
2026-10-02 00:00:00,Short,MNTS,3.71,-1.33%,4.11,sqz,参数二,"{""sqz"": {""bb_length"": 20, ""bb_mult"": 1.8, ""kc_length"": 20, ""kc_mult"": 1.5, ""min_sqz_bars"": 4}, ""r&s"": {""srb_left"": 15, ""srb_right"": 15}, ""atr"": {""atr_length"": 14, ""atr_mult"": 1.0}}",,,MOMENTUS INC,1D,支撑释放,nan-3.11-3.92,低-高,nan%-26.14%,43.0,33.57
2026-10-02 00:00:00,Long,SHEH,70.91,0.57%,69.33,sqz,参数一,"{""sqz"": {""bb_length"": 15, ""bb_mult"": 1.5, ""kc_length"": 15, ""kc_mult"": 1.2, ""min_sqz_bars"": 4}, ""r&s"": {""srb_left"": 10, ""srb_right"": 10}, ""atr"": {""atr_length"": 14, ""atr_mult"": 1.0}}",,,THE SHELL PLC ADRHEDGED,1D,一直释放,53.98-68.92-64.23-63.62-66.14,高-低-低-高,27.66%-6.79%-0.96%-3.95%,44.0,4.66
