日期,信号,代码,现价,涨幅,止损,策略,参组,参数,名称,周期,释放类型,支撑压力价格,支撑压力趋势,支撑压力涨幅,区间K线数量,区间K线振幅
2026-09-04 00:00:00,Long,BFST,31.84,1.11%,30.83,utb,参数一,"{""utb"": {""key_value"": 2, ""atr_period"": 14, ""use_ha"": false}, ""r&s"": {""srb_left"": 10, ""srb_right"": 10}, ""atr"": {""atr_length"": 14, ""atr_mult"": 1.0}}",BUSINESS FIRST BANCSHARES,1D,,,,,,
2026-09-04 00:00:00,Long,BE,252.87,7.35%,216.28,utb,参数二,"{""utb"": {""key_value"": 3, ""atr_period"": 14, ""use_ha"": false}, ""r&s"": {""srb_left"": 15, ""srb_right"": 15}, ""atr"": {""atr_length"": 14, ""atr_mult"": 1.0}}",BLOOM ENERGY CORP- A,1D,,,,,,
2026-09-04 00:00:00,Short,LLYVK,99.0,-2.28%,104.45,utb,参数二,"{""utb"": {""key_value"": 3, ""atr_period"": 14, ""use_ha"": false}, ""r&s"": {""srb_left"": 15, ""srb_right"": 15}, ""atr"": {""atr_length"": 14, ""atr_mult"": 1.0}}",LIBERTY LIVE HOLDINGS-C,1D,,,,,,
2026-09-04 00:00:00,Short,QLEP,9.97,-0.30%,10.0,utb,参数一,"{""utb"": {""key_value"": 2, ""atr_period"": 14, ""use_ha"": false}, ""r&s"": {""srb_left"": 10, ""srb_right"": 10}, ""atr"": {""atr_length"": 14, ""atr_mult"": 1.0}}",QUANTUM LEAP ACQUI COR-CL A,1D,,,,,,
2026-09-04 00:00:00,Long,DHT,20.87,3.37%,19.52,sqz,参数一,"{""sqz"": {""bb_length"": 15, ""bb_mult"": 1.5, ""kc_length"": 15, ""kc_mult"": 1.2, ""min_sqz_bars"": 4}, ""r&s"": {""srb_left"": 10, ""srb_right"": 10}, ""atr"": {""atr_length"": 14, ""atr_mult"": 1.0}}",DHT HOLDINGS INC,1D,一直释放,nan-18.59-17.05-17.96-18.93,低-低-高-高,nan%-8.32%-5.36%-5.39%,51.0,23.56
2026-09-04 00:00:00,Short,RGEN,167.6,-1.19%,176.93,utb,参数一,"{""utb"": {""key_value"": 2, ""atr_period"": 14, ""use_ha"": false}, ""r&s"": {""srb_left"": 10, ""srb_right"": 10}, ""atr"": {""atr_length"": 14, ""atr_mult"": 1.0}}",REPLIGEN CORP,1D,,,,,,
2026-09-04 00:00:00,Short,SYK,303.13,-1.58%,317.4,sqz,参数一,"{""sqz"": {""bb_length"": 15, ""bb_mult"": 1.5, ""kc_length"": 15, ""kc_mult"": 1.2, ""min_sqz_bars"": 4}, ""r&s"": {""srb_left"": 10, ""srb_right"": 10}, ""atr"": {""atr_length"": 14, ""atr_mult"": 1.0}}",STRYKER CORP,1D,一直亮红,347.5-318.47-280.25-290.19-306.53,低-低-高-高,8.35%-12.00%-3.54%-5.63%,38.0,14.99
2026-09-04 00:00:00,Long,MBVI,10.23,0.10%,10.22,utb,参数一,"{""utb"": {""key_value"": 2, ""atr_period"": 14, ""use_ha"": false}, ""r&s"": {""srb_left"": 10, ""srb_right"": 10}, ""atr"": {""atr_length"": 14, ""atr_mult"": 1.0}}",M3-BRIGADE ACQUISITION-CL A,1D,,,,,,
2026-09-04 00:00:00,Long,MBVI,10.23,0.10%,10.22,sqz,参数一,"{""sqz"": {""bb_length"": 15, ""bb_mult"": 1.5, ""kc_length"": 15, ""kc_mult"": 1.2, ""min_sqz_bars"": 4}, ""r&s"": {""srb_left"": 10, ""srb_right"": 10}, ""atr"": {""atr_length"": 14, ""atr_mult"": 1.0}}",M3-BRIGADE ACQUISITION-CL A,1D,一直释放,nan-10.18-10.16,低-低,nan%-0.20%,65.0,0.3
2026-09-04 00:00:00,Long,MBVI,10.23,0.10%,10.22,utb,参数二,"{""utb"": {""key_value"": 3, ""atr_period"": 14, ""use_ha"": false}, ""r&s"": {""srb_left"": 15, ""srb_right"": 15}, ""atr"": {""atr_length"": 14, ""atr_mult"": 1.0}}",M3-BRIGADE ACQUISITION-CL A,1D,,,,,,
2026-09-04 00:00:00,Long,SBFM,1.14,2.70%,0.99,mfa,参数一,"{""mfa"": {""mfa_all"": 41}}",SUNSHINE BIOPHARMA INC,1D,,,,,,
2026-09-04 00:00:00,Long,SBFM,1.14,2.70%,0.99,mfa,参数二,"{""mfa"": {""mfa_all"": 41}}",SUNSHINE BIOPHARMA INC,1D,,,,,,
2026-09-04 00:00:00,Long,BBWI,19.51,2.85%,17.33,utb,参数一,"{""utb"": {""key_value"": 2, ""atr_period"": 14, ""use_ha"": false}, ""r&s"": {""srb_left"": 10, ""srb_right"": 10}, ""atr"": {""atr_length"": 14, ""atr_mult"": 1.0}}",BATH & BODY WORKS INC,1D,,,,,,
2026-09-04 00:00:00,Short,JACS,10.72,-0.19%,10.73,utb,参数一,"{""utb"": {""key_value"": 2, ""atr_period"": 14, ""use_ha"": false}, ""r&s"": {""srb_left"": 10, ""srb_right"": 10}, ""atr"": {""atr_length"": 14, ""atr_mult"": 1.0}}",JACKSON ACQUISITION CO-CL A,1D,,,,,,
2026-09-04 00:00:00,Short,JACS,10.72,-0.19%,10.73,utb,参数二,"{""utb"": {""key_value"": 3, ""atr_period"": 14, ""use_ha"": false}, ""r&s"": {""srb_left"": 15, ""srb_right"": 15}, ""atr"": {""atr_length"": 14, ""atr_mult"": 1.0}}",JACKSON ACQUISITION CO-CL A,1D,,,,,,
2026-09-04 00:00:00,Long,NWBI,15.62,0.71%,15.23,utb,参数一,"{""utb"": {""key_value"": 2, ""atr_period"": 14, ""use_ha"": false}, ""r&s"": {""srb_left"": 10, ""srb_right"": 10}, ""atr"": {""atr_length"": 14, ""atr_mult"": 1.0}}",NORTHWEST BANCSHARES INC,1D,,,,,,
2026-09-04 00:00:00,Short,AXG,2.24,-1.75%,2.41,sqz,参数二,"{""sqz"": {""bb_length"": 20, ""bb_mult"": 1.8, ""kc_length"": 20, ""kc_mult"": 1.5, ""min_sqz_bars"": 4}, ""r&s"": {""srb_left"": 15, ""srb_right"": 15}, ""atr"": {""atr_length"": 14, ""atr_mult"": 1.0}}",SOLOWIN HOLDINGS-CL A,1D,一直释放,nan-3.1-2.69-3.2,低-低-高,nan%-13.23%-18.96%,101.0,33.44
2026-09-04 00:00:00,Long,AIMD,1.6,2.56%,1.4,utb,参数一,"{""utb"": {""key_value"": 2, ""atr_period"": 14, ""use_ha"": false}, ""r&s"": {""srb_left"": 10, ""srb_right"": 10}, ""atr"": {""atr_length"": 14, ""atr_mult"": 1.0}}",AINOS INC,1D,,,,,,
2026-09-04 00:00:00,Long,VBNK,22.41,8.84%,19.88,sqz,参数一,"{""sqz"": {""bb_length"": 15, ""bb_mult"": 1.5, ""kc_length"": 15, ""kc_mult"": 1.2, ""min_sqz_bars"": 4}, ""r&s"": {""srb_left"": 10, ""srb_right"": 10}, ""atr"": {""atr_length"": 14, ""atr_mult"": 1.0}}",VERSABANK,1D,压力释放,17.44-19.0-25.03-24.4-20.56,高-高-低-低,8.96%-31.74%-2.51%-15.73%,15.0,12.29
2026-09-04 00:00:00,Long,VBNK,22.41,8.84%,19.88,utb,参数二,"{""utb"": {""key_value"": 3, ""atr_period"": 14, ""use_ha"": false}, ""r&s"": {""srb_left"": 15, ""srb_right"": 15}, ""atr"": {""atr_length"": 14, ""atr_mult"": 1.0}}",VERSABANK,1D,,,,,,
2026-09-04 00:00:00,Long,HFBL,25.99,3.84%,25.41,utb,参数一,"{""utb"": {""key_value"": 2, ""atr_period"": 14, ""use_ha"": false}, ""r&s"": {""srb_left"": 10, ""srb_right"": 10}, ""atr"": {""atr_length"": 14, ""atr_mult"": 1.0}}",HOME FEDERAL BANCORP INC/LA,1D,,,,,,
2026-09-04 00:00:00,Short,AARD,5.38,-6.11%,6.77,utb,参数二,"{""utb"": {""key_value"": 3, ""atr_period"": 14, ""use_ha"": false}, ""r&s"": {""srb_left"": 15, ""srb_right"": 15}, ""atr"": {""atr_length"": 14, ""atr_mult"": 1.0}}",AARDVARK THERAPEUTICS INC,1D,,,,,,
2026-09-04 00:00:00,Short,DYN,24.28,-2.69%,25.7,utb,参数一,"{""utb"": {""key_value"": 2, ""atr_period"": 14, ""use_ha"": false}, ""r&s"": {""srb_left"": 10, ""srb_right"": 10}, ""atr"": {""atr_length"": 14, ""atr_mult"": 1.0}}",DYNE THERAPEUTICS INC,1D,,,,,,
2026-09-04 00:00:00,Long,NBTB,52.27,1.24%,50.49,utb,参数一,"{""utb"": {""key_value"": 2, ""atr_period"": 14, ""use_ha"": false}, ""r&s"": {""srb_left"": 10, ""srb_right"": 10}, ""atr"": {""atr_length"": 14, ""atr_mult"": 1.0}}",N B T BANCORP INC,1D,,,,,,
2026-09-04 00:00:00,Long,SBFG,29.99,2.64%,28.18,sqz,参数一,"{""sqz"": {""bb_length"": 15, ""bb_mult"": 1.5, ""kc_length"": 15, ""kc_mult"": 1.2, ""min_sqz_bars"": 4}, ""r&s"": {""srb_left"": 10, ""srb_right"": 10}, ""atr"": {""atr_length"": 14, ""atr_mult"": 1.0}}",SB FINANCIAL GROUP INC,1D,压力释放,22.59-22.7-22.7-27.53-28.21,高-低-高-高,0.48%-0.00%-21.28%-2.49%,16.0,7.77
2026-09-04 00:00:00,Short,CARG,33.74,-1.43%,35.31,utb,参数二,"{""utb"": {""key_value"": 3, ""atr_period"": 14, ""use_ha"": false}, ""r&s"": {""srb_left"": 15, ""srb_right"": 15}, ""atr"": {""atr_length"": 14, ""atr_mult"": 1.0}}",CARGURUS INC,1D,,,,,,
2026-09-04 00:00:00,Long,WOR,62.49,1.99%,59.12,sqz,参数二,"{""sqz"": {""bb_length"": 20, ""bb_mult"": 1.8, ""kc_length"": 20, ""kc_mult"": 1.5, ""min_sqz_bars"": 4}, ""r&s"": {""srb_left"": 15, ""srb_right"": 15}, ""atr"": {""atr_length"": 14, ""atr_mult"": 1.0}}",WORTHINGTON ENTERPRISES INC,1D,压力释放,58.14-59.16-56.5-61.95-59.66,高-低-高-低,1.76%-4.50%-9.65%-3.70%,22.0,6.75
2026-09-04 00:00:00,Long,IBO,0.54,12.50%,0.43,utb,参数一,"{""utb"": {""key_value"": 2, ""atr_period"": 14, ""use_ha"": false}, ""r&s"": {""srb_left"": 10, ""srb_right"": 10}, ""atr"": {""atr_length"": 14, ""atr_mult"": 1.0}}",IMPACT BIOMEDICAL INC,1D,,,,,,
2026-09-04 00:00:00,Long,IBO,0.54,12.50%,0.43,utb,参数二,"{""utb"": {""key_value"": 3, ""atr_period"": 14, ""use_ha"": false}, ""r&s"": {""srb_left"": 15, ""srb_right"": 15}, ""atr"": {""atr_length"": 14, ""atr_mult"": 1.0}}",IMPACT BIOMEDICAL INC,1D,,,,,,
2026-09-04 00:00:00,Long,ALLY,43.73,0.32%,42.14,utb,参数一,"{""utb"": {""key_value"": 2, ""atr_period"": 14, ""use_ha"": false}, ""r&s"": {""srb_left"": 10, ""srb_right"": 10}, ""atr"": {""atr_length"": 14, ""atr_mult"": 1.0}}",ALLY FINANCIAL INC,1D,,,,,,
2026-09-04 00:00:00,Long,FNGR,0.2,-1.01%,0.12,mfa,参数一,"{""mfa"": {""mfa_all"": 10}}",FINGERMOTION INC,1D,,,,,,
2026-09-04 00:00:00,Long,FNGR,0.2,-1.01%,0.12,mfa,参数二,"{""mfa"": {""mfa_all"": 10}}",FINGERMOTION INC,1D,,,,,,
2026-09-04 00:00:00,Short,FTV,56.94,-0.97%,58.72,sqz,参数二,"{""sqz"": {""bb_length"": 20, ""bb_mult"": 1.8, ""kc_length"": 20, ""kc_mult"": 1.5, ""min_sqz_bars"": 4}, ""r&s"": {""srb_left"": 15, ""srb_right"": 15}, ""atr"": {""atr_length"": 14, ""atr_mult"": 1.0}}",FORTIVE CORP,1D,一直亮红,nan-52.26-53.36-57.25-57.41,低-高-高-高,nan%-2.11%-7.29%-0.27%,26.0,8.95
2026-09-04 00:00:00,Long,TYRA,28.65,15.25%,22.92,utb,参数一,"{""utb"": {""key_value"": 2, ""atr_period"": 14, ""use_ha"": false}, ""r&s"": {""srb_left"": 10, ""srb_right"": 10}, ""atr"": {""atr_length"": 14, ""atr_mult"": 1.0}}",TYRA BIOSCIENCES INC,1D,,,,,,
2026-09-04 00:00:00,Short,MSI,468.05,-0.89%,483.24,utb,参数一,"{""utb"": {""key_value"": 2, ""atr_period"": 14, ""use_ha"": false}, ""r&s"": {""srb_left"": 10, ""srb_right"": 10}, ""atr"": {""atr_length"": 14, ""atr_mult"": 1.0}}",MOTOROLA SOLUTIONS INC,1D,,,,,,
2026-09-04 00:00:00,Long,OPRT,7.87,6.21%,7.05,utb,参数一,"{""utb"": {""key_value"": 2, ""atr_period"": 14, ""use_ha"": false}, ""r&s"": {""srb_left"": 10, ""srb_right"": 10}, ""atr"": {""atr_length"": 14, ""atr_mult"": 1.0}}",OPORTUN FINANCIAL CORP,1D,,,,,,
2026-09-04 00:00:00,Short,SLSR,8.14,-1.33%,8.56,utb,参数一,"{""utb"": {""key_value"": 2, ""atr_period"": 14, ""use_ha"": false}, ""r&s"": {""srb_left"": 10, ""srb_right"": 10}, ""atr"": {""atr_length"": 14, ""atr_mult"": 1.0}}",SOLARIS RESOURCES INC,1D,,,,,,
2026-09-04 00:00:00,Short,TYL,364.03,-4.02%,394.94,suf,参数一,"{""suf"": {""timeframe"": ""d""}}",TYLER TECHNOLOGIES INC,1D,,,,,,
2026-09-04 00:00:00,Short,TYL,364.03,-4.02%,394.94,suf,参数二,"{""suf"": {""timeframe"": ""d""}}",TYLER TECHNOLOGIES INC,1D,,,,,,
2026-09-04 00:00:00,Long,TFII,137.11,3.24%,127.54,utb,参数一,"{""utb"": {""key_value"": 2, ""atr_period"": 14, ""use_ha"": false}, ""r&s"": {""srb_left"": 10, ""srb_right"": 10}, ""atr"": {""atr_length"": 14, ""atr_mult"": 1.0}}",TFI INTERNATIONAL INC,1D,,,,,,
2026-09-04 00:00:00,Long,OESX,25.0,7.85%,21.18,sqz,参数一,"{""sqz"": {""bb_length"": 15, ""bb_mult"": 1.5, ""kc_length"": 15, ""kc_mult"": 1.2, ""min_sqz_bars"": 4}, ""r&s"": {""srb_left"": 10, ""srb_right"": 10}, ""atr"": {""atr_length"": 14, ""atr_mult"": 1.0}}",ORION ENERGY SYSTEMS INC,1D,一直释放,18.64-11.0-10.3-11.88-12.66,低-低-高-高,40.99%-6.36%-15.34%-6.57%,45.0,33.12
2026-09-04 00:00:00,Long,FMAC,10.09,0.30%,10.08,utb,参数一,"{""utb"": {""key_value"": 2, ""atr_period"": 14, ""use_ha"": false}, ""r&s"": {""srb_left"": 10, ""srb_right"": 10}, ""atr"": {""atr_length"": 14, ""atr_mult"": 1.0}}",FUTURE MONEY ACQUISITION COR,1D,,,,,,
2026-09-04 00:00:00,Long,FMAC,10.09,0.30%,10.08,sqz,参数一,"{""sqz"": {""bb_length"": 15, ""bb_mult"": 1.5, ""kc_length"": 15, ""kc_mult"": 1.2, ""min_sqz_bars"": 4}, ""r&s"": {""srb_left"": 10, ""srb_right"": 10}, ""atr"": {""atr_length"": 14, ""atr_mult"": 1.0}}",FUTURE MONEY ACQUISITION COR,1D,一直释放,nan-10.02,低,nan%,43.0,0.7
2026-09-04 00:00:00,Long,FMAC,10.09,0.30%,10.08,sqz,参数二,"{""sqz"": {""bb_length"": 20, ""bb_mult"": 1.8, ""kc_length"": 20, ""kc_mult"": 1.5, ""min_sqz_bars"": 4}, ""r&s"": {""srb_left"": 15, ""srb_right"": 15}, ""atr"": {""atr_length"": 14, ""atr_mult"": 1.0}}",FUTURE MONEY ACQUISITION COR,1D,一直释放,nan-10.02,低,nan%,43.0,0.7
2026-09-04 00:00:00,Long,QMCO,24.73,1.77%,21.93,utb,参数一,"{""utb"": {""key_value"": 2, ""atr_period"": 14, ""use_ha"": false}, ""r&s"": {""srb_left"": 10, ""srb_right"": 10}, ""atr"": {""atr_length"": 14, ""atr_mult"": 1.0}}",QUANTUM CORP,1D,,,,,,
2026-09-04 00:00:00,Short,BANL,9.01,-40.72%,17.88,utb,参数一,"{""utb"": {""key_value"": 2, ""atr_period"": 14, ""use_ha"": false}, ""r&s"": {""srb_left"": 10, ""srb_right"": 10}, ""atr"": {""atr_length"": 14, ""atr_mult"": 1.0}}",CBL INTERNATIONAL LTD-B,1D,,,,,,
2026-09-04 00:00:00,Short,BANL,9.01,-40.72%,17.88,suf,参数一,"{""suf"": {""timeframe"": ""d""}}",CBL INTERNATIONAL LTD-B,1D,,,,,,
2026-09-04 00:00:00,Short,BANL,9.01,-40.72%,17.88,utb,参数二,"{""utb"": {""key_value"": 3, ""atr_period"": 14, ""use_ha"": false}, ""r&s"": {""srb_left"": 15, ""srb_right"": 15}, ""atr"": {""atr_length"": 14, ""atr_mult"": 1.0}}",CBL INTERNATIONAL LTD-B,1D,,,,,,
2026-09-04 00:00:00,Short,BANL,9.01,-40.72%,17.88,suf,参数二,"{""suf"": {""timeframe"": ""d""}}",CBL INTERNATIONAL LTD-B,1D,,,,,,
2026-09-04 00:00:00,Short,SENS,9.63,-2.73%,10.5,suf,参数一,"{""suf"": {""timeframe"": ""d""}}",SENSEONICS HOLDINGS INC,1D,,,,,,
2026-09-04 00:00:00,Short,SENS,9.63,-2.73%,10.5,suf,参数二,"{""suf"": {""timeframe"": ""d""}}",SENSEONICS HOLDINGS INC,1D,,,,,,
2026-09-04 00:00:00,Short,FAF,72.75,-4.91%,77.54,utb,参数一,"{""utb"": {""key_value"": 2, ""atr_period"": 14, ""use_ha"": false}, ""r&s"": {""srb_left"": 10, ""srb_right"": 10}, ""atr"": {""atr_length"": 14, ""atr_mult"": 1.0}}",FIRST AMERICAN FINANCIAL,1D,,,,,,
2026-09-04 00:00:00,Short,IQV,267.77,-1.42%,279.45,suf,参数一,"{""suf"": {""timeframe"": ""d""}}",IQVIA HOLDINGS INC,1D,,,,,,
2026-09-04 00:00:00,Short,IQV,267.77,-1.42%,279.45,suf,参数二,"{""suf"": {""timeframe"": ""d""}}",IQVIA HOLDINGS INC,1D,,,,,,
2026-09-04 00:00:00,Long,EHTH,0.99,4.21%,0.84,suf,参数一,"{""suf"": {""timeframe"": ""d""}}",EHEALTH INC,1D,,,,,,
2026-09-04 00:00:00,Long,EHTH,0.99,4.21%,0.84,suf,参数二,"{""suf"": {""timeframe"": ""d""}}",EHEALTH INC,1D,,,,,,
2026-09-04 00:00:00,Short,DWTX,2.29,-2.97%,2.58,utb,参数一,"{""utb"": {""key_value"": 2, ""atr_period"": 14, ""use_ha"": false}, ""r&s"": {""srb_left"": 10, ""srb_right"": 10}, ""atr"": {""atr_length"": 14, ""atr_mult"": 1.0}}",DOGWOOD THERAPEUTICS INC,1D,,,,,,
2026-09-04 00:00:00,Short,CYCN,4.25,-14.31%,4.97,suf,参数一,"{""suf"": {""timeframe"": ""d""}}",CYCLERION THERAPEUTICS INC,1D,,,,,,
2026-09-04 00:00:00,Short,CYCN,4.25,-14.31%,4.97,suf,参数二,"{""suf"": {""timeframe"": ""d""}}",CYCLERION THERAPEUTICS INC,1D,,,,,,
2026-09-04 00:00:00,Short,EGAN,5.84,-17.86%,6.28,utb,参数一,"{""utb"": {""key_value"": 2, ""atr_period"": 14, ""use_ha"": false}, ""r&s"": {""srb_left"": 10, ""srb_right"": 10}, ""atr"": {""atr_length"": 14, ""atr_mult"": 1.0}}",EGAIN CORP,1D,,,,,,
2026-09-04 00:00:00,Short,EGAN,5.84,-17.86%,6.28,sqz,参数一,"{""sqz"": {""bb_length"": 15, ""bb_mult"": 1.5, ""kc_length"": 15, ""kc_mult"": 1.2, ""min_sqz_bars"": 4}, ""r&s"": {""srb_left"": 10, ""srb_right"": 10}, ""atr"": {""atr_length"": 14, ""atr_mult"": 1.0}}",EGAIN CORP,1D,支撑释放,9.0-9.22-7.11-5.94-6.09,高-低-低-高,2.44%-22.89%-16.46%-2.53%,49.0,24.79
2026-09-04 00:00:00,Short,EGAN,5.84,-17.86%,6.28,utb,参数二,"{""utb"": {""key_value"": 3, ""atr_period"": 14, ""use_ha"": false}, ""r&s"": {""srb_left"": 15, ""srb_right"": 15}, ""atr"": {""atr_length"": 14, ""atr_mult"": 1.0}}",EGAIN CORP,1D,,,,,,
2026-09-04 00:00:00,Short,EGAN,5.84,-17.86%,6.28,sqz,参数二,"{""sqz"": {""bb_length"": 20, ""bb_mult"": 1.8, ""kc_length"": 20, ""kc_mult"": 1.5, ""min_sqz_bars"": 4}, ""r&s"": {""srb_left"": 15, ""srb_right"": 15}, ""atr"": {""atr_length"": 14, ""atr_mult"": 1.0}}",EGAIN CORP,1D,支撑释放,nan-9.0-7.11-5.94-6.09,低-低-低-高,nan%-21.00%-16.46%-2.53%,49.0,24.79
2026-09-04 00:00:00,Long,SLM,27.08,2.73%,25.25,utb,参数一,"{""utb"": {""key_value"": 2, ""atr_period"": 14, ""use_ha"": false}, ""r&s"": {""srb_left"": 10, ""srb_right"": 10}, ""atr"": {""atr_length"": 14, ""atr_mult"": 1.0}}",SLM CORP,1D,,,,,,
2026-09-04 00:00:00,Short,AQST,5.34,-0.19%,5.73,suf,参数一,"{""suf"": {""timeframe"": ""d""}}",AQUESTIVE THERAPEUTICS INC,1D,,,,,,
2026-09-04 00:00:00,Short,AQST,5.34,-0.19%,5.73,suf,参数二,"{""suf"": {""timeframe"": ""d""}}",AQUESTIVE THERAPEUTICS INC,1D,,,,,,
2026-09-04 00:00:00,Long,EDSA,4.73,-0.63%,4.19,mfa,参数一,"{""mfa"": {""mfa_all"": 12}}",EDESA BIOTECH INC,1D,,,,,,
2026-09-04 00:00:00,Long,EDSA,4.73,-0.63%,4.19,mfa,参数二,"{""mfa"": {""mfa_all"": 12}}",EDESA BIOTECH INC,1D,,,,,,
2026-09-04 00:00:00,Long,COLB,30.8,1.15%,29.72,utb,参数一,"{""utb"": {""key_value"": 2, ""atr_period"": 14, ""use_ha"": false}, ""r&s"": {""srb_left"": 10, ""srb_right"": 10}, ""atr"": {""atr_length"": 14, ""atr_mult"": 1.0}}",COLUMBIA BANKING SYSTEM INC,1D,,,,,,
2026-09-04 00:00:00,Long,SWBI,12.89,5.05%,11.63,suf,参数一,"{""suf"": {""timeframe"": ""d""}}",SMITH & WESSON BRANDS INC,1D,,,,,,
2026-09-04 00:00:00,Long,SWBI,12.89,5.05%,11.63,suf,参数二,"{""suf"": {""timeframe"": ""d""}}",SMITH & WESSON BRANDS INC,1D,,,,,,
2026-09-04 00:00:00,Short,DEC,15.43,-1.84%,16.18,suf,参数一,"{""suf"": {""timeframe"": ""d""}}",DIVERSIFIED ENERGY CO,1D,,,,,,
2026-09-04 00:00:00,Short,DEC,15.43,-1.84%,16.18,suf,参数二,"{""suf"": {""timeframe"": ""d""}}",DIVERSIFIED ENERGY CO,1D,,,,,,
2026-09-04 00:00:00,Long,FIBK,37.85,0.99%,36.75,utb,参数一,"{""utb"": {""key_value"": 2, ""atr_period"": 14, ""use_ha"": false}, ""r&s"": {""srb_left"": 10, ""srb_right"": 10}, ""atr"": {""atr_length"": 14, ""atr_mult"": 1.0}}",FIRST INTERSTATE BANCSYS-A,1D,,,,,,
2026-09-04 00:00:00,Long,PLUS,92.1,1.35%,87.12,utb,参数一,"{""utb"": {""key_value"": 2, ""atr_period"": 14, ""use_ha"": false}, ""r&s"": {""srb_left"": 10, ""srb_right"": 10}, ""atr"": {""atr_length"": 14, ""atr_mult"": 1.0}}",EPLUS INC,1D,,,,,,
2026-09-04 00:00:00,Long,MSGM,4.58,13.93%,3.72,utb,参数一,"{""utb"": {""key_value"": 2, ""atr_period"": 14, ""use_ha"": false}, ""r&s"": {""srb_left"": 10, ""srb_right"": 10}, ""atr"": {""atr_length"": 14, ""atr_mult"": 1.0}}",MOTORSPORT GAMES INC-A,1D,,,,,,
2026-09-04 00:00:00,Short,CPNG,15.29,-1.42%,16.09,sqz,参数一,"{""sqz"": {""bb_length"": 15, ""bb_mult"": 1.5, ""kc_length"": 15, ""kc_mult"": 1.2, ""min_sqz_bars"": 4}, ""r&s"": {""srb_left"": 10, ""srb_right"": 10}, ""atr"": {""atr_length"": 14, ""atr_mult"": 1.0}}",COUPANG INC,1D,支撑释放,17.73-15.03-14.92-14.96-15.56,低-低-高-高,15.23%-0.73%-0.27%-3.98%,13.0,7.97
2026-09-04 00:00:00,Short,MGEE,77.37,-0.30%,79.35,sqz,参数二,"{""sqz"": {""bb_length"": 20, ""bb_mult"": 1.8, ""kc_length"": 20, ""kc_mult"": 1.5, ""min_sqz_bars"": 4}, ""r&s"": {""srb_left"": 15, ""srb_right"": 15}, ""atr"": {""atr_length"": 14, ""atr_mult"": 1.0}}",MGE ENERGY INC,1D,一直亮红,76.03-75.06-71.25-71.69-77.49,低-低-高-高,1.28%-5.08%-0.62%-8.09%,25.0,5.71
2026-09-04 00:00:00,Long,SPFI,45.63,0.75%,44.1,utb,参数一,"{""utb"": {""key_value"": 2, ""atr_period"": 14, ""use_ha"": false}, ""r&s"": {""srb_left"": 10, ""srb_right"": 10}, ""atr"": {""atr_length"": 14, ""atr_mult"": 1.0}}",SOUTH PLAINS FINANCIAL INC,1D,,,,,,
2026-09-04 00:00:00,Long,KFFB,6.11,11.09%,5.27,utb,参数一,"{""utb"": {""key_value"": 2, ""atr_period"": 14, ""use_ha"": false}, ""r&s"": {""srb_left"": 10, ""srb_right"": 10}, ""atr"": {""atr_length"": 14, ""atr_mult"": 1.0}}",KENTUCKY FIRST FEDERAL BANCO,1D,,,,,,
2026-09-04 00:00:00,Long,KFFB,6.11,11.09%,5.27,sqz,参数一,"{""sqz"": {""bb_length"": 15, ""bb_mult"": 1.5, ""kc_length"": 15, ""kc_mult"": 1.2, ""min_sqz_bars"": 4}, ""r&s"": {""srb_left"": 10, ""srb_right"": 10}, ""atr"": {""atr_length"": 14, ""atr_mult"": 1.0}}",KENTUCKY FIRST FEDERAL BANCO,1D,一直释放,4.78-4.63-4.85-5.44-5.6,低-高-高-高,3.11%-4.71%-12.07%-3.10%,23.0,6.4
2026-09-04 00:00:00,Long,KFFB,6.11,11.09%,5.27,sqz,参数二,"{""sqz"": {""bb_length"": 20, ""bb_mult"": 1.8, ""kc_length"": 20, ""kc_mult"": 1.5, ""min_sqz_bars"": 4}, ""r&s"": {""srb_left"": 15, ""srb_right"": 15}, ""atr"": {""atr_length"": 14, ""atr_mult"": 1.0}}",KENTUCKY FIRST FEDERAL BANCO,1D,一直释放,nan-4.85-4.94-4.78-5.44,低-高-低-高,nan%-1.84%-3.21%-13.69%,47.0,15.37
2026-09-04 00:00:00,Long,VST,149.3,3.52%,137.71,utb,参数一,"{""utb"": {""key_value"": 2, ""atr_period"": 14, ""use_ha"": false}, ""r&s"": {""srb_left"": 10, ""srb_right"": 10}, ""atr"": {""atr_length"": 14, ""atr_mult"": 1.0}}",VISTRA CORP,1D,,,,,,
2026-09-04 00:00:00,Short,SSM,3.1,-11.43%,4.33,utb,参数二,"{""utb"": {""key_value"": 3, ""atr_period"": 14, ""use_ha"": false}, ""r&s"": {""srb_left"": 15, ""srb_right"": 15}, ""atr"": {""atr_length"": 14, ""atr_mult"": 1.0}}",SONO GROUP NV,1D,,,,,,
2026-09-04 00:00:00,Long,MTW,21.41,4.69%,19.63,utb,参数一,"{""utb"": {""key_value"": 2, ""atr_period"": 14, ""use_ha"": false}, ""r&s"": {""srb_left"": 10, ""srb_right"": 10}, ""atr"": {""atr_length"": 14, ""atr_mult"": 1.0}}",MANITOWOC COMPANY INC,1D,,,,,,
2026-09-04 00:00:00,Long,WW,18.02,1.75%,15.81,utb,参数二,"{""utb"": {""key_value"": 3, ""atr_period"": 14, ""use_ha"": false}, ""r&s"": {""srb_left"": 15, ""srb_right"": 15}, ""atr"": {""atr_length"": 14, ""atr_mult"": 1.0}}",WW INTERNATIONAL INC-NEW,1D,,,,,,
2026-09-04 00:00:00,Short,AVTR,14.97,-1.45%,15.64,suf,参数一,"{""suf"": {""timeframe"": ""d""}}",AVANTOR INC,1D,,,,,,
2026-09-04 00:00:00,Short,AVTR,14.97,-1.45%,15.64,suf,参数二,"{""suf"": {""timeframe"": ""d""}}",AVANTOR INC,1D,,,,,,
2026-09-04 00:00:00,Long,CALY,15.9,1.15%,15.19,mfa,参数一,"{""mfa"": {""mfa_all"": 22}}",CALLAWAY GOLF COMPANY,1D,,,,,,
2026-09-04 00:00:00,Long,CALY,15.9,1.15%,15.19,mfa,参数二,"{""mfa"": {""mfa_all"": 22}}",CALLAWAY GOLF COMPANY,1D,,,,,,
2026-09-04 00:00:00,Long,GETY,0.24,1.28%,0.2,suf,参数一,"{""suf"": {""timeframe"": ""d""}}",GETTY IMAGES HOLDINGS INC,1D,,,,,,
2026-09-04 00:00:00,Long,GETY,0.24,1.28%,0.2,suf,参数二,"{""suf"": {""timeframe"": ""d""}}",GETTY IMAGES HOLDINGS INC,1D,,,,,,
2026-09-04 00:00:00,Long,IREN,44.68,7.27%,37.53,utb,参数一,"{""utb"": {""key_value"": 2, ""atr_period"": 14, ""use_ha"": false}, ""r&s"": {""srb_left"": 10, ""srb_right"": 10}, ""atr"": {""atr_length"": 14, ""atr_mult"": 1.0}}",IREN LTD,1D,,,,,,
2026-09-04 00:00:00,Long,TRAD,10.04,-0.10%,10.02,sqz,参数二,"{""sqz"": {""bb_length"": 20, ""bb_mult"": 1.8, ""kc_length"": 20, ""kc_mult"": 1.5, ""min_sqz_bars"": 4}, ""r&s"": {""srb_left"": 15, ""srb_right"": 15}, ""atr"": {""atr_length"": 14, ""atr_mult"": 1.0}}",APEX TECH ACQUISITION INC,1D,一直释放,nan-10.03,低,nan%,41.0,1.01
2026-09-04 00:00:00,Long,VLY,14.03,0.94%,13.53,utb,参数一,"{""utb"": {""key_value"": 2, ""atr_period"": 14, ""use_ha"": false}, ""r&s"": {""srb_left"": 10, ""srb_right"": 10}, ""atr"": {""atr_length"": 14, ""atr_mult"": 1.0}}",VALLEY NATIONAL BANCORP,1D,,,,,,
2026-09-04 00:00:00,Short,OBA,10.32,-0.19%,10.33,utb,参数一,"{""utb"": {""key_value"": 2, ""atr_period"": 14, ""use_ha"": false}, ""r&s"": {""srb_left"": 10, ""srb_right"": 10}, ""atr"": {""atr_length"": 14, ""atr_mult"": 1.0}}",OXLEY BRIDGE ACQUISITIO-CL A,1D,,,,,,
2026-09-04 00:00:00,Short,OBA,10.32,-0.19%,10.33,suf,参数一,"{""suf"": {""timeframe"": ""d""}}",OXLEY BRIDGE ACQUISITIO-CL A,1D,,,,,,
2026-09-04 00:00:00,Short,OBA,10.32,-0.19%,10.33,utb,参数二,"{""utb"": {""key_value"": 3, ""atr_period"": 14, ""use_ha"": false}, ""r&s"": {""srb_left"": 15, ""srb_right"": 15}, ""atr"": {""atr_length"": 14, ""atr_mult"": 1.0}}",OXLEY BRIDGE ACQUISITIO-CL A,1D,,,,,,
2026-09-04 00:00:00,Short,OBA,10.32,-0.19%,10.33,suf,参数二,"{""suf"": {""timeframe"": ""d""}}",OXLEY BRIDGE ACQUISITIO-CL A,1D,,,,,,
2026-09-04 00:00:00,Long,CRC,54.22,2.27%,50.7,utb,参数二,"{""utb"": {""key_value"": 3, ""atr_period"": 14, ""use_ha"": false}, ""r&s"": {""srb_left"": 15, ""srb_right"": 15}, ""atr"": {""atr_length"": 14, ""atr_mult"": 1.0}}",CALIFORNIA RESOURCES CORP,1D,,,,,,
2026-09-04 00:00:00,Short,HNNA,10.2,-1.83%,10.6,suf,参数一,"{""suf"": {""timeframe"": ""d""}}",HENNESSY ADVISORS INC,1D,,,,,,
2026-09-04 00:00:00,Short,HNNA,10.2,-1.83%,10.6,suf,参数二,"{""suf"": {""timeframe"": ""d""}}",HENNESSY ADVISORS INC,1D,,,,,,
2026-09-04 00:00:00,Short,OXM,30.87,-15.72%,33.58,utb,参数一,"{""utb"": {""key_value"": 2, ""atr_period"": 14, ""use_ha"": false}, ""r&s"": {""srb_left"": 10, ""srb_right"": 10}, ""atr"": {""atr_length"": 14, ""atr_mult"": 1.0}}",OXFORD INDUSTRIES INC,1D,,,,,,
2026-09-04 00:00:00,Long,CAII,10.0,0.10%,9.99,utb,参数一,"{""utb"": {""key_value"": 2, ""atr_period"": 14, ""use_ha"": false}, ""r&s"": {""srb_left"": 10, ""srb_right"": 10}, ""atr"": {""atr_length"": 14, ""atr_mult"": 1.0}}",COLLECTIVE ACQUIS CORP CL-A,1D,,,,,,
2026-09-04 00:00:00,Short,GCTK,2.98,-10.24%,4.12,sqz,参数一,"{""sqz"": {""bb_length"": 15, ""bb_mult"": 1.5, ""kc_length"": 15, ""kc_mult"": 1.2, ""min_sqz_bars"": 4}, ""r&s"": {""srb_left"": 10, ""srb_right"": 10}, ""atr"": {""atr_length"": 14, ""atr_mult"": 1.0}}",GLUCOTRACK INC,1D,一直释放,9.28-6.47-4.36-4.51-3.75,低-低-高-低,30.37%-32.48%-3.44%-16.94%,27.0,260.0
2026-09-04 00:00:00,Long,MGNX,4.4,3.53%,3.95,utb,参数一,"{""utb"": {""key_value"": 2, ""atr_period"": 14, ""use_ha"": false}, ""r&s"": {""srb_left"": 10, ""srb_right"": 10}, ""atr"": {""atr_length"": 14, ""atr_mult"": 1.0}}",MACROGENICS INC,1D,,,,,,
2026-09-04 00:00:00,Long,SBSI,32.83,1.20%,31.78,utb,参数一,"{""utb"": {""key_value"": 2, ""atr_period"": 14, ""use_ha"": false}, ""r&s"": {""srb_left"": 10, ""srb_right"": 10}, ""atr"": {""atr_length"": 14, ""atr_mult"": 1.0}}",SOUTHSIDE BANCSHARES INC,1D,,,,,,
2026-09-04 00:00:00,Short,BIO,386.11,-0.46%,397.77,suf,参数一,"{""suf"": {""timeframe"": ""d""}}",BIO-RAD LABORATORIES-A,1D,,,,,,
2026-09-04 00:00:00,Short,BIO,386.11,-0.46%,397.77,suf,参数二,"{""suf"": {""timeframe"": ""d""}}",BIO-RAD LABORATORIES-A,1D,,,,,,
2026-09-04 00:00:00,Short,ERAS,16.19,-0.43%,17.53,sqz,参数一,"{""sqz"": {""bb_length"": 15, ""bb_mult"": 1.5, ""kc_length"": 15, ""kc_mult"": 1.2, ""min_sqz_bars"": 4}, ""r&s"": {""srb_left"": 10, ""srb_right"": 10}, ""atr"": {""atr_length"": 14, ""atr_mult"": 1.0}}",ERASCA INC,1D,支撑释放,nan-12.91-14.0-8.7-17.08,低-高-低-高,nan%-8.44%-37.86%-96.32%,24.0,19.44
2026-09-04 00:00:00,Short,MANH,213.77,-3.86%,226.83,suf,参数一,"{""suf"": {""timeframe"": ""d""}}",MANHATTAN ASSOCIATES INC,1D,,,,,,
2026-09-04 00:00:00,Short,MANH,213.77,-3.86%,226.83,suf,参数二,"{""suf"": {""timeframe"": ""d""}}",MANHATTAN ASSOCIATES INC,1D,,,,,,
2026-09-04 00:00:00,Short,UTHR,487.61,-0.54%,508.31,sqz,参数二,"{""sqz"": {""bb_length"": 20, ""bb_mult"": 1.8, ""kc_length"": 20, ""kc_mult"": 1.5, ""min_sqz_bars"": 4}, ""r&s"": {""srb_left"": 15, ""srb_right"": 15}, ""atr"": {""atr_length"": 14, ""atr_mult"": 1.0}}",UNITED THERAPEUTICS CORP,1D,支撑释放,nan-455.63-490.8,低-高,nan%-7.72%,22.0,10.23
2026-09-04 00:00:00,Long,BEN,34.73,3.52%,32.61,utb,参数一,"{""utb"": {""key_value"": 2, ""atr_period"": 14, ""use_ha"": false}, ""r&s"": {""srb_left"": 10, ""srb_right"": 10}, ""atr"": {""atr_length"": 14, ""atr_mult"": 1.0}}",FRANKLIN TEMPLETON INC,1D,,,,,,
2026-09-04 00:00:00,Long,CBIO,20.88,2.35%,18.71,sqz,参数一,"{""sqz"": {""bb_length"": 15, ""bb_mult"": 1.5, ""kc_length"": 15, ""kc_mult"": 1.2, ""min_sqz_bars"": 4}, ""r&s"": {""srb_left"": 10, ""srb_right"": 10}, ""atr"": {""atr_length"": 14, ""atr_mult"": 1.0}}",CRESCENT BIOPHARMA INC,1D,压力释放,13.51-27.41-22.52-19.21-17.8,高-低-低-低,102.89%-17.84%-14.70%-7.34%,29.0,27.23
2026-09-04 00:00:00,Long,CBIO,20.88,2.35%,18.71,sqz,参数二,"{""sqz"": {""bb_length"": 20, ""bb_mult"": 1.8, ""kc_length"": 20, ""kc_mult"": 1.5, ""min_sqz_bars"": 4}, ""r&s"": {""srb_left"": 15, ""srb_right"": 15}, ""atr"": {""atr_length"": 14, ""atr_mult"": 1.0}}",CRESCENT BIOPHARMA INC,1D,压力释放,14.71-13.51-27.41-22.52-19.21,低-高-低-低,8.16%-102.89%-17.84%-14.70%,48.0,37.31
2026-09-04 00:00:00,Long,OFLX,26.91,2.71%,25.39,suf,参数一,"{""suf"": {""timeframe"": ""d""}}",OMEGA FLEX INC,1D,,,,,,
2026-09-04 00:00:00,Long,OFLX,26.91,2.71%,25.39,suf,参数二,"{""suf"": {""timeframe"": ""d""}}",OMEGA FLEX INC,1D,,,,,,
2026-09-04 00:00:00,Short,HASI,38.34,-3.77%,39.89,utb,参数二,"{""utb"": {""key_value"": 3, ""atr_period"": 14, ""use_ha"": false}, ""r&s"": {""srb_left"": 15, ""srb_right"": 15}, ""atr"": {""atr_length"": 14, ""atr_mult"": 1.0}}",HA SUSTAINABLE INFRASTRUCTUR,1D,,,,,,
2026-09-04 00:00:00,Short,ALB,126.28,-4.45%,135.12,utb,参数一,"{""utb"": {""key_value"": 2, ""atr_period"": 14, ""use_ha"": false}, ""r&s"": {""srb_left"": 10, ""srb_right"": 10}, ""atr"": {""atr_length"": 14, ""atr_mult"": 1.0}}",ALBEMARLE CORP,1D,,,,,,
2026-09-04 00:00:00,Short,ALB,126.28,-4.45%,135.12,utb,参数二,"{""utb"": {""key_value"": 3, ""atr_period"": 14, ""use_ha"": false}, ""r&s"": {""srb_left"": 15, ""srb_right"": 15}, ""atr"": {""atr_length"": 14, ""atr_mult"": 1.0}}",ALBEMARLE CORP,1D,,,,,,
2026-09-04 00:00:00,Long,XTIA,1.06,4.95%,0.85,suf,参数一,"{""suf"": {""timeframe"": ""d""}}",XTI AEROSPACE INC,1D,,,,,,
2026-09-04 00:00:00,Long,XTIA,1.06,4.95%,0.85,suf,参数二,"{""suf"": {""timeframe"": ""d""}}",XTI AEROSPACE INC,1D,,,,,,
2026-09-04 00:00:00,Long,UAC,9.97,0.20%,9.96,utb,参数一,"{""utb"": {""key_value"": 2, ""atr_period"": 14, ""use_ha"": false}, ""r&s"": {""srb_left"": 10, ""srb_right"": 10}, ""atr"": {""atr_length"": 14, ""atr_mult"": 1.0}}",UNITED ACQUISITION CORP I-A,1D,,,,,,
2026-09-04 00:00:00,Long,UAC,9.97,0.20%,9.96,utb,参数二,"{""utb"": {""key_value"": 3, ""atr_period"": 14, ""use_ha"": false}, ""r&s"": {""srb_left"": 15, ""srb_right"": 15}, ""atr"": {""atr_length"": 14, ""atr_mult"": 1.0}}",UNITED ACQUISITION CORP I-A,1D,,,,,,
2026-09-04 00:00:00,Long,CBRS,210.05,10.30%,172.35,utb,参数一,"{""utb"": {""key_value"": 2, ""atr_period"": 14, ""use_ha"": false}, ""r&s"": {""srb_left"": 10, ""srb_right"": 10}, ""atr"": {""atr_length"": 14, ""atr_mult"": 1.0}}",CEREBRAS SYSTEMS INC - A,1D,,,,,,
2026-09-04 00:00:00,Short,TOPS,0.73,-3.95%,0.83,utb,参数一,"{""utb"": {""key_value"": 2, ""atr_period"": 14, ""use_ha"": false}, ""r&s"": {""srb_left"": 10, ""srb_right"": 10}, ""atr"": {""atr_length"": 14, ""atr_mult"": 1.0}}",TOP SHIPS INC,1D,,,,,,
2026-09-04 00:00:00,Long,TDUP,2.72,1.87%,2.4,suf,参数一,"{""suf"": {""timeframe"": ""d""}}",THREDUP INC - CLASS A,1D,,,,,,
2026-09-04 00:00:00,Long,TDUP,2.72,1.87%,2.4,suf,参数二,"{""suf"": {""timeframe"": ""d""}}",THREDUP INC - CLASS A,1D,,,,,,
2026-09-04 00:00:00,Long,WFC,89.97,0.87%,86.96,sqz,参数二,"{""sqz"": {""bb_length"": 20, ""bb_mult"": 1.8, ""kc_length"": 20, ""kc_mult"": 1.5, ""min_sqz_bars"": 4}, ""r&s"": {""srb_left"": 15, ""srb_right"": 15}, ""atr"": {""atr_length"": 14, ""atr_mult"": 1.0}}",WELLS FARGO & CO,1D,一直释放,nan-96.18-94.01-85.72-89.66,低-低-低-高,nan%-2.25%-8.82%-4.60%,21.0,7.4
2026-09-04 00:00:00,Long,FTH,40.05,2.69%,35.22,sqz,参数一,"{""sqz"": {""bb_length"": 15, ""bb_mult"": 1.5, ""kc_length"": 15, ""kc_mult"": 1.2, ""min_sqz_bars"": 4}, ""r&s"": {""srb_left"": 10, ""srb_right"": 10}, ""atr"": {""atr_length"": 14, ""atr_mult"": 1.0}}",FAETH THERAPEUTICS INC,1D,压力释放,12.0-36.76-36.07-28.98-37.9,高-低-低-高,206.33%-1.87%-19.66%-30.78%,39.0,63.96
2026-09-04 00:00:00,Long,FRST,16.38,1.68%,15.67,utb,参数一,"{""utb"": {""key_value"": 2, ""atr_period"": 14, ""use_ha"": false}, ""r&s"": {""srb_left"": 10, ""srb_right"": 10}, ""atr"": {""atr_length"": 14, ""atr_mult"": 1.0}}",PRIMIS FINANCIAL CORP,1D,,,,,,
2026-09-04 00:00:00,Short,SBC,4.12,-3.74%,4.44,suf,参数一,"{""suf"": {""timeframe"": ""d""}}",SBC MEDICAL GROUP HOLDINGS I,1D,,,,,,
2026-09-04 00:00:00,Short,SBC,4.12,-3.74%,4.44,suf,参数二,"{""suf"": {""timeframe"": ""d""}}",SBC MEDICAL GROUP HOLDINGS I,1D,,,,,,
2026-09-04 00:00:00,Long,SHBI,23.63,1.42%,22.64,utb,参数一,"{""utb"": {""key_value"": 2, ""atr_period"": 14, ""use_ha"": false}, ""r&s"": {""srb_left"": 10, ""srb_right"": 10}, ""atr"": {""atr_length"": 14, ""atr_mult"": 1.0}}",SHORE BANCSHARES INC,1D,,,,,,
2026-09-04 00:00:00,Short,BKNG,193.29,-0.94%,201.94,utb,参数二,"{""utb"": {""key_value"": 3, ""atr_period"": 14, ""use_ha"": false}, ""r&s"": {""srb_left"": 15, ""srb_right"": 15}, ""atr"": {""atr_length"": 14, ""atr_mult"": 1.0}}",BOOKING HOLDINGS INC,1D,,,,,,
2026-09-04 00:00:00,Long,SFST,63.68,1.26%,61.17,utb,参数一,"{""utb"": {""key_value"": 2, ""atr_period"": 14, ""use_ha"": false}, ""r&s"": {""srb_left"": 10, ""srb_right"": 10}, ""atr"": {""atr_length"": 14, ""atr_mult"": 1.0}}",SOUTHERN FIRST BANCSHARES,1D,,,,,,
2026-09-04 00:00:00,Long,SYM,42.94,3.22%,39.73,utb,参数一,"{""utb"": {""key_value"": 2, ""atr_period"": 14, ""use_ha"": false}, ""r&s"": {""srb_left"": 10, ""srb_right"": 10}, ""atr"": {""atr_length"": 14, ""atr_mult"": 1.0}}",SYMBOTIC INC,1D,,,,,,
2026-09-04 00:00:00,Long,MFIN,12.22,1.75%,11.65,sqz,参数一,"{""sqz"": {""bb_length"": 15, ""bb_mult"": 1.5, ""kc_length"": 15, ""kc_mult"": 1.2, ""min_sqz_bars"": 4}, ""r&s"": {""srb_left"": 10, ""srb_right"": 10}, ""atr"": {""atr_length"": 14, ""atr_mult"": 1.0}}",MEDALLION FINANCIAL CORP,1D,一直释放,nan-10.46-10.56-9.75-10.32,低-高-低-高,nan%-1.01%-7.66%-5.83%,49.0,11.05
2026-09-04 00:00:00,Long,GOAI,2.87,8.30%,2.3,sqz,参数一,"{""sqz"": {""bb_length"": 15, ""bb_mult"": 1.5, ""kc_length"": 15, ""kc_mult"": 1.2, ""min_sqz_bars"": 4}, ""r&s"": {""srb_left"": 10, ""srb_right"": 10}, ""atr"": {""atr_length"": 14, ""atr_mult"": 1.0}}",EVA LIVE INC,1D,一直亮绿,5.7-6.67-4.35-3.4-2.74,高-低-低-低,17.02%-34.78%-21.84%-19.41%,40.0,92.96
2026-09-04 00:00:00,Short,HVMC,10.25,-0.10%,10.26,suf,参数一,"{""suf"": {""timeframe"": ""d""}}",HIGHVIEW MERGER CORP-CL A,1D,,,,,,
2026-09-04 00:00:00,Short,HVMC,10.25,-0.10%,10.26,suf,参数二,"{""suf"": {""timeframe"": ""d""}}",HIGHVIEW MERGER CORP-CL A,1D,,,,,,
2026-09-04 00:00:00,Short,LLY,1149.36,-0.88%,1193.84,utb,参数二,"{""utb"": {""key_value"": 3, ""atr_period"": 14, ""use_ha"": false}, ""r&s"": {""srb_left"": 15, ""srb_right"": 15}, ""atr"": {""atr_length"": 14, ""atr_mult"": 1.0}}",ELI LILLY & CO,1D,,,,,,
2026-09-04 00:00:00,Short,DPRO,6.12,-4.82%,6.85,suf,参数一,"{""suf"": {""timeframe"": ""d""}}",DRAGANFLY INC,1D,,,,,,
2026-09-04 00:00:00,Short,DPRO,6.12,-4.82%,6.85,suf,参数二,"{""suf"": {""timeframe"": ""d""}}",DRAGANFLY INC,1D,,,,,,
2026-09-04 00:00:00,Short,NAMS,25.4,-1.74%,26.9,sqz,参数一,"{""sqz"": {""bb_length"": 15, ""bb_mult"": 1.5, ""kc_length"": 15, ""kc_mult"": 1.2, ""min_sqz_bars"": 4}, ""r&s"": {""srb_left"": 10, ""srb_right"": 10}, ""atr"": {""atr_length"": 14, ""atr_mult"": 1.0}}",NEWAMSTERDAM PHARMA CO NV,1D,一直亮红,30.17-28.53-27.85-29.09-25.74,低-低-高-低,5.44%-2.38%-4.47%-11.53%,22.0,12.55
2026-09-04 00:00:00,Short,ABLV,0.94,-10.48%,1.15,utb,参数一,"{""utb"": {""key_value"": 2, ""atr_period"": 14, ""use_ha"": false}, ""r&s"": {""srb_left"": 10, ""srb_right"": 10}, ""atr"": {""atr_length"": 14, ""atr_mult"": 1.0}}",ABLE VIEW GLOBAL INC-B,1D,,,,,,
2026-09-04 00:00:00,Long,KNDI,0.62,-1.59%,0.57,mfa,参数一,"{""mfa"": {""mfa_all"": 13}}",KANDI TECHNOLOGIES GROUP INC,1D,,,,,,
2026-09-04 00:00:00,Long,KNDI,0.62,-1.59%,0.57,mfa,参数二,"{""mfa"": {""mfa_all"": 13}}",KANDI TECHNOLOGIES GROUP INC,1D,,,,,,
2026-09-04 00:00:00,Short,NEWP,6.17,-7.91%,7.32,utb,参数二,"{""utb"": {""key_value"": 3, ""atr_period"": 14, ""use_ha"": false}, ""r&s"": {""srb_left"": 15, ""srb_right"": 15}, ""atr"": {""atr_length"": 14, ""atr_mult"": 1.0}}",NEW PACIFIC METALS CORP,1D,,,,,,
2026-09-04 00:00:00,Short,MCS,27.27,-1.09%,29.14,utb,参数二,"{""utb"": {""key_value"": 3, ""atr_period"": 14, ""use_ha"": false}, ""r&s"": {""srb_left"": 15, ""srb_right"": 15}, ""atr"": {""atr_length"": 14, ""atr_mult"": 1.0}}",MARCUS CORPORATION,1D,,,,,,
2026-09-04 00:00:00,Long,LUCK,6.29,0.80%,5.88,mfa,参数一,"{""mfa"": {""mfa_all"": 43}}",LUCKY STRIKE ENTERTAINMENT C,1D,,,,,,
2026-09-04 00:00:00,Long,LUCK,6.29,0.80%,5.88,mfa,参数二,"{""mfa"": {""mfa_all"": 43}}",LUCKY STRIKE ENTERTAINMENT C,1D,,,,,,
2026-09-04 00:00:00,Long,AIIO,1.84,3.37%,1.45,suf,参数一,"{""suf"": {""timeframe"": ""d""}}",ROBO.AI INC,1D,,,,,,
2026-09-04 00:00:00,Long,AIIO,1.84,3.37%,1.45,suf,参数二,"{""suf"": {""timeframe"": ""d""}}",ROBO.AI INC,1D,,,,,,
2026-09-04 00:00:00,Long,SFNC,23.69,3.09%,22.81,utb,参数一,"{""utb"": {""key_value"": 2, ""atr_period"": 14, ""use_ha"": false}, ""r&s"": {""srb_left"": 10, ""srb_right"": 10}, ""atr"": {""atr_length"": 14, ""atr_mult"": 1.0}}",SIMMONS FIRST NATL CORP-CL A,1D,,,,,,
2026-09-04 00:00:00,Long,SFNC,23.69,3.09%,22.81,utb,参数二,"{""utb"": {""key_value"": 3, ""atr_period"": 14, ""use_ha"": false}, ""r&s"": {""srb_left"": 15, ""srb_right"": 15}, ""atr"": {""atr_length"": 14, ""atr_mult"": 1.0}}",SIMMONS FIRST NATL CORP-CL A,1D,,,,,,
2026-09-04 00:00:00,Short,MASK,1.31,2.34%,1.45,sqz,参数二,"{""sqz"": {""bb_length"": 20, ""bb_mult"": 1.8, ""kc_length"": 20, ""kc_mult"": 1.5, ""min_sqz_bars"": 4}, ""r&s"": {""srb_left"": 15, ""srb_right"": 15}, ""atr"": {""atr_length"": 14, ""atr_mult"": 1.0}}",3 E NETWORK TECHNOLOGY GRP-A,1D,支撑释放,4.38-1.18-1.25-1.29-1.35,低-高-高-高,72.91%-5.49%-3.60%-4.25%,32.0,29.63
2026-09-04 00:00:00,Long,DXLG,0.67,6.35%,0.56,utb,参数二,"{""utb"": {""key_value"": 3, ""atr_period"": 14, ""use_ha"": false}, ""r&s"": {""srb_left"": 15, ""srb_right"": 15}, ""atr"": {""atr_length"": 14, ""atr_mult"": 1.0}}",DESTINATION XL GROUP INC,1D,,,,,,
2026-09-04 00:00:00,Short,LBGJ,2.29,-0.43%,9.91,sqz,参数一,"{""sqz"": {""bb_length"": 15, ""bb_mult"": 1.5, ""kc_length"": 15, ""kc_mult"": 1.2, ""min_sqz_bars"": 4}, ""r&s"": {""srb_left"": 10, ""srb_right"": 10}, ""atr"": {""atr_length"": 14, ""atr_mult"": 1.0}}",LI BANG INT CORP I- A,1D,支撑释放,nan-10020.0-150.0-214.0-2.81,低-低-高-低,nan%-98.50%-42.67%-98.69%,16.0,45.55
2026-09-04 00:00:00,Short,MUSA,511.33,-2.10%,544.6,sqz,参数一,"{""sqz"": {""bb_length"": 15, ""bb_mult"": 1.5, ""kc_length"": 15, ""kc_mult"": 1.2, ""min_sqz_bars"": 4}, ""r&s"": {""srb_left"": 10, ""srb_right"": 10}, ""atr"": {""atr_length"": 14, ""atr_mult"": 1.0}}",MURPHY USA INC,1D,一直亮红,358.79-473.95-501.13-515.81-514.42,高-高-高-低,32.10%-5.73%-2.93%-0.27%,21.0,15.59
2026-09-04 00:00:00,Long,ARMP,5.84,5.80%,4.98,utb,参数二,"{""utb"": {""key_value"": 3, ""atr_period"": 14, ""use_ha"": false}, ""r&s"": {""srb_left"": 15, ""srb_right"": 15}, ""atr"": {""atr_length"": 14, ""atr_mult"": 1.0}}",ARMATA PHARMACEUTICALS INC,1D,,,,,,
2026-09-04 00:00:00,Short,PTC,141.02,-6.04%,153.05,utb,参数一,"{""utb"": {""key_value"": 2, ""atr_period"": 14, ""use_ha"": false}, ""r&s"": {""srb_left"": 10, ""srb_right"": 10}, ""atr"": {""atr_length"": 14, ""atr_mult"": 1.0}}",PTC INC,1D,,,,,,
2026-09-04 00:00:00,Short,PTC,141.02,-6.04%,153.05,utb,参数二,"{""utb"": {""key_value"": 3, ""atr_period"": 14, ""use_ha"": false}, ""r&s"": {""srb_left"": 15, ""srb_right"": 15}, ""atr"": {""atr_length"": 14, ""atr_mult"": 1.0}}",PTC INC,1D,,,,,,
2026-09-04 00:00:00,Long,HWC,75.84,0.99%,73.19,utb,参数一,"{""utb"": {""key_value"": 2, ""atr_period"": 14, ""use_ha"": false}, ""r&s"": {""srb_left"": 10, ""srb_right"": 10}, ""atr"": {""atr_length"": 14, ""atr_mult"": 1.0}}",HANCOCK WHITNEY CORP,1D,,,,,,
2026-09-04 00:00:00,Long,ARLO,13.97,3.64%,12.57,utb,参数一,"{""utb"": {""key_value"": 2, ""atr_period"": 14, ""use_ha"": false}, ""r&s"": {""srb_left"": 10, ""srb_right"": 10}, ""atr"": {""atr_length"": 14, ""atr_mult"": 1.0}}",ARLO TECHNOLOGIES INC,1D,,,,,,
2026-09-04 00:00:00,Long,ROCK,47.25,3.23%,43.16,utb,参数一,"{""utb"": {""key_value"": 2, ""atr_period"": 14, ""use_ha"": false}, ""r&s"": {""srb_left"": 10, ""srb_right"": 10}, ""atr"": {""atr_length"": 14, ""atr_mult"": 1.0}}",GIBRALTAR INDUSTRIES INC,1D,,,,,,
2026-09-04 00:00:00,Long,CURV,2.44,9.42%,2.22,utb,参数一,"{""utb"": {""key_value"": 2, ""atr_period"": 14, ""use_ha"": false}, ""r&s"": {""srb_left"": 10, ""srb_right"": 10}, ""atr"": {""atr_length"": 14, ""atr_mult"": 1.0}}",TORRID HOLDINGS INC,1D,,,,,,
2026-09-04 00:00:00,Short,CCK,115.16,-0.37%,118.71,utb,参数一,"{""utb"": {""key_value"": 2, ""atr_period"": 14, ""use_ha"": false}, ""r&s"": {""srb_left"": 10, ""srb_right"": 10}, ""atr"": {""atr_length"": 14, ""atr_mult"": 1.0}}",CROWN HOLDINGS INC,1D,,,,,,
2026-09-04 00:00:00,Short,APPF,214.28,-4.16%,227.31,utb,参数一,"{""utb"": {""key_value"": 2, ""atr_period"": 14, ""use_ha"": false}, ""r&s"": {""srb_left"": 10, ""srb_right"": 10}, ""atr"": {""atr_length"": 14, ""atr_mult"": 1.0}}",APPFOLIO INC - A,1D,,,,,,
2026-09-04 00:00:00,Long,SSB,107.98,0.81%,104.55,utb,参数一,"{""utb"": {""key_value"": 2, ""atr_period"": 14, ""use_ha"": false}, ""r&s"": {""srb_left"": 10, ""srb_right"": 10}, ""atr"": {""atr_length"": 14, ""atr_mult"": 1.0}}",SOUTHSTATE BANK CORP,1D,,,,,,
2026-09-04 00:00:00,Short,ALLO,1.97,-0.51%,2.12,utb,参数一,"{""utb"": {""key_value"": 2, ""atr_period"": 14, ""use_ha"": false}, ""r&s"": {""srb_left"": 10, ""srb_right"": 10}, ""atr"": {""atr_length"": 14, ""atr_mult"": 1.0}}",ALLOGENE THERAPEUTICS INC,1D,,,,,,
2026-09-04 00:00:00,Long,INSG,4.24,5.21%,3.58,suf,参数一,"{""suf"": {""timeframe"": ""d""}}",INSEEGO CORP,1D,,,,,,
2026-09-04 00:00:00,Long,INSG,4.24,5.21%,3.58,suf,参数二,"{""suf"": {""timeframe"": ""d""}}",INSEEGO CORP,1D,,,,,,
2026-09-04 00:00:00,Short,AKAN,3.35,-8.72%,5.27,sqz,参数二,"{""sqz"": {""bb_length"": 20, ""bb_mult"": 1.8, ""kc_length"": 20, ""kc_mult"": 1.5, ""min_sqz_bars"": 4}, ""r&s"": {""srb_left"": 15, ""srb_right"": 15}, ""atr"": {""atr_length"": 14, ""atr_mult"": 1.0}}",AKANDA CORP,1D,一直释放,nan-2.3-11.84,低-高,nan%-415.39%,74.0,152.03
2026-09-04 00:00:00,Long,SOCA,10.35,0.10%,10.34,utb,参数一,"{""utb"": {""key_value"": 2, ""atr_period"": 14, ""use_ha"": false}, ""r&s"": {""srb_left"": 10, ""srb_right"": 10}, ""atr"": {""atr_length"": 14, ""atr_mult"": 1.0}}",SOLARIUS CAPITAL ACQUIS-CL A,1D,,,,,,
2026-09-04 00:00:00,Long,SOCA,10.35,0.10%,10.34,utb,参数二,"{""utb"": {""key_value"": 3, ""atr_period"": 14, ""use_ha"": false}, ""r&s"": {""srb_left"": 15, ""srb_right"": 15}, ""atr"": {""atr_length"": 14, ""atr_mult"": 1.0}}",SOLARIUS CAPITAL ACQUIS-CL A,1D,,,,,,
2026-09-04 00:00:00,Long,SOCA,10.35,0.10%,10.34,sqz,参数二,"{""sqz"": {""bb_length"": 20, ""bb_mult"": 1.8, ""kc_length"": 20, ""kc_mult"": 1.5, ""min_sqz_bars"": 4}, ""r&s"": {""srb_left"": 15, ""srb_right"": 15}, ""atr"": {""atr_length"": 14, ""atr_mult"": 1.0}}",SOLARIUS CAPITAL ACQUIS-CL A,1D,一直释放,nan-10.15,低,nan%,136.0,1.4
2026-09-04 00:00:00,Long,OSG,4.97,5.52%,4.39,utb,参数一,"{""utb"": {""key_value"": 2, ""atr_period"": 14, ""use_ha"": false}, ""r&s"": {""srb_left"": 10, ""srb_right"": 10}, ""atr"": {""atr_length"": 14, ""atr_mult"": 1.0}}",OCTAVE SPECIALTY GROUP INC,1D,,,,,,
2026-09-04 00:00:00,Short,PEP,137.63,-0.66%,141.82,utb,参数一,"{""utb"": {""key_value"": 2, ""atr_period"": 14, ""use_ha"": false}, ""r&s"": {""srb_left"": 10, ""srb_right"": 10}, ""atr"": {""atr_length"": 14, ""atr_mult"": 1.0}}",PEPSICO INC,1D,,,,,,
2026-09-04 00:00:00,Short,CDLX,3.62,-0.55%,3.96,utb,参数一,"{""utb"": {""key_value"": 2, ""atr_period"": 14, ""use_ha"": false}, ""r&s"": {""srb_left"": 10, ""srb_right"": 10}, ""atr"": {""atr_length"": 14, ""atr_mult"": 1.0}}",CARDLYTICS INC,1D,,,,,,
2026-09-04 00:00:00,Long,TGLS,40.84,4.02%,37.29,utb,参数一,"{""utb"": {""key_value"": 2, ""atr_period"": 14, ""use_ha"": false}, ""r&s"": {""srb_left"": 10, ""srb_right"": 10}, ""atr"": {""atr_length"": 14, ""atr_mult"": 1.0}}",TECNOGLASS HOLDINGS INC,1D,,,,,,
2026-09-04 00:00:00,Short,ARL,15.6,-6.92%,17.62,utb,参数一,"{""utb"": {""key_value"": 2, ""atr_period"": 14, ""use_ha"": false}, ""r&s"": {""srb_left"": 10, ""srb_right"": 10}, ""atr"": {""atr_length"": 14, ""atr_mult"": 1.0}}",AMERICAN REALTY INVESTORS IN,1D,,,,,,
2026-09-04 00:00:00,Short,PCOR,58.01,-4.26%,62.06,utb,参数一,"{""utb"": {""key_value"": 2, ""atr_period"": 14, ""use_ha"": false}, ""r&s"": {""srb_left"": 10, ""srb_right"": 10}, ""atr"": {""atr_length"": 14, ""atr_mult"": 1.0}}",PROCORE TECHNOLOGIES INC,1D,,,,,,
2026-09-04 00:00:00,Short,MZTI,105.39,-0.24%,109.91,sqz,参数一,"{""sqz"": {""bb_length"": 15, ""bb_mult"": 1.5, ""kc_length"": 15, ""kc_mult"": 1.2, ""min_sqz_bars"": 4}, ""r&s"": {""srb_left"": 10, ""srb_right"": 10}, ""atr"": {""atr_length"": 14, ""atr_mult"": 1.0}}",MARZETTI COMPANY/THE,1D,支撑释放,135.44-110.0-104.28-105.17-105.54,低-低-高-高,18.78%-5.20%-0.85%-0.35%,25.0,14.64
2026-09-04 00:00:00,Short,PBK,0.38,-5.00%,0.42,sqz,参数一,"{""sqz"": {""bb_length"": 15, ""bb_mult"": 1.5, ""kc_length"": 15, ""kc_mult"": 1.2, ""min_sqz_bars"": 4}, ""r&s"": {""srb_left"": 10, ""srb_right"": 10}, ""atr"": {""atr_length"": 14, ""atr_mult"": 1.0}}",POWERBANK CORP,1D,支撑释放,1.38-1.45-0.45-0.56-0.43,高-低-高-低,5.07%-68.69%-23.35%-24.11%,28.0,43.53
2026-09-04 00:00:00,Long,MENS,2.39,5.29%,2.11,utb,参数一,"{""utb"": {""key_value"": 2, ""atr_period"": 14, ""use_ha"": false}, ""r&s"": {""srb_left"": 10, ""srb_right"": 10}, ""atr"": {""atr_length"": 14, ""atr_mult"": 1.0}}",JYONG BIOTECH LTD,1D,,,,,,
2026-09-04 00:00:00,Long,AGX,417.99,1.51%,382.18,suf,参数一,"{""suf"": {""timeframe"": ""d""}}",ARGAN INC,1D,,,,,,
2026-09-04 00:00:00,Long,AGX,417.99,1.51%,382.18,suf,参数二,"{""suf"": {""timeframe"": ""d""}}",ARGAN INC,1D,,,,,,
2026-09-04 00:00:00,Long,QRVO,102.84,2.45%,97.53,sqz,参数一,"{""sqz"": {""bb_length"": 15, ""bb_mult"": 1.5, ""kc_length"": 15, ""kc_mult"": 1.2, ""min_sqz_bars"": 4}, ""r&s"": {""srb_left"": 10, ""srb_right"": 10}, ""atr"": {""atr_length"": 14, ""atr_mult"": 1.0}}",QORVO INC,1D,压力释放,82.0-96.68-109.49-104.64-99.15,高-高-低-低,17.90%-13.25%-4.43%-5.25%,20.0,7.94
2026-09-04 00:00:00,Short,IMNM,26.76,-1.47%,28.41,utb,参数一,"{""utb"": {""key_value"": 2, ""atr_period"": 14, ""use_ha"": false}, ""r&s"": {""srb_left"": 10, ""srb_right"": 10}, ""atr"": {""atr_length"": 14, ""atr_mult"": 1.0}}",IMMUNOME INC,1D,,,,,,
2026-09-04 00:00:00,Short,EPOW,0.37,-6.08%,0.45,utb,参数二,"{""utb"": {""key_value"": 3, ""atr_period"": 14, ""use_ha"": false}, ""r&s"": {""srb_left"": 15, ""srb_right"": 15}, ""atr"": {""atr_length"": 14, ""atr_mult"": 1.0}}",E-POWER INC,1D,,,,,,
2026-09-04 00:00:00,Long,SMP,41.53,5.70%,37.46,sqz,参数一,"{""sqz"": {""bb_length"": 15, ""bb_mult"": 1.5, ""kc_length"": 15, ""kc_mult"": 1.2, ""min_sqz_bars"": 4}, ""r&s"": {""srb_left"": 10, ""srb_right"": 10}, ""atr"": {""atr_length"": 14, ""atr_mult"": 1.0}}",STANDARD MOTOR PRODS,1D,一直释放,44.89-39.78-42.14-40.43-41.39,低-高-低-高,11.37%-5.92%-4.05%-2.35%,23.0,14.17
2026-09-04 00:00:00,Long,TELA,0.82,5.25%,0.7,utb,参数一,"{""utb"": {""key_value"": 2, ""atr_period"": 14, ""use_ha"": false}, ""r&s"": {""srb_left"": 10, ""srb_right"": 10}, ""atr"": {""atr_length"": 14, ""atr_mult"": 1.0}}",TELA BIO INC,1D,,,,,,
2026-09-04 00:00:00,Long,RDAG,10.43,0.29%,10.42,sqz,参数二,"{""sqz"": {""bb_length"": 20, ""bb_mult"": 1.8, ""kc_length"": 20, ""kc_mult"": 1.5, ""min_sqz_bars"": 4}, ""r&s"": {""srb_left"": 15, ""srb_right"": 15}, ""atr"": {""atr_length"": 14, ""atr_mult"": 1.0}}",REPUBLIC DIGITAL ACQUIS-CL A,1D,一直释放,nan-10.29-10.3-10.4,低-高-高,nan%-0.10%-0.97%,37.0,0.58
2026-09-04 00:00:00,Long,CUBI,81.07,1.80%,77.21,utb,参数一,"{""utb"": {""key_value"": 2, ""atr_period"": 14, ""use_ha"": false}, ""r&s"": {""srb_left"": 10, ""srb_right"": 10}, ""atr"": {""atr_length"": 14, ""atr_mult"": 1.0}}",CUSTOMERS BANCORP INC,1D,,,,,,
2026-09-04 00:00:00,Short,WIMI,1.21,-4.72%,1.38,utb,参数一,"{""utb"": {""key_value"": 2, ""atr_period"": 14, ""use_ha"": false}, ""r&s"": {""srb_left"": 10, ""srb_right"": 10}, ""atr"": {""atr_length"": 14, ""atr_mult"": 1.0}}",WIMI HOLOGRAM CLOUD INC-B,1D,,,,,,
2026-09-04 00:00:00,Long,VANI,1.49,7.19%,1.29,utb,参数一,"{""utb"": {""key_value"": 2, ""atr_period"": 14, ""use_ha"": false}, ""r&s"": {""srb_left"": 10, ""srb_right"": 10}, ""atr"": {""atr_length"": 14, ""atr_mult"": 1.0}}",VIVANI MEDICAL INC,1D,,,,,,
2026-09-04 00:00:00,Long,ASB,31.07,0.52%,30.23,utb,参数一,"{""utb"": {""key_value"": 2, ""atr_period"": 14, ""use_ha"": false}, ""r&s"": {""srb_left"": 10, ""srb_right"": 10}, ""atr"": {""atr_length"": 14, ""atr_mult"": 1.0}}",ASSOCIATED BANC-CORP,1D,,,,,,
2026-09-04 00:00:00,Short,LWAC,10.32,-0.19%,10.33,utb,参数一,"{""utb"": {""key_value"": 2, ""atr_period"": 14, ""use_ha"": false}, ""r&s"": {""srb_left"": 10, ""srb_right"": 10}, ""atr"": {""atr_length"": 14, ""atr_mult"": 1.0}}",LIGHTWAVE ACQUISITION CORP-A,1D,,,,,,
2026-09-04 00:00:00,Short,DETX,2.16,-16.92%,3.44,sqz,参数一,"{""sqz"": {""bb_length"": 15, ""bb_mult"": 1.5, ""kc_length"": 15, ""kc_mult"": 1.2, ""min_sqz_bars"": 4}, ""r&s"": {""srb_left"": 10, ""srb_right"": 10}, ""atr"": {""atr_length"": 14, ""atr_mult"": 1.0}}",LIBERTY DEFENSE HOLDINGS LTD,1D,支撑释放,nan-3.7-2.78,低-低,nan%-24.86%,24.0,52.16
2026-09-04 00:00:00,Short,DETX,2.16,-16.92%,3.44,sqz,参数二,"{""sqz"": {""bb_length"": 20, ""bb_mult"": 1.8, ""kc_length"": 20, ""kc_mult"": 1.5, ""min_sqz_bars"": 4}, ""r&s"": {""srb_left"": 15, ""srb_right"": 15}, ""atr"": {""atr_length"": 14, ""atr_mult"": 1.0}}",LIBERTY DEFENSE HOLDINGS LTD,1D,支撑释放,nan-3.7-2.78,低-低,nan%-24.86%,24.0,52.16
2026-09-04 00:00:00,Short,GROW,2.98,-8.87%,3.5,utb,参数一,"{""utb"": {""key_value"": 2, ""atr_period"": 14, ""use_ha"": false}, ""r&s"": {""srb_left"": 10, ""srb_right"": 10}, ""atr"": {""atr_length"": 14, ""atr_mult"": 1.0}}",U.S. GLOBAL INVESTORS INC-A,1D,,,,,,
2026-09-04 00:00:00,Short,GROW,2.98,-8.87%,3.5,utb,参数二,"{""utb"": {""key_value"": 3, ""atr_period"": 14, ""use_ha"": false}, ""r&s"": {""srb_left"": 15, ""srb_right"": 15}, ""atr"": {""atr_length"": 14, ""atr_mult"": 1.0}}",U.S. GLOBAL INVESTORS INC-A,1D,,,,,,
2026-09-04 00:00:00,Short,MAYS,42.44,-0.38%,43.62,suf,参数一,"{""suf"": {""timeframe"": ""d""}}",MAYS (J.W.) INC,1D,,,,,,
2026-09-04 00:00:00,Short,MAYS,42.44,-0.38%,43.62,suf,参数二,"{""suf"": {""timeframe"": ""d""}}",MAYS (J.W.) INC,1D,,,,,,
2026-09-04 00:00:00,Long,LCCC,10.53,0.38%,10.5,utb,参数一,"{""utb"": {""key_value"": 2, ""atr_period"": 14, ""use_ha"": false}, ""r&s"": {""srb_left"": 10, ""srb_right"": 10}, ""atr"": {""atr_length"": 14, ""atr_mult"": 1.0}}",LAKESHORE ACQUISITION III CO,1D,,,,,,
2026-09-04 00:00:00,Long,LCCC,10.53,0.38%,10.5,utb,参数二,"{""utb"": {""key_value"": 3, ""atr_period"": 14, ""use_ha"": false}, ""r&s"": {""srb_left"": 15, ""srb_right"": 15}, ""atr"": {""atr_length"": 14, ""atr_mult"": 1.0}}",LAKESHORE ACQUISITION III CO,1D,,,,,,
2026-09-04 00:00:00,Long,PECE,10.01,0.20%,10.0,sqz,参数一,"{""sqz"": {""bb_length"": 15, ""bb_mult"": 1.5, ""kc_length"": 15, ""kc_mult"": 1.2, ""min_sqz_bars"": 4}, ""r&s"": {""srb_left"": 10, ""srb_right"": 10}, ""atr"": {""atr_length"": 14, ""atr_mult"": 1.0}}",PEACE ACQUISITION CORP,1D,一直释放,nan-10.0,低,nan%,50.0,1.21
2026-09-04 00:00:00,Long,APYX,3.05,-0.33%,2.81,mfa,参数一,"{""mfa"": {""mfa_all"": 32}}",APYX MEDICAL CORP,1D,,,,,,
2026-09-04 00:00:00,Long,APYX,3.05,-0.33%,2.81,mfa,参数二,"{""mfa"": {""mfa_all"": 32}}",APYX MEDICAL CORP,1D,,,,,,
2026-09-04 00:00:00,Long,HTOO,2.52,7.69%,2.17,mfa,参数一,"{""mfa"": {""mfa_all"": 23}}",FUSION FUEL GREEN PLC-A,1D,,,,,,
2026-09-04 00:00:00,Long,HTOO,2.52,7.69%,2.17,utb,参数二,"{""utb"": {""key_value"": 3, ""atr_period"": 14, ""use_ha"": false}, ""r&s"": {""srb_left"": 15, ""srb_right"": 15}, ""atr"": {""atr_length"": 14, ""atr_mult"": 1.0}}",FUSION FUEL GREEN PLC-A,1D,,,,,,
2026-09-04 00:00:00,Long,HTOO,2.52,7.69%,2.17,mfa,参数二,"{""mfa"": {""mfa_all"": 23}}",FUSION FUEL GREEN PLC-A,1D,,,,,,
2026-09-04 00:00:00,Long,TEAD,0.5,-4.36%,0.42,mfa,参数一,"{""mfa"": {""mfa_all"": 27}}",TEADS HOLDING CO,1D,,,,,,
2026-09-04 00:00:00,Long,TEAD,0.5,-4.36%,0.42,mfa,参数二,"{""mfa"": {""mfa_all"": 27}}",TEADS HOLDING CO,1D,,,,,,
2026-09-04 00:00:00,Long,FLNT,3.15,3.62%,2.79,suf,参数一,"{""suf"": {""timeframe"": ""d""}}",FLUENT INC,1D,,,,,,
2026-09-04 00:00:00,Long,FLNT,3.15,3.62%,2.79,suf,参数二,"{""suf"": {""timeframe"": ""d""}}",FLUENT INC,1D,,,,,,
2026-09-04 00:00:00,Short,CBAT,0.98,-4.85%,1.09,suf,参数一,"{""suf"": {""timeframe"": ""d""}}",CBAK ENERGY TECHNOLOGY LTD,1D,,,,,,
2026-09-04 00:00:00,Short,CBAT,0.98,-4.85%,1.09,suf,参数二,"{""suf"": {""timeframe"": ""d""}}",CBAK ENERGY TECHNOLOGY LTD,1D,,,,,,
2026-09-04 00:00:00,Long,JXN,140.63,0.92%,133.44,sqz,参数一,"{""sqz"": {""bb_length"": 15, ""bb_mult"": 1.5, ""kc_length"": 15, ""kc_mult"": 1.2, ""min_sqz_bars"": 4}, ""r&s"": {""srb_left"": 10, ""srb_right"": 10}, ""atr"": {""atr_length"": 14, ""atr_mult"": 1.0}}",JACKSON FINANCIAL INC-A,1D,压力释放,121.51-117.2-111.83-126.69-137.99,低-低-高-高,3.55%-4.58%-13.29%-8.92%,23.0,8.81
2026-09-04 00:00:00,Long,JXN,140.63,0.92%,133.44,sqz,参数二,"{""sqz"": {""bb_length"": 20, ""bb_mult"": 1.8, ""kc_length"": 20, ""kc_mult"": 1.5, ""min_sqz_bars"": 4}, ""r&s"": {""srb_left"": 15, ""srb_right"": 15}, ""atr"": {""atr_length"": 14, ""atr_mult"": 1.0}}",JACKSON FINANCIAL INC-A,1D,压力释放,nan-121.51-117.2-111.83-137.99,低-低-低-高,nan%-3.55%-4.58%-23.39%,23.0,8.81
2026-09-04 00:00:00,Long,FDSB,18.65,1.55%,18.18,utb,参数一,"{""utb"": {""key_value"": 2, ""atr_period"": 14, ""use_ha"": false}, ""r&s"": {""srb_left"": 10, ""srb_right"": 10}, ""atr"": {""atr_length"": 14, ""atr_mult"": 1.0}}",FIFTH DISTRICT BANCORP INC,1D,,,,,,
2026-09-04 00:00:00,Short,BFRG,0.5,2.65%,0.55,sqz,参数一,"{""sqz"": {""bb_length"": 15, ""bb_mult"": 1.5, ""kc_length"": 15, ""kc_mult"": 1.2, ""min_sqz_bars"": 4}, ""r&s"": {""srb_left"": 10, ""srb_right"": 10}, ""atr"": {""atr_length"": 14, ""atr_mult"": 1.0}}",BULLFROG AI HOLDINGS INC,1D,支撑释放,0.43-0.49-0.57-0.5-0.53,高-高-低-高,15.53%-16.70%-12.04%-5.16%,25.0,22.64
2026-09-04 00:00:00,Short,BFRG,0.5,2.65%,0.55,sqz,参数二,"{""sqz"": {""bb_length"": 20, ""bb_mult"": 1.8, ""kc_length"": 20, ""kc_mult"": 1.5, ""min_sqz_bars"": 4}, ""r&s"": {""srb_left"": 15, ""srb_right"": 15}, ""atr"": {""atr_length"": 14, ""atr_mult"": 1.0}}",BULLFROG AI HOLDINGS INC,1D,支撑释放,nan-0.43-0.49-0.57-0.5,低-高-高-低,nan%-15.53%-16.70%-12.04%,59.0,48.81
2026-09-04 00:00:00,Short,PHR,10.94,-1.44%,11.66,utb,参数二,"{""utb"": {""key_value"": 3, ""atr_period"": 14, ""use_ha"": false}, ""r&s"": {""srb_left"": 15, ""srb_right"": 15}, ""atr"": {""atr_length"": 14, ""atr_mult"": 1.0}}",PHREESIA INC,1D,,,,,,
2026-09-04 00:00:00,Short,JBS,13.03,-0.84%,13.86,utb,参数一,"{""utb"": {""key_value"": 2, ""atr_period"": 14, ""use_ha"": false}, ""r&s"": {""srb_left"": 10, ""srb_right"": 10}, ""atr"": {""atr_length"": 14, ""atr_mult"": 1.0}}",JBS NV-A,1D,,,,,,
2026-09-04 00:00:00,Short,IPEX,7.75,-29.03%,11.73,utb,参数一,"{""utb"": {""key_value"": 2, ""atr_period"": 14, ""use_ha"": false}, ""r&s"": {""srb_left"": 10, ""srb_right"": 10}, ""atr"": {""atr_length"": 14, ""atr_mult"": 1.0}}",INFLECTION POINT ACQUISITION,1D,,,,,,
2026-09-04 00:00:00,Short,IPEX,7.75,-29.03%,11.73,utb,参数二,"{""utb"": {""key_value"": 3, ""atr_period"": 14, ""use_ha"": false}, ""r&s"": {""srb_left"": 15, ""srb_right"": 15}, ""atr"": {""atr_length"": 14, ""atr_mult"": 1.0}}",INFLECTION POINT ACQUISITION,1D,,,,,,
2026-09-04 00:00:00,Short,MCD,255.69,-1.52%,263.28,sqz,参数二,"{""sqz"": {""bb_length"": 20, ""bb_mult"": 1.8, ""kc_length"": 20, ""kc_mult"": 1.5, ""min_sqz_bars"": 4}, ""r&s"": {""srb_left"": 15, ""srb_right"": 15}, ""atr"": {""atr_length"": 14, ""atr_mult"": 1.0}}",MCDONALD'S CORP,1D,一直亮红,nan-292.59-268.24-259.12,低-低-低,nan%-8.32%-3.40%,31.0,6.8
2026-09-04 00:00:00,Short,LYV,173.5,-2.25%,182.6,utb,参数二,"{""utb"": {""key_value"": 3, ""atr_period"": 14, ""use_ha"": false}, ""r&s"": {""srb_left"": 15, ""srb_right"": 15}, ""atr"": {""atr_length"": 14, ""atr_mult"": 1.0}}",LIVE NATION ENTERTAINMENT IN,1D,,,,,,
2026-09-04 00:00:00,Short,FLNA,0.82,-1.20%,0.91,sqz,参数一,"{""sqz"": {""bb_length"": 15, ""bb_mult"": 1.5, ""kc_length"": 15, ""kc_mult"": 1.2, ""min_sqz_bars"": 4}, ""r&s"": {""srb_left"": 10, ""srb_right"": 10}, ""atr"": {""atr_length"": 14, ""atr_mult"": 1.0}}",FILANA THERAPEUTICS INC,1D,支撑释放,nan-1.96-1.87-1.16-0.86,低-低-低-低,nan%-4.59%-37.97%-25.86%,26.0,22.09
2026-09-04 00:00:00,Long,RYET,0.85,4.69%,0.73,suf,参数一,"{""suf"": {""timeframe"": ""d""}}",RUANYUN EDAI TECHNOLOGY INC,1D,,,,,,
2026-09-04 00:00:00,Long,RYET,0.85,4.69%,0.73,suf,参数二,"{""suf"": {""timeframe"": ""d""}}",RUANYUN EDAI TECHNOLOGY INC,1D,,,,,,
2026-09-04 00:00:00,Short,KVUE,18.74,-1.11%,19.34,utb,参数一,"{""utb"": {""key_value"": 2, ""atr_period"": 14, ""use_ha"": false}, ""r&s"": {""srb_left"": 10, ""srb_right"": 10}, ""atr"": {""atr_length"": 14, ""atr_mult"": 1.0}}",KENVUE INC,1D,,,,,,
2026-09-04 00:00:00,Short,PLRZ,11.24,-10.51%,14.19,utb,参数一,"{""utb"": {""key_value"": 2, ""atr_period"": 14, ""use_ha"": false}, ""r&s"": {""srb_left"": 10, ""srb_right"": 10}, ""atr"": {""atr_length"": 14, ""atr_mult"": 1.0}}",POLYRIZON LTD,1D,,,,,,
2026-09-04 00:00:00,Short,VSNT,38.61,-5.76%,42.14,utb,参数一,"{""utb"": {""key_value"": 2, ""atr_period"": 14, ""use_ha"": false}, ""r&s"": {""srb_left"": 10, ""srb_right"": 10}, ""atr"": {""atr_length"": 14, ""atr_mult"": 1.0}}",VERSANT MEDIA GROUP INC,1D,,,,,,
2026-09-04 00:00:00,Short,SON,51.95,-1.40%,54.36,sqz,参数一,"{""sqz"": {""bb_length"": 15, ""bb_mult"": 1.5, ""kc_length"": 15, ""kc_mult"": 1.2, ""min_sqz_bars"": 4}, ""r&s"": {""srb_left"": 10, ""srb_right"": 10}, ""atr"": {""atr_length"": 14, ""atr_mult"": 1.0}}",SONOCO PRODUCTS CO,1D,一直亮红,49.28-45.54-45.48-46.33-52.46,低-低-高-高,7.60%-0.12%-1.87%-13.21%,37.0,14.58
2026-09-04 00:00:00,Short,CMND,1.16,-31.76%,1.74,utb,参数一,"{""utb"": {""key_value"": 2, ""atr_period"": 14, ""use_ha"": false}, ""r&s"": {""srb_left"": 10, ""srb_right"": 10}, ""atr"": {""atr_length"": 14, ""atr_mult"": 1.0}}",CLEARMIND MEDICINE INC,1D,,,,,,
2026-09-04 00:00:00,Short,CMND,1.16,-31.76%,1.74,sqz,参数一,"{""sqz"": {""bb_length"": 15, ""bb_mult"": 1.5, ""kc_length"": 15, ""kc_mult"": 1.2, ""min_sqz_bars"": 4}, ""r&s"": {""srb_left"": 10, ""srb_right"": 10}, ""atr"": {""atr_length"": 14, ""atr_mult"": 1.0}}",CLEARMIND MEDICINE INC,1D,支撑释放,10.5-5.95-5.86-2.1-1.43,低-低-低-低,43.33%-1.51%-64.16%-31.90%,27.0,61.54
2026-09-04 00:00:00,Short,CMND,1.16,-31.76%,1.74,sqz,参数二,"{""sqz"": {""bb_length"": 20, ""bb_mult"": 1.8, ""kc_length"": 20, ""kc_mult"": 1.5, ""min_sqz_bars"": 4}, ""r&s"": {""srb_left"": 15, ""srb_right"": 15}, ""atr"": {""atr_length"": 14, ""atr_mult"": 1.0}}",CLEARMIND MEDICINE INC,1D,支撑释放,17.43-10.5-5.95-2.1-1.43,低-低-低-低,39.76%-43.33%-64.71%-31.90%,27.0,61.54
2026-09-04 00:00:00,Long,MGRT,113.4,5.01%,104.78,sqz,参数二,"{""sqz"": {""bb_length"": 20, ""bb_mult"": 1.8, ""kc_length"": 20, ""kc_mult"": 1.5, ""min_sqz_bars"": 4}, ""r&s"": {""srb_left"": 15, ""srb_right"": 15}, ""atr"": {""atr_length"": 14, ""atr_mult"": 1.0}}",MEGA FORTUNE CO LTD,1D,压力释放,nan-14.5-17.51-170.0-108.83,低-高-高-低,nan%-20.76%-870.87%-35.98%,44.0,51.7
2026-09-04 00:00:00,Long,FTEK,1.55,8.39%,1.33,utb,参数一,"{""utb"": {""key_value"": 2, ""atr_period"": 14, ""use_ha"": false}, ""r&s"": {""srb_left"": 10, ""srb_right"": 10}, ""atr"": {""atr_length"": 14, ""atr_mult"": 1.0}}",FUEL TECH INC,1D,,,,,,
2026-09-04 00:00:00,Short,ZOOZ,7.74,-2.89%,8.69,suf,参数一,"{""suf"": {""timeframe"": ""d""}}",ZOOZ STRATEGY LTD,1D,,,,,,
2026-09-04 00:00:00,Short,ZOOZ,7.74,-2.89%,8.69,suf,参数二,"{""suf"": {""timeframe"": ""d""}}",ZOOZ STRATEGY LTD,1D,,,,,,
2026-09-04 00:00:00,Short,ASAN,8.81,-12.69%,9.63,utb,参数一,"{""utb"": {""key_value"": 2, ""atr_period"": 14, ""use_ha"": false}, ""r&s"": {""srb_left"": 10, ""srb_right"": 10}, ""atr"": {""atr_length"": 14, ""atr_mult"": 1.0}}",ASANA INC - CL A,1D,,,,,,
2026-09-04 00:00:00,Long,SECZ,7.42,4.51%,6.21,utb,参数一,"{""utb"": {""key_value"": 2, ""atr_period"": 14, ""use_ha"": false}, ""r&s"": {""srb_left"": 10, ""srb_right"": 10}, ""atr"": {""atr_length"": 14, ""atr_mult"": 1.0}}",SECURITIZE CORP,1D,,,,,,
2026-09-04 00:00:00,Long,UTI,22.2,2.78%,19.4,suf,参数一,"{""suf"": {""timeframe"": ""d""}}",UNIVERSAL TECHNICAL INSTITUT,1D,,,,,,
2026-09-04 00:00:00,Long,UTI,22.2,2.78%,19.4,suf,参数二,"{""suf"": {""timeframe"": ""d""}}",UNIVERSAL TECHNICAL INSTITUT,1D,,,,,,
2026-09-04 00:00:00,Short,JAGX,0.6,-13.98%,0.8,sqz,参数一,"{""sqz"": {""bb_length"": 15, ""bb_mult"": 1.5, ""kc_length"": 15, ""kc_mult"": 1.2, ""min_sqz_bars"": 4}, ""r&s"": {""srb_left"": 10, ""srb_right"": 10}, ""atr"": {""atr_length"": 14, ""atr_mult"": 1.0}}",JAGUAR HEALTH INC,1D,支撑释放,19.6-10.95-2.53-2.12-0.73,低-低-低-低,44.11%-76.91%-16.21%-65.80%,17.0,43.45
2026-09-04 00:00:00,Short,FSHP,11.38,-1.39%,11.57,suf,参数一,"{""suf"": {""timeframe"": ""d""}}",FLAG SHIP ACQUISITION CORP,1D,,,,,,
2026-09-04 00:00:00,Short,FSHP,11.38,-1.39%,11.57,suf,参数二,"{""suf"": {""timeframe"": ""d""}}",FLAG SHIP ACQUISITION CORP,1D,,,,,,
2026-09-04 00:00:00,Long,AN,212.36,2.50%,198.18,utb,参数一,"{""utb"": {""key_value"": 2, ""atr_period"": 14, ""use_ha"": false}, ""r&s"": {""srb_left"": 10, ""srb_right"": 10}, ""atr"": {""atr_length"": 14, ""atr_mult"": 1.0}}",AUTONATION INC,1D,,,,,,
2026-09-04 00:00:00,Long,DGNX,1.5,8.70%,1.24,utb,参数一,"{""utb"": {""key_value"": 2, ""atr_period"": 14, ""use_ha"": false}, ""r&s"": {""srb_left"": 10, ""srb_right"": 10}, ""atr"": {""atr_length"": 14, ""atr_mult"": 1.0}}",DIGINEX LTD,1D,,,,,,
2026-09-04 00:00:00,Short,HTCR,2.0,-12.66%,2.62,sqz,参数一,"{""sqz"": {""bb_length"": 15, ""bb_mult"": 1.5, ""kc_length"": 15, ""kc_mult"": 1.2, ""min_sqz_bars"": 4}, ""r&s"": {""srb_left"": 10, ""srb_right"": 10}, ""atr"": {""atr_length"": 14, ""atr_mult"": 1.0}}",HEARTCORE ENTERPRISES INC,1D,支撑释放,6.0-4.5-2.8-2.5-2.01,低-低-低-低,25.00%-37.89%-10.55%-19.60%,29.0,44.73
2026-09-04 00:00:00,Short,HTCR,2.0,-12.66%,2.62,utb,参数二,"{""utb"": {""key_value"": 3, ""atr_period"": 14, ""use_ha"": false}, ""r&s"": {""srb_left"": 15, ""srb_right"": 15}, ""atr"": {""atr_length"": 14, ""atr_mult"": 1.0}}",HEARTCORE ENTERPRISES INC,1D,,,,,,
2026-09-04 00:00:00,Short,HTCR,2.0,-12.66%,2.62,sqz,参数二,"{""sqz"": {""bb_length"": 20, ""bb_mult"": 1.8, ""kc_length"": 20, ""kc_mult"": 1.5, ""min_sqz_bars"": 4}, ""r&s"": {""srb_left"": 15, ""srb_right"": 15}, ""atr"": {""atr_length"": 14, ""atr_mult"": 1.0}}",HEARTCORE ENTERPRISES INC,1D,支撑释放,nan-4.44-4.5-2.5-2.01,低-高-低-低,nan%-1.35%-44.44%-19.60%,29.0,44.73
2026-09-04 00:00:00,Short,WIX,76.21,-6.15%,85.18,utb,参数一,"{""utb"": {""key_value"": 2, ""atr_period"": 14, ""use_ha"": false}, ""r&s"": {""srb_left"": 10, ""srb_right"": 10}, ""atr"": {""atr_length"": 14, ""atr_mult"": 1.0}}",WIX.COM LTD,1D,,,,,,
2026-09-04 00:00:00,Long,BBCP,10.5,16.02%,9.22,utb,参数一,"{""utb"": {""key_value"": 2, ""atr_period"": 14, ""use_ha"": false}, ""r&s"": {""srb_left"": 10, ""srb_right"": 10}, ""atr"": {""atr_length"": 14, ""atr_mult"": 1.0}}",CONCRETE PUMPING HOLDINGS IN,1D,,,,,,
2026-09-04 00:00:00,Long,BBCP,10.5,16.02%,9.22,utb,参数二,"{""utb"": {""key_value"": 3, ""atr_period"": 14, ""use_ha"": false}, ""r&s"": {""srb_left"": 15, ""srb_right"": 15}, ""atr"": {""atr_length"": 14, ""atr_mult"": 1.0}}",CONCRETE PUMPING HOLDINGS IN,1D,,,,,,
2026-09-04 00:00:00,Long,TANH,21.87,13.91%,13.07,utb,参数二,"{""utb"": {""key_value"": 3, ""atr_period"": 14, ""use_ha"": false}, ""r&s"": {""srb_left"": 15, ""srb_right"": 15}, ""atr"": {""atr_length"": 14, ""atr_mult"": 1.0}}",TANTECH HOLDINGS LTD-A,1D,,,,,,
2026-09-04 00:00:00,Long,KPLT,7.9,16.18%,6.2,utb,参数二,"{""utb"": {""key_value"": 3, ""atr_period"": 14, ""use_ha"": false}, ""r&s"": {""srb_left"": 15, ""srb_right"": 15}, ""atr"": {""atr_length"": 14, ""atr_mult"": 1.0}}",KATAPULT HOLDINGS INC,1D,,,,,,
2026-09-04 00:00:00,Long,SGI,69.87,0.50%,66.33,utb,参数二,"{""utb"": {""key_value"": 3, ""atr_period"": 14, ""use_ha"": false}, ""r&s"": {""srb_left"": 15, ""srb_right"": 15}, ""atr"": {""atr_length"": 14, ""atr_mult"": 1.0}}",SOMNIGROUP INTERNATIONAL INC,1D,,,,,,
2026-09-04 00:00:00,Short,ATR,127.41,-0.70%,131.09,sqz,参数一,"{""sqz"": {""bb_length"": 15, ""bb_mult"": 1.5, ""kc_length"": 15, ""kc_mult"": 1.2, ""min_sqz_bars"": 4}, ""r&s"": {""srb_left"": 10, ""srb_right"": 10}, ""atr"": {""atr_length"": 14, ""atr_mult"": 1.0}}",APTARGROUP INC,1D,支撑释放,116.29-121.05-119.41-110.56-129.56,高-低-低-高,4.10%-1.35%-7.42%-17.19%,15.0,5.46
2026-09-04 00:00:00,Short,ATR,127.41,-0.70%,131.09,utb,参数二,"{""utb"": {""key_value"": 3, ""atr_period"": 14, ""use_ha"": false}, ""r&s"": {""srb_left"": 15, ""srb_right"": 15}, ""atr"": {""atr_length"": 14, ""atr_mult"": 1.0}}",APTARGROUP INC,1D,,,,,,
2026-09-04 00:00:00,Long,ELLO,23.2,11.06%,20.13,utb,参数一,"{""utb"": {""key_value"": 2, ""atr_period"": 14, ""use_ha"": false}, ""r&s"": {""srb_left"": 10, ""srb_right"": 10}, ""atr"": {""atr_length"": 14, ""atr_mult"": 1.0}}",ELLOMAY CAPITAL LTD,1D,,,,,,
2026-09-04 00:00:00,Long,NVA,6.13,4.97%,5.15,sqz,参数一,"{""sqz"": {""bb_length"": 15, ""bb_mult"": 1.5, ""kc_length"": 15, ""kc_mult"": 1.2, ""min_sqz_bars"": 4}, ""r&s"": {""srb_left"": 10, ""srb_right"": 10}, ""atr"": {""atr_length"": 14, ""atr_mult"": 1.0}}",NOVA MINERALS CORP,1D,压力释放,7.16-6.91-7.31-8.88-5.92,低-高-高-低,3.49%-5.79%-21.48%-33.33%,18.0,25.69
2026-09-04 00:00:00,Long,LITS,1.14,9.62%,0.95,sqz,参数二,"{""sqz"": {""bb_length"": 20, ""bb_mult"": 1.8, ""kc_length"": 20, ""kc_mult"": 1.5, ""min_sqz_bars"": 4}, ""r&s"": {""srb_left"": 15, ""srb_right"": 15}, ""atr"": {""atr_length"": 14, ""atr_mult"": 1.0}}",LITE STRATEGY INC,1D,一直亮绿,nan-1.65-1.27-1.26-1.08,低-低-低-低,nan%-23.03%-0.79%-14.29%,33.0,27.06
2026-09-04 00:00:00,Short,GTBP,0.24,-4.37%,0.28,sqz,参数一,"{""sqz"": {""bb_length"": 15, ""bb_mult"": 1.5, ""kc_length"": 15, ""kc_mult"": 1.2, ""min_sqz_bars"": 4}, ""r&s"": {""srb_left"": 10, ""srb_right"": 10}, ""atr"": {""atr_length"": 14, ""atr_mult"": 1.0}}",GT BIOPHARMA INC,1D,支撑释放,0.4-0.39-0.26-0.28-0.27,低-低-高-低,2.24%-33.42%-7.66%-4.27%,13.0,18.59
2026-09-04 00:00:00,Short,GTBP,0.24,-4.37%,0.28,sqz,参数二,"{""sqz"": {""bb_length"": 20, ""bb_mult"": 1.8, ""kc_length"": 20, ""kc_mult"": 1.5, ""min_sqz_bars"": 4}, ""r&s"": {""srb_left"": 15, ""srb_right"": 15}, ""atr"": {""atr_length"": 14, ""atr_mult"": 1.0}}",GT BIOPHARMA INC,1D,支撑释放,nan-0.58-0.4-0.39-0.26,低-低-低-低,nan%-30.98%-2.24%-33.42%,89.0,113.41
2026-09-04 00:00:00,Short,BAND,43.77,-7.05%,51.06,utb,参数一,"{""utb"": {""key_value"": 2, ""atr_period"": 14, ""use_ha"": false}, ""r&s"": {""srb_left"": 10, ""srb_right"": 10}, ""atr"": {""atr_length"": 14, ""atr_mult"": 1.0}}",BANDWIDTH INC-CLASS A,1D,,,,,,
2026-09-04 00:00:00,Short,PGAC,10.71,-0.37%,10.77,utb,参数一,"{""utb"": {""key_value"": 2, ""atr_period"": 14, ""use_ha"": false}, ""r&s"": {""srb_left"": 10, ""srb_right"": 10}, ""atr"": {""atr_length"": 14, ""atr_mult"": 1.0}}",PANTAGES CAPITAL ACQUISITION,1D,,,,,,
2026-09-04 00:00:00,Short,PGAC,10.71,-0.37%,10.77,suf,参数一,"{""suf"": {""timeframe"": ""d""}}",PANTAGES CAPITAL ACQUISITION,1D,,,,,,
2026-09-04 00:00:00,Short,PGAC,10.71,-0.37%,10.77,utb,参数二,"{""utb"": {""key_value"": 3, ""atr_period"": 14, ""use_ha"": false}, ""r&s"": {""srb_left"": 15, ""srb_right"": 15}, ""atr"": {""atr_length"": 14, ""atr_mult"": 1.0}}",PANTAGES CAPITAL ACQUISITION,1D,,,,,,
2026-09-04 00:00:00,Short,PGAC,10.71,-0.37%,10.77,suf,参数二,"{""suf"": {""timeframe"": ""d""}}",PANTAGES CAPITAL ACQUISITION,1D,,,,,,
2026-09-04 00:00:00,Short,YHNA,11.03,-0.36%,11.06,suf,参数一,"{""suf"": {""timeframe"": ""d""}}",YHN ACQUISITION I LTD,1D,,,,,,
2026-09-04 00:00:00,Short,YHNA,11.03,-0.36%,11.06,suf,参数二,"{""suf"": {""timeframe"": ""d""}}",YHN ACQUISITION I LTD,1D,,,,,,
2026-09-04 00:00:00,Short,EXYN,2.79,-1.06%,3.47,utb,参数一,"{""utb"": {""key_value"": 2, ""atr_period"": 14, ""use_ha"": false}, ""r&s"": {""srb_left"": 10, ""srb_right"": 10}, ""atr"": {""atr_length"": 14, ""atr_mult"": 1.0}}",EXYN TECHNOLOGIES INC,1D,,,,,,
2026-09-04 00:00:00,Short,GD,359.39,-1.77%,373.74,sqz,参数一,"{""sqz"": {""bb_length"": 15, ""bb_mult"": 1.5, ""kc_length"": 15, ""kc_mult"": 1.2, ""min_sqz_bars"": 4}, ""r&s"": {""srb_left"": 10, ""srb_right"": 10}, ""atr"": {""atr_length"": 14, ""atr_mult"": 1.0}}",GENERAL DYNAMICS CORP,1D,一直亮红,340.71-334.29-305.43-331.83-361.24,低-低-高-高,1.88%-8.63%-8.64%-8.86%,33.0,10.73
2026-09-04 00:00:00,Long,ELDN,3.02,3.07%,2.75,suf,参数一,"{""suf"": {""timeframe"": ""d""}}",ELEDON PHARMACEUTICALS INC,1D,,,,,,
2026-09-04 00:00:00,Long,ELDN,3.02,3.07%,2.75,suf,参数二,"{""suf"": {""timeframe"": ""d""}}",ELEDON PHARMACEUTICALS INC,1D,,,,,,
2026-09-04 00:00:00,Long,HRL,21.54,-0.65%,20.95,mfa,参数一,"{""mfa"": {""mfa_all"": 11}}",HORMEL FOODS CORP,1D,,,,,,
2026-09-04 00:00:00,Long,HRL,21.54,-0.65%,20.95,mfa,参数二,"{""mfa"": {""mfa_all"": 11}}",HORMEL FOODS CORP,1D,,,,,,
2026-09-04 00:00:00,Short,INTU,332.7,-3.37%,361.54,utb,参数一,"{""utb"": {""key_value"": 2, ""atr_period"": 14, ""use_ha"": false}, ""r&s"": {""srb_left"": 10, ""srb_right"": 10}, ""atr"": {""atr_length"": 14, ""atr_mult"": 1.0}}",INTUIT INC,1D,,,,,,
2026-09-04 00:00:00,Long,FCF,21.34,0.85%,20.76,utb,参数一,"{""utb"": {""key_value"": 2, ""atr_period"": 14, ""use_ha"": false}, ""r&s"": {""srb_left"": 10, ""srb_right"": 10}, ""atr"": {""atr_length"": 14, ""atr_mult"": 1.0}}",FIRST COMMONWEALTH FINL CORP,1D,,,,,,
2026-09-04 00:00:00,Short,VEEV,275.09,-3.27%,290.74,suf,参数一,"{""suf"": {""timeframe"": ""d""}}",VEEVA SYSTEMS INC-CLASS A,1D,,,,,,
2026-09-04 00:00:00,Short,VEEV,275.09,-3.27%,290.74,suf,参数二,"{""suf"": {""timeframe"": ""d""}}",VEEVA SYSTEMS INC-CLASS A,1D,,,,,,
2026-09-04 00:00:00,Long,VSTS,13.26,5.74%,12.49,utb,参数一,"{""utb"": {""key_value"": 2, ""atr_period"": 14, ""use_ha"": false}, ""r&s"": {""srb_left"": 10, ""srb_right"": 10}, ""atr"": {""atr_length"": 14, ""atr_mult"": 1.0}}",VESTIS CORP,1D,,,,,,
2026-09-04 00:00:00,Long,GRNQ,18.7,30.77%,12.24,sqz,参数二,"{""sqz"": {""bb_length"": 20, ""bb_mult"": 1.8, ""kc_length"": 20, ""kc_mult"": 1.5, ""min_sqz_bars"": 4}, ""r&s"": {""srb_left"": 15, ""srb_right"": 15}, ""atr"": {""atr_length"": 14, ""atr_mult"": 1.0}}",GREENPRO CAPITAL CORP,1D,一直亮绿,nan-18.8-19.55-31.8-18.2,低-高-高-低,nan%-3.99%-62.66%-42.77%,65.0,230.31
2026-09-04 00:00:00,Long,ONB,26.04,0.79%,25.23,utb,参数一,"{""utb"": {""key_value"": 2, ""atr_period"": 14, ""use_ha"": false}, ""r&s"": {""srb_left"": 10, ""srb_right"": 10}, ""atr"": {""atr_length"": 14, ""atr_mult"": 1.0}}",OLD NATIONAL BANCORP,1D,,,,,,
2026-09-04 00:00:00,Long,EGBN,28.18,1.51%,26.93,utb,参数一,"{""utb"": {""key_value"": 2, ""atr_period"": 14, ""use_ha"": false}, ""r&s"": {""srb_left"": 10, ""srb_right"": 10}, ""atr"": {""atr_length"": 14, ""atr_mult"": 1.0}}",EAGLE BANCORP INC,1D,,,,,,
2026-09-04 00:00:00,Long,ARDX,3.78,1.89%,3.52,suf,参数一,"{""suf"": {""timeframe"": ""d""}}",ARDELYX INC,1D,,,,,,
2026-09-04 00:00:00,Long,ARDX,3.78,1.89%,3.52,suf,参数二,"{""suf"": {""timeframe"": ""d""}}",ARDELYX INC,1D,,,,,,
2026-09-04 00:00:00,Long,NBN,132.86,0.86%,126.7,utb,参数一,"{""utb"": {""key_value"": 2, ""atr_period"": 14, ""use_ha"": false}, ""r&s"": {""srb_left"": 10, ""srb_right"": 10}, ""atr"": {""atr_length"": 14, ""atr_mult"": 1.0}}",NORTHEAST BANK,1D,,,,,,
2026-09-04 00:00:00,Short,RLI,62.4,-2.56%,65.33,utb,参数一,"{""utb"": {""key_value"": 2, ""atr_period"": 14, ""use_ha"": false}, ""r&s"": {""srb_left"": 10, ""srb_right"": 10}, ""atr"": {""atr_length"": 14, ""atr_mult"": 1.0}}",RLI CORP,1D,,,,,,
2026-09-04 00:00:00,Short,FRSH,12.73,-4.72%,13.63,utb,参数一,"{""utb"": {""key_value"": 2, ""atr_period"": 14, ""use_ha"": false}, ""r&s"": {""srb_left"": 10, ""srb_right"": 10}, ""atr"": {""atr_length"": 14, ""atr_mult"": 1.0}}",FRESHWORKS INC-CL A,1D,,,,,,
2026-09-04 00:00:00,Long,KNX,71.99,3.78%,66.72,utb,参数一,"{""utb"": {""key_value"": 2, ""atr_period"": 14, ""use_ha"": false}, ""r&s"": {""srb_left"": 10, ""srb_right"": 10}, ""atr"": {""atr_length"": 14, ""atr_mult"": 1.0}}",KNIGHT-SWIFT TRANSPORTATION,1D,,,,,,
2026-09-04 00:00:00,Long,ALSN,131.24,2.18%,123.92,utb,参数一,"{""utb"": {""key_value"": 2, ""atr_period"": 14, ""use_ha"": false}, ""r&s"": {""srb_left"": 10, ""srb_right"": 10}, ""atr"": {""atr_length"": 14, ""atr_mult"": 1.0}}",ALLISON TRANSMISSION HOLDING,1D,,,,,,
2026-09-04 00:00:00,Short,ADBE,266.51,-6.73%,287.12,utb,参数一,"{""utb"": {""key_value"": 2, ""atr_period"": 14, ""use_ha"": false}, ""r&s"": {""srb_left"": 10, ""srb_right"": 10}, ""atr"": {""atr_length"": 14, ""atr_mult"": 1.0}}",ADOBE INC,1D,,,,,,
2026-09-04 00:00:00,Long,GOOS,8.14,-0.12%,7.8,mfa,参数一,"{""mfa"": {""mfa_all"": 32}}",CANADA GOOSE HOLDINGS INC,1D,,,,,,
2026-09-04 00:00:00,Long,GOOS,8.14,-0.12%,7.8,mfa,参数二,"{""mfa"": {""mfa_all"": 32}}",CANADA GOOSE HOLDINGS INC,1D,,,,,,
2026-09-04 00:00:00,Short,GSHD,65.21,-2.79%,69.99,utb,参数一,"{""utb"": {""key_value"": 2, ""atr_period"": 14, ""use_ha"": false}, ""r&s"": {""srb_left"": 10, ""srb_right"": 10}, ""atr"": {""atr_length"": 14, ""atr_mult"": 1.0}}",GOOSEHEAD INSURANCE INC -A,1D,,,,,,
2026-09-04 00:00:00,Long,HLP,1.43,1.78%,1.26,sqz,参数一,"{""sqz"": {""bb_length"": 15, ""bb_mult"": 1.5, ""kc_length"": 15, ""kc_mult"": 1.2, ""min_sqz_bars"": 4}, ""r&s"": {""srb_left"": 10, ""srb_right"": 10}, ""atr"": {""atr_length"": 14, ""atr_mult"": 1.0}}",HONGLI GROUP INC,1D,压力释放,1.52-1.18-1.2-1.26-1.38,低-高-高-高,22.37%-1.69%-5.00%-9.52%,18.0,17.95
2026-09-04 00:00:00,Long,BFRI,1.61,6.62%,1.42,sqz,参数二,"{""sqz"": {""bb_length"": 20, ""bb_mult"": 1.8, ""kc_length"": 20, ""kc_mult"": 1.5, ""min_sqz_bars"": 4}, ""r&s"": {""srb_left"": 15, ""srb_right"": 15}, ""atr"": {""atr_length"": 14, ""atr_mult"": 1.0}}",BIOFRONTERA INC,1D,一直释放,nan-1.01-1.19-1.21,低-高-高,nan%-17.82%-1.26%,43.0,21.11
2026-09-04 00:00:00,Long,MGRC,111.59,1.54%,105.99,suf,参数一,"{""suf"": {""timeframe"": ""d""}}",MCGRATH RENTCORP,1D,,,,,,
2026-09-04 00:00:00,Long,MGRC,111.59,1.54%,105.99,suf,参数二,"{""suf"": {""timeframe"": ""d""}}",MCGRATH RENTCORP,1D,,,,,,
2026-09-04 00:00:00,Short,SEIC,110.39,-0.96%,113.01,suf,参数一,"{""suf"": {""timeframe"": ""d""}}",SEI INVESTMENTS COMPANY,1D,,,,,,
2026-09-04 00:00:00,Short,SEIC,110.39,-0.96%,113.01,suf,参数二,"{""suf"": {""timeframe"": ""d""}}",SEI INVESTMENTS COMPANY,1D,,,,,,
2026-09-04 00:00:00,Long,NSTS,14.05,0.21%,13.95,sqz,参数二,"{""sqz"": {""bb_length"": 20, ""bb_mult"": 1.8, ""kc_length"": 20, ""kc_mult"": 1.5, ""min_sqz_bars"": 4}, ""r&s"": {""srb_left"": 15, ""srb_right"": 15}, ""atr"": {""atr_length"": 14, ""atr_mult"": 1.0}}",NSTS BANCORP INC,1D,一直释放,nan-13.06-12.75-13.84,低-低-高,nan%-2.37%-8.55%,72.0,1.76
2026-09-04 00:00:00,Short,STE,224.59,-0.69%,231.0,utb,参数一,"{""utb"": {""key_value"": 2, ""atr_period"": 14, ""use_ha"": false}, ""r&s"": {""srb_left"": 10, ""srb_right"": 10}, ""atr"": {""atr_length"": 14, ""atr_mult"": 1.0}}",STERIS PLC,1D,,,,,,
2026-09-04 00:00:00,Long,JBHT,273.77,2.81%,257.07,utb,参数一,"{""utb"": {""key_value"": 2, ""atr_period"": 14, ""use_ha"": false}, ""r&s"": {""srb_left"": 10, ""srb_right"": 10}, ""atr"": {""atr_length"": 14, ""atr_mult"": 1.0}}",HUNT (JB) TRANSPRT SVCS INC,1D,,,,,,
2026-09-04 00:00:00,Long,ONCO,1.02,38.02%,0.62,utb,参数一,"{""utb"": {""key_value"": 2, ""atr_period"": 14, ""use_ha"": false}, ""r&s"": {""srb_left"": 10, ""srb_right"": 10}, ""atr"": {""atr_length"": 14, ""atr_mult"": 1.0}}",ONCONETIX INC,1D,,,,,,
2026-09-04 00:00:00,Long,ONCO,1.02,38.02%,0.62,sqz,参数一,"{""sqz"": {""bb_length"": 15, ""bb_mult"": 1.5, ""kc_length"": 15, ""kc_mult"": 1.2, ""min_sqz_bars"": 4}, ""r&s"": {""srb_left"": 10, ""srb_right"": 10}, ""atr"": {""atr_length"": 14, ""atr_mult"": 1.0}}",ONCONETIX INC,1D,一直释放,93.0-47.55-67.3-1.21-1.01,低-高-低-低,48.87%-41.54%-98.20%-16.61%,22.0,71.89
2026-09-04 00:00:00,Long,ONCO,1.02,38.02%,0.62,utb,参数二,"{""utb"": {""key_value"": 3, ""atr_period"": 14, ""use_ha"": false}, ""r&s"": {""srb_left"": 15, ""srb_right"": 15}, ""atr"": {""atr_length"": 14, ""atr_mult"": 1.0}}",ONCONETIX INC,1D,,,,,,
2026-09-04 00:00:00,Long,KBON,10.14,0.40%,10.13,utb,参数一,"{""utb"": {""key_value"": 2, ""atr_period"": 14, ""use_ha"": false}, ""r&s"": {""srb_left"": 10, ""srb_right"": 10}, ""atr"": {""atr_length"": 14, ""atr_mult"": 1.0}}",KARBON CAPITAL PARTNERS-CL A,1D,,,,,,
2026-09-04 00:00:00,Long,LAD,386.81,2.07%,365.5,utb,参数一,"{""utb"": {""key_value"": 2, ""atr_period"": 14, ""use_ha"": false}, ""r&s"": {""srb_left"": 10, ""srb_right"": 10}, ""atr"": {""atr_length"": 14, ""atr_mult"": 1.0}}",LITHIA MOTORS INC,1D,,,,,,
2026-09-04 00:00:00,Short,INR,15.61,-0.76%,16.54,suf,参数一,"{""suf"": {""timeframe"": ""d""}}",INFINITY NATURAL RESOUR-CL A,1D,,,,,,
2026-09-04 00:00:00,Short,INR,15.61,-0.76%,16.54,suf,参数二,"{""suf"": {""timeframe"": ""d""}}",INFINITY NATURAL RESOUR-CL A,1D,,,,,,
2026-09-04 00:00:00,Long,QUAD,10.7,3.28%,9.8,utb,参数一,"{""utb"": {""key_value"": 2, ""atr_period"": 14, ""use_ha"": false}, ""r&s"": {""srb_left"": 10, ""srb_right"": 10}, ""atr"": {""atr_length"": 14, ""atr_mult"": 1.0}}",QUAD GRAPHICS INC,1D,,,,,,
2026-09-04 00:00:00,Long,HAFC,32.06,0.69%,31.11,utb,参数一,"{""utb"": {""key_value"": 2, ""atr_period"": 14, ""use_ha"": false}, ""r&s"": {""srb_left"": 10, ""srb_right"": 10}, ""atr"": {""atr_length"": 14, ""atr_mult"": 1.0}}",HANMI FINANCIAL CORPORATION,1D,,,,,,
2026-09-04 00:00:00,Long,PSIX,40.49,11.18%,34.0,utb,参数一,"{""utb"": {""key_value"": 2, ""atr_period"": 14, ""use_ha"": false}, ""r&s"": {""srb_left"": 10, ""srb_right"": 10}, ""atr"": {""atr_length"": 14, ""atr_mult"": 1.0}}",POWER SOLUTIONS INTERNATIONA,1D,,,,,,
2026-09-04 00:00:00,Long,INBK,29.75,3.98%,27.38,utb,参数一,"{""utb"": {""key_value"": 2, ""atr_period"": 14, ""use_ha"": false}, ""r&s"": {""srb_left"": 10, ""srb_right"": 10}, ""atr"": {""atr_length"": 14, ""atr_mult"": 1.0}}",FIRST INTERNET BANCORP,1D,,,,,,
2026-09-04 00:00:00,Long,COSM,0.27,2.63%,0.23,sqz,参数一,"{""sqz"": {""bb_length"": 15, ""bb_mult"": 1.5, ""kc_length"": 15, ""kc_mult"": 1.2, ""min_sqz_bars"": 4}, ""r&s"": {""srb_left"": 10, ""srb_right"": 10}, ""atr"": {""atr_length"": 14, ""atr_mult"": 1.0}}",COSMOS HEALTH INC,1D,压力释放,nan-0.59-0.45-0.35-0.25,低-低-低-低,nan%-23.73%-22.22%-28.57%,19.0,40.45
2026-09-04 00:00:00,Short,MCGA,10.35,-0.19%,10.38,suf,参数一,"{""suf"": {""timeframe"": ""d""}}",YORKVILLE ACQUISITION CORP-A,1D,,,,,,
2026-09-04 00:00:00,Short,MCGA,10.35,-0.19%,10.38,suf,参数二,"{""suf"": {""timeframe"": ""d""}}",YORKVILLE ACQUISITION CORP-A,1D,,,,,,
2026-09-04 00:00:00,Short,BAH,72.8,-1.46%,76.51,utb,参数一,"{""utb"": {""key_value"": 2, ""atr_period"": 14, ""use_ha"": false}, ""r&s"": {""srb_left"": 10, ""srb_right"": 10}, ""atr"": {""atr_length"": 14, ""atr_mult"": 1.0}}",BOOZ ALLEN HAMILTON HOLDINGS,1D,,,,,,
2026-09-04 00:00:00,Short,YIBO,1.16,-6.45%,1.28,utb,参数一,"{""utb"": {""key_value"": 2, ""atr_period"": 14, ""use_ha"": false}, ""r&s"": {""srb_left"": 10, ""srb_right"": 10}, ""atr"": {""atr_length"": 14, ""atr_mult"": 1.0}}",PLANET IMAGE INTERNATIONAL L,1D,,,,,,
2026-09-04 00:00:00,Long,BRKH,10.05,0.60%,9.97,utb,参数一,"{""utb"": {""key_value"": 2, ""atr_period"": 14, ""use_ha"": false}, ""r&s"": {""srb_left"": 10, ""srb_right"": 10}, ""atr"": {""atr_length"": 14, ""atr_mult"": 1.0}}",BURTECH ACQUISITION CO- CL A,1D,,,,,,
2026-09-04 00:00:00,Long,LPG,55.2,3.04%,52.05,sqz,参数一,"{""sqz"": {""bb_length"": 15, ""bb_mult"": 1.5, ""kc_length"": 15, ""kc_mult"": 1.2, ""min_sqz_bars"": 4}, ""r&s"": {""srb_left"": 10, ""srb_right"": 10}, ""atr"": {""atr_length"": 14, ""atr_mult"": 1.0}}",DORIAN LPG LTD,1D,一直释放,nan-23.89-36.63-47.06-44.23,低-高-高-低,nan%-53.32%-28.46%-6.01%,58.0,31.12
2026-09-04 00:00:00,Short,CVX,208.6,-1.29%,213.78,suf,参数一,"{""suf"": {""timeframe"": ""d""}}",CHEVRON CORP,1D,,,,,,
2026-09-04 00:00:00,Short,CVX,208.6,-1.29%,213.78,suf,参数二,"{""suf"": {""timeframe"": ""d""}}",CHEVRON CORP,1D,,,,,,
2026-09-04 00:00:00,Short,ALTI,3.0,-21.87%,4.12,sqz,参数一,"{""sqz"": {""bb_length"": 15, ""bb_mult"": 1.5, ""kc_length"": 15, ""kc_mult"": 1.2, ""min_sqz_bars"": 4}, ""r&s"": {""srb_left"": 10, ""srb_right"": 10}, ""atr"": {""atr_length"": 14, ""atr_mult"": 1.0}}",ALTI GLOBAL INC,1D,支撑释放,4.06-2.96-3.24-2.75-3.19,低-高-低-高,27.09%-9.53%-15.18%-16.00%,31.0,49.22
2026-09-04 00:00:00,Short,ALTI,3.0,-21.87%,4.12,utb,参数二,"{""utb"": {""key_value"": 3, ""atr_period"": 14, ""use_ha"": false}, ""r&s"": {""srb_left"": 15, ""srb_right"": 15}, ""atr"": {""atr_length"": 14, ""atr_mult"": 1.0}}",ALTI GLOBAL INC,1D,,,,,,
2026-09-04 00:00:00,Long,HIFS,307.99,3.62%,282.59,utb,参数一,"{""utb"": {""key_value"": 2, ""atr_period"": 14, ""use_ha"": false}, ""r&s"": {""srb_left"": 10, ""srb_right"": 10}, ""atr"": {""atr_length"": 14, ""atr_mult"": 1.0}}",HINGHAM INSTITUTION FOR SVGS,1D,,,,,,
2026-09-04 00:00:00,Short,IMCC,1.98,-10.00%,2.83,sqz,参数一,"{""sqz"": {""bb_length"": 15, ""bb_mult"": 1.5, ""kc_length"": 15, ""kc_mult"": 1.2, ""min_sqz_bars"": 4}, ""r&s"": {""srb_left"": 10, ""srb_right"": 10}, ""atr"": {""atr_length"": 14, ""atr_mult"": 1.0}}",IM CANNABIS CORP,1D,支撑释放,6.96-6.57-3.6-2.91-2.58,低-低-低-低,5.60%-45.21%-19.17%-11.34%,14.0,60.85
2026-09-04 00:00:00,Short,DNMX,10.06,-0.15%,10.08,utb,参数一,"{""utb"": {""key_value"": 2, ""atr_period"": 14, ""use_ha"": false}, ""r&s"": {""srb_left"": 10, ""srb_right"": 10}, ""atr"": {""atr_length"": 14, ""atr_mult"": 1.0}}",DYNAMIX CORP III-CL A,1D,,,,,,
2026-09-04 00:00:00,Long,AS,29.53,3.58%,27.2,suf,参数一,"{""suf"": {""timeframe"": ""d""}}",AMER SPORTS INC,1D,,,,,,
2026-09-04 00:00:00,Long,AS,29.53,3.58%,27.2,suf,参数二,"{""suf"": {""timeframe"": ""d""}}",AMER SPORTS INC,1D,,,,,,
2026-09-04 00:00:00,Long,VIRC,6.52,7.77%,5.81,utb,参数一,"{""utb"": {""key_value"": 2, ""atr_period"": 14, ""use_ha"": false}, ""r&s"": {""srb_left"": 10, ""srb_right"": 10}, ""atr"": {""atr_length"": 14, ""atr_mult"": 1.0}}",VIRCO MFG CORPORATION,1D,,,,,,
2026-09-04 00:00:00,Long,VIRC,6.52,7.77%,5.81,sqz,参数一,"{""sqz"": {""bb_length"": 15, ""bb_mult"": 1.5, ""kc_length"": 15, ""kc_mult"": 1.2, ""min_sqz_bars"": 4}, ""r&s"": {""srb_left"": 10, ""srb_right"": 10}, ""atr"": {""atr_length"": 14, ""atr_mult"": 1.0}}",VIRCO MFG CORPORATION,1D,压力释放,7.06-6.49-6.42-6.85-6.21,低-低-高-低,8.15%-0.96%-6.64%-9.34%,23.0,6.34
2026-09-04 00:00:00,Long,VIRC,6.52,7.77%,5.81,utb,参数二,"{""utb"": {""key_value"": 3, ""atr_period"": 14, ""use_ha"": false}, ""r&s"": {""srb_left"": 15, ""srb_right"": 15}, ""atr"": {""atr_length"": 14, ""atr_mult"": 1.0}}",VIRCO MFG CORPORATION,1D,,,,,,
2026-09-04 00:00:00,Long,VIRC,6.52,7.77%,5.81,sqz,参数二,"{""sqz"": {""bb_length"": 20, ""bb_mult"": 1.8, ""kc_length"": 20, ""kc_mult"": 1.5, ""min_sqz_bars"": 4}, ""r&s"": {""srb_left"": 15, ""srb_right"": 15}, ""atr"": {""atr_length"": 14, ""atr_mult"": 1.0}}",VIRCO MFG CORPORATION,1D,压力释放,7.37-7.06-6.42-6.85-6.21,低-低-高-低,4.20%-9.03%-6.64%-9.34%,23.0,6.34
2026-09-04 00:00:00,Short,PAYC,231.67,-3.68%,246.29,suf,参数一,"{""suf"": {""timeframe"": ""d""}}",PAYCOM SOFTWARE INC,1D,,,,,,
2026-09-04 00:00:00,Short,PAYC,231.67,-3.68%,246.29,suf,参数二,"{""suf"": {""timeframe"": ""d""}}",PAYCOM SOFTWARE INC,1D,,,,,,
2026-09-04 00:00:00,Long,MCRB,5.72,1.42%,5.22,sqz,参数一,"{""sqz"": {""bb_length"": 15, ""bb_mult"": 1.5, ""kc_length"": 15, ""kc_mult"": 1.2, ""min_sqz_bars"": 4}, ""r&s"": {""srb_left"": 10, ""srb_right"": 10}, ""atr"": {""atr_length"": 14, ""atr_mult"": 1.0}}",SERES THERAPEUTICS INC,1D,一直亮绿,9.6-9.55-8.1-8.25-5.65,低-低-高-低,0.51%-15.19%-1.85%-31.52%,22.0,30.94
2026-09-04 00:00:00,Long,RXRX,3.63,5.52%,3.22,utb,参数二,"{""utb"": {""key_value"": 3, ""atr_period"": 14, ""use_ha"": false}, ""r&s"": {""srb_left"": 15, ""srb_right"": 15}, ""atr"": {""atr_length"": 14, ""atr_mult"": 1.0}}",RECURSION PHARMACEUTICALS-A,1D,,,,,,
2026-09-04 00:00:00,Long,BSVN,57.43,9.49%,52.39,sqz,参数一,"{""sqz"": {""bb_length"": 15, ""bb_mult"": 1.5, ""kc_length"": 15, ""kc_mult"": 1.2, ""min_sqz_bars"": 4}, ""r&s"": {""srb_left"": 10, ""srb_right"": 10}, ""atr"": {""atr_length"": 14, ""atr_mult"": 1.0}}",BANK7 CORP,1D,压力释放,44.64-45.53-45.72-53.0-55.41,高-高-高-高,1.99%-0.42%-15.93%-4.55%,15.0,8.71
2026-09-04 00:00:00,Long,BSVN,57.43,9.49%,52.39,sqz,参数二,"{""sqz"": {""bb_length"": 20, ""bb_mult"": 1.8, ""kc_length"": 20, ""kc_mult"": 1.5, ""min_sqz_bars"": 4}, ""r&s"": {""srb_left"": 15, ""srb_right"": 15}, ""atr"": {""atr_length"": 14, ""atr_mult"": 1.0}}",BANK7 CORP,1D,压力释放,nan-44.64-45.53-45.72-53.0,低-高-高-高,nan%-1.99%-0.42%-15.93%,36.0,11.58
2026-09-04 00:00:00,Long,ROC,4.23,1.93%,3.88,mfa,参数一,"{""mfa"": {""mfa_all"": 16}}",RANK ONE COMPUTING CORP,1D,,,,,,
2026-09-04 00:00:00,Long,ROC,4.23,1.93%,3.88,mfa,参数二,"{""mfa"": {""mfa_all"": 16}}",RANK ONE COMPUTING CORP,1D,,,,,,
2026-09-04 00:00:00,Long,KMX,63.29,1.04%,60.3,sqz,参数一,"{""sqz"": {""bb_length"": 15, ""bb_mult"": 1.5, ""kc_length"": 15, ""kc_mult"": 1.2, ""min_sqz_bars"": 4}, ""r&s"": {""srb_left"": 10, ""srb_right"": 10}, ""atr"": {""atr_length"": 14, ""atr_mult"": 1.0}}",CARMAX INC,1D,一直释放,42.06-49.89-45.44-49.44-61.15,高-低-高-高,18.62%-8.92%-8.80%-23.69%,27.0,8.77
2026-09-04 00:00:00,Long,FULT,24.1,0.96%,23.44,utb,参数一,"{""utb"": {""key_value"": 2, ""atr_period"": 14, ""use_ha"": false}, ""r&s"": {""srb_left"": 10, ""srb_right"": 10}, ""atr"": {""atr_length"": 14, ""atr_mult"": 1.0}}",FULTON FINANCIAL CORP,1D,,,,,,
2026-09-04 00:00:00,Long,CMBT,19.49,4.22%,18.75,sqz,参数一,"{""sqz"": {""bb_length"": 15, ""bb_mult"": 1.5, ""kc_length"": 15, ""kc_mult"": 1.2, ""min_sqz_bars"": 4}, ""r&s"": {""srb_left"": 10, ""srb_right"": 10}, ""atr"": {""atr_length"": 14, ""atr_mult"": 1.0}}",CMB TECH NV,1D,一直释放,10.72-14.14-17.0-16.07-16.02,高-高-低-低,31.89%-20.21%-5.44%-0.31%,38.0,8.02
2026-09-04 00:00:00,Long,CMBT,19.49,4.22%,18.75,sqz,参数二,"{""sqz"": {""bb_length"": 20, ""bb_mult"": 1.8, ""kc_length"": 20, ""kc_mult"": 1.5, ""min_sqz_bars"": 4}, ""r&s"": {""srb_left"": 15, ""srb_right"": 15}, ""atr"": {""atr_length"": 14, ""atr_mult"": 1.0}}",CMB TECH NV,1D,一直释放,nan-10.72-14.14-17.0-16.07,低-高-高-低,nan%-31.89%-20.21%-5.44%,52.0,15.65
2026-09-04 00:00:00,Long,GCO,35.81,3.98%,31.62,utb,参数一,"{""utb"": {""key_value"": 2, ""atr_period"": 14, ""use_ha"": false}, ""r&s"": {""srb_left"": 10, ""srb_right"": 10}, ""atr"": {""atr_length"": 14, ""atr_mult"": 1.0}}",GENESCO INC,1D,,,,,,
2026-09-04 00:00:00,Short,DCX,0.57,-12.00%,0.78,sqz,参数一,"{""sqz"": {""bb_length"": 15, ""bb_mult"": 1.5, ""kc_length"": 15, ""kc_mult"": 1.2, ""min_sqz_bars"": 4}, ""r&s"": {""srb_left"": 10, ""srb_right"": 10}, ""atr"": {""atr_length"": 14, ""atr_mult"": 1.0}}",DIGITAL CURRENCY X TECHNOLOG,1D,一直亮红,4.08-1.43-1.73-0.86-0.63,低-高-低-低,64.95%-20.98%-50.29%-26.74%,29.0,119.05
2026-09-04 00:00:00,Short,DCX,0.57,-12.00%,0.78,sqz,参数二,"{""sqz"": {""bb_length"": 20, ""bb_mult"": 1.8, ""kc_length"": 20, ""kc_mult"": 1.5, ""min_sqz_bars"": 4}, ""r&s"": {""srb_left"": 15, ""srb_right"": 15}, ""atr"": {""atr_length"": 14, ""atr_mult"": 1.0}}",DIGITAL CURRENCY X TECHNOLOG,1D,一直亮红,nan-4.08-1.43-0.63,低-低-低,nan%-64.95%-55.94%,29.0,119.05
2026-09-04 00:00:00,Short,GEHC,68.86,-1.23%,70.99,utb,参数二,"{""utb"": {""key_value"": 3, ""atr_period"": 14, ""use_ha"": false}, ""r&s"": {""srb_left"": 15, ""srb_right"": 15}, ""atr"": {""atr_length"": 14, ""atr_mult"": 1.0}}",GE HEALTHCARE TECHNOLOGY,1D,,,,,,
2026-09-04 00:00:00,Long,BDC,122.28,2.83%,114.29,utb,参数一,"{""utb"": {""key_value"": 2, ""atr_period"": 14, ""use_ha"": false}, ""r&s"": {""srb_left"": 10, ""srb_right"": 10}, ""atr"": {""atr_length"": 14, ""atr_mult"": 1.0}}",BELDEN INC,1D,,,,,,
2026-09-04 00:00:00,Long,PACK,4.54,3.65%,4.15,suf,参数一,"{""suf"": {""timeframe"": ""d""}}",RANPAK HOLDINGS CORP,1D,,,,,,
2026-09-04 00:00:00,Long,PACK,4.54,3.65%,4.15,suf,参数二,"{""suf"": {""timeframe"": ""d""}}",RANPAK HOLDINGS CORP,1D,,,,,,
2026-09-04 00:00:00,Short,PATH,15.19,-16.63%,17.71,utb,参数一,"{""utb"": {""key_value"": 2, ""atr_period"": 14, ""use_ha"": false}, ""r&s"": {""srb_left"": 10, ""srb_right"": 10}, ""atr"": {""atr_length"": 14, ""atr_mult"": 1.0}}",UIPATH INC - CLASS A,1D,,,,,,
2026-09-04 00:00:00,Short,PATH,15.19,-16.63%,17.71,suf,参数一,"{""suf"": {""timeframe"": ""d""}}",UIPATH INC - CLASS A,1D,,,,,,
2026-09-04 00:00:00,Short,PATH,15.19,-16.63%,17.71,utb,参数二,"{""utb"": {""key_value"": 3, ""atr_period"": 14, ""use_ha"": false}, ""r&s"": {""srb_left"": 15, ""srb_right"": 15}, ""atr"": {""atr_length"": 14, ""atr_mult"": 1.0}}",UIPATH INC - CLASS A,1D,,,,,,
2026-09-04 00:00:00,Short,PATH,15.19,-16.63%,17.71,suf,参数二,"{""suf"": {""timeframe"": ""d""}}",UIPATH INC - CLASS A,1D,,,,,,
2026-09-04 00:00:00,Long,TRN,28.32,0.75%,27.01,suf,参数一,"{""suf"": {""timeframe"": ""d""}}",TRINITY INDUSTRIES INC,1D,,,,,,
2026-09-04 00:00:00,Long,TRN,28.32,0.75%,27.01,suf,参数二,"{""suf"": {""timeframe"": ""d""}}",TRINITY INDUSTRIES INC,1D,,,,,,
2026-09-04 00:00:00,Long,USEA,3.04,2.01%,2.85,sqz,参数二,"{""sqz"": {""bb_length"": 20, ""bb_mult"": 1.8, ""kc_length"": 20, ""kc_mult"": 1.5, ""min_sqz_bars"": 4}, ""r&s"": {""srb_left"": 15, ""srb_right"": 15}, ""atr"": {""atr_length"": 14, ""atr_mult"": 1.0}}",UNITED MARITIME CORP,1D,压力释放,nan-1.96-1.83-2.09-2.82,低-低-高-高,nan%-6.65%-14.57%-34.65%,44.0,15.1
2026-09-04 00:00:00,Long,JBI,5.09,1.60%,4.76,utb,参数一,"{""utb"": {""key_value"": 2, ""atr_period"": 14, ""use_ha"": false}, ""r&s"": {""srb_left"": 10, ""srb_right"": 10}, ""atr"": {""atr_length"": 14, ""atr_mult"": 1.0}}",JANUS INTERNATIONAL GROUP IN,1D,,,,,,
2026-09-04 00:00:00,Short,TRU,79.88,-5.93%,83.33,utb,参数一,"{""utb"": {""key_value"": 2, ""atr_period"": 14, ""use_ha"": false}, ""r&s"": {""srb_left"": 10, ""srb_right"": 10}, ""atr"": {""atr_length"": 14, ""atr_mult"": 1.0}}",TRANSUNION,1D,,,,,,
2026-09-04 00:00:00,Long,SKYX,1.37,6.20%,1.21,sqz,参数一,"{""sqz"": {""bb_length"": 15, ""bb_mult"": 1.5, ""kc_length"": 15, ""kc_mult"": 1.2, ""min_sqz_bars"": 4}, ""r&s"": {""srb_left"": 10, ""srb_right"": 10}, ""atr"": {""atr_length"": 14, ""atr_mult"": 1.0}}",SKYX PLATFORMS CORP,1D,一直亮绿,3.29-1.28-1.54-1.29-1.37,低-高-低-高,61.09%-20.31%-16.23%-5.81%,32.0,28.77
2026-09-04 00:00:00,Short,OWLT,4.98,-0.99%,5.44,sqz,参数二,"{""sqz"": {""bb_length"": 20, ""bb_mult"": 1.8, ""kc_length"": 20, ""kc_mult"": 1.5, ""min_sqz_bars"": 4}, ""r&s"": {""srb_left"": 15, ""srb_right"": 15}, ""atr"": {""atr_length"": 14, ""atr_mult"": 1.0}}",OWLET INC,1D,一直亮红,11.92-4.19-4.7-4.36-5.02,低-高-低-高,64.85%-12.17%-7.23%-15.11%,26.0,36.08
2026-09-04 00:00:00,Long,ZKP,10.03,0.10%,10.03,utb,参数一,"{""utb"": {""key_value"": 2, ""atr_period"": 14, ""use_ha"": false}, ""r&s"": {""srb_left"": 10, ""srb_right"": 10}, ""atr"": {""atr_length"": 14, ""atr_mult"": 1.0}}",LAFAYETTE DIGITAL ACQUISITIO,1D,,,,,,
2026-09-04 00:00:00,Long,ZKP,10.03,0.10%,10.03,sqz,参数一,"{""sqz"": {""bb_length"": 15, ""bb_mult"": 1.5, ""kc_length"": 15, ""kc_mult"": 1.2, ""min_sqz_bars"": 4}, ""r&s"": {""srb_left"": 10, ""srb_right"": 10}, ""atr"": {""atr_length"": 14, ""atr_mult"": 1.0}}",LAFAYETTE DIGITAL ACQUISITIO,1D,一直释放,nan-9.9-9.94-9.99,低-高-高,nan%-0.40%-0.50%,37.0,0.3
2026-09-04 00:00:00,Short,UPB,6.01,-1.15%,6.66,sqz,参数一,"{""sqz"": {""bb_length"": 15, ""bb_mult"": 1.5, ""kc_length"": 15, ""kc_mult"": 1.2, ""min_sqz_bars"": 4}, ""r&s"": {""srb_left"": 10, ""srb_right"": 10}, ""atr"": {""atr_length"": 14, ""atr_mult"": 1.0}}",UPSTREAM BIO INC,1D,支撑释放,25.0-7.25-8.1-5.85-6.09,低-高-低-高,71.00%-11.72%-27.78%-4.10%,28.0,26.44
2026-09-04 00:00:00,Short,UPB,6.01,-1.15%,6.66,sqz,参数二,"{""sqz"": {""bb_length"": 20, ""bb_mult"": 1.8, ""kc_length"": 20, ""kc_mult"": 1.5, ""min_sqz_bars"": 4}, ""r&s"": {""srb_left"": 15, ""srb_right"": 15}, ""atr"": {""atr_length"": 14, ""atr_mult"": 1.0}}",UPSTREAM BIO INC,1D,支撑释放,nan-25.0-7.25-5.85-6.09,低-低-低-高,nan%-71.00%-19.31%-4.10%,28.0,26.44
2026-09-04 00:00:00,Short,MRKR,1.18,-4.84%,1.41,utb,参数二,"{""utb"": {""key_value"": 3, ""atr_period"": 14, ""use_ha"": false}, ""r&s"": {""srb_left"": 15, ""srb_right"": 15}, ""atr"": {""atr_length"": 14, ""atr_mult"": 1.0}}",MARKER THERAPEUTICS INC,1D,,,,,,
2026-09-04 00:00:00,Long,FLNG,31.51,0.86%,30.38,utb,参数一,"{""utb"": {""key_value"": 2, ""atr_period"": 14, ""use_ha"": false}, ""r&s"": {""srb_left"": 10, ""srb_right"": 10}, ""atr"": {""atr_length"": 14, ""atr_mult"": 1.0}}",FLEX LNG LTD,1D,,,,,,
2026-09-04 00:00:00,Long,STRR,10.62,0.95%,10.13,utb,参数一,"{""utb"": {""key_value"": 2, ""atr_period"": 14, ""use_ha"": false}, ""r&s"": {""srb_left"": 10, ""srb_right"": 10}, ""atr"": {""atr_length"": 14, ""atr_mult"": 1.0}}",STAR EQUITY HOLDINGS INC,1D,,,,,,
2026-09-04 00:00:00,Short,OGI,1.15,-1.28%,1.21,utb,参数一,"{""utb"": {""key_value"": 2, ""atr_period"": 14, ""use_ha"": false}, ""r&s"": {""srb_left"": 10, ""srb_right"": 10}, ""atr"": {""atr_length"": 14, ""atr_mult"": 1.0}}",ORGANIGRAM GLOBAL INC,1D,,,,,,
2026-09-04 00:00:00,Long,ATOM,4.04,2.54%,3.6,suf,参数一,"{""suf"": {""timeframe"": ""d""}}",ATOMERA INC,1D,,,,,,
2026-09-04 00:00:00,Long,ATOM,4.04,2.54%,3.6,suf,参数二,"{""suf"": {""timeframe"": ""d""}}",ATOMERA INC,1D,,,,,,
2026-09-04 00:00:00,Long,MHK,133.63,1.47%,127.36,utb,参数一,"{""utb"": {""key_value"": 2, ""atr_period"": 14, ""use_ha"": false}, ""r&s"": {""srb_left"": 10, ""srb_right"": 10}, ""atr"": {""atr_length"": 14, ""atr_mult"": 1.0}}",MOHAWK INDUSTRIES INC,1D,,,,,,
2026-09-04 00:00:00,Long,LOBO,0.58,3.77%,0.51,suf,参数一,"{""suf"": {""timeframe"": ""d""}}",LOBO TECHNOLOGIES LTD-A,1D,,,,,,
2026-09-04 00:00:00,Long,LOBO,0.58,3.77%,0.51,suf,参数二,"{""suf"": {""timeframe"": ""d""}}",LOBO TECHNOLOGIES LTD-A,1D,,,,,,
2026-09-04 00:00:00,Short,AVAH,13.58,-0.44%,14.4,suf,参数一,"{""suf"": {""timeframe"": ""d""}}",AVEANNA HEALTHCARE HOLDINGS,1D,,,,,,
2026-09-04 00:00:00,Short,AVAH,13.58,-0.44%,14.4,suf,参数二,"{""suf"": {""timeframe"": ""d""}}",AVEANNA HEALTHCARE HOLDINGS,1D,,,,,,
2026-09-04 00:00:00,Short,BR,172.88,-3.37%,183.02,utb,参数一,"{""utb"": {""key_value"": 2, ""atr_period"": 14, ""use_ha"": false}, ""r&s"": {""srb_left"": 10, ""srb_right"": 10}, ""atr"": {""atr_length"": 14, ""atr_mult"": 1.0}}",BROADRIDGE FINANCIAL SOLUTIO,1D,,,,,,
2026-09-04 00:00:00,Short,HTGC,17.63,-0.51%,18.09,suf,参数一,"{""suf"": {""timeframe"": ""d""}}",HERCULES CAPITAL INC,1D,,,,,,
2026-09-04 00:00:00,Short,HTGC,17.63,-0.51%,18.09,suf,参数二,"{""suf"": {""timeframe"": ""d""}}",HERCULES CAPITAL INC,1D,,,,,,
2026-09-04 00:00:00,Long,BANF,112.89,1.02%,108.29,utb,参数一,"{""utb"": {""key_value"": 2, ""atr_period"": 14, ""use_ha"": false}, ""r&s"": {""srb_left"": 10, ""srb_right"": 10}, ""atr"": {""atr_length"": 14, ""atr_mult"": 1.0}}",BANCFIRST CORP,1D,,,,,,
2026-09-04 00:00:00,Short,RXST,6.38,-2.52%,7.04,utb,参数一,"{""utb"": {""key_value"": 2, ""atr_period"": 14, ""use_ha"": false}, ""r&s"": {""srb_left"": 10, ""srb_right"": 10}, ""atr"": {""atr_length"": 14, ""atr_mult"": 1.0}}",RXSIGHT INC,1D,,,,,,
2026-09-04 00:00:00,Short,RDZN,1.29,-3.73%,1.42,utb,参数二,"{""utb"": {""key_value"": 3, ""atr_period"": 14, ""use_ha"": false}, ""r&s"": {""srb_left"": 15, ""srb_right"": 15}, ""atr"": {""atr_length"": 14, ""atr_mult"": 1.0}}",ROADZEN INC,1D,,,,,,
2026-09-04 00:00:00,Long,NUWE,0.78,6.85%,0.47,suf,参数一,"{""suf"": {""timeframe"": ""d""}}",NUWELLIS INC,1D,,,,,,
2026-09-04 00:00:00,Long,NUWE,0.78,6.85%,0.47,suf,参数二,"{""suf"": {""timeframe"": ""d""}}",NUWELLIS INC,1D,,,,,,
2026-09-04 00:00:00,Long,HAFN,9.22,3.25%,8.68,sqz,参数二,"{""sqz"": {""bb_length"": 20, ""bb_mult"": 1.8, ""kc_length"": 20, ""kc_mult"": 1.5, ""min_sqz_bars"": 4}, ""r&s"": {""srb_left"": 15, ""srb_right"": 15}, ""atr"": {""atr_length"": 14, ""atr_mult"": 1.0}}",HAFNIA LTD,1D,一直亮绿,nan-9.18,低,nan%,85.0,41.27
2026-09-04 00:00:00,Short,RTAC,10.55,-0.47%,10.68,suf,参数一,"{""suf"": {""timeframe"": ""d""}}",RENATUS TACTICAL ACQUISITI-A,1D,,,,,,
2026-09-04 00:00:00,Short,RTAC,10.55,-0.47%,10.68,suf,参数二,"{""suf"": {""timeframe"": ""d""}}",RENATUS TACTICAL ACQUISITI-A,1D,,,,,,
2026-09-04 00:00:00,Long,LEA,134.68,2.77%,126.81,utb,参数二,"{""utb"": {""key_value"": 3, ""atr_period"": 14, ""use_ha"": false}, ""r&s"": {""srb_left"": 15, ""srb_right"": 15}, ""atr"": {""atr_length"": 14, ""atr_mult"": 1.0}}",LEAR CORP,1D,,,,,,
2026-09-04 00:00:00,Long,DOO,67.32,4.83%,61.75,utb,参数一,"{""utb"": {""key_value"": 2, ""atr_period"": 14, ""use_ha"": false}, ""r&s"": {""srb_left"": 10, ""srb_right"": 10}, ""atr"": {""atr_length"": 14, ""atr_mult"": 1.0}}",BRP INC/CA- SUB VOTING,1D,,,,,,
2026-09-04 00:00:00,Long,DOO,67.32,4.83%,61.75,utb,参数二,"{""utb"": {""key_value"": 3, ""atr_period"": 14, ""use_ha"": false}, ""r&s"": {""srb_left"": 15, ""srb_right"": 15}, ""atr"": {""atr_length"": 14, ""atr_mult"": 1.0}}",BRP INC/CA- SUB VOTING,1D,,,,,,
2026-09-04 00:00:00,Long,WSBC,41.33,0.98%,39.8,utb,参数二,"{""utb"": {""key_value"": 3, ""atr_period"": 14, ""use_ha"": false}, ""r&s"": {""srb_left"": 15, ""srb_right"": 15}, ""atr"": {""atr_length"": 14, ""atr_mult"": 1.0}}",WESBANCO INC,1D,,,,,,
2026-09-04 00:00:00,Long,PONO,10.03,0.20%,10.01,utb,参数一,"{""utb"": {""key_value"": 2, ""atr_period"": 14, ""use_ha"": false}, ""r&s"": {""srb_left"": 10, ""srb_right"": 10}, ""atr"": {""atr_length"": 14, ""atr_mult"": 1.0}}",PONO CAPITAL FOUR INC-A,1D,,,,,,
2026-09-04 00:00:00,Long,PONO,10.03,0.20%,10.01,utb,参数二,"{""utb"": {""key_value"": 3, ""atr_period"": 14, ""use_ha"": false}, ""r&s"": {""srb_left"": 15, ""srb_right"": 15}, ""atr"": {""atr_length"": 14, ""atr_mult"": 1.0}}",PONO CAPITAL FOUR INC-A,1D,,,,,,
2026-09-04 00:00:00,Long,NX,22.93,22.23%,19.03,utb,参数一,"{""utb"": {""key_value"": 2, ""atr_period"": 14, ""use_ha"": false}, ""r&s"": {""srb_left"": 10, ""srb_right"": 10}, ""atr"": {""atr_length"": 14, ""atr_mult"": 1.0}}",QUANEX BUILDING PRODUCTS,1D,,,,,,
2026-09-04 00:00:00,Long,NX,22.93,22.23%,19.03,utb,参数二,"{""utb"": {""key_value"": 3, ""atr_period"": 14, ""use_ha"": false}, ""r&s"": {""srb_left"": 15, ""srb_right"": 15}, ""atr"": {""atr_length"": 14, ""atr_mult"": 1.0}}",QUANEX BUILDING PRODUCTS,1D,,,,,,
2026-09-04 00:00:00,Short,SNES,1.0,-3.85%,1.11,sqz,参数一,"{""sqz"": {""bb_length"": 15, ""bb_mult"": 1.5, ""kc_length"": 15, ""kc_mult"": 1.2, ""min_sqz_bars"": 4}, ""r&s"": {""srb_left"": 10, ""srb_right"": 10}, ""atr"": {""atr_length"": 14, ""atr_mult"": 1.0}}",SENESTECH INC,1D,一直释放,1.62-1.54-1.41-1.51-1.15,低-低-高-低,4.94%-8.44%-7.09%-23.84%,21.0,19.13
2026-09-04 00:00:00,Long,CFFN,8.87,0.80%,8.6,utb,参数一,"{""utb"": {""key_value"": 2, ""atr_period"": 14, ""use_ha"": false}, ""r&s"": {""srb_left"": 10, ""srb_right"": 10}, ""atr"": {""atr_length"": 14, ""atr_mult"": 1.0}}",CAPITOL FEDERAL FINANCIAL IN,1D,,,,,,
2026-09-04 00:00:00,Long,RNGT,10.18,0.20%,10.17,utb,参数一,"{""utb"": {""key_value"": 2, ""atr_period"": 14, ""use_ha"": false}, ""r&s"": {""srb_left"": 10, ""srb_right"": 10}, ""atr"": {""atr_length"": 14, ""atr_mult"": 1.0}}",RANGE CAPITAL ACQUISIT CL A,1D,,,,,,
2026-09-04 00:00:00,Long,MERC,0.38,5.56%,0.3,suf,参数一,"{""suf"": {""timeframe"": ""d""}}",MERCER INTERNATIONAL INC,1D,,,,,,
2026-09-04 00:00:00,Long,MERC,0.38,5.56%,0.3,suf,参数二,"{""suf"": {""timeframe"": ""d""}}",MERCER INTERNATIONAL INC,1D,,,,,,
2026-09-04 00:00:00,Long,WERN,40.04,4.00%,36.73,utb,参数一,"{""utb"": {""key_value"": 2, ""atr_period"": 14, ""use_ha"": false}, ""r&s"": {""srb_left"": 10, ""srb_right"": 10}, ""atr"": {""atr_length"": 14, ""atr_mult"": 1.0}}",WERNER ENTERPRISES INC,1D,,,,,,
2026-09-04 00:00:00,Short,CLRB,2.37,0.85%,2.51,sqz,参数一,"{""sqz"": {""bb_length"": 15, ""bb_mult"": 1.5, ""kc_length"": 15, ""kc_mult"": 1.2, ""min_sqz_bars"": 4}, ""r&s"": {""srb_left"": 10, ""srb_right"": 10}, ""atr"": {""atr_length"": 14, ""atr_mult"": 1.0}}",CELLECTAR BIOSCIENCES INC,1D,支撑释放,2.43-2.51-2.2-2.33-2.45,高-低-高-高,3.29%-12.35%-5.91%-5.15%,16.0,10.2
2026-09-04 00:00:00,Short,CHPG,10.43,-0.48%,10.44,utb,参数一,"{""utb"": {""key_value"": 2, ""atr_period"": 14, ""use_ha"": false}, ""r&s"": {""srb_left"": 10, ""srb_right"": 10}, ""atr"": {""atr_length"": 14, ""atr_mult"": 1.0}}",CHAMPIONSGATE ACQUISITIO-A,1D,,,,,,
2026-09-04 00:00:00,Short,CHPG,10.43,-0.48%,10.44,suf,参数一,"{""suf"": {""timeframe"": ""d""}}",CHAMPIONSGATE ACQUISITIO-A,1D,,,,,,
2026-09-04 00:00:00,Short,CHPG,10.43,-0.48%,10.44,utb,参数二,"{""utb"": {""key_value"": 3, ""atr_period"": 14, ""use_ha"": false}, ""r&s"": {""srb_left"": 15, ""srb_right"": 15}, ""atr"": {""atr_length"": 14, ""atr_mult"": 1.0}}",CHAMPIONSGATE ACQUISITIO-A,1D,,,,,,
2026-09-04 00:00:00,Short,CHPG,10.43,-0.48%,10.44,suf,参数二,"{""suf"": {""timeframe"": ""d""}}",CHAMPIONSGATE ACQUISITIO-A,1D,,,,,,
2026-09-04 00:00:00,Long,ROLR,6.4,6.67%,5.55,utb,参数一,"{""utb"": {""key_value"": 2, ""atr_period"": 14, ""use_ha"": false}, ""r&s"": {""srb_left"": 10, ""srb_right"": 10}, ""atr"": {""atr_length"": 14, ""atr_mult"": 1.0}}",HIGH ROLLER TECHNOLOGIES INC,1D,,,,,,
2026-09-04 00:00:00,Long,RGC,6.89,6.33%,5.73,sqz,参数一,"{""sqz"": {""bb_length"": 15, ""bb_mult"": 1.5, ""kc_length"": 15, ""kc_mult"": 1.2, ""min_sqz_bars"": 4}, ""r&s"": {""srb_left"": 10, ""srb_right"": 10}, ""atr"": {""atr_length"": 14, ""atr_mult"": 1.0}}",REGENCELL BIOSCIENCE HOLDING,1D,压力释放,69.0-35.7-40.0-32.0-6.75,低-高-低-低,48.26%-12.04%-20.00%-78.91%,24.0,37.47
2026-09-04 00:00:00,Long,RGC,6.89,6.33%,5.73,sqz,参数二,"{""sqz"": {""bb_length"": 20, ""bb_mult"": 1.8, ""kc_length"": 20, ""kc_mult"": 1.5, ""min_sqz_bars"": 4}, ""r&s"": {""srb_left"": 15, ""srb_right"": 15}, ""atr"": {""atr_length"": 14, ""atr_mult"": 1.0}}",REGENCELL BIOSCIENCE HOLDING,1D,压力释放,nan-69.0-40.0-32.0-6.75,低-低-低-低,nan%-42.03%-20.00%-78.91%,24.0,37.47
2026-09-04 00:00:00,Short,WLY,48.19,-4.88%,53.44,utb,参数二,"{""utb"": {""key_value"": 3, ""atr_period"": 14, ""use_ha"": false}, ""r&s"": {""srb_left"": 15, ""srb_right"": 15}, ""atr"": {""atr_length"": 14, ""atr_mult"": 1.0}}",WILEY (JOHN) & SONS-CLASS A,1D,,,,,,
2026-09-04 00:00:00,Short,TTAN,87.92,-5.56%,96.31,utb,参数一,"{""utb"": {""key_value"": 2, ""atr_period"": 14, ""use_ha"": false}, ""r&s"": {""srb_left"": 10, ""srb_right"": 10}, ""atr"": {""atr_length"": 14, ""atr_mult"": 1.0}}",SERVICETITAN INC-A,1D,,,,,,
2026-09-04 00:00:00,Short,CHAI,0.27,-10.00%,0.36,utb,参数一,"{""utb"": {""key_value"": 2, ""atr_period"": 14, ""use_ha"": false}, ""r&s"": {""srb_left"": 10, ""srb_right"": 10}, ""atr"": {""atr_length"": 14, ""atr_mult"": 1.0}}",CORE AI HOLDINGS INC,1D,,,,,,
2026-09-04 00:00:00,Long,CHAI,0.27,-10.00%,0.21,mfa,参数一,"{""mfa"": {""mfa_all"": 66}}",CORE AI HOLDINGS INC,1D,,,,,,
2026-09-04 00:00:00,Short,CHAI,0.27,-10.00%,0.36,sqz,参数二,"{""sqz"": {""bb_length"": 20, ""bb_mult"": 1.8, ""kc_length"": 20, ""kc_mult"": 1.5, ""min_sqz_bars"": 4}, ""r&s"": {""srb_left"": 15, ""srb_right"": 15}, ""atr"": {""atr_length"": 14, ""atr_mult"": 1.0}}",CORE AI HOLDINGS INC,1D,一直释放,nan-1.6-1.21-0.95-0.96,低-低-低-高,nan%-24.37%-21.24%-0.73%,92.0,321.88
2026-09-04 00:00:00,Long,CHAI,0.27,-10.00%,0.21,mfa,参数二,"{""mfa"": {""mfa_all"": 66}}",CORE AI HOLDINGS INC,1D,,,,,,
2026-09-04 00:00:00,Short,MICC,19.32,-2.13%,19.94,utb,参数一,"{""utb"": {""key_value"": 2, ""atr_period"": 14, ""use_ha"": false}, ""r&s"": {""srb_left"": 10, ""srb_right"": 10}, ""atr"": {""atr_length"": 14, ""atr_mult"": 1.0}}",MAGNUM ICE CREAM CO NV/THE,1D,,,,,,
2026-09-04 00:00:00,Short,FIG,24.12,-4.36%,26.83,utb,参数二,"{""utb"": {""key_value"": 3, ""atr_period"": 14, ""use_ha"": false}, ""r&s"": {""srb_left"": 15, ""srb_right"": 15}, ""atr"": {""atr_length"": 14, ""atr_mult"": 1.0}}",FIGMA INC-CL A,1D,,,,,,
2026-09-04 00:00:00,Short,SRPT,22.5,-2.13%,23.88,suf,参数一,"{""suf"": {""timeframe"": ""d""}}",SAREPTA THERAPEUTICS INC,1D,,,,,,
2026-09-04 00:00:00,Short,SRPT,22.5,-2.13%,23.88,suf,参数二,"{""suf"": {""timeframe"": ""d""}}",SAREPTA THERAPEUTICS INC,1D,,,,,,
2026-09-04 00:00:00,Long,VVV,32.03,1.07%,30.6,suf,参数一,"{""suf"": {""timeframe"": ""d""}}",VALVOLINE INC,1D,,,,,,
2026-09-04 00:00:00,Long,VVV,32.03,1.07%,30.6,suf,参数二,"{""suf"": {""timeframe"": ""d""}}",VALVOLINE INC,1D,,,,,,
2026-09-04 00:00:00,Long,LESL,0.57,4.57%,0.33,suf,参数一,"{""suf"": {""timeframe"": ""d""}}",LESLIE'S INC,1D,,,,,,
2026-09-04 00:00:00,Long,LESL,0.57,4.57%,0.33,suf,参数二,"{""suf"": {""timeframe"": ""d""}}",LESLIE'S INC,1D,,,,,,
2026-09-04 00:00:00,Long,LIFE,39.85,5.67%,34.1,sqz,参数一,"{""sqz"": {""bb_length"": 15, ""bb_mult"": 1.5, ""kc_length"": 15, ""kc_mult"": 1.2, ""min_sqz_bars"": 4}, ""r&s"": {""srb_left"": 10, ""srb_right"": 10}, ""atr"": {""atr_length"": 14, ""atr_mult"": 1.0}}",ETHOS TECHNOLOGIES INC CL-A,1D,一直释放,nan-13.97-32.5-21.25,低-高-低,nan%-132.64%-34.62%,39.0,20.94
2026-09-04 00:00:00,Long,CMC,70.28,2.23%,66.03,utb,参数一,"{""utb"": {""key_value"": 2, ""atr_period"": 14, ""use_ha"": false}, ""r&s"": {""srb_left"": 10, ""srb_right"": 10}, ""atr"": {""atr_length"": 14, ""atr_mult"": 1.0}}",COMMERCIAL METALS CO,1D,,,,,,
2026-09-04 00:00:00,Short,NCNO,23.12,-2.16%,24.45,suf,参数一,"{""suf"": {""timeframe"": ""d""}}",NCINO INC,1D,,,,,,
2026-09-04 00:00:00,Short,NCNO,23.12,-2.16%,24.45,suf,参数二,"{""suf"": {""timeframe"": ""d""}}",NCINO INC,1D,,,,,,
2026-09-04 00:00:00,Long,OWLS,5.48,3.79%,4.96,utb,参数一,"{""utb"": {""key_value"": 2, ""atr_period"": 14, ""use_ha"": false}, ""r&s"": {""srb_left"": 10, ""srb_right"": 10}, ""atr"": {""atr_length"": 14, ""atr_mult"": 1.0}}",OBOOK HOLDINGS INC CL A,1D,,,,,,
2026-09-04 00:00:00,Long,FBNC,65.04,1.09%,62.71,utb,参数一,"{""utb"": {""key_value"": 2, ""atr_period"": 14, ""use_ha"": false}, ""r&s"": {""srb_left"": 10, ""srb_right"": 10}, ""atr"": {""atr_length"": 14, ""atr_mult"": 1.0}}",FIRST BANCORP/NC,1D,,,,,,
2026-09-04 00:00:00,Long,WSFS,79.37,0.75%,77.39,utb,参数一,"{""utb"": {""key_value"": 2, ""atr_period"": 14, ""use_ha"": false}, ""r&s"": {""srb_left"": 10, ""srb_right"": 10}, ""atr"": {""atr_length"": 14, ""atr_mult"": 1.0}}",WSFS FINANCIAL CORP,1D,,,,,,
2026-09-04 00:00:00,Long,FRME,42.06,0.79%,40.72,utb,参数一,"{""utb"": {""key_value"": 2, ""atr_period"": 14, ""use_ha"": false}, ""r&s"": {""srb_left"": 10, ""srb_right"": 10}, ""atr"": {""atr_length"": 14, ""atr_mult"": 1.0}}",FIRST MERCHANTS CORP,1D,,,,,,
2026-09-04 00:00:00,Short,PHIO,1.08,-2.70%,1.19,utb,参数一,"{""utb"": {""key_value"": 2, ""atr_period"": 14, ""use_ha"": false}, ""r&s"": {""srb_left"": 10, ""srb_right"": 10}, ""atr"": {""atr_length"": 14, ""atr_mult"": 1.0}}",PHIO PHARMACEUTICALS CORP,1D,,,,,,
2026-09-04 00:00:00,Long,MYRG,286.59,0.88%,269.25,suf,参数一,"{""suf"": {""timeframe"": ""d""}}",MYR GROUP INC/DELAWARE,1D,,,,,,
2026-09-04 00:00:00,Long,MYRG,286.59,0.88%,269.25,suf,参数二,"{""suf"": {""timeframe"": ""d""}}",MYR GROUP INC/DELAWARE,1D,,,,,,
2026-09-04 00:00:00,Long,MATH,0.98,17.05%,0.74,utb,参数一,"{""utb"": {""key_value"": 2, ""atr_period"": 14, ""use_ha"": false}, ""r&s"": {""srb_left"": 10, ""srb_right"": 10}, ""atr"": {""atr_length"": 14, ""atr_mult"": 1.0}}",METALPHA TECHNOLOGY HOLDING,1D,,,,,,
2026-09-04 00:00:00,Short,SYY,80.05,-1.27%,82.82,utb,参数二,"{""utb"": {""key_value"": 3, ""atr_period"": 14, ""use_ha"": false}, ""r&s"": {""srb_left"": 15, ""srb_right"": 15}, ""atr"": {""atr_length"": 14, ""atr_mult"": 1.0}}",SYSCO CORP,1D,,,,,,
2026-09-04 00:00:00,Long,SPWH,1.3,4.00%,1.17,sqz,参数二,"{""sqz"": {""bb_length"": 20, ""bb_mult"": 1.8, ""kc_length"": 20, ""kc_mult"": 1.5, ""min_sqz_bars"": 4}, ""r&s"": {""srb_left"": 15, ""srb_right"": 15}, ""atr"": {""atr_length"": 14, ""atr_mult"": 1.0}}",SPORTSMAN'S WAREHOUSE HOLDIN,1D,压力释放,1.55-1.54-1.7-1.68-1.24,低-高-低-低,0.32%-10.03%-1.18%-26.19%,19.0,10.71
2026-09-04 00:00:00,Long,JHX,30.39,2.56%,28.51,utb,参数一,"{""utb"": {""key_value"": 2, ""atr_period"": 14, ""use_ha"": false}, ""r&s"": {""srb_left"": 10, ""srb_right"": 10}, ""atr"": {""atr_length"": 14, ""atr_mult"": 1.0}}",JAMES HARDIE IND PLC,1D,,,,,,
2026-09-04 00:00:00,Long,WVVI,2.23,0.00%,1.97,mfa,参数一,"{""mfa"": {""mfa_all"": 16}}",WILLAMETTE VALLEY VINEYARDS,1D,,,,,,
2026-09-04 00:00:00,Long,WVVI,2.23,0.00%,1.97,mfa,参数二,"{""mfa"": {""mfa_all"": 16}}",WILLAMETTE VALLEY VINEYARDS,1D,,,,,,
2026-09-04 00:00:00,Long,PWCM,1.18,-5.60%,0.91,mfa,参数一,"{""mfa"": {""mfa_all"": 62}}",POWERCOMPUTE INC,1D,,,,,,
2026-09-04 00:00:00,Long,PWCM,1.18,-5.60%,0.91,mfa,参数二,"{""mfa"": {""mfa_all"": 62}}",POWERCOMPUTE INC,1D,,,,,,
2026-09-04 00:00:00,Short,LLYVA,95.62,-2.13%,100.51,utb,参数二,"{""utb"": {""key_value"": 3, ""atr_period"": 14, ""use_ha"": false}, ""r&s"": {""srb_left"": 15, ""srb_right"": 15}, ""atr"": {""atr_length"": 14, ""atr_mult"": 1.0}}",LIBERTY LIVE HOLDINGS-A,1D,,,,,,
2026-09-04 00:00:00,Short,CCII,10.31,-0.24%,10.34,utb,参数一,"{""utb"": {""key_value"": 2, ""atr_period"": 14, ""use_ha"": false}, ""r&s"": {""srb_left"": 10, ""srb_right"": 10}, ""atr"": {""atr_length"": 14, ""atr_mult"": 1.0}}",COHEN CIRCLE ACQUISIT II - A,1D,,,,,,
2026-09-04 00:00:00,Long,CNXN,84.35,0.98%,80.6,utb,参数二,"{""utb"": {""key_value"": 3, ""atr_period"": 14, ""use_ha"": false}, ""r&s"": {""srb_left"": 15, ""srb_right"": 15}, ""atr"": {""atr_length"": 14, ""atr_mult"": 1.0}}",PC CONNECTION INC,1D,,,,,,
2026-09-04 00:00:00,Long,MACI,10.98,0.27%,10.96,utb,参数一,"{""utb"": {""key_value"": 2, ""atr_period"": 14, ""use_ha"": false}, ""r&s"": {""srb_left"": 10, ""srb_right"": 10}, ""atr"": {""atr_length"": 14, ""atr_mult"": 1.0}}",MELAR ACQUISITION CORP I-A,1D,,,,,,
2026-09-04 00:00:00,Short,GWRE,162.42,-19.93%,179.93,utb,参数一,"{""utb"": {""key_value"": 2, ""atr_period"": 14, ""use_ha"": false}, ""r&s"": {""srb_left"": 10, ""srb_right"": 10}, ""atr"": {""atr_length"": 14, ""atr_mult"": 1.0}}",GUIDEWIRE SOFTWARE INC,1D,,,,,,
2026-09-04 00:00:00,Short,GWRE,162.42,-19.93%,179.93,utb,参数二,"{""utb"": {""key_value"": 3, ""atr_period"": 14, ""use_ha"": false}, ""r&s"": {""srb_left"": 15, ""srb_right"": 15}, ""atr"": {""atr_length"": 14, ""atr_mult"": 1.0}}",GUIDEWIRE SOFTWARE INC,1D,,,,,,
2026-09-04 00:00:00,Long,ETSS,9.93,0.10%,9.91,utb,参数一,"{""utb"": {""key_value"": 2, ""atr_period"": 14, ""use_ha"": false}, ""r&s"": {""srb_left"": 10, ""srb_right"": 10}, ""atr"": {""atr_length"": 14, ""atr_mult"": 1.0}}",ENERGY TRANSITION SPECIAL -A,1D,,,,,,
2026-09-04 00:00:00,Long,GNW,10.35,-0.29%,10.11,sqz,参数一,"{""sqz"": {""bb_length"": 15, ""bb_mult"": 1.5, ""kc_length"": 15, ""kc_mult"": 1.2, ""min_sqz_bars"": 4}, ""r&s"": {""srb_left"": 10, ""srb_right"": 10}, ""atr"": {""atr_length"": 14, ""atr_mult"": 1.0}}",GENWORTH FINANCIAL INC,1D,压力释放,9.28-9.17-9.45-10.2-10.28,低-高-高-高,1.19%-3.05%-7.94%-0.78%,14.0,4.9
2026-09-04 00:00:00,Short,GNW,10.35,-0.29%,10.66,suf,参数一,"{""suf"": {""timeframe"": ""d""}}",GENWORTH FINANCIAL INC,1D,,,,,,
2026-09-04 00:00:00,Short,GNW,10.35,-0.29%,10.66,suf,参数二,"{""suf"": {""timeframe"": ""d""}}",GENWORTH FINANCIAL INC,1D,,,,,,
2026-09-04 00:00:00,Short,CELU,1.68,-8.20%,2.09,suf,参数一,"{""suf"": {""timeframe"": ""d""}}",CELULARITY INC-A,1D,,,,,,
2026-09-04 00:00:00,Short,CELU,1.68,-8.20%,2.09,suf,参数二,"{""suf"": {""timeframe"": ""d""}}",CELULARITY INC-A,1D,,,,,,
2026-09-04 00:00:00,Short,RGP,4.04,-4.72%,4.4,utb,参数一,"{""utb"": {""key_value"": 2, ""atr_period"": 14, ""use_ha"": false}, ""r&s"": {""srb_left"": 10, ""srb_right"": 10}, ""atr"": {""atr_length"": 14, ""atr_mult"": 1.0}}",RESOURCES CONNECTION INC,1D,,,,,,
2026-09-04 00:00:00,Short,GPK,10.43,-2.52%,11.05,utb,参数二,"{""utb"": {""key_value"": 3, ""atr_period"": 14, ""use_ha"": false}, ""r&s"": {""srb_left"": 15, ""srb_right"": 15}, ""atr"": {""atr_length"": 14, ""atr_mult"": 1.0}}",GRAPHIC PACKAGING HOLDING CO,1D,,,,,,
2026-09-04 00:00:00,Long,MGA,68.87,2.65%,64.81,utb,参数一,"{""utb"": {""key_value"": 2, ""atr_period"": 14, ""use_ha"": false}, ""r&s"": {""srb_left"": 10, ""srb_right"": 10}, ""atr"": {""atr_length"": 14, ""atr_mult"": 1.0}}",MAGNA INTERNATIONAL INC,1D,,,,,,
2026-09-04 00:00:00,Short,AMPH,23.18,-2.77%,24.5,suf,参数一,"{""suf"": {""timeframe"": ""d""}}",AMPHASTAR PHARMACEUTICALS IN,1D,,,,,,
2026-09-04 00:00:00,Short,AMPH,23.18,-2.77%,24.5,suf,参数二,"{""suf"": {""timeframe"": ""d""}}",AMPHASTAR PHARMACEUTICALS IN,1D,,,,,,
2026-09-04 00:00:00,Long,AIP,21.37,3.34%,19.16,suf,参数一,"{""suf"": {""timeframe"": ""d""}}",ARTERIS INC,1D,,,,,,
2026-09-04 00:00:00,Long,AIP,21.37,3.34%,19.16,suf,参数二,"{""suf"": {""timeframe"": ""d""}}",ARTERIS INC,1D,,,,,,
2026-09-04 00:00:00,Long,FMNB,16.07,1.58%,15.5,utb,参数一,"{""utb"": {""key_value"": 2, ""atr_period"": 14, ""use_ha"": false}, ""r&s"": {""srb_left"": 10, ""srb_right"": 10}, ""atr"": {""atr_length"": 14, ""atr_mult"": 1.0}}",FARMERS NATL BANC CORP,1D,,,,,,
2026-09-04 00:00:00,Long,WENN,10.39,0.00%,10.38,sqz,参数二,"{""sqz"": {""bb_length"": 20, ""bb_mult"": 1.8, ""kc_length"": 20, ""kc_mult"": 1.5, ""min_sqz_bars"": 4}, ""r&s"": {""srb_left"": 15, ""srb_right"": 15}, ""atr"": {""atr_length"": 14, ""atr_mult"": 1.0}}",WEN ACQUISITION CORP-A,1D,一直释放,nan-10.21,低,nan%,145.0,0.49
2026-09-04 00:00:00,Long,GPI,300.76,5.78%,273.31,utb,参数二,"{""utb"": {""key_value"": 3, ""atr_period"": 14, ""use_ha"": false}, ""r&s"": {""srb_left"": 15, ""srb_right"": 15}, ""atr"": {""atr_length"": 14, ""atr_mult"": 1.0}}",GROUP 1 AUTOMOTIVE INC,1D,,,,,,
2026-09-04 00:00:00,Short,TWST,124.72,-3.10%,137.12,utb,参数二,"{""utb"": {""key_value"": 3, ""atr_period"": 14, ""use_ha"": false}, ""r&s"": {""srb_left"": 15, ""srb_right"": 15}, ""atr"": {""atr_length"": 14, ""atr_mult"": 1.0}}",TWIST BIOSCIENCE CORP,1D,,,,,,
2026-09-04 00:00:00,Long,WLTH,9.58,2.68%,8.78,utb,参数一,"{""utb"": {""key_value"": 2, ""atr_period"": 14, ""use_ha"": false}, ""r&s"": {""srb_left"": 10, ""srb_right"": 10}, ""atr"": {""atr_length"": 14, ""atr_mult"": 1.0}}",WEALTHFRONT CORP,1D,,,,,,
2026-09-04 00:00:00,Short,ETSY,76.51,-6.73%,85.31,utb,参数一,"{""utb"": {""key_value"": 2, ""atr_period"": 14, ""use_ha"": false}, ""r&s"": {""srb_left"": 10, ""srb_right"": 10}, ""atr"": {""atr_length"": 14, ""atr_mult"": 1.0}}",ETSY INC,1D,,,,,,
2026-09-04 00:00:00,Short,ETSY,76.51,-6.73%,85.31,utb,参数二,"{""utb"": {""key_value"": 3, ""atr_period"": 14, ""use_ha"": false}, ""r&s"": {""srb_left"": 15, ""srb_right"": 15}, ""atr"": {""atr_length"": 14, ""atr_mult"": 1.0}}",ETSY INC,1D,,,,,,
2026-09-04 00:00:00,Long,CVBF,22.62,0.62%,22.07,utb,参数一,"{""utb"": {""key_value"": 2, ""atr_period"": 14, ""use_ha"": false}, ""r&s"": {""srb_left"": 10, ""srb_right"": 10}, ""atr"": {""atr_length"": 14, ""atr_mult"": 1.0}}",CVB FINANCIAL CORP,1D,,,,,,
2026-09-04 00:00:00,Short,JENA,10.4,-0.86%,10.51,utb,参数一,"{""utb"": {""key_value"": 2, ""atr_period"": 14, ""use_ha"": false}, ""r&s"": {""srb_left"": 10, ""srb_right"": 10}, ""atr"": {""atr_length"": 14, ""atr_mult"": 1.0}}",JENA ACQUISITION CORP II - A,1D,,,,,,
2026-09-04 00:00:00,Short,JENA,10.4,-0.86%,10.51,suf,参数一,"{""suf"": {""timeframe"": ""d""}}",JENA ACQUISITION CORP II - A,1D,,,,,,
2026-09-04 00:00:00,Short,JENA,10.4,-0.86%,10.51,utb,参数二,"{""utb"": {""key_value"": 3, ""atr_period"": 14, ""use_ha"": false}, ""r&s"": {""srb_left"": 15, ""srb_right"": 15}, ""atr"": {""atr_length"": 14, ""atr_mult"": 1.0}}",JENA ACQUISITION CORP II - A,1D,,,,,,
2026-09-04 00:00:00,Short,JENA,10.4,-0.86%,10.51,suf,参数二,"{""suf"": {""timeframe"": ""d""}}",JENA ACQUISITION CORP II - A,1D,,,,,,
2026-09-04 00:00:00,Long,BGSI,90.47,0.29%,84.68,utb,参数一,"{""utb"": {""key_value"": 2, ""atr_period"": 14, ""use_ha"": false}, ""r&s"": {""srb_left"": 10, ""srb_right"": 10}, ""atr"": {""atr_length"": 14, ""atr_mult"": 1.0}}",BOYD GROUP SERVICES INC,1D,,,,,,
2026-09-04 00:00:00,Long,TRST,57.92,1.26%,55.93,utb,参数一,"{""utb"": {""key_value"": 2, ""atr_period"": 14, ""use_ha"": false}, ""r&s"": {""srb_left"": 10, ""srb_right"": 10}, ""atr"": {""atr_length"": 14, ""atr_mult"": 1.0}}",TRUSTCO BANK CORP NY,1D,,,,,,
2026-09-04 00:00:00,Long,ONMD,0.68,15.99%,0.53,utb,参数一,"{""utb"": {""key_value"": 2, ""atr_period"": 14, ""use_ha"": false}, ""r&s"": {""srb_left"": 10, ""srb_right"": 10}, ""atr"": {""atr_length"": 14, ""atr_mult"": 1.0}}",ONEMEDNET CORP,1D,,,,,,
2026-09-04 00:00:00,Long,JEF,55.23,1.79%,52.48,utb,参数一,"{""utb"": {""key_value"": 2, ""atr_period"": 14, ""use_ha"": false}, ""r&s"": {""srb_left"": 10, ""srb_right"": 10}, ""atr"": {""atr_length"": 14, ""atr_mult"": 1.0}}",JEFFERIES FINANCIAL GROUP IN,1D,,,,,,
2026-09-04 00:00:00,Short,CTSH,62.31,-3.60%,66.12,suf,参数一,"{""suf"": {""timeframe"": ""d""}}",COGNIZANT TECH SOLUTIONS-A,1D,,,,,,
2026-09-04 00:00:00,Short,CTSH,62.31,-3.60%,66.12,suf,参数二,"{""suf"": {""timeframe"": ""d""}}",COGNIZANT TECH SOLUTIONS-A,1D,,,,,,
2026-09-04 00:00:00,Long,CD,4.07,11.81%,3.12,utb,参数一,"{""utb"": {""key_value"": 2, ""atr_period"": 14, ""use_ha"": false}, ""r&s"": {""srb_left"": 10, ""srb_right"": 10}, ""atr"": {""atr_length"": 14, ""atr_mult"": 1.0}}",CHAINCE DIGITAL HOLDINGS INC,1D,,,,,,
2026-09-04 00:00:00,Long,SMX,19.48,14.12%,15.66,utb,参数一,"{""utb"": {""key_value"": 2, ""atr_period"": 14, ""use_ha"": false}, ""r&s"": {""srb_left"": 10, ""srb_right"": 10}, ""atr"": {""atr_length"": 14, ""atr_mult"": 1.0}}",SMX SECURITY MATTERS PLC,1D,,,,,,
2026-09-04 00:00:00,Short,KRSP,10.51,-0.38%,10.6,utb,参数一,"{""utb"": {""key_value"": 2, ""atr_period"": 14, ""use_ha"": false}, ""r&s"": {""srb_left"": 10, ""srb_right"": 10}, ""atr"": {""atr_length"": 14, ""atr_mult"": 1.0}}",RICE ACQUISITION CORP 3-A,1D,,,,,,
2026-09-04 00:00:00,Short,HBNB,5.22,-3.87%,5.47,utb,参数二,"{""utb"": {""key_value"": 3, ""atr_period"": 14, ""use_ha"": false}, ""r&s"": {""srb_left"": 15, ""srb_right"": 15}, ""atr"": {""atr_length"": 14, ""atr_mult"": 1.0}}",HOTEL101 GLOBAL HOLDINGS C-A,1D,,,,,,
2026-09-04 00:00:00,Short,EFX,177.05,-6.37%,186.53,utb,参数一,"{""utb"": {""key_value"": 2, ""atr_period"": 14, ""use_ha"": false}, ""r&s"": {""srb_left"": 10, ""srb_right"": 10}, ""atr"": {""atr_length"": 14, ""atr_mult"": 1.0}}",EQUIFAX INC,1D,,,,,,
2026-09-04 00:00:00,Long,FWRD,17.89,9.69%,15.21,utb,参数一,"{""utb"": {""key_value"": 2, ""atr_period"": 14, ""use_ha"": false}, ""r&s"": {""srb_left"": 10, ""srb_right"": 10}, ""atr"": {""atr_length"": 14, ""atr_mult"": 1.0}}",FORWARD AIR CORP,1D,,,,,,
2026-09-04 00:00:00,Short,BLCO,18.04,-0.55%,18.63,suf,参数一,"{""suf"": {""timeframe"": ""d""}}",BAUSCH + LOMB CORP,1D,,,,,,
2026-09-04 00:00:00,Short,BLCO,18.04,-0.55%,18.63,suf,参数二,"{""suf"": {""timeframe"": ""d""}}",BAUSCH + LOMB CORP,1D,,,,,,
2026-09-04 00:00:00,Short,DASH,211.73,-4.63%,230.12,utb,参数一,"{""utb"": {""key_value"": 2, ""atr_period"": 14, ""use_ha"": false}, ""r&s"": {""srb_left"": 10, ""srb_right"": 10}, ""atr"": {""atr_length"": 14, ""atr_mult"": 1.0}}",DOORDASH INC - A,1D,,,,,,
2026-09-04 00:00:00,Short,DASH,211.73,-4.63%,230.12,utb,参数二,"{""utb"": {""key_value"": 3, ""atr_period"": 14, ""use_ha"": false}, ""r&s"": {""srb_left"": 15, ""srb_right"": 15}, ""atr"": {""atr_length"": 14, ""atr_mult"": 1.0}}",DOORDASH INC - A,1D,,,,,,
2026-09-04 00:00:00,Short,WETO,2.55,-20.81%,11.27,sqz,参数一,"{""sqz"": {""bb_length"": 15, ""bb_mult"": 1.5, ""kc_length"": 15, ""kc_mult"": 1.2, ""min_sqz_bars"": 4}, ""r&s"": {""srb_left"": 10, ""srb_right"": 10}, ""atr"": {""atr_length"": 14, ""atr_mult"": 1.0}}",WETOUR ROBOTICS LTD,1D,一直亮红,41.1-36.1-45.0-71.1-2.7,低-高-高-低,12.17%-24.65%-58.00%-96.20%,26.0,1884.81
2026-09-04 00:00:00,Long,ASTL,4.71,5.84%,4.12,utb,参数一,"{""utb"": {""key_value"": 2, ""atr_period"": 14, ""use_ha"": false}, ""r&s"": {""srb_left"": 10, ""srb_right"": 10}, ""atr"": {""atr_length"": 14, ""atr_mult"": 1.0}}",ALGOMA STEEL GROUP INC,1D,,,,,,
2026-09-04 00:00:00,Long,WWW,20.76,6.19%,18.57,sqz,参数二,"{""sqz"": {""bb_length"": 20, ""bb_mult"": 1.8, ""kc_length"": 20, ""kc_mult"": 1.5, ""min_sqz_bars"": 4}, ""r&s"": {""srb_left"": 15, ""srb_right"": 15}, ""atr"": {""atr_length"": 14, ""atr_mult"": 1.0}}",WOLVERINE WORLD WIDE INC,1D,一直释放,nan-19.51-21.15-19.07-18.62,低-高-低-低,nan%-8.41%-9.82%-2.40%,58.0,16.63
2026-09-04 00:00:00,Long,HPQ,32.64,2.22%,30.22,sqz,参数一,"{""sqz"": {""bb_length"": 15, ""bb_mult"": 1.5, ""kc_length"": 15, ""kc_mult"": 1.2, ""min_sqz_bars"": 4}, ""r&s"": {""srb_left"": 10, ""srb_right"": 10}, ""atr"": {""atr_length"": 14, ""atr_mult"": 1.0}}",HP INC,1D,压力释放,19.98-19.04-19.9-29.29-32.19,低-高-高-高,4.72%-4.53%-47.22%-9.89%,16.0,20.43
2026-09-04 00:00:00,Long,PALO,9.99,0.50%,9.98,utb,参数一,"{""utb"": {""key_value"": 2, ""atr_period"": 14, ""use_ha"": false}, ""r&s"": {""srb_left"": 10, ""srb_right"": 10}, ""atr"": {""atr_length"": 14, ""atr_mult"": 1.0}}",PALOMA ACQUISITION COR CL-A,1D,,,,,,
2026-09-04 00:00:00,Long,PALO,9.99,0.50%,9.98,utb,参数二,"{""utb"": {""key_value"": 3, ""atr_period"": 14, ""use_ha"": false}, ""r&s"": {""srb_left"": 15, ""srb_right"": 15}, ""atr"": {""atr_length"": 14, ""atr_mult"": 1.0}}",PALOMA ACQUISITION COR CL-A,1D,,,,,,
2026-09-04 00:00:00,Short,KFRC,54.53,1.08%,56.65,sqz,参数一,"{""sqz"": {""bb_length"": 15, ""bb_mult"": 1.5, ""kc_length"": 15, ""kc_mult"": 1.2, ""min_sqz_bars"": 4}, ""r&s"": {""srb_left"": 10, ""srb_right"": 10}, ""atr"": {""atr_length"": 14, ""atr_mult"": 1.0}}",KFORCE INC,1D,支撑释放,24.69-38.28-43.68-54.1-56.05,高-高-高-高,55.06%-14.10%-23.86%-3.60%,14.0,7.14
2026-09-04 00:00:00,Long,STNG,82.35,2.80%,77.71,sqz,参数一,"{""sqz"": {""bb_length"": 15, ""bb_mult"": 1.5, ""kc_length"": 15, ""kc_mult"": 1.2, ""min_sqz_bars"": 4}, ""r&s"": {""srb_left"": 10, ""srb_right"": 10}, ""atr"": {""atr_length"": 14, ""atr_mult"": 1.0}}",SCORPIO TANKERS INC,1D,压力释放,80.43-86.37-82.84-80.29-81.25,高-低-低-高,7.38%-4.09%-3.07%-1.19%,14.0,9.81
2026-09-04 00:00:00,Short,CENTA,36.07,0.03%,37.44,sqz,参数一,"{""sqz"": {""bb_length"": 15, ""bb_mult"": 1.5, ""kc_length"": 15, ""kc_mult"": 1.2, ""min_sqz_bars"": 4}, ""r&s"": {""srb_left"": 10, ""srb_right"": 10}, ""atr"": {""atr_length"": 14, ""atr_mult"": 1.0}}",CENTRAL GARDEN AND PET CO-A,1D,支撑释放,30.79-31.81-33.3-36.71-37.01,高-高-高-高,3.31%-4.68%-10.24%-0.82%,25.0,10.24
2026-09-04 00:00:00,Long,CRAC,10.2,0.20%,10.18,utb,参数一,"{""utb"": {""key_value"": 2, ""atr_period"": 14, ""use_ha"": false}, ""r&s"": {""srb_left"": 10, ""srb_right"": 10}, ""atr"": {""atr_length"": 14, ""atr_mult"": 1.0}}",CROWN RESERVE ACQUISITI-CL A,1D,,,,,,
2026-09-04 00:00:00,Long,CRAC,10.2,0.20%,10.18,utb,参数二,"{""utb"": {""key_value"": 3, ""atr_period"": 14, ""use_ha"": false}, ""r&s"": {""srb_left"": 15, ""srb_right"": 15}, ""atr"": {""atr_length"": 14, ""atr_mult"": 1.0}}",CROWN RESERVE ACQUISITI-CL A,1D,,,,,,
2026-09-04 00:00:00,Short,WLYB,48.68,-9.89%,55.47,utb,参数二,"{""utb"": {""key_value"": 3, ""atr_period"": 14, ""use_ha"": false}, ""r&s"": {""srb_left"": 15, ""srb_right"": 15}, ""atr"": {""atr_length"": 14, ""atr_mult"": 1.0}}",WILEY (JOHN) & SONS-CL B,1D,,,,,,
2026-09-04 00:00:00,Long,COOK,49.97,2.80%,43.5,suf,参数一,"{""suf"": {""timeframe"": ""d""}}",TRAEGER INC,1D,,,,,,
2026-09-04 00:00:00,Long,COOK,49.97,2.80%,43.5,suf,参数二,"{""suf"": {""timeframe"": ""d""}}",TRAEGER INC,1D,,,,,,
2026-09-04 00:00:00,Long,FNB,18.67,1.08%,18.05,utb,参数一,"{""utb"": {""key_value"": 2, ""atr_period"": 14, ""use_ha"": false}, ""r&s"": {""srb_left"": 10, ""srb_right"": 10}, ""atr"": {""atr_length"": 14, ""atr_mult"": 1.0}}",FNB CORP,1D,,,,,,
2026-09-04 00:00:00,Long,BBT,31.89,1.30%,30.69,utb,参数一,"{""utb"": {""key_value"": 2, ""atr_period"": 14, ""use_ha"": false}, ""r&s"": {""srb_left"": 10, ""srb_right"": 10}, ""atr"": {""atr_length"": 14, ""atr_mult"": 1.0}}",BEACON FINANCIAL CORP,1D,,,,,,
2026-09-04 00:00:00,Long,RBB,27.07,1.50%,26.01,utb,参数一,"{""utb"": {""key_value"": 2, ""atr_period"": 14, ""use_ha"": false}, ""r&s"": {""srb_left"": 10, ""srb_right"": 10}, ""atr"": {""atr_length"": 14, ""atr_mult"": 1.0}}",RBB BANCORP,1D,,,,,,
2026-09-04 00:00:00,Short,APPN,38.37,-6.00%,42.5,utb,参数一,"{""utb"": {""key_value"": 2, ""atr_period"": 14, ""use_ha"": false}, ""r&s"": {""srb_left"": 10, ""srb_right"": 10}, ""atr"": {""atr_length"": 14, ""atr_mult"": 1.0}}",APPIAN CORP-A,1D,,,,,,
2026-09-04 00:00:00,Short,ZS,169.8,-4.50%,186.16,utb,参数一,"{""utb"": {""key_value"": 2, ""atr_period"": 14, ""use_ha"": false}, ""r&s"": {""srb_left"": 10, ""srb_right"": 10}, ""atr"": {""atr_length"": 14, ""atr_mult"": 1.0}}",ZSCALER INC,1D,,,,,,
2026-09-04 00:00:00,Short,MRSH,185.74,-1.44%,191.57,utb,参数一,"{""utb"": {""key_value"": 2, ""atr_period"": 14, ""use_ha"": false}, ""r&s"": {""srb_left"": 10, ""srb_right"": 10}, ""atr"": {""atr_length"": 14, ""atr_mult"": 1.0}}",MARSH & MCLENNAN COS,1D,,,,,,
2026-09-04 00:00:00,Short,NIQ,18.39,-2.28%,19.51,suf,参数一,"{""suf"": {""timeframe"": ""d""}}",NIQ GLOBAL INTELLIGENCE PLC,1D,,,,,,
2026-09-04 00:00:00,Short,NIQ,18.39,-2.28%,19.51,suf,参数二,"{""suf"": {""timeframe"": ""d""}}",NIQ GLOBAL INTELLIGENCE PLC,1D,,,,,,
2026-09-04 00:00:00,Short,SOWG,3.04,-7.88%,3.81,utb,参数一,"{""utb"": {""key_value"": 2, ""atr_period"": 14, ""use_ha"": false}, ""r&s"": {""srb_left"": 10, ""srb_right"": 10}, ""atr"": {""atr_length"": 14, ""atr_mult"": 1.0}}",SOW GOOD INC,1D,,,,,,
2026-09-04 00:00:00,Long,INMB,2.44,7.49%,2.08,sqz,参数一,"{""sqz"": {""bb_length"": 15, ""bb_mult"": 1.5, ""kc_length"": 15, ""kc_mult"": 1.2, ""min_sqz_bars"": 4}, ""r&s"": {""srb_left"": 10, ""srb_right"": 10}, ""atr"": {""atr_length"": 14, ""atr_mult"": 1.0}}",INMUNE BIO INC,1D,一直释放,nan-2.3-1.8-1.79-2.16,低-低-低-高,nan%-21.74%-0.56%-20.95%,37.0,34.47
2026-09-04 00:00:00,Long,DCH,6.99,4.80%,6.32,utb,参数一,"{""utb"": {""key_value"": 2, ""atr_period"": 14, ""use_ha"": false}, ""r&s"": {""srb_left"": 10, ""srb_right"": 10}, ""atr"": {""atr_length"": 14, ""atr_mult"": 1.0}}",DAUCH CORPORATION,1D,,,,,,
2026-09-04 00:00:00,Long,ADNT,20.01,2.25%,18.32,utb,参数一,"{""utb"": {""key_value"": 2, ""atr_period"": 14, ""use_ha"": false}, ""r&s"": {""srb_left"": 10, ""srb_right"": 10}, ""atr"": {""atr_length"": 14, ""atr_mult"": 1.0}}",ADIENT PLC,1D,,,,,,
2026-09-04 00:00:00,Long,GWH,0.34,1.48%,0.26,suf,参数一,"{""suf"": {""timeframe"": ""d""}}",ESS TECH INC,1D,,,,,,
2026-09-04 00:00:00,Long,GWH,0.34,1.48%,0.26,suf,参数二,"{""suf"": {""timeframe"": ""d""}}",ESS TECH INC,1D,,,,,,
2026-09-04 00:00:00,Long,VSAT,75.32,5.02%,67.36,utb,参数一,"{""utb"": {""key_value"": 2, ""atr_period"": 14, ""use_ha"": false}, ""r&s"": {""srb_left"": 10, ""srb_right"": 10}, ""atr"": {""atr_length"": 14, ""atr_mult"": 1.0}}",VIASAT INC,1D,,,,,,
2026-09-04 00:00:00,Short,MRT,2.02,-11.01%,2.43,utb,参数一,"{""utb"": {""key_value"": 2, ""atr_period"": 14, ""use_ha"": false}, ""r&s"": {""srb_left"": 10, ""srb_right"": 10}, ""atr"": {""atr_length"": 14, ""atr_mult"": 1.0}}",MARTI TECHNOLOGIES INC,1D,,,,,,
2026-09-04 00:00:00,Long,TII,3.24,3.85%,2.83,sqz,参数二,"{""sqz"": {""bb_length"": 20, ""bb_mult"": 1.8, ""kc_length"": 20, ""kc_mult"": 1.5, ""min_sqz_bars"": 4}, ""r&s"": {""srb_left"": 15, ""srb_right"": 15}, ""atr"": {""atr_length"": 14, ""atr_mult"": 1.0}}",TITAN MINING CORP,1D,一直释放,nan-5.65-3.22-2.85,低-低-低,nan%-43.01%-11.65%,49.0,52.14
2026-09-04 00:00:00,Short,CNX,37.49,-0.74%,38.63,suf,参数一,"{""suf"": {""timeframe"": ""d""}}",CNX RESOURCES CORP,1D,,,,,,
2026-09-04 00:00:00,Short,CNX,37.49,-0.74%,38.63,suf,参数二,"{""suf"": {""timeframe"": ""d""}}",CNX RESOURCES CORP,1D,,,,,,
2026-09-04 00:00:00,Long,SMTC,147.89,9.22%,125.43,utb,参数一,"{""utb"": {""key_value"": 2, ""atr_period"": 14, ""use_ha"": false}, ""r&s"": {""srb_left"": 10, ""srb_right"": 10}, ""atr"": {""atr_length"": 14, ""atr_mult"": 1.0}}",SEMTECH CORP,1D,,,,,,
2026-09-04 00:00:00,Long,CMI,560.75,2.80%,533.3,suf,参数一,"{""suf"": {""timeframe"": ""d""}}",CUMMINS INC,1D,,,,,,
2026-09-04 00:00:00,Long,CMI,560.75,2.80%,533.3,suf,参数二,"{""suf"": {""timeframe"": ""d""}}",CUMMINS INC,1D,,,,,,
2026-09-04 00:00:00,Long,AOUT,14.48,44.66%,11.9,utb,参数一,"{""utb"": {""key_value"": 2, ""atr_period"": 14, ""use_ha"": false}, ""r&s"": {""srb_left"": 10, ""srb_right"": 10}, ""atr"": {""atr_length"": 14, ""atr_mult"": 1.0}}",AMERICAN OUTDOOR BRANDS INC,1D,,,,,,
2026-09-04 00:00:00,Long,AOUT,14.48,44.66%,11.9,utb,参数二,"{""utb"": {""key_value"": 3, ""atr_period"": 14, ""use_ha"": false}, ""r&s"": {""srb_left"": 15, ""srb_right"": 15}, ""atr"": {""atr_length"": 14, ""atr_mult"": 1.0}}",AMERICAN OUTDOOR BRANDS INC,1D,,,,,,
2026-09-04 00:00:00,Long,EOSE,3.88,10.86%,3.08,utb,参数一,"{""utb"": {""key_value"": 2, ""atr_period"": 14, ""use_ha"": false}, ""r&s"": {""srb_left"": 10, ""srb_right"": 10}, ""atr"": {""atr_length"": 14, ""atr_mult"": 1.0}}",EOS ENERGY ENTERPRISES INC,1D,,,,,,
2026-09-04 00:00:00,Short,SIBN,18.5,-0.75%,19.45,utb,参数一,"{""utb"": {""key_value"": 2, ""atr_period"": 14, ""use_ha"": false}, ""r&s"": {""srb_left"": 10, ""srb_right"": 10}, ""atr"": {""atr_length"": 14, ""atr_mult"": 1.0}}",SI-BONE INC,1D,,,,,,
2026-09-04 00:00:00,Short,CNTB,1.84,-4.66%,2.29,sqz,参数一,"{""sqz"": {""bb_length"": 15, ""bb_mult"": 1.5, ""kc_length"": 15, ""kc_mult"": 1.2, ""min_sqz_bars"": 4}, ""r&s"": {""srb_left"": 10, ""srb_right"": 10}, ""atr"": {""atr_length"": 14, ""atr_mult"": 1.0}}",CONNECT BIOPHARMA HOLDINGS L,1D,支撑释放,2.23-2.37-2.55-1.92-1.96,高-高-低-高,6.28%-7.59%-24.71%-1.82%,24.0,49.87
2026-09-04 00:00:00,Long,RNTX,0.89,5.33%,0.79,utb,参数一,"{""utb"": {""key_value"": 2, ""atr_period"": 14, ""use_ha"": false}, ""r&s"": {""srb_left"": 10, ""srb_right"": 10}, ""atr"": {""atr_length"": 14, ""atr_mult"": 1.0}}",REIN THERAPEUTICS INC,1D,,,,,,
2026-09-04 00:00:00,Short,BSY,33.71,-5.28%,36.69,utb,参数一,"{""utb"": {""key_value"": 2, ""atr_period"": 14, ""use_ha"": false}, ""r&s"": {""srb_left"": 10, ""srb_right"": 10}, ""atr"": {""atr_length"": 14, ""atr_mult"": 1.0}}",BENTLEY SYSTEMS INC-CLASS B,1D,,,,,,
2026-09-04 00:00:00,Long,GOLD,46.13,11.21%,38.61,utb,参数一,"{""utb"": {""key_value"": 2, ""atr_period"": 14, ""use_ha"": false}, ""r&s"": {""srb_left"": 10, ""srb_right"": 10}, ""atr"": {""atr_length"": 14, ""atr_mult"": 1.0}}",GOLD.COM INC,1D,,,,,,
2026-09-04 00:00:00,Long,HY,35.75,4.78%,32.07,utb,参数一,"{""utb"": {""key_value"": 2, ""atr_period"": 14, ""use_ha"": false}, ""r&s"": {""srb_left"": 10, ""srb_right"": 10}, ""atr"": {""atr_length"": 14, ""atr_mult"": 1.0}}",HYSTER-YALE INC,1D,,,,,,
2026-09-04 00:00:00,Long,AEHL,8.17,9.66%,4.88,mfa,参数一,"{""mfa"": {""mfa_all"": 41}}",ANTELOPE ENTERPRISE HOLDINGS,1D,,,,,,
2026-09-04 00:00:00,Long,AEHL,8.17,9.66%,4.88,mfa,参数二,"{""mfa"": {""mfa_all"": 41}}",ANTELOPE ENTERPRISE HOLDINGS,1D,,,,,,
2026-09-04 00:00:00,Short,XEL,75.72,-0.81%,77.9,sqz,参数一,"{""sqz"": {""bb_length"": 15, ""bb_mult"": 1.5, ""kc_length"": 15, ""kc_mult"": 1.2, ""min_sqz_bars"": 4}, ""r&s"": {""srb_left"": 10, ""srb_right"": 10}, ""atr"": {""atr_length"": 14, ""atr_mult"": 1.0}}",XCEL ENERGY INC,1D,一直亮红,73.02-75.61-76.77-75.59-76.08,高-高-低-高,3.55%-1.54%-1.54%-0.65%,20.0,6.22
2026-09-04 00:00:00,Long,EQPT,19.55,7.77%,16.91,utb,参数一,"{""utb"": {""key_value"": 2, ""atr_period"": 14, ""use_ha"": false}, ""r&s"": {""srb_left"": 10, ""srb_right"": 10}, ""atr"": {""atr_length"": 14, ""atr_mult"": 1.0}}",EQUIPMENTSHARE.COM INC-A,1D,,,,,,
2026-09-04 00:00:00,Long,WSC,19.98,2.67%,18.42,suf,参数一,"{""suf"": {""timeframe"": ""d""}}",WILLSCOT HOLDINGS CORP,1D,,,,,,
2026-09-04 00:00:00,Long,WSC,19.98,2.67%,18.42,suf,参数二,"{""suf"": {""timeframe"": ""d""}}",WILLSCOT HOLDINGS CORP,1D,,,,,,
2026-09-04 00:00:00,Short,AYTU,2.21,-3.49%,2.47,utb,参数一,"{""utb"": {""key_value"": 2, ""atr_period"": 14, ""use_ha"": false}, ""r&s"": {""srb_left"": 10, ""srb_right"": 10}, ""atr"": {""atr_length"": 14, ""atr_mult"": 1.0}}",AYTU BIOPHARMA INC,1D,,,,,,
2026-09-04 00:00:00,Short,EXPE,298.04,-1.68%,314.99,utb,参数二,"{""utb"": {""key_value"": 3, ""atr_period"": 14, ""use_ha"": false}, ""r&s"": {""srb_left"": 15, ""srb_right"": 15}, ""atr"": {""atr_length"": 14, ""atr_mult"": 1.0}}",EXPEDIA GROUP INC,1D,,,,,,
2026-09-04 00:00:00,Long,ALT,3.42,5.88%,3.1,sqz,参数二,"{""sqz"": {""bb_length"": 20, ""bb_mult"": 1.8, ""kc_length"": 20, ""kc_mult"": 1.5, ""min_sqz_bars"": 4}, ""r&s"": {""srb_left"": 15, ""srb_right"": 15}, ""atr"": {""atr_length"": 14, ""atr_mult"": 1.0}}",ALTIMMUNE INC,1D,压力释放,6.03-6.44-3.64-3.4-3.31,高-低-低-低,6.80%-43.48%-6.59%-2.65%,28.0,19.06
2026-09-04 00:00:00,Short,FICO,932.26,-16.68%,1015.25,utb,参数一,"{""utb"": {""key_value"": 2, ""atr_period"": 14, ""use_ha"": false}, ""r&s"": {""srb_left"": 10, ""srb_right"": 10}, ""atr"": {""atr_length"": 14, ""atr_mult"": 1.0}}",FAIR ISAAC CORP,1D,,,,,,
2026-09-04 00:00:00,Short,CPB,21.38,-3.39%,22.97,utb,参数二,"{""utb"": {""key_value"": 3, ""atr_period"": 14, ""use_ha"": false}, ""r&s"": {""srb_left"": 15, ""srb_right"": 15}, ""atr"": {""atr_length"": 14, ""atr_mult"": 1.0}}",THE CAMPBELL'S COMPANY,1D,,,,,,
2026-09-04 00:00:00,Long,RIOT,21.8,3.12%,18.88,utb,参数一,"{""utb"": {""key_value"": 2, ""atr_period"": 14, ""use_ha"": false}, ""r&s"": {""srb_left"": 10, ""srb_right"": 10}, ""atr"": {""atr_length"": 14, ""atr_mult"": 1.0}}",RIOT PLATFORMS INC,1D,,,,,,
2026-09-04 00:00:00,Long,NNOX,0.83,16.41%,0.64,suf,参数一,"{""suf"": {""timeframe"": ""d""}}",NANO-X IMAGING LTD,1D,,,,,,
2026-09-04 00:00:00,Long,NNOX,0.83,16.41%,0.64,suf,参数二,"{""suf"": {""timeframe"": ""d""}}",NANO-X IMAGING LTD,1D,,,,,,
2026-09-04 00:00:00,Short,RSKD,6.51,-6.06%,7.14,suf,参数一,"{""suf"": {""timeframe"": ""d""}}",RISKIFIED LTD-A,1D,,,,,,
2026-09-04 00:00:00,Short,RSKD,6.51,-6.06%,7.14,suf,参数二,"{""suf"": {""timeframe"": ""d""}}",RISKIFIED LTD-A,1D,,,,,,
2026-09-04 00:00:00,Long,OTGA,10.24,0.20%,10.23,sqz,参数一,"{""sqz"": {""bb_length"": 15, ""bb_mult"": 1.5, ""kc_length"": 15, ""kc_mult"": 1.2, ""min_sqz_bars"": 4}, ""r&s"": {""srb_left"": 10, ""srb_right"": 10}, ""atr"": {""atr_length"": 14, ""atr_mult"": 1.0}}",OTG ACQUISITION CORP I-CL A,1D,一直释放,10.1-10.18-10.19,高-高,0.79%-0.10%,40.0,0.3
2026-09-04 00:00:00,Long,OTGA,10.24,0.20%,10.23,sqz,参数二,"{""sqz"": {""bb_length"": 20, ""bb_mult"": 1.8, ""kc_length"": 20, ""kc_mult"": 1.5, ""min_sqz_bars"": 4}, ""r&s"": {""srb_left"": 15, ""srb_right"": 15}, ""atr"": {""atr_length"": 14, ""atr_mult"": 1.0}}",OTG ACQUISITION CORP I-CL A,1D,一直释放,10.12-10.1-10.18-10.19,低-高-高,0.21%-0.79%-0.10%,40.0,0.3
2026-09-04 00:00:00,Short,VTOL,43.32,-0.87%,45.33,utb,参数二,"{""utb"": {""key_value"": 3, ""atr_period"": 14, ""use_ha"": false}, ""r&s"": {""srb_left"": 15, ""srb_right"": 15}, ""atr"": {""atr_length"": 14, ""atr_mult"": 1.0}}",BRISTOW GROUP INC,1D,,,,,,
2026-09-04 00:00:00,Long,HTH,39.24,0.87%,37.94,utb,参数一,"{""utb"": {""key_value"": 2, ""atr_period"": 14, ""use_ha"": false}, ""r&s"": {""srb_left"": 10, ""srb_right"": 10}, ""atr"": {""atr_length"": 14, ""atr_mult"": 1.0}}",HILLTOP HOLDINGS INC,1D,,,,,,
2026-09-04 00:00:00,Long,RIBB,10.9,0.46%,10.88,utb,参数一,"{""utb"": {""key_value"": 2, ""atr_period"": 14, ""use_ha"": false}, ""r&s"": {""srb_left"": 10, ""srb_right"": 10}, ""atr"": {""atr_length"": 14, ""atr_mult"": 1.0}}",RIBBON ACQUISITION CORP,1D,,,,,,
2026-09-04 00:00:00,Long,RIBB,10.9,0.46%,10.88,utb,参数二,"{""utb"": {""key_value"": 3, ""atr_period"": 14, ""use_ha"": false}, ""r&s"": {""srb_left"": 15, ""srb_right"": 15}, ""atr"": {""atr_length"": 14, ""atr_mult"": 1.0}}",RIBBON ACQUISITION CORP,1D,,,,,,
2026-09-04 00:00:00,Long,NRSN,0.51,27.11%,0.29,utb,参数一,"{""utb"": {""key_value"": 2, ""atr_period"": 14, ""use_ha"": false}, ""r&s"": {""srb_left"": 10, ""srb_right"": 10}, ""atr"": {""atr_length"": 14, ""atr_mult"": 1.0}}",NEUROSENSE THERAPEUTICS LTD,1D,,,,,,
2026-09-04 00:00:00,Long,CCNE,34.91,1.63%,33.39,utb,参数一,"{""utb"": {""key_value"": 2, ""atr_period"": 14, ""use_ha"": false}, ""r&s"": {""srb_left"": 10, ""srb_right"": 10}, ""atr"": {""atr_length"": 14, ""atr_mult"": 1.0}}",CNB FINANCIAL CORP/PA,1D,,,,,,
2026-09-04 00:00:00,Short,OABI,4.33,-8.84%,5.12,utb,参数一,"{""utb"": {""key_value"": 2, ""atr_period"": 14, ""use_ha"": false}, ""r&s"": {""srb_left"": 10, ""srb_right"": 10}, ""atr"": {""atr_length"": 14, ""atr_mult"": 1.0}}",OMNIAB INC,1D,,,,,,
2026-09-04 00:00:00,Short,OABI,4.33,-8.84%,5.12,suf,参数一,"{""suf"": {""timeframe"": ""d""}}",OMNIAB INC,1D,,,,,,
2026-09-04 00:00:00,Short,OABI,4.33,-8.84%,5.12,suf,参数二,"{""suf"": {""timeframe"": ""d""}}",OMNIAB INC,1D,,,,,,
2026-09-04 00:00:00,Long,HOPE,14.13,0.93%,13.71,utb,参数一,"{""utb"": {""key_value"": 2, ""atr_period"": 14, ""use_ha"": false}, ""r&s"": {""srb_left"": 10, ""srb_right"": 10}, ""atr"": {""atr_length"": 14, ""atr_mult"": 1.0}}",HOPE BANCORP INC,1D,,,,,,
2026-09-04 00:00:00,Long,GIW,10.17,0.10%,10.16,sqz,参数一,"{""sqz"": {""bb_length"": 15, ""bb_mult"": 1.5, ""kc_length"": 15, ""kc_mult"": 1.2, ""min_sqz_bars"": 4}, ""r&s"": {""srb_left"": 10, ""srb_right"": 10}, ""atr"": {""atr_length"": 14, ""atr_mult"": 1.0}}",GIGCAPITAL8 CORP-A,1D,一直释放,nan-9.98-10.01-10.09-10.11,低-高-高-高,nan%-0.30%-0.75%-0.30%,40.0,0.35
2026-09-04 00:00:00,Long,GIW,10.17,0.10%,10.16,utb,参数二,"{""utb"": {""key_value"": 3, ""atr_period"": 14, ""use_ha"": false}, ""r&s"": {""srb_left"": 15, ""srb_right"": 15}, ""atr"": {""atr_length"": 14, ""atr_mult"": 1.0}}",GIGCAPITAL8 CORP-A,1D,,,,,,
2026-09-04 00:00:00,Short,CALX,35.96,-2.99%,38.49,utb,参数二,"{""utb"": {""key_value"": 3, ""atr_period"": 14, ""use_ha"": false}, ""r&s"": {""srb_left"": 15, ""srb_right"": 15}, ""atr"": {""atr_length"": 14, ""atr_mult"": 1.0}}",CALIX INC,1D,,,,,,
2026-09-04 00:00:00,Long,NWTG,1.35,3.85%,1.16,utb,参数一,"{""utb"": {""key_value"": 2, ""atr_period"": 14, ""use_ha"": false}, ""r&s"": {""srb_left"": 10, ""srb_right"": 10}, ""atr"": {""atr_length"": 14, ""atr_mult"": 1.0}}",NEWTON GOLF COMPANY INC,1D,,,,,,
2026-09-04 00:00:00,Long,KEN,69.18,3.86%,65.14,utb,参数一,"{""utb"": {""key_value"": 2, ""atr_period"": 14, ""use_ha"": false}, ""r&s"": {""srb_left"": 10, ""srb_right"": 10}, ""atr"": {""atr_length"": 14, ""atr_mult"": 1.0}}",KENON HOLDINGS LTD,1D,,,,,,
2026-09-04 00:00:00,Long,IBCP,37.37,0.97%,36.18,utb,参数一,"{""utb"": {""key_value"": 2, ""atr_period"": 14, ""use_ha"": false}, ""r&s"": {""srb_left"": 10, ""srb_right"": 10}, ""atr"": {""atr_length"": 14, ""atr_mult"": 1.0}}",INDEPENDENT BANK CORP - MICH,1D,,,,,,
2026-09-04 00:00:00,Short,SMTK,2.34,-1.68%,3.43,sqz,参数一,"{""sqz"": {""bb_length"": 15, ""bb_mult"": 1.5, ""kc_length"": 15, ""kc_mult"": 1.2, ""min_sqz_bars"": 4}, ""r&s"": {""srb_left"": 10, ""srb_right"": 10}, ""atr"": {""atr_length"": 14, ""atr_mult"": 1.0}}",SMARTKEM INC,1D,一直释放,nan-11.05-10.5-7.35,低-低-低,nan%-4.98%-30.00%,89.0,685.71
2026-09-04 00:00:00,Long,ELF,109.67,2.10%,101.71,sqz,参数二,"{""sqz"": {""bb_length"": 20, ""bb_mult"": 1.8, ""kc_length"": 20, ""kc_mult"": 1.5, ""min_sqz_bars"": 4}, ""r&s"": {""srb_left"": 15, ""srb_right"": 15}, ""atr"": {""atr_length"": 14, ""atr_mult"": 1.0}}",ELF BEAUTY INC,1D,一直释放,nan-84.38-96.41-97.5-71.23,低-高-高-低,nan%-14.25%-1.14%-26.95%,97.0,45.9
2026-09-04 00:00:00,Short,COUR,5.8,-3.49%,6.25,utb,参数一,"{""utb"": {""key_value"": 2, ""atr_period"": 14, ""use_ha"": false}, ""r&s"": {""srb_left"": 10, ""srb_right"": 10}, ""atr"": {""atr_length"": 14, ""atr_mult"": 1.0}}",COURSERA INC,1D,,,,,,
2026-09-04 00:00:00,Short,JJSF,84.11,-2.15%,88.9,utb,参数一,"{""utb"": {""key_value"": 2, ""atr_period"": 14, ""use_ha"": false}, ""r&s"": {""srb_left"": 10, ""srb_right"": 10}, ""atr"": {""atr_length"": 14, ""atr_mult"": 1.0}}",J & J SNACK FOODS CORP,1D,,,,,,
2026-09-04 00:00:00,Short,LULU,100.61,-17.38%,109.05,sqz,参数一,"{""sqz"": {""bb_length"": 15, ""bb_mult"": 1.5, ""kc_length"": 15, ""kc_mult"": 1.2, ""min_sqz_bars"": 4}, ""r&s"": {""srb_left"": 10, ""srb_right"": 10}, ""atr"": {""atr_length"": 14, ""atr_mult"": 1.0}}",LULULEMON ATHLETICA INC,1D,支撑释放,143.96-116.63-104.44-109.2-114.69,低-低-高-高,18.98%-10.45%-4.56%-5.03%,11.0,8.53
2026-09-04 00:00:00,Short,WNW,2.34,-2.09%,2.67,sqz,参数一,"{""sqz"": {""bb_length"": 15, ""bb_mult"": 1.5, ""kc_length"": 15, ""kc_mult"": 1.2, ""min_sqz_bars"": 4}, ""r&s"": {""srb_left"": 10, ""srb_right"": 10}, ""atr"": {""atr_length"": 14, ""atr_mult"": 1.0}}",MEIWU TECHNOLOGY CO LTD,1D,一直亮红,137.0-2.8-2.25-2.92-2.36,低-低-高-低,97.96%-19.61%-29.78%-19.18%,25.0,56.36
2026-09-04 00:00:00,Short,WNW,2.34,-2.09%,2.67,sqz,参数二,"{""sqz"": {""bb_length"": 20, ""bb_mult"": 1.8, ""kc_length"": 20, ""kc_mult"": 1.5, ""min_sqz_bars"": 4}, ""r&s"": {""srb_left"": 15, ""srb_right"": 15}, ""atr"": {""atr_length"": 14, ""atr_mult"": 1.0}}",MEIWU TECHNOLOGY CO LTD,1D,支撑释放,nan-130.0-2.8-2.25-2.36,低-低-低-高,nan%-97.85%-19.61%-4.89%,25.0,56.36
2026-09-04 00:00:00,Short,AII,26.0,-0.61%,27.29,suf,参数一,"{""suf"": {""timeframe"": ""d""}}",AMERICAN INTEGRITY INSURANCE,1D,,,,,,
2026-09-04 00:00:00,Short,AII,26.0,-0.61%,27.29,suf,参数二,"{""suf"": {""timeframe"": ""d""}}",AMERICAN INTEGRITY INSURANCE,1D,,,,,,
2026-09-04 00:00:00,Short,LIME,36.75,-5.36%,42.14,utb,参数一,"{""utb"": {""key_value"": 2, ""atr_period"": 14, ""use_ha"": false}, ""r&s"": {""srb_left"": 10, ""srb_right"": 10}, ""atr"": {""atr_length"": 14, ""atr_mult"": 1.0}}",NEUTRON HOLDINGS INC,1D,,,,,,
2026-09-04 00:00:00,Long,ORRF,43.13,1.58%,41.35,utb,参数一,"{""utb"": {""key_value"": 2, ""atr_period"": 14, ""use_ha"": false}, ""r&s"": {""srb_left"": 10, ""srb_right"": 10}, ""atr"": {""atr_length"": 14, ""atr_mult"": 1.0}}",ORRSTOWN FINL SERVICES INC,1D,,,,,,
2026-09-04 00:00:00,Long,RGA,253.27,-1.03%,247.59,sqz,参数一,"{""sqz"": {""bb_length"": 15, ""bb_mult"": 1.5, ""kc_length"": 15, ""kc_mult"": 1.2, ""min_sqz_bars"": 4}, ""r&s"": {""srb_left"": 10, ""srb_right"": 10}, ""atr"": {""atr_length"": 14, ""atr_mult"": 1.0}}",REINSURANCE GROUP OF AMERICA,1D,压力释放,226.35-212.23-220.06-244.03-250.0,低-高-高-高,6.24%-3.69%-10.89%-2.45%,15.0,4.5
2026-09-04 00:00:00,Short,RGA,253.27,-1.03%,259.33,suf,参数一,"{""suf"": {""timeframe"": ""d""}}",REINSURANCE GROUP OF AMERICA,1D,,,,,,
2026-09-04 00:00:00,Short,RGA,253.27,-1.03%,259.33,suf,参数二,"{""suf"": {""timeframe"": ""d""}}",REINSURANCE GROUP OF AMERICA,1D,,,,,,
2026-09-04 00:00:00,Long,FISI,41.7,1.26%,40.44,utb,参数一,"{""utb"": {""key_value"": 2, ""atr_period"": 14, ""use_ha"": false}, ""r&s"": {""srb_left"": 10, ""srb_right"": 10}, ""atr"": {""atr_length"": 14, ""atr_mult"": 1.0}}",FINANCIAL INSTITUTIONS INC,1D,,,,,,
2026-09-04 00:00:00,Short,NAK,1.47,-2.65%,1.61,utb,参数二,"{""utb"": {""key_value"": 3, ""atr_period"": 14, ""use_ha"": false}, ""r&s"": {""srb_left"": 15, ""srb_right"": 15}, ""atr"": {""atr_length"": 14, ""atr_mult"": 1.0}}",NORTHERN DYNASTY MINERALS,1D,,,,,,
2026-09-04 00:00:00,Long,HLF,12.38,1.73%,11.27,utb,参数一,"{""utb"": {""key_value"": 2, ""atr_period"": 14, ""use_ha"": false}, ""r&s"": {""srb_left"": 10, ""srb_right"": 10}, ""atr"": {""atr_length"": 14, ""atr_mult"": 1.0}}",HERBALIFE LTD,1D,,,,,,
2026-09-04 00:00:00,Short,QTI,2.64,-4.00%,3.05,utb,参数一,"{""utb"": {""key_value"": 2, ""atr_period"": 14, ""use_ha"": false}, ""r&s"": {""srb_left"": 10, ""srb_right"": 10}, ""atr"": {""atr_length"": 14, ""atr_mult"": 1.0}}",QT IMAGING HOLDINGS INC,1D,,,,,,
2026-09-04 00:00:00,Short,PD,13.62,-3.40%,14.5,suf,参数一,"{""suf"": {""timeframe"": ""d""}}",PAGERDUTY INC,1D,,,,,,
2026-09-04 00:00:00,Short,PD,13.62,-3.40%,14.5,suf,参数二,"{""suf"": {""timeframe"": ""d""}}",PAGERDUTY INC,1D,,,,,,
