日期,信号,代码,现价,涨幅,止损,策略,参组,参数,名称,周期,释放类型,支撑压力价格,支撑压力趋势,支撑压力涨幅,区间K线数量,区间K线振幅
2026-08-31 00:00:00,Short,NTCT,37.22,-4.71%,42.54,utb,参数一,"{""utb"": {""key_value"": 2, ""atr_period"": 14, ""use_ha"": false}, ""r&s"": {""srb_left"": 10, ""srb_right"": 10}, ""atr"": {""atr_length"": 14, ""atr_mult"": 1.0}}",NETSCOUT SYSTEMS INC,1WK,,,,,,
2026-08-31 00:00:00,Short,XYL,105.69,-5.05%,117.81,utb,参数一,"{""utb"": {""key_value"": 2, ""atr_period"": 14, ""use_ha"": false}, ""r&s"": {""srb_left"": 10, ""srb_right"": 10}, ""atr"": {""atr_length"": 14, ""atr_mult"": 1.0}}",XYLEM INC,1WK,,,,,,
2026-08-31 00:00:00,Short,BBUC,28.02,0.40%,30.41,sqz,参数一,"{""sqz"": {""bb_length"": 15, ""bb_mult"": 1.5, ""kc_length"": 15, ""kc_mult"": 1.2, ""min_sqz_bars"": 4}, ""r&s"": {""srb_left"": 10, ""srb_right"": 10}, ""atr"": {""atr_length"": 14, ""atr_mult"": 1.0}}",BROOKFIELD BUSINESS CORP-A,1WK,支撑释放,16.25-13.62-17.89-21.3-29.18,低-高-高-高,16.18%-31.33%-19.05%-37.02%,24.0,20.71
2026-08-31 00:00:00,Long,SCWO,3.32,19.00%,2.17,utb,参数一,"{""utb"": {""key_value"": 2, ""atr_period"": 14, ""use_ha"": false}, ""r&s"": {""srb_left"": 10, ""srb_right"": 10}, ""atr"": {""atr_length"": 14, ""atr_mult"": 1.0}}",374WATER INC,1WK,,,,,,
2026-08-31 00:00:00,Short,ENVA,230.58,-0.92%,253.84,utb,参数一,"{""utb"": {""key_value"": 2, ""atr_period"": 14, ""use_ha"": false}, ""r&s"": {""srb_left"": 10, ""srb_right"": 10}, ""atr"": {""atr_length"": 14, ""atr_mult"": 1.0}}",ENOVA INTERNATIONAL INC,1WK,,,,,,
2026-08-31 00:00:00,Long,DHT,20.87,6.15%,17.95,sqz,参数二,"{""sqz"": {""bb_length"": 20, ""bb_mult"": 1.8, ""kc_length"": 20, ""kc_mult"": 1.5, ""min_sqz_bars"": 4}, ""r&s"": {""srb_left"": 15, ""srb_right"": 15}, ""atr"": {""atr_length"": 14, ""atr_mult"": 1.0}}",DHT HOLDINGS INC,1WK,压力释放,8.76-10.48-10.18-10.57-18.59,高-低-高-高,19.58%-2.89%-3.85%-75.90%,26.0,24.11
2026-08-31 00:00:00,Long,PLBL,5.4,-3.91%,3.45,mfa,参数一,"{""mfa"": {""mfa_all"": 13}}",POLIBELI GROUP LTD-A,1WK,,,,,,
2026-08-31 00:00:00,Long,PLBL,5.4,-3.91%,3.45,mfa,参数二,"{""mfa"": {""mfa_all"": 13}}",POLIBELI GROUP LTD-A,1WK,,,,,,
2026-08-31 00:00:00,Long,MBVI,10.23,0.15%,10.18,sqz,参数一,"{""sqz"": {""bb_length"": 15, ""bb_mult"": 1.5, ""kc_length"": 15, ""kc_mult"": 1.2, ""min_sqz_bars"": 4}, ""r&s"": {""srb_left"": 10, ""srb_right"": 10}, ""atr"": {""atr_length"": 14, ""atr_mult"": 1.0}}",M3-BRIGADE ACQUISITION-CL A,1WK,一直释放,nan-10.18,低,nan%,30.0,1.39
2026-08-31 00:00:00,Short,CNSY,2.76,-9.67%,4.26,sqz,参数二,"{""sqz"": {""bb_length"": 20, ""bb_mult"": 1.8, ""kc_length"": 20, ""kc_mult"": 1.5, ""min_sqz_bars"": 4}, ""r&s"": {""srb_left"": 15, ""srb_right"": 15}, ""atr"": {""atr_length"": 14, ""atr_mult"": 1.0}}",CERENOME INC,1WK,一直亮红,nan-24.25-4.0-2.9,低-低-低,nan%-83.51%-27.50%,21.0,175.86
2026-08-31 00:00:00,Short,TAC,11.96,-1.47%,13.26,utb,参数一,"{""utb"": {""key_value"": 2, ""atr_period"": 14, ""use_ha"": false}, ""r&s"": {""srb_left"": 10, ""srb_right"": 10}, ""atr"": {""atr_length"": 14, ""atr_mult"": 1.0}}",TRANSALTA CORP,1WK,,,,,,
2026-08-31 00:00:00,Long,MTEX,9.0,33.53%,5.33,sqz,参数一,"{""sqz"": {""bb_length"": 15, ""bb_mult"": 1.5, ""kc_length"": 15, ""kc_mult"": 1.2, ""min_sqz_bars"": 4}, ""r&s"": {""srb_left"": 10, ""srb_right"": 10}, ""atr"": {""atr_length"": 14, ""atr_mult"": 1.0}}",MANNATECH INC,1WK,压力释放,15.1-10.51-16.49-12.45-8.5,低-高-低-低,30.40%-56.90%-24.50%-31.73%,21.0,123.68
2026-08-31 00:00:00,Long,MTEX,9.0,33.53%,5.33,utb,参数二,"{""utb"": {""key_value"": 3, ""atr_period"": 14, ""use_ha"": false}, ""r&s"": {""srb_left"": 15, ""srb_right"": 15}, ""atr"": {""atr_length"": 14, ""atr_mult"": 1.0}}",MANNATECH INC,1WK,,,,,,
2026-08-31 00:00:00,Long,BMRA,2.31,7.94%,1.67,utb,参数二,"{""utb"": {""key_value"": 3, ""atr_period"": 14, ""use_ha"": false}, ""r&s"": {""srb_left"": 15, ""srb_right"": 15}, ""atr"": {""atr_length"": 14, ""atr_mult"": 1.0}}",BIOMERICA INC,1WK,,,,,,
2026-08-31 00:00:00,Long,CNXC,32.16,9.46%,24.17,utb,参数一,"{""utb"": {""key_value"": 2, ""atr_period"": 14, ""use_ha"": false}, ""r&s"": {""srb_left"": 10, ""srb_right"": 10}, ""atr"": {""atr_length"": 14, ""atr_mult"": 1.0}}",CONCENTRIX CORP,1WK,,,,,,
2026-08-31 00:00:00,Long,MD,27.03,1.58%,23.44,sqz,参数二,"{""sqz"": {""bb_length"": 20, ""bb_mult"": 1.8, ""kc_length"": 20, ""kc_mult"": 1.5, ""min_sqz_bars"": 4}, ""r&s"": {""srb_left"": 15, ""srb_right"": 15}, ""atr"": {""atr_length"": 14, ""atr_mult"": 1.0}}",PEDIATRIX MEDICAL GROUP INC,1WK,一直释放,nan-10.18-17.67-24.99,低-高-高,nan%-73.58%-41.43%,40.0,45.04
2026-08-31 00:00:00,Long,CNL,16.75,9.91%,12.47,utb,参数一,"{""utb"": {""key_value"": 2, ""atr_period"": 14, ""use_ha"": false}, ""r&s"": {""srb_left"": 10, ""srb_right"": 10}, ""atr"": {""atr_length"": 14, ""atr_mult"": 1.0}}",COLLECTIVE MINING LTD,1WK,,,,,,
2026-08-31 00:00:00,Long,CNTN,2.28,2.70%,1.5,mfa,参数一,"{""mfa"": {""mfa_all"": 14}}",CANTON STRATEGIC HOLDINGS IN,1WK,,,,,,
2026-08-31 00:00:00,Long,CNTN,2.28,2.70%,1.5,mfa,参数二,"{""mfa"": {""mfa_all"": 14}}",CANTON STRATEGIC HOLDINGS IN,1WK,,,,,,
2026-08-31 00:00:00,Short,PMCB,0.49,-5.53%,0.64,utb,参数二,"{""utb"": {""key_value"": 3, ""atr_period"": 14, ""use_ha"": false}, ""r&s"": {""srb_left"": 15, ""srb_right"": 15}, ""atr"": {""atr_length"": 14, ""atr_mult"": 1.0}}",PHARMACYTE BIOTECH INC,1WK,,,,,,
2026-08-31 00:00:00,Long,CRCL,102.05,17.11%,69.56,utb,参数一,"{""utb"": {""key_value"": 2, ""atr_period"": 14, ""use_ha"": false}, ""r&s"": {""srb_left"": 10, ""srb_right"": 10}, ""atr"": {""atr_length"": 14, ""atr_mult"": 1.0}}",CIRCLE INTERNET GROUP INC,1WK,,,,,,
2026-08-31 00:00:00,Long,SWKS,74.02,12.51%,57.61,utb,参数一,"{""utb"": {""key_value"": 2, ""atr_period"": 14, ""use_ha"": false}, ""r&s"": {""srb_left"": 10, ""srb_right"": 10}, ""atr"": {""atr_length"": 14, ""atr_mult"": 1.0}}",SKYWORKS SOLUTIONS INC,1WK,,,,,,
2026-08-31 00:00:00,Short,ZGN,12.56,-8.52%,14.83,utb,参数一,"{""utb"": {""key_value"": 2, ""atr_period"": 14, ""use_ha"": false}, ""r&s"": {""srb_left"": 10, ""srb_right"": 10}, ""atr"": {""atr_length"": 14, ""atr_mult"": 1.0}}",ERMENEGILDO ZEGNA NV,1WK,,,,,,
2026-08-31 00:00:00,Long,XP,19.86,12.46%,16.48,utb,参数一,"{""utb"": {""key_value"": 2, ""atr_period"": 14, ""use_ha"": false}, ""r&s"": {""srb_left"": 10, ""srb_right"": 10}, ""atr"": {""atr_length"": 14, ""atr_mult"": 1.0}}",XP INC - CLASS A,1WK,,,,,,
2026-08-31 00:00:00,Short,GYRO,5.0,-3.47%,5.4,sqz,参数二,"{""sqz"": {""bb_length"": 20, ""bb_mult"": 1.8, ""kc_length"": 20, ""kc_mult"": 1.5, ""min_sqz_bars"": 4}, ""r&s"": {""srb_left"": 15, ""srb_right"": 15}, ""atr"": {""atr_length"": 14, ""atr_mult"": 1.0}}",GYRODYNE LLC,1WK,一直释放,nan-7.65-6.8,低-低,nan%-11.11%,74.0,76.47
2026-08-31 00:00:00,Long,DXC,11.66,4.01%,9.73,utb,参数一,"{""utb"": {""key_value"": 2, ""atr_period"": 14, ""use_ha"": false}, ""r&s"": {""srb_left"": 10, ""srb_right"": 10}, ""atr"": {""atr_length"": 14, ""atr_mult"": 1.0}}",DXC TECHNOLOGY CO,1WK,,,,,,
2026-08-31 00:00:00,Long,PXS,6.22,16.04%,4.82,sqz,参数二,"{""sqz"": {""bb_length"": 20, ""bb_mult"": 1.8, ""kc_length"": 20, ""kc_mult"": 1.5, ""min_sqz_bars"": 4}, ""r&s"": {""srb_left"": 15, ""srb_right"": 15}, ""atr"": {""atr_length"": 14, ""atr_mult"": 1.0}}",PYXIS TANKERS INC,1WK,压力释放,nan-6.26-5.53,低-低,nan%-11.66%,106.0,123.89
2026-08-31 00:00:00,Long,HITI,2.57,2.19%,2.25,utb,参数一,"{""utb"": {""key_value"": 2, ""atr_period"": 14, ""use_ha"": false}, ""r&s"": {""srb_left"": 10, ""srb_right"": 10}, ""atr"": {""atr_length"": 14, ""atr_mult"": 1.0}}",HIGH TIDE INC,1WK,,,,,,
2026-08-31 00:00:00,Short,YUMC,43.6,-3.15%,48.33,utb,参数一,"{""utb"": {""key_value"": 2, ""atr_period"": 14, ""use_ha"": false}, ""r&s"": {""srb_left"": 10, ""srb_right"": 10}, ""atr"": {""atr_length"": 14, ""atr_mult"": 1.0}}",YUM CHINA HOLDINGS INC,1WK,,,,,,
2026-08-31 00:00:00,Long,HOLO,1.72,-2.55%,0.25,mfa,参数一,"{""mfa"": {""mfa_all"": 46}}",MICROCLOUD HOLOGRAM INC,1WK,,,,,,
2026-08-31 00:00:00,Long,HOLO,1.72,-2.55%,0.25,mfa,参数二,"{""mfa"": {""mfa_all"": 46}}",MICROCLOUD HOLOGRAM INC,1WK,,,,,,
2026-08-31 00:00:00,Long,CCG,16.02,4.09%,12.37,mfa,参数一,"{""mfa"": {""mfa_all"": 30}}",CHECHE GROUP INC,1WK,,,,,,
2026-08-31 00:00:00,Long,CCG,16.02,4.09%,12.37,mfa,参数二,"{""mfa"": {""mfa_all"": 30}}",CHECHE GROUP INC,1WK,,,,,,
2026-08-31 00:00:00,Short,NNVC,1.12,-9.68%,1.57,utb,参数一,"{""utb"": {""key_value"": 2, ""atr_period"": 14, ""use_ha"": false}, ""r&s"": {""srb_left"": 10, ""srb_right"": 10}, ""atr"": {""atr_length"": 14, ""atr_mult"": 1.0}}",NANOVIRICIDES INC,1WK,,,,,,
2026-08-31 00:00:00,Long,VAI,2.25,31.58%,1.19,utb,参数一,"{""utb"": {""key_value"": 2, ""atr_period"": 14, ""use_ha"": false}, ""r&s"": {""srb_left"": 10, ""srb_right"": 10}, ""atr"": {""atr_length"": 14, ""atr_mult"": 1.0}}",VALOR ENERGY INCORPORATED,1WK,,,,,,
2026-08-31 00:00:00,Long,VAI,2.25,31.58%,1.19,utb,参数二,"{""utb"": {""key_value"": 3, ""atr_period"": 14, ""use_ha"": false}, ""r&s"": {""srb_left"": 15, ""srb_right"": 15}, ""atr"": {""atr_length"": 14, ""atr_mult"": 1.0}}",VALOR ENERGY INCORPORATED,1WK,,,,,,
2026-08-31 00:00:00,Long,GPRK,11.56,17.60%,9.19,utb,参数一,"{""utb"": {""key_value"": 2, ""atr_period"": 14, ""use_ha"": false}, ""r&s"": {""srb_left"": 10, ""srb_right"": 10}, ""atr"": {""atr_length"": 14, ""atr_mult"": 1.0}}",GEOPARK LTD,1WK,,,,,,
2026-08-31 00:00:00,Short,BANL,9.01,-44.04%,18.93,utb,参数一,"{""utb"": {""key_value"": 2, ""atr_period"": 14, ""use_ha"": false}, ""r&s"": {""srb_left"": 10, ""srb_right"": 10}, ""atr"": {""atr_length"": 14, ""atr_mult"": 1.0}}",CBL INTERNATIONAL LTD-B,1WK,,,,,,
2026-08-31 00:00:00,Short,BANL,9.01,-44.04%,18.93,utb,参数二,"{""utb"": {""key_value"": 3, ""atr_period"": 14, ""use_ha"": false}, ""r&s"": {""srb_left"": 15, ""srb_right"": 15}, ""atr"": {""atr_length"": 14, ""atr_mult"": 1.0}}",CBL INTERNATIONAL LTD-B,1WK,,,,,,
2026-08-31 00:00:00,Short,ITW,270.12,-3.56%,291.66,utb,参数一,"{""utb"": {""key_value"": 2, ""atr_period"": 14, ""use_ha"": false}, ""r&s"": {""srb_left"": 10, ""srb_right"": 10}, ""atr"": {""atr_length"": 14, ""atr_mult"": 1.0}}",ILLINOIS TOOL WORKS,1WK,,,,,,
2026-08-31 00:00:00,Long,MSTR,142.8,12.17%,99.39,utb,参数一,"{""utb"": {""key_value"": 2, ""atr_period"": 14, ""use_ha"": false}, ""r&s"": {""srb_left"": 10, ""srb_right"": 10}, ""atr"": {""atr_length"": 14, ""atr_mult"": 1.0}}",STRATEGY INC,1WK,,,,,,
2026-08-31 00:00:00,Long,LCID,4.68,-6.59%,2.98,mfa,参数一,"{""mfa"": {""mfa_all"": 62}}",LUCID GROUP INC,1WK,,,,,,
2026-08-31 00:00:00,Long,LCID,4.68,-6.59%,2.98,mfa,参数二,"{""mfa"": {""mfa_all"": 62}}",LUCID GROUP INC,1WK,,,,,,
2026-08-31 00:00:00,Short,BN,40.31,-2.47%,43.68,utb,参数一,"{""utb"": {""key_value"": 2, ""atr_period"": 14, ""use_ha"": false}, ""r&s"": {""srb_left"": 10, ""srb_right"": 10}, ""atr"": {""atr_length"": 14, ""atr_mult"": 1.0}}",BROOKFIELD CORP,1WK,,,,,,
2026-08-31 00:00:00,Long,BMEA,2.03,17.34%,1.42,utb,参数二,"{""utb"": {""key_value"": 3, ""atr_period"": 14, ""use_ha"": false}, ""r&s"": {""srb_left"": 15, ""srb_right"": 15}, ""atr"": {""atr_length"": 14, ""atr_mult"": 1.0}}",BIOMEA FUSION INC,1WK,,,,,,
2026-08-31 00:00:00,Short,FHTX,4.92,-18.00%,6.92,utb,参数一,"{""utb"": {""key_value"": 2, ""atr_period"": 14, ""use_ha"": false}, ""r&s"": {""srb_left"": 10, ""srb_right"": 10}, ""atr"": {""atr_length"": 14, ""atr_mult"": 1.0}}",FOGHORN THERAPEUTICS INC,1WK,,,,,,
2026-08-31 00:00:00,Long,EXOD,7.41,-6.91%,5.24,mfa,参数一,"{""mfa"": {""mfa_all"": 44}}",EXODUS MOVEMENT INC - A,1WK,,,,,,
2026-08-31 00:00:00,Long,EXOD,7.41,-6.91%,5.24,mfa,参数二,"{""mfa"": {""mfa_all"": 44}}",EXODUS MOVEMENT INC - A,1WK,,,,,,
2026-08-31 00:00:00,Short,JDZG,3.09,-11.71%,39.49,sqz,参数一,"{""sqz"": {""bb_length"": 15, ""bb_mult"": 1.5, ""kc_length"": 15, ""kc_mult"": 1.2, ""min_sqz_bars"": 4}, ""r&s"": {""srb_left"": 10, ""srb_right"": 10}, ""atr"": {""atr_length"": 14, ""atr_mult"": 1.0}}",JIADE LTD CL-A,1WK,一直释放,nan-898.0-1002.0-395.0-10.71,低-高-低-低,nan%-11.58%-60.58%-97.29%,19.0,525.58
2026-08-31 00:00:00,Long,CNH,14.4,23.29%,10.53,sqz,参数一,"{""sqz"": {""bb_length"": 15, ""bb_mult"": 1.5, ""kc_length"": 15, ""kc_mult"": 1.2, ""min_sqz_bars"": 4}, ""r&s"": {""srb_left"": 10, ""srb_right"": 10}, ""atr"": {""atr_length"": 14, ""atr_mult"": 1.0}}",CNH INDUSTRIAL NV,1WK,压力释放,16.32-14.69-12.42-14.13-13.18,低-低-高-低,9.97%-15.50%-13.83%-6.73%,28.0,35.68
2026-08-31 00:00:00,Long,CNH,14.4,23.29%,10.53,utb,参数二,"{""utb"": {""key_value"": 3, ""atr_period"": 14, ""use_ha"": false}, ""r&s"": {""srb_left"": 15, ""srb_right"": 15}, ""atr"": {""atr_length"": 14, ""atr_mult"": 1.0}}",CNH INDUSTRIAL NV,1WK,,,,,,
2026-08-31 00:00:00,Long,CNH,14.4,23.29%,10.53,sqz,参数二,"{""sqz"": {""bb_length"": 20, ""bb_mult"": 1.8, ""kc_length"": 20, ""kc_mult"": 1.5, ""min_sqz_bars"": 4}, ""r&s"": {""srb_left"": 15, ""srb_right"": 15}, ""atr"": {""atr_length"": 14, ""atr_mult"": 1.0}}",CNH INDUSTRIAL NV,1WK,压力释放,nan-14.69-12.42-14.13-13.18,低-低-高-低,nan%-15.50%-13.83%-6.73%,28.0,35.68
2026-08-31 00:00:00,Short,SNAL,2.53,-13.65%,4.16,utb,参数一,"{""utb"": {""key_value"": 2, ""atr_period"": 14, ""use_ha"": false}, ""r&s"": {""srb_left"": 10, ""srb_right"": 10}, ""atr"": {""atr_length"": 14, ""atr_mult"": 1.0}}",SNAIL INC - CLASS A,1WK,,,,,,
2026-08-31 00:00:00,Short,EHTH,0.99,-17.55%,1.51,sqz,参数一,"{""sqz"": {""bb_length"": 15, ""bb_mult"": 1.5, ""kc_length"": 15, ""kc_mult"": 1.2, ""min_sqz_bars"": 4}, ""r&s"": {""srb_left"": 10, ""srb_right"": 10}, ""atr"": {""atr_length"": 14, ""atr_mult"": 1.0}}",EHEALTH INC,1WK,支撑释放,6.59-5.12-3.58-3.18-1.2,低-低-低-低,22.31%-30.08%-11.17%-62.26%,26.0,80.83
2026-08-31 00:00:00,Short,NOMA,2.03,-4.69%,3.16,sqz,参数一,"{""sqz"": {""bb_length"": 15, ""bb_mult"": 1.5, ""kc_length"": 15, ""kc_mult"": 1.2, ""min_sqz_bars"": 4}, ""r&s"": {""srb_left"": 10, ""srb_right"": 10}, ""atr"": {""atr_length"": 14, ""atr_mult"": 1.0}}",NOMADAR CORP-A,1WK,支撑释放,nan-2.55,低,nan%,15.0,74.51
2026-08-31 00:00:00,Short,CLX,93.06,-9.24%,109.17,utb,参数一,"{""utb"": {""key_value"": 2, ""atr_period"": 14, ""use_ha"": false}, ""r&s"": {""srb_left"": 10, ""srb_right"": 10}, ""atr"": {""atr_length"": 14, ""atr_mult"": 1.0}}",CLOROX COMPANY,1WK,,,,,,
2026-08-31 00:00:00,Short,CNA,48.47,-1.70%,51.72,utb,参数一,"{""utb"": {""key_value"": 2, ""atr_period"": 14, ""use_ha"": false}, ""r&s"": {""srb_left"": 10, ""srb_right"": 10}, ""atr"": {""atr_length"": 14, ""atr_mult"": 1.0}}",CNA FINANCIAL CORP,1WK,,,,,,
2026-08-31 00:00:00,Long,AQST,5.34,6.37%,4.37,utb,参数二,"{""utb"": {""key_value"": 3, ""atr_period"": 14, ""use_ha"": false}, ""r&s"": {""srb_left"": 15, ""srb_right"": 15}, ""atr"": {""atr_length"": 14, ""atr_mult"": 1.0}}",AQUESTIVE THERAPEUTICS INC,1WK,,,,,,
2026-08-31 00:00:00,Long,ASST,27.14,24.84%,17.17,utb,参数二,"{""utb"": {""key_value"": 3, ""atr_period"": 14, ""use_ha"": false}, ""r&s"": {""srb_left"": 15, ""srb_right"": 15}, ""atr"": {""atr_length"": 14, ""atr_mult"": 1.0}}",STRIVE INC-A,1WK,,,,,,
2026-08-31 00:00:00,Long,IRD,4.67,26.56%,2.84,utb,参数一,"{""utb"": {""key_value"": 2, ""atr_period"": 14, ""use_ha"": false}, ""r&s"": {""srb_left"": 10, ""srb_right"": 10}, ""atr"": {""atr_length"": 14, ""atr_mult"": 1.0}}",OPUS GENETICS INC,1WK,,,,,,
2026-08-31 00:00:00,Long,KURA,13.25,4.66%,11.1,sqz,参数一,"{""sqz"": {""bb_length"": 15, ""bb_mult"": 1.5, ""kc_length"": 15, ""kc_mult"": 1.2, ""min_sqz_bars"": 4}, ""r&s"": {""srb_left"": 10, ""srb_right"": 10}, ""atr"": {""atr_length"": 14, ""atr_mult"": 1.0}}",KURA ONCOLOGY INC,1WK,压力释放,nan-14.32-24.17-23.48-12.49,低-高-低-低,nan%-68.78%-2.85%-46.81%,42.0,69.75
2026-08-31 00:00:00,Long,DEC,15.43,4.61%,13.69,utb,参数一,"{""utb"": {""key_value"": 2, ""atr_period"": 14, ""use_ha"": false}, ""r&s"": {""srb_left"": 10, ""srb_right"": 10}, ""atr"": {""atr_length"": 14, ""atr_mult"": 1.0}}",DIVERSIFIED ENERGY CO,1WK,,,,,,
2026-08-31 00:00:00,Short,DDOG,212.93,-10.15%,268.74,utb,参数一,"{""utb"": {""key_value"": 2, ""atr_period"": 14, ""use_ha"": false}, ""r&s"": {""srb_left"": 10, ""srb_right"": 10}, ""atr"": {""atr_length"": 14, ""atr_mult"": 1.0}}",DATADOG INC - CLASS A,1WK,,,,,,
2026-08-31 00:00:00,Long,SCM,8.78,1.54%,7.95,utb,参数二,"{""utb"": {""key_value"": 3, ""atr_period"": 14, ""use_ha"": false}, ""r&s"": {""srb_left"": 15, ""srb_right"": 15}, ""atr"": {""atr_length"": 14, ""atr_mult"": 1.0}}",STELLUS CAPITAL INVESTMENT C,1WK,,,,,,
2026-08-31 00:00:00,Short,LVLU,11.94,-15.62%,17.62,utb,参数一,"{""utb"": {""key_value"": 2, ""atr_period"": 14, ""use_ha"": false}, ""r&s"": {""srb_left"": 10, ""srb_right"": 10}, ""atr"": {""atr_length"": 14, ""atr_mult"": 1.0}}",LULU'S FASHION LOUNGE HOLDIN,1WK,,,,,,
2026-08-31 00:00:00,Long,GALT,4.61,14.68%,3.15,utb,参数一,"{""utb"": {""key_value"": 2, ""atr_period"": 14, ""use_ha"": false}, ""r&s"": {""srb_left"": 10, ""srb_right"": 10}, ""atr"": {""atr_length"": 14, ""atr_mult"": 1.0}}",GALECTIN THERAPEUTICS INC,1WK,,,,,,
2026-08-31 00:00:00,Long,NAVI,9.63,3.54%,8.47,sqz,参数一,"{""sqz"": {""bb_length"": 15, ""bb_mult"": 1.5, ""kc_length"": 15, ""kc_mult"": 1.2, ""min_sqz_bars"": 4}, ""r&s"": {""srb_left"": 10, ""srb_right"": 10}, ""atr"": {""atr_length"": 14, ""atr_mult"": 1.0}}",NAVIENT CORP,1WK,压力释放,17.0-14.97-14.81-12.74-9.47,低-低-低-低,11.95%-1.00%-14.03%-25.61%,18.0,31.48
2026-08-31 00:00:00,Short,ESE,274.02,-1.06%,301.32,utb,参数二,"{""utb"": {""key_value"": 3, ""atr_period"": 14, ""use_ha"": false}, ""r&s"": {""srb_left"": 15, ""srb_right"": 15}, ""atr"": {""atr_length"": 14, ""atr_mult"": 1.0}}",ESCO TECHNOLOGIES INC,1WK,,,,,,
2026-08-31 00:00:00,Long,POLE,11.12,3.83%,10.61,utb,参数一,"{""utb"": {""key_value"": 2, ""atr_period"": 14, ""use_ha"": false}, ""r&s"": {""srb_left"": 10, ""srb_right"": 10}, ""atr"": {""atr_length"": 14, ""atr_mult"": 1.0}}",ANDRETTI ACQUISITION CORP -A,1WK,,,,,,
2026-08-31 00:00:00,Long,POLE,11.12,3.83%,10.61,utb,参数二,"{""utb"": {""key_value"": 3, ""atr_period"": 14, ""use_ha"": false}, ""r&s"": {""srb_left"": 15, ""srb_right"": 15}, ""atr"": {""atr_length"": 14, ""atr_mult"": 1.0}}",ANDRETTI ACQUISITION CORP -A,1WK,,,,,,
2026-08-31 00:00:00,Long,VTSI,3.09,1.31%,2.6,mfa,参数一,"{""mfa"": {""mfa_all"": 36}}",VIRTRA INC,1WK,,,,,,
2026-08-31 00:00:00,Long,VTSI,3.09,1.31%,2.6,mfa,参数二,"{""mfa"": {""mfa_all"": 36}}",VIRTRA INC,1WK,,,,,,
2026-08-31 00:00:00,Long,AMIX,4.59,-13.72%,0.74,mfa,参数一,"{""mfa"": {""mfa_all"": 98}}",AUTONOMIX MEDICAL INC,1WK,,,,,,
2026-08-31 00:00:00,Long,AMIX,4.59,-13.72%,0.74,mfa,参数二,"{""mfa"": {""mfa_all"": 98}}",AUTONOMIX MEDICAL INC,1WK,,,,,,
2026-08-31 00:00:00,Long,XBIO,4.67,17.34%,3.46,sqz,参数二,"{""sqz"": {""bb_length"": 20, ""bb_mult"": 1.8, ""kc_length"": 20, ""kc_mult"": 1.5, ""min_sqz_bars"": 4}, ""r&s"": {""srb_left"": 15, ""srb_right"": 15}, ""atr"": {""atr_length"": 14, ""atr_mult"": 1.0}}",XENETIC BIOSCIENCES INC,1WK,压力释放,5.97-4.74-5.2-13.93-3.68,低-高-高-低,20.60%-9.70%-167.88%-73.58%,20.0,55.27
2026-08-31 00:00:00,Long,KYNB,8.55,6.61%,6.86,utb,参数一,"{""utb"": {""key_value"": 2, ""atr_period"": 14, ""use_ha"": false}, ""r&s"": {""srb_left"": 10, ""srb_right"": 10}, ""atr"": {""atr_length"": 14, ""atr_mult"": 1.0}}",KYNTRA BIO INC,1WK,,,,,,
2026-08-31 00:00:00,Long,MIR,16.93,17.57%,12.34,mfa,参数一,"{""mfa"": {""mfa_all"": 25}}",MIRION TECHNOLOGIES INC,1WK,,,,,,
2026-08-31 00:00:00,Long,MIR,16.93,17.57%,12.34,mfa,参数二,"{""mfa"": {""mfa_all"": 25}}",MIRION TECHNOLOGIES INC,1WK,,,,,,
2026-08-31 00:00:00,Long,PWP,16.8,-1.06%,14.15,mfa,参数一,"{""mfa"": {""mfa_all"": 14}}",PERELLA WEINBERG PARTNERS,1WK,,,,,,
2026-08-31 00:00:00,Long,PWP,16.8,-1.06%,14.15,mfa,参数二,"{""mfa"": {""mfa_all"": 14}}",PERELLA WEINBERG PARTNERS,1WK,,,,,,
2026-08-31 00:00:00,Long,AIIR,7.3,-2.28%,5.23,mfa,参数一,"{""mfa"": {""mfa_all"": 18}}",AIR HOLDINGS LTD,1WK,,,,,,
2026-08-31 00:00:00,Long,AIIR,7.3,-2.28%,5.23,mfa,参数二,"{""mfa"": {""mfa_all"": 18}}",AIR HOLDINGS LTD,1WK,,,,,,
2026-08-31 00:00:00,Long,DFIN,50.92,5.38%,42.89,utb,参数二,"{""utb"": {""key_value"": 3, ""atr_period"": 14, ""use_ha"": false}, ""r&s"": {""srb_left"": 15, ""srb_right"": 15}, ""atr"": {""atr_length"": 14, ""atr_mult"": 1.0}}",DONNELLEY FINANCIAL SOLUTION,1WK,,,,,,
2026-08-31 00:00:00,Long,MWYN,1.28,1.59%,1.02,utb,参数二,"{""utb"": {""key_value"": 3, ""atr_period"": 14, ""use_ha"": false}, ""r&s"": {""srb_left"": 15, ""srb_right"": 15}, ""atr"": {""atr_length"": 14, ""atr_mult"": 1.0}}",MARWYNN HOLDINGS INC,1WK,,,,,,
2026-08-31 00:00:00,Short,MAMA,15.16,-7.45%,18.37,utb,参数一,"{""utb"": {""key_value"": 2, ""atr_period"": 14, ""use_ha"": false}, ""r&s"": {""srb_left"": 10, ""srb_right"": 10}, ""atr"": {""atr_length"": 14, ""atr_mult"": 1.0}}",MAMA'S CREATIONS INC,1WK,,,,,,
2026-08-31 00:00:00,Long,RNA,14.19,4.03%,11.88,utb,参数一,"{""utb"": {""key_value"": 2, ""atr_period"": 14, ""use_ha"": false}, ""r&s"": {""srb_left"": 10, ""srb_right"": 10}, ""atr"": {""atr_length"": 14, ""atr_mult"": 1.0}}",ATRIUM THERAPEUTICS INC,1WK,,,,,,
2026-08-31 00:00:00,Short,FC,19.02,-6.63%,22.95,utb,参数一,"{""utb"": {""key_value"": 2, ""atr_period"": 14, ""use_ha"": false}, ""r&s"": {""srb_left"": 10, ""srb_right"": 10}, ""atr"": {""atr_length"": 14, ""atr_mult"": 1.0}}",FRANKLIN COVEY CO,1WK,,,,,,
2026-08-31 00:00:00,Short,RARE,15.3,-40.26%,30.67,utb,参数二,"{""utb"": {""key_value"": 3, ""atr_period"": 14, ""use_ha"": false}, ""r&s"": {""srb_left"": 15, ""srb_right"": 15}, ""atr"": {""atr_length"": 14, ""atr_mult"": 1.0}}",ULTRAGENYX PHARMACEUTICAL IN,1WK,,,,,,
2026-08-31 00:00:00,Short,RARE,15.3,-40.26%,30.67,sqz,参数二,"{""sqz"": {""bb_length"": 20, ""bb_mult"": 1.8, ""kc_length"": 20, ""kc_mult"": 1.5, ""min_sqz_bars"": 4}, ""r&s"": {""srb_left"": 15, ""srb_right"": 15}, ""atr"": {""atr_length"": 14, ""atr_mult"": 1.0}}",ULTRAGENYX PHARMACEUTICAL IN,1WK,一直释放,35.72-31.52-37.02-25.81-18.29,低-高-低-低,11.76%-17.45%-30.28%-29.14%,23.0,99.95
2026-08-31 00:00:00,Long,TVGN,7.34,6.53%,4.56,mfa,参数一,"{""mfa"": {""mfa_all"": 57}}",TEVOGEN INC,1WK,,,,,,
2026-08-31 00:00:00,Long,TVGN,7.34,6.53%,4.56,mfa,参数二,"{""mfa"": {""mfa_all"": 57}}",TEVOGEN INC,1WK,,,,,,
2026-08-31 00:00:00,Short,BBAI,2.92,-4.26%,3.7,sqz,参数一,"{""sqz"": {""bb_length"": 15, ""bb_mult"": 1.5, ""kc_length"": 15, ""kc_mult"": 1.2, ""min_sqz_bars"": 4}, ""r&s"": {""srb_left"": 10, ""srb_right"": 10}, ""atr"": {""atr_length"": 14, ""atr_mult"": 1.0}}",BIGBEAR.AI HOLDINGS INC,1WK,一直亮红,1.16-1.16-2.36-4.65-3.01,高-高-高-低,0.43%-102.58%-97.03%-35.27%,22.0,81.4
2026-08-31 00:00:00,Long,CBIO,20.88,17.63%,12.99,utb,参数一,"{""utb"": {""key_value"": 2, ""atr_period"": 14, ""use_ha"": false}, ""r&s"": {""srb_left"": 10, ""srb_right"": 10}, ""atr"": {""atr_length"": 14, ""atr_mult"": 1.0}}",CRESCENT BIOPHARMA INC,1WK,,,,,,
2026-08-31 00:00:00,Short,ENOV,18.56,-25.46%,28.31,utb,参数一,"{""utb"": {""key_value"": 2, ""atr_period"": 14, ""use_ha"": false}, ""r&s"": {""srb_left"": 10, ""srb_right"": 10}, ""atr"": {""atr_length"": 14, ""atr_mult"": 1.0}}",ENOVIS CORP,1WK,,,,,,
2026-08-31 00:00:00,Short,XTIA,1.06,-21.48%,1.77,sqz,参数一,"{""sqz"": {""bb_length"": 15, ""bb_mult"": 1.5, ""kc_length"": 15, ""kc_mult"": 1.2, ""min_sqz_bars"": 4}, ""r&s"": {""srb_left"": 10, ""srb_right"": 10}, ""atr"": {""atr_length"": 14, ""atr_mult"": 1.0}}",XTI AEROSPACE INC,1WK,支撑释放,nan-2700.0-0.96-1.22,低-低-高,nan%-99.96%-27.08%,35.0,161.48
2026-08-31 00:00:00,Long,TDW,94.26,1.77%,83.97,sqz,参数一,"{""sqz"": {""bb_length"": 15, ""bb_mult"": 1.5, ""kc_length"": 15, ""kc_mult"": 1.2, ""min_sqz_bars"": 4}, ""r&s"": {""srb_left"": 10, ""srb_right"": 10}, ""atr"": {""atr_length"": 14, ""atr_mult"": 1.0}}",TIDEWATER INC,1WK,一直亮绿,51.88-73.55-111.42-64.07-93.13,高-高-低-高,41.77%-51.49%-42.50%-45.36%,18.0,48.51
2026-08-31 00:00:00,Long,UFCS,55.98,4.08%,50.49,sqz,参数一,"{""sqz"": {""bb_length"": 15, ""bb_mult"": 1.5, ""kc_length"": 15, ""kc_mult"": 1.2, ""min_sqz_bars"": 4}, ""r&s"": {""srb_left"": 10, ""srb_right"": 10}, ""atr"": {""atr_length"": 14, ""atr_mult"": 1.0}}",UNITED FIRE GROUP INC,1WK,一直释放,29.88-22.73-24.15-30.79-29.22,低-高-高-低,23.92%-6.24%-27.51%-5.08%,74.0,19.63
2026-08-31 00:00:00,Long,CTNM,16.7,-2.05%,13.76,sqz,参数一,"{""sqz"": {""bb_length"": 15, ""bb_mult"": 1.5, ""kc_length"": 15, ""kc_mult"": 1.2, ""min_sqz_bars"": 4}, ""r&s"": {""srb_left"": 10, ""srb_right"": 10}, ""atr"": {""atr_length"": 14, ""atr_mult"": 1.0}}",CONTINEUM THERAPEUTICS INC-A,1WK,压力释放,nan-22.0-13.49-16.33,低-低-高,nan%-38.68%-21.05%,27.0,46.2
2026-08-31 00:00:00,Long,WSHP,5.04,-4.73%,-3.54,mfa,参数一,"{""mfa"": {""mfa_all"": 28}}",WESHOP HOLDINGS LTD-CL A,1WK,,,,,,
2026-08-31 00:00:00,Long,WSHP,5.04,-4.73%,-3.54,mfa,参数二,"{""mfa"": {""mfa_all"": 28}}",WESHOP HOLDINGS LTD-CL A,1WK,,,,,,
2026-08-31 00:00:00,Long,SSRM,37.15,-0.38%,31.66,sqz,参数二,"{""sqz"": {""bb_length"": 20, ""bb_mult"": 1.8, ""kc_length"": 20, ""kc_mult"": 1.5, ""min_sqz_bars"": 4}, ""r&s"": {""srb_left"": 15, ""srb_right"": 15}, ""atr"": {""atr_length"": 14, ""atr_mult"": 1.0}}",SSR MINING INC,1WK,压力释放,nan-17.52-36.49,低-高,nan%-108.30%,21.0,51.1
2026-08-31 00:00:00,Long,GERN,1.57,3.97%,1.26,utb,参数一,"{""utb"": {""key_value"": 2, ""atr_period"": 14, ""use_ha"": false}, ""r&s"": {""srb_left"": 10, ""srb_right"": 10}, ""atr"": {""atr_length"": 14, ""atr_mult"": 1.0}}",GERON CORP,1WK,,,,,,
2026-08-31 00:00:00,Short,IBIO,1.31,-3.68%,1.66,utb,参数二,"{""utb"": {""key_value"": 3, ""atr_period"": 14, ""use_ha"": false}, ""r&s"": {""srb_left"": 15, ""srb_right"": 15}, ""atr"": {""atr_length"": 14, ""atr_mult"": 1.0}}",IBIO INC,1WK,,,,,,
2026-08-31 00:00:00,Short,SCOR,5.17,0.19%,6.91,sqz,参数一,"{""sqz"": {""bb_length"": 15, ""bb_mult"": 1.5, ""kc_length"": 15, ""kc_mult"": 1.2, ""min_sqz_bars"": 4}, ""r&s"": {""srb_left"": 10, ""srb_right"": 10}, ""atr"": {""atr_length"": 14, ""atr_mult"": 1.0}}",COMSCORE INC,1WK,支撑释放,9.6-4.89-4.39-6.1-6.13,低-低-高-高,49.06%-10.22%-38.95%-0.49%,15.0,48.45
2026-08-31 00:00:00,Long,EFOR,32.55,1.88%,26.18,mfa,参数一,"{""mfa"": {""mfa_all"": 27}}",EVERFORTH INC,1WK,,,,,,
2026-08-31 00:00:00,Long,EFOR,32.55,1.88%,26.18,mfa,参数二,"{""mfa"": {""mfa_all"": 27}}",EVERFORTH INC,1WK,,,,,,
2026-08-31 00:00:00,Short,CBT,81.48,-2.59%,89.68,utb,参数一,"{""utb"": {""key_value"": 2, ""atr_period"": 14, ""use_ha"": false}, ""r&s"": {""srb_left"": 10, ""srb_right"": 10}, ""atr"": {""atr_length"": 14, ""atr_mult"": 1.0}}",CABOT CORP,1WK,,,,,,
2026-08-31 00:00:00,Long,ZD,55.7,-0.21%,50.82,sqz,参数二,"{""sqz"": {""bb_length"": 20, ""bb_mult"": 1.8, ""kc_length"": 20, ""kc_mult"": 1.5, ""min_sqz_bars"": 4}, ""r&s"": {""srb_left"": 15, ""srb_right"": 15}, ""atr"": {""atr_length"": 14, ""atr_mult"": 1.0}}",ZIFF DAVIS INC,1WK,一直释放,nan-70.9-60.62-40.14-50.55,低-低-低-高,nan%-14.50%-33.78%-25.93%,26.0,93.38
2026-08-31 00:00:00,Long,LDOS,133.05,-5.41%,120.71,mfa,参数一,"{""mfa"": {""mfa_all"": 24}}",LEIDOS HOLDINGS INC,1WK,,,,,,
2026-08-31 00:00:00,Long,LDOS,133.05,-5.41%,120.71,mfa,参数二,"{""mfa"": {""mfa_all"": 24}}",LEIDOS HOLDINGS INC,1WK,,,,,,
2026-08-31 00:00:00,Long,FERA,10.52,0.29%,10.46,sqz,参数二,"{""sqz"": {""bb_length"": 20, ""bb_mult"": 1.8, ""kc_length"": 20, ""kc_mult"": 1.5, ""min_sqz_bars"": 4}, ""r&s"": {""srb_left"": 15, ""srb_right"": 15}, ""atr"": {""atr_length"": 14, ""atr_mult"": 1.0}}",FIFTH ERA ACQUISITION CORP-A,1WK,一直释放,nan-10.5,低,nan%,46.0,2.94
2026-08-31 00:00:00,Long,AGCO,133.4,17.65%,105.91,utb,参数一,"{""utb"": {""key_value"": 2, ""atr_period"": 14, ""use_ha"": false}, ""r&s"": {""srb_left"": 10, ""srb_right"": 10}, ""atr"": {""atr_length"": 14, ""atr_mult"": 1.0}}",AGCO CORP,1WK,,,,,,
2026-08-31 00:00:00,Long,AGCO,133.4,17.65%,105.91,utb,参数二,"{""utb"": {""key_value"": 3, ""atr_period"": 14, ""use_ha"": false}, ""r&s"": {""srb_left"": 15, ""srb_right"": 15}, ""atr"": {""atr_length"": 14, ""atr_mult"": 1.0}}",AGCO CORP,1WK,,,,,,
2026-08-31 00:00:00,Short,ELVA,6.9,3.76%,8.5,sqz,参数一,"{""sqz"": {""bb_length"": 15, ""bb_mult"": 1.5, ""kc_length"": 15, ""kc_mult"": 1.2, ""min_sqz_bars"": 4}, ""r&s"": {""srb_left"": 10, ""srb_right"": 10}, ""atr"": {""atr_length"": 14, ""atr_mult"": 1.0}}",ELECTROVAYA INC,1WK,支撑释放,1.67-1.73-1.8-4.1-7.05,高-高-高-高,3.59%-4.05%-127.78%-71.95%,22.0,81.28
2026-08-31 00:00:00,Short,DBI,5.26,-4.19%,6.4,utb,参数二,"{""utb"": {""key_value"": 3, ""atr_period"": 14, ""use_ha"": false}, ""r&s"": {""srb_left"": 15, ""srb_right"": 15}, ""atr"": {""atr_length"": 14, ""atr_mult"": 1.0}}",DESIGNER BRANDS INC-CLASS A,1WK,,,,,,
2026-08-31 00:00:00,Long,EMBC,5.8,14.85%,4.11,utb,参数二,"{""utb"": {""key_value"": 3, ""atr_period"": 14, ""use_ha"": false}, ""r&s"": {""srb_left"": 15, ""srb_right"": 15}, ""atr"": {""atr_length"": 14, ""atr_mult"": 1.0}}",EMBECTA CORP,1WK,,,,,,
2026-08-31 00:00:00,Long,SLDP,2.52,7.94%,1.8,mfa,参数一,"{""mfa"": {""mfa_all"": 24}}",SOLID POWER INC,1WK,,,,,,
2026-08-31 00:00:00,Long,SLDP,2.52,7.94%,1.8,mfa,参数二,"{""mfa"": {""mfa_all"": 24}}",SOLID POWER INC,1WK,,,,,,
2026-08-31 00:00:00,Long,ICMB,0.89,5.10%,0.64,mfa,参数一,"{""mfa"": {""mfa_all"": 26}}",INVESTCORP CREDIT MANAGEMENT,1WK,,,,,,
2026-08-31 00:00:00,Long,ICMB,0.89,5.10%,0.64,mfa,参数二,"{""mfa"": {""mfa_all"": 26}}",INVESTCORP CREDIT MANAGEMENT,1WK,,,,,,
2026-08-31 00:00:00,Long,LB,86.53,-0.47%,76.09,sqz,参数一,"{""sqz"": {""bb_length"": 15, ""bb_mult"": 1.5, ""kc_length"": 15, ""kc_mult"": 1.2, ""min_sqz_bars"": 4}, ""r&s"": {""srb_left"": 10, ""srb_right"": 10}, ""atr"": {""atr_length"": 14, ""atr_mult"": 1.0}}",LANDBRIDGE CO LLC-A,1WK,压力释放,nan-83.77-86.77-85.07,低-高-低,nan%-3.58%-1.96%,42.0,95.33
2026-08-31 00:00:00,Long,BNED,12.72,6.27%,10.34,sqz,参数二,"{""sqz"": {""bb_length"": 20, ""bb_mult"": 1.8, ""kc_length"": 20, ""kc_mult"": 1.5, ""min_sqz_bars"": 4}, ""r&s"": {""srb_left"": 15, ""srb_right"": 15}, ""atr"": {""atr_length"": 14, ""atr_mult"": 1.0}}",BARNES & NOBLE EDUCATION INC,1WK,一直释放,222.59-224.58-134.15-14.31-12.13,高-低-低-低,0.89%-40.27%-89.33%-15.24%,62.0,106.95
2026-08-31 00:00:00,Short,SCKT,0.61,-7.67%,0.94,utb,参数一,"{""utb"": {""key_value"": 2, ""atr_period"": 14, ""use_ha"": false}, ""r&s"": {""srb_left"": 10, ""srb_right"": 10}, ""atr"": {""atr_length"": 14, ""atr_mult"": 1.0}}",SOCKET MOBILE INC,1WK,,,,,,
2026-08-31 00:00:00,Short,BURL,265.33,-2.79%,297.73,sqz,参数一,"{""sqz"": {""bb_length"": 15, ""bb_mult"": 1.5, ""kc_length"": 15, ""kc_mult"": 1.2, ""min_sqz_bars"": 4}, ""r&s"": {""srb_left"": 10, ""srb_right"": 10}, ""atr"": {""atr_length"": 14, ""atr_mult"": 1.0}}",BURLINGTON STORES INC,1WK,支撑释放,174.64-242.21-212.92-240.49-280.0,高-低-高-高,38.69%-12.09%-12.95%-16.43%,14.0,35.12
2026-08-31 00:00:00,Long,BLKB,47.1,-3.13%,41.78,mfa,参数一,"{""mfa"": {""mfa_all"": 44}}",BLACKBAUD INC,1WK,,,,,,
2026-08-31 00:00:00,Long,BLKB,47.1,-3.13%,41.78,mfa,参数二,"{""mfa"": {""mfa_all"": 44}}",BLACKBAUD INC,1WK,,,,,,
2026-08-31 00:00:00,Long,BLZR,10.22,0.20%,10.16,sqz,参数一,"{""sqz"": {""bb_length"": 15, ""bb_mult"": 1.5, ""kc_length"": 15, ""kc_mult"": 1.2, ""min_sqz_bars"": 4}, ""r&s"": {""srb_left"": 10, ""srb_right"": 10}, ""atr"": {""atr_length"": 14, ""atr_mult"": 1.0}}",TRAILBLAZER ACQUISITION-CL A,1WK,一直释放,nan-10.12,低,nan%,30.0,1.2
2026-08-31 00:00:00,Short,TCMD,21.87,-5.57%,26.12,utb,参数二,"{""utb"": {""key_value"": 3, ""atr_period"": 14, ""use_ha"": false}, ""r&s"": {""srb_left"": 15, ""srb_right"": 15}, ""atr"": {""atr_length"": 14, ""atr_mult"": 1.0}}",TACTILE SYSTEMS TECHNOLOGY I,1WK,,,,,,
2026-08-31 00:00:00,Long,CRK,15.26,6.79%,12.63,mfa,参数一,"{""mfa"": {""mfa_all"": 18}}",COMSTOCK RESOURCES INC,1WK,,,,,,
2026-08-31 00:00:00,Long,CRK,15.26,6.79%,12.63,mfa,参数二,"{""mfa"": {""mfa_all"": 18}}",COMSTOCK RESOURCES INC,1WK,,,,,,
2026-08-31 00:00:00,Long,LATA,10.21,0.28%,10.15,utb,参数一,"{""utb"": {""key_value"": 2, ""atr_period"": 14, ""use_ha"": false}, ""r&s"": {""srb_left"": 10, ""srb_right"": 10}, ""atr"": {""atr_length"": 14, ""atr_mult"": 1.0}}",GALATA ACQU CORP II - CL A,1WK,,,,,,
2026-08-31 00:00:00,Long,LATA,10.21,0.28%,10.15,sqz,参数一,"{""sqz"": {""bb_length"": 15, ""bb_mult"": 1.5, ""kc_length"": 15, ""kc_mult"": 1.2, ""min_sqz_bars"": 4}, ""r&s"": {""srb_left"": 10, ""srb_right"": 10}, ""atr"": {""atr_length"": 14, ""atr_mult"": 1.0}}",GALATA ACQU CORP II - CL A,1WK,一直释放,nan-10.13,低,nan%,30.0,2.22
2026-08-31 00:00:00,Short,CALM,74.63,-6.96%,87.01,utb,参数一,"{""utb"": {""key_value"": 2, ""atr_period"": 14, ""use_ha"": false}, ""r&s"": {""srb_left"": 10, ""srb_right"": 10}, ""atr"": {""atr_length"": 14, ""atr_mult"": 1.0}}",CAL-MAINE FOODS INC,1WK,,,,,,
2026-08-31 00:00:00,Long,PYPD,5.39,6.31%,4.41,utb,参数一,"{""utb"": {""key_value"": 2, ""atr_period"": 14, ""use_ha"": false}, ""r&s"": {""srb_left"": 10, ""srb_right"": 10}, ""atr"": {""atr_length"": 14, ""atr_mult"": 1.0}}",POLYPID LTD,1WK,,,,,,
2026-08-31 00:00:00,Long,HRMY,42.25,7.75%,35.87,sqz,参数二,"{""sqz"": {""bb_length"": 20, ""bb_mult"": 1.8, ""kc_length"": 20, ""kc_mult"": 1.5, ""min_sqz_bars"": 4}, ""r&s"": {""srb_left"": 15, ""srb_right"": 15}, ""atr"": {""atr_length"": 14, ""atr_mult"": 1.0}}",HARMONY BIOSCIENCES HOLDINGS,1WK,一直亮绿,nan-39.26-35.4-41.61-40.87,低-低-高-低,nan%-9.86%-17.56%-1.78%,37.0,57.79
2026-08-31 00:00:00,Short,YARW,30.21,-18.35%,44.04,utb,参数一,"{""utb"": {""key_value"": 2, ""atr_period"": 14, ""use_ha"": false}, ""r&s"": {""srb_left"": 10, ""srb_right"": 10}, ""atr"": {""atr_length"": 14, ""atr_mult"": 1.0}}",YARROW BIOSCIENCE INC,1WK,,,,,,
2026-08-31 00:00:00,Long,AVIR,5.83,8.77%,4.77,utb,参数二,"{""utb"": {""key_value"": 3, ""atr_period"": 14, ""use_ha"": false}, ""r&s"": {""srb_left"": 15, ""srb_right"": 15}, ""atr"": {""atr_length"": 14, ""atr_mult"": 1.0}}",ATEA PHARMACEUTICALS INC,1WK,,,,,,
2026-08-31 00:00:00,Long,SSB,107.98,1.89%,98.96,sqz,参数二,"{""sqz"": {""bb_length"": 20, ""bb_mult"": 1.8, ""kc_length"": 20, ""kc_mult"": 1.5, ""min_sqz_bars"": 4}, ""r&s"": {""srb_left"": 15, ""srb_right"": 15}, ""atr"": {""atr_length"": 14, ""atr_mult"": 1.0}}",SOUTHSTATE BANK CORP,1WK,一直亮绿,73.42-82.13-109.52-102.43-107.14,高-高-低-高,11.86%-33.36%-6.48%-4.60%,30.0,23.98
2026-08-31 00:00:00,Short,AURE,1.47,-7.17%,2.11,sqz,参数一,"{""sqz"": {""bb_length"": 15, ""bb_mult"": 1.5, ""kc_length"": 15, ""kc_mult"": 1.2, ""min_sqz_bars"": 4}, ""r&s"": {""srb_left"": 10, ""srb_right"": 10}, ""atr"": {""atr_length"": 14, ""atr_mult"": 1.0}}",AURELION INC,1WK,一直亮红,nan-6.68-3.1-1.5,低-低-低,nan%-53.59%-51.61%,27.0,135.33
2026-08-31 00:00:00,Short,AURE,1.47,-7.17%,2.11,sqz,参数二,"{""sqz"": {""bb_length"": 20, ""bb_mult"": 1.8, ""kc_length"": 20, ""kc_mult"": 1.5, ""min_sqz_bars"": 4}, ""r&s"": {""srb_left"": 15, ""srb_right"": 15}, ""atr"": {""atr_length"": 14, ""atr_mult"": 1.0}}",AURELION INC,1WK,一直亮红,nan-6.68-3.1-1.5,低-低-低,nan%-53.59%-51.61%,27.0,135.33
2026-08-31 00:00:00,Long,JANX,20.24,12.26%,16.04,utb,参数二,"{""utb"": {""key_value"": 3, ""atr_period"": 14, ""use_ha"": false}, ""r&s"": {""srb_left"": 15, ""srb_right"": 15}, ""atr"": {""atr_length"": 14, ""atr_mult"": 1.0}}",JANUX THERAPEUTICS INC,1WK,,,,,,
2026-08-31 00:00:00,Short,FSLY,20.59,-10.63%,27.28,utb,参数一,"{""utb"": {""key_value"": 2, ""atr_period"": 14, ""use_ha"": false}, ""r&s"": {""srb_left"": 10, ""srb_right"": 10}, ""atr"": {""atr_length"": 14, ""atr_mult"": 1.0}}",FASTLY INC - CLASS A,1WK,,,,,,
2026-08-31 00:00:00,Long,EG,380.87,0.86%,357.07,sqz,参数二,"{""sqz"": {""bb_length"": 20, ""bb_mult"": 1.8, ""kc_length"": 20, ""kc_mult"": 1.5, ""min_sqz_bars"": 4}, ""r&s"": {""srb_left"": 15, ""srb_right"": 15}, ""atr"": {""atr_length"": 14, ""atr_mult"": 1.0}}",EVEREST GROUP LTD,1WK,一直释放,nan-399.23-395.74-363.83,低-低-低,nan%-0.87%-8.06%,47.0,21.77
2026-08-31 00:00:00,Long,MNDR,1.42,-8.39%,-0.22,mfa,参数一,"{""mfa"": {""mfa_all"": 76}}",MOBILE-HEALTH NETWORK SOLUTI,1WK,,,,,,
2026-08-31 00:00:00,Long,MNDR,1.42,-8.39%,-0.22,mfa,参数二,"{""mfa"": {""mfa_all"": 76}}",MOBILE-HEALTH NETWORK SOLUTI,1WK,,,,,,
2026-08-31 00:00:00,Long,MAT,14.53,-4.03%,13.06,mfa,参数一,"{""mfa"": {""mfa_all"": 30}}",MATTEL INC,1WK,,,,,,
2026-08-31 00:00:00,Long,MAT,14.53,-4.03%,13.06,mfa,参数二,"{""mfa"": {""mfa_all"": 30}}",MATTEL INC,1WK,,,,,,
2026-08-31 00:00:00,Long,SOCA,10.35,0.19%,10.3,sqz,参数一,"{""sqz"": {""bb_length"": 15, ""bb_mult"": 1.5, ""kc_length"": 15, ""kc_mult"": 1.2, ""min_sqz_bars"": 4}, ""r&s"": {""srb_left"": 10, ""srb_right"": 10}, ""atr"": {""atr_length"": 14, ""atr_mult"": 1.0}}",SOLARIUS CAPITAL ACQUIS-CL A,1WK,一直释放,nan-10.15,低,nan%,40.0,1.4
2026-08-31 00:00:00,Short,CYN,0.9,-13.66%,1.91,sqz,参数二,"{""sqz"": {""bb_length"": 20, ""bb_mult"": 1.8, ""kc_length"": 20, ""kc_mult"": 1.5, ""min_sqz_bars"": 4}, ""r&s"": {""srb_left"": 15, ""srb_right"": 15}, ""atr"": {""atr_length"": 14, ""atr_mult"": 1.0}}",CYNGN INC,1WK,一直释放,nan-3.62,低,nan%,77.0,1047.51
2026-08-31 00:00:00,Short,FNF,45.78,-3.72%,50.39,utb,参数一,"{""utb"": {""key_value"": 2, ""atr_period"": 14, ""use_ha"": false}, ""r&s"": {""srb_left"": 10, ""srb_right"": 10}, ""atr"": {""atr_length"": 14, ""atr_mult"": 1.0}}",FIDELITY NATIONAL FINANCIAL,1WK,,,,,,
2026-08-31 00:00:00,Short,TTWO,214.69,-8.79%,252.43,utb,参数一,"{""utb"": {""key_value"": 2, ""atr_period"": 14, ""use_ha"": false}, ""r&s"": {""srb_left"": 10, ""srb_right"": 10}, ""atr"": {""atr_length"": 14, ""atr_mult"": 1.0}}",TAKE-TWO INTERACTIVE SOFTWRE,1WK,,,,,,
2026-08-31 00:00:00,Short,RFAI,41.5,-20.27%,65.93,utb,参数一,"{""utb"": {""key_value"": 2, ""atr_period"": 14, ""use_ha"": false}, ""r&s"": {""srb_left"": 10, ""srb_right"": 10}, ""atr"": {""atr_length"": 14, ""atr_mult"": 1.0}}",RF ACQUISITION CORP II,1WK,,,,,,
2026-08-31 00:00:00,Short,RFAI,41.5,-20.27%,65.93,utb,参数二,"{""utb"": {""key_value"": 3, ""atr_period"": 14, ""use_ha"": false}, ""r&s"": {""srb_left"": 15, ""srb_right"": 15}, ""atr"": {""atr_length"": 14, ""atr_mult"": 1.0}}",RF ACQUISITION CORP II,1WK,,,,,,
2026-08-31 00:00:00,Long,DG,133.21,8.40%,113.0,utb,参数二,"{""utb"": {""key_value"": 3, ""atr_period"": 14, ""use_ha"": false}, ""r&s"": {""srb_left"": 15, ""srb_right"": 15}, ""atr"": {""atr_length"": 14, ""atr_mult"": 1.0}}",DOLLAR GENERAL CORP,1WK,,,,,,
2026-08-31 00:00:00,Long,REGN,827.72,4.22%,729.21,sqz,参数一,"{""sqz"": {""bb_length"": 15, ""bb_mult"": 1.5, ""kc_length"": 15, ""kc_mult"": 1.2, ""min_sqz_bars"": 4}, ""r&s"": {""srb_left"": 10, ""srb_right"": 10}, ""atr"": {""atr_length"": 14, ""atr_mult"": 1.0}}",REGENERON PHARMACEUTICALS,1WK,一直亮绿,829.72-989.0-1199.88-742.25-817.95,高-高-低-高,19.20%-21.32%-38.14%-10.20%,34.0,38.44
2026-08-31 00:00:00,Long,REGN,827.72,4.22%,729.21,sqz,参数二,"{""sqz"": {""bb_length"": 20, ""bb_mult"": 1.8, ""kc_length"": 20, ""kc_mult"": 1.5, ""min_sqz_bars"": 4}, ""r&s"": {""srb_left"": 15, ""srb_right"": 15}, ""atr"": {""atr_length"": 14, ""atr_mult"": 1.0}}",REGENERON PHARMACEUTICALS,1WK,一直亮绿,nan-829.72-1199.88-817.95,低-高-低,nan%-44.61%-31.83%,34.0,38.44
2026-08-31 00:00:00,Short,REYN,21.85,-9.15%,25.8,utb,参数二,"{""utb"": {""key_value"": 3, ""atr_period"": 14, ""use_ha"": false}, ""r&s"": {""srb_left"": 15, ""srb_right"": 15}, ""atr"": {""atr_length"": 14, ""atr_mult"": 1.0}}",REYNOLDS CONSUMER PRODUCTS I,1WK,,,,,,
2026-08-31 00:00:00,Short,UNFI,43.93,-4.08%,49.98,utb,参数二,"{""utb"": {""key_value"": 3, ""atr_period"": 14, ""use_ha"": false}, ""r&s"": {""srb_left"": 15, ""srb_right"": 15}, ""atr"": {""atr_length"": 14, ""atr_mult"": 1.0}}",UNITED NATURAL FOODS INC,1WK,,,,,,
2026-08-31 00:00:00,Long,CNDT,1.94,12.79%,1.45,utb,参数一,"{""utb"": {""key_value"": 2, ""atr_period"": 14, ""use_ha"": false}, ""r&s"": {""srb_left"": 10, ""srb_right"": 10}, ""atr"": {""atr_length"": 14, ""atr_mult"": 1.0}}",CONDUENT INC,1WK,,,,,,
2026-08-31 00:00:00,Long,CNDT,1.94,12.79%,1.45,utb,参数二,"{""utb"": {""key_value"": 3, ""atr_period"": 14, ""use_ha"": false}, ""r&s"": {""srb_left"": 15, ""srb_right"": 15}, ""atr"": {""atr_length"": 14, ""atr_mult"": 1.0}}",CONDUENT INC,1WK,,,,,,
2026-08-31 00:00:00,Short,EVCM,7.92,-13.91%,10.69,sqz,参数一,"{""sqz"": {""bb_length"": 15, ""bb_mult"": 1.5, ""kc_length"": 15, ""kc_mult"": 1.2, ""min_sqz_bars"": 4}, ""r&s"": {""srb_left"": 10, ""srb_right"": 10}, ""atr"": {""atr_length"": 14, ""atr_mult"": 1.0}}",EVERCOMMERCE INC,1WK,支撑释放,6.22-8.1-7.66-9.06-8.55,高-低-高-低,30.23%-5.43%-18.28%-5.68%,11.0,48.16
2026-08-31 00:00:00,Short,EVCM,7.92,-13.91%,10.69,utb,参数二,"{""utb"": {""key_value"": 3, ""atr_period"": 14, ""use_ha"": false}, ""r&s"": {""srb_left"": 15, ""srb_right"": 15}, ""atr"": {""atr_length"": 14, ""atr_mult"": 1.0}}",EVERCOMMERCE INC,1WK,,,,,,
2026-08-31 00:00:00,Long,QRVO,102.84,8.56%,86.72,utb,参数一,"{""utb"": {""key_value"": 2, ""atr_period"": 14, ""use_ha"": false}, ""r&s"": {""srb_left"": 10, ""srb_right"": 10}, ""atr"": {""atr_length"": 14, ""atr_mult"": 1.0}}",QORVO INC,1WK,,,,,,
2026-08-31 00:00:00,Long,FAC,5.21,6.11%,3.01,mfa,参数一,"{""mfa"": {""mfa_all"": 16}}",FACTORIAL ENERGY INC,1WK,,,,,,
2026-08-31 00:00:00,Long,FAC,5.21,6.11%,3.01,mfa,参数二,"{""mfa"": {""mfa_all"": 16}}",FACTORIAL ENERGY INC,1WK,,,,,,
2026-08-31 00:00:00,Short,MAR,336.51,-4.15%,368.8,utb,参数二,"{""utb"": {""key_value"": 3, ""atr_period"": 14, ""use_ha"": false}, ""r&s"": {""srb_left"": 15, ""srb_right"": 15}, ""atr"": {""atr_length"": 14, ""atr_mult"": 1.0}}",MARRIOTT INTERNATIONAL -CL A,1WK,,,,,,
2026-08-31 00:00:00,Long,GSM,4.67,14.74%,3.5,utb,参数二,"{""utb"": {""key_value"": 3, ""atr_period"": 14, ""use_ha"": false}, ""r&s"": {""srb_left"": 15, ""srb_right"": 15}, ""atr"": {""atr_length"": 14, ""atr_mult"": 1.0}}",FERROGLOBE PLC,1WK,,,,,,
2026-08-31 00:00:00,Long,DBRG,15.93,0.00%,15.68,sqz,参数二,"{""sqz"": {""bb_length"": 20, ""bb_mult"": 1.8, ""kc_length"": 20, ""kc_mult"": 1.5, ""min_sqz_bars"": 4}, ""r&s"": {""srb_left"": 15, ""srb_right"": 15}, ""atr"": {""atr_length"": 14, ""atr_mult"": 1.0}}",DIGITALBRIDGE GROUP INC,1WK,一直释放,nan-18.27-20.83-17.23-15.52,低-高-低-低,nan%-13.99%-17.27%-9.93%,38.0,22.63
2026-08-31 00:00:00,Long,FTI,79.84,5.27%,71.39,sqz,参数一,"{""sqz"": {""bb_length"": 15, ""bb_mult"": 1.5, ""kc_length"": 15, ""kc_mult"": 1.2, ""min_sqz_bars"": 4}, ""r&s"": {""srb_left"": 10, ""srb_right"": 10}, ""atr"": {""atr_length"": 14, ""atr_mult"": 1.0}}",TECHNIPFMC PLC,1WK,压力释放,15.7-22.37-29.5-33.18-77.68,高-高-高-高,42.50%-31.87%-12.47%-134.10%,18.0,22.33
2026-08-31 00:00:00,Long,LVWR,1.28,-5.19%,0.54,mfa,参数一,"{""mfa"": {""mfa_all"": 34}}",LIVEWIRE GROUP INC,1WK,,,,,,
2026-08-31 00:00:00,Long,LVWR,1.28,-5.19%,0.54,mfa,参数二,"{""mfa"": {""mfa_all"": 34}}",LIVEWIRE GROUP INC,1WK,,,,,,
2026-08-31 00:00:00,Long,NMG,1.4,-2.78%,1.12,mfa,参数一,"{""mfa"": {""mfa_all"": 22}}",NOUVEAU MONDE GRAPHITE INC,1WK,,,,,,
2026-08-31 00:00:00,Long,NMG,1.4,-2.78%,1.12,mfa,参数二,"{""mfa"": {""mfa_all"": 22}}",NOUVEAU MONDE GRAPHITE INC,1WK,,,,,,
2026-08-31 00:00:00,Long,BCAL,21.9,2.96%,20.02,sqz,参数二,"{""sqz"": {""bb_length"": 20, ""bb_mult"": 1.8, ""kc_length"": 20, ""kc_mult"": 1.5, ""min_sqz_bars"": 4}, ""r&s"": {""srb_left"": 15, ""srb_right"": 15}, ""atr"": {""atr_length"": 14, ""atr_mult"": 1.0}}",CALIFORNIA BANCORP,1WK,一直释放,nan-16.78-17.71-18.2-20.14,低-高-高-高,nan%-5.57%-2.72%-10.71%,38.0,20.71
2026-08-31 00:00:00,Long,SCYX,5.3,-1.67%,4.14,mfa,参数一,"{""mfa"": {""mfa_all"": 13}}",SCYNEXIS INC,1WK,,,,,,
2026-08-31 00:00:00,Long,SCYX,5.3,-1.67%,4.14,mfa,参数二,"{""mfa"": {""mfa_all"": 13}}",SCYNEXIS INC,1WK,,,,,,
2026-08-31 00:00:00,Long,OKYO,1.57,-5.99%,1.28,mfa,参数一,"{""mfa"": {""mfa_all"": 30}}",OKYO PHARMA LTD,1WK,,,,,,
2026-08-31 00:00:00,Long,OKYO,1.57,-5.99%,1.28,mfa,参数二,"{""mfa"": {""mfa_all"": 30}}",OKYO PHARMA LTD,1WK,,,,,,
2026-08-31 00:00:00,Short,MIDD,111.75,-0.89%,123.46,utb,参数二,"{""utb"": {""key_value"": 3, ""atr_period"": 14, ""use_ha"": false}, ""r&s"": {""srb_left"": 15, ""srb_right"": 15}, ""atr"": {""atr_length"": 14, ""atr_mult"": 1.0}}",MIDDLEBY CORP,1WK,,,,,,
2026-08-31 00:00:00,Long,BXC,81.81,3.01%,64.59,sqz,参数一,"{""sqz"": {""bb_length"": 15, ""bb_mult"": 1.5, ""kc_length"": 15, ""kc_mult"": 1.2, ""min_sqz_bars"": 4}, ""r&s"": {""srb_left"": 10, ""srb_right"": 10}, ""atr"": {""atr_length"": 14, ""atr_mult"": 1.0}}",BLUELINX HOLDINGS INC,1WK,一直亮绿,132.67-125.98-134.79-88.3-81.02,低-高-低-低,5.04%-6.99%-34.49%-8.24%,29.0,80.93
2026-08-31 00:00:00,Long,BXC,81.81,3.01%,64.59,sqz,参数二,"{""sqz"": {""bb_length"": 20, ""bb_mult"": 1.8, ""kc_length"": 20, ""kc_mult"": 1.5, ""min_sqz_bars"": 4}, ""r&s"": {""srb_left"": 15, ""srb_right"": 15}, ""atr"": {""atr_length"": 14, ""atr_mult"": 1.0}}",BLUELINX HOLDINGS INC,1WK,一直亮绿,98.33-132.67-134.79-88.3-81.02,高-高-低-低,34.92%-1.60%-34.49%-8.24%,29.0,80.93
2026-08-31 00:00:00,Long,PAR,19.77,3.24%,15.82,utb,参数一,"{""utb"": {""key_value"": 2, ""atr_period"": 14, ""use_ha"": false}, ""r&s"": {""srb_left"": 10, ""srb_right"": 10}, ""atr"": {""atr_length"": 14, ""atr_mult"": 1.0}}",PAR TECHNOLOGY CORP/DEL,1WK,,,,,,
2026-08-31 00:00:00,Long,EPRX,8.4,25.84%,5.41,utb,参数一,"{""utb"": {""key_value"": 2, ""atr_period"": 14, ""use_ha"": false}, ""r&s"": {""srb_left"": 10, ""srb_right"": 10}, ""atr"": {""atr_length"": 14, ""atr_mult"": 1.0}}",EUPRAXIA PHARMACEUTICALS INC,1WK,,,,,,
2026-08-31 00:00:00,Short,MBOT,1.44,-2.70%,1.76,sqz,参数一,"{""sqz"": {""bb_length"": 15, ""bb_mult"": 1.5, ""kc_length"": 15, ""kc_mult"": 1.2, ""min_sqz_bars"": 4}, ""r&s"": {""srb_left"": 10, ""srb_right"": 10}, ""atr"": {""atr_length"": 14, ""atr_mult"": 1.0}}",MICROBOT MEDICAL INC,1WK,支撑释放,1.11-0.86-0.82-1.7-1.6,低-低-高-低,22.52%-4.65%-107.32%-5.88%,30.0,78.75
2026-08-31 00:00:00,Long,NFG,83.32,0.42%,79.06,utb,参数一,"{""utb"": {""key_value"": 2, ""atr_period"": 14, ""use_ha"": false}, ""r&s"": {""srb_left"": 10, ""srb_right"": 10}, ""atr"": {""atr_length"": 14, ""atr_mult"": 1.0}}",NATIONAL FUEL GAS CO,1WK,,,,,,
2026-08-31 00:00:00,Long,HGBL,1.36,9.68%,1.12,utb,参数一,"{""utb"": {""key_value"": 2, ""atr_period"": 14, ""use_ha"": false}, ""r&s"": {""srb_left"": 10, ""srb_right"": 10}, ""atr"": {""atr_length"": 14, ""atr_mult"": 1.0}}",HERITAGE GLOBAL INC,1WK,,,,,,
2026-08-31 00:00:00,Long,P,99.51,6.54%,77.77,sqz,参数一,"{""sqz"": {""bb_length"": 15, ""bb_mult"": 1.5, ""kc_length"": 15, ""kc_mult"": 1.2, ""min_sqz_bars"": 4}, ""r&s"": {""srb_left"": 10, ""srb_right"": 10}, ""atr"": {""atr_length"": 14, ""atr_mult"": 1.0}}",EVERPURE INC-A,1WK,一直亮绿,40.5-70.41-73.67-100.59-93.92,高-高-高-低,73.85%-4.63%-36.54%-6.63%,16.0,44.94
2026-08-31 00:00:00,Long,MAYS,42.44,0.32%,38.91,utb,参数一,"{""utb"": {""key_value"": 2, ""atr_period"": 14, ""use_ha"": false}, ""r&s"": {""srb_left"": 10, ""srb_right"": 10}, ""atr"": {""atr_length"": 14, ""atr_mult"": 1.0}}",MAYS (J.W.) INC,1WK,,,,,,
2026-08-31 00:00:00,Long,RBLX,43.31,12.41%,30.98,mfa,参数一,"{""mfa"": {""mfa_all"": 35}}",ROBLOX CORP -CLASS A,1WK,,,,,,
2026-08-31 00:00:00,Long,RBLX,43.31,12.41%,30.98,mfa,参数二,"{""mfa"": {""mfa_all"": 35}}",ROBLOX CORP -CLASS A,1WK,,,,,,
2026-08-31 00:00:00,Long,CLH,317.1,2.06%,294.14,sqz,参数一,"{""sqz"": {""bb_length"": 15, ""bb_mult"": 1.5, ""kc_length"": 15, ""kc_mult"": 1.2, ""min_sqz_bars"": 4}, ""r&s"": {""srb_left"": 10, ""srb_right"": 10}, ""atr"": {""atr_length"": 14, ""atr_mult"": 1.0}}",CLEAN HARBORS INC,1WK,压力释放,nan-178.33-267.11-251.43-316.98,低-高-低-高,nan%-49.78%-5.87%-26.07%,21.0,15.52
2026-08-31 00:00:00,Long,TARS,90.78,26.51%,62.81,sqz,参数一,"{""sqz"": {""bb_length"": 15, ""bb_mult"": 1.5, ""kc_length"": 15, ""kc_mult"": 1.2, ""min_sqz_bars"": 4}, ""r&s"": {""srb_left"": 10, ""srb_right"": 10}, ""atr"": {""atr_length"": 14, ""atr_mult"": 1.0}}",TARSUS PHARMACEUTICALS INC,1WK,压力释放,25.25-42.5-57.28-53.89-85.25,高-高-低-高,68.32%-34.78%-5.92%-58.19%,38.0,58.19
2026-08-31 00:00:00,Long,TARS,90.78,26.51%,62.81,utb,参数二,"{""utb"": {""key_value"": 3, ""atr_period"": 14, ""use_ha"": false}, ""r&s"": {""srb_left"": 15, ""srb_right"": 15}, ""atr"": {""atr_length"": 14, ""atr_mult"": 1.0}}",TARSUS PHARMACEUTICALS INC,1WK,,,,,,
2026-08-31 00:00:00,Long,TARS,90.78,26.51%,62.81,sqz,参数二,"{""sqz"": {""bb_length"": 20, ""bb_mult"": 1.8, ""kc_length"": 20, ""kc_mult"": 1.5, ""min_sqz_bars"": 4}, ""r&s"": {""srb_left"": 15, ""srb_right"": 15}, ""atr"": {""atr_length"": 14, ""atr_mult"": 1.0}}",TARSUS PHARMACEUTICALS INC,1WK,压力释放,nan-25.25-42.5-57.28-85.25,低-高-高-高,nan%-68.32%-34.78%-48.83%,38.0,58.19
2026-08-31 00:00:00,Short,GIII,27.74,-17.10%,35.94,utb,参数一,"{""utb"": {""key_value"": 2, ""atr_period"": 14, ""use_ha"": false}, ""r&s"": {""srb_left"": 10, ""srb_right"": 10}, ""atr"": {""atr_length"": 14, ""atr_mult"": 1.0}}",G-III APPAREL GROUP LTD,1WK,,,,,,
2026-08-31 00:00:00,Short,GIII,27.74,-17.10%,35.94,utb,参数二,"{""utb"": {""key_value"": 3, ""atr_period"": 14, ""use_ha"": false}, ""r&s"": {""srb_left"": 15, ""srb_right"": 15}, ""atr"": {""atr_length"": 14, ""atr_mult"": 1.0}}",G-III APPAREL GROUP LTD,1WK,,,,,,
2026-08-31 00:00:00,Long,RENT,3.81,5.99%,2.83,mfa,参数一,"{""mfa"": {""mfa_all"": 17}}",RENT THE RUNWAY INC-A,1WK,,,,,,
2026-08-31 00:00:00,Long,RENT,3.81,5.99%,2.83,mfa,参数二,"{""mfa"": {""mfa_all"": 17}}",RENT THE RUNWAY INC-A,1WK,,,,,,
2026-08-31 00:00:00,Long,HII,285.93,-2.81%,260.62,mfa,参数一,"{""mfa"": {""mfa_all"": 12}}",HUNTINGTON INGALLS INDUSTRIE,1WK,,,,,,
2026-08-31 00:00:00,Long,HII,285.93,-2.81%,260.62,mfa,参数二,"{""mfa"": {""mfa_all"": 12}}",HUNTINGTON INGALLS INDUSTRIE,1WK,,,,,,
2026-08-31 00:00:00,Long,KNOP,11.39,4.50%,9.8,utb,参数一,"{""utb"": {""key_value"": 2, ""atr_period"": 14, ""use_ha"": false}, ""r&s"": {""srb_left"": 10, ""srb_right"": 10}, ""atr"": {""atr_length"": 14, ""atr_mult"": 1.0}}",KNOT OFFSHORE PARTNERS LP,1WK,,,,,,
2026-08-31 00:00:00,Long,GBLI,30.36,2.50%,26.55,sqz,参数一,"{""sqz"": {""bb_length"": 15, ""bb_mult"": 1.5, ""kc_length"": 15, ""kc_mult"": 1.2, ""min_sqz_bars"": 4}, ""r&s"": {""srb_left"": 10, ""srb_right"": 10}, ""atr"": {""atr_length"": 14, ""atr_mult"": 1.0}}",GLOBAL INDEMNITY GROUP LLC-A,1WK,压力释放,32.73-29.89-34.81-32.33-29.6,低-高-低-低,8.70%-16.46%-7.11%-8.46%,24.0,21.9
2026-08-31 00:00:00,Short,RETO,1.06,-17.83%,2.9,sqz,参数一,"{""sqz"": {""bb_length"": 15, ""bb_mult"": 1.5, ""kc_length"": 15, ""kc_mult"": 1.2, ""min_sqz_bars"": 4}, ""r&s"": {""srb_left"": 10, ""srb_right"": 10}, ""atr"": {""atr_length"": 14, ""atr_mult"": 1.0}}",RETO ECO-SOLUTIONS INC-A,1WK,支撑释放,99.8-17.1-18.4-6.5-1.8,低-高-低-低,82.87%-7.60%-64.67%-72.31%,15.0,94.44
2026-08-31 00:00:00,Short,VACI,7.06,-30.99%,13.29,utb,参数二,"{""utb"": {""key_value"": 3, ""atr_period"": 14, ""use_ha"": false}, ""r&s"": {""srb_left"": 15, ""srb_right"": 15}, ""atr"": {""atr_length"": 14, ""atr_mult"": 1.0}}",VIKING ACQUISITION CORP - A,1WK,,,,,,
2026-08-31 00:00:00,Long,AR,39.41,2.50%,35.68,utb,参数一,"{""utb"": {""key_value"": 2, ""atr_period"": 14, ""use_ha"": false}, ""r&s"": {""srb_left"": 10, ""srb_right"": 10}, ""atr"": {""atr_length"": 14, ""atr_mult"": 1.0}}",ANTERO RESOURCES CORP,1WK,,,,,,
2026-08-31 00:00:00,Long,GPRO,1.7,183.33%,0.32,utb,参数一,"{""utb"": {""key_value"": 2, ""atr_period"": 14, ""use_ha"": false}, ""r&s"": {""srb_left"": 10, ""srb_right"": 10}, ""atr"": {""atr_length"": 14, ""atr_mult"": 1.0}}",GOPRO INC-CLASS A,1WK,,,,,,
2026-08-31 00:00:00,Long,GPRO,1.7,183.33%,0.32,utb,参数二,"{""utb"": {""key_value"": 3, ""atr_period"": 14, ""use_ha"": false}, ""r&s"": {""srb_left"": 15, ""srb_right"": 15}, ""atr"": {""atr_length"": 14, ""atr_mult"": 1.0}}",GOPRO INC-CLASS A,1WK,,,,,,
2026-08-31 00:00:00,Long,KTOS,47.82,-8.04%,37.6,mfa,参数一,"{""mfa"": {""mfa_all"": 20}}",KRATOS DEFENSE & SECURITY,1WK,,,,,,
2026-08-31 00:00:00,Long,KTOS,47.82,-8.04%,37.6,mfa,参数二,"{""mfa"": {""mfa_all"": 20}}",KRATOS DEFENSE & SECURITY,1WK,,,,,,
2026-08-31 00:00:00,Short,IPEX,7.75,-26.89%,12.38,utb,参数一,"{""utb"": {""key_value"": 2, ""atr_period"": 14, ""use_ha"": false}, ""r&s"": {""srb_left"": 10, ""srb_right"": 10}, ""atr"": {""atr_length"": 14, ""atr_mult"": 1.0}}",INFLECTION POINT ACQUISITION,1WK,,,,,,
2026-08-31 00:00:00,Short,IPEX,7.75,-26.89%,12.38,utb,参数二,"{""utb"": {""key_value"": 3, ""atr_period"": 14, ""use_ha"": false}, ""r&s"": {""srb_left"": 15, ""srb_right"": 15}, ""atr"": {""atr_length"": 14, ""atr_mult"": 1.0}}",INFLECTION POINT ACQUISITION,1WK,,,,,,
2026-08-31 00:00:00,Short,EYE,16.74,-3.68%,20.46,utb,参数一,"{""utb"": {""key_value"": 2, ""atr_period"": 14, ""use_ha"": false}, ""r&s"": {""srb_left"": 10, ""srb_right"": 10}, ""atr"": {""atr_length"": 14, ""atr_mult"": 1.0}}",NATIONAL VISION HOLDINGS INC,1WK,,,,,,
2026-08-31 00:00:00,Long,PROK,2.01,9.84%,1.47,utb,参数一,"{""utb"": {""key_value"": 2, ""atr_period"": 14, ""use_ha"": false}, ""r&s"": {""srb_left"": 10, ""srb_right"": 10}, ""atr"": {""atr_length"": 14, ""atr_mult"": 1.0}}",PROKIDNEY CORP,1WK,,,,,,
2026-08-31 00:00:00,Short,SON,51.95,-8.00%,61.09,utb,参数一,"{""utb"": {""key_value"": 2, ""atr_period"": 14, ""use_ha"": false}, ""r&s"": {""srb_left"": 10, ""srb_right"": 10}, ""atr"": {""atr_length"": 14, ""atr_mult"": 1.0}}",SONOCO PRODUCTS CO,1WK,,,,,,
2026-08-31 00:00:00,Short,BLZE,13.45,-6.11%,17.11,utb,参数一,"{""utb"": {""key_value"": 2, ""atr_period"": 14, ""use_ha"": false}, ""r&s"": {""srb_left"": 10, ""srb_right"": 10}, ""atr"": {""atr_length"": 14, ""atr_mult"": 1.0}}",BACKBLAZE INC-A,1WK,,,,,,
2026-08-31 00:00:00,Short,DFSC,1.45,-15.70%,2.66,sqz,参数二,"{""sqz"": {""bb_length"": 20, ""bb_mult"": 1.8, ""kc_length"": 20, ""kc_mult"": 1.5, ""min_sqz_bars"": 4}, ""r&s"": {""srb_left"": 15, ""srb_right"": 15}, ""atr"": {""atr_length"": 14, ""atr_mult"": 1.0}}",DEFSEC TECHNOLOGIES INC,1WK,一直亮红,nan-130.2-0.22-1.62,低-低-高,nan%-99.83%-646.54%,36.0,214.2
2026-08-31 00:00:00,Long,MNTK,2.23,25.99%,1.46,utb,参数二,"{""utb"": {""key_value"": 3, ""atr_period"": 14, ""use_ha"": false}, ""r&s"": {""srb_left"": 15, ""srb_right"": 15}, ""atr"": {""atr_length"": 14, ""atr_mult"": 1.0}}",MONTAUK RENEWABLES INC,1WK,,,,,,
2026-08-31 00:00:00,Short,PFX,46.0,-12.74%,55.21,utb,参数一,"{""utb"": {""key_value"": 2, ""atr_period"": 14, ""use_ha"": false}, ""r&s"": {""srb_left"": 10, ""srb_right"": 10}, ""atr"": {""atr_length"": 14, ""atr_mult"": 1.0}}",PHENIXFIN CORP,1WK,,,,,,
2026-08-31 00:00:00,Short,VVX,74.18,-4.52%,86.0,utb,参数一,"{""utb"": {""key_value"": 2, ""atr_period"": 14, ""use_ha"": false}, ""r&s"": {""srb_left"": 10, ""srb_right"": 10}, ""atr"": {""atr_length"": 14, ""atr_mult"": 1.0}}",V2X INC,1WK,,,,,,
2026-08-31 00:00:00,Long,FSHP,11.38,1.25%,10.98,utb,参数一,"{""utb"": {""key_value"": 2, ""atr_period"": 14, ""use_ha"": false}, ""r&s"": {""srb_left"": 10, ""srb_right"": 10}, ""atr"": {""atr_length"": 14, ""atr_mult"": 1.0}}",FLAG SHIP ACQUISITION CORP,1WK,,,,,,
2026-08-31 00:00:00,Short,OSW,22.4,-11.32%,27.22,utb,参数一,"{""utb"": {""key_value"": 2, ""atr_period"": 14, ""use_ha"": false}, ""r&s"": {""srb_left"": 10, ""srb_right"": 10}, ""atr"": {""atr_length"": 14, ""atr_mult"": 1.0}}",ONESPAWORLD HOLDINGS LTD,1WK,,,,,,
2026-08-31 00:00:00,Short,OSW,22.4,-11.32%,27.22,utb,参数二,"{""utb"": {""key_value"": 3, ""atr_period"": 14, ""use_ha"": false}, ""r&s"": {""srb_left"": 15, ""srb_right"": 15}, ""atr"": {""atr_length"": 14, ""atr_mult"": 1.0}}",ONESPAWORLD HOLDINGS LTD,1WK,,,,,,
2026-08-31 00:00:00,Short,FCEL,14.95,-15.82%,23.12,utb,参数二,"{""utb"": {""key_value"": 3, ""atr_period"": 14, ""use_ha"": false}, ""r&s"": {""srb_left"": 15, ""srb_right"": 15}, ""atr"": {""atr_length"": 14, ""atr_mult"": 1.0}}",FUELCELL ENERGY INC,1WK,,,,,,
2026-08-31 00:00:00,Long,TRMD,35.18,7.85%,29.94,sqz,参数一,"{""sqz"": {""bb_length"": 15, ""bb_mult"": 1.5, ""kc_length"": 15, ""kc_mult"": 1.2, ""min_sqz_bars"": 4}, ""r&s"": {""srb_left"": 10, ""srb_right"": 10}, ""atr"": {""atr_length"": 14, ""atr_mult"": 1.0}}",TORM PLC-A,1WK,压力释放,nan-22.53-26.76-31.92-34.53,低-高-高-高,nan%-18.79%-19.27%-8.16%,16.0,35.29
2026-08-31 00:00:00,Long,TRMD,35.18,7.85%,29.94,utb,参数二,"{""utb"": {""key_value"": 3, ""atr_period"": 14, ""use_ha"": false}, ""r&s"": {""srb_left"": 15, ""srb_right"": 15}, ""atr"": {""atr_length"": 14, ""atr_mult"": 1.0}}",TORM PLC-A,1WK,,,,,,
2026-08-31 00:00:00,Long,DFDV,5.87,17.87%,3.71,utb,参数二,"{""utb"": {""key_value"": 3, ""atr_period"": 14, ""use_ha"": false}, ""r&s"": {""srb_left"": 15, ""srb_right"": 15}, ""atr"": {""atr_length"": 14, ""atr_mult"": 1.0}}",DEFI DEVELOPMENT CORP,1WK,,,,,,
2026-08-31 00:00:00,Long,NVAX,10.22,10.37%,7.88,utb,参数一,"{""utb"": {""key_value"": 2, ""atr_period"": 14, ""use_ha"": false}, ""r&s"": {""srb_left"": 10, ""srb_right"": 10}, ""atr"": {""atr_length"": 14, ""atr_mult"": 1.0}}",NOVAVAX INC,1WK,,,,,,
2026-08-31 00:00:00,Short,UP,4.36,-10.84%,6.91,sqz,参数二,"{""sqz"": {""bb_length"": 20, ""bb_mult"": 1.8, ""kc_length"": 20, ""kc_mult"": 1.5, ""min_sqz_bars"": 4}, ""r&s"": {""srb_left"": 15, ""srb_right"": 15}, ""atr"": {""atr_length"": 14, ""atr_mult"": 1.0}}",WHEELS UP EXPERIENCE INC,1WK,支撑释放,nan-19.6-31.0-14.7-4.69,低-高-低-低,nan%-58.16%-52.58%-68.10%,18.0,115.14
2026-08-31 00:00:00,Long,LUCD,0.94,-5.20%,0.8,mfa,参数一,"{""mfa"": {""mfa_all"": 17}}",LUCID DIAGNOSTICS INC,1WK,,,,,,
2026-08-31 00:00:00,Long,LUCD,0.94,-5.20%,0.8,mfa,参数二,"{""mfa"": {""mfa_all"": 17}}",LUCID DIAGNOSTICS INC,1WK,,,,,,
2026-08-31 00:00:00,Long,KPLT,7.9,38.84%,4.1,utb,参数一,"{""utb"": {""key_value"": 2, ""atr_period"": 14, ""use_ha"": false}, ""r&s"": {""srb_left"": 10, ""srb_right"": 10}, ""atr"": {""atr_length"": 14, ""atr_mult"": 1.0}}",KATAPULT HOLDINGS INC,1WK,,,,,,
2026-08-31 00:00:00,Long,PRHI,8.05,19.52%,3.61,utb,参数二,"{""utb"": {""key_value"": 3, ""atr_period"": 14, ""use_ha"": false}, ""r&s"": {""srb_left"": 15, ""srb_right"": 15}, ""atr"": {""atr_length"": 14, ""atr_mult"": 1.0}}",PRESURANCE HOLDINGS INC,1WK,,,,,,
2026-08-31 00:00:00,Short,DKI,2.88,-19.19%,4.56,utb,参数一,"{""utb"": {""key_value"": 2, ""atr_period"": 14, ""use_ha"": false}, ""r&s"": {""srb_left"": 10, ""srb_right"": 10}, ""atr"": {""atr_length"": 14, ""atr_mult"": 1.0}}",DARKIRIS INC-CL A,1WK,,,,,,
2026-08-31 00:00:00,Short,DVLT,0.2,-27.11%,0.45,sqz,参数二,"{""sqz"": {""bb_length"": 20, ""bb_mult"": 1.8, ""kc_length"": 20, ""kc_mult"": 1.5, ""min_sqz_bars"": 4}, ""r&s"": {""srb_left"": 15, ""srb_right"": 15}, ""atr"": {""atr_length"": 14, ""atr_mult"": 1.0}}",DATAVAULT AI INC,1WK,一直亮红,nan-142.5-1.5-1.15-0.25,低-低-低-低,nan%-98.95%-23.33%-78.26%,52.0,1540.0
2026-08-31 00:00:00,Short,LIND,25.87,-12.57%,32.65,utb,参数一,"{""utb"": {""key_value"": 2, ""atr_period"": 14, ""use_ha"": false}, ""r&s"": {""srb_left"": 10, ""srb_right"": 10}, ""atr"": {""atr_length"": 14, ""atr_mult"": 1.0}}",LINDBLAD EXPEDITIONS HOLDING,1WK,,,,,,
2026-08-31 00:00:00,Short,GD,359.39,-5.25%,395.56,utb,参数一,"{""utb"": {""key_value"": 2, ""atr_period"": 14, ""use_ha"": false}, ""r&s"": {""srb_left"": 10, ""srb_right"": 10}, ""atr"": {""atr_length"": 14, ""atr_mult"": 1.0}}",GENERAL DYNAMICS CORP,1WK,,,,,,
2026-08-31 00:00:00,Long,VEEE,9.9,-4.44%,0.11,mfa,参数一,"{""mfa"": {""mfa_all"": 75}}",TWIN VEE POWERCATS CO,1WK,,,,,,
2026-08-31 00:00:00,Long,VEEE,9.9,-4.44%,0.11,mfa,参数二,"{""mfa"": {""mfa_all"": 75}}",TWIN VEE POWERCATS CO,1WK,,,,,,
2026-08-31 00:00:00,Short,ELDN,3.02,-5.63%,3.62,utb,参数一,"{""utb"": {""key_value"": 2, ""atr_period"": 14, ""use_ha"": false}, ""r&s"": {""srb_left"": 10, ""srb_right"": 10}, ""atr"": {""atr_length"": 14, ""atr_mult"": 1.0}}",ELEDON PHARMACEUTICALS INC,1WK,,,,,,
2026-08-31 00:00:00,Short,RTX,200.79,-5.16%,222.22,utb,参数一,"{""utb"": {""key_value"": 2, ""atr_period"": 14, ""use_ha"": false}, ""r&s"": {""srb_left"": 10, ""srb_right"": 10}, ""atr"": {""atr_length"": 14, ""atr_mult"": 1.0}}",RTX CORP,1WK,,,,,,
2026-08-31 00:00:00,Long,ZYBT,1.61,-6.94%,0.71,mfa,参数一,"{""mfa"": {""mfa_all"": 50}}",ZHENGYE BIOTECHNOLOGY-A,1WK,,,,,,
2026-08-31 00:00:00,Long,ZYBT,1.61,-6.94%,0.71,mfa,参数二,"{""mfa"": {""mfa_all"": 50}}",ZHENGYE BIOTECHNOLOGY-A,1WK,,,,,,
2026-08-31 00:00:00,Long,LPSN,3.1,9.93%,2.29,utb,参数二,"{""utb"": {""key_value"": 3, ""atr_period"": 14, ""use_ha"": false}, ""r&s"": {""srb_left"": 15, ""srb_right"": 15}, ""atr"": {""atr_length"": 14, ""atr_mult"": 1.0}}",LIVEPERSON INC,1WK,,,,,,
2026-08-31 00:00:00,Long,EPSN,6.18,2.66%,5.59,utb,参数一,"{""utb"": {""key_value"": 2, ""atr_period"": 14, ""use_ha"": false}, ""r&s"": {""srb_left"": 10, ""srb_right"": 10}, ""atr"": {""atr_length"": 14, ""atr_mult"": 1.0}}",EPSILON ENERGY LTD,1WK,,,,,,
2026-08-31 00:00:00,Long,SITE,100.58,4.35%,87.04,mfa,参数一,"{""mfa"": {""mfa_all"": 16}}",SITEONE LANDSCAPE SUPPLY INC,1WK,,,,,,
2026-08-31 00:00:00,Long,SITE,100.58,4.35%,87.04,mfa,参数二,"{""mfa"": {""mfa_all"": 16}}",SITEONE LANDSCAPE SUPPLY INC,1WK,,,,,,
2026-08-31 00:00:00,Short,OFIX,9.29,-4.23%,10.83,utb,参数一,"{""utb"": {""key_value"": 2, ""atr_period"": 14, ""use_ha"": false}, ""r&s"": {""srb_left"": 10, ""srb_right"": 10}, ""atr"": {""atr_length"": 14, ""atr_mult"": 1.0}}",ORTHOFIX MEDICAL INC,1WK,,,,,,
2026-08-31 00:00:00,Long,UAVS,1.06,-1.85%,0.83,mfa,参数一,"{""mfa"": {""mfa_all"": 11}}",AGEAGLE AERIAL SYSTEMS INC,1WK,,,,,,
2026-08-31 00:00:00,Long,UAVS,1.06,-1.85%,0.83,mfa,参数二,"{""mfa"": {""mfa_all"": 11}}",AGEAGLE AERIAL SYSTEMS INC,1WK,,,,,,
2026-08-31 00:00:00,Short,DGII,69.36,-8.46%,83.4,utb,参数一,"{""utb"": {""key_value"": 2, ""atr_period"": 14, ""use_ha"": false}, ""r&s"": {""srb_left"": 10, ""srb_right"": 10}, ""atr"": {""atr_length"": 14, ""atr_mult"": 1.0}}",DIGI INTERNATIONAL INC,1WK,,,,,,
2026-08-31 00:00:00,Long,GRNQ,18.7,38.52%,7.62,utb,参数一,"{""utb"": {""key_value"": 2, ""atr_period"": 14, ""use_ha"": false}, ""r&s"": {""srb_left"": 10, ""srb_right"": 10}, ""atr"": {""atr_length"": 14, ""atr_mult"": 1.0}}",GREENPRO CAPITAL CORP,1WK,,,,,,
2026-08-31 00:00:00,Long,GRNQ,18.7,38.52%,7.62,utb,参数二,"{""utb"": {""key_value"": 3, ""atr_period"": 14, ""use_ha"": false}, ""r&s"": {""srb_left"": 15, ""srb_right"": 15}, ""atr"": {""atr_length"": 14, ""atr_mult"": 1.0}}",GREENPRO CAPITAL CORP,1WK,,,,,,
2026-08-31 00:00:00,Long,PRTS,9.3,27.92%,6.09,utb,参数一,"{""utb"": {""key_value"": 2, ""atr_period"": 14, ""use_ha"": false}, ""r&s"": {""srb_left"": 10, ""srb_right"": 10}, ""atr"": {""atr_length"": 14, ""atr_mult"": 1.0}}",CARPARTS.COM INC,1WK,,,,,,
2026-08-31 00:00:00,Long,PRTS,9.3,27.92%,6.09,utb,参数二,"{""utb"": {""key_value"": 3, ""atr_period"": 14, ""use_ha"": false}, ""r&s"": {""srb_left"": 15, ""srb_right"": 15}, ""atr"": {""atr_length"": 14, ""atr_mult"": 1.0}}",CARPARTS.COM INC,1WK,,,,,,
2026-08-31 00:00:00,Long,NTHI,5.03,7.25%,3.41,mfa,参数一,"{""mfa"": {""mfa_all"": 22}}",NEONC TECHNOLOGIES HOLDINGS,1WK,,,,,,
2026-08-31 00:00:00,Long,NTHI,5.03,7.25%,3.41,mfa,参数二,"{""mfa"": {""mfa_all"": 22}}",NEONC TECHNOLOGIES HOLDINGS,1WK,,,,,,
2026-08-31 00:00:00,Short,CNVS,2.31,-4.15%,2.83,utb,参数一,"{""utb"": {""key_value"": 2, ""atr_period"": 14, ""use_ha"": false}, ""r&s"": {""srb_left"": 10, ""srb_right"": 10}, ""atr"": {""atr_length"": 14, ""atr_mult"": 1.0}}",CINEVERSE CORP,1WK,,,,,,
2026-08-31 00:00:00,Short,CREX,2.69,-5.61%,3.44,utb,参数二,"{""utb"": {""key_value"": 3, ""atr_period"": 14, ""use_ha"": false}, ""r&s"": {""srb_left"": 15, ""srb_right"": 15}, ""atr"": {""atr_length"": 14, ""atr_mult"": 1.0}}",CREATIVE REALITIES INC,1WK,,,,,,
2026-08-31 00:00:00,Short,MNST,43.82,-6.49%,49.09,utb,参数一,"{""utb"": {""key_value"": 2, ""atr_period"": 14, ""use_ha"": false}, ""r&s"": {""srb_left"": 10, ""srb_right"": 10}, ""atr"": {""atr_length"": 14, ""atr_mult"": 1.0}}",MONSTER BEVERAGE CORP,1WK,,,,,,
2026-08-31 00:00:00,Long,AWK,140.7,1.74%,129.9,sqz,参数一,"{""sqz"": {""bb_length"": 15, ""bb_mult"": 1.5, ""kc_length"": 15, ""kc_mult"": 1.2, ""min_sqz_bars"": 4}, ""r&s"": {""srb_left"": 10, ""srb_right"": 10}, ""atr"": {""atr_length"": 14, ""atr_mult"": 1.0}}",AMERICAN WATER WORKS CO INC,1WK,一直亮绿,128.48-143.26-149.61-143.94-139.28,高-高-低-低,11.50%-4.43%-3.79%-3.24%,25.0,16.29
2026-08-31 00:00:00,Long,AWK,140.7,1.74%,129.9,utb,参数二,"{""utb"": {""key_value"": 3, ""atr_period"": 14, ""use_ha"": false}, ""r&s"": {""srb_left"": 15, ""srb_right"": 15}, ""atr"": {""atr_length"": 14, ""atr_mult"": 1.0}}",AMERICAN WATER WORKS CO INC,1WK,,,,,,
2026-08-31 00:00:00,Long,AWK,140.7,1.74%,129.9,sqz,参数二,"{""sqz"": {""bb_length"": 20, ""bb_mult"": 1.8, ""kc_length"": 20, ""kc_mult"": 1.5, ""min_sqz_bars"": 4}, ""r&s"": {""srb_left"": 15, ""srb_right"": 15}, ""atr"": {""atr_length"": 14, ""atr_mult"": 1.0}}",AMERICAN WATER WORKS CO INC,1WK,压力释放,nan-143.26-149.61-139.28,低-高-低,nan%-4.43%-6.90%,25.0,16.29
2026-08-31 00:00:00,Long,FWDI,6.31,7.13%,4.63,utb,参数一,"{""utb"": {""key_value"": 2, ""atr_period"": 14, ""use_ha"": false}, ""r&s"": {""srb_left"": 10, ""srb_right"": 10}, ""atr"": {""atr_length"": 14, ""atr_mult"": 1.0}}",FORWARD INDUSTRIES INC,1WK,,,,,,
2026-08-31 00:00:00,Long,CAAS,5.4,8.22%,4.7,sqz,参数一,"{""sqz"": {""bb_length"": 15, ""bb_mult"": 1.5, ""kc_length"": 15, ""kc_mult"": 1.2, ""min_sqz_bars"": 4}, ""r&s"": {""srb_left"": 10, ""srb_right"": 10}, ""atr"": {""atr_length"": 14, ""atr_mult"": 1.0}}",CHINA AUTOMOTIVE SYSTEMS INC,1WK,压力释放,4.97-5.37-5.15-4.98,高-低-低,8.05%-4.10%-3.30%,15.0,17.22
2026-08-31 00:00:00,Short,BTQ,3.03,-9.16%,4.33,utb,参数一,"{""utb"": {""key_value"": 2, ""atr_period"": 14, ""use_ha"": false}, ""r&s"": {""srb_left"": 10, ""srb_right"": 10}, ""atr"": {""atr_length"": 14, ""atr_mult"": 1.0}}",BTQ TECHNOLOGIES CORP,1WK,,,,,,
2026-08-31 00:00:00,Short,HEI,325.48,-3.28%,357.43,utb,参数一,"{""utb"": {""key_value"": 2, ""atr_period"": 14, ""use_ha"": false}, ""r&s"": {""srb_left"": 10, ""srb_right"": 10}, ""atr"": {""atr_length"": 14, ""atr_mult"": 1.0}}",HEICO CORP,1WK,,,,,,
2026-08-31 00:00:00,Long,DDS,656.69,5.87%,563.49,utb,参数一,"{""utb"": {""key_value"": 2, ""atr_period"": 14, ""use_ha"": false}, ""r&s"": {""srb_left"": 10, ""srb_right"": 10}, ""atr"": {""atr_length"": 14, ""atr_mult"": 1.0}}",DILLARDS INC-CL A,1WK,,,,,,
2026-08-31 00:00:00,Short,ONDS,7.62,-3.54%,9.69,sqz,参数一,"{""sqz"": {""bb_length"": 15, ""bb_mult"": 1.5, ""kc_length"": 15, ""kc_mult"": 1.2, ""min_sqz_bars"": 4}, ""r&s"": {""srb_left"": 10, ""srb_right"": 10}, ""atr"": {""atr_length"": 14, ""atr_mult"": 1.0}}",ONDAS INC,1WK,一直释放,0.31-0.54-0.65-0.57-7.78,高-高-低-高,70.48%-21.97%-12.98%-1264.91%,22.0,82.01
2026-08-31 00:00:00,Long,INR,15.61,1.50%,13.87,utb,参数一,"{""utb"": {""key_value"": 2, ""atr_period"": 14, ""use_ha"": false}, ""r&s"": {""srb_left"": 10, ""srb_right"": 10}, ""atr"": {""atr_length"": 14, ""atr_mult"": 1.0}}",INFINITY NATURAL RESOUR-CL A,1WK,,,,,,
2026-08-31 00:00:00,Short,DRS,36.6,-5.03%,42.35,utb,参数二,"{""utb"": {""key_value"": 3, ""atr_period"": 14, ""use_ha"": false}, ""r&s"": {""srb_left"": 15, ""srb_right"": 15}, ""atr"": {""atr_length"": 14, ""atr_mult"": 1.0}}",LEONARDO DRS INC,1WK,,,,,,
2026-08-31 00:00:00,Long,LEXX,14.15,36.71%,7.67,utb,参数二,"{""utb"": {""key_value"": 3, ""atr_period"": 14, ""use_ha"": false}, ""r&s"": {""srb_left"": 15, ""srb_right"": 15}, ""atr"": {""atr_length"": 14, ""atr_mult"": 1.0}}",LEXARIA BIOSCIENCE CORP,1WK,,,,,,
2026-08-31 00:00:00,Long,HAL,37.07,2.94%,33.86,utb,参数一,"{""utb"": {""key_value"": 2, ""atr_period"": 14, ""use_ha"": false}, ""r&s"": {""srb_left"": 10, ""srb_right"": 10}, ""atr"": {""atr_length"": 14, ""atr_mult"": 1.0}}",HALLIBURTON CO,1WK,,,,,,
2026-08-31 00:00:00,Short,CROX,117.53,-3.85%,131.14,utb,参数一,"{""utb"": {""key_value"": 2, ""atr_period"": 14, ""use_ha"": false}, ""r&s"": {""srb_left"": 10, ""srb_right"": 10}, ""atr"": {""atr_length"": 14, ""atr_mult"": 1.0}}",CROCS INC,1WK,,,,,,
2026-08-31 00:00:00,Short,REAX,18.67,-11.47%,25.52,utb,参数一,"{""utb"": {""key_value"": 2, ""atr_period"": 14, ""use_ha"": false}, ""r&s"": {""srb_left"": 10, ""srb_right"": 10}, ""atr"": {""atr_length"": 14, ""atr_mult"": 1.0}}",REAL REMAX GROUP INC,1WK,,,,,,
2026-08-31 00:00:00,Short,ADSK,217.9,-16.40%,285.72,utb,参数一,"{""utb"": {""key_value"": 2, ""atr_period"": 14, ""use_ha"": false}, ""r&s"": {""srb_left"": 10, ""srb_right"": 10}, ""atr"": {""atr_length"": 14, ""atr_mult"": 1.0}}",AUTODESK INC,1WK,,,,,,
2026-08-31 00:00:00,Long,IE,9.99,-10.72%,7.76,mfa,参数一,"{""mfa"": {""mfa_all"": 13}}",IVANHOE ELECTRIC INC / US,1WK,,,,,,
2026-08-31 00:00:00,Long,IE,9.99,-10.72%,7.76,mfa,参数二,"{""mfa"": {""mfa_all"": 13}}",IVANHOE ELECTRIC INC / US,1WK,,,,,,
2026-08-31 00:00:00,Long,UNM,95.85,3.01%,86.52,sqz,参数二,"{""sqz"": {""bb_length"": 20, ""bb_mult"": 1.8, ""kc_length"": 20, ""kc_mult"": 1.5, ""min_sqz_bars"": 4}, ""r&s"": {""srb_left"": 15, ""srb_right"": 15}, ""atr"": {""atr_length"": 14, ""atr_mult"": 1.0}}",UNUM GROUP,1WK,一直释放,nan-48.26-81.58,低-高,nan%-69.04%,75.0,26.45
2026-08-31 00:00:00,Short,ATEX,86.27,-6.56%,104.75,utb,参数一,"{""utb"": {""key_value"": 2, ""atr_period"": 14, ""use_ha"": false}, ""r&s"": {""srb_left"": 10, ""srb_right"": 10}, ""atr"": {""atr_length"": 14, ""atr_mult"": 1.0}}",ANTERIX INC,1WK,,,,,,
2026-08-31 00:00:00,Long,CTVA,87.86,4.94%,79.01,utb,参数一,"{""utb"": {""key_value"": 2, ""atr_period"": 14, ""use_ha"": false}, ""r&s"": {""srb_left"": 10, ""srb_right"": 10}, ""atr"": {""atr_length"": 14, ""atr_mult"": 1.0}}",CORTEVA INC,1WK,,,,,,
2026-08-31 00:00:00,Long,KRNY,10.13,3.16%,9.01,sqz,参数一,"{""sqz"": {""bb_length"": 15, ""bb_mult"": 1.5, ""kc_length"": 15, ""kc_mult"": 1.2, ""min_sqz_bars"": 4}, ""r&s"": {""srb_left"": 10, ""srb_right"": 10}, ""atr"": {""atr_length"": 14, ""atr_mult"": 1.0}}",KEARNY FINANCIAL CORP/MD,1WK,一直释放,7.2-7.94-6.49-7.72-8.18,高-低-高-高,10.24%-18.23%-18.94%-5.93%,32.0,21.19
2026-08-31 00:00:00,Short,SFHG,2.11,-11.72%,2.93,utb,参数一,"{""utb"": {""key_value"": 2, ""atr_period"": 14, ""use_ha"": false}, ""r&s"": {""srb_left"": 10, ""srb_right"": 10}, ""atr"": {""atr_length"": 14, ""atr_mult"": 1.0}}",SAMFINE CREATION HLD GR-CL A,1WK,,,,,,
2026-08-31 00:00:00,Long,MXC,11.02,12.22%,7.82,utb,参数一,"{""utb"": {""key_value"": 2, ""atr_period"": 14, ""use_ha"": false}, ""r&s"": {""srb_left"": 10, ""srb_right"": 10}, ""atr"": {""atr_length"": 14, ""atr_mult"": 1.0}}",MEXCO ENERGY CORP,1WK,,,,,,
2026-08-31 00:00:00,Long,BSX,47.8,2.05%,41.96,mfa,参数一,"{""mfa"": {""mfa_all"": 38}}",BOSTON SCIENTIFIC CORP,1WK,,,,,,
2026-08-31 00:00:00,Long,BSX,47.8,2.05%,41.96,mfa,参数二,"{""mfa"": {""mfa_all"": 38}}",BOSTON SCIENTIFIC CORP,1WK,,,,,,
2026-08-31 00:00:00,Long,ZTS,75.81,-1.98%,68.39,mfa,参数一,"{""mfa"": {""mfa_all"": 26}}",ZOETIS INC,1WK,,,,,,
2026-08-31 00:00:00,Long,ZTS,75.81,-1.98%,68.39,mfa,参数二,"{""mfa"": {""mfa_all"": 26}}",ZOETIS INC,1WK,,,,,,
2026-08-31 00:00:00,Long,REPX,41.93,9.54%,35.39,utb,参数一,"{""utb"": {""key_value"": 2, ""atr_period"": 14, ""use_ha"": false}, ""r&s"": {""srb_left"": 10, ""srb_right"": 10}, ""atr"": {""atr_length"": 14, ""atr_mult"": 1.0}}",RILEY EXPLORATION PERMIAN IN,1WK,,,,,,
2026-08-31 00:00:00,Long,REPX,41.93,9.54%,35.39,sqz,参数一,"{""sqz"": {""bb_length"": 15, ""bb_mult"": 1.5, ""kc_length"": 15, ""kc_mult"": 1.2, ""min_sqz_bars"": 4}, ""r&s"": {""srb_left"": 10, ""srb_right"": 10}, ""atr"": {""atr_length"": 14, ""atr_mult"": 1.0}}",RILEY EXPLORATION PERMIAN IN,1WK,压力释放,30.61-27.9-34.62-28.6-41.03,低-高-低-高,8.87%-24.09%-17.37%-43.43%,15.0,31.22
2026-08-31 00:00:00,Long,PBFS,18.54,5.16%,16.34,sqz,参数二,"{""sqz"": {""bb_length"": 20, ""bb_mult"": 1.8, ""kc_length"": 20, ""kc_mult"": 1.5, ""min_sqz_bars"": 4}, ""r&s"": {""srb_left"": 15, ""srb_right"": 15}, ""atr"": {""atr_length"": 14, ""atr_mult"": 1.0}}",PIONEER BANCORP INC/NY,1WK,一直释放,nan-10.03-11.0-15.18,低-高-高,nan%-9.67%-38.00%,30.0,13.2
2026-08-31 00:00:00,Long,LOPE,152.67,0.98%,136.98,mfa,参数一,"{""mfa"": {""mfa_all"": 15}}",GRAND CANYON EDUCATION INC,1WK,,,,,,
2026-08-31 00:00:00,Long,LOPE,152.67,0.98%,136.98,mfa,参数二,"{""mfa"": {""mfa_all"": 15}}",GRAND CANYON EDUCATION INC,1WK,,,,,,
2026-08-31 00:00:00,Short,ALTI,3.0,-25.19%,4.55,utb,参数一,"{""utb"": {""key_value"": 2, ""atr_period"": 14, ""use_ha"": false}, ""r&s"": {""srb_left"": 10, ""srb_right"": 10}, ""atr"": {""atr_length"": 14, ""atr_mult"": 1.0}}",ALTI GLOBAL INC,1WK,,,,,,
2026-08-31 00:00:00,Long,KLRS,3.9,-3.23%,2.9,mfa,参数一,"{""mfa"": {""mfa_all"": 13}}",KALARIS THERAPEUTICS INC,1WK,,,,,,
2026-08-31 00:00:00,Long,KLRS,3.9,-3.23%,2.9,mfa,参数二,"{""mfa"": {""mfa_all"": 13}}",KALARIS THERAPEUTICS INC,1WK,,,,,,
2026-08-31 00:00:00,Long,DE,693.53,10.03%,597.14,sqz,参数二,"{""sqz"": {""bb_length"": 20, ""bb_mult"": 1.8, ""kc_length"": 20, ""kc_mult"": 1.5, ""min_sqz_bars"": 4}, ""r&s"": {""srb_left"": 15, ""srb_right"": 15}, ""atr"": {""atr_length"": 14, ""atr_mult"": 1.0}}",DEERE & CO,1WK,压力释放,nan-431.82-404.99-525.51-670.49,低-低-高-高,nan%-6.21%-29.76%-27.59%,28.0,30.49
2026-08-31 00:00:00,Long,WTRG,41.7,1.46%,38.69,sqz,参数二,"{""sqz"": {""bb_length"": 20, ""bb_mult"": 1.8, ""kc_length"": 20, ""kc_mult"": 1.5, ""min_sqz_bars"": 4}, ""r&s"": {""srb_left"": 15, ""srb_right"": 15}, ""atr"": {""atr_length"": 14, ""atr_mult"": 1.0}}",ESSENTIAL UTILITIES INC,1WK,压力释放,35.34-38.6-39.48-40.86-41.08,高-高-高-高,9.20%-2.30%-3.49%-0.54%,25.0,14.81
2026-08-31 00:00:00,Short,NXL,5.06,-32.53%,11.01,sqz,参数一,"{""sqz"": {""bb_length"": 15, ""bb_mult"": 1.5, ""kc_length"": 15, ""kc_mult"": 1.2, ""min_sqz_bars"": 4}, ""r&s"": {""srb_left"": 10, ""srb_right"": 10}, ""atr"": {""atr_length"": 14, ""atr_mult"": 1.0}}",NEXALIN TECHNOLOGY INC,1WK,支撑释放,7.59-15.9-17.73-21.06-9.15,高-高-高-低,109.49%-11.51%-18.78%-56.55%,15.0,109.84
2026-08-31 00:00:00,Short,WDFC,207.57,-4.42%,233.08,utb,参数二,"{""utb"": {""key_value"": 3, ""atr_period"": 14, ""use_ha"": false}, ""r&s"": {""srb_left"": 15, ""srb_right"": 15}, ""atr"": {""atr_length"": 14, ""atr_mult"": 1.0}}",WD-40 CO,1WK,,,,,,
2026-08-31 00:00:00,Long,BSVN,57.43,10.00%,48.0,sqz,参数二,"{""sqz"": {""bb_length"": 20, ""bb_mult"": 1.8, ""kc_length"": 20, ""kc_mult"": 1.5, ""min_sqz_bars"": 4}, ""r&s"": {""srb_left"": 15, ""srb_right"": 15}, ""atr"": {""atr_length"": 14, ""atr_mult"": 1.0}}",BANK7 CORP,1WK,一直释放,nan-26.13-48.43-48.88,低-高-高,nan%-85.32%-0.93%,52.0,28.42
2026-08-31 00:00:00,Short,CRDO,170.57,-26.72%,283.79,utb,参数二,"{""utb"": {""key_value"": 3, ""atr_period"": 14, ""use_ha"": false}, ""r&s"": {""srb_left"": 15, ""srb_right"": 15}, ""atr"": {""atr_length"": 14, ""atr_mult"": 1.0}}",CREDO TECHNOLOGY GROUP HOLDI,1WK,,,,,,
2026-08-31 00:00:00,Short,NRDY,9.35,-9.40%,11.88,sqz,参数一,"{""sqz"": {""bb_length"": 15, ""bb_mult"": 1.5, ""kc_length"": 15, ""kc_mult"": 1.2, ""min_sqz_bars"": 4}, ""r&s"": {""srb_left"": 10, ""srb_right"": 10}, ""atr"": {""atr_length"": 14, ""atr_mult"": 1.0}}",NERDY INC,1WK,支撑释放,10.9-11.3-17.25-11.55-11.25,高-高-低-低,3.58%-52.72%-33.04%-2.60%,21.0,37.33
2026-08-31 00:00:00,Short,NRDY,9.35,-9.40%,11.88,sqz,参数二,"{""sqz"": {""bb_length"": 20, ""bb_mult"": 1.8, ""kc_length"": 20, ""kc_mult"": 1.5, ""min_sqz_bars"": 4}, ""r&s"": {""srb_left"": 15, ""srb_right"": 15}, ""atr"": {""atr_length"": 14, ""atr_mult"": 1.0}}",NERDY INC,1WK,支撑释放,34.95-10.9-17.25-11.55-11.25,低-高-低-低,68.80%-58.18%-33.04%-2.60%,21.0,37.33
2026-08-31 00:00:00,Long,USGO,8.45,-8.15%,6.84,mfa,参数一,"{""mfa"": {""mfa_all"": 13}}",US GOLDMINING INC,1WK,,,,,,
2026-08-31 00:00:00,Long,USGO,8.45,-8.15%,6.84,mfa,参数二,"{""mfa"": {""mfa_all"": 13}}",US GOLDMINING INC,1WK,,,,,,
2026-08-31 00:00:00,Long,CMBT,19.49,6.21%,16.87,sqz,参数二,"{""sqz"": {""bb_length"": 20, ""bb_mult"": 1.8, ""kc_length"": 20, ""kc_mult"": 1.5, ""min_sqz_bars"": 4}, ""r&s"": {""srb_left"": 15, ""srb_right"": 15}, ""atr"": {""atr_length"": 14, ""atr_mult"": 1.0}}",CMB TECH NV,1WK,一直亮绿,nan-12.43-18.78,低-高,nan%-51.14%,119.0,159.25
2026-08-31 00:00:00,Long,XPON,5.86,-21.29%,3.26,mfa,参数一,"{""mfa"": {""mfa_all"": 28}}",EXPION ENERGY INC,1WK,,,,,,
2026-08-31 00:00:00,Long,XPON,5.86,-21.29%,3.26,mfa,参数二,"{""mfa"": {""mfa_all"": 28}}",EXPION ENERGY INC,1WK,,,,,,
2026-08-31 00:00:00,Short,MANU,20.9,-5.43%,23.91,utb,参数一,"{""utb"": {""key_value"": 2, ""atr_period"": 14, ""use_ha"": false}, ""r&s"": {""srb_left"": 10, ""srb_right"": 10}, ""atr"": {""atr_length"": 14, ""atr_mult"": 1.0}}",MANCHESTER UNITED PLC-CL A,1WK,,,,,,
2026-08-31 00:00:00,Short,ONON,27.99,-2.98%,32.39,sqz,参数二,"{""sqz"": {""bb_length"": 20, ""bb_mult"": 1.8, ""kc_length"": 20, ""kc_mult"": 1.5, ""min_sqz_bars"": 4}, ""r&s"": {""srb_left"": 15, ""srb_right"": 15}, ""atr"": {""atr_length"": 14, ""atr_mult"": 1.0}}",ON HOLDING AG-CLASS A,1WK,支撑释放,nan-23.41-34.59-34.38-31.41,低-高-低-低,nan%-47.76%-0.61%-8.64%,23.0,31.84
2026-08-31 00:00:00,Long,GAU,2.27,-0.87%,1.82,mfa,参数一,"{""mfa"": {""mfa_all"": 13}}",GALIANO GOLD INC,1WK,,,,,,
2026-08-31 00:00:00,Long,GAU,2.27,-0.87%,1.82,mfa,参数二,"{""mfa"": {""mfa_all"": 13}}",GALIANO GOLD INC,1WK,,,,,,
2026-08-31 00:00:00,Long,DLB,61.96,0.75%,56.19,mfa,参数一,"{""mfa"": {""mfa_all"": 47}}",DOLBY LABORATORIES INC-CL A,1WK,,,,,,
2026-08-31 00:00:00,Long,DLB,61.96,0.75%,56.19,mfa,参数二,"{""mfa"": {""mfa_all"": 47}}",DOLBY LABORATORIES INC-CL A,1WK,,,,,,
2026-08-31 00:00:00,Short,XPL,0.59,-27.45%,0.92,utb,参数一,"{""utb"": {""key_value"": 2, ""atr_period"": 14, ""use_ha"": false}, ""r&s"": {""srb_left"": 10, ""srb_right"": 10}, ""atr"": {""atr_length"": 14, ""atr_mult"": 1.0}}",SOLITARIO RESOURCES CORP,1WK,,,,,,
2026-08-31 00:00:00,Short,XPL,0.59,-27.45%,0.92,utb,参数二,"{""utb"": {""key_value"": 3, ""atr_period"": 14, ""use_ha"": false}, ""r&s"": {""srb_left"": 15, ""srb_right"": 15}, ""atr"": {""atr_length"": 14, ""atr_mult"": 1.0}}",SOLITARIO RESOURCES CORP,1WK,,,,,,
2026-08-31 00:00:00,Short,SUNB,68.59,-6.30%,81.21,utb,参数一,"{""utb"": {""key_value"": 2, ""atr_period"": 14, ""use_ha"": false}, ""r&s"": {""srb_left"": 10, ""srb_right"": 10}, ""atr"": {""atr_length"": 14, ""atr_mult"": 1.0}}",SUNBELT RENTALS HOLDINGS INC,1WK,,,,,,
2026-08-31 00:00:00,Long,MGYR,19.8,1.59%,18.34,sqz,参数一,"{""sqz"": {""bb_length"": 15, ""bb_mult"": 1.5, ""kc_length"": 15, ""kc_mult"": 1.2, ""min_sqz_bars"": 4}, ""r&s"": {""srb_left"": 10, ""srb_right"": 10}, ""atr"": {""atr_length"": 14, ""atr_mult"": 1.0}}",MAGYAR BANCORP INC,1WK,一直亮绿,12.15-14.24-14.46-18.55-19.78,高-高-高-高,17.22%-1.50%-28.31%-6.63%,29.0,24.77
2026-08-31 00:00:00,Long,MGYR,19.8,1.59%,18.34,sqz,参数二,"{""sqz"": {""bb_length"": 20, ""bb_mult"": 1.8, ""kc_length"": 20, ""kc_mult"": 1.5, ""min_sqz_bars"": 4}, ""r&s"": {""srb_left"": 15, ""srb_right"": 15}, ""atr"": {""atr_length"": 14, ""atr_mult"": 1.0}}",MAGYAR BANCORP INC,1WK,一直亮绿,nan-10.58-11.42-18.55-19.78,低-高-高-高,nan%-7.95%-62.43%-6.63%,29.0,24.77
2026-08-31 00:00:00,Long,USEA,3.04,10.14%,2.53,sqz,参数二,"{""sqz"": {""bb_length"": 20, ""bb_mult"": 1.8, ""kc_length"": 20, ""kc_mult"": 1.5, ""min_sqz_bars"": 4}, ""r&s"": {""srb_left"": 15, ""srb_right"": 15}, ""atr"": {""atr_length"": 14, ""atr_mult"": 1.0}}",UNITED MARITIME CORP,1WK,一直释放,nan-2.31-2.27-1.72,低-低-低,nan%-1.85%-24.39%,64.0,56.25
2026-08-31 00:00:00,Long,KBSX,0.96,-5.88%,0.77,mfa,参数一,"{""mfa"": {""mfa_all"": 12}}",FST CORP,1WK,,,,,,
2026-08-31 00:00:00,Long,KBSX,0.96,-5.88%,0.77,mfa,参数二,"{""mfa"": {""mfa_all"": 12}}",FST CORP,1WK,,,,,,
2026-08-31 00:00:00,Long,VYX,9.14,4.10%,7.16,utb,参数二,"{""utb"": {""key_value"": 3, ""atr_period"": 14, ""use_ha"": false}, ""r&s"": {""srb_left"": 15, ""srb_right"": 15}, ""atr"": {""atr_length"": 14, ""atr_mult"": 1.0}}",NCR VOYIX CORP,1WK,,,,,,
2026-08-31 00:00:00,Long,BLSH,36.0,9.46%,27.01,utb,参数一,"{""utb"": {""key_value"": 2, ""atr_period"": 14, ""use_ha"": false}, ""r&s"": {""srb_left"": 10, ""srb_right"": 10}, ""atr"": {""atr_length"": 14, ""atr_mult"": 1.0}}",BULLISH,1WK,,,,,,
2026-08-31 00:00:00,Long,TK,13.63,4.44%,11.83,sqz,参数一,"{""sqz"": {""bb_length"": 15, ""bb_mult"": 1.5, ""kc_length"": 15, ""kc_mult"": 1.2, ""min_sqz_bars"": 4}, ""r&s"": {""srb_left"": 10, ""srb_right"": 10}, ""atr"": {""atr_length"": 14, ""atr_mult"": 1.0}}",TEEKAY CORP LTD,1WK,压力释放,7.04-6.92-6.36-9.81-13.3,低-低-高-高,1.71%-8.04%-54.17%-35.66%,17.0,35.74
2026-08-31 00:00:00,Long,TK,13.63,4.44%,11.83,utb,参数二,"{""utb"": {""key_value"": 3, ""atr_period"": 14, ""use_ha"": false}, ""r&s"": {""srb_left"": 15, ""srb_right"": 15}, ""atr"": {""atr_length"": 14, ""atr_mult"": 1.0}}",TEEKAY CORP LTD,1WK,,,,,,
2026-08-31 00:00:00,Long,CNTY,1.21,-4.72%,1.07,mfa,参数一,"{""mfa"": {""mfa_all"": 16}}",CENTURY CASINOS INC,1WK,,,,,,
2026-08-31 00:00:00,Long,CNTY,1.21,-4.72%,1.07,mfa,参数二,"{""mfa"": {""mfa_all"": 16}}",CENTURY CASINOS INC,1WK,,,,,,
2026-08-31 00:00:00,Short,MTH,67.33,-5.25%,75.83,utb,参数二,"{""utb"": {""key_value"": 3, ""atr_period"": 14, ""use_ha"": false}, ""r&s"": {""srb_left"": 15, ""srb_right"": 15}, ""atr"": {""atr_length"": 14, ""atr_mult"": 1.0}}",MERITAGE HOMES CORP,1WK,,,,,,
2026-08-31 00:00:00,Short,FVN,10.29,-4.81%,13.39,utb,参数二,"{""utb"": {""key_value"": 3, ""atr_period"": 14, ""use_ha"": false}, ""r&s"": {""srb_left"": 15, ""srb_right"": 15}, ""atr"": {""atr_length"": 14, ""atr_mult"": 1.0}}",FUTURE VISION II ACQUISITION,1WK,,,,,,
2026-08-31 00:00:00,Long,DSX,3.01,8.27%,2.46,sqz,参数二,"{""sqz"": {""bb_length"": 20, ""bb_mult"": 1.8, ""kc_length"": 20, ""kc_mult"": 1.5, ""min_sqz_bars"": 4}, ""r&s"": {""srb_left"": 15, ""srb_right"": 15}, ""atr"": {""atr_length"": 14, ""atr_mult"": 1.0}}",DIANA SHIPPING INC,1WK,一直释放,nan-3.95-2.94-2.9,低-低-低,nan%-25.65%-1.44%,16.0,45.37
2026-08-31 00:00:00,Short,BRTX,0.15,-25.67%,0.3,utb,参数一,"{""utb"": {""key_value"": 2, ""atr_period"": 14, ""use_ha"": false}, ""r&s"": {""srb_left"": 10, ""srb_right"": 10}, ""atr"": {""atr_length"": 14, ""atr_mult"": 1.0}}",BIORESTORATIVE THERAPIES INC,1WK,,,,,,
2026-08-31 00:00:00,Short,BRTX,0.15,-25.67%,0.3,sqz,参数一,"{""sqz"": {""bb_length"": 15, ""bb_mult"": 1.5, ""kc_length"": 15, ""kc_mult"": 1.2, ""min_sqz_bars"": 4}, ""r&s"": {""srb_left"": 10, ""srb_right"": 10}, ""atr"": {""atr_length"": 14, ""atr_mult"": 1.0}}",BIORESTORATIVE THERAPIES INC,1WK,一直亮红,1.03-1.21-1.35-0.19-0.16,高-高-低-低,17.48%-11.57%-85.93%-16.16%,15.0,326.87
2026-08-31 00:00:00,Long,OTF,11.38,0.00%,10.49,mfa,参数一,"{""mfa"": {""mfa_all"": 31}}",BLUE OWL TECHNOLOGY FINANCE,1WK,,,,,,
2026-08-31 00:00:00,Long,OTF,11.38,0.00%,10.49,mfa,参数二,"{""mfa"": {""mfa_all"": 31}}",BLUE OWL TECHNOLOGY FINANCE,1WK,,,,,,
2026-08-31 00:00:00,Short,SXI,275.78,-7.59%,324.43,utb,参数一,"{""utb"": {""key_value"": 2, ""atr_period"": 14, ""use_ha"": false}, ""r&s"": {""srb_left"": 10, ""srb_right"": 10}, ""atr"": {""atr_length"": 14, ""atr_mult"": 1.0}}",STANDEX INTERNATIONAL CORP,1WK,,,,,,
2026-08-31 00:00:00,Long,VZ,50.14,0.08%,47.5,sqz,参数二,"{""sqz"": {""bb_length"": 20, ""bb_mult"": 1.8, ""kc_length"": 20, ""kc_mult"": 1.5, ""min_sqz_bars"": 4}, ""r&s"": {""srb_left"": 15, ""srb_right"": 15}, ""atr"": {""atr_length"": 14, ""atr_mult"": 1.0}}",VERIZON COMMUNICATIONS INC,1WK,压力释放,nan-42.94-42.82-50.06,低-低-高,nan%-0.26%-16.90%,23.0,24.91
2026-08-31 00:00:00,Short,DFTX,38.09,-7.05%,46.05,utb,参数一,"{""utb"": {""key_value"": 2, ""atr_period"": 14, ""use_ha"": false}, ""r&s"": {""srb_left"": 10, ""srb_right"": 10}, ""atr"": {""atr_length"": 14, ""atr_mult"": 1.0}}",DEFINIUM THERAPEUTICS INC,1WK,,,,,,
2026-08-31 00:00:00,Short,ACIC,9.54,0.42%,10.34,sqz,参数一,"{""sqz"": {""bb_length"": 15, ""bb_mult"": 1.5, ""kc_length"": 15, ""kc_mult"": 1.2, ""min_sqz_bars"": 4}, ""r&s"": {""srb_left"": 10, ""srb_right"": 10}, ""atr"": {""atr_length"": 14, ""atr_mult"": 1.0}}",AMERICAN COASTAL INSURANCE C,1WK,支撑释放,9.14-7.99-9.38-10.31-9.8,低-高-高-低,12.59%-17.40%-9.94%-4.95%,17.0,21.73
2026-08-31 00:00:00,Long,NBRG,10.07,0.10%,10.01,utb,参数二,"{""utb"": {""key_value"": 3, ""atr_period"": 14, ""use_ha"": false}, ""r&s"": {""srb_left"": 15, ""srb_right"": 15}, ""atr"": {""atr_length"": 14, ""atr_mult"": 1.0}}",NEWBRIDGE ACQUISITION LTD-A,1WK,,,,,,
2026-08-31 00:00:00,Long,STEM,5.57,2.39%,3.84,mfa,参数一,"{""mfa"": {""mfa_all"": 27}}",STEM INC,1WK,,,,,,
2026-08-31 00:00:00,Long,STEM,5.57,2.39%,3.84,mfa,参数二,"{""mfa"": {""mfa_all"": 27}}",STEM INC,1WK,,,,,,
2026-08-31 00:00:00,Long,COIN,184.64,3.36%,146.0,mfa,参数一,"{""mfa"": {""mfa_all"": 11}}",COINBASE GLOBAL INC -CLASS A,1WK,,,,,,
2026-08-31 00:00:00,Long,COIN,184.64,3.36%,146.0,mfa,参数二,"{""mfa"": {""mfa_all"": 11}}",COINBASE GLOBAL INC -CLASS A,1WK,,,,,,
2026-08-31 00:00:00,Long,NUTX,193.24,2.11%,159.22,sqz,参数一,"{""sqz"": {""bb_length"": 15, ""bb_mult"": 1.5, ""kc_length"": 15, ""kc_mult"": 1.2, ""min_sqz_bars"": 4}, ""r&s"": {""srb_left"": 10, ""srb_right"": 10}, ""atr"": {""atr_length"": 14, ""atr_mult"": 1.0}}",NUTEX HEALTH INC,1WK,一直亮绿,nan-184.27-193.07,低-高,nan%-4.77%,35.0,129.87
2026-08-31 00:00:00,Long,PAX,11.14,-1.76%,10.1,mfa,参数一,"{""mfa"": {""mfa_all"": 27}}",PATRIA INVESTMENTS LTD-A,1WK,,,,,,
2026-08-31 00:00:00,Long,PAX,11.14,-1.76%,10.1,mfa,参数二,"{""mfa"": {""mfa_all"": 27}}",PATRIA INVESTMENTS LTD-A,1WK,,,,,,
2026-08-31 00:00:00,Long,HAFN,9.22,8.85%,7.76,utb,参数二,"{""utb"": {""key_value"": 3, ""atr_period"": 14, ""use_ha"": false}, ""r&s"": {""srb_left"": 15, ""srb_right"": 15}, ""atr"": {""atr_length"": 14, ""atr_mult"": 1.0}}",HAFNIA LTD,1WK,,,,,,
2026-08-31 00:00:00,Long,SMPL,11.45,4.76%,9.41,mfa,参数一,"{""mfa"": {""mfa_all"": 65}}",SIMPLY GOOD FOODS CO/THE,1WK,,,,,,
2026-08-31 00:00:00,Long,SMPL,11.45,4.76%,9.41,mfa,参数二,"{""mfa"": {""mfa_all"": 65}}",SIMPLY GOOD FOODS CO/THE,1WK,,,,,,
2026-08-31 00:00:00,Long,SIEB,2.53,15.53%,1.87,sqz,参数一,"{""sqz"": {""bb_length"": 15, ""bb_mult"": 1.5, ""kc_length"": 15, ""kc_mult"": 1.2, ""min_sqz_bars"": 4}, ""r&s"": {""srb_left"": 10, ""srb_right"": 10}, ""atr"": {""atr_length"": 14, ""atr_mult"": 1.0}}",SIEBERT FINANCIAL CORP,1WK,压力释放,2.54-3.34-5.77-4.14-2.35,高-高-低-低,31.50%-72.75%-28.25%-43.24%,13.0,53.59
2026-08-31 00:00:00,Long,SIEB,2.53,15.53%,1.87,utb,参数二,"{""utb"": {""key_value"": 3, ""atr_period"": 14, ""use_ha"": false}, ""r&s"": {""srb_left"": 15, ""srb_right"": 15}, ""atr"": {""atr_length"": 14, ""atr_mult"": 1.0}}",SIEBERT FINANCIAL CORP,1WK,,,,,,
2026-08-31 00:00:00,Long,NVCT,24.49,3.20%,19.45,utb,参数一,"{""utb"": {""key_value"": 2, ""atr_period"": 14, ""use_ha"": false}, ""r&s"": {""srb_left"": 10, ""srb_right"": 10}, ""atr"": {""atr_length"": 14, ""atr_mult"": 1.0}}",NUVECTIS PHARMA INC,1WK,,,,,,
2026-08-31 00:00:00,Long,FIVE,252.2,4.26%,218.35,sqz,参数一,"{""sqz"": {""bb_length"": 15, ""bb_mult"": 1.5, ""kc_length"": 15, ""kc_mult"": 1.2, ""min_sqz_bars"": 4}, ""r&s"": {""srb_left"": 10, ""srb_right"": 10}, ""atr"": {""atr_length"": 14, ""atr_mult"": 1.0}}",FIVE BELOW,1WK,一直亮绿,220.19-209.12-216.18-122.0-251.63,低-高-低-高,5.03%-3.38%-43.57%-106.25%,19.0,45.37
2026-08-31 00:00:00,Short,MLTX,15.01,0.13%,17.62,sqz,参数一,"{""sqz"": {""bb_length"": 15, ""bb_mult"": 1.5, ""kc_length"": 15, ""kc_mult"": 1.2, ""min_sqz_bars"": 4}, ""r&s"": {""srb_left"": 10, ""srb_right"": 10}, ""atr"": {""atr_length"": 14, ""atr_mult"": 1.0}}",MOONLAKE IMMUNOTHERAPEUTICS,1WK,支撑释放,35.11-37.55-31.42-5.95-15.76,高-低-低-高,6.95%-16.32%-81.06%-164.87%,15.0,47.78
2026-08-31 00:00:00,Short,NIVF,1.14,-9.95%,100.34,sqz,参数二,"{""sqz"": {""bb_length"": 20, ""bb_mult"": 1.8, ""kc_length"": 20, ""kc_mult"": 1.5, ""min_sqz_bars"": 4}, ""r&s"": {""srb_left"": 15, ""srb_right"": 15}, ""atr"": {""atr_length"": 14, ""atr_mult"": 1.0}}",NEWGENIVF GROUP LTD-A,1WK,一直释放,nan-272430.0-17145.0-2943.0,低-低-低,nan%-93.71%-82.83%,82.0,2548.62
2026-08-31 00:00:00,Long,NX,22.93,18.07%,15.19,sqz,参数二,"{""sqz"": {""bb_length"": 20, ""bb_mult"": 1.8, ""kc_length"": 20, ""kc_mult"": 1.5, ""min_sqz_bars"": 4}, ""r&s"": {""srb_left"": 15, ""srb_right"": 15}, ""atr"": {""atr_length"": 14, ""atr_mult"": 1.0}}",QUANEX BUILDING PRODUCTS,1WK,压力释放,nan-37.91-31.26-22.37-22.77,低-低-低-高,nan%-17.55%-28.44%-1.78%,28.0,48.43
2026-08-31 00:00:00,Long,AMPY,4.9,2.94%,4.22,mfa,参数一,"{""mfa"": {""mfa_all"": 12}}",AMPLIFY ENERGY CORP,1WK,,,,,,
2026-08-31 00:00:00,Long,AMPY,4.9,2.94%,4.22,mfa,参数二,"{""mfa"": {""mfa_all"": 12}}",AMPLIFY ENERGY CORP,1WK,,,,,,
2026-08-31 00:00:00,Short,BBGI,17.39,-10.59%,24.3,utb,参数一,"{""utb"": {""key_value"": 2, ""atr_period"": 14, ""use_ha"": false}, ""r&s"": {""srb_left"": 10, ""srb_right"": 10}, ""atr"": {""atr_length"": 14, ""atr_mult"": 1.0}}",BEASLEY BROADCAST GRP INC -A,1WK,,,,,,
2026-08-31 00:00:00,Short,TNL,66.33,-6.85%,75.14,utb,参数一,"{""utb"": {""key_value"": 2, ""atr_period"": 14, ""use_ha"": false}, ""r&s"": {""srb_left"": 10, ""srb_right"": 10}, ""atr"": {""atr_length"": 14, ""atr_mult"": 1.0}}",TRAVEL + LEISURE CO,1WK,,,,,,
2026-08-31 00:00:00,Long,PLG,1.51,0.67%,1.17,mfa,参数一,"{""mfa"": {""mfa_all"": 16}}",PLATINUM GROUP METALS LTD,1WK,,,,,,
2026-08-31 00:00:00,Long,PLG,1.51,0.67%,1.17,mfa,参数二,"{""mfa"": {""mfa_all"": 16}}",PLATINUM GROUP METALS LTD,1WK,,,,,,
2026-08-31 00:00:00,Short,UHAL,67.19,-2.04%,72.25,utb,参数一,"{""utb"": {""key_value"": 2, ""atr_period"": 14, ""use_ha"": false}, ""r&s"": {""srb_left"": 10, ""srb_right"": 10}, ""atr"": {""atr_length"": 14, ""atr_mult"": 1.0}}",U-HAUL HOLDING CO,1WK,,,,,,
2026-08-31 00:00:00,Short,AAL,13.13,-3.74%,14.92,utb,参数二,"{""utb"": {""key_value"": 3, ""atr_period"": 14, ""use_ha"": false}, ""r&s"": {""srb_left"": 15, ""srb_right"": 15}, ""atr"": {""atr_length"": 14, ""atr_mult"": 1.0}}",AMERICAN AIRLINES GROUP INC,1WK,,,,,,
2026-08-31 00:00:00,Long,RGC,6.89,25.27%,1.18,mfa,参数一,"{""mfa"": {""mfa_all"": 11}}",REGENCELL BIOSCIENCE HOLDING,1WK,,,,,,
2026-08-31 00:00:00,Long,RGC,6.89,25.27%,1.18,mfa,参数二,"{""mfa"": {""mfa_all"": 11}}",REGENCELL BIOSCIENCE HOLDING,1WK,,,,,,
2026-08-31 00:00:00,Short,AON,323.09,-9.09%,362.9,utb,参数一,"{""utb"": {""key_value"": 2, ""atr_period"": 14, ""use_ha"": false}, ""r&s"": {""srb_left"": 10, ""srb_right"": 10}, ""atr"": {""atr_length"": 14, ""atr_mult"": 1.0}}",AON PLC-CLASS A,1WK,,,,,,
2026-08-31 00:00:00,Long,AGRO,11.77,9.59%,9.72,utb,参数一,"{""utb"": {""key_value"": 2, ""atr_period"": 14, ""use_ha"": false}, ""r&s"": {""srb_left"": 10, ""srb_right"": 10}, ""atr"": {""atr_length"": 14, ""atr_mult"": 1.0}}",ADECOAGRO SA,1WK,,,,,,
2026-08-31 00:00:00,Long,OMEX,0.82,-0.98%,0.59,mfa,参数一,"{""mfa"": {""mfa_all"": 10}}",ODYSSEY MARINE EXPLORATION,1WK,,,,,,
2026-08-31 00:00:00,Long,OMEX,0.82,-0.98%,0.59,mfa,参数二,"{""mfa"": {""mfa_all"": 10}}",ODYSSEY MARINE EXPLORATION,1WK,,,,,,
2026-08-31 00:00:00,Short,CDNS,292.7,-14.01%,372.13,utb,参数二,"{""utb"": {""key_value"": 3, ""atr_period"": 14, ""use_ha"": false}, ""r&s"": {""srb_left"": 15, ""srb_right"": 15}, ""atr"": {""atr_length"": 14, ""atr_mult"": 1.0}}",CADENCE DESIGN SYS INC,1WK,,,,,,
2026-08-31 00:00:00,Short,DY,300.23,2.00%,350.47,sqz,参数二,"{""sqz"": {""bb_length"": 20, ""bb_mult"": 1.8, ""kc_length"": 20, ""kc_mult"": 1.5, ""min_sqz_bars"": 4}, ""r&s"": {""srb_left"": 15, ""srb_right"": 15}, ""atr"": {""atr_length"": 14, ""atr_mult"": 1.0}}",DYCOM INDUSTRIES INC,1WK,支撑释放,nan-78.42-131.37-323.79,低-高-高,nan%-67.52%-146.47%,22.0,74.95
2026-08-31 00:00:00,Long,TITN,26.22,46.81%,16.42,utb,参数一,"{""utb"": {""key_value"": 2, ""atr_period"": 14, ""use_ha"": false}, ""r&s"": {""srb_left"": 10, ""srb_right"": 10}, ""atr"": {""atr_length"": 14, ""atr_mult"": 1.0}}",TITAN MACHINERY INC,1WK,,,,,,
2026-08-31 00:00:00,Short,HLIO,71.62,-2.00%,79.33,utb,参数二,"{""utb"": {""key_value"": 3, ""atr_period"": 14, ""use_ha"": false}, ""r&s"": {""srb_left"": 15, ""srb_right"": 15}, ""atr"": {""atr_length"": 14, ""atr_mult"": 1.0}}",HELIOS TECHNOLOGIES INC,1WK,,,,,,
2026-08-31 00:00:00,Long,ARTW,3.32,15.28%,2.09,sqz,参数一,"{""sqz"": {""bb_length"": 15, ""bb_mult"": 1.5, ""kc_length"": 15, ""kc_mult"": 1.2, ""min_sqz_bars"": 4}, ""r&s"": {""srb_left"": 10, ""srb_right"": 10}, ""atr"": {""atr_length"": 14, ""atr_mult"": 1.0}}",ART'S-WAY MANUFACTURING CO,1WK,压力释放,2.29-4.15-4.71-2.99-3.18,高-高-低-高,81.22%-13.49%-36.52%-6.35%,19.0,53.62
2026-08-31 00:00:00,Long,INO,1.43,10.85%,0.98,utb,参数二,"{""utb"": {""key_value"": 3, ""atr_period"": 14, ""use_ha"": false}, ""r&s"": {""srb_left"": 15, ""srb_right"": 15}, ""atr"": {""atr_length"": 14, ""atr_mult"": 1.0}}",INOVIO PHARMACEUTICALS INC,1WK,,,,,,
2026-08-31 00:00:00,Long,LMNR,14.99,8.78%,12.81,utb,参数二,"{""utb"": {""key_value"": 3, ""atr_period"": 14, ""use_ha"": false}, ""r&s"": {""srb_left"": 15, ""srb_right"": 15}, ""atr"": {""atr_length"": 14, ""atr_mult"": 1.0}}",LIMONEIRA CO,1WK,,,,,,
2026-08-31 00:00:00,Long,BRR,2.66,19.82%,1.61,utb,参数一,"{""utb"": {""key_value"": 2, ""atr_period"": 14, ""use_ha"": false}, ""r&s"": {""srb_left"": 10, ""srb_right"": 10}, ""atr"": {""atr_length"": 14, ""atr_mult"": 1.0}}",PROCAP FINANCIAL INC,1WK,,,,,,
2026-08-31 00:00:00,Long,GNE,15.51,4.37%,13.65,utb,参数一,"{""utb"": {""key_value"": 2, ""atr_period"": 14, ""use_ha"": false}, ""r&s"": {""srb_left"": 10, ""srb_right"": 10}, ""atr"": {""atr_length"": 14, ""atr_mult"": 1.0}}",GENIE ENERGY LTD-B,1WK,,,,,,
2026-08-31 00:00:00,Long,USBC,0.49,16.67%,0.29,mfa,参数一,"{""mfa"": {""mfa_all"": 33}}",USBC INC,1WK,,,,,,
2026-08-31 00:00:00,Long,USBC,0.49,16.67%,0.29,mfa,参数二,"{""mfa"": {""mfa_all"": 33}}",USBC INC,1WK,,,,,,
2026-08-31 00:00:00,Short,WH,71.8,-5.55%,80.53,utb,参数二,"{""utb"": {""key_value"": 3, ""atr_period"": 14, ""use_ha"": false}, ""r&s"": {""srb_left"": 15, ""srb_right"": 15}, ""atr"": {""atr_length"": 14, ""atr_mult"": 1.0}}",WYNDHAM HOTELS & RESORTS INC,1WK,,,,,,
2026-08-31 00:00:00,Short,SCHL,35.66,-7.88%,42.15,utb,参数二,"{""utb"": {""key_value"": 3, ""atr_period"": 14, ""use_ha"": false}, ""r&s"": {""srb_left"": 15, ""srb_right"": 15}, ""atr"": {""atr_length"": 14, ""atr_mult"": 1.0}}",SCHOLASTIC CORP,1WK,,,,,,
2026-08-31 00:00:00,Short,TOL,141.73,-3.07%,154.98,utb,参数一,"{""utb"": {""key_value"": 2, ""atr_period"": 14, ""use_ha"": false}, ""r&s"": {""srb_left"": 10, ""srb_right"": 10}, ""atr"": {""atr_length"": 14, ""atr_mult"": 1.0}}",TOLL BROTHERS INC,1WK,,,,,,
2026-08-31 00:00:00,Long,BMRN,66.53,2.88%,60.41,sqz,参数二,"{""sqz"": {""bb_length"": 20, ""bb_mult"": 1.8, ""kc_length"": 20, ""kc_mult"": 1.5, ""min_sqz_bars"": 4}, ""r&s"": {""srb_left"": 15, ""srb_right"": 15}, ""atr"": {""atr_length"": 14, ""atr_mult"": 1.0}}",BIOMARIN PHARMACEUTICAL INC,1WK,一直亮绿,nan-99.56-94.85-73.51-66.28,低-低-低-低,nan%-4.73%-22.50%-9.84%,27.0,34.55
2026-08-31 00:00:00,Long,DERM,7.86,5.22%,6.34,utb,参数二,"{""utb"": {""key_value"": 3, ""atr_period"": 14, ""use_ha"": false}, ""r&s"": {""srb_left"": 15, ""srb_right"": 15}, ""atr"": {""atr_length"": 14, ""atr_mult"": 1.0}}",JOURNEY MEDICAL CORP,1WK,,,,,,
2026-08-31 00:00:00,Long,BTBD,1.82,22.97%,1.17,utb,参数一,"{""utb"": {""key_value"": 2, ""atr_period"": 14, ""use_ha"": false}, ""r&s"": {""srb_left"": 10, ""srb_right"": 10}, ""atr"": {""atr_length"": 14, ""atr_mult"": 1.0}}",BT BRANDS INC,1WK,,,,,,
2026-08-31 00:00:00,Short,GWRE,162.42,-21.10%,230.08,utb,参数一,"{""utb"": {""key_value"": 2, ""atr_period"": 14, ""use_ha"": false}, ""r&s"": {""srb_left"": 10, ""srb_right"": 10}, ""atr"": {""atr_length"": 14, ""atr_mult"": 1.0}}",GUIDEWIRE SOFTWARE INC,1WK,,,,,,
2026-08-31 00:00:00,Long,CWBC,26.61,3.06%,24.16,sqz,参数二,"{""sqz"": {""bb_length"": 20, ""bb_mult"": 1.8, ""kc_length"": 20, ""kc_mult"": 1.5, ""min_sqz_bars"": 4}, ""r&s"": {""srb_left"": 15, ""srb_right"": 15}, ""atr"": {""atr_length"": 14, ""atr_mult"": 1.0}}",COMMUNITY WEST BANCSHARES,1WK,一直释放,nan-23.75-23.08-22.0-25.47,低-低-低-高,nan%-2.82%-4.65%-15.75%,30.0,16.91
2026-08-31 00:00:00,Long,PURR,12.18,4.91%,9.22,sqz,参数一,"{""sqz"": {""bb_length"": 15, ""bb_mult"": 1.5, ""kc_length"": 15, ""kc_mult"": 1.2, ""min_sqz_bars"": 4}, ""r&s"": {""srb_left"": 10, ""srb_right"": 10}, ""atr"": {""atr_length"": 14, ""atr_mult"": 1.0}}",HYPERLIQUID STRATEGIES,1WK,压力释放,nan-11.62,低,nan%,13.0,100.34
2026-08-31 00:00:00,Short,HGV,42.05,-4.02%,47.35,utb,参数二,"{""utb"": {""key_value"": 3, ""atr_period"": 14, ""use_ha"": false}, ""r&s"": {""srb_left"": 15, ""srb_right"": 15}, ""atr"": {""atr_length"": 14, ""atr_mult"": 1.0}}",HILTON GRAND VACATIONS INC,1WK,,,,,,
2026-08-31 00:00:00,Short,TPR,122.14,-2.30%,136.81,sqz,参数一,"{""sqz"": {""bb_length"": 15, ""bb_mult"": 1.5, ""kc_length"": 15, ""kc_mult"": 1.2, ""min_sqz_bars"": 4}, ""r&s"": {""srb_left"": 10, ""srb_right"": 10}, ""atr"": {""atr_length"": 14, ""atr_mult"": 1.0}}",TAPESTRY INC,1WK,支撑释放,35.76-33.87-57.18-91.82-127.49,低-高-高-高,5.29%-68.81%-60.59%-38.85%,16.0,28.78
2026-08-31 00:00:00,Long,OLLI,76.57,5.72%,61.96,mfa,参数一,"{""mfa"": {""mfa_all"": 27}}",OLLIE'S BARGAIN OUTLET HOLDI,1WK,,,,,,
2026-08-31 00:00:00,Long,OLLI,76.57,5.72%,61.96,mfa,参数二,"{""mfa"": {""mfa_all"": 27}}",OLLIE'S BARGAIN OUTLET HOLDI,1WK,,,,,,
2026-08-31 00:00:00,Long,GSUN,0.26,-4.56%,-0.0,mfa,参数一,"{""mfa"": {""mfa_all"": 63}}",GOLDEN SUN TECHNOLOGY GRO-A,1WK,,,,,,
2026-08-31 00:00:00,Long,GSUN,0.26,-4.56%,-0.0,mfa,参数二,"{""mfa"": {""mfa_all"": 63}}",GOLDEN SUN TECHNOLOGY GRO-A,1WK,,,,,,
2026-08-31 00:00:00,Long,FBLG,1.81,25.69%,0.72,mfa,参数一,"{""mfa"": {""mfa_all"": 82}}",FIBROBIOLOGICS INC,1WK,,,,,,
2026-08-31 00:00:00,Long,FBLG,1.81,25.69%,0.72,mfa,参数二,"{""mfa"": {""mfa_all"": 82}}",FIBROBIOLOGICS INC,1WK,,,,,,
2026-08-31 00:00:00,Long,DSS,0.83,52.57%,0.29,utb,参数一,"{""utb"": {""key_value"": 2, ""atr_period"": 14, ""use_ha"": false}, ""r&s"": {""srb_left"": 10, ""srb_right"": 10}, ""atr"": {""atr_length"": 14, ""atr_mult"": 1.0}}",DSS INC,1WK,,,,,,
2026-08-31 00:00:00,Long,CION,7.34,-0.54%,6.81,mfa,参数一,"{""mfa"": {""mfa_all"": 11}}",CION INVESTMENT CORP,1WK,,,,,,
2026-08-31 00:00:00,Long,CION,7.34,-0.54%,6.81,mfa,参数二,"{""mfa"": {""mfa_all"": 11}}",CION INVESTMENT CORP,1WK,,,,,,
2026-08-31 00:00:00,Long,RR,1.75,-4.37%,1.26,mfa,参数一,"{""mfa"": {""mfa_all"": 23}}",RICHTECH ROBOTICS INC-CL B,1WK,,,,,,
2026-08-31 00:00:00,Long,RR,1.75,-4.37%,1.26,mfa,参数二,"{""mfa"": {""mfa_all"": 23}}",RICHTECH ROBOTICS INC-CL B,1WK,,,,,,
2026-08-31 00:00:00,Long,NNE,17.72,-1.39%,12.89,mfa,参数一,"{""mfa"": {""mfa_all"": 10}}",NANO NUCLEAR ENERGY INC,1WK,,,,,,
2026-08-31 00:00:00,Long,NNE,17.72,-1.39%,12.89,mfa,参数二,"{""mfa"": {""mfa_all"": 10}}",NANO NUCLEAR ENERGY INC,1WK,,,,,,
2026-08-31 00:00:00,Long,DH,1.05,30.92%,0.6,utb,参数一,"{""utb"": {""key_value"": 2, ""atr_period"": 14, ""use_ha"": false}, ""r&s"": {""srb_left"": 10, ""srb_right"": 10}, ""atr"": {""atr_length"": 14, ""atr_mult"": 1.0}}",DEFINITIVE HEALTHCARE CORP,1WK,,,,,,
2026-08-31 00:00:00,Short,CCHH,1.25,3.31%,4.74,sqz,参数二,"{""sqz"": {""bb_length"": 20, ""bb_mult"": 1.8, ""kc_length"": 20, ""kc_mult"": 1.5, ""min_sqz_bars"": 4}, ""r&s"": {""srb_left"": 15, ""srb_right"": 15}, ""atr"": {""atr_length"": 14, ""atr_mult"": 1.0}}",CCH HOLDINGS LTD-A,1WK,一直释放,nan-3.6,低,nan%,30.0,397.22
2026-08-31 00:00:00,Long,EFX,177.05,-8.64%,151.75,mfa,参数一,"{""mfa"": {""mfa_all"": 32}}",EQUIFAX INC,1WK,,,,,,
2026-08-31 00:00:00,Long,EFX,177.05,-8.64%,151.75,mfa,参数二,"{""mfa"": {""mfa_all"": 32}}",EQUIFAX INC,1WK,,,,,,
2026-08-31 00:00:00,Short,ADTN,7.1,-8.03%,9.49,sqz,参数一,"{""sqz"": {""bb_length"": 15, ""bb_mult"": 1.5, ""kc_length"": 15, ""kc_mult"": 1.2, ""min_sqz_bars"": 4}, ""r&s"": {""srb_left"": 10, ""srb_right"": 10}, ""atr"": {""atr_length"": 14, ""atr_mult"": 1.0}}",ADTRAN HOLDINGS INC,1WK,一直亮红,4.91-4.34-4.62-6.93-7.11,低-高-高-高,11.61%-6.45%-50.00%-2.60%,41.0,181.01
2026-08-31 00:00:00,Short,ADTN,7.1,-8.03%,9.49,sqz,参数二,"{""sqz"": {""bb_length"": 20, ""bb_mult"": 1.8, ""kc_length"": 20, ""kc_mult"": 1.5, ""min_sqz_bars"": 4}, ""r&s"": {""srb_left"": 15, ""srb_right"": 15}, ""atr"": {""atr_length"": 14, ""atr_mult"": 1.0}}",ADTRAN HOLDINGS INC,1WK,一直亮红,nan-4.91-4.34-6.93-7.11,低-低-高-高,nan%-11.61%-59.68%-2.60%,41.0,181.01
2026-08-31 00:00:00,Long,BLCO,18.04,5.19%,15.96,utb,参数二,"{""utb"": {""key_value"": 3, ""atr_period"": 14, ""use_ha"": false}, ""r&s"": {""srb_left"": 15, ""srb_right"": 15}, ""atr"": {""atr_length"": 14, ""atr_mult"": 1.0}}",BAUSCH + LOMB CORP,1WK,,,,,,
2026-08-31 00:00:00,Long,VGNT,50.22,4.45%,40.19,utb,参数一,"{""utb"": {""key_value"": 2, ""atr_period"": 14, ""use_ha"": false}, ""r&s"": {""srb_left"": 10, ""srb_right"": 10}, ""atr"": {""atr_length"": 14, ""atr_mult"": 1.0}}",VERSIGENT PLC,1WK,,,,,,
2026-08-31 00:00:00,Long,BSIN,1.54,5.48%,1.25,sqz,参数一,"{""sqz"": {""bb_length"": 15, ""bb_mult"": 1.5, ""kc_length"": 15, ""kc_mult"": 1.2, ""min_sqz_bars"": 4}, ""r&s"": {""srb_left"": 10, ""srb_right"": 10}, ""atr"": {""atr_length"": 14, ""atr_mult"": 1.0}}",BIG SKY INDUSTRIAL INC,1WK,一直亮绿,1.67-6.4-2.75-1.37-1.52,高-低-低-高,283.23%-57.03%-50.18%-10.95%,26.0,130.3
2026-08-31 00:00:00,Long,BSIN,1.54,5.48%,1.25,sqz,参数二,"{""sqz"": {""bb_length"": 20, ""bb_mult"": 1.8, ""kc_length"": 20, ""kc_mult"": 1.5, ""min_sqz_bars"": 4}, ""r&s"": {""srb_left"": 15, ""srb_right"": 15}, ""atr"": {""atr_length"": 14, ""atr_mult"": 1.0}}",BIG SKY INDUSTRIAL INC,1WK,一直亮绿,1.76-1.67-6.4-2.75-1.52,低-高-低-低,5.11%-283.23%-57.03%-44.73%,26.0,130.3
2026-08-31 00:00:00,Long,CMDB,23.95,16.72%,17.94,sqz,参数一,"{""sqz"": {""bb_length"": 15, ""bb_mult"": 1.5, ""kc_length"": 15, ""kc_mult"": 1.2, ""min_sqz_bars"": 4}, ""r&s"": {""srb_left"": 10, ""srb_right"": 10}, ""atr"": {""atr_length"": 14, ""atr_mult"": 1.0}}",COSTAMARE BULKERS HOLDING,1WK,压力释放,nan-19.92,低,nan%,29.0,33.9
2026-08-31 00:00:00,Long,CMDB,23.95,16.72%,17.94,sqz,参数二,"{""sqz"": {""bb_length"": 20, ""bb_mult"": 1.8, ""kc_length"": 20, ""kc_mult"": 1.5, ""min_sqz_bars"": 4}, ""r&s"": {""srb_left"": 15, ""srb_right"": 15}, ""atr"": {""atr_length"": 14, ""atr_mult"": 1.0}}",COSTAMARE BULKERS HOLDING,1WK,压力释放,nan-19.92,低,nan%,29.0,33.9
2026-08-31 00:00:00,Long,GORO,4.15,13.70%,2.68,utb,参数一,"{""utb"": {""key_value"": 2, ""atr_period"": 14, ""use_ha"": false}, ""r&s"": {""srb_left"": 10, ""srb_right"": 10}, ""atr"": {""atr_length"": 14, ""atr_mult"": 1.0}}",GOLDGROUP MINING INC,1WK,,,,,,
2026-08-31 00:00:00,Short,WLYB,48.68,-10.15%,57.01,utb,参数一,"{""utb"": {""key_value"": 2, ""atr_period"": 14, ""use_ha"": false}, ""r&s"": {""srb_left"": 10, ""srb_right"": 10}, ""atr"": {""atr_length"": 14, ""atr_mult"": 1.0}}",WILEY (JOHN) & SONS-CL B,1WK,,,,,,
2026-08-31 00:00:00,Long,GLDG,1.08,-0.92%,0.88,mfa,参数一,"{""mfa"": {""mfa_all"": 16}}",GOLDMINING INC,1WK,,,,,,
2026-08-31 00:00:00,Long,GLDG,1.08,-0.92%,0.88,mfa,参数二,"{""mfa"": {""mfa_all"": 16}}",GOLDMINING INC,1WK,,,,,,
2026-08-31 00:00:00,Short,BIRK,34.0,-4.63%,40.39,utb,参数二,"{""utb"": {""key_value"": 3, ""atr_period"": 14, ""use_ha"": false}, ""r&s"": {""srb_left"": 15, ""srb_right"": 15}, ""atr"": {""atr_length"": 14, ""atr_mult"": 1.0}}",BIRKENSTOCK HOLDING PLC,1WK,,,,,,
2026-08-31 00:00:00,Long,OLED,82.33,-0.78%,73.78,mfa,参数一,"{""mfa"": {""mfa_all"": 29}}",UNIVERSAL DISPLAY CORP,1WK,,,,,,
2026-08-31 00:00:00,Long,OLED,82.33,-0.78%,73.78,mfa,参数二,"{""mfa"": {""mfa_all"": 29}}",UNIVERSAL DISPLAY CORP,1WK,,,,,,
2026-08-31 00:00:00,Long,YSXT,1.56,50.00%,0.73,utb,参数一,"{""utb"": {""key_value"": 2, ""atr_period"": 14, ""use_ha"": false}, ""r&s"": {""srb_left"": 10, ""srb_right"": 10}, ""atr"": {""atr_length"": 14, ""atr_mult"": 1.0}}",YSX TECH CO LTD,1WK,,,,,,
2026-08-31 00:00:00,Short,FUL,53.89,-4.37%,60.9,utb,参数一,"{""utb"": {""key_value"": 2, ""atr_period"": 14, ""use_ha"": false}, ""r&s"": {""srb_left"": 10, ""srb_right"": 10}, ""atr"": {""atr_length"": 14, ""atr_mult"": 1.0}}",H.B. FULLER CO.,1WK,,,,,,
2026-08-31 00:00:00,Long,CHCI,21.15,5.49%,17.37,sqz,参数一,"{""sqz"": {""bb_length"": 15, ""bb_mult"": 1.5, ""kc_length"": 15, ""kc_mult"": 1.2, ""min_sqz_bars"": 4}, ""r&s"": {""srb_left"": 10, ""srb_right"": 10}, ""atr"": {""atr_length"": 14, ""atr_mult"": 1.0}}",COMSTOCK HOLDING COMPANIES,1WK,压力释放,4.95-8.56-14.48-18.99-19.72,高-高-高-高,72.93%-69.16%-31.15%-3.84%,22.0,48.94
2026-08-31 00:00:00,Long,EML,27.94,6.16%,24.22,utb,参数一,"{""utb"": {""key_value"": 2, ""atr_period"": 14, ""use_ha"": false}, ""r&s"": {""srb_left"": 10, ""srb_right"": 10}, ""atr"": {""atr_length"": 14, ""atr_mult"": 1.0}}",EASTERN CO/THE,1WK,,,,,,
2026-08-31 00:00:00,Short,HLMN,7.68,-1.16%,8.62,utb,参数一,"{""utb"": {""key_value"": 2, ""atr_period"": 14, ""use_ha"": false}, ""r&s"": {""srb_left"": 10, ""srb_right"": 10}, ""atr"": {""atr_length"": 14, ""atr_mult"": 1.0}}",HILLMAN SOLUTIONS CORP,1WK,,,,,,
2026-08-31 00:00:00,Short,POR,48.76,-1.69%,51.5,utb,参数一,"{""utb"": {""key_value"": 2, ""atr_period"": 14, ""use_ha"": false}, ""r&s"": {""srb_left"": 10, ""srb_right"": 10}, ""atr"": {""atr_length"": 14, ""atr_mult"": 1.0}}",PORTLAND GENERAL ELECTRIC CO,1WK,,,,,,
2026-08-31 00:00:00,Long,CNX,37.49,3.56%,34.15,utb,参数一,"{""utb"": {""key_value"": 2, ""atr_period"": 14, ""use_ha"": false}, ""r&s"": {""srb_left"": 10, ""srb_right"": 10}, ""atr"": {""atr_length"": 14, ""atr_mult"": 1.0}}",CNX RESOURCES CORP,1WK,,,,,,
2026-08-31 00:00:00,Short,SDHC,11.21,-9.16%,14.56,utb,参数一,"{""utb"": {""key_value"": 2, ""atr_period"": 14, ""use_ha"": false}, ""r&s"": {""srb_left"": 10, ""srb_right"": 10}, ""atr"": {""atr_length"": 14, ""atr_mult"": 1.0}}",SMITH DOUGLAS HOMES CORP,1WK,,,,,,
2026-08-31 00:00:00,Long,AOUT,14.48,39.50%,8.25,utb,参数一,"{""utb"": {""key_value"": 2, ""atr_period"": 14, ""use_ha"": false}, ""r&s"": {""srb_left"": 10, ""srb_right"": 10}, ""atr"": {""atr_length"": 14, ""atr_mult"": 1.0}}",AMERICAN OUTDOOR BRANDS INC,1WK,,,,,,
2026-08-31 00:00:00,Long,AOUT,14.48,39.50%,8.25,sqz,参数一,"{""sqz"": {""bb_length"": 15, ""bb_mult"": 1.5, ""kc_length"": 15, ""kc_mult"": 1.2, ""min_sqz_bars"": 4}, ""r&s"": {""srb_left"": 10, ""srb_right"": 10}, ""atr"": {""atr_length"": 14, ""atr_mult"": 1.0}}",AMERICAN OUTDOOR BRANDS INC,1WK,一直释放,9.54-9.9-17.91-13.46-9.99,高-高-低-低,3.81%-80.89%-24.85%-25.76%,33.0,28.9
2026-08-31 00:00:00,Long,AOUT,14.48,39.50%,8.25,utb,参数二,"{""utb"": {""key_value"": 3, ""atr_period"": 14, ""use_ha"": false}, ""r&s"": {""srb_left"": 15, ""srb_right"": 15}, ""atr"": {""atr_length"": 14, ""atr_mult"": 1.0}}",AMERICAN OUTDOOR BRANDS INC,1WK,,,,,,
2026-08-31 00:00:00,Long,AOUT,14.48,39.50%,8.25,sqz,参数二,"{""sqz"": {""bb_length"": 20, ""bb_mult"": 1.8, ""kc_length"": 20, ""kc_mult"": 1.5, ""min_sqz_bars"": 4}, ""r&s"": {""srb_left"": 15, ""srb_right"": 15}, ""atr"": {""atr_length"": 14, ""atr_mult"": 1.0}}",AMERICAN OUTDOOR BRANDS INC,1WK,一直释放,nan-10.35-9.9-17.91-9.99,低-低-高-低,nan%-4.35%-80.89%-44.21%,33.0,28.9
2026-08-31 00:00:00,Short,PSQL,7.96,-58.35%,26.84,utb,参数一,"{""utb"": {""key_value"": 2, ""atr_period"": 14, ""use_ha"": false}, ""r&s"": {""srb_left"": 10, ""srb_right"": 10}, ""atr"": {""atr_length"": 14, ""atr_mult"": 1.0}}",PASQAL HOLDING SA,1WK,,,,,,
2026-08-31 00:00:00,Short,PSQL,7.96,-58.35%,26.84,utb,参数二,"{""utb"": {""key_value"": 3, ""atr_period"": 14, ""use_ha"": false}, ""r&s"": {""srb_left"": 15, ""srb_right"": 15}, ""atr"": {""atr_length"": 14, ""atr_mult"": 1.0}}",PASQAL HOLDING SA,1WK,,,,,,
2026-08-31 00:00:00,Short,CNTB,1.84,-17.49%,3.39,utb,参数二,"{""utb"": {""key_value"": 3, ""atr_period"": 14, ""use_ha"": false}, ""r&s"": {""srb_left"": 15, ""srb_right"": 15}, ""atr"": {""atr_length"": 14, ""atr_mult"": 1.0}}",CONNECT BIOPHARMA HOLDINGS L,1WK,,,,,,
2026-08-31 00:00:00,Short,LTRN,1.9,-7.97%,2.72,utb,参数二,"{""utb"": {""key_value"": 3, ""atr_period"": 14, ""use_ha"": false}, ""r&s"": {""srb_left"": 15, ""srb_right"": 15}, ""atr"": {""atr_length"": 14, ""atr_mult"": 1.0}}",LANTERN PHARMA INC,1WK,,,,,,
2026-08-31 00:00:00,Short,VSXY,75.56,-13.99%,96.73,utb,参数一,"{""utb"": {""key_value"": 2, ""atr_period"": 14, ""use_ha"": false}, ""r&s"": {""srb_left"": 10, ""srb_right"": 10}, ""atr"": {""atr_length"": 14, ""atr_mult"": 1.0}}",VICTORIA'S SECRET & CO,1WK,,,,,,
2026-08-31 00:00:00,Short,XEL,75.72,-0.95%,80.0,utb,参数一,"{""utb"": {""key_value"": 2, ""atr_period"": 14, ""use_ha"": false}, ""r&s"": {""srb_left"": 10, ""srb_right"": 10}, ""atr"": {""atr_length"": 14, ""atr_mult"": 1.0}}",XCEL ENERGY INC,1WK,,,,,,
2026-08-31 00:00:00,Long,CHPT,9.89,77.56%,3.89,utb,参数一,"{""utb"": {""key_value"": 2, ""atr_period"": 14, ""use_ha"": false}, ""r&s"": {""srb_left"": 10, ""srb_right"": 10}, ""atr"": {""atr_length"": 14, ""atr_mult"": 1.0}}",CHARGEPOINT HOLDINGS INC,1WK,,,,,,
2026-08-31 00:00:00,Long,EXEL,59.01,8.37%,49.85,sqz,参数二,"{""sqz"": {""bb_length"": 20, ""bb_mult"": 1.8, ""kc_length"": 20, ""kc_mult"": 1.5, ""min_sqz_bars"": 4}, ""r&s"": {""srb_left"": 15, ""srb_right"": 15}, ""atr"": {""atr_length"": 14, ""atr_mult"": 1.0}}",EXELIXIS INC,1WK,一直释放,nan-20.56-24.34-49.62-47.24,低-高-高-低,nan%-18.39%-103.86%-4.80%,36.0,18.96
2026-08-31 00:00:00,Long,RWAY,6.65,0.91%,6.13,mfa,参数一,"{""mfa"": {""mfa_all"": 30}}",RUNWAY GROWTH FINANCE CORP,1WK,,,,,,
2026-08-31 00:00:00,Long,RWAY,6.65,0.91%,6.13,mfa,参数二,"{""mfa"": {""mfa_all"": 30}}",RUNWAY GROWTH FINANCE CORP,1WK,,,,,,
2026-08-31 00:00:00,Long,HLI,137.11,3.62%,118.52,mfa,参数一,"{""mfa"": {""mfa_all"": 32}}",HOULIHAN LOKEY INC,1WK,,,,,,
2026-08-31 00:00:00,Long,HLI,137.11,3.62%,118.52,mfa,参数二,"{""mfa"": {""mfa_all"": 32}}",HOULIHAN LOKEY INC,1WK,,,,,,
2026-08-31 00:00:00,Long,MNOV,1.63,13.19%,1.28,utb,参数一,"{""utb"": {""key_value"": 2, ""atr_period"": 14, ""use_ha"": false}, ""r&s"": {""srb_left"": 10, ""srb_right"": 10}, ""atr"": {""atr_length"": 14, ""atr_mult"": 1.0}}",MEDICINOVA INC,1WK,,,,,,
2026-08-31 00:00:00,Short,CHRW,147.64,-1.41%,165.89,sqz,参数一,"{""sqz"": {""bb_length"": 15, ""bb_mult"": 1.5, ""kc_length"": 15, ""kc_mult"": 1.2, ""min_sqz_bars"": 4}, ""r&s"": {""srb_left"": 10, ""srb_right"": 10}, ""atr"": {""atr_length"": 14, ""atr_mult"": 1.0}}",C.H. ROBINSON WORLDWIDE INC,1WK,一直亮红,73.55-61.72-82.46-147.71-149.24,低-高-高-高,16.09%-33.61%-79.11%-1.04%,16.0,40.33
2026-08-31 00:00:00,Long,GPOR,179.4,1.72%,165.18,mfa,参数一,"{""mfa"": {""mfa_all"": 15}}",GULFPORT ENERGY CORP,1WK,,,,,,
2026-08-31 00:00:00,Long,GPOR,179.4,1.72%,165.18,mfa,参数二,"{""mfa"": {""mfa_all"": 15}}",GULFPORT ENERGY CORP,1WK,,,,,,
2026-08-31 00:00:00,Short,FICO,932.26,-19.18%,1306.47,utb,参数一,"{""utb"": {""key_value"": 2, ""atr_period"": 14, ""use_ha"": false}, ""r&s"": {""srb_left"": 10, ""srb_right"": 10}, ""atr"": {""atr_length"": 14, ""atr_mult"": 1.0}}",FAIR ISAAC CORP,1WK,,,,,,
2026-08-31 00:00:00,Long,MWG,1.26,-7.96%,0.95,mfa,参数一,"{""mfa"": {""mfa_all"": 32}}",MULTI WAYS HOLDINGS LTD-CL A,1WK,,,,,,
2026-08-31 00:00:00,Long,MWG,1.26,-7.96%,0.95,mfa,参数二,"{""mfa"": {""mfa_all"": 32}}",MULTI WAYS HOLDINGS LTD-CL A,1WK,,,,,,
2026-08-31 00:00:00,Long,KMDA,8.54,3.02%,7.65,utb,参数二,"{""utb"": {""key_value"": 3, ""atr_period"": 14, ""use_ha"": false}, ""r&s"": {""srb_left"": 15, ""srb_right"": 15}, ""atr"": {""atr_length"": 14, ""atr_mult"": 1.0}}",KAMADA LTD,1WK,,,,,,
2026-08-31 00:00:00,Short,TDY,610.65,-1.82%,658.86,utb,参数一,"{""utb"": {""key_value"": 2, ""atr_period"": 14, ""use_ha"": false}, ""r&s"": {""srb_left"": 10, ""srb_right"": 10}, ""atr"": {""atr_length"": 14, ""atr_mult"": 1.0}}",TELEDYNE TECHNOLOGIES INC,1WK,,,,,,
2026-08-31 00:00:00,Long,RIBB,10.9,0.37%,10.78,utb,参数一,"{""utb"": {""key_value"": 2, ""atr_period"": 14, ""use_ha"": false}, ""r&s"": {""srb_left"": 10, ""srb_right"": 10}, ""atr"": {""atr_length"": 14, ""atr_mult"": 1.0}}",RIBBON ACQUISITION CORP,1WK,,,,,,
2026-08-31 00:00:00,Long,CCNE,34.91,3.23%,31.51,sqz,参数二,"{""sqz"": {""bb_length"": 20, ""bb_mult"": 1.8, ""kc_length"": 20, ""kc_mult"": 1.5, ""min_sqz_bars"": 4}, ""r&s"": {""srb_left"": 15, ""srb_right"": 15}, ""atr"": {""atr_length"": 14, ""atr_mult"": 1.0}}",CNB FINANCIAL CORP/PA,1WK,一直释放,nan-21.62-27.75,低-高,nan%-28.40%,95.0,49.55
2026-08-31 00:00:00,Long,CALX,35.96,-4.08%,32.06,mfa,参数一,"{""mfa"": {""mfa_all"": 32}}",CALIX INC,1WK,,,,,,
2026-08-31 00:00:00,Long,CALX,35.96,-4.08%,32.06,mfa,参数二,"{""mfa"": {""mfa_all"": 32}}",CALIX INC,1WK,,,,,,
2026-08-31 00:00:00,Long,GIFT,0.78,-5.36%,0.63,mfa,参数一,"{""mfa"": {""mfa_all"": 27}}",GIFTIFY INC,1WK,,,,,,
2026-08-31 00:00:00,Long,GIFT,0.78,-5.36%,0.63,mfa,参数二,"{""mfa"": {""mfa_all"": 27}}",GIFTIFY INC,1WK,,,,,,
2026-08-31 00:00:00,Long,JEM,4.1,-10.87%,-18.56,mfa,参数一,"{""mfa"": {""mfa_all"": 43}}",707 CAYMAN HOLDINGS LTD,1WK,,,,,,
2026-08-31 00:00:00,Long,JEM,4.1,-10.87%,-18.56,mfa,参数二,"{""mfa"": {""mfa_all"": 43}}",707 CAYMAN HOLDINGS LTD,1WK,,,,,,
2026-08-31 00:00:00,Short,KBH,52.25,-4.76%,58.64,utb,参数一,"{""utb"": {""key_value"": 2, ""atr_period"": 14, ""use_ha"": false}, ""r&s"": {""srb_left"": 10, ""srb_right"": 10}, ""atr"": {""atr_length"": 14, ""atr_mult"": 1.0}}",KB HOME,1WK,,,,,,
2026-08-31 00:00:00,Short,ODFL,185.87,-6.28%,217.97,utb,参数二,"{""utb"": {""key_value"": 3, ""atr_period"": 14, ""use_ha"": false}, ""r&s"": {""srb_left"": 15, ""srb_right"": 15}, ""atr"": {""atr_length"": 14, ""atr_mult"": 1.0}}",OLD DOMINION FREIGHT LINE,1WK,,,,,,
2026-08-31 00:00:00,Short,LMT,525.28,-6.26%,598.98,utb,参数一,"{""utb"": {""key_value"": 2, ""atr_period"": 14, ""use_ha"": false}, ""r&s"": {""srb_left"": 10, ""srb_right"": 10}, ""atr"": {""atr_length"": 14, ""atr_mult"": 1.0}}",LOCKHEED MARTIN CORP,1WK,,,,,,
2026-08-31 00:00:00,Short,CXM,5.91,-27.57%,8.98,utb,参数一,"{""utb"": {""key_value"": 2, ""atr_period"": 14, ""use_ha"": false}, ""r&s"": {""srb_left"": 10, ""srb_right"": 10}, ""atr"": {""atr_length"": 14, ""atr_mult"": 1.0}}",SPRINKLR INC-A,1WK,,,,,,
2026-08-31 00:00:00,Short,CXM,5.91,-27.57%,8.98,utb,参数二,"{""utb"": {""key_value"": 3, ""atr_period"": 14, ""use_ha"": false}, ""r&s"": {""srb_left"": 15, ""srb_right"": 15}, ""atr"": {""atr_length"": 14, ""atr_mult"": 1.0}}",SPRINKLR INC-A,1WK,,,,,,
2026-08-31 00:00:00,Long,PVLA,157.24,4.85%,125.05,sqz,参数一,"{""sqz"": {""bb_length"": 15, ""bb_mult"": 1.5, ""kc_length"": 15, ""kc_mult"": 1.2, ""min_sqz_bars"": 4}, ""r&s"": {""srb_left"": 10, ""srb_right"": 10}, ""atr"": {""atr_length"": 14, ""atr_mult"": 1.0}}",PALVELLA THERAPEUTICS INC,1WK,一直亮绿,80.8-22.32-18.68-29.27-151.18,低-低-高-高,72.38%-16.31%-56.69%-416.50%,27.0,79.87
2026-08-31 00:00:00,Short,ALMS,11.1,-50.40%,26.65,utb,参数一,"{""utb"": {""key_value"": 2, ""atr_period"": 14, ""use_ha"": false}, ""r&s"": {""srb_left"": 10, ""srb_right"": 10}, ""atr"": {""atr_length"": 14, ""atr_mult"": 1.0}}",ALUMIS INC,1WK,,,,,,
2026-08-31 00:00:00,Short,ALMS,11.1,-50.40%,26.65,utb,参数二,"{""utb"": {""key_value"": 3, ""atr_period"": 14, ""use_ha"": false}, ""r&s"": {""srb_left"": 15, ""srb_right"": 15}, ""atr"": {""atr_length"": 14, ""atr_mult"": 1.0}}",ALUMIS INC,1WK,,,,,,
2026-08-31 00:00:00,Long,PAAC,10.1,1.30%,9.92,utb,参数一,"{""utb"": {""key_value"": 2, ""atr_period"": 14, ""use_ha"": false}, ""r&s"": {""srb_left"": 10, ""srb_right"": 10}, ""atr"": {""atr_length"": 14, ""atr_mult"": 1.0}}",PROEM ACQUISITION CORP I,1WK,,,,,,
2026-08-31 00:00:00,Short,HLT,311.18,-3.32%,336.37,utb,参数一,"{""utb"": {""key_value"": 2, ""atr_period"": 14, ""use_ha"": false}, ""r&s"": {""srb_left"": 10, ""srb_right"": 10}, ""atr"": {""atr_length"": 14, ""atr_mult"": 1.0}}",HILTON WORLDWIDE HOLDINGS IN,1WK,,,,,,
2026-08-31 00:00:00,Long,TBN,39.43,6.14%,33.57,utb,参数一,"{""utb"": {""key_value"": 2, ""atr_period"": 14, ""use_ha"": false}, ""r&s"": {""srb_left"": 10, ""srb_right"": 10}, ""atr"": {""atr_length"": 14, ""atr_mult"": 1.0}}",TAMBORAN RESOURCES CORP,1WK,,,,,,
2026-08-31 00:00:00,Long,TMC,4.44,-7.69%,3.42,mfa,参数一,"{""mfa"": {""mfa_all"": 10}}",TMC THE METALS CO INC,1WK,,,,,,
2026-08-31 00:00:00,Long,TMC,4.44,-7.69%,3.42,mfa,参数二,"{""mfa"": {""mfa_all"": 10}}",TMC THE METALS CO INC,1WK,,,,,,
